bait,pair,Symbol_1,Symbol_2,Protein_1,Protein_2,Uniprot_1,Uniprot_2,Rank,iLIS,LIS,cLIS,ipTM,Confidence,pLDDT,Score,Protein_Len_A,Protein_Len_B,folder,pdb_file,pdb_rel,pae_rel
PTBP1,TLE3___TXN,TLE3,TXN,TLE3,TXN,TLE3,TXN,1,0.7223494426515924,0.6253297035950003,0.834421768707483,0.93,0.8500000000000001,63.91478905359179,5,772,105,20251104_colab_rhee_PTBP1_4,TLE3___TXN_unrelaxed_rank_001_alphafold2_multimer_v3_model_3_seed_000.pdb,20251104_colab_rhee_PTBP1_4/TLE3___TXN_unrelaxed_rank_001_alphafold2_multimer_v3_model_3_seed_000.pdb,20251104_colab_rhee_PTBP1_4/TLE3___TXN_pae.png
PTBP1,TLE3___FUBP3,TLE3,FUBP3,TLE3,FUBP3,TLE3,FUBP3,1,0.6805185744705374,0.5933402625760028,0.7805058234019502,0.49,0.474,52.05711309523809,4,772,572,20251104_colab_rhee_PTBP1_5,TLE3___FUBP3_unrelaxed_rank_001_alphafold2_multimer_v3_model_4_seed_000.pdb,20251104_colab_rhee_PTBP1_5/TLE3___FUBP3_unrelaxed_rank_001_alphafold2_multimer_v3_model_4_seed_000.pdb,20251104_colab_rhee_PTBP1_5/TLE3___FUBP3_pae.png
PTBP1,MRPL12___ANP32A,MRPL12,ANP32A,MRPL12,ANP32A,MRPL12,ANP32A,1,0.6804456118827069,0.6292786470331464,0.7357729885057471,0.62,0.606,66.0086577181208,5,198,249,20251104_colab_rhee_PTBP1_10,MRPL12___ANP32A_unrelaxed_rank_001_alphafold2_multimer_v3_model_4_seed_000.pdb,20251104_colab_rhee_PTBP1_10/MRPL12___ANP32A_unrelaxed_rank_001_alphafold2_multimer_v3_model_4_seed_000.pdb,20251104_colab_rhee_PTBP1_10/MRPL12___ANP32A_pae.png
PTBP1,SNRPC___TXN,SNRPC,TXN,SNRPC,TXN,SNRPC,TXN,1,0.6720459637639197,0.5465414303710934,0.8263706140350877,0.86,0.802,68.82606060606061,5,159,105,20251104_colab_rhee_PTBP1_6,SNRPC___TXN_unrelaxed_rank_001_alphafold2_multimer_v3_model_5_seed_000.pdb,20251104_colab_rhee_PTBP1_6/SNRPC___TXN_unrelaxed_rank_001_alphafold2_multimer_v3_model_5_seed_000.pdb,20251104_colab_rhee_PTBP1_6/SNRPC___TXN_pae.png
PTBP1,CIZ1___SAFB,CIZ1,SAFB,CIZ1,SAFB,CIZ1,SAFB,4,0.6651861205603206,0.5533781601801521,0.7995844556677889,0.24,0.238,30.40342526199669,3,898,915,20251104_colab_rhee_PTBP1_2,CIZ1___SAFB_unrelaxed_rank_004_alphafold2_multimer_v3_model_5_seed_000.pdb,20251104_colab_rhee_PTBP1_2/CIZ1___SAFB_unrelaxed_rank_004_alphafold2_multimer_v3_model_5_seed_000.pdb,20251104_colab_rhee_PTBP1_2/CIZ1___SAFB_pae.png
PTBP1,CIZ1___SAFB,CIZ1,SAFB,CIZ1,SAFB,CIZ1,SAFB,5,0.6618715272964866,0.5460125010241736,0.8023148148148148,0.24,0.236,29.51107556536128,3,898,915,20251104_colab_rhee_PTBP1_2,CIZ1___SAFB_unrelaxed_rank_005_alphafold2_multimer_v3_model_4_seed_000.pdb,20251104_colab_rhee_PTBP1_2/CIZ1___SAFB_unrelaxed_rank_005_alphafold2_multimer_v3_model_4_seed_000.pdb,20251104_colab_rhee_PTBP1_2/CIZ1___SAFB_pae.png
PTBP1,CIZ1___SAFB,CIZ1,SAFB,CIZ1,SAFB,CIZ1,SAFB,1,0.6591294559794365,0.5316305830898482,0.8172058823529411,0.25,0.246,31.56955322669608,3,898,915,20251104_colab_rhee_PTBP1_2,CIZ1___SAFB_unrelaxed_rank_001_alphafold2_multimer_v3_model_2_seed_000.pdb,20251104_colab_rhee_PTBP1_2/CIZ1___SAFB_unrelaxed_rank_001_alphafold2_multimer_v3_model_2_seed_000.pdb,20251104_colab_rhee_PTBP1_2/CIZ1___SAFB_pae.png
PTBP1,SF1___CHERP,SF1,CHERP,SF1,CHERP,SF1,CHERP,3,0.6518391071852203,0.5370019936267993,0.7912339743589744,0.21,0.228,45.66176848874598,3,639,916,20251104_colab_rhee_PTBP1_15,SF1___CHERP_unrelaxed_rank_003_alphafold2_multimer_v3_model_2_seed_000.pdb,20251104_colab_rhee_PTBP1_15/SF1___CHERP_unrelaxed_rank_003_alphafold2_multimer_v3_model_2_seed_000.pdb,20251104_colab_rhee_PTBP1_15/SF1___CHERP_pae.png
PTBP1,CIZ1___SAFB,CIZ1,SAFB,CIZ1,SAFB,CIZ1,SAFB,2,0.6506072937941193,0.523473580017597,0.8086174104983067,0.25,0.246,30.41145615002758,3,898,915,20251104_colab_rhee_PTBP1_2,CIZ1___SAFB_unrelaxed_rank_002_alphafold2_multimer_v3_model_3_seed_000.pdb,20251104_colab_rhee_PTBP1_2/CIZ1___SAFB_unrelaxed_rank_002_alphafold2_multimer_v3_model_3_seed_000.pdb,20251104_colab_rhee_PTBP1_2/CIZ1___SAFB_pae.png
PTBP1,KHSRP___SRSF11,KHSRP,SRSF11,KHSRP,SRSF11,KHSRP,SRSF11,1,0.6479174734474411,0.5495129929373419,0.7639438153310105,0.33,0.312,42.43148953974895,3,711,484,20251104_colab_rhee_PTBP1_14,KHSRP___SRSF11_unrelaxed_rank_001_alphafold2_multimer_v3_model_2_seed_000.pdb,20251104_colab_rhee_PTBP1_14/KHSRP___SRSF11_unrelaxed_rank_001_alphafold2_multimer_v3_model_2_seed_000.pdb,20251104_colab_rhee_PTBP1_14/KHSRP___SRSF11_pae.png
PTBP1,SF1___CHERP,SF1,CHERP,SF1,CHERP,SF1,CHERP,2,0.6384243578209233,0.5068172628347118,0.8042063492063491,0.21,0.226,44.04559485530547,3,639,916,20251104_colab_rhee_PTBP1_15,SF1___CHERP_unrelaxed_rank_002_alphafold2_multimer_v3_model_1_seed_000.pdb,20251104_colab_rhee_PTBP1_15/SF1___CHERP_unrelaxed_rank_002_alphafold2_multimer_v3_model_1_seed_000.pdb,20251104_colab_rhee_PTBP1_15/SF1___CHERP_pae.png
PTBP1,MATR3___CIZ1,MATR3,CIZ1,MATR3,CIZ1,MATR3,CIZ1,3,0.6366583093268267,0.4924257964799143,0.8231368172268907,0.24,0.24,33.6489111747851,3,847,898,20251104_colab_rhee_PTBP1_5,MATR3___CIZ1_unrelaxed_rank_003_alphafold2_multimer_v3_model_5_seed_000.pdb,20251104_colab_rhee_PTBP1_5/MATR3___CIZ1_unrelaxed_rank_003_alphafold2_multimer_v3_model_5_seed_000.pdb,20251104_colab_rhee_PTBP1_5/MATR3___CIZ1_pae.png
PTBP1,SFPQ___PSPC1,SFPQ,PSPC1,SFPQ,PSPC1,SFPQ,PSPC1,2,0.6349128922710994,0.5028492710128089,0.801660465690094,0.55,0.54,54.26986991869919,5,707,523,20251104_colab_rhee_PTBP1_14,SFPQ___PSPC1_unrelaxed_rank_002_alphafold2_multimer_v3_model_5_seed_000.pdb,20251104_colab_rhee_PTBP1_14/SFPQ___PSPC1_unrelaxed_rank_002_alphafold2_multimer_v3_model_5_seed_000.pdb,20251104_colab_rhee_PTBP1_14/SFPQ___PSPC1_pae.png
PTBP1,SF1___CHERP,SF1,CHERP,SF1,CHERP,SF1,CHERP,1,0.6335396301025181,0.5186792164674635,0.7738356389986825,0.22,0.234,45.12021864951768,3,639,916,20251104_colab_rhee_PTBP1_15,SF1___CHERP_unrelaxed_rank_001_alphafold2_multimer_v3_model_5_seed_000.pdb,20251104_colab_rhee_PTBP1_15/SF1___CHERP_unrelaxed_rank_001_alphafold2_multimer_v3_model_5_seed_000.pdb,20251104_colab_rhee_PTBP1_15/SF1___CHERP_pae.png
PTBP1,SFPQ___NONO,SFPQ,NONO,SFPQ,NONO,SFPQ,NONO,4,0.6307269426956671,0.5027623424933109,0.7912614820540504,0.59,0.572,55.89853989813243,5,707,471,20251104_colab_rhee_PTBP1_20,SFPQ___NONO_unrelaxed_rank_004_alphafold2_multimer_v3_model_4_seed_000.pdb,20251104_colab_rhee_PTBP1_20/SFPQ___NONO_unrelaxed_rank_004_alphafold2_multimer_v3_model_4_seed_000.pdb,20251104_colab_rhee_PTBP1_20/SFPQ___NONO_pae.png
PTBP1,CIZ1___SAFB,CIZ1,SAFB,CIZ1,SAFB,CIZ1,SAFB,3,0.6304443449564834,0.5141262722455529,0.7730787037037037,0.25,0.246,29.30592939878654,3,898,915,20251104_colab_rhee_PTBP1_2,CIZ1___SAFB_unrelaxed_rank_003_alphafold2_multimer_v3_model_1_seed_000.pdb,20251104_colab_rhee_PTBP1_2/CIZ1___SAFB_unrelaxed_rank_003_alphafold2_multimer_v3_model_1_seed_000.pdb,20251104_colab_rhee_PTBP1_2/CIZ1___SAFB_pae.png
PTBP1,MATR3___CIZ1,MATR3,CIZ1,MATR3,CIZ1,MATR3,CIZ1,2,0.6296685119857791,0.5030736377382731,0.7881200787401574,0.24,0.24,36.10799426934098,3,847,898,20251104_colab_rhee_PTBP1_5,MATR3___CIZ1_unrelaxed_rank_002_alphafold2_multimer_v3_model_2_seed_000.pdb,20251104_colab_rhee_PTBP1_5/MATR3___CIZ1_unrelaxed_rank_002_alphafold2_multimer_v3_model_2_seed_000.pdb,20251104_colab_rhee_PTBP1_5/MATR3___CIZ1_pae.png
PTBP1,RPS12___GFP,RPS12,GFP,RPS12,GFP,RPS12,GFP,1,0.6289500283275301,0.4944662343040754,0.8000104166666666,0.79,0.8060000000000002,90.88810810810811,5,132,238,20251104_colab_rhee_PTBP1_18,RPS12___GFP_unrelaxed_rank_001_alphafold2_multimer_v3_model_3_seed_000.pdb,20251104_colab_rhee_PTBP1_18/RPS12___GFP_unrelaxed_rank_001_alphafold2_multimer_v3_model_3_seed_000.pdb,20251104_colab_rhee_PTBP1_18/RPS12___GFP_pae.png
PTBP1,NONO___PSPC1,NONO,PSPC1,NONO,PSPC1,NONO,PSPC1,2,0.6281164132348109,0.5027320290085926,0.784772415143298,0.58,0.576,63.76419517102616,5,471,523,20251104_colab_rhee_PTBP1_16,NONO___PSPC1_unrelaxed_rank_002_alphafold2_multimer_v3_model_4_seed_000.pdb,20251104_colab_rhee_PTBP1_16/NONO___PSPC1_unrelaxed_rank_002_alphafold2_multimer_v3_model_4_seed_000.pdb,20251104_colab_rhee_PTBP1_16/NONO___PSPC1_pae.png
PTBP1,SFPQ___NONO,SFPQ,NONO,SFPQ,NONO,SFPQ,NONO,3,0.6279153453739826,0.4891794146499625,0.8059981044751391,0.59,0.574,55.4546519524618,5,707,471,20251104_colab_rhee_PTBP1_20,SFPQ___NONO_unrelaxed_rank_003_alphafold2_multimer_v3_model_5_seed_000.pdb,20251104_colab_rhee_PTBP1_20/SFPQ___NONO_unrelaxed_rank_003_alphafold2_multimer_v3_model_5_seed_000.pdb,20251104_colab_rhee_PTBP1_20/SFPQ___NONO_pae.png
PTBP1,NONO___PSPC1,NONO,PSPC1,NONO,PSPC1,NONO,PSPC1,1,0.6272226882258738,0.5039702348664542,0.7806181266430148,0.58,0.578,63.38097585513079,5,471,523,20251104_colab_rhee_PTBP1_16,NONO___PSPC1_unrelaxed_rank_001_alphafold2_multimer_v3_model_5_seed_000.pdb,20251104_colab_rhee_PTBP1_16/NONO___PSPC1_unrelaxed_rank_001_alphafold2_multimer_v3_model_5_seed_000.pdb,20251104_colab_rhee_PTBP1_16/NONO___PSPC1_pae.png
PTBP1,SFPQ___PSPC1,SFPQ,PSPC1,SFPQ,PSPC1,SFPQ,PSPC1,4,0.626786181383453,0.4955776800812984,0.7927332746478873,0.54,0.53,54.22062601626016,5,707,523,20251104_colab_rhee_PTBP1_14,SFPQ___PSPC1_unrelaxed_rank_004_alphafold2_multimer_v3_model_4_seed_000.pdb,20251104_colab_rhee_PTBP1_14/SFPQ___PSPC1_unrelaxed_rank_004_alphafold2_multimer_v3_model_4_seed_000.pdb,20251104_colab_rhee_PTBP1_14/SFPQ___PSPC1_pae.png
PTBP1,CDC37___SRSF11,CDC37,SRSF11,CDC37,SRSF11,CDC37,SRSF11,1,0.6226241767637567,0.4825207016425218,0.8034077380952381,0.5,0.48,52.0322041763341,4,378,484,20251104_colab_rhee_PTBP1_19,CDC37___SRSF11_unrelaxed_rank_001_alphafold2_multimer_v3_model_4_seed_000.pdb,20251104_colab_rhee_PTBP1_19/CDC37___SRSF11_unrelaxed_rank_001_alphafold2_multimer_v3_model_4_seed_000.pdb,20251104_colab_rhee_PTBP1_19/CDC37___SRSF11_pae.png
PTBP1,SNRPC___RAVER1,SNRPC,RAVER1,SNRPC,RAVER1,SNRPC,RAVER1,1,0.6181256564193464,0.4767977233376467,0.8013446969696969,0.48,0.486,54.80137254901961,4,159,606,20251104_colab_rhee_PTBP1_13,SNRPC___RAVER1_unrelaxed_rank_001_alphafold2_multimer_v3_model_4_seed_000.pdb,20251104_colab_rhee_PTBP1_13/SNRPC___RAVER1_unrelaxed_rank_001_alphafold2_multimer_v3_model_4_seed_000.pdb,20251104_colab_rhee_PTBP1_13/SNRPC___RAVER1_pae.png
PTBP1,MATR3___CIZ1,MATR3,CIZ1,MATR3,CIZ1,MATR3,CIZ1,4,0.6181245599669187,0.4725543740067998,0.808537583505256,0.23,0.23,32.20348997134671,3,847,898,20251104_colab_rhee_PTBP1_5,MATR3___CIZ1_unrelaxed_rank_004_alphafold2_multimer_v3_model_4_seed_000.pdb,20251104_colab_rhee_PTBP1_5/MATR3___CIZ1_unrelaxed_rank_004_alphafold2_multimer_v3_model_4_seed_000.pdb,20251104_colab_rhee_PTBP1_5/MATR3___CIZ1_pae.png
PTBP1,SFPQ___NONO,SFPQ,NONO,SFPQ,NONO,SFPQ,NONO,1,0.6148988311822301,0.4793804888945534,0.788727495900321,0.59,0.574,56.71836162988115,5,707,471,20251104_colab_rhee_PTBP1_20,SFPQ___NONO_unrelaxed_rank_001_alphafold2_multimer_v3_model_1_seed_000.pdb,20251104_colab_rhee_PTBP1_20/SFPQ___NONO_unrelaxed_rank_001_alphafold2_multimer_v3_model_1_seed_000.pdb,20251104_colab_rhee_PTBP1_20/SFPQ___NONO_pae.png
PTBP1,SFPQ___PSPC1,SFPQ,PSPC1,SFPQ,PSPC1,SFPQ,PSPC1,1,0.6096793719972049,0.4766806836332455,0.7797860274214429,0.55,0.54,55.13374796747968,5,707,523,20251104_colab_rhee_PTBP1_14,SFPQ___PSPC1_unrelaxed_rank_001_alphafold2_multimer_v3_model_1_seed_000.pdb,20251104_colab_rhee_PTBP1_14/SFPQ___PSPC1_unrelaxed_rank_001_alphafold2_multimer_v3_model_1_seed_000.pdb,20251104_colab_rhee_PTBP1_14/SFPQ___PSPC1_pae.png
PTBP1,KHSRP___ANP32A,KHSRP,ANP32A,KHSRP,ANP32A,KHSRP,ANP32A,1,0.6089472347345973,0.5311567147775114,0.6981305599162742,0.61,0.554,49.5939375,5,711,249,20251104_colab_rhee_PTBP1_5,KHSRP___ANP32A_unrelaxed_rank_001_alphafold2_multimer_v3_model_5_seed_000.pdb,20251104_colab_rhee_PTBP1_5/KHSRP___ANP32A_unrelaxed_rank_001_alphafold2_multimer_v3_model_5_seed_000.pdb,20251104_colab_rhee_PTBP1_5/KHSRP___ANP32A_pae.png
PTBP1,AGAP3___SRSF11,AGAP3,SRSF11,AGAP3,SRSF11,AGAP3,SRSF11,1,0.6050787881746033,0.4844869257879095,0.7556867283950617,0.37,0.368,51.06682119205298,3,875,484,20251104_colab_rhee_PTBP1_12,AGAP3___SRSF11_unrelaxed_rank_001_alphafold2_multimer_v3_model_5_seed_000.pdb,20251104_colab_rhee_PTBP1_12/AGAP3___SRSF11_unrelaxed_rank_001_alphafold2_multimer_v3_model_5_seed_000.pdb,20251104_colab_rhee_PTBP1_12/AGAP3___SRSF11_pae.png
PTBP1,TXN___SAFB,TXN,SAFB,TXN,SAFB,TXN,SAFB,1,0.6043390656977514,0.5108230446217434,0.714975,0.86,0.7440000000000001,40.73605882352941,5,105,915,20251104_colab_rhee_PTBP1_5,TXN___SAFB_unrelaxed_rank_001_alphafold2_multimer_v3_model_4_seed_000.pdb,20251104_colab_rhee_PTBP1_5/TXN___SAFB_unrelaxed_rank_001_alphafold2_multimer_v3_model_4_seed_000.pdb,20251104_colab_rhee_PTBP1_5/TXN___SAFB_pae.png
PTBP1,SNRPC___RAVER1,SNRPC,RAVER1,SNRPC,RAVER1,SNRPC,RAVER1,2,0.601329060409639,0.4593704965387994,0.787156862745098,0.46,0.4680000000000001,53.50295424836601,3,159,606,20251104_colab_rhee_PTBP1_13,SNRPC___RAVER1_unrelaxed_rank_002_alphafold2_multimer_v3_model_5_seed_000.pdb,20251104_colab_rhee_PTBP1_13/SNRPC___RAVER1_unrelaxed_rank_002_alphafold2_multimer_v3_model_5_seed_000.pdb,20251104_colab_rhee_PTBP1_13/SNRPC___RAVER1_pae.png
PTBP1,SNRPC___TXN,SNRPC,TXN,SNRPC,TXN,SNRPC,TXN,2,0.6011583375173237,0.4747024311436447,0.76130081300813,0.81,0.7600000000000001,69.2891287878788,5,159,105,20251104_colab_rhee_PTBP1_6,SNRPC___TXN_unrelaxed_rank_002_alphafold2_multimer_v3_model_2_seed_000.pdb,20251104_colab_rhee_PTBP1_6/SNRPC___TXN_unrelaxed_rank_002_alphafold2_multimer_v3_model_2_seed_000.pdb,20251104_colab_rhee_PTBP1_6/SNRPC___TXN_pae.png
PTBP1,NONO___PSPC1,NONO,PSPC1,NONO,PSPC1,NONO,PSPC1,4,0.5960470051079234,0.4591151239503397,0.7738190570619341,0.57,0.568,64.08437625754527,5,471,523,20251104_colab_rhee_PTBP1_16,NONO___PSPC1_unrelaxed_rank_004_alphafold2_multimer_v3_model_1_seed_000.pdb,20251104_colab_rhee_PTBP1_16/NONO___PSPC1_unrelaxed_rank_004_alphafold2_multimer_v3_model_1_seed_000.pdb,20251104_colab_rhee_PTBP1_16/NONO___PSPC1_pae.png
PTBP1,SMAP___TLE3,SMAP,TLE3,SMAP,TLE3,SMAP,TLE3,1,0.5959815414669029,0.5434236078703902,0.6536226851851853,0.45,0.446,51.65722513089005,3,183,772,20251104_colab_rhee_PTBP1_19,SMAP___TLE3_unrelaxed_rank_001_alphafold2_multimer_v3_model_4_seed_000.pdb,20251104_colab_rhee_PTBP1_19/SMAP___TLE3_unrelaxed_rank_001_alphafold2_multimer_v3_model_4_seed_000.pdb,20251104_colab_rhee_PTBP1_19/SMAP___TLE3_pae.png
PTBP1,FUBP1___TLE3,FUBP1,TLE3,FUBP1,TLE3,FUBP1,TLE3,1,0.5958685427362618,0.4795889513367918,0.7403409090909091,0.46,0.446,49.20518361581921,3,644,772,20251104_colab_rhee_PTBP1_14,FUBP1___TLE3_unrelaxed_rank_001_alphafold2_multimer_v3_model_4_seed_000.pdb,20251104_colab_rhee_PTBP1_14/FUBP1___TLE3_unrelaxed_rank_001_alphafold2_multimer_v3_model_4_seed_000.pdb,20251104_colab_rhee_PTBP1_14/FUBP1___TLE3_pae.png
PTBP1,SFPQ___NONO,SFPQ,NONO,SFPQ,NONO,SFPQ,NONO,2,0.5935948347578971,0.4551534167703664,0.7741451890034364,0.59,0.574,56.14095076400679,5,707,471,20251104_colab_rhee_PTBP1_20,SFPQ___NONO_unrelaxed_rank_002_alphafold2_multimer_v3_model_3_seed_000.pdb,20251104_colab_rhee_PTBP1_20/SFPQ___NONO_unrelaxed_rank_002_alphafold2_multimer_v3_model_3_seed_000.pdb,20251104_colab_rhee_PTBP1_20/SFPQ___NONO_pae.png
PTBP1,NONO___PSPC1,NONO,PSPC1,NONO,PSPC1,NONO,PSPC1,3,0.5910941554469659,0.4563120716995799,0.7656871739163406,0.57,0.568,63.53696177062374,5,471,523,20251104_colab_rhee_PTBP1_16,NONO___PSPC1_unrelaxed_rank_003_alphafold2_multimer_v3_model_3_seed_000.pdb,20251104_colab_rhee_PTBP1_16/NONO___PSPC1_unrelaxed_rank_003_alphafold2_multimer_v3_model_3_seed_000.pdb,20251104_colab_rhee_PTBP1_16/NONO___PSPC1_pae.png
PTBP1,AGAP3___SRSF11,AGAP3,SRSF11,AGAP3,SRSF11,AGAP3,SRSF11,2,0.5855135818147023,0.4449989172516324,0.7703977272727274,0.35,0.35,52.096902133922,3,875,484,20251104_colab_rhee_PTBP1_12,AGAP3___SRSF11_unrelaxed_rank_002_alphafold2_multimer_v3_model_2_seed_000.pdb,20251104_colab_rhee_PTBP1_12/AGAP3___SRSF11_unrelaxed_rank_002_alphafold2_multimer_v3_model_2_seed_000.pdb,20251104_colab_rhee_PTBP1_12/AGAP3___SRSF11_pae.png
PTBP1,SF1___CHERP,SF1,CHERP,SF1,CHERP,SF1,CHERP,5,0.5852320620816119,0.4649037999038,0.7367041666666667,0.21,0.226,43.96145337620579,3,639,916,20251104_colab_rhee_PTBP1_15,SF1___CHERP_unrelaxed_rank_005_alphafold2_multimer_v3_model_4_seed_000.pdb,20251104_colab_rhee_PTBP1_15/SF1___CHERP_unrelaxed_rank_005_alphafold2_multimer_v3_model_4_seed_000.pdb,20251104_colab_rhee_PTBP1_15/SF1___CHERP_pae.png
PTBP1,SFPQ___PSPC1,SFPQ,PSPC1,SFPQ,PSPC1,SFPQ,PSPC1,3,0.5830217731110868,0.442434670472822,0.7682815353469818,0.55,0.538,54.47887804878049,5,707,523,20251104_colab_rhee_PTBP1_14,SFPQ___PSPC1_unrelaxed_rank_003_alphafold2_multimer_v3_model_3_seed_000.pdb,20251104_colab_rhee_PTBP1_14/SFPQ___PSPC1_unrelaxed_rank_003_alphafold2_multimer_v3_model_3_seed_000.pdb,20251104_colab_rhee_PTBP1_14/SFPQ___PSPC1_pae.png
PTBP1,KHSRP___SRSF11,KHSRP,SRSF11,KHSRP,SRSF11,KHSRP,SRSF11,2,0.5809255962431008,0.4873201882919233,0.6925109126984128,0.31,0.294,40.66784937238494,3,711,484,20251104_colab_rhee_PTBP1_14,KHSRP___SRSF11_unrelaxed_rank_002_alphafold2_multimer_v3_model_5_seed_000.pdb,20251104_colab_rhee_PTBP1_14/KHSRP___SRSF11_unrelaxed_rank_002_alphafold2_multimer_v3_model_5_seed_000.pdb,20251104_colab_rhee_PTBP1_14/KHSRP___SRSF11_pae.png
PTBP1,SFPQ___PSPC1,SFPQ,PSPC1,SFPQ,PSPC1,SFPQ,PSPC1,5,0.5808353986420706,0.4413127630023289,0.7644686231608321,0.53,0.52,53.72251219512195,5,707,523,20251104_colab_rhee_PTBP1_14,SFPQ___PSPC1_unrelaxed_rank_005_alphafold2_multimer_v3_model_2_seed_000.pdb,20251104_colab_rhee_PTBP1_14/SFPQ___PSPC1_unrelaxed_rank_005_alphafold2_multimer_v3_model_2_seed_000.pdb,20251104_colab_rhee_PTBP1_14/SFPQ___PSPC1_pae.png
PTBP1,CSTB___ZFR,CSTB,ZFR,CSTB,ZFR,CSTB,ZFR,1,0.5806957829418792,0.4622844209770982,0.7294375,0.87,0.78,51.95253412969284,5,98,1074,20251104_colab_rhee_PTBP1_9,CSTB___ZFR_unrelaxed_rank_001_alphafold2_multimer_v3_model_3_seed_000.pdb,20251104_colab_rhee_PTBP1_9/CSTB___ZFR_unrelaxed_rank_001_alphafold2_multimer_v3_model_3_seed_000.pdb,20251104_colab_rhee_PTBP1_9/CSTB___ZFR_pae.png
PTBP1,RBM33___GFP,RBM33,GFP,RBM33,GFP,RBM33,GFP,1,0.5794802904081979,0.4331105713239687,0.7753156565656566,0.88,0.768,34.56228693181818,5,1170,238,20251104_colab_rhee_PTBP1_8,RBM33___GFP_unrelaxed_rank_001_alphafold2_multimer_v3_model_4_seed_000.pdb,20251104_colab_rhee_PTBP1_8/RBM33___GFP_unrelaxed_rank_001_alphafold2_multimer_v3_model_4_seed_000.pdb,20251104_colab_rhee_PTBP1_8/RBM33___GFP_pae.png
PTBP1,SFPQ___NONO,SFPQ,NONO,SFPQ,NONO,SFPQ,NONO,5,0.5790833653113615,0.4432268508330185,0.7565821956636536,0.57,0.5559999999999999,55.1197623089983,5,707,471,20251104_colab_rhee_PTBP1_20,SFPQ___NONO_unrelaxed_rank_005_alphafold2_multimer_v3_model_2_seed_000.pdb,20251104_colab_rhee_PTBP1_20/SFPQ___NONO_unrelaxed_rank_005_alphafold2_multimer_v3_model_2_seed_000.pdb,20251104_colab_rhee_PTBP1_20/SFPQ___NONO_pae.png
PTBP1,ATP5PD___TLE3,ATP5PD,TLE3,ATP5PD,TLE3,ATP5PD,TLE3,2,0.5779540889177317,0.4220048794281883,0.7915333333333334,0.45,0.454,57.95448017148982,3,161,772,20251104_colab_rhee_PTBP1_4,ATP5PD___TLE3_unrelaxed_rank_002_alphafold2_multimer_v3_model_4_seed_000.pdb,20251104_colab_rhee_PTBP1_4/ATP5PD___TLE3_unrelaxed_rank_002_alphafold2_multimer_v3_model_4_seed_000.pdb,20251104_colab_rhee_PTBP1_4/ATP5PD___TLE3_pae.png
PTBP1,TXN___RAVER1,TXN,RAVER1,TXN,RAVER1,TXN,RAVER1,1,0.5761920809399993,0.4316377919181671,0.7691571969696969,0.88,0.8180000000000001,61.93535864978903,5,105,606,20251104_colab_rhee_PTBP1_5,TXN___RAVER1_unrelaxed_rank_001_alphafold2_multimer_v3_model_4_seed_000.pdb,20251104_colab_rhee_PTBP1_5/TXN___RAVER1_unrelaxed_rank_001_alphafold2_multimer_v3_model_4_seed_000.pdb,20251104_colab_rhee_PTBP1_5/TXN___RAVER1_pae.png
PTBP1,SET___SRSF11,SET,SRSF11,SET,SRSF11,SET,SRSF11,2,0.5749761026791623,0.4521446983449309,0.7311763686763686,0.58,0.5339999999999999,48.24082687338501,5,290,484,20251104_colab_rhee_PTBP1_7,SET___SRSF11_unrelaxed_rank_002_alphafold2_multimer_v3_model_4_seed_000.pdb,20251104_colab_rhee_PTBP1_7/SET___SRSF11_unrelaxed_rank_002_alphafold2_multimer_v3_model_4_seed_000.pdb,20251104_colab_rhee_PTBP1_7/SET___SRSF11_pae.png
PTBP1,MATR3___CIZ1,MATR3,CIZ1,MATR3,CIZ1,MATR3,CIZ1,1,0.5740613835029768,0.4457715972178599,0.7392720264954298,0.25,0.25,32.37443553008596,3,847,898,20251104_colab_rhee_PTBP1_5,MATR3___CIZ1_unrelaxed_rank_001_alphafold2_multimer_v3_model_3_seed_000.pdb,20251104_colab_rhee_PTBP1_5/MATR3___CIZ1_unrelaxed_rank_001_alphafold2_multimer_v3_model_3_seed_000.pdb,20251104_colab_rhee_PTBP1_5/MATR3___CIZ1_pae.png
PTBP1,ZFR___RPS12,ZFR,RPS12,ZFR,RPS12,ZFR,RPS12,1,0.5722457240548089,0.4337227162305322,0.7550104166666667,0.87,0.782,50.7510447761194,5,1074,132,20251104_colab_rhee_PTBP1_12,ZFR___RPS12_unrelaxed_rank_001_alphafold2_multimer_v3_model_4_seed_000.pdb,20251104_colab_rhee_PTBP1_12/ZFR___RPS12_unrelaxed_rank_001_alphafold2_multimer_v3_model_4_seed_000.pdb,20251104_colab_rhee_PTBP1_12/ZFR___RPS12_pae.png
PTBP1,SNRPC___RAVER1,SNRPC,RAVER1,SNRPC,RAVER1,SNRPC,RAVER1,3,0.5711160181732889,0.4320429873747613,0.7549561403508772,0.45,0.4600000000000001,53.78721568627451,3,159,606,20251104_colab_rhee_PTBP1_13,SNRPC___RAVER1_unrelaxed_rank_003_alphafold2_multimer_v3_model_3_seed_000.pdb,20251104_colab_rhee_PTBP1_13/SNRPC___RAVER1_unrelaxed_rank_003_alphafold2_multimer_v3_model_3_seed_000.pdb,20251104_colab_rhee_PTBP1_13/SNRPC___RAVER1_pae.png
PTBP1,SNRPC___RAVER1,SNRPC,RAVER1,SNRPC,RAVER1,SNRPC,RAVER1,4,0.5688245171248778,0.42272574582343,0.7654166666666666,0.45,0.4580000000000001,52.80601307189543,3,159,606,20251104_colab_rhee_PTBP1_13,SNRPC___RAVER1_unrelaxed_rank_004_alphafold2_multimer_v3_model_1_seed_000.pdb,20251104_colab_rhee_PTBP1_13/SNRPC___RAVER1_unrelaxed_rank_004_alphafold2_multimer_v3_model_1_seed_000.pdb,20251104_colab_rhee_PTBP1_13/SNRPC___RAVER1_pae.png
PTBP1,NASP___PDK1,NASP,PDK1,NASP,PDK1,NASP,PDK1,2,0.5675663811637913,0.4528024180113543,0.7114175724637681,0.34,0.352,51.94687091503268,3,788,436,20251104_colab_rhee_PTBP1_2,NASP___PDK1_unrelaxed_rank_002_alphafold2_multimer_v3_model_5_seed_000.pdb,20251104_colab_rhee_PTBP1_2/NASP___PDK1_unrelaxed_rank_002_alphafold2_multimer_v3_model_5_seed_000.pdb,20251104_colab_rhee_PTBP1_2/NASP___PDK1_pae.png
PTBP1,NASP___SRSF11,NASP,SRSF11,NASP,SRSF11,NASP,SRSF11,1,0.5668972797012725,0.4617258118134698,0.6960246048850576,0.36,0.352,37.87861635220126,3,788,484,20251104_colab_rhee_PTBP1_19,NASP___SRSF11_unrelaxed_rank_001_alphafold2_multimer_v3_model_4_seed_000.pdb,20251104_colab_rhee_PTBP1_19/NASP___SRSF11_unrelaxed_rank_001_alphafold2_multimer_v3_model_4_seed_000.pdb,20251104_colab_rhee_PTBP1_19/NASP___SRSF11_pae.png
PTBP1,SF1___CHERP,SF1,CHERP,SF1,CHERP,SF1,CHERP,4,0.5652615196106202,0.4755832188025714,0.6718500000000001,0.21,0.226,44.5688038585209,3,639,916,20251104_colab_rhee_PTBP1_15,SF1___CHERP_unrelaxed_rank_004_alphafold2_multimer_v3_model_3_seed_000.pdb,20251104_colab_rhee_PTBP1_15/SF1___CHERP_unrelaxed_rank_004_alphafold2_multimer_v3_model_3_seed_000.pdb,20251104_colab_rhee_PTBP1_15/SF1___CHERP_pae.png
PTBP1,SUGP2___DHX15,SUGP2,DHX15,SUGP2,DHX15,SUGP2,DHX15,1,0.5643410722229389,0.4122915441591032,0.7724651410139878,0.78,0.7200000000000001,54.68757059136921,5,1082,795,20251104_colab_rhee_PTBP1_10,SUGP2___DHX15_unrelaxed_rank_001_alphafold2_multimer_v3_model_5_seed_000.pdb,20251104_colab_rhee_PTBP1_10/SUGP2___DHX15_unrelaxed_rank_001_alphafold2_multimer_v3_model_5_seed_000.pdb,20251104_colab_rhee_PTBP1_10/SUGP2___DHX15_pae.png
PTBP1,NASP___PDK1,NASP,PDK1,NASP,PDK1,NASP,PDK1,1,0.5600935053769452,0.4519886270604977,0.6940544871794871,0.35,0.358,50.89811274509804,3,788,436,20251104_colab_rhee_PTBP1_2,NASP___PDK1_unrelaxed_rank_001_alphafold2_multimer_v3_model_4_seed_000.pdb,20251104_colab_rhee_PTBP1_2/NASP___PDK1_unrelaxed_rank_001_alphafold2_multimer_v3_model_4_seed_000.pdb,20251104_colab_rhee_PTBP1_2/NASP___PDK1_pae.png
PTBP1,ANP32A___CCNT1,ANP32A,CCNT1,ANP32A,CCNT1,ANP32A,CCNT1,1,0.5600258420853433,0.4462048985243242,0.7028809966914805,0.64,0.606,50.90789743589744,5,249,726,20251104_colab_rhee_PTBP1_8,ANP32A___CCNT1_unrelaxed_rank_001_alphafold2_multimer_v3_model_4_seed_000.pdb,20251104_colab_rhee_PTBP1_8/ANP32A___CCNT1_unrelaxed_rank_001_alphafold2_multimer_v3_model_4_seed_000.pdb,20251104_colab_rhee_PTBP1_8/ANP32A___CCNT1_pae.png
PTBP1,CHERP___DHX15,CHERP,DHX15,CHERP,DHX15,CHERP,DHX15,1,0.5583955091793784,0.4093681773804789,0.7616750932300631,0.77,0.7160000000000001,62.10347749853887,5,916,795,20251104_colab_rhee_PTBP1_5,CHERP___DHX15_unrelaxed_rank_001_alphafold2_multimer_v3_model_5_seed_000.pdb,20251104_colab_rhee_PTBP1_5/CHERP___DHX15_unrelaxed_rank_001_alphafold2_multimer_v3_model_5_seed_000.pdb,20251104_colab_rhee_PTBP1_5/CHERP___DHX15_pae.png
PTBP1,CHERP___DHX15,CHERP,DHX15,CHERP,DHX15,CHERP,DHX15,3,0.557111958791843,0.4053091414154788,0.7657703784941848,0.76,0.7080000000000001,61.60529514903565,5,916,795,20251104_colab_rhee_PTBP1_5,CHERP___DHX15_unrelaxed_rank_003_alphafold2_multimer_v3_model_4_seed_000.pdb,20251104_colab_rhee_PTBP1_5/CHERP___DHX15_unrelaxed_rank_003_alphafold2_multimer_v3_model_4_seed_000.pdb,20251104_colab_rhee_PTBP1_5/CHERP___DHX15_pae.png
PTBP1,TLE3___KHSRP,TLE3,KHSRP,TLE3,KHSRP,TLE3,KHSRP,1,0.5554007510227716,0.4404307867102527,0.7003824517825833,0.46,0.444,47.34861766689144,3,772,711,20251104_colab_rhee_PTBP1_5,TLE3___KHSRP_unrelaxed_rank_001_alphafold2_multimer_v3_model_4_seed_000.pdb,20251104_colab_rhee_PTBP1_5/TLE3___KHSRP_unrelaxed_rank_001_alphafold2_multimer_v3_model_4_seed_000.pdb,20251104_colab_rhee_PTBP1_5/TLE3___KHSRP_pae.png
PTBP1,ANP32A___FUBP3,ANP32A,FUBP3,ANP32A,FUBP3,ANP32A,FUBP3,1,0.5549771161916947,0.4528029274880151,0.6802067318891218,0.56,0.52,52.44012180267966,5,249,572,20251104_colab_rhee_PTBP1_1,ANP32A___FUBP3_unrelaxed_rank_001_alphafold2_multimer_v3_model_4_seed_000.pdb,20251104_colab_rhee_PTBP1_1/ANP32A___FUBP3_unrelaxed_rank_001_alphafold2_multimer_v3_model_4_seed_000.pdb,20251104_colab_rhee_PTBP1_1/ANP32A___FUBP3_pae.png
PTBP1,ANP32A___DAZAP1,ANP32A,DAZAP1,ANP32A,DAZAP1,ANP32A,DAZAP1,1,0.552712641168342,0.565861083417809,0.5398697183098593,0.61,0.574,53.38592987804878,5,249,407,20251104_colab_rhee_PTBP1_7,ANP32A___DAZAP1_unrelaxed_rank_001_alphafold2_multimer_v3_model_4_seed_000.pdb,20251104_colab_rhee_PTBP1_7/ANP32A___DAZAP1_unrelaxed_rank_001_alphafold2_multimer_v3_model_4_seed_000.pdb,20251104_colab_rhee_PTBP1_7/ANP32A___DAZAP1_pae.png
PTBP1,SF3B2___SF3A3,SF3B2,SF3A3,SF3B2,SF3A3,SF3B2,SF3A3,3,0.5509919894451647,0.3963200568436979,0.7660277777777778,0.31,0.31,52.8472994269341,3,895,501,20251104_colab_rhee_PTBP1_7,SF3B2___SF3A3_unrelaxed_rank_003_alphafold2_multimer_v3_model_5_seed_000.pdb,20251104_colab_rhee_PTBP1_7/SF3B2___SF3A3_unrelaxed_rank_003_alphafold2_multimer_v3_model_5_seed_000.pdb,20251104_colab_rhee_PTBP1_7/SF3B2___SF3A3_pae.png
PTBP1,MATR3___CIZ1,MATR3,CIZ1,MATR3,CIZ1,MATR3,CIZ1,5,0.5506658592737405,0.424300596529605,0.7146652421652422,0.23,0.23,30.86257306590258,3,847,898,20251104_colab_rhee_PTBP1_5,MATR3___CIZ1_unrelaxed_rank_005_alphafold2_multimer_v3_model_1_seed_000.pdb,20251104_colab_rhee_PTBP1_5/MATR3___CIZ1_unrelaxed_rank_005_alphafold2_multimer_v3_model_1_seed_000.pdb,20251104_colab_rhee_PTBP1_5/MATR3___CIZ1_pae.png
PTBP1,SET___SRSF11,SET,SRSF11,SET,SRSF11,SET,SRSF11,1,0.5492771713448442,0.4342459062618946,0.6947800925925925,0.59,0.5419999999999999,48.32213178294574,5,290,484,20251104_colab_rhee_PTBP1_7,SET___SRSF11_unrelaxed_rank_001_alphafold2_multimer_v3_model_5_seed_000.pdb,20251104_colab_rhee_PTBP1_7/SET___SRSF11_unrelaxed_rank_001_alphafold2_multimer_v3_model_5_seed_000.pdb,20251104_colab_rhee_PTBP1_7/SET___SRSF11_pae.png
PTBP1,NONO___PSPC1,NONO,PSPC1,NONO,PSPC1,NONO,PSPC1,5,0.5484207303768153,0.4048623020078373,0.7428829407318278,0.55,0.548,62.05430583501006,5,471,523,20251104_colab_rhee_PTBP1_16,NONO___PSPC1_unrelaxed_rank_005_alphafold2_multimer_v3_model_2_seed_000.pdb,20251104_colab_rhee_PTBP1_16/NONO___PSPC1_unrelaxed_rank_005_alphafold2_multimer_v3_model_2_seed_000.pdb,20251104_colab_rhee_PTBP1_16/NONO___PSPC1_pae.png
PTBP1,SUGP2___DHX15,SUGP2,DHX15,SUGP2,DHX15,SUGP2,DHX15,3,0.5420214424376618,0.3913802358780582,0.7506440467109803,0.77,0.7100000000000001,53.15055940330314,5,1082,795,20251104_colab_rhee_PTBP1_10,SUGP2___DHX15_unrelaxed_rank_003_alphafold2_multimer_v3_model_3_seed_000.pdb,20251104_colab_rhee_PTBP1_10/SUGP2___DHX15_unrelaxed_rank_003_alphafold2_multimer_v3_model_3_seed_000.pdb,20251104_colab_rhee_PTBP1_10/SUGP2___DHX15_pae.png
PTBP1,NASP___PPP1R10,NASP,PPP1R10,NASP,PPP1R10,NASP,PPP1R10,4,0.5362711788436009,0.4746091492298063,0.6059444444444444,0.38,0.366,34.77420717592592,3,788,940,20251104_colab_rhee_PTBP1_12,NASP___PPP1R10_unrelaxed_rank_004_alphafold2_multimer_v3_model_4_seed_000.pdb,20251104_colab_rhee_PTBP1_12/NASP___PPP1R10_unrelaxed_rank_004_alphafold2_multimer_v3_model_4_seed_000.pdb,20251104_colab_rhee_PTBP1_12/NASP___PPP1R10_pae.png
PTBP1,CHERP___DHX15,CHERP,DHX15,CHERP,DHX15,CHERP,DHX15,5,0.5359689786431575,0.379501899759144,0.7569467932837874,0.75,0.6980000000000001,61.54794856808884,5,916,795,20251104_colab_rhee_PTBP1_5,CHERP___DHX15_unrelaxed_rank_005_alphafold2_multimer_v3_model_1_seed_000.pdb,20251104_colab_rhee_PTBP1_5/CHERP___DHX15_unrelaxed_rank_005_alphafold2_multimer_v3_model_1_seed_000.pdb,20251104_colab_rhee_PTBP1_5/CHERP___DHX15_pae.png
PTBP1,CHERP___DHX15,CHERP,DHX15,CHERP,DHX15,CHERP,DHX15,2,0.535617070828083,0.3903640058558892,0.7349182871854363,0.76,0.7100000000000001,62.46908240794857,5,916,795,20251104_colab_rhee_PTBP1_5,CHERP___DHX15_unrelaxed_rank_002_alphafold2_multimer_v3_model_3_seed_000.pdb,20251104_colab_rhee_PTBP1_5/CHERP___DHX15_unrelaxed_rank_002_alphafold2_multimer_v3_model_3_seed_000.pdb,20251104_colab_rhee_PTBP1_5/CHERP___DHX15_pae.png
PTBP1,SMAP___DHX15,SMAP,DHX15,SMAP,DHX15,SMAP,DHX15,1,0.5335757530266753,0.4104316763807038,0.6936674253034547,0.7,0.71,76.62906952965236,5,183,795,20251104_colab_rhee_PTBP1_11,SMAP___DHX15_unrelaxed_rank_001_alphafold2_multimer_v3_model_4_seed_000.pdb,20251104_colab_rhee_PTBP1_11/SMAP___DHX15_unrelaxed_rank_001_alphafold2_multimer_v3_model_4_seed_000.pdb,20251104_colab_rhee_PTBP1_11/SMAP___DHX15_pae.png
PTBP1,ATP5PD___TLE3,ATP5PD,TLE3,ATP5PD,TLE3,ATP5PD,TLE3,3,0.5333362346397705,0.3830860605791778,0.7425160256410257,0.43,0.438,60.63166130760986,3,161,772,20251104_colab_rhee_PTBP1_4,ATP5PD___TLE3_unrelaxed_rank_003_alphafold2_multimer_v3_model_2_seed_000.pdb,20251104_colab_rhee_PTBP1_4/ATP5PD___TLE3_unrelaxed_rank_003_alphafold2_multimer_v3_model_2_seed_000.pdb,20251104_colab_rhee_PTBP1_4/ATP5PD___TLE3_pae.png
PTBP1,NASP___SNRPC,NASP,SNRPC,NASP,SNRPC,NASP,SNRPC,2,0.5326177607070077,0.4825629695396924,0.5878645833333334,0.42,0.414,42.16844772967265,3,788,159,20251104_colab_rhee_PTBP1_5,NASP___SNRPC_unrelaxed_rank_002_alphafold2_multimer_v3_model_5_seed_000.pdb,20251104_colab_rhee_PTBP1_5/NASP___SNRPC_unrelaxed_rank_002_alphafold2_multimer_v3_model_5_seed_000.pdb,20251104_colab_rhee_PTBP1_5/NASP___SNRPC_pae.png
PTBP1,CHERP___DHX15,CHERP,DHX15,CHERP,DHX15,CHERP,DHX15,4,0.5304637489372899,0.3762942692228407,0.7477971682049838,0.75,0.6980000000000001,62.67770309760374,5,916,795,20251104_colab_rhee_PTBP1_5,CHERP___DHX15_unrelaxed_rank_004_alphafold2_multimer_v3_model_2_seed_000.pdb,20251104_colab_rhee_PTBP1_5/CHERP___DHX15_unrelaxed_rank_004_alphafold2_multimer_v3_model_2_seed_000.pdb,20251104_colab_rhee_PTBP1_5/CHERP___DHX15_pae.png
PTBP1,SUGP2___DHX15,SUGP2,DHX15,SUGP2,DHX15,SUGP2,DHX15,4,0.5304195946603992,0.3811181576769473,0.7382092422848632,0.76,0.7020000000000001,54.86678742674481,5,1082,795,20251104_colab_rhee_PTBP1_10,SUGP2___DHX15_unrelaxed_rank_004_alphafold2_multimer_v3_model_1_seed_000.pdb,20251104_colab_rhee_PTBP1_10/SUGP2___DHX15_unrelaxed_rank_004_alphafold2_multimer_v3_model_1_seed_000.pdb,20251104_colab_rhee_PTBP1_10/SUGP2___DHX15_pae.png
PTBP1,ANP32A___CHERP,ANP32A,CHERP,ANP32A,CHERP,ANP32A,CHERP,1,0.5224911679735977,0.4730183354968386,0.5771383477633477,0.67,0.622,53.56708154506438,5,249,916,20251104_colab_rhee_PTBP1_14,ANP32A___CHERP_unrelaxed_rank_001_alphafold2_multimer_v3_model_2_seed_000.pdb,20251104_colab_rhee_PTBP1_14/ANP32A___CHERP_unrelaxed_rank_001_alphafold2_multimer_v3_model_2_seed_000.pdb,20251104_colab_rhee_PTBP1_14/ANP32A___CHERP_pae.png
PTBP1,SMAP___DHX15,SMAP,DHX15,SMAP,DHX15,SMAP,DHX15,4,0.5216170567021118,0.3881324986897247,0.7010089460714803,0.68,0.6880000000000001,75.73836400817996,5,183,795,20251104_colab_rhee_PTBP1_11,SMAP___DHX15_unrelaxed_rank_004_alphafold2_multimer_v3_model_5_seed_000.pdb,20251104_colab_rhee_PTBP1_11/SMAP___DHX15_unrelaxed_rank_004_alphafold2_multimer_v3_model_5_seed_000.pdb,20251104_colab_rhee_PTBP1_11/SMAP___DHX15_pae.png
PTBP1,SUGP2___DHX15,SUGP2,DHX15,SUGP2,DHX15,SUGP2,DHX15,5,0.5192930204795966,0.3752866307140555,0.7185580808080809,0.75,0.6940000000000001,55.52727757059137,5,1082,795,20251104_colab_rhee_PTBP1_10,SUGP2___DHX15_unrelaxed_rank_005_alphafold2_multimer_v3_model_2_seed_000.pdb,20251104_colab_rhee_PTBP1_10/SUGP2___DHX15_unrelaxed_rank_005_alphafold2_multimer_v3_model_2_seed_000.pdb,20251104_colab_rhee_PTBP1_10/SUGP2___DHX15_pae.png
PTBP1,SF3B2___SF3A3,SF3B2,SF3A3,SF3B2,SF3A3,SF3B2,SF3A3,4,0.5184490012464942,0.3578919572789423,0.7510349462365591,0.3,0.3,49.75766475644699,3,895,501,20251104_colab_rhee_PTBP1_7,SF3B2___SF3A3_unrelaxed_rank_004_alphafold2_multimer_v3_model_4_seed_000.pdb,20251104_colab_rhee_PTBP1_7/SF3B2___SF3A3_unrelaxed_rank_004_alphafold2_multimer_v3_model_4_seed_000.pdb,20251104_colab_rhee_PTBP1_7/SF3B2___SF3A3_pae.png
PTBP1,SF3B2___SF3A3,SF3B2,SF3A3,SF3B2,SF3A3,SF3B2,SF3A3,1,0.5179851949417486,0.378365710583565,0.7091252052545156,0.38,0.368,54.20238538681949,3,895,501,20251104_colab_rhee_PTBP1_7,SF3B2___SF3A3_unrelaxed_rank_001_alphafold2_multimer_v3_model_3_seed_000.pdb,20251104_colab_rhee_PTBP1_7/SF3B2___SF3A3_unrelaxed_rank_001_alphafold2_multimer_v3_model_3_seed_000.pdb,20251104_colab_rhee_PTBP1_7/SF3B2___SF3A3_pae.png
PTBP1,SUGP2___DHX15,SUGP2,DHX15,SUGP2,DHX15,SUGP2,DHX15,2,0.5164279893681462,0.391689701970795,0.680890681733347,0.77,0.7120000000000001,54.78971230687267,5,1082,795,20251104_colab_rhee_PTBP1_10,SUGP2___DHX15_unrelaxed_rank_002_alphafold2_multimer_v3_model_4_seed_000.pdb,20251104_colab_rhee_PTBP1_10/SUGP2___DHX15_unrelaxed_rank_002_alphafold2_multimer_v3_model_4_seed_000.pdb,20251104_colab_rhee_PTBP1_10/SUGP2___DHX15_pae.png
PTBP1,SET___SRSF11,SET,SRSF11,SET,SRSF11,SET,SRSF11,4,0.5144185441268718,0.3968592133772715,0.6668018018018018,0.57,0.5259999999999999,47.87706718346253,5,290,484,20251104_colab_rhee_PTBP1_7,SET___SRSF11_unrelaxed_rank_004_alphafold2_multimer_v3_model_1_seed_000.pdb,20251104_colab_rhee_PTBP1_7/SET___SRSF11_unrelaxed_rank_004_alphafold2_multimer_v3_model_1_seed_000.pdb,20251104_colab_rhee_PTBP1_7/SET___SRSF11_pae.png
PTBP1,ZFR___ZNF503,ZFR,ZNF503,ZFR,ZNF503,ZFR,ZNF503,1,0.5142186318529616,0.4429869298879189,0.5969042955999477,0.38,0.372,38.16544186046512,3,1074,646,20251104_colab_rhee_PTBP1_20,ZFR___ZNF503_unrelaxed_rank_001_alphafold2_multimer_v3_model_2_seed_000.pdb,20251104_colab_rhee_PTBP1_20/ZFR___ZNF503_unrelaxed_rank_001_alphafold2_multimer_v3_model_2_seed_000.pdb,20251104_colab_rhee_PTBP1_20/ZFR___ZNF503_pae.png
PTBP1,NASP___SMAP,NASP,SMAP,NASP,SMAP,NASP,SMAP,1,0.5111027373554206,0.4250392744432264,0.6145926361143753,0.36,0.364,40.00314109165809,3,788,183,20251104_colab_rhee_PTBP1_2,NASP___SMAP_unrelaxed_rank_001_alphafold2_multimer_v3_model_4_seed_000.pdb,20251104_colab_rhee_PTBP1_2/NASP___SMAP_unrelaxed_rank_001_alphafold2_multimer_v3_model_4_seed_000.pdb,20251104_colab_rhee_PTBP1_2/NASP___SMAP_pae.png
PTBP1,SMAP___DHX15,SMAP,DHX15,SMAP,DHX15,SMAP,DHX15,5,0.5093015011391551,0.374344498875079,0.692912597465887,0.66,0.668,75.51444785276074,5,183,795,20251104_colab_rhee_PTBP1_11,SMAP___DHX15_unrelaxed_rank_005_alphafold2_multimer_v3_model_3_seed_000.pdb,20251104_colab_rhee_PTBP1_11/SMAP___DHX15_unrelaxed_rank_005_alphafold2_multimer_v3_model_3_seed_000.pdb,20251104_colab_rhee_PTBP1_11/SMAP___DHX15_pae.png
PTBP1,SRSF11___PTBP1,SRSF11,PTBP1,SRSF11,PTBP1,SRSF11,PTBP1,1,0.5074620449108845,0.3985832676049094,0.6460826330532213,0.27,0.274,51.95490874159462,3,484,557,20251104_colab_rhee_PTBP1_7,SRSF11___PTBP1_unrelaxed_rank_001_alphafold2_multimer_v3_model_5_seed_000.pdb,20251104_colab_rhee_PTBP1_7/SRSF11___PTBP1_unrelaxed_rank_001_alphafold2_multimer_v3_model_5_seed_000.pdb,20251104_colab_rhee_PTBP1_7/SRSF11___PTBP1_pae.png
PTBP1,SMAP___DHX15,SMAP,DHX15,SMAP,DHX15,SMAP,DHX15,3,0.5050596417672798,0.3793184654591362,0.6724830583539657,0.68,0.6880000000000001,76.1215337423313,5,183,795,20251104_colab_rhee_PTBP1_11,SMAP___DHX15_unrelaxed_rank_003_alphafold2_multimer_v3_model_2_seed_000.pdb,20251104_colab_rhee_PTBP1_11/SMAP___DHX15_unrelaxed_rank_003_alphafold2_multimer_v3_model_2_seed_000.pdb,20251104_colab_rhee_PTBP1_11/SMAP___DHX15_pae.png
PTBP1,ATP5PD___TLE3,ATP5PD,TLE3,ATP5PD,TLE3,ATP5PD,TLE3,4,0.5013904024982495,0.3734056762508174,0.6732418699186992,0.41,0.42,58.4696355841372,3,161,772,20251104_colab_rhee_PTBP1_4,ATP5PD___TLE3_unrelaxed_rank_004_alphafold2_multimer_v3_model_1_seed_000.pdb,20251104_colab_rhee_PTBP1_4/ATP5PD___TLE3_unrelaxed_rank_004_alphafold2_multimer_v3_model_1_seed_000.pdb,20251104_colab_rhee_PTBP1_4/ATP5PD___TLE3_pae.png
PTBP1,NASP___PRMT1,NASP,PRMT1,NASP,PRMT1,NASP,PRMT1,1,0.501202220972547,0.4167458101524223,0.6027743055555556,0.34,0.346,51.46553062985332,3,788,371,20251104_colab_rhee_PTBP1_2,NASP___PRMT1_unrelaxed_rank_001_alphafold2_multimer_v3_model_4_seed_000.pdb,20251104_colab_rhee_PTBP1_2/NASP___PRMT1_unrelaxed_rank_001_alphafold2_multimer_v3_model_4_seed_000.pdb,20251104_colab_rhee_PTBP1_2/NASP___PRMT1_pae.png
PTBP1,PTBP3___MATR3,PTBP3,MATR3,PTBP3,MATR3,PTBP3,MATR3,1,0.4973213698697403,0.3959589810505028,0.6246317340067339,0.3,0.294,50.83659042172981,3,552,847,20251104_colab_rhee_PTBP1_13,PTBP3___MATR3_unrelaxed_rank_001_alphafold2_multimer_v3_model_5_seed_000.pdb,20251104_colab_rhee_PTBP1_13/PTBP3___MATR3_unrelaxed_rank_001_alphafold2_multimer_v3_model_5_seed_000.pdb,20251104_colab_rhee_PTBP1_13/PTBP3___MATR3_pae.png
PTBP1,PDK1___LUC7L2,PDK1,LUC7L2,PDK1,LUC7L2,PDK1,LUC7L2,1,0.495698079320381,0.3881650854175384,0.6330208333333334,0.71,0.708,71.98135265700483,5,436,392,20251104_colab_rhee_PTBP1_10,PDK1___LUC7L2_unrelaxed_rank_001_alphafold2_multimer_v3_model_4_seed_000.pdb,20251104_colab_rhee_PTBP1_10/PDK1___LUC7L2_unrelaxed_rank_001_alphafold2_multimer_v3_model_4_seed_000.pdb,20251104_colab_rhee_PTBP1_10/PDK1___LUC7L2_pae.png
PTBP1,ZNF503___CDC5L,ZNF503,CDC5L,ZNF503,CDC5L,ZNF503,CDC5L,2,0.4956633910712787,0.3695153815067421,0.6648767806267806,0.32,0.312,43.13799033149171,3,646,802,20251104_colab_rhee_PTBP1_7,ZNF503___CDC5L_unrelaxed_rank_002_alphafold2_multimer_v3_model_4_seed_000.pdb,20251104_colab_rhee_PTBP1_7/ZNF503___CDC5L_unrelaxed_rank_002_alphafold2_multimer_v3_model_4_seed_000.pdb,20251104_colab_rhee_PTBP1_7/ZNF503___CDC5L_pae.png
PTBP1,PTBP3___PCBP2,PTBP3,PCBP2,PTBP3,PCBP2,PTBP3,PCBP2,1,0.4935447683932708,0.3346100786417947,0.7279710144927536,0.45,0.434,65.68200654307525,3,552,365,20251104_colab_rhee_PTBP1_13,PTBP3___PCBP2_unrelaxed_rank_001_alphafold2_multimer_v3_model_5_seed_000.pdb,20251104_colab_rhee_PTBP1_13/PTBP3___PCBP2_unrelaxed_rank_001_alphafold2_multimer_v3_model_5_seed_000.pdb,20251104_colab_rhee_PTBP1_13/PTBP3___PCBP2_pae.png
PTBP1,CIZ1___PTBP1,CIZ1,PTBP1,CIZ1,PTBP1,CIZ1,PTBP1,1,0.4927579733248543,0.3889848102414359,0.6242156862745097,0.3,0.294,41.2953470790378,3,898,557,20251104_colab_rhee_PTBP1_2,CIZ1___PTBP1_unrelaxed_rank_001_alphafold2_multimer_v3_model_5_seed_000.pdb,20251104_colab_rhee_PTBP1_2/CIZ1___PTBP1_unrelaxed_rank_001_alphafold2_multimer_v3_model_5_seed_000.pdb,20251104_colab_rhee_PTBP1_2/CIZ1___PTBP1_pae.png
PTBP1,FAM50A___RBM33,FAM50A,RBM33,FAM50A,RBM33,FAM50A,RBM33,1,0.4927388329249223,0.3925939935583173,0.6184291187739464,0.51,0.464,33.29131212723658,4,339,1170,20251104_colab_rhee_PTBP1_20,FAM50A___RBM33_unrelaxed_rank_001_alphafold2_multimer_v3_model_1_seed_000.pdb,20251104_colab_rhee_PTBP1_20/FAM50A___RBM33_unrelaxed_rank_001_alphafold2_multimer_v3_model_1_seed_000.pdb,20251104_colab_rhee_PTBP1_20/FAM50A___RBM33_pae.png
PTBP1,SAFB___ZNF503,SAFB,ZNF503,SAFB,ZNF503,SAFB,ZNF503,1,0.4920555774001125,0.4504574909313986,0.5374950935990339,0.22,0.22,28.72956438180653,3,915,646,20251104_colab_rhee_PTBP1_6,SAFB___ZNF503_unrelaxed_rank_001_alphafold2_multimer_v3_model_4_seed_000.pdb,20251104_colab_rhee_PTBP1_6/SAFB___ZNF503_unrelaxed_rank_001_alphafold2_multimer_v3_model_4_seed_000.pdb,20251104_colab_rhee_PTBP1_6/SAFB___ZNF503_pae.png
PTBP1,PTBP3___CIZ1,PTBP3,CIZ1,PTBP3,CIZ1,PTBP3,CIZ1,1,0.4902784127008775,0.3876125410863091,0.6201371124031008,0.3,0.294,40.97148275862069,3,552,898,20251104_colab_rhee_PTBP1_9,PTBP3___CIZ1_unrelaxed_rank_001_alphafold2_multimer_v3_model_5_seed_000.pdb,20251104_colab_rhee_PTBP1_9/PTBP3___CIZ1_unrelaxed_rank_001_alphafold2_multimer_v3_model_5_seed_000.pdb,20251104_colab_rhee_PTBP1_9/PTBP3___CIZ1_pae.png
PTBP1,FUBP1___ANP32A,FUBP1,ANP32A,FUBP1,ANP32A,FUBP1,ANP32A,1,0.489831416585716,0.4047706440060585,0.5927673368298368,0.57,0.524,51.58812989921613,5,644,249,20251104_colab_rhee_PTBP1_10,FUBP1___ANP32A_unrelaxed_rank_001_alphafold2_multimer_v3_model_5_seed_000.pdb,20251104_colab_rhee_PTBP1_10/FUBP1___ANP32A_unrelaxed_rank_001_alphafold2_multimer_v3_model_5_seed_000.pdb,20251104_colab_rhee_PTBP1_10/FUBP1___ANP32A_pae.png
PTBP1,FUBP1___CDC37,FUBP1,CDC37,FUBP1,CDC37,FUBP1,CDC37,1,0.4881553387517692,0.3454653357951219,0.6897816077650571,0.5,0.47,53.37132093933464,4,644,378,20251104_colab_rhee_PTBP1_9,FUBP1___CDC37_unrelaxed_rank_001_alphafold2_multimer_v3_model_5_seed_000.pdb,20251104_colab_rhee_PTBP1_9/FUBP1___CDC37_unrelaxed_rank_001_alphafold2_multimer_v3_model_5_seed_000.pdb,20251104_colab_rhee_PTBP1_9/FUBP1___CDC37_pae.png
PTBP1,ANP32A___CHERP,ANP32A,CHERP,ANP32A,CHERP,ANP32A,CHERP,2,0.4881117453856553,0.4438872295666362,0.5367423528179343,0.65,0.604,53.07866094420601,5,249,916,20251104_colab_rhee_PTBP1_14,ANP32A___CHERP_unrelaxed_rank_002_alphafold2_multimer_v3_model_3_seed_000.pdb,20251104_colab_rhee_PTBP1_14/ANP32A___CHERP_unrelaxed_rank_002_alphafold2_multimer_v3_model_3_seed_000.pdb,20251104_colab_rhee_PTBP1_14/ANP32A___CHERP_pae.png
PTBP1,NASP___RBM4,NASP,RBM4,NASP,RBM4,NASP,RBM4,2,0.4848595536992901,0.3778537038849701,0.6221688034188034,0.33,0.332,39.56275173611111,3,788,364,20251104_colab_rhee_PTBP1_10,NASP___RBM4_unrelaxed_rank_002_alphafold2_multimer_v3_model_1_seed_000.pdb,20251104_colab_rhee_PTBP1_10/NASP___RBM4_unrelaxed_rank_002_alphafold2_multimer_v3_model_1_seed_000.pdb,20251104_colab_rhee_PTBP1_10/NASP___RBM4_pae.png
PTBP1,NASP___DAZAP1,NASP,DAZAP1,NASP,DAZAP1,NASP,DAZAP1,1,0.484290393955715,0.3836300229213205,0.611362958226769,0.31,0.314,39.14986610878661,3,788,407,20251104_colab_rhee_PTBP1_12,NASP___DAZAP1_unrelaxed_rank_001_alphafold2_multimer_v3_model_5_seed_000.pdb,20251104_colab_rhee_PTBP1_12/NASP___DAZAP1_unrelaxed_rank_001_alphafold2_multimer_v3_model_5_seed_000.pdb,20251104_colab_rhee_PTBP1_12/NASP___DAZAP1_pae.png
PTBP1,ANP32A___CHERP,ANP32A,CHERP,ANP32A,CHERP,ANP32A,CHERP,3,0.4819872588905059,0.432380190469971,0.5372857565011819,0.65,0.604,52.61181974248927,5,249,916,20251104_colab_rhee_PTBP1_14,ANP32A___CHERP_unrelaxed_rank_003_alphafold2_multimer_v3_model_1_seed_000.pdb,20251104_colab_rhee_PTBP1_14/ANP32A___CHERP_unrelaxed_rank_003_alphafold2_multimer_v3_model_1_seed_000.pdb,20251104_colab_rhee_PTBP1_14/ANP32A___CHERP_pae.png
PTBP1,NASP___RBM4,NASP,RBM4,NASP,RBM4,NASP,RBM4,1,0.481644088281135,0.3957627474808345,0.586161858974359,0.34,0.344,40.74693576388889,3,788,364,20251104_colab_rhee_PTBP1_10,NASP___RBM4_unrelaxed_rank_001_alphafold2_multimer_v3_model_2_seed_000.pdb,20251104_colab_rhee_PTBP1_10/NASP___RBM4_unrelaxed_rank_001_alphafold2_multimer_v3_model_2_seed_000.pdb,20251104_colab_rhee_PTBP1_10/NASP___RBM4_pae.png
PTBP1,SUGP2___DNAJA1,SUGP2,DNAJA1,SUGP2,DNAJA1,SUGP2,DNAJA1,1,0.4806975717533047,0.3897999389715726,0.5927916666666667,0.3,0.296,47.76868830290737,3,1082,397,20251104_colab_rhee_PTBP1_18,SUGP2___DNAJA1_unrelaxed_rank_001_alphafold2_multimer_v3_model_5_seed_000.pdb,20251104_colab_rhee_PTBP1_18/SUGP2___DNAJA1_unrelaxed_rank_001_alphafold2_multimer_v3_model_5_seed_000.pdb,20251104_colab_rhee_PTBP1_18/SUGP2___DNAJA1_pae.png
PTBP1,SUGP2___SF1,SUGP2,SF1,SUGP2,SF1,SUGP2,SF1,1,0.4800743217764127,0.3845150590681154,0.5993818681318681,0.22,0.232,39.74187681580477,3,1082,639,20251104_colab_rhee_PTBP1_2,SUGP2___SF1_unrelaxed_rank_001_alphafold2_multimer_v3_model_2_seed_000.pdb,20251104_colab_rhee_PTBP1_2/SUGP2___SF1_unrelaxed_rank_001_alphafold2_multimer_v3_model_2_seed_000.pdb,20251104_colab_rhee_PTBP1_2/SUGP2___SF1_pae.png
PTBP1,PTBP3___SRSF11,PTBP3,SRSF11,PTBP3,SRSF11,PTBP3,SRSF11,1,0.4778880443401816,0.379216484242148,0.6022337962962963,0.27,0.274,51.62508687258687,3,552,484,20251104_colab_rhee_PTBP1_15,PTBP3___SRSF11_unrelaxed_rank_001_alphafold2_multimer_v3_model_5_seed_000.pdb,20251104_colab_rhee_PTBP1_15/PTBP3___SRSF11_unrelaxed_rank_001_alphafold2_multimer_v3_model_5_seed_000.pdb,20251104_colab_rhee_PTBP1_15/PTBP3___SRSF11_pae.png
PTBP1,ZNF503___CDC5L,ZNF503,CDC5L,ZNF503,CDC5L,ZNF503,CDC5L,1,0.4773986446199464,0.3540000179221497,0.6438120179278716,0.32,0.312,44.07512430939227,3,646,802,20251104_colab_rhee_PTBP1_7,ZNF503___CDC5L_unrelaxed_rank_001_alphafold2_multimer_v3_model_5_seed_000.pdb,20251104_colab_rhee_PTBP1_7/ZNF503___CDC5L_unrelaxed_rank_001_alphafold2_multimer_v3_model_5_seed_000.pdb,20251104_colab_rhee_PTBP1_7/ZNF503___CDC5L_pae.png
PTBP1,SUGP2___SMAP,SUGP2,SMAP,SUGP2,SMAP,SUGP2,SMAP,1,0.4770550107709641,0.4350080482547629,0.523166144200627,0.28,0.276,36.68575494071146,3,1082,183,20251104_colab_rhee_PTBP1_2,SUGP2___SMAP_unrelaxed_rank_001_alphafold2_multimer_v3_model_2_seed_000.pdb,20251104_colab_rhee_PTBP1_2/SUGP2___SMAP_unrelaxed_rank_001_alphafold2_multimer_v3_model_2_seed_000.pdb,20251104_colab_rhee_PTBP1_2/SUGP2___SMAP_pae.png
PTBP1,EDC3___PDK1,EDC3,PDK1,EDC3,PDK1,EDC3,PDK1,2,0.4767295035912981,0.3987627288967115,0.5699404761904762,0.26,0.302,70.17875,3,508,436,20251104_colab_rhee_PTBP1_20,EDC3___PDK1_unrelaxed_rank_002_alphafold2_multimer_v3_model_2_seed_000.pdb,20251104_colab_rhee_PTBP1_20/EDC3___PDK1_unrelaxed_rank_002_alphafold2_multimer_v3_model_2_seed_000.pdb,20251104_colab_rhee_PTBP1_20/EDC3___PDK1_pae.png
PTBP1,EDC3___PDK1,EDC3,PDK1,EDC3,PDK1,EDC3,PDK1,4,0.4759779238157305,0.404614080295837,0.5599285714285714,0.21,0.26,68.51443855932203,3,508,436,20251104_colab_rhee_PTBP1_20,EDC3___PDK1_unrelaxed_rank_004_alphafold2_multimer_v3_model_5_seed_000.pdb,20251104_colab_rhee_PTBP1_20/EDC3___PDK1_unrelaxed_rank_004_alphafold2_multimer_v3_model_5_seed_000.pdb,20251104_colab_rhee_PTBP1_20/EDC3___PDK1_pae.png
PTBP1,SMAP___DHX15,SMAP,DHX15,SMAP,DHX15,SMAP,DHX15,2,0.4739306002293334,0.3659877448499301,0.6137096582997216,0.69,0.7,76.36547034764826,5,183,795,20251104_colab_rhee_PTBP1_11,SMAP___DHX15_unrelaxed_rank_002_alphafold2_multimer_v3_model_1_seed_000.pdb,20251104_colab_rhee_PTBP1_11/SMAP___DHX15_unrelaxed_rank_002_alphafold2_multimer_v3_model_1_seed_000.pdb,20251104_colab_rhee_PTBP1_11/SMAP___DHX15_pae.png
PTBP1,SNRPC___SUPT5H,SNRPC,SUPT5H,SNRPC,SUPT5H,SNRPC,SUPT5H,1,0.4721404416756686,0.3302468098751043,0.675,0.41,0.38,52.29991974317817,3,159,1087,20251104_colab_rhee_PTBP1_9,SNRPC___SUPT5H_unrelaxed_rank_001_alphafold2_multimer_v3_model_4_seed_000.pdb,20251104_colab_rhee_PTBP1_9/SNRPC___SUPT5H_unrelaxed_rank_001_alphafold2_multimer_v3_model_4_seed_000.pdb,20251104_colab_rhee_PTBP1_9/SNRPC___SUPT5H_pae.png
PTBP1,NASP___NCL,NASP,NCL,NASP,NCL,NASP,NCL,3,0.4709823074598737,0.3560719291224741,0.6229761904761905,0.35,0.3419999999999999,38.47112817089453,3,788,710,20251104_colab_rhee_PTBP1_3,NASP___NCL_unrelaxed_rank_003_alphafold2_multimer_v3_model_1_seed_000.pdb,20251104_colab_rhee_PTBP1_3/NASP___NCL_unrelaxed_rank_003_alphafold2_multimer_v3_model_1_seed_000.pdb,20251104_colab_rhee_PTBP1_3/NASP___NCL_pae.png
PTBP1,DDX17___U2SURP,DDX17,U2SURP,DDX17,U2SURP,DDX17,U2SURP,1,0.4679347424082512,0.3626912802827742,0.6037170868347339,0.33,0.34,49.90935722411832,3,729,1029,20251104_colab_rhee_PTBP1_13,DDX17___U2SURP_unrelaxed_rank_001_alphafold2_multimer_v3_model_4_seed_000.pdb,20251104_colab_rhee_PTBP1_13/DDX17___U2SURP_unrelaxed_rank_001_alphafold2_multimer_v3_model_4_seed_000.pdb,20251104_colab_rhee_PTBP1_13/DDX17___U2SURP_pae.png
PTBP1,MATR3___PTBP1,MATR3,PTBP1,MATR3,PTBP1,MATR3,PTBP1,1,0.4672965000599341,0.3736699349445334,0.5843820937873357,0.3,0.294,50.24422364672365,3,847,557,20251104_colab_rhee_PTBP1_2,MATR3___PTBP1_unrelaxed_rank_001_alphafold2_multimer_v3_model_5_seed_000.pdb,20251104_colab_rhee_PTBP1_2/MATR3___PTBP1_unrelaxed_rank_001_alphafold2_multimer_v3_model_5_seed_000.pdb,20251104_colab_rhee_PTBP1_2/MATR3___PTBP1_pae.png
PTBP1,NASP___NCL,NASP,NCL,NASP,NCL,NASP,NCL,2,0.4671526824889952,0.3593346430571357,0.6073214285714285,0.35,0.3419999999999999,38.96092122830441,3,788,710,20251104_colab_rhee_PTBP1_3,NASP___NCL_unrelaxed_rank_002_alphafold2_multimer_v3_model_4_seed_000.pdb,20251104_colab_rhee_PTBP1_3/NASP___NCL_unrelaxed_rank_002_alphafold2_multimer_v3_model_4_seed_000.pdb,20251104_colab_rhee_PTBP1_3/NASP___NCL_pae.png
PTBP1,SET___SRSF11,SET,SRSF11,SET,SRSF11,SET,SRSF11,3,0.467142478318016,0.3697030589329347,0.5902631578947368,0.57,0.5259999999999999,48.36434108527132,5,290,484,20251104_colab_rhee_PTBP1_7,SET___SRSF11_unrelaxed_rank_003_alphafold2_multimer_v3_model_3_seed_000.pdb,20251104_colab_rhee_PTBP1_7/SET___SRSF11_unrelaxed_rank_003_alphafold2_multimer_v3_model_3_seed_000.pdb,20251104_colab_rhee_PTBP1_7/SET___SRSF11_pae.png
PTBP1,NASP___PPP1R10,NASP,PPP1R10,NASP,PPP1R10,NASP,PPP1R10,1,0.464108107298121,0.3387475658255911,0.6358609093909886,0.4,0.392,35.80078703703704,3,788,940,20251104_colab_rhee_PTBP1_12,NASP___PPP1R10_unrelaxed_rank_001_alphafold2_multimer_v3_model_5_seed_000.pdb,20251104_colab_rhee_PTBP1_12/NASP___PPP1R10_unrelaxed_rank_001_alphafold2_multimer_v3_model_5_seed_000.pdb,20251104_colab_rhee_PTBP1_12/NASP___PPP1R10_pae.png
PTBP1,PTBP3___PCBP2,PTBP3,PCBP2,PTBP3,PCBP2,PTBP3,PCBP2,2,0.4638206403112817,0.3210662453410664,0.6700473484848485,0.45,0.434,64.04634678298801,3,552,365,20251104_colab_rhee_PTBP1_13,PTBP3___PCBP2_unrelaxed_rank_002_alphafold2_multimer_v3_model_4_seed_000.pdb,20251104_colab_rhee_PTBP1_13/PTBP3___PCBP2_unrelaxed_rank_002_alphafold2_multimer_v3_model_4_seed_000.pdb,20251104_colab_rhee_PTBP1_13/PTBP3___PCBP2_pae.png
PTBP1,NASP___RBM4,NASP,RBM4,NASP,RBM4,NASP,RBM4,3,0.4626317673171567,0.3907588709981315,0.547724358974359,0.33,0.332,38.71979166666667,3,788,364,20251104_colab_rhee_PTBP1_10,NASP___RBM4_unrelaxed_rank_003_alphafold2_multimer_v3_model_3_seed_000.pdb,20251104_colab_rhee_PTBP1_10/NASP___RBM4_unrelaxed_rank_003_alphafold2_multimer_v3_model_3_seed_000.pdb,20251104_colab_rhee_PTBP1_10/NASP___RBM4_pae.png
PTBP1,MRPL12___CDC37,MRPL12,CDC37,MRPL12,CDC37,MRPL12,CDC37,1,0.4592370400331173,0.3078277558787808,0.6851190476190476,0.4,0.4120000000000001,65.61420138888889,3,198,378,20251104_colab_rhee_PTBP1_16,MRPL12___CDC37_unrelaxed_rank_001_alphafold2_multimer_v3_model_4_seed_000.pdb,20251104_colab_rhee_PTBP1_16/MRPL12___CDC37_unrelaxed_rank_001_alphafold2_multimer_v3_model_4_seed_000.pdb,20251104_colab_rhee_PTBP1_16/MRPL12___CDC37_pae.png
PTBP1,ZFR___PDK1,ZFR,PDK1,ZFR,PDK1,ZFR,PDK1,1,0.456776330960188,0.3564532790546914,0.5853351022012578,0.73,0.6579999999999999,53.32516556291391,5,1074,436,20251104_colab_rhee_PTBP1_1,ZFR___PDK1_unrelaxed_rank_001_alphafold2_multimer_v3_model_4_seed_000.pdb,20251104_colab_rhee_PTBP1_1/ZFR___PDK1_unrelaxed_rank_001_alphafold2_multimer_v3_model_4_seed_000.pdb,20251104_colab_rhee_PTBP1_1/ZFR___PDK1_pae.png
PTBP1,NASP___CIZ1,NASP,CIZ1,NASP,CIZ1,NASP,CIZ1,1,0.4564911638250801,0.3625052758795848,0.5748445512820513,0.36,0.348,30.98905693950178,3,788,898,20251104_colab_rhee_PTBP1_6,NASP___CIZ1_unrelaxed_rank_001_alphafold2_multimer_v3_model_3_seed_000.pdb,20251104_colab_rhee_PTBP1_6/NASP___CIZ1_unrelaxed_rank_001_alphafold2_multimer_v3_model_3_seed_000.pdb,20251104_colab_rhee_PTBP1_6/NASP___CIZ1_pae.png
PTBP1,NASP___SMAP,NASP,SMAP,NASP,SMAP,NASP,SMAP,2,0.4547248454692839,0.3786952468509756,0.5460186965811965,0.34,0.348,39.33336766220391,3,788,183,20251104_colab_rhee_PTBP1_2,NASP___SMAP_unrelaxed_rank_002_alphafold2_multimer_v3_model_2_seed_000.pdb,20251104_colab_rhee_PTBP1_2/NASP___SMAP_unrelaxed_rank_002_alphafold2_multimer_v3_model_2_seed_000.pdb,20251104_colab_rhee_PTBP1_2/NASP___SMAP_pae.png
PTBP1,CDK4___CCNT1,CDK4,CCNT1,CDK4,CCNT1,CDK4,CCNT1,2,0.4520923658040874,0.3023513628911334,0.6759933385579938,0.76,0.7140000000000001,56.2562390670554,5,303,726,20251104_colab_rhee_PTBP1_4,CDK4___CCNT1_unrelaxed_rank_002_alphafold2_multimer_v3_model_5_seed_000.pdb,20251104_colab_rhee_PTBP1_4/CDK4___CCNT1_unrelaxed_rank_002_alphafold2_multimer_v3_model_5_seed_000.pdb,20251104_colab_rhee_PTBP1_4/CDK4___CCNT1_pae.png
PTBP1,SET___EPB41,SET,EPB41,SET,EPB41,SET,EPB41,1,0.4519833546469073,0.3531163576448427,0.5785315476190476,0.39,0.392,51.85707972270364,3,290,864,20251104_colab_rhee_PTBP1_17,SET___EPB41_unrelaxed_rank_001_alphafold2_multimer_v3_model_5_seed_000.pdb,20251104_colab_rhee_PTBP1_17/SET___EPB41_unrelaxed_rank_001_alphafold2_multimer_v3_model_5_seed_000.pdb,20251104_colab_rhee_PTBP1_17/SET___EPB41_pae.png
PTBP1,CDK4___CCNT1,CDK4,CCNT1,CDK4,CCNT1,CDK4,CCNT1,1,0.4518968850714262,0.3312292561134802,0.6165240266919372,0.8,0.7480000000000001,55.74251700680272,5,303,726,20251104_colab_rhee_PTBP1_4,CDK4___CCNT1_unrelaxed_rank_001_alphafold2_multimer_v3_model_1_seed_000.pdb,20251104_colab_rhee_PTBP1_4/CDK4___CCNT1_unrelaxed_rank_001_alphafold2_multimer_v3_model_1_seed_000.pdb,20251104_colab_rhee_PTBP1_4/CDK4___CCNT1_pae.png
PTBP1,CDK4___CCNT1,CDK4,CCNT1,CDK4,CCNT1,CDK4,CCNT1,3,0.4505523908201844,0.3063376399854078,0.6626592046718576,0.76,0.7120000000000001,56.06456754130223,5,303,726,20251104_colab_rhee_PTBP1_4,CDK4___CCNT1_unrelaxed_rank_003_alphafold2_multimer_v3_model_3_seed_000.pdb,20251104_colab_rhee_PTBP1_4/CDK4___CCNT1_unrelaxed_rank_003_alphafold2_multimer_v3_model_3_seed_000.pdb,20251104_colab_rhee_PTBP1_4/CDK4___CCNT1_pae.png
PTBP1,PTBP3___RAVER1,PTBP3,RAVER1,PTBP3,RAVER1,PTBP3,RAVER1,1,0.4489318658393746,0.3508461882433621,0.574439246939247,0.29,0.308,58.53334196891192,3,552,606,20251104_colab_rhee_PTBP1_1,PTBP3___RAVER1_unrelaxed_rank_001_alphafold2_multimer_v3_model_5_seed_000.pdb,20251104_colab_rhee_PTBP1_1/PTBP3___RAVER1_unrelaxed_rank_001_alphafold2_multimer_v3_model_5_seed_000.pdb,20251104_colab_rhee_PTBP1_1/PTBP3___RAVER1_pae.png
PTBP1,SFPQ___NASP,SFPQ,NASP,SFPQ,NASP,SFPQ,NASP,1,0.4489078436989057,0.3603344316589482,0.5592533891547049,0.34,0.332,42.99921070234114,3,707,788,20251104_colab_rhee_PTBP1_19,SFPQ___NASP_unrelaxed_rank_001_alphafold2_multimer_v3_model_5_seed_000.pdb,20251104_colab_rhee_PTBP1_19/SFPQ___NASP_unrelaxed_rank_001_alphafold2_multimer_v3_model_5_seed_000.pdb,20251104_colab_rhee_PTBP1_19/SFPQ___NASP_pae.png
PTBP1,KHSRP___CHERP,KHSRP,CHERP,KHSRP,CHERP,KHSRP,CHERP,3,0.446376150604091,0.3413614206063415,0.5836970899470899,0.23,0.244,43.55454824830977,3,711,916,20251104_colab_rhee_PTBP1_17,KHSRP___CHERP_unrelaxed_rank_003_alphafold2_multimer_v3_model_1_seed_000.pdb,20251104_colab_rhee_PTBP1_17/KHSRP___CHERP_unrelaxed_rank_003_alphafold2_multimer_v3_model_1_seed_000.pdb,20251104_colab_rhee_PTBP1_17/KHSRP___CHERP_pae.png
PTBP1,RAVER1___PTBP1,RAVER1,PTBP1,RAVER1,PTBP1,RAVER1,PTBP1,1,0.4452425474586221,0.3599615303158823,0.5507280900086132,0.29,0.304,57.83837489251935,3,606,557,20251104_colab_rhee_PTBP1_9,RAVER1___PTBP1_unrelaxed_rank_001_alphafold2_multimer_v3_model_5_seed_000.pdb,20251104_colab_rhee_PTBP1_9/RAVER1___PTBP1_unrelaxed_rank_001_alphafold2_multimer_v3_model_5_seed_000.pdb,20251104_colab_rhee_PTBP1_9/RAVER1___PTBP1_pae.png
PTBP1,FUBP1___SRSF11,FUBP1,SRSF11,FUBP1,SRSF11,FUBP1,SRSF11,1,0.4446944601334227,0.3710788945993887,0.5329140669313669,0.3,0.288,43.28678191489362,3,644,484,20251104_colab_rhee_PTBP1_7,FUBP1___SRSF11_unrelaxed_rank_001_alphafold2_multimer_v3_model_2_seed_000.pdb,20251104_colab_rhee_PTBP1_7/FUBP1___SRSF11_unrelaxed_rank_001_alphafold2_multimer_v3_model_2_seed_000.pdb,20251104_colab_rhee_PTBP1_7/FUBP1___SRSF11_pae.png
PTBP1,SF1___RBM33,SF1,RBM33,SF1,RBM33,SF1,RBM33,1,0.4445672180987475,0.3389817076479294,0.5830403439153439,0.35,0.3359999999999999,29.11164179104477,3,639,1170,20251104_colab_rhee_PTBP1_17,SF1___RBM33_unrelaxed_rank_001_alphafold2_multimer_v3_model_4_seed_000.pdb,20251104_colab_rhee_PTBP1_17/SF1___RBM33_unrelaxed_rank_001_alphafold2_multimer_v3_model_4_seed_000.pdb,20251104_colab_rhee_PTBP1_17/SF1___RBM33_pae.png
PTBP1,NASP___PDK1,NASP,PDK1,NASP,PDK1,NASP,PDK1,4,0.4439125791849817,0.3523908213736867,0.5592040598290597,0.33,0.344,51.37705882352941,3,788,436,20251104_colab_rhee_PTBP1_2,NASP___PDK1_unrelaxed_rank_004_alphafold2_multimer_v3_model_1_seed_000.pdb,20251104_colab_rhee_PTBP1_2/NASP___PDK1_unrelaxed_rank_004_alphafold2_multimer_v3_model_1_seed_000.pdb,20251104_colab_rhee_PTBP1_2/NASP___PDK1_pae.png
PTBP1,ZFR___TXN,ZFR,TXN,ZFR,TXN,ZFR,TXN,1,0.4438161649179564,0.2994435546617729,0.657796052631579,0.86,0.776,52.2664631043257,5,1074,105,20251104_colab_rhee_PTBP1_2,ZFR___TXN_unrelaxed_rank_001_alphafold2_multimer_v3_model_3_seed_000.pdb,20251104_colab_rhee_PTBP1_2/ZFR___TXN_unrelaxed_rank_001_alphafold2_multimer_v3_model_3_seed_000.pdb,20251104_colab_rhee_PTBP1_2/ZFR___TXN_pae.png
PTBP1,ATP5PD___ZFR,ATP5PD,ZFR,ATP5PD,ZFR,ATP5PD,ZFR,1,0.4424454776350571,0.2926207565203253,0.6689819376026273,0.45,0.438,50.29481781376519,3,161,1074,20251104_colab_rhee_PTBP1_6,ATP5PD___ZFR_unrelaxed_rank_001_alphafold2_multimer_v3_model_4_seed_000.pdb,20251104_colab_rhee_PTBP1_6/ATP5PD___ZFR_unrelaxed_rank_001_alphafold2_multimer_v3_model_4_seed_000.pdb,20251104_colab_rhee_PTBP1_6/ATP5PD___ZFR_pae.png
PTBP1,CSTB___STIP1,CSTB,STIP1,CSTB,STIP1,CSTB,STIP1,1,0.4414575322314987,0.3164001173775137,0.6159439964157706,0.85,0.788,85.26418096723869,5,98,543,20251104_colab_rhee_PTBP1_13,CSTB___STIP1_unrelaxed_rank_001_alphafold2_multimer_v3_model_4_seed_000.pdb,20251104_colab_rhee_PTBP1_13/CSTB___STIP1_unrelaxed_rank_001_alphafold2_multimer_v3_model_4_seed_000.pdb,20251104_colab_rhee_PTBP1_13/CSTB___STIP1_pae.png
PTBP1,NASP___PDK1,NASP,PDK1,NASP,PDK1,NASP,PDK1,3,0.4383292782481771,0.3349134336698393,0.5736782608695652,0.33,0.348,52.43925653594771,3,788,436,20251104_colab_rhee_PTBP1_2,NASP___PDK1_unrelaxed_rank_003_alphafold2_multimer_v3_model_2_seed_000.pdb,20251104_colab_rhee_PTBP1_2/NASP___PDK1_unrelaxed_rank_003_alphafold2_multimer_v3_model_2_seed_000.pdb,20251104_colab_rhee_PTBP1_2/NASP___PDK1_pae.png
PTBP1,NASP___NCL,NASP,NCL,NASP,NCL,NASP,NCL,1,0.4382344306487012,0.3668754229895987,0.5234731033248747,0.38,0.382,42.41943257676903,3,788,710,20251104_colab_rhee_PTBP1_3,NASP___NCL_unrelaxed_rank_001_alphafold2_multimer_v3_model_5_seed_000.pdb,20251104_colab_rhee_PTBP1_3/NASP___NCL_unrelaxed_rank_001_alphafold2_multimer_v3_model_5_seed_000.pdb,20251104_colab_rhee_PTBP1_3/NASP___NCL_pae.png
PTBP1,SMAP___ANP32A,SMAP,ANP32A,SMAP,ANP32A,SMAP,ANP32A,1,0.4381059697959462,0.4143046866538277,0.463274606717687,0.5,0.496,54.8331712962963,5,183,249,20251104_colab_rhee_PTBP1_2,SMAP___ANP32A_unrelaxed_rank_001_alphafold2_multimer_v3_model_4_seed_000.pdb,20251104_colab_rhee_PTBP1_2/SMAP___ANP32A_unrelaxed_rank_001_alphafold2_multimer_v3_model_4_seed_000.pdb,20251104_colab_rhee_PTBP1_2/SMAP___ANP32A_pae.png
PTBP1,ZNF503___RB1,ZNF503,RB1,ZNF503,RB1,ZNF503,RB1,1,0.4377411516870728,0.2754068592562082,0.6957608695652173,0.56,0.552,49.3066581956798,5,646,928,20251104_colab_rhee_PTBP1_4,ZNF503___RB1_unrelaxed_rank_001_alphafold2_multimer_v3_model_4_seed_000.pdb,20251104_colab_rhee_PTBP1_4/ZNF503___RB1_unrelaxed_rank_001_alphafold2_multimer_v3_model_4_seed_000.pdb,20251104_colab_rhee_PTBP1_4/ZNF503___RB1_pae.png
PTBP1,SMAP___HMGB1,SMAP,HMGB1,SMAP,HMGB1,SMAP,HMGB1,2,0.4365753039472283,0.3541181429469139,0.5382327898550724,0.35,0.348,53.12791457286432,3,183,215,20251104_colab_rhee_PTBP1_11,SMAP___HMGB1_unrelaxed_rank_002_alphafold2_multimer_v3_model_5_seed_000.pdb,20251104_colab_rhee_PTBP1_11/SMAP___HMGB1_unrelaxed_rank_002_alphafold2_multimer_v3_model_5_seed_000.pdb,20251104_colab_rhee_PTBP1_11/SMAP___HMGB1_pae.png
PTBP1,NASP___RBM4,NASP,RBM4,NASP,RBM4,NASP,RBM4,5,0.4365692775059887,0.3631132247878036,0.5248851351351351,0.32,0.324,40.52493055555556,3,788,364,20251104_colab_rhee_PTBP1_10,NASP___RBM4_unrelaxed_rank_005_alphafold2_multimer_v3_model_5_seed_000.pdb,20251104_colab_rhee_PTBP1_10/NASP___RBM4_unrelaxed_rank_005_alphafold2_multimer_v3_model_5_seed_000.pdb,20251104_colab_rhee_PTBP1_10/NASP___RBM4_pae.png
PTBP1,FUBP3___SRSF11,FUBP3,SRSF11,FUBP3,SRSF11,FUBP3,SRSF11,1,0.4361284822198699,0.3543227652248957,0.5368214285714286,0.28,0.27,44.3207196969697,3,572,484,20251104_colab_rhee_PTBP1_16,FUBP3___SRSF11_unrelaxed_rank_001_alphafold2_multimer_v3_model_5_seed_000.pdb,20251104_colab_rhee_PTBP1_16/FUBP3___SRSF11_unrelaxed_rank_001_alphafold2_multimer_v3_model_5_seed_000.pdb,20251104_colab_rhee_PTBP1_16/FUBP3___SRSF11_pae.png
PTBP1,CCNT1___ZBTB33,CCNT1,ZBTB33,CCNT1,ZBTB33,CCNT1,ZBTB33,1,0.4316936728881832,0.3384360323799238,0.5506488948626046,0.38,0.38,41.76917024320458,3,726,672,20251104_colab_rhee_PTBP1_9,CCNT1___ZBTB33_unrelaxed_rank_001_alphafold2_multimer_v3_model_4_seed_000.pdb,20251104_colab_rhee_PTBP1_9/CCNT1___ZBTB33_unrelaxed_rank_001_alphafold2_multimer_v3_model_4_seed_000.pdb,20251104_colab_rhee_PTBP1_9/CCNT1___ZBTB33_pae.png
PTBP1,ATP5PD___TLE3,ATP5PD,TLE3,ATP5PD,TLE3,ATP5PD,TLE3,1,0.4298233634436517,0.4119858116234831,0.4484332191780822,0.45,0.454,59.19531618435156,3,161,772,20251104_colab_rhee_PTBP1_4,ATP5PD___TLE3_unrelaxed_rank_001_alphafold2_multimer_v3_model_5_seed_000.pdb,20251104_colab_rhee_PTBP1_4/ATP5PD___TLE3_unrelaxed_rank_001_alphafold2_multimer_v3_model_5_seed_000.pdb,20251104_colab_rhee_PTBP1_4/ATP5PD___TLE3_pae.png
PTBP1,SMAP___HMGB1,SMAP,HMGB1,SMAP,HMGB1,SMAP,HMGB1,1,0.4283989302555499,0.410936359530262,0.4466035657051282,0.44,0.434,56.86560301507538,3,183,215,20251104_colab_rhee_PTBP1_11,SMAP___HMGB1_unrelaxed_rank_001_alphafold2_multimer_v3_model_1_seed_000.pdb,20251104_colab_rhee_PTBP1_11/SMAP___HMGB1_unrelaxed_rank_001_alphafold2_multimer_v3_model_1_seed_000.pdb,20251104_colab_rhee_PTBP1_11/SMAP___HMGB1_pae.png
PTBP1,RAVER1___RBM4,RAVER1,RBM4,RAVER1,RBM4,RAVER1,RBM4,1,0.4283907556297934,0.3248536217111551,0.5649271771771771,0.42,0.428,51.34045360824742,3,606,364,20251104_colab_rhee_PTBP1_19,RAVER1___RBM4_unrelaxed_rank_001_alphafold2_multimer_v3_model_4_seed_000.pdb,20251104_colab_rhee_PTBP1_19/RAVER1___RBM4_unrelaxed_rank_001_alphafold2_multimer_v3_model_4_seed_000.pdb,20251104_colab_rhee_PTBP1_19/RAVER1___RBM4_pae.png
PTBP1,SMAP___ZFR,SMAP,ZFR,SMAP,ZFR,SMAP,ZFR,1,0.4268990722650793,0.386920990379033,0.4710078347578348,0.34,0.346,44.89417661097852,3,183,1074,20251104_colab_rhee_PTBP1_9,SMAP___ZFR_unrelaxed_rank_001_alphafold2_multimer_v3_model_4_seed_000.pdb,20251104_colab_rhee_PTBP1_9/SMAP___ZFR_unrelaxed_rank_001_alphafold2_multimer_v3_model_4_seed_000.pdb,20251104_colab_rhee_PTBP1_9/SMAP___ZFR_pae.png
PTBP1,PDK1___U2SURP,PDK1,U2SURP,PDK1,U2SURP,PDK1,U2SURP,1,0.4268872592275855,0.2660511668240716,0.6849537037037037,0.71,0.6559999999999999,56.73378839590443,5,436,1029,20251104_colab_rhee_PTBP1_12,PDK1___U2SURP_unrelaxed_rank_001_alphafold2_multimer_v3_model_3_seed_000.pdb,20251104_colab_rhee_PTBP1_12/PDK1___U2SURP_unrelaxed_rank_001_alphafold2_multimer_v3_model_3_seed_000.pdb,20251104_colab_rhee_PTBP1_12/PDK1___U2SURP_pae.png
PTBP1,SMAP___EPB41,SMAP,EPB41,SMAP,EPB41,SMAP,EPB41,1,0.4267434076383014,0.3243539549029829,0.5614543408826946,0.4,0.4060000000000001,45.11460362941738,3,183,864,20251104_colab_rhee_PTBP1_20,SMAP___EPB41_unrelaxed_rank_001_alphafold2_multimer_v3_model_5_seed_000.pdb,20251104_colab_rhee_PTBP1_20/SMAP___EPB41_unrelaxed_rank_001_alphafold2_multimer_v3_model_5_seed_000.pdb,20251104_colab_rhee_PTBP1_20/SMAP___EPB41_pae.png
PTBP1,ZBTB33___GFP,ZBTB33,GFP,ZBTB33,GFP,ZBTB33,GFP,1,0.4266986109249549,0.4004894373921991,0.4546229876893939,0.81,0.7320000000000001,52.27982417582417,5,672,238,20251104_colab_rhee_PTBP1_4,ZBTB33___GFP_unrelaxed_rank_001_alphafold2_multimer_v3_model_4_seed_000.pdb,20251104_colab_rhee_PTBP1_4/ZBTB33___GFP_unrelaxed_rank_001_alphafold2_multimer_v3_model_4_seed_000.pdb,20251104_colab_rhee_PTBP1_4/ZBTB33___GFP_pae.png
PTBP1,TLE3___FUBP3,TLE3,FUBP3,TLE3,FUBP3,TLE3,FUBP3,2,0.4246373937821044,0.3337474049390218,0.5402796052631578,0.43,0.424,52.84770089285714,3,772,572,20251104_colab_rhee_PTBP1_5,TLE3___FUBP3_unrelaxed_rank_002_alphafold2_multimer_v3_model_2_seed_000.pdb,20251104_colab_rhee_PTBP1_5/TLE3___FUBP3_unrelaxed_rank_002_alphafold2_multimer_v3_model_2_seed_000.pdb,20251104_colab_rhee_PTBP1_5/TLE3___FUBP3_pae.png
PTBP1,CSTB___ZFR,CSTB,ZFR,CSTB,ZFR,CSTB,ZFR,2,0.4203488481248522,0.3379019840225522,0.5229124493927126,0.83,0.746,50.8506228668942,5,98,1074,20251104_colab_rhee_PTBP1_9,CSTB___ZFR_unrelaxed_rank_002_alphafold2_multimer_v3_model_4_seed_000.pdb,20251104_colab_rhee_PTBP1_9/CSTB___ZFR_unrelaxed_rank_002_alphafold2_multimer_v3_model_4_seed_000.pdb,20251104_colab_rhee_PTBP1_9/CSTB___ZFR_pae.png
PTBP1,KHSRP___CHERP,KHSRP,CHERP,KHSRP,CHERP,KHSRP,CHERP,2,0.4196115829170609,0.3103629840747289,0.5673159801678108,0.24,0.25,44.31480024585126,3,711,916,20251104_colab_rhee_PTBP1_17,KHSRP___CHERP_unrelaxed_rank_002_alphafold2_multimer_v3_model_3_seed_000.pdb,20251104_colab_rhee_PTBP1_17/KHSRP___CHERP_unrelaxed_rank_002_alphafold2_multimer_v3_model_3_seed_000.pdb,20251104_colab_rhee_PTBP1_17/KHSRP___CHERP_pae.png
PTBP1,MRPL12___ANP32A,MRPL12,ANP32A,MRPL12,ANP32A,MRPL12,ANP32A,2,0.4195550569231738,0.3441903691183934,0.5114217641843971,0.52,0.52,62.09187919463087,5,198,249,20251104_colab_rhee_PTBP1_10,MRPL12___ANP32A_unrelaxed_rank_002_alphafold2_multimer_v3_model_3_seed_000.pdb,20251104_colab_rhee_PTBP1_10/MRPL12___ANP32A_unrelaxed_rank_002_alphafold2_multimer_v3_model_3_seed_000.pdb,20251104_colab_rhee_PTBP1_10/MRPL12___ANP32A_pae.png
PTBP1,ANP32A___DAZAP1,ANP32A,DAZAP1,ANP32A,DAZAP1,ANP32A,DAZAP1,2,0.4193179274657628,0.3624970185872747,0.4850454356270809,0.57,0.5379999999999999,51.69481707317073,5,249,407,20251104_colab_rhee_PTBP1_7,ANP32A___DAZAP1_unrelaxed_rank_002_alphafold2_multimer_v3_model_3_seed_000.pdb,20251104_colab_rhee_PTBP1_7/ANP32A___DAZAP1_unrelaxed_rank_002_alphafold2_multimer_v3_model_3_seed_000.pdb,20251104_colab_rhee_PTBP1_7/ANP32A___DAZAP1_pae.png
PTBP1,NASP___FUS,NASP,FUS,NASP,FUS,NASP,FUS,1,0.4181113473582589,0.3415174658087559,0.5118833333333332,0.3,0.304,36.00142313546423,3,788,526,20251104_colab_rhee_PTBP1_14,NASP___FUS_unrelaxed_rank_001_alphafold2_multimer_v3_model_5_seed_000.pdb,20251104_colab_rhee_PTBP1_14/NASP___FUS_unrelaxed_rank_001_alphafold2_multimer_v3_model_5_seed_000.pdb,20251104_colab_rhee_PTBP1_14/NASP___FUS_pae.png
PTBP1,ZFR___TXN,ZFR,TXN,ZFR,TXN,ZFR,TXN,2,0.417950047779616,0.2788212902550934,0.6265025252525253,0.85,0.766,51.96240882103478,5,1074,105,20251104_colab_rhee_PTBP1_2,ZFR___TXN_unrelaxed_rank_002_alphafold2_multimer_v3_model_5_seed_000.pdb,20251104_colab_rhee_PTBP1_2/ZFR___TXN_unrelaxed_rank_002_alphafold2_multimer_v3_model_5_seed_000.pdb,20251104_colab_rhee_PTBP1_2/ZFR___TXN_pae.png
PTBP1,ZFR___ZBTB33,ZFR,ZBTB33,ZFR,ZBTB33,ZFR,ZBTB33,1,0.4171362294133913,0.298493455510813,0.5829361772486773,0.3,0.304,40.11038373424972,3,1074,672,20251104_colab_rhee_PTBP1_7,ZFR___ZBTB33_unrelaxed_rank_001_alphafold2_multimer_v3_model_4_seed_000.pdb,20251104_colab_rhee_PTBP1_7/ZFR___ZBTB33_unrelaxed_rank_001_alphafold2_multimer_v3_model_4_seed_000.pdb,20251104_colab_rhee_PTBP1_7/ZFR___ZBTB33_pae.png
PTBP1,NASP___PPP1R10,NASP,PPP1R10,NASP,PPP1R10,NASP,PPP1R10,2,0.4156805142630783,0.4130547264424059,0.418322994210091,0.39,0.378,35.30375578703703,3,788,940,20251104_colab_rhee_PTBP1_12,NASP___PPP1R10_unrelaxed_rank_002_alphafold2_multimer_v3_model_3_seed_000.pdb,20251104_colab_rhee_PTBP1_12/NASP___PPP1R10_unrelaxed_rank_002_alphafold2_multimer_v3_model_3_seed_000.pdb,20251104_colab_rhee_PTBP1_12/NASP___PPP1R10_pae.png
PTBP1,SAR1A___AGAP3,SAR1A,AGAP3,SAR1A,AGAP3,SAR1A,AGAP3,1,0.4154303604373948,0.3137726896205801,0.5500236001477173,0.77,0.7140000000000001,64.81147250698974,5,198,875,20251104_colab_rhee_PTBP1_3,SAR1A___AGAP3_unrelaxed_rank_001_alphafold2_multimer_v3_model_3_seed_000.pdb,20251104_colab_rhee_PTBP1_3/SAR1A___AGAP3_unrelaxed_rank_001_alphafold2_multimer_v3_model_3_seed_000.pdb,20251104_colab_rhee_PTBP1_3/SAR1A___AGAP3_pae.png
PTBP1,ZBTB33___ZNF503,ZBTB33,ZNF503,ZBTB33,ZNF503,ZBTB33,ZNF503,3,0.4141920981267057,0.3373752198094303,0.5084993920048639,0.19,0.196,30.45606980273141,3,672,646,20251104_colab_rhee_PTBP1_2,ZBTB33___ZNF503_unrelaxed_rank_003_alphafold2_multimer_v3_model_5_seed_000.pdb,20251104_colab_rhee_PTBP1_2/ZBTB33___ZNF503_unrelaxed_rank_003_alphafold2_multimer_v3_model_5_seed_000.pdb,20251104_colab_rhee_PTBP1_2/ZBTB33___ZNF503_pae.png
PTBP1,NASP___SNRPC,NASP,SNRPC,NASP,SNRPC,NASP,SNRPC,1,0.4130548056096878,0.3930700505156117,0.4340556402439025,0.42,0.414,41.82738120380148,3,788,159,20251104_colab_rhee_PTBP1_5,NASP___SNRPC_unrelaxed_rank_001_alphafold2_multimer_v3_model_3_seed_000.pdb,20251104_colab_rhee_PTBP1_5/NASP___SNRPC_unrelaxed_rank_001_alphafold2_multimer_v3_model_3_seed_000.pdb,20251104_colab_rhee_PTBP1_5/NASP___SNRPC_pae.png
PTBP1,FUBP1___CDK4,FUBP1,CDK4,FUBP1,CDK4,FUBP1,CDK4,1,0.4130091383297527,0.3005136359818272,0.5676166666666667,0.71,0.6479999999999999,52.98948257655755,5,644,303,20251104_colab_rhee_PTBP1_6,FUBP1___CDK4_unrelaxed_rank_001_alphafold2_multimer_v3_model_5_seed_000.pdb,20251104_colab_rhee_PTBP1_6/FUBP1___CDK4_unrelaxed_rank_001_alphafold2_multimer_v3_model_5_seed_000.pdb,20251104_colab_rhee_PTBP1_6/FUBP1___CDK4_pae.png
PTBP1,TLE3___DNAJA1,TLE3,DNAJA1,TLE3,DNAJA1,TLE3,DNAJA1,1,0.412331768831706,0.3591015578924366,0.473452380952381,0.43,0.426,62.76497005988024,3,772,397,20251104_colab_rhee_PTBP1_6,TLE3___DNAJA1_unrelaxed_rank_001_alphafold2_multimer_v3_model_5_seed_000.pdb,20251104_colab_rhee_PTBP1_6/TLE3___DNAJA1_unrelaxed_rank_001_alphafold2_multimer_v3_model_5_seed_000.pdb,20251104_colab_rhee_PTBP1_6/TLE3___DNAJA1_pae.png
PTBP1,KHSRP___SRSF11,KHSRP,SRSF11,KHSRP,SRSF11,KHSRP,SRSF11,3,0.4112706975109138,0.348235315574041,0.4857163506012951,0.28,0.27,39.9605439330544,3,711,484,20251104_colab_rhee_PTBP1_14,KHSRP___SRSF11_unrelaxed_rank_003_alphafold2_multimer_v3_model_4_seed_000.pdb,20251104_colab_rhee_PTBP1_14/KHSRP___SRSF11_unrelaxed_rank_003_alphafold2_multimer_v3_model_4_seed_000.pdb,20251104_colab_rhee_PTBP1_14/KHSRP___SRSF11_pae.png
PTBP1,NASP___NCL,NASP,NCL,NASP,NCL,NASP,NCL,5,0.4071741524788177,0.3127547204981331,0.5300984432234432,0.32,0.318,40.27668891855808,3,788,710,20251104_colab_rhee_PTBP1_3,NASP___NCL_unrelaxed_rank_005_alphafold2_multimer_v3_model_2_seed_000.pdb,20251104_colab_rhee_PTBP1_3/NASP___NCL_unrelaxed_rank_005_alphafold2_multimer_v3_model_2_seed_000.pdb,20251104_colab_rhee_PTBP1_3/NASP___NCL_pae.png
PTBP1,TLE3___TXN,TLE3,TXN,TLE3,TXN,TLE3,TXN,2,0.4067481613410974,0.3012798025277532,0.5491375968992248,0.78,0.7260000000000001,61.48517673888255,5,772,105,20251104_colab_rhee_PTBP1_4,TLE3___TXN_unrelaxed_rank_002_alphafold2_multimer_v3_model_5_seed_000.pdb,20251104_colab_rhee_PTBP1_4/TLE3___TXN_unrelaxed_rank_002_alphafold2_multimer_v3_model_5_seed_000.pdb,20251104_colab_rhee_PTBP1_4/TLE3___TXN_pae.png
PTBP1,NASP___SF3B2,NASP,SF3B2,NASP,SF3B2,NASP,SF3B2,3,0.4042296412722015,0.2931920005876291,0.5573194444444445,0.33,0.322,36.31358288770053,3,788,895,20251104_colab_rhee_PTBP1_5,NASP___SF3B2_unrelaxed_rank_003_alphafold2_multimer_v3_model_4_seed_000.pdb,20251104_colab_rhee_PTBP1_5/NASP___SF3B2_unrelaxed_rank_003_alphafold2_multimer_v3_model_4_seed_000.pdb,20251104_colab_rhee_PTBP1_5/NASP___SF3B2_pae.png
PTBP1,PSPC1___SRSF11,PSPC1,SRSF11,PSPC1,SRSF11,PSPC1,SRSF11,1,0.4040923097433855,0.2920905799429338,0.559040948275862,0.41,0.398,47.94407149950347,3,523,484,20251104_colab_rhee_PTBP1_17,PSPC1___SRSF11_unrelaxed_rank_001_alphafold2_multimer_v3_model_5_seed_000.pdb,20251104_colab_rhee_PTBP1_17/PSPC1___SRSF11_unrelaxed_rank_001_alphafold2_multimer_v3_model_5_seed_000.pdb,20251104_colab_rhee_PTBP1_17/PSPC1___SRSF11_pae.png
PTBP1,SF3B2___SF3A3,SF3B2,SF3A3,SF3B2,SF3A3,SF3B2,SF3A3,2,0.4039132227781121,0.2772779959135636,0.5883838383838383,0.33,0.328,53.86360315186246,3,895,501,20251104_colab_rhee_PTBP1_7,SF3B2___SF3A3_unrelaxed_rank_002_alphafold2_multimer_v3_model_1_seed_000.pdb,20251104_colab_rhee_PTBP1_7/SF3B2___SF3A3_unrelaxed_rank_002_alphafold2_multimer_v3_model_1_seed_000.pdb,20251104_colab_rhee_PTBP1_7/SF3B2___SF3A3_pae.png
PTBP1,TLE3___GFP,TLE3,GFP,TLE3,GFP,TLE3,GFP,1,0.403870501968015,0.3112205745251717,0.5241021825396825,0.35,0.368,63.44572277227723,3,772,238,20251104_colab_rhee_PTBP1_5,TLE3___GFP_unrelaxed_rank_001_alphafold2_multimer_v3_model_5_seed_000.pdb,20251104_colab_rhee_PTBP1_5/TLE3___GFP_unrelaxed_rank_001_alphafold2_multimer_v3_model_5_seed_000.pdb,20251104_colab_rhee_PTBP1_5/TLE3___GFP_pae.png
PTBP1,NASP___PPP1R10,NASP,PPP1R10,NASP,PPP1R10,NASP,PPP1R10,3,0.4030475516851604,0.3981809717471156,0.4079736111111111,0.38,0.372,35.84111111111111,3,788,940,20251104_colab_rhee_PTBP1_12,NASP___PPP1R10_unrelaxed_rank_003_alphafold2_multimer_v3_model_2_seed_000.pdb,20251104_colab_rhee_PTBP1_12/NASP___PPP1R10_unrelaxed_rank_003_alphafold2_multimer_v3_model_2_seed_000.pdb,20251104_colab_rhee_PTBP1_12/NASP___PPP1R10_pae.png
PTBP1,ZBTB33___SRSF11,ZBTB33,SRSF11,ZBTB33,SRSF11,ZBTB33,SRSF11,1,0.4028836145972653,0.3107320593240388,0.522363888888889,0.24,0.24,37.38095155709343,3,672,484,20251104_colab_rhee_PTBP1_20,ZBTB33___SRSF11_unrelaxed_rank_001_alphafold2_multimer_v3_model_2_seed_000.pdb,20251104_colab_rhee_PTBP1_20/ZBTB33___SRSF11_unrelaxed_rank_001_alphafold2_multimer_v3_model_2_seed_000.pdb,20251104_colab_rhee_PTBP1_20/ZBTB33___SRSF11_pae.png
PTBP1,MATR3___TXN,MATR3,TXN,MATR3,TXN,MATR3,TXN,1,0.4019298111179058,0.3149799314733236,0.5128821138211381,0.85,0.7320000000000001,47.70290966386555,5,847,105,20251104_colab_rhee_PTBP1_15,MATR3___TXN_unrelaxed_rank_001_alphafold2_multimer_v3_model_4_seed_000.pdb,20251104_colab_rhee_PTBP1_15/MATR3___TXN_unrelaxed_rank_001_alphafold2_multimer_v3_model_4_seed_000.pdb,20251104_colab_rhee_PTBP1_15/MATR3___TXN_pae.png
PTBP1,TLE3___SAFB,TLE3,SAFB,TLE3,SAFB,TLE3,SAFB,1,0.4015646660628769,0.3356129390093934,0.4804766511867904,0.3,0.308,43.14886781268524,3,772,915,20251104_colab_rhee_PTBP1_7,TLE3___SAFB_unrelaxed_rank_001_alphafold2_multimer_v3_model_2_seed_000.pdb,20251104_colab_rhee_PTBP1_7/TLE3___SAFB_unrelaxed_rank_001_alphafold2_multimer_v3_model_2_seed_000.pdb,20251104_colab_rhee_PTBP1_7/TLE3___SAFB_pae.png
PTBP1,SET___EPB41,SET,EPB41,SET,EPB41,SET,EPB41,2,0.4012400455604765,0.3091938465893016,0.5206881570810142,0.38,0.384,51.98716637781629,3,290,864,20251104_colab_rhee_PTBP1_17,SET___EPB41_unrelaxed_rank_002_alphafold2_multimer_v3_model_2_seed_000.pdb,20251104_colab_rhee_PTBP1_17/SET___EPB41_unrelaxed_rank_002_alphafold2_multimer_v3_model_2_seed_000.pdb,20251104_colab_rhee_PTBP1_17/SET___EPB41_pae.png
PTBP1,ZBTB33___ZNF503,ZBTB33,ZNF503,ZBTB33,ZNF503,ZBTB33,ZNF503,1,0.4008435024135316,0.31028478775904,0.5178323906485671,0.3,0.296,31.5354779969651,3,672,646,20251104_colab_rhee_PTBP1_2,ZBTB33___ZNF503_unrelaxed_rank_001_alphafold2_multimer_v3_model_4_seed_000.pdb,20251104_colab_rhee_PTBP1_2/ZBTB33___ZNF503_unrelaxed_rank_001_alphafold2_multimer_v3_model_4_seed_000.pdb,20251104_colab_rhee_PTBP1_2/ZBTB33___ZNF503_pae.png
PTBP1,CDK4___CCNT1,CDK4,CCNT1,CDK4,CCNT1,CDK4,CCNT1,4,0.3992042926371033,0.2588482779801855,0.6156659356725146,0.73,0.6859999999999999,55.32630709426628,5,303,726,20251104_colab_rhee_PTBP1_4,CDK4___CCNT1_unrelaxed_rank_004_alphafold2_multimer_v3_model_4_seed_000.pdb,20251104_colab_rhee_PTBP1_4/CDK4___CCNT1_unrelaxed_rank_004_alphafold2_multimer_v3_model_4_seed_000.pdb,20251104_colab_rhee_PTBP1_4/CDK4___CCNT1_pae.png
PTBP1,CSTB___STIP1,CSTB,STIP1,CSTB,STIP1,CSTB,STIP1,2,0.3978126812106289,0.2882509060146802,0.5490179771505377,0.83,0.774,85.06770670826833,5,98,543,20251104_colab_rhee_PTBP1_13,CSTB___STIP1_unrelaxed_rank_002_alphafold2_multimer_v3_model_5_seed_000.pdb,20251104_colab_rhee_PTBP1_13/CSTB___STIP1_unrelaxed_rank_002_alphafold2_multimer_v3_model_5_seed_000.pdb,20251104_colab_rhee_PTBP1_13/CSTB___STIP1_pae.png
PTBP1,TXN___ZBTB33,TXN,ZBTB33,TXN,ZBTB33,TXN,ZBTB33,1,0.3962118154110344,0.2798285252607978,0.561,0.79,0.6940000000000002,47.86091377091377,5,105,672,20251104_colab_rhee_PTBP1_13,TXN___ZBTB33_unrelaxed_rank_001_alphafold2_multimer_v3_model_2_seed_000.pdb,20251104_colab_rhee_PTBP1_13/TXN___ZBTB33_unrelaxed_rank_001_alphafold2_multimer_v3_model_2_seed_000.pdb,20251104_colab_rhee_PTBP1_13/TXN___ZBTB33_pae.png
PTBP1,NASP___SF3B2,NASP,SF3B2,NASP,SF3B2,NASP,SF3B2,4,0.3944514521022759,0.294284813650357,0.5287121212121211,0.32,0.316,39.16443256090315,3,788,895,20251104_colab_rhee_PTBP1_5,NASP___SF3B2_unrelaxed_rank_004_alphafold2_multimer_v3_model_2_seed_000.pdb,20251104_colab_rhee_PTBP1_5/NASP___SF3B2_unrelaxed_rank_004_alphafold2_multimer_v3_model_2_seed_000.pdb,20251104_colab_rhee_PTBP1_5/NASP___SF3B2_pae.png
PTBP1,SAFB___ZBTB33,SAFB,ZBTB33,SAFB,ZBTB33,SAFB,ZBTB33,1,0.3942502463553241,0.255767130538489,0.6077139639639639,0.29,0.284,33.72651543793321,3,915,672,20251104_colab_rhee_PTBP1_6,SAFB___ZBTB33_unrelaxed_rank_001_alphafold2_multimer_v3_model_4_seed_000.pdb,20251104_colab_rhee_PTBP1_6/SAFB___ZBTB33_unrelaxed_rank_001_alphafold2_multimer_v3_model_4_seed_000.pdb,20251104_colab_rhee_PTBP1_6/SAFB___ZBTB33_pae.png
PTBP1,CDK4___CCNT1,CDK4,CCNT1,CDK4,CCNT1,CDK4,CCNT1,5,0.3918773517270231,0.2502492069065176,0.6136597222222222,0.7,0.6619999999999999,56.28099125364432,5,303,726,20251104_colab_rhee_PTBP1_4,CDK4___CCNT1_unrelaxed_rank_005_alphafold2_multimer_v3_model_2_seed_000.pdb,20251104_colab_rhee_PTBP1_4/CDK4___CCNT1_unrelaxed_rank_005_alphafold2_multimer_v3_model_2_seed_000.pdb,20251104_colab_rhee_PTBP1_4/CDK4___CCNT1_pae.png
PTBP1,NASP___SF3B2,NASP,SF3B2,NASP,SF3B2,NASP,SF3B2,1,0.3909183529820111,0.2828895675451495,0.5402007575757576,0.33,0.322,38.04544266191325,3,788,895,20251104_colab_rhee_PTBP1_5,NASP___SF3B2_unrelaxed_rank_001_alphafold2_multimer_v3_model_5_seed_000.pdb,20251104_colab_rhee_PTBP1_5/NASP___SF3B2_unrelaxed_rank_001_alphafold2_multimer_v3_model_5_seed_000.pdb,20251104_colab_rhee_PTBP1_5/NASP___SF3B2_pae.png
PTBP1,SMAP___RB1,SMAP,RB1,SMAP,RB1,SMAP,RB1,1,0.389500466372623,0.2599724836761332,0.5835641186299081,0.44,0.48,62.46056705670567,3,183,928,20251104_colab_rhee_PTBP1_10,SMAP___RB1_unrelaxed_rank_001_alphafold2_multimer_v3_model_5_seed_000.pdb,20251104_colab_rhee_PTBP1_10/SMAP___RB1_unrelaxed_rank_001_alphafold2_multimer_v3_model_5_seed_000.pdb,20251104_colab_rhee_PTBP1_10/SMAP___RB1_pae.png
PTBP1,TLE3___SAFB,TLE3,SAFB,TLE3,SAFB,TLE3,SAFB,2,0.3888474461164717,0.3268971188446701,0.4625379901960785,0.29,0.298,40.24956727919383,3,772,915,20251104_colab_rhee_PTBP1_7,TLE3___SAFB_unrelaxed_rank_002_alphafold2_multimer_v3_model_4_seed_000.pdb,20251104_colab_rhee_PTBP1_7/TLE3___SAFB_unrelaxed_rank_002_alphafold2_multimer_v3_model_4_seed_000.pdb,20251104_colab_rhee_PTBP1_7/TLE3___SAFB_pae.png
PTBP1,SF1___SRSF11,SF1,SRSF11,SF1,SRSF11,SF1,SRSF11,1,0.3887070813775561,0.2777598612513637,0.5439705882352941,0.25,0.254,37.49323241317899,3,639,484,20251104_colab_rhee_PTBP1_17,SF1___SRSF11_unrelaxed_rank_001_alphafold2_multimer_v3_model_3_seed_000.pdb,20251104_colab_rhee_PTBP1_17/SF1___SRSF11_unrelaxed_rank_001_alphafold2_multimer_v3_model_3_seed_000.pdb,20251104_colab_rhee_PTBP1_17/SF1___SRSF11_pae.png
PTBP1,MATR3___PTBP1,MATR3,PTBP1,MATR3,PTBP1,MATR3,PTBP1,2,0.3865127097661352,0.306888808705531,0.4867954469923562,0.29,0.286,48.29972222222222,3,847,557,20251104_colab_rhee_PTBP1_2,MATR3___PTBP1_unrelaxed_rank_002_alphafold2_multimer_v3_model_4_seed_000.pdb,20251104_colab_rhee_PTBP1_2/MATR3___PTBP1_unrelaxed_rank_002_alphafold2_multimer_v3_model_4_seed_000.pdb,20251104_colab_rhee_PTBP1_2/MATR3___PTBP1_pae.png
PTBP1,TLE3___SRSF11,TLE3,SRSF11,TLE3,SRSF11,TLE3,SRSF11,1,0.3850598095104021,0.3268748932458351,0.4536018518518518,0.41,0.404,47.88141719745223,3,772,484,20251104_colab_rhee_PTBP1_8,TLE3___SRSF11_unrelaxed_rank_001_alphafold2_multimer_v3_model_2_seed_000.pdb,20251104_colab_rhee_PTBP1_8/TLE3___SRSF11_unrelaxed_rank_001_alphafold2_multimer_v3_model_2_seed_000.pdb,20251104_colab_rhee_PTBP1_8/TLE3___SRSF11_pae.png
PTBP1,NONO___SAFB,NONO,SAFB,NONO,SAFB,NONO,SAFB,1,0.3839162976201466,0.2718790234321196,0.5421224547511312,0.37,0.362,43.0265873015873,3,471,915,20251104_colab_rhee_PTBP1_17,NONO___SAFB_unrelaxed_rank_001_alphafold2_multimer_v3_model_2_seed_000.pdb,20251104_colab_rhee_PTBP1_17/NONO___SAFB_unrelaxed_rank_001_alphafold2_multimer_v3_model_2_seed_000.pdb,20251104_colab_rhee_PTBP1_17/NONO___SAFB_pae.png
PTBP1,TLE3___TXN,TLE3,TXN,TLE3,TXN,TLE3,TXN,3,0.3835714006943099,0.2871938565542315,0.5122916666666668,0.73,0.6859999999999999,60.26714937286203,5,772,105,20251104_colab_rhee_PTBP1_4,TLE3___TXN_unrelaxed_rank_003_alphafold2_multimer_v3_model_4_seed_000.pdb,20251104_colab_rhee_PTBP1_4/TLE3___TXN_unrelaxed_rank_003_alphafold2_multimer_v3_model_4_seed_000.pdb,20251104_colab_rhee_PTBP1_4/TLE3___TXN_pae.png
PTBP1,KHSRP___ZFR,KHSRP,ZFR,KHSRP,ZFR,KHSRP,ZFR,1,0.3833623701485123,0.2894900748663674,0.5076744234279077,0.35,0.346,42.76099719887955,3,711,1074,20251104_colab_rhee_PTBP1_10,KHSRP___ZFR_unrelaxed_rank_001_alphafold2_multimer_v3_model_4_seed_000.pdb,20251104_colab_rhee_PTBP1_10/KHSRP___ZFR_unrelaxed_rank_001_alphafold2_multimer_v3_model_4_seed_000.pdb,20251104_colab_rhee_PTBP1_10/KHSRP___ZFR_pae.png
PTBP1,SUGP2___NASP,SUGP2,NASP,SUGP2,NASP,SUGP2,NASP,1,0.3830186602851318,0.2906134699036053,0.5048055555555555,0.36,0.348,37.15100534759358,3,1082,788,20251104_colab_rhee_PTBP1_4,SUGP2___NASP_unrelaxed_rank_001_alphafold2_multimer_v3_model_2_seed_000.pdb,20251104_colab_rhee_PTBP1_4/SUGP2___NASP_unrelaxed_rank_001_alphafold2_multimer_v3_model_2_seed_000.pdb,20251104_colab_rhee_PTBP1_4/SUGP2___NASP_pae.png
PTBP1,PSPC1___SRSF11,PSPC1,SRSF11,PSPC1,SRSF11,PSPC1,SRSF11,2,0.3814998027828756,0.2608471494223386,0.5579593253968254,0.4,0.392,48.64801390268123,3,523,484,20251104_colab_rhee_PTBP1_17,PSPC1___SRSF11_unrelaxed_rank_002_alphafold2_multimer_v3_model_1_seed_000.pdb,20251104_colab_rhee_PTBP1_17/PSPC1___SRSF11_unrelaxed_rank_002_alphafold2_multimer_v3_model_1_seed_000.pdb,20251104_colab_rhee_PTBP1_17/PSPC1___SRSF11_pae.png
PTBP1,NASP___FUS,NASP,FUS,NASP,FUS,NASP,FUS,2,0.3810811291960626,0.3187433198602408,0.4556105743424583,0.28,0.288,34.76335616438356,3,788,526,20251104_colab_rhee_PTBP1_14,NASP___FUS_unrelaxed_rank_002_alphafold2_multimer_v3_model_4_seed_000.pdb,20251104_colab_rhee_PTBP1_14/NASP___FUS_unrelaxed_rank_002_alphafold2_multimer_v3_model_4_seed_000.pdb,20251104_colab_rhee_PTBP1_14/NASP___FUS_pae.png
PTBP1,RAVER1___SRSF11,RAVER1,SRSF11,RAVER1,SRSF11,RAVER1,SRSF11,1,0.3799796247941321,0.2889886051928931,0.4996200980392156,0.37,0.37,44.65220183486238,3,606,484,20251104_colab_rhee_PTBP1_1,RAVER1___SRSF11_unrelaxed_rank_001_alphafold2_multimer_v3_model_5_seed_000.pdb,20251104_colab_rhee_PTBP1_1/RAVER1___SRSF11_unrelaxed_rank_001_alphafold2_multimer_v3_model_5_seed_000.pdb,20251104_colab_rhee_PTBP1_1/RAVER1___SRSF11_pae.png
PTBP1,SNRPC___CDC5L,SNRPC,CDC5L,SNRPC,CDC5L,SNRPC,CDC5L,1,0.376536718955508,0.2636743601179931,0.5377083333333333,0.36,0.346,57.34608740894901,3,159,802,20251104_colab_rhee_PTBP1_6,SNRPC___CDC5L_unrelaxed_rank_001_alphafold2_multimer_v3_model_5_seed_000.pdb,20251104_colab_rhee_PTBP1_6/SNRPC___CDC5L_unrelaxed_rank_001_alphafold2_multimer_v3_model_5_seed_000.pdb,20251104_colab_rhee_PTBP1_6/SNRPC___CDC5L_pae.png
PTBP1,NASP___PSPC1,NASP,PSPC1,NASP,PSPC1,NASP,PSPC1,1,0.3763308195586429,0.2691790485091108,0.5261363636363636,0.3,0.302,46.29502669717773,3,788,523,20251104_colab_rhee_PTBP1_5,NASP___PSPC1_unrelaxed_rank_001_alphafold2_multimer_v3_model_5_seed_000.pdb,20251104_colab_rhee_PTBP1_5/NASP___PSPC1_unrelaxed_rank_001_alphafold2_multimer_v3_model_5_seed_000.pdb,20251104_colab_rhee_PTBP1_5/NASP___PSPC1_pae.png
PTBP1,SFPQ___SAFB,SFPQ,SAFB,SFPQ,SAFB,SFPQ,SAFB,2,0.3740542906051944,0.2582624411992378,0.5417613636363635,0.32,0.322,39.11248458692972,3,707,915,20251104_colab_rhee_PTBP1_5,SFPQ___SAFB_unrelaxed_rank_002_alphafold2_multimer_v3_model_2_seed_000.pdb,20251104_colab_rhee_PTBP1_5/SFPQ___SAFB_unrelaxed_rank_002_alphafold2_multimer_v3_model_2_seed_000.pdb,20251104_colab_rhee_PTBP1_5/SFPQ___SAFB_pae.png
PTBP1,SNRPC___CDC5L,SNRPC,CDC5L,SNRPC,CDC5L,SNRPC,CDC5L,2,0.3737656963043378,0.2482781517326728,0.5626785714285714,0.36,0.3399999999999999,55.25154006243496,3,159,802,20251104_colab_rhee_PTBP1_6,SNRPC___CDC5L_unrelaxed_rank_002_alphafold2_multimer_v3_model_2_seed_000.pdb,20251104_colab_rhee_PTBP1_6/SNRPC___CDC5L_unrelaxed_rank_002_alphafold2_multimer_v3_model_2_seed_000.pdb,20251104_colab_rhee_PTBP1_6/SNRPC___CDC5L_pae.png
PTBP1,ZBTB33___DDX17,ZBTB33,DDX17,ZBTB33,DDX17,ZBTB33,DDX17,1,0.3731626584408055,0.2817690764330469,0.4942003267973856,0.47,0.462,49.57062812276945,3,672,729,20251104_colab_rhee_PTBP1_18,ZBTB33___DDX17_unrelaxed_rank_001_alphafold2_multimer_v3_model_3_seed_000.pdb,20251104_colab_rhee_PTBP1_18/ZBTB33___DDX17_unrelaxed_rank_001_alphafold2_multimer_v3_model_3_seed_000.pdb,20251104_colab_rhee_PTBP1_18/ZBTB33___DDX17_pae.png
PTBP1,PPP1R10___DNAJA1,PPP1R10,DNAJA1,PPP1R10,DNAJA1,PPP1R10,DNAJA1,1,0.3714091066445696,0.285113798353813,0.4838233901515151,0.43,0.406,44.63526551982049,3,940,397,20251104_colab_rhee_PTBP1_18,PPP1R10___DNAJA1_unrelaxed_rank_001_alphafold2_multimer_v3_model_2_seed_000.pdb,20251104_colab_rhee_PTBP1_18/PPP1R10___DNAJA1_unrelaxed_rank_001_alphafold2_multimer_v3_model_2_seed_000.pdb,20251104_colab_rhee_PTBP1_18/PPP1R10___DNAJA1_pae.png
PTBP1,SNRPC___SUPT5H,SNRPC,SUPT5H,SNRPC,SUPT5H,SNRPC,SUPT5H,2,0.3708047292258982,0.2534413330766337,0.5425166666666666,0.41,0.378,51.86738362760835,3,159,1087,20251104_colab_rhee_PTBP1_9,SNRPC___SUPT5H_unrelaxed_rank_002_alphafold2_multimer_v3_model_3_seed_000.pdb,20251104_colab_rhee_PTBP1_9/SNRPC___SUPT5H_unrelaxed_rank_002_alphafold2_multimer_v3_model_3_seed_000.pdb,20251104_colab_rhee_PTBP1_9/SNRPC___SUPT5H_pae.png
PTBP1,CSTB___STIP1,CSTB,STIP1,CSTB,STIP1,CSTB,STIP1,3,0.3706725779299918,0.2575594806865754,0.5334618615591398,0.81,0.7540000000000001,84.91845553822152,5,98,543,20251104_colab_rhee_PTBP1_13,CSTB___STIP1_unrelaxed_rank_003_alphafold2_multimer_v3_model_3_seed_000.pdb,20251104_colab_rhee_PTBP1_13/CSTB___STIP1_unrelaxed_rank_003_alphafold2_multimer_v3_model_3_seed_000.pdb,20251104_colab_rhee_PTBP1_13/CSTB___STIP1_pae.png
PTBP1,PTBP3___CCAR2,PTBP3,CCAR2,PTBP3,CCAR2,PTBP3,CCAR2,1,0.3704105477389949,0.2804286884204479,0.4892651128139633,0.29,0.312,59.23285423728814,3,552,923,20251104_colab_rhee_PTBP1_13,PTBP3___CCAR2_unrelaxed_rank_001_alphafold2_multimer_v3_model_5_seed_000.pdb,20251104_colab_rhee_PTBP1_13/PTBP3___CCAR2_unrelaxed_rank_001_alphafold2_multimer_v3_model_5_seed_000.pdb,20251104_colab_rhee_PTBP1_13/PTBP3___CCAR2_pae.png
PTBP1,ZBTB33___PPP1R10,ZBTB33,PPP1R10,ZBTB33,PPP1R10,ZBTB33,PPP1R10,1,0.3700499297932096,0.276202441104228,0.4957847222222222,0.24,0.242,32.31138957816377,3,672,940,20251104_colab_rhee_PTBP1_19,ZBTB33___PPP1R10_unrelaxed_rank_001_alphafold2_multimer_v3_model_1_seed_000.pdb,20251104_colab_rhee_PTBP1_19/ZBTB33___PPP1R10_unrelaxed_rank_001_alphafold2_multimer_v3_model_1_seed_000.pdb,20251104_colab_rhee_PTBP1_19/ZBTB33___PPP1R10_pae.png
PTBP1,ZFR___DHX15,ZFR,DHX15,ZFR,DHX15,ZFR,DHX15,1,0.3677156917560438,0.2602232104742601,0.5196109513720742,0.7,0.6719999999999999,59.28110754414125,5,1074,795,20251104_colab_rhee_PTBP1_2,ZFR___DHX15_unrelaxed_rank_001_alphafold2_multimer_v3_model_4_seed_000.pdb,20251104_colab_rhee_PTBP1_2/ZFR___DHX15_unrelaxed_rank_001_alphafold2_multimer_v3_model_4_seed_000.pdb,20251104_colab_rhee_PTBP1_2/ZFR___DHX15_pae.png
PTBP1,SUGP2___SF1,SUGP2,SF1,SUGP2,SF1,SUGP2,SF1,2,0.3674222490298038,0.293664646443439,0.4597050094966761,0.2,0.21,36.71147588611272,3,1082,639,20251104_colab_rhee_PTBP1_2,SUGP2___SF1_unrelaxed_rank_002_alphafold2_multimer_v3_model_1_seed_000.pdb,20251104_colab_rhee_PTBP1_2/SUGP2___SF1_unrelaxed_rank_002_alphafold2_multimer_v3_model_1_seed_000.pdb,20251104_colab_rhee_PTBP1_2/SUGP2___SF1_pae.png
PTBP1,SET___STIP1,SET,STIP1,SET,STIP1,SET,STIP1,2,0.3671239586332922,0.2726016075887968,0.4944211525189786,0.3,0.314,75.21714285714286,3,290,543,20251104_colab_rhee_PTBP1_20,SET___STIP1_unrelaxed_rank_002_alphafold2_multimer_v3_model_2_seed_000.pdb,20251104_colab_rhee_PTBP1_20/SET___STIP1_unrelaxed_rank_002_alphafold2_multimer_v3_model_2_seed_000.pdb,20251104_colab_rhee_PTBP1_20/SET___STIP1_pae.png
PTBP1,TLE3___SRSF11,TLE3,SRSF11,TLE3,SRSF11,TLE3,SRSF11,2,0.3656439159444878,0.3165936331095529,0.4222936259143156,0.4,0.3960000000000001,47.12925955414013,3,772,484,20251104_colab_rhee_PTBP1_8,TLE3___SRSF11_unrelaxed_rank_002_alphafold2_multimer_v3_model_3_seed_000.pdb,20251104_colab_rhee_PTBP1_8/TLE3___SRSF11_unrelaxed_rank_002_alphafold2_multimer_v3_model_3_seed_000.pdb,20251104_colab_rhee_PTBP1_8/TLE3___SRSF11_pae.png
PTBP1,NASP___CDC37,NASP,CDC37,NASP,CDC37,NASP,CDC37,1,0.3655434434431826,0.3055963614506558,0.4372499999999999,0.41,0.406,48.76796740994854,3,788,378,20251104_colab_rhee_PTBP1_20,NASP___CDC37_unrelaxed_rank_001_alphafold2_multimer_v3_model_2_seed_000.pdb,20251104_colab_rhee_PTBP1_20/NASP___CDC37_unrelaxed_rank_001_alphafold2_multimer_v3_model_2_seed_000.pdb,20251104_colab_rhee_PTBP1_20/NASP___CDC37_pae.png
PTBP1,NASP___PSPC1,NASP,PSPC1,NASP,PSPC1,NASP,PSPC1,3,0.3655403629669767,0.2732743218570684,0.4889583333333333,0.28,0.286,46.81854309687262,3,788,523,20251104_colab_rhee_PTBP1_5,NASP___PSPC1_unrelaxed_rank_003_alphafold2_multimer_v3_model_2_seed_000.pdb,20251104_colab_rhee_PTBP1_5/NASP___PSPC1_unrelaxed_rank_003_alphafold2_multimer_v3_model_2_seed_000.pdb,20251104_colab_rhee_PTBP1_5/NASP___PSPC1_pae.png
PTBP1,NASP___PDK1,NASP,PDK1,NASP,PDK1,NASP,PDK1,5,0.3647939469479551,0.2755209330428014,0.4829927884615385,0.31,0.326,50.97565359477125,3,788,436,20251104_colab_rhee_PTBP1_2,NASP___PDK1_unrelaxed_rank_005_alphafold2_multimer_v3_model_3_seed_000.pdb,20251104_colab_rhee_PTBP1_2/NASP___PDK1_unrelaxed_rank_005_alphafold2_multimer_v3_model_3_seed_000.pdb,20251104_colab_rhee_PTBP1_2/NASP___PDK1_pae.png
PTBP1,PPP1R10___RB1,PPP1R10,RB1,PPP1R10,RB1,PPP1R10,RB1,1,0.3643391119089916,0.257171069923247,0.516166101055807,0.53,0.516,47.62411670235546,5,940,928,20251104_colab_rhee_PTBP1_1,PPP1R10___RB1_unrelaxed_rank_001_alphafold2_multimer_v3_model_4_seed_000.pdb,20251104_colab_rhee_PTBP1_1/PPP1R10___RB1_unrelaxed_rank_001_alphafold2_multimer_v3_model_4_seed_000.pdb,20251104_colab_rhee_PTBP1_1/PPP1R10___RB1_pae.png
PTBP1,NASP___PSPC1,NASP,PSPC1,NASP,PSPC1,NASP,PSPC1,2,0.3639975601100611,0.2540009808601006,0.521628787878788,0.29,0.294,45.28308924485126,3,788,523,20251104_colab_rhee_PTBP1_5,NASP___PSPC1_unrelaxed_rank_002_alphafold2_multimer_v3_model_4_seed_000.pdb,20251104_colab_rhee_PTBP1_5/NASP___PSPC1_unrelaxed_rank_002_alphafold2_multimer_v3_model_4_seed_000.pdb,20251104_colab_rhee_PTBP1_5/NASP___PSPC1_pae.png
PTBP1,SET___SAFB,SET,SAFB,SET,SAFB,SET,SAFB,1,0.3638193648420708,0.2594247508306559,0.5102232142857144,0.45,0.422,42.30373443983402,3,290,915,20251104_colab_rhee_PTBP1_11,SET___SAFB_unrelaxed_rank_001_alphafold2_multimer_v3_model_2_seed_000.pdb,20251104_colab_rhee_PTBP1_11/SET___SAFB_unrelaxed_rank_001_alphafold2_multimer_v3_model_2_seed_000.pdb,20251104_colab_rhee_PTBP1_11/SET___SAFB_pae.png
PTBP1,EPB41___TLE3,EPB41,TLE3,EPB41,TLE3,EPB41,TLE3,2,0.3629135174239245,0.3183219735167215,0.4137515851449276,0.36,0.358,49.39590464547678,3,864,772,20251104_colab_rhee_PTBP1_10,EPB41___TLE3_unrelaxed_rank_002_alphafold2_multimer_v3_model_5_seed_000.pdb,20251104_colab_rhee_PTBP1_10/EPB41___TLE3_unrelaxed_rank_002_alphafold2_multimer_v3_model_5_seed_000.pdb,20251104_colab_rhee_PTBP1_10/EPB41___TLE3_pae.png
PTBP1,SF3B2___ZNF503,SF3B2,ZNF503,SF3B2,ZNF503,SF3B2,ZNF503,1,0.3627004407687711,0.2389132526381128,0.5506249999999999,0.22,0.222,32.09202465931214,3,895,646,20251104_colab_rhee_PTBP1_18,SF3B2___ZNF503_unrelaxed_rank_001_alphafold2_multimer_v3_model_4_seed_000.pdb,20251104_colab_rhee_PTBP1_18/SF3B2___ZNF503_unrelaxed_rank_001_alphafold2_multimer_v3_model_4_seed_000.pdb,20251104_colab_rhee_PTBP1_18/SF3B2___ZNF503_pae.png
PTBP1,FUBP1___RAVER1,FUBP1,RAVER1,FUBP1,RAVER1,FUBP1,RAVER1,1,0.3624290244724807,0.2717692599623583,0.4833320655848547,0.44,0.426,47.073344,3,644,606,20251104_colab_rhee_PTBP1_13,FUBP1___RAVER1_unrelaxed_rank_001_alphafold2_multimer_v3_model_1_seed_000.pdb,20251104_colab_rhee_PTBP1_13/FUBP1___RAVER1_unrelaxed_rank_001_alphafold2_multimer_v3_model_1_seed_000.pdb,20251104_colab_rhee_PTBP1_13/FUBP1___RAVER1_pae.png
PTBP1,TLE3___GFP,TLE3,GFP,TLE3,GFP,TLE3,GFP,2,0.3617332971538149,0.2791716921192132,0.4687114845938375,0.33,0.35,61.60551485148515,3,772,238,20251104_colab_rhee_PTBP1_5,TLE3___GFP_unrelaxed_rank_002_alphafold2_multimer_v3_model_1_seed_000.pdb,20251104_colab_rhee_PTBP1_5/TLE3___GFP_unrelaxed_rank_002_alphafold2_multimer_v3_model_1_seed_000.pdb,20251104_colab_rhee_PTBP1_5/TLE3___GFP_pae.png
PTBP1,NASP___RBM4,NASP,RBM4,NASP,RBM4,NASP,RBM4,4,0.3615113960847796,0.2947262746226817,0.4434300595238095,0.32,0.328,39.65511284722222,3,788,364,20251104_colab_rhee_PTBP1_10,NASP___RBM4_unrelaxed_rank_004_alphafold2_multimer_v3_model_4_seed_000.pdb,20251104_colab_rhee_PTBP1_10/NASP___RBM4_unrelaxed_rank_004_alphafold2_multimer_v3_model_4_seed_000.pdb,20251104_colab_rhee_PTBP1_10/NASP___RBM4_pae.png
PTBP1,U2SURP___CDC5L,U2SURP,CDC5L,U2SURP,CDC5L,U2SURP,CDC5L,1,0.3609544677064254,0.2588046700635942,0.5034226303768559,0.32,0.324,46.98258328782087,3,1029,802,20251104_colab_rhee_PTBP1_18,U2SURP___CDC5L_unrelaxed_rank_001_alphafold2_multimer_v3_model_4_seed_000.pdb,20251104_colab_rhee_PTBP1_18/U2SURP___CDC5L_unrelaxed_rank_001_alphafold2_multimer_v3_model_4_seed_000.pdb,20251104_colab_rhee_PTBP1_18/U2SURP___CDC5L_pae.png
PTBP1,TXN___DNAJA1,TXN,DNAJA1,TXN,DNAJA1,TXN,DNAJA1,1,0.3606276444485416,0.2328477161651989,0.5585294117647058,0.72,0.696,82.84416334661354,5,105,397,20251104_colab_rhee_PTBP1_2,TXN___DNAJA1_unrelaxed_rank_001_alphafold2_multimer_v3_model_4_seed_000.pdb,20251104_colab_rhee_PTBP1_2/TXN___DNAJA1_unrelaxed_rank_001_alphafold2_multimer_v3_model_4_seed_000.pdb,20251104_colab_rhee_PTBP1_2/TXN___DNAJA1_pae.png
PTBP1,PDK1___U2SURP,PDK1,U2SURP,PDK1,U2SURP,PDK1,U2SURP,2,0.3606152752258385,0.2177414230086621,0.5972376543209876,0.67,0.624,54.82556313993174,5,436,1029,20251104_colab_rhee_PTBP1_12,PDK1___U2SURP_unrelaxed_rank_002_alphafold2_multimer_v3_model_4_seed_000.pdb,20251104_colab_rhee_PTBP1_12/PDK1___U2SURP_unrelaxed_rank_002_alphafold2_multimer_v3_model_4_seed_000.pdb,20251104_colab_rhee_PTBP1_12/PDK1___U2SURP_pae.png
PTBP1,CCNT1___FUBP3,CCNT1,FUBP3,CCNT1,FUBP3,CCNT1,FUBP3,1,0.3597559062618185,0.2940719719387372,0.4401110083256244,0.36,0.36,44.51694915254237,3,726,572,20251104_colab_rhee_PTBP1_5,CCNT1___FUBP3_unrelaxed_rank_001_alphafold2_multimer_v3_model_1_seed_000.pdb,20251104_colab_rhee_PTBP1_5/CCNT1___FUBP3_unrelaxed_rank_001_alphafold2_multimer_v3_model_1_seed_000.pdb,20251104_colab_rhee_PTBP1_5/CCNT1___FUBP3_pae.png
PTBP1,SFPQ___SAFB,SFPQ,SAFB,SFPQ,SAFB,SFPQ,SAFB,1,0.3594005695041512,0.2458462098661416,0.5254047619047618,0.34,0.336,39.26863131935882,3,707,915,20251104_colab_rhee_PTBP1_5,SFPQ___SAFB_unrelaxed_rank_001_alphafold2_multimer_v3_model_5_seed_000.pdb,20251104_colab_rhee_PTBP1_5/SFPQ___SAFB_unrelaxed_rank_001_alphafold2_multimer_v3_model_5_seed_000.pdb,20251104_colab_rhee_PTBP1_5/SFPQ___SAFB_pae.png
PTBP1,SUGP2___DNAJA1,SUGP2,DNAJA1,SUGP2,DNAJA1,SUGP2,DNAJA1,2,0.358665994737019,0.272605141675023,0.4718960727969349,0.28,0.278,45.00344151453685,3,1082,397,20251104_colab_rhee_PTBP1_18,SUGP2___DNAJA1_unrelaxed_rank_002_alphafold2_multimer_v3_model_4_seed_000.pdb,20251104_colab_rhee_PTBP1_18/SUGP2___DNAJA1_unrelaxed_rank_002_alphafold2_multimer_v3_model_4_seed_000.pdb,20251104_colab_rhee_PTBP1_18/SUGP2___DNAJA1_pae.png
PTBP1,FUBP1___ZFR,FUBP1,ZFR,FUBP1,ZFR,FUBP1,ZFR,1,0.3573010525490572,0.2753630176491933,0.4636208712504213,0.3,0.308,44.86796274738067,3,644,1074,20251104_colab_rhee_PTBP1_16,FUBP1___ZFR_unrelaxed_rank_001_alphafold2_multimer_v3_model_1_seed_000.pdb,20251104_colab_rhee_PTBP1_16/FUBP1___ZFR_unrelaxed_rank_001_alphafold2_multimer_v3_model_1_seed_000.pdb,20251104_colab_rhee_PTBP1_16/FUBP1___ZFR_pae.png
PTBP1,CDK4___CDC5L,CDK4,CDC5L,CDK4,CDC5L,CDK4,CDC5L,1,0.3569027816013179,0.2341038783738561,0.544115699404762,0.7,0.6419999999999999,63.71543891402715,5,303,802,20251104_colab_rhee_PTBP1_17,CDK4___CDC5L_unrelaxed_rank_001_alphafold2_multimer_v3_model_3_seed_000.pdb,20251104_colab_rhee_PTBP1_17/CDK4___CDC5L_unrelaxed_rank_001_alphafold2_multimer_v3_model_3_seed_000.pdb,20251104_colab_rhee_PTBP1_17/CDK4___CDC5L_pae.png
PTBP1,NASP___CDC5L,NASP,CDC5L,NASP,CDC5L,NASP,CDC5L,1,0.3546015137276844,0.2530668992873557,0.4968734903381643,0.33,0.324,46.04096855345912,3,788,802,20251104_colab_rhee_PTBP1_11,NASP___CDC5L_unrelaxed_rank_001_alphafold2_multimer_v3_model_2_seed_000.pdb,20251104_colab_rhee_PTBP1_11/NASP___CDC5L_unrelaxed_rank_001_alphafold2_multimer_v3_model_2_seed_000.pdb,20251104_colab_rhee_PTBP1_11/NASP___CDC5L_pae.png
PTBP1,NASP___FUBP3,NASP,FUBP3,NASP,FUBP3,NASP,FUBP3,1,0.3545418684960547,0.3145744021828254,0.3995873015873015,0.33,0.328,43.18302205882353,3,788,572,20251104_colab_rhee_PTBP1_16,NASP___FUBP3_unrelaxed_rank_001_alphafold2_multimer_v3_model_2_seed_000.pdb,20251104_colab_rhee_PTBP1_16/NASP___FUBP3_unrelaxed_rank_001_alphafold2_multimer_v3_model_2_seed_000.pdb,20251104_colab_rhee_PTBP1_16/NASP___FUBP3_pae.png
PTBP1,ZNF503___GFP,ZNF503,GFP,ZNF503,GFP,ZNF503,GFP,1,0.3541827799912097,0.2680310628367668,0.4680257590841215,0.63,0.5800000000000001,41.9722963800905,5,646,238,20251104_colab_rhee_PTBP1_12,ZNF503___GFP_unrelaxed_rank_001_alphafold2_multimer_v3_model_1_seed_000.pdb,20251104_colab_rhee_PTBP1_12/ZNF503___GFP_unrelaxed_rank_001_alphafold2_multimer_v3_model_1_seed_000.pdb,20251104_colab_rhee_PTBP1_12/ZNF503___GFP_pae.png
PTBP1,SAFB___CDC37,SAFB,CDC37,SAFB,CDC37,SAFB,CDC37,2,0.3537679063466843,0.2677177545332668,0.467476397966594,0.23,0.236,43.441562258314,3,915,378,20251104_colab_rhee_PTBP1_15,SAFB___CDC37_unrelaxed_rank_002_alphafold2_multimer_v3_model_2_seed_000.pdb,20251104_colab_rhee_PTBP1_15/SAFB___CDC37_unrelaxed_rank_002_alphafold2_multimer_v3_model_2_seed_000.pdb,20251104_colab_rhee_PTBP1_15/SAFB___CDC37_pae.png
PTBP1,ZBTB33___PPP1R10,ZBTB33,PPP1R10,ZBTB33,PPP1R10,ZBTB33,PPP1R10,2,0.3535172608210976,0.2684015112986888,0.465625,0.24,0.242,34.82037841191067,3,672,940,20251104_colab_rhee_PTBP1_19,ZBTB33___PPP1R10_unrelaxed_rank_002_alphafold2_multimer_v3_model_2_seed_000.pdb,20251104_colab_rhee_PTBP1_19/ZBTB33___PPP1R10_unrelaxed_rank_002_alphafold2_multimer_v3_model_2_seed_000.pdb,20251104_colab_rhee_PTBP1_19/ZBTB33___PPP1R10_pae.png
PTBP1,NASP___SMAP,NASP,SMAP,NASP,SMAP,NASP,SMAP,3,0.3526460379342593,0.2720268631526467,0.4571578947368422,0.3,0.314,39.13889804325438,3,788,183,20251104_colab_rhee_PTBP1_2,NASP___SMAP_unrelaxed_rank_003_alphafold2_multimer_v3_model_3_seed_000.pdb,20251104_colab_rhee_PTBP1_2/NASP___SMAP_unrelaxed_rank_003_alphafold2_multimer_v3_model_3_seed_000.pdb,20251104_colab_rhee_PTBP1_2/NASP___SMAP_pae.png
PTBP1,SF1___SRSF11,SF1,SRSF11,SF1,SRSF11,SF1,SRSF11,2,0.3516184420754603,0.2489370605435533,0.4966537667698657,0.24,0.244,38.50100623330365,3,639,484,20251104_colab_rhee_PTBP1_17,SF1___SRSF11_unrelaxed_rank_002_alphafold2_multimer_v3_model_5_seed_000.pdb,20251104_colab_rhee_PTBP1_17/SF1___SRSF11_unrelaxed_rank_002_alphafold2_multimer_v3_model_5_seed_000.pdb,20251104_colab_rhee_PTBP1_17/SF1___SRSF11_pae.png
PTBP1,HMGB1___SF3A3,HMGB1,SF3A3,HMGB1,SF3A3,HMGB1,SF3A3,2,0.3515948041982387,0.2249512553901741,0.5495364145658264,0.46,0.4780000000000001,72.60037709497206,3,215,501,20251104_colab_rhee_PTBP1_8,HMGB1___SF3A3_unrelaxed_rank_002_alphafold2_multimer_v3_model_3_seed_000.pdb,20251104_colab_rhee_PTBP1_8/HMGB1___SF3A3_unrelaxed_rank_002_alphafold2_multimer_v3_model_3_seed_000.pdb,20251104_colab_rhee_PTBP1_8/HMGB1___SF3A3_pae.png
PTBP1,NASP___NONO,NASP,NONO,NASP,NONO,NASP,NONO,1,0.3514942464411378,0.2600099076819804,0.4751672979797979,0.29,0.294,47.20691818903892,3,788,471,20251104_colab_rhee_PTBP1_11,NASP___NONO_unrelaxed_rank_001_alphafold2_multimer_v3_model_5_seed_000.pdb,20251104_colab_rhee_PTBP1_11/NASP___NONO_unrelaxed_rank_001_alphafold2_multimer_v3_model_5_seed_000.pdb,20251104_colab_rhee_PTBP1_11/NASP___NONO_pae.png
PTBP1,CIZ1___PSPC1,CIZ1,PSPC1,CIZ1,PSPC1,CIZ1,PSPC1,1,0.3511795099296408,0.2380235289960929,0.5181296517809676,0.47,0.444,39.98344123856439,3,898,523,20251104_colab_rhee_PTBP1_9,CIZ1___PSPC1_unrelaxed_rank_001_alphafold2_multimer_v3_model_5_seed_000.pdb,20251104_colab_rhee_PTBP1_9/CIZ1___PSPC1_unrelaxed_rank_001_alphafold2_multimer_v3_model_5_seed_000.pdb,20251104_colab_rhee_PTBP1_9/CIZ1___PSPC1_pae.png
PTBP1,CCNT1___ZNF503,CCNT1,ZNF503,CCNT1,ZNF503,CCNT1,ZNF503,2,0.3506657114946817,0.286173127067303,0.429692481884058,0.32,0.324,32.76209912536443,3,726,646,20251104_colab_rhee_PTBP1_13,CCNT1___ZNF503_unrelaxed_rank_002_alphafold2_multimer_v3_model_5_seed_000.pdb,20251104_colab_rhee_PTBP1_13/CCNT1___ZNF503_unrelaxed_rank_002_alphafold2_multimer_v3_model_5_seed_000.pdb,20251104_colab_rhee_PTBP1_13/CCNT1___ZNF503_pae.png
PTBP1,SF1___PCCA,SF1,PCCA,SF1,PCCA,SF1,PCCA,1,0.3500393312058683,0.1974159948850859,0.6206565656565656,0.52,0.53,62.29535479151426,5,639,728,20251104_colab_rhee_PTBP1_3,SF1___PCCA_unrelaxed_rank_001_alphafold2_multimer_v3_model_3_seed_000.pdb,20251104_colab_rhee_PTBP1_3/SF1___PCCA_unrelaxed_rank_001_alphafold2_multimer_v3_model_3_seed_000.pdb,20251104_colab_rhee_PTBP1_3/SF1___PCCA_pae.png
PTBP1,ATP5PD___EDC3,ATP5PD,EDC3,ATP5PD,EDC3,ATP5PD,EDC3,1,0.3484986890056194,0.2216021235341205,0.5480603448275863,0.4,0.418,66.40711509715995,3,161,508,20251104_colab_rhee_PTBP1_1,ATP5PD___EDC3_unrelaxed_rank_001_alphafold2_multimer_v3_model_3_seed_000.pdb,20251104_colab_rhee_PTBP1_1/ATP5PD___EDC3_unrelaxed_rank_001_alphafold2_multimer_v3_model_3_seed_000.pdb,20251104_colab_rhee_PTBP1_1/ATP5PD___EDC3_pae.png
PTBP1,CIZ1___SET,CIZ1,SET,CIZ1,SET,CIZ1,SET,1,0.3462381639356582,0.2408632996040622,0.4977132936507937,0.57,0.52,37.85972222222222,5,898,290,20251104_colab_rhee_PTBP1_20,CIZ1___SET_unrelaxed_rank_001_alphafold2_multimer_v3_model_5_seed_000.pdb,20251104_colab_rhee_PTBP1_20/CIZ1___SET_unrelaxed_rank_001_alphafold2_multimer_v3_model_5_seed_000.pdb,20251104_colab_rhee_PTBP1_20/CIZ1___SET_pae.png
PTBP1,NASP___SMAP,NASP,SMAP,NASP,SMAP,NASP,SMAP,4,0.346230134161204,0.2646759979882843,0.4529133986928104,0.27,0.288,37.71844490216272,3,788,183,20251104_colab_rhee_PTBP1_2,NASP___SMAP_unrelaxed_rank_004_alphafold2_multimer_v3_model_1_seed_000.pdb,20251104_colab_rhee_PTBP1_2/NASP___SMAP_unrelaxed_rank_004_alphafold2_multimer_v3_model_1_seed_000.pdb,20251104_colab_rhee_PTBP1_2/NASP___SMAP_pae.png
PTBP1,ATP5PD___EDC3,ATP5PD,EDC3,ATP5PD,EDC3,ATP5PD,EDC3,2,0.3458600278799497,0.2217057269494121,0.5395402298850576,0.4,0.416,66.72938714499253,3,161,508,20251104_colab_rhee_PTBP1_1,ATP5PD___EDC3_unrelaxed_rank_002_alphafold2_multimer_v3_model_2_seed_000.pdb,20251104_colab_rhee_PTBP1_1/ATP5PD___EDC3_unrelaxed_rank_002_alphafold2_multimer_v3_model_2_seed_000.pdb,20251104_colab_rhee_PTBP1_1/ATP5PD___EDC3_pae.png
PTBP1,SF1___PCCA,SF1,PCCA,SF1,PCCA,SF1,PCCA,3,0.3434887722525933,0.1892940646166255,0.6232870370370369,0.49,0.504,61.61075347476226,5,639,728,20251104_colab_rhee_PTBP1_3,SF1___PCCA_unrelaxed_rank_003_alphafold2_multimer_v3_model_4_seed_000.pdb,20251104_colab_rhee_PTBP1_3/SF1___PCCA_unrelaxed_rank_003_alphafold2_multimer_v3_model_4_seed_000.pdb,20251104_colab_rhee_PTBP1_3/SF1___PCCA_pae.png
PTBP1,TLE3___FUBP3,TLE3,FUBP3,TLE3,FUBP3,TLE3,FUBP3,3,0.3432536085454418,0.2525762435782734,0.4664850427350427,0.41,0.406,52.35960565476191,3,772,572,20251104_colab_rhee_PTBP1_5,TLE3___FUBP3_unrelaxed_rank_003_alphafold2_multimer_v3_model_5_seed_000.pdb,20251104_colab_rhee_PTBP1_5/TLE3___FUBP3_unrelaxed_rank_003_alphafold2_multimer_v3_model_5_seed_000.pdb,20251104_colab_rhee_PTBP1_5/TLE3___FUBP3_pae.png
PTBP1,TXN___SF1,TXN,SF1,TXN,SF1,TXN,SF1,1,0.3432416211542904,0.2890439543094749,0.4076017115600449,0.74,0.644,47.78120967741936,5,105,639,20251104_colab_rhee_PTBP1_7,TXN___SF1_unrelaxed_rank_001_alphafold2_multimer_v3_model_3_seed_000.pdb,20251104_colab_rhee_PTBP1_7/TXN___SF1_unrelaxed_rank_001_alphafold2_multimer_v3_model_3_seed_000.pdb,20251104_colab_rhee_PTBP1_7/TXN___SF1_pae.png
PTBP1,CDC37___ZNF503,CDC37,ZNF503,CDC37,ZNF503,CDC37,ZNF503,1,0.3419031832074528,0.2781606977108466,0.4202527087737843,0.45,0.426,39.642578125,3,378,646,20251104_colab_rhee_PTBP1_13,CDC37___ZNF503_unrelaxed_rank_001_alphafold2_multimer_v3_model_4_seed_000.pdb,20251104_colab_rhee_PTBP1_13/CDC37___ZNF503_unrelaxed_rank_001_alphafold2_multimer_v3_model_4_seed_000.pdb,20251104_colab_rhee_PTBP1_13/CDC37___ZNF503_pae.png
PTBP1,PTBP3___PPP1R10,PTBP3,PPP1R10,PTBP3,PPP1R10,PTBP3,PPP1R10,1,0.3411928190006964,0.2418715496916939,0.4812990196078431,0.27,0.268,43.30041554959786,3,552,940,20251104_colab_rhee_PTBP1_14,PTBP3___PPP1R10_unrelaxed_rank_001_alphafold2_multimer_v3_model_4_seed_000.pdb,20251104_colab_rhee_PTBP1_14/PTBP3___PPP1R10_unrelaxed_rank_001_alphafold2_multimer_v3_model_4_seed_000.pdb,20251104_colab_rhee_PTBP1_14/PTBP3___PPP1R10_pae.png
PTBP1,SF3B2___SF3A3,SF3B2,SF3A3,SF3B2,SF3A3,SF3B2,SF3A3,5,0.3410710977732667,0.2210310885404356,0.5263037634408602,0.27,0.278,52.18687679083094,3,895,501,20251104_colab_rhee_PTBP1_7,SF3B2___SF3A3_unrelaxed_rank_005_alphafold2_multimer_v3_model_2_seed_000.pdb,20251104_colab_rhee_PTBP1_7/SF3B2___SF3A3_unrelaxed_rank_005_alphafold2_multimer_v3_model_2_seed_000.pdb,20251104_colab_rhee_PTBP1_7/SF3B2___SF3A3_pae.png
PTBP1,FUBP1___CHERP,FUBP1,CHERP,FUBP1,CHERP,FUBP1,CHERP,2,0.3406253424309147,0.2513678405641773,0.4615770404271548,0.22,0.236,44.98692948717949,3,644,916,20251104_colab_rhee_PTBP1_5,FUBP1___CHERP_unrelaxed_rank_002_alphafold2_multimer_v3_model_3_seed_000.pdb,20251104_colab_rhee_PTBP1_5/FUBP1___CHERP_unrelaxed_rank_002_alphafold2_multimer_v3_model_3_seed_000.pdb,20251104_colab_rhee_PTBP1_5/FUBP1___CHERP_pae.png
PTBP1,TLE3___DNAJA1,TLE3,DNAJA1,TLE3,DNAJA1,TLE3,DNAJA1,2,0.3406014957209727,0.2964448097809718,0.3913355034722223,0.4,0.4000000000000001,63.01098374679213,3,772,397,20251104_colab_rhee_PTBP1_6,TLE3___DNAJA1_unrelaxed_rank_002_alphafold2_multimer_v3_model_3_seed_000.pdb,20251104_colab_rhee_PTBP1_6/TLE3___DNAJA1_unrelaxed_rank_002_alphafold2_multimer_v3_model_3_seed_000.pdb,20251104_colab_rhee_PTBP1_6/TLE3___DNAJA1_pae.png
PTBP1,SFPQ___NASP,SFPQ,NASP,SFPQ,NASP,SFPQ,NASP,4,0.3401584533731618,0.2438984025437444,0.4744097222222221,0.31,0.308,43.0820602006689,3,707,788,20251104_colab_rhee_PTBP1_19,SFPQ___NASP_unrelaxed_rank_004_alphafold2_multimer_v3_model_2_seed_000.pdb,20251104_colab_rhee_PTBP1_19/SFPQ___NASP_unrelaxed_rank_004_alphafold2_multimer_v3_model_2_seed_000.pdb,20251104_colab_rhee_PTBP1_19/SFPQ___NASP_pae.png
PTBP1,NASP___DAZAP1,NASP,DAZAP1,NASP,DAZAP1,NASP,DAZAP1,2,0.3397706765808365,0.2743452797036837,0.4207986111111112,0.25,0.266,38.09444351464435,3,788,407,20251104_colab_rhee_PTBP1_12,NASP___DAZAP1_unrelaxed_rank_002_alphafold2_multimer_v3_model_3_seed_000.pdb,20251104_colab_rhee_PTBP1_12/NASP___DAZAP1_unrelaxed_rank_002_alphafold2_multimer_v3_model_3_seed_000.pdb,20251104_colab_rhee_PTBP1_12/NASP___DAZAP1_pae.png
PTBP1,CIZ1___CDC37,CIZ1,CDC37,CIZ1,CDC37,CIZ1,CDC37,1,0.3392773135713539,0.2356711289515884,0.4884310437866173,0.42,0.396,38.36606583072101,3,898,378,20251104_colab_rhee_PTBP1_11,CIZ1___CDC37_unrelaxed_rank_001_alphafold2_multimer_v3_model_4_seed_000.pdb,20251104_colab_rhee_PTBP1_11/CIZ1___CDC37_unrelaxed_rank_001_alphafold2_multimer_v3_model_4_seed_000.pdb,20251104_colab_rhee_PTBP1_11/CIZ1___CDC37_pae.png
PTBP1,NASP___ZFR,NASP,ZFR,NASP,ZFR,NASP,ZFR,1,0.3389624154103971,0.2578128382826619,0.445654761904762,0.36,0.352,41.54566595059076,3,788,1074,20251104_colab_rhee_PTBP1_16,NASP___ZFR_unrelaxed_rank_001_alphafold2_multimer_v3_model_3_seed_000.pdb,20251104_colab_rhee_PTBP1_16/NASP___ZFR_unrelaxed_rank_001_alphafold2_multimer_v3_model_3_seed_000.pdb,20251104_colab_rhee_PTBP1_16/NASP___ZFR_pae.png
PTBP1,SMAP___CDC37,SMAP,CDC37,SMAP,CDC37,SMAP,CDC37,1,0.3385690659475957,0.2822595308152684,0.4061121057118499,0.32,0.34,58.12581105169341,3,183,378,20251104_colab_rhee_PTBP1_19,SMAP___CDC37_unrelaxed_rank_001_alphafold2_multimer_v3_model_4_seed_000.pdb,20251104_colab_rhee_PTBP1_19/SMAP___CDC37_unrelaxed_rank_001_alphafold2_multimer_v3_model_4_seed_000.pdb,20251104_colab_rhee_PTBP1_19/SMAP___CDC37_pae.png
PTBP1,MRPL12___PDK1,MRPL12,PDK1,MRPL12,PDK1,MRPL12,PDK1,1,0.3384734431603575,0.2765087642019874,0.4143241971207086,0.54,0.556,70.29526813880126,5,198,436,20251104_colab_rhee_PTBP1_8,MRPL12___PDK1_unrelaxed_rank_001_alphafold2_multimer_v3_model_5_seed_000.pdb,20251104_colab_rhee_PTBP1_8/MRPL12___PDK1_unrelaxed_rank_001_alphafold2_multimer_v3_model_5_seed_000.pdb,20251104_colab_rhee_PTBP1_8/MRPL12___PDK1_pae.png
PTBP1,RAVER1___PTBP1,RAVER1,PTBP1,RAVER1,PTBP1,RAVER1,PTBP1,3,0.3376066366533464,0.2580800634235619,0.4416390774258421,0.27,0.29,57.95889079965606,3,606,557,20251104_colab_rhee_PTBP1_9,RAVER1___PTBP1_unrelaxed_rank_003_alphafold2_multimer_v3_model_4_seed_000.pdb,20251104_colab_rhee_PTBP1_9/RAVER1___PTBP1_unrelaxed_rank_003_alphafold2_multimer_v3_model_4_seed_000.pdb,20251104_colab_rhee_PTBP1_9/RAVER1___PTBP1_pae.png
PTBP1,FUBP3___FAM50A,FUBP3,FAM50A,FUBP3,FAM50A,FUBP3,FAM50A,1,0.3365803078427189,0.238279754936789,0.4754340277777777,0.41,0.386,55.90541163556532,3,572,339,20251104_colab_rhee_PTBP1_7,FUBP3___FAM50A_unrelaxed_rank_001_alphafold2_multimer_v3_model_2_seed_000.pdb,20251104_colab_rhee_PTBP1_7/FUBP3___FAM50A_unrelaxed_rank_001_alphafold2_multimer_v3_model_2_seed_000.pdb,20251104_colab_rhee_PTBP1_7/FUBP3___FAM50A_pae.png
PTBP1,MATR3___PTBP1,MATR3,PTBP1,MATR3,PTBP1,MATR3,PTBP1,3,0.3363674385261733,0.2573634338794493,0.4396236559139785,0.28,0.278,46.36819088319088,3,847,557,20251104_colab_rhee_PTBP1_2,MATR3___PTBP1_unrelaxed_rank_003_alphafold2_multimer_v3_model_1_seed_000.pdb,20251104_colab_rhee_PTBP1_2/MATR3___PTBP1_unrelaxed_rank_003_alphafold2_multimer_v3_model_1_seed_000.pdb,20251104_colab_rhee_PTBP1_2/MATR3___PTBP1_pae.png
PTBP1,ANP32A___FAM50A,ANP32A,FAM50A,ANP32A,FAM50A,ANP32A,FAM50A,1,0.3358589768479051,0.258786986155166,0.4358845628415301,0.48,0.482,63.72874149659864,4,249,339,20251104_colab_rhee_PTBP1_4,ANP32A___FAM50A_unrelaxed_rank_001_alphafold2_multimer_v3_model_4_seed_000.pdb,20251104_colab_rhee_PTBP1_4/ANP32A___FAM50A_unrelaxed_rank_001_alphafold2_multimer_v3_model_4_seed_000.pdb,20251104_colab_rhee_PTBP1_4/ANP32A___FAM50A_pae.png
PTBP1,ZNF503___CDC5L,ZNF503,CDC5L,ZNF503,CDC5L,ZNF503,CDC5L,3,0.3357404810994684,0.2429138131553042,0.4640397727272726,0.28,0.278,42.63633287292818,3,646,802,20251104_colab_rhee_PTBP1_7,ZNF503___CDC5L_unrelaxed_rank_003_alphafold2_multimer_v3_model_2_seed_000.pdb,20251104_colab_rhee_PTBP1_7/ZNF503___CDC5L_unrelaxed_rank_003_alphafold2_multimer_v3_model_2_seed_000.pdb,20251104_colab_rhee_PTBP1_7/ZNF503___CDC5L_pae.png
PTBP1,CSTB___STIP1,CSTB,STIP1,CSTB,STIP1,CSTB,STIP1,4,0.3352477698231293,0.2376845976042063,0.4728580156402736,0.79,0.7360000000000001,85.56477379095163,5,98,543,20251104_colab_rhee_PTBP1_13,CSTB___STIP1_unrelaxed_rank_004_alphafold2_multimer_v3_model_1_seed_000.pdb,20251104_colab_rhee_PTBP1_13/CSTB___STIP1_unrelaxed_rank_004_alphafold2_multimer_v3_model_1_seed_000.pdb,20251104_colab_rhee_PTBP1_13/CSTB___STIP1_pae.png
PTBP1,SMAP___HMGB1,SMAP,HMGB1,SMAP,HMGB1,SMAP,HMGB1,3,0.335217486792299,0.2619347787561538,0.4290028379772962,0.31,0.316,52.02763819095478,3,183,215,20251104_colab_rhee_PTBP1_11,SMAP___HMGB1_unrelaxed_rank_003_alphafold2_multimer_v3_model_2_seed_000.pdb,20251104_colab_rhee_PTBP1_11/SMAP___HMGB1_unrelaxed_rank_003_alphafold2_multimer_v3_model_2_seed_000.pdb,20251104_colab_rhee_PTBP1_11/SMAP___HMGB1_pae.png
PTBP1,KHSRP___ZFR,KHSRP,ZFR,KHSRP,ZFR,KHSRP,ZFR,2,0.3350133694544616,0.2640394118035815,0.425065170940171,0.31,0.314,43.80896358543417,3,711,1074,20251104_colab_rhee_PTBP1_10,KHSRP___ZFR_unrelaxed_rank_002_alphafold2_multimer_v3_model_1_seed_000.pdb,20251104_colab_rhee_PTBP1_10/KHSRP___ZFR_unrelaxed_rank_002_alphafold2_multimer_v3_model_1_seed_000.pdb,20251104_colab_rhee_PTBP1_10/KHSRP___ZFR_pae.png
PTBP1,NASP___FUS,NASP,FUS,NASP,FUS,NASP,FUS,3,0.3349870267605324,0.2828091351831019,0.3967916666666667,0.25,0.264,34.93647640791476,3,788,526,20251104_colab_rhee_PTBP1_14,NASP___FUS_unrelaxed_rank_003_alphafold2_multimer_v3_model_3_seed_000.pdb,20251104_colab_rhee_PTBP1_14/NASP___FUS_unrelaxed_rank_003_alphafold2_multimer_v3_model_3_seed_000.pdb,20251104_colab_rhee_PTBP1_14/NASP___FUS_pae.png
PTBP1,KHSRP___CHERP,KHSRP,CHERP,KHSRP,CHERP,KHSRP,CHERP,4,0.33473510318747,0.2561208800877924,0.4374793233082707,0.23,0.244,45.98357713583282,3,711,916,20251104_colab_rhee_PTBP1_17,KHSRP___CHERP_unrelaxed_rank_004_alphafold2_multimer_v3_model_2_seed_000.pdb,20251104_colab_rhee_PTBP1_17/KHSRP___CHERP_unrelaxed_rank_004_alphafold2_multimer_v3_model_2_seed_000.pdb,20251104_colab_rhee_PTBP1_17/KHSRP___CHERP_pae.png
PTBP1,CIZ1___PTBP1,CIZ1,PTBP1,CIZ1,PTBP1,CIZ1,PTBP1,2,0.3345979329157808,0.2516520482815647,0.4448832325268816,0.29,0.286,40.17609621993128,3,898,557,20251104_colab_rhee_PTBP1_2,CIZ1___PTBP1_unrelaxed_rank_002_alphafold2_multimer_v3_model_3_seed_000.pdb,20251104_colab_rhee_PTBP1_2/CIZ1___PTBP1_unrelaxed_rank_002_alphafold2_multimer_v3_model_3_seed_000.pdb,20251104_colab_rhee_PTBP1_2/CIZ1___PTBP1_pae.png
PTBP1,SF1___LUC7L2,SF1,LUC7L2,SF1,LUC7L2,SF1,LUC7L2,1,0.33355326860092,0.2054373937587153,0.5415653935185185,0.52,0.496,49.66054316197866,5,639,392,20251104_colab_rhee_PTBP1_8,SF1___LUC7L2_unrelaxed_rank_001_alphafold2_multimer_v3_model_2_seed_000.pdb,20251104_colab_rhee_PTBP1_8/SF1___LUC7L2_unrelaxed_rank_001_alphafold2_multimer_v3_model_2_seed_000.pdb,20251104_colab_rhee_PTBP1_8/SF1___LUC7L2_pae.png
PTBP1,NASP___ZFR,NASP,ZFR,NASP,ZFR,NASP,ZFR,2,0.3334101501448373,0.2591657939548745,0.4289236111111111,0.35,0.3419999999999999,41.63694951664876,3,788,1074,20251104_colab_rhee_PTBP1_16,NASP___ZFR_unrelaxed_rank_002_alphafold2_multimer_v3_model_1_seed_000.pdb,20251104_colab_rhee_PTBP1_16/NASP___ZFR_unrelaxed_rank_002_alphafold2_multimer_v3_model_1_seed_000.pdb,20251104_colab_rhee_PTBP1_16/NASP___ZFR_pae.png
PTBP1,TLE3___PPP1R10,TLE3,PPP1R10,TLE3,PPP1R10,TLE3,PPP1R10,1,0.3331736297716969,0.2780602613315875,0.3992108294930875,0.41,0.396,40.99830607476635,3,772,940,20251104_colab_rhee_PTBP1_9,TLE3___PPP1R10_unrelaxed_rank_001_alphafold2_multimer_v3_model_4_seed_000.pdb,20251104_colab_rhee_PTBP1_9/TLE3___PPP1R10_unrelaxed_rank_001_alphafold2_multimer_v3_model_4_seed_000.pdb,20251104_colab_rhee_PTBP1_9/TLE3___PPP1R10_pae.png
PTBP1,TLE3___SAFB,TLE3,SAFB,TLE3,SAFB,TLE3,SAFB,4,0.3328006990522999,0.2419164051807099,0.4578288322652832,0.28,0.292,42.47427978660344,3,772,915,20251104_colab_rhee_PTBP1_7,TLE3___SAFB_unrelaxed_rank_004_alphafold2_multimer_v3_model_5_seed_000.pdb,20251104_colab_rhee_PTBP1_7/TLE3___SAFB_unrelaxed_rank_004_alphafold2_multimer_v3_model_5_seed_000.pdb,20251104_colab_rhee_PTBP1_7/TLE3___SAFB_pae.png
PTBP1,FUBP1___CHERP,FUBP1,CHERP,FUBP1,CHERP,FUBP1,CHERP,1,0.3327781898086897,0.2562550313382318,0.4321527777777776,0.23,0.246,47.6774358974359,3,644,916,20251104_colab_rhee_PTBP1_5,FUBP1___CHERP_unrelaxed_rank_001_alphafold2_multimer_v3_model_2_seed_000.pdb,20251104_colab_rhee_PTBP1_5/FUBP1___CHERP_unrelaxed_rank_001_alphafold2_multimer_v3_model_2_seed_000.pdb,20251104_colab_rhee_PTBP1_5/FUBP1___CHERP_pae.png
PTBP1,ZFR___HMGB1,ZFR,HMGB1,ZFR,HMGB1,ZFR,HMGB1,1,0.3321084049702389,0.2341111835907359,0.4711265432098766,0.39,0.382,50.3277889837083,3,1074,215,20251104_colab_rhee_PTBP1_7,ZFR___HMGB1_unrelaxed_rank_001_alphafold2_multimer_v3_model_2_seed_000.pdb,20251104_colab_rhee_PTBP1_7/ZFR___HMGB1_unrelaxed_rank_001_alphafold2_multimer_v3_model_2_seed_000.pdb,20251104_colab_rhee_PTBP1_7/ZFR___HMGB1_pae.png
PTBP1,ZNF503___RB1,ZNF503,RB1,ZNF503,RB1,ZNF503,RB1,2,0.3317567525327944,0.2298223816963835,0.4789026292335116,0.52,0.518,48.52452350698857,5,646,928,20251104_colab_rhee_PTBP1_4,ZNF503___RB1_unrelaxed_rank_002_alphafold2_multimer_v3_model_3_seed_000.pdb,20251104_colab_rhee_PTBP1_4/ZNF503___RB1_unrelaxed_rank_002_alphafold2_multimer_v3_model_3_seed_000.pdb,20251104_colab_rhee_PTBP1_4/ZNF503___RB1_pae.png
PTBP1,XRN2___SAFB,XRN2,SAFB,XRN2,SAFB,XRN2,SAFB,1,0.3314896706002577,0.2393556164457455,0.4590884615384615,0.52,0.514,49.33917962466488,5,950,915,20251104_colab_rhee_PTBP1_19,XRN2___SAFB_unrelaxed_rank_001_alphafold2_multimer_v3_model_5_seed_000.pdb,20251104_colab_rhee_PTBP1_19/XRN2___SAFB_unrelaxed_rank_001_alphafold2_multimer_v3_model_5_seed_000.pdb,20251104_colab_rhee_PTBP1_19/XRN2___SAFB_pae.png
PTBP1,TLE3___SRSF11,TLE3,SRSF11,TLE3,SRSF11,TLE3,SRSF11,4,0.3314850808581383,0.2871405893261664,0.3826779038428099,0.35,0.358,45.44230891719745,3,772,484,20251104_colab_rhee_PTBP1_8,TLE3___SRSF11_unrelaxed_rank_004_alphafold2_multimer_v3_model_4_seed_000.pdb,20251104_colab_rhee_PTBP1_8/TLE3___SRSF11_unrelaxed_rank_004_alphafold2_multimer_v3_model_4_seed_000.pdb,20251104_colab_rhee_PTBP1_8/TLE3___SRSF11_pae.png
PTBP1,ZBTB33___GFP,ZBTB33,GFP,ZBTB33,GFP,ZBTB33,GFP,2,0.3313080128235727,0.2277174771035222,0.4820227272727273,0.67,0.606,51.0645054945055,5,672,238,20251104_colab_rhee_PTBP1_4,ZBTB33___GFP_unrelaxed_rank_002_alphafold2_multimer_v3_model_2_seed_000.pdb,20251104_colab_rhee_PTBP1_4/ZBTB33___GFP_unrelaxed_rank_002_alphafold2_multimer_v3_model_2_seed_000.pdb,20251104_colab_rhee_PTBP1_4/ZBTB33___GFP_pae.png
PTBP1,CIZ1___RB1,CIZ1,RB1,CIZ1,RB1,CIZ1,RB1,1,0.3308755974616431,0.2564285761880964,0.426936274509804,0.48,0.476,45.66048192771084,4,898,928,20251104_colab_rhee_PTBP1_17,CIZ1___RB1_unrelaxed_rank_001_alphafold2_multimer_v3_model_1_seed_000.pdb,20251104_colab_rhee_PTBP1_17/CIZ1___RB1_unrelaxed_rank_001_alphafold2_multimer_v3_model_1_seed_000.pdb,20251104_colab_rhee_PTBP1_17/CIZ1___RB1_pae.png
PTBP1,SET___STIP1,SET,STIP1,SET,STIP1,SET,STIP1,1,0.3307413620350692,0.2624635948144083,0.4167810344827586,0.31,0.322,74.18249699879952,3,290,543,20251104_colab_rhee_PTBP1_20,SET___STIP1_unrelaxed_rank_001_alphafold2_multimer_v3_model_5_seed_000.pdb,20251104_colab_rhee_PTBP1_20/SET___STIP1_unrelaxed_rank_001_alphafold2_multimer_v3_model_5_seed_000.pdb,20251104_colab_rhee_PTBP1_20/SET___STIP1_pae.png
PTBP1,PTBP3___TLE3,PTBP3,TLE3,PTBP3,TLE3,PTBP3,TLE3,2,0.3303182006491883,0.2813727859945722,0.3877777777777778,0.35,0.356,59.21311178247734,3,552,772,20251104_colab_rhee_PTBP1_14,PTBP3___TLE3_unrelaxed_rank_002_alphafold2_multimer_v3_model_2_seed_000.pdb,20251104_colab_rhee_PTBP1_14/PTBP3___TLE3_unrelaxed_rank_002_alphafold2_multimer_v3_model_2_seed_000.pdb,20251104_colab_rhee_PTBP1_14/PTBP3___TLE3_pae.png
PTBP1,FUS___SRSF11,FUS,SRSF11,FUS,SRSF11,FUS,SRSF11,1,0.3296226416363394,0.2526769439053922,0.4299999999999999,0.18,0.188,34.6820297029703,3,526,484,20251104_colab_rhee_PTBP1_7,FUS___SRSF11_unrelaxed_rank_001_alphafold2_multimer_v3_model_2_seed_000.pdb,20251104_colab_rhee_PTBP1_7/FUS___SRSF11_unrelaxed_rank_001_alphafold2_multimer_v3_model_2_seed_000.pdb,20251104_colab_rhee_PTBP1_7/FUS___SRSF11_pae.png
PTBP1,EPB41___TLE3,EPB41,TLE3,EPB41,TLE3,EPB41,TLE3,1,0.3295845946316719,0.2977881321974003,0.3647761387163561,0.37,0.368,50.97521393643032,3,864,772,20251104_colab_rhee_PTBP1_10,EPB41___TLE3_unrelaxed_rank_001_alphafold2_multimer_v3_model_2_seed_000.pdb,20251104_colab_rhee_PTBP1_10/EPB41___TLE3_unrelaxed_rank_001_alphafold2_multimer_v3_model_2_seed_000.pdb,20251104_colab_rhee_PTBP1_10/EPB41___TLE3_pae.png
PTBP1,SF1___ANP32A,SF1,ANP32A,SF1,ANP32A,SF1,ANP32A,1,0.3290274298685699,0.2737484905225772,0.3954690285204992,0.52,0.486,44.99844594594595,4,639,249,20251104_colab_rhee_PTBP1_20,SF1___ANP32A_unrelaxed_rank_001_alphafold2_multimer_v3_model_3_seed_000.pdb,20251104_colab_rhee_PTBP1_20/SF1___ANP32A_unrelaxed_rank_001_alphafold2_multimer_v3_model_3_seed_000.pdb,20251104_colab_rhee_PTBP1_20/SF1___ANP32A_pae.png
PTBP1,NASP___ZFR,NASP,ZFR,NASP,ZFR,NASP,ZFR,4,0.3288836574248055,0.2332986172852436,0.4636309523809525,0.34,0.338,40.26063372717508,3,788,1074,20251104_colab_rhee_PTBP1_16,NASP___ZFR_unrelaxed_rank_004_alphafold2_multimer_v3_model_4_seed_000.pdb,20251104_colab_rhee_PTBP1_16/NASP___ZFR_unrelaxed_rank_004_alphafold2_multimer_v3_model_4_seed_000.pdb,20251104_colab_rhee_PTBP1_16/NASP___ZFR_pae.png
PTBP1,SF1___LUC7L2,SF1,LUC7L2,SF1,LUC7L2,SF1,LUC7L2,2,0.3287567683098613,0.1924501902974456,0.561605122564425,0.48,0.464,49.84148399612027,4,639,392,20251104_colab_rhee_PTBP1_8,SF1___LUC7L2_unrelaxed_rank_002_alphafold2_multimer_v3_model_3_seed_000.pdb,20251104_colab_rhee_PTBP1_8/SF1___LUC7L2_unrelaxed_rank_002_alphafold2_multimer_v3_model_3_seed_000.pdb,20251104_colab_rhee_PTBP1_8/SF1___LUC7L2_pae.png
PTBP1,SUGP2___GFP,SUGP2,GFP,SUGP2,GFP,SUGP2,GFP,1,0.3284531037412801,0.241009845445821,0.4476225490196079,0.72,0.6399999999999999,47.27962121212121,5,1082,238,20251104_colab_rhee_PTBP1_7,SUGP2___GFP_unrelaxed_rank_001_alphafold2_multimer_v3_model_1_seed_000.pdb,20251104_colab_rhee_PTBP1_7/SUGP2___GFP_unrelaxed_rank_001_alphafold2_multimer_v3_model_1_seed_000.pdb,20251104_colab_rhee_PTBP1_7/SUGP2___GFP_pae.png
PTBP1,RAVER1___RBM33,RAVER1,RBM33,RAVER1,RBM33,RAVER1,RBM33,1,0.3275731114021174,0.2275407565699736,0.4715820802005013,0.42,0.4,33.69604166666667,3,606,1170,20251104_colab_rhee_PTBP1_3,RAVER1___RBM33_unrelaxed_rank_001_alphafold2_multimer_v3_model_2_seed_000.pdb,20251104_colab_rhee_PTBP1_3/RAVER1___RBM33_unrelaxed_rank_001_alphafold2_multimer_v3_model_2_seed_000.pdb,20251104_colab_rhee_PTBP1_3/RAVER1___RBM33_pae.png
PTBP1,ATP5PD___EDC3,ATP5PD,EDC3,ATP5PD,EDC3,ATP5PD,EDC3,3,0.3272426938422563,0.2138621426888846,0.5007327586206897,0.39,0.406,64.41569506726458,3,161,508,20251104_colab_rhee_PTBP1_1,ATP5PD___EDC3_unrelaxed_rank_003_alphafold2_multimer_v3_model_1_seed_000.pdb,20251104_colab_rhee_PTBP1_1/ATP5PD___EDC3_unrelaxed_rank_003_alphafold2_multimer_v3_model_1_seed_000.pdb,20251104_colab_rhee_PTBP1_1/ATP5PD___EDC3_pae.png
PTBP1,NASP___STIP1,NASP,STIP1,NASP,STIP1,NASP,STIP1,1,0.3272362096930855,0.2522687674606427,0.4244819444444445,0.39,0.39,54.15417731029302,3,788,543,20251104_colab_rhee_PTBP1_6,NASP___STIP1_unrelaxed_rank_001_alphafold2_multimer_v3_model_4_seed_000.pdb,20251104_colab_rhee_PTBP1_6/NASP___STIP1_unrelaxed_rank_001_alphafold2_multimer_v3_model_4_seed_000.pdb,20251104_colab_rhee_PTBP1_6/NASP___STIP1_pae.png
PTBP1,MATR3___XRN2,MATR3,XRN2,MATR3,XRN2,MATR3,XRN2,1,0.3267619949017206,0.2039768870088076,0.5234583333333334,0.56,0.548,53.82008903728436,5,847,950,20251104_colab_rhee_PTBP1_2,MATR3___XRN2_unrelaxed_rank_001_alphafold2_multimer_v3_model_4_seed_000.pdb,20251104_colab_rhee_PTBP1_2/MATR3___XRN2_unrelaxed_rank_001_alphafold2_multimer_v3_model_4_seed_000.pdb,20251104_colab_rhee_PTBP1_2/MATR3___XRN2_pae.png
PTBP1,MATR3___HMGB1,MATR3,HMGB1,MATR3,HMGB1,MATR3,HMGB1,1,0.3259353933614236,0.2205223837145279,0.4817374039598108,0.43,0.4,46.24714689265537,3,847,215,20251104_colab_rhee_PTBP1_6,MATR3___HMGB1_unrelaxed_rank_001_alphafold2_multimer_v3_model_4_seed_000.pdb,20251104_colab_rhee_PTBP1_6/MATR3___HMGB1_unrelaxed_rank_001_alphafold2_multimer_v3_model_4_seed_000.pdb,20251104_colab_rhee_PTBP1_6/MATR3___HMGB1_pae.png
PTBP1,TLE3___SRSF11,TLE3,SRSF11,TLE3,SRSF11,TLE3,SRSF11,3,0.3254638925725154,0.2847530377341817,0.3719951372997712,0.38,0.38,46.74635350318472,3,772,484,20251104_colab_rhee_PTBP1_8,TLE3___SRSF11_unrelaxed_rank_003_alphafold2_multimer_v3_model_5_seed_000.pdb,20251104_colab_rhee_PTBP1_8/TLE3___SRSF11_unrelaxed_rank_003_alphafold2_multimer_v3_model_5_seed_000.pdb,20251104_colab_rhee_PTBP1_8/TLE3___SRSF11_pae.png
PTBP1,SUPT5H___ZBTB33,SUPT5H,ZBTB33,SUPT5H,ZBTB33,SUPT5H,ZBTB33,2,0.3253377033717757,0.201123796859765,0.5262660256410256,0.27,0.268,44.70301307561115,3,1087,672,20251104_colab_rhee_PTBP1_15,SUPT5H___ZBTB33_unrelaxed_rank_002_alphafold2_multimer_v3_model_4_seed_000.pdb,20251104_colab_rhee_PTBP1_15/SUPT5H___ZBTB33_unrelaxed_rank_002_alphafold2_multimer_v3_model_4_seed_000.pdb,20251104_colab_rhee_PTBP1_15/SUPT5H___ZBTB33_pae.png
PTBP1,SFPQ___NASP,SFPQ,NASP,SFPQ,NASP,SFPQ,NASP,3,0.3253308762687099,0.2356731990682294,0.4490972222222222,0.31,0.308,42.78298327759197,3,707,788,20251104_colab_rhee_PTBP1_19,SFPQ___NASP_unrelaxed_rank_003_alphafold2_multimer_v3_model_3_seed_000.pdb,20251104_colab_rhee_PTBP1_19/SFPQ___NASP_unrelaxed_rank_003_alphafold2_multimer_v3_model_3_seed_000.pdb,20251104_colab_rhee_PTBP1_19/SFPQ___NASP_pae.png
PTBP1,CIZ1___PSPC1,CIZ1,PSPC1,CIZ1,PSPC1,CIZ1,PSPC1,2,0.3253043909641023,0.2227754127267609,0.4750207641196013,0.46,0.434,38.55681210415201,3,898,523,20251104_colab_rhee_PTBP1_9,CIZ1___PSPC1_unrelaxed_rank_002_alphafold2_multimer_v3_model_4_seed_000.pdb,20251104_colab_rhee_PTBP1_9/CIZ1___PSPC1_unrelaxed_rank_002_alphafold2_multimer_v3_model_4_seed_000.pdb,20251104_colab_rhee_PTBP1_9/CIZ1___PSPC1_pae.png
PTBP1,SMAP___RB1,SMAP,RB1,SMAP,RB1,SMAP,RB1,2,0.3251966571228899,0.2341577328239612,0.4516308922558922,0.41,0.456,62.42693069306931,3,183,928,20251104_colab_rhee_PTBP1_10,SMAP___RB1_unrelaxed_rank_002_alphafold2_multimer_v3_model_3_seed_000.pdb,20251104_colab_rhee_PTBP1_10/SMAP___RB1_unrelaxed_rank_002_alphafold2_multimer_v3_model_3_seed_000.pdb,20251104_colab_rhee_PTBP1_10/SMAP___RB1_pae.png
PTBP1,NASP___PPP1R10,NASP,PPP1R10,NASP,PPP1R10,NASP,PPP1R10,5,0.3240645181871383,0.3197315594619966,0.3284561965811965,0.36,0.354,34.37444444444444,3,788,940,20251104_colab_rhee_PTBP1_12,NASP___PPP1R10_unrelaxed_rank_005_alphafold2_multimer_v3_model_1_seed_000.pdb,20251104_colab_rhee_PTBP1_12/NASP___PPP1R10_unrelaxed_rank_005_alphafold2_multimer_v3_model_1_seed_000.pdb,20251104_colab_rhee_PTBP1_12/NASP___PPP1R10_pae.png
PTBP1,MRPL12___ANP32A,MRPL12,ANP32A,MRPL12,ANP32A,MRPL12,ANP32A,3,0.3238124160201968,0.2630457688870996,0.3986168688911358,0.49,0.494,62.55297539149888,4,198,249,20251104_colab_rhee_PTBP1_10,MRPL12___ANP32A_unrelaxed_rank_003_alphafold2_multimer_v3_model_1_seed_000.pdb,20251104_colab_rhee_PTBP1_10/MRPL12___ANP32A_unrelaxed_rank_003_alphafold2_multimer_v3_model_1_seed_000.pdb,20251104_colab_rhee_PTBP1_10/MRPL12___ANP32A_pae.png
PTBP1,TXN___RAVER1,TXN,RAVER1,TXN,RAVER1,TXN,RAVER1,2,0.3237357150554433,0.2240044583597403,0.4678693181818182,0.78,0.7320000000000001,60.93594936708861,5,105,606,20251104_colab_rhee_PTBP1_5,TXN___RAVER1_unrelaxed_rank_002_alphafold2_multimer_v3_model_1_seed_000.pdb,20251104_colab_rhee_PTBP1_5/TXN___RAVER1_unrelaxed_rank_002_alphafold2_multimer_v3_model_1_seed_000.pdb,20251104_colab_rhee_PTBP1_5/TXN___RAVER1_pae.png
PTBP1,NASP___SF3B2,NASP,SF3B2,NASP,SF3B2,NASP,SF3B2,2,0.3236527313414945,0.2408071046087577,0.435,0.33,0.324,37.72841354723708,3,788,895,20251104_colab_rhee_PTBP1_5,NASP___SF3B2_unrelaxed_rank_002_alphafold2_multimer_v3_model_1_seed_000.pdb,20251104_colab_rhee_PTBP1_5/NASP___SF3B2_unrelaxed_rank_002_alphafold2_multimer_v3_model_1_seed_000.pdb,20251104_colab_rhee_PTBP1_5/NASP___SF3B2_pae.png
PTBP1,CCNT1___FUBP3,CCNT1,FUBP3,CCNT1,FUBP3,CCNT1,FUBP3,2,0.3236056266956392,0.2387838535038569,0.4385581357048748,0.34,0.34,45.0078967642527,3,726,572,20251104_colab_rhee_PTBP1_5,CCNT1___FUBP3_unrelaxed_rank_002_alphafold2_multimer_v3_model_5_seed_000.pdb,20251104_colab_rhee_PTBP1_5/CCNT1___FUBP3_unrelaxed_rank_002_alphafold2_multimer_v3_model_5_seed_000.pdb,20251104_colab_rhee_PTBP1_5/CCNT1___FUBP3_pae.png
PTBP1,PTBP3___CIZ1,PTBP3,CIZ1,PTBP3,CIZ1,PTBP3,CIZ1,2,0.3235534237663453,0.2435887305447741,0.4297687245087134,0.29,0.286,40.30026896551724,3,552,898,20251104_colab_rhee_PTBP1_9,PTBP3___CIZ1_unrelaxed_rank_002_alphafold2_multimer_v3_model_3_seed_000.pdb,20251104_colab_rhee_PTBP1_9/PTBP3___CIZ1_unrelaxed_rank_002_alphafold2_multimer_v3_model_3_seed_000.pdb,20251104_colab_rhee_PTBP1_9/PTBP3___CIZ1_pae.png
PTBP1,RAVER1___SRSF11,RAVER1,SRSF11,RAVER1,SRSF11,RAVER1,SRSF11,2,0.3234978947667338,0.2474451831268433,0.4229255409060176,0.34,0.348,44.81357798165138,3,606,484,20251104_colab_rhee_PTBP1_1,RAVER1___SRSF11_unrelaxed_rank_002_alphafold2_multimer_v3_model_1_seed_000.pdb,20251104_colab_rhee_PTBP1_1/RAVER1___SRSF11_unrelaxed_rank_002_alphafold2_multimer_v3_model_1_seed_000.pdb,20251104_colab_rhee_PTBP1_1/RAVER1___SRSF11_pae.png
PTBP1,PTBP3___SRSF11,PTBP3,SRSF11,PTBP3,SRSF11,PTBP3,SRSF11,3,0.3231117682341223,0.2393236959336216,0.4362343409586057,0.25,0.258,50.36535714285714,3,552,484,20251104_colab_rhee_PTBP1_15,PTBP3___SRSF11_unrelaxed_rank_003_alphafold2_multimer_v3_model_3_seed_000.pdb,20251104_colab_rhee_PTBP1_15/PTBP3___SRSF11_unrelaxed_rank_003_alphafold2_multimer_v3_model_3_seed_000.pdb,20251104_colab_rhee_PTBP1_15/PTBP3___SRSF11_pae.png
PTBP1,STIP1___ANP32A,STIP1,ANP32A,STIP1,ANP32A,STIP1,ANP32A,2,0.3229627191298425,0.2562510106633264,0.4070419768403638,0.3,0.326,76.44310606060606,3,543,249,20251104_colab_rhee_PTBP1_6,STIP1___ANP32A_unrelaxed_rank_002_alphafold2_multimer_v3_model_5_seed_000.pdb,20251104_colab_rhee_PTBP1_6/STIP1___ANP32A_unrelaxed_rank_002_alphafold2_multimer_v3_model_5_seed_000.pdb,20251104_colab_rhee_PTBP1_6/STIP1___ANP32A_pae.png
PTBP1,NASP___SNRPC,NASP,SNRPC,NASP,SNRPC,NASP,SNRPC,3,0.3224342258665531,0.2521058441602672,0.4123816738816738,0.35,0.354,40.57910242872228,3,788,159,20251104_colab_rhee_PTBP1_5,NASP___SNRPC_unrelaxed_rank_003_alphafold2_multimer_v3_model_1_seed_000.pdb,20251104_colab_rhee_PTBP1_5/NASP___SNRPC_unrelaxed_rank_003_alphafold2_multimer_v3_model_1_seed_000.pdb,20251104_colab_rhee_PTBP1_5/NASP___SNRPC_pae.png
PTBP1,FUS___GFP,FUS,GFP,FUS,GFP,FUS,GFP,1,0.3214097688120264,0.2256548203608172,0.457797619047619,0.69,0.6319999999999999,48.8965445026178,5,526,238,20251104_colab_rhee_PTBP1_12,FUS___GFP_unrelaxed_rank_001_alphafold2_multimer_v3_model_3_seed_000.pdb,20251104_colab_rhee_PTBP1_12/FUS___GFP_unrelaxed_rank_001_alphafold2_multimer_v3_model_3_seed_000.pdb,20251104_colab_rhee_PTBP1_12/FUS___GFP_pae.png
PTBP1,U2SURP___DHX15,U2SURP,DHX15,U2SURP,DHX15,U2SURP,DHX15,5,0.3211648958371213,0.2266645141209867,0.4550641317547055,0.57,0.5459999999999999,58.98120065789474,5,1029,795,20251104_colab_rhee_PTBP1_15,U2SURP___DHX15_unrelaxed_rank_005_alphafold2_multimer_v3_model_1_seed_000.pdb,20251104_colab_rhee_PTBP1_15/U2SURP___DHX15_unrelaxed_rank_005_alphafold2_multimer_v3_model_1_seed_000.pdb,20251104_colab_rhee_PTBP1_15/U2SURP___DHX15_pae.png
PTBP1,NASP___NONO,NASP,NONO,NASP,NONO,NASP,NONO,2,0.3211247466406401,0.2402916074988882,0.4291498316498316,0.27,0.278,46.42252581413821,3,788,471,20251104_colab_rhee_PTBP1_11,NASP___NONO_unrelaxed_rank_002_alphafold2_multimer_v3_model_4_seed_000.pdb,20251104_colab_rhee_PTBP1_11/NASP___NONO_unrelaxed_rank_002_alphafold2_multimer_v3_model_4_seed_000.pdb,20251104_colab_rhee_PTBP1_11/NASP___NONO_pae.png
PTBP1,PTBP3___RAVER1,PTBP3,RAVER1,PTBP3,RAVER1,PTBP3,RAVER1,3,0.321078025032367,0.2378607851429193,0.4334093915343914,0.28,0.3,57.95905872193437,3,552,606,20251104_colab_rhee_PTBP1_1,PTBP3___RAVER1_unrelaxed_rank_003_alphafold2_multimer_v3_model_3_seed_000.pdb,20251104_colab_rhee_PTBP1_1/PTBP3___RAVER1_unrelaxed_rank_003_alphafold2_multimer_v3_model_3_seed_000.pdb,20251104_colab_rhee_PTBP1_1/PTBP3___RAVER1_pae.png
PTBP1,PRMT1___RBM4,PRMT1,RBM4,PRMT1,RBM4,PRMT1,RBM4,1,0.3209740440742603,0.2782069621654749,0.3703154520917679,0.6,0.584,64.20719727891156,5,371,364,20251104_colab_rhee_PTBP1_9,PRMT1___RBM4_unrelaxed_rank_001_alphafold2_multimer_v3_model_5_seed_000.pdb,20251104_colab_rhee_PTBP1_9/PRMT1___RBM4_unrelaxed_rank_001_alphafold2_multimer_v3_model_5_seed_000.pdb,20251104_colab_rhee_PTBP1_9/PRMT1___RBM4_pae.png
PTBP1,SF3B2___PPP1R10,SF3B2,PPP1R10,SF3B2,PPP1R10,SF3B2,PPP1R10,1,0.319217321851216,0.2229346185667009,0.4570833333333333,0.24,0.24,35.17610899182561,3,895,940,20251104_colab_rhee_PTBP1_20,SF3B2___PPP1R10_unrelaxed_rank_001_alphafold2_multimer_v3_model_3_seed_000.pdb,20251104_colab_rhee_PTBP1_20/SF3B2___PPP1R10_unrelaxed_rank_001_alphafold2_multimer_v3_model_3_seed_000.pdb,20251104_colab_rhee_PTBP1_20/SF3B2___PPP1R10_pae.png
PTBP1,FUS___ZBTB33,FUS,ZBTB33,FUS,ZBTB33,FUS,ZBTB33,1,0.319126901649217,0.2217399239482436,0.4592857142857143,0.26,0.264,36.30100166944908,3,526,672,20251104_colab_rhee_PTBP1_19,FUS___ZBTB33_unrelaxed_rank_001_alphafold2_multimer_v3_model_2_seed_000.pdb,20251104_colab_rhee_PTBP1_19/FUS___ZBTB33_unrelaxed_rank_001_alphafold2_multimer_v3_model_2_seed_000.pdb,20251104_colab_rhee_PTBP1_19/FUS___ZBTB33_pae.png
PTBP1,NASP___DAZAP1,NASP,DAZAP1,NASP,DAZAP1,NASP,DAZAP1,4,0.3186371072293889,0.2571890773429152,0.3947663996948894,0.24,0.258,39.01165690376569,3,788,407,20251104_colab_rhee_PTBP1_12,NASP___DAZAP1_unrelaxed_rank_004_alphafold2_multimer_v3_model_2_seed_000.pdb,20251104_colab_rhee_PTBP1_12/NASP___DAZAP1_unrelaxed_rank_004_alphafold2_multimer_v3_model_2_seed_000.pdb,20251104_colab_rhee_PTBP1_12/NASP___DAZAP1_pae.png
PTBP1,ANP32A___ZBTB33,ANP32A,ZBTB33,ANP32A,ZBTB33,ANP32A,ZBTB33,1,0.3186084406045617,0.2484954894126657,0.4085037465444494,0.52,0.486,46.28635179153095,4,249,672,20251104_colab_rhee_PTBP1_19,ANP32A___ZBTB33_unrelaxed_rank_001_alphafold2_multimer_v3_model_5_seed_000.pdb,20251104_colab_rhee_PTBP1_19/ANP32A___ZBTB33_unrelaxed_rank_001_alphafold2_multimer_v3_model_5_seed_000.pdb,20251104_colab_rhee_PTBP1_19/ANP32A___ZBTB33_pae.png
PTBP1,NASP___SAFB,NASP,SAFB,NASP,SAFB,NASP,SAFB,1,0.3185497922952525,0.2597125681777454,0.3907164404223228,0.32,0.316,35.35347034644744,3,788,915,20251104_colab_rhee_PTBP1_20,NASP___SAFB_unrelaxed_rank_001_alphafold2_multimer_v3_model_5_seed_000.pdb,20251104_colab_rhee_PTBP1_20/NASP___SAFB_unrelaxed_rank_001_alphafold2_multimer_v3_model_5_seed_000.pdb,20251104_colab_rhee_PTBP1_20/NASP___SAFB_pae.png
PTBP1,MATR3___TLE3,MATR3,TLE3,MATR3,TLE3,MATR3,TLE3,1,0.3176375779730892,0.2041440468118946,0.4942276422764227,0.4,0.3940000000000001,44.81638048177888,3,847,772,20251104_colab_rhee_PTBP1_3,MATR3___TLE3_unrelaxed_rank_001_alphafold2_multimer_v3_model_4_seed_000.pdb,20251104_colab_rhee_PTBP1_3/MATR3___TLE3_unrelaxed_rank_001_alphafold2_multimer_v3_model_4_seed_000.pdb,20251104_colab_rhee_PTBP1_3/MATR3___TLE3_pae.png
PTBP1,FUS___U2SURP,FUS,U2SURP,FUS,U2SURP,FUS,U2SURP,1,0.3167090975182579,0.2561150156061574,0.391639093137255,0.23,0.24,42.99981350482315,3,526,1029,20251104_colab_rhee_PTBP1_14,FUS___U2SURP_unrelaxed_rank_001_alphafold2_multimer_v3_model_5_seed_000.pdb,20251104_colab_rhee_PTBP1_14/FUS___U2SURP_unrelaxed_rank_001_alphafold2_multimer_v3_model_5_seed_000.pdb,20251104_colab_rhee_PTBP1_14/FUS___U2SURP_pae.png
PTBP1,NASP___CDC37,NASP,CDC37,NASP,CDC37,NASP,CDC37,3,0.3160573373222106,0.2554910560566151,0.3909813596491228,0.36,0.362,47.09470840480274,3,788,378,20251104_colab_rhee_PTBP1_20,NASP___CDC37_unrelaxed_rank_003_alphafold2_multimer_v3_model_1_seed_000.pdb,20251104_colab_rhee_PTBP1_20/NASP___CDC37_unrelaxed_rank_003_alphafold2_multimer_v3_model_1_seed_000.pdb,20251104_colab_rhee_PTBP1_20/NASP___CDC37_pae.png
PTBP1,SF1___PCCA,SF1,PCCA,SF1,PCCA,SF1,PCCA,2,0.3157680263513157,0.1772615507920326,0.5624990079365079,0.51,0.52,62.04159473299195,5,639,728,20251104_colab_rhee_PTBP1_3,SF1___PCCA_unrelaxed_rank_002_alphafold2_multimer_v3_model_5_seed_000.pdb,20251104_colab_rhee_PTBP1_3/SF1___PCCA_unrelaxed_rank_002_alphafold2_multimer_v3_model_5_seed_000.pdb,20251104_colab_rhee_PTBP1_3/SF1___PCCA_pae.png
PTBP1,NASP___DAZAP1,NASP,DAZAP1,NASP,DAZAP1,NASP,DAZAP1,5,0.3157181313108494,0.2709016698662783,0.3679487781954886,0.22,0.244,37.67917154811715,3,788,407,20251104_colab_rhee_PTBP1_12,NASP___DAZAP1_unrelaxed_rank_005_alphafold2_multimer_v3_model_4_seed_000.pdb,20251104_colab_rhee_PTBP1_12/NASP___DAZAP1_unrelaxed_rank_005_alphafold2_multimer_v3_model_4_seed_000.pdb,20251104_colab_rhee_PTBP1_12/NASP___DAZAP1_pae.png
PTBP1,EPB41___CCNT1,EPB41,CCNT1,EPB41,CCNT1,EPB41,CCNT1,1,0.3156042169854292,0.2379894816745996,0.4185311933876812,0.4,0.39,45.74059119496855,3,864,726,20251104_colab_rhee_PTBP1_12,EPB41___CCNT1_unrelaxed_rank_001_alphafold2_multimer_v3_model_5_seed_000.pdb,20251104_colab_rhee_PTBP1_12/EPB41___CCNT1_unrelaxed_rank_001_alphafold2_multimer_v3_model_5_seed_000.pdb,20251104_colab_rhee_PTBP1_12/EPB41___CCNT1_pae.png
PTBP1,EDC3___RBM4,EDC3,RBM4,EDC3,RBM4,EDC3,RBM4,1,0.3154846429975415,0.2543771908828327,0.3912715586718245,0.42,0.426,55.3055504587156,3,508,364,20251104_colab_rhee_PTBP1_17,EDC3___RBM4_unrelaxed_rank_001_alphafold2_multimer_v3_model_4_seed_000.pdb,20251104_colab_rhee_PTBP1_17/EDC3___RBM4_unrelaxed_rank_001_alphafold2_multimer_v3_model_4_seed_000.pdb,20251104_colab_rhee_PTBP1_17/EDC3___RBM4_pae.png
PTBP1,U2SURP___DHX15,U2SURP,DHX15,U2SURP,DHX15,U2SURP,DHX15,1,0.3151859099630991,0.2124957937461927,0.4675017612721417,0.62,0.59,59.08808114035088,5,1029,795,20251104_colab_rhee_PTBP1_15,U2SURP___DHX15_unrelaxed_rank_001_alphafold2_multimer_v3_model_4_seed_000.pdb,20251104_colab_rhee_PTBP1_15/U2SURP___DHX15_unrelaxed_rank_001_alphafold2_multimer_v3_model_4_seed_000.pdb,20251104_colab_rhee_PTBP1_15/U2SURP___DHX15_pae.png
PTBP1,NASP___TLE3,NASP,TLE3,NASP,TLE3,NASP,TLE3,2,0.3144971776509582,0.251022251632534,0.3940227374551971,0.33,0.332,45.3764358974359,3,788,772,20251104_colab_rhee_PTBP1_4,NASP___TLE3_unrelaxed_rank_002_alphafold2_multimer_v3_model_5_seed_000.pdb,20251104_colab_rhee_PTBP1_4/NASP___TLE3_unrelaxed_rank_002_alphafold2_multimer_v3_model_5_seed_000.pdb,20251104_colab_rhee_PTBP1_4/NASP___TLE3_pae.png
PTBP1,CDK4___CDC5L,CDK4,CDC5L,CDK4,CDC5L,CDK4,CDC5L,3,0.3131556161529095,0.1977940673714034,0.4958007145076111,0.64,0.5920000000000001,62.4172850678733,5,303,802,20251104_colab_rhee_PTBP1_17,CDK4___CDC5L_unrelaxed_rank_003_alphafold2_multimer_v3_model_2_seed_000.pdb,20251104_colab_rhee_PTBP1_17/CDK4___CDC5L_unrelaxed_rank_003_alphafold2_multimer_v3_model_2_seed_000.pdb,20251104_colab_rhee_PTBP1_17/CDK4___CDC5L_pae.png
PTBP1,TLE3___TXN,TLE3,TXN,TLE3,TXN,TLE3,TXN,4,0.3125674468888708,0.2127297146180531,0.459260752688172,0.72,0.6759999999999999,60.95582668187001,5,772,105,20251104_colab_rhee_PTBP1_4,TLE3___TXN_unrelaxed_rank_004_alphafold2_multimer_v3_model_1_seed_000.pdb,20251104_colab_rhee_PTBP1_4/TLE3___TXN_unrelaxed_rank_004_alphafold2_multimer_v3_model_1_seed_000.pdb,20251104_colab_rhee_PTBP1_4/TLE3___TXN_pae.png
PTBP1,PTBP3___RAVER1,PTBP3,RAVER1,PTBP3,RAVER1,PTBP3,RAVER1,4,0.3125385392255642,0.2381466611803128,0.410168834688347,0.27,0.292,57.75392918825561,3,552,606,20251104_colab_rhee_PTBP1_1,PTBP3___RAVER1_unrelaxed_rank_004_alphafold2_multimer_v3_model_4_seed_000.pdb,20251104_colab_rhee_PTBP1_1/PTBP3___RAVER1_unrelaxed_rank_004_alphafold2_multimer_v3_model_4_seed_000.pdb,20251104_colab_rhee_PTBP1_1/PTBP3___RAVER1_pae.png
PTBP1,PTBP3___MATR3,PTBP3,MATR3,PTBP3,MATR3,PTBP3,MATR3,3,0.3113777339100112,0.2275942367737414,0.4260041666666666,0.27,0.27,48.11325232308792,3,552,847,20251104_colab_rhee_PTBP1_13,PTBP3___MATR3_unrelaxed_rank_003_alphafold2_multimer_v3_model_3_seed_000.pdb,20251104_colab_rhee_PTBP1_13/PTBP3___MATR3_unrelaxed_rank_003_alphafold2_multimer_v3_model_3_seed_000.pdb,20251104_colab_rhee_PTBP1_13/PTBP3___MATR3_pae.png
PTBP1,EPB41___CCNT1,EPB41,CCNT1,EPB41,CCNT1,EPB41,CCNT1,2,0.3110689867135077,0.240732043642379,0.4019569353164995,0.4,0.39,45.13617610062893,3,864,726,20251104_colab_rhee_PTBP1_12,EPB41___CCNT1_unrelaxed_rank_002_alphafold2_multimer_v3_model_1_seed_000.pdb,20251104_colab_rhee_PTBP1_12/EPB41___CCNT1_unrelaxed_rank_002_alphafold2_multimer_v3_model_1_seed_000.pdb,20251104_colab_rhee_PTBP1_12/EPB41___CCNT1_pae.png
PTBP1,PDK1___U2SURP,PDK1,U2SURP,PDK1,U2SURP,PDK1,U2SURP,3,0.310879931298773,0.1830872447273745,0.5278703703703704,0.66,0.614,56.54892150170649,5,436,1029,20251104_colab_rhee_PTBP1_12,PDK1___U2SURP_unrelaxed_rank_003_alphafold2_multimer_v3_model_5_seed_000.pdb,20251104_colab_rhee_PTBP1_12/PDK1___U2SURP_unrelaxed_rank_003_alphafold2_multimer_v3_model_5_seed_000.pdb,20251104_colab_rhee_PTBP1_12/PDK1___U2SURP_pae.png
PTBP1,SMAP___RBM4,SMAP,RBM4,SMAP,RBM4,SMAP,RBM4,1,0.3094507103593198,0.2193075825569257,0.4366458333333333,0.25,0.258,44.52137111517367,3,183,364,20251104_colab_rhee_PTBP1_10,SMAP___RBM4_unrelaxed_rank_001_alphafold2_multimer_v3_model_4_seed_000.pdb,20251104_colab_rhee_PTBP1_10/SMAP___RBM4_unrelaxed_rank_001_alphafold2_multimer_v3_model_4_seed_000.pdb,20251104_colab_rhee_PTBP1_10/SMAP___RBM4_pae.png
PTBP1,U2SURP___DHX15,U2SURP,DHX15,U2SURP,DHX15,U2SURP,DHX15,3,0.3094125369747036,0.2093561677717063,0.4572882617029863,0.6,0.574,59.36040570175439,5,1029,795,20251104_colab_rhee_PTBP1_15,U2SURP___DHX15_unrelaxed_rank_003_alphafold2_multimer_v3_model_5_seed_000.pdb,20251104_colab_rhee_PTBP1_15/U2SURP___DHX15_unrelaxed_rank_003_alphafold2_multimer_v3_model_5_seed_000.pdb,20251104_colab_rhee_PTBP1_15/U2SURP___DHX15_pae.png
PTBP1,EDC3___PDK1,EDC3,PDK1,EDC3,PDK1,EDC3,PDK1,3,0.3090471773687423,0.2451500526025996,0.3895987654320988,0.21,0.26,68.3572245762712,3,508,436,20251104_colab_rhee_PTBP1_20,EDC3___PDK1_unrelaxed_rank_003_alphafold2_multimer_v3_model_3_seed_000.pdb,20251104_colab_rhee_PTBP1_20/EDC3___PDK1_unrelaxed_rank_003_alphafold2_multimer_v3_model_3_seed_000.pdb,20251104_colab_rhee_PTBP1_20/EDC3___PDK1_pae.png
PTBP1,SF3A3___RBM33,SF3A3,RBM33,SF3A3,RBM33,SF3A3,RBM33,1,0.3090135869709854,0.1947968113681656,0.4901999999999999,0.45,0.426,37.47456014362657,3,501,1170,20251104_colab_rhee_PTBP1_15,SF3A3___RBM33_unrelaxed_rank_001_alphafold2_multimer_v3_model_4_seed_000.pdb,20251104_colab_rhee_PTBP1_15/SF3A3___RBM33_unrelaxed_rank_001_alphafold2_multimer_v3_model_4_seed_000.pdb,20251104_colab_rhee_PTBP1_15/SF3A3___RBM33_pae.png
PTBP1,SNRPC___TXN,SNRPC,TXN,SNRPC,TXN,SNRPC,TXN,3,0.3081504424573061,0.2089528376761057,0.4544408022533023,0.59,0.574,66.02704545454546,5,159,105,20251104_colab_rhee_PTBP1_6,SNRPC___TXN_unrelaxed_rank_003_alphafold2_multimer_v3_model_1_seed_000.pdb,20251104_colab_rhee_PTBP1_6/SNRPC___TXN_unrelaxed_rank_003_alphafold2_multimer_v3_model_1_seed_000.pdb,20251104_colab_rhee_PTBP1_6/SNRPC___TXN_pae.png
PTBP1,NASP___NONO,NASP,NONO,NASP,NONO,NASP,NONO,4,0.3074364523273777,0.2221537688053526,0.4254583333333334,0.26,0.272,47.77402700555997,3,788,471,20251104_colab_rhee_PTBP1_11,NASP___NONO_unrelaxed_rank_004_alphafold2_multimer_v3_model_2_seed_000.pdb,20251104_colab_rhee_PTBP1_11/NASP___NONO_unrelaxed_rank_004_alphafold2_multimer_v3_model_2_seed_000.pdb,20251104_colab_rhee_PTBP1_11/NASP___NONO_pae.png
PTBP1,EPB41___LUC7L2,EPB41,LUC7L2,EPB41,LUC7L2,EPB41,LUC7L2,2,0.3070756396790482,0.2489945665513093,0.3787048440065681,0.34,0.348,50.7965525477707,3,864,392,20251104_colab_rhee_PTBP1_7,EPB41___LUC7L2_unrelaxed_rank_002_alphafold2_multimer_v3_model_2_seed_000.pdb,20251104_colab_rhee_PTBP1_7/EPB41___LUC7L2_unrelaxed_rank_002_alphafold2_multimer_v3_model_2_seed_000.pdb,20251104_colab_rhee_PTBP1_7/EPB41___LUC7L2_pae.png
PTBP1,NASP___SMAP,NASP,SMAP,NASP,SMAP,NASP,SMAP,5,0.3064832289966943,0.2532880649103075,0.370850358422939,0.26,0.282,38.85528321318229,3,788,183,20251104_colab_rhee_PTBP1_2,NASP___SMAP_unrelaxed_rank_005_alphafold2_multimer_v3_model_5_seed_000.pdb,20251104_colab_rhee_PTBP1_2/NASP___SMAP_unrelaxed_rank_005_alphafold2_multimer_v3_model_5_seed_000.pdb,20251104_colab_rhee_PTBP1_2/NASP___SMAP_pae.png
PTBP1,SUGP2___ATP5PD,SUGP2,ATP5PD,SUGP2,ATP5PD,SUGP2,ATP5PD,1,0.3055709933187185,0.1866896436551892,0.5001543209876543,0.48,0.442,42.08723250201126,4,1082,161,20251104_colab_rhee_PTBP1_2,SUGP2___ATP5PD_unrelaxed_rank_001_alphafold2_multimer_v3_model_3_seed_000.pdb,20251104_colab_rhee_PTBP1_2/SUGP2___ATP5PD_unrelaxed_rank_001_alphafold2_multimer_v3_model_3_seed_000.pdb,20251104_colab_rhee_PTBP1_2/SUGP2___ATP5PD_pae.png
PTBP1,CSTB___SF1,CSTB,SF1,CSTB,SF1,CSTB,SF1,1,0.3052314151634903,0.2105997083625833,0.4423853077816492,0.73,0.6519999999999999,46.99681139755766,5,98,639,20251104_colab_rhee_PTBP1_14,CSTB___SF1_unrelaxed_rank_001_alphafold2_multimer_v3_model_4_seed_000.pdb,20251104_colab_rhee_PTBP1_14/CSTB___SF1_unrelaxed_rank_001_alphafold2_multimer_v3_model_4_seed_000.pdb,20251104_colab_rhee_PTBP1_14/CSTB___SF1_pae.png
PTBP1,ZFR___DHX15,ZFR,DHX15,ZFR,DHX15,ZFR,DHX15,2,0.3051236572255343,0.1944081441953855,0.4788916975881261,0.67,0.646,59.64693953986089,5,1074,795,20251104_colab_rhee_PTBP1_2,ZFR___DHX15_unrelaxed_rank_002_alphafold2_multimer_v3_model_5_seed_000.pdb,20251104_colab_rhee_PTBP1_2/ZFR___DHX15_unrelaxed_rank_002_alphafold2_multimer_v3_model_5_seed_000.pdb,20251104_colab_rhee_PTBP1_2/ZFR___DHX15_pae.png
PTBP1,SUPT5H___CCNT1,SUPT5H,CCNT1,SUPT5H,CCNT1,SUPT5H,CCNT1,1,0.3046703953113426,0.2342039364550832,0.3963385551248923,0.35,0.3419999999999999,46.7515333701048,3,1087,726,20251104_colab_rhee_PTBP1_3,SUPT5H___CCNT1_unrelaxed_rank_001_alphafold2_multimer_v3_model_4_seed_000.pdb,20251104_colab_rhee_PTBP1_3/SUPT5H___CCNT1_unrelaxed_rank_001_alphafold2_multimer_v3_model_4_seed_000.pdb,20251104_colab_rhee_PTBP1_3/SUPT5H___CCNT1_pae.png
PTBP1,CDK4___CDC5L,CDK4,CDC5L,CDK4,CDC5L,CDK4,CDC5L,2,0.3044812609204636,0.1945993075527583,0.4764088804713804,0.66,0.6060000000000001,61.40911312217195,5,303,802,20251104_colab_rhee_PTBP1_17,CDK4___CDC5L_unrelaxed_rank_002_alphafold2_multimer_v3_model_5_seed_000.pdb,20251104_colab_rhee_PTBP1_17/CDK4___CDC5L_unrelaxed_rank_002_alphafold2_multimer_v3_model_5_seed_000.pdb,20251104_colab_rhee_PTBP1_17/CDK4___CDC5L_pae.png
PTBP1,ZFR___ZBTB33,ZFR,ZBTB33,ZFR,ZBTB33,ZFR,ZBTB33,2,0.3036645211798137,0.2204661804906718,0.4182598039215685,0.29,0.298,41.50741695303551,3,1074,672,20251104_colab_rhee_PTBP1_7,ZFR___ZBTB33_unrelaxed_rank_002_alphafold2_multimer_v3_model_3_seed_000.pdb,20251104_colab_rhee_PTBP1_7/ZFR___ZBTB33_unrelaxed_rank_002_alphafold2_multimer_v3_model_3_seed_000.pdb,20251104_colab_rhee_PTBP1_7/ZFR___ZBTB33_pae.png
PTBP1,CDC37___ZNF503,CDC37,ZNF503,CDC37,ZNF503,CDC37,ZNF503,2,0.3032230586344825,0.2420764533170717,0.3798148148148149,0.43,0.408,40.669482421875,3,378,646,20251104_colab_rhee_PTBP1_13,CDC37___ZNF503_unrelaxed_rank_002_alphafold2_multimer_v3_model_2_seed_000.pdb,20251104_colab_rhee_PTBP1_13/CDC37___ZNF503_unrelaxed_rank_002_alphafold2_multimer_v3_model_2_seed_000.pdb,20251104_colab_rhee_PTBP1_13/CDC37___ZNF503_pae.png
PTBP1,NASP___ZNF503,NASP,ZNF503,NASP,ZNF503,NASP,ZNF503,1,0.3028723524306838,0.2598963098608725,0.3529548453996983,0.32,0.32,32.20151324965133,3,788,646,20251104_colab_rhee_PTBP1_10,NASP___ZNF503_unrelaxed_rank_001_alphafold2_multimer_v3_model_2_seed_000.pdb,20251104_colab_rhee_PTBP1_10/NASP___ZNF503_unrelaxed_rank_001_alphafold2_multimer_v3_model_2_seed_000.pdb,20251104_colab_rhee_PTBP1_10/NASP___ZNF503_pae.png
PTBP1,NASP___CCNT1,NASP,CCNT1,NASP,CCNT1,NASP,CCNT1,1,0.3018302828595544,0.2319074658334521,0.3928356481481481,0.31,0.312,39.33309114927345,3,788,726,20251104_colab_rhee_PTBP1_9,NASP___CCNT1_unrelaxed_rank_001_alphafold2_multimer_v3_model_1_seed_000.pdb,20251104_colab_rhee_PTBP1_9/NASP___CCNT1_unrelaxed_rank_001_alphafold2_multimer_v3_model_1_seed_000.pdb,20251104_colab_rhee_PTBP1_9/NASP___CCNT1_pae.png
PTBP1,ANP32A___CDC5L,ANP32A,CDC5L,ANP32A,CDC5L,ANP32A,CDC5L,1,0.3015937552151988,0.2208368909551177,0.4118822393822394,0.54,0.502,60.82928639391056,5,249,802,20251104_colab_rhee_PTBP1_9,ANP32A___CDC5L_unrelaxed_rank_001_alphafold2_multimer_v3_model_3_seed_000.pdb,20251104_colab_rhee_PTBP1_9/ANP32A___CDC5L_unrelaxed_rank_001_alphafold2_multimer_v3_model_3_seed_000.pdb,20251104_colab_rhee_PTBP1_9/ANP32A___CDC5L_pae.png
PTBP1,DAZAP1___AGAP3,DAZAP1,AGAP3,DAZAP1,AGAP3,DAZAP1,AGAP3,1,0.3015707672452081,0.2446749638001626,0.3716969086021505,0.31,0.308,54.31755850234009,3,407,875,20251104_colab_rhee_PTBP1_10,DAZAP1___AGAP3_unrelaxed_rank_001_alphafold2_multimer_v3_model_5_seed_000.pdb,20251104_colab_rhee_PTBP1_10/DAZAP1___AGAP3_unrelaxed_rank_001_alphafold2_multimer_v3_model_5_seed_000.pdb,20251104_colab_rhee_PTBP1_10/DAZAP1___AGAP3_pae.png
PTBP1,CCAR2___CCNT1,CCAR2,CCNT1,CCAR2,CCNT1,CCAR2,CCNT1,1,0.3015623662866733,0.2212717766657508,0.4109871675943104,0.34,0.348,49.10620375985446,3,923,726,20251104_colab_rhee_PTBP1_9,CCAR2___CCNT1_unrelaxed_rank_001_alphafold2_multimer_v3_model_4_seed_000.pdb,20251104_colab_rhee_PTBP1_9/CCAR2___CCNT1_unrelaxed_rank_001_alphafold2_multimer_v3_model_4_seed_000.pdb,20251104_colab_rhee_PTBP1_9/CCAR2___CCNT1_pae.png
PTBP1,SRSF11___PTBP1,SRSF11,PTBP1,SRSF11,PTBP1,SRSF11,PTBP1,4,0.3011091515795475,0.2325467734633003,0.3898859563375692,0.25,0.258,50.98885686839577,3,484,557,20251104_colab_rhee_PTBP1_7,SRSF11___PTBP1_unrelaxed_rank_004_alphafold2_multimer_v3_model_4_seed_000.pdb,20251104_colab_rhee_PTBP1_7/SRSF11___PTBP1_unrelaxed_rank_004_alphafold2_multimer_v3_model_4_seed_000.pdb,20251104_colab_rhee_PTBP1_7/SRSF11___PTBP1_pae.png
PTBP1,CDC37___FAM50A,CDC37,FAM50A,CDC37,FAM50A,CDC37,FAM50A,1,0.300298220539915,0.2116681617974833,0.4260396107456141,0.33,0.346,63.62624825662483,3,378,339,20251104_colab_rhee_PTBP1_10,CDC37___FAM50A_unrelaxed_rank_001_alphafold2_multimer_v3_model_3_seed_000.pdb,20251104_colab_rhee_PTBP1_10/CDC37___FAM50A_unrelaxed_rank_001_alphafold2_multimer_v3_model_3_seed_000.pdb,20251104_colab_rhee_PTBP1_10/CDC37___FAM50A_pae.png
PTBP1,CDC37___ZNF503,CDC37,ZNF503,CDC37,ZNF503,CDC37,ZNF503,3,0.299646892116459,0.2503438524852077,0.3586597356544165,0.4,0.382,40.68451171875,3,378,646,20251104_colab_rhee_PTBP1_13,CDC37___ZNF503_unrelaxed_rank_003_alphafold2_multimer_v3_model_5_seed_000.pdb,20251104_colab_rhee_PTBP1_13/CDC37___ZNF503_unrelaxed_rank_003_alphafold2_multimer_v3_model_5_seed_000.pdb,20251104_colab_rhee_PTBP1_13/CDC37___ZNF503_pae.png
PTBP1,FUBP3___SRSF11,FUBP3,SRSF11,FUBP3,SRSF11,FUBP3,SRSF11,2,0.2995666130826403,0.2312873480798659,0.3880028735632184,0.27,0.264,42.06911931818182,3,572,484,20251104_colab_rhee_PTBP1_16,FUBP3___SRSF11_unrelaxed_rank_002_alphafold2_multimer_v3_model_1_seed_000.pdb,20251104_colab_rhee_PTBP1_16/FUBP3___SRSF11_unrelaxed_rank_002_alphafold2_multimer_v3_model_1_seed_000.pdb,20251104_colab_rhee_PTBP1_16/FUBP3___SRSF11_pae.png
PTBP1,RAVER1___PTBP1,RAVER1,PTBP1,RAVER1,PTBP1,RAVER1,PTBP1,2,0.2993673569001717,0.2247983419794527,0.3986720435223957,0.27,0.292,59.65343938091144,3,606,557,20251104_colab_rhee_PTBP1_9,RAVER1___PTBP1_unrelaxed_rank_002_alphafold2_multimer_v3_model_2_seed_000.pdb,20251104_colab_rhee_PTBP1_9/RAVER1___PTBP1_unrelaxed_rank_002_alphafold2_multimer_v3_model_2_seed_000.pdb,20251104_colab_rhee_PTBP1_9/RAVER1___PTBP1_pae.png
PTBP1,MATR3___PTBP1,MATR3,PTBP1,MATR3,PTBP1,MATR3,PTBP1,4,0.2989408824872177,0.2212599169200227,0.4038944444444444,0.28,0.278,48.02641025641026,3,847,557,20251104_colab_rhee_PTBP1_2,MATR3___PTBP1_unrelaxed_rank_004_alphafold2_multimer_v3_model_3_seed_000.pdb,20251104_colab_rhee_PTBP1_2/MATR3___PTBP1_unrelaxed_rank_004_alphafold2_multimer_v3_model_3_seed_000.pdb,20251104_colab_rhee_PTBP1_2/MATR3___PTBP1_pae.png
PTBP1,CCNT1___ZNF503,CCNT1,ZNF503,CCNT1,ZNF503,CCNT1,ZNF503,3,0.2984429592082855,0.2438473781912485,0.3652620772946859,0.32,0.322,32.16569241982507,3,726,646,20251104_colab_rhee_PTBP1_13,CCNT1___ZNF503_unrelaxed_rank_003_alphafold2_multimer_v3_model_4_seed_000.pdb,20251104_colab_rhee_PTBP1_13/CCNT1___ZNF503_unrelaxed_rank_003_alphafold2_multimer_v3_model_4_seed_000.pdb,20251104_colab_rhee_PTBP1_13/CCNT1___ZNF503_pae.png
PTBP1,TLE3___GFP,TLE3,GFP,TLE3,GFP,TLE3,GFP,3,0.297848410618974,0.2499643565502718,0.3549053030303031,0.28,0.31,64.2750297029703,3,772,238,20251104_colab_rhee_PTBP1_5,TLE3___GFP_unrelaxed_rank_003_alphafold2_multimer_v3_model_3_seed_000.pdb,20251104_colab_rhee_PTBP1_5/TLE3___GFP_unrelaxed_rank_003_alphafold2_multimer_v3_model_3_seed_000.pdb,20251104_colab_rhee_PTBP1_5/TLE3___GFP_pae.png
PTBP1,NASP___FUS,NASP,FUS,NASP,FUS,NASP,FUS,4,0.2974911056744655,0.2392155774775126,0.3699631892230576,0.25,0.264,35.06585235920852,3,788,526,20251104_colab_rhee_PTBP1_14,NASP___FUS_unrelaxed_rank_004_alphafold2_multimer_v3_model_1_seed_000.pdb,20251104_colab_rhee_PTBP1_14/NASP___FUS_unrelaxed_rank_004_alphafold2_multimer_v3_model_1_seed_000.pdb,20251104_colab_rhee_PTBP1_14/NASP___FUS_pae.png
PTBP1,U2SURP___DHX15,U2SURP,DHX15,U2SURP,DHX15,U2SURP,DHX15,2,0.2966427093031212,0.2129181430822567,0.4132898009950247,0.62,0.588,60.01285635964912,5,1029,795,20251104_colab_rhee_PTBP1_15,U2SURP___DHX15_unrelaxed_rank_002_alphafold2_multimer_v3_model_3_seed_000.pdb,20251104_colab_rhee_PTBP1_15/U2SURP___DHX15_unrelaxed_rank_002_alphafold2_multimer_v3_model_3_seed_000.pdb,20251104_colab_rhee_PTBP1_15/U2SURP___DHX15_pae.png
PTBP1,CCNT1___ZNF503,CCNT1,ZNF503,CCNT1,ZNF503,CCNT1,ZNF503,1,0.2965535668850885,0.2510647330900589,0.3502842352642276,0.32,0.324,32.6998833819242,3,726,646,20251104_colab_rhee_PTBP1_13,CCNT1___ZNF503_unrelaxed_rank_001_alphafold2_multimer_v3_model_3_seed_000.pdb,20251104_colab_rhee_PTBP1_13/CCNT1___ZNF503_unrelaxed_rank_001_alphafold2_multimer_v3_model_3_seed_000.pdb,20251104_colab_rhee_PTBP1_13/CCNT1___ZNF503_pae.png
PTBP1,PRMT1___KHSRP,PRMT1,KHSRP,PRMT1,KHSRP,PRMT1,KHSRP,1,0.2964903376895399,0.2410761378351656,0.36464214638847,0.61,0.578,54.19431608133087,5,371,711,20251104_colab_rhee_PTBP1_8,PRMT1___KHSRP_unrelaxed_rank_001_alphafold2_multimer_v3_model_5_seed_000.pdb,20251104_colab_rhee_PTBP1_8/PRMT1___KHSRP_unrelaxed_rank_001_alphafold2_multimer_v3_model_5_seed_000.pdb,20251104_colab_rhee_PTBP1_8/PRMT1___KHSRP_pae.png
PTBP1,CIZ1___SET,CIZ1,SET,CIZ1,SET,CIZ1,SET,2,0.2963426140458243,0.1921683923833738,0.4569895382395382,0.56,0.51,37.31559764309765,5,898,290,20251104_colab_rhee_PTBP1_20,CIZ1___SET_unrelaxed_rank_002_alphafold2_multimer_v3_model_1_seed_000.pdb,20251104_colab_rhee_PTBP1_20/CIZ1___SET_unrelaxed_rank_002_alphafold2_multimer_v3_model_1_seed_000.pdb,20251104_colab_rhee_PTBP1_20/CIZ1___SET_pae.png
PTBP1,CIZ1___DDX17,CIZ1,DDX17,CIZ1,DDX17,CIZ1,DDX17,1,0.2960821056677804,0.2001959237467837,0.4378940972222223,0.44,0.428,40.1740135218193,3,898,729,20251104_colab_rhee_PTBP1_18,CIZ1___DDX17_unrelaxed_rank_001_alphafold2_multimer_v3_model_3_seed_000.pdb,20251104_colab_rhee_PTBP1_18/CIZ1___DDX17_unrelaxed_rank_001_alphafold2_multimer_v3_model_3_seed_000.pdb,20251104_colab_rhee_PTBP1_18/CIZ1___DDX17_pae.png
PTBP1,CCNT1___DAZAP1,CCNT1,DAZAP1,CCNT1,DAZAP1,CCNT1,DAZAP1,1,0.2955197753673151,0.2300366880328774,0.3796435185185186,0.28,0.292,43.69736981465137,3,726,407,20251104_colab_rhee_PTBP1_15,CCNT1___DAZAP1_unrelaxed_rank_001_alphafold2_multimer_v3_model_5_seed_000.pdb,20251104_colab_rhee_PTBP1_15/CCNT1___DAZAP1_unrelaxed_rank_001_alphafold2_multimer_v3_model_5_seed_000.pdb,20251104_colab_rhee_PTBP1_15/CCNT1___DAZAP1_pae.png
PTBP1,CIZ1___SET,CIZ1,SET,CIZ1,SET,CIZ1,SET,3,0.2950688184999385,0.1876199528189594,0.4640530303030303,0.51,0.468,36.1501430976431,4,898,290,20251104_colab_rhee_PTBP1_20,CIZ1___SET_unrelaxed_rank_003_alphafold2_multimer_v3_model_4_seed_000.pdb,20251104_colab_rhee_PTBP1_20/CIZ1___SET_unrelaxed_rank_003_alphafold2_multimer_v3_model_4_seed_000.pdb,20251104_colab_rhee_PTBP1_20/CIZ1___SET_pae.png
PTBP1,PTBP3___RAVER1,PTBP3,RAVER1,PTBP3,RAVER1,PTBP3,RAVER1,5,0.2950248077674147,0.2240864856791191,0.3884198412698413,0.27,0.292,59.91543177892919,3,552,606,20251104_colab_rhee_PTBP1_1,PTBP3___RAVER1_unrelaxed_rank_005_alphafold2_multimer_v3_model_2_seed_000.pdb,20251104_colab_rhee_PTBP1_1/PTBP3___RAVER1_unrelaxed_rank_005_alphafold2_multimer_v3_model_2_seed_000.pdb,20251104_colab_rhee_PTBP1_1/PTBP3___RAVER1_pae.png
PTBP1,SRSF11___PTBP1,SRSF11,PTBP1,SRSF11,PTBP1,SRSF11,PTBP1,3,0.2945691090763965,0.2251546912232424,0.3853837535014005,0.25,0.258,50.38215177713737,3,484,557,20251104_colab_rhee_PTBP1_7,SRSF11___PTBP1_unrelaxed_rank_003_alphafold2_multimer_v3_model_3_seed_000.pdb,20251104_colab_rhee_PTBP1_7/SRSF11___PTBP1_unrelaxed_rank_003_alphafold2_multimer_v3_model_3_seed_000.pdb,20251104_colab_rhee_PTBP1_7/SRSF11___PTBP1_pae.png
PTBP1,SF1___LUC7L2,SF1,LUC7L2,SF1,LUC7L2,SF1,LUC7L2,3,0.2945648007960631,0.1722300410508363,0.503793771043771,0.47,0.454,49.84831231813773,3,639,392,20251104_colab_rhee_PTBP1_8,SF1___LUC7L2_unrelaxed_rank_003_alphafold2_multimer_v3_model_5_seed_000.pdb,20251104_colab_rhee_PTBP1_8/SF1___LUC7L2_unrelaxed_rank_003_alphafold2_multimer_v3_model_5_seed_000.pdb,20251104_colab_rhee_PTBP1_8/SF1___LUC7L2_pae.png
PTBP1,NASP___RB1,NASP,RB1,NASP,RB1,NASP,RB1,2,0.2942877996323426,0.2430446839919537,0.3563349240558292,0.36,0.39,53.9076048951049,3,788,928,20251104_colab_rhee_PTBP1_13,NASP___RB1_unrelaxed_rank_002_alphafold2_multimer_v3_model_3_seed_000.pdb,20251104_colab_rhee_PTBP1_13/NASP___RB1_unrelaxed_rank_002_alphafold2_multimer_v3_model_3_seed_000.pdb,20251104_colab_rhee_PTBP1_13/NASP___RB1_pae.png
PTBP1,PTBP3___RAVER1,PTBP3,RAVER1,PTBP3,RAVER1,PTBP3,RAVER1,2,0.2940427440108946,0.2225512805253197,0.3884998329435349,0.28,0.3,57.12272884283247,3,552,606,20251104_colab_rhee_PTBP1_1,PTBP3___RAVER1_unrelaxed_rank_002_alphafold2_multimer_v3_model_1_seed_000.pdb,20251104_colab_rhee_PTBP1_1/PTBP3___RAVER1_unrelaxed_rank_002_alphafold2_multimer_v3_model_1_seed_000.pdb,20251104_colab_rhee_PTBP1_1/PTBP3___RAVER1_pae.png
PTBP1,MATR3___SFPQ,MATR3,SFPQ,MATR3,SFPQ,MATR3,SFPQ,1,0.2935917228162828,0.22654767402852,0.3804766483516483,0.32,0.318,45.45990990990991,3,847,707,20251104_colab_rhee_PTBP1_13,MATR3___SFPQ_unrelaxed_rank_001_alphafold2_multimer_v3_model_2_seed_000.pdb,20251104_colab_rhee_PTBP1_13/MATR3___SFPQ_unrelaxed_rank_001_alphafold2_multimer_v3_model_2_seed_000.pdb,20251104_colab_rhee_PTBP1_13/MATR3___SFPQ_pae.png
PTBP1,EDC3___PDK1,EDC3,PDK1,EDC3,PDK1,EDC3,PDK1,1,0.2929692229045103,0.23799821147687,0.3606370192307692,0.32,0.35,68.58629237288136,3,508,436,20251104_colab_rhee_PTBP1_20,EDC3___PDK1_unrelaxed_rank_001_alphafold2_multimer_v3_model_1_seed_000.pdb,20251104_colab_rhee_PTBP1_20/EDC3___PDK1_unrelaxed_rank_001_alphafold2_multimer_v3_model_1_seed_000.pdb,20251104_colab_rhee_PTBP1_20/EDC3___PDK1_pae.png
PTBP1,PTBP3___SRSF11,PTBP3,SRSF11,PTBP3,SRSF11,PTBP3,SRSF11,4,0.2929044279317352,0.2318939230001176,0.3699665898617512,0.25,0.258,50.74875482625482,3,552,484,20251104_colab_rhee_PTBP1_15,PTBP3___SRSF11_unrelaxed_rank_004_alphafold2_multimer_v3_model_4_seed_000.pdb,20251104_colab_rhee_PTBP1_15/PTBP3___SRSF11_unrelaxed_rank_004_alphafold2_multimer_v3_model_4_seed_000.pdb,20251104_colab_rhee_PTBP1_15/PTBP3___SRSF11_pae.png
PTBP1,XRN2___SAFB,XRN2,SAFB,XRN2,SAFB,XRN2,SAFB,2,0.2926425399558872,0.210361596123848,0.4071068948412698,0.47,0.472,48.51725469168901,3,950,915,20251104_colab_rhee_PTBP1_19,XRN2___SAFB_unrelaxed_rank_002_alphafold2_multimer_v3_model_4_seed_000.pdb,20251104_colab_rhee_PTBP1_19/XRN2___SAFB_unrelaxed_rank_002_alphafold2_multimer_v3_model_4_seed_000.pdb,20251104_colab_rhee_PTBP1_19/XRN2___SAFB_pae.png
PTBP1,TLE3___FUS,TLE3,FUS,TLE3,FUS,TLE3,FUS,1,0.2921236717756737,0.2150495832951502,0.3968212274774775,0.41,0.404,45.91782742681048,3,772,526,20251104_colab_rhee_PTBP1_4,TLE3___FUS_unrelaxed_rank_001_alphafold2_multimer_v3_model_5_seed_000.pdb,20251104_colab_rhee_PTBP1_4/TLE3___FUS_unrelaxed_rank_001_alphafold2_multimer_v3_model_5_seed_000.pdb,20251104_colab_rhee_PTBP1_4/TLE3___FUS_pae.png
PTBP1,ZNF503___RBM33,ZNF503,RBM33,ZNF503,RBM33,ZNF503,RBM33,4,0.2895709360729466,0.2026582988267771,0.4137571839080459,0.21,0.21,22.26025881057269,3,646,1170,20251104_colab_rhee_PTBP1_10,ZNF503___RBM33_unrelaxed_rank_004_alphafold2_multimer_v3_model_3_seed_000.pdb,20251104_colab_rhee_PTBP1_10/ZNF503___RBM33_unrelaxed_rank_004_alphafold2_multimer_v3_model_3_seed_000.pdb,20251104_colab_rhee_PTBP1_10/ZNF503___RBM33_pae.png
PTBP1,SF3A3___RBM33,SF3A3,RBM33,SF3A3,RBM33,SF3A3,RBM33,2,0.2894944531699361,0.2102686378031681,0.3985712719298245,0.44,0.414,39.35965290245362,3,501,1170,20251104_colab_rhee_PTBP1_15,SF3A3___RBM33_unrelaxed_rank_002_alphafold2_multimer_v3_model_1_seed_000.pdb,20251104_colab_rhee_PTBP1_15/SF3A3___RBM33_unrelaxed_rank_002_alphafold2_multimer_v3_model_1_seed_000.pdb,20251104_colab_rhee_PTBP1_15/SF3A3___RBM33_pae.png
PTBP1,KHSRP___CCNT1,KHSRP,CCNT1,KHSRP,CCNT1,KHSRP,CCNT1,1,0.2894562473415992,0.2111204028283019,0.3968584656084656,0.34,0.34,40.63371607515658,3,711,726,20251104_colab_rhee_PTBP1_18,KHSRP___CCNT1_unrelaxed_rank_001_alphafold2_multimer_v3_model_3_seed_000.pdb,20251104_colab_rhee_PTBP1_18/KHSRP___CCNT1_unrelaxed_rank_001_alphafold2_multimer_v3_model_3_seed_000.pdb,20251104_colab_rhee_PTBP1_18/KHSRP___CCNT1_pae.png
PTBP1,PTBP3___TLE3,PTBP3,TLE3,PTBP3,TLE3,PTBP3,TLE3,1,0.2885553643729351,0.244258610774825,0.3408854166666666,0.36,0.362,57.06754531722054,3,552,772,20251104_colab_rhee_PTBP1_14,PTBP3___TLE3_unrelaxed_rank_001_alphafold2_multimer_v3_model_4_seed_000.pdb,20251104_colab_rhee_PTBP1_14/PTBP3___TLE3_unrelaxed_rank_001_alphafold2_multimer_v3_model_4_seed_000.pdb,20251104_colab_rhee_PTBP1_14/PTBP3___TLE3_pae.png
PTBP1,NASP___ZFR,NASP,ZFR,NASP,ZFR,NASP,ZFR,3,0.2884437078879393,0.2259706479350466,0.3681884057971014,0.35,0.3419999999999999,41.41156820622986,3,788,1074,20251104_colab_rhee_PTBP1_16,NASP___ZFR_unrelaxed_rank_003_alphafold2_multimer_v3_model_5_seed_000.pdb,20251104_colab_rhee_PTBP1_16/NASP___ZFR_unrelaxed_rank_003_alphafold2_multimer_v3_model_5_seed_000.pdb,20251104_colab_rhee_PTBP1_16/NASP___ZFR_pae.png
PTBP1,CCAR2___RB1,CCAR2,RB1,CCAR2,RB1,CCAR2,RB1,5,0.2877287827777301,0.2131733371445029,0.3883593208593208,0.45,0.454,60.75318746623447,3,923,928,20251104_colab_rhee_PTBP1_11,CCAR2___RB1_unrelaxed_rank_005_alphafold2_multimer_v3_model_2_seed_000.pdb,20251104_colab_rhee_PTBP1_11/CCAR2___RB1_unrelaxed_rank_005_alphafold2_multimer_v3_model_2_seed_000.pdb,20251104_colab_rhee_PTBP1_11/CCAR2___RB1_pae.png
PTBP1,PPP1R10___PTBP1,PPP1R10,PTBP1,PPP1R10,PTBP1,PPP1R10,PTBP1,1,0.2871102420504413,0.2112896033641487,0.3901388888888889,0.28,0.278,44.74319973279893,3,940,557,20251104_colab_rhee_PTBP1_1,PPP1R10___PTBP1_unrelaxed_rank_001_alphafold2_multimer_v3_model_2_seed_000.pdb,20251104_colab_rhee_PTBP1_1/PPP1R10___PTBP1_unrelaxed_rank_001_alphafold2_multimer_v3_model_2_seed_000.pdb,20251104_colab_rhee_PTBP1_1/PPP1R10___PTBP1_pae.png
PTBP1,NASP___U2SURP,NASP,U2SURP,NASP,U2SURP,NASP,U2SURP,1,0.2869436676179352,0.2140632459858419,0.3846371104336044,0.28,0.286,43.73930654925702,3,788,1029,20251104_colab_rhee_PTBP1_11,NASP___U2SURP_unrelaxed_rank_001_alphafold2_multimer_v3_model_1_seed_000.pdb,20251104_colab_rhee_PTBP1_11/NASP___U2SURP_unrelaxed_rank_001_alphafold2_multimer_v3_model_1_seed_000.pdb,20251104_colab_rhee_PTBP1_11/NASP___U2SURP_pae.png
PTBP1,ZFR___NCL,ZFR,NCL,ZFR,NCL,ZFR,NCL,1,0.2868681787523024,0.2164931151074888,0.3801199494949495,0.33,0.328,44.66353699551569,3,1074,710,20251104_colab_rhee_PTBP1_8,ZFR___NCL_unrelaxed_rank_001_alphafold2_multimer_v3_model_5_seed_000.pdb,20251104_colab_rhee_PTBP1_8/ZFR___NCL_unrelaxed_rank_001_alphafold2_multimer_v3_model_5_seed_000.pdb,20251104_colab_rhee_PTBP1_8/ZFR___NCL_pae.png
PTBP1,ATP5PD___EDC3,ATP5PD,EDC3,ATP5PD,EDC3,ATP5PD,EDC3,4,0.2867131447801096,0.1847809550765948,0.4448749999999999,0.37,0.392,64.94285500747384,3,161,508,20251104_colab_rhee_PTBP1_1,ATP5PD___EDC3_unrelaxed_rank_004_alphafold2_multimer_v3_model_5_seed_000.pdb,20251104_colab_rhee_PTBP1_1/ATP5PD___EDC3_unrelaxed_rank_004_alphafold2_multimer_v3_model_5_seed_000.pdb,20251104_colab_rhee_PTBP1_1/ATP5PD___EDC3_pae.png
PTBP1,NASP___DNAJA1,NASP,DNAJA1,NASP,DNAJA1,NASP,DNAJA1,1,0.2861637862079835,0.1916842247093496,0.4272115384615384,0.48,0.468,51.63603375527426,4,788,397,20251104_colab_rhee_PTBP1_12,NASP___DNAJA1_unrelaxed_rank_001_alphafold2_multimer_v3_model_4_seed_000.pdb,20251104_colab_rhee_PTBP1_12/NASP___DNAJA1_unrelaxed_rank_001_alphafold2_multimer_v3_model_4_seed_000.pdb,20251104_colab_rhee_PTBP1_12/NASP___DNAJA1_pae.png
PTBP1,ANP32A___DNAJA1,ANP32A,DNAJA1,ANP32A,DNAJA1,ANP32A,DNAJA1,1,0.2855044821419956,0.2156826120295994,0.3779294425087108,0.34,0.352,71.09328173374612,3,249,397,20251104_colab_rhee_PTBP1_18,ANP32A___DNAJA1_unrelaxed_rank_001_alphafold2_multimer_v3_model_1_seed_000.pdb,20251104_colab_rhee_PTBP1_18/ANP32A___DNAJA1_unrelaxed_rank_001_alphafold2_multimer_v3_model_1_seed_000.pdb,20251104_colab_rhee_PTBP1_18/ANP32A___DNAJA1_pae.png
PTBP1,SF1___U2SURP,SF1,U2SURP,SF1,U2SURP,SF1,U2SURP,1,0.2847366698294075,0.209470554984033,0.3870471014492754,0.28,0.282,45.03880095923262,3,639,1029,20251104_colab_rhee_PTBP1_11,SF1___U2SURP_unrelaxed_rank_001_alphafold2_multimer_v3_model_5_seed_000.pdb,20251104_colab_rhee_PTBP1_11/SF1___U2SURP_unrelaxed_rank_001_alphafold2_multimer_v3_model_5_seed_000.pdb,20251104_colab_rhee_PTBP1_11/SF1___U2SURP_pae.png
PTBP1,FAM50A___CDC5L,FAM50A,CDC5L,FAM50A,CDC5L,FAM50A,CDC5L,1,0.2834062906312177,0.2036474836913347,0.3944027400362319,0.35,0.3379999999999999,56.88571428571429,3,339,802,20251104_colab_rhee_PTBP1_12,FAM50A___CDC5L_unrelaxed_rank_001_alphafold2_multimer_v3_model_3_seed_000.pdb,20251104_colab_rhee_PTBP1_12/FAM50A___CDC5L_unrelaxed_rank_001_alphafold2_multimer_v3_model_3_seed_000.pdb,20251104_colab_rhee_PTBP1_12/FAM50A___CDC5L_pae.png
PTBP1,CIZ1___ANP32A,CIZ1,ANP32A,CIZ1,ANP32A,CIZ1,ANP32A,1,0.2832291295463451,0.1984510534778789,0.4042243083003952,0.46,0.424,35.5077593722755,3,898,249,20251104_colab_rhee_PTBP1_20,CIZ1___ANP32A_unrelaxed_rank_001_alphafold2_multimer_v3_model_4_seed_000.pdb,20251104_colab_rhee_PTBP1_20/CIZ1___ANP32A_unrelaxed_rank_001_alphafold2_multimer_v3_model_4_seed_000.pdb,20251104_colab_rhee_PTBP1_20/CIZ1___ANP32A_pae.png
PTBP1,SUGP2___SET,SUGP2,SET,SUGP2,SET,SUGP2,SET,1,0.283152313904211,0.1990214365312958,0.4028472222222222,0.53,0.48,44.03193148688047,4,1082,290,20251104_colab_rhee_PTBP1_16,SUGP2___SET_unrelaxed_rank_001_alphafold2_multimer_v3_model_5_seed_000.pdb,20251104_colab_rhee_PTBP1_16/SUGP2___SET_unrelaxed_rank_001_alphafold2_multimer_v3_model_5_seed_000.pdb,20251104_colab_rhee_PTBP1_16/SUGP2___SET_pae.png
PTBP1,SFPQ___NASP,SFPQ,NASP,SFPQ,NASP,SFPQ,NASP,2,0.2829911172630514,0.2040897625479121,0.3923958333333334,0.31,0.308,42.62582608695652,3,707,788,20251104_colab_rhee_PTBP1_19,SFPQ___NASP_unrelaxed_rank_002_alphafold2_multimer_v3_model_1_seed_000.pdb,20251104_colab_rhee_PTBP1_19/SFPQ___NASP_unrelaxed_rank_002_alphafold2_multimer_v3_model_1_seed_000.pdb,20251104_colab_rhee_PTBP1_19/SFPQ___NASP_pae.png
PTBP1,FUBP1___U2SURP,FUBP1,U2SURP,FUBP1,U2SURP,FUBP1,U2SURP,1,0.2825198855426465,0.2024053273340071,0.3943447871572871,0.29,0.294,47.89013747758518,3,644,1029,20251104_colab_rhee_PTBP1_16,FUBP1___U2SURP_unrelaxed_rank_001_alphafold2_multimer_v3_model_2_seed_000.pdb,20251104_colab_rhee_PTBP1_16/FUBP1___U2SURP_unrelaxed_rank_001_alphafold2_multimer_v3_model_2_seed_000.pdb,20251104_colab_rhee_PTBP1_16/FUBP1___U2SURP_pae.png
PTBP1,SF1___U2SURP,SF1,U2SURP,SF1,U2SURP,SF1,U2SURP,2,0.2822774389821729,0.2068068681027496,0.3852896825396825,0.28,0.282,44.1301618705036,3,639,1029,20251104_colab_rhee_PTBP1_11,SF1___U2SURP_unrelaxed_rank_002_alphafold2_multimer_v3_model_3_seed_000.pdb,20251104_colab_rhee_PTBP1_11/SF1___U2SURP_unrelaxed_rank_002_alphafold2_multimer_v3_model_3_seed_000.pdb,20251104_colab_rhee_PTBP1_11/SF1___U2SURP_pae.png
PTBP1,PDK1___SRSF11,PDK1,SRSF11,PDK1,SRSF11,PDK1,SRSF11,3,0.2821994642081459,0.2198170533110857,0.3622855297157621,0.47,0.472,53.68197826086956,3,436,484,20251104_colab_rhee_PTBP1_18,PDK1___SRSF11_unrelaxed_rank_003_alphafold2_multimer_v3_model_1_seed_000.pdb,20251104_colab_rhee_PTBP1_18/PDK1___SRSF11_unrelaxed_rank_003_alphafold2_multimer_v3_model_1_seed_000.pdb,20251104_colab_rhee_PTBP1_18/PDK1___SRSF11_pae.png
PTBP1,NASP___PSPC1,NASP,PSPC1,NASP,PSPC1,NASP,PSPC1,5,0.2820108615103085,0.2123398625247384,0.3745416666666666,0.27,0.276,46.77272311212815,3,788,523,20251104_colab_rhee_PTBP1_5,NASP___PSPC1_unrelaxed_rank_005_alphafold2_multimer_v3_model_1_seed_000.pdb,20251104_colab_rhee_PTBP1_5/NASP___PSPC1_unrelaxed_rank_005_alphafold2_multimer_v3_model_1_seed_000.pdb,20251104_colab_rhee_PTBP1_5/NASP___PSPC1_pae.png
PTBP1,STIP1___PPP1R10,STIP1,PPP1R10,STIP1,PPP1R10,STIP1,PPP1R10,2,0.281935615967958,0.1742493258400153,0.4561721611721611,0.35,0.3419999999999999,50.24983142279164,3,543,940,20251104_colab_rhee_PTBP1_6,STIP1___PPP1R10_unrelaxed_rank_002_alphafold2_multimer_v3_model_5_seed_000.pdb,20251104_colab_rhee_PTBP1_6/STIP1___PPP1R10_unrelaxed_rank_002_alphafold2_multimer_v3_model_5_seed_000.pdb,20251104_colab_rhee_PTBP1_6/STIP1___PPP1R10_pae.png
PTBP1,NASP___ZNF503,NASP,ZNF503,NASP,ZNF503,NASP,ZNF503,3,0.2819184710448475,0.2528365035342635,0.3143455284552846,0.3,0.304,31.30325662482566,3,788,646,20251104_colab_rhee_PTBP1_10,NASP___ZNF503_unrelaxed_rank_003_alphafold2_multimer_v3_model_1_seed_000.pdb,20251104_colab_rhee_PTBP1_10/NASP___ZNF503_unrelaxed_rank_003_alphafold2_multimer_v3_model_1_seed_000.pdb,20251104_colab_rhee_PTBP1_10/NASP___ZNF503_pae.png
PTBP1,TLE3___SAFB,TLE3,SAFB,TLE3,SAFB,TLE3,SAFB,3,0.2818972150214772,0.231576111070498,0.3431530112044819,0.28,0.29,40.85525192649674,3,772,915,20251104_colab_rhee_PTBP1_7,TLE3___SAFB_unrelaxed_rank_003_alphafold2_multimer_v3_model_1_seed_000.pdb,20251104_colab_rhee_PTBP1_7/TLE3___SAFB_unrelaxed_rank_003_alphafold2_multimer_v3_model_1_seed_000.pdb,20251104_colab_rhee_PTBP1_7/TLE3___SAFB_pae.png
PTBP1,NASP___ZNF503,NASP,ZNF503,NASP,ZNF503,NASP,ZNF503,4,0.2817710138211059,0.2479763337569754,0.3201712962962963,0.29,0.294,31.54350767085077,3,788,646,20251104_colab_rhee_PTBP1_10,NASP___ZNF503_unrelaxed_rank_004_alphafold2_multimer_v3_model_4_seed_000.pdb,20251104_colab_rhee_PTBP1_10/NASP___ZNF503_unrelaxed_rank_004_alphafold2_multimer_v3_model_4_seed_000.pdb,20251104_colab_rhee_PTBP1_10/NASP___ZNF503_pae.png
PTBP1,KHSRP___ANP32A,KHSRP,ANP32A,KHSRP,ANP32A,KHSRP,ANP32A,2,0.2812730280923664,0.214310873028927,0.3691577343421606,0.48,0.448,44.93848958333334,4,711,249,20251104_colab_rhee_PTBP1_5,KHSRP___ANP32A_unrelaxed_rank_002_alphafold2_multimer_v3_model_4_seed_000.pdb,20251104_colab_rhee_PTBP1_5/KHSRP___ANP32A_unrelaxed_rank_002_alphafold2_multimer_v3_model_4_seed_000.pdb,20251104_colab_rhee_PTBP1_5/KHSRP___ANP32A_pae.png
PTBP1,FUBP1___SRSF11,FUBP1,SRSF11,FUBP1,SRSF11,FUBP1,SRSF11,2,0.2811118860054511,0.2372452029905153,0.333089527027027,0.27,0.262,38.92695921985816,3,644,484,20251104_colab_rhee_PTBP1_7,FUBP1___SRSF11_unrelaxed_rank_002_alphafold2_multimer_v3_model_3_seed_000.pdb,20251104_colab_rhee_PTBP1_7/FUBP1___SRSF11_unrelaxed_rank_002_alphafold2_multimer_v3_model_3_seed_000.pdb,20251104_colab_rhee_PTBP1_7/FUBP1___SRSF11_pae.png
PTBP1,TLE3___SAFB,TLE3,SAFB,TLE3,SAFB,TLE3,SAFB,5,0.2809295315827163,0.2096291455228627,0.3764810542848729,0.27,0.284,42.7173562537048,3,772,915,20251104_colab_rhee_PTBP1_7,TLE3___SAFB_unrelaxed_rank_005_alphafold2_multimer_v3_model_3_seed_000.pdb,20251104_colab_rhee_PTBP1_7/TLE3___SAFB_unrelaxed_rank_005_alphafold2_multimer_v3_model_3_seed_000.pdb,20251104_colab_rhee_PTBP1_7/TLE3___SAFB_pae.png
PTBP1,NASP___AGAP3,NASP,AGAP3,NASP,AGAP3,NASP,AGAP3,2,0.2808652151202803,0.2241969764187775,0.3518569711538461,0.33,0.324,49.46393866506314,3,788,875,20251104_colab_rhee_PTBP1_6,NASP___AGAP3_unrelaxed_rank_002_alphafold2_multimer_v3_model_2_seed_000.pdb,20251104_colab_rhee_PTBP1_6/NASP___AGAP3_unrelaxed_rank_002_alphafold2_multimer_v3_model_2_seed_000.pdb,20251104_colab_rhee_PTBP1_6/NASP___AGAP3_pae.png
PTBP1,MATR3___PPP1R10,MATR3,PPP1R10,MATR3,PPP1R10,MATR3,PPP1R10,1,0.2808288036126565,0.2207055535910734,0.3573304597701149,0.25,0.248,35.63445998880806,3,847,940,20251104_colab_rhee_PTBP1_12,MATR3___PPP1R10_unrelaxed_rank_001_alphafold2_multimer_v3_model_5_seed_000.pdb,20251104_colab_rhee_PTBP1_12/MATR3___PPP1R10_unrelaxed_rank_001_alphafold2_multimer_v3_model_5_seed_000.pdb,20251104_colab_rhee_PTBP1_12/MATR3___PPP1R10_pae.png
PTBP1,SMAP___SUPT5H,SMAP,SUPT5H,SMAP,SUPT5H,SMAP,SUPT5H,1,0.2808273510073128,0.2217459442635566,0.3556502525252525,0.31,0.296,49.03248031496063,3,183,1087,20251104_colab_rhee_PTBP1_14,SMAP___SUPT5H_unrelaxed_rank_001_alphafold2_multimer_v3_model_4_seed_000.pdb,20251104_colab_rhee_PTBP1_14/SMAP___SUPT5H_unrelaxed_rank_001_alphafold2_multimer_v3_model_4_seed_000.pdb,20251104_colab_rhee_PTBP1_14/SMAP___SUPT5H_pae.png
PTBP1,CCAR2___RB1,CCAR2,RB1,CCAR2,RB1,CCAR2,RB1,3,0.2805611543165403,0.2036678075673755,0.3864850427350426,0.47,0.47,58.95148568341437,3,923,928,20251104_colab_rhee_PTBP1_11,CCAR2___RB1_unrelaxed_rank_003_alphafold2_multimer_v3_model_4_seed_000.pdb,20251104_colab_rhee_PTBP1_11/CCAR2___RB1_unrelaxed_rank_003_alphafold2_multimer_v3_model_4_seed_000.pdb,20251104_colab_rhee_PTBP1_11/CCAR2___RB1_pae.png
PTBP1,CHERP___PCCA,CHERP,PCCA,CHERP,PCCA,CHERP,PCCA,2,0.2802901888374465,0.1382148723780641,0.5684090909090909,0.47,0.476,61.61624087591241,2,916,728,20251104_colab_rhee_PTBP1_2,CHERP___PCCA_unrelaxed_rank_002_alphafold2_multimer_v3_model_3_seed_000.pdb,20251104_colab_rhee_PTBP1_2/CHERP___PCCA_unrelaxed_rank_002_alphafold2_multimer_v3_model_3_seed_000.pdb,20251104_colab_rhee_PTBP1_2/CHERP___PCCA_pae.png
PTBP1,NONO___SAFB,NONO,SAFB,NONO,SAFB,NONO,SAFB,2,0.2799629769022599,0.1984743254272447,0.3949088541666666,0.36,0.354,42.8475036075036,3,471,915,20251104_colab_rhee_PTBP1_17,NONO___SAFB_unrelaxed_rank_002_alphafold2_multimer_v3_model_5_seed_000.pdb,20251104_colab_rhee_PTBP1_17/NONO___SAFB_unrelaxed_rank_002_alphafold2_multimer_v3_model_5_seed_000.pdb,20251104_colab_rhee_PTBP1_17/NONO___SAFB_pae.png
PTBP1,STIP1___ANP32A,STIP1,ANP32A,STIP1,ANP32A,STIP1,ANP32A,3,0.2791073796657162,0.2230749919515445,0.3492140858208955,0.29,0.314,76.94720959595959,3,543,249,20251104_colab_rhee_PTBP1_6,STIP1___ANP32A_unrelaxed_rank_003_alphafold2_multimer_v3_model_2_seed_000.pdb,20251104_colab_rhee_PTBP1_6/STIP1___ANP32A_unrelaxed_rank_003_alphafold2_multimer_v3_model_2_seed_000.pdb,20251104_colab_rhee_PTBP1_6/STIP1___ANP32A_pae.png
PTBP1,AGAP3___PTBP1,AGAP3,PTBP1,AGAP3,PTBP1,AGAP3,PTBP1,1,0.2790478832932852,0.1784643104507606,0.4363209706959707,0.29,0.292,58.52888966480447,3,875,557,20251104_colab_rhee_PTBP1_6,AGAP3___PTBP1_unrelaxed_rank_001_alphafold2_multimer_v3_model_4_seed_000.pdb,20251104_colab_rhee_PTBP1_6/AGAP3___PTBP1_unrelaxed_rank_001_alphafold2_multimer_v3_model_4_seed_000.pdb,20251104_colab_rhee_PTBP1_6/AGAP3___PTBP1_pae.png
PTBP1,SUGP2___ZNF503,SUGP2,ZNF503,SUGP2,ZNF503,SUGP2,ZNF503,1,0.278829385940332,0.2016156555250305,0.3856140350877192,0.26,0.26,29.58655671296296,3,1082,646,20251104_colab_rhee_PTBP1_11,SUGP2___ZNF503_unrelaxed_rank_001_alphafold2_multimer_v3_model_3_seed_000.pdb,20251104_colab_rhee_PTBP1_11/SUGP2___ZNF503_unrelaxed_rank_001_alphafold2_multimer_v3_model_3_seed_000.pdb,20251104_colab_rhee_PTBP1_11/SUGP2___ZNF503_pae.png
PTBP1,SF1___FUBP3,SF1,FUBP3,SF1,FUBP3,SF1,FUBP3,1,0.2784746563628241,0.1797993360153907,0.4313037854030501,0.27,0.274,43.31270024772915,3,639,572,20251104_colab_rhee_PTBP1_19,SF1___FUBP3_unrelaxed_rank_001_alphafold2_multimer_v3_model_3_seed_000.pdb,20251104_colab_rhee_PTBP1_19/SF1___FUBP3_unrelaxed_rank_001_alphafold2_multimer_v3_model_3_seed_000.pdb,20251104_colab_rhee_PTBP1_19/SF1___FUBP3_pae.png
PTBP1,CDK4___TXN,CDK4,TXN,CDK4,TXN,CDK4,TXN,1,0.2780873929167954,0.1758584341752991,0.4397434701492536,0.62,0.652,84.73419117647059,5,303,105,20251104_colab_rhee_PTBP1_14,CDK4___TXN_unrelaxed_rank_001_alphafold2_multimer_v3_model_5_seed_000.pdb,20251104_colab_rhee_PTBP1_14/CDK4___TXN_unrelaxed_rank_001_alphafold2_multimer_v3_model_5_seed_000.pdb,20251104_colab_rhee_PTBP1_14/CDK4___TXN_pae.png
PTBP1,EPB41___RB1,EPB41,RB1,EPB41,RB1,EPB41,RB1,1,0.2780421425977135,0.2014788456094013,0.3837,0.44,0.446,56.55217633928572,3,864,928,20251104_colab_rhee_PTBP1_17,EPB41___RB1_unrelaxed_rank_001_alphafold2_multimer_v3_model_2_seed_000.pdb,20251104_colab_rhee_PTBP1_17/EPB41___RB1_unrelaxed_rank_001_alphafold2_multimer_v3_model_2_seed_000.pdb,20251104_colab_rhee_PTBP1_17/EPB41___RB1_pae.png
PTBP1,CIZ1___EPB41,CIZ1,EPB41,CIZ1,EPB41,CIZ1,EPB41,1,0.2774457346410513,0.1976523280812361,0.3894522084195997,0.37,0.362,34.62334846765039,3,898,864,20251104_colab_rhee_PTBP1_16,CIZ1___EPB41_unrelaxed_rank_001_alphafold2_multimer_v3_model_5_seed_000.pdb,20251104_colab_rhee_PTBP1_16/CIZ1___EPB41_unrelaxed_rank_001_alphafold2_multimer_v3_model_5_seed_000.pdb,20251104_colab_rhee_PTBP1_16/CIZ1___EPB41_pae.png
PTBP1,ZFR___NCL,ZFR,NCL,ZFR,NCL,ZFR,NCL,2,0.2774325973858689,0.2179539303670943,0.3531427304964538,0.33,0.328,42.96839686098655,3,1074,710,20251104_colab_rhee_PTBP1_8,ZFR___NCL_unrelaxed_rank_002_alphafold2_multimer_v3_model_4_seed_000.pdb,20251104_colab_rhee_PTBP1_8/ZFR___NCL_unrelaxed_rank_002_alphafold2_multimer_v3_model_4_seed_000.pdb,20251104_colab_rhee_PTBP1_8/ZFR___NCL_pae.png
PTBP1,EPB41___NCL,EPB41,NCL,EPB41,NCL,EPB41,NCL,1,0.2774168149817557,0.215243111868424,0.357549603174603,0.36,0.358,46.02014612452351,3,864,710,20251104_colab_rhee_PTBP1_6,EPB41___NCL_unrelaxed_rank_001_alphafold2_multimer_v3_model_3_seed_000.pdb,20251104_colab_rhee_PTBP1_6/EPB41___NCL_unrelaxed_rank_001_alphafold2_multimer_v3_model_3_seed_000.pdb,20251104_colab_rhee_PTBP1_6/EPB41___NCL_pae.png
PTBP1,SF3B2___EPB41,SF3B2,EPB41,SF3B2,EPB41,SF3B2,EPB41,1,0.2773525168724029,0.2207883981705266,0.3484078839869281,0.37,0.364,41.5868732234224,3,895,864,20251104_colab_rhee_PTBP1_14,SF3B2___EPB41_unrelaxed_rank_001_alphafold2_multimer_v3_model_3_seed_000.pdb,20251104_colab_rhee_PTBP1_14/SF3B2___EPB41_unrelaxed_rank_001_alphafold2_multimer_v3_model_3_seed_000.pdb,20251104_colab_rhee_PTBP1_14/SF3B2___EPB41_pae.png
PTBP1,NASP___TLE3,NASP,TLE3,NASP,TLE3,NASP,TLE3,5,0.276714624728966,0.2178740131872112,0.351446151924038,0.32,0.324,44.61827564102564,3,788,772,20251104_colab_rhee_PTBP1_4,NASP___TLE3_unrelaxed_rank_005_alphafold2_multimer_v3_model_1_seed_000.pdb,20251104_colab_rhee_PTBP1_4/NASP___TLE3_unrelaxed_rank_005_alphafold2_multimer_v3_model_1_seed_000.pdb,20251104_colab_rhee_PTBP1_4/NASP___TLE3_pae.png
PTBP1,FAM50A___CDC5L,FAM50A,CDC5L,FAM50A,CDC5L,FAM50A,CDC5L,2,0.2761926246776011,0.2017355888587964,0.3781304347826086,0.28,0.28,56.0422787028922,3,339,802,20251104_colab_rhee_PTBP1_12,FAM50A___CDC5L_unrelaxed_rank_002_alphafold2_multimer_v3_model_2_seed_000.pdb,20251104_colab_rhee_PTBP1_12/FAM50A___CDC5L_unrelaxed_rank_002_alphafold2_multimer_v3_model_2_seed_000.pdb,20251104_colab_rhee_PTBP1_12/FAM50A___CDC5L_pae.png
PTBP1,TLE3___DAZAP1,TLE3,DAZAP1,TLE3,DAZAP1,TLE3,DAZAP1,1,0.2759959297019693,0.2432126319968129,0.3131981780167264,0.24,0.268,50.65772688719254,3,772,407,20251104_colab_rhee_PTBP1_1,TLE3___DAZAP1_unrelaxed_rank_001_alphafold2_multimer_v3_model_5_seed_000.pdb,20251104_colab_rhee_PTBP1_1/TLE3___DAZAP1_unrelaxed_rank_001_alphafold2_multimer_v3_model_5_seed_000.pdb,20251104_colab_rhee_PTBP1_1/TLE3___DAZAP1_pae.png
PTBP1,CHERP___PCCA,CHERP,PCCA,CHERP,PCCA,CHERP,PCCA,1,0.2757701320765697,0.1639300625695443,0.4639122596153847,0.5,0.498,60.97736618004866,4,916,728,20251104_colab_rhee_PTBP1_2,CHERP___PCCA_unrelaxed_rank_001_alphafold2_multimer_v3_model_4_seed_000.pdb,20251104_colab_rhee_PTBP1_2/CHERP___PCCA_unrelaxed_rank_001_alphafold2_multimer_v3_model_4_seed_000.pdb,20251104_colab_rhee_PTBP1_2/CHERP___PCCA_pae.png
PTBP1,STIP1___PPP1R10,STIP1,PPP1R10,STIP1,PPP1R10,STIP1,PPP1R10,1,0.2754299869696172,0.179601499276273,0.4223888888888888,0.35,0.3419999999999999,49.96514497639919,3,543,940,20251104_colab_rhee_PTBP1_6,STIP1___PPP1R10_unrelaxed_rank_001_alphafold2_multimer_v3_model_3_seed_000.pdb,20251104_colab_rhee_PTBP1_6/STIP1___PPP1R10_unrelaxed_rank_001_alphafold2_multimer_v3_model_3_seed_000.pdb,20251104_colab_rhee_PTBP1_6/STIP1___PPP1R10_pae.png
PTBP1,SNRPC___CHERP,SNRPC,CHERP,SNRPC,CHERP,SNRPC,CHERP,1,0.2749777672483703,0.1858388449086954,0.4068728070175439,0.33,0.328,48.63711627906977,3,159,916,20251104_colab_rhee_PTBP1_10,SNRPC___CHERP_unrelaxed_rank_001_alphafold2_multimer_v3_model_1_seed_000.pdb,20251104_colab_rhee_PTBP1_10/SNRPC___CHERP_unrelaxed_rank_001_alphafold2_multimer_v3_model_1_seed_000.pdb,20251104_colab_rhee_PTBP1_10/SNRPC___CHERP_pae.png
PTBP1,CCAR2___RB1,CCAR2,RB1,CCAR2,RB1,CCAR2,RB1,1,0.2745464620343228,0.2066361043037766,0.3647753623188406,0.48,0.478,59.90223122636413,4,923,928,20251104_colab_rhee_PTBP1_11,CCAR2___RB1_unrelaxed_rank_001_alphafold2_multimer_v3_model_5_seed_000.pdb,20251104_colab_rhee_PTBP1_11/CCAR2___RB1_unrelaxed_rank_001_alphafold2_multimer_v3_model_5_seed_000.pdb,20251104_colab_rhee_PTBP1_11/CCAR2___RB1_pae.png
PTBP1,NASP___AGAP3,NASP,AGAP3,NASP,AGAP3,NASP,AGAP3,1,0.2744980945785621,0.2036084370197444,0.3700691632928475,0.33,0.326,44.81087191822009,3,788,875,20251104_colab_rhee_PTBP1_6,NASP___AGAP3_unrelaxed_rank_001_alphafold2_multimer_v3_model_1_seed_000.pdb,20251104_colab_rhee_PTBP1_6/NASP___AGAP3_unrelaxed_rank_001_alphafold2_multimer_v3_model_1_seed_000.pdb,20251104_colab_rhee_PTBP1_6/NASP___AGAP3_pae.png
PTBP1,NASP___NCL,NASP,NCL,NASP,NCL,NASP,NCL,4,0.2742576625449902,0.2217045698419301,0.3392679975801572,0.34,0.342,41.01516021361816,3,788,710,20251104_colab_rhee_PTBP1_3,NASP___NCL_unrelaxed_rank_004_alphafold2_multimer_v3_model_3_seed_000.pdb,20251104_colab_rhee_PTBP1_3/NASP___NCL_unrelaxed_rank_004_alphafold2_multimer_v3_model_3_seed_000.pdb,20251104_colab_rhee_PTBP1_3/NASP___NCL_pae.png
PTBP1,SMAP___SET,SMAP,SET,SMAP,SET,SMAP,SET,1,0.2740685057070009,0.2286984691018655,0.3284392156862745,0.38,0.4,54.89585623678647,3,183,290,20251104_colab_rhee_PTBP1_4,SMAP___SET_unrelaxed_rank_001_alphafold2_multimer_v3_model_4_seed_000.pdb,20251104_colab_rhee_PTBP1_4/SMAP___SET_unrelaxed_rank_001_alphafold2_multimer_v3_model_4_seed_000.pdb,20251104_colab_rhee_PTBP1_4/SMAP___SET_pae.png
PTBP1,CSTB___TXN,CSTB,TXN,CSTB,TXN,CSTB,TXN,1,0.2731928062160338,0.2167706014798083,0.3443008824014514,0.48,0.526,87.54768472906404,5,98,105,20251104_colab_rhee_PTBP1_1,CSTB___TXN_unrelaxed_rank_001_alphafold2_multimer_v3_model_2_seed_000.pdb,20251104_colab_rhee_PTBP1_1/CSTB___TXN_unrelaxed_rank_001_alphafold2_multimer_v3_model_2_seed_000.pdb,20251104_colab_rhee_PTBP1_1/CSTB___TXN_pae.png
PTBP1,NASP___CDC37,NASP,CDC37,NASP,CDC37,NASP,CDC37,2,0.2731812283580438,0.2318567034901804,0.3218711488769628,0.39,0.386,47.55756432246999,3,788,378,20251104_colab_rhee_PTBP1_20,NASP___CDC37_unrelaxed_rank_002_alphafold2_multimer_v3_model_4_seed_000.pdb,20251104_colab_rhee_PTBP1_20/NASP___CDC37_unrelaxed_rank_002_alphafold2_multimer_v3_model_4_seed_000.pdb,20251104_colab_rhee_PTBP1_20/NASP___CDC37_pae.png
PTBP1,NASP___TLE3,NASP,TLE3,NASP,TLE3,NASP,TLE3,4,0.272780388935988,0.2182829208930774,0.3408839330334833,0.32,0.324,45.14671794871795,3,788,772,20251104_colab_rhee_PTBP1_4,NASP___TLE3_unrelaxed_rank_004_alphafold2_multimer_v3_model_3_seed_000.pdb,20251104_colab_rhee_PTBP1_4/NASP___TLE3_unrelaxed_rank_004_alphafold2_multimer_v3_model_3_seed_000.pdb,20251104_colab_rhee_PTBP1_4/NASP___TLE3_pae.png
PTBP1,SRSF11___LUC7L2,SRSF11,LUC7L2,SRSF11,LUC7L2,SRSF11,LUC7L2,1,0.2726463251245528,0.1699953827785422,0.4372825743200506,0.43,0.424,47.35971461187214,3,484,392,20251104_colab_rhee_PTBP1_2,SRSF11___LUC7L2_unrelaxed_rank_001_alphafold2_multimer_v3_model_5_seed_000.pdb,20251104_colab_rhee_PTBP1_2/SRSF11___LUC7L2_unrelaxed_rank_001_alphafold2_multimer_v3_model_5_seed_000.pdb,20251104_colab_rhee_PTBP1_2/SRSF11___LUC7L2_pae.png
PTBP1,HMGB1___SF3A3,HMGB1,SF3A3,HMGB1,SF3A3,HMGB1,SF3A3,3,0.2726180315132372,0.1660636415295342,0.447542824074074,0.46,0.4740000000000001,72.30117318435754,2,215,501,20251104_colab_rhee_PTBP1_8,HMGB1___SF3A3_unrelaxed_rank_003_alphafold2_multimer_v3_model_1_seed_000.pdb,20251104_colab_rhee_PTBP1_8/HMGB1___SF3A3_unrelaxed_rank_003_alphafold2_multimer_v3_model_1_seed_000.pdb,20251104_colab_rhee_PTBP1_8/HMGB1___SF3A3_pae.png
PTBP1,EPB41___LUC7L2,EPB41,LUC7L2,EPB41,LUC7L2,EPB41,LUC7L2,3,0.272572708158736,0.2248145468122032,0.3304763071895425,0.33,0.34,49.25912420382166,3,864,392,20251104_colab_rhee_PTBP1_7,EPB41___LUC7L2_unrelaxed_rank_003_alphafold2_multimer_v3_model_1_seed_000.pdb,20251104_colab_rhee_PTBP1_7/EPB41___LUC7L2_unrelaxed_rank_003_alphafold2_multimer_v3_model_1_seed_000.pdb,20251104_colab_rhee_PTBP1_7/EPB41___LUC7L2_pae.png
PTBP1,NASP___SAR1A,NASP,SAR1A,NASP,SAR1A,NASP,SAR1A,5,0.2722265371753104,0.209891418191117,0.3530744047619047,0.38,0.38,43.68816430020284,3,788,198,20251104_colab_rhee_PTBP1_5,NASP___SAR1A_unrelaxed_rank_005_alphafold2_multimer_v3_model_4_seed_000.pdb,20251104_colab_rhee_PTBP1_5/NASP___SAR1A_unrelaxed_rank_005_alphafold2_multimer_v3_model_4_seed_000.pdb,20251104_colab_rhee_PTBP1_5/NASP___SAR1A_pae.png
PTBP1,ZBTB33___PPP1R10,ZBTB33,PPP1R10,ZBTB33,PPP1R10,ZBTB33,PPP1R10,4,0.2716785419200904,0.1986058421710309,0.3716367521367521,0.23,0.232,33.94217741935484,3,672,940,20251104_colab_rhee_PTBP1_19,ZBTB33___PPP1R10_unrelaxed_rank_004_alphafold2_multimer_v3_model_4_seed_000.pdb,20251104_colab_rhee_PTBP1_19/ZBTB33___PPP1R10_unrelaxed_rank_004_alphafold2_multimer_v3_model_4_seed_000.pdb,20251104_colab_rhee_PTBP1_19/ZBTB33___PPP1R10_pae.png
PTBP1,EPB41___PPP1R10,EPB41,PPP1R10,EPB41,PPP1R10,EPB41,PPP1R10,1,0.271295471533668,0.2180003133218982,0.3376198490412077,0.36,0.356,39.6649667405765,3,864,940,20251104_colab_rhee_PTBP1_15,EPB41___PPP1R10_unrelaxed_rank_001_alphafold2_multimer_v3_model_2_seed_000.pdb,20251104_colab_rhee_PTBP1_15/EPB41___PPP1R10_unrelaxed_rank_001_alphafold2_multimer_v3_model_2_seed_000.pdb,20251104_colab_rhee_PTBP1_15/EPB41___PPP1R10_pae.png
PTBP1,PDK1___SRSF11,PDK1,SRSF11,PDK1,SRSF11,PDK1,SRSF11,2,0.2712865805307163,0.2273355062180965,0.3237347742127154,0.48,0.48,54.56411956521739,4,436,484,20251104_colab_rhee_PTBP1_18,PDK1___SRSF11_unrelaxed_rank_002_alphafold2_multimer_v3_model_5_seed_000.pdb,20251104_colab_rhee_PTBP1_18/PDK1___SRSF11_unrelaxed_rank_002_alphafold2_multimer_v3_model_5_seed_000.pdb,20251104_colab_rhee_PTBP1_18/PDK1___SRSF11_pae.png
PTBP1,PTBP3___SRSF11,PTBP3,SRSF11,PTBP3,SRSF11,PTBP3,SRSF11,2,0.2711022569117958,0.2074003779472127,0.3543698156682027,0.26,0.268,49.84361969111969,3,552,484,20251104_colab_rhee_PTBP1_15,PTBP3___SRSF11_unrelaxed_rank_002_alphafold2_multimer_v3_model_1_seed_000.pdb,20251104_colab_rhee_PTBP1_15/PTBP3___SRSF11_unrelaxed_rank_002_alphafold2_multimer_v3_model_1_seed_000.pdb,20251104_colab_rhee_PTBP1_15/PTBP3___SRSF11_pae.png
PTBP1,SAFB___CDC37,SAFB,CDC37,SAFB,CDC37,SAFB,CDC37,1,0.2709619767305825,0.2070840456674473,0.3545439369658119,0.25,0.252,42.91679814385151,3,915,378,20251104_colab_rhee_PTBP1_15,SAFB___CDC37_unrelaxed_rank_001_alphafold2_multimer_v3_model_5_seed_000.pdb,20251104_colab_rhee_PTBP1_15/SAFB___CDC37_unrelaxed_rank_001_alphafold2_multimer_v3_model_5_seed_000.pdb,20251104_colab_rhee_PTBP1_15/SAFB___CDC37_pae.png
PTBP1,EPB41___CCNT1,EPB41,CCNT1,EPB41,CCNT1,EPB41,CCNT1,4,0.2701791272837729,0.1876296158825286,0.3890471153846154,0.39,0.384,46.14561006289309,3,864,726,20251104_colab_rhee_PTBP1_12,EPB41___CCNT1_unrelaxed_rank_004_alphafold2_multimer_v3_model_2_seed_000.pdb,20251104_colab_rhee_PTBP1_12/EPB41___CCNT1_unrelaxed_rank_004_alphafold2_multimer_v3_model_2_seed_000.pdb,20251104_colab_rhee_PTBP1_12/EPB41___CCNT1_pae.png
PTBP1,SF3B2___PPP1R10,SF3B2,PPP1R10,SF3B2,PPP1R10,SF3B2,PPP1R10,3,0.2700622683947635,0.2017192853417372,0.3615600198412698,0.22,0.222,34.74382016348774,3,895,940,20251104_colab_rhee_PTBP1_20,SF3B2___PPP1R10_unrelaxed_rank_003_alphafold2_multimer_v3_model_4_seed_000.pdb,20251104_colab_rhee_PTBP1_20/SF3B2___PPP1R10_unrelaxed_rank_003_alphafold2_multimer_v3_model_4_seed_000.pdb,20251104_colab_rhee_PTBP1_20/SF3B2___PPP1R10_pae.png
PTBP1,TLE3___GFP,TLE3,GFP,TLE3,GFP,TLE3,GFP,5,0.2699408982372261,0.2125129843604106,0.3428877005347593,0.26,0.294,62.65151485148515,3,772,238,20251104_colab_rhee_PTBP1_5,TLE3___GFP_unrelaxed_rank_005_alphafold2_multimer_v3_model_4_seed_000.pdb,20251104_colab_rhee_PTBP1_5/TLE3___GFP_unrelaxed_rank_005_alphafold2_multimer_v3_model_4_seed_000.pdb,20251104_colab_rhee_PTBP1_5/TLE3___GFP_pae.png
PTBP1,TLE3___SRSF11,TLE3,SRSF11,TLE3,SRSF11,TLE3,SRSF11,5,0.2698980705296832,0.2322509806966419,0.3136476248976249,0.33,0.34,46.12356687898089,3,772,484,20251104_colab_rhee_PTBP1_8,TLE3___SRSF11_unrelaxed_rank_005_alphafold2_multimer_v3_model_1_seed_000.pdb,20251104_colab_rhee_PTBP1_8/TLE3___SRSF11_unrelaxed_rank_005_alphafold2_multimer_v3_model_1_seed_000.pdb,20251104_colab_rhee_PTBP1_8/TLE3___SRSF11_pae.png
PTBP1,NASP___MRPL12,NASP,MRPL12,NASP,MRPL12,NASP,MRPL12,1,0.2689642511882785,0.2084971909817948,0.3469675925925927,0.26,0.28,41.57717038539554,3,788,198,20251104_colab_rhee_PTBP1_4,NASP___MRPL12_unrelaxed_rank_001_alphafold2_multimer_v3_model_1_seed_000.pdb,20251104_colab_rhee_PTBP1_4/NASP___MRPL12_unrelaxed_rank_001_alphafold2_multimer_v3_model_1_seed_000.pdb,20251104_colab_rhee_PTBP1_4/NASP___MRPL12_pae.png
PTBP1,SF1___PCCA,SF1,PCCA,SF1,PCCA,SF1,PCCA,5,0.2688151789950127,0.1492362519340082,0.4842094298245614,0.47,0.488,62.04435991221654,2,639,728,20251104_colab_rhee_PTBP1_3,SF1___PCCA_unrelaxed_rank_005_alphafold2_multimer_v3_model_2_seed_000.pdb,20251104_colab_rhee_PTBP1_3/SF1___PCCA_unrelaxed_rank_005_alphafold2_multimer_v3_model_2_seed_000.pdb,20251104_colab_rhee_PTBP1_3/SF1___PCCA_pae.png
PTBP1,SF3B2___EPB41,SF3B2,EPB41,SF3B2,EPB41,SF3B2,EPB41,3,0.268599128196269,0.2125734370955774,0.3393909072249588,0.34,0.34,41.80534963047186,3,895,864,20251104_colab_rhee_PTBP1_14,SF3B2___EPB41_unrelaxed_rank_003_alphafold2_multimer_v3_model_2_seed_000.pdb,20251104_colab_rhee_PTBP1_14/SF3B2___EPB41_unrelaxed_rank_003_alphafold2_multimer_v3_model_2_seed_000.pdb,20251104_colab_rhee_PTBP1_14/SF3B2___EPB41_pae.png
PTBP1,TLE3___KHSRP,TLE3,KHSRP,TLE3,KHSRP,TLE3,KHSRP,2,0.2681327638042815,0.2295858759878914,0.3131515765765766,0.37,0.368,48.21302090357384,3,772,711,20251104_colab_rhee_PTBP1_5,TLE3___KHSRP_unrelaxed_rank_002_alphafold2_multimer_v3_model_3_seed_000.pdb,20251104_colab_rhee_PTBP1_5/TLE3___KHSRP_unrelaxed_rank_002_alphafold2_multimer_v3_model_3_seed_000.pdb,20251104_colab_rhee_PTBP1_5/TLE3___KHSRP_pae.png
PTBP1,ZNF503___DDX17,ZNF503,DDX17,ZNF503,DDX17,ZNF503,DDX17,1,0.267806519351888,0.2091155608608512,0.3429698464912281,0.38,0.38,41.67663272727273,3,646,729,20251104_colab_rhee_PTBP1_1,ZNF503___DDX17_unrelaxed_rank_001_alphafold2_multimer_v3_model_1_seed_000.pdb,20251104_colab_rhee_PTBP1_1/ZNF503___DDX17_unrelaxed_rank_001_alphafold2_multimer_v3_model_1_seed_000.pdb,20251104_colab_rhee_PTBP1_1/ZNF503___DDX17_pae.png
PTBP1,MATR3___XRN2,MATR3,XRN2,MATR3,XRN2,MATR3,XRN2,2,0.2675819871443636,0.1732081881890372,0.4133760683760684,0.54,0.534,55.06688925987758,5,847,950,20251104_colab_rhee_PTBP1_2,MATR3___XRN2_unrelaxed_rank_002_alphafold2_multimer_v3_model_2_seed_000.pdb,20251104_colab_rhee_PTBP1_2/MATR3___XRN2_unrelaxed_rank_002_alphafold2_multimer_v3_model_2_seed_000.pdb,20251104_colab_rhee_PTBP1_2/MATR3___XRN2_pae.png
PTBP1,CSTB___RAVER1,CSTB,RAVER1,CSTB,RAVER1,CSTB,RAVER1,1,0.2668904669356302,0.1746275136747202,0.4078997624269006,0.71,0.6759999999999999,59.66985795454546,5,98,606,20251104_colab_rhee_PTBP1_15,CSTB___RAVER1_unrelaxed_rank_001_alphafold2_multimer_v3_model_4_seed_000.pdb,20251104_colab_rhee_PTBP1_15/CSTB___RAVER1_unrelaxed_rank_001_alphafold2_multimer_v3_model_4_seed_000.pdb,20251104_colab_rhee_PTBP1_15/CSTB___RAVER1_pae.png
PTBP1,TLE3___GFP,TLE3,GFP,TLE3,GFP,TLE3,GFP,4,0.2664652878546972,0.2125901091314874,0.333993664717349,0.27,0.3,62.39830693069307,3,772,238,20251104_colab_rhee_PTBP1_5,TLE3___GFP_unrelaxed_rank_004_alphafold2_multimer_v3_model_2_seed_000.pdb,20251104_colab_rhee_PTBP1_5/TLE3___GFP_unrelaxed_rank_004_alphafold2_multimer_v3_model_2_seed_000.pdb,20251104_colab_rhee_PTBP1_5/TLE3___GFP_pae.png
PTBP1,SMAP___GFP,SMAP,GFP,SMAP,GFP,SMAP,GFP,1,0.266388361574272,0.22132820407883,0.3206223060344828,0.49,0.514,63.27465558194774,5,183,238,20251104_colab_rhee_PTBP1_20,SMAP___GFP_unrelaxed_rank_001_alphafold2_multimer_v3_model_2_seed_000.pdb,20251104_colab_rhee_PTBP1_20/SMAP___GFP_unrelaxed_rank_001_alphafold2_multimer_v3_model_2_seed_000.pdb,20251104_colab_rhee_PTBP1_20/SMAP___GFP_pae.png
PTBP1,PRMT1___AGAP3,PRMT1,AGAP3,PRMT1,AGAP3,PRMT1,AGAP3,2,0.2656839992637432,0.1621230039645139,0.4353977272727273,0.58,0.5579999999999999,64.04498394863563,4,371,875,20251104_colab_rhee_PTBP1_8,PRMT1___AGAP3_unrelaxed_rank_002_alphafold2_multimer_v3_model_4_seed_000.pdb,20251104_colab_rhee_PTBP1_8/PRMT1___AGAP3_unrelaxed_rank_002_alphafold2_multimer_v3_model_4_seed_000.pdb,20251104_colab_rhee_PTBP1_8/PRMT1___AGAP3_pae.png
PTBP1,NASP___PSPC1,NASP,PSPC1,NASP,PSPC1,NASP,PSPC1,4,0.2653463275170381,0.1985013803287107,0.3547011784511785,0.27,0.282,46.15145690312738,3,788,523,20251104_colab_rhee_PTBP1_5,NASP___PSPC1_unrelaxed_rank_004_alphafold2_multimer_v3_model_3_seed_000.pdb,20251104_colab_rhee_PTBP1_5/NASP___PSPC1_unrelaxed_rank_004_alphafold2_multimer_v3_model_3_seed_000.pdb,20251104_colab_rhee_PTBP1_5/NASP___PSPC1_pae.png
PTBP1,SF1___U2SURP,SF1,U2SURP,SF1,U2SURP,SF1,U2SURP,3,0.2650238880321191,0.2084391025641025,0.336969696969697,0.26,0.266,44.96294964028777,3,639,1029,20251104_colab_rhee_PTBP1_11,SF1___U2SURP_unrelaxed_rank_003_alphafold2_multimer_v3_model_1_seed_000.pdb,20251104_colab_rhee_PTBP1_11/SF1___U2SURP_unrelaxed_rank_003_alphafold2_multimer_v3_model_1_seed_000.pdb,20251104_colab_rhee_PTBP1_11/SF1___U2SURP_pae.png
PTBP1,U2SURP___DHX15,U2SURP,DHX15,U2SURP,DHX15,U2SURP,DHX15,4,0.2645964737858972,0.1962897706158417,0.3566731660049159,0.59,0.564,60.70893092105264,5,1029,795,20251104_colab_rhee_PTBP1_15,U2SURP___DHX15_unrelaxed_rank_004_alphafold2_multimer_v3_model_2_seed_000.pdb,20251104_colab_rhee_PTBP1_15/U2SURP___DHX15_unrelaxed_rank_004_alphafold2_multimer_v3_model_2_seed_000.pdb,20251104_colab_rhee_PTBP1_15/U2SURP___DHX15_pae.png
PTBP1,CHERP___SRSF11,CHERP,SRSF11,CHERP,SRSF11,CHERP,SRSF11,1,0.2643853986832256,0.2217195479854317,0.3152615079365079,0.28,0.284,43.80409285714286,3,916,484,20251104_colab_rhee_PTBP1_16,CHERP___SRSF11_unrelaxed_rank_001_alphafold2_multimer_v3_model_2_seed_000.pdb,20251104_colab_rhee_PTBP1_16/CHERP___SRSF11_unrelaxed_rank_001_alphafold2_multimer_v3_model_2_seed_000.pdb,20251104_colab_rhee_PTBP1_16/CHERP___SRSF11_pae.png
PTBP1,CHERP___PCCA,CHERP,PCCA,CHERP,PCCA,CHERP,PCCA,3,0.2641219759675307,0.139826707300205,0.4989062499999999,0.46,0.4660000000000001,61.24608272506083,2,916,728,20251104_colab_rhee_PTBP1_2,CHERP___PCCA_unrelaxed_rank_003_alphafold2_multimer_v3_model_5_seed_000.pdb,20251104_colab_rhee_PTBP1_2/CHERP___PCCA_unrelaxed_rank_003_alphafold2_multimer_v3_model_5_seed_000.pdb,20251104_colab_rhee_PTBP1_2/CHERP___PCCA_pae.png
PTBP1,CCAR2___RB1,CCAR2,RB1,CCAR2,RB1,CCAR2,RB1,4,0.2640225186864139,0.2084377463788513,0.3344302631578947,0.45,0.454,58.91606158833064,3,923,928,20251104_colab_rhee_PTBP1_11,CCAR2___RB1_unrelaxed_rank_004_alphafold2_multimer_v3_model_1_seed_000.pdb,20251104_colab_rhee_PTBP1_11/CCAR2___RB1_unrelaxed_rank_004_alphafold2_multimer_v3_model_1_seed_000.pdb,20251104_colab_rhee_PTBP1_11/CCAR2___RB1_pae.png
PTBP1,CHERP___GFP,CHERP,GFP,CHERP,GFP,CHERP,GFP,2,0.2627557256339242,0.2261253544938918,0.3053199032365697,0.3,0.308,56.36185441941075,3,916,238,20251104_colab_rhee_PTBP1_15,CHERP___GFP_unrelaxed_rank_002_alphafold2_multimer_v3_model_5_seed_000.pdb,20251104_colab_rhee_PTBP1_15/CHERP___GFP_unrelaxed_rank_002_alphafold2_multimer_v3_model_5_seed_000.pdb,20251104_colab_rhee_PTBP1_15/CHERP___GFP_pae.png
PTBP1,CIZ1___RB1,CIZ1,RB1,CIZ1,RB1,CIZ1,RB1,2,0.2621700578543383,0.2055670389388542,0.3343587551299589,0.45,0.454,47.03653888280395,3,898,928,20251104_colab_rhee_PTBP1_17,CIZ1___RB1_unrelaxed_rank_002_alphafold2_multimer_v3_model_2_seed_000.pdb,20251104_colab_rhee_PTBP1_17/CIZ1___RB1_unrelaxed_rank_002_alphafold2_multimer_v3_model_2_seed_000.pdb,20251104_colab_rhee_PTBP1_17/CIZ1___RB1_pae.png
PTBP1,SUGP2___CDC37,SUGP2,CDC37,SUGP2,CDC37,SUGP2,CDC37,1,0.2612189210949292,0.2196037384370331,0.3107202328323019,0.44,0.412,46.67654794520548,3,1082,378,20251104_colab_rhee_PTBP1_8,SUGP2___CDC37_unrelaxed_rank_001_alphafold2_multimer_v3_model_2_seed_000.pdb,20251104_colab_rhee_PTBP1_8/SUGP2___CDC37_unrelaxed_rank_001_alphafold2_multimer_v3_model_2_seed_000.pdb,20251104_colab_rhee_PTBP1_8/SUGP2___CDC37_pae.png
PTBP1,PTBP3___PPP1R10,PTBP3,PPP1R10,PTBP3,PPP1R10,PTBP3,PPP1R10,2,0.2609650284059886,0.1885592549286602,0.3611742424242423,0.26,0.26,42.8125201072386,3,552,940,20251104_colab_rhee_PTBP1_14,PTBP3___PPP1R10_unrelaxed_rank_002_alphafold2_multimer_v3_model_1_seed_000.pdb,20251104_colab_rhee_PTBP1_14/PTBP3___PPP1R10_unrelaxed_rank_002_alphafold2_multimer_v3_model_1_seed_000.pdb,20251104_colab_rhee_PTBP1_14/PTBP3___PPP1R10_pae.png
PTBP1,NASP___NONO,NASP,NONO,NASP,NONO,NASP,NONO,3,0.2604690009068017,0.1908285707341463,0.3555238095238096,0.26,0.272,47.48374106433678,3,788,471,20251104_colab_rhee_PTBP1_11,NASP___NONO_unrelaxed_rank_003_alphafold2_multimer_v3_model_3_seed_000.pdb,20251104_colab_rhee_PTBP1_11/NASP___NONO_unrelaxed_rank_003_alphafold2_multimer_v3_model_3_seed_000.pdb,20251104_colab_rhee_PTBP1_11/NASP___NONO_pae.png
PTBP1,PDK1___SRSF11,PDK1,SRSF11,PDK1,SRSF11,PDK1,SRSF11,1,0.2593953624275097,0.2097465622017137,0.3207964571271022,0.49,0.488,53.60996739130434,4,436,484,20251104_colab_rhee_PTBP1_18,PDK1___SRSF11_unrelaxed_rank_001_alphafold2_multimer_v3_model_3_seed_000.pdb,20251104_colab_rhee_PTBP1_18/PDK1___SRSF11_unrelaxed_rank_001_alphafold2_multimer_v3_model_3_seed_000.pdb,20251104_colab_rhee_PTBP1_18/PDK1___SRSF11_pae.png
PTBP1,SUGP2___DNAJA1,SUGP2,DNAJA1,SUGP2,DNAJA1,SUGP2,DNAJA1,3,0.2591711636622077,0.1947955855072645,0.3448214285714286,0.28,0.28,45.01211629479378,3,1082,397,20251104_colab_rhee_PTBP1_18,SUGP2___DNAJA1_unrelaxed_rank_003_alphafold2_multimer_v3_model_3_seed_000.pdb,20251104_colab_rhee_PTBP1_18/SUGP2___DNAJA1_unrelaxed_rank_003_alphafold2_multimer_v3_model_3_seed_000.pdb,20251104_colab_rhee_PTBP1_18/SUGP2___DNAJA1_pae.png
PTBP1,CSTB___SUPT5H,CSTB,SUPT5H,CSTB,SUPT5H,CSTB,SUPT5H,2,0.2586201345338643,0.1657271182571829,0.4035813492063492,0.66,0.5820000000000001,53.99738396624473,4,98,1087,20251104_colab_rhee_PTBP1_14,CSTB___SUPT5H_unrelaxed_rank_002_alphafold2_multimer_v3_model_4_seed_000.pdb,20251104_colab_rhee_PTBP1_14/CSTB___SUPT5H_unrelaxed_rank_002_alphafold2_multimer_v3_model_4_seed_000.pdb,20251104_colab_rhee_PTBP1_14/CSTB___SUPT5H_pae.png
PTBP1,HMGB1___SF3A3,HMGB1,SF3A3,HMGB1,SF3A3,HMGB1,SF3A3,1,0.2585697627170652,0.1569444182900456,0.426,0.46,0.4740000000000001,70.78837988826815,2,215,501,20251104_colab_rhee_PTBP1_8,HMGB1___SF3A3_unrelaxed_rank_001_alphafold2_multimer_v3_model_4_seed_000.pdb,20251104_colab_rhee_PTBP1_8/HMGB1___SF3A3_unrelaxed_rank_001_alphafold2_multimer_v3_model_4_seed_000.pdb,20251104_colab_rhee_PTBP1_8/HMGB1___SF3A3_pae.png
PTBP1,NASP___FUS,NASP,FUS,NASP,FUS,NASP,FUS,5,0.2585440484717807,0.2179400060383178,0.3067129629629629,0.23,0.248,36.40701674277017,3,788,526,20251104_colab_rhee_PTBP1_14,NASP___FUS_unrelaxed_rank_005_alphafold2_multimer_v3_model_2_seed_000.pdb,20251104_colab_rhee_PTBP1_14/NASP___FUS_unrelaxed_rank_005_alphafold2_multimer_v3_model_2_seed_000.pdb,20251104_colab_rhee_PTBP1_14/NASP___FUS_pae.png
PTBP1,EPB41___LUC7L2,EPB41,LUC7L2,EPB41,LUC7L2,EPB41,LUC7L2,4,0.2583668147330275,0.2040429254220015,0.3271537634408601,0.31,0.322,49.78058121019108,3,864,392,20251104_colab_rhee_PTBP1_7,EPB41___LUC7L2_unrelaxed_rank_004_alphafold2_multimer_v3_model_3_seed_000.pdb,20251104_colab_rhee_PTBP1_7/EPB41___LUC7L2_unrelaxed_rank_004_alphafold2_multimer_v3_model_3_seed_000.pdb,20251104_colab_rhee_PTBP1_7/EPB41___LUC7L2_pae.png
PTBP1,SF1___FAM50A,SF1,FAM50A,SF1,FAM50A,SF1,FAM50A,1,0.257630864866782,0.1510833497883222,0.4393181818181818,0.36,0.352,45.91378323108385,2,639,339,20251104_colab_rhee_PTBP1_13,SF1___FAM50A_unrelaxed_rank_001_alphafold2_multimer_v3_model_5_seed_000.pdb,20251104_colab_rhee_PTBP1_13/SF1___FAM50A_unrelaxed_rank_001_alphafold2_multimer_v3_model_5_seed_000.pdb,20251104_colab_rhee_PTBP1_13/SF1___FAM50A_pae.png
PTBP1,CIZ1___PTBP1,CIZ1,PTBP1,CIZ1,PTBP1,CIZ1,PTBP1,3,0.2573177879115469,0.2009655366705953,0.3294716351501668,0.28,0.278,42.86405498281787,3,898,557,20251104_colab_rhee_PTBP1_2,CIZ1___PTBP1_unrelaxed_rank_003_alphafold2_multimer_v3_model_2_seed_000.pdb,20251104_colab_rhee_PTBP1_2/CIZ1___PTBP1_unrelaxed_rank_003_alphafold2_multimer_v3_model_2_seed_000.pdb,20251104_colab_rhee_PTBP1_2/CIZ1___PTBP1_pae.png
PTBP1,TLE3___CSTB,TLE3,CSTB,TLE3,CSTB,TLE3,CSTB,1,0.2572897604852731,0.1911395172716233,0.3463335148874365,0.65,0.62,62.22786206896552,5,772,98,20251104_colab_rhee_PTBP1_12,TLE3___CSTB_unrelaxed_rank_001_alphafold2_multimer_v3_model_3_seed_000.pdb,20251104_colab_rhee_PTBP1_12/TLE3___CSTB_unrelaxed_rank_001_alphafold2_multimer_v3_model_3_seed_000.pdb,20251104_colab_rhee_PTBP1_12/TLE3___CSTB_pae.png
PTBP1,FUBP1___ZFR,FUBP1,ZFR,FUBP1,ZFR,FUBP1,ZFR,2,0.2565786490817337,0.2143364054244067,0.3071461566888396,0.3,0.306,44.69784633294528,3,644,1074,20251104_colab_rhee_PTBP1_16,FUBP1___ZFR_unrelaxed_rank_002_alphafold2_multimer_v3_model_5_seed_000.pdb,20251104_colab_rhee_PTBP1_16/FUBP1___ZFR_unrelaxed_rank_002_alphafold2_multimer_v3_model_5_seed_000.pdb,20251104_colab_rhee_PTBP1_16/FUBP1___ZFR_pae.png
PTBP1,EPB41___SAFB,EPB41,SAFB,EPB41,SAFB,EPB41,SAFB,1,0.2558450284221691,0.2094165826604025,0.3125668356191612,0.35,0.346,38.45030916245081,3,864,915,20251104_colab_rhee_PTBP1_4,EPB41___SAFB_unrelaxed_rank_001_alphafold2_multimer_v3_model_5_seed_000.pdb,20251104_colab_rhee_PTBP1_4/EPB41___SAFB_unrelaxed_rank_001_alphafold2_multimer_v3_model_5_seed_000.pdb,20251104_colab_rhee_PTBP1_4/EPB41___SAFB_pae.png
PTBP1,PCBP2___PTBP1,PCBP2,PTBP1,PCBP2,PTBP1,PCBP2,PTBP1,1,0.2556179870075994,0.1564522773625155,0.417638888888889,0.41,0.4,64.25311279826464,2,365,557,20251104_colab_rhee_PTBP1_3,PCBP2___PTBP1_unrelaxed_rank_001_alphafold2_multimer_v3_model_3_seed_000.pdb,20251104_colab_rhee_PTBP1_3/PCBP2___PTBP1_unrelaxed_rank_001_alphafold2_multimer_v3_model_3_seed_000.pdb,20251104_colab_rhee_PTBP1_3/PCBP2___PTBP1_pae.png
PTBP1,FAM50A___SRSF11,FAM50A,SRSF11,FAM50A,SRSF11,FAM50A,SRSF11,1,0.2554905235225837,0.211867629027314,0.3080952380952381,0.28,0.282,45.67223572296477,3,339,484,20251104_colab_rhee_PTBP1_3,FAM50A___SRSF11_unrelaxed_rank_001_alphafold2_multimer_v3_model_4_seed_000.pdb,20251104_colab_rhee_PTBP1_3/FAM50A___SRSF11_unrelaxed_rank_001_alphafold2_multimer_v3_model_4_seed_000.pdb,20251104_colab_rhee_PTBP1_3/FAM50A___SRSF11_pae.png
PTBP1,TLE3___U2SURP,TLE3,U2SURP,TLE3,U2SURP,TLE3,U2SURP,2,0.2553149188609134,0.1609604824308832,0.4049795751633987,0.24,0.258,48.91852859522488,2,772,1029,20251104_colab_rhee_PTBP1_8,TLE3___U2SURP_unrelaxed_rank_002_alphafold2_multimer_v3_model_1_seed_000.pdb,20251104_colab_rhee_PTBP1_8/TLE3___U2SURP_unrelaxed_rank_002_alphafold2_multimer_v3_model_1_seed_000.pdb,20251104_colab_rhee_PTBP1_8/TLE3___U2SURP_pae.png
PTBP1,CSTB___PRDX1,CSTB,PRDX1,CSTB,PRDX1,CSTB,PRDX1,1,0.2545773170446524,0.1706070588327782,0.3798764880952381,0.5,0.55,89.90468013468013,5,98,199,20251104_colab_rhee_PTBP1_14,CSTB___PRDX1_unrelaxed_rank_001_alphafold2_multimer_v3_model_3_seed_000.pdb,20251104_colab_rhee_PTBP1_14/CSTB___PRDX1_unrelaxed_rank_001_alphafold2_multimer_v3_model_3_seed_000.pdb,20251104_colab_rhee_PTBP1_14/CSTB___PRDX1_pae.png
PTBP1,ZFR___DDX17,ZFR,DDX17,ZFR,DDX17,ZFR,DDX17,1,0.253984717534302,0.2064842018490104,0.3124124565624164,0.28,0.294,49.83981142540211,3,1074,729,20251104_colab_rhee_PTBP1_13,ZFR___DDX17_unrelaxed_rank_001_alphafold2_multimer_v3_model_5_seed_000.pdb,20251104_colab_rhee_PTBP1_13/ZFR___DDX17_unrelaxed_rank_001_alphafold2_multimer_v3_model_5_seed_000.pdb,20251104_colab_rhee_PTBP1_13/ZFR___DDX17_pae.png
PTBP1,SF1___PPP1R10,SF1,PPP1R10,SF1,PPP1R10,SF1,PPP1R10,2,0.2536779691206048,0.2069940578528364,0.3108906250000001,0.22,0.226,33.2037428752375,3,639,940,20251104_colab_rhee_PTBP1_13,SF1___PPP1R10_unrelaxed_rank_002_alphafold2_multimer_v3_model_1_seed_000.pdb,20251104_colab_rhee_PTBP1_13/SF1___PPP1R10_unrelaxed_rank_002_alphafold2_multimer_v3_model_1_seed_000.pdb,20251104_colab_rhee_PTBP1_13/SF1___PPP1R10_pae.png
PTBP1,SF1___PCCA,SF1,PCCA,SF1,PCCA,SF1,PCCA,4,0.2526736837184901,0.1452148709997103,0.4396518759018759,0.47,0.488,61.73405267008047,2,639,728,20251104_colab_rhee_PTBP1_3,SF1___PCCA_unrelaxed_rank_004_alphafold2_multimer_v3_model_1_seed_000.pdb,20251104_colab_rhee_PTBP1_3/SF1___PCCA_unrelaxed_rank_004_alphafold2_multimer_v3_model_1_seed_000.pdb,20251104_colab_rhee_PTBP1_3/SF1___PCCA_pae.png
PTBP1,RPS12___ZBTB33,RPS12,ZBTB33,RPS12,ZBTB33,RPS12,ZBTB33,1,0.2523991414760453,0.1999060912416661,0.3186762655512655,0.65,0.5740000000000001,44.32049751243781,5,132,672,20251104_colab_rhee_PTBP1_16,RPS12___ZBTB33_unrelaxed_rank_001_alphafold2_multimer_v3_model_1_seed_000.pdb,20251104_colab_rhee_PTBP1_16/RPS12___ZBTB33_unrelaxed_rank_001_alphafold2_multimer_v3_model_1_seed_000.pdb,20251104_colab_rhee_PTBP1_16/RPS12___ZBTB33_pae.png
PTBP1,EPB41___RPS12,EPB41,RPS12,EPB41,RPS12,EPB41,RPS12,2,0.2522807720826406,0.1832337149501335,0.3473464912280701,0.62,0.578,52.40201807228916,5,864,132,20251104_colab_rhee_PTBP1_18,EPB41___RPS12_unrelaxed_rank_002_alphafold2_multimer_v3_model_2_seed_000.pdb,20251104_colab_rhee_PTBP1_18/EPB41___RPS12_unrelaxed_rank_002_alphafold2_multimer_v3_model_2_seed_000.pdb,20251104_colab_rhee_PTBP1_18/EPB41___RPS12_pae.png
PTBP1,SFPQ___NASP,SFPQ,NASP,SFPQ,NASP,SFPQ,NASP,5,0.2521840534668882,0.1947461720895398,0.3265625,0.29,0.292,41.85413377926422,3,707,788,20251104_colab_rhee_PTBP1_19,SFPQ___NASP_unrelaxed_rank_005_alphafold2_multimer_v3_model_4_seed_000.pdb,20251104_colab_rhee_PTBP1_19/SFPQ___NASP_unrelaxed_rank_005_alphafold2_multimer_v3_model_4_seed_000.pdb,20251104_colab_rhee_PTBP1_19/SFPQ___NASP_pae.png
PTBP1,SF1___STIP1,SF1,STIP1,SF1,STIP1,SF1,STIP1,2,0.2520836824974127,0.1993323150036491,0.3187951887293992,0.27,0.278,57.15956006768189,3,639,543,20251104_colab_rhee_PTBP1_10,SF1___STIP1_unrelaxed_rank_002_alphafold2_multimer_v3_model_1_seed_000.pdb,20251104_colab_rhee_PTBP1_10/SF1___STIP1_unrelaxed_rank_002_alphafold2_multimer_v3_model_1_seed_000.pdb,20251104_colab_rhee_PTBP1_10/SF1___STIP1_pae.png
PTBP1,SF1___DHX15,SF1,DHX15,SF1,DHX15,SF1,DHX15,1,0.2520605950902058,0.1699118928761109,0.3739264069264069,0.52,0.522,60.57793584379358,5,639,795,20251104_colab_rhee_PTBP1_9,SF1___DHX15_unrelaxed_rank_001_alphafold2_multimer_v3_model_3_seed_000.pdb,20251104_colab_rhee_PTBP1_9/SF1___DHX15_unrelaxed_rank_001_alphafold2_multimer_v3_model_3_seed_000.pdb,20251104_colab_rhee_PTBP1_9/SF1___DHX15_pae.png
PTBP1,CCAR2___RB1,CCAR2,RB1,CCAR2,RB1,CCAR2,RB1,2,0.2520032023798445,0.1793032402607874,0.3541799574694312,0.48,0.48,59.54825499729876,4,923,928,20251104_colab_rhee_PTBP1_11,CCAR2___RB1_unrelaxed_rank_002_alphafold2_multimer_v3_model_3_seed_000.pdb,20251104_colab_rhee_PTBP1_11/CCAR2___RB1_unrelaxed_rank_002_alphafold2_multimer_v3_model_3_seed_000.pdb,20251104_colab_rhee_PTBP1_11/CCAR2___RB1_pae.png
PTBP1,RB1___FAM50A,RB1,FAM50A,RB1,FAM50A,RB1,FAM50A,1,0.2516658128661377,0.1785011570173139,0.3548194444444444,0.41,0.446,63.04076558800315,3,928,339,20251104_colab_rhee_PTBP1_5,RB1___FAM50A_unrelaxed_rank_001_alphafold2_multimer_v3_model_3_seed_000.pdb,20251104_colab_rhee_PTBP1_5/RB1___FAM50A_unrelaxed_rank_001_alphafold2_multimer_v3_model_3_seed_000.pdb,20251104_colab_rhee_PTBP1_5/RB1___FAM50A_pae.png
PTBP1,TLE3___ZNF503,TLE3,ZNF503,TLE3,ZNF503,TLE3,ZNF503,1,0.2510402881962824,0.2077779140504877,0.3033105158730158,0.34,0.346,38.3455077574048,3,772,646,20251104_colab_rhee_PTBP1_20,TLE3___ZNF503_unrelaxed_rank_001_alphafold2_multimer_v3_model_4_seed_000.pdb,20251104_colab_rhee_PTBP1_20/TLE3___ZNF503_unrelaxed_rank_001_alphafold2_multimer_v3_model_4_seed_000.pdb,20251104_colab_rhee_PTBP1_20/TLE3___ZNF503_pae.png
PTBP1,FUS___CHERP,FUS,CHERP,FUS,CHERP,FUS,CHERP,1,0.2509367344956737,0.1797273083408778,0.3503599163679808,0.25,0.258,42.00170596393897,3,526,916,20251104_colab_rhee_PTBP1_16,FUS___CHERP_unrelaxed_rank_001_alphafold2_multimer_v3_model_5_seed_000.pdb,20251104_colab_rhee_PTBP1_16/FUS___CHERP_unrelaxed_rank_001_alphafold2_multimer_v3_model_5_seed_000.pdb,20251104_colab_rhee_PTBP1_16/FUS___CHERP_pae.png
PTBP1,NASP___DAZAP1,NASP,DAZAP1,NASP,DAZAP1,NASP,DAZAP1,3,0.2507176040238096,0.2113647667052197,0.2973973285486443,0.25,0.268,38.32433472803347,2,788,407,20251104_colab_rhee_PTBP1_12,NASP___DAZAP1_unrelaxed_rank_003_alphafold2_multimer_v3_model_1_seed_000.pdb,20251104_colab_rhee_PTBP1_12/NASP___DAZAP1_unrelaxed_rank_003_alphafold2_multimer_v3_model_1_seed_000.pdb,20251104_colab_rhee_PTBP1_12/NASP___DAZAP1_pae.png
PTBP1,EPB41___TLE3,EPB41,TLE3,EPB41,TLE3,EPB41,TLE3,4,0.2506954235382622,0.2211629282101583,0.2841714743589744,0.3,0.312,48.11441320293399,2,864,772,20251104_colab_rhee_PTBP1_10,EPB41___TLE3_unrelaxed_rank_004_alphafold2_multimer_v3_model_4_seed_000.pdb,20251104_colab_rhee_PTBP1_10/EPB41___TLE3_unrelaxed_rank_004_alphafold2_multimer_v3_model_4_seed_000.pdb,20251104_colab_rhee_PTBP1_10/EPB41___TLE3_pae.png
PTBP1,FUS___PPP1R10,FUS,PPP1R10,FUS,PPP1R10,FUS,PPP1R10,1,0.2501970110789515,0.1913280547591772,0.3271791187739464,0.26,0.256,32.60192360163711,3,526,940,20251104_colab_rhee_PTBP1_15,FUS___PPP1R10_unrelaxed_rank_001_alphafold2_multimer_v3_model_4_seed_000.pdb,20251104_colab_rhee_PTBP1_15/FUS___PPP1R10_unrelaxed_rank_001_alphafold2_multimer_v3_model_4_seed_000.pdb,20251104_colab_rhee_PTBP1_15/FUS___PPP1R10_pae.png
PTBP1,ANP32A___FAM50A,ANP32A,FAM50A,ANP32A,FAM50A,ANP32A,FAM50A,2,0.2498612338947686,0.174260510368819,0.3582603773584906,0.43,0.436,65.01333333333334,3,249,339,20251104_colab_rhee_PTBP1_4,ANP32A___FAM50A_unrelaxed_rank_002_alphafold2_multimer_v3_model_1_seed_000.pdb,20251104_colab_rhee_PTBP1_4/ANP32A___FAM50A_unrelaxed_rank_002_alphafold2_multimer_v3_model_1_seed_000.pdb,20251104_colab_rhee_PTBP1_4/ANP32A___FAM50A_pae.png
PTBP1,PTBP3___CDC37,PTBP3,CDC37,PTBP3,CDC37,PTBP3,CDC37,1,0.2494966075287501,0.2090523902713252,0.2977653452685422,0.33,0.324,62.43741935483871,3,552,378,20251104_colab_rhee_PTBP1_20,PTBP3___CDC37_unrelaxed_rank_001_alphafold2_multimer_v3_model_1_seed_000.pdb,20251104_colab_rhee_PTBP1_20/PTBP3___CDC37_unrelaxed_rank_001_alphafold2_multimer_v3_model_1_seed_000.pdb,20251104_colab_rhee_PTBP1_20/PTBP3___CDC37_pae.png
PTBP1,SAFB___RB1,SAFB,RB1,SAFB,RB1,SAFB,RB1,3,0.2492343216393552,0.1973124763159977,0.3148191550925926,0.4,0.4120000000000001,47.88887140531742,3,915,928,20251104_colab_rhee_PTBP1_5,SAFB___RB1_unrelaxed_rank_003_alphafold2_multimer_v3_model_1_seed_000.pdb,20251104_colab_rhee_PTBP1_5/SAFB___RB1_unrelaxed_rank_003_alphafold2_multimer_v3_model_1_seed_000.pdb,20251104_colab_rhee_PTBP1_5/SAFB___RB1_pae.png
PTBP1,MATR3___XRN2,MATR3,XRN2,MATR3,XRN2,MATR3,XRN2,3,0.2491560950315284,0.1546126073981165,0.4015116279069767,0.51,0.508,53.61786310517529,4,847,950,20251104_colab_rhee_PTBP1_2,MATR3___XRN2_unrelaxed_rank_003_alphafold2_multimer_v3_model_1_seed_000.pdb,20251104_colab_rhee_PTBP1_2/MATR3___XRN2_unrelaxed_rank_003_alphafold2_multimer_v3_model_1_seed_000.pdb,20251104_colab_rhee_PTBP1_2/MATR3___XRN2_pae.png
PTBP1,SNRPC___U2SURP,SNRPC,U2SURP,SNRPC,U2SURP,SNRPC,U2SURP,1,0.2489848136438562,0.1971265438520172,0.3144854884271915,0.33,0.33,47.54406565656566,3,159,1029,20251104_colab_rhee_PTBP1_2,SNRPC___U2SURP_unrelaxed_rank_001_alphafold2_multimer_v3_model_4_seed_000.pdb,20251104_colab_rhee_PTBP1_2/SNRPC___U2SURP_unrelaxed_rank_001_alphafold2_multimer_v3_model_4_seed_000.pdb,20251104_colab_rhee_PTBP1_2/SNRPC___U2SURP_pae.png
PTBP1,RB1___SF3A3,RB1,SF3A3,RB1,SF3A3,RB1,SF3A3,1,0.2487918934929202,0.1672072025087503,0.370183851766513,0.44,0.4620000000000001,67.29737578726382,2,928,501,20251104_colab_rhee_PTBP1_3,RB1___SF3A3_unrelaxed_rank_001_alphafold2_multimer_v3_model_3_seed_000.pdb,20251104_colab_rhee_PTBP1_3/RB1___SF3A3_unrelaxed_rank_001_alphafold2_multimer_v3_model_3_seed_000.pdb,20251104_colab_rhee_PTBP1_3/RB1___SF3A3_pae.png
PTBP1,SUGP2___SMAP,SUGP2,SMAP,SUGP2,SMAP,SUGP2,SMAP,2,0.2487354083345469,0.2069364059807778,0.2989773745519713,0.25,0.256,36.88002371541502,3,1082,183,20251104_colab_rhee_PTBP1_2,SUGP2___SMAP_unrelaxed_rank_002_alphafold2_multimer_v3_model_1_seed_000.pdb,20251104_colab_rhee_PTBP1_2/SUGP2___SMAP_unrelaxed_rank_002_alphafold2_multimer_v3_model_1_seed_000.pdb,20251104_colab_rhee_PTBP1_2/SUGP2___SMAP_pae.png
PTBP1,NASP___XRN2,NASP,XRN2,NASP,XRN2,NASP,XRN2,1,0.2478317859689387,0.1648434644094837,0.3725995104299702,0.33,0.37,54.59638089758343,2,788,950,20251104_colab_rhee_PTBP1_18,NASP___XRN2_unrelaxed_rank_001_alphafold2_multimer_v3_model_3_seed_000.pdb,20251104_colab_rhee_PTBP1_18/NASP___XRN2_unrelaxed_rank_001_alphafold2_multimer_v3_model_3_seed_000.pdb,20251104_colab_rhee_PTBP1_18/NASP___XRN2_pae.png
PTBP1,SF3B2___RPS12,SF3B2,RPS12,SF3B2,RPS12,SF3B2,RPS12,1,0.2478172312749735,0.1586213563953876,0.3871696820175438,0.59,0.53,50.90094449853944,4,895,132,20251104_colab_rhee_PTBP1_19,SF3B2___RPS12_unrelaxed_rank_001_alphafold2_multimer_v3_model_5_seed_000.pdb,20251104_colab_rhee_PTBP1_19/SF3B2___RPS12_unrelaxed_rank_001_alphafold2_multimer_v3_model_5_seed_000.pdb,20251104_colab_rhee_PTBP1_19/SF3B2___RPS12_pae.png
PTBP1,CCNT1___CHERP,CCNT1,CHERP,CCNT1,CHERP,CCNT1,CHERP,1,0.2476345748030644,0.1687936315648084,0.3633009259259259,0.36,0.35,45.62288063337393,3,726,916,20251104_colab_rhee_PTBP1_18,CCNT1___CHERP_unrelaxed_rank_001_alphafold2_multimer_v3_model_3_seed_000.pdb,20251104_colab_rhee_PTBP1_18/CCNT1___CHERP_unrelaxed_rank_001_alphafold2_multimer_v3_model_3_seed_000.pdb,20251104_colab_rhee_PTBP1_18/CCNT1___CHERP_pae.png
PTBP1,CDK4___ZNF503,CDK4,ZNF503,CDK4,ZNF503,CDK4,ZNF503,1,0.2475777833119617,0.2233842269382329,0.2743916149756314,0.52,0.5,39.81934668071654,4,303,646,20251104_colab_rhee_PTBP1_11,CDK4___ZNF503_unrelaxed_rank_001_alphafold2_multimer_v3_model_2_seed_000.pdb,20251104_colab_rhee_PTBP1_11/CDK4___ZNF503_unrelaxed_rank_001_alphafold2_multimer_v3_model_2_seed_000.pdb,20251104_colab_rhee_PTBP1_11/CDK4___ZNF503_pae.png
PTBP1,SUGP2___FUS,SUGP2,FUS,SUGP2,FUS,SUGP2,FUS,1,0.2469652568225634,0.1938952926761771,0.3145606952887538,0.29,0.286,33.29362562189055,3,1082,526,20251104_colab_rhee_PTBP1_15,SUGP2___FUS_unrelaxed_rank_001_alphafold2_multimer_v3_model_3_seed_000.pdb,20251104_colab_rhee_PTBP1_15/SUGP2___FUS_unrelaxed_rank_001_alphafold2_multimer_v3_model_3_seed_000.pdb,20251104_colab_rhee_PTBP1_15/SUGP2___FUS_pae.png
PTBP1,SUGP2___FUBP3,SUGP2,FUBP3,SUGP2,FUBP3,SUGP2,FUBP3,1,0.2461165362815483,0.151689900927884,0.399323547979798,0.28,0.284,39.85259975816203,2,1082,572,20251104_colab_rhee_PTBP1_16,SUGP2___FUBP3_unrelaxed_rank_001_alphafold2_multimer_v3_model_4_seed_000.pdb,20251104_colab_rhee_PTBP1_16/SUGP2___FUBP3_unrelaxed_rank_001_alphafold2_multimer_v3_model_4_seed_000.pdb,20251104_colab_rhee_PTBP1_16/SUGP2___FUBP3_pae.png
PTBP1,U2SURP___GFP,U2SURP,GFP,U2SURP,GFP,U2SURP,GFP,1,0.2456989577375089,0.1364853421601898,0.4423037439613527,0.66,0.6040000000000001,56.38031570639306,4,1029,238,20251104_colab_rhee_PTBP1_6,U2SURP___GFP_unrelaxed_rank_001_alphafold2_multimer_v3_model_5_seed_000.pdb,20251104_colab_rhee_PTBP1_6/U2SURP___GFP_unrelaxed_rank_001_alphafold2_multimer_v3_model_5_seed_000.pdb,20251104_colab_rhee_PTBP1_6/U2SURP___GFP_pae.png
PTBP1,MATR3___PPP1R10,MATR3,PPP1R10,MATR3,PPP1R10,MATR3,PPP1R10,3,0.2456958469250042,0.192509593858241,0.3135763157894736,0.24,0.242,37.52508673754897,3,847,940,20251104_colab_rhee_PTBP1_12,MATR3___PPP1R10_unrelaxed_rank_003_alphafold2_multimer_v3_model_2_seed_000.pdb,20251104_colab_rhee_PTBP1_12/MATR3___PPP1R10_unrelaxed_rank_003_alphafold2_multimer_v3_model_2_seed_000.pdb,20251104_colab_rhee_PTBP1_12/MATR3___PPP1R10_pae.png
PTBP1,PTBP3___MATR3,PTBP3,MATR3,PTBP3,MATR3,PTBP3,MATR3,2,0.2456902241944729,0.1841369915290677,0.3278194444444445,0.27,0.27,46.93516082916369,3,552,847,20251104_colab_rhee_PTBP1_13,PTBP3___MATR3_unrelaxed_rank_002_alphafold2_multimer_v3_model_1_seed_000.pdb,20251104_colab_rhee_PTBP1_13/PTBP3___MATR3_unrelaxed_rank_002_alphafold2_multimer_v3_model_1_seed_000.pdb,20251104_colab_rhee_PTBP1_13/PTBP3___MATR3_pae.png
PTBP1,CDC37___PPP1R10,CDC37,PPP1R10,CDC37,PPP1R10,CDC37,PPP1R10,1,0.2456266513694242,0.2113597742737831,0.285449074074074,0.39,0.366,43.85411229135053,2,378,940,20251104_colab_rhee_PTBP1_4,CDC37___PPP1R10_unrelaxed_rank_001_alphafold2_multimer_v3_model_2_seed_000.pdb,20251104_colab_rhee_PTBP1_4/CDC37___PPP1R10_unrelaxed_rank_001_alphafold2_multimer_v3_model_2_seed_000.pdb,20251104_colab_rhee_PTBP1_4/CDC37___PPP1R10_pae.png
PTBP1,SF1___SRSF11,SF1,SRSF11,SF1,SRSF11,SF1,SRSF11,3,0.245475610083497,0.1849358828006089,0.3258333333333333,0.22,0.226,38.4892965271594,3,639,484,20251104_colab_rhee_PTBP1_17,SF1___SRSF11_unrelaxed_rank_003_alphafold2_multimer_v3_model_1_seed_000.pdb,20251104_colab_rhee_PTBP1_17/SF1___SRSF11_unrelaxed_rank_003_alphafold2_multimer_v3_model_1_seed_000.pdb,20251104_colab_rhee_PTBP1_17/SF1___SRSF11_pae.png
PTBP1,ZNF503___U2SURP,ZNF503,U2SURP,ZNF503,U2SURP,ZNF503,U2SURP,1,0.2446946208769781,0.1879900606928396,0.3185033148319456,0.26,0.268,36.83417910447761,3,646,1029,20251104_colab_rhee_PTBP1_17,ZNF503___U2SURP_unrelaxed_rank_001_alphafold2_multimer_v3_model_4_seed_000.pdb,20251104_colab_rhee_PTBP1_17/ZNF503___U2SURP_unrelaxed_rank_001_alphafold2_multimer_v3_model_4_seed_000.pdb,20251104_colab_rhee_PTBP1_17/ZNF503___U2SURP_pae.png
PTBP1,SUGP2___SET,SUGP2,SET,SUGP2,SET,SUGP2,SET,2,0.2446161358531548,0.1760166916042362,0.3399510204081632,0.48,0.442,43.06962827988338,4,1082,290,20251104_colab_rhee_PTBP1_16,SUGP2___SET_unrelaxed_rank_002_alphafold2_multimer_v3_model_1_seed_000.pdb,20251104_colab_rhee_PTBP1_16/SUGP2___SET_unrelaxed_rank_002_alphafold2_multimer_v3_model_1_seed_000.pdb,20251104_colab_rhee_PTBP1_16/SUGP2___SET_pae.png
PTBP1,SMAP___CCNT1,SMAP,CCNT1,SMAP,CCNT1,SMAP,CCNT1,1,0.2442988278623959,0.1817724254334066,0.328333173486786,0.34,0.354,42.29346534653465,3,183,726,20251104_colab_rhee_PTBP1_19,SMAP___CCNT1_unrelaxed_rank_001_alphafold2_multimer_v3_model_5_seed_000.pdb,20251104_colab_rhee_PTBP1_19/SMAP___CCNT1_unrelaxed_rank_001_alphafold2_multimer_v3_model_5_seed_000.pdb,20251104_colab_rhee_PTBP1_19/SMAP___CCNT1_pae.png
PTBP1,EPB41___LUC7L2,EPB41,LUC7L2,EPB41,LUC7L2,EPB41,LUC7L2,5,0.2439442160716565,0.1946979613092096,0.3056466547192353,0.31,0.322,51.47967356687898,3,864,392,20251104_colab_rhee_PTBP1_7,EPB41___LUC7L2_unrelaxed_rank_005_alphafold2_multimer_v3_model_5_seed_000.pdb,20251104_colab_rhee_PTBP1_7/EPB41___LUC7L2_unrelaxed_rank_005_alphafold2_multimer_v3_model_5_seed_000.pdb,20251104_colab_rhee_PTBP1_7/EPB41___LUC7L2_pae.png
PTBP1,MRPL12___RB1,MRPL12,RB1,MRPL12,RB1,MRPL12,RB1,3,0.2436649130642196,0.1900777320137002,0.3123595238095238,0.39,0.438,64.37047957371226,3,198,928,20251104_colab_rhee_PTBP1_1,MRPL12___RB1_unrelaxed_rank_003_alphafold2_multimer_v3_model_1_seed_000.pdb,20251104_colab_rhee_PTBP1_1/MRPL12___RB1_unrelaxed_rank_003_alphafold2_multimer_v3_model_1_seed_000.pdb,20251104_colab_rhee_PTBP1_1/MRPL12___RB1_pae.png
PTBP1,ZBTB33___PPP1R10,ZBTB33,PPP1R10,ZBTB33,PPP1R10,ZBTB33,PPP1R10,3,0.2435367374864384,0.1719554497786715,0.3449157475490197,0.23,0.232,34.17065756823821,3,672,940,20251104_colab_rhee_PTBP1_19,ZBTB33___PPP1R10_unrelaxed_rank_003_alphafold2_multimer_v3_model_5_seed_000.pdb,20251104_colab_rhee_PTBP1_19/ZBTB33___PPP1R10_unrelaxed_rank_003_alphafold2_multimer_v3_model_5_seed_000.pdb,20251104_colab_rhee_PTBP1_19/ZBTB33___PPP1R10_pae.png
PTBP1,MATR3___PSPC1,MATR3,PSPC1,MATR3,PSPC1,MATR3,PSPC1,1,0.2431872274086281,0.1808759965546942,0.3269644878324844,0.35,0.344,48.27249635036496,3,847,523,20251104_colab_rhee_PTBP1_11,MATR3___PSPC1_unrelaxed_rank_001_alphafold2_multimer_v3_model_2_seed_000.pdb,20251104_colab_rhee_PTBP1_11/MATR3___PSPC1_unrelaxed_rank_001_alphafold2_multimer_v3_model_2_seed_000.pdb,20251104_colab_rhee_PTBP1_11/MATR3___PSPC1_pae.png
PTBP1,CCNT1___CHERP,CCNT1,CHERP,CCNT1,CHERP,CCNT1,CHERP,2,0.2431732660306038,0.1766165569400671,0.334811403508772,0.34,0.334,45.57244823386115,3,726,916,20251104_colab_rhee_PTBP1_18,CCNT1___CHERP_unrelaxed_rank_002_alphafold2_multimer_v3_model_5_seed_000.pdb,20251104_colab_rhee_PTBP1_18/CCNT1___CHERP_unrelaxed_rank_002_alphafold2_multimer_v3_model_5_seed_000.pdb,20251104_colab_rhee_PTBP1_18/CCNT1___CHERP_pae.png
PTBP1,STIP1___RBM33,STIP1,RBM33,STIP1,RBM33,STIP1,RBM33,1,0.2421681736132947,0.2069753066378066,0.283345029239766,0.32,0.316,42.41659077641565,2,543,1170,20251104_colab_rhee_PTBP1_10,STIP1___RBM33_unrelaxed_rank_001_alphafold2_multimer_v3_model_2_seed_000.pdb,20251104_colab_rhee_PTBP1_10/STIP1___RBM33_unrelaxed_rank_001_alphafold2_multimer_v3_model_2_seed_000.pdb,20251104_colab_rhee_PTBP1_10/STIP1___RBM33_pae.png
PTBP1,NASP___CHERP,NASP,CHERP,NASP,CHERP,NASP,CHERP,2,0.2415885354116901,0.2026587459297502,0.2879965538847118,0.33,0.326,42.55366784037559,2,788,916,20251104_colab_rhee_PTBP1_2,NASP___CHERP_unrelaxed_rank_002_alphafold2_multimer_v3_model_4_seed_000.pdb,20251104_colab_rhee_PTBP1_2/NASP___CHERP_unrelaxed_rank_002_alphafold2_multimer_v3_model_4_seed_000.pdb,20251104_colab_rhee_PTBP1_2/NASP___CHERP_pae.png
PTBP1,SET___TLE3,SET,TLE3,SET,TLE3,SET,TLE3,1,0.2412167190363485,0.2009065912444663,0.2896147168803419,0.27,0.302,57.50442561205273,2,290,772,20251104_colab_rhee_PTBP1_7,SET___TLE3_unrelaxed_rank_001_alphafold2_multimer_v3_model_2_seed_000.pdb,20251104_colab_rhee_PTBP1_7/SET___TLE3_unrelaxed_rank_001_alphafold2_multimer_v3_model_2_seed_000.pdb,20251104_colab_rhee_PTBP1_7/SET___TLE3_pae.png
PTBP1,CSTB___RPS12,CSTB,RPS12,CSTB,RPS12,CSTB,RPS12,1,0.240493616019145,0.1711661727137829,0.3379007570770243,0.43,0.468,75.21891304347827,3,98,132,20251104_colab_rhee_PTBP1_2,CSTB___RPS12_unrelaxed_rank_001_alphafold2_multimer_v3_model_2_seed_000.pdb,20251104_colab_rhee_PTBP1_2/CSTB___RPS12_unrelaxed_rank_001_alphafold2_multimer_v3_model_2_seed_000.pdb,20251104_colab_rhee_PTBP1_2/CSTB___RPS12_pae.png
PTBP1,RAVER1___U2SURP,RAVER1,U2SURP,RAVER1,U2SURP,RAVER1,U2SURP,2,0.2402363798589489,0.1884864969135802,0.3061944444444445,0.22,0.238,47.34880733944954,3,606,1029,20251104_colab_rhee_PTBP1_8,RAVER1___U2SURP_unrelaxed_rank_002_alphafold2_multimer_v3_model_4_seed_000.pdb,20251104_colab_rhee_PTBP1_8/RAVER1___U2SURP_unrelaxed_rank_002_alphafold2_multimer_v3_model_4_seed_000.pdb,20251104_colab_rhee_PTBP1_8/RAVER1___U2SURP_pae.png
PTBP1,NASP___SAFB,NASP,SAFB,NASP,SAFB,NASP,SAFB,2,0.2399963063132114,0.1928053606501727,0.2987376847290641,0.31,0.31,36.70241338813858,3,788,915,20251104_colab_rhee_PTBP1_20,NASP___SAFB_unrelaxed_rank_002_alphafold2_multimer_v3_model_2_seed_000.pdb,20251104_colab_rhee_PTBP1_20/NASP___SAFB_unrelaxed_rank_002_alphafold2_multimer_v3_model_2_seed_000.pdb,20251104_colab_rhee_PTBP1_20/NASP___SAFB_pae.png
PTBP1,CDK4___CDC5L,CDK4,CDC5L,CDK4,CDC5L,CDK4,CDC5L,4,0.2398842453217738,0.1505325382069451,0.3822725095785441,0.57,0.532,63.65653393665158,4,303,802,20251104_colab_rhee_PTBP1_17,CDK4___CDC5L_unrelaxed_rank_004_alphafold2_multimer_v3_model_1_seed_000.pdb,20251104_colab_rhee_PTBP1_17/CDK4___CDC5L_unrelaxed_rank_004_alphafold2_multimer_v3_model_1_seed_000.pdb,20251104_colab_rhee_PTBP1_17/CDK4___CDC5L_pae.png
PTBP1,SUGP2___TLE3,SUGP2,TLE3,SUGP2,TLE3,SUGP2,TLE3,1,0.2396597031038124,0.1964295183750528,0.2924039816772375,0.39,0.378,43.31423408845739,2,1082,772,20251104_colab_rhee_PTBP1_12,SUGP2___TLE3_unrelaxed_rank_001_alphafold2_multimer_v3_model_4_seed_000.pdb,20251104_colab_rhee_PTBP1_12/SUGP2___TLE3_unrelaxed_rank_001_alphafold2_multimer_v3_model_4_seed_000.pdb,20251104_colab_rhee_PTBP1_12/SUGP2___TLE3_pae.png
PTBP1,FUBP1___ZFR,FUBP1,ZFR,FUBP1,ZFR,FUBP1,ZFR,4,0.2390908592018985,0.1870035491766801,0.3056863851278746,0.27,0.282,43.96325960419092,3,644,1074,20251104_colab_rhee_PTBP1_16,FUBP1___ZFR_unrelaxed_rank_004_alphafold2_multimer_v3_model_4_seed_000.pdb,20251104_colab_rhee_PTBP1_16/FUBP1___ZFR_unrelaxed_rank_004_alphafold2_multimer_v3_model_4_seed_000.pdb,20251104_colab_rhee_PTBP1_16/FUBP1___ZFR_pae.png
PTBP1,RAVER1___STIP1,RAVER1,STIP1,RAVER1,STIP1,RAVER1,STIP1,1,0.238943479451029,0.1566108932035139,0.3645594837261504,0.39,0.4020000000000001,65.86748476936467,2,606,543,20251104_colab_rhee_PTBP1_6,RAVER1___STIP1_unrelaxed_rank_001_alphafold2_multimer_v3_model_3_seed_000.pdb,20251104_colab_rhee_PTBP1_6/RAVER1___STIP1_unrelaxed_rank_001_alphafold2_multimer_v3_model_3_seed_000.pdb,20251104_colab_rhee_PTBP1_6/RAVER1___STIP1_pae.png
PTBP1,TLE3___PPP1R10,TLE3,PPP1R10,TLE3,PPP1R10,TLE3,PPP1R10,2,0.2389320123219698,0.213621442859655,0.2672414611005692,0.37,0.364,41.75960280373832,2,772,940,20251104_colab_rhee_PTBP1_9,TLE3___PPP1R10_unrelaxed_rank_002_alphafold2_multimer_v3_model_5_seed_000.pdb,20251104_colab_rhee_PTBP1_9/TLE3___PPP1R10_unrelaxed_rank_002_alphafold2_multimer_v3_model_5_seed_000.pdb,20251104_colab_rhee_PTBP1_9/TLE3___PPP1R10_pae.png
PTBP1,MRPL12___ANP32A,MRPL12,ANP32A,MRPL12,ANP32A,MRPL12,ANP32A,4,0.2378527320723376,0.171928059603203,0.3290557823129252,0.45,0.4600000000000001,61.74456375838926,3,198,249,20251104_colab_rhee_PTBP1_10,MRPL12___ANP32A_unrelaxed_rank_004_alphafold2_multimer_v3_model_5_seed_000.pdb,20251104_colab_rhee_PTBP1_10/MRPL12___ANP32A_unrelaxed_rank_004_alphafold2_multimer_v3_model_5_seed_000.pdb,20251104_colab_rhee_PTBP1_10/MRPL12___ANP32A_pae.png
PTBP1,CHERP___CDC5L,CHERP,CDC5L,CHERP,CDC5L,CHERP,CDC5L,1,0.2376870991347266,0.1880940463383536,0.3003559027777778,0.24,0.25,49.66948777648428,3,916,802,20251104_colab_rhee_PTBP1_17,CHERP___CDC5L_unrelaxed_rank_001_alphafold2_multimer_v3_model_2_seed_000.pdb,20251104_colab_rhee_PTBP1_17/CHERP___CDC5L_unrelaxed_rank_001_alphafold2_multimer_v3_model_2_seed_000.pdb,20251104_colab_rhee_PTBP1_17/CHERP___CDC5L_pae.png
PTBP1,MRPL12___RB1,MRPL12,RB1,MRPL12,RB1,MRPL12,RB1,1,0.2374391046617986,0.1879420978452047,0.2999717948717949,0.42,0.464,64.424378330373,3,198,928,20251104_colab_rhee_PTBP1_1,MRPL12___RB1_unrelaxed_rank_001_alphafold2_multimer_v3_model_5_seed_000.pdb,20251104_colab_rhee_PTBP1_1/MRPL12___RB1_unrelaxed_rank_001_alphafold2_multimer_v3_model_5_seed_000.pdb,20251104_colab_rhee_PTBP1_1/MRPL12___RB1_pae.png
PTBP1,PTBP3___CIZ1,PTBP3,CIZ1,PTBP3,CIZ1,PTBP3,CIZ1,3,0.2373564793714065,0.1870683381597004,0.3011631944444444,0.27,0.27,42.34261379310345,3,552,898,20251104_colab_rhee_PTBP1_9,PTBP3___CIZ1_unrelaxed_rank_003_alphafold2_multimer_v3_model_2_seed_000.pdb,20251104_colab_rhee_PTBP1_9/PTBP3___CIZ1_unrelaxed_rank_003_alphafold2_multimer_v3_model_2_seed_000.pdb,20251104_colab_rhee_PTBP1_9/PTBP3___CIZ1_pae.png
PTBP1,EPB41___RBM4,EPB41,RBM4,EPB41,RBM4,EPB41,RBM4,1,0.2371835420859705,0.1949967461335654,0.288497289067142,0.31,0.326,46.45586319218241,2,864,364,20251104_colab_rhee_PTBP1_8,EPB41___RBM4_unrelaxed_rank_001_alphafold2_multimer_v3_model_3_seed_000.pdb,20251104_colab_rhee_PTBP1_8/EPB41___RBM4_unrelaxed_rank_001_alphafold2_multimer_v3_model_3_seed_000.pdb,20251104_colab_rhee_PTBP1_8/EPB41___RBM4_pae.png
PTBP1,STIP1___ANP32A,STIP1,ANP32A,STIP1,ANP32A,STIP1,ANP32A,4,0.2369861453670271,0.2083973437787073,0.2694968759081661,0.27,0.296,76.32789141414142,2,543,249,20251104_colab_rhee_PTBP1_6,STIP1___ANP32A_unrelaxed_rank_004_alphafold2_multimer_v3_model_1_seed_000.pdb,20251104_colab_rhee_PTBP1_6/STIP1___ANP32A_unrelaxed_rank_004_alphafold2_multimer_v3_model_1_seed_000.pdb,20251104_colab_rhee_PTBP1_6/STIP1___ANP32A_pae.png
PTBP1,SF3B2___CDC37,SF3B2,CDC37,SF3B2,CDC37,SF3B2,CDC37,1,0.2364574508047442,0.183253742918359,0.3051076892109501,0.28,0.276,47.10863315003928,3,895,378,20251104_colab_rhee_PTBP1_2,SF3B2___CDC37_unrelaxed_rank_001_alphafold2_multimer_v3_model_2_seed_000.pdb,20251104_colab_rhee_PTBP1_2/SF3B2___CDC37_unrelaxed_rank_001_alphafold2_multimer_v3_model_2_seed_000.pdb,20251104_colab_rhee_PTBP1_2/SF3B2___CDC37_pae.png
PTBP1,TXN___ZBTB33,TXN,ZBTB33,TXN,ZBTB33,TXN,ZBTB33,2,0.2360047417832635,0.1584752091541693,0.3514634146341464,0.69,0.6139999999999999,44.66594594594594,4,105,672,20251104_colab_rhee_PTBP1_13,TXN___ZBTB33_unrelaxed_rank_002_alphafold2_multimer_v3_model_4_seed_000.pdb,20251104_colab_rhee_PTBP1_13/TXN___ZBTB33_unrelaxed_rank_002_alphafold2_multimer_v3_model_4_seed_000.pdb,20251104_colab_rhee_PTBP1_13/TXN___ZBTB33_pae.png
PTBP1,TLE3___CDC37,TLE3,CDC37,TLE3,CDC37,TLE3,CDC37,1,0.235593553588272,0.2048868909434795,0.2709022633744856,0.34,0.352,59.21348695652174,2,772,378,20251104_colab_rhee_PTBP1_8,TLE3___CDC37_unrelaxed_rank_001_alphafold2_multimer_v3_model_2_seed_000.pdb,20251104_colab_rhee_PTBP1_8/TLE3___CDC37_unrelaxed_rank_001_alphafold2_multimer_v3_model_2_seed_000.pdb,20251104_colab_rhee_PTBP1_8/TLE3___CDC37_pae.png
PTBP1,SUGP2___TLE3,SUGP2,TLE3,SUGP2,TLE3,SUGP2,TLE3,2,0.2346202805655667,0.2015108054964169,0.2731698477263246,0.36,0.354,43.19167745415318,2,1082,772,20251104_colab_rhee_PTBP1_12,SUGP2___TLE3_unrelaxed_rank_002_alphafold2_multimer_v3_model_2_seed_000.pdb,20251104_colab_rhee_PTBP1_12/SUGP2___TLE3_unrelaxed_rank_002_alphafold2_multimer_v3_model_2_seed_000.pdb,20251104_colab_rhee_PTBP1_12/SUGP2___TLE3_pae.png
PTBP1,NCL___PDK1,NCL,PDK1,NCL,PDK1,NCL,PDK1,1,0.2342384120980918,0.1673034637561707,0.3279527660120653,0.62,0.59,57.33114310645724,4,710,436,20251104_colab_rhee_PTBP1_19,NCL___PDK1_unrelaxed_rank_001_alphafold2_multimer_v3_model_1_seed_000.pdb,20251104_colab_rhee_PTBP1_19/NCL___PDK1_unrelaxed_rank_001_alphafold2_multimer_v3_model_1_seed_000.pdb,20251104_colab_rhee_PTBP1_19/NCL___PDK1_pae.png
PTBP1,CIZ1___CDC5L,CIZ1,CDC5L,CIZ1,CDC5L,CIZ1,CDC5L,1,0.2341408677317687,0.1667497295094775,0.3287678253119429,0.24,0.244,41.81904705882353,2,898,802,20251104_colab_rhee_PTBP1_17,CIZ1___CDC5L_unrelaxed_rank_001_alphafold2_multimer_v3_model_5_seed_000.pdb,20251104_colab_rhee_PTBP1_17/CIZ1___CDC5L_unrelaxed_rank_001_alphafold2_multimer_v3_model_5_seed_000.pdb,20251104_colab_rhee_PTBP1_17/CIZ1___CDC5L_pae.png
PTBP1,SAR1A___AGAP3,SAR1A,AGAP3,SAR1A,AGAP3,SAR1A,AGAP3,2,0.2337511103497319,0.1624794734717376,0.3362860576923076,0.68,0.636,64.79131407269338,4,198,875,20251104_colab_rhee_PTBP1_3,SAR1A___AGAP3_unrelaxed_rank_002_alphafold2_multimer_v3_model_2_seed_000.pdb,20251104_colab_rhee_PTBP1_3/SAR1A___AGAP3_unrelaxed_rank_002_alphafold2_multimer_v3_model_2_seed_000.pdb,20251104_colab_rhee_PTBP1_3/SAR1A___AGAP3_pae.png
PTBP1,NASP___TLE3,NASP,TLE3,NASP,TLE3,NASP,TLE3,3,0.2332946849464026,0.1818515051775173,0.2992904016445288,0.32,0.324,44.36512820512821,3,788,772,20251104_colab_rhee_PTBP1_4,NASP___TLE3_unrelaxed_rank_003_alphafold2_multimer_v3_model_4_seed_000.pdb,20251104_colab_rhee_PTBP1_4/NASP___TLE3_unrelaxed_rank_003_alphafold2_multimer_v3_model_4_seed_000.pdb,20251104_colab_rhee_PTBP1_4/NASP___TLE3_pae.png
PTBP1,SNRPC___CDC5L,SNRPC,CDC5L,SNRPC,CDC5L,SNRPC,CDC5L,3,0.23280348400422,0.1486771358134677,0.36453125,0.31,0.304,59.32646201873049,2,159,802,20251104_colab_rhee_PTBP1_6,SNRPC___CDC5L_unrelaxed_rank_003_alphafold2_multimer_v3_model_1_seed_000.pdb,20251104_colab_rhee_PTBP1_6/SNRPC___CDC5L_unrelaxed_rank_003_alphafold2_multimer_v3_model_1_seed_000.pdb,20251104_colab_rhee_PTBP1_6/SNRPC___CDC5L_pae.png
PTBP1,SF3B2___EPB41,SF3B2,EPB41,SF3B2,EPB41,SF3B2,EPB41,2,0.2326925491567803,0.1794018518733464,0.3018130630630631,0.35,0.348,41.72616259238203,3,895,864,20251104_colab_rhee_PTBP1_14,SF3B2___EPB41_unrelaxed_rank_002_alphafold2_multimer_v3_model_5_seed_000.pdb,20251104_colab_rhee_PTBP1_14/SF3B2___EPB41_unrelaxed_rank_002_alphafold2_multimer_v3_model_5_seed_000.pdb,20251104_colab_rhee_PTBP1_14/SF3B2___EPB41_pae.png
PTBP1,EPB41___STIP1,EPB41,STIP1,EPB41,STIP1,EPB41,STIP1,1,0.2326122426743389,0.1895393649420895,0.2854734448356807,0.34,0.342,59.78238095238096,2,864,543,20251104_colab_rhee_PTBP1_5,EPB41___STIP1_unrelaxed_rank_001_alphafold2_multimer_v3_model_2_seed_000.pdb,20251104_colab_rhee_PTBP1_5/EPB41___STIP1_unrelaxed_rank_001_alphafold2_multimer_v3_model_2_seed_000.pdb,20251104_colab_rhee_PTBP1_5/EPB41___STIP1_pae.png
PTBP1,FAM50A___SRSF11,FAM50A,SRSF11,FAM50A,SRSF11,FAM50A,SRSF11,3,0.2319485996284375,0.1868619106744632,0.2879139610389609,0.27,0.274,49.67912515188336,2,339,484,20251104_colab_rhee_PTBP1_3,FAM50A___SRSF11_unrelaxed_rank_003_alphafold2_multimer_v3_model_2_seed_000.pdb,20251104_colab_rhee_PTBP1_3/FAM50A___SRSF11_unrelaxed_rank_003_alphafold2_multimer_v3_model_2_seed_000.pdb,20251104_colab_rhee_PTBP1_3/FAM50A___SRSF11_pae.png
PTBP1,SF1___PPP1R10,SF1,PPP1R10,SF1,PPP1R10,SF1,PPP1R10,1,0.2306553031880718,0.2034831762853041,0.2614558601846617,0.28,0.274,36.09392020265991,2,639,940,20251104_colab_rhee_PTBP1_13,SF1___PPP1R10_unrelaxed_rank_001_alphafold2_multimer_v3_model_2_seed_000.pdb,20251104_colab_rhee_PTBP1_13/SF1___PPP1R10_unrelaxed_rank_001_alphafold2_multimer_v3_model_2_seed_000.pdb,20251104_colab_rhee_PTBP1_13/SF1___PPP1R10_pae.png
PTBP1,RPS12___SF3A3,RPS12,SF3A3,RPS12,SF3A3,RPS12,SF3A3,1,0.2305530010589232,0.1523784604795295,0.3488333333333333,0.59,0.5619999999999999,76.63709320695102,4,132,501,20251104_colab_rhee_PTBP1_6,RPS12___SF3A3_unrelaxed_rank_001_alphafold2_multimer_v3_model_2_seed_000.pdb,20251104_colab_rhee_PTBP1_6/RPS12___SF3A3_unrelaxed_rank_001_alphafold2_multimer_v3_model_2_seed_000.pdb,20251104_colab_rhee_PTBP1_6/RPS12___SF3A3_pae.png
PTBP1,U2SURP___SRSF11,U2SURP,SRSF11,U2SURP,SRSF11,U2SURP,SRSF11,2,0.2304649679617292,0.191742472168541,0.2770074926900585,0.24,0.248,42.20194976867151,2,1029,484,20251104_colab_rhee_PTBP1_6,U2SURP___SRSF11_unrelaxed_rank_002_alphafold2_multimer_v3_model_4_seed_000.pdb,20251104_colab_rhee_PTBP1_6/U2SURP___SRSF11_unrelaxed_rank_002_alphafold2_multimer_v3_model_4_seed_000.pdb,20251104_colab_rhee_PTBP1_6/U2SURP___SRSF11_pae.png
PTBP1,PDK1___SRSF11,PDK1,SRSF11,PDK1,SRSF11,PDK1,SRSF11,5,0.2304632211956317,0.1842276305374709,0.2883025535795713,0.45,0.456,54.29594565217391,2,436,484,20251104_colab_rhee_PTBP1_18,PDK1___SRSF11_unrelaxed_rank_005_alphafold2_multimer_v3_model_2_seed_000.pdb,20251104_colab_rhee_PTBP1_18/PDK1___SRSF11_unrelaxed_rank_005_alphafold2_multimer_v3_model_2_seed_000.pdb,20251104_colab_rhee_PTBP1_18/PDK1___SRSF11_pae.png
PTBP1,SRSF11___PTBP1,SRSF11,PTBP1,SRSF11,PTBP1,SRSF11,PTBP1,2,0.2300095919110173,0.1852042613636363,0.2856544011544012,0.25,0.26,49.23301633045149,2,484,557,20251104_colab_rhee_PTBP1_7,SRSF11___PTBP1_unrelaxed_rank_002_alphafold2_multimer_v3_model_1_seed_000.pdb,20251104_colab_rhee_PTBP1_7/SRSF11___PTBP1_unrelaxed_rank_002_alphafold2_multimer_v3_model_1_seed_000.pdb,20251104_colab_rhee_PTBP1_7/SRSF11___PTBP1_pae.png
PTBP1,DDX17___SRSF11,DDX17,SRSF11,DDX17,SRSF11,DDX17,SRSF11,1,0.2297330749643419,0.1732746058392851,0.3045875388198757,0.41,0.418,49.62186314921681,3,729,484,20251104_colab_rhee_PTBP1_7,DDX17___SRSF11_unrelaxed_rank_001_alphafold2_multimer_v3_model_3_seed_000.pdb,20251104_colab_rhee_PTBP1_7/DDX17___SRSF11_unrelaxed_rank_001_alphafold2_multimer_v3_model_3_seed_000.pdb,20251104_colab_rhee_PTBP1_7/DDX17___SRSF11_pae.png
PTBP1,CDC37___PRDX1,CDC37,PRDX1,CDC37,PRDX1,CDC37,PRDX1,1,0.2291921102822551,0.1783283564696161,0.2945634920634922,0.63,0.608,68.76426343154246,4,378,199,20251104_colab_rhee_PTBP1_17,CDC37___PRDX1_unrelaxed_rank_001_alphafold2_multimer_v3_model_1_seed_000.pdb,20251104_colab_rhee_PTBP1_17/CDC37___PRDX1_unrelaxed_rank_001_alphafold2_multimer_v3_model_1_seed_000.pdb,20251104_colab_rhee_PTBP1_17/CDC37___PRDX1_pae.png
PTBP1,FUBP1___ZBTB33,FUBP1,ZBTB33,FUBP1,ZBTB33,FUBP1,ZBTB33,1,0.2287804922959523,0.1407457834360299,0.3718797990063233,0.35,0.346,40.22882978723404,2,644,672,20251104_colab_rhee_PTBP1_19,FUBP1___ZBTB33_unrelaxed_rank_001_alphafold2_multimer_v3_model_3_seed_000.pdb,20251104_colab_rhee_PTBP1_19/FUBP1___ZBTB33_unrelaxed_rank_001_alphafold2_multimer_v3_model_3_seed_000.pdb,20251104_colab_rhee_PTBP1_19/FUBP1___ZBTB33_pae.png
PTBP1,EPB41___RPS12,EPB41,RPS12,EPB41,RPS12,EPB41,RPS12,1,0.2285924117684734,0.1647509513117272,0.317172619047619,0.63,0.5840000000000001,50.82589357429719,4,864,132,20251104_colab_rhee_PTBP1_18,EPB41___RPS12_unrelaxed_rank_001_alphafold2_multimer_v3_model_4_seed_000.pdb,20251104_colab_rhee_PTBP1_18/EPB41___RPS12_unrelaxed_rank_001_alphafold2_multimer_v3_model_4_seed_000.pdb,20251104_colab_rhee_PTBP1_18/EPB41___RPS12_pae.png
PTBP1,TLE3___PDK1,TLE3,PDK1,TLE3,PDK1,TLE3,PDK1,1,0.2280855944654298,0.143382110999209,0.3628279569892473,0.61,0.6,63.47150662251656,4,772,436,20251104_colab_rhee_PTBP1_16,TLE3___PDK1_unrelaxed_rank_001_alphafold2_multimer_v3_model_1_seed_000.pdb,20251104_colab_rhee_PTBP1_16/TLE3___PDK1_unrelaxed_rank_001_alphafold2_multimer_v3_model_1_seed_000.pdb,20251104_colab_rhee_PTBP1_16/TLE3___PDK1_pae.png
PTBP1,SAFB___DNAJA1,SAFB,DNAJA1,SAFB,DNAJA1,SAFB,DNAJA1,1,0.2278771960342734,0.1804878699113714,0.2877091767881241,0.4,0.378,46.01474847560976,2,915,397,20251104_colab_rhee_PTBP1_9,SAFB___DNAJA1_unrelaxed_rank_001_alphafold2_multimer_v3_model_5_seed_000.pdb,20251104_colab_rhee_PTBP1_9/SAFB___DNAJA1_unrelaxed_rank_001_alphafold2_multimer_v3_model_5_seed_000.pdb,20251104_colab_rhee_PTBP1_9/SAFB___DNAJA1_pae.png
PTBP1,PRMT1___RBM4,PRMT1,RBM4,PRMT1,RBM4,PRMT1,RBM4,2,0.2278490777890665,0.1632960448380229,0.3179207573632538,0.55,0.544,63.2507074829932,4,371,364,20251104_colab_rhee_PTBP1_9,PRMT1___RBM4_unrelaxed_rank_002_alphafold2_multimer_v3_model_2_seed_000.pdb,20251104_colab_rhee_PTBP1_9/PRMT1___RBM4_unrelaxed_rank_002_alphafold2_multimer_v3_model_2_seed_000.pdb,20251104_colab_rhee_PTBP1_9/PRMT1___RBM4_pae.png
PTBP1,NASP___ZNF503,NASP,ZNF503,NASP,ZNF503,NASP,ZNF503,2,0.2276784436392068,0.1854503072942294,0.2795221774193548,0.3,0.304,31.10410739191074,2,788,646,20251104_colab_rhee_PTBP1_10,NASP___ZNF503_unrelaxed_rank_002_alphafold2_multimer_v3_model_3_seed_000.pdb,20251104_colab_rhee_PTBP1_10/NASP___ZNF503_unrelaxed_rank_002_alphafold2_multimer_v3_model_3_seed_000.pdb,20251104_colab_rhee_PTBP1_10/NASP___ZNF503_pae.png
PTBP1,RBM4___CCNT1,RBM4,CCNT1,RBM4,CCNT1,RBM4,CCNT1,1,0.2275040693395989,0.1721815792125771,0.3006018518518519,0.32,0.33,42.447,3,364,726,20251104_colab_rhee_PTBP1_3,RBM4___CCNT1_unrelaxed_rank_001_alphafold2_multimer_v3_model_1_seed_000.pdb,20251104_colab_rhee_PTBP1_3/RBM4___CCNT1_unrelaxed_rank_001_alphafold2_multimer_v3_model_1_seed_000.pdb,20251104_colab_rhee_PTBP1_3/RBM4___CCNT1_pae.png
PTBP1,EPB41___CCNT1,EPB41,CCNT1,EPB41,CCNT1,EPB41,CCNT1,3,0.2273783479189716,0.1636878995251304,0.3158505500550055,0.4,0.39,45.57756603773585,2,864,726,20251104_colab_rhee_PTBP1_12,EPB41___CCNT1_unrelaxed_rank_003_alphafold2_multimer_v3_model_3_seed_000.pdb,20251104_colab_rhee_PTBP1_12/EPB41___CCNT1_unrelaxed_rank_003_alphafold2_multimer_v3_model_3_seed_000.pdb,20251104_colab_rhee_PTBP1_12/EPB41___CCNT1_pae.png
PTBP1,NONO___SMAP,NONO,SMAP,NONO,SMAP,NONO,SMAP,1,0.2271761268775938,0.1818333651741573,0.2838257575757576,0.37,0.386,56.35498470948012,2,471,183,20251104_colab_rhee_PTBP1_2,NONO___SMAP_unrelaxed_rank_001_alphafold2_multimer_v3_model_1_seed_000.pdb,20251104_colab_rhee_PTBP1_2/NONO___SMAP_unrelaxed_rank_001_alphafold2_multimer_v3_model_1_seed_000.pdb,20251104_colab_rhee_PTBP1_2/NONO___SMAP_pae.png
PTBP1,NASP___NONO,NASP,NONO,NASP,NONO,NASP,NONO,5,0.227136056722025,0.1842278926213035,0.2800378787878788,0.26,0.27,47.66250198570294,2,788,471,20251104_colab_rhee_PTBP1_11,NASP___NONO_unrelaxed_rank_005_alphafold2_multimer_v3_model_1_seed_000.pdb,20251104_colab_rhee_PTBP1_11/NASP___NONO_unrelaxed_rank_005_alphafold2_multimer_v3_model_1_seed_000.pdb,20251104_colab_rhee_PTBP1_11/NASP___NONO_pae.png
PTBP1,SAFB___RB1,SAFB,RB1,SAFB,RB1,SAFB,RB1,2,0.2265865774745657,0.180740601904046,0.2840616693248273,0.4,0.414,49.07794899620185,2,915,928,20251104_colab_rhee_PTBP1_5,SAFB___RB1_unrelaxed_rank_002_alphafold2_multimer_v3_model_2_seed_000.pdb,20251104_colab_rhee_PTBP1_5/SAFB___RB1_unrelaxed_rank_002_alphafold2_multimer_v3_model_2_seed_000.pdb,20251104_colab_rhee_PTBP1_5/SAFB___RB1_pae.png
PTBP1,SRSF11___DHX15,SRSF11,DHX15,SRSF11,DHX15,SRSF11,DHX15,1,0.2259910559137245,0.1778079077135244,0.2872310799319728,0.48,0.494,60.53406567630962,3,484,795,20251104_colab_rhee_PTBP1_17,SRSF11___DHX15_unrelaxed_rank_001_alphafold2_multimer_v3_model_1_seed_000.pdb,20251104_colab_rhee_PTBP1_17/SRSF11___DHX15_unrelaxed_rank_001_alphafold2_multimer_v3_model_1_seed_000.pdb,20251104_colab_rhee_PTBP1_17/SRSF11___DHX15_pae.png
PTBP1,TLE3___ANP32A,TLE3,ANP32A,TLE3,ANP32A,TLE3,ANP32A,1,0.2254551577449014,0.1926661341267926,0.2638244047619048,0.29,0.316,58.04593535749265,2,772,249,20251104_colab_rhee_PTBP1_6,TLE3___ANP32A_unrelaxed_rank_001_alphafold2_multimer_v3_model_3_seed_000.pdb,20251104_colab_rhee_PTBP1_6/TLE3___ANP32A_unrelaxed_rank_001_alphafold2_multimer_v3_model_3_seed_000.pdb,20251104_colab_rhee_PTBP1_6/TLE3___ANP32A_pae.png
PTBP1,NASP___CHERP,NASP,CHERP,NASP,CHERP,NASP,CHERP,1,0.2249905931591579,0.1828952161837251,0.2767746913580247,0.34,0.334,42.75258215962441,2,788,916,20251104_colab_rhee_PTBP1_2,NASP___CHERP_unrelaxed_rank_001_alphafold2_multimer_v3_model_5_seed_000.pdb,20251104_colab_rhee_PTBP1_2/NASP___CHERP_unrelaxed_rank_001_alphafold2_multimer_v3_model_5_seed_000.pdb,20251104_colab_rhee_PTBP1_2/NASP___CHERP_pae.png
PTBP1,PPP1R10___PTBP1,PPP1R10,PTBP1,PPP1R10,PTBP1,PPP1R10,PTBP1,3,0.2249424038728552,0.1710949428944959,0.2957368827160493,0.26,0.26,44.08921175684703,2,940,557,20251104_colab_rhee_PTBP1_1,PPP1R10___PTBP1_unrelaxed_rank_003_alphafold2_multimer_v3_model_5_seed_000.pdb,20251104_colab_rhee_PTBP1_1/PPP1R10___PTBP1_unrelaxed_rank_003_alphafold2_multimer_v3_model_5_seed_000.pdb,20251104_colab_rhee_PTBP1_1/PPP1R10___PTBP1_pae.png
PTBP1,SF1___SRSF11,SF1,SRSF11,SF1,SRSF11,SF1,SRSF11,5,0.2248456760076811,0.1726804171778589,0.2927696078431372,0.21,0.218,37.62146927871772,2,639,484,20251104_colab_rhee_PTBP1_17,SF1___SRSF11_unrelaxed_rank_005_alphafold2_multimer_v3_model_4_seed_000.pdb,20251104_colab_rhee_PTBP1_17/SF1___SRSF11_unrelaxed_rank_005_alphafold2_multimer_v3_model_4_seed_000.pdb,20251104_colab_rhee_PTBP1_17/SF1___SRSF11_pae.png
PTBP1,ZFR___RPS12,ZFR,RPS12,ZFR,RPS12,ZFR,RPS12,2,0.2240934492352616,0.1400314029151032,0.3586186594202899,0.73,0.6679999999999999,51.24221393034826,4,1074,132,20251104_colab_rhee_PTBP1_12,ZFR___RPS12_unrelaxed_rank_002_alphafold2_multimer_v3_model_2_seed_000.pdb,20251104_colab_rhee_PTBP1_12/ZFR___RPS12_unrelaxed_rank_002_alphafold2_multimer_v3_model_2_seed_000.pdb,20251104_colab_rhee_PTBP1_12/ZFR___RPS12_pae.png
PTBP1,PDK1___SLC3A2,PDK1,SLC3A2,PDK1,SLC3A2,PDK1,SLC3A2,1,0.2240257083393077,0.1647770124560448,0.3045783950617284,0.55,0.534,72.02031894934333,4,436,630,20251104_colab_rhee_PTBP1_13,PDK1___SLC3A2_unrelaxed_rank_001_alphafold2_multimer_v3_model_5_seed_000.pdb,20251104_colab_rhee_PTBP1_13/PDK1___SLC3A2_unrelaxed_rank_001_alphafold2_multimer_v3_model_5_seed_000.pdb,20251104_colab_rhee_PTBP1_13/PDK1___SLC3A2_pae.png
PTBP1,EPB41___TLE3,EPB41,TLE3,EPB41,TLE3,EPB41,TLE3,3,0.2238259981338287,0.2188820859721735,0.2288815789473683,0.31,0.318,49.88347188264058,2,864,772,20251104_colab_rhee_PTBP1_10,EPB41___TLE3_unrelaxed_rank_003_alphafold2_multimer_v3_model_3_seed_000.pdb,20251104_colab_rhee_PTBP1_10/EPB41___TLE3_unrelaxed_rank_003_alphafold2_multimer_v3_model_3_seed_000.pdb,20251104_colab_rhee_PTBP1_10/EPB41___TLE3_pae.png
PTBP1,RBM4___SF3A3,RBM4,SF3A3,RBM4,SF3A3,RBM4,SF3A3,1,0.2234732564140469,0.1613688471188368,0.3094791666666666,0.33,0.344,60.60912138728324,2,364,501,20251104_colab_rhee_PTBP1_4,RBM4___SF3A3_unrelaxed_rank_001_alphafold2_multimer_v3_model_1_seed_000.pdb,20251104_colab_rhee_PTBP1_4/RBM4___SF3A3_unrelaxed_rank_001_alphafold2_multimer_v3_model_1_seed_000.pdb,20251104_colab_rhee_PTBP1_4/RBM4___SF3A3_pae.png
PTBP1,SAR1A___ZNF503,SAR1A,ZNF503,SAR1A,ZNF503,SAR1A,ZNF503,1,0.223131940097528,0.1596973365617432,0.3117638888888889,0.49,0.454,34.34432464454976,3,198,646,20251104_colab_rhee_PTBP1_17,SAR1A___ZNF503_unrelaxed_rank_001_alphafold2_multimer_v3_model_5_seed_000.pdb,20251104_colab_rhee_PTBP1_17/SAR1A___ZNF503_unrelaxed_rank_001_alphafold2_multimer_v3_model_5_seed_000.pdb,20251104_colab_rhee_PTBP1_17/SAR1A___ZNF503_pae.png
PTBP1,TLE3___U2SURP,TLE3,U2SURP,TLE3,U2SURP,TLE3,U2SURP,3,0.2228251023806116,0.15065633228726,0.3295648148148147,0.24,0.258,50.82388672959467,2,772,1029,20251104_colab_rhee_PTBP1_8,TLE3___U2SURP_unrelaxed_rank_003_alphafold2_multimer_v3_model_2_seed_000.pdb,20251104_colab_rhee_PTBP1_8/TLE3___U2SURP_unrelaxed_rank_003_alphafold2_multimer_v3_model_2_seed_000.pdb,20251104_colab_rhee_PTBP1_8/TLE3___U2SURP_pae.png
POU2F1,NBN___KPNA4,NBN,KPNA4,NBN,KPNA4,NBN,KPNA4,1,0.5807852618157971,0.4734358008742548,0.7124757352941176,0.74,0.6799999999999999,61.46821960784314,5,754,521,20251104_colab_rhee_POU2F1_9,NBN___KPNA4_unrelaxed_rank_001_alphafold2_multimer_v3_model_5_seed_000.pdb,20251104_colab_rhee_POU2F1_9/NBN___KPNA4_unrelaxed_rank_001_alphafold2_multimer_v3_model_5_seed_000.pdb,20251104_colab_rhee_POU2F1_9/NBN___KPNA4_pae.png
POU2F1,ERLIN1___ERLIN2,ERLIN1,ERLIN2,ERLIN1,ERLIN2,ERLIN1,ERLIN2,1,0.548136451714327,0.4248124917505844,0.7072616166719853,0.6,0.6,79.7033770014556,5,348,339,20251104_colab_rhee_POU2F1_18,ERLIN1___ERLIN2_unrelaxed_rank_001_alphafold2_multimer_v3_model_4_seed_000.pdb,20251104_colab_rhee_POU2F1_18/ERLIN1___ERLIN2_unrelaxed_rank_001_alphafold2_multimer_v3_model_4_seed_000.pdb,20251104_colab_rhee_POU2F1_18/ERLIN1___ERLIN2_pae.png
POU2F1,KPNA4___STIP1,KPNA4,STIP1,KPNA4,STIP1,KPNA4,STIP1,1,0.5259399535170957,0.4222605391733201,0.6550762125371768,0.7,0.6639999999999999,79.63196428571429,5,521,543,20251104_colab_rhee_POU2F1_9,KPNA4___STIP1_unrelaxed_rank_001_alphafold2_multimer_v3_model_5_seed_000.pdb,20251104_colab_rhee_POU2F1_9/KPNA4___STIP1_unrelaxed_rank_001_alphafold2_multimer_v3_model_5_seed_000.pdb,20251104_colab_rhee_POU2F1_9/KPNA4___STIP1_pae.png
POU2F1,NBN___KPNA4,NBN,KPNA4,NBN,KPNA4,NBN,KPNA4,3,0.524387407976934,0.4106370523473181,0.6696476902726902,0.71,0.6559999999999999,60.3799137254902,5,754,521,20251104_colab_rhee_POU2F1_9,NBN___KPNA4_unrelaxed_rank_003_alphafold2_multimer_v3_model_4_seed_000.pdb,20251104_colab_rhee_POU2F1_9/NBN___KPNA4_unrelaxed_rank_003_alphafold2_multimer_v3_model_4_seed_000.pdb,20251104_colab_rhee_POU2F1_9/NBN___KPNA4_pae.png
POU2F1,NBN___KPNA4,NBN,KPNA4,NBN,KPNA4,NBN,KPNA4,2,0.5232602008193455,0.4114148198243347,0.6655113636363637,0.72,0.6639999999999999,62.25837647058824,5,754,521,20251104_colab_rhee_POU2F1_9,NBN___KPNA4_unrelaxed_rank_002_alphafold2_multimer_v3_model_2_seed_000.pdb,20251104_colab_rhee_POU2F1_9/NBN___KPNA4_unrelaxed_rank_002_alphafold2_multimer_v3_model_2_seed_000.pdb,20251104_colab_rhee_POU2F1_9/NBN___KPNA4_pae.png
POU2F1,ERLIN1___ERLIN2,ERLIN1,ERLIN2,ERLIN1,ERLIN2,ERLIN1,ERLIN2,2,0.5066248414717897,0.3907005050733436,0.6569449659353097,0.59,0.59,79.11024745269287,5,348,339,20251104_colab_rhee_POU2F1_18,ERLIN1___ERLIN2_unrelaxed_rank_002_alphafold2_multimer_v3_model_2_seed_000.pdb,20251104_colab_rhee_POU2F1_18/ERLIN1___ERLIN2_unrelaxed_rank_002_alphafold2_multimer_v3_model_2_seed_000.pdb,20251104_colab_rhee_POU2F1_18/ERLIN1___ERLIN2_pae.png
POU2F1,ACTR2___POU2F1,ACTR2,POU2F1,ACTR2,POU2F1,ACTR2,POU2F1,1,0.4898613101031519,0.3359433595019553,0.7142992898913951,0.8,0.7380000000000001,51.92266490765172,5,394,743,20251104_colab_rhee_POU2F1_3,ACTR2___POU2F1_unrelaxed_rank_001_alphafold2_multimer_v3_model_4_seed_000.pdb,20251104_colab_rhee_POU2F1_3/ACTR2___POU2F1_unrelaxed_rank_001_alphafold2_multimer_v3_model_4_seed_000.pdb,20251104_colab_rhee_POU2F1_3/ACTR2___POU2F1_pae.png
POU2F1,MRPL12___ENO1,MRPL12,ENO1,MRPL12,ENO1,MRPL12,ENO1,1,0.489472962939183,0.3762829818292093,0.6367117117117118,0.76,0.7640000000000001,82.24560126582278,5,198,434,20251104_colab_rhee_POU2F1_9,MRPL12___ENO1_unrelaxed_rank_001_alphafold2_multimer_v3_model_5_seed_000.pdb,20251104_colab_rhee_POU2F1_9/MRPL12___ENO1_unrelaxed_rank_001_alphafold2_multimer_v3_model_5_seed_000.pdb,20251104_colab_rhee_POU2F1_9/MRPL12___ENO1_pae.png
POU2F1,NBN___KPNA4,NBN,KPNA4,NBN,KPNA4,NBN,KPNA4,4,0.4887403738028031,0.3757192926455328,0.6357596153846153,0.69,0.6419999999999999,61.06426666666667,5,754,521,20251104_colab_rhee_POU2F1_9,NBN___KPNA4_unrelaxed_rank_004_alphafold2_multimer_v3_model_3_seed_000.pdb,20251104_colab_rhee_POU2F1_9/NBN___KPNA4_unrelaxed_rank_004_alphafold2_multimer_v3_model_3_seed_000.pdb,20251104_colab_rhee_POU2F1_9/NBN___KPNA4_pae.png
POU2F1,NBN___KPNA4,NBN,KPNA4,NBN,KPNA4,NBN,KPNA4,5,0.4817947341329145,0.3700947845544093,0.6272073412698412,0.68,0.634,61.61054117647059,5,754,521,20251104_colab_rhee_POU2F1_9,NBN___KPNA4_unrelaxed_rank_005_alphafold2_multimer_v3_model_1_seed_000.pdb,20251104_colab_rhee_POU2F1_9/NBN___KPNA4_unrelaxed_rank_005_alphafold2_multimer_v3_model_1_seed_000.pdb,20251104_colab_rhee_POU2F1_9/NBN___KPNA4_pae.png
POU2F1,MRPL12___CDC37,MRPL12,CDC37,MRPL12,CDC37,MRPL12,CDC37,1,0.4613436704952947,0.3097249219809012,0.6871839080459771,0.4,0.414,65.7010763888889,3,198,378,20251104_colab_rhee_POU2F1_11,MRPL12___CDC37_unrelaxed_rank_001_alphafold2_multimer_v3_model_4_seed_000.pdb,20251104_colab_rhee_POU2F1_11/MRPL12___CDC37_unrelaxed_rank_001_alphafold2_multimer_v3_model_4_seed_000.pdb,20251104_colab_rhee_POU2F1_11/MRPL12___CDC37_pae.png
POU2F1,BOP1___KPNA4,BOP1,KPNA4,BOP1,KPNA4,BOP1,KPNA4,1,0.4600387872150972,0.3548195178180173,0.5964601018675721,0.67,0.636,70.21265982636149,5,746,521,20251104_colab_rhee_POU2F1_2,BOP1___KPNA4_unrelaxed_rank_001_alphafold2_multimer_v3_model_5_seed_000.pdb,20251104_colab_rhee_POU2F1_2/BOP1___KPNA4_unrelaxed_rank_001_alphafold2_multimer_v3_model_5_seed_000.pdb,20251104_colab_rhee_POU2F1_2/BOP1___KPNA4_pae.png
POU2F1,ERLIN1___ERLIN2,ERLIN1,ERLIN2,ERLIN1,ERLIN2,ERLIN1,ERLIN2,4,0.4569813714335972,0.3386347399244762,0.6166879803410188,0.53,0.534,77.26343522561864,5,348,339,20251104_colab_rhee_POU2F1_18,ERLIN1___ERLIN2_unrelaxed_rank_004_alphafold2_multimer_v3_model_5_seed_000.pdb,20251104_colab_rhee_POU2F1_18/ERLIN1___ERLIN2_unrelaxed_rank_004_alphafold2_multimer_v3_model_5_seed_000.pdb,20251104_colab_rhee_POU2F1_18/ERLIN1___ERLIN2_pae.png
POU2F1,EPB41___KPNA4,EPB41,KPNA4,EPB41,KPNA4,EPB41,KPNA4,1,0.4527545774588792,0.350231370467629,0.5852893963675212,0.65,0.606,59.24680144404332,5,864,521,20251104_colab_rhee_POU2F1_19,EPB41___KPNA4_unrelaxed_rank_001_alphafold2_multimer_v3_model_2_seed_000.pdb,20251104_colab_rhee_POU2F1_19/EPB41___KPNA4_unrelaxed_rank_001_alphafold2_multimer_v3_model_2_seed_000.pdb,20251104_colab_rhee_POU2F1_19/EPB41___KPNA4_pae.png
POU2F1,EPB41___ACTR2,EPB41,ACTR2,EPB41,ACTR2,EPB41,ACTR2,1,0.4507707962464628,0.3770337340825733,0.5389287280701756,0.83,0.784,62.05617647058824,5,864,394,20251104_colab_rhee_POU2F1_15,EPB41___ACTR2_unrelaxed_rank_001_alphafold2_multimer_v3_model_5_seed_000.pdb,20251104_colab_rhee_POU2F1_15/EPB41___ACTR2_unrelaxed_rank_001_alphafold2_multimer_v3_model_5_seed_000.pdb,20251104_colab_rhee_POU2F1_15/EPB41___ACTR2_pae.png
POU2F1,ACTR2___POU2F1,ACTR2,POU2F1,ACTR2,POU2F1,ACTR2,POU2F1,2,0.4486980634840926,0.3029627258580533,0.6645370370370369,0.79,0.7300000000000001,52.63335971855761,5,394,743,20251104_colab_rhee_POU2F1_3,ACTR2___POU2F1_unrelaxed_rank_002_alphafold2_multimer_v3_model_3_seed_000.pdb,20251104_colab_rhee_POU2F1_3/ACTR2___POU2F1_unrelaxed_rank_002_alphafold2_multimer_v3_model_3_seed_000.pdb,20251104_colab_rhee_POU2F1_3/ACTR2___POU2F1_pae.png
POU2F1,KPNA4___STIP1,KPNA4,STIP1,KPNA4,STIP1,KPNA4,STIP1,2,0.4400924961391236,0.3482175649738243,0.556208028083028,0.65,0.622,78.99241541353383,5,521,543,20251104_colab_rhee_POU2F1_9,KPNA4___STIP1_unrelaxed_rank_002_alphafold2_multimer_v3_model_1_seed_000.pdb,20251104_colab_rhee_POU2F1_9/KPNA4___STIP1_unrelaxed_rank_002_alphafold2_multimer_v3_model_1_seed_000.pdb,20251104_colab_rhee_POU2F1_9/KPNA4___STIP1_pae.png
POU2F1,KPNA4___STIP1,KPNA4,STIP1,KPNA4,STIP1,KPNA4,STIP1,3,0.418704332781035,0.3211707263580852,0.5458570906432748,0.63,0.606,79.45127819548873,5,521,543,20251104_colab_rhee_POU2F1_9,KPNA4___STIP1_unrelaxed_rank_003_alphafold2_multimer_v3_model_3_seed_000.pdb,20251104_colab_rhee_POU2F1_9/KPNA4___STIP1_unrelaxed_rank_003_alphafold2_multimer_v3_model_3_seed_000.pdb,20251104_colab_rhee_POU2F1_9/KPNA4___STIP1_pae.png
POU2F1,KPNA4___CDK12,KPNA4,CDK12,KPNA4,CDK12,KPNA4,CDK12,1,0.4163894768819053,0.3203278681070857,0.541258547008547,0.69,0.6259999999999999,44.63966185977126,5,521,1490,20251104_colab_rhee_POU2F1_3,KPNA4___CDK12_unrelaxed_rank_001_alphafold2_multimer_v3_model_5_seed_000.pdb,20251104_colab_rhee_POU2F1_3/KPNA4___CDK12_unrelaxed_rank_001_alphafold2_multimer_v3_model_5_seed_000.pdb,20251104_colab_rhee_POU2F1_3/KPNA4___CDK12_pae.png
POU2F1,FUS___POU2F1,FUS,POU2F1,FUS,POU2F1,FUS,POU2F1,1,0.4035397631564199,0.2983627530263089,0.5457931286549708,0.27,0.274,31.39903861308117,3,526,743,20251104_colab_rhee_POU2F1_5,FUS___POU2F1_unrelaxed_rank_001_alphafold2_multimer_v3_model_1_seed_000.pdb,20251104_colab_rhee_POU2F1_5/FUS___POU2F1_unrelaxed_rank_001_alphafold2_multimer_v3_model_1_seed_000.pdb,20251104_colab_rhee_POU2F1_5/FUS___POU2F1_pae.png
POU2F1,ACTR2___SAMM50,ACTR2,SAMM50,ACTR2,SAMM50,ACTR2,SAMM50,1,0.4033839147686798,0.2766595829989545,0.5881545144045144,0.81,0.8000000000000002,86.53479721900348,5,394,469,20251104_colab_rhee_POU2F1_19,ACTR2___SAMM50_unrelaxed_rank_001_alphafold2_multimer_v3_model_4_seed_000.pdb,20251104_colab_rhee_POU2F1_19/ACTR2___SAMM50_unrelaxed_rank_001_alphafold2_multimer_v3_model_4_seed_000.pdb,20251104_colab_rhee_POU2F1_19/ACTR2___SAMM50_pae.png
POU2F1,ACTR2___SAMM50,ACTR2,SAMM50,ACTR2,SAMM50,ACTR2,SAMM50,2,0.3984450007221253,0.286060382171493,0.5549821943021767,0.78,0.7740000000000001,86.1708111239861,5,394,469,20251104_colab_rhee_POU2F1_19,ACTR2___SAMM50_unrelaxed_rank_002_alphafold2_multimer_v3_model_5_seed_000.pdb,20251104_colab_rhee_POU2F1_19/ACTR2___SAMM50_unrelaxed_rank_002_alphafold2_multimer_v3_model_5_seed_000.pdb,20251104_colab_rhee_POU2F1_19/ACTR2___SAMM50_pae.png
POU2F1,ACTR2___SAMM50,ACTR2,SAMM50,ACTR2,SAMM50,ACTR2,SAMM50,3,0.3973546545213731,0.2926125446068969,0.5395897215613711,0.78,0.7700000000000001,85.76856315179606,5,394,469,20251104_colab_rhee_POU2F1_19,ACTR2___SAMM50_unrelaxed_rank_003_alphafold2_multimer_v3_model_1_seed_000.pdb,20251104_colab_rhee_POU2F1_19/ACTR2___SAMM50_unrelaxed_rank_003_alphafold2_multimer_v3_model_1_seed_000.pdb,20251104_colab_rhee_POU2F1_19/ACTR2___SAMM50_pae.png
POU2F1,KPNA4___STIP1,KPNA4,STIP1,KPNA4,STIP1,KPNA4,STIP1,4,0.3966031462216136,0.307509420194383,0.5115097140551136,0.62,0.596,80.08781015037594,5,521,543,20251104_colab_rhee_POU2F1_9,KPNA4___STIP1_unrelaxed_rank_004_alphafold2_multimer_v3_model_2_seed_000.pdb,20251104_colab_rhee_POU2F1_9/KPNA4___STIP1_unrelaxed_rank_004_alphafold2_multimer_v3_model_2_seed_000.pdb,20251104_colab_rhee_POU2F1_9/KPNA4___STIP1_pae.png
POU2F1,MTARC1___COX5B,MTARC1,COX5B,MTARC1,COX5B,MTARC1,COX5B,1,0.3965177536226995,0.3142668011656169,0.5002956989247311,0.53,0.5700000000000001,76.51862660944207,5,337,129,20251104_colab_rhee_POU2F1_8,MTARC1___COX5B_unrelaxed_rank_001_alphafold2_multimer_v3_model_5_seed_000.pdb,20251104_colab_rhee_POU2F1_8/MTARC1___COX5B_unrelaxed_rank_001_alphafold2_multimer_v3_model_5_seed_000.pdb,20251104_colab_rhee_POU2F1_8/MTARC1___COX5B_pae.png
POU2F1,SEPTIN2___KPNA4,SEPTIN2,KPNA4,SEPTIN2,KPNA4,SEPTIN2,KPNA4,1,0.3952167551707965,0.2895981734618839,0.5393552096705176,0.63,0.648,77.0632879818594,5,361,521,20251104_colab_rhee_POU2F1_15,SEPTIN2___KPNA4_unrelaxed_rank_001_alphafold2_multimer_v3_model_3_seed_000.pdb,20251104_colab_rhee_POU2F1_15/SEPTIN2___KPNA4_unrelaxed_rank_001_alphafold2_multimer_v3_model_3_seed_000.pdb,20251104_colab_rhee_POU2F1_15/SEPTIN2___KPNA4_pae.png
POU2F1,PSPC1___KPNA4,PSPC1,KPNA4,PSPC1,KPNA4,PSPC1,KPNA4,2,0.3830422542339178,0.2748250178595239,0.5338719512195123,0.6,0.576,66.36675287356321,5,523,521,20251104_colab_rhee_POU2F1_15,PSPC1___KPNA4_unrelaxed_rank_002_alphafold2_multimer_v3_model_4_seed_000.pdb,20251104_colab_rhee_POU2F1_15/PSPC1___KPNA4_unrelaxed_rank_002_alphafold2_multimer_v3_model_4_seed_000.pdb,20251104_colab_rhee_POU2F1_15/PSPC1___KPNA4_pae.png
POU2F1,ERLIN1___ERLIN2,ERLIN1,ERLIN2,ERLIN1,ERLIN2,ERLIN1,ERLIN2,3,0.3780497454530922,0.2863911630996806,0.499043366039206,0.54,0.546,78.0556040756914,5,348,339,20251104_colab_rhee_POU2F1_18,ERLIN1___ERLIN2_unrelaxed_rank_003_alphafold2_multimer_v3_model_1_seed_000.pdb,20251104_colab_rhee_POU2F1_18/ERLIN1___ERLIN2_unrelaxed_rank_003_alphafold2_multimer_v3_model_1_seed_000.pdb,20251104_colab_rhee_POU2F1_18/ERLIN1___ERLIN2_pae.png
POU2F1,BUB3___PRPF19,BUB3,PRPF19,BUB3,PRPF19,BUB3,PRPF19,1,0.3776814707334536,0.2660399376901973,0.536172480620155,0.71,0.6659999999999999,83.19274038461539,5,328,504,20251104_colab_rhee_POU2F1_12,BUB3___PRPF19_unrelaxed_rank_001_alphafold2_multimer_v3_model_4_seed_000.pdb,20251104_colab_rhee_POU2F1_12/BUB3___PRPF19_unrelaxed_rank_001_alphafold2_multimer_v3_model_4_seed_000.pdb,20251104_colab_rhee_POU2F1_12/BUB3___PRPF19_pae.png
POU2F1,NBN___SAMM50,NBN,SAMM50,NBN,SAMM50,NBN,SAMM50,1,0.3763050876434989,0.2560297129616186,0.5530823643410853,0.68,0.658,60.26022894521668,5,754,469,20251104_colab_rhee_POU2F1_7,NBN___SAMM50_unrelaxed_rank_001_alphafold2_multimer_v3_model_4_seed_000.pdb,20251104_colab_rhee_POU2F1_7/NBN___SAMM50_unrelaxed_rank_001_alphafold2_multimer_v3_model_4_seed_000.pdb,20251104_colab_rhee_POU2F1_7/NBN___SAMM50_pae.png
POU2F1,NOP2___COX5B,NOP2,COX5B,NOP2,COX5B,NOP2,COX5B,1,0.373850398378795,0.2716654759952279,0.514471409574468,0.46,0.4700000000000001,55.36362380446334,3,812,129,20251104_colab_rhee_POU2F1_15,NOP2___COX5B_unrelaxed_rank_001_alphafold2_multimer_v3_model_2_seed_000.pdb,20251104_colab_rhee_POU2F1_15/NOP2___COX5B_unrelaxed_rank_001_alphafold2_multimer_v3_model_2_seed_000.pdb,20251104_colab_rhee_POU2F1_15/NOP2___COX5B_pae.png
POU2F1,NOP2___KPNA4,NOP2,KPNA4,NOP2,KPNA4,NOP2,KPNA4,1,0.3685707569317478,0.2839871290374173,0.4783470410285497,0.64,0.598,60.79342835708927,5,812,521,20251104_colab_rhee_POU2F1_17,NOP2___KPNA4_unrelaxed_rank_001_alphafold2_multimer_v3_model_4_seed_000.pdb,20251104_colab_rhee_POU2F1_17/NOP2___KPNA4_unrelaxed_rank_001_alphafold2_multimer_v3_model_4_seed_000.pdb,20251104_colab_rhee_POU2F1_17/NOP2___KPNA4_pae.png
POU2F1,EPB41___KPNA4,EPB41,KPNA4,EPB41,KPNA4,EPB41,KPNA4,2,0.3674582999440451,0.2828607557636913,0.4773571428571428,0.58,0.5479999999999999,58.30841155234657,5,864,521,20251104_colab_rhee_POU2F1_19,EPB41___KPNA4_unrelaxed_rank_002_alphafold2_multimer_v3_model_3_seed_000.pdb,20251104_colab_rhee_POU2F1_19/EPB41___KPNA4_unrelaxed_rank_002_alphafold2_multimer_v3_model_3_seed_000.pdb,20251104_colab_rhee_POU2F1_19/EPB41___KPNA4_pae.png
POU2F1,KPNA4___STIP1,KPNA4,STIP1,KPNA4,STIP1,KPNA4,STIP1,5,0.36647598821655,0.2793105559068255,0.4808434450436568,0.58,0.5619999999999999,78.11006578947368,5,521,543,20251104_colab_rhee_POU2F1_9,KPNA4___STIP1_unrelaxed_rank_005_alphafold2_multimer_v3_model_4_seed_000.pdb,20251104_colab_rhee_POU2F1_9/KPNA4___STIP1_unrelaxed_rank_005_alphafold2_multimer_v3_model_4_seed_000.pdb,20251104_colab_rhee_POU2F1_9/KPNA4___STIP1_pae.png
POU2F1,NBN___SEC31A,NBN,SEC31A,NBN,SEC31A,NBN,SEC31A,2,0.3654203012926878,0.2715061352396822,0.4918194444444444,0.35,0.348,54.24939209726444,3,754,1220,20251104_colab_rhee_POU2F1_17,NBN___SEC31A_unrelaxed_rank_002_alphafold2_multimer_v3_model_1_seed_000.pdb,20251104_colab_rhee_POU2F1_17/NBN___SEC31A_unrelaxed_rank_002_alphafold2_multimer_v3_model_1_seed_000.pdb,20251104_colab_rhee_POU2F1_17/NBN___SEC31A_pae.png
POU2F1,NOP2___KPNA4,NOP2,KPNA4,NOP2,KPNA4,NOP2,KPNA4,2,0.3644940776559677,0.2778649324371698,0.4781313405797102,0.62,0.582,61.96927231807952,5,812,521,20251104_colab_rhee_POU2F1_17,NOP2___KPNA4_unrelaxed_rank_002_alphafold2_multimer_v3_model_1_seed_000.pdb,20251104_colab_rhee_POU2F1_17/NOP2___KPNA4_unrelaxed_rank_002_alphafold2_multimer_v3_model_1_seed_000.pdb,20251104_colab_rhee_POU2F1_17/NOP2___KPNA4_pae.png
POU2F1,BUB3___SETD1A,BUB3,SETD1A,BUB3,SETD1A,BUB3,SETD1A,1,0.3552348179486231,0.2485206338188852,0.5077718253968255,0.73,0.6479999999999999,40.09798525798526,5,328,1707,20251104_colab_rhee_POU2F1_10,BUB3___SETD1A_unrelaxed_rank_001_alphafold2_multimer_v3_model_2_seed_000.pdb,20251104_colab_rhee_POU2F1_10/BUB3___SETD1A_unrelaxed_rank_001_alphafold2_multimer_v3_model_2_seed_000.pdb,20251104_colab_rhee_POU2F1_10/BUB3___SETD1A_pae.png
POU2F1,NBN___POU2F1,NBN,POU2F1,NBN,POU2F1,NBN,POU2F1,1,0.3463272273035311,0.2128842745837924,0.5634166666666667,0.37,0.37,37.45245156980628,3,754,743,20251104_colab_rhee_POU2F1_20,NBN___POU2F1_unrelaxed_rank_001_alphafold2_multimer_v3_model_3_seed_000.pdb,20251104_colab_rhee_POU2F1_20/NBN___POU2F1_unrelaxed_rank_001_alphafold2_multimer_v3_model_3_seed_000.pdb,20251104_colab_rhee_POU2F1_20/NBN___POU2F1_pae.png
POU2F1,COX5B___CDK12,COX5B,CDK12,COX5B,CDK12,COX5B,CDK12,2,0.346175174447807,0.2512934471379746,0.4768817204301075,0.54,0.502,35.15074119827054,5,129,1490,20251104_colab_rhee_POU2F1_15,COX5B___CDK12_unrelaxed_rank_002_alphafold2_multimer_v3_model_4_seed_000.pdb,20251104_colab_rhee_POU2F1_15/COX5B___CDK12_unrelaxed_rank_002_alphafold2_multimer_v3_model_4_seed_000.pdb,20251104_colab_rhee_POU2F1_15/COX5B___CDK12_pae.png
POU2F1,BOP1___POU2F1,BOP1,POU2F1,BOP1,POU2F1,BOP1,POU2F1,1,0.3455733971645238,0.2146236211344637,0.5564204545454545,0.24,0.262,45.64130288784419,3,746,743,20251104_colab_rhee_POU2F1_17,BOP1___POU2F1_unrelaxed_rank_001_alphafold2_multimer_v3_model_4_seed_000.pdb,20251104_colab_rhee_POU2F1_17/BOP1___POU2F1_unrelaxed_rank_001_alphafold2_multimer_v3_model_4_seed_000.pdb,20251104_colab_rhee_POU2F1_17/BOP1___POU2F1_pae.png
POU2F1,MRPL12___KPNA4,MRPL12,KPNA4,MRPL12,KPNA4,MRPL12,KPNA4,1,0.3454334274188139,0.2753704810084082,0.4333225999436937,0.48,0.512,71.77094575799723,5,198,521,20251104_colab_rhee_POU2F1_18,MRPL12___KPNA4_unrelaxed_rank_001_alphafold2_multimer_v3_model_2_seed_000.pdb,20251104_colab_rhee_POU2F1_18/MRPL12___KPNA4_unrelaxed_rank_001_alphafold2_multimer_v3_model_2_seed_000.pdb,20251104_colab_rhee_POU2F1_18/MRPL12___KPNA4_pae.png
POU2F1,BOP1___KPNA4,BOP1,KPNA4,BOP1,KPNA4,BOP1,KPNA4,5,0.3436162833338983,0.2633267650175833,0.4483864379084967,0.58,0.568,70.67444356748224,5,746,521,20251104_colab_rhee_POU2F1_2,BOP1___KPNA4_unrelaxed_rank_005_alphafold2_multimer_v3_model_2_seed_000.pdb,20251104_colab_rhee_POU2F1_2/BOP1___KPNA4_unrelaxed_rank_005_alphafold2_multimer_v3_model_2_seed_000.pdb,20251104_colab_rhee_POU2F1_2/BOP1___KPNA4_pae.png
POU2F1,NBN___SETD1A,NBN,SETD1A,NBN,SETD1A,NBN,SETD1A,3,0.343564836784103,0.2631129595927626,0.4486164317302376,0.31,0.308,34.14199918732223,3,754,1707,20251104_colab_rhee_POU2F1_20,NBN___SETD1A_unrelaxed_rank_003_alphafold2_multimer_v3_model_3_seed_000.pdb,20251104_colab_rhee_POU2F1_20/NBN___SETD1A_unrelaxed_rank_003_alphafold2_multimer_v3_model_3_seed_000.pdb,20251104_colab_rhee_POU2F1_20/NBN___SETD1A_pae.png
POU2F1,PSPC1___KPNA4,PSPC1,KPNA4,PSPC1,KPNA4,PSPC1,KPNA4,1,0.3427461400326299,0.2905519348360039,0.4043164144598571,0.61,0.582,68.31016283524905,5,523,521,20251104_colab_rhee_POU2F1_15,PSPC1___KPNA4_unrelaxed_rank_001_alphafold2_multimer_v3_model_3_seed_000.pdb,20251104_colab_rhee_POU2F1_15/PSPC1___KPNA4_unrelaxed_rank_001_alphafold2_multimer_v3_model_3_seed_000.pdb,20251104_colab_rhee_POU2F1_15/PSPC1___KPNA4_pae.png
POU2F1,NOP2___PRPF19,NOP2,PRPF19,NOP2,PRPF19,NOP2,PRPF19,1,0.3411733462260158,0.2401876092743166,0.4846180555555555,0.5,0.478,61.06034954407295,4,812,504,20251104_colab_rhee_POU2F1_12,NOP2___PRPF19_unrelaxed_rank_001_alphafold2_multimer_v3_model_4_seed_000.pdb,20251104_colab_rhee_POU2F1_12/NOP2___PRPF19_unrelaxed_rank_001_alphafold2_multimer_v3_model_4_seed_000.pdb,20251104_colab_rhee_POU2F1_12/NOP2___PRPF19_pae.png
POU2F1,EPB41___CDK12,EPB41,CDK12,EPB41,CDK12,EPB41,CDK12,1,0.3388972735741468,0.2751030192230552,0.4174849202322566,0.45,0.424,37.6289209855565,3,864,1490,20251104_colab_rhee_POU2F1_18,EPB41___CDK12_unrelaxed_rank_001_alphafold2_multimer_v3_model_5_seed_000.pdb,20251104_colab_rhee_POU2F1_18/EPB41___CDK12_unrelaxed_rank_001_alphafold2_multimer_v3_model_5_seed_000.pdb,20251104_colab_rhee_POU2F1_18/EPB41___CDK12_pae.png
POU2F1,BOP1___KPNA4,BOP1,KPNA4,BOP1,KPNA4,BOP1,KPNA4,4,0.3374263727781091,0.2692851734567184,0.4228103448275862,0.61,0.576,67.4733543804262,5,746,521,20251104_colab_rhee_POU2F1_2,BOP1___KPNA4_unrelaxed_rank_004_alphafold2_multimer_v3_model_4_seed_000.pdb,20251104_colab_rhee_POU2F1_2/BOP1___KPNA4_unrelaxed_rank_004_alphafold2_multimer_v3_model_4_seed_000.pdb,20251104_colab_rhee_POU2F1_2/BOP1___KPNA4_pae.png
POU2F1,RAD50___CDC37,RAD50,CDC37,RAD50,CDC37,RAD50,CDC37,1,0.3372640250003575,0.2127631518940003,0.5346180555555555,0.47,0.45,75.81288165680473,3,1312,378,20251104_colab_rhee_POU2F1_9,RAD50___CDC37_unrelaxed_rank_001_alphafold2_multimer_v3_model_3_seed_000.pdb,20251104_colab_rhee_POU2F1_9/RAD50___CDC37_unrelaxed_rank_001_alphafold2_multimer_v3_model_3_seed_000.pdb,20251104_colab_rhee_POU2F1_9/RAD50___CDC37_pae.png
POU2F1,EPB41___CDK12,EPB41,CDK12,EPB41,CDK12,EPB41,CDK12,2,0.3364888375862617,0.2564585634324448,0.441493301314459,0.43,0.41,39.0765378079864,3,864,1490,20251104_colab_rhee_POU2F1_18,EPB41___CDK12_unrelaxed_rank_002_alphafold2_multimer_v3_model_2_seed_000.pdb,20251104_colab_rhee_POU2F1_18/EPB41___CDK12_unrelaxed_rank_002_alphafold2_multimer_v3_model_2_seed_000.pdb,20251104_colab_rhee_POU2F1_18/EPB41___CDK12_pae.png
POU2F1,CDK12___BUB3,CDK12,BUB3,CDK12,BUB3,CDK12,BUB3,1,0.3364373674711063,0.2684524417188705,0.4216393097643098,0.73,0.6519999999999999,44.08819581958196,5,1490,328,20251104_colab_rhee_POU2F1_14,CDK12___BUB3_unrelaxed_rank_001_alphafold2_multimer_v3_model_3_seed_000.pdb,20251104_colab_rhee_POU2F1_14/CDK12___BUB3_unrelaxed_rank_001_alphafold2_multimer_v3_model_3_seed_000.pdb,20251104_colab_rhee_POU2F1_14/CDK12___BUB3_pae.png
POU2F1,COX5B___CDK12,COX5B,CDK12,COX5B,CDK12,COX5B,CDK12,1,0.3349085098520606,0.2345621258888928,0.4781833791208791,0.56,0.522,36.76046942557134,5,129,1490,20251104_colab_rhee_POU2F1_15,COX5B___CDK12_unrelaxed_rank_001_alphafold2_multimer_v3_model_2_seed_000.pdb,20251104_colab_rhee_POU2F1_15/COX5B___CDK12_unrelaxed_rank_001_alphafold2_multimer_v3_model_2_seed_000.pdb,20251104_colab_rhee_POU2F1_15/COX5B___CDK12_pae.png
POU2F1,EPB41___KPNA4,EPB41,KPNA4,EPB41,KPNA4,EPB41,KPNA4,4,0.331332449542386,0.2648473527108315,0.4145074171823807,0.54,0.516,58.64768231046931,5,864,521,20251104_colab_rhee_POU2F1_19,EPB41___KPNA4_unrelaxed_rank_004_alphafold2_multimer_v3_model_5_seed_000.pdb,20251104_colab_rhee_POU2F1_19/EPB41___KPNA4_unrelaxed_rank_004_alphafold2_multimer_v3_model_5_seed_000.pdb,20251104_colab_rhee_POU2F1_19/EPB41___KPNA4_pae.png
POU2F1,FUS___POU2F1,FUS,POU2F1,FUS,POU2F1,FUS,POU2F1,2,0.3288420868761026,0.2219027058771741,0.4873177083333334,0.27,0.272,32.28356973995272,3,526,743,20251104_colab_rhee_POU2F1_5,FUS___POU2F1_unrelaxed_rank_002_alphafold2_multimer_v3_model_2_seed_000.pdb,20251104_colab_rhee_POU2F1_5/FUS___POU2F1_unrelaxed_rank_002_alphafold2_multimer_v3_model_2_seed_000.pdb,20251104_colab_rhee_POU2F1_5/FUS___POU2F1_pae.png
POU2F1,EPB41___KPNA4,EPB41,KPNA4,EPB41,KPNA4,EPB41,KPNA4,3,0.3247666731227344,0.2739689573817874,0.3849830031080031,0.58,0.5479999999999999,58.57198555956678,5,864,521,20251104_colab_rhee_POU2F1_19,EPB41___KPNA4_unrelaxed_rank_003_alphafold2_multimer_v3_model_1_seed_000.pdb,20251104_colab_rhee_POU2F1_19/EPB41___KPNA4_unrelaxed_rank_003_alphafold2_multimer_v3_model_1_seed_000.pdb,20251104_colab_rhee_POU2F1_19/EPB41___KPNA4_pae.png
POU2F1,HARS2___PRPF19,HARS2,PRPF19,HARS2,PRPF19,HARS2,PRPF19,1,0.3233033997027722,0.1884690901155028,0.5546006944444445,0.55,0.5680000000000001,82.19177227722773,5,506,504,20251104_colab_rhee_POU2F1_17,HARS2___PRPF19_unrelaxed_rank_001_alphafold2_multimer_v3_model_4_seed_000.pdb,20251104_colab_rhee_POU2F1_17/HARS2___PRPF19_unrelaxed_rank_001_alphafold2_multimer_v3_model_4_seed_000.pdb,20251104_colab_rhee_POU2F1_17/HARS2___PRPF19_pae.png
POU2F1,FUS___GFP,FUS,GFP,FUS,GFP,FUS,GFP,1,0.3214097688120264,0.2256548203608172,0.457797619047619,0.69,0.6319999999999999,48.8965445026178,5,526,238,20251104_colab_rhee_POU2F1_9,FUS___GFP_unrelaxed_rank_001_alphafold2_multimer_v3_model_3_seed_000.pdb,20251104_colab_rhee_POU2F1_9/FUS___GFP_unrelaxed_rank_001_alphafold2_multimer_v3_model_3_seed_000.pdb,20251104_colab_rhee_POU2F1_9/FUS___GFP_pae.png
POU2F1,EPB41___CDK12,EPB41,CDK12,EPB41,CDK12,EPB41,CDK12,3,0.3211133816543566,0.2423897647377151,0.4254049422799423,0.42,0.4,37.39384451996602,3,864,1490,20251104_colab_rhee_POU2F1_18,EPB41___CDK12_unrelaxed_rank_003_alphafold2_multimer_v3_model_1_seed_000.pdb,20251104_colab_rhee_POU2F1_18/EPB41___CDK12_unrelaxed_rank_003_alphafold2_multimer_v3_model_1_seed_000.pdb,20251104_colab_rhee_POU2F1_18/EPB41___CDK12_pae.png
POU2F1,KPNA4___EMC7,KPNA4,EMC7,KPNA4,EMC7,KPNA4,EMC7,2,0.3209405068300973,0.2577676791989782,0.3995955165692009,0.45,0.482,71.5773001310616,3,521,242,20251104_colab_rhee_POU2F1_8,KPNA4___EMC7_unrelaxed_rank_002_alphafold2_multimer_v3_model_2_seed_000.pdb,20251104_colab_rhee_POU2F1_8/KPNA4___EMC7_unrelaxed_rank_002_alphafold2_multimer_v3_model_2_seed_000.pdb,20251104_colab_rhee_POU2F1_8/KPNA4___EMC7_pae.png
POU2F1,BOP1___KPNA4,BOP1,KPNA4,BOP1,KPNA4,BOP1,KPNA4,3,0.3192506600306716,0.2506280452262819,0.4066623263888889,0.61,0.586,70.25098658247829,5,746,521,20251104_colab_rhee_POU2F1_2,BOP1___KPNA4_unrelaxed_rank_003_alphafold2_multimer_v3_model_1_seed_000.pdb,20251104_colab_rhee_POU2F1_2/BOP1___KPNA4_unrelaxed_rank_003_alphafold2_multimer_v3_model_1_seed_000.pdb,20251104_colab_rhee_POU2F1_2/BOP1___KPNA4_pae.png
POU2F1,KPNA4___CDK12,KPNA4,CDK12,KPNA4,CDK12,KPNA4,CDK12,2,0.3125956062228538,0.2463852091754109,0.3965985351022665,0.66,0.6,44.74090502237693,5,521,1490,20251104_colab_rhee_POU2F1_3,KPNA4___CDK12_unrelaxed_rank_002_alphafold2_multimer_v3_model_3_seed_000.pdb,20251104_colab_rhee_POU2F1_3/KPNA4___CDK12_unrelaxed_rank_002_alphafold2_multimer_v3_model_3_seed_000.pdb,20251104_colab_rhee_POU2F1_3/KPNA4___CDK12_pae.png
POU2F1,EPB41___KPNA4,EPB41,KPNA4,EPB41,KPNA4,EPB41,KPNA4,5,0.3104706529304174,0.2543259493260734,0.3790097966269841,0.54,0.514,56.84904693140794,5,864,521,20251104_colab_rhee_POU2F1_19,EPB41___KPNA4_unrelaxed_rank_005_alphafold2_multimer_v3_model_4_seed_000.pdb,20251104_colab_rhee_POU2F1_19/EPB41___KPNA4_unrelaxed_rank_005_alphafold2_multimer_v3_model_4_seed_000.pdb,20251104_colab_rhee_POU2F1_19/EPB41___KPNA4_pae.png
POU2F1,EPB41___CDK12,EPB41,CDK12,EPB41,CDK12,EPB41,CDK12,4,0.3099532977537269,0.2348230181434802,0.4091210799859055,0.42,0.4,35.92906966864911,3,864,1490,20251104_colab_rhee_POU2F1_18,EPB41___CDK12_unrelaxed_rank_004_alphafold2_multimer_v3_model_4_seed_000.pdb,20251104_colab_rhee_POU2F1_18/EPB41___CDK12_unrelaxed_rank_004_alphafold2_multimer_v3_model_4_seed_000.pdb,20251104_colab_rhee_POU2F1_18/EPB41___CDK12_pae.png
POU2F1,NBN___SETD1A,NBN,SETD1A,NBN,SETD1A,NBN,SETD1A,1,0.3067293999181028,0.2308012394423617,0.4076361331569664,0.34,0.334,33.87796830556685,3,754,1707,20251104_colab_rhee_POU2F1_20,NBN___SETD1A_unrelaxed_rank_001_alphafold2_multimer_v3_model_1_seed_000.pdb,20251104_colab_rhee_POU2F1_20/NBN___SETD1A_unrelaxed_rank_001_alphafold2_multimer_v3_model_1_seed_000.pdb,20251104_colab_rhee_POU2F1_20/NBN___SETD1A_pae.png
POU2F1,BOP1___BUB3,BOP1,BUB3,BOP1,BUB3,BOP1,BUB3,1,0.3062161332780794,0.2386503372056056,0.392910906298003,0.68,0.634,72.21156424581005,5,746,328,20251104_colab_rhee_POU2F1_17,BOP1___BUB3_unrelaxed_rank_001_alphafold2_multimer_v3_model_5_seed_000.pdb,20251104_colab_rhee_POU2F1_17/BOP1___BUB3_unrelaxed_rank_001_alphafold2_multimer_v3_model_5_seed_000.pdb,20251104_colab_rhee_POU2F1_17/BOP1___BUB3_pae.png
POU2F1,SEPTIN2___NOP2,SEPTIN2,NOP2,SEPTIN2,NOP2,SEPTIN2,NOP2,1,0.3051198235596312,0.2390049194755831,0.3895238095238095,0.63,0.614,59.23992327365729,5,361,812,20251104_colab_rhee_POU2F1_12,SEPTIN2___NOP2_unrelaxed_rank_001_alphafold2_multimer_v3_model_2_seed_000.pdb,20251104_colab_rhee_POU2F1_12/SEPTIN2___NOP2_unrelaxed_rank_001_alphafold2_multimer_v3_model_2_seed_000.pdb,20251104_colab_rhee_POU2F1_12/SEPTIN2___NOP2_pae.png
POU2F1,SEPTIN2___NOP2,SEPTIN2,NOP2,SEPTIN2,NOP2,SEPTIN2,NOP2,2,0.3039719301803225,0.2233046244509608,0.4137797619047619,0.6,0.588,58.95322250639386,5,361,812,20251104_colab_rhee_POU2F1_12,SEPTIN2___NOP2_unrelaxed_rank_002_alphafold2_multimer_v3_model_4_seed_000.pdb,20251104_colab_rhee_POU2F1_12/SEPTIN2___NOP2_unrelaxed_rank_002_alphafold2_multimer_v3_model_4_seed_000.pdb,20251104_colab_rhee_POU2F1_12/SEPTIN2___NOP2_pae.png
POU2F1,CDC37___SETD1A,CDC37,SETD1A,CDC37,SETD1A,CDC37,SETD1A,1,0.3036910155552843,0.2317237775679745,0.3980093622543567,0.46,0.42,33.9758273381295,3,378,1707,20251104_colab_rhee_POU2F1_5,CDC37___SETD1A_unrelaxed_rank_001_alphafold2_multimer_v3_model_4_seed_000.pdb,20251104_colab_rhee_POU2F1_5/CDC37___SETD1A_unrelaxed_rank_001_alphafold2_multimer_v3_model_4_seed_000.pdb,20251104_colab_rhee_POU2F1_5/CDC37___SETD1A_pae.png
POU2F1,KPNA4___SETD1A,KPNA4,SETD1A,KPNA4,SETD1A,KPNA4,SETD1A,2,0.3018953862370645,0.2345151341340239,0.3886351495726495,0.53,0.494,40.98998653500897,4,521,1707,20251104_colab_rhee_POU2F1_11,KPNA4___SETD1A_unrelaxed_rank_002_alphafold2_multimer_v3_model_2_seed_000.pdb,20251104_colab_rhee_POU2F1_11/KPNA4___SETD1A_unrelaxed_rank_002_alphafold2_multimer_v3_model_2_seed_000.pdb,20251104_colab_rhee_POU2F1_11/KPNA4___SETD1A_pae.png
POU2F1,EMC7___STIP1,EMC7,STIP1,EMC7,STIP1,EMC7,STIP1,1,0.3001979581105221,0.2012489799418597,0.447797619047619,0.39,0.4020000000000001,72.83267515923566,3,242,543,20251104_colab_rhee_POU2F1_4,EMC7___STIP1_unrelaxed_rank_001_alphafold2_multimer_v3_model_3_seed_000.pdb,20251104_colab_rhee_POU2F1_4/EMC7___STIP1_unrelaxed_rank_001_alphafold2_multimer_v3_model_3_seed_000.pdb,20251104_colab_rhee_POU2F1_4/EMC7___STIP1_pae.png
POU2F1,SEPTIN2___KPNA4,SEPTIN2,KPNA4,SEPTIN2,KPNA4,SEPTIN2,KPNA4,2,0.2974867653887311,0.2050262012291425,0.4316442242547425,0.6,0.622,77.44392290249434,5,361,521,20251104_colab_rhee_POU2F1_15,SEPTIN2___KPNA4_unrelaxed_rank_002_alphafold2_multimer_v3_model_5_seed_000.pdb,20251104_colab_rhee_POU2F1_15/SEPTIN2___KPNA4_unrelaxed_rank_002_alphafold2_multimer_v3_model_5_seed_000.pdb,20251104_colab_rhee_POU2F1_15/SEPTIN2___KPNA4_pae.png
POU2F1,NOP2___FUS,NOP2,FUS,NOP2,FUS,NOP2,FUS,1,0.2929135541977664,0.2023202577951026,0.4240719696969697,0.4,0.4000000000000001,42.85789985052317,3,812,526,20251104_colab_rhee_POU2F1_1,NOP2___FUS_unrelaxed_rank_001_alphafold2_multimer_v3_model_3_seed_000.pdb,20251104_colab_rhee_POU2F1_1/NOP2___FUS_unrelaxed_rank_001_alphafold2_multimer_v3_model_3_seed_000.pdb,20251104_colab_rhee_POU2F1_1/NOP2___FUS_pae.png
POU2F1,CDK12___POU2F1,CDK12,POU2F1,CDK12,POU2F1,CDK12,POU2F1,4,0.2926453194743068,0.1962135087277027,0.436469861660079,0.26,0.272,31.53869234214062,3,1490,743,20251104_colab_rhee_POU2F1_14,CDK12___POU2F1_unrelaxed_rank_004_alphafold2_multimer_v3_model_3_seed_000.pdb,20251104_colab_rhee_POU2F1_14/CDK12___POU2F1_unrelaxed_rank_004_alphafold2_multimer_v3_model_3_seed_000.pdb,20251104_colab_rhee_POU2F1_14/CDK12___POU2F1_pae.png
POU2F1,NBN___CDC37,NBN,CDC37,NBN,CDC37,NBN,CDC37,1,0.2920256504407168,0.2380972771524187,0.3581686507936507,0.38,0.378,55.70106890459364,3,754,378,20251104_colab_rhee_POU2F1_1,NBN___CDC37_unrelaxed_rank_001_alphafold2_multimer_v3_model_2_seed_000.pdb,20251104_colab_rhee_POU2F1_1/NBN___CDC37_unrelaxed_rank_001_alphafold2_multimer_v3_model_2_seed_000.pdb,20251104_colab_rhee_POU2F1_1/NBN___CDC37_pae.png
POU2F1,OLA1___BOP1,OLA1,BOP1,OLA1,BOP1,OLA1,BOP1,1,0.2909808497543375,0.2177277116457611,0.3888795518207282,0.62,0.5760000000000001,68.38463222416813,5,396,746,20251104_colab_rhee_POU2F1_8,OLA1___BOP1_unrelaxed_rank_001_alphafold2_multimer_v3_model_2_seed_000.pdb,20251104_colab_rhee_POU2F1_8/OLA1___BOP1_unrelaxed_rank_001_alphafold2_multimer_v3_model_2_seed_000.pdb,20251104_colab_rhee_POU2F1_8/OLA1___BOP1_pae.png
POU2F1,OLA1___NBN,OLA1,NBN,OLA1,NBN,OLA1,NBN,1,0.2907220255461612,0.2084241376523243,0.4055158730158731,0.65,0.602,59.57900869565217,5,396,754,20251104_colab_rhee_POU2F1_14,OLA1___NBN_unrelaxed_rank_001_alphafold2_multimer_v3_model_3_seed_000.pdb,20251104_colab_rhee_POU2F1_14/OLA1___NBN_unrelaxed_rank_001_alphafold2_multimer_v3_model_3_seed_000.pdb,20251104_colab_rhee_POU2F1_14/OLA1___NBN_pae.png
POU2F1,ACTR2___POU2F1,ACTR2,POU2F1,ACTR2,POU2F1,ACTR2,POU2F1,3,0.2897590791787635,0.1770037342983605,0.4743421052631579,0.7,0.6539999999999999,51.44873350923483,5,394,743,20251104_colab_rhee_POU2F1_3,ACTR2___POU2F1_unrelaxed_rank_003_alphafold2_multimer_v3_model_5_seed_000.pdb,20251104_colab_rhee_POU2F1_3/ACTR2___POU2F1_unrelaxed_rank_003_alphafold2_multimer_v3_model_5_seed_000.pdb,20251104_colab_rhee_POU2F1_3/ACTR2___POU2F1_pae.png
POU2F1,CDC37___EMC7,CDC37,EMC7,CDC37,EMC7,CDC37,EMC7,1,0.2865471905970001,0.2215005215136518,0.3706957070707071,0.27,0.292,57.68191935483871,3,378,242,20251104_colab_rhee_POU2F1_6,CDC37___EMC7_unrelaxed_rank_001_alphafold2_multimer_v3_model_4_seed_000.pdb,20251104_colab_rhee_POU2F1_6/CDC37___EMC7_unrelaxed_rank_001_alphafold2_multimer_v3_model_4_seed_000.pdb,20251104_colab_rhee_POU2F1_6/CDC37___EMC7_pae.png
POU2F1,NOP2___KPNA4,NOP2,KPNA4,NOP2,KPNA4,NOP2,KPNA4,3,0.2864762845159313,0.2323854629592615,0.3531574675324676,0.59,0.5579999999999999,62.647711927982,5,812,521,20251104_colab_rhee_POU2F1_17,NOP2___KPNA4_unrelaxed_rank_003_alphafold2_multimer_v3_model_5_seed_000.pdb,20251104_colab_rhee_POU2F1_17/NOP2___KPNA4_unrelaxed_rank_003_alphafold2_multimer_v3_model_5_seed_000.pdb,20251104_colab_rhee_POU2F1_17/NOP2___KPNA4_pae.png
POU2F1,KPNA4___EMC7,KPNA4,EMC7,KPNA4,EMC7,KPNA4,EMC7,1,0.2854873989520972,0.2309681938112819,0.352875664893617,0.54,0.554,70.15444298820445,5,521,242,20251104_colab_rhee_POU2F1_8,KPNA4___EMC7_unrelaxed_rank_001_alphafold2_multimer_v3_model_3_seed_000.pdb,20251104_colab_rhee_POU2F1_8/KPNA4___EMC7_unrelaxed_rank_001_alphafold2_multimer_v3_model_3_seed_000.pdb,20251104_colab_rhee_POU2F1_8/KPNA4___EMC7_pae.png
POU2F1,DLAT___KPNA4,DLAT,KPNA4,DLAT,KPNA4,DLAT,KPNA4,1,0.2818362821880023,0.231977606791869,0.3424110243055556,0.54,0.524,66.07515410958904,5,647,521,20251104_colab_rhee_POU2F1_6,DLAT___KPNA4_unrelaxed_rank_001_alphafold2_multimer_v3_model_4_seed_000.pdb,20251104_colab_rhee_POU2F1_6/DLAT___KPNA4_unrelaxed_rank_001_alphafold2_multimer_v3_model_4_seed_000.pdb,20251104_colab_rhee_POU2F1_6/DLAT___KPNA4_pae.png
POU2F1,EPB41___NOP2,EPB41,NOP2,EPB41,NOP2,EPB41,NOP2,1,0.2790593530921534,0.1958233707655614,0.3976753246753247,0.38,0.382,48.67030429594272,3,864,812,20251104_colab_rhee_POU2F1_2,EPB41___NOP2_unrelaxed_rank_001_alphafold2_multimer_v3_model_5_seed_000.pdb,20251104_colab_rhee_POU2F1_2/EPB41___NOP2_unrelaxed_rank_001_alphafold2_multimer_v3_model_5_seed_000.pdb,20251104_colab_rhee_POU2F1_2/EPB41___NOP2_pae.png
POU2F1,CDK12___POU2F1,CDK12,POU2F1,CDK12,POU2F1,CDK12,POU2F1,2,0.2769501995700949,0.1975985937468727,0.3881678082191781,0.3,0.308,31.17690550828482,3,1490,743,20251104_colab_rhee_POU2F1_14,CDK12___POU2F1_unrelaxed_rank_002_alphafold2_multimer_v3_model_4_seed_000.pdb,20251104_colab_rhee_POU2F1_14/CDK12___POU2F1_unrelaxed_rank_002_alphafold2_multimer_v3_model_4_seed_000.pdb,20251104_colab_rhee_POU2F1_14/CDK12___POU2F1_pae.png
POU2F1,KPNA4___CDK12,KPNA4,CDK12,KPNA4,CDK12,KPNA4,CDK12,4,0.2742116481975643,0.2209262474042975,0.3403490028490029,0.58,0.5379999999999999,45.58838886126306,5,521,1490,20251104_colab_rhee_POU2F1_3,KPNA4___CDK12_unrelaxed_rank_004_alphafold2_multimer_v3_model_2_seed_000.pdb,20251104_colab_rhee_POU2F1_3/KPNA4___CDK12_unrelaxed_rank_004_alphafold2_multimer_v3_model_2_seed_000.pdb,20251104_colab_rhee_POU2F1_3/KPNA4___CDK12_pae.png
POU2F1,PYGB___BUB3,PYGB,BUB3,PYGB,BUB3,PYGB,BUB3,1,0.2729700987809652,0.1830841146740669,0.4069860182088442,0.69,0.72,91.44317677198976,5,843,328,20251104_colab_rhee_POU2F1_11,PYGB___BUB3_unrelaxed_rank_001_alphafold2_multimer_v3_model_4_seed_000.pdb,20251104_colab_rhee_POU2F1_11/PYGB___BUB3_unrelaxed_rank_001_alphafold2_multimer_v3_model_4_seed_000.pdb,20251104_colab_rhee_POU2F1_11/PYGB___BUB3_pae.png
POU2F1,KPNA4___FUS,KPNA4,FUS,KPNA4,FUS,KPNA4,FUS,1,0.2722496197102001,0.2551328863274968,0.290514705882353,0.6,0.584,56.07451766953199,4,521,526,20251104_colab_rhee_POU2F1_17,KPNA4___FUS_unrelaxed_rank_001_alphafold2_multimer_v3_model_5_seed_000.pdb,20251104_colab_rhee_POU2F1_17/KPNA4___FUS_unrelaxed_rank_001_alphafold2_multimer_v3_model_5_seed_000.pdb,20251104_colab_rhee_POU2F1_17/KPNA4___FUS_pae.png
POU2F1,OLA1___NBN,OLA1,NBN,OLA1,NBN,OLA1,NBN,2,0.2713462561763134,0.2097386408095034,0.3510501949317739,0.64,0.594,59.13068695652174,5,396,754,20251104_colab_rhee_POU2F1_14,OLA1___NBN_unrelaxed_rank_002_alphafold2_multimer_v3_model_4_seed_000.pdb,20251104_colab_rhee_POU2F1_14/OLA1___NBN_unrelaxed_rank_002_alphafold2_multimer_v3_model_4_seed_000.pdb,20251104_colab_rhee_POU2F1_14/OLA1___NBN_pae.png
POU2F1,NBN___BUB3,NBN,BUB3,NBN,BUB3,NBN,BUB3,1,0.2709118038483179,0.2021365310760218,0.3630872909199522,0.66,0.6080000000000001,62.28605360443623,5,754,328,20251104_colab_rhee_POU2F1_3,NBN___BUB3_unrelaxed_rank_001_alphafold2_multimer_v3_model_5_seed_000.pdb,20251104_colab_rhee_POU2F1_3/NBN___BUB3_unrelaxed_rank_001_alphafold2_multimer_v3_model_5_seed_000.pdb,20251104_colab_rhee_POU2F1_3/NBN___BUB3_pae.png
POU2F1,ACTN4___FUS,ACTN4,FUS,ACTN4,FUS,ACTN4,FUS,1,0.2681597025636178,0.2068272152783805,0.3476797092791716,0.34,0.346,62.46194850382741,3,911,526,20251104_colab_rhee_POU2F1_16,ACTN4___FUS_unrelaxed_rank_001_alphafold2_multimer_v3_model_4_seed_000.pdb,20251104_colab_rhee_POU2F1_16/ACTN4___FUS_unrelaxed_rank_001_alphafold2_multimer_v3_model_4_seed_000.pdb,20251104_colab_rhee_POU2F1_16/ACTN4___FUS_pae.png
POU2F1,MRPL12___KPNA4,MRPL12,KPNA4,MRPL12,KPNA4,MRPL12,KPNA4,2,0.2671590125483616,0.2286557447319729,0.3121458333333334,0.42,0.462,68.95212795549374,3,198,521,20251104_colab_rhee_POU2F1_18,MRPL12___KPNA4_unrelaxed_rank_002_alphafold2_multimer_v3_model_4_seed_000.pdb,20251104_colab_rhee_POU2F1_18/MRPL12___KPNA4_unrelaxed_rank_002_alphafold2_multimer_v3_model_4_seed_000.pdb,20251104_colab_rhee_POU2F1_18/MRPL12___KPNA4_pae.png
POU2F1,BUB3___SETD1A,BUB3,SETD1A,BUB3,SETD1A,BUB3,SETD1A,2,0.2662489187779901,0.1944776945343953,0.364507029560202,0.72,0.6439999999999999,39.44889434889435,5,328,1707,20251104_colab_rhee_POU2F1_10,BUB3___SETD1A_unrelaxed_rank_002_alphafold2_multimer_v3_model_3_seed_000.pdb,20251104_colab_rhee_POU2F1_10/BUB3___SETD1A_unrelaxed_rank_002_alphafold2_multimer_v3_model_3_seed_000.pdb,20251104_colab_rhee_POU2F1_10/BUB3___SETD1A_pae.png
POU2F1,NBN___GFP,NBN,GFP,NBN,GFP,NBN,GFP,2,0.2630007308069823,0.2051295236324735,0.3371985815602837,0.3,0.324,57.55983870967742,3,754,238,20251104_colab_rhee_POU2F1_9,NBN___GFP_unrelaxed_rank_002_alphafold2_multimer_v3_model_2_seed_000.pdb,20251104_colab_rhee_POU2F1_9/NBN___GFP_unrelaxed_rank_002_alphafold2_multimer_v3_model_2_seed_000.pdb,20251104_colab_rhee_POU2F1_9/NBN___GFP_pae.png
POU2F1,RAD50___CDC37,RAD50,CDC37,RAD50,CDC37,RAD50,CDC37,2,0.2627413232485954,0.1627040473390439,0.4242857142857142,0.45,0.432,76.02533136094675,2,1312,378,20251104_colab_rhee_POU2F1_9,RAD50___CDC37_unrelaxed_rank_002_alphafold2_multimer_v3_model_5_seed_000.pdb,20251104_colab_rhee_POU2F1_9/RAD50___CDC37_unrelaxed_rank_002_alphafold2_multimer_v3_model_5_seed_000.pdb,20251104_colab_rhee_POU2F1_9/RAD50___CDC37_pae.png
POU2F1,SUPV3L1___SEC31A,SUPV3L1,SEC31A,SUPV3L1,SEC31A,SUPV3L1,SEC31A,1,0.2622382237322995,0.1832426413768107,0.37528866354234,0.47,0.48,66.27764207377867,3,786,1220,20251104_colab_rhee_POU2F1_2,SUPV3L1___SEC31A_unrelaxed_rank_001_alphafold2_multimer_v3_model_4_seed_000.pdb,20251104_colab_rhee_POU2F1_2/SUPV3L1___SEC31A_unrelaxed_rank_001_alphafold2_multimer_v3_model_4_seed_000.pdb,20251104_colab_rhee_POU2F1_2/SUPV3L1___SEC31A_pae.png
POU2F1,NOP2___POU2F1,NOP2,POU2F1,NOP2,POU2F1,NOP2,POU2F1,1,0.2609124093693405,0.1801016618057363,0.3779825498575498,0.42,0.416,40.4419421221865,3,812,743,20251104_colab_rhee_POU2F1_5,NOP2___POU2F1_unrelaxed_rank_001_alphafold2_multimer_v3_model_3_seed_000.pdb,20251104_colab_rhee_POU2F1_5/NOP2___POU2F1_unrelaxed_rank_001_alphafold2_multimer_v3_model_3_seed_000.pdb,20251104_colab_rhee_POU2F1_5/NOP2___POU2F1_pae.png
POU2F1,BUB3___SETD1A,BUB3,SETD1A,BUB3,SETD1A,BUB3,SETD1A,5,0.2571679397500265,0.2041041995922947,0.3240273809523809,0.67,0.6000000000000001,39.12449631449631,5,328,1707,20251104_colab_rhee_POU2F1_10,BUB3___SETD1A_unrelaxed_rank_005_alphafold2_multimer_v3_model_5_seed_000.pdb,20251104_colab_rhee_POU2F1_10/BUB3___SETD1A_unrelaxed_rank_005_alphafold2_multimer_v3_model_5_seed_000.pdb,20251104_colab_rhee_POU2F1_10/BUB3___SETD1A_pae.png
POU2F1,GPD2___BUB3,GPD2,BUB3,GPD2,BUB3,GPD2,BUB3,1,0.255340037851597,0.2209889445527787,0.295030753968254,0.48,0.504,84.02962085308057,4,727,328,20251104_colab_rhee_POU2F1_4,GPD2___BUB3_unrelaxed_rank_001_alphafold2_multimer_v3_model_4_seed_000.pdb,20251104_colab_rhee_POU2F1_4/GPD2___BUB3_unrelaxed_rank_001_alphafold2_multimer_v3_model_4_seed_000.pdb,20251104_colab_rhee_POU2F1_4/GPD2___BUB3_pae.png
POU2F1,KPNA4___SETD1A,KPNA4,SETD1A,KPNA4,SETD1A,KPNA4,SETD1A,1,0.2536655234882661,0.1943613302506004,0.3310648148148148,0.56,0.518,39.36499551166966,5,521,1707,20251104_colab_rhee_POU2F1_11,KPNA4___SETD1A_unrelaxed_rank_001_alphafold2_multimer_v3_model_3_seed_000.pdb,20251104_colab_rhee_POU2F1_11/KPNA4___SETD1A_unrelaxed_rank_001_alphafold2_multimer_v3_model_3_seed_000.pdb,20251104_colab_rhee_POU2F1_11/KPNA4___SETD1A_pae.png
POU2F1,WASHC5___SAMM50,WASHC5,SAMM50,WASHC5,SAMM50,WASHC5,SAMM50,2,0.2526263608245445,0.1366353145765273,0.4670833333333333,0.47,0.518,86.12152948402948,3,1159,469,20251104_colab_rhee_POU2F1_17,WASHC5___SAMM50_unrelaxed_rank_002_alphafold2_multimer_v3_model_4_seed_000.pdb,20251104_colab_rhee_POU2F1_17/WASHC5___SAMM50_unrelaxed_rank_002_alphafold2_multimer_v3_model_4_seed_000.pdb,20251104_colab_rhee_POU2F1_17/WASHC5___SAMM50_pae.png
POU2F1,DLAT___KPNA4,DLAT,KPNA4,DLAT,KPNA4,DLAT,KPNA4,3,0.2507824740856306,0.2067137866928983,0.3042460317460319,0.51,0.502,70.65146404109589,5,647,521,20251104_colab_rhee_POU2F1_6,DLAT___KPNA4_unrelaxed_rank_003_alphafold2_multimer_v3_model_2_seed_000.pdb,20251104_colab_rhee_POU2F1_6/DLAT___KPNA4_unrelaxed_rank_003_alphafold2_multimer_v3_model_2_seed_000.pdb,20251104_colab_rhee_POU2F1_6/DLAT___KPNA4_pae.png
POU2F1,NCKAP1___FUS,NCKAP1,FUS,NCKAP1,FUS,NCKAP1,FUS,1,0.2492147168831067,0.1610474996664261,0.3856500426257459,0.56,0.5840000000000001,70.99932889963725,4,1128,526,20251104_colab_rhee_POU2F1_12,NCKAP1___FUS_unrelaxed_rank_001_alphafold2_multimer_v3_model_5_seed_000.pdb,20251104_colab_rhee_POU2F1_12/NCKAP1___FUS_unrelaxed_rank_001_alphafold2_multimer_v3_model_5_seed_000.pdb,20251104_colab_rhee_POU2F1_12/NCKAP1___FUS_pae.png
POU2F1,SAMM50___POU2F1,SAMM50,POU2F1,SAMM50,POU2F1,SAMM50,POU2F1,1,0.24851568143081,0.201712432234334,0.3061786684782609,0.46,0.454,47.55994224422442,3,469,743,20251104_colab_rhee_POU2F1_19,SAMM50___POU2F1_unrelaxed_rank_001_alphafold2_multimer_v3_model_3_seed_000.pdb,20251104_colab_rhee_POU2F1_19/SAMM50___POU2F1_unrelaxed_rank_001_alphafold2_multimer_v3_model_3_seed_000.pdb,20251104_colab_rhee_POU2F1_19/SAMM50___POU2F1_pae.png
POU2F1,ACTN4___NCKAP1,ACTN4,NCKAP1,ACTN4,NCKAP1,ACTN4,NCKAP1,1,0.2478683889503611,0.1953901749204486,0.3144412878787879,0.6,0.596,78.9379401667484,5,911,1128,20251104_colab_rhee_POU2F1_11,ACTN4___NCKAP1_unrelaxed_rank_001_alphafold2_multimer_v3_model_5_seed_000.pdb,20251104_colab_rhee_POU2F1_11/ACTN4___NCKAP1_unrelaxed_rank_001_alphafold2_multimer_v3_model_5_seed_000.pdb,20251104_colab_rhee_POU2F1_11/ACTN4___NCKAP1_pae.png
POU2F1,NBN___CDC37,NBN,CDC37,NBN,CDC37,NBN,CDC37,3,0.2463863082726059,0.1917578973001073,0.3165773809523809,0.36,0.36,54.2964664310954,3,754,378,20251104_colab_rhee_POU2F1_1,NBN___CDC37_unrelaxed_rank_003_alphafold2_multimer_v3_model_1_seed_000.pdb,20251104_colab_rhee_POU2F1_1/NBN___CDC37_unrelaxed_rank_003_alphafold2_multimer_v3_model_1_seed_000.pdb,20251104_colab_rhee_POU2F1_1/NBN___CDC37_pae.png
POU2F1,OLA1___NBN,OLA1,NBN,OLA1,NBN,OLA1,NBN,3,0.2437302442794363,0.1947908050692924,0.3049652777777777,0.62,0.578,59.53006086956522,5,396,754,20251104_colab_rhee_POU2F1_14,OLA1___NBN_unrelaxed_rank_003_alphafold2_multimer_v3_model_5_seed_000.pdb,20251104_colab_rhee_POU2F1_14/OLA1___NBN_unrelaxed_rank_003_alphafold2_multimer_v3_model_5_seed_000.pdb,20251104_colab_rhee_POU2F1_14/OLA1___NBN_pae.png
POU2F1,EPB41___STIP1,EPB41,STIP1,EPB41,STIP1,EPB41,STIP1,1,0.2434467301131293,0.195797808720489,0.3026913875598086,0.33,0.332,59.94562189054727,3,864,543,20251104_colab_rhee_POU2F1_8,EPB41___STIP1_unrelaxed_rank_001_alphafold2_multimer_v3_model_2_seed_000.pdb,20251104_colab_rhee_POU2F1_8/EPB41___STIP1_unrelaxed_rank_001_alphafold2_multimer_v3_model_2_seed_000.pdb,20251104_colab_rhee_POU2F1_8/EPB41___STIP1_pae.png
POU2F1,CDK12___POU2F1,CDK12,POU2F1,CDK12,POU2F1,CDK12,POU2F1,3,0.2398031432250362,0.199713503260037,0.2879402071563089,0.3,0.306,31.67008956560681,2,1490,743,20251104_colab_rhee_POU2F1_14,CDK12___POU2F1_unrelaxed_rank_003_alphafold2_multimer_v3_model_5_seed_000.pdb,20251104_colab_rhee_POU2F1_14/CDK12___POU2F1_unrelaxed_rank_003_alphafold2_multimer_v3_model_5_seed_000.pdb,20251104_colab_rhee_POU2F1_14/CDK12___POU2F1_pae.png
POU2F1,KPNA4___CDK12,KPNA4,CDK12,KPNA4,CDK12,KPNA4,CDK12,3,0.2394887953593275,0.1934035024068778,0.2965555555555555,0.61,0.5619999999999999,44.69051715564396,4,521,1490,20251104_colab_rhee_POU2F1_3,KPNA4___CDK12_unrelaxed_rank_003_alphafold2_multimer_v3_model_1_seed_000.pdb,20251104_colab_rhee_POU2F1_3/KPNA4___CDK12_unrelaxed_rank_003_alphafold2_multimer_v3_model_1_seed_000.pdb,20251104_colab_rhee_POU2F1_3/KPNA4___CDK12_pae.png
POU2F1,CDK12___PRPF19,CDK12,PRPF19,CDK12,PRPF19,CDK12,PRPF19,1,0.2394608638157415,0.1770477596842394,0.3238759157509157,0.51,0.478,45.03019057171515,4,1490,504,20251104_colab_rhee_POU2F1_19,CDK12___PRPF19_unrelaxed_rank_001_alphafold2_multimer_v3_model_3_seed_000.pdb,20251104_colab_rhee_POU2F1_19/CDK12___PRPF19_unrelaxed_rank_001_alphafold2_multimer_v3_model_3_seed_000.pdb,20251104_colab_rhee_POU2F1_19/CDK12___PRPF19_pae.png
POU2F1,EPB41___BOP1,EPB41,BOP1,EPB41,BOP1,EPB41,BOP1,2,0.2392757104494641,0.1935256509973074,0.2958412247474747,0.32,0.324,54.38955900621118,2,864,746,20251104_colab_rhee_POU2F1_10,EPB41___BOP1_unrelaxed_rank_002_alphafold2_multimer_v3_model_2_seed_000.pdb,20251104_colab_rhee_POU2F1_10/EPB41___BOP1_unrelaxed_rank_002_alphafold2_multimer_v3_model_2_seed_000.pdb,20251104_colab_rhee_POU2F1_10/EPB41___BOP1_pae.png
POU2F1,WASHC5___SEC31A,WASHC5,SEC31A,WASHC5,SEC31A,WASHC5,SEC31A,1,0.2383842388024499,0.173826770845336,0.3269176838128452,0.54,0.54,71.65053383774695,5,1159,1220,20251104_colab_rhee_POU2F1_5,WASHC5___SEC31A_unrelaxed_rank_001_alphafold2_multimer_v3_model_4_seed_000.pdb,20251104_colab_rhee_POU2F1_5/WASHC5___SEC31A_unrelaxed_rank_001_alphafold2_multimer_v3_model_4_seed_000.pdb,20251104_colab_rhee_POU2F1_5/WASHC5___SEC31A_pae.png
POU2F1,RAD50___NOP2,RAD50,NOP2,RAD50,NOP2,RAD50,NOP2,2,0.2383471558436033,0.1492399854896259,0.3806578144078144,0.42,0.414,67.90089453860641,2,1312,812,20251104_colab_rhee_POU2F1_11,RAD50___NOP2_unrelaxed_rank_002_alphafold2_multimer_v3_model_5_seed_000.pdb,20251104_colab_rhee_POU2F1_11/RAD50___NOP2_unrelaxed_rank_002_alphafold2_multimer_v3_model_5_seed_000.pdb,20251104_colab_rhee_POU2F1_11/RAD50___NOP2_pae.png
POU2F1,PSPC1___NCKAP1,PSPC1,NCKAP1,PSPC1,NCKAP1,PSPC1,NCKAP1,1,0.2374976195949746,0.1754197653990112,0.3215436936936937,0.5,0.534,77.20168988491824,5,523,1128,20251104_colab_rhee_POU2F1_8,PSPC1___NCKAP1_unrelaxed_rank_001_alphafold2_multimer_v3_model_5_seed_000.pdb,20251104_colab_rhee_POU2F1_8/PSPC1___NCKAP1_unrelaxed_rank_001_alphafold2_multimer_v3_model_5_seed_000.pdb,20251104_colab_rhee_POU2F1_8/PSPC1___NCKAP1_pae.png
POU2F1,OLA1___NBN,OLA1,NBN,OLA1,NBN,OLA1,NBN,4,0.2368651747415067,0.1816025891199139,0.3089444444444444,0.61,0.57,58.78963478260869,5,396,754,20251104_colab_rhee_POU2F1_14,OLA1___NBN_unrelaxed_rank_004_alphafold2_multimer_v3_model_1_seed_000.pdb,20251104_colab_rhee_POU2F1_14/OLA1___NBN_unrelaxed_rank_004_alphafold2_multimer_v3_model_1_seed_000.pdb,20251104_colab_rhee_POU2F1_14/OLA1___NBN_pae.png
POU2F1,KPNA4___MYH9,KPNA4,MYH9,KPNA4,MYH9,KPNA4,MYH9,1,0.2364540522978607,0.1697974252177205,0.3292777777777778,0.55,0.524,60.9196533655784,5,521,1960,20251104_colab_rhee_POU2F1_5,KPNA4___MYH9_unrelaxed_rank_001_alphafold2_multimer_v3_model_2_seed_000.pdb,20251104_colab_rhee_POU2F1_5/KPNA4___MYH9_unrelaxed_rank_001_alphafold2_multimer_v3_model_2_seed_000.pdb,20251104_colab_rhee_POU2F1_5/KPNA4___MYH9_pae.png
POU2F1,NBN___CDC37,NBN,CDC37,NBN,CDC37,NBN,CDC37,2,0.2360757038409837,0.1882383560395817,0.2960700418160096,0.37,0.368,53.51658127208481,2,754,378,20251104_colab_rhee_POU2F1_1,NBN___CDC37_unrelaxed_rank_002_alphafold2_multimer_v3_model_4_seed_000.pdb,20251104_colab_rhee_POU2F1_1/NBN___CDC37_unrelaxed_rank_002_alphafold2_multimer_v3_model_4_seed_000.pdb,20251104_colab_rhee_POU2F1_1/NBN___CDC37_pae.png
POU2F1,DLAT___KPNA4,DLAT,KPNA4,DLAT,KPNA4,DLAT,KPNA4,2,0.2359398523280052,0.2046329718775101,0.2720363849765258,0.51,0.502,69.86463184931507,4,647,521,20251104_colab_rhee_POU2F1_6,DLAT___KPNA4_unrelaxed_rank_002_alphafold2_multimer_v3_model_5_seed_000.pdb,20251104_colab_rhee_POU2F1_6/DLAT___KPNA4_unrelaxed_rank_002_alphafold2_multimer_v3_model_5_seed_000.pdb,20251104_colab_rhee_POU2F1_6/DLAT___KPNA4_pae.png
POU2F1,SAMM50___FUS,SAMM50,FUS,SAMM50,FUS,SAMM50,FUS,2,0.2329884825696199,0.1837822335246044,0.2953693181818181,0.37,0.388,54.04189949748744,2,469,526,20251104_colab_rhee_POU2F1_12,SAMM50___FUS_unrelaxed_rank_002_alphafold2_multimer_v3_model_5_seed_000.pdb,20251104_colab_rhee_POU2F1_12/SAMM50___FUS_unrelaxed_rank_002_alphafold2_multimer_v3_model_5_seed_000.pdb,20251104_colab_rhee_POU2F1_12/SAMM50___FUS_pae.png
POU2F1,BUB3___PRPF19,BUB3,PRPF19,BUB3,PRPF19,BUB3,PRPF19,2,0.232832680380976,0.2020363721635757,0.268323255228017,0.7,0.6679999999999999,86.46366586538461,4,328,504,20251104_colab_rhee_POU2F1_12,BUB3___PRPF19_unrelaxed_rank_002_alphafold2_multimer_v3_model_2_seed_000.pdb,20251104_colab_rhee_POU2F1_12/BUB3___PRPF19_unrelaxed_rank_002_alphafold2_multimer_v3_model_2_seed_000.pdb,20251104_colab_rhee_POU2F1_12/BUB3___PRPF19_pae.png
POU2F1,IBA57___POU2F1,IBA57,POU2F1,IBA57,POU2F1,IBA57,POU2F1,1,0.232323756608835,0.1447827362337715,0.3727953296703296,0.54,0.518,46.49812556869882,4,356,743,20251104_colab_rhee_POU2F1_17,IBA57___POU2F1_unrelaxed_rank_001_alphafold2_multimer_v3_model_2_seed_000.pdb,20251104_colab_rhee_POU2F1_17/IBA57___POU2F1_unrelaxed_rank_001_alphafold2_multimer_v3_model_2_seed_000.pdb,20251104_colab_rhee_POU2F1_17/IBA57___POU2F1_pae.png
POU2F1,CDC37___BUB3,CDC37,BUB3,CDC37,BUB3,CDC37,BUB3,1,0.2312048027041156,0.1903125187198769,0.2808835758835759,0.5,0.51,80.42712464589235,4,378,328,20251104_colab_rhee_POU2F1_11,CDC37___BUB3_unrelaxed_rank_001_alphafold2_multimer_v3_model_2_seed_000.pdb,20251104_colab_rhee_POU2F1_11/CDC37___BUB3_unrelaxed_rank_001_alphafold2_multimer_v3_model_2_seed_000.pdb,20251104_colab_rhee_POU2F1_11/CDC37___BUB3_pae.png
POU2F1,NBN___SEC31A,NBN,SEC31A,NBN,SEC31A,NBN,SEC31A,1,0.2274405287632547,0.188724016233878,0.2740996888281723,0.4,0.4000000000000001,56.45592705167173,2,754,1220,20251104_colab_rhee_POU2F1_17,NBN___SEC31A_unrelaxed_rank_001_alphafold2_multimer_v3_model_3_seed_000.pdb,20251104_colab_rhee_POU2F1_17/NBN___SEC31A_unrelaxed_rank_001_alphafold2_multimer_v3_model_3_seed_000.pdb,20251104_colab_rhee_POU2F1_17/NBN___SEC31A_pae.png
POU2F1,WASHC5___SAMM50,WASHC5,SAMM50,WASHC5,SAMM50,WASHC5,SAMM50,3,0.2273219855012764,0.1361866957042995,0.3794444444444444,0.47,0.514,86.12719901719902,3,1159,469,20251104_colab_rhee_POU2F1_17,WASHC5___SAMM50_unrelaxed_rank_003_alphafold2_multimer_v3_model_2_seed_000.pdb,20251104_colab_rhee_POU2F1_17/WASHC5___SAMM50_unrelaxed_rank_003_alphafold2_multimer_v3_model_2_seed_000.pdb,20251104_colab_rhee_POU2F1_17/WASHC5___SAMM50_pae.png
POU2F1,NOP2___SEC31A,NOP2,SEC31A,NOP2,SEC31A,NOP2,SEC31A,1,0.2259401336691692,0.1428537456172208,0.3573511060692003,0.44,0.446,58.76331200787401,2,812,1220,20251104_colab_rhee_POU2F1_8,NOP2___SEC31A_unrelaxed_rank_001_alphafold2_multimer_v3_model_2_seed_000.pdb,20251104_colab_rhee_POU2F1_8/NOP2___SEC31A_unrelaxed_rank_001_alphafold2_multimer_v3_model_2_seed_000.pdb,20251104_colab_rhee_POU2F1_8/NOP2___SEC31A_pae.png
POU2F1,NBN___CDK12,NBN,CDK12,NBN,CDK12,NBN,CDK12,3,0.225599133302357,0.1869949676316593,0.2721729338033686,0.34,0.342,39.45790106951872,2,754,1490,20251104_colab_rhee_POU2F1_16,NBN___CDK12_unrelaxed_rank_003_alphafold2_multimer_v3_model_2_seed_000.pdb,20251104_colab_rhee_POU2F1_16/NBN___CDK12_unrelaxed_rank_003_alphafold2_multimer_v3_model_2_seed_000.pdb,20251104_colab_rhee_POU2F1_16/NBN___CDK12_pae.png
POU2F1,EPB41___NBN,EPB41,NBN,EPB41,NBN,EPB41,NBN,3,0.225334581793942,0.1775737308622078,0.2859413580246913,0.23,0.25,46.16537700865265,2,864,754,20251104_colab_rhee_POU2F1_14,EPB41___NBN_unrelaxed_rank_003_alphafold2_multimer_v3_model_3_seed_000.pdb,20251104_colab_rhee_POU2F1_14/EPB41___NBN_unrelaxed_rank_003_alphafold2_multimer_v3_model_3_seed_000.pdb,20251104_colab_rhee_POU2F1_14/EPB41___NBN_pae.png
POU2F1,SUPV3L1___KPNA4,SUPV3L1,KPNA4,SUPV3L1,KPNA4,SUPV3L1,KPNA4,1,0.2253203277008957,0.1777407190931825,0.2856365740740741,0.55,0.542,76.20630451415455,4,786,521,20251104_colab_rhee_POU2F1_8,SUPV3L1___KPNA4_unrelaxed_rank_001_alphafold2_multimer_v3_model_5_seed_000.pdb,20251104_colab_rhee_POU2F1_8/SUPV3L1___KPNA4_unrelaxed_rank_001_alphafold2_multimer_v3_model_5_seed_000.pdb,20251104_colab_rhee_POU2F1_8/SUPV3L1___KPNA4_pae.png
POU2F1,NBN___SETD1A,NBN,SETD1A,NBN,SETD1A,NBN,SETD1A,4,0.2238929445224968,0.1541892359732917,0.325107328605201,0.28,0.284,33.30031694433157,2,754,1707,20251104_colab_rhee_POU2F1_20,NBN___SETD1A_unrelaxed_rank_004_alphafold2_multimer_v3_model_4_seed_000.pdb,20251104_colab_rhee_POU2F1_20/NBN___SETD1A_unrelaxed_rank_004_alphafold2_multimer_v3_model_4_seed_000.pdb,20251104_colab_rhee_POU2F1_20/NBN___SETD1A_pae.png
POU2F1,NBN___GFP,NBN,GFP,NBN,GFP,NBN,GFP,3,0.223118408449317,0.1823881203747634,0.2729444444444444,0.3,0.322,57.60782258064516,2,754,238,20251104_colab_rhee_POU2F1_9,NBN___GFP_unrelaxed_rank_003_alphafold2_multimer_v3_model_5_seed_000.pdb,20251104_colab_rhee_POU2F1_9/NBN___GFP_unrelaxed_rank_003_alphafold2_multimer_v3_model_5_seed_000.pdb,20251104_colab_rhee_POU2F1_9/NBN___GFP_pae.png
POU2F1,WASHC5___SAMM50,WASHC5,SAMM50,WASHC5,SAMM50,WASHC5,SAMM50,1,0.223074105022637,0.1354069560044911,0.3675,0.49,0.532,85.69907862407862,4,1159,469,20251104_colab_rhee_POU2F1_17,WASHC5___SAMM50_unrelaxed_rank_001_alphafold2_multimer_v3_model_5_seed_000.pdb,20251104_colab_rhee_POU2F1_17/WASHC5___SAMM50_unrelaxed_rank_001_alphafold2_multimer_v3_model_5_seed_000.pdb,20251104_colab_rhee_POU2F1_17/WASHC5___SAMM50_pae.png
POU2F1,CDK12___POU2F1,CDK12,POU2F1,CDK12,POU2F1,CDK12,POU2F1,1,0.2228873261336632,0.147455312533197,0.336907224958949,0.32,0.328,33.28531124048365,2,1490,743,20251104_colab_rhee_POU2F1_14,CDK12___POU2F1_unrelaxed_rank_001_alphafold2_multimer_v3_model_2_seed_000.pdb,20251104_colab_rhee_POU2F1_14/CDK12___POU2F1_unrelaxed_rank_001_alphafold2_multimer_v3_model_2_seed_000.pdb,20251104_colab_rhee_POU2F1_14/CDK12___POU2F1_pae.png
POU2F1,SAMM50___FUS,SAMM50,FUS,SAMM50,FUS,SAMM50,FUS,3,0.222713568703865,0.168754333020676,0.293926282051282,0.36,0.38,52.36766834170854,2,469,526,20251104_colab_rhee_POU2F1_12,SAMM50___FUS_unrelaxed_rank_003_alphafold2_multimer_v3_model_4_seed_000.pdb,20251104_colab_rhee_POU2F1_12/SAMM50___FUS_unrelaxed_rank_003_alphafold2_multimer_v3_model_4_seed_000.pdb,20251104_colab_rhee_POU2F1_12/SAMM50___FUS_pae.png
PSMA2,SNRPC___TXN,SNRPC,TXN,SNRPC,TXN,SNRPC,TXN,1,0.6720459637639197,0.5465414303710934,0.8263706140350877,0.86,0.802,68.82606060606061,5,159,105,20251104_colab_rhee_PSMA2_1,SNRPC___TXN_unrelaxed_rank_001_alphafold2_multimer_v3_model_5_seed_000.pdb,20251104_colab_rhee_PSMA2_1/SNRPC___TXN_unrelaxed_rank_001_alphafold2_multimer_v3_model_5_seed_000.pdb,20251104_colab_rhee_PSMA2_1/SNRPC___TXN_pae.png
PSMA2,SNRPC___TXN,SNRPC,TXN,SNRPC,TXN,SNRPC,TXN,2,0.6011583375173237,0.4747024311436447,0.76130081300813,0.81,0.7600000000000001,69.2891287878788,5,159,105,20251104_colab_rhee_PSMA2_1,SNRPC___TXN_unrelaxed_rank_002_alphafold2_multimer_v3_model_2_seed_000.pdb,20251104_colab_rhee_PSMA2_1/SNRPC___TXN_unrelaxed_rank_002_alphafold2_multimer_v3_model_2_seed_000.pdb,20251104_colab_rhee_PSMA2_1/SNRPC___TXN_pae.png
PSMA2,PPIB___PPP1R10,PPIB,PPP1R10,PPIB,PPP1R10,PPIB,PPP1R10,1,0.5371076857441647,0.4515377776032945,0.6388937546193644,0.77,0.6740000000000002,42.99044117647059,5,216,940,20251104_colab_rhee_PSMA2_18,PPIB___PPP1R10_unrelaxed_rank_001_alphafold2_multimer_v3_model_4_seed_000.pdb,20251104_colab_rhee_PSMA2_18/PPIB___PPP1R10_unrelaxed_rank_001_alphafold2_multimer_v3_model_4_seed_000.pdb,20251104_colab_rhee_PSMA2_18/PPIB___PPP1R10_pae.png
PSMA2,TXN___NBN,TXN,NBN,TXN,NBN,TXN,NBN,1,0.5330014653640555,0.3936020572555058,0.7217710295040803,0.84,0.772,54.85669383003492,5,105,754,20251104_colab_rhee_PSMA2_19,TXN___NBN_unrelaxed_rank_001_alphafold2_multimer_v3_model_4_seed_000.pdb,20251104_colab_rhee_PSMA2_19/TXN___NBN_unrelaxed_rank_001_alphafold2_multimer_v3_model_4_seed_000.pdb,20251104_colab_rhee_PSMA2_19/TXN___NBN_pae.png
PSMA2,PPIB___STIP1,PPIB,STIP1,PPIB,STIP1,PPIB,STIP1,1,0.5187366801824455,0.4032116029636367,0.6673611111111111,0.73,0.694,84.10782608695652,5,216,543,20251104_colab_rhee_PSMA2_13,PPIB___STIP1_unrelaxed_rank_001_alphafold2_multimer_v3_model_3_seed_000.pdb,20251104_colab_rhee_PSMA2_13/PPIB___STIP1_unrelaxed_rank_001_alphafold2_multimer_v3_model_3_seed_000.pdb,20251104_colab_rhee_PSMA2_13/PPIB___STIP1_pae.png
PSMA2,SNRPC___PPIB,SNRPC,PPIB,SNRPC,PPIB,SNRPC,PPIB,1,0.5066312300835497,0.4159222932856922,0.6171229757085019,0.56,0.56,67.8524,5,159,216,20251104_colab_rhee_PSMA2_8,SNRPC___PPIB_unrelaxed_rank_001_alphafold2_multimer_v3_model_1_seed_000.pdb,20251104_colab_rhee_PSMA2_8/SNRPC___PPIB_unrelaxed_rank_001_alphafold2_multimer_v3_model_1_seed_000.pdb,20251104_colab_rhee_PSMA2_8/SNRPC___PPIB_pae.png
PSMA2,TXN___MRPL15,TXN,MRPL15,TXN,MRPL15,TXN,MRPL15,1,0.4537125794402036,0.277113986735371,0.7428535353535353,0.79,0.7620000000000001,78.06216957605984,5,105,296,20251104_colab_rhee_PSMA2_11,TXN___MRPL15_unrelaxed_rank_001_alphafold2_multimer_v3_model_3_seed_000.pdb,20251104_colab_rhee_PSMA2_11/TXN___MRPL15_unrelaxed_rank_001_alphafold2_multimer_v3_model_3_seed_000.pdb,20251104_colab_rhee_PSMA2_11/TXN___MRPL15_pae.png
PSMA2,EPB41___ACTR2,EPB41,ACTR2,EPB41,ACTR2,EPB41,ACTR2,1,0.4507707962464628,0.3770337340825733,0.5389287280701756,0.83,0.784,62.05617647058824,5,864,394,20251104_colab_rhee_PSMA2_14,EPB41___ACTR2_unrelaxed_rank_001_alphafold2_multimer_v3_model_5_seed_000.pdb,20251104_colab_rhee_PSMA2_14/EPB41___ACTR2_unrelaxed_rank_001_alphafold2_multimer_v3_model_5_seed_000.pdb,20251104_colab_rhee_PSMA2_14/EPB41___ACTR2_pae.png
PSMA2,CIP2A___TXLNA,CIP2A,TXLNA,CIP2A,TXLNA,CIP2A,TXLNA,2,0.4396199267642062,0.3249215155098369,0.5948072712418301,0.28,0.314,61.35834596829773,3,905,546,20251104_colab_rhee_PSMA2_16,CIP2A___TXLNA_unrelaxed_rank_002_alphafold2_multimer_v3_model_3_seed_000.pdb,20251104_colab_rhee_PSMA2_16/CIP2A___TXLNA_unrelaxed_rank_002_alphafold2_multimer_v3_model_3_seed_000.pdb,20251104_colab_rhee_PSMA2_16/CIP2A___TXLNA_pae.png
PSMA2,TXN___MRPL15,TXN,MRPL15,TXN,MRPL15,TXN,MRPL15,3,0.4275395710302657,0.2596207940156755,0.7040656565656566,0.76,0.7340000000000001,77.52037406483791,5,105,296,20251104_colab_rhee_PSMA2_11,TXN___MRPL15_unrelaxed_rank_003_alphafold2_multimer_v3_model_4_seed_000.pdb,20251104_colab_rhee_PSMA2_11/TXN___MRPL15_unrelaxed_rank_003_alphafold2_multimer_v3_model_4_seed_000.pdb,20251104_colab_rhee_PSMA2_11/TXN___MRPL15_pae.png
PSMA2,TXN___MRPL15,TXN,MRPL15,TXN,MRPL15,TXN,MRPL15,2,0.4145465512258746,0.2458733774103894,0.6989322916666667,0.77,0.7440000000000001,76.59386533665835,5,105,296,20251104_colab_rhee_PSMA2_11,TXN___MRPL15_unrelaxed_rank_002_alphafold2_multimer_v3_model_5_seed_000.pdb,20251104_colab_rhee_PSMA2_11/TXN___MRPL15_unrelaxed_rank_002_alphafold2_multimer_v3_model_5_seed_000.pdb,20251104_colab_rhee_PSMA2_11/TXN___MRPL15_pae.png
PSMA2,CIP2A___SAFB,CIP2A,SAFB,CIP2A,SAFB,CIP2A,SAFB,1,0.3891443003870907,0.3011407372434315,0.5028654970760233,0.24,0.274,51.17145604395604,3,905,915,20251104_colab_rhee_PSMA2_13,CIP2A___SAFB_unrelaxed_rank_001_alphafold2_multimer_v3_model_3_seed_000.pdb,20251104_colab_rhee_PSMA2_13/CIP2A___SAFB_unrelaxed_rank_001_alphafold2_multimer_v3_model_3_seed_000.pdb,20251104_colab_rhee_PSMA2_13/CIP2A___SAFB_pae.png
PSMA2,MARS2___STIP1,MARS2,STIP1,MARS2,STIP1,MARS2,STIP1,1,0.3705967518966732,0.2577309367488072,0.532888888888889,0.69,0.6859999999999999,84.05805457746479,5,593,543,20251104_colab_rhee_PSMA2_3,MARS2___STIP1_unrelaxed_rank_001_alphafold2_multimer_v3_model_1_seed_000.pdb,20251104_colab_rhee_PSMA2_3/MARS2___STIP1_unrelaxed_rank_001_alphafold2_multimer_v3_model_1_seed_000.pdb,20251104_colab_rhee_PSMA2_3/MARS2___STIP1_pae.png
PSMA2,EDC3___PPIB,EDC3,PPIB,EDC3,PPIB,EDC3,PPIB,1,0.3608755834212403,0.242766009073612,0.5364473684210527,0.59,0.58,69.22559392265194,5,508,216,20251104_colab_rhee_PSMA2_3,EDC3___PPIB_unrelaxed_rank_001_alphafold2_multimer_v3_model_3_seed_000.pdb,20251104_colab_rhee_PSMA2_3/EDC3___PPIB_unrelaxed_rank_001_alphafold2_multimer_v3_model_3_seed_000.pdb,20251104_colab_rhee_PSMA2_3/EDC3___PPIB_pae.png
PSMA2,NBN___PPP1R10,NBN,PPP1R10,NBN,PPP1R10,NBN,PPP1R10,2,0.3507844626339792,0.2573602060260399,0.4781226325757576,0.26,0.272,38.641546635183,3,754,940,20251104_colab_rhee_PSMA2_15,NBN___PPP1R10_unrelaxed_rank_002_alphafold2_multimer_v3_model_5_seed_000.pdb,20251104_colab_rhee_PSMA2_15/NBN___PPP1R10_unrelaxed_rank_002_alphafold2_multimer_v3_model_5_seed_000.pdb,20251104_colab_rhee_PSMA2_15/NBN___PPP1R10_pae.png
PSMA2,EDC3___PPIB,EDC3,PPIB,EDC3,PPIB,EDC3,PPIB,2,0.3428471039648376,0.2298267308748191,0.5114467592592593,0.59,0.58,68.6085635359116,5,508,216,20251104_colab_rhee_PSMA2_3,EDC3___PPIB_unrelaxed_rank_002_alphafold2_multimer_v3_model_5_seed_000.pdb,20251104_colab_rhee_PSMA2_3/EDC3___PPIB_unrelaxed_rank_002_alphafold2_multimer_v3_model_5_seed_000.pdb,20251104_colab_rhee_PSMA2_3/EDC3___PPIB_pae.png
PSMA2,GNAI3___PPIB,GNAI3,PPIB,GNAI3,PPIB,GNAI3,PPIB,1,0.3370814771743005,0.2130856589283398,0.5332312030075188,0.67,0.678,85.86973684210527,5,354,216,20251104_colab_rhee_PSMA2_17,GNAI3___PPIB_unrelaxed_rank_001_alphafold2_multimer_v3_model_3_seed_000.pdb,20251104_colab_rhee_PSMA2_17/GNAI3___PPIB_unrelaxed_rank_001_alphafold2_multimer_v3_model_3_seed_000.pdb,20251104_colab_rhee_PSMA2_17/GNAI3___PPIB_pae.png
PSMA2,CIP2A___SAFB,CIP2A,SAFB,CIP2A,SAFB,CIP2A,SAFB,2,0.3361532131600541,0.2587297152627681,0.4367452830188679,0.22,0.258,52.33902747252747,3,905,915,20251104_colab_rhee_PSMA2_13,CIP2A___SAFB_unrelaxed_rank_002_alphafold2_multimer_v3_model_5_seed_000.pdb,20251104_colab_rhee_PSMA2_13/CIP2A___SAFB_unrelaxed_rank_002_alphafold2_multimer_v3_model_5_seed_000.pdb,20251104_colab_rhee_PSMA2_13/CIP2A___SAFB_pae.png
PSMA2,NBN___SAFB,NBN,SAFB,NBN,SAFB,NBN,SAFB,3,0.3329949329454404,0.2559128388530414,0.4332944992690059,0.36,0.354,39.07708208508089,3,754,915,20251104_colab_rhee_PSMA2_8,NBN___SAFB_unrelaxed_rank_003_alphafold2_multimer_v3_model_1_seed_000.pdb,20251104_colab_rhee_PSMA2_8/NBN___SAFB_unrelaxed_rank_003_alphafold2_multimer_v3_model_1_seed_000.pdb,20251104_colab_rhee_PSMA2_8/NBN___SAFB_pae.png
PSMA2,NBN___SAFB,NBN,SAFB,NBN,SAFB,NBN,SAFB,2,0.331645482899194,0.2635896777348957,0.4172725095785441,0.38,0.37,39.21747753145596,3,754,915,20251104_colab_rhee_PSMA2_8,NBN___SAFB_unrelaxed_rank_002_alphafold2_multimer_v3_model_5_seed_000.pdb,20251104_colab_rhee_PSMA2_8/NBN___SAFB_unrelaxed_rank_002_alphafold2_multimer_v3_model_5_seed_000.pdb,20251104_colab_rhee_PSMA2_8/NBN___SAFB_pae.png
PSMA2,SGPL1___ASPH,SGPL1,ASPH,SGPL1,ASPH,SGPL1,ASPH,1,0.3294913595340928,0.2546959261655626,0.4262516391292945,0.41,0.424,68.94624434389141,3,568,758,20251104_colab_rhee_PSMA2_6,SGPL1___ASPH_unrelaxed_rank_001_alphafold2_multimer_v3_model_4_seed_000.pdb,20251104_colab_rhee_PSMA2_6/SGPL1___ASPH_unrelaxed_rank_001_alphafold2_multimer_v3_model_4_seed_000.pdb,20251104_colab_rhee_PSMA2_6/SGPL1___ASPH_pae.png
PSMA2,SNRPC___PPIB,SNRPC,PPIB,SNRPC,PPIB,SNRPC,PPIB,2,0.3289450844851643,0.2747139409488512,0.393881971308833,0.38,0.412,66.57213333333334,3,159,216,20251104_colab_rhee_PSMA2_8,SNRPC___PPIB_unrelaxed_rank_002_alphafold2_multimer_v3_model_2_seed_000.pdb,20251104_colab_rhee_PSMA2_8/SNRPC___PPIB_unrelaxed_rank_002_alphafold2_multimer_v3_model_2_seed_000.pdb,20251104_colab_rhee_PSMA2_8/SNRPC___PPIB_pae.png
PSMA2,NBN___SAFB,NBN,SAFB,NBN,SAFB,NBN,SAFB,1,0.3256317130486853,0.260187338764073,0.4075371732026144,0.38,0.37,38.63055721989216,3,754,915,20251104_colab_rhee_PSMA2_8,NBN___SAFB_unrelaxed_rank_001_alphafold2_multimer_v3_model_3_seed_000.pdb,20251104_colab_rhee_PSMA2_8/NBN___SAFB_unrelaxed_rank_001_alphafold2_multimer_v3_model_3_seed_000.pdb,20251104_colab_rhee_PSMA2_8/NBN___SAFB_pae.png
PSMA2,GNAI3___PPP1R10,GNAI3,PPP1R10,GNAI3,PPP1R10,GNAI3,PPP1R10,1,0.3238500386125209,0.262125663271695,0.4001090400699287,0.72,0.6679999999999999,47.72952086553323,5,354,940,20251104_colab_rhee_PSMA2_9,GNAI3___PPP1R10_unrelaxed_rank_001_alphafold2_multimer_v3_model_2_seed_000.pdb,20251104_colab_rhee_PSMA2_9/GNAI3___PPP1R10_unrelaxed_rank_001_alphafold2_multimer_v3_model_2_seed_000.pdb,20251104_colab_rhee_PSMA2_9/GNAI3___PPP1R10_pae.png
PSMA2,GNAI3___PPP1R10,GNAI3,PPP1R10,GNAI3,PPP1R10,GNAI3,PPP1R10,3,0.3225702211689861,0.2050779245163059,0.5073756613756613,0.65,0.608,46.46190880989181,5,354,940,20251104_colab_rhee_PSMA2_9,GNAI3___PPP1R10_unrelaxed_rank_003_alphafold2_multimer_v3_model_1_seed_000.pdb,20251104_colab_rhee_PSMA2_9/GNAI3___PPP1R10_unrelaxed_rank_003_alphafold2_multimer_v3_model_1_seed_000.pdb,20251104_colab_rhee_PSMA2_9/GNAI3___PPP1R10_pae.png
PSMA2,SAFB___NUP107,SAFB,NUP107,SAFB,NUP107,SAFB,NUP107,1,0.3143201617160944,0.2338221470275435,0.42253125,0.45,0.456,51.92879891304348,3,915,925,20251104_colab_rhee_PSMA2_20,SAFB___NUP107_unrelaxed_rank_001_alphafold2_multimer_v3_model_1_seed_000.pdb,20251104_colab_rhee_PSMA2_20/SAFB___NUP107_unrelaxed_rank_001_alphafold2_multimer_v3_model_1_seed_000.pdb,20251104_colab_rhee_PSMA2_20/SAFB___NUP107_pae.png
PSMA2,MRPL12___PPIB,MRPL12,PPIB,MRPL12,PPIB,MRPL12,PPIB,1,0.3129146450203968,0.2599579765329916,0.3766592445983835,0.46,0.4720000000000001,70.07524154589372,3,198,216,20251104_colab_rhee_PSMA2_12,MRPL12___PPIB_unrelaxed_rank_001_alphafold2_multimer_v3_model_1_seed_000.pdb,20251104_colab_rhee_PSMA2_12/MRPL12___PPIB_unrelaxed_rank_001_alphafold2_multimer_v3_model_1_seed_000.pdb,20251104_colab_rhee_PSMA2_12/MRPL12___PPIB_pae.png
PSMA2,ACTR2___ASPH,ACTR2,ASPH,ACTR2,ASPH,ACTR2,ASPH,1,0.3103666656115527,0.2109414056371259,0.4566550925925926,0.72,0.704,70.92825520833334,5,394,758,20251104_colab_rhee_PSMA2_16,ACTR2___ASPH_unrelaxed_rank_001_alphafold2_multimer_v3_model_5_seed_000.pdb,20251104_colab_rhee_PSMA2_16/ACTR2___ASPH_unrelaxed_rank_001_alphafold2_multimer_v3_model_5_seed_000.pdb,20251104_colab_rhee_PSMA2_16/ACTR2___ASPH_pae.png
PSMA2,SNRPC___TXN,SNRPC,TXN,SNRPC,TXN,SNRPC,TXN,3,0.3081504424573061,0.2089528376761057,0.4544408022533023,0.59,0.574,66.02704545454546,5,159,105,20251104_colab_rhee_PSMA2_1,SNRPC___TXN_unrelaxed_rank_003_alphafold2_multimer_v3_model_1_seed_000.pdb,20251104_colab_rhee_PSMA2_1/SNRPC___TXN_unrelaxed_rank_003_alphafold2_multimer_v3_model_1_seed_000.pdb,20251104_colab_rhee_PSMA2_1/SNRPC___TXN_pae.png
PSMA2,NBN___SAFB,NBN,SAFB,NBN,SAFB,NBN,SAFB,4,0.3064819210807447,0.2425130345136009,0.3873242035742036,0.35,0.348,39.7567944877172,3,754,915,20251104_colab_rhee_PSMA2_8,NBN___SAFB_unrelaxed_rank_004_alphafold2_multimer_v3_model_2_seed_000.pdb,20251104_colab_rhee_PSMA2_8/NBN___SAFB_unrelaxed_rank_004_alphafold2_multimer_v3_model_2_seed_000.pdb,20251104_colab_rhee_PSMA2_8/NBN___SAFB_pae.png
PSMA2,NBN___PPP1R10,NBN,PPP1R10,NBN,PPP1R10,NBN,PPP1R10,1,0.3061916031443453,0.2459906365713742,0.3811254734848485,0.28,0.29,39.91053128689492,3,754,940,20251104_colab_rhee_PSMA2_15,NBN___PPP1R10_unrelaxed_rank_001_alphafold2_multimer_v3_model_2_seed_000.pdb,20251104_colab_rhee_PSMA2_15/NBN___PPP1R10_unrelaxed_rank_001_alphafold2_multimer_v3_model_2_seed_000.pdb,20251104_colab_rhee_PSMA2_15/NBN___PPP1R10_pae.png
PSMA2,NBN___PPP1R10,NBN,PPP1R10,NBN,PPP1R10,NBN,PPP1R10,5,0.3023350718845216,0.2319276117617634,0.3941164874551971,0.24,0.256,38.32188311688312,3,754,940,20251104_colab_rhee_PSMA2_15,NBN___PPP1R10_unrelaxed_rank_005_alphafold2_multimer_v3_model_4_seed_000.pdb,20251104_colab_rhee_PSMA2_15/NBN___PPP1R10_unrelaxed_rank_005_alphafold2_multimer_v3_model_4_seed_000.pdb,20251104_colab_rhee_PSMA2_15/NBN___PPP1R10_pae.png
PSMA2,ASPH___PSMA2,ASPH,PSMA2,ASPH,PSMA2,ASPH,PSMA2,1,0.3017751724558478,0.2076990590323843,0.4384625290794283,0.71,0.688,66.76522177419355,5,758,234,20251104_colab_rhee_PSMA2_14,ASPH___PSMA2_unrelaxed_rank_001_alphafold2_multimer_v3_model_4_seed_000.pdb,20251104_colab_rhee_PSMA2_14/ASPH___PSMA2_unrelaxed_rank_001_alphafold2_multimer_v3_model_4_seed_000.pdb,20251104_colab_rhee_PSMA2_14/ASPH___PSMA2_pae.png
PSMA2,GNAI3___PPP1R10,GNAI3,PPP1R10,GNAI3,PPP1R10,GNAI3,PPP1R10,2,0.2973765920135905,0.1993635034762618,0.4435758598521375,0.67,0.628,47.80221020092736,5,354,940,20251104_colab_rhee_PSMA2_9,GNAI3___PPP1R10_unrelaxed_rank_002_alphafold2_multimer_v3_model_3_seed_000.pdb,20251104_colab_rhee_PSMA2_9/GNAI3___PPP1R10_unrelaxed_rank_002_alphafold2_multimer_v3_model_3_seed_000.pdb,20251104_colab_rhee_PSMA2_9/GNAI3___PPP1R10_pae.png
PSMA2,TXN___NBN,TXN,NBN,TXN,NBN,TXN,NBN,2,0.2932594694240998,0.2071661559391718,0.4151311106634434,0.73,0.6839999999999999,53.48004656577415,5,105,754,20251104_colab_rhee_PSMA2_19,TXN___NBN_unrelaxed_rank_002_alphafold2_multimer_v3_model_3_seed_000.pdb,20251104_colab_rhee_PSMA2_19/TXN___NBN_unrelaxed_rank_002_alphafold2_multimer_v3_model_3_seed_000.pdb,20251104_colab_rhee_PSMA2_19/TXN___NBN_pae.png
PSMA2,EDC3___PPIB,EDC3,PPIB,EDC3,PPIB,EDC3,PPIB,3,0.2880723232004606,0.1909434514050597,0.4346085858585858,0.55,0.546,69.65660220994475,5,508,216,20251104_colab_rhee_PSMA2_3,EDC3___PPIB_unrelaxed_rank_003_alphafold2_multimer_v3_model_4_seed_000.pdb,20251104_colab_rhee_PSMA2_3/EDC3___PPIB_unrelaxed_rank_003_alphafold2_multimer_v3_model_4_seed_000.pdb,20251104_colab_rhee_PSMA2_3/EDC3___PPIB_pae.png
PSMA2,ASPH___ATXN2L,ASPH,ATXN2L,ASPH,ATXN2L,ASPH,ATXN2L,1,0.2813996392063544,0.2032889690914325,0.3895231369383912,0.46,0.444,40.14008728859793,3,758,1075,20251104_colab_rhee_PSMA2_18,ASPH___ATXN2L_unrelaxed_rank_001_alphafold2_multimer_v3_model_1_seed_000.pdb,20251104_colab_rhee_PSMA2_18/ASPH___ATXN2L_unrelaxed_rank_001_alphafold2_multimer_v3_model_1_seed_000.pdb,20251104_colab_rhee_PSMA2_18/ASPH___ATXN2L_pae.png
PSMA2,NBN___SAFB,NBN,SAFB,NBN,SAFB,NBN,SAFB,5,0.279867668199858,0.2229047049785941,0.3513874312843578,0.34,0.336,38.25160575194728,3,754,915,20251104_colab_rhee_PSMA2_8,NBN___SAFB_unrelaxed_rank_005_alphafold2_multimer_v3_model_4_seed_000.pdb,20251104_colab_rhee_PSMA2_8/NBN___SAFB_unrelaxed_rank_005_alphafold2_multimer_v3_model_4_seed_000.pdb,20251104_colab_rhee_PSMA2_8/NBN___SAFB_pae.png
PSMA2,EDC3___EPB41,EDC3,EPB41,EDC3,EPB41,EDC3,EPB41,1,0.2714256791088065,0.2092275641025641,0.352113736044657,0.34,0.348,51.92838192419825,3,508,864,20251104_colab_rhee_PSMA2_17,EDC3___EPB41_unrelaxed_rank_001_alphafold2_multimer_v3_model_5_seed_000.pdb,20251104_colab_rhee_PSMA2_17/EDC3___EPB41_unrelaxed_rank_001_alphafold2_multimer_v3_model_5_seed_000.pdb,20251104_colab_rhee_PSMA2_17/EDC3___EPB41_pae.png
PSMA2,EPB41___PPP1R10,EPB41,PPP1R10,EPB41,PPP1R10,EPB41,PPP1R10,1,0.271295471533668,0.2180003133218982,0.3376198490412077,0.36,0.356,39.6649667405765,3,864,940,20251104_colab_rhee_PSMA2_11,EPB41___PPP1R10_unrelaxed_rank_001_alphafold2_multimer_v3_model_2_seed_000.pdb,20251104_colab_rhee_PSMA2_11/EPB41___PPP1R10_unrelaxed_rank_001_alphafold2_multimer_v3_model_2_seed_000.pdb,20251104_colab_rhee_PSMA2_11/EPB41___PPP1R10_pae.png
PSMA2,ASPH___ATXN2L,ASPH,ATXN2L,ASPH,ATXN2L,ASPH,ATXN2L,2,0.2710453898931552,0.2205586552713518,0.3330887345679012,0.46,0.444,40.27561374795417,3,758,1075,20251104_colab_rhee_PSMA2_18,ASPH___ATXN2L_unrelaxed_rank_002_alphafold2_multimer_v3_model_2_seed_000.pdb,20251104_colab_rhee_PSMA2_18/ASPH___ATXN2L_unrelaxed_rank_002_alphafold2_multimer_v3_model_2_seed_000.pdb,20251104_colab_rhee_PSMA2_18/ASPH___ATXN2L_pae.png
PSMA2,SNRPC___IBA57,SNRPC,IBA57,SNRPC,IBA57,SNRPC,IBA57,1,0.2629513634481407,0.2109029468841384,0.3278447293447294,0.41,0.456,66.14502912621359,3,159,356,20251104_colab_rhee_PSMA2_10,SNRPC___IBA57_unrelaxed_rank_001_alphafold2_multimer_v3_model_1_seed_000.pdb,20251104_colab_rhee_PSMA2_10/SNRPC___IBA57_unrelaxed_rank_001_alphafold2_multimer_v3_model_1_seed_000.pdb,20251104_colab_rhee_PSMA2_10/SNRPC___IBA57_pae.png
PSMA2,NBN___PPP1R10,NBN,PPP1R10,NBN,PPP1R10,NBN,PPP1R10,3,0.2619411479262354,0.197808610780559,0.3468664215686274,0.26,0.272,38.39378984651712,3,754,940,20251104_colab_rhee_PSMA2_15,NBN___PPP1R10_unrelaxed_rank_003_alphafold2_multimer_v3_model_1_seed_000.pdb,20251104_colab_rhee_PSMA2_15/NBN___PPP1R10_unrelaxed_rank_003_alphafold2_multimer_v3_model_1_seed_000.pdb,20251104_colab_rhee_PSMA2_15/NBN___PPP1R10_pae.png
PSMA2,STIP1___PPP1R10,STIP1,PPP1R10,STIP1,PPP1R10,STIP1,PPP1R10,1,0.2604140066415969,0.1625883095024467,0.4170992063492064,0.34,0.334,49.75167902899528,2,543,940,20251104_colab_rhee_PSMA2_7,STIP1___PPP1R10_unrelaxed_rank_001_alphafold2_multimer_v3_model_3_seed_000.pdb,20251104_colab_rhee_PSMA2_7/STIP1___PPP1R10_unrelaxed_rank_001_alphafold2_multimer_v3_model_3_seed_000.pdb,20251104_colab_rhee_PSMA2_7/STIP1___PPP1R10_pae.png
PSMA2,ASPH___ATXN2L,ASPH,ATXN2L,ASPH,ATXN2L,ASPH,ATXN2L,4,0.2576945082120001,0.2254910688768173,0.294497072072072,0.43,0.418,38.44102564102564,2,758,1075,20251104_colab_rhee_PSMA2_18,ASPH___ATXN2L_unrelaxed_rank_004_alphafold2_multimer_v3_model_4_seed_000.pdb,20251104_colab_rhee_PSMA2_18/ASPH___ATXN2L_unrelaxed_rank_004_alphafold2_multimer_v3_model_4_seed_000.pdb,20251104_colab_rhee_PSMA2_18/ASPH___ATXN2L_pae.png
PSMA2,SAFB___NUP107,SAFB,NUP107,SAFB,NUP107,SAFB,NUP107,3,0.2552215043038362,0.1915367595135749,0.3400810185185184,0.36,0.386,51.62027173913044,3,915,925,20251104_colab_rhee_PSMA2_20,SAFB___NUP107_unrelaxed_rank_003_alphafold2_multimer_v3_model_3_seed_000.pdb,20251104_colab_rhee_PSMA2_20/SAFB___NUP107_unrelaxed_rank_003_alphafold2_multimer_v3_model_3_seed_000.pdb,20251104_colab_rhee_PSMA2_20/SAFB___NUP107_pae.png
PSMA2,PPIB___XRN2,PPIB,XRN2,PPIB,XRN2,PPIB,XRN2,1,0.2513571311219839,0.1385197725439386,0.4561111111111111,0.62,0.64,74.1993653516295,4,216,950,20251104_colab_rhee_PSMA2_7,PPIB___XRN2_unrelaxed_rank_001_alphafold2_multimer_v3_model_5_seed_000.pdb,20251104_colab_rhee_PSMA2_7/PPIB___XRN2_unrelaxed_rank_001_alphafold2_multimer_v3_model_5_seed_000.pdb,20251104_colab_rhee_PSMA2_7/PPIB___XRN2_pae.png
PSMA2,PSMA4___PPP1R10,PSMA4,PPP1R10,PSMA4,PPP1R10,PSMA4,PPP1R10,1,0.2510650363976061,0.1942547796259448,0.3244895833333333,0.68,0.6120000000000001,45.43459616985845,5,261,940,20251104_colab_rhee_PSMA2_20,PSMA4___PPP1R10_unrelaxed_rank_001_alphafold2_multimer_v3_model_2_seed_000.pdb,20251104_colab_rhee_PSMA2_20/PSMA4___PPP1R10_unrelaxed_rank_001_alphafold2_multimer_v3_model_2_seed_000.pdb,20251104_colab_rhee_PSMA2_20/PSMA4___PPP1R10_pae.png
PSMA2,NBN___PPP1R10,NBN,PPP1R10,NBN,PPP1R10,NBN,PPP1R10,4,0.2501123521604501,0.1979136348616952,0.3160782163742691,0.25,0.264,38.49906729634002,3,754,940,20251104_colab_rhee_PSMA2_15,NBN___PPP1R10_unrelaxed_rank_004_alphafold2_multimer_v3_model_3_seed_000.pdb,20251104_colab_rhee_PSMA2_15/NBN___PPP1R10_unrelaxed_rank_004_alphafold2_multimer_v3_model_3_seed_000.pdb,20251104_colab_rhee_PSMA2_15/NBN___PPP1R10_pae.png
PSMA2,GNAI3___NBN,GNAI3,NBN,GNAI3,NBN,GNAI3,NBN,1,0.248908904752202,0.1402302357089528,0.4418137254901961,0.61,0.594,61.63050541516245,4,354,754,20251104_colab_rhee_PSMA2_9,GNAI3___NBN_unrelaxed_rank_001_alphafold2_multimer_v3_model_5_seed_000.pdb,20251104_colab_rhee_PSMA2_9/GNAI3___NBN_unrelaxed_rank_001_alphafold2_multimer_v3_model_5_seed_000.pdb,20251104_colab_rhee_PSMA2_9/GNAI3___NBN_pae.png
PSMA2,GNAI3___EPB41,GNAI3,EPB41,GNAI3,EPB41,GNAI3,EPB41,1,0.248508332444558,0.1612054580281099,0.3830911933739013,0.64,0.594,56.92778325123152,4,354,864,20251104_colab_rhee_PSMA2_5,GNAI3___EPB41_unrelaxed_rank_001_alphafold2_multimer_v3_model_1_seed_000.pdb,20251104_colab_rhee_PSMA2_5/GNAI3___EPB41_unrelaxed_rank_001_alphafold2_multimer_v3_model_1_seed_000.pdb,20251104_colab_rhee_PSMA2_5/GNAI3___EPB41_pae.png
PSMA2,SAFB___ASPH,SAFB,ASPH,SAFB,ASPH,SAFB,ASPH,1,0.2458190312259231,0.1730658158408161,0.349156162464986,0.37,0.37,43.3821876867902,3,915,758,20251104_colab_rhee_PSMA2_9,SAFB___ASPH_unrelaxed_rank_001_alphafold2_multimer_v3_model_5_seed_000.pdb,20251104_colab_rhee_PSMA2_9/SAFB___ASPH_unrelaxed_rank_001_alphafold2_multimer_v3_model_5_seed_000.pdb,20251104_colab_rhee_PSMA2_9/SAFB___ASPH_pae.png
PSMA2,ASPH___ATXN2L,ASPH,ATXN2L,ASPH,ATXN2L,ASPH,ATXN2L,3,0.2456834008017799,0.1851656074045543,0.3259802631578947,0.45,0.434,39.53084560829242,3,758,1075,20251104_colab_rhee_PSMA2_18,ASPH___ATXN2L_unrelaxed_rank_003_alphafold2_multimer_v3_model_5_seed_000.pdb,20251104_colab_rhee_PSMA2_18/ASPH___ATXN2L_unrelaxed_rank_003_alphafold2_multimer_v3_model_5_seed_000.pdb,20251104_colab_rhee_PSMA2_18/ASPH___ATXN2L_pae.png
PSMA2,EPB41___STIP1,EPB41,STIP1,EPB41,STIP1,EPB41,STIP1,1,0.2434467301131293,0.195797808720489,0.3026913875598086,0.33,0.332,59.94562189054727,3,864,543,20251104_colab_rhee_PSMA2_3,EPB41___STIP1_unrelaxed_rank_001_alphafold2_multimer_v3_model_2_seed_000.pdb,20251104_colab_rhee_PSMA2_3/EPB41___STIP1_unrelaxed_rank_001_alphafold2_multimer_v3_model_2_seed_000.pdb,20251104_colab_rhee_PSMA2_3/EPB41___STIP1_pae.png
PSMA2,SAFB___ACTR2,SAFB,ACTR2,SAFB,ACTR2,SAFB,ACTR2,1,0.2373957694914215,0.1444409483004526,0.390171568627451,0.58,0.5459999999999999,45.92275019098548,4,915,394,20251104_colab_rhee_PSMA2_1,SAFB___ACTR2_unrelaxed_rank_001_alphafold2_multimer_v3_model_4_seed_000.pdb,20251104_colab_rhee_PSMA2_1/SAFB___ACTR2_unrelaxed_rank_001_alphafold2_multimer_v3_model_4_seed_000.pdb,20251104_colab_rhee_PSMA2_1/SAFB___ACTR2_pae.png
PSMA2,NBN___ASPH,NBN,ASPH,NBN,ASPH,NBN,ASPH,1,0.2338601330630209,0.1664692432053542,0.3285325311942959,0.34,0.348,54.52338624338624,2,754,758,20251104_colab_rhee_PSMA2_18,NBN___ASPH_unrelaxed_rank_001_alphafold2_multimer_v3_model_2_seed_000.pdb,20251104_colab_rhee_PSMA2_18/NBN___ASPH_unrelaxed_rank_001_alphafold2_multimer_v3_model_2_seed_000.pdb,20251104_colab_rhee_PSMA2_18/NBN___ASPH_pae.png
PSMA2,EDC3___PPIB,EDC3,PPIB,EDC3,PPIB,EDC3,PPIB,4,0.232397504312747,0.1517714409213217,0.355854828042328,0.51,0.512,69.19422651933702,4,508,216,20251104_colab_rhee_PSMA2_3,EDC3___PPIB_unrelaxed_rank_004_alphafold2_multimer_v3_model_2_seed_000.pdb,20251104_colab_rhee_PSMA2_3/EDC3___PPIB_unrelaxed_rank_004_alphafold2_multimer_v3_model_2_seed_000.pdb,20251104_colab_rhee_PSMA2_3/EDC3___PPIB_pae.png
PSMA2,SAFB___XRN2,SAFB,XRN2,SAFB,XRN2,SAFB,XRN2,1,0.2288457768487941,0.1749384947223876,0.2993645833333333,0.44,0.448,48.61531903485255,3,915,950,20251104_colab_rhee_PSMA2_8,SAFB___XRN2_unrelaxed_rank_001_alphafold2_multimer_v3_model_4_seed_000.pdb,20251104_colab_rhee_PSMA2_8/SAFB___XRN2_unrelaxed_rank_001_alphafold2_multimer_v3_model_4_seed_000.pdb,20251104_colab_rhee_PSMA2_8/SAFB___XRN2_pae.png
PSMA2,NBN___ACTR2,NBN,ACTR2,NBN,ACTR2,NBN,ACTR2,1,0.2255825925217517,0.1673611134115683,0.3040581232492997,0.66,0.614,61.86438153310105,4,754,394,20251104_colab_rhee_PSMA2_13,NBN___ACTR2_unrelaxed_rank_001_alphafold2_multimer_v3_model_3_seed_000.pdb,20251104_colab_rhee_PSMA2_13/NBN___ACTR2_unrelaxed_rank_001_alphafold2_multimer_v3_model_3_seed_000.pdb,20251104_colab_rhee_PSMA2_13/NBN___ACTR2_pae.png
PSMA2,TXN___MRPL15,TXN,MRPL15,TXN,MRPL15,TXN,MRPL15,5,0.2247790511120991,0.1327155846274018,0.3807060185185185,0.61,0.606,76.91399002493766,4,105,296,20251104_colab_rhee_PSMA2_11,TXN___MRPL15_unrelaxed_rank_005_alphafold2_multimer_v3_model_2_seed_000.pdb,20251104_colab_rhee_PSMA2_11/TXN___MRPL15_unrelaxed_rank_005_alphafold2_multimer_v3_model_2_seed_000.pdb,20251104_colab_rhee_PSMA2_11/TXN___MRPL15_pae.png
PSMA2,NBN___PPIB,NBN,PPIB,NBN,PPIB,NBN,PPIB,2,0.2245634802205837,0.1868414861371383,0.2699012820512821,0.49,0.472,56.59892783505155,3,754,216,20251104_colab_rhee_PSMA2_7,NBN___PPIB_unrelaxed_rank_002_alphafold2_multimer_v3_model_2_seed_000.pdb,20251104_colab_rhee_PSMA2_7/NBN___PPIB_unrelaxed_rank_002_alphafold2_multimer_v3_model_2_seed_000.pdb,20251104_colab_rhee_PSMA2_7/NBN___PPIB_pae.png
PSMA2,CIP2A___ASPH,CIP2A,ASPH,CIP2A,ASPH,CIP2A,ASPH,1,0.2237750141731607,0.1827901896719609,0.2739493681693989,0.38,0.39,65.56993986770895,2,905,758,20251104_colab_rhee_PSMA2_6,CIP2A___ASPH_unrelaxed_rank_001_alphafold2_multimer_v3_model_2_seed_000.pdb,20251104_colab_rhee_PSMA2_6/CIP2A___ASPH_unrelaxed_rank_001_alphafold2_multimer_v3_model_2_seed_000.pdb,20251104_colab_rhee_PSMA2_6/CIP2A___ASPH_pae.png
