name,rank,model,chain_i,chain_j,iLIS,iLIA,iLISA,ipSAE,actifpTM,LIS,cLIS,LIA,cLIA,ipTM,pLDDT_i,pLDDT_j,pTM,LIR_i,LIR_j,cLIR_i,cLIR_j,LIpLDDT_i,LIpLDDT_j,cLIpLDDT_i,cLIpLDDT_j,len_i,len_j,LIR_indices_i,LIR_indices_j,cLIR_indices_i,cLIR_indices_j,structure_file
AGAP3___RB1,1,1,A,B,0.0000,0.0,0.0,0.0000,0.2969,0.0000,0.0000,0.0,0.0,0.2100,49.7,65.6,0.460,0,0,0,0,,,,,875,928,,,,,AGAP3___RB1_unrelaxed_rank_001_alphafold2_multimer_v3_model_1_seed_000.pdb
AGAP3___RB1,2,5,A,B,0.0000,0.0,0.0,0.0000,0.2028,0.0000,0.0000,0.0,0.0,0.2000,55.7,66.2,0.470,0,0,0,0,,,,,875,928,,,,,AGAP3___RB1_unrelaxed_rank_002_alphafold2_multimer_v3_model_5_seed_000.pdb
AGAP3___RB1,3,4,A,B,0.0000,0.0,0.0,0.0000,0.4011,0.0000,0.0000,0.0,0.0,0.1900,53.4,64.8,0.460,0,0,0,0,,,,,875,928,,,,,AGAP3___RB1_unrelaxed_rank_003_alphafold2_multimer_v3_model_4_seed_000.pdb
AGAP3___RB1,4,3,A,B,0.0000,0.0,0.0,0.0000,0.2177,0.0000,0.0000,0.0,0.0,0.1900,54.1,65.7,0.470,0,0,0,0,,,,,875,928,,,,,AGAP3___RB1_unrelaxed_rank_004_alphafold2_multimer_v3_model_3_seed_000.pdb
AGAP3___RB1,5,2,A,B,0.0000,0.0,0.0,0.0000,0.2437,0.0000,0.0000,0.0,0.0,0.1900,55.8,65.6,0.460,0,0,0,0,,,,,875,928,,,,,AGAP3___RB1_unrelaxed_rank_005_alphafold2_multimer_v3_model_2_seed_000.pdb
AGAP3___SRSF11,1,5,A,B,0.6051,1385.2,838.1,0.6591,0.9839,0.4845,0.7557,39157.0,49.0,0.3700,61.7,31.8,0.360,231,110,15,11,90.9,78.7,87.4,78.6,875,484,[619-849],"[28-130,422-428]","[654,662-663,665-666,669-670,672-673,677,679-680,682-684]","[52,55-56,91,94-98,425,428]",AGAP3___SRSF11_unrelaxed_rank_001_alphafold2_multimer_v3_model_5_seed_000.pdb
AGAP3___SRSF11,2,2,A,B,0.5855,1308.2,766.0,0.5786,0.9696,0.4450,0.7704,38896.0,44.0,0.3500,63.5,31.6,0.350,232,102,10,9,92.2,82.6,91.7,89.1,875,484,[618-849],[29-130],"[662-663,665-666,669-670,672,678,682-683]","[52,55-56,91,94-98]",AGAP3___SRSF11_unrelaxed_rank_002_alphafold2_multimer_v3_model_2_seed_000.pdb
AGAP3___SRSF11,3,1,A,B,0.0477,116.1,5.5,0.0122,0.5640,0.0457,0.0497,843.0,16.0,0.2800,58.4,29.3,0.340,91,48,8,6,88.5,76.4,75.1,70.3,875,484,"[637-638,640-654,656-673,675-687,689-696,699-702,704-706,708,714,716,718,720,722-733,735,751,754-755,758,764,768,792,795,801,805]","[34-41,49-56,59,62-65,78-83,88-108]","[662-663,665-666,669,680,683-684]","[52,56,91,94,98-99]",AGAP3___SRSF11_unrelaxed_rank_003_alphafold2_multimer_v3_model_1_seed_000.pdb
AGAP3___SRSF11,4,4,A,B,0.0000,0.0,0.0,0.0000,0.4458,0.0000,0.0000,0.0,0.0,0.2500,59.8,28.4,0.320,0,0,0,0,,,,,875,484,,,,,AGAP3___SRSF11_unrelaxed_rank_004_alphafold2_multimer_v3_model_4_seed_000.pdb
AGAP3___SRSF11,5,3,A,B,0.0000,0.0,0.0,0.0000,0.2628,0.0000,0.0000,0.0,0.0,0.1900,61.5,28.7,0.300,0,0,0,0,,,,,875,484,,,,,AGAP3___SRSF11_unrelaxed_rank_005_alphafold2_multimer_v3_model_3_seed_000.pdb
ANP32A___DDX17,1,3,A,B,0.0000,0.0,0.0,0.0000,0.3666,0.0000,0.0000,0.0,0.0,0.2400,60.4,60.4,0.480,0,0,0,0,,,,,249,729,,,,,ANP32A___DDX17_unrelaxed_rank_001_alphafold2_multimer_v3_model_3_seed_000.pdb
ANP32A___DDX17,2,1,A,B,0.0000,0.0,0.0,0.0000,0.3438,0.0250,0.0000,7.0,0.0,0.2100,60.0,58.9,0.400,2,7,0,0,35.9,92.7,,,249,729,[236-237],"[169,182,227,230-232,235]",,,ANP32A___DDX17_unrelaxed_rank_002_alphafold2_multimer_v3_model_1_seed_000.pdb
ANP32A___DDX17,3,5,A,B,0.0000,0.0,0.0,0.0000,0.2476,0.0000,0.0000,0.0,0.0,0.2000,60.4,59.0,0.410,0,0,0,0,,,,,249,729,,,,,ANP32A___DDX17_unrelaxed_rank_003_alphafold2_multimer_v3_model_5_seed_000.pdb
ANP32A___DDX17,4,2,A,B,0.0000,0.0,0.0,0.0000,0.2405,0.0000,0.0000,0.0,0.0,0.1900,60.4,60.1,0.400,0,0,0,0,,,,,249,729,,,,,ANP32A___DDX17_unrelaxed_rank_004_alphafold2_multimer_v3_model_2_seed_000.pdb
ANP32A___DDX17,5,4,A,B,0.0000,0.0,0.0,0.0000,0.1858,0.0000,0.0000,0.0,0.0,0.1800,59.6,58.3,0.390,0,0,0,0,,,,,249,729,,,,,ANP32A___DDX17_unrelaxed_rank_005_alphafold2_multimer_v3_model_4_seed_000.pdb
ANP32A___LUC7L2,1,3,A,B,0.0762,8.8,0.7,0.0120,0.4271,0.0560,0.1035,26.0,3.0,0.3300,62.8,61.2,0.430,14,9,2,1,78.2,65.5,75.1,56.0,249,392,"[6,8-14,18-19,21,46,48,135]","[175-181,183,205]","[6,9]",[179],ANP32A___LUC7L2_unrelaxed_rank_001_alphafold2_multimer_v3_model_3_seed_000.pdb
ANP32A___LUC7L2,2,1,A,B,0.0000,0.0,0.0,0.0000,0.2325,0.0000,0.0000,0.0,0.0,0.2600,62.4,61.0,0.410,0,0,0,0,,,,,249,392,,,,,ANP32A___LUC7L2_unrelaxed_rank_002_alphafold2_multimer_v3_model_1_seed_000.pdb
ANP32A___LUC7L2,3,2,A,B,0.0696,79.0,5.5,0.0123,0.4560,0.0638,0.0759,390.0,16.0,0.2100,63.7,60.5,0.400,8,112,3,8,37.1,86.0,38.4,82.9,249,392,[161-168],"[30,33,35-49,52-54,56,58-73,81-111,187-199,203-232,235]","[163-164,167]","[100-101,103-104,189,194-196]",ANP32A___LUC7L2_unrelaxed_rank_003_alphafold2_multimer_v3_model_2_seed_000.pdb
ANP32A___LUC7L2,4,4,A,B,0.0000,0.0,0.0,0.0000,0.1852,0.0000,0.0000,0.0,0.0,0.1800,62.5,60.6,0.410,0,0,0,0,,,,,249,392,,,,,ANP32A___LUC7L2_unrelaxed_rank_004_alphafold2_multimer_v3_model_4_seed_000.pdb
ANP32A___LUC7L2,5,5,A,B,0.0000,0.0,0.0,0.0000,0.1080,0.0000,0.0000,0.0,0.0,0.1000,64.3,60.6,0.380,0,0,0,0,,,,,249,392,,,,,ANP32A___LUC7L2_unrelaxed_rank_005_alphafold2_multimer_v3_model_5_seed_000.pdb
ATP5PD___GFP,1,2,A,B,0.0000,0.0,0.0,0.0000,0.2062,0.0000,0.0000,0.0,0.0,0.1800,62.3,89.3,0.590,0,0,0,0,,,,,161,238,,,,,ATP5PD___GFP_unrelaxed_rank_001_alphafold2_multimer_v3_model_2_seed_000.pdb
ATP5PD___GFP,2,1,A,B,0.0000,0.0,0.0,0.0000,0.1493,0.0000,0.0000,0.0,0.0,0.1300,39.2,87.8,0.600,0,0,0,0,,,,,161,238,,,,,ATP5PD___GFP_unrelaxed_rank_002_alphafold2_multimer_v3_model_1_seed_000.pdb
ATP5PD___GFP,3,5,A,B,0.0000,0.0,0.0,0.0000,0.1213,0.0000,0.0000,0.0,0.0,0.1300,38.0,87.6,0.590,0,0,0,0,,,,,161,238,,,,,ATP5PD___GFP_unrelaxed_rank_003_alphafold2_multimer_v3_model_5_seed_000.pdb
ATP5PD___GFP,4,3,A,B,0.0000,0.0,0.0,0.0000,0.0965,0.0000,0.0000,0.0,0.0,0.1200,64.1,88.9,0.590,0,0,0,0,,,,,161,238,,,,,ATP5PD___GFP_unrelaxed_rank_004_alphafold2_multimer_v3_model_3_seed_000.pdb
ATP5PD___GFP,5,4,A,B,0.0000,0.0,0.0,0.0000,0.1038,0.0000,0.0000,0.0,0.0,0.1200,39.9,87.8,0.590,0,0,0,0,,,,,161,238,,,,,ATP5PD___GFP_unrelaxed_rank_005_alphafold2_multimer_v3_model_4_seed_000.pdb
ATXN2L___SF1,1,2,A,B,0.0000,0.0,0.0,0.0000,0.1920,0.0000,0.0000,0.0,0.0,0.1800,25.1,40.2,0.250,0,0,0,0,,,,,1075,639,,,,,ATXN2L___SF1_unrelaxed_rank_001_alphafold2_multimer_v3_model_2_seed_000.pdb
ATXN2L___SF1,2,1,A,B,0.0000,0.0,0.0,0.0000,0.1968,0.0000,0.0000,0.0,0.0,0.1700,24.9,38.4,0.230,0,0,0,0,,,,,1075,639,,,,,ATXN2L___SF1_unrelaxed_rank_002_alphafold2_multimer_v3_model_1_seed_000.pdb
ATXN2L___SF1,3,5,A,B,0.0000,0.0,0.0,0.0000,0.1585,0.0000,0.0000,0.0,0.0,0.1600,25.5,40.5,0.240,0,0,0,0,,,,,1075,639,,,,,ATXN2L___SF1_unrelaxed_rank_003_alphafold2_multimer_v3_model_5_seed_000.pdb
ATXN2L___SF1,4,3,A,B,0.0000,0.0,0.0,0.0000,0.1802,0.0000,0.0000,0.0,0.0,0.1600,24.6,38.7,0.240,0,0,0,0,,,,,1075,639,,,,,ATXN2L___SF1_unrelaxed_rank_004_alphafold2_multimer_v3_model_3_seed_000.pdb
ATXN2L___SF1,5,4,A,B,0.0000,0.0,0.0,0.0000,0.2020,0.0000,0.0000,0.0,0.0,0.1700,23.9,37.7,0.230,0,0,0,0,,,,,1075,639,,,,,ATXN2L___SF1_unrelaxed_rank_005_alphafold2_multimer_v3_model_4_seed_000.pdb
CCAR2___SF3B2,1,2,A,B,0.0000,0.0,0.0,0.0000,0.1830,0.0000,0.0000,0.0,0.0,0.1900,59.3,33.7,0.380,0,0,0,0,,,,,923,895,,,,,CCAR2___SF3B2_unrelaxed_rank_001_alphafold2_multimer_v3_model_2_seed_000.pdb
CCAR2___SF3B2,2,1,A,B,0.0000,0.0,0.0,0.0000,0.1937,0.0000,0.0000,0.0,0.0,0.1900,57.4,34.1,0.370,0,0,0,0,,,,,923,895,,,,,CCAR2___SF3B2_unrelaxed_rank_002_alphafold2_multimer_v3_model_1_seed_000.pdb
CCAR2___SF3B2,3,5,A,B,0.0000,0.0,0.0,0.0000,0.1730,0.0000,0.0000,0.0,0.0,0.1800,57.9,33.3,0.370,0,0,0,0,,,,,923,895,,,,,CCAR2___SF3B2_unrelaxed_rank_003_alphafold2_multimer_v3_model_5_seed_000.pdb
CCAR2___SF3B2,4,3,A,B,0.0000,0.0,0.0,0.0000,0.2173,0.0000,0.0000,0.0,0.0,0.1800,55.9,33.6,0.370,0,0,0,0,,,,,923,895,,,,,CCAR2___SF3B2_unrelaxed_rank_004_alphafold2_multimer_v3_model_3_seed_000.pdb
CCAR2___SF3B2,5,4,A,B,0.0000,0.0,0.0,0.0000,0.1908,0.0000,0.0000,0.0,0.0,0.1700,55.4,32.0,0.360,0,0,0,0,,,,,923,895,,,,,CCAR2___SF3B2_unrelaxed_rank_005_alphafold2_multimer_v3_model_4_seed_000.pdb
CCNT1___GFP,1,5,A,B,0.0000,0.0,0.0,0.0000,0.2807,0.0000,0.0000,0.0,0.0,0.2100,41.9,87.3,0.360,0,0,0,0,,,,,726,238,,,,,CCNT1___GFP_unrelaxed_rank_001_alphafold2_multimer_v3_model_5_seed_000.pdb
CCNT1___GFP,2,3,A,B,0.0000,0.0,0.0,0.0000,0.1666,0.0000,0.0000,0.0,0.0,0.2000,42.4,86.5,0.370,0,0,0,0,,,,,726,238,,,,,CCNT1___GFP_unrelaxed_rank_002_alphafold2_multimer_v3_model_3_seed_000.pdb
CCNT1___GFP,3,4,A,B,0.0000,0.0,0.0,0.0000,0.1844,0.0000,0.0000,0.0,0.0,0.2000,41.4,85.6,0.360,0,0,0,0,,,,,726,238,,,,,CCNT1___GFP_unrelaxed_rank_003_alphafold2_multimer_v3_model_4_seed_000.pdb
CCNT1___GFP,4,2,A,B,0.0000,0.0,0.0,0.0000,0.1843,0.0000,0.0000,0.0,0.0,0.1600,42.9,87.7,0.360,0,0,0,0,,,,,726,238,,,,,CCNT1___GFP_unrelaxed_rank_004_alphafold2_multimer_v3_model_2_seed_000.pdb
CCNT1___GFP,5,1,A,B,0.0000,0.0,0.0,0.0000,0.1717,0.0000,0.0000,0.0,0.0,0.1600,41.1,85.4,0.350,0,0,0,0,,,,,726,238,,,,,CCNT1___GFP_unrelaxed_rank_005_alphafold2_multimer_v3_model_1_seed_000.pdb
CDK4___EDC3,1,5,A,B,0.0000,0.0,0.0,0.0000,0.1799,0.0000,0.0000,0.0,0.0,0.2100,75.8,59.7,0.420,0,0,0,0,,,,,303,508,,,,,CDK4___EDC3_unrelaxed_rank_001_alphafold2_multimer_v3_model_5_seed_000.pdb
CDK4___EDC3,2,3,A,B,0.0000,0.0,0.0,0.0000,0.2354,0.0000,0.0000,0.0,0.0,0.2100,77.1,60.2,0.410,0,0,0,0,,,,,303,508,,,,,CDK4___EDC3_unrelaxed_rank_002_alphafold2_multimer_v3_model_3_seed_000.pdb
CDK4___EDC3,3,2,A,B,0.0000,0.0,0.0,0.0000,0.1864,0.0000,0.0000,0.0,0.0,0.2000,78.1,60.5,0.420,0,0,0,0,,,,,303,508,,,,,CDK4___EDC3_unrelaxed_rank_003_alphafold2_multimer_v3_model_2_seed_000.pdb
CDK4___EDC3,4,4,A,B,0.0000,0.0,0.0,0.0000,0.1633,0.0000,0.0000,0.0,0.0,0.2000,75.4,58.2,0.410,0,0,0,0,,,,,303,508,,,,,CDK4___EDC3_unrelaxed_rank_004_alphafold2_multimer_v3_model_4_seed_000.pdb
CDK4___EDC3,5,1,A,B,0.0000,0.0,0.0,0.0000,0.1498,0.0000,0.0000,0.0,0.0,0.1900,77.0,60.1,0.410,0,0,0,0,,,,,303,508,,,,,CDK4___EDC3_unrelaxed_rank_005_alphafold2_multimer_v3_model_1_seed_000.pdb
CHERP___DAZAP1,1,4,A,B,0.0000,0.0,0.0,0.0000,0.3355,0.0000,0.0000,0.0,0.0,0.2300,47.5,41.6,0.310,0,0,0,0,,,,,916,407,,,,,CHERP___DAZAP1_unrelaxed_rank_001_alphafold2_multimer_v3_model_4_seed_000.pdb
CHERP___DAZAP1,2,1,A,B,0.0157,10.4,0.2,0.0000,0.5147,0.0127,0.0194,27.0,4.0,0.2200,48.0,40.3,0.310,23,3,3,2,91.5,25.3,89.1,24.5,916,407,"[164-166,169,173,181,188,191-192,216,220,224,226,228,231,262,264,266-269,273,285]",[404-406],"[169,173,216]",[405-406],CHERP___DAZAP1_unrelaxed_rank_002_alphafold2_multimer_v3_model_1_seed_000.pdb
CHERP___DAZAP1,3,5,A,B,0.0000,0.0,0.0,0.0000,0.3223,0.0000,0.0000,0.0,0.0,0.2000,49.2,41.7,0.310,0,0,0,0,,,,,916,407,,,,,CHERP___DAZAP1_unrelaxed_rank_003_alphafold2_multimer_v3_model_5_seed_000.pdb
CHERP___DAZAP1,4,3,A,B,0.0000,0.0,0.0,0.0000,0.3259,0.0000,0.0000,0.0,0.0,0.1900,48.3,40.3,0.300,0,0,0,0,,,,,916,407,,,,,CHERP___DAZAP1_unrelaxed_rank_004_alphafold2_multimer_v3_model_3_seed_000.pdb
CHERP___DAZAP1,5,2,A,B,0.0000,0.0,0.0,0.0000,0.3087,0.0000,0.0000,0.0,0.0,0.1800,50.1,43.1,0.310,0,0,0,0,,,,,916,407,,,,,CHERP___DAZAP1_unrelaxed_rank_005_alphafold2_multimer_v3_model_2_seed_000.pdb
CIZ1___LUC7L2,1,4,A,B,0.0000,0.0,0.0,0.0000,0.4274,0.0000,0.0000,0.0,0.0,0.3300,25.8,58.5,0.300,0,0,0,0,,,,,898,392,,,,,CIZ1___LUC7L2_unrelaxed_rank_001_alphafold2_multimer_v3_model_4_seed_000.pdb
CIZ1___LUC7L2,2,3,A,B,0.0000,0.0,0.0,0.0000,0.2172,0.0000,0.0000,0.0,0.0,0.1700,26.8,60.7,0.300,0,0,0,0,,,,,898,392,,,,,CIZ1___LUC7L2_unrelaxed_rank_002_alphafold2_multimer_v3_model_3_seed_000.pdb
CIZ1___LUC7L2,3,1,A,B,0.0000,0.0,0.0,0.0000,0.1737,0.0000,0.0000,0.0,0.0,0.1700,28.1,61.6,0.290,0,0,0,0,,,,,898,392,,,,,CIZ1___LUC7L2_unrelaxed_rank_003_alphafold2_multimer_v3_model_1_seed_000.pdb
CIZ1___LUC7L2,4,5,A,B,0.0000,0.0,0.0,0.0000,0.1606,0.0000,0.0000,0.0,0.0,0.1600,28.0,61.7,0.290,0,0,0,0,,,,,898,392,,,,,CIZ1___LUC7L2_unrelaxed_rank_004_alphafold2_multimer_v3_model_5_seed_000.pdb
CIZ1___LUC7L2,5,2,A,B,0.0000,0.0,0.0,0.0000,0.1400,0.0000,0.0000,0.0,0.0,0.1500,28.4,61.1,0.270,0,0,0,0,,,,,898,392,,,,,CIZ1___LUC7L2_unrelaxed_rank_005_alphafold2_multimer_v3_model_2_seed_000.pdb
CIZ1___PDK1,1,1,A,B,0.0000,0.0,0.0,0.0000,0.3951,0.0000,0.0000,0.0,0.0,0.2800,25.3,74.9,0.400,0,0,0,0,,,,,898,436,,,,,CIZ1___PDK1_unrelaxed_rank_001_alphafold2_multimer_v3_model_1_seed_000.pdb
CIZ1___PDK1,2,4,A,B,0.0080,9.4,0.1,0.0000,0.4974,0.0078,0.0081,22.0,4.0,0.2700,22.8,75.2,0.400,3,20,1,4,29.3,88.4,27.5,78.9,898,436,[631-633],"[118,122,135,138-139,143,153-154,157,189,196,267,270,272,275,301,303,305,312,361]",[632],"[153-154,275,361]",CIZ1___PDK1_unrelaxed_rank_002_alphafold2_multimer_v3_model_4_seed_000.pdb
CIZ1___PDK1,3,2,A,B,0.0144,4.2,0.1,0.0000,0.5044,0.0128,0.0162,6.0,3.0,0.2500,25.0,77.1,0.390,3,5,2,2,30.3,92.6,30.0,91.2,898,436,[158-160],"[271,274-275,279,387]","[158,160]",[274-275],CIZ1___PDK1_unrelaxed_rank_003_alphafold2_multimer_v3_model_2_seed_000.pdb
CIZ1___PDK1,4,3,A,B,0.0000,0.0,0.0,0.0000,0.3379,0.0000,0.0000,0.0,0.0,0.2500,25.4,77.0,0.390,0,0,0,0,,,,,898,436,,,,,CIZ1___PDK1_unrelaxed_rank_004_alphafold2_multimer_v3_model_3_seed_000.pdb
CIZ1___PDK1,5,5,A,B,0.0000,0.0,0.0,0.0000,0.3137,0.0000,0.0000,0.0,0.0,0.2300,24.5,77.2,0.390,0,0,0,0,,,,,898,436,,,,,CIZ1___PDK1_unrelaxed_rank_005_alphafold2_multimer_v3_model_5_seed_000.pdb
CIZ1___SF3A3,1,3,A,B,0.1014,82.8,8.4,0.0155,0.5802,0.0943,0.1091,214.0,32.0,0.2200,26.4,74.4,0.330,7,58,5,10,40.1,78.7,42.0,74.8,898,501,[730-736],"[405-413,415-417,419-464]",[731-735],"[426-427,429,431-432,435,441-444]",CIZ1___SF3A3_unrelaxed_rank_001_alphafold2_multimer_v3_model_3_seed_000.pdb
CIZ1___SF3A3,2,5,A,B,0.0000,0.0,0.0,0.0000,0.3847,0.0000,0.0000,0.0,0.0,0.2200,27.1,75.0,0.320,0,0,0,0,,,,,898,501,,,,,CIZ1___SF3A3_unrelaxed_rank_002_alphafold2_multimer_v3_model_5_seed_000.pdb
CIZ1___SF3A3,3,2,A,B,0.0000,0.0,0.0,0.0000,0.3383,0.0000,0.0000,0.0,0.0,0.1900,26.7,75.7,0.320,0,0,0,0,,,,,898,501,,,,,CIZ1___SF3A3_unrelaxed_rank_003_alphafold2_multimer_v3_model_2_seed_000.pdb
CIZ1___SF3A3,4,1,A,B,0.0000,0.0,0.0,0.0000,0.2815,0.0000,0.0000,0.0,0.0,0.1900,26.5,74.4,0.320,0,0,0,0,,,,,898,501,,,,,CIZ1___SF3A3_unrelaxed_rank_004_alphafold2_multimer_v3_model_1_seed_000.pdb
CIZ1___SF3A3,5,4,A,B,0.0000,0.0,0.0,0.0000,0.3639,0.0000,0.0000,0.0,0.0,0.1800,24.5,69.9,0.310,0,0,0,0,,,,,898,501,,,,,CIZ1___SF3A3_unrelaxed_rank_005_alphafold2_multimer_v3_model_4_seed_000.pdb
CSTB___SAFB,1,3,A,B,0.0000,0.0,0.0,0.0000,0.3601,0.0000,0.0000,0.0,0.0,0.2600,86.4,35.4,0.220,0,0,0,0,,,,,98,915,,,,,CSTB___SAFB_unrelaxed_rank_001_alphafold2_multimer_v3_model_3_seed_000.pdb
CSTB___SAFB,2,4,A,B,0.0000,0.0,0.0,0.0000,0.3025,0.0000,0.0000,0.0,0.0,0.2500,86.2,33.9,0.210,0,0,0,0,,,,,98,915,,,,,CSTB___SAFB_unrelaxed_rank_002_alphafold2_multimer_v3_model_4_seed_000.pdb
CSTB___SAFB,3,1,A,B,0.0000,0.0,0.0,0.0000,0.1878,0.0000,0.0000,0.0,0.0,0.1900,88.9,34.4,0.210,0,0,0,0,,,,,98,915,,,,,CSTB___SAFB_unrelaxed_rank_003_alphafold2_multimer_v3_model_1_seed_000.pdb
CSTB___SAFB,4,5,A,B,0.0000,0.0,0.0,0.0000,0.1760,0.0000,0.0000,0.0,0.0,0.1800,89.3,34.8,0.210,0,0,0,0,,,,,98,915,,,,,CSTB___SAFB_unrelaxed_rank_004_alphafold2_multimer_v3_model_5_seed_000.pdb
CSTB___SAFB,5,2,A,B,0.0000,0.0,0.0,0.0000,0.1732,0.0000,0.0000,0.0,0.0,0.1500,90.1,35.5,0.200,0,0,0,0,,,,,98,915,,,,,CSTB___SAFB_unrelaxed_rank_005_alphafold2_multimer_v3_model_2_seed_000.pdb
DAZAP1___RBM33,1,1,A,B,0.0000,0.0,0.0,0.0000,0.2145,0.0000,0.0000,0.0,0.0,0.2000,41.0,21.8,0.220,0,0,0,0,,,,,407,1170,,,,,DAZAP1___RBM33_unrelaxed_rank_001_alphafold2_multimer_v3_model_1_seed_000.pdb
DAZAP1___RBM33,2,2,A,B,0.0000,0.0,0.0,0.0000,0.1832,0.0000,0.0000,0.0,0.0,0.1900,43.5,23.6,0.210,0,0,0,0,,,,,407,1170,,,,,DAZAP1___RBM33_unrelaxed_rank_002_alphafold2_multimer_v3_model_2_seed_000.pdb
DAZAP1___RBM33,3,4,A,B,0.0000,0.0,0.0,0.0000,0.1989,0.0000,0.0000,0.0,0.0,0.1800,43.1,22.6,0.210,0,0,0,0,,,,,407,1170,,,,,DAZAP1___RBM33_unrelaxed_rank_003_alphafold2_multimer_v3_model_4_seed_000.pdb
DAZAP1___RBM33,4,3,A,B,0.0000,0.0,0.0,0.0000,0.1919,0.0000,0.0000,0.0,0.0,0.1800,39.1,23.5,0.210,0,0,0,0,,,,,407,1170,,,,,DAZAP1___RBM33_unrelaxed_rank_004_alphafold2_multimer_v3_model_3_seed_000.pdb
DAZAP1___RBM33,5,5,A,B,0.0000,0.0,0.0,0.0000,0.1676,0.0000,0.0000,0.0,0.0,0.1700,44.4,24.3,0.200,0,0,0,0,,,,,407,1170,,,,,DAZAP1___RBM33_unrelaxed_rank_005_alphafold2_multimer_v3_model_5_seed_000.pdb
DDX17___LUC7L2,1,3,A,B,0.0511,40.7,2.1,0.0122,0.5126,0.0496,0.0528,415.0,4.0,0.3900,60.7,57.7,0.450,39,63,3,4,88.9,86.6,77.8,82.9,729,392,"[405-412,421,428,431-447,456-457,460,462-464,471,473,489,504-505,522]","[30,34-44,46-48,71,79-80,82-91,93,97,193,215-246]","[439,441-442]","[84,235-236,239]",DDX17___LUC7L2_unrelaxed_rank_001_alphafold2_multimer_v3_model_3_seed_000.pdb
DDX17___LUC7L2,2,4,A,B,0.0021,1.0,0.0,0.0000,0.4597,0.0021,0.0021,1.0,1.0,0.3100,58.7,55.3,0.380,1,1,1,1,73.4,77.6,73.4,77.6,729,392,[440],[211],[440],[211],DDX17___LUC7L2_unrelaxed_rank_002_alphafold2_multimer_v3_model_4_seed_000.pdb
DDX17___LUC7L2,3,2,A,B,0.0000,0.0,0.0,0.0000,0.1706,0.0000,0.0000,0.0,0.0,0.1700,61.4,55.5,0.410,0,0,0,0,,,,,729,392,,,,,DDX17___LUC7L2_unrelaxed_rank_003_alphafold2_multimer_v3_model_2_seed_000.pdb
DDX17___LUC7L2,4,1,A,B,0.0000,0.0,0.0,0.0000,0.1696,0.0000,0.0000,0.0,0.0,0.1700,59.3,52.5,0.370,0,0,0,0,,,,,729,392,,,,,DDX17___LUC7L2_unrelaxed_rank_004_alphafold2_multimer_v3_model_1_seed_000.pdb
DDX17___LUC7L2,5,5,A,B,0.0000,0.0,0.0,0.0000,0.1594,0.0000,0.0000,0.0,0.0,0.1700,59.5,55.7,0.360,0,0,0,0,,,,,729,392,,,,,DDX17___LUC7L2_unrelaxed_rank_005_alphafold2_multimer_v3_model_5_seed_000.pdb
EDC3___DDX17,1,1,A,B,0.0179,4.2,0.1,0.0000,0.4916,0.0220,0.0146,18.0,1.0,0.2300,59.9,58.5,0.380,2,16,1,1,31.9,94.4,33.9,94.1,508,729,[157-158],"[134,138,172,182,199,202-203,206,210,223,230-233,346,354]",[158],[233],EDC3___DDX17_unrelaxed_rank_001_alphafold2_multimer_v3_model_1_seed_000.pdb
EDC3___DDX17,2,5,A,B,0.0000,0.0,0.0,0.0000,0.3372,0.0000,0.0000,0.0,0.0,0.2200,59.6,59.3,0.400,0,0,0,0,,,,,508,729,,,,,EDC3___DDX17_unrelaxed_rank_002_alphafold2_multimer_v3_model_5_seed_000.pdb
EDC3___DDX17,3,2,A,B,0.0000,0.0,0.0,0.0000,0.2503,0.0000,0.0000,0.0,0.0,0.2100,60.5,60.4,0.410,0,0,0,0,,,,,508,729,,,,,EDC3___DDX17_unrelaxed_rank_003_alphafold2_multimer_v3_model_2_seed_000.pdb
EDC3___DDX17,4,3,A,B,0.0000,0.0,0.0,0.0000,0.1862,0.0000,0.0000,0.0,0.0,0.1800,58.8,59.6,0.420,0,0,0,0,,,,,508,729,,,,,EDC3___DDX17_unrelaxed_rank_004_alphafold2_multimer_v3_model_3_seed_000.pdb
EDC3___DDX17,5,4,A,B,0.0000,0.0,0.0,0.0000,0.1910,0.0000,0.0000,0.0,0.0,0.1800,58.6,58.8,0.400,0,0,0,0,,,,,508,729,,,,,EDC3___DDX17_unrelaxed_rank_005_alphafold2_multimer_v3_model_4_seed_000.pdb
EPB41___CCNT1,1,5,A,B,0.3156,940.1,296.7,0.3956,0.8935,0.2380,0.4185,8034.0,110.0,0.4000,47.6,43.6,0.350,341,145,25,26,86.0,83.4,70.5,73.3,864,726,"[207-539,660,663-669]","[14,18,34-40,44-61,66,70-73,75,78,86,91,94-95,100-101,103,105-107,111,130,133-134,136-137,139-141,143-144,150-165,167-180,184-186,189-201,203-204,206,221-223,233-235,237,240-241,244,381-409,412,416]","[405-407,409,411,422,429-431,450-451,457,459-465,660,663-664,666-668]","[55-57,155,158,168,171-172,175-176,179,382-390,392-393,395-396,400,403]",EPB41___CCNT1_unrelaxed_rank_001_alphafold2_multimer_v3_model_5_seed_000.pdb
EPB41___CCNT1,2,1,A,B,0.3111,840.7,261.5,0.3509,0.9012,0.2407,0.4020,6544.0,108.0,0.4000,47.7,42.1,0.350,328,80,24,26,85.9,75.0,72.1,66.9,864,726,"[209-341,345-496,498-499,501-536,663-664,666-668]","[42,47,54-57,59-60,70,94,100,103,152-164,168-179,184,191-192,194-195,197-204,206,221-222,224-225,233,381-404]","[405-407,409,411,422,429-431,450-451,454,457,459-465,663-664,666-667]","[55-57,155,158,171-172,175-176,179,382-390,392-393,395-396,399-400,404]",EPB41___CCNT1_unrelaxed_rank_002_alphafold2_multimer_v3_model_1_seed_000.pdb
EPB41___CCNT1,3,3,A,B,0.2274,1646.6,374.4,0.3325,0.8233,0.1637,0.3159,15405.0,176.0,0.4000,48.2,42.5,0.350,377,285,39,43,83.6,81.2,71.3,76.4,864,726,"[209-496,502-538,660-669,797-823,834,837-838,841-842,844-853]","[8-253,381-412,414-420]","[392,405-407,409,411,422,428-431,450-451,457,459-465,662-664,666-667,798-803,805,812,814,816,818,844-845]","[55-57,90,93-96,134-135,137-139,141-142,146,148-149,154-155,158,171-172,175-176,179,382-390,392-393,395-396,400,403,407,414]",EPB41___CCNT1_unrelaxed_rank_003_alphafold2_multimer_v3_model_3_seed_000.pdb
EPB41___CCNT1,4,2,A,B,0.2702,910.2,245.9,0.2531,0.8801,0.1876,0.3890,8122.0,102.0,0.3900,48.0,43.9,0.360,328,103,23,22,87.9,78.3,80.6,67.8,864,726,"[210-342,344-345,349-496,503-525,528-536,667,799,801-806,814-818]","[18,22,24-25,29,31-36,38,45,48-49,51-54,56-58,61,63-65,78,86,90-91,94-96,99-101,103-104,107,111,126-127,130-142,144-148,150,152,171-172,176,179,221,234,381-411,413-415,417]","[392,405-407,409,411,422,428-431,450-451,457,459-465,667,803]","[90,148,172,176,179,382-390,392-393,395-396,400,403,407,410]",EPB41___CCNT1_unrelaxed_rank_004_alphafold2_multimer_v3_model_2_seed_000.pdb
EPB41___CCNT1,5,4,A,B,0.2011,508.1,102.2,0.1156,0.8176,0.1537,0.2630,3111.0,83.0,0.3600,45.7,41.5,0.340,254,58,20,16,86.4,76.0,71.7,67.1,864,726,"[213-218,220-223,230-243,245,247-256,259,261-275,277-278,281-297,299-338,353-357,360-372,378-492,508,513-516,518-519,663-664,667,689]","[14,18,39,42,56-57,69-71,75,90,100,104,130,133,136-138,140-141,143-144,155-156,159,168,171-172,174,176,179,184,190,192,203,206,238,241,384-402,404]","[405-407,409,411,422,428-430,448,457,460-465,663-664,667]","[56-57,172,176,385-393,395-396,400]",EPB41___CCNT1_unrelaxed_rank_005_alphafold2_multimer_v3_model_4_seed_000.pdb
EPB41___SF1,1,3,A,B,0.0703,105.7,7.4,0.0144,0.6138,0.0553,0.0893,302.0,37.0,0.2600,48.5,36.9,0.360,26,40,10,10,68.9,69.9,66.3,61.0,864,639,"[412,798-807,811-821,837-838,841,844]","[30-59,61-65,86,102,105-106,112]","[800-807,814,844]","[30-32,38-40,44,49,53,56]",EPB41___SF1_unrelaxed_rank_001_alphafold2_multimer_v3_model_3_seed_000.pdb
EPB41___SF1,2,5,A,B,0.0899,256.8,23.1,0.0153,0.6631,0.0672,0.1202,1064.0,62.0,0.2500,47.9,36.4,0.350,49,56,15,17,69.0,73.7,67.1,66.4,864,639,"[797-807,809-821,831-855]","[30-66,100-112,114-119]","[798-807,812,814,816,844-845]","[30-32,38-40,42,44,46,49-50,52-53,56-57,60,64]",EPB41___SF1_unrelaxed_rank_002_alphafold2_multimer_v3_model_5_seed_000.pdb
EPB41___SF1,3,1,A,B,0.0149,1.4,0.0,0.0000,0.4491,0.0119,0.0187,2.0,1.0,0.2200,48.0,33.1,0.360,1,2,1,1,72.9,38.7,72.9,38.7,864,639,[435],[268-269],[435],[269],EPB41___SF1_unrelaxed_rank_003_alphafold2_multimer_v3_model_1_seed_000.pdb
EPB41___SF1,4,2,A,B,0.0000,0.0,0.0,0.0000,0.5072,0.0072,0.0000,6.0,0.0,0.2300,47.4,35.2,0.350,4,3,0,0,95.8,40.4,,,864,639,"[214,240,292,309]",[267-269],,,EPB41___SF1_unrelaxed_rank_004_alphafold2_multimer_v3_model_2_seed_000.pdb
EPB41___SF1,5,4,A,B,0.0000,0.0,0.0,0.0000,0.4062,0.0000,0.0000,0.0,0.0,0.2300,46.1,32.8,0.340,0,0,0,0,,,,,864,639,,,,,EPB41___SF1_unrelaxed_rank_005_alphafold2_multimer_v3_model_4_seed_000.pdb
FAM50A___CDC5L,1,3,A,B,0.2834,345.2,97.8,0.0256,0.8429,0.2036,0.3944,2167.0,55.0,0.3500,58.7,56.1,0.290,58,70,14,17,70.0,83.2,65.0,81.9,339,802,"[17-18,20-34,36-40,153-188]","[732-733,735-802]","[20,24,27-28,31,154,156-159,162,164,166-167]","[747-748,751,754-755,774,777-778,781-782,784-785,788-789,792-793,796]",FAM50A___CDC5L_unrelaxed_rank_001_alphafold2_multimer_v3_model_3_seed_000.pdb
FAM50A___CDC5L,2,2,A,B,0.2762,271.4,75.0,0.0214,0.8353,0.2017,0.3781,1535.0,48.0,0.2800,58.5,55.0,0.280,36,51,9,12,72.5,85.0,62.1,83.7,339,802,[153-188],"[748,751,754-802]","[154,156-159,162,164,166-167]","[774,777-778,781-782,784-785,788-789,792-793,796]",FAM50A___CDC5L_unrelaxed_rank_002_alphafold2_multimer_v3_model_2_seed_000.pdb
FAM50A___CDC5L,3,1,A,B,0.1283,136.5,17.5,0.0147,0.6873,0.1009,0.1631,466.0,40.0,0.2300,59.9,58.8,0.250,14,40,8,9,60.6,83.8,59.1,81.6,339,802,[156-169],[762-801],"[156-159,162,164,166-167]","[777-778,781-782,784-785,788-789,792]",FAM50A___CDC5L_unrelaxed_rank_003_alphafold2_multimer_v3_model_1_seed_000.pdb
FAM50A___CDC5L,4,4,A,B,0.0000,0.0,0.0,0.0000,0.2599,0.0000,0.0000,0.0,0.0,0.1700,51.4,51.1,0.250,0,0,0,0,,,,,339,802,,,,,FAM50A___CDC5L_unrelaxed_rank_004_alphafold2_multimer_v3_model_4_seed_000.pdb
FAM50A___CDC5L,5,5,A,B,0.0000,0.0,0.0,0.0000,0.1813,0.0000,0.0000,0.0,0.0,0.1600,53.4,53.8,0.260,0,0,0,0,,,,,339,802,,,,,FAM50A___CDC5L_unrelaxed_rank_005_alphafold2_multimer_v3_model_5_seed_000.pdb
FAM50A___DNAJA1,1,4,A,B,0.0000,0.0,0.0,0.0000,0.2101,0.0000,0.0000,0.0,0.0,0.1600,50.8,74.4,0.370,0,0,0,0,,,,,339,397,,,,,FAM50A___DNAJA1_unrelaxed_rank_001_alphafold2_multimer_v3_model_4_seed_000.pdb
FAM50A___DNAJA1,2,5,A,B,0.0000,0.0,0.0,0.0000,0.1220,0.0000,0.0000,0.0,0.0,0.1200,54.7,74.9,0.360,0,0,0,0,,,,,339,397,,,,,FAM50A___DNAJA1_unrelaxed_rank_002_alphafold2_multimer_v3_model_5_seed_000.pdb
FAM50A___DNAJA1,3,1,A,B,0.0000,0.0,0.0,0.0000,0.1107,0.0000,0.0000,0.0,0.0,0.1200,53.4,75.6,0.360,0,0,0,0,,,,,339,397,,,,,FAM50A___DNAJA1_unrelaxed_rank_003_alphafold2_multimer_v3_model_1_seed_000.pdb
FAM50A___DNAJA1,4,2,A,B,0.0000,0.0,0.0,0.0000,0.0929,0.0000,0.0000,0.0,0.0,0.1200,57.1,76.9,0.370,0,0,0,0,,,,,339,397,,,,,FAM50A___DNAJA1_unrelaxed_rank_004_alphafold2_multimer_v3_model_2_seed_000.pdb
FAM50A___DNAJA1,5,3,A,B,0.0000,0.0,0.0,0.0000,0.0991,0.0000,0.0000,0.0,0.0,0.1100,51.0,72.5,0.350,0,0,0,0,,,,,339,397,,,,,FAM50A___DNAJA1_unrelaxed_rank_005_alphafold2_multimer_v3_model_3_seed_000.pdb
FUBP1___CCNT1,1,1,A,B,0.1320,275.1,36.3,0.0183,0.7089,0.1009,0.1726,2162.0,35.0,0.3000,42.2,42.3,0.350,15,222,10,12,42.7,88.0,43.8,80.1,644,726,"[533-546,586]","[12-27,29-113,125-215,219-248]","[533-534,536-537,539-541,543-544,586]","[55-57,154-155,158,163,171-172,175-176,179]",FUBP1___CCNT1_unrelaxed_rank_001_alphafold2_multimer_v3_model_1_seed_000.pdb
FUBP1___CCNT1,2,5,A,B,0.1095,227.4,24.9,0.0149,0.6489,0.0901,0.1329,1723.0,30.0,0.2900,44.0,42.6,0.330,13,219,9,10,47.0,89.5,46.7,85.5,644,726,[533-545],"[12-27,29-112,125-215,219-246]","[534,536-537,539-541,543-545]","[55-57,154-155,158-159,171-172,175]",FUBP1___CCNT1_unrelaxed_rank_002_alphafold2_multimer_v3_model_5_seed_000.pdb
FUBP1___CCNT1,3,4,A,B,0.1543,648.4,100.1,0.0168,0.7768,0.1186,0.2008,4832.0,87.0,0.2800,39.4,40.8,0.350,28,222,18,23,42.1,85.8,43.3,78.5,644,726,"[533-545,579-593]","[12-27,29-95,97-113,125-246]","[533-534,536-537,539-541,543-544,579-583,585-587,589]","[55-57,154-155,158-159,162-164,171-172,175-176,179,213-217,219,221,224]",FUBP1___CCNT1_unrelaxed_rank_003_alphafold2_multimer_v3_model_4_seed_000.pdb
FUBP1___CCNT1,4,2,A,B,0.0482,179.2,8.6,0.0124,0.5967,0.0492,0.0472,1606.0,20.0,0.2400,43.3,44.2,0.350,14,215,8,10,37.6,89.7,38.9,77.6,644,726,"[32,34-43,537,540-541]","[12-79,81-88,90-95,99-112,126-145,147-214,219-249]","[35-36,38-39,41-42,540-541]","[154,158,173,175,204,206-209,242]",FUBP1___CCNT1_unrelaxed_rank_004_alphafold2_multimer_v3_model_2_seed_000.pdb
FUBP1___CCNT1,5,3,A,B,0.0000,0.0,0.0,0.0000,0.2676,0.0000,0.0000,0.0,0.0,0.2000,39.6,41.7,0.320,0,0,0,0,,,,,644,726,,,,,FUBP1___CCNT1_unrelaxed_rank_005_alphafold2_multimer_v3_model_3_seed_000.pdb
FUBP1___FUBP3,1,1,A,B,0.0000,0.0,0.0,0.0000,0.1552,0.0000,0.0000,0.0,0.0,0.1600,40.5,44.2,0.210,0,0,0,0,,,,,644,572,,,,,FUBP1___FUBP3_unrelaxed_rank_001_alphafold2_multimer_v3_model_1_seed_000.pdb
FUBP1___FUBP3,2,2,A,B,0.0000,0.0,0.0,0.0000,0.2193,0.0000,0.0000,0.0,0.0,0.1500,44.5,48.4,0.200,0,0,0,0,,,,,644,572,,,,,FUBP1___FUBP3_unrelaxed_rank_002_alphafold2_multimer_v3_model_2_seed_000.pdb
FUBP1___FUBP3,3,4,A,B,0.0000,0.0,0.0,0.0000,0.1543,0.0000,0.0000,0.0,0.0,0.1500,41.0,43.8,0.200,0,0,0,0,,,,,644,572,,,,,FUBP1___FUBP3_unrelaxed_rank_003_alphafold2_multimer_v3_model_4_seed_000.pdb
FUBP1___FUBP3,4,5,A,B,0.0000,0.0,0.0,0.0000,0.1410,0.0000,0.0000,0.0,0.0,0.1400,45.4,47.9,0.200,0,0,0,0,,,,,644,572,,,,,FUBP1___FUBP3_unrelaxed_rank_004_alphafold2_multimer_v3_model_5_seed_000.pdb
FUBP1___FUBP3,5,3,A,B,0.0000,0.0,0.0,0.0000,0.1452,0.0000,0.0000,0.0,0.0,0.1400,41.3,43.9,0.190,0,0,0,0,,,,,644,572,,,,,FUBP1___FUBP3_unrelaxed_rank_005_alphafold2_multimer_v3_model_3_seed_000.pdb
FUBP1___RPS12,1,4,A,B,0.0000,0.0,0.0,0.0000,0.2716,0.0000,0.0000,0.0,0.0,0.2400,46.1,79.5,0.270,0,0,0,0,,,,,644,132,,,,,FUBP1___RPS12_unrelaxed_rank_001_alphafold2_multimer_v3_model_4_seed_000.pdb
FUBP1___RPS12,2,3,A,B,0.0000,0.0,0.0,0.0000,0.2050,0.0000,0.0000,0.0,0.0,0.2100,44.1,78.5,0.270,0,0,0,0,,,,,644,132,,,,,FUBP1___RPS12_unrelaxed_rank_002_alphafold2_multimer_v3_model_3_seed_000.pdb
FUBP1___RPS12,3,5,A,B,0.0000,0.0,0.0,0.0000,0.1519,0.0000,0.0000,0.0,0.0,0.2100,48.0,79.2,0.250,0,0,0,0,,,,,644,132,,,,,FUBP1___RPS12_unrelaxed_rank_003_alphafold2_multimer_v3_model_5_seed_000.pdb
FUBP1___RPS12,4,2,A,B,0.0000,0.0,0.0,0.0000,0.2228,0.0000,0.0000,0.0,0.0,0.2100,49.0,78.3,0.260,0,0,0,0,,,,,644,132,,,,,FUBP1___RPS12_unrelaxed_rank_004_alphafold2_multimer_v3_model_2_seed_000.pdb
FUBP1___RPS12,5,1,A,B,0.0000,0.0,0.0,0.0000,0.1430,0.0000,0.0000,0.0,0.0,0.1800,47.9,79.5,0.260,0,0,0,0,,,,,644,132,,,,,FUBP1___RPS12_unrelaxed_rank_005_alphafold2_multimer_v3_model_1_seed_000.pdb
FUBP1___TXN,1,1,A,B,0.0000,0.0,0.0,0.0000,0.1701,0.0000,0.0000,0.0,0.0,0.2000,46.1,85.3,0.250,0,0,0,0,,,,,644,105,,,,,FUBP1___TXN_unrelaxed_rank_001_alphafold2_multimer_v3_model_1_seed_000.pdb
FUBP1___TXN,2,4,A,B,0.0000,0.0,0.0,0.0000,0.1550,0.0000,0.0000,0.0,0.0,0.2000,43.5,83.7,0.240,0,0,0,0,,,,,644,105,,,,,FUBP1___TXN_unrelaxed_rank_002_alphafold2_multimer_v3_model_4_seed_000.pdb
FUBP1___TXN,3,5,A,B,0.0000,0.0,0.0,0.0000,0.1632,0.0000,0.0000,0.0,0.0,0.2000,46.2,86.8,0.240,0,0,0,0,,,,,644,105,,,,,FUBP1___TXN_unrelaxed_rank_003_alphafold2_multimer_v3_model_5_seed_000.pdb
FUBP1___TXN,4,2,A,B,0.0000,0.0,0.0,0.0000,0.1505,0.0000,0.0000,0.0,0.0,0.1800,46.0,84.8,0.250,0,0,0,0,,,,,644,105,,,,,FUBP1___TXN_unrelaxed_rank_004_alphafold2_multimer_v3_model_2_seed_000.pdb
FUBP1___TXN,5,3,A,B,0.0000,0.0,0.0,0.0000,0.1550,0.0000,0.0000,0.0,0.0,0.1500,43.8,84.9,0.250,0,0,0,0,,,,,644,105,,,,,FUBP1___TXN_unrelaxed_rank_005_alphafold2_multimer_v3_model_3_seed_000.pdb
FUS___GFP,1,3,A,B,0.3214,710.1,228.2,0.3169,0.7840,0.2257,0.4578,12007.0,42.0,0.6900,30.6,89.3,0.400,35,230,9,9,76.2,91.0,77.0,89.3,526,238,[420-454],[1-230],"[422,435-438,440-441,445-446]","[17,19-20,26,28,30,49-50,122]",FUS___GFP_unrelaxed_rank_001_alphafold2_multimer_v3_model_3_seed_000.pdb
FUS___GFP,2,2,A,B,0.0543,180.3,9.8,0.0135,0.4182,0.0546,0.0539,1711.0,19.0,0.5400,32.2,91.3,0.430,56,191,9,8,89.0,93.8,79.2,87.9,526,238,"[286-291,297-313,320-324,336-358,363-367]","[5-8,11-19,21-22,25-51,53-58,60-90,92-101,103,105-112,114-127,130,134-137,139-141,144-155,160-163,165-171,175,177-188,192,194-213,215-228]","[307-309,343,345-346,349,352-353]","[40-41,73,75,202,204,223,225]",FUS___GFP_unrelaxed_rank_002_alphafold2_multimer_v3_model_2_seed_000.pdb
FUS___GFP,3,1,A,B,0.0000,0.0,0.0,0.0000,0.3071,0.0000,0.0000,0.0,0.0,0.3400,31.5,88.5,0.400,0,0,0,0,,,,,526,238,,,,,FUS___GFP_unrelaxed_rank_003_alphafold2_multimer_v3_model_1_seed_000.pdb
FUS___GFP,4,4,A,B,0.0000,0.0,0.0,0.0000,0.1594,0.0000,0.0000,0.0,0.0,0.2000,28.8,87.8,0.370,0,0,0,0,,,,,526,238,,,,,FUS___GFP_unrelaxed_rank_004_alphafold2_multimer_v3_model_4_seed_000.pdb
FUS___GFP,5,5,A,B,0.0000,0.0,0.0,0.0000,0.1335,0.0000,0.0000,0.0,0.0,0.1800,30.0,89.1,0.370,0,0,0,0,,,,,526,238,,,,,FUS___GFP_unrelaxed_rank_005_alphafold2_multimer_v3_model_5_seed_000.pdb
FUS___PTBP1,1,1,A,B,0.0000,0.0,0.0,0.0000,0.2354,0.0000,0.0000,0.0,0.0,0.1900,29.0,65.6,0.290,0,0,0,0,,,,,526,557,,,,,FUS___PTBP1_unrelaxed_rank_001_alphafold2_multimer_v3_model_1_seed_000.pdb
FUS___PTBP1,2,4,A,B,0.0000,0.0,0.0,0.0000,0.2051,0.0000,0.0000,0.0,0.0,0.1700,29.0,65.9,0.280,0,0,0,0,,,,,526,557,,,,,FUS___PTBP1_unrelaxed_rank_002_alphafold2_multimer_v3_model_4_seed_000.pdb
FUS___PTBP1,3,5,A,B,0.0000,0.0,0.0,0.0000,0.1917,0.0000,0.0000,0.0,0.0,0.1600,29.4,68.5,0.280,0,0,0,0,,,,,526,557,,,,,FUS___PTBP1_unrelaxed_rank_003_alphafold2_multimer_v3_model_5_seed_000.pdb
FUS___PTBP1,4,2,A,B,0.0000,0.0,0.0,0.0000,0.1531,0.0000,0.0000,0.0,0.0,0.1500,30.4,67.3,0.290,0,0,0,0,,,,,526,557,,,,,FUS___PTBP1_unrelaxed_rank_004_alphafold2_multimer_v3_model_2_seed_000.pdb
FUS___PTBP1,5,3,A,B,0.0000,0.0,0.0,0.0000,0.1644,0.0000,0.0000,0.0,0.0,0.1500,28.3,66.0,0.280,0,0,0,0,,,,,526,557,,,,,FUS___PTBP1_unrelaxed_rank_005_alphafold2_multimer_v3_model_3_seed_000.pdb
KHSRP___PPP1R10,1,1,A,B,0.0000,0.0,0.0,0.0000,0.1976,0.0000,0.0000,0.0,0.0,0.1800,38.6,30.9,0.240,0,0,0,0,,,,,711,940,,,,,KHSRP___PPP1R10_unrelaxed_rank_001_alphafold2_multimer_v3_model_1_seed_000.pdb
KHSRP___PPP1R10,2,2,A,B,0.0000,0.0,0.0,0.0000,0.1897,0.0000,0.0000,0.0,0.0,0.1800,42.7,32.9,0.260,0,0,0,0,,,,,711,940,,,,,KHSRP___PPP1R10_unrelaxed_rank_002_alphafold2_multimer_v3_model_2_seed_000.pdb
KHSRP___PPP1R10,3,4,A,B,0.0000,0.0,0.0,0.0000,0.2291,0.0000,0.0000,0.0,0.0,0.1700,38.6,32.8,0.250,0,0,0,0,,,,,711,940,,,,,KHSRP___PPP1R10_unrelaxed_rank_003_alphafold2_multimer_v3_model_4_seed_000.pdb
KHSRP___PPP1R10,4,3,A,B,0.0000,0.0,0.0,0.0000,0.1848,0.0000,0.0000,0.0,0.0,0.1600,39.8,32.0,0.250,0,0,0,0,,,,,711,940,,,,,KHSRP___PPP1R10_unrelaxed_rank_004_alphafold2_multimer_v3_model_3_seed_000.pdb
KHSRP___PPP1R10,5,5,A,B,0.0000,0.0,0.0,0.0000,0.1644,0.0000,0.0000,0.0,0.0,0.1600,41.9,33.0,0.250,0,0,0,0,,,,,711,940,,,,,KHSRP___PPP1R10_unrelaxed_rank_005_alphafold2_multimer_v3_model_5_seed_000.pdb
KHSRP___ZBTB33,1,4,A,B,0.0000,0.0,0.0,0.0000,0.2511,0.0000,0.0000,0.0,0.0,0.1700,36.2,37.1,0.220,0,0,0,0,,,,,711,672,,,,,KHSRP___ZBTB33_unrelaxed_rank_001_alphafold2_multimer_v3_model_4_seed_000.pdb
KHSRP___ZBTB33,2,2,A,B,0.0000,0.0,0.0,0.0000,0.1769,0.0000,0.0000,0.0,0.0,0.1700,40.0,36.4,0.230,0,0,0,0,,,,,711,672,,,,,KHSRP___ZBTB33_unrelaxed_rank_002_alphafold2_multimer_v3_model_2_seed_000.pdb
KHSRP___ZBTB33,3,1,A,B,0.0000,0.0,0.0,0.0000,0.1949,0.0000,0.0000,0.0,0.0,0.1700,35.6,34.5,0.220,0,0,0,0,,,,,711,672,,,,,KHSRP___ZBTB33_unrelaxed_rank_003_alphafold2_multimer_v3_model_1_seed_000.pdb
KHSRP___ZBTB33,4,3,A,B,0.0000,0.0,0.0,0.0000,0.1802,0.0000,0.0000,0.0,0.0,0.1600,35.7,37.4,0.230,0,0,0,0,,,,,711,672,,,,,KHSRP___ZBTB33_unrelaxed_rank_004_alphafold2_multimer_v3_model_3_seed_000.pdb
KHSRP___ZBTB33,5,5,A,B,0.0000,0.0,0.0,0.0000,0.1664,0.0000,0.0000,0.0,0.0,0.1500,40.4,39.4,0.220,0,0,0,0,,,,,711,672,,,,,KHSRP___ZBTB33_unrelaxed_rank_005_alphafold2_multimer_v3_model_5_seed_000.pdb
MATR3___PDK1,1,4,A,B,0.0000,0.0,0.0,0.0000,0.3708,0.0000,0.0000,0.0,0.0,0.4100,35.6,75.6,0.420,0,0,0,0,,,,,847,436,,,,,MATR3___PDK1_unrelaxed_rank_001_alphafold2_multimer_v3_model_4_seed_000.pdb
MATR3___PDK1,2,1,A,B,0.0000,0.0,0.0,0.0000,0.4476,0.0000,0.0000,0.0,0.0,0.2900,38.5,74.0,0.420,0,0,0,0,,,,,847,436,,,,,MATR3___PDK1_unrelaxed_rank_002_alphafold2_multimer_v3_model_1_seed_000.pdb
MATR3___PDK1,3,3,A,B,0.0000,0.0,0.0,0.0000,0.4278,0.0038,0.0000,1.0,0.0,0.2800,37.9,74.6,0.400,1,1,0,0,25.5,92.4,,,847,436,[356],[120],,,MATR3___PDK1_unrelaxed_rank_003_alphafold2_multimer_v3_model_3_seed_000.pdb
MATR3___PDK1,4,5,A,B,0.0000,0.0,0.0,0.0000,0.3474,0.0000,0.0000,0.0,0.0,0.2200,37.3,75.7,0.390,0,0,0,0,,,,,847,436,,,,,MATR3___PDK1_unrelaxed_rank_004_alphafold2_multimer_v3_model_5_seed_000.pdb
MATR3___PDK1,5,2,A,B,0.0000,0.0,0.0,0.0000,0.2192,0.0000,0.0000,0.0,0.0,0.2000,38.5,76.1,0.390,0,0,0,0,,,,,847,436,,,,,MATR3___PDK1_unrelaxed_rank_005_alphafold2_multimer_v3_model_2_seed_000.pdb
MATR3___PPP1R10,1,5,A,B,0.2808,351.3,98.7,0.1121,0.8531,0.2207,0.3573,2286.0,54.0,0.2500,41.3,30.5,0.240,15,143,10,14,50.4,91.7,54.9,88.9,847,940,[661-675],[7-149],"[662,664-666,668-673]","[105,108-109,111-112,114-115,118,137,140-141,144-145,148]",MATR3___PPP1R10_unrelaxed_rank_001_alphafold2_multimer_v3_model_5_seed_000.pdb
MATR3___PPP1R10,2,4,A,B,0.1417,301.0,42.7,0.0177,0.7811,0.1106,0.1816,1373.0,66.0,0.2500,39.5,30.3,0.250,25,133,14,19,68.1,84.1,63.8,75.7,847,940,"[107-117,121-122,527,529-533,535-536,550,558,572-573]","[4-105,107-108,113-121,127-138,140-142,441,443-444,447-448]","[107-112,114-117,527,529-531]","[8-9,12-13,16,19,21-23,48-49,52-53,55-56,443-444,447-448]",MATR3___PPP1R10_unrelaxed_rank_002_alphafold2_multimer_v3_model_4_seed_000.pdb
MATR3___PPP1R10,3,2,A,B,0.2457,300.0,73.7,0.0293,0.8392,0.1925,0.3136,2046.0,44.0,0.2400,43.7,31.9,0.250,17,143,6,14,42.9,91.6,50.5,88.6,847,940,[659-675],[7-149],"[665,668-672]","[105,108-109,111-112,114-115,118,137,140-141,144-145,148]",MATR3___PPP1R10_unrelaxed_rank_003_alphafold2_multimer_v3_model_2_seed_000.pdb
MATR3___PPP1R10,4,3,A,B,0.1397,202.4,28.3,0.0150,0.7413,0.1100,0.1774,1024.0,40.0,0.2300,40.4,29.5,0.250,12,136,6,11,43.8,89.0,49.5,86.8,847,940,[662-673],"[8-15,18-20,22-146]","[664-666,668-670]","[105,108-109,114-115,118,137,140-141,144-145]",MATR3___PPP1R10_unrelaxed_rank_004_alphafold2_multimer_v3_model_3_seed_000.pdb
MATR3___PPP1R10,5,1,A,B,0.0000,0.0,0.0,0.0000,0.2580,0.0000,0.0000,0.0,0.0,0.1900,38.2,29.8,0.250,0,0,0,0,,,,,847,940,,,,,MATR3___PPP1R10_unrelaxed_rank_005_alphafold2_multimer_v3_model_1_seed_000.pdb
MRPL12___CSTB,1,4,A,B,0.0000,0.0,0.0,0.0000,0.1229,0.0000,0.0000,0.0,0.0,0.1200,55.0,83.9,0.360,0,0,0,0,,,,,198,98,,,,,MRPL12___CSTB_unrelaxed_rank_001_alphafold2_multimer_v3_model_4_seed_000.pdb
MRPL12___CSTB,2,5,A,B,0.0000,0.0,0.0,0.0000,0.0604,0.0000,0.0000,0.0,0.0,0.0900,45.3,80.3,0.340,0,0,0,0,,,,,198,98,,,,,MRPL12___CSTB_unrelaxed_rank_002_alphafold2_multimer_v3_model_5_seed_000.pdb
MRPL12___CSTB,3,3,A,B,0.0000,0.0,0.0,0.0000,0.0628,0.0000,0.0000,0.0,0.0,0.1000,51.0,74.1,0.330,0,0,0,0,,,,,198,98,,,,,MRPL12___CSTB_unrelaxed_rank_003_alphafold2_multimer_v3_model_3_seed_000.pdb
MRPL12___CSTB,4,1,A,B,0.0000,0.0,0.0,0.0000,0.0614,0.0000,0.0000,0.0,0.0,0.0900,51.5,80.7,0.340,0,0,0,0,,,,,198,98,,,,,MRPL12___CSTB_unrelaxed_rank_004_alphafold2_multimer_v3_model_1_seed_000.pdb
MRPL12___CSTB,5,2,A,B,0.0000,0.0,0.0,0.0000,0.0615,0.0000,0.0000,0.0,0.0,0.0800,52.7,79.1,0.330,0,0,0,0,,,,,198,98,,,,,MRPL12___CSTB_unrelaxed_rank_005_alphafold2_multimer_v3_model_2_seed_000.pdb
MRPL12___DNAJA1,1,2,A,B,0.0000,0.0,0.0,0.0000,0.1938,0.0000,0.0000,0.0,0.0,0.1200,47.0,79.0,0.410,0,0,0,0,,,,,198,397,,,,,MRPL12___DNAJA1_unrelaxed_rank_001_alphafold2_multimer_v3_model_2_seed_000.pdb
MRPL12___DNAJA1,2,1,A,B,0.0000,0.0,0.0,0.0000,0.1031,0.0000,0.0000,0.0,0.0,0.1100,46.5,80.4,0.420,0,0,0,0,,,,,198,397,,,,,MRPL12___DNAJA1_unrelaxed_rank_002_alphafold2_multimer_v3_model_1_seed_000.pdb
MRPL12___DNAJA1,3,5,A,B,0.0000,0.0,0.0,0.0000,0.1132,0.0000,0.0000,0.0,0.0,0.1000,42.6,79.2,0.420,0,0,0,0,,,,,198,397,,,,,MRPL12___DNAJA1_unrelaxed_rank_003_alphafold2_multimer_v3_model_5_seed_000.pdb
MRPL12___DNAJA1,4,4,A,B,0.0000,0.0,0.0,0.0000,0.0915,0.0000,0.0000,0.0,0.0,0.0900,45.7,79.2,0.420,0,0,0,0,,,,,198,397,,,,,MRPL12___DNAJA1_unrelaxed_rank_004_alphafold2_multimer_v3_model_4_seed_000.pdb
MRPL12___DNAJA1,5,3,A,B,0.0000,0.0,0.0,0.0000,0.0873,0.0000,0.0000,0.0,0.0,0.0900,44.3,78.5,0.410,0,0,0,0,,,,,198,397,,,,,MRPL12___DNAJA1_unrelaxed_rank_005_alphafold2_multimer_v3_model_3_seed_000.pdb
MRPL12___FUBP1,1,1,A,B,0.0000,0.0,0.0,0.0000,0.1286,0.0000,0.0000,0.0,0.0,0.1500,43.2,49.4,0.210,0,0,0,0,,,,,198,644,,,,,MRPL12___FUBP1_unrelaxed_rank_001_alphafold2_multimer_v3_model_1_seed_000.pdb
MRPL12___FUBP1,2,2,A,B,0.0000,0.0,0.0,0.0000,0.0000,0.0000,0.0000,0.0,0.0,0.1400,48.2,50.4,0.210,0,0,0,0,,,,,198,644,,,,,MRPL12___FUBP1_unrelaxed_rank_002_alphafold2_multimer_v3_model_2_seed_000.pdb
MRPL12___FUBP1,3,4,A,B,0.0000,0.0,0.0,0.0000,0.1210,0.0000,0.0000,0.0,0.0,0.1400,45.3,47.0,0.200,0,0,0,0,,,,,198,644,,,,,MRPL12___FUBP1_unrelaxed_rank_003_alphafold2_multimer_v3_model_4_seed_000.pdb
MRPL12___FUBP1,4,5,A,B,0.0000,0.0,0.0,0.0000,0.0000,0.0000,0.0000,0.0,0.0,0.1200,46.0,49.3,0.200,0,0,0,0,,,,,198,644,,,,,MRPL12___FUBP1_unrelaxed_rank_004_alphafold2_multimer_v3_model_5_seed_000.pdb
MRPL12___FUBP1,5,3,A,B,0.0000,0.0,0.0,0.0000,0.1171,0.0000,0.0000,0.0,0.0,0.1200,47.4,47.0,0.200,0,0,0,0,,,,,198,644,,,,,MRPL12___FUBP1_unrelaxed_rank_005_alphafold2_multimer_v3_model_3_seed_000.pdb
MRPL12___PCCA,1,1,A,B,0.0000,0.0,0.0,0.0000,0.1405,0.0000,0.0000,0.0,0.0,0.1600,39.3,84.3,0.670,0,0,0,0,,,,,198,728,,,,,MRPL12___PCCA_unrelaxed_rank_001_alphafold2_multimer_v3_model_1_seed_000.pdb
MRPL12___PCCA,2,3,A,B,0.0000,0.0,0.0,0.0000,0.1299,0.0000,0.0000,0.0,0.0,0.1400,43.2,83.8,0.670,0,0,0,0,,,,,198,728,,,,,MRPL12___PCCA_unrelaxed_rank_002_alphafold2_multimer_v3_model_3_seed_000.pdb
MRPL12___PCCA,3,2,A,B,0.0000,0.0,0.0,0.0000,0.1246,0.0000,0.0000,0.0,0.0,0.1400,42.4,84.4,0.670,0,0,0,0,,,,,198,728,,,,,MRPL12___PCCA_unrelaxed_rank_003_alphafold2_multimer_v3_model_2_seed_000.pdb
MRPL12___PCCA,4,5,A,B,0.0000,0.0,0.0,0.0000,0.1180,0.0000,0.0000,0.0,0.0,0.1400,41.7,84.3,0.670,0,0,0,0,,,,,198,728,,,,,MRPL12___PCCA_unrelaxed_rank_004_alphafold2_multimer_v3_model_5_seed_000.pdb
MRPL12___PCCA,5,4,A,B,0.0000,0.0,0.0,0.0000,0.1441,0.0000,0.0000,0.0,0.0,0.1400,42.8,82.8,0.660,0,0,0,0,,,,,198,728,,,,,MRPL12___PCCA_unrelaxed_rank_005_alphafold2_multimer_v3_model_4_seed_000.pdb
NASP___DAZAP1,1,5,A,B,0.4843,324.6,157.2,0.3244,0.9699,0.3836,0.6114,2634.0,40.0,0.3100,38.6,40.2,0.330,219,12,15,7,90.2,47.7,91.1,57.4,788,407,"[39-105,512-663]","[206,397-407]","[54,57,59,97,100,581-582,584-585,588,638,641-642,644-645]","[398,400,403-407]",NASP___DAZAP1_unrelaxed_rank_001_alphafold2_multimer_v3_model_5_seed_000.pdb
NASP___DAZAP1,2,3,A,B,0.3398,311.8,105.9,0.0477,0.9305,0.2743,0.4208,2315.0,42.0,0.2500,38.0,38.3,0.330,212,13,15,8,89.7,38.6,89.8,44.3,788,407,"[39-103,512-627,632-662]","[206,396-407]","[97,100,519,554,581-582,584-585,588-589,638,641-642,644-645]","[206,397,400,403-407]",NASP___DAZAP1_unrelaxed_rank_002_alphafold2_multimer_v3_model_3_seed_000.pdb
NASP___DAZAP1,3,1,A,B,0.2507,422.7,106.0,0.0346,0.8867,0.2114,0.2974,2978.0,60.0,0.2500,38.2,38.5,0.340,211,20,26,13,90.5,37.4,87.7,40.3,788,407,"[39-102,512-627,632-662]","[202-209,396-407]","[97,100,516,519-520,523,552-553,555,557,560,581-582,584-585,588-589,592,596,614,638,641-642,644-645,648]","[204-206,208,397-400,403-407]",NASP___DAZAP1_unrelaxed_rank_003_alphafold2_multimer_v3_model_1_seed_000.pdb
NASP___DAZAP1,4,2,A,B,0.3186,300.8,95.9,0.0401,0.8985,0.2572,0.3948,2155.0,42.0,0.2400,39.1,38.9,0.330,212,11,14,7,92.1,41.8,91.5,46.8,788,407,"[39-103,512-627,632-662]",[397-407],"[97,100,581-582,584-585,588-589,638,641-642,644-645,648]","[398,400,403-407]",NASP___DAZAP1_unrelaxed_rank_004_alphafold2_multimer_v3_model_2_seed_000.pdb
NASP___DAZAP1,5,4,A,B,0.3157,324.6,102.5,0.0437,0.9070,0.2709,0.3679,2242.0,47.0,0.2200,38.2,36.6,0.340,214,12,17,8,88.8,37.0,88.2,40.0,788,407,"[39-103,512-628,632-663]",[396-407],"[100,550,553-554,581-582,584-585,588-589,614,638,641-642,644-645,648]","[398-399,401,403-407]",NASP___DAZAP1_unrelaxed_rank_005_alphafold2_multimer_v3_model_4_seed_000.pdb
NASP___DNAJA1,1,4,A,B,0.2862,1394.2,399.0,0.3142,0.9003,0.1917,0.4272,37378.0,52.0,0.4800,38.9,76.8,0.420,224,158,16,13,90.2,86.7,85.9,85.1,788,397,"[39-106,512-667]","[103-130,132,201,203-231,233-330,342]","[55-57,101,553,581,584-585,588-589,592,644-645,648-649,655]","[211,214,255-257,281,302,304,312-315,319]",NASP___DNAJA1_unrelaxed_rank_001_alphafold2_multimer_v3_model_4_seed_000.pdb
NASP___DNAJA1,2,3,A,B,0.1424,465.3,66.3,0.0160,0.6587,0.1134,0.1788,2279.0,95.0,0.3300,37.4,71.2,0.330,212,136,23,26,86.2,79.8,66.3,65.6,788,397,"[40-77,80-102,107-118,514-532,534-626,633-659]","[83-94,105-135,195,199-247,249-254,257-263,273-281,283-288,300,303,306-311,317-318,320-324]","[108-118,550,581-582,584-585,588-589,641-642,644-645,648]","[84-85,87-88,90-93,107-109,111,123-131,208,227-229,239]",NASP___DNAJA1_unrelaxed_rank_002_alphafold2_multimer_v3_model_3_seed_000.pdb
NASP___DNAJA1,3,2,A,B,0.2118,377.5,80.0,0.0217,0.7865,0.1771,0.2532,2909.0,49.0,0.2500,37.8,71.7,0.330,209,16,16,9,90.0,40.6,85.2,42.3,788,397,"[39-102,513-627,632-661]",[82-97],"[51,54-55,97,581-582,584-585,588,641-642,644-645,648-649,651]","[84,87-88,90-93,95-96]",NASP___DNAJA1_unrelaxed_rank_003_alphafold2_multimer_v3_model_2_seed_000.pdb
NASP___DNAJA1,4,1,A,B,0.0000,0.0,0.0,0.0000,0.2873,0.0000,0.0000,0.0,0.0,0.2200,38.0,72.7,0.320,0,0,0,0,,,,,788,397,,,,,NASP___DNAJA1_unrelaxed_rank_004_alphafold2_multimer_v3_model_1_seed_000.pdb
NASP___DNAJA1,5,5,A,B,0.0000,0.0,0.0,0.0000,0.4562,0.0168,0.0000,31.0,0.0,0.2000,37.7,71.9,0.320,28,5,0,0,91.7,39.2,,,788,397,"[65,69,93,528-529,538-539,542-543,545,568,572,582,584-585,607,613-614,617-618,621,639,641-642,644,646,648,653]",[88-92],,,NASP___DNAJA1_unrelaxed_rank_005_alphafold2_multimer_v3_model_5_seed_000.pdb
NASP___PPP1R10,1,5,A,B,0.4641,3155.7,1464.6,0.6265,0.9864,0.3387,0.6359,63838.0,156.0,0.4000,39.8,32.5,0.360,248,172,37,33,89.1,86.3,85.1,75.7,788,940,"[34-114,505-671]","[2-153,283-302]","[56-61,98,100-102,104-113,553-554,581-582,584-585,588-589,592,596,634,637-638,641,644-645,648]","[105,108-109,114-115,117-119,121-123,137,140-141,144-146,148-149,151,284,286-287,289,291-292,294-299,301]",NASP___PPP1R10_unrelaxed_rank_001_alphafold2_multimer_v3_model_5_seed_000.pdb
NASP___PPP1R10,2,3,A,B,0.4157,921.6,383.1,0.5576,0.9825,0.4131,0.4183,6688.0,127.0,0.3900,38.1,32.9,0.330,244,158,33,32,85.0,82.1,70.4,65.2,788,940,"[35-111,509-669,710-715]","[8-15,18-19,22-25,28,30-39,41,43-147,283-303,397-402]","[97,100,102,104-110,553-554,556,581-582,584-585,588-589,592,596,634,637-638,641,644-645,648,710-713,715]","[105,108-109,111-112,114-115,117-118,137,140-141,144,284,286-287,289,291-292,294-299,301-302,397-401]",NASP___PPP1R10_unrelaxed_rank_002_alphafold2_multimer_v3_model_3_seed_000.pdb
NASP___PPP1R10,3,2,A,B,0.4030,833.3,335.9,0.5176,0.9829,0.3982,0.4080,6313.0,110.0,0.3800,39.8,32.5,0.340,238,149,28,30,89.3,85.4,80.8,73.4,788,940,"[36-111,509-670]","[11-15,18-20,22-25,28,30-39,41-42,44-124,126-146,208,282-302]","[60,97,100,102,104-110,553-554,581-582,584-585,588-589,592,596,634,637-638,641,644-645,648]","[105,108-116,118-119,137,140-141,144-145,284,286-287,289,291-292,294-299,301]",NASP___PPP1R10_unrelaxed_rank_003_alphafold2_multimer_v3_model_2_seed_000.pdb
NASP___PPP1R10,4,4,A,B,0.5363,532.8,285.7,0.5509,0.9827,0.4746,0.6059,5256.0,54.0,0.3800,38.3,31.8,0.310,237,29,21,13,87.1,66.3,84.7,66.8,788,940,"[35-110,509-669]","[51,63,67,72,92,114,132,136,140,283-302]","[100,106,110,553-554,581-582,584-585,588-589,592,595-596,634,637-638,641,644-645,648]","[114,140,284,286-287,291-292,294-299]",NASP___PPP1R10_unrelaxed_rank_004_alphafold2_multimer_v3_model_4_seed_000.pdb
NASP___PPP1R10,5,1,A,B,0.3241,764.4,247.7,0.4005,0.9586,0.3197,0.3285,5513.0,106.0,0.3600,38.5,30.9,0.330,229,129,33,34,88.4,78.0,80.8,62.2,788,940,"[38-110,510-665]","[31-39,44-45,47-49,51,53-55,57,61-85,87-124,126,128-146,202-209,283-301]","[67,70-71,79,100,102,105-110,517,520-521,524,553-554,581-582,584-585,588-589,592,596,634,637-638,641,644-645,648]","[105,108-116,118-119,137,140-141,144,202,204-206,208-209,284,286-287,291-292,294-299,301]",NASP___PPP1R10_unrelaxed_rank_005_alphafold2_multimer_v3_model_1_seed_000.pdb
NASP___TXN,1,2,A,B,0.0000,0.0,0.0,0.0000,0.2701,0.0000,0.0000,0.0,0.0,0.2900,40.7,87.7,0.380,0,0,0,0,,,,,788,105,,,,,NASP___TXN_unrelaxed_rank_001_alphafold2_multimer_v3_model_2_seed_000.pdb
NASP___TXN,2,4,A,B,0.0000,0.0,0.0,0.0000,0.2310,0.0000,0.0000,0.0,0.0,0.2900,39.9,84.9,0.360,0,0,0,0,,,,,788,105,,,,,NASP___TXN_unrelaxed_rank_002_alphafold2_multimer_v3_model_4_seed_000.pdb
NASP___TXN,3,1,A,B,0.0000,0.0,0.0,0.0000,0.1945,0.0000,0.0000,0.0,0.0,0.2800,39.6,87.9,0.370,0,0,0,0,,,,,788,105,,,,,NASP___TXN_unrelaxed_rank_003_alphafold2_multimer_v3_model_1_seed_000.pdb
NASP___TXN,4,3,A,B,0.0000,0.0,0.0,0.0000,0.1581,0.0000,0.0000,0.0,0.0,0.2000,40.0,88.5,0.360,0,0,0,0,,,,,788,105,,,,,NASP___TXN_unrelaxed_rank_004_alphafold2_multimer_v3_model_3_seed_000.pdb
NASP___TXN,5,5,A,B,0.0000,0.0,0.0,0.0000,0.1925,0.0000,0.0000,0.0,0.0,0.1700,39.6,87.7,0.350,0,0,0,0,,,,,788,105,,,,,NASP___TXN_unrelaxed_rank_005_alphafold2_multimer_v3_model_5_seed_000.pdb
NCL___LUC7L2,1,2,A,B,0.0000,0.0,0.0,0.0000,0.1822,0.0000,0.0000,0.0,0.0,0.1900,45.0,59.4,0.310,0,0,0,0,,,,,710,392,,,,,NCL___LUC7L2_unrelaxed_rank_001_alphafold2_multimer_v3_model_2_seed_000.pdb
NCL___LUC7L2,2,1,A,B,0.0000,0.0,0.0,0.0000,0.1559,0.0000,0.0000,0.0,0.0,0.1600,44.4,60.8,0.310,0,0,0,0,,,,,710,392,,,,,NCL___LUC7L2_unrelaxed_rank_002_alphafold2_multimer_v3_model_1_seed_000.pdb
NCL___LUC7L2,3,3,A,B,0.0000,0.0,0.0,0.0000,0.1729,0.0000,0.0000,0.0,0.0,0.1500,43.5,59.3,0.310,0,0,0,0,,,,,710,392,,,,,NCL___LUC7L2_unrelaxed_rank_003_alphafold2_multimer_v3_model_3_seed_000.pdb
NCL___LUC7L2,4,5,A,B,0.0000,0.0,0.0,0.0000,0.1234,0.0000,0.0000,0.0,0.0,0.1400,45.9,60.0,0.300,0,0,0,0,,,,,710,392,,,,,NCL___LUC7L2_unrelaxed_rank_004_alphafold2_multimer_v3_model_5_seed_000.pdb
NCL___LUC7L2,5,4,A,B,0.0000,0.0,0.0,0.0000,0.1480,0.0000,0.0000,0.0,0.0,0.1400,42.7,60.4,0.300,0,0,0,0,,,,,710,392,,,,,NCL___LUC7L2_unrelaxed_rank_005_alphafold2_multimer_v3_model_4_seed_000.pdb
NCL___SAFB,1,2,A,B,0.0000,0.0,0.0,0.0000,0.1813,0.0000,0.0000,0.0,0.0,0.1900,47.1,31.5,0.220,0,0,0,0,,,,,710,915,,,,,NCL___SAFB_unrelaxed_rank_001_alphafold2_multimer_v3_model_2_seed_000.pdb
NCL___SAFB,2,1,A,B,0.0000,0.0,0.0,0.0000,0.2007,0.0000,0.0000,0.0,0.0,0.1800,45.8,30.6,0.230,0,0,0,0,,,,,710,915,,,,,NCL___SAFB_unrelaxed_rank_002_alphafold2_multimer_v3_model_1_seed_000.pdb
NCL___SAFB,3,3,A,B,0.0000,0.0,0.0,0.0000,0.2317,0.0000,0.0000,0.0,0.0,0.1700,46.5,31.9,0.230,0,0,0,0,,,,,710,915,,,,,NCL___SAFB_unrelaxed_rank_003_alphafold2_multimer_v3_model_3_seed_000.pdb
NCL___SAFB,4,5,A,B,0.0000,0.0,0.0,0.0000,0.1616,0.0000,0.0000,0.0,0.0,0.1700,47.4,31.5,0.230,0,0,0,0,,,,,710,915,,,,,NCL___SAFB_unrelaxed_rank_004_alphafold2_multimer_v3_model_5_seed_000.pdb
NCL___SAFB,5,4,A,B,0.0000,0.0,0.0,0.0000,0.2179,0.0000,0.0000,0.0,0.0,0.1700,45.8,30.2,0.230,0,0,0,0,,,,,710,915,,,,,NCL___SAFB_unrelaxed_rank_005_alphafold2_multimer_v3_model_4_seed_000.pdb
NONO___ANP32A,1,3,A,B,0.0131,8.7,0.1,0.0000,0.3660,0.0129,0.0132,25.0,3.0,0.1800,64.1,62.8,0.420,14,4,2,2,89.3,37.4,87.4,37.5,471,249,"[76-79,89,92,94,111-112,126-127,129,133,138]",[161-164],"[77,111]",[163-164],NONO___ANP32A_unrelaxed_rank_001_alphafold2_multimer_v3_model_3_seed_000.pdb
NONO___ANP32A,2,1,A,B,0.0000,0.0,0.0,0.0000,0.3290,0.0100,0.0000,2.0,0.0,0.1500,64.6,62.1,0.400,2,1,0,0,82.9,31.8,,,471,249,"[112,138]",[167],,,NONO___ANP32A_unrelaxed_rank_002_alphafold2_multimer_v3_model_1_seed_000.pdb
NONO___ANP32A,3,2,A,B,0.0000,0.0,0.0,0.0000,0.2762,0.0000,0.0000,0.0,0.0,0.1500,63.4,63.0,0.390,0,0,0,0,,,,,471,249,,,,,NONO___ANP32A_unrelaxed_rank_003_alphafold2_multimer_v3_model_2_seed_000.pdb
NONO___ANP32A,4,4,A,B,0.0000,0.0,0.0,0.0000,0.2787,0.0000,0.0000,0.0,0.0,0.1400,62.1,63.5,0.380,0,0,0,0,,,,,471,249,,,,,NONO___ANP32A_unrelaxed_rank_004_alphafold2_multimer_v3_model_4_seed_000.pdb
NONO___ANP32A,5,5,A,B,0.0000,0.0,0.0,0.0000,0.1261,0.0000,0.0000,0.0,0.0,0.1200,62.9,63.8,0.390,0,0,0,0,,,,,471,249,,,,,NONO___ANP32A_unrelaxed_rank_005_alphafold2_multimer_v3_model_5_seed_000.pdb
NONO___PDK1,1,2,A,B,0.0000,0.0,0.0,0.0000,0.1445,0.0000,0.0000,0.0,0.0,0.1400,61.2,77.8,0.460,0,0,0,0,,,,,471,436,,,,,NONO___PDK1_unrelaxed_rank_001_alphafold2_multimer_v3_model_2_seed_000.pdb
NONO___PDK1,2,4,A,B,0.0000,0.0,0.0,0.0000,0.1267,0.0000,0.0000,0.0,0.0,0.1300,59.8,78.7,0.460,0,0,0,0,,,,,471,436,,,,,NONO___PDK1_unrelaxed_rank_002_alphafold2_multimer_v3_model_4_seed_000.pdb
NONO___PDK1,3,5,A,B,0.0000,0.0,0.0,0.0000,0.1218,0.0000,0.0000,0.0,0.0,0.1200,60.4,78.2,0.460,0,0,0,0,,,,,471,436,,,,,NONO___PDK1_unrelaxed_rank_003_alphafold2_multimer_v3_model_5_seed_000.pdb
NONO___PDK1,4,1,A,B,0.0000,0.0,0.0,0.0000,0.1167,0.0000,0.0000,0.0,0.0,0.1200,60.8,77.6,0.450,0,0,0,0,,,,,471,436,,,,,NONO___PDK1_unrelaxed_rank_004_alphafold2_multimer_v3_model_1_seed_000.pdb
NONO___PDK1,5,3,A,B,0.0000,0.0,0.0,0.0000,0.1171,0.0000,0.0000,0.0,0.0,0.1200,61.0,77.0,0.460,0,0,0,0,,,,,471,436,,,,,NONO___PDK1_unrelaxed_rank_005_alphafold2_multimer_v3_model_3_seed_000.pdb
PCBP2___DDX17,1,3,A,B,0.0353,43.0,1.5,0.0118,0.5304,0.0261,0.0476,205.0,9.0,0.2000,56.5,61.1,0.440,112,4,6,3,83.7,26.2,74.7,26.3,365,729,"[13-21,24-25,27-30,33,35-39,41-42,45-48,56-80,98-106,108-109,112-115,117-127,129-134,138,143-168,170]",[9-12],"[13-15,163,166-167]",[10-12],PCBP2___DDX17_unrelaxed_rank_001_alphafold2_multimer_v3_model_3_seed_000.pdb
PCBP2___DDX17,2,4,A,B,0.0188,10.2,0.2,0.0000,0.4488,0.0169,0.0209,13.0,8.0,0.2000,53.1,59.7,0.400,9,3,4,3,78.5,27.2,75.3,27.2,365,729,"[14-17,47,59,69,103,148]",[10-12],[14-17],[10-12],PCBP2___DDX17_unrelaxed_rank_002_alphafold2_multimer_v3_model_4_seed_000.pdb
PCBP2___DDX17,3,5,A,B,0.0196,15.1,0.3,0.0000,0.4642,0.0161,0.0240,38.0,6.0,0.2000,56.7,60.0,0.390,26,3,5,3,81.8,25.1,73.7,25.1,365,729,"[13-17,47,57,99-101,103-105,115,119,123,149,151,154,158,160-163,166,170]",[10-12],"[13-16,170]",[10-12],PCBP2___DDX17_unrelaxed_rank_003_alphafold2_multimer_v3_model_5_seed_000.pdb
PCBP2___DDX17,4,1,A,B,0.0000,0.0,0.0,0.0000,0.2890,0.0000,0.0000,0.0,0.0,0.2000,51.9,60.3,0.400,0,0,0,0,,,,,365,729,,,,,PCBP2___DDX17_unrelaxed_rank_004_alphafold2_multimer_v3_model_1_seed_000.pdb
PCBP2___DDX17,5,2,A,B,0.0125,1.0,0.0,0.0000,0.4372,0.0125,0.0125,1.0,1.0,0.1900,56.9,61.7,0.420,1,1,1,1,78.0,27.3,78.0,27.3,365,729,[15],[10],[15],[10],PCBP2___DDX17_unrelaxed_rank_005_alphafold2_multimer_v3_model_2_seed_000.pdb
PCBP2___EPB41,1,4,A,B,0.0000,0.0,0.0,0.0000,0.4016,0.0000,0.0000,0.0,0.0,0.2600,52.6,45.5,0.380,0,0,0,0,,,,,365,864,,,,,PCBP2___EPB41_unrelaxed_rank_001_alphafold2_multimer_v3_model_4_seed_000.pdb
PCBP2___EPB41,2,5,A,B,0.0000,0.0,0.0,0.0000,0.2382,0.0000,0.0000,0.0,0.0,0.2300,51.6,46.0,0.390,0,0,0,0,,,,,365,864,,,,,PCBP2___EPB41_unrelaxed_rank_002_alphafold2_multimer_v3_model_5_seed_000.pdb
PCBP2___EPB41,3,2,A,B,0.0000,0.0,0.0,0.0000,0.2468,0.0000,0.0000,0.0,0.0,0.2200,56.0,47.8,0.390,0,0,0,0,,,,,365,864,,,,,PCBP2___EPB41_unrelaxed_rank_003_alphafold2_multimer_v3_model_2_seed_000.pdb
PCBP2___EPB41,4,1,A,B,0.0000,0.0,0.0,0.0000,0.2657,0.0000,0.0000,0.0,0.0,0.2200,51.1,47.4,0.390,0,0,0,0,,,,,365,864,,,,,PCBP2___EPB41_unrelaxed_rank_004_alphafold2_multimer_v3_model_1_seed_000.pdb
PCBP2___EPB41,5,3,A,B,0.0000,0.0,0.0,0.0000,0.1776,0.0000,0.0000,0.0,0.0,0.1800,54.2,46.8,0.370,0,0,0,0,,,,,365,864,,,,,PCBP2___EPB41_unrelaxed_rank_005_alphafold2_multimer_v3_model_3_seed_000.pdb
PCBP2___FUBP3,1,2,A,B,0.0313,10.7,0.3,0.0115,0.4307,0.0290,0.0338,38.0,3.0,0.3200,62.2,49.9,0.300,24,9,3,3,86.4,50.1,70.7,48.9,365,572,"[15-16,18-19,22,24-25,32,48,51,56,60,67,69,71-72,98-100,102-103,132-133,158]","[523,525,546-552]","[32,51,133]","[523,546,551]",PCBP2___FUBP3_unrelaxed_rank_001_alphafold2_multimer_v3_model_2_seed_000.pdb
PCBP2___FUBP3,2,1,A,B,0.0000,0.0,0.0,0.0000,0.1442,0.0000,0.0000,0.0,0.0,0.1700,57.5,45.9,0.290,0,0,0,0,,,,,365,572,,,,,PCBP2___FUBP3_unrelaxed_rank_002_alphafold2_multimer_v3_model_1_seed_000.pdb
PCBP2___FUBP3,3,4,A,B,0.0000,0.0,0.0,0.0000,0.1665,0.0000,0.0000,0.0,0.0,0.1600,60.2,44.3,0.290,0,0,0,0,,,,,365,572,,,,,PCBP2___FUBP3_unrelaxed_rank_003_alphafold2_multimer_v3_model_4_seed_000.pdb
PCBP2___FUBP3,4,3,A,B,0.0000,0.0,0.0,0.0000,0.2162,0.0000,0.0000,0.0,0.0,0.1500,58.9,44.0,0.290,0,0,0,0,,,,,365,572,,,,,PCBP2___FUBP3_unrelaxed_rank_004_alphafold2_multimer_v3_model_3_seed_000.pdb
PCBP2___FUBP3,5,5,A,B,0.0000,0.0,0.0,0.0000,0.1359,0.0000,0.0000,0.0,0.0,0.1400,63.2,48.2,0.290,0,0,0,0,,,,,365,572,,,,,PCBP2___FUBP3_unrelaxed_rank_005_alphafold2_multimer_v3_model_5_seed_000.pdb
PCCA___U2SURP,1,1,A,B,0.0000,0.0,0.0,0.0000,0.2425,0.0000,0.0000,0.0,0.0,0.2300,82.9,42.5,0.470,0,0,0,0,,,,,728,1029,,,,,PCCA___U2SURP_unrelaxed_rank_001_alphafold2_multimer_v3_model_1_seed_000.pdb
PCCA___U2SURP,2,5,A,B,0.0000,0.0,0.0,0.0000,0.2687,0.0000,0.0000,0.0,0.0,0.2200,82.6,43.2,0.460,0,0,0,0,,,,,728,1029,,,,,PCCA___U2SURP_unrelaxed_rank_002_alphafold2_multimer_v3_model_5_seed_000.pdb
PCCA___U2SURP,3,4,A,B,0.0000,0.0,0.0,0.0000,0.2766,0.0000,0.0000,0.0,0.0,0.2100,82.0,41.4,0.450,0,0,0,0,,,,,728,1029,,,,,PCCA___U2SURP_unrelaxed_rank_003_alphafold2_multimer_v3_model_4_seed_000.pdb
PCCA___U2SURP,4,2,A,B,0.0000,0.0,0.0,0.0000,0.2654,0.0000,0.0000,0.0,0.0,0.2000,83.9,44.3,0.460,0,0,0,0,,,,,728,1029,,,,,PCCA___U2SURP_unrelaxed_rank_004_alphafold2_multimer_v3_model_2_seed_000.pdb
PCCA___U2SURP,5,3,A,B,0.0000,0.0,0.0,0.0000,0.2580,0.0000,0.0000,0.0,0.0,0.1900,82.3,43.7,0.460,0,0,0,0,,,,,728,1029,,,,,PCCA___U2SURP_unrelaxed_rank_005_alphafold2_multimer_v3_model_3_seed_000.pdb
PDK1___U2SURP,1,3,A,B,0.4269,2110.4,900.9,0.4831,0.9451,0.2661,0.6850,82478.0,54.0,0.7100,78.9,47.4,0.440,377,154,11,14,86.7,90.2,85.6,90.5,436,1029,[41-417],[530-683],"[238,241-246,289-290,293,296]","[550-552,588-589,592,640-642,644-646,648-649]",PDK1___U2SURP_unrelaxed_rank_001_alphafold2_multimer_v3_model_3_seed_000.pdb
PDK1___U2SURP,2,4,A,B,0.3606,1966.2,709.1,0.3868,0.9211,0.2177,0.5972,71595.0,54.0,0.6700,78.8,44.7,0.440,370,153,11,14,87.0,89.0,84.2,88.8,436,1029,"[43-128,130-413]",[531-683],"[238,241-246,289-290,293,296]","[550-551,587-589,592,640-642,644-646,648-649]",PDK1___U2SURP_unrelaxed_rank_002_alphafold2_multimer_v3_model_4_seed_000.pdb
PDK1___U2SURP,3,5,A,B,0.3109,1913.1,594.8,0.3301,0.8775,0.1831,0.5279,67779.0,54.0,0.6600,79.5,46.8,0.430,370,153,11,14,88.1,90.5,84.3,89.7,436,1029,"[44-125,127-128,130-415]",[531-683],"[238,241-246,289-290,293,296]","[550-551,587-589,592,640-642,644-646,648-649]",PDK1___U2SURP_unrelaxed_rank_003_alphafold2_multimer_v3_model_5_seed_000.pdb
PDK1___U2SURP,4,1,A,B,0.1587,984.7,156.3,0.1039,0.7491,0.1003,0.2512,16717.0,58.0,0.5900,79.6,46.3,0.430,300,146,15,17,90.9,89.0,84.5,80.9,436,1029,"[46-50,52,54,56-62,74-80,82-97,100-124,134-164,166,174-201,216-257,262-344,348-391,393,395-402]","[207-208,211,536-607,609,611-680]","[235,238,241-246,271,274-275,289-290,293,296]","[207-208,211,550-551,587-589,592,640-642,644-646,648-649]",PDK1___U2SURP_unrelaxed_rank_004_alphafold2_multimer_v3_model_1_seed_000.pdb
PDK1___U2SURP,5,2,A,B,0.0000,0.0,0.0,0.0000,0.3434,0.0000,0.0000,0.0,0.0,0.2500,78.6,46.4,0.360,0,0,0,0,,,,,436,1029,,,,,PDK1___U2SURP_unrelaxed_rank_005_alphafold2_multimer_v3_model_2_seed_000.pdb
PPP1R10___DAZAP1,1,1,A,B,0.0000,0.0,0.0,0.0000,0.1763,0.0000,0.0000,0.0,0.0,0.1700,31.9,40.9,0.240,0,0,0,0,,,,,940,407,,,,,PPP1R10___DAZAP1_unrelaxed_rank_001_alphafold2_multimer_v3_model_1_seed_000.pdb
PPP1R10___DAZAP1,2,2,A,B,0.0000,0.0,0.0,0.0000,0.1819,0.0000,0.0000,0.0,0.0,0.1700,32.1,43.8,0.240,0,0,0,0,,,,,940,407,,,,,PPP1R10___DAZAP1_unrelaxed_rank_002_alphafold2_multimer_v3_model_2_seed_000.pdb
PPP1R10___DAZAP1,3,4,A,B,0.0000,0.0,0.0,0.0000,0.1698,0.0000,0.0000,0.0,0.0,0.1600,32.8,41.6,0.240,0,0,0,0,,,,,940,407,,,,,PPP1R10___DAZAP1_unrelaxed_rank_003_alphafold2_multimer_v3_model_4_seed_000.pdb
PPP1R10___DAZAP1,4,3,A,B,0.0000,0.0,0.0,0.0000,0.1904,0.0000,0.0000,0.0,0.0,0.1500,32.5,41.4,0.250,0,0,0,0,,,,,940,407,,,,,PPP1R10___DAZAP1_unrelaxed_rank_004_alphafold2_multimer_v3_model_3_seed_000.pdb
PPP1R10___DAZAP1,5,5,A,B,0.0000,0.0,0.0,0.0000,0.1473,0.0000,0.0000,0.0,0.0,0.1500,33.9,43.1,0.250,0,0,0,0,,,,,940,407,,,,,PPP1R10___DAZAP1_unrelaxed_rank_005_alphafold2_multimer_v3_model_5_seed_000.pdb
PPP1R10___DDX17,1,5,A,B,0.0351,33.0,1.2,0.0000,0.6135,0.0276,0.0445,136.0,8.0,0.2900,29.8,59.7,0.360,8,76,3,7,40.8,89.1,41.7,83.4,940,729,"[209,912-916,927,929]","[137,179,182,197,210,212,237,251,266,305,320,339,354,390,392-406,408-415,417,420-425,428,431-433,435-436,441,447,471,473,487-488,490,492,494,501-503,505-506,508,518-523,533-534,536-537,547]","[209,915,929]","[237,393,409,412-413,415,519]",PPP1R10___DDX17_unrelaxed_rank_001_alphafold2_multimer_v3_model_5_seed_000.pdb
PPP1R10___DDX17,2,3,A,B,0.0000,0.0,0.0,0.0000,0.4890,0.0066,0.0000,9.0,0.0,0.2800,30.0,59.5,0.370,2,8,0,0,37.6,95.2,,,940,729,[208-209],"[230-231,247,257,260,299,308,354]",,,PPP1R10___DDX17_unrelaxed_rank_002_alphafold2_multimer_v3_model_3_seed_000.pdb
PPP1R10___DDX17,3,4,A,B,0.0000,0.0,0.0,0.0000,0.4358,0.0000,0.0000,0.0,0.0,0.2700,31.2,58.9,0.380,0,0,0,0,,,,,940,729,,,,,PPP1R10___DDX17_unrelaxed_rank_003_alphafold2_multimer_v3_model_4_seed_000.pdb
PPP1R10___DDX17,4,1,A,B,0.0142,1.0,0.0,0.0000,0.4585,0.0142,0.0142,1.0,1.0,0.2700,29.2,59.0,0.340,1,1,1,1,40.6,85.1,40.6,85.1,940,729,[209],[237],[209],[237],PPP1R10___DDX17_unrelaxed_rank_004_alphafold2_multimer_v3_model_1_seed_000.pdb
PPP1R10___DDX17,5,2,A,B,0.0000,0.0,0.0,0.0000,0.3825,0.0000,0.0000,0.0,0.0,0.2500,30.2,61.3,0.370,0,0,0,0,,,,,940,729,,,,,PPP1R10___DDX17_unrelaxed_rank_005_alphafold2_multimer_v3_model_2_seed_000.pdb
PPP1R10___SF3A3,1,3,A,B,0.0000,0.0,0.0,0.0000,0.2768,0.0000,0.0000,0.0,0.0,0.2000,30.8,75.7,0.320,0,0,0,0,,,,,940,501,,,,,PPP1R10___SF3A3_unrelaxed_rank_001_alphafold2_multimer_v3_model_3_seed_000.pdb
PPP1R10___SF3A3,2,5,A,B,0.0000,0.0,0.0,0.0000,0.2156,0.0000,0.0000,0.0,0.0,0.1900,31.4,76.0,0.320,0,0,0,0,,,,,940,501,,,,,PPP1R10___SF3A3_unrelaxed_rank_002_alphafold2_multimer_v3_model_5_seed_000.pdb
PPP1R10___SF3A3,3,4,A,B,0.0000,0.0,0.0,0.0000,0.3689,0.0000,0.0000,0.0,0.0,0.1900,31.0,72.6,0.310,0,0,0,0,,,,,940,501,,,,,PPP1R10___SF3A3_unrelaxed_rank_003_alphafold2_multimer_v3_model_4_seed_000.pdb
PPP1R10___SF3A3,4,1,A,B,0.0000,0.0,0.0,0.0000,0.3027,0.0000,0.0000,0.0,0.0,0.1800,31.2,75.5,0.320,0,0,0,0,,,,,940,501,,,,,PPP1R10___SF3A3_unrelaxed_rank_004_alphafold2_multimer_v3_model_1_seed_000.pdb
PPP1R10___SF3A3,5,2,A,B,0.0000,0.0,0.0,0.0000,0.1952,0.0000,0.0000,0.0,0.0,0.1800,31.0,77.5,0.320,0,0,0,0,,,,,940,501,,,,,PPP1R10___SF3A3_unrelaxed_rank_005_alphafold2_multimer_v3_model_2_seed_000.pdb
PRMT1___PRDX1,1,3,A,B,0.0000,0.0,0.0,0.0000,0.0958,0.0000,0.0000,0.0,0.0,0.1400,82.9,86.5,0.580,0,0,0,0,,,,,371,199,,,,,PRMT1___PRDX1_unrelaxed_rank_001_alphafold2_multimer_v3_model_3_seed_000.pdb
PRMT1___PRDX1,2,2,A,B,0.0000,0.0,0.0,0.0000,0.0985,0.0000,0.0000,0.0,0.0,0.1200,83.5,84.2,0.580,0,0,0,0,,,,,371,199,,,,,PRMT1___PRDX1_unrelaxed_rank_002_alphafold2_multimer_v3_model_2_seed_000.pdb
PRMT1___PRDX1,3,1,A,B,0.0000,0.0,0.0,0.0000,0.0907,0.0000,0.0000,0.0,0.0,0.1100,83.3,82.8,0.580,0,0,0,0,,,,,371,199,,,,,PRMT1___PRDX1_unrelaxed_rank_003_alphafold2_multimer_v3_model_1_seed_000.pdb
PRMT1___PRDX1,4,4,A,B,0.0000,0.0,0.0,0.0000,0.0946,0.0000,0.0000,0.0,0.0,0.1100,83.5,84.9,0.580,0,0,0,0,,,,,371,199,,,,,PRMT1___PRDX1_unrelaxed_rank_004_alphafold2_multimer_v3_model_4_seed_000.pdb
PRMT1___PRDX1,5,5,A,B,0.0000,0.0,0.0,0.0000,0.0867,0.0000,0.0000,0.0,0.0,0.1000,83.8,84.7,0.580,0,0,0,0,,,,,371,199,,,,,PRMT1___PRDX1_unrelaxed_rank_005_alphafold2_multimer_v3_model_5_seed_000.pdb
PSPC1___RBM33,1,3,A,B,0.0000,0.0,0.0,0.0000,0.4024,0.0000,0.0000,0.0,0.0,0.2600,59.0,23.6,0.310,0,0,0,0,,,,,523,1170,,,,,PSPC1___RBM33_unrelaxed_rank_001_alphafold2_multimer_v3_model_3_seed_000.pdb
PSPC1___RBM33,2,5,A,B,0.0000,0.0,0.0,0.0000,0.3457,0.0000,0.0000,0.0,0.0,0.2700,60.2,22.8,0.300,0,0,0,0,,,,,523,1170,,,,,PSPC1___RBM33_unrelaxed_rank_002_alphafold2_multimer_v3_model_5_seed_000.pdb
PSPC1___RBM33,3,1,A,B,0.0000,0.0,0.0,0.0000,0.3624,0.0000,0.0000,0.0,0.0,0.2600,60.1,22.7,0.300,0,0,0,0,,,,,523,1170,,,,,PSPC1___RBM33_unrelaxed_rank_003_alphafold2_multimer_v3_model_1_seed_000.pdb
PSPC1___RBM33,4,2,A,B,0.0000,0.0,0.0,0.0000,0.3211,0.0000,0.0000,0.0,0.0,0.2300,59.8,23.1,0.300,0,0,0,0,,,,,523,1170,,,,,PSPC1___RBM33_unrelaxed_rank_004_alphafold2_multimer_v3_model_2_seed_000.pdb
PSPC1___RBM33,5,4,A,B,0.0000,0.0,0.0,0.0000,0.2667,0.0000,0.0000,0.0,0.0,0.2000,59.6,21.6,0.290,0,0,0,0,,,,,523,1170,,,,,PSPC1___RBM33_unrelaxed_rank_005_alphafold2_multimer_v3_model_4_seed_000.pdb
PTBP3___DNAJA1,1,1,A,B,0.0000,0.0,0.0,0.0000,0.1493,0.0000,0.0000,0.0,0.0,0.1500,61.1,73.9,0.330,0,0,0,0,,,,,552,397,,,,,PTBP3___DNAJA1_unrelaxed_rank_001_alphafold2_multimer_v3_model_1_seed_000.pdb
PTBP3___DNAJA1,2,2,A,B,0.0000,0.0,0.0,0.0000,0.1430,0.0000,0.0000,0.0,0.0,0.1400,64.5,71.6,0.320,0,0,0,0,,,,,552,397,,,,,PTBP3___DNAJA1_unrelaxed_rank_002_alphafold2_multimer_v3_model_2_seed_000.pdb
PTBP3___DNAJA1,3,3,A,B,0.0000,0.0,0.0,0.0000,0.1298,0.0000,0.0000,0.0,0.0,0.1400,62.4,71.3,0.310,0,0,0,0,,,,,552,397,,,,,PTBP3___DNAJA1_unrelaxed_rank_003_alphafold2_multimer_v3_model_3_seed_000.pdb
PTBP3___DNAJA1,4,4,A,B,0.0000,0.0,0.0,0.0000,0.1134,0.0000,0.0000,0.0,0.0,0.1300,61.3,74.8,0.330,0,0,0,0,,,,,552,397,,,,,PTBP3___DNAJA1_unrelaxed_rank_004_alphafold2_multimer_v3_model_4_seed_000.pdb
PTBP3___DNAJA1,5,5,A,B,0.0000,0.0,0.0,0.0000,0.1259,0.0000,0.0000,0.0,0.0,0.1300,64.3,72.4,0.310,0,0,0,0,,,,,552,397,,,,,PTBP3___DNAJA1_unrelaxed_rank_005_alphafold2_multimer_v3_model_5_seed_000.pdb
PTBP3___NONO,1,3,A,B,0.0000,0.0,0.0,0.0000,0.1768,0.0000,0.0000,0.0,0.0,0.1500,62.7,61.6,0.330,0,0,0,0,,,,,552,471,,,,,PTBP3___NONO_unrelaxed_rank_001_alphafold2_multimer_v3_model_3_seed_000.pdb
PTBP3___NONO,2,1,A,B,0.0000,0.0,0.0,0.0000,0.1296,0.0000,0.0000,0.0,0.0,0.1300,62.2,62.7,0.330,0,0,0,0,,,,,552,471,,,,,PTBP3___NONO_unrelaxed_rank_002_alphafold2_multimer_v3_model_1_seed_000.pdb
PTBP3___NONO,3,2,A,B,0.0000,0.0,0.0,0.0000,0.1058,0.0000,0.0000,0.0,0.0,0.1300,66.5,62.1,0.320,0,0,0,0,,,,,552,471,,,,,PTBP3___NONO_unrelaxed_rank_003_alphafold2_multimer_v3_model_2_seed_000.pdb
PTBP3___NONO,4,4,A,B,0.0000,0.0,0.0,0.0000,0.1294,0.0000,0.0000,0.0,0.0,0.1300,61.5,60.5,0.320,0,0,0,0,,,,,552,471,,,,,PTBP3___NONO_unrelaxed_rank_004_alphafold2_multimer_v3_model_4_seed_000.pdb
PTBP3___NONO,5,5,A,B,0.0000,0.0,0.0,0.0000,0.1067,0.0000,0.0000,0.0,0.0,0.1200,64.7,62.4,0.330,0,0,0,0,,,,,552,471,,,,,PTBP3___NONO_unrelaxed_rank_005_alphafold2_multimer_v3_model_5_seed_000.pdb
PTBP3___PSPC1,1,1,A,B,0.0000,0.0,0.0,0.0000,0.1704,0.0000,0.0000,0.0,0.0,0.1400,61.9,58.7,0.320,0,0,0,0,,,,,552,523,,,,,PTBP3___PSPC1_unrelaxed_rank_001_alphafold2_multimer_v3_model_1_seed_000.pdb
PTBP3___PSPC1,2,4,A,B,0.0000,0.0,0.0,0.0000,0.1557,0.0000,0.0000,0.0,0.0,0.1400,61.4,56.8,0.320,0,0,0,0,,,,,552,523,,,,,PTBP3___PSPC1_unrelaxed_rank_002_alphafold2_multimer_v3_model_4_seed_000.pdb
PTBP3___PSPC1,3,5,A,B,0.0000,0.0,0.0,0.0000,0.1089,0.0000,0.0000,0.0,0.0,0.1300,64.5,57.9,0.330,0,0,0,0,,,,,552,523,,,,,PTBP3___PSPC1_unrelaxed_rank_003_alphafold2_multimer_v3_model_5_seed_000.pdb
PTBP3___PSPC1,4,2,A,B,0.0000,0.0,0.0,0.0000,0.1151,0.0000,0.0000,0.0,0.0,0.1300,67.2,57.7,0.320,0,0,0,0,,,,,552,523,,,,,PTBP3___PSPC1_unrelaxed_rank_004_alphafold2_multimer_v3_model_2_seed_000.pdb
PTBP3___PSPC1,5,3,A,B,0.0000,0.0,0.0,0.0000,0.1103,0.0000,0.0000,0.0,0.0,0.1300,63.7,57.4,0.320,0,0,0,0,,,,,552,523,,,,,PTBP3___PSPC1_unrelaxed_rank_005_alphafold2_multimer_v3_model_3_seed_000.pdb
PTBP3___RBM4,1,3,A,B,0.2041,452.1,92.3,0.0213,0.7936,0.1528,0.2725,2107.0,97.0,0.2200,65.4,42.2,0.300,95,28,17,15,82.7,49.2,73.8,48.1,552,364,[180-274],[149-176],"[191,193,197,200-201,238-239,241-249,251]","[149-157,163-164,166,171-173]",PTBP3___RBM4_unrelaxed_rank_001_alphafold2_multimer_v3_model_3_seed_000.pdb
PTBP3___RBM4,2,5,A,B,0.0101,2.4,0.0,0.0000,0.4282,0.0086,0.0119,3.0,2.0,0.1700,66.9,43.3,0.310,3,1,2,1,85.1,31.8,83.3,31.8,552,364,"[201,204,214]",[156],"[201,204]",[156],PTBP3___RBM4_unrelaxed_rank_002_alphafold2_multimer_v3_model_5_seed_000.pdb
PTBP3___RBM4,3,1,A,B,0.0000,0.0,0.0,0.0000,0.1587,0.0000,0.0000,0.0,0.0,0.1400,63.2,42.2,0.310,0,0,0,0,,,,,552,364,,,,,PTBP3___RBM4_unrelaxed_rank_003_alphafold2_multimer_v3_model_1_seed_000.pdb
PTBP3___RBM4,4,4,A,B,0.0000,0.0,0.0,0.0000,0.1458,0.0000,0.0000,0.0,0.0,0.1400,63.9,42.1,0.310,0,0,0,0,,,,,552,364,,,,,PTBP3___RBM4_unrelaxed_rank_004_alphafold2_multimer_v3_model_4_seed_000.pdb
PTBP3___RBM4,5,2,A,B,0.0000,0.0,0.0,0.0000,0.1440,0.0000,0.0000,0.0,0.0,0.1400,67.1,46.1,0.310,0,0,0,0,,,,,552,364,,,,,PTBP3___RBM4_unrelaxed_rank_005_alphafold2_multimer_v3_model_2_seed_000.pdb
PTBP3___SFPQ,1,1,A,B,0.0000,0.0,0.0,0.0000,0.2923,0.0000,0.0000,0.0,0.0,0.1800,62.6,47.2,0.320,0,0,0,0,,,,,552,707,,,,,PTBP3___SFPQ_unrelaxed_rank_001_alphafold2_multimer_v3_model_1_seed_000.pdb
PTBP3___SFPQ,2,4,A,B,0.0000,0.0,0.0,0.0000,0.3529,0.0000,0.0000,0.0,0.0,0.1700,62.4,45.5,0.300,0,0,0,0,,,,,552,707,,,,,PTBP3___SFPQ_unrelaxed_rank_002_alphafold2_multimer_v3_model_4_seed_000.pdb
PTBP3___SFPQ,3,2,A,B,0.0000,0.0,0.0,0.0000,0.1299,0.0000,0.0000,0.0,0.0,0.1500,66.6,46.9,0.310,0,0,0,0,,,,,552,707,,,,,PTBP3___SFPQ_unrelaxed_rank_003_alphafold2_multimer_v3_model_2_seed_000.pdb
PTBP3___SFPQ,4,5,A,B,0.0000,0.0,0.0,0.0000,0.1502,0.0000,0.0000,0.0,0.0,0.1500,65.2,46.9,0.310,0,0,0,0,,,,,552,707,,,,,PTBP3___SFPQ_unrelaxed_rank_004_alphafold2_multimer_v3_model_5_seed_000.pdb
PTBP3___SFPQ,5,3,A,B,0.0000,0.0,0.0,0.0000,0.1552,0.0000,0.0000,0.0,0.0,0.1400,63.8,46.5,0.310,0,0,0,0,,,,,552,707,,,,,PTBP3___SFPQ_unrelaxed_rank_005_alphafold2_multimer_v3_model_3_seed_000.pdb
PTBP3___SUPT5H,1,2,A,B,0.0000,0.0,0.0,0.0000,0.4267,0.0000,0.0000,0.0,0.0,0.2200,62.9,51.4,0.270,0,0,0,0,,,,,552,1087,,,,,PTBP3___SUPT5H_unrelaxed_rank_001_alphafold2_multimer_v3_model_2_seed_000.pdb
PTBP3___SUPT5H,2,1,A,B,0.0000,0.0,0.0,0.0000,0.1804,0.0000,0.0000,0.0,0.0,0.1800,56.5,49.3,0.270,0,0,0,0,,,,,552,1087,,,,,PTBP3___SUPT5H_unrelaxed_rank_002_alphafold2_multimer_v3_model_1_seed_000.pdb
PTBP3___SUPT5H,3,3,A,B,0.0000,0.0,0.0,0.0000,0.3157,0.0000,0.0000,0.0,0.0,0.1800,61.5,50.9,0.260,0,0,0,0,,,,,552,1087,,,,,PTBP3___SUPT5H_unrelaxed_rank_003_alphafold2_multimer_v3_model_3_seed_000.pdb
PTBP3___SUPT5H,4,4,A,B,0.0000,0.0,0.0,0.0000,0.1885,0.0000,0.0000,0.0,0.0,0.1700,59.3,49.0,0.250,0,0,0,0,,,,,552,1087,,,,,PTBP3___SUPT5H_unrelaxed_rank_004_alphafold2_multimer_v3_model_4_seed_000.pdb
PTBP3___SUPT5H,5,5,A,B,0.0000,0.0,0.0,0.0000,0.1671,0.0000,0.0000,0.0,0.0,0.1700,62.9,51.1,0.260,0,0,0,0,,,,,552,1087,,,,,PTBP3___SUPT5H_unrelaxed_rank_005_alphafold2_multimer_v3_model_5_seed_000.pdb
RBM4___FAM50A,1,4,A,B,0.1719,576.3,99.1,0.1345,0.5664,0.1344,0.2201,8302.0,40.0,0.3100,45.6,56.0,0.350,72,127,11,11,83.9,82.2,73.2,70.4,364,339,[76-147],"[187,189-282,298-329]","[77,79,91,105-106,108,110-111,115,117,119]","[202,204,210,212,276,300-303,319-320]",RBM4___FAM50A_unrelaxed_rank_001_alphafold2_multimer_v3_model_4_seed_000.pdb
RBM4___FAM50A,2,1,A,B,0.0000,0.0,0.0,0.0000,0.2761,0.0000,0.0000,0.0,0.0,0.1500,44.8,58.2,0.300,0,0,0,0,,,,,364,339,,,,,RBM4___FAM50A_unrelaxed_rank_002_alphafold2_multimer_v3_model_1_seed_000.pdb
RBM4___FAM50A,3,2,A,B,0.0000,0.0,0.0,0.0000,0.1387,0.0000,0.0000,0.0,0.0,0.1400,45.4,62.8,0.300,0,0,0,0,,,,,364,339,,,,,RBM4___FAM50A_unrelaxed_rank_003_alphafold2_multimer_v3_model_2_seed_000.pdb
RBM4___FAM50A,4,5,A,B,0.0000,0.0,0.0,0.0000,0.1147,0.0000,0.0000,0.0,0.0,0.1300,45.2,55.8,0.290,0,0,0,0,,,,,364,339,,,,,RBM4___FAM50A_unrelaxed_rank_004_alphafold2_multimer_v3_model_5_seed_000.pdb
RBM4___FAM50A,5,3,A,B,0.0000,0.0,0.0,0.0000,0.1315,0.0000,0.0000,0.0,0.0,0.1200,43.2,55.0,0.290,0,0,0,0,,,,,364,339,,,,,RBM4___FAM50A_unrelaxed_rank_005_alphafold2_multimer_v3_model_3_seed_000.pdb
RBM4___PDK1,1,3,A,B,0.0000,0.0,0.0,0.0000,0.3608,0.0008,0.0000,1.0,0.0,0.2800,43.4,76.9,0.530,1,1,0,0,26.3,98.8,,,364,436,[210],[303],,,RBM4___PDK1_unrelaxed_rank_001_alphafold2_multimer_v3_model_3_seed_000.pdb
RBM4___PDK1,2,1,A,B,0.0173,8.9,0.2,0.0000,0.4438,0.0140,0.0213,16.0,5.0,0.2800,41.9,74.4,0.530,6,12,4,4,30.8,86.7,30.4,82.5,364,436,"[213,215-218,221]","[149-150,227,230-231,234,263,270-271,274-275,300]","[213,216,218,221]","[150,270,274-275]",RBM4___PDK1_unrelaxed_rank_002_alphafold2_multimer_v3_model_1_seed_000.pdb
RBM4___PDK1,3,5,A,B,0.0000,0.0,0.0,0.0000,0.2931,0.0000,0.0000,0.0,0.0,0.2500,43.0,77.7,0.530,0,0,0,0,,,,,364,436,,,,,RBM4___PDK1_unrelaxed_rank_003_alphafold2_multimer_v3_model_5_seed_000.pdb
RBM4___PDK1,4,4,A,B,0.0000,0.0,0.0,0.0000,0.3285,0.0000,0.0000,0.0,0.0,0.2300,39.0,73.1,0.520,0,0,0,0,,,,,364,436,,,,,RBM4___PDK1_unrelaxed_rank_004_alphafold2_multimer_v3_model_4_seed_000.pdb
RBM4___PDK1,5,2,A,B,0.0000,0.0,0.0,0.0000,0.3820,0.0107,0.0000,110.0,0.0,0.2200,42.3,74.9,0.510,3,72,0,0,23.5,90.8,,,364,436,[208-210],"[103-106,108,111-113,115-120,137-138,141,145,154,163,177-182,184-185,220,223-224,226,228,231-232,248,250-251,267,270-272,274-275,278,286-291,300-301,303-305,312,314,318,330-331,333,361,366-367,370,372-373,383,385,387-388]",,,RBM4___PDK1_unrelaxed_rank_005_alphafold2_multimer_v3_model_2_seed_000.pdb
RBM4___SF1,1,3,A,B,0.0000,0.0,0.0,0.0000,0.1936,0.0000,0.0000,0.0,0.0,0.1600,43.6,37.4,0.250,0,0,0,0,,,,,364,639,,,,,RBM4___SF1_unrelaxed_rank_001_alphafold2_multimer_v3_model_3_seed_000.pdb
RBM4___SF1,2,1,A,B,0.0000,0.0,0.0,0.0000,0.1802,0.0000,0.0000,0.0,0.0,0.1600,45.6,37.5,0.240,0,0,0,0,,,,,364,639,,,,,RBM4___SF1_unrelaxed_rank_002_alphafold2_multimer_v3_model_1_seed_000.pdb
RBM4___SF1,3,5,A,B,0.0000,0.0,0.0,0.0000,0.1668,0.0000,0.0000,0.0,0.0,0.1500,45.7,38.3,0.250,0,0,0,0,,,,,364,639,,,,,RBM4___SF1_unrelaxed_rank_003_alphafold2_multimer_v3_model_5_seed_000.pdb
RBM4___SF1,4,4,A,B,0.0000,0.0,0.0,0.0000,0.1613,0.0000,0.0000,0.0,0.0,0.1500,44.4,35.9,0.230,0,0,0,0,,,,,364,639,,,,,RBM4___SF1_unrelaxed_rank_004_alphafold2_multimer_v3_model_4_seed_000.pdb
RBM4___SF1,5,2,A,B,0.0000,0.0,0.0,0.0000,0.1535,0.0000,0.0000,0.0,0.0,0.1400,46.0,37.6,0.240,0,0,0,0,,,,,364,639,,,,,RBM4___SF1_unrelaxed_rank_005_alphafold2_multimer_v3_model_2_seed_000.pdb
RPS12___SRSF11,1,4,A,B,0.0577,210.1,12.1,0.0140,0.4382,0.0589,0.0566,1379.0,32.0,0.4500,81.5,35.3,0.320,43,77,11,14,86.4,85.0,76.5,77.1,132,484,"[18,32,35,38-43,45-53,58,60-70,72,74-79,107-111,124]","[33-67,77-101,103-111,114-116,118-122]","[39-40,43,58,60-61,63-64,66-68]","[51-57,88,91-92,94-95,98,100]",RPS12___SRSF11_unrelaxed_rank_001_alphafold2_multimer_v3_model_4_seed_000.pdb
RPS12___SRSF11,2,3,A,B,0.0000,0.0,0.0,0.0000,0.1757,0.0000,0.0000,0.0,0.0,0.1700,80.6,35.0,0.270,0,0,0,0,,,,,132,484,,,,,RPS12___SRSF11_unrelaxed_rank_002_alphafold2_multimer_v3_model_3_seed_000.pdb
RPS12___SRSF11,3,1,A,B,0.0000,0.0,0.0,0.0000,0.1320,0.0000,0.0000,0.0,0.0,0.1700,83.5,35.6,0.280,0,0,0,0,,,,,132,484,,,,,RPS12___SRSF11_unrelaxed_rank_003_alphafold2_multimer_v3_model_1_seed_000.pdb
RPS12___SRSF11,4,5,A,B,0.0000,0.0,0.0,0.0000,0.1113,0.0000,0.0000,0.0,0.0,0.1500,80.9,34.7,0.260,0,0,0,0,,,,,132,484,,,,,RPS12___SRSF11_unrelaxed_rank_004_alphafold2_multimer_v3_model_5_seed_000.pdb
RPS12___SRSF11,5,2,A,B,0.0000,0.0,0.0,0.0000,0.0000,0.0000,0.0000,0.0,0.0,0.1000,85.2,36.6,0.270,0,0,0,0,,,,,132,484,,,,,RPS12___SRSF11_unrelaxed_rank_005_alphafold2_multimer_v3_model_2_seed_000.pdb
SAFB___GFP,1,1,A,B,0.0000,0.0,0.0,0.0000,0.3186,0.0000,0.0000,0.0,0.0,0.4400,32.4,90.1,0.320,0,0,0,0,,,,,915,238,,,,,SAFB___GFP_unrelaxed_rank_001_alphafold2_multimer_v3_model_1_seed_000.pdb
SAFB___GFP,2,4,A,B,0.0000,0.0,0.0,0.0000,0.1896,0.0000,0.0000,0.0,0.0,0.2200,29.9,89.0,0.300,0,0,0,0,,,,,915,238,,,,,SAFB___GFP_unrelaxed_rank_002_alphafold2_multimer_v3_model_4_seed_000.pdb
SAFB___GFP,3,3,A,B,0.0000,0.0,0.0,0.0000,0.1694,0.0000,0.0000,0.0,0.0,0.1900,31.7,88.2,0.310,0,0,0,0,,,,,915,238,,,,,SAFB___GFP_unrelaxed_rank_003_alphafold2_multimer_v3_model_3_seed_000.pdb
SAFB___GFP,4,5,A,B,0.0000,0.0,0.0,0.0000,0.1518,0.0000,0.0000,0.0,0.0,0.1800,31.1,89.8,0.300,0,0,0,0,,,,,915,238,,,,,SAFB___GFP_unrelaxed_rank_004_alphafold2_multimer_v3_model_5_seed_000.pdb
SAFB___GFP,5,2,A,B,0.0000,0.0,0.0,0.0000,0.1532,0.0000,0.0000,0.0,0.0,0.1700,32.1,90.9,0.300,0,0,0,0,,,,,915,238,,,,,SAFB___GFP_unrelaxed_rank_005_alphafold2_multimer_v3_model_2_seed_000.pdb
SAR1A___SAFB,1,1,A,B,0.0000,0.0,0.0,0.0000,0.2146,0.0000,0.0000,0.0,0.0,0.2700,73.3,32.2,0.280,0,0,0,0,,,,,198,915,,,,,SAR1A___SAFB_unrelaxed_rank_001_alphafold2_multimer_v3_model_1_seed_000.pdb
SAR1A___SAFB,2,4,A,B,0.0000,0.0,0.0,0.0000,0.1793,0.0000,0.0000,0.0,0.0,0.2100,72.6,30.6,0.260,0,0,0,0,,,,,198,915,,,,,SAR1A___SAFB_unrelaxed_rank_002_alphafold2_multimer_v3_model_4_seed_000.pdb
SAR1A___SAFB,3,3,A,B,0.0000,0.0,0.0,0.0000,0.1663,0.0000,0.0000,0.0,0.0,0.2000,68.2,32.2,0.260,0,0,0,0,,,,,198,915,,,,,SAR1A___SAFB_unrelaxed_rank_003_alphafold2_multimer_v3_model_3_seed_000.pdb
SAR1A___SAFB,4,5,A,B,0.0000,0.0,0.0,0.0000,0.1501,0.0000,0.0000,0.0,0.0,0.1900,74.0,33.2,0.260,0,0,0,0,,,,,198,915,,,,,SAR1A___SAFB_unrelaxed_rank_004_alphafold2_multimer_v3_model_5_seed_000.pdb
SAR1A___SAFB,5,2,A,B,0.0000,0.0,0.0,0.0000,0.1501,0.0000,0.0000,0.0,0.0,0.1700,77.4,32.9,0.260,0,0,0,0,,,,,198,915,,,,,SAR1A___SAFB_unrelaxed_rank_005_alphafold2_multimer_v3_model_2_seed_000.pdb
SET___PRDX1,1,1,A,B,0.0000,0.0,0.0,0.0000,0.0909,0.0000,0.0000,0.0,0.0,0.1600,62.1,80.6,0.420,0,0,0,0,,,,,290,199,,,,,SET___PRDX1_unrelaxed_rank_001_alphafold2_multimer_v3_model_1_seed_000.pdb
SET___PRDX1,2,2,A,B,0.0000,0.0,0.0,0.0000,0.1047,0.0000,0.0000,0.0,0.0,0.1600,62.4,81.9,0.420,0,0,0,0,,,,,290,199,,,,,SET___PRDX1_unrelaxed_rank_002_alphafold2_multimer_v3_model_2_seed_000.pdb
SET___PRDX1,3,4,A,B,0.0000,0.0,0.0,0.0000,0.1080,0.0000,0.0000,0.0,0.0,0.1600,62.6,83.5,0.420,0,0,0,0,,,,,290,199,,,,,SET___PRDX1_unrelaxed_rank_003_alphafold2_multimer_v3_model_4_seed_000.pdb
SET___PRDX1,4,3,A,B,0.0000,0.0,0.0,0.0000,0.0941,0.0000,0.0000,0.0,0.0,0.1500,62.3,84.7,0.420,0,0,0,0,,,,,290,199,,,,,SET___PRDX1_unrelaxed_rank_004_alphafold2_multimer_v3_model_3_seed_000.pdb
SET___PRDX1,5,5,A,B,0.0000,0.0,0.0,0.0000,0.0869,0.0000,0.0000,0.0,0.0,0.1300,62.7,86.3,0.420,0,0,0,0,,,,,290,199,,,,,SET___PRDX1_unrelaxed_rank_005_alphafold2_multimer_v3_model_5_seed_000.pdb
SF1___SAFB,1,3,A,B,0.1224,175.6,21.5,0.0144,0.6524,0.1016,0.1475,791.0,39.0,0.2500,40.6,32.4,0.250,68,16,11,10,83.5,53.6,78.2,55.3,639,915,"[36-42,44-68,70,72,96-127,129-130]",[561-576],"[38-42,49,52-53,56-57,60]","[561-566,571-573,575]",SF1___SAFB_unrelaxed_rank_001_alphafold2_multimer_v3_model_3_seed_000.pdb
SF1___SAFB,2,5,A,B,0.0000,0.0,0.0,0.0000,0.3950,0.0000,0.0000,0.0,0.0,0.2200,41.6,32.6,0.250,0,0,0,0,,,,,639,915,,,,,SF1___SAFB_unrelaxed_rank_002_alphafold2_multimer_v3_model_5_seed_000.pdb
SF1___SAFB,3,2,A,B,0.0000,0.0,0.0,0.0000,0.1597,0.0000,0.0000,0.0,0.0,0.1800,40.8,32.9,0.250,0,0,0,0,,,,,639,915,,,,,SF1___SAFB_unrelaxed_rank_003_alphafold2_multimer_v3_model_2_seed_000.pdb
SF1___SAFB,4,4,A,B,0.0000,0.0,0.0,0.0000,0.3058,0.0000,0.0000,0.0,0.0,0.1700,39.5,30.4,0.240,0,0,0,0,,,,,639,915,,,,,SF1___SAFB_unrelaxed_rank_004_alphafold2_multimer_v3_model_4_seed_000.pdb
SF1___SAFB,5,1,A,B,0.0000,0.0,0.0,0.0000,0.1779,0.0000,0.0000,0.0,0.0,0.1700,39.8,30.3,0.240,0,0,0,0,,,,,639,915,,,,,SF1___SAFB_unrelaxed_rank_005_alphafold2_multimer_v3_model_1_seed_000.pdb
SF1___SLC3A2,1,5,A,B,0.0492,1.0,0.0,0.0000,0.4320,0.0492,0.0492,1.0,1.0,0.2600,35.2,68.9,0.430,1,1,1,1,56.0,66.8,56.0,66.8,639,630,[282],[210],[282],[210],SF1___SLC3A2_unrelaxed_rank_001_alphafold2_multimer_v3_model_5_seed_000.pdb
SF1___SLC3A2,2,3,A,B,0.0000,0.0,0.0,0.0000,0.1874,0.0000,0.0000,0.0,0.0,0.1600,34.4,69.1,0.430,0,0,0,0,,,,,639,630,,,,,SF1___SLC3A2_unrelaxed_rank_002_alphafold2_multimer_v3_model_3_seed_000.pdb
SF1___SLC3A2,3,1,A,B,0.0000,0.0,0.0,0.0000,0.1726,0.0000,0.0000,0.0,0.0,0.1600,35.0,70.0,0.430,0,0,0,0,,,,,639,630,,,,,SF1___SLC3A2_unrelaxed_rank_003_alphafold2_multimer_v3_model_1_seed_000.pdb
SF1___SLC3A2,4,2,A,B,0.0000,0.0,0.0,0.0000,0.1348,0.0000,0.0000,0.0,0.0,0.1600,34.4,70.3,0.430,0,0,0,0,,,,,639,630,,,,,SF1___SLC3A2_unrelaxed_rank_004_alphafold2_multimer_v3_model_2_seed_000.pdb
SF1___SLC3A2,5,4,A,B,0.0000,0.0,0.0,0.0000,0.1728,0.0000,0.0000,0.0,0.0,0.1600,32.9,69.0,0.420,0,0,0,0,,,,,639,630,,,,,SF1___SLC3A2_unrelaxed_rank_005_alphafold2_multimer_v3_model_4_seed_000.pdb
SF3B2___CSTB,1,4,A,B,0.0000,0.0,0.0,0.0000,0.2670,0.0000,0.0000,0.0,0.0,0.3000,41.4,81.4,0.240,0,0,0,0,,,,,895,98,,,,,SF3B2___CSTB_unrelaxed_rank_001_alphafold2_multimer_v3_model_4_seed_000.pdb
SF3B2___CSTB,2,1,A,B,0.0000,0.0,0.0,0.0000,0.1308,0.0000,0.0000,0.0,0.0,0.1500,46.6,85.2,0.230,0,0,0,0,,,,,895,98,,,,,SF3B2___CSTB_unrelaxed_rank_002_alphafold2_multimer_v3_model_1_seed_000.pdb
SF3B2___CSTB,3,3,A,B,0.0000,0.0,0.0,0.0000,0.0000,0.0000,0.0000,0.0,0.0,0.1300,46.8,86.5,0.220,0,0,0,0,,,,,895,98,,,,,SF3B2___CSTB_unrelaxed_rank_003_alphafold2_multimer_v3_model_3_seed_000.pdb
SF3B2___CSTB,4,5,A,B,0.0000,0.0,0.0,0.0000,0.0000,0.0000,0.0000,0.0,0.0,0.1300,45.0,86.2,0.220,0,0,0,0,,,,,895,98,,,,,SF3B2___CSTB_unrelaxed_rank_004_alphafold2_multimer_v3_model_5_seed_000.pdb
SF3B2___CSTB,5,2,A,B,0.0000,0.0,0.0,0.0000,0.1064,0.0000,0.0000,0.0,0.0,0.1200,44.8,85.5,0.210,0,0,0,0,,,,,895,98,,,,,SF3B2___CSTB_unrelaxed_rank_005_alphafold2_multimer_v3_model_2_seed_000.pdb
SF3B2___SF1,1,2,A,B,0.0000,0.0,0.0,0.0000,0.4744,0.0000,0.0000,0.0,0.0,0.1800,40.4,39.0,0.240,0,0,0,0,,,,,895,639,,,,,SF3B2___SF1_unrelaxed_rank_001_alphafold2_multimer_v3_model_2_seed_000.pdb
SF3B2___SF1,2,1,A,B,0.0000,0.0,0.0,0.0000,0.1783,0.0000,0.0000,0.0,0.0,0.1700,40.1,40.3,0.240,0,0,0,0,,,,,895,639,,,,,SF3B2___SF1_unrelaxed_rank_002_alphafold2_multimer_v3_model_1_seed_000.pdb
SF3B2___SF1,3,4,A,B,0.0000,0.0,0.0,0.0000,0.2725,0.0000,0.0000,0.0,0.0,0.1600,35.9,39.3,0.250,0,0,0,0,,,,,895,639,,,,,SF3B2___SF1_unrelaxed_rank_003_alphafold2_multimer_v3_model_4_seed_000.pdb
SF3B2___SF1,4,3,A,B,0.0000,0.0,0.0,0.0000,0.1556,0.0000,0.0000,0.0,0.0,0.1600,40.9,40.0,0.240,0,0,0,0,,,,,895,639,,,,,SF3B2___SF1_unrelaxed_rank_004_alphafold2_multimer_v3_model_3_seed_000.pdb
SF3B2___SF1,5,5,A,B,0.0000,0.0,0.0,0.0000,0.1446,0.0000,0.0000,0.0,0.0,0.1600,39.8,41.0,0.250,0,0,0,0,,,,,895,639,,,,,SF3B2___SF1_unrelaxed_rank_005_alphafold2_multimer_v3_model_5_seed_000.pdb
SF3B2___ZBTB33,1,3,A,B,0.0754,85.2,6.4,0.0140,0.6393,0.0641,0.0886,382.0,19.0,0.2100,39.5,36.8,0.220,10,69,7,6,39.5,71.1,40.3,68.4,895,672,[717-726],"[495-499,508-509,512-516,522-527,529-573,584-589]","[718,720-722,724-726]","[508,534-535,538,562,586]",SF3B2___ZBTB33_unrelaxed_rank_001_alphafold2_multimer_v3_model_3_seed_000.pdb
SF3B2___ZBTB33,2,4,A,B,0.0270,48.2,1.3,0.0113,0.5839,0.0316,0.0230,291.0,8.0,0.1800,37.8,38.1,0.230,11,53,5,5,32.4,71.6,33.7,68.5,895,672,[715-725],"[496,512,522-524,526-527,529-545,548-555,557-573,584-587]","[717-719,721-722]","[534-535,538,562,586]",SF3B2___ZBTB33_unrelaxed_rank_002_alphafold2_multimer_v3_model_4_seed_000.pdb
SF3B2___ZBTB33,3,2,A,B,0.0000,0.0,0.0,0.0000,0.3756,0.0000,0.0000,0.0,0.0,0.1700,39.6,38.2,0.220,0,0,0,0,,,,,895,672,,,,,SF3B2___ZBTB33_unrelaxed_rank_003_alphafold2_multimer_v3_model_2_seed_000.pdb
SF3B2___ZBTB33,4,1,A,B,0.0000,0.0,0.0,0.0000,0.3016,0.0000,0.0000,0.0,0.0,0.1700,39.0,36.4,0.220,0,0,0,0,,,,,895,672,,,,,SF3B2___ZBTB33_unrelaxed_rank_004_alphafold2_multimer_v3_model_1_seed_000.pdb
SF3B2___ZBTB33,5,5,A,B,0.0000,0.0,0.0,0.0000,0.1493,0.0000,0.0000,0.0,0.0,0.1600,39.6,38.8,0.220,0,0,0,0,,,,,895,672,,,,,SF3B2___ZBTB33_unrelaxed_rank_005_alphafold2_multimer_v3_model_5_seed_000.pdb
SFPQ___CIZ1,1,1,A,B,0.1153,925.4,106.7,0.0788,0.7131,0.0865,0.1537,6587.0,130.0,0.3500,48.6,27.5,0.340,209,77,30,32,88.5,67.4,73.8,63.6,707,898,"[276-305,309-323,325-329,331-358,360-461,488,490,492-497,499-500,504-506,508-523]","[651,653-713,729-743]","[277-282,284-291,319-321,343-344,346-347,350-351,383,385-386,388-389,392,456]","[654,657-658,666-668,671,679-686,696-697,700-701,704-705,730-735,738-741,743]",SFPQ___CIZ1_unrelaxed_rank_001_alphafold2_multimer_v3_model_1_seed_000.pdb
SFPQ___CIZ1,2,4,A,B,0.0285,45.4,1.3,0.0108,0.5674,0.0346,0.0235,147.0,14.0,0.3100,46.7,25.9,0.310,37,38,5,8,79.4,68.9,52.4,61.2,707,898,"[279-287,289-290,295,298-300,341,344-346,348,367-368,370,374,380,382,391,394,401,406,410,416,418,429,447,451,453]","[656,659,661-662,667-675,677-687,692-702,704,731-732]","[279-280,284-285,287]","[683,685-686,697,700-701,704,732]",SFPQ___CIZ1_unrelaxed_rank_002_alphafold2_multimer_v3_model_4_seed_000.pdb
SFPQ___CIZ1,3,3,A,B,0.0000,0.0,0.0,0.0000,0.4013,0.0000,0.0000,0.0,0.0,0.2300,48.0,26.1,0.300,0,0,0,0,,,,,707,898,,,,,SFPQ___CIZ1_unrelaxed_rank_003_alphafold2_multimer_v3_model_3_seed_000.pdb
SFPQ___CIZ1,4,2,A,B,0.0000,0.0,0.0,0.0000,0.2488,0.0000,0.0000,0.0,0.0,0.2100,48.5,27.8,0.310,0,0,0,0,,,,,707,898,,,,,SFPQ___CIZ1_unrelaxed_rank_004_alphafold2_multimer_v3_model_2_seed_000.pdb
SFPQ___CIZ1,5,5,A,B,0.0000,0.0,0.0,0.0000,0.1654,0.0000,0.0000,0.0,0.0,0.1600,48.2,25.4,0.300,0,0,0,0,,,,,707,898,,,,,SFPQ___CIZ1_unrelaxed_rank_005_alphafold2_multimer_v3_model_5_seed_000.pdb
SFPQ___PCCA,1,5,A,B,0.0340,7.2,0.2,0.0000,0.5269,0.0329,0.0350,26.0,2.0,0.3700,44.5,83.2,0.540,11,16,2,2,72.7,89.9,65.8,75.0,707,728,"[468-475,480,482,484]","[77,438,474,486,524,528,530-533,544,570,582,584,621,626]","[468,484]","[438,621]",SFPQ___PCCA_unrelaxed_rank_001_alphafold2_multimer_v3_model_5_seed_000.pdb
SFPQ___PCCA,2,3,A,B,0.0000,0.0,0.0,0.0000,0.3315,0.0000,0.0000,0.0,0.0,0.2800,44.3,83.0,0.530,0,0,0,0,,,,,707,728,,,,,SFPQ___PCCA_unrelaxed_rank_002_alphafold2_multimer_v3_model_3_seed_000.pdb
SFPQ___PCCA,3,2,A,B,0.0000,0.0,0.0,0.0000,0.3082,0.0000,0.0000,0.0,0.0,0.2100,43.9,84.3,0.510,0,0,0,0,,,,,707,728,,,,,SFPQ___PCCA_unrelaxed_rank_003_alphafold2_multimer_v3_model_2_seed_000.pdb
SFPQ___PCCA,4,1,A,B,0.0000,0.0,0.0,0.0000,0.1579,0.0000,0.0000,0.0,0.0,0.1600,40.8,83.4,0.500,0,0,0,0,,,,,707,728,,,,,SFPQ___PCCA_unrelaxed_rank_004_alphafold2_multimer_v3_model_1_seed_000.pdb
SFPQ___PCCA,5,4,A,B,0.0000,0.0,0.0,0.0000,0.1734,0.0000,0.0000,0.0,0.0,0.1600,39.2,81.7,0.500,0,0,0,0,,,,,707,728,,,,,SFPQ___PCCA_unrelaxed_rank_005_alphafold2_multimer_v3_model_4_seed_000.pdb
SFPQ___RAVER1,1,5,A,B,0.0000,0.0,0.0,0.0000,0.1684,0.0000,0.0000,0.0,0.0,0.1600,46.6,52.0,0.330,0,0,0,0,,,,,707,606,,,,,SFPQ___RAVER1_unrelaxed_rank_001_alphafold2_multimer_v3_model_5_seed_000.pdb
SFPQ___RAVER1,2,2,A,B,0.0000,0.0,0.0,0.0000,0.1803,0.0000,0.0000,0.0,0.0,0.1500,46.2,52.5,0.330,0,0,0,0,,,,,707,606,,,,,SFPQ___RAVER1_unrelaxed_rank_002_alphafold2_multimer_v3_model_2_seed_000.pdb
SFPQ___RAVER1,3,1,A,B,0.0000,0.0,0.0,0.0000,0.2025,0.0000,0.0000,0.0,0.0,0.1500,47.1,51.6,0.330,0,0,0,0,,,,,707,606,,,,,SFPQ___RAVER1_unrelaxed_rank_003_alphafold2_multimer_v3_model_1_seed_000.pdb
SFPQ___RAVER1,4,3,A,B,0.0000,0.0,0.0,0.0000,0.1985,0.0000,0.0000,0.0,0.0,0.1500,46.7,51.9,0.330,0,0,0,0,,,,,707,606,,,,,SFPQ___RAVER1_unrelaxed_rank_004_alphafold2_multimer_v3_model_3_seed_000.pdb
SFPQ___RAVER1,5,4,A,B,0.0000,0.0,0.0,0.0000,0.1646,0.0000,0.0000,0.0,0.0,0.1400,44.1,52.6,0.330,0,0,0,0,,,,,707,606,,,,,SFPQ___RAVER1_unrelaxed_rank_005_alphafold2_multimer_v3_model_4_seed_000.pdb
SFPQ___STIP1,1,1,A,B,0.0000,0.0,0.0,0.0000,0.1510,0.0000,0.0000,0.0,0.0,0.1600,47.1,80.1,0.300,0,0,0,0,,,,,707,543,,,,,SFPQ___STIP1_unrelaxed_rank_001_alphafold2_multimer_v3_model_1_seed_000.pdb
SFPQ___STIP1,2,4,A,B,0.0000,0.0,0.0,0.0000,0.1563,0.0000,0.0000,0.0,0.0,0.1600,44.3,78.6,0.300,0,0,0,0,,,,,707,543,,,,,SFPQ___STIP1_unrelaxed_rank_002_alphafold2_multimer_v3_model_4_seed_000.pdb
SFPQ___STIP1,3,2,A,B,0.0000,0.0,0.0,0.0000,0.1446,0.0000,0.0000,0.0,0.0,0.1500,45.1,81.5,0.300,0,0,0,0,,,,,707,543,,,,,SFPQ___STIP1_unrelaxed_rank_003_alphafold2_multimer_v3_model_2_seed_000.pdb
SFPQ___STIP1,4,5,A,B,0.0000,0.0,0.0,0.0000,0.1353,0.0000,0.0000,0.0,0.0,0.1400,46.0,79.5,0.300,0,0,0,0,,,,,707,543,,,,,SFPQ___STIP1_unrelaxed_rank_004_alphafold2_multimer_v3_model_5_seed_000.pdb
SFPQ___STIP1,5,3,A,B,0.0000,0.0,0.0,0.0000,0.1339,0.0000,0.0000,0.0,0.0,0.1400,45.8,79.0,0.300,0,0,0,0,,,,,707,543,,,,,SFPQ___STIP1_unrelaxed_rank_005_alphafold2_multimer_v3_model_3_seed_000.pdb
SLC3A2___PRDX1,1,1,A,B,0.0000,0.0,0.0,0.0000,0.1755,0.0000,0.0000,0.0,0.0,0.1800,70.0,84.1,0.550,0,0,0,0,,,,,630,199,,,,,SLC3A2___PRDX1_unrelaxed_rank_001_alphafold2_multimer_v3_model_1_seed_000.pdb
SLC3A2___PRDX1,2,5,A,B,0.0000,0.0,0.0,0.0000,0.1217,0.0000,0.0000,0.0,0.0,0.1600,68.0,82.9,0.550,0,0,0,0,,,,,630,199,,,,,SLC3A2___PRDX1_unrelaxed_rank_002_alphafold2_multimer_v3_model_5_seed_000.pdb
SLC3A2___PRDX1,3,3,A,B,0.0000,0.0,0.0,0.0000,0.1586,0.0000,0.0000,0.0,0.0,0.1600,68.5,85.6,0.550,0,0,0,0,,,,,630,199,,,,,SLC3A2___PRDX1_unrelaxed_rank_003_alphafold2_multimer_v3_model_3_seed_000.pdb
SLC3A2___PRDX1,4,4,A,B,0.0000,0.0,0.0,0.0000,0.1128,0.0000,0.0000,0.0,0.0,0.1500,68.1,80.6,0.550,0,0,0,0,,,,,630,199,,,,,SLC3A2___PRDX1_unrelaxed_rank_004_alphafold2_multimer_v3_model_4_seed_000.pdb
SLC3A2___PRDX1,5,2,A,B,0.0000,0.0,0.0,0.0000,0.1053,0.0000,0.0000,0.0,0.0,0.1300,69.0,81.8,0.550,0,0,0,0,,,,,630,199,,,,,SLC3A2___PRDX1_unrelaxed_rank_005_alphafold2_multimer_v3_model_2_seed_000.pdb
SLC3A2___SF3A3,1,1,A,B,0.0000,0.0,0.0,0.0000,0.1680,0.0000,0.0000,0.0,0.0,0.1700,69.2,69.5,0.460,0,0,0,0,,,,,630,501,,,,,SLC3A2___SF3A3_unrelaxed_rank_001_alphafold2_multimer_v3_model_1_seed_000.pdb
SLC3A2___SF3A3,2,4,A,B,0.0000,0.0,0.0,0.0000,0.1205,0.0000,0.0000,0.0,0.0,0.1600,68.4,67.6,0.450,0,0,0,0,,,,,630,501,,,,,SLC3A2___SF3A3_unrelaxed_rank_002_alphafold2_multimer_v3_model_4_seed_000.pdb
SLC3A2___SF3A3,3,5,A,B,0.0000,0.0,0.0,0.0000,0.1499,0.0000,0.0000,0.0,0.0,0.1500,68.1,71.3,0.450,0,0,0,0,,,,,630,501,,,,,SLC3A2___SF3A3_unrelaxed_rank_003_alphafold2_multimer_v3_model_5_seed_000.pdb
SLC3A2___SF3A3,4,2,A,B,0.0000,0.0,0.0,0.0000,0.0000,0.0000,0.0000,0.0,0.0,0.1500,69.0,72.0,0.450,0,0,0,0,,,,,630,501,,,,,SLC3A2___SF3A3_unrelaxed_rank_004_alphafold2_multimer_v3_model_2_seed_000.pdb
SLC3A2___SF3A3,5,3,A,B,0.0000,0.0,0.0,0.0000,0.1446,0.0000,0.0000,0.0,0.0,0.1400,68.3,73.2,0.450,0,0,0,0,,,,,630,501,,,,,SLC3A2___SF3A3_unrelaxed_rank_005_alphafold2_multimer_v3_model_3_seed_000.pdb
SLC3A2___ZBTB33,1,1,A,B,0.0000,0.0,0.0,0.0000,0.1663,0.0000,0.0000,0.0,0.0,0.1600,69.3,35.4,0.420,0,0,0,0,,,,,630,672,,,,,SLC3A2___ZBTB33_unrelaxed_rank_001_alphafold2_multimer_v3_model_1_seed_000.pdb
SLC3A2___ZBTB33,2,2,A,B,0.0000,0.0,0.0,0.0000,0.1581,0.0000,0.0000,0.0,0.0,0.1600,69.5,34.5,0.420,0,0,0,0,,,,,630,672,,,,,SLC3A2___ZBTB33_unrelaxed_rank_002_alphafold2_multimer_v3_model_2_seed_000.pdb
SLC3A2___ZBTB33,3,3,A,B,0.0000,0.0,0.0,0.0000,0.1241,0.0000,0.0000,0.0,0.0,0.1600,68.6,35.7,0.420,0,0,0,0,,,,,630,672,,,,,SLC3A2___ZBTB33_unrelaxed_rank_003_alphafold2_multimer_v3_model_3_seed_000.pdb
SLC3A2___ZBTB33,4,4,A,B,0.0000,0.0,0.0,0.0000,0.2448,0.0000,0.0000,0.0,0.0,0.1600,68.4,35.0,0.410,0,0,0,0,,,,,630,672,,,,,SLC3A2___ZBTB33_unrelaxed_rank_004_alphafold2_multimer_v3_model_4_seed_000.pdb
SLC3A2___ZBTB33,5,5,A,B,0.0000,0.0,0.0,0.0000,0.1420,0.0000,0.0000,0.0,0.0,0.1600,68.5,35.8,0.410,0,0,0,0,,,,,630,672,,,,,SLC3A2___ZBTB33_unrelaxed_rank_005_alphafold2_multimer_v3_model_5_seed_000.pdb
SLC3A2___ZNF503,1,2,A,B,0.0000,0.0,0.0,0.0000,0.2607,0.0000,0.0000,0.0,0.0,0.1700,71.5,19.2,0.430,0,0,0,0,,,,,630,646,,,,,SLC3A2___ZNF503_unrelaxed_rank_001_alphafold2_multimer_v3_model_2_seed_000.pdb
SLC3A2___ZNF503,2,3,A,B,0.0000,0.0,0.0,0.0000,0.2321,0.0000,0.0000,0.0,0.0,0.1700,71.0,19.5,0.420,0,0,0,0,,,,,630,646,,,,,SLC3A2___ZNF503_unrelaxed_rank_002_alphafold2_multimer_v3_model_3_seed_000.pdb
SLC3A2___ZNF503,3,4,A,B,0.0000,0.0,0.0,0.0000,0.2435,0.0000,0.0000,0.0,0.0,0.1600,70.6,19.0,0.420,0,0,0,0,,,,,630,646,,,,,SLC3A2___ZNF503_unrelaxed_rank_003_alphafold2_multimer_v3_model_4_seed_000.pdb
SLC3A2___ZNF503,4,1,A,B,0.0000,0.0,0.0,0.0000,0.1754,0.0000,0.0000,0.0,0.0,0.1600,70.7,19.9,0.420,0,0,0,0,,,,,630,646,,,,,SLC3A2___ZNF503_unrelaxed_rank_004_alphafold2_multimer_v3_model_1_seed_000.pdb
SLC3A2___ZNF503,5,5,A,B,0.0000,0.0,0.0,0.0000,0.1281,0.0000,0.0000,0.0,0.0,0.1600,70.4,19.1,0.420,0,0,0,0,,,,,630,646,,,,,SLC3A2___ZNF503_unrelaxed_rank_005_alphafold2_multimer_v3_model_5_seed_000.pdb
SMAP___ZBTB33,1,2,A,B,0.0737,87.1,6.4,0.0115,0.4631,0.0633,0.0857,281.0,27.0,0.2100,25.0,40.4,0.240,17,33,6,8,52.5,72.6,53.7,71.3,183,672,"[72,75-89,91]","[538-539,543,545-573,584]","[77,80-81,84-85,88]","[543,546,559-561,564,567-568]",SMAP___ZBTB33_unrelaxed_rank_001_alphafold2_multimer_v3_model_2_seed_000.pdb
SMAP___ZBTB33,2,4,A,B,0.0000,0.0,0.0,0.0000,0.3324,0.0000,0.0000,0.0,0.0,0.1800,22.7,41.7,0.270,0,0,0,0,,,,,183,672,,,,,SMAP___ZBTB33_unrelaxed_rank_002_alphafold2_multimer_v3_model_4_seed_000.pdb
SMAP___ZBTB33,3,1,A,B,0.0000,0.0,0.0,0.0000,0.2545,0.0000,0.0000,0.0,0.0,0.1600,21.9,39.5,0.250,0,0,0,0,,,,,183,672,,,,,SMAP___ZBTB33_unrelaxed_rank_003_alphafold2_multimer_v3_model_1_seed_000.pdb
SMAP___ZBTB33,4,3,A,B,0.0000,0.0,0.0,0.0000,0.3068,0.0000,0.0000,0.0,0.0,0.1700,22.2,39.4,0.240,0,0,0,0,,,,,183,672,,,,,SMAP___ZBTB33_unrelaxed_rank_004_alphafold2_multimer_v3_model_3_seed_000.pdb
SMAP___ZBTB33,5,5,A,B,0.0000,0.0,0.0,0.0000,0.2774,0.0054,0.0000,1.0,0.0,0.1500,22.3,41.6,0.240,1,1,0,0,21.8,48.2,,,183,672,[57],[435],,,SMAP___ZBTB33_unrelaxed_rank_005_alphafold2_multimer_v3_model_5_seed_000.pdb
SNRPC___LUC7L2,1,3,A,B,0.0000,0.0,0.0,0.0000,0.2724,0.0000,0.0000,0.0,0.0,0.1600,33.8,61.4,0.450,0,0,0,0,,,,,159,392,,,,,SNRPC___LUC7L2_unrelaxed_rank_001_alphafold2_multimer_v3_model_3_seed_000.pdb
SNRPC___LUC7L2,2,2,A,B,0.0000,0.0,0.0,0.0000,0.2128,0.0000,0.0000,0.0,0.0,0.1400,33.6,62.9,0.450,0,0,0,0,,,,,159,392,,,,,SNRPC___LUC7L2_unrelaxed_rank_002_alphafold2_multimer_v3_model_2_seed_000.pdb
SNRPC___LUC7L2,3,1,A,B,0.0000,0.0,0.0,0.0000,0.1587,0.0000,0.0000,0.0,0.0,0.1300,33.3,65.5,0.460,0,0,0,0,,,,,159,392,,,,,SNRPC___LUC7L2_unrelaxed_rank_003_alphafold2_multimer_v3_model_1_seed_000.pdb
SNRPC___LUC7L2,4,4,A,B,0.0000,0.0,0.0,0.0000,0.1536,0.0000,0.0000,0.0,0.0,0.1300,32.5,62.1,0.440,0,0,0,0,,,,,159,392,,,,,SNRPC___LUC7L2_unrelaxed_rank_004_alphafold2_multimer_v3_model_4_seed_000.pdb
SNRPC___LUC7L2,5,5,A,B,0.0000,0.0,0.0,0.0000,0.1136,0.0000,0.0000,0.0,0.0,0.1100,32.9,62.2,0.440,0,0,0,0,,,,,159,392,,,,,SNRPC___LUC7L2_unrelaxed_rank_005_alphafold2_multimer_v3_model_5_seed_000.pdb
SNRPC___MRPL12,1,4,A,B,0.0000,0.0,0.0,0.0000,0.2235,0.0000,0.0000,0.0,0.0,0.1200,40.8,52.2,0.240,0,0,0,0,,,,,159,198,,,,,SNRPC___MRPL12_unrelaxed_rank_001_alphafold2_multimer_v3_model_4_seed_000.pdb
SNRPC___MRPL12,2,5,A,B,0.0000,0.0,0.0,0.0000,0.1799,0.0000,0.0000,0.0,0.0,0.1100,39.7,48.4,0.240,0,0,0,0,,,,,159,198,,,,,SNRPC___MRPL12_unrelaxed_rank_002_alphafold2_multimer_v3_model_5_seed_000.pdb
SNRPC___MRPL12,3,2,A,B,0.0000,0.0,0.0,0.0000,0.2038,0.0000,0.0000,0.0,0.0,0.1000,37.2,51.7,0.240,0,0,0,0,,,,,159,198,,,,,SNRPC___MRPL12_unrelaxed_rank_003_alphafold2_multimer_v3_model_2_seed_000.pdb
SNRPC___MRPL12,4,3,A,B,0.0000,0.0,0.0,0.0000,0.0837,0.0000,0.0000,0.0,0.0,0.1000,40.8,50.1,0.240,0,0,0,0,,,,,159,198,,,,,SNRPC___MRPL12_unrelaxed_rank_004_alphafold2_multimer_v3_model_3_seed_000.pdb
SNRPC___MRPL12,5,1,A,B,0.0000,0.0,0.0,0.0000,0.1086,0.0000,0.0000,0.0,0.0,0.0900,42.1,53.2,0.240,0,0,0,0,,,,,159,198,,,,,SNRPC___MRPL12_unrelaxed_rank_005_alphafold2_multimer_v3_model_1_seed_000.pdb
SNRPC___PCBP2,1,2,A,B,0.0000,0.0,0.0,0.0000,0.2012,0.0000,0.0000,0.0,0.0,0.1500,32.8,62.2,0.380,0,0,0,0,,,,,159,365,,,,,SNRPC___PCBP2_unrelaxed_rank_001_alphafold2_multimer_v3_model_2_seed_000.pdb
SNRPC___PCBP2,2,4,A,B,0.0000,0.0,0.0,0.0000,0.1630,0.0000,0.0000,0.0,0.0,0.1300,33.9,63.7,0.390,0,0,0,0,,,,,159,365,,,,,SNRPC___PCBP2_unrelaxed_rank_002_alphafold2_multimer_v3_model_4_seed_000.pdb
SNRPC___PCBP2,3,1,A,B,0.0000,0.0,0.0,0.0000,0.1101,0.0000,0.0000,0.0,0.0,0.1100,29.8,61.8,0.370,0,0,0,0,,,,,159,365,,,,,SNRPC___PCBP2_unrelaxed_rank_003_alphafold2_multimer_v3_model_1_seed_000.pdb
SNRPC___PCBP2,4,5,A,B,0.0000,0.0,0.0,0.0000,0.1319,0.0000,0.0000,0.0,0.0,0.1100,34.1,63.4,0.380,0,0,0,0,,,,,159,365,,,,,SNRPC___PCBP2_unrelaxed_rank_004_alphafold2_multimer_v3_model_5_seed_000.pdb
SNRPC___PCBP2,5,3,A,B,0.0000,0.0,0.0,0.0000,0.1398,0.0000,0.0000,0.0,0.0,0.1100,32.4,62.0,0.380,0,0,0,0,,,,,159,365,,,,,SNRPC___PCBP2_unrelaxed_rank_005_alphafold2_multimer_v3_model_3_seed_000.pdb
SNRPC___PSPC1,1,3,A,B,0.0000,0.0,0.0,0.0000,0.1936,0.0000,0.0000,0.0,0.0,0.1400,34.0,61.5,0.420,0,0,0,0,,,,,159,523,,,,,SNRPC___PSPC1_unrelaxed_rank_001_alphafold2_multimer_v3_model_3_seed_000.pdb
SNRPC___PSPC1,2,4,A,B,0.0000,0.0,0.0,0.0000,0.1161,0.0000,0.0000,0.0,0.0,0.1200,32.4,61.0,0.410,0,0,0,0,,,,,159,523,,,,,SNRPC___PSPC1_unrelaxed_rank_002_alphafold2_multimer_v3_model_4_seed_000.pdb
SNRPC___PSPC1,3,5,A,B,0.0000,0.0,0.0,0.0000,0.1337,0.0000,0.0000,0.0,0.0,0.1100,33.3,61.0,0.420,0,0,0,0,,,,,159,523,,,,,SNRPC___PSPC1_unrelaxed_rank_003_alphafold2_multimer_v3_model_5_seed_000.pdb
SNRPC___PSPC1,4,2,A,B,0.0000,0.0,0.0,0.0000,0.0969,0.0000,0.0000,0.0,0.0,0.1100,35.3,60.8,0.410,0,0,0,0,,,,,159,523,,,,,SNRPC___PSPC1_unrelaxed_rank_004_alphafold2_multimer_v3_model_2_seed_000.pdb
SNRPC___PSPC1,5,1,A,B,0.0000,0.0,0.0,0.0000,0.0881,0.0000,0.0000,0.0,0.0,0.1100,31.3,62.6,0.410,0,0,0,0,,,,,159,523,,,,,SNRPC___PSPC1_unrelaxed_rank_005_alphafold2_multimer_v3_model_1_seed_000.pdb
SNRPC___SET,1,4,A,B,0.0629,221.9,14.0,0.0146,0.3718,0.0605,0.0654,2051.0,24.0,0.1700,36.7,66.6,0.470,24,166,7,13,51.5,88.7,51.5,76.3,159,290,"[3-6,8-9,11-27,30]","[40-158,164-175,177-180,202-209,212-234]","[15,17-19,21-22,25]","[59-60,63-64,66-67,69-71,127,219,222-223]",SNRPC___SET_unrelaxed_rank_001_alphafold2_multimer_v3_model_4_seed_000.pdb
SNRPC___SET,2,3,A,B,0.0444,103.2,4.6,0.0127,0.3485,0.0461,0.0427,1520.0,7.0,0.1700,35.9,65.7,0.460,24,152,5,5,52.5,89.4,51.3,76.2,159,290,"[2-6,8-9,11-25,30,33]","[40-127,135-156,164-174,177-180,202-208,215-234]","[15,17-18,21,25]","[63,66,70,219,223]",SNRPC___SET_unrelaxed_rank_002_alphafold2_multimer_v3_model_3_seed_000.pdb
SNRPC___SET,3,5,A,B,0.0347,81.7,2.8,0.0132,0.3113,0.0318,0.0379,834.0,8.0,0.1500,35.6,65.2,0.460,15,141,6,4,50.2,88.9,46.9,78.1,159,290,"[2-4,6,9,13-21,24]","[42-102,104,106-126,128,135-157,166-174,177-179,202-206,217-233]","[2,15-18,20]","[66,70,219,223]",SNRPC___SET_unrelaxed_rank_003_alphafold2_multimer_v3_model_5_seed_000.pdb
SNRPC___SET,4,2,A,B,0.0000,0.0,0.0,0.0000,0.1791,0.0000,0.0000,0.0,0.0,0.1400,36.5,66.7,0.460,0,0,0,0,,,,,159,290,,,,,SNRPC___SET_unrelaxed_rank_004_alphafold2_multimer_v3_model_2_seed_000.pdb
SNRPC___SET,5,1,A,B,0.0000,0.0,0.0,0.0000,0.2625,0.0161,0.0000,163.0,0.0,0.1400,31.8,65.8,0.450,6,86,0,0,50.6,89.0,,,159,290,"[4,6,13,20-21,24]","[47-48,50-51,53-66,68-73,75-76,79,82-91,93-102,105-106,109,111,113-118,121-122,137-142,147,149-152,156,171,173,203-206,219-220,222,224,227-229,232-233]",,,SNRPC___SET_unrelaxed_rank_005_alphafold2_multimer_v3_model_1_seed_000.pdb
STIP1___PSPC1,1,1,A,B,0.0000,0.0,0.0,0.0000,0.1355,0.0000,0.0000,0.0,0.0,0.1500,80.8,58.6,0.320,0,0,0,0,,,,,543,523,,,,,STIP1___PSPC1_unrelaxed_rank_001_alphafold2_multimer_v3_model_1_seed_000.pdb
STIP1___PSPC1,2,2,A,B,0.0000,0.0,0.0,0.0000,0.0000,0.0000,0.0000,0.0,0.0,0.1400,82.3,56.3,0.320,0,0,0,0,,,,,543,523,,,,,STIP1___PSPC1_unrelaxed_rank_002_alphafold2_multimer_v3_model_2_seed_000.pdb
STIP1___PSPC1,3,4,A,B,0.0000,0.0,0.0,0.0000,0.1135,0.0000,0.0000,0.0,0.0,0.1400,79.8,55.9,0.320,0,0,0,0,,,,,543,523,,,,,STIP1___PSPC1_unrelaxed_rank_003_alphafold2_multimer_v3_model_4_seed_000.pdb
STIP1___PSPC1,4,3,A,B,0.0000,0.0,0.0,0.0000,0.1167,0.0000,0.0000,0.0,0.0,0.1300,79.5,56.7,0.320,0,0,0,0,,,,,543,523,,,,,STIP1___PSPC1_unrelaxed_rank_004_alphafold2_multimer_v3_model_3_seed_000.pdb
STIP1___PSPC1,5,5,A,B,0.0000,0.0,0.0,0.0000,0.0000,0.0000,0.0000,0.0,0.0,0.1300,80.1,56.5,0.320,0,0,0,0,,,,,543,523,,,,,STIP1___PSPC1_unrelaxed_rank_005_alphafold2_multimer_v3_model_5_seed_000.pdb
STIP1___SF3A3,1,4,A,B,0.0000,0.0,0.0,0.0000,0.0000,0.0000,0.0000,0.0,0.0,0.1500,78.8,69.6,0.340,0,0,0,0,,,,,543,501,,,,,STIP1___SF3A3_unrelaxed_rank_001_alphafold2_multimer_v3_model_4_seed_000.pdb
STIP1___SF3A3,2,1,A,B,0.0000,0.0,0.0,0.0000,0.1252,0.0000,0.0000,0.0,0.0,0.1500,78.4,73.1,0.350,0,0,0,0,,,,,543,501,,,,,STIP1___SF3A3_unrelaxed_rank_002_alphafold2_multimer_v3_model_1_seed_000.pdb
STIP1___SF3A3,3,2,A,B,0.0000,0.0,0.0,0.0000,0.0000,0.0000,0.0000,0.0,0.0,0.1400,81.0,73.1,0.350,0,0,0,0,,,,,543,501,,,,,STIP1___SF3A3_unrelaxed_rank_003_alphafold2_multimer_v3_model_2_seed_000.pdb
STIP1___SF3A3,4,3,A,B,0.0000,0.0,0.0,0.0000,0.1200,0.0000,0.0000,0.0,0.0,0.1400,79.0,73.3,0.350,0,0,0,0,,,,,543,501,,,,,STIP1___SF3A3_unrelaxed_rank_004_alphafold2_multimer_v3_model_3_seed_000.pdb
STIP1___SF3A3,5,5,A,B,0.0000,0.0,0.0,0.0000,0.1145,0.0000,0.0000,0.0,0.0,0.1300,79.8,72.5,0.350,0,0,0,0,,,,,543,501,,,,,STIP1___SF3A3_unrelaxed_rank_005_alphafold2_multimer_v3_model_5_seed_000.pdb
SUGP2___DAZAP1,1,1,A,B,0.0000,0.0,0.0,0.0000,0.1982,0.0000,0.0000,0.0,0.0,0.1800,41.2,37.0,0.290,0,0,0,0,,,,,1082,407,,,,,SUGP2___DAZAP1_unrelaxed_rank_001_alphafold2_multimer_v3_model_1_seed_000.pdb
SUGP2___DAZAP1,2,2,A,B,0.0000,0.0,0.0,0.0000,0.1678,0.0000,0.0000,0.0,0.0,0.1800,40.7,41.5,0.290,0,0,0,0,,,,,1082,407,,,,,SUGP2___DAZAP1_unrelaxed_rank_002_alphafold2_multimer_v3_model_2_seed_000.pdb
SUGP2___DAZAP1,3,5,A,B,0.0000,0.0,0.0,0.0000,0.1809,0.0000,0.0000,0.0,0.0,0.1700,38.2,40.0,0.270,0,0,0,0,,,,,1082,407,,,,,SUGP2___DAZAP1_unrelaxed_rank_003_alphafold2_multimer_v3_model_5_seed_000.pdb
SUGP2___DAZAP1,4,4,A,B,0.0000,0.0,0.0,0.0000,0.1941,0.0000,0.0000,0.0,0.0,0.1700,34.4,36.6,0.240,0,0,0,0,,,,,1082,407,,,,,SUGP2___DAZAP1_unrelaxed_rank_004_alphafold2_multimer_v3_model_4_seed_000.pdb
SUGP2___DAZAP1,5,3,A,B,0.0000,0.0,0.0,0.0000,0.1813,0.0000,0.0000,0.0,0.0,0.1600,36.1,37.9,0.250,0,0,0,0,,,,,1082,407,,,,,SUGP2___DAZAP1_unrelaxed_rank_005_alphafold2_multimer_v3_model_3_seed_000.pdb
SUGP2___PDK1,1,1,A,B,0.0576,170.3,9.8,0.0170,0.6456,0.0531,0.0624,1160.0,25.0,0.4300,36.8,75.1,0.370,18,241,10,13,39.5,89.9,40.9,87.1,1082,436,[14-31],"[47-51,53-64,72-80,82-93,104,106-107,109-122,124,132-150,152-163,176-183,185-187,189-202,216-241,243-244,247-253,255-256,262-281,283-291,299-308,310-320,322-323,325,331,333-334,359-379,381-390,394-395,397-399]","[14-15,18,21-25,27,29]","[147,150,196,200,217-218,228,231,235,270-271,274-275]",SUGP2___PDK1_unrelaxed_rank_001_alphafold2_multimer_v3_model_1_seed_000.pdb
SUGP2___PDK1,2,5,A,B,0.0533,29.7,1.6,0.0117,0.5312,0.0565,0.0503,176.0,5.0,0.4300,36.4,75.6,0.370,6,107,3,3,34.9,90.9,38.0,82.5,1082,436,[979-984],"[45-48,50-59,63,73-74,76-78,80-81,85-86,88,91,93,106-107,109-113,115-116,118,120,135-136,138-149,152,155-157,159-160,177,181,188,199-200,219-220,223,225,228-229,232,236,267,269-270,272-276,278,284,300-301,303,305,307,312-314,316-317,361-362,364-366,372-373,375,377,382-385,387,396-397]",[981-983],"[52-53,55]",SUGP2___PDK1_unrelaxed_rank_002_alphafold2_multimer_v3_model_5_seed_000.pdb
SUGP2___PDK1,3,3,A,B,0.0000,0.0,0.0,0.0000,0.3274,0.0000,0.0000,0.0,0.0,0.3500,37.3,74.0,0.360,0,0,0,0,,,,,1082,436,,,,,SUGP2___PDK1_unrelaxed_rank_003_alphafold2_multimer_v3_model_3_seed_000.pdb
SUGP2___PDK1,4,2,A,B,0.0000,0.0,0.0,0.0000,0.3876,0.0000,0.0000,0.0,0.0,0.3100,38.3,75.3,0.360,0,0,0,0,,,,,1082,436,,,,,SUGP2___PDK1_unrelaxed_rank_004_alphafold2_multimer_v3_model_2_seed_000.pdb
SUGP2___PDK1,5,4,A,B,0.0000,0.0,0.0,0.0000,0.4001,0.0000,0.0000,0.0,0.0,0.2700,36.5,73.6,0.360,0,0,0,0,,,,,1082,436,,,,,SUGP2___PDK1_unrelaxed_rank_005_alphafold2_multimer_v3_model_4_seed_000.pdb
SUGP2___TLE3,1,4,A,B,0.2397,1179.6,282.7,0.1097,0.8772,0.1964,0.2924,8537.0,163.0,0.3900,37.3,51.8,0.330,32,324,24,49,48.7,87.7,51.7,86.8,1082,772,"[976-988,1060-1078]","[441,443-515,517-562,565-648,652,654-772]","[977-988,1062-1065,1067-1068,1070-1072,1074-1075,1078]","[444-445,447-449,460,462-463,468,476-479,482,488,490,534,552,577-578,580,596-597,619-620,622,638,663,698,702,704,720,724,726,733-743,745,761,766,768]",SUGP2___TLE3_unrelaxed_rank_001_alphafold2_multimer_v3_model_4_seed_000.pdb
SUGP2___TLE3,2,2,A,B,0.2346,689.5,161.8,0.0569,0.8811,0.2015,0.2732,5869.0,81.0,0.3600,35.2,54.4,0.330,20,314,13,24,48.0,93.0,48.7,90.2,1082,772,[1060-1079],"[447-453,458-468,471-515,521-563,565-772]","[1060,1062-1064,1067-1068,1070-1072,1074-1075,1077-1078]","[488,490,534,536,552,576-578,580,596-598,619-620,622,638,702,704,720,742-743,745,761-762]",SUGP2___TLE3_unrelaxed_rank_002_alphafold2_multimer_v3_model_2_seed_000.pdb
SUGP2___TLE3,3,5,A,B,0.0702,258.3,18.1,0.0134,0.6927,0.0536,0.0919,1668.0,40.0,0.3200,34.3,54.3,0.330,14,265,10,21,44.2,92.8,44.3,88.7,1082,772,[1063-1076],"[448-452,460-461,463,473-475,478-495,498,500-513,522-529,531-561,568-573,575-606,608-615,617-627,631-647,654-665,667-669,673-687,692,694-729,731,733-772]","[1063-1065,1067-1068,1070-1072,1074-1075]","[488,490,534,536,552,578,580,596-598,619-620,622,638,702,704,720,742-743,745,761]",SUGP2___TLE3_unrelaxed_rank_003_alphafold2_multimer_v3_model_5_seed_000.pdb
SUGP2___TLE3,4,1,A,B,0.0000,0.0,0.0,0.0000,0.4607,0.0000,0.0000,0.0,0.0,0.2500,32.8,51.3,0.330,0,0,0,0,,,,,1082,772,,,,,SUGP2___TLE3_unrelaxed_rank_004_alphafold2_multimer_v3_model_1_seed_000.pdb
SUGP2___TLE3,5,3,A,B,0.0000,0.0,0.0,0.0000,0.2901,0.0000,0.0000,0.0,0.0,0.2200,32.6,52.1,0.330,0,0,0,0,,,,,1082,772,,,,,SUGP2___TLE3_unrelaxed_rank_005_alphafold2_multimer_v3_model_3_seed_000.pdb
TLE3___CSTB,1,3,A,B,0.2573,1839.7,473.3,0.2048,0.8016,0.1911,0.3463,32233.0,105.0,0.6500,59.1,87.0,0.500,321,98,29,13,94.5,87.0,87.6,62.5,772,98,"[447-515,521-772]",[1-98],"[488,490,534,536,552,576-578,580-581,595-598,617-620,622,638,660-661,663,679,702,704,720,743,745]","[1-5,47-50,73-75,97]",TLE3___CSTB_unrelaxed_rank_001_alphafold2_multimer_v3_model_3_seed_000.pdb
TLE3___CSTB,2,4,A,B,0.1476,966.6,142.7,0.0181,0.7075,0.1263,0.1724,10382.0,90.0,0.5000,55.9,75.0,0.480,319,87,33,13,92.2,73.9,81.0,48.7,772,98,"[447-454,456-515,521-670,672-772]","[1-32,35,38-59,63-89,93-97]","[488,490,505-506,534,536,552,578,580,596,619-620,622-623,637-639,661-664,678-679,702,704-705,720,742-743,745,761-763]","[1-7,47-50,72-73]",TLE3___CSTB_unrelaxed_rank_002_alphafold2_multimer_v3_model_4_seed_000.pdb
TLE3___CSTB,3,2,A,B,0.1093,740.7,81.0,0.0149,0.6173,0.0947,0.1262,7315.0,75.0,0.4900,56.7,82.5,0.480,310,68,30,11,93.7,81.7,86.4,52.4,772,98,"[447-452,458-464,466-468,472-515,521-562,565-772]","[1-13,15-28,30,39-58,65-72,78-87,95,97]","[488,490,534,536,552,578,580,596,619-623,637-638,661-664,679,702,704-705,720,742-743,745-746,760-761]","[1-7,47-50]",TLE3___CSTB_unrelaxed_rank_003_alphafold2_multimer_v3_model_2_seed_000.pdb
TLE3___CSTB,4,5,A,B,0.1463,765.3,112.0,0.0170,0.7082,0.1204,0.1778,8134.0,72.0,0.4800,57.2,80.3,0.470,317,55,27,9,93.3,77.6,82.9,52.2,772,98,"[447-453,456-515,521-562,565-772]","[1-12,14,16-21,24,39-57,65-73,80-86]","[490,534,536,552,576-578,580-581,595-598,619-620,622,638,661,663,679,701-702,704,719-720,743,745]","[2-5,47-50,73]",TLE3___CSTB_unrelaxed_rank_004_alphafold2_multimer_v3_model_5_seed_000.pdb
TLE3___CSTB,5,1,A,B,0.0997,635.7,63.4,0.0140,0.6059,0.0791,0.1257,6415.0,63.0,0.4300,56.2,73.9,0.470,310,29,28,10,92.3,64.5,82.0,47.1,772,98,"[447-452,458-464,466-468,471-515,521-562,566-772]","[1-7,16,19-20,43-56,67-71]","[487-488,490,505-506,532-536,551-552,578,580,622,638,660-663,678-679,702,704,720,743,745,761]","[1-5,7,47-50]",TLE3___CSTB_unrelaxed_rank_005_alphafold2_multimer_v3_model_1_seed_000.pdb
TLE3___LUC7L2,1,2,A,B,0.1775,516.6,91.7,0.0213,0.7094,0.1618,0.1948,4765.0,56.0,0.3200,55.9,60.0,0.410,314,18,21,12,94.5,57.6,90.3,57.5,772,392,"[447-453,458-469,471-515,521-562,565-772]","[1-17,19]","[487-488,490,534,536,552,577-578,580,596-598,620,622,638,702,720,742-743,745,761]","[2-4,6-8,10-11,13-15,19]",TLE3___LUC7L2_unrelaxed_rank_001_alphafold2_multimer_v3_model_2_seed_000.pdb
TLE3___LUC7L2,2,5,A,B,0.1921,648.4,124.6,0.0229,0.7893,0.1867,0.1977,5605.0,75.0,0.3000,55.0,58.2,0.410,318,20,25,11,93.5,51.8,87.4,52.8,772,392,"[447-453,457-515,521-772]",[1-20],"[488,490,534,536,552,576-578,580,595-598,619-622,638,663,702,704,720,743,745,761]","[2-4,6-8,10-11,14-15,19]",TLE3___LUC7L2_unrelaxed_rank_002_alphafold2_multimer_v3_model_5_seed_000.pdb
TLE3___LUC7L2,3,1,A,B,0.1297,481.3,62.4,0.0170,0.6820,0.1276,0.1319,4136.0,56.0,0.2800,55.5,57.3,0.400,310,18,23,8,93.0,52.6,86.2,54.7,772,392,"[447-452,458-464,466-468,471-515,521-562,565-687,689-772]","[1-17,19]","[488,490,534,536,552,577-578,580,595-598,619-620,622,638,702,704,720,742-743,745,761]","[3-4,6-8,11,14-15]",TLE3___LUC7L2_unrelaxed_rank_003_alphafold2_multimer_v3_model_1_seed_000.pdb
TLE3___LUC7L2,4,4,A,B,0.1015,268.1,27.2,0.0154,0.6461,0.1042,0.0989,2479.0,29.0,0.2200,53.4,58.8,0.400,298,14,16,8,92.1,49.8,84.6,48.4,772,392,"[447-452,458-461,463,468,472-514,522-562,566-648,651-670,672-687,689,691-772]",[4-17],"[488,490,534,552,580,596,619-620,622,638,661,663,679,702,704,745]","[4,6-8,10-11,14-15]",TLE3___LUC7L2_unrelaxed_rank_004_alphafold2_multimer_v3_model_4_seed_000.pdb
TLE3___LUC7L2,5,3,A,B,0.0000,0.0,0.0,0.0000,0.3833,0.0098,0.0000,21.0,0.0,0.2000,54.9,55.5,0.380,20,3,0,0,94.9,45.1,,,772,392,"[450,511-512,536,558-559,578-579,602-603,621,632,645,662,695,703,714-715,764,770]","[9-10,12]",,,TLE3___LUC7L2_unrelaxed_rank_005_alphafold2_multimer_v3_model_3_seed_000.pdb
TXN___PTBP1,1,1,A,B,0.0000,0.0,0.0,0.0000,0.1608,0.0000,0.0000,0.0,0.0,0.1900,81.7,62.9,0.370,0,0,0,0,,,,,105,557,,,,,TXN___PTBP1_unrelaxed_rank_001_alphafold2_multimer_v3_model_1_seed_000.pdb
TXN___PTBP1,2,4,A,B,0.0000,0.0,0.0,0.0000,0.1745,0.0000,0.0000,0.0,0.0,0.1900,80.8,63.0,0.360,0,0,0,0,,,,,105,557,,,,,TXN___PTBP1_unrelaxed_rank_002_alphafold2_multimer_v3_model_4_seed_000.pdb
TXN___PTBP1,3,3,A,B,0.0000,0.0,0.0,0.0000,0.1446,0.0000,0.0000,0.0,0.0,0.1600,82.9,63.6,0.360,0,0,0,0,,,,,105,557,,,,,TXN___PTBP1_unrelaxed_rank_003_alphafold2_multimer_v3_model_3_seed_000.pdb
TXN___PTBP1,4,5,A,B,0.0000,0.0,0.0,0.0000,0.1445,0.0000,0.0000,0.0,0.0,0.1500,83.3,64.2,0.360,0,0,0,0,,,,,105,557,,,,,TXN___PTBP1_unrelaxed_rank_004_alphafold2_multimer_v3_model_5_seed_000.pdb
TXN___PTBP1,5,2,A,B,0.0000,0.0,0.0,0.0000,0.1441,0.0000,0.0000,0.0,0.0,0.1500,82.3,64.4,0.370,0,0,0,0,,,,,105,557,,,,,TXN___PTBP1_unrelaxed_rank_005_alphafold2_multimer_v3_model_2_seed_000.pdb
TXN___RB1,1,3,A,B,0.0000,0.0,0.0,0.0000,0.1565,0.0000,0.0000,0.0,0.0,0.2200,76.7,67.2,0.660,0,0,0,0,,,,,105,928,,,,,TXN___RB1_unrelaxed_rank_001_alphafold2_multimer_v3_model_3_seed_000.pdb
TXN___RB1,2,2,A,B,0.0000,0.0,0.0,0.0000,0.1657,0.0000,0.0000,0.0,0.0,0.2000,72.9,67.4,0.650,0,0,0,0,,,,,105,928,,,,,TXN___RB1_unrelaxed_rank_002_alphafold2_multimer_v3_model_2_seed_000.pdb
TXN___RB1,3,1,A,B,0.0000,0.0,0.0,0.0000,0.1829,0.0000,0.0000,0.0,0.0,0.1900,75.1,67.5,0.650,0,0,0,0,,,,,105,928,,,,,TXN___RB1_unrelaxed_rank_003_alphafold2_multimer_v3_model_1_seed_000.pdb
TXN___RB1,4,5,A,B,0.0000,0.0,0.0,0.0000,0.1629,0.0000,0.0000,0.0,0.0,0.1600,82.1,67.2,0.650,0,0,0,0,,,,,105,928,,,,,TXN___RB1_unrelaxed_rank_004_alphafold2_multimer_v3_model_5_seed_000.pdb
TXN___RB1,5,4,A,B,0.0000,0.0,0.0,0.0000,0.1490,0.0000,0.0000,0.0,0.0,0.1500,73.5,67.0,0.650,0,0,0,0,,,,,105,928,,,,,TXN___RB1_unrelaxed_rank_005_alphafold2_multimer_v3_model_4_seed_000.pdb
XRN2___NONO,1,1,A,B,0.0207,20.0,0.4,0.0000,0.4960,0.0211,0.0202,100.0,4.0,0.2500,69.7,50.5,0.550,97,3,4,3,92.6,39.1,85.8,39.1,950,471,"[107,115-116,118,120,160,164-165,167,170-171,192,226,228,311,335,346,388-389,392,395-396,521,524,535-540,542-551,556-560,562,567,571-573,575,590-591,593-595,598-599,602-604,609,611-620,622-623,625-632,635,648,650,652-653,659-663,666,672-673,675-676]",[469-471],"[627,630-632]",[469-471],XRN2___NONO_unrelaxed_rank_001_alphafold2_multimer_v3_model_1_seed_000.pdb
XRN2___NONO,2,5,A,B,0.0000,0.0,0.0,0.0000,0.2449,0.0000,0.0000,0.0,0.0,0.1800,70.6,54.9,0.560,0,0,0,0,,,,,950,471,,,,,XRN2___NONO_unrelaxed_rank_002_alphafold2_multimer_v3_model_5_seed_000.pdb
XRN2___NONO,3,3,A,B,0.0000,0.0,0.0,0.0000,0.1555,0.0000,0.0000,0.0,0.0,0.1800,69.0,53.7,0.550,0,0,0,0,,,,,950,471,,,,,XRN2___NONO_unrelaxed_rank_003_alphafold2_multimer_v3_model_3_seed_000.pdb
XRN2___NONO,4,4,A,B,0.0000,0.0,0.0,0.0000,0.1725,0.0000,0.0000,0.0,0.0,0.1700,70.4,50.1,0.560,0,0,0,0,,,,,950,471,,,,,XRN2___NONO_unrelaxed_rank_004_alphafold2_multimer_v3_model_4_seed_000.pdb
XRN2___NONO,5,2,A,B,0.0000,0.0,0.0,0.0000,0.1576,0.0000,0.0000,0.0,0.0,0.1600,70.4,50.0,0.550,0,0,0,0,,,,,950,471,,,,,XRN2___NONO_unrelaxed_rank_005_alphafold2_multimer_v3_model_2_seed_000.pdb
XRN2___SF3A3,1,4,A,B,0.0000,0.0,0.0,0.0000,0.3479,0.0000,0.0000,0.0,0.0,0.2100,70.5,60.3,0.560,0,0,0,0,,,,,950,501,,,,,XRN2___SF3A3_unrelaxed_rank_001_alphafold2_multimer_v3_model_4_seed_000.pdb
XRN2___SF3A3,2,1,A,B,0.0000,0.0,0.0,0.0000,0.2726,0.0000,0.0000,0.0,0.0,0.2000,70.5,62.1,0.560,0,0,0,0,,,,,950,501,,,,,XRN2___SF3A3_unrelaxed_rank_002_alphafold2_multimer_v3_model_1_seed_000.pdb
XRN2___SF3A3,3,3,A,B,0.0000,0.0,0.0,0.0000,0.2400,0.0000,0.0000,0.0,0.0,0.2000,68.3,65.9,0.550,0,0,0,0,,,,,950,501,,,,,XRN2___SF3A3_unrelaxed_rank_003_alphafold2_multimer_v3_model_3_seed_000.pdb
XRN2___SF3A3,4,2,A,B,0.0000,0.0,0.0,0.0000,0.2200,0.0000,0.0000,0.0,0.0,0.2000,70.7,66.0,0.560,0,0,0,0,,,,,950,501,,,,,XRN2___SF3A3_unrelaxed_rank_004_alphafold2_multimer_v3_model_2_seed_000.pdb
XRN2___SF3A3,5,5,A,B,0.0000,0.0,0.0,0.0000,0.1888,0.0000,0.0000,0.0,0.0,0.1900,69.7,65.4,0.560,0,0,0,0,,,,,950,501,,,,,XRN2___SF3A3_unrelaxed_rank_005_alphafold2_multimer_v3_model_5_seed_000.pdb
ZBTB33___CDC5L,1,4,A,B,0.0000,0.0,0.0,0.0000,0.1899,0.0000,0.0000,0.0,0.0,0.1600,34.3,55.1,0.250,0,0,0,0,,,,,672,802,,,,,ZBTB33___CDC5L_unrelaxed_rank_001_alphafold2_multimer_v3_model_4_seed_000.pdb
ZBTB33___CDC5L,2,1,A,B,0.0000,0.0,0.0,0.0000,0.1651,0.0000,0.0000,0.0,0.0,0.1600,35.9,59.2,0.250,0,0,0,0,,,,,672,802,,,,,ZBTB33___CDC5L_unrelaxed_rank_002_alphafold2_multimer_v3_model_1_seed_000.pdb
ZBTB33___CDC5L,3,5,A,B,0.0000,0.0,0.0,0.0000,0.1437,0.0000,0.0000,0.0,0.0,0.1500,36.7,59.4,0.250,0,0,0,0,,,,,672,802,,,,,ZBTB33___CDC5L_unrelaxed_rank_003_alphafold2_multimer_v3_model_5_seed_000.pdb
ZBTB33___CDC5L,4,3,A,B,0.0000,0.0,0.0,0.0000,0.1413,0.0000,0.0000,0.0,0.0,0.1500,36.7,60.4,0.260,0,0,0,0,,,,,672,802,,,,,ZBTB33___CDC5L_unrelaxed_rank_004_alphafold2_multimer_v3_model_3_seed_000.pdb
ZBTB33___CDC5L,5,2,A,B,0.0000,0.0,0.0,0.0000,0.1591,0.0000,0.0000,0.0,0.0,0.1500,36.6,56.0,0.240,0,0,0,0,,,,,672,802,,,,,ZBTB33___CDC5L_unrelaxed_rank_005_alphafold2_multimer_v3_model_2_seed_000.pdb
ZBTB33___SF3A3,1,3,A,B,0.1447,1245.0,180.2,0.0396,0.7372,0.1025,0.2045,11152.0,139.0,0.4200,38.0,73.4,0.410,107,232,40,36,71.1,81.1,69.4,64.0,672,501,"[483-487,491-592]","[6-54,56-58,106-152,158-171,173,175,180-204,206-218,220-221,318-364,472-501]","[499,501-505,507-508,511-512,515-520,529,531-541,559-560,562-564,585-590,592]","[122,125,131-133,143-144,146,160,345,348-349,353,356,361,364,473,475-478,481-488,490-491,494-495,498,500-501]",ZBTB33___SF3A3_unrelaxed_rank_001_alphafold2_multimer_v3_model_3_seed_000.pdb
ZBTB33___SF3A3,2,5,A,B,0.0000,0.0,0.0,0.0000,0.1752,0.0000,0.0000,0.0,0.0,0.1600,36.2,71.1,0.340,0,0,0,0,,,,,672,501,,,,,ZBTB33___SF3A3_unrelaxed_rank_002_alphafold2_multimer_v3_model_5_seed_000.pdb
ZBTB33___SF3A3,3,1,A,B,0.0000,0.0,0.0,0.0000,0.1578,0.0000,0.0000,0.0,0.0,0.1600,36.1,70.7,0.330,0,0,0,0,,,,,672,501,,,,,ZBTB33___SF3A3_unrelaxed_rank_003_alphafold2_multimer_v3_model_1_seed_000.pdb
ZBTB33___SF3A3,4,2,A,B,0.0000,0.0,0.0,0.0000,0.1505,0.0000,0.0000,0.0,0.0,0.1400,36.5,71.9,0.330,0,0,0,0,,,,,672,501,,,,,ZBTB33___SF3A3_unrelaxed_rank_004_alphafold2_multimer_v3_model_2_seed_000.pdb
ZBTB33___SF3A3,5,4,A,B,0.0000,0.0,0.0,0.0000,0.1438,0.0000,0.0000,0.0,0.0,0.1400,35.5,68.9,0.330,0,0,0,0,,,,,672,501,,,,,ZBTB33___SF3A3_unrelaxed_rank_005_alphafold2_multimer_v3_model_4_seed_000.pdb
ZFR___FAM50A,1,5,A,B,0.0103,2.8,0.0,0.0000,0.4710,0.0111,0.0096,8.0,1.0,0.2600,46.5,58.4,0.350,6,4,1,1,94.1,38.0,92.7,39.9,1074,339,"[756,831,842,902,905,909]",[120-123],[756],[121],ZFR___FAM50A_unrelaxed_rank_001_alphafold2_multimer_v3_model_5_seed_000.pdb
ZFR___FAM50A,2,3,A,B,0.0174,3.6,0.1,0.0000,0.4763,0.0158,0.0192,13.0,1.0,0.2500,45.3,57.4,0.350,9,5,1,1,92.2,34.0,90.4,37.6,1074,339,"[747,756,786,806,823-824,831,905,1006]",[119-123],[756],[121],ZFR___FAM50A_unrelaxed_rank_002_alphafold2_multimer_v3_model_3_seed_000.pdb
ZFR___FAM50A,3,1,A,B,0.0000,0.0,0.0,0.0000,0.3517,0.0000,0.0000,0.0,0.0,0.2000,46.8,58.2,0.340,0,0,0,0,,,,,1074,339,,,,,ZFR___FAM50A_unrelaxed_rank_003_alphafold2_multimer_v3_model_1_seed_000.pdb
ZFR___FAM50A,4,4,A,B,0.0000,0.0,0.0,0.0000,0.3492,0.0000,0.0000,0.0,0.0,0.2000,45.1,49.2,0.340,0,0,0,0,,,,,1074,339,,,,,ZFR___FAM50A_unrelaxed_rank_004_alphafold2_multimer_v3_model_4_seed_000.pdb
ZFR___FAM50A,5,2,A,B,0.0000,0.0,0.0,0.0000,0.1854,0.0000,0.0000,0.0,0.0,0.1800,46.7,60.5,0.340,0,0,0,0,,,,,1074,339,,,,,ZFR___FAM50A_unrelaxed_rank_005_alphafold2_multimer_v3_model_2_seed_000.pdb
ZFR___RPS12,1,4,A,B,0.5722,2335.1,1336.2,0.6557,0.9768,0.4337,0.7550,68156.0,80.0,0.8700,46.7,84.0,0.430,318,124,17,14,89.2,87.7,90.0,83.0,1074,132,"[717-772,777-881,884-1040]",[9-132],"[735,797,870,907,910-911,913-915,917-918,922-924,990-991,993]","[23,26-29,90,94,96-100,115-116]",ZFR___RPS12_unrelaxed_rank_001_alphafold2_multimer_v3_model_4_seed_000.pdb
ZFR___RPS12,2,2,A,B,0.2241,1247.6,279.6,0.2276,0.8172,0.1400,0.3586,30521.0,51.0,0.7300,47.4,82.1,0.420,283,123,13,11,93.0,85.8,84.9,77.9,1074,132,"[721-763,782-836,838,840-877,889,891-1035]",[10-132],"[870,907,910-911,913-915,917-918,923,990-991,993]","[23,26-29,90,94,98-99,115-116]",ZFR___RPS12_unrelaxed_rank_002_alphafold2_multimer_v3_model_2_seed_000.pdb
ZFR___RPS12,3,1,A,B,0.0000,0.0,0.0,0.0000,0.1583,0.0000,0.0000,0.0,0.0,0.1900,48.6,76.7,0.360,0,0,0,0,,,,,1074,132,,,,,ZFR___RPS12_unrelaxed_rank_003_alphafold2_multimer_v3_model_1_seed_000.pdb
ZFR___RPS12,4,3,A,B,0.0000,0.0,0.0,0.0000,0.1512,0.0000,0.0000,0.0,0.0,0.1800,47.0,79.1,0.360,0,0,0,0,,,,,1074,132,,,,,ZFR___RPS12_unrelaxed_rank_004_alphafold2_multimer_v3_model_3_seed_000.pdb
ZFR___RPS12,5,5,A,B,0.0000,0.0,0.0,0.0000,0.1480,0.0000,0.0000,0.0,0.0,0.1800,47.5,80.2,0.360,0,0,0,0,,,,,1074,132,,,,,ZFR___RPS12_unrelaxed_rank_005_alphafold2_multimer_v3_model_5_seed_000.pdb
ZNF503___DAZAP1,1,4,A,B,0.0000,0.0,0.0,0.0000,0.2282,0.0000,0.0000,0.0,0.0,0.1600,22.3,47.5,0.200,0,0,0,0,,,,,646,407,,,,,ZNF503___DAZAP1_unrelaxed_rank_001_alphafold2_multimer_v3_model_4_seed_000.pdb
ZNF503___DAZAP1,2,2,A,B,0.0000,0.0,0.0,0.0000,0.1508,0.0000,0.0000,0.0,0.0,0.1400,21.6,47.6,0.210,0,0,0,0,,,,,646,407,,,,,ZNF503___DAZAP1_unrelaxed_rank_002_alphafold2_multimer_v3_model_2_seed_000.pdb
ZNF503___DAZAP1,3,3,A,B,0.0000,0.0,0.0,0.0000,0.1518,0.0000,0.0000,0.0,0.0,0.1400,20.2,44.4,0.200,0,0,0,0,,,,,646,407,,,,,ZNF503___DAZAP1_unrelaxed_rank_003_alphafold2_multimer_v3_model_3_seed_000.pdb
ZNF503___DAZAP1,4,1,A,B,0.0000,0.0,0.0,0.0000,0.1516,0.0000,0.0000,0.0,0.0,0.1400,23.2,45.6,0.210,0,0,0,0,,,,,646,407,,,,,ZNF503___DAZAP1_unrelaxed_rank_004_alphafold2_multimer_v3_model_1_seed_000.pdb
ZNF503___DAZAP1,5,5,A,B,0.0000,0.0,0.0,0.0000,0.1333,0.0000,0.0000,0.0,0.0,0.1300,21.9,47.0,0.200,0,0,0,0,,,,,646,407,,,,,ZNF503___DAZAP1_unrelaxed_rank_005_alphafold2_multimer_v3_model_5_seed_000.pdb
ZNF503___GFP,1,1,A,B,0.3542,916.1,324.5,0.1917,0.8381,0.2680,0.4680,9324.0,90.0,0.6300,24.5,89.3,0.380,31,230,18,24,62.9,91.3,64.2,86.4,646,238,[54-84],[1-230],"[55-58,61-63,67-68,70-74,77-78,80-81]","[3-4,6-7,9-14,33-35,43,45,89,114,116-118,208,210,219,221]",ZNF503___GFP_unrelaxed_rank_001_alphafold2_multimer_v3_model_1_seed_000.pdb
ZNF503___GFP,2,2,A,B,0.1628,647.2,105.4,0.0156,0.6557,0.1346,0.1970,5370.0,78.0,0.4900,20.7,89.4,0.370,27,228,14,22,40.5,91.6,39.8,86.0,646,238,[55-81],[2-229],"[55-56,58,61-63,68,70-71,73-74,77-78,80]","[3-4,6-7,9,11-15,17,30-34,89,114,116-118,120]",ZNF503___GFP_unrelaxed_rank_002_alphafold2_multimer_v3_model_2_seed_000.pdb
ZNF503___GFP,3,4,A,B,0.0747,169.2,12.6,0.0130,0.5652,0.0599,0.0933,1908.0,15.0,0.3500,20.9,87.1,0.360,15,223,6,8,41.1,89.4,42.1,74.3,646,238,"[62,67-80]","[3-132,134-145,148-228]","[68,71-74,77]","[4,6-7,9,89,114,116-117]",ZNF503___GFP_unrelaxed_rank_003_alphafold2_multimer_v3_model_4_seed_000.pdb
ZNF503___GFP,4,3,A,B,0.0000,0.0,0.0,0.0000,0.3254,0.0000,0.0000,0.0,0.0,0.2900,21.2,87.2,0.350,0,0,0,0,,,,,646,238,,,,,ZNF503___GFP_unrelaxed_rank_004_alphafold2_multimer_v3_model_3_seed_000.pdb
ZNF503___GFP,5,5,A,B,0.0000,0.0,0.0,0.0000,0.2405,0.0000,0.0000,0.0,0.0,0.2400,21.2,88.8,0.340,0,0,0,0,,,,,646,238,,,,,ZNF503___GFP_unrelaxed_rank_005_alphafold2_multimer_v3_model_5_seed_000.pdb
