name,rank,model,chain_i,chain_j,iLIS,iLIA,iLISA,ipSAE,actifpTM,LIS,cLIS,LIA,cLIA,ipTM,pLDDT_i,pLDDT_j,pTM,LIR_i,LIR_j,cLIR_i,cLIR_j,LIpLDDT_i,LIpLDDT_j,cLIpLDDT_i,cLIpLDDT_j,len_i,len_j,LIR_indices_i,LIR_indices_j,cLIR_indices_i,cLIR_indices_j,structure_file
ANP32A___FUBP3,1,4,A,B,0.5550,1580.0,876.9,0.4619,0.9311,0.4528,0.6802,23331.0,107.0,0.5600,65.5,46.8,0.360,161,81,21,17,90.9,76.5,85.3,79.0,249,572,[1-161],[251-331],"[23,25-26,48,50-51,53,70,72-75,96-99,121-124,159]","[265-267,269-273,277,286,288-292,294,302]",ANP32A___FUBP3_unrelaxed_rank_001_alphafold2_multimer_v3_model_4_seed_000.pdb
ANP32A___FUBP3,2,1,A,B,0.0000,0.0,0.0,0.0000,0.2992,0.0000,0.0000,0.0,0.0,0.2300,62.6,46.4,0.320,0,0,0,0,,,,,249,572,,,,,ANP32A___FUBP3_unrelaxed_rank_002_alphafold2_multimer_v3_model_1_seed_000.pdb
ANP32A___FUBP3,3,2,A,B,0.0000,0.0,0.0,0.0000,0.1977,0.0000,0.0000,0.0,0.0,0.1700,62.3,46.3,0.300,0,0,0,0,,,,,249,572,,,,,ANP32A___FUBP3_unrelaxed_rank_003_alphafold2_multimer_v3_model_2_seed_000.pdb
ANP32A___FUBP3,4,3,A,B,0.0000,0.0,0.0,0.0000,0.1440,0.0000,0.0000,0.0,0.0,0.1500,61.5,43.1,0.290,0,0,0,0,,,,,249,572,,,,,ANP32A___FUBP3_unrelaxed_rank_004_alphafold2_multimer_v3_model_3_seed_000.pdb
ANP32A___FUBP3,5,5,A,B,0.0000,0.0,0.0,0.0000,0.1336,0.0000,0.0000,0.0,0.0,0.1300,65.2,47.0,0.290,0,0,0,0,,,,,249,572,,,,,ANP32A___FUBP3_unrelaxed_rank_005_alphafold2_multimer_v3_model_5_seed_000.pdb
ATP5PD___CIZ1,1,3,A,B,0.0000,0.0,0.0,0.0000,0.4332,0.0000,0.0000,0.0,0.0,0.1800,73.9,30.9,0.230,0,0,0,0,,,,,161,898,,,,,ATP5PD___CIZ1_unrelaxed_rank_001_alphafold2_multimer_v3_model_3_seed_000.pdb
ATP5PD___CIZ1,2,1,A,B,0.0000,0.0,0.0,0.0000,0.3585,0.0000,0.0000,0.0,0.0,0.1700,70.4,28.9,0.210,0,0,0,0,,,,,161,898,,,,,ATP5PD___CIZ1_unrelaxed_rank_002_alphafold2_multimer_v3_model_1_seed_000.pdb
ATP5PD___CIZ1,3,4,A,B,0.0000,0.0,0.0,0.0000,0.3961,0.0000,0.0000,0.0,0.0,0.1700,71.5,28.5,0.220,0,0,0,0,,,,,161,898,,,,,ATP5PD___CIZ1_unrelaxed_rank_003_alphafold2_multimer_v3_model_4_seed_000.pdb
ATP5PD___CIZ1,4,5,A,B,0.0000,0.0,0.0,0.0000,0.2125,0.0000,0.0000,0.0,0.0,0.1600,72.7,29.0,0.220,0,0,0,0,,,,,161,898,,,,,ATP5PD___CIZ1_unrelaxed_rank_004_alphafold2_multimer_v3_model_5_seed_000.pdb
ATP5PD___CIZ1,5,2,A,B,0.0000,0.0,0.0,0.0000,0.1402,0.0000,0.0000,0.0,0.0,0.1400,75.0,29.2,0.210,0,0,0,0,,,,,161,898,,,,,ATP5PD___CIZ1_unrelaxed_rank_005_alphafold2_multimer_v3_model_2_seed_000.pdb
ATP5PD___DHX15,1,3,A,B,0.0155,17.2,0.3,0.0000,0.4194,0.0240,0.0100,297.0,1.0,0.2400,63.7,80.2,0.660,7,109,1,1,42.4,93.4,40.3,94.6,161,795,"[151,156-161]","[561-562,564,567,570-584,586-596,600,610-613,615-617,619-620,623-631,636-637,639-660,663-665,667-668,671,673-676,683-695,697-698,700,721-722,726,733,735,747,750,753-754,758]",[161],[631],ATP5PD___DHX15_unrelaxed_rank_001_alphafold2_multimer_v3_model_3_seed_000.pdb
ATP5PD___DHX15,2,5,A,B,0.0000,0.0,0.0,0.0000,0.1765,0.0000,0.0000,0.0,0.0,0.1600,54.1,80.3,0.670,0,0,0,0,,,,,161,795,,,,,ATP5PD___DHX15_unrelaxed_rank_002_alphafold2_multimer_v3_model_5_seed_000.pdb
ATP5PD___DHX15,3,4,A,B,0.0000,0.0,0.0,0.0000,0.1733,0.0000,0.0000,0.0,0.0,0.1500,46.8,79.4,0.660,0,0,0,0,,,,,161,795,,,,,ATP5PD___DHX15_unrelaxed_rank_003_alphafold2_multimer_v3_model_4_seed_000.pdb
ATP5PD___DHX15,4,1,A,B,0.0000,0.0,0.0,0.0000,0.1496,0.0000,0.0000,0.0,0.0,0.1600,45.6,79.4,0.640,0,0,0,0,,,,,161,795,,,,,ATP5PD___DHX15_unrelaxed_rank_004_alphafold2_multimer_v3_model_1_seed_000.pdb
ATP5PD___DHX15,5,2,A,B,0.0000,0.0,0.0,0.0000,0.1504,0.0000,0.0000,0.0,0.0,0.1500,48.8,79.5,0.640,0,0,0,0,,,,,161,795,,,,,ATP5PD___DHX15_unrelaxed_rank_005_alphafold2_multimer_v3_model_2_seed_000.pdb
ATP5PD___EDC3,1,3,A,B,0.3485,785.8,273.8,0.2918,0.8375,0.2216,0.5481,10645.0,58.0,0.4000,75.8,63.4,0.490,53,248,11,11,81.2,92.5,78.4,83.9,161,508,[95-147],"[258-326,330-508]",[126-136],"[343,369-373,416,418-419,422,424]",ATP5PD___EDC3_unrelaxed_rank_001_alphafold2_multimer_v3_model_3_seed_000.pdb
ATP5PD___EDC3,2,2,A,B,0.3459,779.0,269.4,0.2916,0.8048,0.2217,0.5395,10462.0,58.0,0.4000,74.8,64.2,0.480,48,248,11,11,81.6,92.5,80.3,84.8,161,508,[101-148],"[258,260-327,330-508]",[126-136],"[343,369-373,416,418-419,422,424]",ATP5PD___EDC3_unrelaxed_rank_002_alphafold2_multimer_v3_model_2_seed_000.pdb
ATP5PD___EDC3,3,1,A,B,0.3272,695.7,227.7,0.2717,0.7800,0.2139,0.5007,8345.0,58.0,0.3900,63.2,64.8,0.470,36,247,11,11,74.1,92.4,77.5,83.7,161,508,[111-146],"[258-326,331-508]",[126-136],"[343,369-373,416,418-419,422,424]",ATP5PD___EDC3_unrelaxed_rank_003_alphafold2_multimer_v3_model_1_seed_000.pdb
ATP5PD___EDC3,4,5,A,B,0.2867,680.8,195.2,0.1402,0.7591,0.1848,0.4449,7725.0,60.0,0.3700,70.8,63.1,0.480,46,238,11,11,75.3,92.5,73.2,81.7,161,508,[101-146],"[260-264,267-322,325-326,332-506]",[126-136],"[343,369-373,416,418-419,422,424]",ATP5PD___EDC3_unrelaxed_rank_004_alphafold2_multimer_v3_model_5_seed_000.pdb
ATP5PD___EDC3,5,4,A,B,0.0000,0.0,0.0,0.0000,0.1137,0.0000,0.0000,0.0,0.0,0.1200,57.0,62.5,0.420,0,0,0,0,,,,,161,508,,,,,ATP5PD___EDC3_unrelaxed_rank_005_alphafold2_multimer_v3_model_4_seed_000.pdb
ATP5PD___SNRPC,1,5,A,B,0.0000,0.0,0.0,0.0000,0.0948,0.0000,0.0000,0.0,0.0,0.1200,31.1,28.3,0.210,0,0,0,0,,,,,161,159,,,,,ATP5PD___SNRPC_unrelaxed_rank_001_alphafold2_multimer_v3_model_5_seed_000.pdb
ATP5PD___SNRPC,2,3,A,B,0.0000,0.0,0.0,0.0000,0.1095,0.0000,0.0000,0.0,0.0,0.0900,46.2,30.4,0.200,0,0,0,0,,,,,161,159,,,,,ATP5PD___SNRPC_unrelaxed_rank_002_alphafold2_multimer_v3_model_3_seed_000.pdb
ATP5PD___SNRPC,3,1,A,B,0.0000,0.0,0.0,0.0000,0.1156,0.0000,0.0000,0.0,0.0,0.0900,40.1,31.4,0.180,0,0,0,0,,,,,161,159,,,,,ATP5PD___SNRPC_unrelaxed_rank_003_alphafold2_multimer_v3_model_1_seed_000.pdb
ATP5PD___SNRPC,4,4,A,B,0.0000,0.0,0.0,0.0000,0.1008,0.0000,0.0000,0.0,0.0,0.0900,48.5,31.7,0.190,0,0,0,0,,,,,161,159,,,,,ATP5PD___SNRPC_unrelaxed_rank_004_alphafold2_multimer_v3_model_4_seed_000.pdb
ATP5PD___SNRPC,5,2,A,B,0.0000,0.0,0.0,0.0000,0.1058,0.0000,0.0000,0.0,0.0,0.0800,51.5,31.4,0.190,0,0,0,0,,,,,161,159,,,,,ATP5PD___SNRPC_unrelaxed_rank_005_alphafold2_multimer_v3_model_2_seed_000.pdb
ATXN2L___PSPC1,1,2,A,B,0.0000,0.0,0.0,0.0000,0.2663,0.0000,0.0000,0.0,0.0,0.1800,24.6,60.0,0.300,0,0,0,0,,,,,1075,523,,,,,ATXN2L___PSPC1_unrelaxed_rank_001_alphafold2_multimer_v3_model_2_seed_000.pdb
ATXN2L___PSPC1,2,3,A,B,0.0000,0.0,0.0,0.0000,0.2519,0.0000,0.0000,0.0,0.0,0.1700,24.2,59.1,0.290,0,0,0,0,,,,,1075,523,,,,,ATXN2L___PSPC1_unrelaxed_rank_002_alphafold2_multimer_v3_model_3_seed_000.pdb
ATXN2L___PSPC1,3,1,A,B,0.0000,0.0,0.0,0.0000,0.1681,0.0000,0.0000,0.0,0.0,0.1600,24.2,59.9,0.290,0,0,0,0,,,,,1075,523,,,,,ATXN2L___PSPC1_unrelaxed_rank_003_alphafold2_multimer_v3_model_1_seed_000.pdb
ATXN2L___PSPC1,4,5,A,B,0.0000,0.0,0.0,0.0000,0.2501,0.0000,0.0000,0.0,0.0,0.1600,24.7,59.0,0.290,0,0,0,0,,,,,1075,523,,,,,ATXN2L___PSPC1_unrelaxed_rank_004_alphafold2_multimer_v3_model_5_seed_000.pdb
ATXN2L___PSPC1,5,4,A,B,0.0000,0.0,0.0,0.0000,0.1588,0.0000,0.0000,0.0,0.0,0.1600,22.7,55.6,0.270,0,0,0,0,,,,,1075,523,,,,,ATXN2L___PSPC1_unrelaxed_rank_005_alphafold2_multimer_v3_model_4_seed_000.pdb
ATXN2L___ZNF503,1,2,A,B,0.0234,11.2,0.3,0.0000,0.5646,0.0185,0.0296,18.0,7.0,0.2100,25.3,20.5,0.240,17,2,6,2,69.9,29.7,66.6,29.7,1075,646,"[120-121,123-125,127-129,131,137,152-154,158,160,162,185]","[88,93]","[124,127-128,152-154]","[88,93]",ATXN2L___ZNF503_unrelaxed_rank_001_alphafold2_multimer_v3_model_2_seed_000.pdb
ATXN2L___ZNF503,2,3,A,B,0.0000,0.0,0.0,0.0000,0.4608,0.0000,0.0000,0.0,0.0,0.2100,24.9,19.3,0.240,0,0,0,0,,,,,1075,646,,,,,ATXN2L___ZNF503_unrelaxed_rank_002_alphafold2_multimer_v3_model_3_seed_000.pdb
ATXN2L___ZNF503,3,4,A,B,0.0000,0.0,0.0,0.0000,0.4253,0.0000,0.0000,0.0,0.0,0.2100,24.9,20.2,0.240,0,0,0,0,,,,,1075,646,,,,,ATXN2L___ZNF503_unrelaxed_rank_003_alphafold2_multimer_v3_model_4_seed_000.pdb
ATXN2L___ZNF503,4,5,A,B,0.1307,105.8,13.8,0.0244,0.6993,0.1107,0.1544,320.0,35.0,0.2100,26.7,20.5,0.230,71,9,11,7,85.6,37.7,81.8,39.4,1075,646,"[116-141,143-165,176,178-196,198-199]",[625-633],"[118,124,127-128,150-154,157,159]","[625-629,631-632]",ATXN2L___ZNF503_unrelaxed_rank_004_alphafold2_multimer_v3_model_5_seed_000.pdb
ATXN2L___ZNF503,5,1,A,B,0.0000,0.0,0.0,0.0000,0.2340,0.0000,0.0000,0.0,0.0,0.2000,25.3,21.2,0.230,0,0,0,0,,,,,1075,646,,,,,ATXN2L___ZNF503_unrelaxed_rank_005_alphafold2_multimer_v3_model_1_seed_000.pdb
CCAR2___SAFB,1,2,A,B,0.0000,0.0,0.0,0.0000,0.1768,0.0000,0.0000,0.0,0.0,0.2000,59.7,29.9,0.390,0,0,0,0,,,,,923,915,,,,,CCAR2___SAFB_unrelaxed_rank_001_alphafold2_multimer_v3_model_2_seed_000.pdb
CCAR2___SAFB,2,3,A,B,0.0000,0.0,0.0,0.0000,0.2845,0.0000,0.0000,0.0,0.0,0.1900,58.6,28.6,0.380,0,0,0,0,,,,,923,915,,,,,CCAR2___SAFB_unrelaxed_rank_002_alphafold2_multimer_v3_model_3_seed_000.pdb
CCAR2___SAFB,3,1,A,B,0.0000,0.0,0.0,0.0000,0.1937,0.0000,0.0000,0.0,0.0,0.1900,57.8,28.8,0.370,0,0,0,0,,,,,923,915,,,,,CCAR2___SAFB_unrelaxed_rank_003_alphafold2_multimer_v3_model_1_seed_000.pdb
CCAR2___SAFB,4,5,A,B,0.0000,0.0,0.0,0.0000,0.2097,0.0000,0.0000,0.0,0.0,0.1900,59.4,28.3,0.380,0,0,0,0,,,,,923,915,,,,,CCAR2___SAFB_unrelaxed_rank_004_alphafold2_multimer_v3_model_5_seed_000.pdb
CCAR2___SAFB,5,4,A,B,0.0000,0.0,0.0,0.0000,0.2591,0.0000,0.0000,0.0,0.0,0.1800,56.0,27.1,0.350,0,0,0,0,,,,,923,915,,,,,CCAR2___SAFB_unrelaxed_rank_005_alphafold2_multimer_v3_model_4_seed_000.pdb
CCNT1___DDX17,1,2,A,B,0.0000,0.0,0.0,0.0000,0.3836,0.0000,0.0000,0.0,0.0,0.2200,43.6,60.6,0.380,0,0,0,0,,,,,726,729,,,,,CCNT1___DDX17_unrelaxed_rank_001_alphafold2_multimer_v3_model_2_seed_000.pdb
CCNT1___DDX17,2,1,A,B,0.0000,0.0,0.0,0.0000,0.4258,0.0000,0.0000,0.0,0.0,0.2200,41.6,59.6,0.360,0,0,0,0,,,,,726,729,,,,,CCNT1___DDX17_unrelaxed_rank_002_alphafold2_multimer_v3_model_1_seed_000.pdb
CCNT1___DDX17,3,4,A,B,0.0000,0.0,0.0,0.0000,0.2719,0.0000,0.0000,0.0,0.0,0.1800,39.6,59.5,0.360,0,0,0,0,,,,,726,729,,,,,CCNT1___DDX17_unrelaxed_rank_003_alphafold2_multimer_v3_model_4_seed_000.pdb
CCNT1___DDX17,4,3,A,B,0.0000,0.0,0.0,0.0000,0.2172,0.0000,0.0000,0.0,0.0,0.1700,41.3,60.2,0.380,0,0,0,0,,,,,726,729,,,,,CCNT1___DDX17_unrelaxed_rank_004_alphafold2_multimer_v3_model_3_seed_000.pdb
CCNT1___DDX17,5,5,A,B,0.0000,0.0,0.0,0.0000,0.1733,0.0000,0.0000,0.0,0.0,0.1600,41.1,60.0,0.350,0,0,0,0,,,,,726,729,,,,,CCNT1___DDX17_unrelaxed_rank_005_alphafold2_multimer_v3_model_5_seed_000.pdb
CDC5L___DNAJA1,1,5,A,B,0.0000,0.0,0.0,0.0000,0.3014,0.0000,0.0000,0.0,0.0,0.2300,57.7,69.5,0.290,0,0,0,0,,,,,802,397,,,,,CDC5L___DNAJA1_unrelaxed_rank_001_alphafold2_multimer_v3_model_5_seed_000.pdb
CDC5L___DNAJA1,2,2,A,B,0.0000,0.0,0.0,0.0000,0.3531,0.0000,0.0000,0.0,0.0,0.2000,55.2,70.6,0.280,0,0,0,0,,,,,802,397,,,,,CDC5L___DNAJA1_unrelaxed_rank_002_alphafold2_multimer_v3_model_2_seed_000.pdb
CDC5L___DNAJA1,3,1,A,B,0.0000,0.0,0.0,0.0000,0.1817,0.0000,0.0000,0.0,0.0,0.1600,57.6,68.7,0.280,0,0,0,0,,,,,802,397,,,,,CDC5L___DNAJA1_unrelaxed_rank_003_alphafold2_multimer_v3_model_1_seed_000.pdb
CDC5L___DNAJA1,4,4,A,B,0.0000,0.0,0.0,0.0000,0.1349,0.0000,0.0000,0.0,0.0,0.1400,52.8,69.0,0.270,0,0,0,0,,,,,802,397,,,,,CDC5L___DNAJA1_unrelaxed_rank_004_alphafold2_multimer_v3_model_4_seed_000.pdb
CDC5L___DNAJA1,5,3,A,B,0.0000,0.0,0.0,0.0000,0.0000,0.0000,0.0000,0.0,0.0,0.1300,57.4,69.9,0.280,0,0,0,0,,,,,802,397,,,,,CDC5L___DNAJA1_unrelaxed_rank_005_alphafold2_multimer_v3_model_3_seed_000.pdb
CDK4___FUBP3,1,1,A,B,0.0142,14.5,0.2,0.0000,0.4234,0.0143,0.0142,35.0,6.0,0.3000,76.2,44.7,0.420,23,6,6,3,84.9,32.1,81.7,32.9,303,572,"[99,142-144,148,178-179,206,208,211-212,215,217-221,225,227,229,249,268,283]",[57-62],"[142,144,178-179,215,217]","[57-58,60]",CDK4___FUBP3_unrelaxed_rank_001_alphafold2_multimer_v3_model_1_seed_000.pdb
CDK4___FUBP3,2,2,A,B,0.0000,0.0,0.0,0.0000,0.2236,0.0000,0.0000,0.0,0.0,0.2000,76.6,44.1,0.400,0,0,0,0,,,,,303,572,,,,,CDK4___FUBP3_unrelaxed_rank_002_alphafold2_multimer_v3_model_2_seed_000.pdb
CDK4___FUBP3,3,3,A,B,0.0000,0.0,0.0,0.0000,0.1917,0.0000,0.0000,0.0,0.0,0.1900,74.9,42.3,0.390,0,0,0,0,,,,,303,572,,,,,CDK4___FUBP3_unrelaxed_rank_003_alphafold2_multimer_v3_model_3_seed_000.pdb
CDK4___FUBP3,4,4,A,B,0.0000,0.0,0.0,0.0000,0.1927,0.0000,0.0000,0.0,0.0,0.1800,76.8,41.1,0.400,0,0,0,0,,,,,303,572,,,,,CDK4___FUBP3_unrelaxed_rank_004_alphafold2_multimer_v3_model_4_seed_000.pdb
CDK4___FUBP3,5,5,A,B,0.0000,0.0,0.0,0.0000,0.1431,0.0000,0.0000,0.0,0.0,0.1700,75.8,43.6,0.380,0,0,0,0,,,,,303,572,,,,,CDK4___FUBP3_unrelaxed_rank_005_alphafold2_multimer_v3_model_5_seed_000.pdb
CDK4___RAVER1,1,2,A,B,0.0000,0.0,0.0,0.0000,0.1975,0.0000,0.0000,0.0,0.0,0.2000,74.9,50.5,0.410,0,0,0,0,,,,,303,606,,,,,CDK4___RAVER1_unrelaxed_rank_001_alphafold2_multimer_v3_model_2_seed_000.pdb
CDK4___RAVER1,2,1,A,B,0.0000,0.0,0.0,0.0000,0.1779,0.0000,0.0000,0.0,0.0,0.2000,73.3,50.6,0.400,0,0,0,0,,,,,303,606,,,,,CDK4___RAVER1_unrelaxed_rank_002_alphafold2_multimer_v3_model_1_seed_000.pdb
CDK4___RAVER1,3,4,A,B,0.0000,0.0,0.0,0.0000,0.1688,0.0000,0.0000,0.0,0.0,0.2000,73.8,51.2,0.410,0,0,0,0,,,,,303,606,,,,,CDK4___RAVER1_unrelaxed_rank_003_alphafold2_multimer_v3_model_4_seed_000.pdb
CDK4___RAVER1,4,3,A,B,0.0000,0.0,0.0,0.0000,0.1413,0.0000,0.0000,0.0,0.0,0.1800,74.1,50.6,0.400,0,0,0,0,,,,,303,606,,,,,CDK4___RAVER1_unrelaxed_rank_004_alphafold2_multimer_v3_model_3_seed_000.pdb
CDK4___RAVER1,5,5,A,B,0.0000,0.0,0.0,0.0000,0.1555,0.0000,0.0000,0.0,0.0,0.1800,73.4,50.6,0.410,0,0,0,0,,,,,303,606,,,,,CDK4___RAVER1_unrelaxed_rank_005_alphafold2_multimer_v3_model_5_seed_000.pdb
CIZ1___AGAP3,1,5,A,B,0.0207,4.6,0.1,0.0000,0.5564,0.0180,0.0237,21.0,1.0,0.2700,24.5,59.6,0.290,11,4,1,1,61.5,63.5,61.2,63.2,898,875,"[656-659,670,675-680]",[117-120],[658],[118],CIZ1___AGAP3_unrelaxed_rank_001_alphafold2_multimer_v3_model_5_seed_000.pdb
CIZ1___AGAP3,2,4,A,B,0.0000,0.0,0.0,0.0000,0.4373,0.0000,0.0000,0.0,0.0,0.2200,22.9,56.6,0.290,0,0,0,0,,,,,898,875,,,,,CIZ1___AGAP3_unrelaxed_rank_002_alphafold2_multimer_v3_model_4_seed_000.pdb
CIZ1___AGAP3,3,1,A,B,0.0000,0.0,0.0,0.0000,0.3528,0.0000,0.0000,0.0,0.0,0.2200,22.9,54.3,0.280,0,0,0,0,,,,,898,875,,,,,CIZ1___AGAP3_unrelaxed_rank_003_alphafold2_multimer_v3_model_1_seed_000.pdb
CIZ1___AGAP3,4,3,A,B,0.0000,0.0,0.0,0.0000,0.3036,0.0000,0.0000,0.0,0.0,0.2100,22.8,58.7,0.280,0,0,0,0,,,,,898,875,,,,,CIZ1___AGAP3_unrelaxed_rank_004_alphafold2_multimer_v3_model_3_seed_000.pdb
CIZ1___AGAP3,5,2,A,B,0.0000,0.0,0.0,0.0000,0.2397,0.0000,0.0000,0.0,0.0,0.1900,25.3,61.6,0.280,0,0,0,0,,,,,898,875,,,,,CIZ1___AGAP3_unrelaxed_rank_005_alphafold2_multimer_v3_model_2_seed_000.pdb
CIZ1___ZNF503,1,1,A,B,0.0000,0.0,0.0,0.0000,0.4066,0.0000,0.0000,0.0,0.0,0.2000,25.7,20.2,0.220,0,0,0,0,,,,,898,646,,,,,CIZ1___ZNF503_unrelaxed_rank_001_alphafold2_multimer_v3_model_1_seed_000.pdb
CIZ1___ZNF503,2,2,A,B,0.0000,0.0,0.0,0.0000,0.3703,0.0000,0.0000,0.0,0.0,0.1900,28.1,20.2,0.220,0,0,0,0,,,,,898,646,,,,,CIZ1___ZNF503_unrelaxed_rank_002_alphafold2_multimer_v3_model_2_seed_000.pdb
CIZ1___ZNF503,3,4,A,B,0.0000,0.0,0.0,0.0000,0.3666,0.0000,0.0000,0.0,0.0,0.1900,28.2,20.2,0.220,0,0,0,0,,,,,898,646,,,,,CIZ1___ZNF503_unrelaxed_rank_003_alphafold2_multimer_v3_model_4_seed_000.pdb
CIZ1___ZNF503,4,3,A,B,0.0545,25.3,1.4,0.0116,0.5330,0.0496,0.0598,29.0,22.0,0.1800,27.7,18.4,0.220,4,11,4,7,28.8,31.1,28.8,31.3,898,646,[732-735],"[69-78,80]",[732-735],"[71-76,78]",CIZ1___ZNF503_unrelaxed_rank_004_alphafold2_multimer_v3_model_3_seed_000.pdb
CIZ1___ZNF503,5,5,A,B,0.0000,0.0,0.0,0.0000,0.4910,0.0000,0.0000,0.0,0.0,0.1800,28.4,19.9,0.210,0,0,0,0,,,,,898,646,,,,,CIZ1___ZNF503_unrelaxed_rank_005_alphafold2_multimer_v3_model_5_seed_000.pdb
CSTB___TXN,1,2,A,B,0.2732,1135.3,310.2,0.1899,0.4537,0.2168,0.3443,14321.0,90.0,0.4800,84.0,90.9,0.710,98,105,16,17,84.0,90.9,69.8,79.5,98,105,[1-98],[1-105],"[2-6,46,48-50,52,70,72,83-84,97-98]","[29,31-36,60,63,67,71-74,90-92]",CSTB___TXN_unrelaxed_rank_001_alphafold2_multimer_v3_model_2_seed_000.pdb
CSTB___TXN,2,1,A,B,0.1914,827.3,158.3,0.0680,0.4386,0.1538,0.2381,6518.0,105.0,0.3300,79.7,87.8,0.630,81,105,16,26,80.0,87.8,60.9,76.6,98,105,"[1-31,35,37-59,63-86,95,97]",[1-105],"[1-4,45,47-51,72-77]","[29,31-35,37,59-67,70-76,90-92]",CSTB___TXN_unrelaxed_rank_002_alphafold2_multimer_v3_model_1_seed_000.pdb
CSTB___TXN,3,4,A,B,0.2123,670.8,142.4,0.0341,0.4836,0.1659,0.2717,5488.0,82.0,0.3100,82.5,88.6,0.630,88,104,12,21,83.0,88.6,58.2,77.2,98,105,"[1-60,63-87,93,95,97]",[2-105],"[1-4,47-50,73-76]","[29,32-34,37,59-60,63-64,66-67,71-76,90-93]",CSTB___TXN_unrelaxed_rank_003_alphafold2_multimer_v3_model_4_seed_000.pdb
CSTB___TXN,4,3,A,B,0.2085,551.9,115.1,0.0186,0.4517,0.1542,0.2819,4008.0,76.0,0.2900,82.2,89.2,0.620,84,103,13,20,83.4,89.3,67.1,77.5,98,105,"[1-60,63-76,79-87,95]",[2-104],"[2-4,47-50,52,68,70,72-73,83]","[29,31-35,59-60,63,66-67,71-76,90-92]",CSTB___TXN_unrelaxed_rank_004_alphafold2_multimer_v3_model_3_seed_000.pdb
CSTB___TXN,5,5,A,B,0.0738,161.1,11.9,0.0125,0.2442,0.0559,0.0975,683.0,38.0,0.1700,81.1,86.9,0.560,30,100,8,13,75.3,86.8,55.3,73.3,98,105,"[2-7,10,41-56,65,67,69-71,85,87]","[2-17,21-104]","[2-4,46-50]","[32,34,59,70-76,90-92]",CSTB___TXN_unrelaxed_rank_005_alphafold2_multimer_v3_model_5_seed_000.pdb
DAZAP1___PSPC1,1,3,A,B,0.0000,0.0,0.0,0.0000,0.1297,0.0000,0.0000,0.0,0.0,0.1300,38.1,59.0,0.350,0,0,0,0,,,,,407,523,,,,,DAZAP1___PSPC1_unrelaxed_rank_001_alphafold2_multimer_v3_model_3_seed_000.pdb
DAZAP1___PSPC1,2,4,A,B,0.0000,0.0,0.0,0.0000,0.1466,0.0000,0.0000,0.0,0.0,0.1300,39.3,59.4,0.350,0,0,0,0,,,,,407,523,,,,,DAZAP1___PSPC1_unrelaxed_rank_002_alphafold2_multimer_v3_model_4_seed_000.pdb
DAZAP1___PSPC1,3,1,A,B,0.0000,0.0,0.0,0.0000,0.1272,0.0000,0.0000,0.0,0.0,0.1300,40.7,60.6,0.340,0,0,0,0,,,,,407,523,,,,,DAZAP1___PSPC1_unrelaxed_rank_003_alphafold2_multimer_v3_model_1_seed_000.pdb
DAZAP1___PSPC1,4,2,A,B,0.0000,0.0,0.0,0.0000,0.1217,0.0000,0.0000,0.0,0.0,0.1300,42.7,60.2,0.340,0,0,0,0,,,,,407,523,,,,,DAZAP1___PSPC1_unrelaxed_rank_004_alphafold2_multimer_v3_model_2_seed_000.pdb
DAZAP1___PSPC1,5,5,A,B,0.0000,0.0,0.0,0.0000,0.1228,0.0000,0.0000,0.0,0.0,0.1200,41.0,60.3,0.350,0,0,0,0,,,,,407,523,,,,,DAZAP1___PSPC1_unrelaxed_rank_005_alphafold2_multimer_v3_model_5_seed_000.pdb
EPB41___DHX15,1,2,A,B,0.0000,0.0,0.0,0.0113,0.5041,0.0221,0.0000,197.0,0.0,0.3400,45.8,78.1,0.460,6,162,0,0,42.6,92.1,,,864,795,"[685-686,688-690,692]","[158,204-206,208,217,233-234,236,238,241,256,264,266,268-269,272-273,287,289,301-302,310,510-511,513-519,521,524-525,527-529,535-536,539-540,542-543,547-569,571-579,581-584,586-592,594,596,610,613-614,619,621,624-628,630,632-633,643-644,647-650,652,654,656-657,659-661,663-664,666-668,671,673,677,685-693,695,698,702-704,718-721,731-735,749,751-757,760-764,766,779,783]",,,EPB41___DHX15_unrelaxed_rank_001_alphafold2_multimer_v3_model_2_seed_000.pdb
EPB41___DHX15,2,3,A,B,0.0000,0.0,0.0,0.0000,0.3400,0.0000,0.0000,0.0,0.0,0.3400,45.1,77.2,0.470,0,0,0,0,,,,,864,795,,,,,EPB41___DHX15_unrelaxed_rank_002_alphafold2_multimer_v3_model_3_seed_000.pdb
EPB41___DHX15,3,1,A,B,0.0000,0.0,0.0,0.0000,0.4948,0.0250,0.0000,2.0,0.0,0.3200,45.3,76.1,0.470,1,2,0,0,40.2,85.6,,,864,795,[705],"[279,282]",,,EPB41___DHX15_unrelaxed_rank_003_alphafold2_multimer_v3_model_1_seed_000.pdb
EPB41___DHX15,4,4,A,B,0.0000,0.0,0.0,0.0000,0.3385,0.0000,0.0000,0.0,0.0,0.3000,44.9,76.6,0.470,0,0,0,0,,,,,864,795,,,,,EPB41___DHX15_unrelaxed_rank_004_alphafold2_multimer_v3_model_4_seed_000.pdb
EPB41___DHX15,5,5,A,B,0.0000,0.0,0.0,0.0000,0.4478,0.0086,0.0000,3.0,0.0,0.2600,44.8,77.6,0.470,1,3,0,0,30.7,88.5,,,864,795,[133],"[596,660,663]",,,EPB41___DHX15_unrelaxed_rank_005_alphafold2_multimer_v3_model_5_seed_000.pdb
EPB41___HMGB1,1,5,A,B,0.0212,12.6,0.3,0.0000,0.4278,0.0159,0.0283,79.0,2.0,0.2300,48.4,63.1,0.410,52,5,2,2,92.6,47.2,85.5,49.1,864,215,"[214,237,264,301-302,306,323-324,326,334,364,366-368,382,384,386,389,401-402,404,409-412,421-422,432-434,436-438,441,443-446,448,450,463,465-466,468-476]","[194-196,198-199]","[444,470]","[195,198]",EPB41___HMGB1_unrelaxed_rank_001_alphafold2_multimer_v3_model_5_seed_000.pdb
EPB41___HMGB1,2,3,A,B,0.0000,0.0,0.0,0.0000,0.3045,0.0000,0.0000,0.0,0.0,0.2100,49.1,63.3,0.400,0,0,0,0,,,,,864,215,,,,,EPB41___HMGB1_unrelaxed_rank_002_alphafold2_multimer_v3_model_3_seed_000.pdb
EPB41___HMGB1,3,1,A,B,0.0000,0.0,0.0,0.0000,0.1624,0.0000,0.0000,0.0,0.0,0.1600,48.9,55.3,0.400,0,0,0,0,,,,,864,215,,,,,EPB41___HMGB1_unrelaxed_rank_003_alphafold2_multimer_v3_model_1_seed_000.pdb
EPB41___HMGB1,4,2,A,B,0.0000,0.0,0.0,0.0000,0.2621,0.0000,0.0000,0.0,0.0,0.1600,48.9,58.8,0.410,0,0,0,0,,,,,864,215,,,,,EPB41___HMGB1_unrelaxed_rank_004_alphafold2_multimer_v3_model_2_seed_000.pdb
EPB41___HMGB1,5,4,A,B,0.0000,0.0,0.0,0.0000,0.1991,0.0000,0.0000,0.0,0.0,0.1600,47.8,60.5,0.390,0,0,0,0,,,,,864,215,,,,,EPB41___HMGB1_unrelaxed_rank_005_alphafold2_multimer_v3_model_4_seed_000.pdb
FUBP1___PPP1R10,1,1,A,B,0.0000,0.0,0.0,0.0000,0.1881,0.0000,0.0000,0.0,0.0,0.1800,41.0,30.2,0.250,0,0,0,0,,,,,644,940,,,,,FUBP1___PPP1R10_unrelaxed_rank_001_alphafold2_multimer_v3_model_1_seed_000.pdb
FUBP1___PPP1R10,2,2,A,B,0.0000,0.0,0.0,0.0000,0.1808,0.0000,0.0000,0.0,0.0,0.1700,44.1,32.5,0.260,0,0,0,0,,,,,644,940,,,,,FUBP1___PPP1R10_unrelaxed_rank_002_alphafold2_multimer_v3_model_2_seed_000.pdb
FUBP1___PPP1R10,3,4,A,B,0.0000,0.0,0.0,0.0000,0.2090,0.0000,0.0000,0.0,0.0,0.1700,40.6,32.5,0.250,0,0,0,0,,,,,644,940,,,,,FUBP1___PPP1R10_unrelaxed_rank_003_alphafold2_multimer_v3_model_4_seed_000.pdb
FUBP1___PPP1R10,4,3,A,B,0.0000,0.0,0.0,0.0000,0.2100,0.0000,0.0000,0.0,0.0,0.1600,42.0,32.5,0.250,0,0,0,0,,,,,644,940,,,,,FUBP1___PPP1R10_unrelaxed_rank_004_alphafold2_multimer_v3_model_3_seed_000.pdb
FUBP1___PPP1R10,5,5,A,B,0.0000,0.0,0.0,0.0000,0.1617,0.0000,0.0000,0.0,0.0,0.1600,43.4,32.1,0.250,0,0,0,0,,,,,644,940,,,,,FUBP1___PPP1R10_unrelaxed_rank_005_alphafold2_multimer_v3_model_5_seed_000.pdb
FUBP1___RB1,1,2,A,B,0.0000,0.0,0.0,0.0000,0.2127,0.0000,0.0000,0.0,0.0,0.2100,39.7,68.9,0.510,0,0,0,0,,,,,644,928,,,,,FUBP1___RB1_unrelaxed_rank_001_alphafold2_multimer_v3_model_2_seed_000.pdb
FUBP1___RB1,2,3,A,B,0.0000,0.0,0.0,0.0000,0.2116,0.0000,0.0000,0.0,0.0,0.2000,37.1,68.2,0.510,0,0,0,0,,,,,644,928,,,,,FUBP1___RB1_unrelaxed_rank_002_alphafold2_multimer_v3_model_3_seed_000.pdb
FUBP1___RB1,3,5,A,B,0.0000,0.0,0.0,0.0000,0.2288,0.0000,0.0000,0.0,0.0,0.1900,37.7,68.4,0.510,0,0,0,0,,,,,644,928,,,,,FUBP1___RB1_unrelaxed_rank_003_alphafold2_multimer_v3_model_5_seed_000.pdb
FUBP1___RB1,4,4,A,B,0.0000,0.0,0.0,0.0000,0.1936,0.0000,0.0000,0.0,0.0,0.1800,35.5,67.6,0.500,0,0,0,0,,,,,644,928,,,,,FUBP1___RB1_unrelaxed_rank_004_alphafold2_multimer_v3_model_4_seed_000.pdb
FUBP1___RB1,5,1,A,B,0.0000,0.0,0.0,0.0000,0.1816,0.0000,0.0000,0.0,0.0,0.1800,37.1,68.3,0.490,0,0,0,0,,,,,644,928,,,,,FUBP1___RB1_unrelaxed_rank_005_alphafold2_multimer_v3_model_1_seed_000.pdb
FUBP1___RBM4,1,1,A,B,0.0000,0.0,0.0,0.0000,0.3333,0.0000,0.0000,0.0,0.0,0.1600,42.5,45.5,0.220,0,0,0,0,,,,,644,364,,,,,FUBP1___RBM4_unrelaxed_rank_001_alphafold2_multimer_v3_model_1_seed_000.pdb
FUBP1___RBM4,2,4,A,B,0.0000,0.0,0.0,0.0000,0.1689,0.0000,0.0000,0.0,0.0,0.1600,42.5,44.3,0.210,0,0,0,0,,,,,644,364,,,,,FUBP1___RBM4_unrelaxed_rank_002_alphafold2_multimer_v3_model_4_seed_000.pdb
FUBP1___RBM4,3,2,A,B,0.0000,0.0,0.0,0.0000,0.2723,0.0000,0.0000,0.0,0.0,0.1500,44.7,46.9,0.210,0,0,0,0,,,,,644,364,,,,,FUBP1___RBM4_unrelaxed_rank_003_alphafold2_multimer_v3_model_2_seed_000.pdb
FUBP1___RBM4,4,5,A,B,0.0000,0.0,0.0,0.0000,0.1548,0.0000,0.0000,0.0,0.0,0.1400,46.0,45.9,0.210,0,0,0,0,,,,,644,364,,,,,FUBP1___RBM4_unrelaxed_rank_004_alphafold2_multimer_v3_model_5_seed_000.pdb
FUBP1___RBM4,5,3,A,B,0.0000,0.0,0.0,0.0000,0.1603,0.0000,0.0000,0.0,0.0,0.1400,40.9,42.4,0.210,0,0,0,0,,,,,644,364,,,,,FUBP1___RBM4_unrelaxed_rank_005_alphafold2_multimer_v3_model_3_seed_000.pdb
FUBP3___SF3A3,1,2,A,B,0.0000,0.0,0.0,0.0000,0.2115,0.0000,0.0000,0.0,0.0,0.1500,46.7,76.4,0.360,0,0,0,0,,,,,572,501,,,,,FUBP3___SF3A3_unrelaxed_rank_001_alphafold2_multimer_v3_model_2_seed_000.pdb
FUBP3___SF3A3,2,1,A,B,0.0000,0.0,0.0,0.0000,0.1430,0.0000,0.0000,0.0,0.0,0.1400,44.8,74.3,0.350,0,0,0,0,,,,,572,501,,,,,FUBP3___SF3A3_unrelaxed_rank_002_alphafold2_multimer_v3_model_1_seed_000.pdb
FUBP3___SF3A3,3,3,A,B,0.0000,0.0,0.0,0.0000,0.1475,0.0000,0.0000,0.0,0.0,0.1300,43.4,76.5,0.350,0,0,0,0,,,,,572,501,,,,,FUBP3___SF3A3_unrelaxed_rank_003_alphafold2_multimer_v3_model_3_seed_000.pdb
FUBP3___SF3A3,4,4,A,B,0.0000,0.0,0.0,0.0000,0.1351,0.0000,0.0000,0.0,0.0,0.1300,42.2,71.3,0.350,0,0,0,0,,,,,572,501,,,,,FUBP3___SF3A3_unrelaxed_rank_004_alphafold2_multimer_v3_model_4_seed_000.pdb
FUBP3___SF3A3,5,5,A,B,0.0000,0.0,0.0,0.0000,0.1302,0.0000,0.0000,0.0,0.0,0.1200,44.5,76.6,0.350,0,0,0,0,,,,,572,501,,,,,FUBP3___SF3A3_unrelaxed_rank_005_alphafold2_multimer_v3_model_5_seed_000.pdb
FUS___HMGB1,1,1,A,B,0.0000,0.0,0.0,0.0000,0.3645,0.0077,0.0000,2.0,0.0,0.3000,32.8,68.4,0.260,1,2,0,0,71.6,87.8,,,526,215,[438],"[14,17]",,,FUS___HMGB1_unrelaxed_rank_001_alphafold2_multimer_v3_model_1_seed_000.pdb
FUS___HMGB1,2,4,A,B,0.0000,0.0,0.0,0.0000,0.2275,0.0000,0.0000,0.0,0.0,0.2400,31.8,66.2,0.260,0,0,0,0,,,,,526,215,,,,,FUS___HMGB1_unrelaxed_rank_002_alphafold2_multimer_v3_model_4_seed_000.pdb
FUS___HMGB1,3,5,A,B,0.0000,0.0,0.0,0.0000,0.1291,0.0000,0.0000,0.0,0.0,0.1600,31.8,66.4,0.270,0,0,0,0,,,,,526,215,,,,,FUS___HMGB1_unrelaxed_rank_003_alphafold2_multimer_v3_model_5_seed_000.pdb
FUS___HMGB1,4,3,A,B,0.0000,0.0,0.0,0.0000,0.1294,0.0000,0.0000,0.0,0.0,0.1600,31.2,66.1,0.260,0,0,0,0,,,,,526,215,,,,,FUS___HMGB1_unrelaxed_rank_004_alphafold2_multimer_v3_model_3_seed_000.pdb
FUS___HMGB1,5,2,A,B,0.0000,0.0,0.0,0.0000,0.1628,0.0000,0.0000,0.0,0.0,0.1700,32.3,66.6,0.230,0,0,0,0,,,,,526,215,,,,,FUS___HMGB1_unrelaxed_rank_005_alphafold2_multimer_v3_model_2_seed_000.pdb
FUS___PCCA,1,5,A,B,0.0000,0.0,0.0,0.0000,0.3578,0.0000,0.0000,0.0,0.0,0.1900,27.8,83.9,0.550,0,0,0,0,,,,,526,728,,,,,FUS___PCCA_unrelaxed_rank_001_alphafold2_multimer_v3_model_5_seed_000.pdb
FUS___PCCA,2,3,A,B,0.0000,0.0,0.0,0.0000,0.3330,0.0000,0.0000,0.0,0.0,0.1800,28.4,84.1,0.550,0,0,0,0,,,,,526,728,,,,,FUS___PCCA_unrelaxed_rank_002_alphafold2_multimer_v3_model_3_seed_000.pdb
FUS___PCCA,3,2,A,B,0.0000,0.0,0.0,0.0000,0.2088,0.0000,0.0000,0.0,0.0,0.1700,28.6,84.3,0.550,0,0,0,0,,,,,526,728,,,,,FUS___PCCA_unrelaxed_rank_003_alphafold2_multimer_v3_model_2_seed_000.pdb
FUS___PCCA,4,1,A,B,0.0000,0.0,0.0,0.0000,0.1547,0.0000,0.0000,0.0,0.0,0.1600,28.5,84.0,0.550,0,0,0,0,,,,,526,728,,,,,FUS___PCCA_unrelaxed_rank_004_alphafold2_multimer_v3_model_1_seed_000.pdb
FUS___PCCA,5,4,A,B,0.0000,0.0,0.0,0.0000,0.1762,0.0000,0.0000,0.0,0.0,0.1600,26.3,82.4,0.540,0,0,0,0,,,,,526,728,,,,,FUS___PCCA_unrelaxed_rank_005_alphafold2_multimer_v3_model_4_seed_000.pdb
HMGB1___CDC5L,1,1,A,B,0.1173,183.1,21.5,0.0142,0.5677,0.0810,0.1699,798.0,42.0,0.3300,59.9,62.5,0.260,63,22,9,8,76.4,64.1,76.5,67.3,215,802,"[9-31,33-34,36,38-74]","[175,179-199]","[16,39,42-43,45-47,49-50]","[186,190-196]",HMGB1___CDC5L_unrelaxed_rank_001_alphafold2_multimer_v3_model_1_seed_000.pdb
HMGB1___CDC5L,2,5,A,B,0.0000,0.0,0.0,0.0000,0.1489,0.0000,0.0000,0.0,0.0,0.1700,60.3,58.5,0.280,0,0,0,0,,,,,215,802,,,,,HMGB1___CDC5L_unrelaxed_rank_002_alphafold2_multimer_v3_model_5_seed_000.pdb
HMGB1___CDC5L,3,3,A,B,0.0000,0.0,0.0,0.0000,0.1534,0.0000,0.0000,0.0,0.0,0.1600,59.0,59.6,0.280,0,0,0,0,,,,,215,802,,,,,HMGB1___CDC5L_unrelaxed_rank_003_alphafold2_multimer_v3_model_3_seed_000.pdb
HMGB1___CDC5L,4,2,A,B,0.0000,0.0,0.0,0.0000,0.1374,0.0000,0.0000,0.0,0.0,0.1500,56.2,58.6,0.250,0,0,0,0,,,,,215,802,,,,,HMGB1___CDC5L_unrelaxed_rank_004_alphafold2_multimer_v3_model_2_seed_000.pdb
HMGB1___CDC5L,5,4,A,B,0.0000,0.0,0.0,0.0000,0.1109,0.0000,0.0000,0.0,0.0,0.1300,59.0,54.6,0.260,0,0,0,0,,,,,215,802,,,,,HMGB1___CDC5L_unrelaxed_rank_005_alphafold2_multimer_v3_model_4_seed_000.pdb
KHSRP___PDK1,1,3,A,B,0.1607,1021.7,164.2,0.0887,0.7186,0.1169,0.2210,16571.0,63.0,0.5200,41.5,77.8,0.460,75,305,14,13,80.2,89.6,82.0,80.5,711,436,[141-215],"[46-50,52-62,73-96,99-124,132-166,175-202,217-260,262-340,350-402]","[160,163-164,167-168,171-172,175,177-180,182,193]","[241,245-247,249,293-300]",KHSRP___PDK1_unrelaxed_rank_001_alphafold2_multimer_v3_model_3_seed_000.pdb
KHSRP___PDK1,2,2,A,B,0.0000,0.0,0.0,0.0113,0.4411,0.0353,0.0000,95.0,0.0,0.3300,40.4,78.5,0.420,5,67,0,0,43.0,91.7,,,711,436,[109-113],"[46,48,51,53-54,56,73,75,79,82,93-94,96-97,101-102,106-107,109-117,120,136,138-143,145-149,152,156,158-160,177-178,181-183,186,188-189,198-200,220,267,269,300,312,363-364,366-367,387,399]",,,KHSRP___PDK1_unrelaxed_rank_002_alphafold2_multimer_v3_model_2_seed_000.pdb
KHSRP___PDK1,3,1,A,B,0.0203,11.2,0.2,0.0000,0.4934,0.0183,0.0224,25.0,5.0,0.2700,39.2,76.9,0.440,3,17,3,5,32.6,84.8,32.6,86.2,711,436,"[678,681-682]","[150,153-155,158,160,227,239,270-271,274-275,278,289-290,300,310]","[678,681-682]","[150,271,274-275,278]",KHSRP___PDK1_unrelaxed_rank_003_alphafold2_multimer_v3_model_1_seed_000.pdb
KHSRP___PDK1,4,4,A,B,0.0288,50.9,1.5,0.0000,0.5074,0.0194,0.0428,647.0,4.0,0.2600,38.7,77.3,0.430,6,211,2,4,34.6,91.0,35.1,82.5,711,436,"[679,681-685]","[58-60,75-80,82,86,88,90-94,104-105,107,109-124,134-164,177-180,182-186,188-193,195-202,219-222,224-239,241,243,247-254,263-267,269-291,299-307,310-321,323-324,328,330-333,357-379,381-390,399,401]","[682,685]","[150-151,271,275]",KHSRP___PDK1_unrelaxed_rank_004_alphafold2_multimer_v3_model_4_seed_000.pdb
KHSRP___PDK1,5,5,A,B,0.0000,0.0,0.0,0.0000,0.2815,0.0000,0.0000,0.0,0.0,0.2600,40.2,77.9,0.420,0,0,0,0,,,,,711,436,,,,,KHSRP___PDK1_unrelaxed_rank_005_alphafold2_multimer_v3_model_5_seed_000.pdb
KHSRP___U2SURP,1,2,A,B,0.2125,349.6,74.3,0.0929,0.8157,0.1717,0.2629,2396.0,51.0,0.2900,42.0,49.7,0.300,22,180,13,15,50.8,86.1,51.8,81.4,711,1029,"[571-586,677-682]","[273-276,278,285,287-294,296-303,305,320-337,351-352,354-367,369-379,381-387,408-498,500-513]","[572-573,575-576,579-580,582-584,586,677-678,681]","[360,425,428-429,432,436,439-440,443-444,446-447,485-487]",KHSRP___U2SURP_unrelaxed_rank_001_alphafold2_multimer_v3_model_2_seed_000.pdb
KHSRP___U2SURP,2,3,A,B,0.0167,1.0,0.0,0.0000,0.5330,0.0167,0.0167,1.0,1.0,0.2500,38.9,47.4,0.290,1,1,1,1,45.9,70.2,45.9,70.2,711,1029,[579],[374],[579],[374],KHSRP___U2SURP_unrelaxed_rank_002_alphafold2_multimer_v3_model_3_seed_000.pdb
KHSRP___U2SURP,3,5,A,B,0.0000,0.0,0.0,0.0000,0.4439,0.0000,0.0000,0.0,0.0,0.2500,39.4,48.5,0.290,0,0,0,0,,,,,711,1029,,,,,KHSRP___U2SURP_unrelaxed_rank_003_alphafold2_multimer_v3_model_5_seed_000.pdb
KHSRP___U2SURP,4,4,A,B,0.0000,0.0,0.0,0.0000,0.4648,0.0312,0.0000,1.0,0.0,0.2300,38.3,46.3,0.270,1,1,0,0,42.7,82.8,,,711,1029,[580],[421],,,KHSRP___U2SURP_unrelaxed_rank_004_alphafold2_multimer_v3_model_4_seed_000.pdb
KHSRP___U2SURP,5,1,A,B,0.0187,4.2,0.1,0.0000,0.5431,0.0151,0.0233,9.0,2.0,0.2100,38.7,48.2,0.280,1,8,1,1,45.3,81.4,45.3,81.1,711,1029,[678],"[437,442-444,446-448,452]",[678],[443],KHSRP___U2SURP_unrelaxed_rank_005_alphafold2_multimer_v3_model_1_seed_000.pdb
MATR3___STIP1,1,5,A,B,0.0000,0.0,0.0,0.0000,0.3447,0.0000,0.0000,0.0,0.0,0.2000,39.1,81.2,0.300,0,0,0,0,,,,,847,543,,,,,MATR3___STIP1_unrelaxed_rank_001_alphafold2_multimer_v3_model_5_seed_000.pdb
MATR3___STIP1,2,1,A,B,0.0000,0.0,0.0,0.0000,0.2715,0.0000,0.0000,0.0,0.0,0.1900,36.5,79.6,0.300,0,0,0,0,,,,,847,543,,,,,MATR3___STIP1_unrelaxed_rank_002_alphafold2_multimer_v3_model_1_seed_000.pdb
MATR3___STIP1,3,2,A,B,0.0000,0.0,0.0,0.0000,0.1690,0.0000,0.0000,0.0,0.0,0.1600,39.0,83.0,0.300,0,0,0,0,,,,,847,543,,,,,MATR3___STIP1_unrelaxed_rank_003_alphafold2_multimer_v3_model_2_seed_000.pdb
MATR3___STIP1,4,3,A,B,0.0000,0.0,0.0,0.0000,0.2051,0.0000,0.0000,0.0,0.0,0.1600,37.2,78.5,0.300,0,0,0,0,,,,,847,543,,,,,MATR3___STIP1_unrelaxed_rank_004_alphafold2_multimer_v3_model_3_seed_000.pdb
MATR3___STIP1,5,4,A,B,0.0000,0.0,0.0,0.0000,0.2084,0.0000,0.0000,0.0,0.0,0.1600,35.9,78.0,0.300,0,0,0,0,,,,,847,543,,,,,MATR3___STIP1_unrelaxed_rank_005_alphafold2_multimer_v3_model_4_seed_000.pdb
MRPL12___DAZAP1,1,1,A,B,0.0000,0.0,0.0,0.0000,0.1249,0.0000,0.0000,0.0,0.0,0.1200,47.3,46.8,0.230,0,0,0,0,,,,,198,407,,,,,MRPL12___DAZAP1_unrelaxed_rank_001_alphafold2_multimer_v3_model_1_seed_000.pdb
MRPL12___DAZAP1,2,4,A,B,0.0000,0.0,0.0,0.0000,0.1372,0.0000,0.0000,0.0,0.0,0.1200,49.6,45.1,0.230,0,0,0,0,,,,,198,407,,,,,MRPL12___DAZAP1_unrelaxed_rank_002_alphafold2_multimer_v3_model_4_seed_000.pdb
MRPL12___DAZAP1,3,2,A,B,0.0000,0.0,0.0,0.0000,0.0911,0.0000,0.0000,0.0,0.0,0.1000,51.4,46.7,0.220,0,0,0,0,,,,,198,407,,,,,MRPL12___DAZAP1_unrelaxed_rank_003_alphafold2_multimer_v3_model_2_seed_000.pdb
MRPL12___DAZAP1,4,5,A,B,0.0000,0.0,0.0,0.0000,0.1025,0.0000,0.0000,0.0,0.0,0.1000,48.6,45.3,0.230,0,0,0,0,,,,,198,407,,,,,MRPL12___DAZAP1_unrelaxed_rank_004_alphafold2_multimer_v3_model_5_seed_000.pdb
MRPL12___DAZAP1,5,3,A,B,0.0000,0.0,0.0,0.0000,0.1050,0.0000,0.0000,0.0,0.0,0.1000,49.9,43.9,0.220,0,0,0,0,,,,,198,407,,,,,MRPL12___DAZAP1_unrelaxed_rank_005_alphafold2_multimer_v3_model_3_seed_000.pdb
MRPL12___RB1,1,5,A,B,0.2374,504.6,119.8,0.0554,0.8225,0.1879,0.3000,4993.0,51.0,0.4200,40.2,69.6,0.640,13,522,7,16,52.0,93.4,60.3,92.7,198,928,[46-58],"[55-83,95-173,189-206,211-230,235,239-240,273-281,285-301,316-329,331-343,375-387,395-467,473-498,513-539,541-577,602-606,645-783]",[48-54],"[709-710,713-714,720-722,751,753-754,756-757,761,765,768-769]",MRPL12___RB1_unrelaxed_rank_001_alphafold2_multimer_v3_model_5_seed_000.pdb
MRPL12___RB1,2,2,A,B,0.2189,490.4,107.3,0.0450,0.7855,0.1734,0.2763,4454.0,54.0,0.4000,42.8,69.8,0.630,14,512,8,17,52.6,93.2,58.1,91.9,198,928,[45-58],"[56-83,96-173,189-206,211-229,239,273-281,284-300,316-329,331-343,375-389,395-436,438-466,473-498,513-539,541-577,605,646-783]","[46,48-54]","[709-710,713-714,720-722,751,753-754,756-757,761,765,768-769,772]",MRPL12___RB1_unrelaxed_rank_002_alphafold2_multimer_v3_model_2_seed_000.pdb
MRPL12___RB1,3,1,A,B,0.2437,517.3,126.1,0.0585,0.7862,0.1901,0.3124,5050.0,53.0,0.3900,38.4,69.9,0.630,14,514,8,16,50.2,92.6,56.0,90.6,198,928,[45-58],"[56-81,96-173,189-206,211-229,273-281,284-301,316-329,331-343,375-389,395-436,438-465,473-498,513-539,542-578,602-606,645-783]","[45,48-54]","[709-710,713-714,721-722,751,753-754,756-757,761,765,768-769,772]",MRPL12___RB1_unrelaxed_rank_003_alphafold2_multimer_v3_model_1_seed_000.pdb
MRPL12___RB1,4,3,A,B,0.1780,410.1,73.0,0.0218,0.6913,0.1529,0.2072,3737.0,45.0,0.3800,41.6,69.6,0.640,12,508,7,16,49.7,94.1,56.1,92.2,198,928,[46-57],"[56-82,95-173,189-206,211-228,273-281,284-301,317-329,331-343,375-387,396-407,409-467,473-498,513-539,542-577,603,605-606,646-775,777-783]",[48-54],"[709-710,713-714,720-722,751,753-754,756-757,761,765,768-769]",MRPL12___RB1_unrelaxed_rank_004_alphafold2_multimer_v3_model_3_seed_000.pdb
MRPL12___RB1,5,4,A,B,0.0821,78.6,6.5,0.0130,0.5367,0.0845,0.0797,773.0,8.0,0.3000,39.5,70.3,0.630,5,303,3,5,45.1,94.3,45.6,91.6,198,928,[49-53],"[57,61,70-71,78,102,104-105,115,117-118,120-122,128,131,134,142,144,146-155,157-162,165,191,194-202,213-227,288,296,320-322,325,332,334-337,378-379,382,384-385,400,403-404,414-431,433-434,441-461,480-496,514-538,544,546-564,567-573,647,649-669,671,674-733,735-744,748-765,767,770]",[51-53],"[709,713,721,753,757]",MRPL12___RB1_unrelaxed_rank_005_alphafold2_multimer_v3_model_4_seed_000.pdb
MRPL12___SMAP,1,2,A,B,0.0807,36.6,3.0,0.0126,0.3111,0.0676,0.0963,149.0,9.0,0.1300,54.8,33.2,0.230,26,11,3,3,57.7,49.4,60.0,50.0,198,183,"[62-73,77-90]",[36-46],"[71,79,83]","[41,44-45]",MRPL12___SMAP_unrelaxed_rank_001_alphafold2_multimer_v3_model_2_seed_000.pdb
MRPL12___SMAP,2,5,A,B,0.0393,16.7,0.7,0.0000,0.2622,0.0329,0.0470,35.0,8.0,0.1300,52.9,32.1,0.230,19,5,4,3,60.8,47.5,60.1,47.5,198,183,"[63-64,66-68,70-72,77-79,81,83-89]","[41-42,44-46]","[79,83,86-87]","[41,44-45]",MRPL12___SMAP_unrelaxed_rank_002_alphafold2_multimer_v3_model_5_seed_000.pdb
MRPL12___SMAP,3,3,A,B,0.0195,4.7,0.1,0.0000,0.2463,0.0109,0.0350,11.0,2.0,0.1300,54.4,31.8,0.240,7,3,2,1,60.2,45.7,62.0,49.8,198,183,"[64,68-69,78-79,83,89]","[41-42,45]","[79,83]",[41],MRPL12___SMAP_unrelaxed_rank_003_alphafold2_multimer_v3_model_3_seed_000.pdb
MRPL12___SMAP,4,4,A,B,0.0510,33.5,1.7,0.0115,0.2984,0.0684,0.0380,102.0,11.0,0.1300,56.9,33.9,0.230,26,7,5,3,63.0,51.5,64.9,51.5,198,183,"[61-73,77-89]",[40-46],"[71,79,82-83,86]","[41,44-45]",MRPL12___SMAP_unrelaxed_rank_004_alphafold2_multimer_v3_model_4_seed_000.pdb
MRPL12___SMAP,5,1,A,B,0.0288,4.0,0.1,0.0000,0.2483,0.0320,0.0258,16.0,1.0,0.1200,54.0,33.4,0.230,11,4,1,1,56.2,48.0,57.5,49.5,198,183,"[66-72,75,79,82-83]","[41-42,44-45]",[79],[41],MRPL12___SMAP_unrelaxed_rank_005_alphafold2_multimer_v3_model_1_seed_000.pdb
MRPL12___TLE3,1,4,A,B,0.0413,250.1,10.3,0.0144,0.5194,0.0385,0.0444,2017.0,31.0,0.2600,44.5,55.5,0.440,18,294,11,18,30.3,94.4,31.3,91.3,198,772,"[9-18,119-126]","[447-452,458-461,463-464,466-468,471-496,498-514,522-529,531-562,565-573,575-614,617-648,652,654-670,672-687,692-772]","[9-10,12-14,16-18,122-123,125]","[488-490,534,552,580,596,620,622,638,661,663,702,704,720,743,745,761]",MRPL12___TLE3_unrelaxed_rank_001_alphafold2_multimer_v3_model_4_seed_000.pdb
MRPL12___TLE3,2,3,A,B,0.0000,0.0,0.0,0.0000,0.4123,0.0094,0.0000,14.0,0.0,0.2400,41.2,58.0,0.440,1,14,0,0,23.9,96.4,,,198,772,[10],"[450,511,524,546,559-560,570,590,602,604,612,645,734,736]",,,MRPL12___TLE3_unrelaxed_rank_002_alphafold2_multimer_v3_model_3_seed_000.pdb
MRPL12___TLE3,3,5,A,B,0.1762,382.8,67.5,0.0198,0.6722,0.1672,0.1857,2874.0,51.0,0.2300,41.5,57.1,0.430,12,318,9,22,38.5,95.6,40.5,92.5,198,772,[117-128],"[447-454,456-515,521-562,565-772]","[119-122,124-128]","[487-488,490,506,534,536,552,580,596,619-620,622,638,661,663,702,720,742-743,745,761-762]",MRPL12___TLE3_unrelaxed_rank_003_alphafold2_multimer_v3_model_5_seed_000.pdb
MRPL12___TLE3,4,1,A,B,0.0000,0.0,0.0,0.0000,0.2285,0.0000,0.0000,0.0,0.0,0.2000,37.2,57.4,0.430,0,0,0,0,,,,,198,772,,,,,MRPL12___TLE3_unrelaxed_rank_004_alphafold2_multimer_v3_model_1_seed_000.pdb
MRPL12___TLE3,5,2,A,B,0.0896,183.0,16.4,0.0154,0.6293,0.0699,0.1148,1861.0,18.0,0.1800,44.6,57.2,0.430,7,314,5,15,30.9,96.8,31.9,97.4,198,772,[7-13],"[447-453,457-468,471-515,521-562,565-772]","[8-11,13]","[534,536,552,580,596,622,638,661,663,679,702,704,720,743,745]",MRPL12___TLE3_unrelaxed_rank_005_alphafold2_multimer_v3_model_2_seed_000.pdb
MRPL12___ZFR,1,3,A,B,0.0000,0.0,0.0,0.0000,0.2575,0.0000,0.0000,0.0,0.0,0.2300,44.3,48.0,0.370,0,0,0,0,,,,,198,1074,,,,,MRPL12___ZFR_unrelaxed_rank_001_alphafold2_multimer_v3_model_3_seed_000.pdb
MRPL12___ZFR,2,1,A,B,0.0000,0.0,0.0,0.0000,0.2101,0.0000,0.0000,0.0,0.0,0.1800,43.2,49.2,0.350,0,0,0,0,,,,,198,1074,,,,,MRPL12___ZFR_unrelaxed_rank_002_alphafold2_multimer_v3_model_1_seed_000.pdb
MRPL12___ZFR,3,5,A,B,0.0000,0.0,0.0,0.0000,0.1701,0.0000,0.0000,0.0,0.0,0.1700,42.2,48.2,0.350,0,0,0,0,,,,,198,1074,,,,,MRPL12___ZFR_unrelaxed_rank_003_alphafold2_multimer_v3_model_5_seed_000.pdb
MRPL12___ZFR,4,4,A,B,0.0000,0.0,0.0,0.0000,0.1950,0.0000,0.0000,0.0,0.0,0.1700,43.3,46.7,0.350,0,0,0,0,,,,,198,1074,,,,,MRPL12___ZFR_unrelaxed_rank_004_alphafold2_multimer_v3_model_4_seed_000.pdb
MRPL12___ZFR,5,2,A,B,0.0000,0.0,0.0,0.0000,0.1824,0.0000,0.0000,0.0,0.0,0.1600,49.8,48.5,0.350,0,0,0,0,,,,,198,1074,,,,,MRPL12___ZFR_unrelaxed_rank_005_alphafold2_multimer_v3_model_2_seed_000.pdb
NASP___ANP32A,1,1,A,B,0.0410,31.7,1.3,0.0000,0.4702,0.0361,0.0464,167.0,6.0,0.3700,39.4,64.7,0.380,42,28,4,4,87.1,89.6,72.4,89.3,788,249,"[60,63,66,99,105-106,516,551,555,557,559,568,588-589,592-593,595-596,602,607,613,619,640-641,643-660]","[6,9-10,23,32-33,46,48-50,52-57,70-77,95,98-100]","[105,648,651,655]","[23,53,75,99]",NASP___ANP32A_unrelaxed_rank_001_alphafold2_multimer_v3_model_1_seed_000.pdb
NASP___ANP32A,2,5,A,B,0.0000,0.0,0.0,0.0000,0.3493,0.0000,0.0000,0.0,0.0,0.3400,39.5,64.8,0.370,0,0,0,0,,,,,788,249,,,,,NASP___ANP32A_unrelaxed_rank_002_alphafold2_multimer_v3_model_5_seed_000.pdb
NASP___ANP32A,3,4,A,B,0.0000,0.0,0.0,0.0000,0.1842,0.0000,0.0000,0.0,0.0,0.1900,39.0,63.9,0.340,0,0,0,0,,,,,788,249,,,,,NASP___ANP32A_unrelaxed_rank_003_alphafold2_multimer_v3_model_4_seed_000.pdb
NASP___ANP32A,4,2,A,B,0.0000,0.0,0.0,0.0000,0.2128,0.0000,0.0000,0.0,0.0,0.1800,40.0,65.1,0.340,0,0,0,0,,,,,788,249,,,,,NASP___ANP32A_unrelaxed_rank_004_alphafold2_multimer_v3_model_2_seed_000.pdb
NASP___ANP32A,5,3,A,B,0.0000,0.0,0.0,0.0000,0.1569,0.0000,0.0000,0.0,0.0,0.1600,39.0,64.1,0.330,0,0,0,0,,,,,788,249,,,,,NASP___ANP32A_unrelaxed_rank_005_alphafold2_multimer_v3_model_3_seed_000.pdb
NCL___DNAJA1,1,3,A,B,0.0000,0.0,0.0,0.0000,0.2056,0.0000,0.0000,0.0,0.0,0.1600,42.9,73.3,0.310,0,0,0,0,,,,,710,397,,,,,NCL___DNAJA1_unrelaxed_rank_001_alphafold2_multimer_v3_model_3_seed_000.pdb
NCL___DNAJA1,2,1,A,B,0.0000,0.0,0.0,0.0000,0.1248,0.0000,0.0000,0.0,0.0,0.1400,44.5,74.5,0.300,0,0,0,0,,,,,710,397,,,,,NCL___DNAJA1_unrelaxed_rank_002_alphafold2_multimer_v3_model_1_seed_000.pdb
NCL___DNAJA1,3,4,A,B,0.0000,0.0,0.0,0.0000,0.1275,0.0000,0.0000,0.0,0.0,0.1400,42.0,72.2,0.300,0,0,0,0,,,,,710,397,,,,,NCL___DNAJA1_unrelaxed_rank_003_alphafold2_multimer_v3_model_4_seed_000.pdb
NCL___DNAJA1,4,2,A,B,0.0000,0.0,0.0,0.0000,0.1380,0.0000,0.0000,0.0,0.0,0.1400,43.7,74.7,0.300,0,0,0,0,,,,,710,397,,,,,NCL___DNAJA1_unrelaxed_rank_004_alphafold2_multimer_v3_model_2_seed_000.pdb
NCL___DNAJA1,5,5,A,B,0.0000,0.0,0.0,0.0000,0.1321,0.0000,0.0000,0.0,0.0,0.1400,43.6,74.7,0.300,0,0,0,0,,,,,710,397,,,,,NCL___DNAJA1_unrelaxed_rank_005_alphafold2_multimer_v3_model_5_seed_000.pdb
NCL___SF3A3,1,2,A,B,0.0399,40.0,1.6,0.0128,0.5729,0.0272,0.0584,123.0,13.0,0.2700,42.4,74.1,0.370,50,12,7,5,82.2,53.4,75.6,53.0,710,501,"[309-310,312-314,317,319-329,331-334,337-349,351-355,357-360,362,366,369,372,375,380-381]",[354-365],"[312-313,344-346,348-349]","[357-358,360-361,364]",NCL___SF3A3_unrelaxed_rank_001_alphafold2_multimer_v3_model_2_seed_000.pdb
NCL___SF3A3,2,1,A,B,0.0285,1.4,0.0,0.0000,0.4419,0.0221,0.0367,2.0,1.0,0.2400,41.5,73.3,0.360,2,1,1,1,68.0,44.8,62.5,44.8,710,501,[346-347],[361],[346],[361],NCL___SF3A3_unrelaxed_rank_002_alphafold2_multimer_v3_model_1_seed_000.pdb
NCL___SF3A3,3,3,A,B,0.0000,0.0,0.0,0.0000,0.3472,0.0000,0.0000,0.0,0.0,0.1900,41.1,73.5,0.350,0,0,0,0,,,,,710,501,,,,,NCL___SF3A3_unrelaxed_rank_003_alphafold2_multimer_v3_model_3_seed_000.pdb
NCL___SF3A3,4,5,A,B,0.0000,0.0,0.0,0.0000,0.1894,0.0000,0.0000,0.0,0.0,0.1700,41.4,72.5,0.340,0,0,0,0,,,,,710,501,,,,,NCL___SF3A3_unrelaxed_rank_004_alphafold2_multimer_v3_model_5_seed_000.pdb
NCL___SF3A3,5,4,A,B,0.0000,0.0,0.0,0.0000,0.1554,0.0000,0.0000,0.0,0.0,0.1600,38.6,67.7,0.330,0,0,0,0,,,,,710,501,,,,,NCL___SF3A3_unrelaxed_rank_005_alphafold2_multimer_v3_model_4_seed_000.pdb
NONO___FUS,1,2,A,B,0.0000,0.0,0.0,0.0000,0.1167,0.0000,0.0000,0.0,0.0,0.1400,65.8,31.5,0.340,0,0,0,0,,,,,471,526,,,,,NONO___FUS_unrelaxed_rank_001_alphafold2_multimer_v3_model_2_seed_000.pdb
NONO___FUS,2,3,A,B,0.0000,0.0,0.0,0.0000,0.1334,0.0000,0.0000,0.0,0.0,0.1300,65.8,29.3,0.340,0,0,0,0,,,,,471,526,,,,,NONO___FUS_unrelaxed_rank_002_alphafold2_multimer_v3_model_3_seed_000.pdb
NONO___FUS,3,1,A,B,0.0000,0.0,0.0,0.0000,0.1212,0.0000,0.0000,0.0,0.0,0.1300,66.4,30.7,0.340,0,0,0,0,,,,,471,526,,,,,NONO___FUS_unrelaxed_rank_003_alphafold2_multimer_v3_model_1_seed_000.pdb
NONO___FUS,4,5,A,B,0.0000,0.0,0.0,0.0000,0.1080,0.0000,0.0000,0.0,0.0,0.1300,65.5,30.7,0.340,0,0,0,0,,,,,471,526,,,,,NONO___FUS_unrelaxed_rank_004_alphafold2_multimer_v3_model_5_seed_000.pdb
NONO___FUS,5,4,A,B,0.0000,0.0,0.0,0.0000,0.1056,0.0000,0.0000,0.0,0.0,0.1200,64.1,30.8,0.330,0,0,0,0,,,,,471,526,,,,,NONO___FUS_unrelaxed_rank_005_alphafold2_multimer_v3_model_4_seed_000.pdb
NONO___GFP,1,2,A,B,0.0000,0.0,0.0,0.0000,0.1292,0.0000,0.0000,0.0,0.0,0.1400,61.8,88.9,0.390,0,0,0,0,,,,,471,238,,,,,NONO___GFP_unrelaxed_rank_001_alphafold2_multimer_v3_model_2_seed_000.pdb
NONO___GFP,2,4,A,B,0.0000,0.0,0.0,0.0000,0.1119,0.0000,0.0000,0.0,0.0,0.1400,62.1,87.5,0.390,0,0,0,0,,,,,471,238,,,,,NONO___GFP_unrelaxed_rank_002_alphafold2_multimer_v3_model_4_seed_000.pdb
NONO___GFP,3,3,A,B,0.0000,0.0,0.0,0.0000,0.1046,0.0000,0.0000,0.0,0.0,0.1300,63.3,88.5,0.410,0,0,0,0,,,,,471,238,,,,,NONO___GFP_unrelaxed_rank_003_alphafold2_multimer_v3_model_3_seed_000.pdb
NONO___GFP,4,5,A,B,0.0000,0.0,0.0,0.0000,0.1017,0.0000,0.0000,0.0,0.0,0.1200,62.6,88.4,0.400,0,0,0,0,,,,,471,238,,,,,NONO___GFP_unrelaxed_rank_004_alphafold2_multimer_v3_model_5_seed_000.pdb
NONO___GFP,5,1,A,B,0.0000,0.0,0.0,0.0000,0.1100,0.0000,0.0000,0.0,0.0,0.1100,61.8,87.4,0.380,0,0,0,0,,,,,471,238,,,,,NONO___GFP_unrelaxed_rank_005_alphafold2_multimer_v3_model_1_seed_000.pdb
NONO___SUPT5H,1,2,A,B,0.0000,0.0,0.0,0.0000,0.2158,0.0000,0.0000,0.0,0.0,0.1800,61.6,52.1,0.300,0,0,0,0,,,,,471,1087,,,,,NONO___SUPT5H_unrelaxed_rank_001_alphafold2_multimer_v3_model_2_seed_000.pdb
NONO___SUPT5H,2,1,A,B,0.0000,0.0,0.0,0.0000,0.2144,0.0000,0.0000,0.0,0.0,0.1700,62.1,51.4,0.290,0,0,0,0,,,,,471,1087,,,,,NONO___SUPT5H_unrelaxed_rank_002_alphafold2_multimer_v3_model_1_seed_000.pdb
NONO___SUPT5H,3,3,A,B,0.0000,0.0,0.0,0.0000,0.1931,0.0000,0.0000,0.0,0.0,0.1700,61.6,51.6,0.290,0,0,0,0,,,,,471,1087,,,,,NONO___SUPT5H_unrelaxed_rank_003_alphafold2_multimer_v3_model_3_seed_000.pdb
NONO___SUPT5H,4,5,A,B,0.0000,0.0,0.0,0.0000,0.1580,0.0000,0.0000,0.0,0.0,0.1600,61.3,51.6,0.290,0,0,0,0,,,,,471,1087,,,,,NONO___SUPT5H_unrelaxed_rank_004_alphafold2_multimer_v3_model_5_seed_000.pdb
NONO___SUPT5H,5,4,A,B,0.0000,0.0,0.0,0.0000,0.1817,0.0000,0.0000,0.0,0.0,0.1600,59.2,50.8,0.280,0,0,0,0,,,,,471,1087,,,,,NONO___SUPT5H_unrelaxed_rank_005_alphafold2_multimer_v3_model_4_seed_000.pdb
NONO___TLE3,1,5,A,B,0.1239,142.2,17.6,0.0204,0.7031,0.1167,0.1315,1263.0,16.0,0.2900,60.9,54.4,0.360,5,302,4,12,45.1,94.2,44.3,92.6,471,772,[467-471],"[447-452,458-464,467-468,472-514,522-562,566-648,650-670,672-687,690-772]","[467-468,470-471]","[488,490,534,536,580,619,622,663,679,702,704,745]",NONO___TLE3_unrelaxed_rank_001_alphafold2_multimer_v3_model_5_seed_000.pdb
NONO___TLE3,2,1,A,B,0.0156,8.3,0.1,0.0000,0.5163,0.0128,0.0189,23.0,3.0,0.1900,60.6,54.8,0.370,3,23,1,3,31.6,91.1,32.4,91.3,471,772,[469-471],"[450,510,512,552,577,580,595,597-598,622,638-640,660-661,678,694,701,703,744,755,767-768]",[469],"[580,622,661]",NONO___TLE3_unrelaxed_rank_002_alphafold2_multimer_v3_model_1_seed_000.pdb
NONO___TLE3,3,3,A,B,0.0844,150.2,12.7,0.0149,0.6089,0.0750,0.0950,1128.0,20.0,0.1900,63.3,55.3,0.370,5,283,4,17,32.4,94.1,32.3,92.4,471,772,[467-471],"[447-452,458,460-461,463,473-495,500-514,522-561,566,568-606,608-648,651-669,673-687,692-729,731-772]","[467,469-471]","[488,490,534,536,578,580,596,619-620,622,638,663,679,702,704,743,745]",NONO___TLE3_unrelaxed_rank_003_alphafold2_multimer_v3_model_3_seed_000.pdb
NONO___TLE3,4,4,A,B,0.0000,0.0,0.0,0.0000,0.4450,0.0110,0.0000,46.0,0.0,0.1700,60.2,53.1,0.360,4,31,0,0,29.4,94.7,,,471,772,[468-471],"[450,489,502,510-512,525-526,535,559,577,596-597,639,641,643,675,685-686,694,696,714-715,722,727,744,749,757,766-768]",,,NONO___TLE3_unrelaxed_rank_004_alphafold2_multimer_v3_model_4_seed_000.pdb
NONO___TLE3,5,2,A,B,0.0000,0.0,0.0,0.0000,0.2529,0.0000,0.0000,0.0,0.0,0.1500,61.3,54.9,0.370,0,0,0,0,,,,,471,772,,,,,NONO___TLE3_unrelaxed_rank_005_alphafold2_multimer_v3_model_2_seed_000.pdb
PCCA___DHX15,1,2,A,B,0.0000,0.0,0.0,0.0000,0.3201,0.0000,0.0000,0.0,0.0,0.2900,82.5,78.2,0.540,0,0,0,0,,,,,728,795,,,,,PCCA___DHX15_unrelaxed_rank_001_alphafold2_multimer_v3_model_2_seed_000.pdb
PCCA___DHX15,2,1,A,B,0.0000,0.0,0.0,0.0000,0.2636,0.0000,0.0000,0.0,0.0,0.2300,81.5,76.0,0.510,0,0,0,0,,,,,728,795,,,,,PCCA___DHX15_unrelaxed_rank_002_alphafold2_multimer_v3_model_1_seed_000.pdb
PCCA___DHX15,3,3,A,B,0.0000,0.0,0.0,0.0000,0.1821,0.0000,0.0000,0.0,0.0,0.2000,80.0,76.1,0.500,0,0,0,0,,,,,728,795,,,,,PCCA___DHX15_unrelaxed_rank_003_alphafold2_multimer_v3_model_3_seed_000.pdb
PCCA___DHX15,4,5,A,B,0.0000,0.0,0.0,0.0000,0.1780,0.0000,0.0000,0.0,0.0,0.1900,80.2,76.1,0.490,0,0,0,0,,,,,728,795,,,,,PCCA___DHX15_unrelaxed_rank_004_alphafold2_multimer_v3_model_5_seed_000.pdb
PCCA___DHX15,5,4,A,B,0.0000,0.0,0.0,0.0000,0.1793,0.0000,0.0000,0.0,0.0,0.1900,79.8,76.0,0.490,0,0,0,0,,,,,728,795,,,,,PCCA___DHX15_unrelaxed_rank_005_alphafold2_multimer_v3_model_4_seed_000.pdb
PDK1___HMGB1,1,2,A,B,0.0696,51.7,3.6,0.0159,0.3504,0.0508,0.0954,667.0,4.0,0.4400,80.9,65.0,0.660,126,37,3,3,93.1,83.9,70.0,83.2,436,215,"[85,88,118,122,141,153,156,183,185-186,188-189,192,220,222,224-255,269-292,299-306,312-323,327-329,331-333,335-336,357-358,360-367,372-388]","[11-26,29,38-49,60-61,63-64,67-68,71,73]","[241-242,245]","[13-14,16]",PDK1___HMGB1_unrelaxed_rank_001_alphafold2_multimer_v3_model_2_seed_000.pdb
PDK1___HMGB1,2,4,A,B,0.0000,0.0,0.0,0.0000,0.1971,0.0000,0.0000,0.0,0.0,0.2200,77.9,54.9,0.600,0,0,0,0,,,,,436,215,,,,,PDK1___HMGB1_unrelaxed_rank_002_alphafold2_multimer_v3_model_4_seed_000.pdb
PDK1___HMGB1,3,1,A,B,0.0000,0.0,0.0,0.0000,0.1922,0.0000,0.0000,0.0,0.0,0.1800,79.0,54.2,0.610,0,0,0,0,,,,,436,215,,,,,PDK1___HMGB1_unrelaxed_rank_003_alphafold2_multimer_v3_model_1_seed_000.pdb
PDK1___HMGB1,4,3,A,B,0.0000,0.0,0.0,0.0000,0.1243,0.0000,0.0000,0.0,0.0,0.1600,76.8,56.6,0.590,0,0,0,0,,,,,436,215,,,,,PDK1___HMGB1_unrelaxed_rank_004_alphafold2_multimer_v3_model_3_seed_000.pdb
PDK1___HMGB1,5,5,A,B,0.0000,0.0,0.0,0.0000,0.1138,0.0000,0.0000,0.0,0.0,0.1400,78.5,57.3,0.600,0,0,0,0,,,,,436,215,,,,,PDK1___HMGB1_unrelaxed_rank_005_alphafold2_multimer_v3_model_5_seed_000.pdb
PPP1R10___PTBP1,1,2,A,B,0.2871,281.6,80.8,0.0583,0.8984,0.2113,0.3901,1652.0,48.0,0.2800,31.4,67.2,0.270,20,100,8,12,48.8,86.4,49.9,81.3,940,557,[482-501],[181-280],"[489-490,492-494,496-497,499]","[199,202-203,206,241,243-249]",PPP1R10___PTBP1_unrelaxed_rank_001_alphafold2_multimer_v3_model_2_seed_000.pdb
PPP1R10___PTBP1,2,1,A,B,0.2120,217.3,46.1,0.0207,0.8407,0.1725,0.2606,944.0,50.0,0.2600,29.4,64.0,0.270,16,97,6,16,44.4,82.1,40.8,80.0,940,557,[484-499],[181-277],"[492-494,497-499]","[195-196,198-203,206,241,244-248,253]",PPP1R10___PTBP1_unrelaxed_rank_002_alphafold2_multimer_v3_model_1_seed_000.pdb
PPP1R10___PTBP1,3,5,A,B,0.2249,261.2,58.7,0.0247,0.8310,0.1711,0.2957,1156.0,59.0,0.2600,31.1,66.0,0.260,19,97,8,16,52.0,85.6,50.0,79.7,940,557,[482-500],[182-278],"[490-495,497,499]","[192-193,199,202-203,206-207,240-241,244-250]",PPP1R10___PTBP1_unrelaxed_rank_003_alphafold2_multimer_v3_model_5_seed_000.pdb
PPP1R10___PTBP1,4,3,A,B,0.1489,201.5,30.0,0.0146,0.6772,0.1159,0.1912,829.0,49.0,0.2600,30.7,64.5,0.260,19,88,7,14,48.3,83.0,43.6,79.3,940,557,[482-500],"[183-218,220-260,265,267-276]","[489,492-494,497-499]","[196,198-199,202-203,241,243-249,253]",PPP1R10___PTBP1_unrelaxed_rank_004_alphafold2_multimer_v3_model_3_seed_000.pdb
PPP1R10___PTBP1,5,4,A,B,0.0000,0.0,0.0,0.0000,0.2389,0.0000,0.0000,0.0,0.0,0.1900,30.3,62.4,0.260,0,0,0,0,,,,,940,557,,,,,PPP1R10___PTBP1_unrelaxed_rank_005_alphafold2_multimer_v3_model_4_seed_000.pdb
PPP1R10___RB1,1,4,A,B,0.3643,770.0,280.5,0.3512,0.9746,0.2572,0.5162,9882.0,60.0,0.5300,28.2,67.3,0.460,29,541,15,16,47.1,88.9,51.2,84.8,940,928,[910-938],"[56-87,94-173,189-207,209-230,239,273-281,284-301,315-343,375-389,395-407,409-465,474-500,505-539,541-580,643-786]","[913,915-916,918,921,925,927-931,933-934,936-937]","[709-710,713-714,721-722,751,753-754,756-757,761,765-766,768-769]",PPP1R10___RB1_unrelaxed_rank_001_alphafold2_multimer_v3_model_4_seed_000.pdb
PPP1R10___RB1,2,1,A,B,0.1718,374.6,64.4,0.0196,0.8519,0.1290,0.2288,3793.0,37.0,0.4100,28.4,67.9,0.460,11,509,7,11,41.7,89.7,45.1,82.8,940,928,[502-512],"[57-64,69-78,80,97-111,114-138,141-173,189-206,212-230,234-236,239-240,273-301,316-328,332-343,374-390,392,394-467,473-498,512-576,601-607,645-744,748-771,778-783,787]",[503-509],"[548,551-552,555,656-657,660-661,732-733,787]",PPP1R10___RB1_unrelaxed_rank_002_alphafold2_multimer_v3_model_1_seed_000.pdb
PPP1R10___RB1,3,3,A,B,0.1149,276.7,31.8,0.0157,0.7618,0.0847,0.1559,3190.0,24.0,0.3900,30.2,67.8,0.470,11,505,5,9,39.9,91.3,42.2,87.4,940,928,[501-511],"[57-64,66,69-81,97-111,113,115-138,140-173,188-206,211-230,234-236,239-240,273-282,284-301,316-329,332-343,374-389,392,395-436,438-468,473-498,512-576,603,605-606,645-744,748-771,779,781-782]",[503-507],"[548,551-552,555,657,660-661,732-733]",PPP1R10___RB1_unrelaxed_rank_003_alphafold2_multimer_v3_model_3_seed_000.pdb
PPP1R10___RB1,4,5,A,B,0.0631,79.5,5.0,0.0130,0.6180,0.0659,0.0604,372.0,17.0,0.3800,28.8,68.3,0.470,7,160,5,10,42.8,93.2,45.2,89.4,940,928,[492-498],"[198,201,404,412,415-420,425,427,431,451-452,454-456,458-459,481,484-485,487-488,490,492,497,517-518,523-526,528,546,552,555-563,568-573,575,647,650-651,653-669,674-705,707-715,717,719-730,736-745,748-770]",[493-497],"[709-710,713,721,753,756-757,761,765,768]",PPP1R10___RB1_unrelaxed_rank_004_alphafold2_multimer_v3_model_5_seed_000.pdb
PPP1R10___RB1,5,2,A,B,0.0000,0.0,0.0,0.0000,0.2833,0.0000,0.0000,0.0,0.0,0.2100,29.0,68.6,0.460,0,0,0,0,,,,,940,928,,,,,PPP1R10___RB1_unrelaxed_rank_005_alphafold2_multimer_v3_model_2_seed_000.pdb
PRDX1___FUBP3,1,1,A,B,0.0000,0.0,0.0,0.0000,0.1895,0.0000,0.0000,0.0,0.0,0.2000,81.8,50.4,0.320,0,0,0,0,,,,,199,572,,,,,PRDX1___FUBP3_unrelaxed_rank_001_alphafold2_multimer_v3_model_1_seed_000.pdb
PRDX1___FUBP3,2,2,A,B,0.0000,0.0,0.0,0.0000,0.1474,0.0000,0.0000,0.0,0.0,0.2000,83.4,48.6,0.320,0,0,0,0,,,,,199,572,,,,,PRDX1___FUBP3_unrelaxed_rank_002_alphafold2_multimer_v3_model_2_seed_000.pdb
PRDX1___FUBP3,3,5,A,B,0.0000,0.0,0.0,0.0000,0.1272,0.0000,0.0000,0.0,0.0,0.1800,87.1,47.4,0.330,0,0,0,0,,,,,199,572,,,,,PRDX1___FUBP3_unrelaxed_rank_003_alphafold2_multimer_v3_model_5_seed_000.pdb
PRDX1___FUBP3,4,3,A,B,0.0000,0.0,0.0,0.0000,0.1626,0.0000,0.0000,0.0,0.0,0.1800,87.5,47.8,0.330,0,0,0,0,,,,,199,572,,,,,PRDX1___FUBP3_unrelaxed_rank_004_alphafold2_multimer_v3_model_3_seed_000.pdb
PRDX1___FUBP3,5,4,A,B,0.0000,0.0,0.0,0.0000,0.1553,0.0000,0.0000,0.0,0.0,0.1800,83.0,45.6,0.320,0,0,0,0,,,,,199,572,,,,,PRDX1___FUBP3_unrelaxed_rank_005_alphafold2_multimer_v3_model_4_seed_000.pdb
PRMT1___CSTB,1,3,A,B,0.0000,0.0,0.0,0.0000,0.2779,0.0000,0.0000,0.0,0.0,0.2100,82.6,77.8,0.700,0,0,0,0,,,,,371,98,,,,,PRMT1___CSTB_unrelaxed_rank_001_alphafold2_multimer_v3_model_3_seed_000.pdb
PRMT1___CSTB,2,1,A,B,0.0000,0.0,0.0,0.0000,0.2445,0.0000,0.0000,0.0,0.0,0.2100,81.2,70.8,0.680,0,0,0,0,,,,,371,98,,,,,PRMT1___CSTB_unrelaxed_rank_002_alphafold2_multimer_v3_model_1_seed_000.pdb
PRMT1___CSTB,3,4,A,B,0.0000,0.0,0.0,0.0000,0.2309,0.0000,0.0000,0.0,0.0,0.1600,81.2,74.8,0.680,0,0,0,0,,,,,371,98,,,,,PRMT1___CSTB_unrelaxed_rank_003_alphafold2_multimer_v3_model_4_seed_000.pdb
PRMT1___CSTB,4,5,A,B,0.0000,0.0,0.0,0.0000,0.1470,0.0000,0.0000,0.0,0.0,0.1500,83.4,80.9,0.690,0,0,0,0,,,,,371,98,,,,,PRMT1___CSTB_unrelaxed_rank_004_alphafold2_multimer_v3_model_5_seed_000.pdb
PRMT1___CSTB,5,2,A,B,0.0000,0.0,0.0,0.0000,0.1189,0.0000,0.0000,0.0,0.0,0.1300,83.7,80.5,0.680,0,0,0,0,,,,,371,98,,,,,PRMT1___CSTB_unrelaxed_rank_005_alphafold2_multimer_v3_model_2_seed_000.pdb
PSPC1___DHX15,1,3,A,B,0.0000,0.0,0.0,0.0000,0.2104,0.0000,0.0000,0.0,0.0,0.2100,53.3,79.4,0.530,0,0,0,0,,,,,523,795,,,,,PSPC1___DHX15_unrelaxed_rank_001_alphafold2_multimer_v3_model_3_seed_000.pdb
PSPC1___DHX15,2,1,A,B,0.0000,0.0,0.0,0.0000,0.1556,0.0000,0.0000,0.0,0.0,0.1600,49.9,79.0,0.500,0,0,0,0,,,,,523,795,,,,,PSPC1___DHX15_unrelaxed_rank_002_alphafold2_multimer_v3_model_1_seed_000.pdb
PSPC1___DHX15,3,4,A,B,0.0000,0.0,0.0,0.0000,0.1553,0.0000,0.0000,0.0,0.0,0.1400,51.9,79.5,0.530,0,0,0,0,,,,,523,795,,,,,PSPC1___DHX15_unrelaxed_rank_003_alphafold2_multimer_v3_model_4_seed_000.pdb
PSPC1___DHX15,4,5,A,B,0.0000,0.0,0.0,0.0000,0.1406,0.0000,0.0000,0.0,0.0,0.1400,52.3,79.7,0.530,0,0,0,0,,,,,523,795,,,,,PSPC1___DHX15_unrelaxed_rank_004_alphafold2_multimer_v3_model_5_seed_000.pdb
PSPC1___DHX15,5,2,A,B,0.0000,0.0,0.0,0.0000,0.1361,0.0000,0.0000,0.0,0.0,0.1400,47.7,79.0,0.510,0,0,0,0,,,,,523,795,,,,,PSPC1___DHX15_unrelaxed_rank_005_alphafold2_multimer_v3_model_2_seed_000.pdb
PTBP3___AGAP3,1,4,A,B,0.0000,0.0,0.0,0.0000,0.4294,0.0000,0.0000,0.0,0.0,0.2100,57.0,56.8,0.300,0,0,0,0,,,,,552,875,,,,,PTBP3___AGAP3_unrelaxed_rank_001_alphafold2_multimer_v3_model_4_seed_000.pdb
PTBP3___AGAP3,2,1,A,B,0.0000,0.0,0.0,0.0000,0.2685,0.0000,0.0000,0.0,0.0,0.2000,55.6,56.4,0.300,0,0,0,0,,,,,552,875,,,,,PTBP3___AGAP3_unrelaxed_rank_002_alphafold2_multimer_v3_model_1_seed_000.pdb
PTBP3___AGAP3,3,5,A,B,0.0000,0.0,0.0,0.0000,0.1911,0.0000,0.0000,0.0,0.0,0.1800,61.2,59.1,0.300,0,0,0,0,,,,,552,875,,,,,PTBP3___AGAP3_unrelaxed_rank_003_alphafold2_multimer_v3_model_5_seed_000.pdb
PTBP3___AGAP3,4,2,A,B,0.0000,0.0,0.0,0.0000,0.1741,0.0000,0.0000,0.0,0.0,0.1800,61.6,59.6,0.290,0,0,0,0,,,,,552,875,,,,,PTBP3___AGAP3_unrelaxed_rank_004_alphafold2_multimer_v3_model_2_seed_000.pdb
PTBP3___AGAP3,5,3,A,B,0.0000,0.0,0.0,0.0000,0.1968,0.0000,0.0000,0.0,0.0,0.1700,60.1,58.4,0.290,0,0,0,0,,,,,552,875,,,,,PTBP3___AGAP3_unrelaxed_rank_005_alphafold2_multimer_v3_model_3_seed_000.pdb
PTBP3___CHERP,1,4,A,B,0.0000,0.0,0.0,0.0000,0.4470,0.0000,0.0000,0.0,0.0,0.2400,64.0,46.1,0.310,0,0,0,0,,,,,552,916,,,,,PTBP3___CHERP_unrelaxed_rank_001_alphafold2_multimer_v3_model_4_seed_000.pdb
PTBP3___CHERP,2,1,A,B,0.0000,0.0,0.0,0.0000,0.2507,0.0000,0.0000,0.0,0.0,0.2100,61.2,46.2,0.300,0,0,0,0,,,,,552,916,,,,,PTBP3___CHERP_unrelaxed_rank_002_alphafold2_multimer_v3_model_1_seed_000.pdb
PTBP3___CHERP,3,2,A,B,0.0000,0.0,0.0,0.0000,0.2512,0.0000,0.0000,0.0,0.0,0.1800,66.0,47.8,0.300,0,0,0,0,,,,,552,916,,,,,PTBP3___CHERP_unrelaxed_rank_003_alphafold2_multimer_v3_model_2_seed_000.pdb
PTBP3___CHERP,4,3,A,B,0.0000,0.0,0.0,0.0000,0.2050,0.0000,0.0000,0.0,0.0,0.1800,64.9,46.2,0.290,0,0,0,0,,,,,552,916,,,,,PTBP3___CHERP_unrelaxed_rank_004_alphafold2_multimer_v3_model_3_seed_000.pdb
PTBP3___CHERP,5,5,A,B,0.0000,0.0,0.0,0.0000,0.2239,0.0000,0.0000,0.0,0.0,0.1800,66.0,46.8,0.290,0,0,0,0,,,,,552,916,,,,,PTBP3___CHERP_unrelaxed_rank_005_alphafold2_multimer_v3_model_5_seed_000.pdb
PTBP3___LUC7L2,1,3,A,B,0.0000,0.0,0.0,0.0000,0.1438,0.0000,0.0000,0.0,0.0,0.1500,64.1,57.8,0.330,0,0,0,0,,,,,552,392,,,,,PTBP3___LUC7L2_unrelaxed_rank_001_alphafold2_multimer_v3_model_3_seed_000.pdb
PTBP3___LUC7L2,2,5,A,B,0.0000,0.0,0.0,0.0000,0.1850,0.0000,0.0000,0.0,0.0,0.1500,66.5,58.5,0.330,0,0,0,0,,,,,552,392,,,,,PTBP3___LUC7L2_unrelaxed_rank_002_alphafold2_multimer_v3_model_5_seed_000.pdb
PTBP3___LUC7L2,3,1,A,B,0.0000,0.0,0.0,0.0000,0.1312,0.0000,0.0000,0.0,0.0,0.1500,63.2,58.6,0.330,0,0,0,0,,,,,552,392,,,,,PTBP3___LUC7L2_unrelaxed_rank_003_alphafold2_multimer_v3_model_1_seed_000.pdb
PTBP3___LUC7L2,4,2,A,B,0.0000,0.0,0.0,0.0000,0.1223,0.0000,0.0000,0.0,0.0,0.1400,66.8,55.5,0.300,0,0,0,0,,,,,552,392,,,,,PTBP3___LUC7L2_unrelaxed_rank_004_alphafold2_multimer_v3_model_2_seed_000.pdb
PTBP3___LUC7L2,5,4,A,B,0.0000,0.0,0.0,0.0000,0.1246,0.0000,0.0000,0.0,0.0,0.1300,63.3,58.1,0.320,0,0,0,0,,,,,552,392,,,,,PTBP3___LUC7L2_unrelaxed_rank_005_alphafold2_multimer_v3_model_4_seed_000.pdb
PTBP3___NASP,1,1,A,B,0.0822,41.6,3.4,0.0127,0.6178,0.0665,0.1015,91.0,19.0,0.2500,56.7,37.5,0.320,42,7,12,5,67.7,40.3,61.2,40.4,552,788,"[183-184,186,196-205,207,211-212,214,220-221,223-225,231-240,242-247,250-252,254]",[711-717],"[196-197,200-201,204,239,242-246,251]","[711-713,715-716]",PTBP3___NASP_unrelaxed_rank_001_alphafold2_multimer_v3_model_1_seed_000.pdb
PTBP3___NASP,2,2,A,B,0.0565,4.0,0.2,0.0000,0.5314,0.0569,0.0560,8.0,2.0,0.2300,63.5,38.3,0.320,6,3,2,1,78.6,42.8,79.3,45.3,552,788,"[201,213,239,244-245,250]","[711-712,714]","[201,239]",[712],PTBP3___NASP_unrelaxed_rank_002_alphafold2_multimer_v3_model_2_seed_000.pdb
PTBP3___NASP,3,3,A,B,0.0620,110.3,6.8,0.0128,0.5909,0.0541,0.0709,1107.0,11.0,0.2200,59.1,37.0,0.320,11,204,6,7,26.4,88.9,26.9,88.1,552,788,[5-15],"[39-102,514-626,633-659]","[7-11,13]","[543,581-582,585,641,645,648]",PTBP3___NASP_unrelaxed_rank_003_alphafold2_multimer_v3_model_3_seed_000.pdb
PTBP3___NASP,4,4,A,B,0.0188,48.3,0.9,0.0000,0.5199,0.0199,0.0178,259.0,9.0,0.2200,58.2,37.3,0.320,5,122,4,6,27.9,91.0,28.5,92.5,552,788,[6-10],"[43,45-47,50-56,59-60,62-63,65-66,69-70,73-74,81-84,87-90,94,96-97,99-100,514,516,518-519,521-522,524-529,531-532,534-547,550-552,555-556,558,560,562-567,571-576,579-587,592-594,599,606-607,609-611,613-615,617-621,635-646,649-650,652]",[6-9],"[543,581-582,584,641-642]",PTBP3___NASP_unrelaxed_rank_004_alphafold2_multimer_v3_model_4_seed_000.pdb
PTBP3___NASP,5,5,A,B,0.0000,0.0,0.0,0.0000,0.4093,0.0000,0.0000,0.0,0.0,0.2100,61.9,37.3,0.310,0,0,0,0,,,,,552,788,,,,,PTBP3___NASP_unrelaxed_rank_005_alphafold2_multimer_v3_model_5_seed_000.pdb
PTBP3___PCCA,1,4,A,B,0.0000,0.0,0.0,0.0000,0.1916,0.0000,0.0000,0.0,0.0,0.2000,54.5,80.7,0.550,0,0,0,0,,,,,552,728,,,,,PTBP3___PCCA_unrelaxed_rank_001_alphafold2_multimer_v3_model_4_seed_000.pdb
PTBP3___PCCA,2,3,A,B,0.0000,0.0,0.0,0.0000,0.2069,0.0000,0.0000,0.0,0.0,0.1900,58.4,82.7,0.550,0,0,0,0,,,,,552,728,,,,,PTBP3___PCCA_unrelaxed_rank_002_alphafold2_multimer_v3_model_3_seed_000.pdb
PTBP3___PCCA,3,2,A,B,0.0000,0.0,0.0,0.0000,0.1704,0.0000,0.0000,0.0,0.0,0.1800,59.7,83.6,0.550,0,0,0,0,,,,,552,728,,,,,PTBP3___PCCA_unrelaxed_rank_003_alphafold2_multimer_v3_model_2_seed_000.pdb
PTBP3___PCCA,4,1,A,B,0.0000,0.0,0.0,0.0000,0.1709,0.0000,0.0000,0.0,0.0,0.1700,56.0,82.9,0.540,0,0,0,0,,,,,552,728,,,,,PTBP3___PCCA_unrelaxed_rank_004_alphafold2_multimer_v3_model_1_seed_000.pdb
PTBP3___PCCA,5,5,A,B,0.0000,0.0,0.0,0.0000,0.1651,0.0000,0.0000,0.0,0.0,0.1700,59.0,82.6,0.540,0,0,0,0,,,,,552,728,,,,,PTBP3___PCCA_unrelaxed_rank_005_alphafold2_multimer_v3_model_5_seed_000.pdb
PTBP3___RAVER1,1,5,A,B,0.4489,426.8,191.6,0.3814,0.9579,0.3508,0.5744,2397.0,76.0,0.2900,64.5,53.1,0.380,107,20,16,11,80.9,56.5,78.6,62.4,552,606,[176-282],[319-338],"[191-192,194,196-197,200-201,239,242-249]","[320-328,333,336]",PTBP3___RAVER1_unrelaxed_rank_001_alphafold2_multimer_v3_model_5_seed_000.pdb
PTBP3___RAVER1,2,1,A,B,0.2940,769.8,226.3,0.1885,0.8878,0.2226,0.3885,3823.0,155.0,0.2800,61.1,53.5,0.380,103,35,31,22,76.7,54.2,76.6,57.4,552,606,[178-280],"[319-352,381]","[186,189-197,200-201,213-215,218-220,239,242-251,268-269]","[320-328,333,336-346,348]",PTBP3___RAVER1_unrelaxed_rank_002_alphafold2_multimer_v3_model_1_seed_000.pdb
PTBP3___RAVER1,3,3,A,B,0.3211,390.0,125.2,0.1850,0.9002,0.2379,0.4334,1950.0,78.0,0.2800,63.6,52.8,0.380,104,19,16,12,80.3,55.5,78.0,58.0,552,606,[177-280],[319-337],"[191-192,194,197,200-201,239,242-250]","[320-328,333,336-337]",PTBP3___RAVER1_unrelaxed_rank_003_alphafold2_multimer_v3_model_3_seed_000.pdb
PTBP3___RAVER1,4,4,A,B,0.3125,811.7,253.7,0.1557,0.9010,0.2381,0.4102,4197.0,157.0,0.2700,61.1,54.7,0.380,102,42,31,24,77.7,55.0,76.5,59.3,552,606,"[178-276,278-280]","[319-352,375-378,380-382,384]","[186,189-197,200-201,213-215,218,220,239,242-251,267-269]","[319-328,333,336-346,375-376]",PTBP3___RAVER1_unrelaxed_rank_004_alphafold2_multimer_v3_model_4_seed_000.pdb
PTBP3___RAVER1,5,2,A,B,0.2950,753.3,222.3,0.1707,0.8898,0.2241,0.3884,3914.0,145.0,0.2700,65.2,55.1,0.380,104,34,31,19,82.2,55.4,80.1,60.3,552,606,[178-281],"[321-352,380-381]","[186,189-197,200-201,213-215,218,220,239,242-251,267-269]","[321-328,333,336,338-346]",PTBP3___RAVER1_unrelaxed_rank_005_alphafold2_multimer_v3_model_2_seed_000.pdb
PTBP3___ZBTB33,1,4,A,B,0.0000,0.0,0.0,0.0000,0.1678,0.0000,0.0000,0.0,0.0,0.1800,59.4,36.1,0.270,0,0,0,0,,,,,552,672,,,,,PTBP3___ZBTB33_unrelaxed_rank_001_alphafold2_multimer_v3_model_4_seed_000.pdb
PTBP3___ZBTB33,2,5,A,B,0.0000,0.0,0.0,0.0000,0.1740,0.0000,0.0000,0.0,0.0,0.1700,62.4,38.9,0.280,0,0,0,0,,,,,552,672,,,,,PTBP3___ZBTB33_unrelaxed_rank_002_alphafold2_multimer_v3_model_5_seed_000.pdb
PTBP3___ZBTB33,3,3,A,B,0.0000,0.0,0.0,0.0000,0.1889,0.0000,0.0000,0.0,0.0,0.1700,61.5,35.9,0.270,0,0,0,0,,,,,552,672,,,,,PTBP3___ZBTB33_unrelaxed_rank_003_alphafold2_multimer_v3_model_3_seed_000.pdb
PTBP3___ZBTB33,4,1,A,B,0.0000,0.0,0.0,0.0000,0.2002,0.0000,0.0000,0.0,0.0,0.1700,57.5,33.3,0.280,0,0,0,0,,,,,552,672,,,,,PTBP3___ZBTB33_unrelaxed_rank_004_alphafold2_multimer_v3_model_1_seed_000.pdb
PTBP3___ZBTB33,5,2,A,B,0.0000,0.0,0.0,0.0000,0.1569,0.0000,0.0000,0.0,0.0,0.1600,65.9,35.9,0.270,0,0,0,0,,,,,552,672,,,,,PTBP3___ZBTB33_unrelaxed_rank_005_alphafold2_multimer_v3_model_2_seed_000.pdb
RAVER1___AGAP3,1,3,A,B,0.0000,0.0,0.0,0.0000,0.3140,0.0000,0.0000,0.0,0.0,0.2000,49.8,58.6,0.340,0,0,0,0,,,,,606,875,,,,,RAVER1___AGAP3_unrelaxed_rank_001_alphafold2_multimer_v3_model_3_seed_000.pdb
RAVER1___AGAP3,2,2,A,B,0.0000,0.0,0.0,0.0000,0.2819,0.0000,0.0000,0.0,0.0,0.2000,51.1,59.2,0.340,0,0,0,0,,,,,606,875,,,,,RAVER1___AGAP3_unrelaxed_rank_002_alphafold2_multimer_v3_model_2_seed_000.pdb
RAVER1___AGAP3,3,5,A,B,0.0000,0.0,0.0,0.0000,0.2616,0.0000,0.0000,0.0,0.0,0.2000,49.9,58.5,0.340,0,0,0,0,,,,,606,875,,,,,RAVER1___AGAP3_unrelaxed_rank_003_alphafold2_multimer_v3_model_5_seed_000.pdb
RAVER1___AGAP3,4,1,A,B,0.0000,0.0,0.0,0.0000,0.2175,0.0000,0.0000,0.0,0.0,0.1900,49.8,54.8,0.330,0,0,0,0,,,,,606,875,,,,,RAVER1___AGAP3_unrelaxed_rank_004_alphafold2_multimer_v3_model_1_seed_000.pdb
RAVER1___AGAP3,5,4,A,B,0.0000,0.0,0.0,0.0000,0.2541,0.0000,0.0000,0.0,0.0,0.1900,50.6,55.9,0.340,0,0,0,0,,,,,606,875,,,,,RAVER1___AGAP3_unrelaxed_rank_005_alphafold2_multimer_v3_model_4_seed_000.pdb
RAVER1___EDC3,1,4,A,B,0.0000,0.0,0.0,0.0000,0.1769,0.0000,0.0000,0.0,0.0,0.1700,51.8,56.8,0.370,0,0,0,0,,,,,606,508,,,,,RAVER1___EDC3_unrelaxed_rank_001_alphafold2_multimer_v3_model_4_seed_000.pdb
RAVER1___EDC3,2,2,A,B,0.0000,0.0,0.0,0.0000,0.1544,0.0000,0.0000,0.0,0.0,0.1700,52.4,60.0,0.370,0,0,0,0,,,,,606,508,,,,,RAVER1___EDC3_unrelaxed_rank_002_alphafold2_multimer_v3_model_2_seed_000.pdb
RAVER1___EDC3,3,5,A,B,0.0000,0.0,0.0,0.0000,0.1702,0.0000,0.0000,0.0,0.0,0.1700,52.4,60.0,0.360,0,0,0,0,,,,,606,508,,,,,RAVER1___EDC3_unrelaxed_rank_003_alphafold2_multimer_v3_model_5_seed_000.pdb
RAVER1___EDC3,4,1,A,B,0.0000,0.0,0.0,0.0000,0.1540,0.0000,0.0000,0.0,0.0,0.1600,52.1,58.4,0.360,0,0,0,0,,,,,606,508,,,,,RAVER1___EDC3_unrelaxed_rank_004_alphafold2_multimer_v3_model_1_seed_000.pdb
RAVER1___EDC3,5,3,A,B,0.0000,0.0,0.0,0.0000,0.1685,0.0000,0.0000,0.0,0.0,0.1600,51.1,58.5,0.360,0,0,0,0,,,,,606,508,,,,,RAVER1___EDC3_unrelaxed_rank_005_alphafold2_multimer_v3_model_3_seed_000.pdb
RAVER1___SRSF11,1,5,A,B,0.3800,612.4,232.7,0.2094,0.9239,0.2890,0.4996,6250.0,60.0,0.3700,53.3,33.8,0.370,273,23,15,11,93.3,56.5,88.1,60.5,606,484,"[37-230,232-255,261-287,290-317]",[419-441],"[71-73,76,83-88,97,99,157,181-182]","[423-426,428-429,432,434,437-438,441]",RAVER1___SRSF11_unrelaxed_rank_001_alphafold2_multimer_v3_model_5_seed_000.pdb
RAVER1___SRSF11,2,1,A,B,0.3235,537.7,173.9,0.0874,0.8577,0.2474,0.4229,4589.0,63.0,0.3400,54.4,32.8,0.380,268,19,15,12,93.1,53.4,89.5,54.4,606,484,"[38-229,232,234-243,245-255,261-287,290-316]",[421-439],"[60,84-88,90,97,99,128,157,159,181-183]","[421-426,428-429,431-433,436]",RAVER1___SRSF11_unrelaxed_rank_002_alphafold2_multimer_v3_model_1_seed_000.pdb
RAVER1___SRSF11,3,3,A,B,0.0230,20.3,0.5,0.0000,0.4521,0.0164,0.0322,69.0,6.0,0.2000,52.8,31.2,0.360,67,3,6,1,92.3,34.7,87.4,38.1,606,484,"[43-44,54-55,59-62,83-87,96-102,105-106,109,113,130,132-133,144,148,150-151,154-157,159-162,165,175,180-190,192-193,196,202,205,214,266,268,276-281,296]",[423-425],"[130,132,180-183]",[425],RAVER1___SRSF11_unrelaxed_rank_003_alphafold2_multimer_v3_model_3_seed_000.pdb
RAVER1___SRSF11,4,2,A,B,0.0000,0.0,0.0,0.0000,0.3926,0.0000,0.0000,0.0,0.0,0.1700,54.5,32.5,0.370,0,0,0,0,,,,,606,484,,,,,RAVER1___SRSF11_unrelaxed_rank_004_alphafold2_multimer_v3_model_2_seed_000.pdb
RAVER1___SRSF11,5,4,A,B,0.0000,0.0,0.0,0.0000,0.1864,0.0000,0.0000,0.0,0.0,0.1500,54.0,29.3,0.360,0,0,0,0,,,,,606,484,,,,,RAVER1___SRSF11_unrelaxed_rank_005_alphafold2_multimer_v3_model_4_seed_000.pdb
RB1___GFP,1,1,A,B,0.0000,0.0,0.0,0.0000,0.3138,0.0000,0.0000,0.0,0.0,0.2900,67.3,81.6,0.580,0,0,0,0,,,,,928,238,,,,,RB1___GFP_unrelaxed_rank_001_alphafold2_multimer_v3_model_1_seed_000.pdb
RB1___GFP,2,3,A,B,0.0000,0.0,0.0,0.0000,0.1809,0.0000,0.0000,0.0,0.0,0.2300,66.7,86.6,0.600,0,0,0,0,,,,,928,238,,,,,RB1___GFP_unrelaxed_rank_002_alphafold2_multimer_v3_model_3_seed_000.pdb
RB1___GFP,3,5,A,B,0.0000,0.0,0.0,0.0000,0.1814,0.0000,0.0000,0.0,0.0,0.2200,66.3,86.6,0.590,0,0,0,0,,,,,928,238,,,,,RB1___GFP_unrelaxed_rank_003_alphafold2_multimer_v3_model_5_seed_000.pdb
RB1___GFP,4,4,A,B,0.0000,0.0,0.0,0.0000,0.1925,0.0000,0.0000,0.0,0.0,0.2100,67.2,83.0,0.600,0,0,0,0,,,,,928,238,,,,,RB1___GFP_unrelaxed_rank_004_alphafold2_multimer_v3_model_4_seed_000.pdb
RB1___GFP,5,2,A,B,0.0000,0.0,0.0,0.0000,0.2111,0.0000,0.0000,0.0,0.0,0.1900,66.9,84.9,0.590,0,0,0,0,,,,,928,238,,,,,RB1___GFP_unrelaxed_rank_005_alphafold2_multimer_v3_model_2_seed_000.pdb
RBM4___LUC7L2,1,1,A,B,0.0113,10.7,0.1,0.0000,0.3925,0.0118,0.0108,23.0,5.0,0.2100,46.2,57.6,0.360,4,18,3,4,34.0,84.8,34.3,84.4,364,392,"[211,213-215]","[36,83-85,87-89,97,101,103,107,188,190,193,195,210,228,230]","[211,214-215]","[101,103,193,195]",RBM4___LUC7L2_unrelaxed_rank_001_alphafold2_multimer_v3_model_1_seed_000.pdb
RBM4___LUC7L2,2,5,A,B,0.0000,0.0,0.0,0.0000,0.3123,0.0000,0.0000,0.0,0.0,0.2100,46.3,59.0,0.370,0,0,0,0,,,,,364,392,,,,,RBM4___LUC7L2_unrelaxed_rank_002_alphafold2_multimer_v3_model_5_seed_000.pdb
RBM4___LUC7L2,3,2,A,B,0.0000,0.0,0.0,0.0000,0.2635,0.0000,0.0000,0.0,0.0,0.1700,45.9,57.9,0.330,0,0,0,0,,,,,364,392,,,,,RBM4___LUC7L2_unrelaxed_rank_003_alphafold2_multimer_v3_model_2_seed_000.pdb
RBM4___LUC7L2,4,3,A,B,0.0000,0.0,0.0,0.0000,0.1918,0.0000,0.0000,0.0,0.0,0.1500,42.3,57.8,0.370,0,0,0,0,,,,,364,392,,,,,RBM4___LUC7L2_unrelaxed_rank_004_alphafold2_multimer_v3_model_3_seed_000.pdb
RBM4___LUC7L2,5,4,A,B,0.0000,0.0,0.0,0.0000,0.1861,0.0000,0.0000,0.0,0.0,0.1400,42.5,57.7,0.370,0,0,0,0,,,,,364,392,,,,,RBM4___LUC7L2_unrelaxed_rank_005_alphafold2_multimer_v3_model_4_seed_000.pdb
RPS12___SAFB,1,4,A,B,0.0000,0.0,0.0,0.0000,0.2891,0.0000,0.0000,0.0,0.0,0.3100,82.4,33.5,0.230,0,0,0,0,,,,,132,915,,,,,RPS12___SAFB_unrelaxed_rank_001_alphafold2_multimer_v3_model_4_seed_000.pdb
RPS12___SAFB,2,1,A,B,0.0000,0.0,0.0,0.0000,0.1627,0.0000,0.0000,0.0,0.0,0.1900,85.9,34.9,0.230,0,0,0,0,,,,,132,915,,,,,RPS12___SAFB_unrelaxed_rank_002_alphafold2_multimer_v3_model_1_seed_000.pdb
RPS12___SAFB,3,3,A,B,0.0000,0.0,0.0,0.0000,0.1620,0.0000,0.0000,0.0,0.0,0.1900,84.5,35.3,0.230,0,0,0,0,,,,,132,915,,,,,RPS12___SAFB_unrelaxed_rank_003_alphafold2_multimer_v3_model_3_seed_000.pdb
RPS12___SAFB,4,5,A,B,0.0000,0.0,0.0,0.0000,0.1482,0.0000,0.0000,0.0,0.0,0.1800,84.6,34.9,0.220,0,0,0,0,,,,,132,915,,,,,RPS12___SAFB_unrelaxed_rank_004_alphafold2_multimer_v3_model_5_seed_000.pdb
RPS12___SAFB,5,2,A,B,0.0000,0.0,0.0,0.0000,0.0000,0.0000,0.0000,0.0,0.0,0.1600,86.6,35.7,0.220,0,0,0,0,,,,,132,915,,,,,RPS12___SAFB_unrelaxed_rank_005_alphafold2_multimer_v3_model_2_seed_000.pdb
SAFB___DDX17,1,3,A,B,0.1489,391.3,58.3,0.0157,0.7497,0.1240,0.1789,3190.0,48.0,0.3500,28.8,61.3,0.390,13,397,9,21,36.9,91.8,38.5,90.3,915,729,[210-222],"[117,122,130-131,133-142,144-161,167-170,172-187,189,193-240,243-267,273-380,386-485,487-512,514-549,551]","[210-215,217,220-221]","[280-281,302-304,307,332-335,426-428,431,449-450,475-478,497]",SAFB___DDX17_unrelaxed_rank_001_alphafold2_multimer_v3_model_3_seed_000.pdb
SAFB___DDX17,2,5,A,B,0.0451,43.7,2.0,0.0125,0.5779,0.0377,0.0540,239.0,8.0,0.3200,28.8,61.7,0.380,5,135,3,7,36.0,92.4,36.1,88.2,915,729,[212-216],"[140,149-150,152,154-155,173,185,210,222,231,253-255,257-262,266,275,278,287,290,301-303,308,317,319,330-331,333-336,338,341,352,362,364,366,371,374-376,390-394,396,399-400,402-403,405-409,411-414,420-424,426-430,432-441,443-452,456,459-460,462-466,468-473,475,477,488-493,495,506,509,517-522,524,530,533,535,537-540]","[213,215-216]","[333-334,426-428,450,477]",SAFB___DDX17_unrelaxed_rank_002_alphafold2_multimer_v3_model_5_seed_000.pdb
SAFB___DDX17,3,4,A,B,0.1048,193.7,20.3,0.0161,0.6897,0.0866,0.1268,1501.0,25.0,0.3200,26.3,60.6,0.370,8,374,5,11,36.4,90.7,38.2,87.7,915,729,[210-217],"[133-135,137-138,140-142,144,147-160,168-170,172-176,178-189,191,193-236,245-267,273-276,278-293,295-372,374-379,387-416,418-485,487-511,514-549]","[210-213,215]","[333-334,426-428,449-450,475-477,497]",SAFB___DDX17_unrelaxed_rank_003_alphafold2_multimer_v3_model_4_seed_000.pdb
SAFB___DDX17,4,1,A,B,0.0196,16.3,0.3,0.0000,0.5183,0.0211,0.0182,53.0,5.0,0.2900,27.9,60.9,0.370,3,50,1,4,33.6,91.1,35.0,86.8,915,729,[213-215],"[224,257,261,305,317,334,340-341,355,364,371,390-393,398,405,408,411-413,421,423,425-427,429,432-434,438-441,444,448,450,463,468,473,476,488-489,504-505,509,517,519-521]",[213],"[426-427,450,476]",SAFB___DDX17_unrelaxed_rank_004_alphafold2_multimer_v3_model_1_seed_000.pdb
SAFB___DDX17,5,2,A,B,0.0000,0.0,0.0,0.0000,0.1885,0.0000,0.0000,0.0,0.0,0.1800,28.9,62.5,0.370,0,0,0,0,,,,,915,729,,,,,SAFB___DDX17_unrelaxed_rank_005_alphafold2_multimer_v3_model_2_seed_000.pdb
SAFB___LUC7L2,1,5,A,B,0.0533,105.2,5.6,0.0111,0.5732,0.0401,0.0708,426.0,26.0,0.3200,32.4,60.5,0.290,27,45,9,9,79.4,85.6,75.6,82.5,915,392,"[629,632-657]","[123,125-126,129-130,132-165,167-169,171-172,174]","[641,644-645,648-649,651-652,655-656]","[137,140-141,144,149,152-153,156,159]",SAFB___LUC7L2_unrelaxed_rank_001_alphafold2_multimer_v3_model_5_seed_000.pdb
SAFB___LUC7L2,2,4,A,B,0.0000,0.0,0.0,0.0000,0.2691,0.0000,0.0000,0.0,0.0,0.2200,30.0,61.0,0.290,0,0,0,0,,,,,915,392,,,,,SAFB___LUC7L2_unrelaxed_rank_002_alphafold2_multimer_v3_model_4_seed_000.pdb
SAFB___LUC7L2,3,3,A,B,0.0000,0.0,0.0,0.0000,0.3013,0.0000,0.0000,0.0,0.0,0.1900,31.5,61.4,0.300,0,0,0,0,,,,,915,392,,,,,SAFB___LUC7L2_unrelaxed_rank_003_alphafold2_multimer_v3_model_3_seed_000.pdb
SAFB___LUC7L2,4,1,A,B,0.0000,0.0,0.0,0.0000,0.2665,0.0000,0.0000,0.0,0.0,0.1900,32.9,59.1,0.260,0,0,0,0,,,,,915,392,,,,,SAFB___LUC7L2_unrelaxed_rank_004_alphafold2_multimer_v3_model_1_seed_000.pdb
SAFB___LUC7L2,5,2,A,B,0.0000,0.0,0.0,0.0000,0.1522,0.0000,0.0000,0.0,0.0,0.1700,33.4,62.2,0.280,0,0,0,0,,,,,915,392,,,,,SAFB___LUC7L2_unrelaxed_rank_005_alphafold2_multimer_v3_model_2_seed_000.pdb
SAR1A___CDK4,1,4,A,B,0.0000,0.0,0.0,0.0000,0.1158,0.0000,0.0000,0.0,0.0,0.1700,68.1,76.8,0.580,0,0,0,0,,,,,198,303,,,,,SAR1A___CDK4_unrelaxed_rank_001_alphafold2_multimer_v3_model_4_seed_000.pdb
SAR1A___CDK4,2,2,A,B,0.0000,0.0,0.0,0.0000,0.0967,0.0000,0.0000,0.0,0.0,0.1600,67.0,73.7,0.550,0,0,0,0,,,,,198,303,,,,,SAR1A___CDK4_unrelaxed_rank_002_alphafold2_multimer_v3_model_2_seed_000.pdb
SAR1A___CDK4,3,5,A,B,0.0000,0.0,0.0,0.0000,0.1044,0.0000,0.0000,0.0,0.0,0.1400,66.7,76.2,0.570,0,0,0,0,,,,,198,303,,,,,SAR1A___CDK4_unrelaxed_rank_003_alphafold2_multimer_v3_model_5_seed_000.pdb
SAR1A___CDK4,4,3,A,B,0.0000,0.0,0.0,0.0000,0.1044,0.0000,0.0000,0.0,0.0,0.1500,67.7,75.4,0.560,0,0,0,0,,,,,198,303,,,,,SAR1A___CDK4_unrelaxed_rank_004_alphafold2_multimer_v3_model_3_seed_000.pdb
SAR1A___CDK4,5,1,A,B,0.0000,0.0,0.0,0.0000,0.1040,0.0000,0.0000,0.0,0.0,0.1300,65.0,72.9,0.540,0,0,0,0,,,,,198,303,,,,,SAR1A___CDK4_unrelaxed_rank_005_alphafold2_multimer_v3_model_1_seed_000.pdb
SAR1A___RBM4,1,4,A,B,0.0000,0.0,0.0,0.0000,0.1648,0.0000,0.0000,0.0,0.0,0.2000,67.2,42.0,0.370,0,0,0,0,,,,,198,364,,,,,SAR1A___RBM4_unrelaxed_rank_001_alphafold2_multimer_v3_model_4_seed_000.pdb
SAR1A___RBM4,2,2,A,B,0.0000,0.0,0.0,0.0000,0.1615,0.0000,0.0000,0.0,0.0,0.1900,67.7,43.0,0.370,0,0,0,0,,,,,198,364,,,,,SAR1A___RBM4_unrelaxed_rank_002_alphafold2_multimer_v3_model_2_seed_000.pdb
SAR1A___RBM4,3,1,A,B,0.0000,0.0,0.0,0.0000,0.1478,0.0000,0.0000,0.0,0.0,0.1900,66.9,44.1,0.370,0,0,0,0,,,,,198,364,,,,,SAR1A___RBM4_unrelaxed_rank_003_alphafold2_multimer_v3_model_1_seed_000.pdb
SAR1A___RBM4,4,3,A,B,0.0000,0.0,0.0,0.0000,0.1561,0.0000,0.0000,0.0,0.0,0.1900,66.1,42.3,0.360,0,0,0,0,,,,,198,364,,,,,SAR1A___RBM4_unrelaxed_rank_004_alphafold2_multimer_v3_model_3_seed_000.pdb
SAR1A___RBM4,5,5,A,B,0.0000,0.0,0.0,0.0000,0.1372,0.0000,0.0000,0.0,0.0,0.1900,61.0,42.5,0.350,0,0,0,0,,,,,198,364,,,,,SAR1A___RBM4_unrelaxed_rank_005_alphafold2_multimer_v3_model_5_seed_000.pdb
SET___DNAJA1,1,2,A,B,0.1576,158.2,24.9,0.0157,0.5128,0.1274,0.1950,863.0,29.0,0.2700,63.3,75.2,0.380,9,155,7,10,43.6,88.0,45.3,81.0,290,397,[256-264],"[105-134,136,193,195-196,200-232,235-290,295-313,315-327]","[256,258-263]","[109-111,124-129,207]",SET___DNAJA1_unrelaxed_rank_001_alphafold2_multimer_v3_model_2_seed_000.pdb
SET___DNAJA1,2,1,A,B,0.0000,0.0,0.0,0.0000,0.3077,0.0035,0.0000,2.0,0.0,0.2000,63.2,75.0,0.370,2,2,0,0,40.8,90.8,,,290,397,[259-260],"[117,284]",,,SET___DNAJA1_unrelaxed_rank_002_alphafold2_multimer_v3_model_1_seed_000.pdb
SET___DNAJA1,3,3,A,B,0.0000,0.0,0.0,0.0000,0.1202,0.0000,0.0000,0.0,0.0,0.1200,61.5,74.6,0.370,0,0,0,0,,,,,290,397,,,,,SET___DNAJA1_unrelaxed_rank_003_alphafold2_multimer_v3_model_3_seed_000.pdb
SET___DNAJA1,4,5,A,B,0.0000,0.0,0.0,0.0000,0.1037,0.0000,0.0000,0.0,0.0,0.1200,61.8,75.4,0.370,0,0,0,0,,,,,290,397,,,,,SET___DNAJA1_unrelaxed_rank_004_alphafold2_multimer_v3_model_5_seed_000.pdb
SET___DNAJA1,5,4,A,B,0.0000,0.0,0.0,0.0000,0.1169,0.0000,0.0000,0.0,0.0,0.1100,60.9,76.0,0.370,0,0,0,0,,,,,290,397,,,,,SET___DNAJA1_unrelaxed_rank_005_alphafold2_multimer_v3_model_4_seed_000.pdb
SET___FAM50A,1,5,A,B,0.1458,1042.8,152.0,0.0669,0.5990,0.1125,0.1889,13424.0,81.0,0.4000,63.8,59.7,0.470,165,129,24,21,85.7,86.2,71.8,77.0,290,339,"[42-174,177-180,202-207,212-233]","[190-283,297-331]","[62-64,66-67,70,103-104,107,131-135,158,162,164,213-214,219-220,223-224,227]","[202,204,206,208-210,212,254,276,300,302-303,314-320,322-323]",SET___FAM50A_unrelaxed_rank_001_alphafold2_multimer_v3_model_5_seed_000.pdb
SET___FAM50A,2,1,A,B,0.0099,43.2,0.4,0.0150,0.3340,0.0294,0.0033,934.0,2.0,0.2400,63.1,58.1,0.410,132,25,2,2,86.6,79.9,67.9,59.0,290,339,"[48-58,60-62,64-89,91-102,104-128,135-157,165-169,171-174,178,203-206,216-233]","[205-206,223-224,226-227,249-253,257-258,304-308,312,315,318-321,324]","[66,223]","[206,318]",SET___FAM50A_unrelaxed_rank_002_alphafold2_multimer_v3_model_1_seed_000.pdb
SET___FAM50A,3,4,A,B,0.0000,0.0,0.0,0.0000,0.3163,0.0252,0.0000,281.0,0.0,0.2300,63.1,56.7,0.400,98,12,0,0,86.0,88.1,,,290,339,"[51-52,54-58,60-62,64-84,86-88,93-95,97-102,105-106,113-120,122-126,135-142,146-147,149-156,169,171-173,203-206,217-227,229,232-233]","[249-252,257-258,306-307,312,318,321,324]",,,SET___FAM50A_unrelaxed_rank_003_alphafold2_multimer_v3_model_4_seed_000.pdb
SET___FAM50A,4,3,A,B,0.0000,0.0,0.0,0.0000,0.3161,0.0135,0.0000,7.0,0.0,0.2200,63.6,58.7,0.400,4,3,0,0,86.7,75.1,,,290,339,"[48-49,51,72]","[315,318,321]",,,SET___FAM50A_unrelaxed_rank_004_alphafold2_multimer_v3_model_3_seed_000.pdb
SET___FAM50A,5,2,A,B,0.0000,0.0,0.0,0.0000,0.2852,0.0128,0.0000,25.0,0.0,0.1700,65.0,61.8,0.380,16,4,0,0,81.0,91.4,,,290,339,"[54,57-58,61,64-65,68-69,71-72,125,156,220-221,226-227]","[250,257,307,312]",,,SET___FAM50A_unrelaxed_rank_005_alphafold2_multimer_v3_model_2_seed_000.pdb
SET___FUBP3,1,4,A,B,0.1895,603.2,114.3,0.1339,0.6933,0.1202,0.2987,9575.0,38.0,0.4600,63.1,45.7,0.360,153,73,10,11,84.8,80.3,69.2,81.6,290,572,"[64-158,165-181,200-209,211-241]",[255-327],"[91-92,231,233-238,240]","[272-273,276-278,280-282,284,287-288]",SET___FUBP3_unrelaxed_rank_001_alphafold2_multimer_v3_model_4_seed_000.pdb
SET___FUBP3,2,2,A,B,0.0000,0.0,0.0,0.0000,0.2769,0.0000,0.0000,0.0,0.0,0.1700,63.3,46.7,0.310,0,0,0,0,,,,,290,572,,,,,SET___FUBP3_unrelaxed_rank_002_alphafold2_multimer_v3_model_2_seed_000.pdb
SET___FUBP3,3,5,A,B,0.0000,0.0,0.0,0.0000,0.1482,0.0000,0.0000,0.0,0.0,0.1500,63.8,47.9,0.300,0,0,0,0,,,,,290,572,,,,,SET___FUBP3_unrelaxed_rank_003_alphafold2_multimer_v3_model_5_seed_000.pdb
SET___FUBP3,4,1,A,B,0.0000,0.0,0.0,0.0000,0.1472,0.0000,0.0000,0.0,0.0,0.1500,61.7,46.0,0.310,0,0,0,0,,,,,290,572,,,,,SET___FUBP3_unrelaxed_rank_004_alphafold2_multimer_v3_model_1_seed_000.pdb
SET___FUBP3,5,3,A,B,0.0000,0.0,0.0,0.0000,0.1414,0.0000,0.0000,0.0,0.0,0.1400,61.5,43.7,0.310,0,0,0,0,,,,,290,572,,,,,SET___FUBP3_unrelaxed_rank_005_alphafold2_multimer_v3_model_3_seed_000.pdb
SET___RPS12,1,4,A,B,0.0000,0.0,0.0,0.0000,0.1784,0.0158,0.0000,1.0,0.0,0.2200,62.6,69.1,0.480,1,1,0,0,96.7,81.1,,,290,132,[149],[108],,,SET___RPS12_unrelaxed_rank_001_alphafold2_multimer_v3_model_4_seed_000.pdb
SET___RPS12,2,2,A,B,0.0000,0.0,0.0,0.0000,0.1229,0.0000,0.0000,0.0,0.0,0.1900,63.5,68.8,0.480,0,0,0,0,,,,,290,132,,,,,SET___RPS12_unrelaxed_rank_002_alphafold2_multimer_v3_model_2_seed_000.pdb
SET___RPS12,3,3,A,B,0.0000,0.0,0.0,0.0000,0.0961,0.0000,0.0000,0.0,0.0,0.1300,64.6,78.5,0.450,0,0,0,0,,,,,290,132,,,,,SET___RPS12_unrelaxed_rank_003_alphafold2_multimer_v3_model_3_seed_000.pdb
SET___RPS12,4,1,A,B,0.0000,0.0,0.0,0.0000,0.1358,0.0000,0.0000,0.0,0.0,0.1200,63.6,72.4,0.450,0,0,0,0,,,,,290,132,,,,,SET___RPS12_unrelaxed_rank_004_alphafold2_multimer_v3_model_1_seed_000.pdb
SET___RPS12,5,5,A,B,0.0000,0.0,0.0,0.0000,0.0822,0.0000,0.0000,0.0,0.0,0.1100,62.8,71.3,0.450,0,0,0,0,,,,,290,132,,,,,SET___RPS12_unrelaxed_rank_005_alphafold2_multimer_v3_model_5_seed_000.pdb
SF1___CCNT1,1,2,A,B,0.1310,317.7,41.6,0.0158,0.7605,0.0982,0.1747,2803.0,36.0,0.3000,38.0,46.9,0.330,16,223,9,11,55.3,93.0,56.8,87.9,639,726,[305-320],"[12-113,125-214,219-249]","[309-310,312-313,315-317,319-320]","[55-57,154-155,158,168,171-172,175-176]",SF1___CCNT1_unrelaxed_rank_001_alphafold2_multimer_v3_model_2_seed_000.pdb
SF1___CCNT1,2,5,A,B,0.0649,110.6,7.2,0.0145,0.6118,0.0531,0.0794,815.0,15.0,0.2800,38.0,43.5,0.310,12,186,6,9,56.8,91.9,56.6,87.0,639,726,[309-320],"[13-15,18-19,22-25,29,31-42,44-72,75,78,80,82-95,97-111,126,129-130,133-134,136-144,146-148,150-206,212-214,220-245]","[310,312-313,316-317,320]","[55-57,154,158,168,171-172,175]",SF1___CCNT1_unrelaxed_rank_002_alphafold2_multimer_v3_model_5_seed_000.pdb
SF1___CCNT1,3,3,A,B,0.0353,79.7,2.8,0.0121,0.5435,0.0295,0.0422,706.0,9.0,0.2600,36.3,43.2,0.320,12,165,3,7,53.6,91.8,56.0,87.2,639,726,[309-320],"[13-14,16,18-19,23,31,34-35,37-42,44-52,54-64,66-73,75,78,80,83-88,90-95,97-108,110-111,126,129-130,132-134,136-137,139-144,146,148,150-179,182-206,220-224,226-231,233-238,240-244]","[313,316-317]","[57,154,158,168,171-172,175]",SF1___CCNT1_unrelaxed_rank_003_alphafold2_multimer_v3_model_3_seed_000.pdb
SF1___CCNT1,4,4,A,B,0.0681,153.6,10.5,0.0177,0.5995,0.0611,0.0759,1180.0,20.0,0.2600,37.2,42.3,0.320,12,199,7,10,53.7,89.5,55.0,85.1,639,726,"[308-318,320]","[13-16,18-20,22-26,29,31-80,83-112,126-207,213,220-238,240-242,244]","[309-310,312-313,315-317]","[55-57,154-155,158,171-172,175-176]",SF1___CCNT1_unrelaxed_rank_004_alphafold2_multimer_v3_model_4_seed_000.pdb
SF1___CCNT1,5,1,A,B,0.0818,156.6,12.8,0.0137,0.6709,0.0629,0.1065,1022.0,24.0,0.2200,36.3,43.2,0.330,10,189,6,12,39.5,89.4,38.6,82.9,639,726,[309-318],"[12-16,18-20,23,25,31-68,70-73,75,78,83-88,90-112,130,132-133,136-137,139-210,212-213,219-245]","[309-310,312-313,316-317]","[55-57,154-155,158,161-162,168,171-172,175]",SF1___CCNT1_unrelaxed_rank_005_alphafold2_multimer_v3_model_1_seed_000.pdb
SF3A3___DHX15,1,1,A,B,0.0000,0.0,0.0,0.0000,0.2539,0.0000,0.0000,0.0,0.0,0.2100,66.1,78.4,0.520,0,0,0,0,,,,,501,795,,,,,SF3A3___DHX15_unrelaxed_rank_001_alphafold2_multimer_v3_model_1_seed_000.pdb
SF3A3___DHX15,2,2,A,B,0.0000,0.0,0.0,0.0000,0.2913,0.0000,0.0000,0.0,0.0,0.2000,70.4,78.9,0.530,0,0,0,0,,,,,501,795,,,,,SF3A3___DHX15_unrelaxed_rank_002_alphafold2_multimer_v3_model_2_seed_000.pdb
SF3A3___DHX15,3,3,A,B,0.0000,0.0,0.0,0.0000,0.2483,0.0000,0.0000,0.0,0.0,0.1900,68.9,78.4,0.530,0,0,0,0,,,,,501,795,,,,,SF3A3___DHX15_unrelaxed_rank_003_alphafold2_multimer_v3_model_3_seed_000.pdb
SF3A3___DHX15,4,4,A,B,0.0000,0.0,0.0,0.0000,0.1555,0.0000,0.0000,0.0,0.0,0.1600,66.5,78.9,0.530,0,0,0,0,,,,,501,795,,,,,SF3A3___DHX15_unrelaxed_rank_004_alphafold2_multimer_v3_model_4_seed_000.pdb
SF3A3___DHX15,5,5,A,B,0.0000,0.0,0.0,0.0000,0.1544,0.0000,0.0000,0.0,0.0,0.1500,67.4,78.2,0.530,0,0,0,0,,,,,501,795,,,,,SF3A3___DHX15_unrelaxed_rank_005_alphafold2_multimer_v3_model_5_seed_000.pdb
SF3A3___DNAJA1,1,3,A,B,0.0350,107.0,3.7,0.0123,0.4808,0.0343,0.0357,763.0,15.0,0.2300,72.1,70.7,0.420,156,10,10,5,87.6,35.1,82.1,35.1,501,397,"[4-29,33-62,68-69,71-72,84,87-88,90-91,93-95,104-118,126,128-132,134,136-141,144-149,160-164,182-204,209-210,213-214,217,221,320,322-334,337-338,340-341,343-344]",[83-92],"[14,17,42,45-46,48-49,109,112-113]","[84-85,87-88,91]",SF3A3___DNAJA1_unrelaxed_rank_001_alphafold2_multimer_v3_model_3_seed_000.pdb
SF3A3___DNAJA1,2,4,A,B,0.1291,328.5,42.4,0.0173,0.6669,0.1118,0.1491,2036.0,53.0,0.2300,69.6,68.9,0.400,218,14,18,10,82.8,36.8,74.5,37.0,501,397,"[4-62,67-74,83-98,100-150,159-165,167-171,180-221,318-347]",[83-96],"[38,41-42,44-46,48-49,104,106-110,112-113,116,127]","[84-85,87-88,90-95]",SF3A3___DNAJA1_unrelaxed_rank_002_alphafold2_multimer_v3_model_4_seed_000.pdb
SF3A3___DNAJA1,3,1,A,B,0.0468,137.8,6.5,0.0122,0.5262,0.0362,0.0606,703.0,27.0,0.1900,73.1,69.8,0.400,157,10,15,7,87.4,35.4,81.6,35.7,501,397,"[4-29,32-62,67-72,87,90-91,93-95,97-98,105-118,127-131,135-136,138-149,160-161,182-204,208-214,216,220,322-327,329-331,333-334,337-344]",[84-93],"[14,41-46,48-49,106,109-110,112-113,116]","[84,87-88,90-93]",SF3A3___DNAJA1_unrelaxed_rank_003_alphafold2_multimer_v3_model_1_seed_000.pdb
SF3A3___DNAJA1,4,5,A,B,0.0000,0.0,0.0,0.0000,0.1405,0.0000,0.0000,0.0,0.0,0.1200,71.4,70.1,0.380,0,0,0,0,,,,,501,397,,,,,SF3A3___DNAJA1_unrelaxed_rank_004_alphafold2_multimer_v3_model_5_seed_000.pdb
SF3A3___DNAJA1,5,2,A,B,0.0000,0.0,0.0,0.0000,0.1227,0.0000,0.0000,0.0,0.0,0.1200,72.7,69.3,0.370,0,0,0,0,,,,,501,397,,,,,SF3A3___DNAJA1_unrelaxed_rank_005_alphafold2_multimer_v3_model_2_seed_000.pdb
SF3B2___EDC3,1,4,A,B,0.0000,0.0,0.0,0.0000,0.3887,0.0000,0.0000,0.0,0.0,0.2100,34.7,63.6,0.310,0,0,0,0,,,,,895,508,,,,,SF3B2___EDC3_unrelaxed_rank_001_alphafold2_multimer_v3_model_4_seed_000.pdb
SF3B2___EDC3,2,5,A,B,0.0000,0.0,0.0,0.0000,0.3048,0.0000,0.0000,0.0,0.0,0.2000,34.6,63.5,0.310,0,0,0,0,,,,,895,508,,,,,SF3B2___EDC3_unrelaxed_rank_002_alphafold2_multimer_v3_model_5_seed_000.pdb
SF3B2___EDC3,3,3,A,B,0.0000,0.0,0.0,0.0000,0.2667,0.0000,0.0000,0.0,0.0,0.2000,37.2,63.1,0.310,0,0,0,0,,,,,895,508,,,,,SF3B2___EDC3_unrelaxed_rank_003_alphafold2_multimer_v3_model_3_seed_000.pdb
SF3B2___EDC3,4,1,A,B,0.0000,0.0,0.0,0.0000,0.3008,0.0000,0.0000,0.0,0.0,0.1900,35.5,64.8,0.310,0,0,0,0,,,,,895,508,,,,,SF3B2___EDC3_unrelaxed_rank_004_alphafold2_multimer_v3_model_1_seed_000.pdb
SF3B2___EDC3,5,2,A,B,0.0000,0.0,0.0,0.0000,0.1435,0.0000,0.0000,0.0,0.0,0.1600,34.9,65.2,0.300,0,0,0,0,,,,,895,508,,,,,SF3B2___EDC3_unrelaxed_rank_005_alphafold2_multimer_v3_model_2_seed_000.pdb
SF3B2___FAM50A,1,4,A,B,0.1915,306.7,58.7,0.0198,0.7630,0.1438,0.2551,1742.0,54.0,0.2800,37.0,55.4,0.270,28,119,10,14,55.6,81.3,47.7,79.8,895,339,"[523,525-527,575-598]","[194-281,303-333]","[583,586-590,592,594-596]","[224,250,257,259-261,309-310,312-313,316,326,328,330]",SF3B2___FAM50A_unrelaxed_rank_001_alphafold2_multimer_v3_model_4_seed_000.pdb
SF3B2___FAM50A,2,1,A,B,0.0000,0.0,0.0,0.0000,0.1660,0.0000,0.0000,0.0,0.0,0.1500,42.0,62.1,0.240,0,0,0,0,,,,,895,339,,,,,SF3B2___FAM50A_unrelaxed_rank_002_alphafold2_multimer_v3_model_1_seed_000.pdb
SF3B2___FAM50A,3,2,A,B,0.0000,0.0,0.0,0.0000,0.0000,0.0000,0.0000,0.0,0.0,0.1400,39.9,62.6,0.240,0,0,0,0,,,,,895,339,,,,,SF3B2___FAM50A_unrelaxed_rank_003_alphafold2_multimer_v3_model_2_seed_000.pdb
SF3B2___FAM50A,4,5,A,B,0.0000,0.0,0.0,0.0000,0.1315,0.0000,0.0000,0.0,0.0,0.1400,39.0,60.2,0.240,0,0,0,0,,,,,895,339,,,,,SF3B2___FAM50A_unrelaxed_rank_004_alphafold2_multimer_v3_model_5_seed_000.pdb
SF3B2___FAM50A,5,3,A,B,0.0000,0.0,0.0,0.0000,0.1500,0.0000,0.0000,0.0,0.0,0.1400,40.9,58.9,0.240,0,0,0,0,,,,,895,339,,,,,SF3B2___FAM50A_unrelaxed_rank_005_alphafold2_multimer_v3_model_3_seed_000.pdb
SFPQ___CCAR2,1,1,A,B,0.0000,0.0,0.0,0.0000,0.1945,0.0000,0.0000,0.0,0.0,0.1800,45.7,56.7,0.380,0,0,0,0,,,,,707,923,,,,,SFPQ___CCAR2_unrelaxed_rank_001_alphafold2_multimer_v3_model_1_seed_000.pdb
SFPQ___CCAR2,2,2,A,B,0.0000,0.0,0.0,0.0000,0.2379,0.0000,0.0000,0.0,0.0,0.1700,46.3,58.3,0.390,0,0,0,0,,,,,707,923,,,,,SFPQ___CCAR2_unrelaxed_rank_002_alphafold2_multimer_v3_model_2_seed_000.pdb
SFPQ___CCAR2,3,4,A,B,0.0000,0.0,0.0,0.0000,0.2066,0.0000,0.0000,0.0,0.0,0.1700,43.3,54.0,0.370,0,0,0,0,,,,,707,923,,,,,SFPQ___CCAR2_unrelaxed_rank_003_alphafold2_multimer_v3_model_4_seed_000.pdb
SFPQ___CCAR2,4,5,A,B,0.0000,0.0,0.0,0.0000,0.1620,0.0000,0.0000,0.0,0.0,0.1600,45.7,57.1,0.380,0,0,0,0,,,,,707,923,,,,,SFPQ___CCAR2_unrelaxed_rank_004_alphafold2_multimer_v3_model_5_seed_000.pdb
SFPQ___CCAR2,5,3,A,B,0.0000,0.0,0.0,0.0000,0.1625,0.0000,0.0000,0.0,0.0,0.1600,46.0,55.4,0.370,0,0,0,0,,,,,707,923,,,,,SFPQ___CCAR2_unrelaxed_rank_005_alphafold2_multimer_v3_model_3_seed_000.pdb
SFPQ___CSTB,1,2,A,B,0.0000,0.0,0.0,0.0000,0.2149,0.0000,0.0000,0.0,0.0,0.2800,48.3,78.3,0.390,0,0,0,0,,,,,707,98,,,,,SFPQ___CSTB_unrelaxed_rank_001_alphafold2_multimer_v3_model_2_seed_000.pdb
SFPQ___CSTB,2,4,A,B,0.0000,0.0,0.0,0.0000,0.1606,0.0000,0.0000,0.0,0.0,0.1800,47.7,63.6,0.360,0,0,0,0,,,,,707,98,,,,,SFPQ___CSTB_unrelaxed_rank_002_alphafold2_multimer_v3_model_4_seed_000.pdb
SFPQ___CSTB,3,1,A,B,0.0000,0.0,0.0,0.0000,0.1320,0.0000,0.0000,0.0,0.0,0.1400,49.3,77.7,0.380,0,0,0,0,,,,,707,98,,,,,SFPQ___CSTB_unrelaxed_rank_003_alphafold2_multimer_v3_model_1_seed_000.pdb
SFPQ___CSTB,4,3,A,B,0.0000,0.0,0.0,0.0000,0.1261,0.0000,0.0000,0.0,0.0,0.1300,49.2,73.8,0.380,0,0,0,0,,,,,707,98,,,,,SFPQ___CSTB_unrelaxed_rank_004_alphafold2_multimer_v3_model_3_seed_000.pdb
SFPQ___CSTB,5,5,A,B,0.0000,0.0,0.0,0.0000,0.1261,0.0000,0.0000,0.0,0.0,0.1300,48.6,81.7,0.380,0,0,0,0,,,,,707,98,,,,,SFPQ___CSTB_unrelaxed_rank_005_alphafold2_multimer_v3_model_5_seed_000.pdb
SFPQ___PTBP1,1,2,A,B,0.0000,0.0,0.0,0.0000,0.0000,0.0000,0.0000,0.0,0.0,0.1600,47.2,66.4,0.310,0,0,0,0,,,,,707,557,,,,,SFPQ___PTBP1_unrelaxed_rank_001_alphafold2_multimer_v3_model_2_seed_000.pdb
SFPQ___PTBP1,2,1,A,B,0.0000,0.0,0.0,0.0000,0.1460,0.0000,0.0000,0.0,0.0,0.1600,47.4,61.8,0.310,0,0,0,0,,,,,707,557,,,,,SFPQ___PTBP1_unrelaxed_rank_002_alphafold2_multimer_v3_model_1_seed_000.pdb
SFPQ___PTBP1,3,5,A,B,0.0000,0.0,0.0,0.0000,0.1467,0.0000,0.0000,0.0,0.0,0.1500,47.3,65.3,0.310,0,0,0,0,,,,,707,557,,,,,SFPQ___PTBP1_unrelaxed_rank_003_alphafold2_multimer_v3_model_5_seed_000.pdb
SFPQ___PTBP1,4,3,A,B,0.0000,0.0,0.0,0.0000,0.1460,0.0000,0.0000,0.0,0.0,0.1400,47.0,63.4,0.310,0,0,0,0,,,,,707,557,,,,,SFPQ___PTBP1_unrelaxed_rank_004_alphafold2_multimer_v3_model_3_seed_000.pdb
SFPQ___PTBP1,5,4,A,B,0.0000,0.0,0.0,0.0000,0.1548,0.0000,0.0000,0.0,0.0,0.1400,45.8,63.0,0.300,0,0,0,0,,,,,707,557,,,,,SFPQ___PTBP1_unrelaxed_rank_005_alphafold2_multimer_v3_model_4_seed_000.pdb
SFPQ___SUPT5H,1,2,A,B,0.0000,0.0,0.0,0.0000,0.1926,0.0000,0.0000,0.0,0.0,0.1800,46.3,51.8,0.290,0,0,0,0,,,,,707,1087,,,,,SFPQ___SUPT5H_unrelaxed_rank_001_alphafold2_multimer_v3_model_2_seed_000.pdb
SFPQ___SUPT5H,2,1,A,B,0.0000,0.0,0.0,0.0000,0.2094,0.0000,0.0000,0.0,0.0,0.1800,46.5,51.7,0.290,0,0,0,0,,,,,707,1087,,,,,SFPQ___SUPT5H_unrelaxed_rank_002_alphafold2_multimer_v3_model_1_seed_000.pdb
SFPQ___SUPT5H,3,4,A,B,0.0000,0.0,0.0,0.0000,0.2098,0.0000,0.0000,0.0,0.0,0.1800,45.4,50.6,0.280,0,0,0,0,,,,,707,1087,,,,,SFPQ___SUPT5H_unrelaxed_rank_003_alphafold2_multimer_v3_model_4_seed_000.pdb
SFPQ___SUPT5H,4,3,A,B,0.0000,0.0,0.0,0.0000,0.1647,0.0000,0.0000,0.0,0.0,0.1700,46.1,51.7,0.290,0,0,0,0,,,,,707,1087,,,,,SFPQ___SUPT5H_unrelaxed_rank_004_alphafold2_multimer_v3_model_3_seed_000.pdb
SFPQ___SUPT5H,5,5,A,B,0.0000,0.0,0.0,0.0000,0.1588,0.0000,0.0000,0.0,0.0,0.1700,46.0,51.9,0.290,0,0,0,0,,,,,707,1087,,,,,SFPQ___SUPT5H_unrelaxed_rank_005_alphafold2_multimer_v3_model_5_seed_000.pdb
SFPQ___ZNF503,1,3,A,B,0.1233,182.3,22.5,0.0166,0.7549,0.0746,0.2038,1846.0,18.0,0.3000,50.0,23.0,0.340,208,32,9,8,91.5,53.4,85.0,54.2,707,646,"[292-305,309-322,326-329,333-358,360-411,413-431,435-440,443-483,486-509,512-517,519-520]","[58-82,501-506,535]","[343,346-347,350,456,460-462,508]","[62-63,68,71,75-76,79,503]",SFPQ___ZNF503_unrelaxed_rank_001_alphafold2_multimer_v3_model_3_seed_000.pdb
SFPQ___ZNF503,2,4,A,B,0.0363,12.8,0.5,0.0000,0.5169,0.0379,0.0349,41.0,4.0,0.2700,48.8,21.6,0.320,25,15,3,3,90.5,59.3,89.1,42.5,707,646,"[373,375,383,385,388-389,391,397,402-404,415,480,486-487,491,493,495-496,498,500-501,504-505,508]","[62-69,503-505,532,535-536,539]","[385,500,504]","[63,503,505]",SFPQ___ZNF503_unrelaxed_rank_002_alphafold2_multimer_v3_model_4_seed_000.pdb
SFPQ___ZNF503,3,2,A,B,0.0000,0.0,0.0,0.0000,0.4173,0.0000,0.0000,0.0,0.0,0.1700,50.6,19.3,0.330,0,0,0,0,,,,,707,646,,,,,SFPQ___ZNF503_unrelaxed_rank_003_alphafold2_multimer_v3_model_2_seed_000.pdb
SFPQ___ZNF503,4,1,A,B,0.0000,0.0,0.0,0.0000,0.2180,0.0000,0.0000,0.0,0.0,0.1600,50.5,19.5,0.310,0,0,0,0,,,,,707,646,,,,,SFPQ___ZNF503_unrelaxed_rank_004_alphafold2_multimer_v3_model_1_seed_000.pdb
SFPQ___ZNF503,5,5,A,B,0.0000,0.0,0.0,0.0000,0.1306,0.0000,0.0000,0.0,0.0,0.1400,49.9,19.7,0.310,0,0,0,0,,,,,707,646,,,,,SFPQ___ZNF503_unrelaxed_rank_005_alphafold2_multimer_v3_model_5_seed_000.pdb
SLC3A2___DNAJA1,1,1,A,B,0.1150,128.0,14.7,0.0182,0.6176,0.0832,0.1588,381.0,43.0,0.3300,70.1,68.8,0.480,8,85,8,13,58.3,84.3,58.3,84.9,630,397,[111-118],"[113-114,117-119,122-123,213,215,248-250,252-310,313,316,318-329]",[111-118],"[283,285-288,293,301-304,306,321-322]",SLC3A2___DNAJA1_unrelaxed_rank_001_alphafold2_multimer_v3_model_1_seed_000.pdb
SLC3A2___DNAJA1,2,5,A,B,0.1133,80.3,9.1,0.0138,0.5141,0.1079,0.1190,248.0,26.0,0.2900,68.2,68.8,0.470,6,87,5,11,40.7,82.8,41.9,80.4,630,397,[112-117],"[106-134,200-214,216,218-226,228,230,232,235,237-247,251-253,258-260,276-277,279-280,284,286,308-309,320-323]",[113-117],"[109,111-112,124,126-129,131,208,239]",SLC3A2___DNAJA1_unrelaxed_rank_002_alphafold2_multimer_v3_model_5_seed_000.pdb
SLC3A2___DNAJA1,3,4,A,B,0.0233,1.7,0.0,0.0000,0.3821,0.0276,0.0196,3.0,1.0,0.2700,68.2,64.1,0.480,3,2,1,1,37.0,80.1,38.1,80.8,630,397,"[114-115,117]",[301-302],[115],[301],SLC3A2___DNAJA1_unrelaxed_rank_003_alphafold2_multimer_v3_model_4_seed_000.pdb
SLC3A2___DNAJA1,4,2,A,B,0.0000,0.0,0.0,0.0000,0.3451,0.0000,0.0000,0.0,0.0,0.2600,69.2,70.7,0.480,0,0,0,0,,,,,630,397,,,,,SLC3A2___DNAJA1_unrelaxed_rank_004_alphafold2_multimer_v3_model_2_seed_000.pdb
SLC3A2___DNAJA1,5,3,A,B,0.0000,0.0,0.0,0.0000,0.1244,0.0000,0.0000,0.0,0.0,0.1300,67.6,66.7,0.480,0,0,0,0,,,,,630,397,,,,,SLC3A2___DNAJA1_unrelaxed_rank_005_alphafold2_multimer_v3_model_3_seed_000.pdb
SLC3A2___HMGB1,1,2,A,B,0.0000,0.0,0.0,0.0000,0.1289,0.0000,0.0000,0.0,0.0,0.1600,69.8,54.6,0.550,0,0,0,0,,,,,630,215,,,,,SLC3A2___HMGB1_unrelaxed_rank_001_alphafold2_multimer_v3_model_2_seed_000.pdb
SLC3A2___HMGB1,2,5,A,B,0.0000,0.0,0.0,0.0000,0.1106,0.0000,0.0000,0.0,0.0,0.1600,69.1,56.8,0.550,0,0,0,0,,,,,630,215,,,,,SLC3A2___HMGB1_unrelaxed_rank_002_alphafold2_multimer_v3_model_5_seed_000.pdb
SLC3A2___HMGB1,3,4,A,B,0.0000,0.0,0.0,0.0000,0.1230,0.0000,0.0000,0.0,0.0,0.1500,69.3,56.4,0.540,0,0,0,0,,,,,630,215,,,,,SLC3A2___HMGB1_unrelaxed_rank_003_alphafold2_multimer_v3_model_4_seed_000.pdb
SLC3A2___HMGB1,4,3,A,B,0.0000,0.0,0.0,0.0000,0.1150,0.0000,0.0000,0.0,0.0,0.1500,69.5,58.3,0.550,0,0,0,0,,,,,630,215,,,,,SLC3A2___HMGB1_unrelaxed_rank_004_alphafold2_multimer_v3_model_3_seed_000.pdb
SLC3A2___HMGB1,5,1,A,B,0.0000,0.0,0.0,0.0000,0.1612,0.0000,0.0000,0.0,0.0,0.1500,70.3,56.6,0.550,0,0,0,0,,,,,630,215,,,,,SLC3A2___HMGB1_unrelaxed_rank_005_alphafold2_multimer_v3_model_1_seed_000.pdb
SMAP___DNAJA1,1,5,A,B,0.1726,266.9,46.1,0.0225,0.5816,0.1443,0.2064,1113.0,64.0,0.3300,24.0,80.7,0.450,8,174,7,17,41.3,91.9,42.7,88.6,183,397,[53-60],"[103-143,187,189,191-290,294-312,316-327]",[53-59],"[107,109,111,124-131,208,227-229,239,241]",SMAP___DNAJA1_unrelaxed_rank_001_alphafold2_multimer_v3_model_5_seed_000.pdb
SMAP___DNAJA1,2,3,A,B,0.1412,190.8,26.9,0.0181,0.5156,0.1243,0.1603,827.0,44.0,0.2700,24.7,80.8,0.450,9,163,7,16,38.8,92.1,40.4,86.4,183,397,[53-61],"[104-138,192-290,294-311,317-327]",[53-59],"[107,109,111,124-131,203,207-208,228,239]",SMAP___DNAJA1_unrelaxed_rank_002_alphafold2_multimer_v3_model_3_seed_000.pdb
SMAP___DNAJA1,3,4,A,B,0.1883,242.2,45.6,0.0204,0.6363,0.1629,0.2176,1197.0,49.0,0.2500,26.7,81.7,0.460,8,180,7,15,42.6,91.6,43.7,86.4,183,397,[55-62],"[103-143,180,183,187,189,191-290,294-328]",[55-61],"[107,109,124-130,207-208,228-229,239,241]",SMAP___DNAJA1_unrelaxed_rank_003_alphafold2_multimer_v3_model_4_seed_000.pdb
SMAP___DNAJA1,4,1,A,B,0.0000,0.0,0.0,0.0000,0.2480,0.0000,0.0000,0.0,0.0,0.1700,22.7,81.4,0.450,0,0,0,0,,,,,183,397,,,,,SMAP___DNAJA1_unrelaxed_rank_004_alphafold2_multimer_v3_model_1_seed_000.pdb
SMAP___DNAJA1,5,2,A,B,0.0000,0.0,0.0,0.0000,0.1780,0.0000,0.0000,0.0,0.0,0.1400,22.8,81.7,0.450,0,0,0,0,,,,,183,397,,,,,SMAP___DNAJA1_unrelaxed_rank_005_alphafold2_multimer_v3_model_2_seed_000.pdb
SMAP___RAVER1,1,3,A,B,0.0000,0.0,0.0,0.0000,0.3013,0.0000,0.0000,0.0,0.0,0.1800,23.5,54.8,0.440,0,0,0,0,,,,,183,606,,,,,SMAP___RAVER1_unrelaxed_rank_001_alphafold2_multimer_v3_model_3_seed_000.pdb
SMAP___RAVER1,2,1,A,B,0.0000,0.0,0.0,0.0000,0.2636,0.0000,0.0000,0.0,0.0,0.1700,21.9,54.8,0.440,0,0,0,0,,,,,183,606,,,,,SMAP___RAVER1_unrelaxed_rank_002_alphafold2_multimer_v3_model_1_seed_000.pdb
SMAP___RAVER1,3,4,A,B,0.0000,0.0,0.0,0.0000,0.3139,0.0000,0.0000,0.0,0.0,0.1600,24.0,55.5,0.440,0,0,0,0,,,,,183,606,,,,,SMAP___RAVER1_unrelaxed_rank_003_alphafold2_multimer_v3_model_4_seed_000.pdb
SMAP___RAVER1,4,2,A,B,0.0000,0.0,0.0,0.0000,0.2540,0.0000,0.0000,0.0,0.0,0.1500,24.9,55.4,0.440,0,0,0,0,,,,,183,606,,,,,SMAP___RAVER1_unrelaxed_rank_004_alphafold2_multimer_v3_model_2_seed_000.pdb
SMAP___RAVER1,5,5,A,B,0.0000,0.0,0.0,0.0000,0.2627,0.0000,0.0000,0.0,0.0,0.1400,22.8,55.2,0.440,0,0,0,0,,,,,183,606,,,,,SMAP___RAVER1_unrelaxed_rank_005_alphafold2_multimer_v3_model_5_seed_000.pdb
SMAP___SAFB,1,1,A,B,0.0000,0.0,0.0,0.0000,0.2316,0.0000,0.0000,0.0,0.0,0.1700,27.3,33.9,0.200,0,0,0,0,,,,,183,915,,,,,SMAP___SAFB_unrelaxed_rank_001_alphafold2_multimer_v3_model_1_seed_000.pdb
SMAP___SAFB,2,3,A,B,0.0000,0.0,0.0,0.0000,0.2283,0.0000,0.0000,0.0,0.0,0.1700,28.9,35.5,0.200,0,0,0,0,,,,,183,915,,,,,SMAP___SAFB_unrelaxed_rank_002_alphafold2_multimer_v3_model_3_seed_000.pdb
SMAP___SAFB,3,4,A,B,0.0000,0.0,0.0,0.0000,0.2294,0.0000,0.0000,0.0,0.0,0.1600,28.3,34.4,0.200,0,0,0,0,,,,,183,915,,,,,SMAP___SAFB_unrelaxed_rank_003_alphafold2_multimer_v3_model_4_seed_000.pdb
SMAP___SAFB,4,2,A,B,0.0000,0.0,0.0,0.0000,0.1896,0.0000,0.0000,0.0,0.0,0.1500,31.0,34.8,0.200,0,0,0,0,,,,,183,915,,,,,SMAP___SAFB_unrelaxed_rank_004_alphafold2_multimer_v3_model_2_seed_000.pdb
SMAP___SAFB,5,5,A,B,0.0000,0.0,0.0,0.0000,0.1147,0.0000,0.0000,0.0,0.0,0.1400,28.2,34.6,0.190,0,0,0,0,,,,,183,915,,,,,SMAP___SAFB_unrelaxed_rank_005_alphafold2_multimer_v3_model_5_seed_000.pdb
SMAP___STIP1,1,1,A,B,0.0000,0.0,0.0,0.0000,0.3411,0.0052,0.0000,2.0,0.0,0.2000,23.2,85.5,0.410,2,2,0,0,30.4,96.8,,,183,543,"[132,134]","[247,345]",,,SMAP___STIP1_unrelaxed_rank_001_alphafold2_multimer_v3_model_1_seed_000.pdb
SMAP___STIP1,2,2,A,B,0.0980,73.3,7.2,0.0142,0.4347,0.0873,0.1100,179.0,30.0,0.1700,22.5,86.5,0.420,7,54,4,11,34.9,71.1,37.9,62.7,183,543,[174-180],"[481-498,500-513,521,523-543]",[175-178],"[482,485-486,489,512,538-543]",SMAP___STIP1_unrelaxed_rank_002_alphafold2_multimer_v3_model_2_seed_000.pdb
SMAP___STIP1,3,4,A,B,0.0000,0.0,0.0,0.0000,0.2329,0.0000,0.0000,0.0,0.0,0.1500,22.8,83.5,0.410,0,0,0,0,,,,,183,543,,,,,SMAP___STIP1_unrelaxed_rank_003_alphafold2_multimer_v3_model_4_seed_000.pdb
SMAP___STIP1,4,3,A,B,0.0000,0.0,0.0,0.0000,0.2839,0.0000,0.0000,0.0,0.0,0.1500,22.0,85.2,0.410,0,0,0,0,,,,,183,543,,,,,SMAP___STIP1_unrelaxed_rank_004_alphafold2_multimer_v3_model_3_seed_000.pdb
SMAP___STIP1,5,5,A,B,0.0000,0.0,0.0,0.0000,0.1667,0.0000,0.0000,0.0,0.0,0.1300,20.3,85.9,0.410,0,0,0,0,,,,,183,543,,,,,SMAP___STIP1_unrelaxed_rank_005_alphafold2_multimer_v3_model_5_seed_000.pdb
SNRPC___CDC37,1,2,A,B,0.0000,0.0,0.0,0.0000,0.1802,0.0000,0.0000,0.0,0.0,0.1600,29.9,70.7,0.410,0,0,0,0,,,,,159,378,,,,,SNRPC___CDC37_unrelaxed_rank_001_alphafold2_multimer_v3_model_2_seed_000.pdb
SNRPC___CDC37,2,1,A,B,0.0000,0.0,0.0,0.0000,0.1996,0.0000,0.0000,0.0,0.0,0.1400,27.3,71.9,0.400,0,0,0,0,,,,,159,378,,,,,SNRPC___CDC37_unrelaxed_rank_002_alphafold2_multimer_v3_model_1_seed_000.pdb
SNRPC___CDC37,3,3,A,B,0.0000,0.0,0.0,0.0000,0.1621,0.0000,0.0000,0.0,0.0,0.1200,29.3,69.6,0.380,0,0,0,0,,,,,159,378,,,,,SNRPC___CDC37_unrelaxed_rank_003_alphafold2_multimer_v3_model_3_seed_000.pdb
SNRPC___CDC37,4,5,A,B,0.0000,0.0,0.0,0.0000,0.1209,0.0000,0.0000,0.0,0.0,0.1200,27.5,68.8,0.390,0,0,0,0,,,,,159,378,,,,,SNRPC___CDC37_unrelaxed_rank_004_alphafold2_multimer_v3_model_5_seed_000.pdb
SNRPC___CDC37,5,4,A,B,0.0000,0.0,0.0,0.0000,0.1417,0.0000,0.0000,0.0,0.0,0.1200,30.7,70.8,0.390,0,0,0,0,,,,,159,378,,,,,SNRPC___CDC37_unrelaxed_rank_005_alphafold2_multimer_v3_model_4_seed_000.pdb
SNRPC___DDX17,1,3,A,B,0.0000,0.0,0.0,0.0000,0.2714,0.0000,0.0000,0.0,0.0,0.1600,29.3,62.0,0.470,0,0,0,0,,,,,159,729,,,,,SNRPC___DDX17_unrelaxed_rank_001_alphafold2_multimer_v3_model_3_seed_000.pdb
SNRPC___DDX17,2,5,A,B,0.0000,0.0,0.0,0.0000,0.2552,0.0000,0.0000,0.0,0.0,0.1700,30.5,61.2,0.410,0,0,0,0,,,,,159,729,,,,,SNRPC___DDX17_unrelaxed_rank_002_alphafold2_multimer_v3_model_5_seed_000.pdb
SNRPC___DDX17,3,2,A,B,0.0000,0.0,0.0,0.0000,0.2669,0.0000,0.0000,0.0,0.0,0.1700,31.1,61.5,0.410,0,0,0,0,,,,,159,729,,,,,SNRPC___DDX17_unrelaxed_rank_003_alphafold2_multimer_v3_model_2_seed_000.pdb
SNRPC___DDX17,4,4,A,B,0.0000,0.0,0.0,0.0000,0.2054,0.0000,0.0000,0.0,0.0,0.1600,29.1,60.4,0.400,0,0,0,0,,,,,159,729,,,,,SNRPC___DDX17_unrelaxed_rank_004_alphafold2_multimer_v3_model_4_seed_000.pdb
SNRPC___DDX17,5,1,A,B,0.0000,0.0,0.0,0.0000,0.1903,0.0000,0.0000,0.0,0.0,0.1500,28.4,61.4,0.420,0,0,0,0,,,,,159,729,,,,,SNRPC___DDX17_unrelaxed_rank_005_alphafold2_multimer_v3_model_1_seed_000.pdb
SNRPC___RBM33,1,1,A,B,0.0000,0.0,0.0,0.0000,0.3462,0.0000,0.0000,0.0,0.0,0.2300,31.0,23.4,0.200,0,0,0,0,,,,,159,1170,,,,,SNRPC___RBM33_unrelaxed_rank_001_alphafold2_multimer_v3_model_1_seed_000.pdb
SNRPC___RBM33,2,3,A,B,0.0000,0.0,0.0,0.0000,0.3429,0.0000,0.0000,0.0,0.0,0.2100,32.5,24.9,0.200,0,0,0,0,,,,,159,1170,,,,,SNRPC___RBM33_unrelaxed_rank_002_alphafold2_multimer_v3_model_3_seed_000.pdb
SNRPC___RBM33,3,4,A,B,0.0000,0.0,0.0,0.0000,0.3914,0.0000,0.0000,0.0,0.0,0.2100,36.5,24.3,0.190,0,0,0,0,,,,,159,1170,,,,,SNRPC___RBM33_unrelaxed_rank_003_alphafold2_multimer_v3_model_4_seed_000.pdb
SNRPC___RBM33,4,2,A,B,0.0000,0.0,0.0,0.0000,0.2429,0.0000,0.0000,0.0,0.0,0.1900,36.6,24.4,0.200,0,0,0,0,,,,,159,1170,,,,,SNRPC___RBM33_unrelaxed_rank_004_alphafold2_multimer_v3_model_2_seed_000.pdb
SNRPC___RBM33,5,5,A,B,0.0000,0.0,0.0,0.0000,0.2665,0.0000,0.0000,0.0,0.0,0.1900,38.2,25.9,0.190,0,0,0,0,,,,,159,1170,,,,,SNRPC___RBM33_unrelaxed_rank_005_alphafold2_multimer_v3_model_5_seed_000.pdb
SRSF11___CDC5L,1,4,A,B,0.0000,0.0,0.0,0.0000,0.3657,0.0000,0.0000,0.0,0.0,0.1700,32.7,54.9,0.260,0,0,0,0,,,,,484,802,,,,,SRSF11___CDC5L_unrelaxed_rank_001_alphafold2_multimer_v3_model_4_seed_000.pdb
SRSF11___CDC5L,2,3,A,B,0.0000,0.0,0.0,0.0000,0.1943,0.0000,0.0000,0.0,0.0,0.1600,32.8,59.5,0.260,0,0,0,0,,,,,484,802,,,,,SRSF11___CDC5L_unrelaxed_rank_002_alphafold2_multimer_v3_model_3_seed_000.pdb
SRSF11___CDC5L,3,5,A,B,0.0000,0.0,0.0,0.0000,0.1633,0.0000,0.0000,0.0,0.0,0.1500,32.3,59.8,0.260,0,0,0,0,,,,,484,802,,,,,SRSF11___CDC5L_unrelaxed_rank_003_alphafold2_multimer_v3_model_5_seed_000.pdb
SRSF11___CDC5L,4,1,A,B,0.0000,0.0,0.0,0.0000,0.1490,0.0000,0.0000,0.0,0.0,0.1500,32.1,60.0,0.250,0,0,0,0,,,,,484,802,,,,,SRSF11___CDC5L_unrelaxed_rank_004_alphafold2_multimer_v3_model_1_seed_000.pdb
SRSF11___CDC5L,5,2,A,B,0.0000,0.0,0.0,0.0000,0.0000,0.0000,0.0000,0.0,0.0,0.1400,32.7,55.9,0.240,0,0,0,0,,,,,484,802,,,,,SRSF11___CDC5L_unrelaxed_rank_005_alphafold2_multimer_v3_model_2_seed_000.pdb
STIP1___AGAP3,1,3,A,B,0.0152,14.8,0.2,0.0000,0.5042,0.0120,0.0192,55.0,4.0,0.2000,77.3,59.1,0.320,48,4,3,2,86.5,49.3,83.3,45.0,543,875,"[261-262,264,267-269,278-290,292,295,297-304,306-307,316-324,327-328,330,332-333,337,340,344]","[77,81-83]","[286,290,299]",[82-83],STIP1___AGAP3_unrelaxed_rank_001_alphafold2_multimer_v3_model_3_seed_000.pdb
STIP1___AGAP3,2,1,A,B,0.0000,0.0,0.0,0.0000,0.2108,0.0000,0.0000,0.0,0.0,0.1900,75.5,56.2,0.300,0,0,0,0,,,,,543,875,,,,,STIP1___AGAP3_unrelaxed_rank_002_alphafold2_multimer_v3_model_1_seed_000.pdb
STIP1___AGAP3,3,5,A,B,0.0000,0.0,0.0,0.0000,0.3461,0.0000,0.0000,0.0,0.0,0.1900,77.7,58.3,0.320,0,0,0,0,,,,,543,875,,,,,STIP1___AGAP3_unrelaxed_rank_003_alphafold2_multimer_v3_model_5_seed_000.pdb
STIP1___AGAP3,4,2,A,B,0.0000,0.0,0.0,0.0000,0.2770,0.0000,0.0000,0.0,0.0,0.1900,78.4,60.0,0.310,0,0,0,0,,,,,543,875,,,,,STIP1___AGAP3_unrelaxed_rank_004_alphafold2_multimer_v3_model_2_seed_000.pdb
STIP1___AGAP3,5,4,A,B,0.0000,0.0,0.0,0.0000,0.1937,0.0000,0.0000,0.0,0.0,0.1700,74.5,57.0,0.300,0,0,0,0,,,,,543,875,,,,,STIP1___AGAP3_unrelaxed_rank_005_alphafold2_multimer_v3_model_4_seed_000.pdb
STIP1___CDC37,1,4,A,B,0.0000,0.0,0.0,0.0000,0.1333,0.0000,0.0000,0.0,0.0,0.1600,78.0,60.4,0.350,0,0,0,0,,,,,543,378,,,,,STIP1___CDC37_unrelaxed_rank_001_alphafold2_multimer_v3_model_4_seed_000.pdb
STIP1___CDC37,2,1,A,B,0.0000,0.0,0.0,0.0000,0.1309,0.0000,0.0000,0.0,0.0,0.1400,79.7,61.0,0.340,0,0,0,0,,,,,543,378,,,,,STIP1___CDC37_unrelaxed_rank_002_alphafold2_multimer_v3_model_1_seed_000.pdb
STIP1___CDC37,3,2,A,B,0.0000,0.0,0.0,0.0000,0.1780,0.0000,0.0000,0.0,0.0,0.1400,79.9,63.5,0.340,0,0,0,0,,,,,543,378,,,,,STIP1___CDC37_unrelaxed_rank_003_alphafold2_multimer_v3_model_2_seed_000.pdb
STIP1___CDC37,4,3,A,B,0.0000,0.0,0.0,0.0000,0.1656,0.0000,0.0000,0.0,0.0,0.1300,78.1,60.4,0.340,0,0,0,0,,,,,543,378,,,,,STIP1___CDC37_unrelaxed_rank_004_alphafold2_multimer_v3_model_3_seed_000.pdb
STIP1___CDC37,5,5,A,B,0.0000,0.0,0.0,0.0000,0.1079,0.0000,0.0000,0.0,0.0,0.1300,79.5,61.6,0.340,0,0,0,0,,,,,543,378,,,,,STIP1___CDC37_unrelaxed_rank_005_alphafold2_multimer_v3_model_5_seed_000.pdb
SUGP2___DDX17,1,2,A,B,0.0000,0.0,0.0,0.0000,0.3754,0.0000,0.0000,0.0,0.0,0.2500,35.5,59.6,0.340,0,0,0,0,,,,,1082,729,,,,,SUGP2___DDX17_unrelaxed_rank_001_alphafold2_multimer_v3_model_2_seed_000.pdb
SUGP2___DDX17,2,3,A,B,0.0000,0.0,0.0,0.0000,0.3733,0.0000,0.0000,0.0,0.0,0.2400,32.2,57.8,0.360,0,0,0,0,,,,,1082,729,,,,,SUGP2___DDX17_unrelaxed_rank_002_alphafold2_multimer_v3_model_3_seed_000.pdb
SUGP2___DDX17,3,4,A,B,0.0000,0.0,0.0,0.0000,0.3153,0.0000,0.0000,0.0,0.0,0.2200,30.8,57.2,0.350,0,0,0,0,,,,,1082,729,,,,,SUGP2___DDX17_unrelaxed_rank_003_alphafold2_multimer_v3_model_4_seed_000.pdb
SUGP2___DDX17,4,5,A,B,0.0000,0.0,0.0,0.0000,0.2592,0.0000,0.0000,0.0,0.0,0.2100,33.3,58.8,0.350,0,0,0,0,,,,,1082,729,,,,,SUGP2___DDX17_unrelaxed_rank_004_alphafold2_multimer_v3_model_5_seed_000.pdb
SUGP2___DDX17,5,1,A,B,0.0000,0.0,0.0,0.0000,0.2467,0.0000,0.0000,0.0,0.0,0.2000,32.4,57.2,0.330,0,0,0,0,,,,,1082,729,,,,,SUGP2___DDX17_unrelaxed_rank_005_alphafold2_multimer_v3_model_1_seed_000.pdb
SUGP2___RBM4,1,4,A,B,0.0000,0.0,0.0,0.0000,0.3806,0.0000,0.0000,0.0,0.0,0.2200,37.4,39.6,0.270,0,0,0,0,,,,,1082,364,,,,,SUGP2___RBM4_unrelaxed_rank_001_alphafold2_multimer_v3_model_4_seed_000.pdb
SUGP2___RBM4,2,2,A,B,0.0000,0.0,0.0,0.0000,0.3160,0.0000,0.0000,0.0,0.0,0.2000,38.4,44.8,0.290,0,0,0,0,,,,,1082,364,,,,,SUGP2___RBM4_unrelaxed_rank_002_alphafold2_multimer_v3_model_2_seed_000.pdb
SUGP2___RBM4,3,5,A,B,0.0000,0.0,0.0,0.0000,0.3316,0.0000,0.0000,0.0,0.0,0.2000,36.6,42.4,0.280,0,0,0,0,,,,,1082,364,,,,,SUGP2___RBM4_unrelaxed_rank_003_alphafold2_multimer_v3_model_5_seed_000.pdb
SUGP2___RBM4,4,1,A,B,0.0000,0.0,0.0,0.0000,0.2186,0.0000,0.0000,0.0,0.0,0.1900,36.7,42.9,0.260,0,0,0,0,,,,,1082,364,,,,,SUGP2___RBM4_unrelaxed_rank_004_alphafold2_multimer_v3_model_1_seed_000.pdb
SUGP2___RBM4,5,3,A,B,0.0000,0.0,0.0,0.0000,0.2436,0.0000,0.0000,0.0,0.0,0.1900,34.0,40.0,0.250,0,0,0,0,,,,,1082,364,,,,,SUGP2___RBM4_unrelaxed_rank_005_alphafold2_multimer_v3_model_3_seed_000.pdb
TLE3___DAZAP1,1,5,A,B,0.2760,358.4,98.9,0.0374,0.8635,0.2432,0.3132,2622.0,49.0,0.2400,56.8,39.0,0.380,321,9,20,7,94.8,38.2,92.0,39.4,772,407,"[447-515,521-772]",[399-407],"[490,534,536,552,577-578,580,596-597,619-620,622-623,638,661,663-664,704,743,745]","[399,401-405,407]",TLE3___DAZAP1_unrelaxed_rank_001_alphafold2_multimer_v3_model_5_seed_000.pdb
TLE3___DAZAP1,2,3,A,B,0.2134,305.4,65.2,0.0254,0.8377,0.1869,0.2437,2027.0,46.0,0.2400,57.7,37.3,0.390,320,8,19,7,93.8,35.1,89.4,35.4,772,407,"[447-454,456-515,521-772]",[400-407],"[490,534,536,552,578,580,596,619-620,622,638-639,661,663-664,679,702,704,745]","[400-405,407]",TLE3___DAZAP1_unrelaxed_rank_002_alphafold2_multimer_v3_model_3_seed_000.pdb
TLE3___DAZAP1,3,1,A,B,0.1781,268.6,47.8,0.0204,0.7518,0.1555,0.2039,1950.0,37.0,0.2400,56.4,37.1,0.390,312,8,19,7,94.4,36.1,91.9,35.9,772,407,"[447-452,458-468,471-515,521-562,565-772]",[400-407],"[488,490,534,536,552,577-578,580,596,620,622,638,661,663,679,702,704,745,761]","[400-405,407]",TLE3___DAZAP1_unrelaxed_rank_003_alphafold2_multimer_v3_model_1_seed_000.pdb
TLE3___DAZAP1,4,2,A,B,0.1895,297.7,56.4,0.0219,0.7933,0.1608,0.2232,2273.0,39.0,0.2200,56.7,39.2,0.380,318,8,19,6,95.7,38.4,94.6,39.8,772,407,"[447-453,456-515,521-563,565-772]",[400-407],"[488,490,534,536,578,580,596,619-620,622,638,661,663-664,679,702,704,745,761]","[401-405,407]",TLE3___DAZAP1_unrelaxed_rank_004_alphafold2_multimer_v3_model_2_seed_000.pdb
TLE3___DAZAP1,5,4,A,B,0.0000,0.0,0.0,0.0000,0.4581,0.0038,0.0000,1.0,0.0,0.2000,55.0,34.5,0.390,1,1,0,0,95.1,29.9,,,772,407,[590],[404],,,TLE3___DAZAP1_unrelaxed_rank_005_alphafold2_multimer_v3_model_4_seed_000.pdb
TLE3___RBM4,1,1,A,B,0.0409,61.1,2.5,0.0139,0.4998,0.0341,0.0491,233.0,16.0,0.2300,53.7,39.6,0.400,168,6,10,3,91.8,31.8,86.6,32.5,772,364,"[448-451,460-461,463,472-473,478-479,481,483,486-495,500,502,504,509,511-513,524,526-527,532-537,539-542,546,548,550,553,556-560,578-583,585,590-591,593,595-602,604,606,621-627,632-635,638-645,654,658,660-665,667-668,673-674,676-679,681-682,684-687,693-695,699,701,703-706,708-716,718,721-723,725-728,731,733-736,742-750,752-753,755,757,759-760,762-763,765-771]",[218-223],"[490,534,536,580,622,661,663,679,704,745]","[218,221-222]",TLE3___RBM4_unrelaxed_rank_001_alphafold2_multimer_v3_model_1_seed_000.pdb
TLE3___RBM4,2,2,A,B,0.0000,0.0,0.0,0.0000,0.2876,0.0000,0.0000,0.0,0.0,0.2200,54.5,40.3,0.400,0,0,0,0,,,,,772,364,,,,,TLE3___RBM4_unrelaxed_rank_002_alphafold2_multimer_v3_model_2_seed_000.pdb
TLE3___RBM4,3,3,A,B,0.0000,0.0,0.0,0.0000,0.4208,0.0000,0.0000,0.0,0.0,0.2100,54.3,40.9,0.400,0,0,0,0,,,,,772,364,,,,,TLE3___RBM4_unrelaxed_rank_003_alphafold2_multimer_v3_model_3_seed_000.pdb
TLE3___RBM4,4,4,A,B,0.0000,0.0,0.0,0.0000,0.3009,0.0000,0.0000,0.0,0.0,0.2000,53.0,37.8,0.390,0,0,0,0,,,,,772,364,,,,,TLE3___RBM4_unrelaxed_rank_004_alphafold2_multimer_v3_model_4_seed_000.pdb
TLE3___RBM4,5,5,A,B,0.0087,7.1,0.1,0.0000,0.4452,0.0125,0.0060,25.0,2.0,0.2000,54.2,41.0,0.390,20,2,2,2,92.2,29.4,85.2,29.4,772,364,"[449-450,488-489,511,513,525,534,546,560,568,590,604,610,643,646,663,684,735-736]",[221-222],"[534,663]",[221-222],TLE3___RBM4_unrelaxed_rank_005_alphafold2_multimer_v3_model_5_seed_000.pdb
TXN___DDX17,1,3,A,B,0.0000,0.0,0.0,0.0000,0.2179,0.0000,0.0000,0.0,0.0,0.2300,82.4,60.7,0.510,0,0,0,0,,,,,105,729,,,,,TXN___DDX17_unrelaxed_rank_001_alphafold2_multimer_v3_model_3_seed_000.pdb
TXN___DDX17,2,4,A,B,0.0000,0.0,0.0,0.0000,0.2046,0.0000,0.0000,0.0,0.0,0.2400,78.5,58.4,0.420,0,0,0,0,,,,,105,729,,,,,TXN___DDX17_unrelaxed_rank_002_alphafold2_multimer_v3_model_4_seed_000.pdb
TXN___DDX17,3,5,A,B,0.0000,0.0,0.0,0.0000,0.1713,0.0000,0.0000,0.0,0.0,0.2200,82.2,58.7,0.430,0,0,0,0,,,,,105,729,,,,,TXN___DDX17_unrelaxed_rank_003_alphafold2_multimer_v3_model_5_seed_000.pdb
TXN___DDX17,4,2,A,B,0.0000,0.0,0.0,0.0000,0.1703,0.0000,0.0000,0.0,0.0,0.2000,81.2,59.2,0.430,0,0,0,0,,,,,105,729,,,,,TXN___DDX17_unrelaxed_rank_004_alphafold2_multimer_v3_model_2_seed_000.pdb
TXN___DDX17,5,1,A,B,0.0000,0.0,0.0,0.0000,0.1593,0.0000,0.0000,0.0,0.0,0.1800,78.8,57.8,0.410,0,0,0,0,,,,,105,729,,,,,TXN___DDX17_unrelaxed_rank_005_alphafold2_multimer_v3_model_1_seed_000.pdb
XRN2___GFP,1,3,A,B,0.0000,0.0,0.0,0.0000,0.1682,0.0000,0.0000,0.0,0.0,0.2300,68.8,84.6,0.620,0,0,0,0,,,,,950,238,,,,,XRN2___GFP_unrelaxed_rank_001_alphafold2_multimer_v3_model_3_seed_000.pdb
XRN2___GFP,2,2,A,B,0.0000,0.0,0.0,0.0000,0.1739,0.0000,0.0000,0.0,0.0,0.1900,69.8,83.1,0.630,0,0,0,0,,,,,950,238,,,,,XRN2___GFP_unrelaxed_rank_002_alphafold2_multimer_v3_model_2_seed_000.pdb
XRN2___GFP,3,5,A,B,0.0000,0.0,0.0,0.0000,0.1782,0.0000,0.0000,0.0,0.0,0.1900,69.4,85.5,0.620,0,0,0,0,,,,,950,238,,,,,XRN2___GFP_unrelaxed_rank_003_alphafold2_multimer_v3_model_5_seed_000.pdb
XRN2___GFP,4,4,A,B,0.0000,0.0,0.0,0.0000,0.1721,0.0000,0.0000,0.0,0.0,0.1800,68.6,84.5,0.620,0,0,0,0,,,,,950,238,,,,,XRN2___GFP_unrelaxed_rank_004_alphafold2_multimer_v3_model_4_seed_000.pdb
XRN2___GFP,5,1,A,B,0.0000,0.0,0.0,0.0000,0.1885,0.0000,0.0000,0.0,0.0,0.1800,68.3,82.1,0.610,0,0,0,0,,,,,950,238,,,,,XRN2___GFP_unrelaxed_rank_005_alphafold2_multimer_v3_model_1_seed_000.pdb
XRN2___PCCA,1,4,A,B,0.0000,0.0,0.0,0.0000,0.2170,0.0000,0.0000,0.0,0.0,0.2100,66.2,78.1,0.500,0,0,0,0,,,,,950,728,,,,,XRN2___PCCA_unrelaxed_rank_001_alphafold2_multimer_v3_model_4_seed_000.pdb
XRN2___PCCA,2,2,A,B,0.0000,0.0,0.0,0.0000,0.2032,0.0000,0.0000,0.0,0.0,0.2100,68.1,81.3,0.500,0,0,0,0,,,,,950,728,,,,,XRN2___PCCA_unrelaxed_rank_002_alphafold2_multimer_v3_model_2_seed_000.pdb
XRN2___PCCA,3,5,A,B,0.0000,0.0,0.0,0.0000,0.2019,0.0000,0.0000,0.0,0.0,0.2100,67.6,79.8,0.500,0,0,0,0,,,,,950,728,,,,,XRN2___PCCA_unrelaxed_rank_003_alphafold2_multimer_v3_model_5_seed_000.pdb
XRN2___PCCA,4,1,A,B,0.0000,0.0,0.0,0.0000,0.2209,0.0000,0.0000,0.0,0.0,0.2100,66.1,79.6,0.490,0,0,0,0,,,,,950,728,,,,,XRN2___PCCA_unrelaxed_rank_004_alphafold2_multimer_v3_model_1_seed_000.pdb
XRN2___PCCA,5,3,A,B,0.0000,0.0,0.0,0.0000,0.1737,0.0000,0.0000,0.0,0.0,0.1800,65.5,79.7,0.480,0,0,0,0,,,,,950,728,,,,,XRN2___PCCA_unrelaxed_rank_005_alphafold2_multimer_v3_model_3_seed_000.pdb
ZFR___PDK1,1,4,A,B,0.4568,1458.3,666.1,0.5306,0.9620,0.3565,0.5853,18176.0,117.0,0.7300,43.6,77.3,0.370,37,376,21,31,61.1,85.3,67.2,76.7,1074,436,[641-677],[40-415],"[647-648,650-652,654-656,658-668,671-672]","[146,150-151,153-154,157,192-193,196,200,209,211,218,269-272,274-275,278,342-345,347,349,354-355,357-358,361]",ZFR___PDK1_unrelaxed_rank_001_alphafold2_multimer_v3_model_4_seed_000.pdb
ZFR___PDK1,2,1,A,B,0.0000,0.0,0.0,0.0000,0.4725,0.0165,0.0000,5.0,0.0,0.3800,44.6,79.2,0.370,1,5,0,0,28.6,90.7,,,1074,436,[268],"[120,159,162,183,231]",,,ZFR___PDK1_unrelaxed_rank_002_alphafold2_multimer_v3_model_1_seed_000.pdb
ZFR___PDK1,3,2,A,B,0.0207,47.5,1.0,0.0000,0.5363,0.0201,0.0212,205.0,11.0,0.3200,44.1,79.1,0.370,7,118,4,7,28.6,93.7,28.4,92.1,1074,436,[267-273],"[62,73-74,76-82,85,88-89,93,113,115-118,120-122,124,134-145,148-150,154-156,162,180,183,189,191,195,200-201,218-220,224-232,234-236,239-240,248,264,267-279,284-285,287-288,290,299-300,303,307,310,312-314,319,330-331,361,364,366-368,370-373,375-378,382-389]","[268-269,271-272]","[200,235,270-271,274-275,278]",ZFR___PDK1_unrelaxed_rank_003_alphafold2_multimer_v3_model_2_seed_000.pdb
ZFR___PDK1,4,3,A,B,0.0000,0.0,0.0,0.0000,0.3615,0.0000,0.0000,0.0,0.0,0.3000,44.0,76.5,0.360,0,0,0,0,,,,,1074,436,,,,,ZFR___PDK1_unrelaxed_rank_004_alphafold2_multimer_v3_model_3_seed_000.pdb
ZFR___PDK1,5,5,A,B,0.0000,0.0,0.0,0.0000,0.2997,0.0000,0.0000,0.0,0.0,0.2800,42.8,77.4,0.360,0,0,0,0,,,,,1074,436,,,,,ZFR___PDK1_unrelaxed_rank_005_alphafold2_multimer_v3_model_5_seed_000.pdb
ZFR___RBM4,1,3,A,B,0.1396,351.5,49.1,0.0175,0.7144,0.1140,0.1710,2331.0,53.0,0.2700,45.8,44.9,0.360,262,32,22,15,90.8,31.8,84.8,36.1,1074,364,"[723-763,783-836,839-856,859-874,892-958,961-981,985-1023,1025-1030]","[196-211,213-214,216-219,355-364]","[745,752,756,759,783,785-789,797,870,903,906-907,910-911,914,990-993]","[197,201-206,218,357-358,360-364]",ZFR___RBM4_unrelaxed_rank_001_alphafold2_multimer_v3_model_3_seed_000.pdb
ZFR___RBM4,2,1,A,B,0.1618,586.0,94.8,0.0201,0.7448,0.1273,0.2056,4640.0,74.0,0.2600,45.8,46.3,0.360,274,27,29,16,90.7,36.2,87.3,38.6,1074,364,"[722-764,784-874,892-958,961-982,984-1034]","[209-223,225,354-364]","[728,732,735-736,741,744-745,790,795-797,799,870,903,906-908,910-911,913-914,917,923,988-993]","[211,213-215,218-219,222,225,355,357-362,364]",ZFR___RBM4_unrelaxed_rank_002_alphafold2_multimer_v3_model_1_seed_000.pdb
ZFR___RBM4,3,5,A,B,0.0555,159.5,8.8,0.0140,0.6325,0.0520,0.0591,979.0,26.0,0.2500,46.1,46.7,0.350,228,18,19,9,93.3,37.5,90.3,40.0,1074,364,"[723-725,727-730,732-759,785-801,803-813,815-828,831-832,835,840-844,846-854,860-871,894-917,919-939,941-957,963-977,979,987-993,995-999,1001-1031,1034]","[216-223,270-273,359-364]","[741,797,870,910-911,913-914,917,923,936,938,991,1013,1016-1017,1020,1028-1029,1031]","[217-218,221-222,271-272,361-362,364]",ZFR___RBM4_unrelaxed_rank_003_alphafold2_multimer_v3_model_5_seed_000.pdb
ZFR___RBM4,4,4,A,B,0.1060,213.4,22.6,0.0167,0.6151,0.0976,0.1151,1423.0,32.0,0.2300,45.3,41.8,0.350,250,9,11,7,90.9,42.1,83.5,43.4,1074,364,"[723-762,785-836,840-856,860-873,892-936,938-958,963-981,985-1022,1026-1027,1029-1030]",[356-364],"[870,903,906-907,910-911,914,990-993]","[357-358,360-364]",ZFR___RBM4_unrelaxed_rank_004_alphafold2_multimer_v3_model_4_seed_000.pdb
ZFR___RBM4,5,2,A,B,0.0766,163.7,12.5,0.0136,0.6665,0.0745,0.0787,1786.0,15.0,0.2200,46.6,46.2,0.350,255,17,11,6,94.1,36.9,91.3,38.1,1074,364,"[723-762,785-836,838,840-872,893-958,962-981,987-992,996-1000,1002-1033]","[215-227,235,237-239]","[735-736,738,741,745,790,795,797,799,913,917]","[217-218,221-222,225-226]",ZFR___RBM4_unrelaxed_rank_005_alphafold2_multimer_v3_model_2_seed_000.pdb
ZFR___SLC3A2,1,1,A,B,0.0543,20.0,1.1,0.0000,0.5630,0.0518,0.0569,40.0,10.0,0.2400,44.6,68.9,0.380,10,10,4,4,71.6,64.5,70.9,61.6,1074,630,[408-417],"[163-170,172-173]","[409,412-413,416]","[163-164,168,172]",ZFR___SLC3A2_unrelaxed_rank_001_alphafold2_multimer_v3_model_1_seed_000.pdb
ZFR___SLC3A2,2,3,A,B,0.0795,33.8,2.7,0.0120,0.6271,0.0616,0.1028,143.0,8.0,0.2300,43.6,68.0,0.370,26,14,3,4,70.3,58.0,67.3,56.8,1074,630,"[382-383,385-386,388-390,392,396,399-400,404-417,420]","[161-173,186]","[388,412,416]","[163-164,168,172]",ZFR___SLC3A2_unrelaxed_rank_002_alphafold2_multimer_v3_model_3_seed_000.pdb
ZFR___SLC3A2,3,5,A,B,0.0000,0.0,0.0,0.0000,0.3932,0.0000,0.0000,0.0,0.0,0.2100,43.5,68.0,0.370,0,0,0,0,,,,,1074,630,,,,,ZFR___SLC3A2_unrelaxed_rank_003_alphafold2_multimer_v3_model_5_seed_000.pdb
ZFR___SLC3A2,4,4,A,B,0.0000,0.0,0.0,0.0000,0.3360,0.0000,0.0000,0.0,0.0,0.1900,42.3,67.8,0.370,0,0,0,0,,,,,1074,630,,,,,ZFR___SLC3A2_unrelaxed_rank_004_alphafold2_multimer_v3_model_4_seed_000.pdb
ZFR___SLC3A2,5,2,A,B,0.0000,0.0,0.0,0.0000,0.2070,0.0000,0.0000,0.0,0.0,0.1800,45.5,69.1,0.380,0,0,0,0,,,,,1074,630,,,,,ZFR___SLC3A2_unrelaxed_rank_005_alphafold2_multimer_v3_model_2_seed_000.pdb
ZFR___STIP1,1,5,A,B,0.0000,0.0,0.0,0.0000,0.4049,0.0000,0.0000,0.0,0.0,0.2000,44.0,77.7,0.330,0,0,0,0,,,,,1074,543,,,,,ZFR___STIP1_unrelaxed_rank_001_alphafold2_multimer_v3_model_5_seed_000.pdb
ZFR___STIP1,2,1,A,B,0.0000,0.0,0.0,0.0000,0.1637,0.0000,0.0000,0.0,0.0,0.1800,45.9,77.9,0.320,0,0,0,0,,,,,1074,543,,,,,ZFR___STIP1_unrelaxed_rank_002_alphafold2_multimer_v3_model_1_seed_000.pdb
ZFR___STIP1,3,2,A,B,0.0000,0.0,0.0,0.0000,0.1780,0.0000,0.0000,0.0,0.0,0.1700,45.3,79.3,0.320,0,0,0,0,,,,,1074,543,,,,,ZFR___STIP1_unrelaxed_rank_003_alphafold2_multimer_v3_model_2_seed_000.pdb
ZFR___STIP1,4,3,A,B,0.0000,0.0,0.0,0.0000,0.2642,0.0000,0.0000,0.0,0.0,0.1700,43.9,78.2,0.320,0,0,0,0,,,,,1074,543,,,,,ZFR___STIP1_unrelaxed_rank_004_alphafold2_multimer_v3_model_3_seed_000.pdb
ZFR___STIP1,5,4,A,B,0.0000,0.0,0.0,0.0000,0.1546,0.0000,0.0000,0.0,0.0,0.1600,42.6,75.5,0.310,0,0,0,0,,,,,1074,543,,,,,ZFR___STIP1_unrelaxed_rank_005_alphafold2_multimer_v3_model_4_seed_000.pdb
ZNF503___DDX17,1,1,A,B,0.2678,724.6,194.0,0.1017,0.8228,0.2091,0.3430,6731.0,78.0,0.3800,21.2,59.8,0.380,24,260,14,19,61.9,91.0,62.1,86.2,646,729,[52-75],"[117-161,166-380]","[53,55-58,61-63,68,70-72,74-75]","[129-131,179,181,234-241,270-272,274,293-294]",ZNF503___DDX17_unrelaxed_rank_001_alphafold2_multimer_v3_model_1_seed_000.pdb
ZNF503___DDX17,2,4,A,B,0.0091,7.2,0.1,0.0113,0.4670,0.0198,0.0042,52.0,1.0,0.2700,18.5,59.7,0.400,7,37,1,1,41.8,92.8,48.1,77.9,646,729,"[67,70-75]","[134,179-181,197,212,214,225-235,237,246,249,251,257,260,263,266,274-275,279,290,297-300,321,338,354]",[71],[237],ZNF503___DDX17_unrelaxed_rank_002_alphafold2_multimer_v3_model_4_seed_000.pdb
ZNF503___DDX17,3,2,A,B,0.0220,4.9,0.1,0.0000,0.5319,0.0155,0.0312,12.0,2.0,0.2300,18.4,62.9,0.410,3,10,2,2,39.4,92.2,38.4,92.1,646,729,"[113,116-117]","[392-393,396,401,405,421,489,500,516-517]","[113,116]","[393,517]",ZNF503___DDX17_unrelaxed_rank_003_alphafold2_multimer_v3_model_2_seed_000.pdb
ZNF503___DDX17,4,5,A,B,0.0000,0.0,0.0,0.0000,0.3374,0.0000,0.0000,0.0,0.0,0.2200,18.3,60.9,0.380,0,0,0,0,,,,,646,729,,,,,ZNF503___DDX17_unrelaxed_rank_004_alphafold2_multimer_v3_model_5_seed_000.pdb
ZNF503___DDX17,5,3,A,B,0.0000,0.0,0.0,0.0000,0.3007,0.0000,0.0000,0.0,0.0,0.2100,18.4,61.1,0.410,0,0,0,0,,,,,646,729,,,,,ZNF503___DDX17_unrelaxed_rank_005_alphafold2_multimer_v3_model_3_seed_000.pdb
ZNF503___FAM50A,1,3,A,B,0.0000,0.0,0.0,0.0000,0.2188,0.0000,0.0000,0.0,0.0,0.1700,22.0,64.8,0.260,0,0,0,0,,,,,646,339,,,,,ZNF503___FAM50A_unrelaxed_rank_001_alphafold2_multimer_v3_model_3_seed_000.pdb
ZNF503___FAM50A,2,4,A,B,0.0000,0.0,0.0,0.0000,0.2262,0.0000,0.0000,0.0,0.0,0.1600,21.5,62.3,0.270,0,0,0,0,,,,,646,339,,,,,ZNF503___FAM50A_unrelaxed_rank_002_alphafold2_multimer_v3_model_4_seed_000.pdb
ZNF503___FAM50A,3,1,A,B,0.0000,0.0,0.0,0.0000,0.1293,0.0000,0.0000,0.0,0.0,0.1300,24.0,69.2,0.260,0,0,0,0,,,,,646,339,,,,,ZNF503___FAM50A_unrelaxed_rank_003_alphafold2_multimer_v3_model_1_seed_000.pdb
ZNF503___FAM50A,4,5,A,B,0.0000,0.0,0.0,0.0000,0.1245,0.0000,0.0000,0.0,0.0,0.1300,22.3,65.9,0.260,0,0,0,0,,,,,646,339,,,,,ZNF503___FAM50A_unrelaxed_rank_004_alphafold2_multimer_v3_model_5_seed_000.pdb
ZNF503___FAM50A,5,2,A,B,0.0000,0.0,0.0,0.0000,0.0000,0.0000,0.0000,0.0,0.0,0.1300,22.5,69.4,0.260,0,0,0,0,,,,,646,339,,,,,ZNF503___FAM50A_unrelaxed_rank_005_alphafold2_multimer_v3_model_2_seed_000.pdb
