name,rank,model,chain_i,chain_j,iLIS,iLIA,iLISA,ipSAE,actifpTM,LIS,cLIS,LIA,cLIA,ipTM,pLDDT_i,pLDDT_j,pTM,LIR_i,LIR_j,cLIR_i,cLIR_j,LIpLDDT_i,LIpLDDT_j,cLIpLDDT_i,cLIpLDDT_j,len_i,len_j,LIR_indices_i,LIR_indices_j,cLIR_indices_i,cLIR_indices_j,structure_file
AGAP3___LUC7L2,1,4,A,B,0.0519,36.5,1.9,0.0146,0.5205,0.0446,0.0604,148.0,9.0,0.3600,59.1,53.8,0.330,29,37,4,5,78.5,76.4,64.6,73.7,875,392,"[365-368,370-374,376,389-393,399-410,412,596]","[27,29-31,33-41,43,45-49,51,61-75,84,86]","[365,367,408-409]","[62,65-67,69]",AGAP3___LUC7L2_unrelaxed_rank_001_alphafold2_multimer_v3_model_4_seed_000.pdb
AGAP3___LUC7L2,2,3,A,B,0.0185,27.9,0.5,0.0000,0.5053,0.0179,0.0192,195.0,4.0,0.2500,61.1,57.0,0.330,88,15,2,4,91.5,53.4,81.5,51.1,875,392,"[640-654,658-665,667-678,680-681,689-690,692-693,695,700-702,704-708,721-731,733,735-739,752-754,756-758,763,789-790,793,799-800,803,806-807,822-823,826,833,835,837]","[7-8,10-12,14-23]","[669,673]","[15,18-19,23]",AGAP3___LUC7L2_unrelaxed_rank_002_alphafold2_multimer_v3_model_3_seed_000.pdb
AGAP3___LUC7L2,3,5,A,B,0.0243,65.3,1.6,0.0135,0.5049,0.0238,0.0248,427.0,10.0,0.2400,60.4,56.2,0.330,132,18,4,8,91.7,50.9,82.7,52.1,875,392,"[634,637-639,641-644,646-687,689-696,699-702,704-708,724-740,749,752-759,761-770,789-795,799-807,813,816,822-826,828,833-834,836-837,840]","[4,7-23]","[669,673,677,680]","[8,11,15-16,18-20,22]",AGAP3___LUC7L2_unrelaxed_rank_003_alphafold2_multimer_v3_model_5_seed_000.pdb
AGAP3___LUC7L2,4,1,A,B,0.0000,0.0,0.0,0.0000,0.3998,0.0000,0.0000,0.0,0.0,0.2100,58.4,49.4,0.310,0,0,0,0,,,,,875,392,,,,,AGAP3___LUC7L2_unrelaxed_rank_004_alphafold2_multimer_v3_model_1_seed_000.pdb
AGAP3___LUC7L2,5,2,A,B,0.0000,0.0,0.0,0.0000,0.1627,0.0000,0.0000,0.0,0.0,0.1600,60.5,51.6,0.290,0,0,0,0,,,,,875,392,,,,,AGAP3___LUC7L2_unrelaxed_rank_005_alphafold2_multimer_v3_model_2_seed_000.pdb
ANP32A___CCNT1,1,4,A,B,0.5600,2052.3,1149.4,0.6570,0.9666,0.4462,0.7029,73897.0,57.0,0.6400,67.6,45.2,0.470,166,258,21,16,92.0,90.9,84.5,90.5,249,726,[1-166],[5-262],"[23,25-26,50-51,73,96,119,121-122,126-127,146-148,152,154,157,159-160,163]","[51,53,96,98-101,103,117-118,120-122,130-131,134]",ANP32A___CCNT1_unrelaxed_rank_001_alphafold2_multimer_v3_model_4_seed_000.pdb
ANP32A___CCNT1,2,2,A,B,0.0000,0.0,0.0,0.0000,0.2270,0.0000,0.0000,0.0,0.0,0.1900,62.9,44.9,0.380,0,0,0,0,,,,,249,726,,,,,ANP32A___CCNT1_unrelaxed_rank_002_alphafold2_multimer_v3_model_2_seed_000.pdb
ANP32A___CCNT1,3,1,A,B,0.0000,0.0,0.0,0.0000,0.2347,0.0000,0.0000,0.0,0.0,0.1900,61.4,43.4,0.370,0,0,0,0,,,,,249,726,,,,,ANP32A___CCNT1_unrelaxed_rank_003_alphafold2_multimer_v3_model_1_seed_000.pdb
ANP32A___CCNT1,4,5,A,B,0.0000,0.0,0.0,0.0000,0.1813,0.0000,0.0000,0.0,0.0,0.1800,63.3,44.3,0.360,0,0,0,0,,,,,249,726,,,,,ANP32A___CCNT1_unrelaxed_rank_004_alphafold2_multimer_v3_model_5_seed_000.pdb
ANP32A___CCNT1,5,3,A,B,0.0000,0.0,0.0,0.0000,0.1963,0.0000,0.0000,0.0,0.0,0.1800,62.4,44.6,0.370,0,0,0,0,,,,,249,726,,,,,ANP32A___CCNT1_unrelaxed_rank_005_alphafold2_multimer_v3_model_3_seed_000.pdb
ATP5PD___FUBP3,1,2,A,B,0.0000,0.0,0.0,0.0000,0.1278,0.0000,0.0000,0.0,0.0,0.1400,56.6,48.3,0.190,0,0,0,0,,,,,161,572,,,,,ATP5PD___FUBP3_unrelaxed_rank_001_alphafold2_multimer_v3_model_2_seed_000.pdb
ATP5PD___FUBP3,2,5,A,B,0.0000,0.0,0.0,0.0000,0.1087,0.0000,0.0000,0.0,0.0,0.1200,64.9,49.0,0.210,0,0,0,0,,,,,161,572,,,,,ATP5PD___FUBP3_unrelaxed_rank_002_alphafold2_multimer_v3_model_5_seed_000.pdb
ATP5PD___FUBP3,3,3,A,B,0.0000,0.0,0.0,0.0000,0.1186,0.0000,0.0000,0.0,0.0,0.1200,67.3,46.2,0.220,0,0,0,0,,,,,161,572,,,,,ATP5PD___FUBP3_unrelaxed_rank_003_alphafold2_multimer_v3_model_3_seed_000.pdb
ATP5PD___FUBP3,4,4,A,B,0.0000,0.0,0.0,0.0000,0.1278,0.0000,0.0000,0.0,0.0,0.1200,48.5,44.7,0.200,0,0,0,0,,,,,161,572,,,,,ATP5PD___FUBP3_unrelaxed_rank_004_alphafold2_multimer_v3_model_4_seed_000.pdb
ATP5PD___FUBP3,5,1,A,B,0.0000,0.0,0.0,0.0000,0.1214,0.0000,0.0000,0.0,0.0,0.1200,48.9,47.4,0.200,0,0,0,0,,,,,161,572,,,,,ATP5PD___FUBP3_unrelaxed_rank_005_alphafold2_multimer_v3_model_1_seed_000.pdb
ATP5PD___RBM33,1,3,A,B,0.0000,0.0,0.0,0.0000,0.2421,0.0000,0.0000,0.0,0.0,0.2000,72.6,25.4,0.220,0,0,0,0,,,,,161,1170,,,,,ATP5PD___RBM33_unrelaxed_rank_001_alphafold2_multimer_v3_model_3_seed_000.pdb
ATP5PD___RBM33,2,1,A,B,0.0000,0.0,0.0,0.0000,0.2131,0.0000,0.0000,0.0,0.0,0.1900,73.4,23.2,0.210,0,0,0,0,,,,,161,1170,,,,,ATP5PD___RBM33_unrelaxed_rank_002_alphafold2_multimer_v3_model_1_seed_000.pdb
ATP5PD___RBM33,3,5,A,B,0.0000,0.0,0.0,0.0000,0.1937,0.0000,0.0000,0.0,0.0,0.1800,75.8,25.3,0.210,0,0,0,0,,,,,161,1170,,,,,ATP5PD___RBM33_unrelaxed_rank_003_alphafold2_multimer_v3_model_5_seed_000.pdb
ATP5PD___RBM33,4,4,A,B,0.0000,0.0,0.0,0.0000,0.2571,0.0000,0.0000,0.0,0.0,0.1800,70.8,22.6,0.210,0,0,0,0,,,,,161,1170,,,,,ATP5PD___RBM33_unrelaxed_rank_004_alphafold2_multimer_v3_model_4_seed_000.pdb
ATP5PD___RBM33,5,2,A,B,0.0000,0.0,0.0,0.0000,0.0000,0.0000,0.0000,0.0,0.0,0.1600,76.5,24.5,0.210,0,0,0,0,,,,,161,1170,,,,,ATP5PD___RBM33_unrelaxed_rank_005_alphafold2_multimer_v3_model_2_seed_000.pdb
ATP5PD___SMAP,1,5,A,B,0.1558,230.2,35.9,0.0145,0.4177,0.1279,0.1898,757.0,70.0,0.1900,42.0,27.4,0.190,31,27,15,13,47.0,47.9,46.2,48.7,161,183,[49-79],[70-96],"[49-50,52,57,60-63,66-67,70,73-74,77,79]","[72-73,76-77,80-81,83-84,87-88,90-92]",ATP5PD___SMAP_unrelaxed_rank_001_alphafold2_multimer_v3_model_5_seed_000.pdb
ATP5PD___SMAP,2,3,A,B,0.0000,0.0,0.0,0.0000,0.1425,0.0000,0.0000,0.0,0.0,0.1200,44.8,25.6,0.190,0,0,0,0,,,,,161,183,,,,,ATP5PD___SMAP_unrelaxed_rank_002_alphafold2_multimer_v3_model_3_seed_000.pdb
ATP5PD___SMAP,3,4,A,B,0.0000,0.0,0.0,0.0000,0.0825,0.0000,0.0000,0.0,0.0,0.1000,35.8,25.8,0.160,0,0,0,0,,,,,161,183,,,,,ATP5PD___SMAP_unrelaxed_rank_003_alphafold2_multimer_v3_model_4_seed_000.pdb
ATP5PD___SMAP,4,1,A,B,0.0000,0.0,0.0,0.0000,0.0790,0.0000,0.0000,0.0,0.0,0.0800,39.4,25.9,0.140,0,0,0,0,,,,,161,183,,,,,ATP5PD___SMAP_unrelaxed_rank_004_alphafold2_multimer_v3_model_1_seed_000.pdb
ATP5PD___SMAP,5,2,A,B,0.0000,0.0,0.0,0.0000,0.0783,0.0000,0.0000,0.0,0.0,0.0700,46.8,27.4,0.170,0,0,0,0,,,,,161,183,,,,,ATP5PD___SMAP_unrelaxed_rank_005_alphafold2_multimer_v3_model_2_seed_000.pdb
ATXN2L___PRDX1,1,4,A,B,0.0000,0.0,0.0,0.0000,0.1295,0.0000,0.0000,0.0,0.0,0.1800,25.2,87.7,0.250,0,0,0,0,,,,,1075,199,,,,,ATXN2L___PRDX1_unrelaxed_rank_001_alphafold2_multimer_v3_model_4_seed_000.pdb
ATXN2L___PRDX1,2,3,A,B,0.0000,0.0,0.0,0.0000,0.1513,0.0000,0.0000,0.0,0.0,0.1700,25.5,91.5,0.270,0,0,0,0,,,,,1075,199,,,,,ATXN2L___PRDX1_unrelaxed_rank_002_alphafold2_multimer_v3_model_3_seed_000.pdb
ATXN2L___PRDX1,3,1,A,B,0.0000,0.0,0.0,0.0000,0.1432,0.0000,0.0000,0.0,0.0,0.1600,26.9,89.5,0.270,0,0,0,0,,,,,1075,199,,,,,ATXN2L___PRDX1_unrelaxed_rank_003_alphafold2_multimer_v3_model_1_seed_000.pdb
ATXN2L___PRDX1,4,5,A,B,0.0000,0.0,0.0,0.0000,0.1480,0.0000,0.0000,0.0,0.0,0.1500,26.9,91.6,0.270,0,0,0,0,,,,,1075,199,,,,,ATXN2L___PRDX1_unrelaxed_rank_004_alphafold2_multimer_v3_model_5_seed_000.pdb
ATXN2L___PRDX1,5,2,A,B,0.0000,0.0,0.0,0.0000,0.1396,0.0000,0.0000,0.0,0.0,0.1500,25.9,91.7,0.260,0,0,0,0,,,,,1075,199,,,,,ATXN2L___PRDX1_unrelaxed_rank_005_alphafold2_multimer_v3_model_2_seed_000.pdb
ATXN2L___ZBTB33,1,2,A,B,0.0822,96.7,7.9,0.0167,0.7059,0.0633,0.1067,334.0,28.0,0.2100,23.6,40.8,0.230,67,14,10,6,78.2,60.0,80.5,59.9,1075,672,"[117-120,122-123,125-141,143-166,177-196]","[416-417,431-437,441-445]","[139,143,145,180,182-186,189]",[432-437],ATXN2L___ZBTB33_unrelaxed_rank_001_alphafold2_multimer_v3_model_2_seed_000.pdb
ATXN2L___ZBTB33,2,1,A,B,0.0000,0.0,0.0,0.0000,0.3516,0.0000,0.0000,0.0,0.0,0.2000,23.0,38.6,0.250,0,0,0,0,,,,,1075,672,,,,,ATXN2L___ZBTB33_unrelaxed_rank_002_alphafold2_multimer_v3_model_1_seed_000.pdb
ATXN2L___ZBTB33,3,4,A,B,0.0495,7.7,0.4,0.0000,0.6040,0.0377,0.0650,20.0,3.0,0.1900,23.0,39.7,0.230,13,5,2,2,74.3,34.1,80.3,34.5,1075,672,"[124-125,128,143,155,181-182,189,191,193-196]",[196-200],"[193,195]","[197,199]",ATXN2L___ZBTB33_unrelaxed_rank_003_alphafold2_multimer_v3_model_4_seed_000.pdb
ATXN2L___ZBTB33,4,3,A,B,0.0000,0.0,0.0,0.0000,0.2133,0.0000,0.0000,0.0,0.0,0.1800,23.6,37.8,0.220,0,0,0,0,,,,,1075,672,,,,,ATXN2L___ZBTB33_unrelaxed_rank_004_alphafold2_multimer_v3_model_3_seed_000.pdb
ATXN2L___ZBTB33,5,5,A,B,0.0000,0.0,0.0,0.0000,0.1677,0.0000,0.0000,0.0,0.0,0.1700,24.1,39.5,0.220,0,0,0,0,,,,,1075,672,,,,,ATXN2L___ZBTB33_unrelaxed_rank_005_alphafold2_multimer_v3_model_5_seed_000.pdb
CCAR2___ANP32A,1,4,A,B,0.0000,0.0,0.0,0.0000,0.3599,0.0050,0.0000,1.0,0.0,0.2800,55.9,60.7,0.450,1,1,0,0,94.0,86.3,,,923,249,[712],[149],,,CCAR2___ANP32A_unrelaxed_rank_001_alphafold2_multimer_v3_model_4_seed_000.pdb
CCAR2___ANP32A,2,1,A,B,0.0000,0.0,0.0,0.0000,0.2357,0.0000,0.0000,0.0,0.0,0.2200,56.4,59.9,0.450,0,0,0,0,,,,,923,249,,,,,CCAR2___ANP32A_unrelaxed_rank_002_alphafold2_multimer_v3_model_1_seed_000.pdb
CCAR2___ANP32A,3,3,A,B,0.0000,0.0,0.0,0.0000,0.2163,0.0000,0.0000,0.0,0.0,0.2000,57.3,61.2,0.450,0,0,0,0,,,,,923,249,,,,,CCAR2___ANP32A_unrelaxed_rank_003_alphafold2_multimer_v3_model_3_seed_000.pdb
CCAR2___ANP32A,4,5,A,B,0.0000,0.0,0.0,0.0000,0.1980,0.0000,0.0000,0.0,0.0,0.1900,57.7,62.4,0.460,0,0,0,0,,,,,923,249,,,,,CCAR2___ANP32A_unrelaxed_rank_004_alphafold2_multimer_v3_model_5_seed_000.pdb
CCAR2___ANP32A,5,2,A,B,0.0000,0.0,0.0,0.0000,0.1633,0.0000,0.0000,0.0,0.0,0.1800,58.5,62.4,0.460,0,0,0,0,,,,,923,249,,,,,CCAR2___ANP32A_unrelaxed_rank_005_alphafold2_multimer_v3_model_2_seed_000.pdb
CCAR2___CSTB,1,4,A,B,0.0000,0.0,0.0,0.0000,0.1911,0.0000,0.0000,0.0,0.0,0.2200,55.9,74.7,0.460,0,0,0,0,,,,,923,98,,,,,CCAR2___CSTB_unrelaxed_rank_001_alphafold2_multimer_v3_model_4_seed_000.pdb
CCAR2___CSTB,2,3,A,B,0.0000,0.0,0.0,0.0000,0.1739,0.0000,0.0000,0.0,0.0,0.2100,57.8,72.3,0.480,0,0,0,0,,,,,923,98,,,,,CCAR2___CSTB_unrelaxed_rank_002_alphafold2_multimer_v3_model_3_seed_000.pdb
CCAR2___CSTB,3,5,A,B,0.0000,0.0,0.0,0.0000,0.1541,0.0000,0.0000,0.0,0.0,0.1600,57.3,78.0,0.470,0,0,0,0,,,,,923,98,,,,,CCAR2___CSTB_unrelaxed_rank_003_alphafold2_multimer_v3_model_5_seed_000.pdb
CCAR2___CSTB,4,2,A,B,0.0000,0.0,0.0,0.0000,0.1396,0.0000,0.0000,0.0,0.0,0.1600,58.9,78.0,0.490,0,0,0,0,,,,,923,98,,,,,CCAR2___CSTB_unrelaxed_rank_004_alphafold2_multimer_v3_model_2_seed_000.pdb
CCAR2___CSTB,5,1,A,B,0.0000,0.0,0.0,0.0000,0.1376,0.0000,0.0000,0.0,0.0,0.1500,57.6,74.9,0.460,0,0,0,0,,,,,923,98,,,,,CCAR2___CSTB_unrelaxed_rank_005_alphafold2_multimer_v3_model_1_seed_000.pdb
CCAR2___FUS,1,2,A,B,0.0000,0.0,0.0,0.0000,0.1723,0.0000,0.0000,0.0,0.0,0.1800,60.0,29.1,0.420,0,0,0,0,,,,,923,526,,,,,CCAR2___FUS_unrelaxed_rank_001_alphafold2_multimer_v3_model_2_seed_000.pdb
CCAR2___FUS,2,5,A,B,0.0000,0.0,0.0,0.0000,0.1853,0.0000,0.0000,0.0,0.0,0.1700,59.5,28.8,0.410,0,0,0,0,,,,,923,526,,,,,CCAR2___FUS_unrelaxed_rank_002_alphafold2_multimer_v3_model_5_seed_000.pdb
CCAR2___FUS,3,4,A,B,0.0000,0.0,0.0,0.0000,0.2123,0.0000,0.0000,0.0,0.0,0.1700,58.2,28.2,0.410,0,0,0,0,,,,,923,526,,,,,CCAR2___FUS_unrelaxed_rank_003_alphafold2_multimer_v3_model_4_seed_000.pdb
CCAR2___FUS,4,3,A,B,0.0000,0.0,0.0,0.0000,0.1972,0.0000,0.0000,0.0,0.0,0.1700,58.4,27.9,0.410,0,0,0,0,,,,,923,526,,,,,CCAR2___FUS_unrelaxed_rank_004_alphafold2_multimer_v3_model_3_seed_000.pdb
CCAR2___FUS,5,1,A,B,0.0000,0.0,0.0,0.0000,0.1814,0.0000,0.0000,0.0,0.0,0.1700,58.4,27.7,0.400,0,0,0,0,,,,,923,526,,,,,CCAR2___FUS_unrelaxed_rank_005_alphafold2_multimer_v3_model_1_seed_000.pdb
CCNT1___LUC7L2,1,1,A,B,0.0000,0.0,0.0,0.0000,0.2612,0.0000,0.0000,0.0,0.0,0.2000,43.4,57.4,0.350,0,0,0,0,,,,,726,392,,,,,CCNT1___LUC7L2_unrelaxed_rank_001_alphafold2_multimer_v3_model_1_seed_000.pdb
CCNT1___LUC7L2,2,3,A,B,0.0000,0.0,0.0,0.0000,0.2388,0.0000,0.0000,0.0,0.0,0.1700,43.2,56.5,0.330,0,0,0,0,,,,,726,392,,,,,CCNT1___LUC7L2_unrelaxed_rank_002_alphafold2_multimer_v3_model_3_seed_000.pdb
CCNT1___LUC7L2,3,2,A,B,0.0000,0.0,0.0,0.0000,0.1924,0.0000,0.0000,0.0,0.0,0.1700,45.0,59.4,0.350,0,0,0,0,,,,,726,392,,,,,CCNT1___LUC7L2_unrelaxed_rank_003_alphafold2_multimer_v3_model_2_seed_000.pdb
CCNT1___LUC7L2,4,4,A,B,0.0000,0.0,0.0,0.0000,0.1742,0.0000,0.0000,0.0,0.0,0.1600,41.9,57.0,0.320,0,0,0,0,,,,,726,392,,,,,CCNT1___LUC7L2_unrelaxed_rank_004_alphafold2_multimer_v3_model_4_seed_000.pdb
CCNT1___LUC7L2,5,5,A,B,0.0000,0.0,0.0,0.0000,0.1375,0.0000,0.0000,0.0,0.0,0.1400,43.8,58.5,0.330,0,0,0,0,,,,,726,392,,,,,CCNT1___LUC7L2_unrelaxed_rank_005_alphafold2_multimer_v3_model_5_seed_000.pdb
CCNT1___PPP1R10,1,3,A,B,0.0000,0.0,0.0,0.0000,0.2917,0.0000,0.0000,0.0,0.0,0.2000,42.8,30.9,0.300,0,0,0,0,,,,,726,940,,,,,CCNT1___PPP1R10_unrelaxed_rank_001_alphafold2_multimer_v3_model_3_seed_000.pdb
CCNT1___PPP1R10,2,1,A,B,0.0000,0.0,0.0,0.0000,0.3205,0.0000,0.0000,0.0,0.0,0.2000,43.2,30.8,0.300,0,0,0,0,,,,,726,940,,,,,CCNT1___PPP1R10_unrelaxed_rank_002_alphafold2_multimer_v3_model_1_seed_000.pdb
CCNT1___PPP1R10,3,2,A,B,0.0000,0.0,0.0,0.0000,0.2978,0.0000,0.0000,0.0,0.0,0.2000,45.7,32.2,0.300,0,0,0,0,,,,,726,940,,,,,CCNT1___PPP1R10_unrelaxed_rank_003_alphafold2_multimer_v3_model_2_seed_000.pdb
CCNT1___PPP1R10,4,4,A,B,0.0000,0.0,0.0,0.0000,0.2399,0.0000,0.0000,0.0,0.0,0.1900,42.0,31.6,0.290,0,0,0,0,,,,,726,940,,,,,CCNT1___PPP1R10_unrelaxed_rank_004_alphafold2_multimer_v3_model_4_seed_000.pdb
CCNT1___PPP1R10,5,5,A,B,0.0000,0.0,0.0,0.0000,0.2967,0.0000,0.0000,0.0,0.0,0.1800,43.5,31.0,0.290,0,0,0,0,,,,,726,940,,,,,CCNT1___PPP1R10_unrelaxed_rank_005_alphafold2_multimer_v3_model_5_seed_000.pdb
CDC37___PTBP1,1,3,A,B,0.0000,0.0,0.0,0.0000,0.1949,0.0000,0.0000,0.0,0.0,0.1400,64.8,61.2,0.290,0,0,0,0,,,,,378,557,,,,,CDC37___PTBP1_unrelaxed_rank_001_alphafold2_multimer_v3_model_3_seed_000.pdb
CDC37___PTBP1,2,2,A,B,0.0000,0.0,0.0,0.0000,0.1370,0.0000,0.0000,0.0,0.0,0.1400,65.9,64.0,0.300,0,0,0,0,,,,,378,557,,,,,CDC37___PTBP1_unrelaxed_rank_002_alphafold2_multimer_v3_model_2_seed_000.pdb
CDC37___PTBP1,3,1,A,B,0.0000,0.0,0.0,0.0000,0.1308,0.0000,0.0000,0.0,0.0,0.1300,64.3,60.5,0.300,0,0,0,0,,,,,378,557,,,,,CDC37___PTBP1_unrelaxed_rank_003_alphafold2_multimer_v3_model_1_seed_000.pdb
CDC37___PTBP1,4,5,A,B,0.0000,0.0,0.0,0.0000,0.1475,0.0000,0.0000,0.0,0.0,0.1300,64.1,63.2,0.300,0,0,0,0,,,,,378,557,,,,,CDC37___PTBP1_unrelaxed_rank_004_alphafold2_multimer_v3_model_5_seed_000.pdb
CDC37___PTBP1,5,4,A,B,0.0000,0.0,0.0,0.0000,0.1284,0.0000,0.0000,0.0,0.0,0.1200,65.0,62.0,0.290,0,0,0,0,,,,,378,557,,,,,CDC37___PTBP1_unrelaxed_rank_005_alphafold2_multimer_v3_model_4_seed_000.pdb
CDC37___RBM33,1,4,A,B,0.0398,2.8,0.1,0.0000,0.5581,0.0301,0.0525,4.0,2.0,0.2700,66.4,22.3,0.270,4,2,2,2,69.8,40.8,70.8,40.8,378,1170,"[295,313,341,343]",[245-246],"[313,341]",[245-246],CDC37___RBM33_unrelaxed_rank_001_alphafold2_multimer_v3_model_4_seed_000.pdb
CDC37___RBM33,2,2,A,B,0.0000,0.0,0.0,0.0000,0.3226,0.0000,0.0000,0.0,0.0,0.2500,70.7,22.4,0.270,0,0,0,0,,,,,378,1170,,,,,CDC37___RBM33_unrelaxed_rank_002_alphafold2_multimer_v3_model_2_seed_000.pdb
CDC37___RBM33,3,3,A,B,0.0000,0.0,0.0,0.0000,0.3551,0.0000,0.0000,0.0,0.0,0.2300,65.6,23.2,0.260,0,0,0,0,,,,,378,1170,,,,,CDC37___RBM33_unrelaxed_rank_003_alphafold2_multimer_v3_model_3_seed_000.pdb
CDC37___RBM33,4,1,A,B,0.0000,0.0,0.0,0.0000,0.3347,0.0000,0.0000,0.0,0.0,0.2100,68.8,21.6,0.260,0,0,0,0,,,,,378,1170,,,,,CDC37___RBM33_unrelaxed_rank_004_alphafold2_multimer_v3_model_1_seed_000.pdb
CDC37___RBM33,5,5,A,B,0.0000,0.0,0.0,0.0000,0.1857,0.0000,0.0000,0.0,0.0,0.1800,70.3,22.7,0.260,0,0,0,0,,,,,378,1170,,,,,CDC37___RBM33_unrelaxed_rank_005_alphafold2_multimer_v3_model_5_seed_000.pdb
CDK4___CDC37,1,5,A,B,0.0000,0.0,0.0,0.0000,0.2560,0.0000,0.0000,0.0,0.0,0.2400,72.9,60.4,0.450,0,0,0,0,,,,,303,378,,,,,CDK4___CDC37_unrelaxed_rank_001_alphafold2_multimer_v3_model_5_seed_000.pdb
CDK4___CDC37,2,1,A,B,0.0000,0.0,0.0,0.0000,0.1909,0.0000,0.0000,0.0,0.0,0.1500,72.4,60.0,0.440,0,0,0,0,,,,,303,378,,,,,CDK4___CDC37_unrelaxed_rank_002_alphafold2_multimer_v3_model_1_seed_000.pdb
CDK4___CDC37,3,4,A,B,0.0000,0.0,0.0,0.0000,0.1270,0.0000,0.0000,0.0,0.0,0.1400,72.1,60.0,0.430,0,0,0,0,,,,,303,378,,,,,CDK4___CDC37_unrelaxed_rank_003_alphafold2_multimer_v3_model_4_seed_000.pdb
CDK4___CDC37,4,3,A,B,0.0000,0.0,0.0,0.0000,0.1740,0.0000,0.0000,0.0,0.0,0.1400,71.8,59.3,0.430,0,0,0,0,,,,,303,378,,,,,CDK4___CDC37_unrelaxed_rank_004_alphafold2_multimer_v3_model_3_seed_000.pdb
CDK4___CDC37,5,2,A,B,0.0000,0.0,0.0,0.0000,0.1302,0.0000,0.0000,0.0,0.0,0.1400,72.6,63.7,0.430,0,0,0,0,,,,,303,378,,,,,CDK4___CDC37_unrelaxed_rank_005_alphafold2_multimer_v3_model_2_seed_000.pdb
CDK4___GFP,1,5,A,B,0.0000,0.0,0.0,0.0000,0.2213,0.0125,0.0000,59.0,0.0,0.2600,76.2,85.5,0.570,4,44,0,0,91.0,87.0,,,303,238,"[181-182,198-199]","[14,22,27,29,36,40-41,43,45,48,61,73,76,81,83-85,97,99,123,125,152,154,161-162,164,169,171,177,179-180,197-199,206-209,217-221,223]",,,CDK4___GFP_unrelaxed_rank_001_alphafold2_multimer_v3_model_5_seed_000.pdb
CDK4___GFP,2,1,A,B,0.0000,0.0,0.0,0.0000,0.1569,0.0000,0.0000,0.0,0.0,0.1900,76.0,85.3,0.540,0,0,0,0,,,,,303,238,,,,,CDK4___GFP_unrelaxed_rank_002_alphafold2_multimer_v3_model_1_seed_000.pdb
CDK4___GFP,3,3,A,B,0.0000,0.0,0.0,0.0000,0.1463,0.0000,0.0000,0.0,0.0,0.1900,77.4,87.0,0.550,0,0,0,0,,,,,303,238,,,,,CDK4___GFP_unrelaxed_rank_003_alphafold2_multimer_v3_model_3_seed_000.pdb
CDK4___GFP,4,4,A,B,0.0000,0.0,0.0,0.0000,0.1648,0.0000,0.0000,0.0,0.0,0.1600,76.6,85.4,0.540,0,0,0,0,,,,,303,238,,,,,CDK4___GFP_unrelaxed_rank_004_alphafold2_multimer_v3_model_4_seed_000.pdb
CDK4___GFP,5,2,A,B,0.0000,0.0,0.0,0.0000,0.1147,0.0000,0.0000,0.0,0.0,0.1700,74.4,85.3,0.510,0,0,0,0,,,,,303,238,,,,,CDK4___GFP_unrelaxed_rank_005_alphafold2_multimer_v3_model_2_seed_000.pdb
CHERP___PTBP1,1,5,A,B,0.0498,11.6,0.6,0.0115,0.5384,0.0487,0.0511,15.0,9.0,0.2300,46.1,65.4,0.290,5,5,5,2,49.9,75.9,49.9,67.0,916,557,[678-682],"[188,244,246-248]",[678-682],[247-248],CHERP___PTBP1_unrelaxed_rank_001_alphafold2_multimer_v3_model_5_seed_000.pdb
CHERP___PTBP1,2,1,A,B,0.0000,0.0,0.0,0.0000,0.2573,0.0000,0.0000,0.0,0.0,0.2100,46.1,60.9,0.300,0,0,0,0,,,,,916,557,,,,,CHERP___PTBP1_unrelaxed_rank_002_alphafold2_multimer_v3_model_1_seed_000.pdb
CHERP___PTBP1,3,4,A,B,0.0000,0.0,0.0,0.0000,0.1924,0.0000,0.0000,0.0,0.0,0.1900,46.2,62.6,0.290,0,0,0,0,,,,,916,557,,,,,CHERP___PTBP1_unrelaxed_rank_003_alphafold2_multimer_v3_model_4_seed_000.pdb
CHERP___PTBP1,4,3,A,B,0.0000,0.0,0.0,0.0000,0.2167,0.0000,0.0000,0.0,0.0,0.1800,45.6,64.1,0.290,0,0,0,0,,,,,916,557,,,,,CHERP___PTBP1_unrelaxed_rank_004_alphafold2_multimer_v3_model_3_seed_000.pdb
CHERP___PTBP1,5,2,A,B,0.0000,0.0,0.0,0.0000,0.1687,0.0000,0.0000,0.0,0.0,0.1800,47.0,65.6,0.290,0,0,0,0,,,,,916,557,,,,,CHERP___PTBP1_unrelaxed_rank_005_alphafold2_multimer_v3_model_2_seed_000.pdb
CSTB___NCL,1,4,A,B,0.0000,0.0,0.0,0.0000,0.1655,0.0000,0.0000,0.0,0.0,0.2100,76.9,44.7,0.250,0,0,0,0,,,,,98,710,,,,,CSTB___NCL_unrelaxed_rank_001_alphafold2_multimer_v3_model_4_seed_000.pdb
CSTB___NCL,2,3,A,B,0.0000,0.0,0.0,0.0000,0.1326,0.0000,0.0000,0.0,0.0,0.1800,63.1,45.8,0.240,0,0,0,0,,,,,98,710,,,,,CSTB___NCL_unrelaxed_rank_002_alphafold2_multimer_v3_model_3_seed_000.pdb
CSTB___NCL,3,1,A,B,0.0000,0.0,0.0,0.0000,0.1301,0.0000,0.0000,0.0,0.0,0.1600,77.5,46.3,0.260,0,0,0,0,,,,,98,710,,,,,CSTB___NCL_unrelaxed_rank_003_alphafold2_multimer_v3_model_1_seed_000.pdb
CSTB___NCL,4,5,A,B,0.0000,0.0,0.0,0.0000,0.1365,0.0000,0.0000,0.0,0.0,0.1600,63.9,45.1,0.250,0,0,0,0,,,,,98,710,,,,,CSTB___NCL_unrelaxed_rank_004_alphafold2_multimer_v3_model_5_seed_000.pdb
CSTB___NCL,5,2,A,B,0.0000,0.0,0.0,0.0000,0.1522,0.0000,0.0000,0.0,0.0,0.1500,60.4,44.7,0.240,0,0,0,0,,,,,98,710,,,,,CSTB___NCL_unrelaxed_rank_005_alphafold2_multimer_v3_model_2_seed_000.pdb
CSTB___ZNF503,1,2,A,B,0.0000,0.0,0.0,0.0000,0.2181,0.0000,0.0000,0.0,0.0,0.1800,92.1,23.3,0.230,0,0,0,0,,,,,98,646,,,,,CSTB___ZNF503_unrelaxed_rank_001_alphafold2_multimer_v3_model_2_seed_000.pdb
CSTB___ZNF503,2,4,A,B,0.0000,0.0,0.0,0.0000,0.1529,0.0000,0.0000,0.0,0.0,0.1700,91.1,25.9,0.220,0,0,0,0,,,,,98,646,,,,,CSTB___ZNF503_unrelaxed_rank_002_alphafold2_multimer_v3_model_4_seed_000.pdb
CSTB___ZNF503,3,3,A,B,0.0000,0.0,0.0,0.0000,0.1422,0.0000,0.0000,0.0,0.0,0.1700,89.2,26.0,0.220,0,0,0,0,,,,,98,646,,,,,CSTB___ZNF503_unrelaxed_rank_003_alphafold2_multimer_v3_model_3_seed_000.pdb
CSTB___ZNF503,4,1,A,B,0.0000,0.0,0.0,0.0000,0.1434,0.0000,0.0000,0.0,0.0,0.1500,91.2,26.6,0.230,0,0,0,0,,,,,98,646,,,,,CSTB___ZNF503_unrelaxed_rank_004_alphafold2_multimer_v3_model_1_seed_000.pdb
CSTB___ZNF503,5,5,A,B,0.0000,0.0,0.0,0.0000,0.1422,0.0000,0.0000,0.0,0.0,0.1500,91.0,25.1,0.220,0,0,0,0,,,,,98,646,,,,,CSTB___ZNF503_unrelaxed_rank_005_alphafold2_multimer_v3_model_5_seed_000.pdb
DHX15___DNAJA1,1,1,A,B,0.0236,70.0,1.7,0.0000,0.5010,0.0204,0.0273,613.0,8.0,0.3100,77.7,64.6,0.550,179,9,7,3,88.0,35.0,76.7,36.0,795,397,"[513-515,536,538-540,542-545,547,559-561,568,570-576,578-579,581,583-589,591-592,596-598,600-621,623-633,635-637,639-670,684-700,702-703,705,708-712,716-727,729-760,766,776-777,779]",[379-387],"[602,722-724,740-742]","[381,383-384]",DHX15___DNAJA1_unrelaxed_rank_001_alphafold2_multimer_v3_model_1_seed_000.pdb
DHX15___DNAJA1,2,3,A,B,0.0116,2.0,0.0,0.0000,0.3356,0.0268,0.0050,4.0,1.0,0.2300,78.8,66.3,0.570,4,1,1,1,92.6,46.0,89.5,46.0,795,397,"[590,627,633,643]",[171],[633],[171],DHX15___DNAJA1_unrelaxed_rank_002_alphafold2_multimer_v3_model_3_seed_000.pdb
DHX15___DNAJA1,3,5,A,B,0.0000,0.0,0.0,0.0000,0.3035,0.0000,0.0000,0.0,0.0,0.2300,78.5,66.8,0.570,0,0,0,0,,,,,795,397,,,,,DHX15___DNAJA1_unrelaxed_rank_003_alphafold2_multimer_v3_model_5_seed_000.pdb
DHX15___DNAJA1,4,4,A,B,0.0000,0.0,0.0,0.0000,0.2314,0.0000,0.0000,0.0,0.0,0.1900,78.5,65.6,0.560,0,0,0,0,,,,,795,397,,,,,DHX15___DNAJA1_unrelaxed_rank_004_alphafold2_multimer_v3_model_4_seed_000.pdb
DHX15___DNAJA1,5,2,A,B,0.0000,0.0,0.0,0.0000,0.2378,0.0000,0.0000,0.0,0.0,0.1900,78.3,66.9,0.550,0,0,0,0,,,,,795,397,,,,,DHX15___DNAJA1_unrelaxed_rank_005_alphafold2_multimer_v3_model_2_seed_000.pdb
EDC3___PCCA,1,5,A,B,0.0000,0.0,0.0,0.0000,0.4393,0.0000,0.0000,0.0,0.0,0.2600,58.2,80.8,0.570,0,0,0,0,,,,,508,728,,,,,EDC3___PCCA_unrelaxed_rank_001_alphafold2_multimer_v3_model_5_seed_000.pdb
EDC3___PCCA,2,3,A,B,0.0000,0.0,0.0,0.0000,0.3177,0.0000,0.0000,0.0,0.0,0.2000,59.2,83.4,0.580,0,0,0,0,,,,,508,728,,,,,EDC3___PCCA_unrelaxed_rank_002_alphafold2_multimer_v3_model_3_seed_000.pdb
EDC3___PCCA,3,4,A,B,0.0000,0.0,0.0,0.0000,0.1786,0.0000,0.0000,0.0,0.0,0.1800,56.3,80.2,0.550,0,0,0,0,,,,,508,728,,,,,EDC3___PCCA_unrelaxed_rank_003_alphafold2_multimer_v3_model_4_seed_000.pdb
EDC3___PCCA,4,1,A,B,0.0000,0.0,0.0,0.0000,0.1724,0.0000,0.0000,0.0,0.0,0.1700,57.3,83.4,0.560,0,0,0,0,,,,,508,728,,,,,EDC3___PCCA_unrelaxed_rank_004_alphafold2_multimer_v3_model_1_seed_000.pdb
EDC3___PCCA,5,2,A,B,0.0000,0.0,0.0,0.0000,0.1623,0.0000,0.0000,0.0,0.0,0.1600,58.8,83.8,0.560,0,0,0,0,,,,,508,728,,,,,EDC3___PCCA_unrelaxed_rank_005_alphafold2_multimer_v3_model_2_seed_000.pdb
EPB41___PDK1,1,5,A,B,0.0406,238.2,9.7,0.0125,0.5602,0.0369,0.0446,1957.0,29.0,0.4300,47.2,75.5,0.400,22,275,11,20,43.1,89.4,39.4,86.8,864,436,"[660-673,677-678,682,684-686,688-689]","[47,49-50,52-54,56-64,73-95,100,102,104-124,134-166,175-202,216-245,247-257,262-291,298-320,323-335,357-402]","[660,663-664,666-671,685,689]","[106,109,146,150-151,153-155,192,196,228,235,270-272,274-275,278-279,365]",EPB41___PDK1_unrelaxed_rank_001_alphafold2_multimer_v3_model_5_seed_000.pdb
EPB41___PDK1,2,3,A,B,0.0272,58.4,1.6,0.0117,0.5121,0.0331,0.0224,341.0,10.0,0.3400,47.7,74.7,0.390,8,160,4,7,38.4,90.9,37.9,90.4,864,436,"[1-4,664,666-668]","[56,58-59,62,93,104,106-107,110,112-113,115-116,119-121,124,134-146,149,151-155,159,162,177,180,183,185-186,189-190,192-193,200-201,219-236,238-239,242,249-256,258,262-283,287-290,297,299-315,317-319,324,334,360-363,365-371,373-376,378-382,384,386-392,395-398]","[1,664,667-668]","[192,271-272,275,278,283,287]",EPB41___PDK1_unrelaxed_rank_002_alphafold2_multimer_v3_model_3_seed_000.pdb
EPB41___PDK1,3,4,A,B,0.0152,35.3,0.5,0.0000,0.4943,0.0144,0.0161,156.0,8.0,0.3200,45.7,72.9,0.390,6,88,3,6,34.5,89.0,34.1,85.5,864,436,[664-669],"[61,74,78,81-82,85,111,113,115,118-120,122,135,137-139,141,143-146,149-151,153-155,160-161,180,188-189,191,226-229,232,235-236,238-239,243,250-253,264,267,270-273,275,278-279,281,288,300-307,310,312-315,360,362,364-365,367,369-370,372-373,375-376,384,386-388,397]","[664,666,668]","[146,150,271-272,275,278]",EPB41___PDK1_unrelaxed_rank_003_alphafold2_multimer_v3_model_4_seed_000.pdb
EPB41___PDK1,4,1,A,B,0.0000,0.0,0.0,0.0000,0.3555,0.0000,0.0000,0.0,0.0,0.2500,47.0,74.5,0.390,0,0,0,0,,,,,864,436,,,,,EPB41___PDK1_unrelaxed_rank_004_alphafold2_multimer_v3_model_1_seed_000.pdb
EPB41___PDK1,5,2,A,B,0.0000,0.0,0.0,0.0000,0.2116,0.0000,0.0000,0.0,0.0,0.2100,46.8,75.9,0.390,0,0,0,0,,,,,864,436,,,,,EPB41___PDK1_unrelaxed_rank_005_alphafold2_multimer_v3_model_2_seed_000.pdb
EPB41___PRDX1,1,4,A,B,0.0000,0.0,0.0,0.0000,0.2249,0.0000,0.0000,0.0,0.0,0.2700,45.7,80.6,0.410,0,0,0,0,,,,,864,199,,,,,EPB41___PRDX1_unrelaxed_rank_001_alphafold2_multimer_v3_model_4_seed_000.pdb
EPB41___PRDX1,2,1,A,B,0.0000,0.0,0.0,0.0000,0.1791,0.0000,0.0000,0.0,0.0,0.2200,48.1,80.7,0.410,0,0,0,0,,,,,864,199,,,,,EPB41___PRDX1_unrelaxed_rank_002_alphafold2_multimer_v3_model_1_seed_000.pdb
EPB41___PRDX1,3,5,A,B,0.0000,0.0,0.0,0.0000,0.1672,0.0000,0.0000,0.0,0.0,0.2200,47.5,82.9,0.410,0,0,0,0,,,,,864,199,,,,,EPB41___PRDX1_unrelaxed_rank_003_alphafold2_multimer_v3_model_5_seed_000.pdb
EPB41___PRDX1,4,3,A,B,0.0000,0.0,0.0,0.0000,0.1606,0.0000,0.0000,0.0,0.0,0.2100,47.6,84.4,0.400,0,0,0,0,,,,,864,199,,,,,EPB41___PRDX1_unrelaxed_rank_004_alphafold2_multimer_v3_model_3_seed_000.pdb
EPB41___PRDX1,5,2,A,B,0.0000,0.0,0.0,0.0000,0.1613,0.0000,0.0000,0.0,0.0,0.2100,47.6,83.9,0.410,0,0,0,0,,,,,864,199,,,,,EPB41___PRDX1_unrelaxed_rank_005_alphafold2_multimer_v3_model_2_seed_000.pdb
EPB41___PTBP1,1,1,A,B,0.0000,0.0,0.0,0.0000,0.4279,0.0000,0.0000,0.0,0.0,0.2100,47.1,55.7,0.370,0,0,0,0,,,,,864,557,,,,,EPB41___PTBP1_unrelaxed_rank_001_alphafold2_multimer_v3_model_1_seed_000.pdb
EPB41___PTBP1,2,3,A,B,0.0000,0.0,0.0,0.0000,0.3372,0.0000,0.0000,0.0,0.0,0.2100,46.3,60.2,0.360,0,0,0,0,,,,,864,557,,,,,EPB41___PTBP1_unrelaxed_rank_002_alphafold2_multimer_v3_model_3_seed_000.pdb
EPB41___PTBP1,3,2,A,B,0.0000,0.0,0.0,0.0000,0.2432,0.0000,0.0000,0.0,0.0,0.1900,47.7,63.4,0.370,0,0,0,0,,,,,864,557,,,,,EPB41___PTBP1_unrelaxed_rank_003_alphafold2_multimer_v3_model_2_seed_000.pdb
EPB41___PTBP1,4,5,A,B,0.0000,0.0,0.0,0.0000,0.2730,0.0000,0.0000,0.0,0.0,0.2000,45.6,62.0,0.350,0,0,0,0,,,,,864,557,,,,,EPB41___PTBP1_unrelaxed_rank_004_alphafold2_multimer_v3_model_5_seed_000.pdb
EPB41___PTBP1,5,4,A,B,0.0000,0.0,0.0,0.0000,0.2361,0.0000,0.0000,0.0,0.0,0.1900,44.6,58.7,0.350,0,0,0,0,,,,,864,557,,,,,EPB41___PTBP1_unrelaxed_rank_005_alphafold2_multimer_v3_model_4_seed_000.pdb
EPB41___RBM4,1,3,A,B,0.2372,556.2,131.9,0.0546,0.8157,0.1950,0.2885,3256.0,95.0,0.3100,47.7,43.4,0.390,282,22,23,15,89.4,48.2,74.5,50.2,864,364,"[211-256,260-275,279-341,349-357,359-374,377-490,507-509,512-524,531,533]","[145-163,171-172,175]","[405-407,409,411,422,428-433,450-451,453,458-465]","[146-157,163,171-172]",EPB41___RBM4_unrelaxed_rank_001_alphafold2_multimer_v3_model_3_seed_000.pdb
EPB41___RBM4,2,4,A,B,0.0000,0.0,0.0,0.0000,0.3583,0.0000,0.0000,0.0,0.0,0.2000,46.2,41.3,0.370,0,0,0,0,,,,,864,364,,,,,EPB41___RBM4_unrelaxed_rank_002_alphafold2_multimer_v3_model_4_seed_000.pdb
EPB41___RBM4,3,2,A,B,0.0000,0.0,0.0,0.0000,0.3322,0.0000,0.0000,0.0,0.0,0.1900,48.9,43.4,0.390,0,0,0,0,,,,,864,364,,,,,EPB41___RBM4_unrelaxed_rank_003_alphafold2_multimer_v3_model_2_seed_000.pdb
EPB41___RBM4,4,1,A,B,0.0000,0.0,0.0,0.0000,0.1861,0.0000,0.0000,0.0,0.0,0.1900,47.9,40.8,0.380,0,0,0,0,,,,,864,364,,,,,EPB41___RBM4_unrelaxed_rank_004_alphafold2_multimer_v3_model_1_seed_000.pdb
EPB41___RBM4,5,5,A,B,0.0000,0.0,0.0,0.0000,0.2409,0.0000,0.0000,0.0,0.0,0.1700,47.6,42.4,0.370,0,0,0,0,,,,,864,364,,,,,EPB41___RBM4_unrelaxed_rank_005_alphafold2_multimer_v3_model_5_seed_000.pdb
FAM50A___SF3A3,1,3,A,B,0.0000,0.0,0.0,0.0000,0.1945,0.0000,0.0000,0.0,0.0,0.1700,54.1,75.1,0.400,0,0,0,0,,,,,339,501,,,,,FAM50A___SF3A3_unrelaxed_rank_001_alphafold2_multimer_v3_model_3_seed_000.pdb
FAM50A___SF3A3,2,5,A,B,0.0000,0.0,0.0,0.0000,0.1039,0.0000,0.0000,0.0,0.0,0.1400,55.6,74.8,0.400,0,0,0,0,,,,,339,501,,,,,FAM50A___SF3A3_unrelaxed_rank_002_alphafold2_multimer_v3_model_5_seed_000.pdb
FAM50A___SF3A3,3,1,A,B,0.0000,0.0,0.0,0.0000,0.1246,0.0000,0.0000,0.0,0.0,0.1300,54.4,75.9,0.390,0,0,0,0,,,,,339,501,,,,,FAM50A___SF3A3_unrelaxed_rank_003_alphafold2_multimer_v3_model_1_seed_000.pdb
FAM50A___SF3A3,4,2,A,B,0.0000,0.0,0.0,0.0000,0.1025,0.0000,0.0000,0.0,0.0,0.1100,54.9,75.9,0.390,0,0,0,0,,,,,339,501,,,,,FAM50A___SF3A3_unrelaxed_rank_004_alphafold2_multimer_v3_model_2_seed_000.pdb
FAM50A___SF3A3,5,4,A,B,0.0000,0.0,0.0,0.0000,0.1150,0.0000,0.0000,0.0,0.0,0.1100,49.8,72.4,0.380,0,0,0,0,,,,,339,501,,,,,FAM50A___SF3A3_unrelaxed_rank_005_alphafold2_multimer_v3_model_4_seed_000.pdb
FAM50A___U2SURP,1,4,A,B,0.0000,0.0,0.0,0.0000,0.2572,0.0000,0.0000,0.0,0.0,0.1800,49.7,46.3,0.280,0,0,0,0,,,,,339,1029,,,,,FAM50A___U2SURP_unrelaxed_rank_001_alphafold2_multimer_v3_model_4_seed_000.pdb
FAM50A___U2SURP,2,3,A,B,0.0000,0.0,0.0,0.0000,0.1992,0.0000,0.0000,0.0,0.0,0.1700,54.2,48.3,0.280,0,0,0,0,,,,,339,1029,,,,,FAM50A___U2SURP_unrelaxed_rank_002_alphafold2_multimer_v3_model_3_seed_000.pdb
FAM50A___U2SURP,3,1,A,B,0.0000,0.0,0.0,0.0000,0.1649,0.0000,0.0000,0.0,0.0,0.1700,54.4,50.3,0.280,0,0,0,0,,,,,339,1029,,,,,FAM50A___U2SURP_unrelaxed_rank_003_alphafold2_multimer_v3_model_1_seed_000.pdb
FAM50A___U2SURP,4,2,A,B,0.0000,0.0,0.0,0.0000,0.0000,0.0000,0.0000,0.0,0.0,0.1500,60.4,50.5,0.280,0,0,0,0,,,,,339,1029,,,,,FAM50A___U2SURP_unrelaxed_rank_004_alphafold2_multimer_v3_model_2_seed_000.pdb
FAM50A___U2SURP,5,5,A,B,0.0000,0.0,0.0,0.0000,0.1431,0.0000,0.0000,0.0,0.0,0.1500,54.1,48.5,0.280,0,0,0,0,,,,,339,1029,,,,,FAM50A___U2SURP_unrelaxed_rank_005_alphafold2_multimer_v3_model_5_seed_000.pdb
FUBP1___DAZAP1,1,1,A,B,0.0000,0.0,0.0,0.0000,0.1581,0.0000,0.0000,0.0,0.0,0.1500,44.1,40.4,0.210,0,0,0,0,,,,,644,407,,,,,FUBP1___DAZAP1_unrelaxed_rank_001_alphafold2_multimer_v3_model_1_seed_000.pdb
FUBP1___DAZAP1,2,4,A,B,0.0000,0.0,0.0,0.0000,0.1639,0.0000,0.0000,0.0,0.0,0.1500,42.4,40.2,0.210,0,0,0,0,,,,,644,407,,,,,FUBP1___DAZAP1_unrelaxed_rank_002_alphafold2_multimer_v3_model_4_seed_000.pdb
FUBP1___DAZAP1,3,3,A,B,0.0000,0.0,0.0,0.0000,0.1512,0.0000,0.0000,0.0,0.0,0.1400,41.4,39.6,0.210,0,0,0,0,,,,,644,407,,,,,FUBP1___DAZAP1_unrelaxed_rank_003_alphafold2_multimer_v3_model_3_seed_000.pdb
FUBP1___DAZAP1,4,2,A,B,0.0000,0.0,0.0,0.0000,0.1395,0.0000,0.0000,0.0,0.0,0.1400,46.3,43.8,0.200,0,0,0,0,,,,,644,407,,,,,FUBP1___DAZAP1_unrelaxed_rank_004_alphafold2_multimer_v3_model_2_seed_000.pdb
FUBP1___DAZAP1,5,5,A,B,0.0000,0.0,0.0,0.0000,0.1392,0.0000,0.0000,0.0,0.0,0.1400,46.2,42.7,0.210,0,0,0,0,,,,,644,407,,,,,FUBP1___DAZAP1_unrelaxed_rank_005_alphafold2_multimer_v3_model_5_seed_000.pdb
FUBP3___PTBP1,1,1,A,B,0.0000,0.0,0.0,0.0000,0.1537,0.0000,0.0000,0.0,0.0,0.1500,43.0,63.0,0.290,0,0,0,0,,,,,572,557,,,,,FUBP3___PTBP1_unrelaxed_rank_001_alphafold2_multimer_v3_model_1_seed_000.pdb
FUBP3___PTBP1,2,2,A,B,0.0000,0.0,0.0,0.0000,0.1504,0.0000,0.0000,0.0,0.0,0.1500,47.0,67.1,0.290,0,0,0,0,,,,,572,557,,,,,FUBP3___PTBP1_unrelaxed_rank_002_alphafold2_multimer_v3_model_2_seed_000.pdb
FUBP3___PTBP1,3,4,A,B,0.0000,0.0,0.0,0.0000,0.1504,0.0000,0.0000,0.0,0.0,0.1500,42.5,64.2,0.280,0,0,0,0,,,,,572,557,,,,,FUBP3___PTBP1_unrelaxed_rank_003_alphafold2_multimer_v3_model_4_seed_000.pdb
FUBP3___PTBP1,4,3,A,B,0.0000,0.0,0.0,0.0000,0.1630,0.0000,0.0000,0.0,0.0,0.1500,43.3,65.6,0.290,0,0,0,0,,,,,572,557,,,,,FUBP3___PTBP1_unrelaxed_rank_004_alphafold2_multimer_v3_model_3_seed_000.pdb
FUBP3___PTBP1,5,5,A,B,0.0000,0.0,0.0,0.0000,0.1375,0.0000,0.0000,0.0,0.0,0.1500,45.8,67.5,0.280,0,0,0,0,,,,,572,557,,,,,FUBP3___PTBP1_unrelaxed_rank_005_alphafold2_multimer_v3_model_5_seed_000.pdb
FUS___PDK1,1,5,A,B,0.1324,172.6,22.9,0.0235,0.6473,0.1241,0.1413,851.0,35.0,0.3800,29.1,79.6,0.460,5,296,3,20,43.4,92.1,47.2,91.0,526,436,[522-526],"[46-50,52,54,56-64,72-97,99-124,132-166,172-202,216-258,262-294,297-334,338,356-402]",[524-526],"[282-287,290-291,320-323,327-328,331,338,359,375,377,383]",FUS___PDK1_unrelaxed_rank_001_alphafold2_multimer_v3_model_5_seed_000.pdb
FUS___PDK1,2,1,A,B,0.0669,13.3,0.9,0.0000,0.4114,0.0846,0.0529,176.0,1.0,0.3700,27.6,79.3,0.460,4,113,1,1,43.5,91.9,46.8,80.2,526,436,[522-525],"[46-48,50-54,56-63,71-74,76-80,83-84,86-94,102,106-107,109-113,115-128,134-149,152,156,159-160,180-189,191-193,195-201,219-220,223,263,269,272,360,363-364,367,371,390,392-393,397]",[524],[52],FUS___PDK1_unrelaxed_rank_002_alphafold2_multimer_v3_model_1_seed_000.pdb
FUS___PDK1,3,3,A,B,0.0000,0.0,0.0,0.0000,0.2734,0.0079,0.0000,3.0,0.0,0.3400,29.3,79.5,0.470,2,3,0,0,60.6,96.3,,,526,436,"[438,441]","[374,376,378]",,,FUS___PDK1_unrelaxed_rank_003_alphafold2_multimer_v3_model_3_seed_000.pdb
FUS___PDK1,4,2,A,B,0.0000,0.0,0.0,0.0000,0.3119,0.0000,0.0000,0.0,0.0,0.3200,29.6,79.9,0.460,0,0,0,0,,,,,526,436,,,,,FUS___PDK1_unrelaxed_rank_004_alphafold2_multimer_v3_model_2_seed_000.pdb
FUS___PDK1,5,4,A,B,0.0000,0.0,0.0,0.0000,0.2325,0.0000,0.0000,0.0,0.0,0.2200,26.3,78.6,0.460,0,0,0,0,,,,,526,436,,,,,FUS___PDK1_unrelaxed_rank_005_alphafold2_multimer_v3_model_4_seed_000.pdb
HMGB1___DHX15,1,3,A,B,0.0000,0.0,0.0,0.0000,0.1740,0.0000,0.0000,0.0,0.0,0.1900,50.1,79.3,0.640,0,0,0,0,,,,,215,795,,,,,HMGB1___DHX15_unrelaxed_rank_001_alphafold2_multimer_v3_model_3_seed_000.pdb
HMGB1___DHX15,2,1,A,B,0.0000,0.0,0.0,0.0000,0.2216,0.0000,0.0000,0.0,0.0,0.1900,46.8,78.5,0.620,0,0,0,0,,,,,215,795,,,,,HMGB1___DHX15_unrelaxed_rank_002_alphafold2_multimer_v3_model_1_seed_000.pdb
HMGB1___DHX15,3,4,A,B,0.0000,0.0,0.0,0.0000,0.1515,0.0000,0.0000,0.0,0.0,0.1700,49.6,78.8,0.640,0,0,0,0,,,,,215,795,,,,,HMGB1___DHX15_unrelaxed_rank_003_alphafold2_multimer_v3_model_4_seed_000.pdb
HMGB1___DHX15,4,2,A,B,0.0000,0.0,0.0,0.0000,0.1440,0.0000,0.0000,0.0,0.0,0.1600,46.8,79.2,0.630,0,0,0,0,,,,,215,795,,,,,HMGB1___DHX15_unrelaxed_rank_004_alphafold2_multimer_v3_model_2_seed_000.pdb
HMGB1___DHX15,5,5,A,B,0.0000,0.0,0.0,0.0000,0.1365,0.0000,0.0000,0.0,0.0,0.1500,49.2,79.3,0.630,0,0,0,0,,,,,215,795,,,,,HMGB1___DHX15_unrelaxed_rank_005_alphafold2_multimer_v3_model_5_seed_000.pdb
HMGB1___DNAJA1,1,3,A,B,0.0000,0.0,0.0,0.0000,0.1104,0.0000,0.0000,0.0,0.0,0.1300,61.4,75.1,0.400,0,0,0,0,,,,,215,397,,,,,HMGB1___DNAJA1_unrelaxed_rank_001_alphafold2_multimer_v3_model_3_seed_000.pdb
HMGB1___DNAJA1,2,1,A,B,0.0000,0.0,0.0,0.0000,0.1046,0.0000,0.0000,0.0,0.0,0.1200,64.6,79.0,0.400,0,0,0,0,,,,,215,397,,,,,HMGB1___DNAJA1_unrelaxed_rank_002_alphafold2_multimer_v3_model_1_seed_000.pdb
HMGB1___DNAJA1,3,5,A,B,0.0000,0.0,0.0,0.0000,0.0955,0.0000,0.0000,0.0,0.0,0.1100,61.2,76.4,0.400,0,0,0,0,,,,,215,397,,,,,HMGB1___DNAJA1_unrelaxed_rank_003_alphafold2_multimer_v3_model_5_seed_000.pdb
HMGB1___DNAJA1,4,2,A,B,0.0000,0.0,0.0,0.0000,0.0985,0.0000,0.0000,0.0,0.0,0.1100,62.5,78.3,0.400,0,0,0,0,,,,,215,397,,,,,HMGB1___DNAJA1_unrelaxed_rank_004_alphafold2_multimer_v3_model_2_seed_000.pdb
HMGB1___DNAJA1,5,4,A,B,0.0000,0.0,0.0,0.0000,0.0900,0.0000,0.0000,0.0,0.0,0.1000,61.4,77.6,0.400,0,0,0,0,,,,,215,397,,,,,HMGB1___DNAJA1_unrelaxed_rank_005_alphafold2_multimer_v3_model_4_seed_000.pdb
HMGB1___SF3A3,1,4,A,B,0.2586,1095.1,283.2,0.2268,0.8286,0.1569,0.4260,15991.0,75.0,0.4600,61.5,74.8,0.530,105,233,17,15,79.5,86.5,80.2,66.9,215,501,"[10,14-25,48-49,51,60,62-74,76,91-164]","[6-61,108-232,312-363]","[14,100,102-103,106,110,121-123,125-127,129-131,133-134]","[159,343,346-352,355,357-360,362]",HMGB1___SF3A3_unrelaxed_rank_001_alphafold2_multimer_v3_model_4_seed_000.pdb
HMGB1___SF3A3,2,3,A,B,0.3516,1244.4,437.5,0.3203,0.8411,0.2250,0.5495,22444.0,69.0,0.4600,62.1,77.1,0.550,83,246,15,12,80.4,87.1,84.5,70.3,215,501,"[63,73,87-167]","[4-61,69,71-72,105-233,309-364]","[100,102-103,106,110,121-123,125-127,129-130,133-134]","[343,346-352,355,358-359,362]",HMGB1___SF3A3_unrelaxed_rank_002_alphafold2_multimer_v3_model_3_seed_000.pdb
HMGB1___SF3A3,3,1,A,B,0.2726,1116.1,304.3,0.1882,0.7676,0.1661,0.4475,16390.0,76.0,0.4600,62.6,76.5,0.530,87,230,16,15,81.0,87.5,82.9,68.4,215,501,"[14,21,23-25,63,70,73-74,89-166]","[5-61,109-230,313-363]","[14,100,102-103,106,110,121-123,125-127,129-130,133-134]","[159,343,346-352,355,357-360,362]",HMGB1___SF3A3_unrelaxed_rank_003_alphafold2_multimer_v3_model_1_seed_000.pdb
HMGB1___SF3A3,4,2,A,B,0.2011,783.2,157.5,0.0705,0.7402,0.1252,0.3230,8520.0,72.0,0.4000,60.1,76.2,0.510,68,220,15,14,81.2,87.5,79.7,66.4,215,501,[95-162],"[6-60,114-229,313,315-362]","[100,102-103,106,110,121-123,125-127,129-130,133-134]","[159,161,343,346-352,355,358-359,362]",HMGB1___SF3A3_unrelaxed_rank_004_alphafold2_multimer_v3_model_2_seed_000.pdb
HMGB1___SF3A3,5,5,A,B,0.1342,399.1,53.6,0.0153,0.6164,0.0890,0.2022,2451.0,65.0,0.3400,59.3,74.8,0.510,66,165,15,12,79.0,86.3,75.2,60.3,215,501,"[95,97-136,138-162]","[9-25,30-54,56,128-151,158-171,174,180-202,207-221,318-362]","[100,102-103,106-107,110,121-123,125-127,129-130,133]","[343,346-352,355,358-359,362]",HMGB1___SF3A3_unrelaxed_rank_005_alphafold2_multimer_v3_model_5_seed_000.pdb
KHSRP___GFP,1,5,A,B,0.0129,4.0,0.1,0.0000,0.3764,0.0348,0.0048,8.0,2.0,0.4500,40.8,82.2,0.350,3,7,1,2,45.3,79.9,44.3,76.9,711,238,"[678-679,681]","[63,67,69,204-206,221]",[678],"[204,206]",KHSRP___GFP_unrelaxed_rank_001_alphafold2_multimer_v3_model_5_seed_000.pdb
KHSRP___GFP,2,3,A,B,0.0000,0.0,0.0,0.0000,0.2167,0.0000,0.0000,0.0,0.0,0.2500,39.7,81.3,0.340,0,0,0,0,,,,,711,238,,,,,KHSRP___GFP_unrelaxed_rank_002_alphafold2_multimer_v3_model_3_seed_000.pdb
KHSRP___GFP,3,1,A,B,0.0000,0.0,0.0,0.0000,0.1484,0.0000,0.0000,0.0,0.0,0.2300,42.0,80.6,0.340,0,0,0,0,,,,,711,238,,,,,KHSRP___GFP_unrelaxed_rank_003_alphafold2_multimer_v3_model_1_seed_000.pdb
KHSRP___GFP,4,2,A,B,0.0000,0.0,0.0,0.0000,0.1711,0.0000,0.0000,0.0,0.0,0.2200,40.2,79.4,0.340,0,0,0,0,,,,,711,238,,,,,KHSRP___GFP_unrelaxed_rank_004_alphafold2_multimer_v3_model_2_seed_000.pdb
KHSRP___GFP,5,4,A,B,0.0000,0.0,0.0,0.0000,0.1611,0.0000,0.0000,0.0,0.0,0.2000,37.2,79.7,0.340,0,0,0,0,,,,,711,238,,,,,KHSRP___GFP_unrelaxed_rank_005_alphafold2_multimer_v3_model_4_seed_000.pdb
MATR3___CDC5L,1,1,A,B,0.0000,0.0,0.0,0.0000,0.4063,0.0000,0.0000,0.0,0.0,0.1900,40.0,59.5,0.260,0,0,0,0,,,,,847,802,,,,,MATR3___CDC5L_unrelaxed_rank_001_alphafold2_multimer_v3_model_1_seed_000.pdb
MATR3___CDC5L,2,3,A,B,0.0000,0.0,0.0,0.0000,0.1661,0.0000,0.0000,0.0,0.0,0.1700,39.8,60.6,0.260,0,0,0,0,,,,,847,802,,,,,MATR3___CDC5L_unrelaxed_rank_002_alphafold2_multimer_v3_model_3_seed_000.pdb
MATR3___CDC5L,3,5,A,B,0.0000,0.0,0.0,0.0000,0.1758,0.0000,0.0000,0.0,0.0,0.1700,39.5,57.9,0.250,0,0,0,0,,,,,847,802,,,,,MATR3___CDC5L_unrelaxed_rank_003_alphafold2_multimer_v3_model_5_seed_000.pdb
MATR3___CDC5L,4,2,A,B,0.0000,0.0,0.0,0.0000,0.0000,0.0000,0.0000,0.0,0.0,0.1700,41.8,57.1,0.240,0,0,0,0,,,,,847,802,,,,,MATR3___CDC5L_unrelaxed_rank_004_alphafold2_multimer_v3_model_2_seed_000.pdb
MATR3___CDC5L,5,4,A,B,0.0000,0.0,0.0,0.0000,0.1546,0.0000,0.0000,0.0,0.0,0.1500,37.0,56.2,0.240,0,0,0,0,,,,,847,802,,,,,MATR3___CDC5L_unrelaxed_rank_005_alphafold2_multimer_v3_model_4_seed_000.pdb
MATR3___PCCA,1,5,A,B,0.0000,0.0,0.0,0.0000,0.2808,0.0000,0.0000,0.0,0.0,0.2100,35.4,83.5,0.490,0,0,0,0,,,,,847,728,,,,,MATR3___PCCA_unrelaxed_rank_001_alphafold2_multimer_v3_model_5_seed_000.pdb
MATR3___PCCA,2,2,A,B,0.0000,0.0,0.0,0.0000,0.2520,0.0000,0.0000,0.0,0.0,0.2000,36.6,84.4,0.480,0,0,0,0,,,,,847,728,,,,,MATR3___PCCA_unrelaxed_rank_002_alphafold2_multimer_v3_model_2_seed_000.pdb
MATR3___PCCA,3,4,A,B,0.0000,0.0,0.0,0.0000,0.2479,0.0000,0.0000,0.0,0.0,0.2000,34.2,81.4,0.470,0,0,0,0,,,,,847,728,,,,,MATR3___PCCA_unrelaxed_rank_003_alphafold2_multimer_v3_model_4_seed_000.pdb
MATR3___PCCA,4,3,A,B,0.0000,0.0,0.0,0.0000,0.2140,0.0000,0.0000,0.0,0.0,0.1800,35.3,83.7,0.480,0,0,0,0,,,,,847,728,,,,,MATR3___PCCA_unrelaxed_rank_004_alphafold2_multimer_v3_model_3_seed_000.pdb
MATR3___PCCA,5,1,A,B,0.0000,0.0,0.0,0.0000,0.1791,0.0000,0.0000,0.0,0.0,0.1800,36.1,83.3,0.480,0,0,0,0,,,,,847,728,,,,,MATR3___PCCA_unrelaxed_rank_005_alphafold2_multimer_v3_model_1_seed_000.pdb
MRPL12___LUC7L2,1,3,A,B,0.0000,0.0,0.0,0.0000,0.1543,0.0000,0.0000,0.0,0.0,0.1300,46.4,62.0,0.410,0,0,0,0,,,,,198,392,,,,,MRPL12___LUC7L2_unrelaxed_rank_001_alphafold2_multimer_v3_model_3_seed_000.pdb
MRPL12___LUC7L2,2,2,A,B,0.0000,0.0,0.0,0.0000,0.1353,0.0000,0.0000,0.0,0.0,0.1300,47.1,63.7,0.420,0,0,0,0,,,,,198,392,,,,,MRPL12___LUC7L2_unrelaxed_rank_002_alphafold2_multimer_v3_model_2_seed_000.pdb
MRPL12___LUC7L2,3,1,A,B,0.0000,0.0,0.0,0.0000,0.1190,0.0000,0.0000,0.0,0.0,0.1200,45.2,65.1,0.430,0,0,0,0,,,,,198,392,,,,,MRPL12___LUC7L2_unrelaxed_rank_003_alphafold2_multimer_v3_model_1_seed_000.pdb
MRPL12___LUC7L2,4,5,A,B,0.0000,0.0,0.0,0.0000,0.1247,0.0000,0.0000,0.0,0.0,0.1200,44.8,62.6,0.420,0,0,0,0,,,,,198,392,,,,,MRPL12___LUC7L2_unrelaxed_rank_004_alphafold2_multimer_v3_model_5_seed_000.pdb
MRPL12___LUC7L2,5,4,A,B,0.0000,0.0,0.0,0.0000,0.0936,0.0000,0.0000,0.0,0.0,0.1000,47.3,63.4,0.410,0,0,0,0,,,,,198,392,,,,,MRPL12___LUC7L2_unrelaxed_rank_005_alphafold2_multimer_v3_model_4_seed_000.pdb
MRPL12___PDK1,1,5,A,B,0.3385,603.3,204.2,0.2658,0.7601,0.2765,0.4143,4666.0,78.0,0.5400,44.8,81.9,0.620,13,353,12,19,55.9,92.0,56.8,90.2,198,436,[45-57],"[40-167,169-293,297-336,355-414]",[45-56],"[51-55,57,61,64-65,74-75,77-78,81-82,85,402-404]",MRPL12___PDK1_unrelaxed_rank_001_alphafold2_multimer_v3_model_5_seed_000.pdb
MRPL12___PDK1,2,4,A,B,0.0000,0.0,0.0,0.0000,0.2736,0.0056,0.0000,3.0,0.0,0.2600,45.9,82.0,0.610,2,3,0,0,45.9,96.1,,,198,436,[50-51],"[101,120,145]",,,MRPL12___PDK1_unrelaxed_rank_002_alphafold2_multimer_v3_model_4_seed_000.pdb
MRPL12___PDK1,3,3,A,B,0.0000,0.0,0.0,0.0000,0.2567,0.0000,0.0000,0.0,0.0,0.2300,44.0,80.8,0.610,0,0,0,0,,,,,198,436,,,,,MRPL12___PDK1_unrelaxed_rank_003_alphafold2_multimer_v3_model_3_seed_000.pdb
MRPL12___PDK1,4,2,A,B,0.0000,0.0,0.0,0.0000,0.2274,0.0000,0.0000,0.0,0.0,0.2300,44.4,81.0,0.600,0,0,0,0,,,,,198,436,,,,,MRPL12___PDK1_unrelaxed_rank_004_alphafold2_multimer_v3_model_2_seed_000.pdb
MRPL12___PDK1,5,1,A,B,0.0000,0.0,0.0,0.0000,0.1165,0.0000,0.0000,0.0,0.0,0.1100,40.6,81.0,0.600,0,0,0,0,,,,,198,436,,,,,MRPL12___PDK1_unrelaxed_rank_005_alphafold2_multimer_v3_model_1_seed_000.pdb
MRPL12___PRDX1,1,2,A,B,0.0000,0.0,0.0,0.0000,0.1129,0.0000,0.0000,0.0,0.0,0.1400,50.4,89.7,0.490,0,0,0,0,,,,,198,199,,,,,MRPL12___PRDX1_unrelaxed_rank_001_alphafold2_multimer_v3_model_2_seed_000.pdb
MRPL12___PRDX1,2,1,A,B,0.0000,0.0,0.0,0.0000,0.0919,0.0000,0.0000,0.0,0.0,0.1300,50.3,88.3,0.490,0,0,0,0,,,,,198,199,,,,,MRPL12___PRDX1_unrelaxed_rank_002_alphafold2_multimer_v3_model_1_seed_000.pdb
MRPL12___PRDX1,3,3,A,B,0.0000,0.0,0.0,0.0000,0.0764,0.0000,0.0000,0.0,0.0,0.1100,51.2,93.1,0.510,0,0,0,0,,,,,198,199,,,,,MRPL12___PRDX1_unrelaxed_rank_003_alphafold2_multimer_v3_model_3_seed_000.pdb
MRPL12___PRDX1,4,4,A,B,0.0000,0.0,0.0,0.0000,0.0776,0.0000,0.0000,0.0,0.0,0.1000,50.1,91.7,0.500,0,0,0,0,,,,,198,199,,,,,MRPL12___PRDX1_unrelaxed_rank_004_alphafold2_multimer_v3_model_4_seed_000.pdb
MRPL12___PRDX1,5,5,A,B,0.0000,0.0,0.0,0.0000,0.0764,0.0000,0.0000,0.0,0.0,0.1000,47.7,92.5,0.510,0,0,0,0,,,,,198,199,,,,,MRPL12___PRDX1_unrelaxed_rank_005_alphafold2_multimer_v3_model_5_seed_000.pdb
MRPL12___SF3A3,1,2,A,B,0.0000,0.0,0.0,0.0000,0.2609,0.0000,0.0000,0.0,0.0,0.1400,44.3,77.7,0.450,0,0,0,0,,,,,198,501,,,,,MRPL12___SF3A3_unrelaxed_rank_001_alphafold2_multimer_v3_model_2_seed_000.pdb
MRPL12___SF3A3,2,3,A,B,0.0000,0.0,0.0,0.0000,0.1418,0.0000,0.0000,0.0,0.0,0.1300,44.5,78.0,0.450,0,0,0,0,,,,,198,501,,,,,MRPL12___SF3A3_unrelaxed_rank_002_alphafold2_multimer_v3_model_3_seed_000.pdb
MRPL12___SF3A3,3,1,A,B,0.0000,0.0,0.0,0.0000,0.2384,0.0000,0.0000,0.0,0.0,0.1300,42.6,78.0,0.450,0,0,0,0,,,,,198,501,,,,,MRPL12___SF3A3_unrelaxed_rank_003_alphafold2_multimer_v3_model_1_seed_000.pdb
MRPL12___SF3A3,4,5,A,B,0.0000,0.0,0.0,0.0000,0.1278,0.0000,0.0000,0.0,0.0,0.1100,43.7,78.2,0.450,0,0,0,0,,,,,198,501,,,,,MRPL12___SF3A3_unrelaxed_rank_004_alphafold2_multimer_v3_model_5_seed_000.pdb
MRPL12___SF3A3,5,4,A,B,0.0000,0.0,0.0,0.0000,0.1489,0.0000,0.0000,0.0,0.0,0.1100,43.6,76.0,0.440,0,0,0,0,,,,,198,501,,,,,MRPL12___SF3A3_unrelaxed_rank_005_alphafold2_multimer_v3_model_4_seed_000.pdb
NASP___SF3A3,1,1,A,B,0.1708,256.9,43.9,0.0422,0.7222,0.1200,0.2433,2200.0,30.0,0.3800,37.9,69.4,0.330,22,174,8,7,56.9,86.7,57.6,84.5,788,501,"[132,135-155]","[4-64,67-74,84-85,87-88,90-91,104-119,128-131,134-145,147-148,161,181,183-221,321,323-343,345-346]","[132,135,140,143-144,147-148,151]","[19-20,22-23,26-27,50]",NASP___SF3A3_unrelaxed_rank_001_alphafold2_multimer_v3_model_1_seed_000.pdb
NASP___SF3A3,2,4,A,B,0.0000,0.0,0.0,0.0000,0.2583,0.0000,0.0000,0.0,0.0,0.2000,36.1,68.4,0.320,0,0,0,0,,,,,788,501,,,,,NASP___SF3A3_unrelaxed_rank_002_alphafold2_multimer_v3_model_4_seed_000.pdb
NASP___SF3A3,3,3,A,B,0.0000,0.0,0.0,0.0000,0.2260,0.0000,0.0000,0.0,0.0,0.1800,38.1,73.6,0.330,0,0,0,0,,,,,788,501,,,,,NASP___SF3A3_unrelaxed_rank_003_alphafold2_multimer_v3_model_3_seed_000.pdb
NASP___SF3A3,4,2,A,B,0.0000,0.0,0.0,0.0000,0.2521,0.0000,0.0000,0.0,0.0,0.1800,39.0,73.9,0.320,0,0,0,0,,,,,788,501,,,,,NASP___SF3A3_unrelaxed_rank_004_alphafold2_multimer_v3_model_2_seed_000.pdb
NASP___SF3A3,5,5,A,B,0.0000,0.0,0.0,0.0000,0.1531,0.0000,0.0000,0.0,0.0,0.1700,38.5,73.4,0.320,0,0,0,0,,,,,788,501,,,,,NASP___SF3A3_unrelaxed_rank_005_alphafold2_multimer_v3_model_5_seed_000.pdb
NCL___DDX17,1,3,A,B,0.0000,0.0,0.0,0.0000,0.2003,0.0000,0.0000,0.0,0.0,0.1800,40.2,61.0,0.400,0,0,0,0,,,,,710,729,,,,,NCL___DDX17_unrelaxed_rank_001_alphafold2_multimer_v3_model_3_seed_000.pdb
NCL___DDX17,2,1,A,B,0.0000,0.0,0.0,0.0000,0.2201,0.0000,0.0000,0.0,0.0,0.1800,38.7,58.8,0.360,0,0,0,0,,,,,710,729,,,,,NCL___DDX17_unrelaxed_rank_002_alphafold2_multimer_v3_model_1_seed_000.pdb
NCL___DDX17,3,2,A,B,0.0000,0.0,0.0,0.0000,0.1786,0.0000,0.0000,0.0,0.0,0.1700,39.7,60.7,0.360,0,0,0,0,,,,,710,729,,,,,NCL___DDX17_unrelaxed_rank_003_alphafold2_multimer_v3_model_2_seed_000.pdb
NCL___DDX17,4,5,A,B,0.0000,0.0,0.0,0.0000,0.1798,0.0000,0.0000,0.0,0.0,0.1700,41.7,60.6,0.370,0,0,0,0,,,,,710,729,,,,,NCL___DDX17_unrelaxed_rank_004_alphafold2_multimer_v3_model_5_seed_000.pdb
NCL___DDX17,5,4,A,B,0.0000,0.0,0.0,0.0000,0.1977,0.0000,0.0000,0.0,0.0,0.1700,37.5,58.5,0.350,0,0,0,0,,,,,710,729,,,,,NCL___DDX17_unrelaxed_rank_005_alphafold2_multimer_v3_model_4_seed_000.pdb
NCL___HMGB1,1,1,A,B,0.0000,0.0,0.0,0.0000,0.1294,0.0000,0.0000,0.0,0.0,0.1400,47.7,60.3,0.270,0,0,0,0,,,,,710,215,,,,,NCL___HMGB1_unrelaxed_rank_001_alphafold2_multimer_v3_model_1_seed_000.pdb
NCL___HMGB1,2,3,A,B,0.0000,0.0,0.0,0.0000,0.1720,0.0000,0.0000,0.0,0.0,0.1500,45.7,61.1,0.230,0,0,0,0,,,,,710,215,,,,,NCL___HMGB1_unrelaxed_rank_002_alphafold2_multimer_v3_model_3_seed_000.pdb
NCL___HMGB1,3,2,A,B,0.0000,0.0,0.0,0.0000,0.1717,0.0000,0.0000,0.0,0.0,0.1400,46.2,58.9,0.230,0,0,0,0,,,,,710,215,,,,,NCL___HMGB1_unrelaxed_rank_003_alphafold2_multimer_v3_model_2_seed_000.pdb
NCL___HMGB1,4,5,A,B,0.0000,0.0,0.0,0.0000,0.1274,0.0000,0.0000,0.0,0.0,0.1400,45.5,61.8,0.230,0,0,0,0,,,,,710,215,,,,,NCL___HMGB1_unrelaxed_rank_004_alphafold2_multimer_v3_model_5_seed_000.pdb
NCL___HMGB1,5,4,A,B,0.0000,0.0,0.0,0.0000,0.1846,0.0000,0.0000,0.0,0.0,0.1400,45.4,60.0,0.230,0,0,0,0,,,,,710,215,,,,,NCL___HMGB1_unrelaxed_rank_005_alphafold2_multimer_v3_model_4_seed_000.pdb
NCL___ZNF503,1,3,A,B,0.0000,0.0,0.0,0.0000,0.2034,0.0000,0.0000,0.0,0.0,0.1700,47.7,19.4,0.230,0,0,0,0,,,,,710,646,,,,,NCL___ZNF503_unrelaxed_rank_001_alphafold2_multimer_v3_model_3_seed_000.pdb
NCL___ZNF503,2,4,A,B,0.0000,0.0,0.0,0.0000,0.2309,0.0000,0.0000,0.0,0.0,0.1700,47.9,19.5,0.230,0,0,0,0,,,,,710,646,,,,,NCL___ZNF503_unrelaxed_rank_002_alphafold2_multimer_v3_model_4_seed_000.pdb
NCL___ZNF503,3,2,A,B,0.0000,0.0,0.0,0.0000,0.1523,0.0000,0.0000,0.0,0.0,0.1700,48.8,19.1,0.230,0,0,0,0,,,,,710,646,,,,,NCL___ZNF503_unrelaxed_rank_003_alphafold2_multimer_v3_model_2_seed_000.pdb
NCL___ZNF503,4,1,A,B,0.0000,0.0,0.0,0.0000,0.1772,0.0000,0.0000,0.0,0.0,0.1600,47.6,19.7,0.240,0,0,0,0,,,,,710,646,,,,,NCL___ZNF503_unrelaxed_rank_004_alphafold2_multimer_v3_model_1_seed_000.pdb
NCL___ZNF503,5,5,A,B,0.0000,0.0,0.0,0.0000,0.1315,0.0000,0.0000,0.0,0.0,0.1600,48.5,20.3,0.230,0,0,0,0,,,,,710,646,,,,,NCL___ZNF503_unrelaxed_rank_005_alphafold2_multimer_v3_model_5_seed_000.pdb
NONO___AGAP3,1,1,A,B,0.1056,89.2,9.4,0.0133,0.5810,0.0868,0.1286,295.0,27.0,0.2600,59.1,59.3,0.290,4,148,4,14,57.3,79.2,57.3,71.2,471,875,[468-471],"[31-57,60-71,73-86,89,91-93,99,103-106,109-110,112-113,116,121-134,136-140,142-143,145,148-149,151-152,154-156,159,161,163-166,168-178,180-183,185,192-199,215,217,227-229,231,233,236-248,250-251]",[468-471],"[40-41,43-44,48,74,78,105,121,123-127]",NONO___AGAP3_unrelaxed_rank_001_alphafold2_multimer_v3_model_1_seed_000.pdb
NONO___AGAP3,2,3,A,B,0.0913,77.1,7.0,0.0176,0.6583,0.0786,0.1061,372.0,16.0,0.2500,61.9,60.4,0.310,4,167,3,9,49.2,85.8,51.1,79.7,471,875,[468-471],"[30-53,56,62,65-67,69-71,73,75,90-100,102-116,118,121-134,136-149,151-185,192-200,202,208,210,214-219,227-251]",[469-471],"[41,44,105,109,123-125,127,144]",NONO___AGAP3_unrelaxed_rank_002_alphafold2_multimer_v3_model_3_seed_000.pdb
NONO___AGAP3,3,4,A,B,0.0000,0.0,0.0,0.0000,0.4526,0.0000,0.0000,0.0,0.0,0.1700,58.2,59.6,0.290,0,0,0,0,,,,,471,875,,,,,NONO___AGAP3_unrelaxed_rank_003_alphafold2_multimer_v3_model_4_seed_000.pdb
NONO___AGAP3,4,5,A,B,0.0000,0.0,0.0,0.0000,0.2591,0.0000,0.0000,0.0,0.0,0.1600,59.6,60.4,0.300,0,0,0,0,,,,,471,875,,,,,NONO___AGAP3_unrelaxed_rank_004_alphafold2_multimer_v3_model_5_seed_000.pdb
NONO___AGAP3,5,2,A,B,0.0000,0.0,0.0,0.0000,0.3756,0.0000,0.0000,0.0,0.0,0.1600,60.3,61.0,0.300,0,0,0,0,,,,,471,875,,,,,NONO___AGAP3_unrelaxed_rank_005_alphafold2_multimer_v3_model_2_seed_000.pdb
NONO___CDK4,1,2,A,B,0.0000,0.0,0.0,0.0000,0.1390,0.0000,0.0000,0.0,0.0,0.1300,61.1,76.0,0.400,0,0,0,0,,,,,471,303,,,,,NONO___CDK4_unrelaxed_rank_001_alphafold2_multimer_v3_model_2_seed_000.pdb
NONO___CDK4,2,4,A,B,0.0000,0.0,0.0,0.0000,0.1231,0.0000,0.0000,0.0,0.0,0.1300,60.3,79.6,0.420,0,0,0,0,,,,,471,303,,,,,NONO___CDK4_unrelaxed_rank_002_alphafold2_multimer_v3_model_4_seed_000.pdb
NONO___CDK4,3,1,A,B,0.0000,0.0,0.0,0.0000,0.1470,0.0000,0.0000,0.0,0.0,0.1300,61.8,77.6,0.410,0,0,0,0,,,,,471,303,,,,,NONO___CDK4_unrelaxed_rank_003_alphafold2_multimer_v3_model_1_seed_000.pdb
NONO___CDK4,4,3,A,B,0.0000,0.0,0.0,0.0000,0.1292,0.0000,0.0000,0.0,0.0,0.1200,61.0,76.6,0.400,0,0,0,0,,,,,471,303,,,,,NONO___CDK4_unrelaxed_rank_004_alphafold2_multimer_v3_model_3_seed_000.pdb
NONO___CDK4,5,5,A,B,0.0000,0.0,0.0,0.0000,0.1129,0.0000,0.0000,0.0,0.0,0.1200,60.3,76.9,0.410,0,0,0,0,,,,,471,303,,,,,NONO___CDK4_unrelaxed_rank_005_alphafold2_multimer_v3_model_5_seed_000.pdb
NONO___DNAJA1,1,5,A,B,0.0000,0.0,0.0,0.0000,0.1702,0.0000,0.0000,0.0,0.0,0.1700,62.0,72.8,0.360,0,0,0,0,,,,,471,397,,,,,NONO___DNAJA1_unrelaxed_rank_001_alphafold2_multimer_v3_model_5_seed_000.pdb
NONO___DNAJA1,2,3,A,B,0.0000,0.0,0.0,0.0000,0.1470,0.0000,0.0000,0.0,0.0,0.1500,63.4,72.1,0.360,0,0,0,0,,,,,471,397,,,,,NONO___DNAJA1_unrelaxed_rank_002_alphafold2_multimer_v3_model_3_seed_000.pdb
NONO___DNAJA1,3,2,A,B,0.0000,0.0,0.0,0.0000,0.2133,0.0000,0.0000,0.0,0.0,0.1300,61.8,73.2,0.340,0,0,0,0,,,,,471,397,,,,,NONO___DNAJA1_unrelaxed_rank_003_alphafold2_multimer_v3_model_2_seed_000.pdb
NONO___DNAJA1,4,1,A,B,0.0000,0.0,0.0,0.0000,0.1180,0.0000,0.0000,0.0,0.0,0.1300,63.9,73.5,0.350,0,0,0,0,,,,,471,397,,,,,NONO___DNAJA1_unrelaxed_rank_004_alphafold2_multimer_v3_model_1_seed_000.pdb
NONO___DNAJA1,5,4,A,B,0.0000,0.0,0.0,0.0000,0.1536,0.0000,0.0000,0.0,0.0,0.1200,59.3,72.9,0.330,0,0,0,0,,,,,471,397,,,,,NONO___DNAJA1_unrelaxed_rank_005_alphafold2_multimer_v3_model_4_seed_000.pdb
NONO___NCL,1,2,A,B,0.0000,0.0,0.0,0.0000,0.1374,0.0000,0.0000,0.0,0.0,0.1500,64.4,43.3,0.310,0,0,0,0,,,,,471,710,,,,,NONO___NCL_unrelaxed_rank_001_alphafold2_multimer_v3_model_2_seed_000.pdb
NONO___NCL,2,1,A,B,0.0000,0.0,0.0,0.0000,0.1377,0.0000,0.0000,0.0,0.0,0.1500,65.2,42.4,0.320,0,0,0,0,,,,,471,710,,,,,NONO___NCL_unrelaxed_rank_002_alphafold2_multimer_v3_model_1_seed_000.pdb
NONO___NCL,3,3,A,B,0.0000,0.0,0.0,0.0000,0.1608,0.0000,0.0000,0.0,0.0,0.1500,63.8,42.2,0.320,0,0,0,0,,,,,471,710,,,,,NONO___NCL_unrelaxed_rank_003_alphafold2_multimer_v3_model_3_seed_000.pdb
NONO___NCL,4,5,A,B,0.0000,0.0,0.0,0.0000,0.1187,0.0000,0.0000,0.0,0.0,0.1400,63.7,43.3,0.320,0,0,0,0,,,,,471,710,,,,,NONO___NCL_unrelaxed_rank_004_alphafold2_multimer_v3_model_5_seed_000.pdb
NONO___NCL,5,4,A,B,0.0000,0.0,0.0,0.0000,0.1484,0.0000,0.0000,0.0,0.0,0.1400,60.6,41.3,0.300,0,0,0,0,,,,,471,710,,,,,NONO___NCL_unrelaxed_rank_005_alphafold2_multimer_v3_model_4_seed_000.pdb
NONO___SET,1,1,A,B,0.0000,0.0,0.0,0.0000,0.1412,0.0000,0.0000,0.0,0.0,0.1100,63.6,62.7,0.370,0,0,0,0,,,,,471,290,,,,,NONO___SET_unrelaxed_rank_001_alphafold2_multimer_v3_model_1_seed_000.pdb
NONO___SET,2,4,A,B,0.0000,0.0,0.0,0.0000,0.1130,0.0000,0.0000,0.0,0.0,0.1100,61.0,61.1,0.360,0,0,0,0,,,,,471,290,,,,,NONO___SET_unrelaxed_rank_002_alphafold2_multimer_v3_model_4_seed_000.pdb
NONO___SET,3,3,A,B,0.0000,0.0,0.0,0.0000,0.1103,0.0000,0.0000,0.0,0.0,0.1100,63.4,61.2,0.380,0,0,0,0,,,,,471,290,,,,,NONO___SET_unrelaxed_rank_003_alphafold2_multimer_v3_model_3_seed_000.pdb
NONO___SET,4,2,A,B,0.0000,0.0,0.0,0.0000,0.1036,0.0000,0.0000,0.0,0.0,0.1100,62.5,64.2,0.360,0,0,0,0,,,,,471,290,,,,,NONO___SET_unrelaxed_rank_004_alphafold2_multimer_v3_model_2_seed_000.pdb
NONO___SET,5,5,A,B,0.0000,0.0,0.0,0.0000,0.0858,0.0000,0.0000,0.0,0.0,0.1000,63.5,63.3,0.380,0,0,0,0,,,,,471,290,,,,,NONO___SET_unrelaxed_rank_005_alphafold2_multimer_v3_model_5_seed_000.pdb
NONO___SF1,1,1,A,B,0.0000,0.0,0.0,0.0000,0.1648,0.0000,0.0000,0.0,0.0,0.1600,65.8,37.7,0.320,0,0,0,0,,,,,471,639,,,,,NONO___SF1_unrelaxed_rank_001_alphafold2_multimer_v3_model_1_seed_000.pdb
NONO___SF1,2,2,A,B,0.0000,0.0,0.0,0.0000,0.1527,0.0000,0.0000,0.0,0.0,0.1500,65.3,37.2,0.320,0,0,0,0,,,,,471,639,,,,,NONO___SF1_unrelaxed_rank_002_alphafold2_multimer_v3_model_2_seed_000.pdb
NONO___SF1,3,3,A,B,0.0000,0.0,0.0,0.0000,0.1288,0.0000,0.0000,0.0,0.0,0.1300,64.1,36.2,0.320,0,0,0,0,,,,,471,639,,,,,NONO___SF1_unrelaxed_rank_003_alphafold2_multimer_v3_model_3_seed_000.pdb
NONO___SF1,4,5,A,B,0.0000,0.0,0.0,0.0000,0.1151,0.0000,0.0000,0.0,0.0,0.1300,63.6,36.8,0.320,0,0,0,0,,,,,471,639,,,,,NONO___SF1_unrelaxed_rank_004_alphafold2_multimer_v3_model_5_seed_000.pdb
NONO___SF1,5,4,A,B,0.0000,0.0,0.0,0.0000,0.1290,0.0000,0.0000,0.0,0.0,0.1200,62.4,35.4,0.310,0,0,0,0,,,,,471,639,,,,,NONO___SF1_unrelaxed_rank_005_alphafold2_multimer_v3_model_4_seed_000.pdb
PCBP2___NCL,1,3,A,B,0.0000,0.0,0.0,0.0000,0.4377,0.0074,0.0000,3.0,0.0,0.2100,57.9,44.3,0.280,3,2,0,0,80.6,28.6,,,365,710,"[13,36,69]",[1-2],,,PCBP2___NCL_unrelaxed_rank_001_alphafold2_multimer_v3_model_3_seed_000.pdb
PCBP2___NCL,2,4,A,B,0.0000,0.0,0.0,0.0000,0.2563,0.0000,0.0000,0.0,0.0,0.1700,58.4,43.0,0.270,0,0,0,0,,,,,365,710,,,,,PCBP2___NCL_unrelaxed_rank_002_alphafold2_multimer_v3_model_4_seed_000.pdb
PCBP2___NCL,3,1,A,B,0.0000,0.0,0.0,0.0000,0.1655,0.0000,0.0000,0.0,0.0,0.1600,57.1,43.9,0.270,0,0,0,0,,,,,365,710,,,,,PCBP2___NCL_unrelaxed_rank_003_alphafold2_multimer_v3_model_1_seed_000.pdb
PCBP2___NCL,4,2,A,B,0.0000,0.0,0.0,0.0000,0.1359,0.0000,0.0000,0.0,0.0,0.1500,61.9,44.6,0.270,0,0,0,0,,,,,365,710,,,,,PCBP2___NCL_unrelaxed_rank_004_alphafold2_multimer_v3_model_2_seed_000.pdb
PCBP2___NCL,5,5,A,B,0.0000,0.0,0.0,0.0000,0.1450,0.0000,0.0000,0.0,0.0,0.1500,60.3,45.5,0.270,0,0,0,0,,,,,365,710,,,,,PCBP2___NCL_unrelaxed_rank_005_alphafold2_multimer_v3_model_5_seed_000.pdb
PCCA___AGAP3,1,3,A,B,0.0000,0.0,0.0,0.0000,0.2484,0.0000,0.0000,0.0,0.0,0.2100,81.8,54.2,0.490,0,0,0,0,,,,,728,875,,,,,PCCA___AGAP3_unrelaxed_rank_001_alphafold2_multimer_v3_model_3_seed_000.pdb
PCCA___AGAP3,2,2,A,B,0.0000,0.0,0.0,0.0000,0.2197,0.0000,0.0000,0.0,0.0,0.2100,82.9,56.0,0.490,0,0,0,0,,,,,728,875,,,,,PCCA___AGAP3_unrelaxed_rank_002_alphafold2_multimer_v3_model_2_seed_000.pdb
PCCA___AGAP3,3,5,A,B,0.0000,0.0,0.0,0.0000,0.2059,0.0000,0.0000,0.0,0.0,0.2000,81.9,54.5,0.490,0,0,0,0,,,,,728,875,,,,,PCCA___AGAP3_unrelaxed_rank_003_alphafold2_multimer_v3_model_5_seed_000.pdb
PCCA___AGAP3,4,1,A,B,0.0000,0.0,0.0,0.0000,0.1933,0.0000,0.0000,0.0,0.0,0.2000,82.3,51.3,0.490,0,0,0,0,,,,,728,875,,,,,PCCA___AGAP3_unrelaxed_rank_004_alphafold2_multimer_v3_model_1_seed_000.pdb
PCCA___AGAP3,5,4,A,B,0.0000,0.0,0.0,0.0000,0.2080,0.0000,0.0000,0.0,0.0,0.1900,80.4,52.4,0.480,0,0,0,0,,,,,728,875,,,,,PCCA___AGAP3_unrelaxed_rank_005_alphafold2_multimer_v3_model_4_seed_000.pdb
PCCA___CDC5L,1,2,A,B,0.1977,169.7,33.5,0.0184,0.8011,0.1214,0.3221,4798.0,6.0,0.3800,83.9,45.5,0.510,216,54,2,3,91.1,66.2,53.1,60.4,728,802,"[67,74-79,81-82,140,272,300,316,337,361-363,365,369,371-375,394-402,419-423,426,429-431,436-437,452-455,458-476,480-489,491,493-496,503,507,512,515-565,568-578,580-586,588-607,609-650]","[717,721,723-771,773-774,777]","[548,551]","[739,743,747]",PCCA___CDC5L_unrelaxed_rank_001_alphafold2_multimer_v3_model_2_seed_000.pdb
PCCA___CDC5L,2,1,A,B,0.1080,50.4,5.4,0.0136,0.6741,0.0824,0.1416,508.0,5.0,0.3100,82.7,43.0,0.510,56,36,2,4,79.8,57.5,49.4,59.0,728,802,"[521,524,526-563,570,572-574,583,590,592,624,637-640,642-643,646-647]",[727-762],"[548,551]","[736,739-740,743]",PCCA___CDC5L_unrelaxed_rank_002_alphafold2_multimer_v3_model_1_seed_000.pdb
PCCA___CDC5L,3,3,A,B,0.0000,0.0,0.0,0.0000,0.3478,0.0000,0.0000,0.0,0.0,0.2400,82.4,48.8,0.500,0,0,0,0,,,,,728,802,,,,,PCCA___CDC5L_unrelaxed_rank_003_alphafold2_multimer_v3_model_3_seed_000.pdb
PCCA___CDC5L,4,4,A,B,0.0000,0.0,0.0,0.0000,0.3272,0.0000,0.0000,0.0,0.0,0.2200,82.1,43.9,0.490,0,0,0,0,,,,,728,802,,,,,PCCA___CDC5L_unrelaxed_rank_004_alphafold2_multimer_v3_model_4_seed_000.pdb
PCCA___CDC5L,5,5,A,B,0.0000,0.0,0.0,0.0000,0.1740,0.0000,0.0000,0.0,0.0,0.1700,82.1,44.6,0.480,0,0,0,0,,,,,728,802,,,,,PCCA___CDC5L_unrelaxed_rank_005_alphafold2_multimer_v3_model_5_seed_000.pdb
PDK1___CCNT1,1,4,A,B,0.0000,0.0,0.0,0.0000,0.4289,0.0081,0.0000,4.0,0.0,0.3300,75.0,41.1,0.400,4,3,0,0,93.0,45.2,,,436,726,"[228,270,273,276]","[662,664-665]",,,PDK1___CCNT1_unrelaxed_rank_001_alphafold2_multimer_v3_model_4_seed_000.pdb
PDK1___CCNT1,2,3,A,B,0.0000,0.0,0.0,0.0000,0.3366,0.0000,0.0000,0.0,0.0,0.2100,76.4,42.2,0.410,0,0,0,0,,,,,436,726,,,,,PDK1___CCNT1_unrelaxed_rank_002_alphafold2_multimer_v3_model_3_seed_000.pdb
PDK1___CCNT1,3,2,A,B,0.0000,0.0,0.0,0.0000,0.2829,0.0000,0.0000,0.0,0.0,0.1800,76.9,42.8,0.400,0,0,0,0,,,,,436,726,,,,,PDK1___CCNT1_unrelaxed_rank_003_alphafold2_multimer_v3_model_2_seed_000.pdb
PDK1___CCNT1,4,1,A,B,0.0000,0.0,0.0,0.0000,0.1651,0.0000,0.0000,0.0,0.0,0.1800,76.7,41.6,0.400,0,0,0,0,,,,,436,726,,,,,PDK1___CCNT1_unrelaxed_rank_004_alphafold2_multimer_v3_model_1_seed_000.pdb
PDK1___CCNT1,5,5,A,B,0.0000,0.0,0.0,0.0000,0.1465,0.0000,0.0000,0.0,0.0,0.1600,77.8,41.9,0.400,0,0,0,0,,,,,436,726,,,,,PDK1___CCNT1_unrelaxed_rank_005_alphafold2_multimer_v3_model_5_seed_000.pdb
PRMT1___AGAP3,1,5,A,B,0.2164,1546.4,334.7,0.2192,0.7557,0.1296,0.3615,45988.0,52.0,0.5900,81.2,59.5,0.460,311,213,11,10,91.0,91.1,84.2,81.3,371,875,"[53,57,60-120,122-186,189-371]","[624-745,747-779,786-816,818-844]","[204,206-207,243-244,278-280,324,326,359]","[650,662-663,666,680,682-685,722]",PRMT1___AGAP3_unrelaxed_rank_001_alphafold2_multimer_v3_model_5_seed_000.pdb
PRMT1___AGAP3,2,4,A,B,0.2657,1542.0,409.7,0.2452,0.7958,0.1621,0.4354,54041.0,44.0,0.5800,77.4,58.4,0.470,299,223,11,9,87.8,90.3,82.8,83.0,371,875,"[66,68-118,122-153,155-186,189-371]","[621-782,785-845]","[204,206-207,243-244,278-280,324,326,359]","[650,662-663,666,680,682-684,722]",PRMT1___AGAP3_unrelaxed_rank_002_alphafold2_multimer_v3_model_4_seed_000.pdb
PRMT1___AGAP3,3,2,A,B,0.0000,0.0,0.0,0.0000,0.2404,0.0000,0.0000,0.0,0.0,0.2600,80.7,58.6,0.380,0,0,0,0,,,,,371,875,,,,,PRMT1___AGAP3_unrelaxed_rank_003_alphafold2_multimer_v3_model_2_seed_000.pdb
PRMT1___AGAP3,4,1,A,B,0.0000,0.0,0.0,0.0000,0.3558,0.0000,0.0000,0.0,0.0,0.2100,79.4,56.6,0.370,0,0,0,0,,,,,371,875,,,,,PRMT1___AGAP3_unrelaxed_rank_004_alphafold2_multimer_v3_model_1_seed_000.pdb
PRMT1___AGAP3,5,3,A,B,0.0000,0.0,0.0,0.0000,0.1786,0.0000,0.0000,0.0,0.0,0.1800,79.1,58.8,0.360,0,0,0,0,,,,,371,875,,,,,PRMT1___AGAP3_unrelaxed_rank_005_alphafold2_multimer_v3_model_3_seed_000.pdb
PRMT1___DDX17,1,1,A,B,0.0000,0.0,0.0,0.0000,0.1664,0.0000,0.0000,0.0,0.0,0.1800,80.9,57.6,0.390,0,0,0,0,,,,,371,729,,,,,PRMT1___DDX17_unrelaxed_rank_001_alphafold2_multimer_v3_model_1_seed_000.pdb
PRMT1___DDX17,2,3,A,B,0.0000,0.0,0.0,0.0000,0.1518,0.0000,0.0000,0.0,0.0,0.1600,79.7,58.9,0.410,0,0,0,0,,,,,371,729,,,,,PRMT1___DDX17_unrelaxed_rank_002_alphafold2_multimer_v3_model_3_seed_000.pdb
PRMT1___DDX17,3,2,A,B,0.0000,0.0,0.0,0.0000,0.1714,0.0000,0.0000,0.0,0.0,0.1600,80.9,57.9,0.390,0,0,0,0,,,,,371,729,,,,,PRMT1___DDX17_unrelaxed_rank_003_alphafold2_multimer_v3_model_2_seed_000.pdb
PRMT1___DDX17,4,4,A,B,0.0000,0.0,0.0,0.0000,0.1649,0.0000,0.0000,0.0,0.0,0.1700,77.4,57.2,0.370,0,0,0,0,,,,,371,729,,,,,PRMT1___DDX17_unrelaxed_rank_004_alphafold2_multimer_v3_model_4_seed_000.pdb
PRMT1___DDX17,5,5,A,B,0.0000,0.0,0.0,0.0000,0.1578,0.0000,0.0000,0.0,0.0,0.1500,80.2,58.0,0.380,0,0,0,0,,,,,371,729,,,,,PRMT1___DDX17_unrelaxed_rank_005_alphafold2_multimer_v3_model_5_seed_000.pdb
PRMT1___EDC3,1,2,A,B,0.0000,0.0,0.0,0.0000,0.2625,0.0000,0.0000,0.0,0.0,0.2200,84.2,61.8,0.460,0,0,0,0,,,,,371,508,,,,,PRMT1___EDC3_unrelaxed_rank_001_alphafold2_multimer_v3_model_2_seed_000.pdb
PRMT1___EDC3,2,1,A,B,0.0000,0.0,0.0,0.0000,0.3258,0.0129,0.0000,3.0,0.0,0.2100,83.2,61.2,0.450,2,2,0,0,30.6,78.3,,,371,508,"[11,15]",[50-51],,,PRMT1___EDC3_unrelaxed_rank_002_alphafold2_multimer_v3_model_1_seed_000.pdb
PRMT1___EDC3,3,4,A,B,0.0000,0.0,0.0,0.0000,0.2173,0.0000,0.0000,0.0,0.0,0.1900,79.3,59.6,0.430,0,0,0,0,,,,,371,508,,,,,PRMT1___EDC3_unrelaxed_rank_003_alphafold2_multimer_v3_model_4_seed_000.pdb
PRMT1___EDC3,4,5,A,B,0.0000,0.0,0.0,0.0000,0.3023,0.0085,0.0000,2.0,0.0,0.1800,83.2,60.5,0.440,2,2,0,0,25.1,81.2,,,371,508,"[12,15]","[24,53]",,,PRMT1___EDC3_unrelaxed_rank_004_alphafold2_multimer_v3_model_5_seed_000.pdb
PRMT1___EDC3,5,3,A,B,0.0000,0.0,0.0,0.0000,0.2110,0.0000,0.0000,0.0,0.0,0.1800,83.0,60.8,0.440,0,0,0,0,,,,,371,508,,,,,PRMT1___EDC3_unrelaxed_rank_005_alphafold2_multimer_v3_model_3_seed_000.pdb
PRMT1___KHSRP,1,5,A,B,0.2965,2465.4,731.0,0.2827,0.8431,0.2411,0.3646,32855.0,185.0,0.6100,83.1,39.1,0.450,321,75,34,27,92.5,53.2,87.2,48.0,371,711,[51-371],[233-307],"[199-202,245-253,269-277,304,306,327-334,354,356]","[237,239,242-243,245-246,249,251-253,268-284]",PRMT1___KHSRP_unrelaxed_rank_001_alphafold2_multimer_v3_model_5_seed_000.pdb
PRMT1___KHSRP,2,4,A,B,0.0000,0.0,0.0,0.0000,0.2850,0.0000,0.0000,0.0,0.0,0.2600,79.2,35.5,0.410,0,0,0,0,,,,,371,711,,,,,PRMT1___KHSRP_unrelaxed_rank_002_alphafold2_multimer_v3_model_4_seed_000.pdb
PRMT1___KHSRP,3,1,A,B,0.0000,0.0,0.0,0.0000,0.3365,0.0000,0.0000,0.0,0.0,0.2600,81.8,41.0,0.400,0,0,0,0,,,,,371,711,,,,,PRMT1___KHSRP_unrelaxed_rank_003_alphafold2_multimer_v3_model_1_seed_000.pdb
PRMT1___KHSRP,4,3,A,B,0.0000,0.0,0.0,0.0000,0.3283,0.0000,0.0000,0.0,0.0,0.2200,83.0,39.9,0.400,0,0,0,0,,,,,371,711,,,,,PRMT1___KHSRP_unrelaxed_rank_004_alphafold2_multimer_v3_model_3_seed_000.pdb
PRMT1___KHSRP,5,2,A,B,0.0000,0.0,0.0,0.0000,0.2023,0.0000,0.0000,0.0,0.0,0.1900,83.4,39.3,0.390,0,0,0,0,,,,,371,711,,,,,PRMT1___KHSRP_unrelaxed_rank_005_alphafold2_multimer_v3_model_2_seed_000.pdb
PRMT1___SLC3A2,1,4,A,B,0.0000,0.0,0.0,0.0000,0.1644,0.0000,0.0000,0.0,0.0,0.1800,80.4,68.0,0.500,0,0,0,0,,,,,371,630,,,,,PRMT1___SLC3A2_unrelaxed_rank_001_alphafold2_multimer_v3_model_4_seed_000.pdb
PRMT1___SLC3A2,2,1,A,B,0.0000,0.0,0.0,0.0000,0.2179,0.0000,0.0000,0.0,0.0,0.1800,83.3,69.3,0.490,0,0,0,0,,,,,371,630,,,,,PRMT1___SLC3A2_unrelaxed_rank_002_alphafold2_multimer_v3_model_1_seed_000.pdb
PRMT1___SLC3A2,3,2,A,B,0.0000,0.0,0.0,0.0000,0.1456,0.0000,0.0000,0.0,0.0,0.1600,83.5,68.7,0.490,0,0,0,0,,,,,371,630,,,,,PRMT1___SLC3A2_unrelaxed_rank_003_alphafold2_multimer_v3_model_2_seed_000.pdb
PRMT1___SLC3A2,4,5,A,B,0.0000,0.0,0.0,0.0000,0.1352,0.0000,0.0000,0.0,0.0,0.1500,83.4,68.1,0.480,0,0,0,0,,,,,371,630,,,,,PRMT1___SLC3A2_unrelaxed_rank_004_alphafold2_multimer_v3_model_5_seed_000.pdb
PRMT1___SLC3A2,5,3,A,B,0.0000,0.0,0.0,0.0000,0.1320,0.0000,0.0000,0.0,0.0,0.1500,82.5,67.5,0.480,0,0,0,0,,,,,371,630,,,,,PRMT1___SLC3A2_unrelaxed_rank_005_alphafold2_multimer_v3_model_3_seed_000.pdb
PSPC1___AGAP3,1,3,A,B,0.0746,74.1,5.5,0.0170,0.7175,0.0613,0.0908,422.0,13.0,0.2400,57.2,60.4,0.300,4,185,2,10,48.4,85.3,53.0,79.7,523,875,[520-523],"[30-54,56-57,61-63,65-79,90-116,122-134,136-149,151-185,191-200,202,208-210,212,214-220,226-254]",[522-523],"[40-41,47-48,105,124-127,144]",PSPC1___AGAP3_unrelaxed_rank_001_alphafold2_multimer_v3_model_3_seed_000.pdb
PSPC1___AGAP3,2,1,A,B,0.0000,0.0,0.0,0.0000,0.3871,0.0000,0.0000,0.0,0.0,0.1900,57.3,59.1,0.300,0,0,0,0,,,,,523,875,,,,,PSPC1___AGAP3_unrelaxed_rank_002_alphafold2_multimer_v3_model_1_seed_000.pdb
PSPC1___AGAP3,3,4,A,B,0.0000,0.0,0.0,0.0000,0.4307,0.0000,0.0000,0.0,0.0,0.1800,54.1,59.8,0.280,0,0,0,0,,,,,523,875,,,,,PSPC1___AGAP3_unrelaxed_rank_003_alphafold2_multimer_v3_model_4_seed_000.pdb
PSPC1___AGAP3,4,5,A,B,0.0000,0.0,0.0,0.0000,0.3902,0.0000,0.0000,0.0,0.0,0.1700,55.9,60.5,0.300,0,0,0,0,,,,,523,875,,,,,PSPC1___AGAP3_unrelaxed_rank_004_alphafold2_multimer_v3_model_5_seed_000.pdb
PSPC1___AGAP3,5,2,A,B,0.0000,0.0,0.0,0.0000,0.3960,0.0000,0.0000,0.0,0.0,0.1700,55.5,61.4,0.300,0,0,0,0,,,,,523,875,,,,,PSPC1___AGAP3_unrelaxed_rank_005_alphafold2_multimer_v3_model_2_seed_000.pdb
PTBP3___FAM50A,1,3,A,B,0.0000,0.0,0.0,0.0000,0.2358,0.0000,0.0000,0.0,0.0,0.1500,65.0,54.7,0.300,0,0,0,0,,,,,552,339,,,,,PTBP3___FAM50A_unrelaxed_rank_001_alphafold2_multimer_v3_model_3_seed_000.pdb
PTBP3___FAM50A,2,5,A,B,0.0000,0.0,0.0,0.0000,0.2657,0.0000,0.0000,0.0,0.0,0.1500,65.9,53.4,0.300,0,0,0,0,,,,,552,339,,,,,PTBP3___FAM50A_unrelaxed_rank_002_alphafold2_multimer_v3_model_5_seed_000.pdb
PTBP3___FAM50A,3,1,A,B,0.0000,0.0,0.0,0.0000,0.1204,0.0000,0.0000,0.0,0.0,0.1300,64.9,55.6,0.310,0,0,0,0,,,,,552,339,,,,,PTBP3___FAM50A_unrelaxed_rank_003_alphafold2_multimer_v3_model_1_seed_000.pdb
PTBP3___FAM50A,4,4,A,B,0.0000,0.0,0.0,0.0000,0.1348,0.0000,0.0000,0.0,0.0,0.1200,65.0,52.8,0.300,0,0,0,0,,,,,552,339,,,,,PTBP3___FAM50A_unrelaxed_rank_004_alphafold2_multimer_v3_model_4_seed_000.pdb
PTBP3___FAM50A,5,2,A,B,0.0000,0.0,0.0,0.0000,0.1215,0.0000,0.0000,0.0,0.0,0.1200,67.4,59.4,0.300,0,0,0,0,,,,,552,339,,,,,PTBP3___FAM50A_unrelaxed_rank_005_alphafold2_multimer_v3_model_2_seed_000.pdb
PTBP3___PDK1,1,1,A,B,0.0000,0.0,0.0,0.0000,0.3040,0.0000,0.0000,0.0,0.0,0.2600,59.9,78.2,0.470,0,0,0,0,,,,,552,436,,,,,PTBP3___PDK1_unrelaxed_rank_001_alphafold2_multimer_v3_model_1_seed_000.pdb
PTBP3___PDK1,2,3,A,B,0.0000,0.0,0.0,0.0000,0.1816,0.0000,0.0000,0.0,0.0,0.1700,61.6,76.0,0.440,0,0,0,0,,,,,552,436,,,,,PTBP3___PDK1_unrelaxed_rank_002_alphafold2_multimer_v3_model_3_seed_000.pdb
PTBP3___PDK1,3,4,A,B,0.0000,0.0,0.0,0.0000,0.1576,0.0000,0.0000,0.0,0.0,0.1600,59.8,77.6,0.460,0,0,0,0,,,,,552,436,,,,,PTBP3___PDK1_unrelaxed_rank_003_alphafold2_multimer_v3_model_4_seed_000.pdb
PTBP3___PDK1,4,5,A,B,0.0000,0.0,0.0,0.0000,0.1381,0.0000,0.0000,0.0,0.0,0.1500,62.7,77.0,0.440,0,0,0,0,,,,,552,436,,,,,PTBP3___PDK1_unrelaxed_rank_004_alphafold2_multimer_v3_model_5_seed_000.pdb
PTBP3___PDK1,5,2,A,B,0.0000,0.0,0.0,0.0000,0.1394,0.0000,0.0000,0.0,0.0,0.1400,63.1,78.2,0.450,0,0,0,0,,,,,552,436,,,,,PTBP3___PDK1_unrelaxed_rank_005_alphafold2_multimer_v3_model_2_seed_000.pdb
PTBP3___TXN,1,4,A,B,0.0000,0.0,0.0,0.0000,0.1849,0.0000,0.0000,0.0,0.0,0.2000,62.3,79.7,0.370,0,0,0,0,,,,,552,105,,,,,PTBP3___TXN_unrelaxed_rank_001_alphafold2_multimer_v3_model_4_seed_000.pdb
PTBP3___TXN,2,1,A,B,0.0000,0.0,0.0,0.0000,0.1597,0.0000,0.0000,0.0,0.0,0.1900,61.5,80.2,0.370,0,0,0,0,,,,,552,105,,,,,PTBP3___TXN_unrelaxed_rank_002_alphafold2_multimer_v3_model_1_seed_000.pdb
PTBP3___TXN,3,3,A,B,0.0000,0.0,0.0,0.0000,0.1374,0.0000,0.0000,0.0,0.0,0.1600,62.8,81.9,0.360,0,0,0,0,,,,,552,105,,,,,PTBP3___TXN_unrelaxed_rank_003_alphafold2_multimer_v3_model_3_seed_000.pdb
PTBP3___TXN,4,2,A,B,0.0000,0.0,0.0,0.0000,0.1424,0.0000,0.0000,0.0,0.0,0.1500,63.7,81.2,0.370,0,0,0,0,,,,,552,105,,,,,PTBP3___TXN_unrelaxed_rank_004_alphafold2_multimer_v3_model_2_seed_000.pdb
PTBP3___TXN,5,5,A,B,0.0000,0.0,0.0,0.0000,0.1411,0.0000,0.0000,0.0,0.0,0.1500,63.1,82.2,0.360,0,0,0,0,,,,,552,105,,,,,PTBP3___TXN_unrelaxed_rank_005_alphafold2_multimer_v3_model_5_seed_000.pdb
RAVER1___PDK1,1,4,A,B,0.0000,0.0,0.0,0.0000,0.2173,0.0000,0.0000,0.0,0.0,0.1900,50.5,74.2,0.430,0,0,0,0,,,,,606,436,,,,,RAVER1___PDK1_unrelaxed_rank_001_alphafold2_multimer_v3_model_4_seed_000.pdb
RAVER1___PDK1,2,3,A,B,0.0000,0.0,0.0,0.0000,0.1640,0.0000,0.0000,0.0,0.0,0.1900,51.3,75.8,0.430,0,0,0,0,,,,,606,436,,,,,RAVER1___PDK1_unrelaxed_rank_002_alphafold2_multimer_v3_model_3_seed_000.pdb
RAVER1___PDK1,3,1,A,B,0.0000,0.0,0.0,0.0000,0.1851,0.0000,0.0000,0.0,0.0,0.1800,50.2,74.8,0.420,0,0,0,0,,,,,606,436,,,,,RAVER1___PDK1_unrelaxed_rank_003_alphafold2_multimer_v3_model_1_seed_000.pdb
RAVER1___PDK1,4,2,A,B,0.0000,0.0,0.0,0.0000,0.1613,0.0000,0.0000,0.0,0.0,0.1800,50.6,75.7,0.420,0,0,0,0,,,,,606,436,,,,,RAVER1___PDK1_unrelaxed_rank_004_alphafold2_multimer_v3_model_2_seed_000.pdb
RAVER1___PDK1,5,5,A,B,0.0000,0.0,0.0,0.0000,0.1525,0.0000,0.0000,0.0,0.0,0.1700,50.6,76.2,0.430,0,0,0,0,,,,,606,436,,,,,RAVER1___PDK1_unrelaxed_rank_005_alphafold2_multimer_v3_model_5_seed_000.pdb
RAVER1___U2SURP,1,5,A,B,0.1569,142.3,22.3,0.0157,0.7830,0.1187,0.2073,881.0,23.0,0.2200,52.4,46.8,0.310,9,140,5,6,37.6,90.0,41.5,89.3,606,1029,[565-573],"[534-606,609-638,641-676,678]","[567-569,571-572]","[543,576,579-580,582-583]",RAVER1___U2SURP_unrelaxed_rank_001_alphafold2_multimer_v3_model_5_seed_000.pdb
RAVER1___U2SURP,2,4,A,B,0.2402,206.5,49.6,0.0241,0.8102,0.1885,0.3062,1470.0,29.0,0.2200,53.4,43.8,0.310,13,144,5,7,40.7,87.0,48.4,86.7,606,1029,[563-575],"[534-607,609-678]","[567-569,571-572]","[543,547,576,579-580,582-583]",RAVER1___U2SURP_unrelaxed_rank_002_alphafold2_multimer_v3_model_4_seed_000.pdb
RAVER1___U2SURP,3,3,A,B,0.0305,39.2,1.2,0.0128,0.5685,0.0395,0.0235,385.0,4.0,0.2000,51.6,46.2,0.310,6,126,2,3,32.5,89.1,35.7,84.7,606,1029,[567-572],"[535-548,550-584,586-604,612-637,642-660,663-664,666-676]",[568-569],"[579,582-583]",RAVER1___U2SURP_unrelaxed_rank_003_alphafold2_multimer_v3_model_3_seed_000.pdb
RAVER1___U2SURP,4,1,A,B,0.0000,0.0,0.0,0.0000,0.2612,0.0000,0.0000,0.0,0.0,0.2000,51.4,46.0,0.310,0,0,0,0,,,,,606,1029,,,,,RAVER1___U2SURP_unrelaxed_rank_004_alphafold2_multimer_v3_model_1_seed_000.pdb
RAVER1___U2SURP,5,2,A,B,0.0000,0.0,0.0,0.0000,0.2315,0.0000,0.0000,0.0,0.0,0.1800,52.4,47.9,0.310,0,0,0,0,,,,,606,1029,,,,,RAVER1___U2SURP_unrelaxed_rank_005_alphafold2_multimer_v3_model_2_seed_000.pdb
RB1___LUC7L2,1,1,A,B,0.0000,0.0,0.0,0.0000,0.3269,0.0000,0.0000,0.0,0.0,0.2400,68.2,49.8,0.560,0,0,0,0,,,,,928,392,,,,,RB1___LUC7L2_unrelaxed_rank_001_alphafold2_multimer_v3_model_1_seed_000.pdb
RB1___LUC7L2,2,3,A,B,0.0000,0.0,0.0,0.0000,0.3892,0.0000,0.0000,0.0,0.0,0.1800,66.8,52.7,0.550,0,0,0,0,,,,,928,392,,,,,RB1___LUC7L2_unrelaxed_rank_002_alphafold2_multimer_v3_model_3_seed_000.pdb
RB1___LUC7L2,3,4,A,B,0.0000,0.0,0.0,0.0000,0.1880,0.0000,0.0000,0.0,0.0,0.1700,66.7,49.2,0.550,0,0,0,0,,,,,928,392,,,,,RB1___LUC7L2_unrelaxed_rank_003_alphafold2_multimer_v3_model_4_seed_000.pdb
RB1___LUC7L2,4,5,A,B,0.0000,0.0,0.0,0.0000,0.1698,0.0000,0.0000,0.0,0.0,0.1700,67.5,52.2,0.550,0,0,0,0,,,,,928,392,,,,,RB1___LUC7L2_unrelaxed_rank_004_alphafold2_multimer_v3_model_5_seed_000.pdb
RB1___LUC7L2,5,2,A,B,0.0000,0.0,0.0,0.0000,0.1791,0.0000,0.0000,0.0,0.0,0.1600,68.1,51.5,0.550,0,0,0,0,,,,,928,392,,,,,RB1___LUC7L2_unrelaxed_rank_005_alphafold2_multimer_v3_model_2_seed_000.pdb
RB1___PTBP1,1,3,A,B,0.0000,0.0,0.0,0.0000,0.1878,0.0000,0.0000,0.0,0.0,0.1900,67.0,57.7,0.520,0,0,0,0,,,,,928,557,,,,,RB1___PTBP1_unrelaxed_rank_001_alphafold2_multimer_v3_model_3_seed_000.pdb
RB1___PTBP1,2,4,A,B,0.0000,0.0,0.0,0.0000,0.1772,0.0000,0.0000,0.0,0.0,0.1900,67.8,54.3,0.520,0,0,0,0,,,,,928,557,,,,,RB1___PTBP1_unrelaxed_rank_002_alphafold2_multimer_v3_model_4_seed_000.pdb
RB1___PTBP1,3,5,A,B,0.0000,0.0,0.0,0.0000,0.1759,0.0000,0.0000,0.0,0.0,0.1800,67.5,59.5,0.520,0,0,0,0,,,,,928,557,,,,,RB1___PTBP1_unrelaxed_rank_003_alphafold2_multimer_v3_model_5_seed_000.pdb
RB1___PTBP1,4,1,A,B,0.0000,0.0,0.0,0.0000,0.1910,0.0000,0.0000,0.0,0.0,0.1800,67.7,54.2,0.510,0,0,0,0,,,,,928,557,,,,,RB1___PTBP1_unrelaxed_rank_004_alphafold2_multimer_v3_model_1_seed_000.pdb
RB1___PTBP1,5,2,A,B,0.0000,0.0,0.0,0.0000,0.1794,0.0000,0.0000,0.0,0.0,0.1800,68.0,58.7,0.520,0,0,0,0,,,,,928,557,,,,,RB1___PTBP1_unrelaxed_rank_005_alphafold2_multimer_v3_model_2_seed_000.pdb
RBM33___GFP,1,4,A,B,0.5795,1167.1,676.3,0.6621,0.9771,0.4331,0.7753,20637.0,66.0,0.8800,23.5,88.7,0.320,60,234,13,14,78.4,89.8,86.9,86.1,1170,238,[776-835],[1-234],"[790,793-794,797-798,800-801,803-805,807-808,811]","[3-4,6-7,12,88-90,114,116-117,190-192]",RBM33___GFP_unrelaxed_rank_001_alphafold2_multimer_v3_model_4_seed_000.pdb
RBM33___GFP,2,1,A,B,0.0356,20.0,0.7,0.0109,0.4875,0.0321,0.0396,133.0,3.0,0.4900,22.6,87.9,0.300,9,83,2,1,63.6,91.0,63.7,84.2,1170,238,[797-805],"[3-8,11-13,17-20,22,25,27-29,31,36-37,46-47,53,55-56,67-70,72,77,84-85,87-91,93,95,97-100,108-110,112-115,120,122,124-127,130,141,150,152,161-163,183-188,190,193,197,199-200,202-203,209,216-219]","[801,804]",[89],RBM33___GFP_unrelaxed_rank_002_alphafold2_multimer_v3_model_1_seed_000.pdb
RBM33___GFP,3,5,A,B,0.0000,0.0,0.0,0.0000,0.3701,0.0000,0.0000,0.0,0.0,0.4500,23.4,89.7,0.300,0,0,0,0,,,,,1170,238,,,,,RBM33___GFP_unrelaxed_rank_003_alphafold2_multimer_v3_model_5_seed_000.pdb
RBM33___GFP,4,3,A,B,0.0000,0.0,0.0,0.0000,0.2451,0.0000,0.0000,0.0,0.0,0.2600,23.1,85.1,0.290,0,0,0,0,,,,,1170,238,,,,,RBM33___GFP_unrelaxed_rank_004_alphafold2_multimer_v3_model_3_seed_000.pdb
RBM33___GFP,5,2,A,B,0.0000,0.0,0.0,0.0000,0.2207,0.0000,0.0000,0.0,0.0,0.2300,21.7,89.3,0.290,0,0,0,0,,,,,1170,238,,,,,RBM33___GFP_unrelaxed_rank_005_alphafold2_multimer_v3_model_2_seed_000.pdb
RPS12___PDK1,1,4,A,B,0.0000,0.0,0.0,0.0000,0.1459,0.0000,0.0000,0.0,0.0,0.1900,69.0,78.7,0.680,0,0,0,0,,,,,132,436,,,,,RPS12___PDK1_unrelaxed_rank_001_alphafold2_multimer_v3_model_4_seed_000.pdb
RPS12___PDK1,2,3,A,B,0.0000,0.0,0.0,0.0000,0.1046,0.0000,0.0000,0.0,0.0,0.1300,76.7,78.0,0.650,0,0,0,0,,,,,132,436,,,,,RPS12___PDK1_unrelaxed_rank_002_alphafold2_multimer_v3_model_3_seed_000.pdb
RPS12___PDK1,3,1,A,B,0.0000,0.0,0.0,0.0000,0.1008,0.0000,0.0000,0.0,0.0,0.1200,72.1,78.5,0.660,0,0,0,0,,,,,132,436,,,,,RPS12___PDK1_unrelaxed_rank_003_alphafold2_multimer_v3_model_1_seed_000.pdb
RPS12___PDK1,4,5,A,B,0.0000,0.0,0.0,0.0000,0.1036,0.0000,0.0000,0.0,0.0,0.1100,75.7,79.4,0.660,0,0,0,0,,,,,132,436,,,,,RPS12___PDK1_unrelaxed_rank_004_alphafold2_multimer_v3_model_5_seed_000.pdb
RPS12___PDK1,5,2,A,B,0.0000,0.0,0.0,0.0000,0.0937,0.0000,0.0000,0.0,0.0,0.1100,74.4,76.7,0.650,0,0,0,0,,,,,132,436,,,,,RPS12___PDK1_unrelaxed_rank_005_alphafold2_multimer_v3_model_2_seed_000.pdb
SAR1A___PPP1R10,1,2,A,B,0.0000,0.0,0.0,0.0000,0.3668,0.0000,0.0000,0.0,0.0,0.3200,71.0,32.6,0.280,0,0,0,0,,,,,198,940,,,,,SAR1A___PPP1R10_unrelaxed_rank_001_alphafold2_multimer_v3_model_2_seed_000.pdb
SAR1A___PPP1R10,2,4,A,B,0.0000,0.0,0.0,0.0000,0.3118,0.0000,0.0000,0.0,0.0,0.3000,65.2,30.8,0.280,0,0,0,0,,,,,198,940,,,,,SAR1A___PPP1R10_unrelaxed_rank_002_alphafold2_multimer_v3_model_4_seed_000.pdb
SAR1A___PPP1R10,3,1,A,B,0.0000,0.0,0.0,0.0000,0.2312,0.0000,0.0000,0.0,0.0,0.2400,68.9,31.3,0.270,0,0,0,0,,,,,198,940,,,,,SAR1A___PPP1R10_unrelaxed_rank_003_alphafold2_multimer_v3_model_1_seed_000.pdb
SAR1A___PPP1R10,4,3,A,B,0.0000,0.0,0.0,0.0000,0.1879,0.0000,0.0000,0.0,0.0,0.2100,63.5,31.9,0.270,0,0,0,0,,,,,198,940,,,,,SAR1A___PPP1R10_unrelaxed_rank_004_alphafold2_multimer_v3_model_3_seed_000.pdb
SAR1A___PPP1R10,5,5,A,B,0.0000,0.0,0.0,0.0000,0.1665,0.0000,0.0000,0.0,0.0,0.2000,69.9,32.9,0.260,0,0,0,0,,,,,198,940,,,,,SAR1A___PPP1R10_unrelaxed_rank_005_alphafold2_multimer_v3_model_5_seed_000.pdb
SAR1A___SF3B2,1,4,A,B,0.0000,0.0,0.0,0.0000,0.2927,0.0000,0.0000,0.0,0.0,0.2700,72.4,36.6,0.260,0,0,0,0,,,,,198,895,,,,,SAR1A___SF3B2_unrelaxed_rank_001_alphafold2_multimer_v3_model_4_seed_000.pdb
SAR1A___SF3B2,2,2,A,B,0.0000,0.0,0.0,0.0000,0.2912,0.0000,0.0000,0.0,0.0,0.2200,71.6,42.1,0.260,0,0,0,0,,,,,198,895,,,,,SAR1A___SF3B2_unrelaxed_rank_002_alphafold2_multimer_v3_model_2_seed_000.pdb
SAR1A___SF3B2,3,1,A,B,0.0000,0.0,0.0,0.0000,0.0000,0.0000,0.0000,0.0,0.0,0.1700,71.4,43.2,0.260,0,0,0,0,,,,,198,895,,,,,SAR1A___SF3B2_unrelaxed_rank_003_alphafold2_multimer_v3_model_1_seed_000.pdb
SAR1A___SF3B2,4,5,A,B,0.0000,0.0,0.0,0.0000,0.0000,0.0000,0.0000,0.0,0.0,0.1600,71.8,41.3,0.260,0,0,0,0,,,,,198,895,,,,,SAR1A___SF3B2_unrelaxed_rank_004_alphafold2_multimer_v3_model_5_seed_000.pdb
SAR1A___SF3B2,5,3,A,B,0.0000,0.0,0.0,0.0000,0.1182,0.0000,0.0000,0.0,0.0,0.1400,69.8,42.5,0.250,0,0,0,0,,,,,198,895,,,,,SAR1A___SF3B2_unrelaxed_rank_005_alphafold2_multimer_v3_model_3_seed_000.pdb
SF1___AGAP3,1,1,A,B,0.0000,0.0,0.0,0.0000,0.3201,0.0000,0.0000,0.0,0.0,0.2000,32.0,57.2,0.290,0,0,0,0,,,,,639,875,,,,,SF1___AGAP3_unrelaxed_rank_001_alphafold2_multimer_v3_model_1_seed_000.pdb
SF1___AGAP3,2,4,A,B,0.0000,0.0,0.0,0.0000,0.4846,0.0000,0.0000,0.0,0.0,0.1900,32.7,58.1,0.290,0,0,0,0,,,,,639,875,,,,,SF1___AGAP3_unrelaxed_rank_002_alphafold2_multimer_v3_model_4_seed_000.pdb
SF1___AGAP3,3,3,A,B,0.0000,0.0,0.0,0.0000,0.2870,0.0000,0.0000,0.0,0.0,0.1900,35.3,60.2,0.290,0,0,0,0,,,,,639,875,,,,,SF1___AGAP3_unrelaxed_rank_003_alphafold2_multimer_v3_model_3_seed_000.pdb
SF1___AGAP3,4,2,A,B,0.0000,0.0,0.0,0.0000,0.1914,0.0000,0.0000,0.0,0.0,0.1800,34.6,61.2,0.290,0,0,0,0,,,,,639,875,,,,,SF1___AGAP3_unrelaxed_rank_004_alphafold2_multimer_v3_model_2_seed_000.pdb
SF1___AGAP3,5,5,A,B,0.0000,0.0,0.0,0.0000,0.1947,0.0000,0.0000,0.0,0.0,0.1700,34.4,61.0,0.290,0,0,0,0,,,,,639,875,,,,,SF1___AGAP3_unrelaxed_rank_005_alphafold2_multimer_v3_model_5_seed_000.pdb
SF1___HMGB1,1,2,A,B,0.0000,0.0,0.0,0.0000,0.1940,0.0000,0.0000,0.0,0.0,0.1600,39.2,64.4,0.240,0,0,0,0,,,,,639,215,,,,,SF1___HMGB1_unrelaxed_rank_001_alphafold2_multimer_v3_model_2_seed_000.pdb
SF1___HMGB1,2,5,A,B,0.0000,0.0,0.0,0.0000,0.1309,0.0000,0.0000,0.0,0.0,0.1500,40.1,63.7,0.260,0,0,0,0,,,,,639,215,,,,,SF1___HMGB1_unrelaxed_rank_002_alphafold2_multimer_v3_model_5_seed_000.pdb
SF1___HMGB1,3,4,A,B,0.0000,0.0,0.0,0.0000,0.1812,0.0000,0.0000,0.0,0.0,0.1500,39.2,61.5,0.250,0,0,0,0,,,,,639,215,,,,,SF1___HMGB1_unrelaxed_rank_003_alphafold2_multimer_v3_model_4_seed_000.pdb
SF1___HMGB1,4,3,A,B,0.0000,0.0,0.0,0.0000,0.1509,0.0000,0.0000,0.0,0.0,0.1500,39.1,62.4,0.250,0,0,0,0,,,,,639,215,,,,,SF1___HMGB1_unrelaxed_rank_004_alphafold2_multimer_v3_model_3_seed_000.pdb
SF1___HMGB1,5,1,A,B,0.0000,0.0,0.0,0.0000,0.1300,0.0000,0.0000,0.0,0.0,0.1400,40.8,65.9,0.240,0,0,0,0,,,,,639,215,,,,,SF1___HMGB1_unrelaxed_rank_005_alphafold2_multimer_v3_model_1_seed_000.pdb
SF1___LUC7L2,1,2,A,B,0.3336,1591.6,530.9,0.4189,0.9410,0.2054,0.5416,27238.0,93.0,0.5200,41.7,62.6,0.400,136,222,15,25,79.0,87.2,70.3,85.3,639,392,[135-270],[26-247],"[160,248-255,257,261,263-266]","[51-53,55,137,140-141,144-145,149,152,156,159,195,203-205,207-209,211-215]",SF1___LUC7L2_unrelaxed_rank_001_alphafold2_multimer_v3_model_2_seed_000.pdb
SF1___LUC7L2,2,3,A,B,0.3288,1454.6,478.2,0.3331,0.9021,0.1925,0.5616,26450.0,80.0,0.4800,42.4,62.0,0.400,139,217,15,20,78.3,87.7,69.0,86.6,639,392,[136-274],[27-243],"[248-255,257,263-266,269,272]","[51-53,137,140-141,145,156,159,200,202-204,207-209,211-214]",SF1___LUC7L2_unrelaxed_rank_002_alphafold2_multimer_v3_model_3_seed_000.pdb
SF1___LUC7L2,3,5,A,B,0.2946,1425.5,419.9,0.2871,0.8868,0.1722,0.5038,22833.0,89.0,0.4700,42.5,61.9,0.390,134,216,13,21,79.5,88.2,69.6,85.7,639,392,[136-269],[28-243],"[248-255,257,263-266]","[51-53,55,137,140-141,144-145,152,156,159,203-204,207-209,211-214]",SF1___LUC7L2_unrelaxed_rank_003_alphafold2_multimer_v3_model_5_seed_000.pdb
SF1___LUC7L2,4,4,A,B,0.0167,1.4,0.0,0.0000,0.4319,0.0129,0.0217,2.0,1.0,0.2500,38.7,61.1,0.320,1,2,1,1,46.9,84.7,46.9,84.1,639,392,[263],"[141,153]",[263],[141],SF1___LUC7L2_unrelaxed_rank_004_alphafold2_multimer_v3_model_4_seed_000.pdb
SF1___LUC7L2,5,1,A,B,0.0000,0.0,0.0,0.0000,0.2137,0.0000,0.0000,0.0,0.0,0.1800,41.7,60.5,0.310,0,0,0,0,,,,,639,392,,,,,SF1___LUC7L2_unrelaxed_rank_005_alphafold2_multimer_v3_model_1_seed_000.pdb
SF3B2___PCCA,1,2,A,B,0.0000,0.0,0.0,0.0000,0.3737,0.0000,0.0000,0.0,0.0,0.2900,33.1,83.7,0.480,0,0,0,0,,,,,895,728,,,,,SF3B2___PCCA_unrelaxed_rank_001_alphafold2_multimer_v3_model_2_seed_000.pdb
SF3B2___PCCA,2,3,A,B,0.0000,0.0,0.0,0.0000,0.2149,0.0000,0.0000,0.0,0.0,0.1800,33.3,82.6,0.480,0,0,0,0,,,,,895,728,,,,,SF3B2___PCCA_unrelaxed_rank_002_alphafold2_multimer_v3_model_3_seed_000.pdb
SF3B2___PCCA,3,1,A,B,0.0000,0.0,0.0,0.0000,0.2083,0.0000,0.0000,0.0,0.0,0.1900,35.0,82.9,0.480,0,0,0,0,,,,,895,728,,,,,SF3B2___PCCA_unrelaxed_rank_003_alphafold2_multimer_v3_model_1_seed_000.pdb
SF3B2___PCCA,4,4,A,B,0.0000,0.0,0.0,0.0000,0.2640,0.0000,0.0000,0.0,0.0,0.1800,31.2,82.3,0.470,0,0,0,0,,,,,895,728,,,,,SF3B2___PCCA_unrelaxed_rank_004_alphafold2_multimer_v3_model_4_seed_000.pdb
SF3B2___PCCA,5,5,A,B,0.0000,0.0,0.0,0.0000,0.1487,0.0000,0.0000,0.0,0.0,0.1800,32.5,82.7,0.470,0,0,0,0,,,,,895,728,,,,,SF3B2___PCCA_unrelaxed_rank_005_alphafold2_multimer_v3_model_5_seed_000.pdb
SF3B2___RAVER1,1,1,A,B,0.0000,0.0,0.0,0.0000,0.2090,0.0000,0.0000,0.0,0.0,0.1700,35.6,52.4,0.320,0,0,0,0,,,,,895,606,,,,,SF3B2___RAVER1_unrelaxed_rank_001_alphafold2_multimer_v3_model_1_seed_000.pdb
SF3B2___RAVER1,2,4,A,B,0.0000,0.0,0.0,0.0000,0.2484,0.0000,0.0000,0.0,0.0,0.1700,33.7,53.1,0.320,0,0,0,0,,,,,895,606,,,,,SF3B2___RAVER1_unrelaxed_rank_002_alphafold2_multimer_v3_model_4_seed_000.pdb
SF3B2___RAVER1,3,2,A,B,0.0000,0.0,0.0,0.0000,0.1486,0.0000,0.0000,0.0,0.0,0.1700,36.1,53.4,0.320,0,0,0,0,,,,,895,606,,,,,SF3B2___RAVER1_unrelaxed_rank_003_alphafold2_multimer_v3_model_2_seed_000.pdb
SF3B2___RAVER1,4,3,A,B,0.0000,0.0,0.0,0.0000,0.1724,0.0000,0.0000,0.0,0.0,0.1600,36.7,52.2,0.320,0,0,0,0,,,,,895,606,,,,,SF3B2___RAVER1_unrelaxed_rank_004_alphafold2_multimer_v3_model_3_seed_000.pdb
SF3B2___RAVER1,5,5,A,B,0.0000,0.0,0.0,0.0000,0.1411,0.0000,0.0000,0.0,0.0,0.1600,36.8,53.0,0.320,0,0,0,0,,,,,895,606,,,,,SF3B2___RAVER1_unrelaxed_rank_005_alphafold2_multimer_v3_model_5_seed_000.pdb
SF3B2___SRSF11,1,4,A,B,0.0000,0.0,0.0,0.0000,0.3159,0.0000,0.0000,0.0,0.0,0.2000,38.9,31.6,0.220,0,0,0,0,,,,,895,484,,,,,SF3B2___SRSF11_unrelaxed_rank_001_alphafold2_multimer_v3_model_4_seed_000.pdb
SF3B2___SRSF11,2,3,A,B,0.0000,0.0,0.0,0.0000,0.2882,0.0000,0.0000,0.0,0.0,0.1800,41.8,32.1,0.220,0,0,0,0,,,,,895,484,,,,,SF3B2___SRSF11_unrelaxed_rank_002_alphafold2_multimer_v3_model_3_seed_000.pdb
SF3B2___SRSF11,3,1,A,B,0.0000,0.0,0.0,0.0000,0.1950,0.0000,0.0000,0.0,0.0,0.1600,41.3,33.5,0.220,0,0,0,0,,,,,895,484,,,,,SF3B2___SRSF11_unrelaxed_rank_003_alphafold2_multimer_v3_model_1_seed_000.pdb
SF3B2___SRSF11,4,2,A,B,0.0000,0.0,0.0,0.0000,0.1399,0.0000,0.0000,0.0,0.0,0.1500,42.1,34.7,0.220,0,0,0,0,,,,,895,484,,,,,SF3B2___SRSF11_unrelaxed_rank_004_alphafold2_multimer_v3_model_2_seed_000.pdb
SF3B2___SRSF11,5,5,A,B,0.0000,0.0,0.0,0.0000,0.1366,0.0000,0.0000,0.0,0.0,0.1400,41.7,32.6,0.210,0,0,0,0,,,,,895,484,,,,,SF3B2___SRSF11_unrelaxed_rank_005_alphafold2_multimer_v3_model_5_seed_000.pdb
SFPQ___CCNT1,1,2,A,B,0.0000,0.0,0.0,0.0000,0.1632,0.0000,0.0000,0.0,0.0,0.1600,47.3,45.0,0.310,0,0,0,0,,,,,707,726,,,,,SFPQ___CCNT1_unrelaxed_rank_001_alphafold2_multimer_v3_model_2_seed_000.pdb
SFPQ___CCNT1,2,3,A,B,0.0000,0.0,0.0,0.0000,0.1604,0.0000,0.0000,0.0,0.0,0.1600,47.2,43.6,0.300,0,0,0,0,,,,,707,726,,,,,SFPQ___CCNT1_unrelaxed_rank_002_alphafold2_multimer_v3_model_3_seed_000.pdb
SFPQ___CCNT1,3,1,A,B,0.0000,0.0,0.0,0.0000,0.1629,0.0000,0.0000,0.0,0.0,0.1500,47.1,43.5,0.300,0,0,0,0,,,,,707,726,,,,,SFPQ___CCNT1_unrelaxed_rank_003_alphafold2_multimer_v3_model_1_seed_000.pdb
SFPQ___CCNT1,4,5,A,B,0.0000,0.0,0.0,0.0000,0.1456,0.0000,0.0000,0.0,0.0,0.1500,47.1,43.0,0.300,0,0,0,0,,,,,707,726,,,,,SFPQ___CCNT1_unrelaxed_rank_004_alphafold2_multimer_v3_model_5_seed_000.pdb
SFPQ___CCNT1,5,4,A,B,0.0000,0.0,0.0,0.0000,0.1658,0.0000,0.0000,0.0,0.0,0.1500,46.1,41.6,0.290,0,0,0,0,,,,,707,726,,,,,SFPQ___CCNT1_unrelaxed_rank_005_alphafold2_multimer_v3_model_4_seed_000.pdb
SFPQ___MRPL12,1,3,A,B,0.0000,0.0,0.0,0.0000,0.2004,0.0000,0.0000,0.0,0.0,0.1400,49.9,43.7,0.360,0,0,0,0,,,,,707,198,,,,,SFPQ___MRPL12_unrelaxed_rank_001_alphafold2_multimer_v3_model_3_seed_000.pdb
SFPQ___MRPL12,2,4,A,B,0.0000,0.0,0.0,0.0000,0.1327,0.0000,0.0000,0.0,0.0,0.1400,48.8,42.8,0.340,0,0,0,0,,,,,707,198,,,,,SFPQ___MRPL12_unrelaxed_rank_002_alphafold2_multimer_v3_model_4_seed_000.pdb
SFPQ___MRPL12,3,2,A,B,0.0000,0.0,0.0,0.0000,0.1472,0.0000,0.0000,0.0,0.0,0.1300,49.5,49.5,0.350,0,0,0,0,,,,,707,198,,,,,SFPQ___MRPL12_unrelaxed_rank_003_alphafold2_multimer_v3_model_2_seed_000.pdb
SFPQ___MRPL12,4,1,A,B,0.0000,0.0,0.0,0.0000,0.1291,0.0000,0.0000,0.0,0.0,0.1300,50.8,43.1,0.350,0,0,0,0,,,,,707,198,,,,,SFPQ___MRPL12_unrelaxed_rank_004_alphafold2_multimer_v3_model_1_seed_000.pdb
SFPQ___MRPL12,5,5,A,B,0.0000,0.0,0.0,0.0000,0.1160,0.0000,0.0000,0.0,0.0,0.1200,49.5,41.6,0.360,0,0,0,0,,,,,707,198,,,,,SFPQ___MRPL12_unrelaxed_rank_005_alphafold2_multimer_v3_model_5_seed_000.pdb
SLC3A2___FUBP3,1,2,A,B,0.0000,0.0,0.0,0.0000,0.1519,0.0000,0.0000,0.0,0.0,0.1600,70.4,45.7,0.440,0,0,0,0,,,,,630,572,,,,,SLC3A2___FUBP3_unrelaxed_rank_001_alphafold2_multimer_v3_model_2_seed_000.pdb
SLC3A2___FUBP3,2,1,A,B,0.0000,0.0,0.0,0.0000,0.1477,0.0000,0.0000,0.0,0.0,0.1600,70.5,44.9,0.440,0,0,0,0,,,,,630,572,,,,,SLC3A2___FUBP3_unrelaxed_rank_002_alphafold2_multimer_v3_model_1_seed_000.pdb
SLC3A2___FUBP3,3,5,A,B,0.0000,0.0,0.0,0.0000,0.1239,0.0000,0.0000,0.0,0.0,0.1600,69.1,42.4,0.430,0,0,0,0,,,,,630,572,,,,,SLC3A2___FUBP3_unrelaxed_rank_003_alphafold2_multimer_v3_model_5_seed_000.pdb
SLC3A2___FUBP3,4,3,A,B,0.0000,0.0,0.0,0.0000,0.1170,0.0000,0.0000,0.0,0.0,0.1500,69.4,42.8,0.440,0,0,0,0,,,,,630,572,,,,,SLC3A2___FUBP3_unrelaxed_rank_004_alphafold2_multimer_v3_model_3_seed_000.pdb
SLC3A2___FUBP3,5,4,A,B,0.0000,0.0,0.0,0.0000,0.1263,0.0000,0.0000,0.0,0.0,0.1500,68.9,40.7,0.430,0,0,0,0,,,,,630,572,,,,,SLC3A2___FUBP3_unrelaxed_rank_005_alphafold2_multimer_v3_model_4_seed_000.pdb
SMAP___CDK4,1,4,A,B,0.0000,0.0,0.0,0.0000,0.2629,0.0179,0.0000,8.0,0.0,0.3400,25.4,83.2,0.620,2,7,0,0,41.2,96.3,,,183,303,[177-178],"[120,132,229,234,268-269,274]",,,SMAP___CDK4_unrelaxed_rank_001_alphafold2_multimer_v3_model_4_seed_000.pdb
SMAP___CDK4,2,3,A,B,0.0215,23.4,0.5,0.0000,0.2803,0.0217,0.0212,183.0,3.0,0.1900,24.8,81.6,0.610,4,95,2,3,44.9,90.6,45.0,66.7,183,303,"[41-42,44-45]","[33-35,54,56,58,62,69-72,77-79,88-89,91,93-96,99,101,103,114,117-118,123-124,126,130-132,134-141,145-148,153,156-157,184,186,191,193-196,198-199,201-202,205-206,208,219,221,223,225-229,266-280,282-289,292,294]","[41,45]","[54,58,77]",SMAP___CDK4_unrelaxed_rank_002_alphafold2_multimer_v3_model_3_seed_000.pdb
SMAP___CDK4,3,1,A,B,0.0230,17.0,0.4,0.0000,0.2850,0.0170,0.0311,96.0,3.0,0.1900,23.8,79.6,0.610,4,78,1,3,35.6,89.2,36.1,65.1,183,303,"[41,44-45,102]","[35,53,57-59,69,71,74,77,79,88-92,94,99-101,114,116-119,129-140,142-143,145-146,148,155-157,194-199,201-203,205-206,208,223-224,226-227,229,267-274,276-277,279,285-289,292]",[45],"[57-58,77]",SMAP___CDK4_unrelaxed_rank_003_alphafold2_multimer_v3_model_1_seed_000.pdb
SMAP___CDK4,4,5,A,B,0.0120,6.6,0.1,0.0000,0.2860,0.0164,0.0088,22.0,2.0,0.1800,24.0,82.4,0.610,3,18,1,2,41.6,92.3,42.7,80.1,183,303,"[45,77,80]","[135,189-190,192-193,195,197,219,221,223,229,268-269,271-274,287]",[80],"[135,192]",SMAP___CDK4_unrelaxed_rank_004_alphafold2_multimer_v3_model_5_seed_000.pdb
SMAP___CDK4,5,2,A,B,0.0000,0.0,0.0,0.0000,0.2102,0.0000,0.0000,0.0,0.0,0.1700,23.2,79.0,0.590,0,0,0,0,,,,,183,303,,,,,SMAP___CDK4_unrelaxed_rank_005_alphafold2_multimer_v3_model_2_seed_000.pdb
SMAP___CSTB,1,4,A,B,0.0000,0.0,0.0,0.0000,0.0721,0.0000,0.0000,0.0,0.0,0.1000,35.7,88.3,0.360,0,0,0,0,,,,,183,98,,,,,SMAP___CSTB_unrelaxed_rank_001_alphafold2_multimer_v3_model_4_seed_000.pdb
SMAP___CSTB,2,1,A,B,0.0000,0.0,0.0,0.0000,0.1083,0.0000,0.0000,0.0,0.0,0.1000,31.3,84.4,0.370,0,0,0,0,,,,,183,98,,,,,SMAP___CSTB_unrelaxed_rank_002_alphafold2_multimer_v3_model_1_seed_000.pdb
SMAP___CSTB,3,2,A,B,0.0000,0.0,0.0,0.0000,0.0730,0.0000,0.0000,0.0,0.0,0.0900,33.2,85.1,0.360,0,0,0,0,,,,,183,98,,,,,SMAP___CSTB_unrelaxed_rank_003_alphafold2_multimer_v3_model_2_seed_000.pdb
SMAP___CSTB,4,3,A,B,0.0000,0.0,0.0,0.0000,0.0678,0.0000,0.0000,0.0,0.0,0.0900,34.2,81.1,0.350,0,0,0,0,,,,,183,98,,,,,SMAP___CSTB_unrelaxed_rank_004_alphafold2_multimer_v3_model_3_seed_000.pdb
SMAP___CSTB,5,5,A,B,0.0000,0.0,0.0,0.0000,0.0566,0.0000,0.0000,0.0,0.0,0.0700,32.5,87.6,0.360,0,0,0,0,,,,,183,98,,,,,SMAP___CSTB_unrelaxed_rank_005_alphafold2_multimer_v3_model_5_seed_000.pdb
SMAP___DDX17,1,3,A,B,0.0000,0.0,0.0,0.0000,0.3057,0.0000,0.0000,0.0,0.0,0.2100,22.1,62.5,0.520,0,0,0,0,,,,,183,729,,,,,SMAP___DDX17_unrelaxed_rank_001_alphafold2_multimer_v3_model_3_seed_000.pdb
SMAP___DDX17,2,2,A,B,0.1254,219.4,27.5,0.0155,0.5689,0.1117,0.1407,1375.0,35.0,0.2300,23.4,61.5,0.440,13,150,7,10,42.2,87.7,42.9,84.8,183,729,[35-47],"[387-450,454-476,487-510,513-551]","[37,40-41,43-46]","[391,393,395,408-409,412-413,517,519,543]",SMAP___DDX17_unrelaxed_rank_002_alphafold2_multimer_v3_model_2_seed_000.pdb
SMAP___DDX17,3,4,A,B,0.1153,179.4,20.7,0.0168,0.6309,0.0938,0.1417,1610.0,20.0,0.2100,23.5,62.2,0.490,14,159,7,10,42.1,88.1,42.9,83.7,183,729,[35-48],"[386-477,480,486-511,513-552]","[37,40-41,43-46]","[391,393,395,405,408-409,412,517,519,545]",SMAP___DDX17_unrelaxed_rank_003_alphafold2_multimer_v3_model_4_seed_000.pdb
SMAP___DDX17,4,1,A,B,0.0000,0.0,0.0,0.0000,0.2766,0.0000,0.0000,0.0,0.0,0.2000,20.2,59.9,0.410,0,0,0,0,,,,,183,729,,,,,SMAP___DDX17_unrelaxed_rank_004_alphafold2_multimer_v3_model_1_seed_000.pdb
SMAP___DDX17,5,5,A,B,0.0000,0.0,0.0,0.0000,0.3031,0.0000,0.0000,0.0,0.0,0.1800,20.1,61.4,0.450,0,0,0,0,,,,,183,729,,,,,SMAP___DDX17_unrelaxed_rank_005_alphafold2_multimer_v3_model_5_seed_000.pdb
SMAP___FUBP1,1,1,A,B,0.0000,0.0,0.0,0.0000,0.1711,0.0000,0.0000,0.0,0.0,0.1500,22.3,47.3,0.220,0,0,0,0,,,,,183,644,,,,,SMAP___FUBP1_unrelaxed_rank_001_alphafold2_multimer_v3_model_1_seed_000.pdb
SMAP___FUBP1,2,4,A,B,0.0000,0.0,0.0,0.0000,0.1940,0.0000,0.0000,0.0,0.0,0.1500,22.9,46.6,0.210,0,0,0,0,,,,,183,644,,,,,SMAP___FUBP1_unrelaxed_rank_002_alphafold2_multimer_v3_model_4_seed_000.pdb
SMAP___FUBP1,3,2,A,B,0.0000,0.0,0.0,0.0000,0.1364,0.0000,0.0000,0.0,0.0,0.1400,25.0,47.5,0.210,0,0,0,0,,,,,183,644,,,,,SMAP___FUBP1_unrelaxed_rank_003_alphafold2_multimer_v3_model_2_seed_000.pdb
SMAP___FUBP1,4,3,A,B,0.0000,0.0,0.0,0.0000,0.1820,0.0000,0.0000,0.0,0.0,0.1300,23.9,45.0,0.210,0,0,0,0,,,,,183,644,,,,,SMAP___FUBP1_unrelaxed_rank_004_alphafold2_multimer_v3_model_3_seed_000.pdb
SMAP___FUBP1,5,5,A,B,0.0000,0.0,0.0,0.0000,0.1310,0.0000,0.0000,0.0,0.0,0.1200,23.8,50.4,0.200,0,0,0,0,,,,,183,644,,,,,SMAP___FUBP1_unrelaxed_rank_005_alphafold2_multimer_v3_model_5_seed_000.pdb
SNRPC___SF1,1,2,A,B,0.0000,0.0,0.0,0.0000,0.3643,0.0000,0.0000,0.0,0.0,0.2100,37.8,41.6,0.280,0,0,0,0,,,,,159,639,,,,,SNRPC___SF1_unrelaxed_rank_001_alphafold2_multimer_v3_model_2_seed_000.pdb
SNRPC___SF1,2,3,A,B,0.0000,0.0,0.0,0.0000,0.3234,0.0000,0.0000,0.0,0.0,0.2000,33.5,40.1,0.280,0,0,0,0,,,,,159,639,,,,,SNRPC___SF1_unrelaxed_rank_002_alphafold2_multimer_v3_model_3_seed_000.pdb
SNRPC___SF1,3,4,A,B,0.0000,0.0,0.0,0.0000,0.2320,0.0000,0.0000,0.0,0.0,0.1900,33.9,41.2,0.280,0,0,0,0,,,,,159,639,,,,,SNRPC___SF1_unrelaxed_rank_003_alphafold2_multimer_v3_model_4_seed_000.pdb
SNRPC___SF1,4,5,A,B,0.0000,0.0,0.0,0.0000,0.1943,0.0000,0.0000,0.0,0.0,0.1700,34.0,40.6,0.270,0,0,0,0,,,,,159,639,,,,,SNRPC___SF1_unrelaxed_rank_004_alphafold2_multimer_v3_model_5_seed_000.pdb
SNRPC___SF1,5,1,A,B,0.0000,0.0,0.0,0.0000,0.1741,0.0000,0.0000,0.0,0.0,0.1400,31.8,41.4,0.260,0,0,0,0,,,,,159,639,,,,,SNRPC___SF1_unrelaxed_rank_005_alphafold2_multimer_v3_model_1_seed_000.pdb
SUGP2___CDC37,1,2,A,B,0.2612,984.4,257.1,0.2421,0.8709,0.2196,0.3107,14251.0,68.0,0.4400,40.2,65.3,0.300,82,145,16,14,75.9,83.2,62.8,80.9,1082,378,"[663-664,666-676,778-846]",[141-285],"[663,666-667,669-671,673-675,797-799,801-802,805,809]","[161,164,196,199-200,202,204-205,208,270-271,274-275,278]",SUGP2___CDC37_unrelaxed_rank_001_alphafold2_multimer_v3_model_2_seed_000.pdb
SUGP2___CDC37,2,3,A,B,0.1918,496.9,95.3,0.1266,0.7675,0.1205,0.3053,8229.0,30.0,0.4200,33.9,62.9,0.300,64,133,7,6,82.8,79.5,78.2,85.5,1082,378,[781-844],"[143-147,149-276]","[797-799,801-802,805,809]","[161,164,202,204-205,208]",SUGP2___CDC37_unrelaxed_rank_002_alphafold2_multimer_v3_model_3_seed_000.pdb
SUGP2___CDC37,3,4,A,B,0.0000,0.0,0.0,0.0000,0.3704,0.0000,0.0000,0.0,0.0,0.2700,36.3,59.9,0.270,0,0,0,0,,,,,1082,378,,,,,SUGP2___CDC37_unrelaxed_rank_003_alphafold2_multimer_v3_model_4_seed_000.pdb
SUGP2___CDC37,4,1,A,B,0.0099,5.1,0.1,0.0000,0.5141,0.0072,0.0135,13.0,2.0,0.2500,39.2,61.7,0.280,4,10,1,2,45.2,81.9,46.8,70.2,1082,378,"[667,670-672]","[172,186,212,215,218,254-255,271-272,274]",[667],"[271,274]",SUGP2___CDC37_unrelaxed_rank_004_alphafold2_multimer_v3_model_1_seed_000.pdb
SUGP2___CDC37,5,5,A,B,0.0000,0.0,0.0,0.0000,0.4423,0.0000,0.0000,0.0,0.0,0.2400,36.8,63.3,0.270,0,0,0,0,,,,,1082,378,,,,,SUGP2___CDC37_unrelaxed_rank_005_alphafold2_multimer_v3_model_5_seed_000.pdb
SUGP2___PRDX1,1,5,A,B,0.0000,0.0,0.0,0.0000,0.2767,0.0000,0.0000,0.0,0.0,0.3600,38.2,84.7,0.280,0,0,0,0,,,,,1082,199,,,,,SUGP2___PRDX1_unrelaxed_rank_001_alphafold2_multimer_v3_model_5_seed_000.pdb
SUGP2___PRDX1,2,3,A,B,0.0000,0.0,0.0,0.0000,0.2411,0.0000,0.0000,0.0,0.0,0.3000,38.6,87.5,0.270,0,0,0,0,,,,,1082,199,,,,,SUGP2___PRDX1_unrelaxed_rank_002_alphafold2_multimer_v3_model_3_seed_000.pdb
SUGP2___PRDX1,3,4,A,B,0.0000,0.0,0.0,0.0000,0.2222,0.0000,0.0000,0.0,0.0,0.2500,34.3,83.3,0.260,0,0,0,0,,,,,1082,199,,,,,SUGP2___PRDX1_unrelaxed_rank_003_alphafold2_multimer_v3_model_4_seed_000.pdb
SUGP2___PRDX1,4,2,A,B,0.0000,0.0,0.0,0.0000,0.2295,0.0000,0.0000,0.0,0.0,0.2300,38.3,85.1,0.280,0,0,0,0,,,,,1082,199,,,,,SUGP2___PRDX1_unrelaxed_rank_004_alphafold2_multimer_v3_model_2_seed_000.pdb
SUGP2___PRDX1,5,1,A,B,0.0000,0.0,0.0,0.0000,0.1631,0.0000,0.0000,0.0,0.0,0.2100,41.2,84.6,0.290,0,0,0,0,,,,,1082,199,,,,,SUGP2___PRDX1_unrelaxed_rank_005_alphafold2_multimer_v3_model_1_seed_000.pdb
SUGP2___RPS12,1,3,A,B,0.2016,296.3,59.7,0.0549,0.7658,0.1360,0.2990,2251.0,39.0,0.6600,36.9,73.9,0.250,23,110,9,9,65.9,80.2,73.4,81.9,1082,132,[655-677],"[14-93,101-118,120-131]","[660,663-664,666-667,670-671,673-674]","[43,60-61,63-64,67-68,70-71]",SUGP2___RPS12_unrelaxed_rank_001_alphafold2_multimer_v3_model_3_seed_000.pdb
SUGP2___RPS12,2,4,A,B,0.0418,17.9,0.7,0.0000,0.4613,0.0456,0.0382,29.0,11.0,0.5000,38.8,61.5,0.300,6,15,4,6,43.0,64.6,44.2,67.2,1082,132,[976-981],"[41,48,61,63-64,67,71,73,75-80,123]","[977-978,980-981]",[75-80],SUGP2___RPS12_unrelaxed_rank_002_alphafold2_multimer_v3_model_4_seed_000.pdb
SUGP2___RPS12,3,5,A,B,0.0000,0.0,0.0,0.0000,0.3996,0.0000,0.0000,0.0,0.0,0.4600,40.3,69.5,0.300,0,0,0,0,,,,,1082,132,,,,,SUGP2___RPS12_unrelaxed_rank_003_alphafold2_multimer_v3_model_5_seed_000.pdb
SUGP2___RPS12,4,2,A,B,0.0248,2.8,0.1,0.0000,0.4572,0.0202,0.0304,4.0,2.0,0.4200,42.3,68.0,0.320,3,3,2,2,48.9,69.2,47.6,69.8,1082,132,"[1067,1071,1073]","[39,61,64]","[1067,1071]","[39,64]",SUGP2___RPS12_unrelaxed_rank_004_alphafold2_multimer_v3_model_2_seed_000.pdb
SUGP2___RPS12,5,1,A,B,0.0000,0.0,0.0,0.0000,0.2147,0.0000,0.0000,0.0,0.0,0.2500,38.0,72.2,0.260,0,0,0,0,,,,,1082,132,,,,,SUGP2___RPS12_unrelaxed_rank_005_alphafold2_multimer_v3_model_1_seed_000.pdb
SUGP2___SLC3A2,1,1,A,B,0.0000,0.0,0.0,0.0000,0.3624,0.0000,0.0000,0.0,0.0,0.1900,37.3,68.6,0.370,0,0,0,0,,,,,1082,630,,,,,SUGP2___SLC3A2_unrelaxed_rank_001_alphafold2_multimer_v3_model_1_seed_000.pdb
SUGP2___SLC3A2,2,5,A,B,0.0000,0.0,0.0,0.0000,0.2482,0.0000,0.0000,0.0,0.0,0.1900,32.2,67.5,0.360,0,0,0,0,,,,,1082,630,,,,,SUGP2___SLC3A2_unrelaxed_rank_002_alphafold2_multimer_v3_model_5_seed_000.pdb
SUGP2___SLC3A2,3,2,A,B,0.0000,0.0,0.0,0.0000,0.1728,0.0000,0.0000,0.0,0.0,0.1800,34.3,69.0,0.370,0,0,0,0,,,,,1082,630,,,,,SUGP2___SLC3A2_unrelaxed_rank_003_alphafold2_multimer_v3_model_2_seed_000.pdb
SUGP2___SLC3A2,4,4,A,B,0.0000,0.0,0.0,0.0000,0.3376,0.0000,0.0000,0.0,0.0,0.1700,33.2,66.6,0.360,0,0,0,0,,,,,1082,630,,,,,SUGP2___SLC3A2_unrelaxed_rank_004_alphafold2_multimer_v3_model_4_seed_000.pdb
SUGP2___SLC3A2,5,3,A,B,0.0000,0.0,0.0,0.0000,0.1707,0.0000,0.0000,0.0,0.0,0.1700,33.6,67.6,0.370,0,0,0,0,,,,,1082,630,,,,,SUGP2___SLC3A2_unrelaxed_rank_005_alphafold2_multimer_v3_model_3_seed_000.pdb
SUPT5H___PCCA,1,1,A,B,0.0000,0.0,0.0,0.0000,0.2199,0.0000,0.0000,0.0,0.0,0.2000,45.6,82.6,0.460,0,0,0,0,,,,,1087,728,,,,,SUPT5H___PCCA_unrelaxed_rank_001_alphafold2_multimer_v3_model_1_seed_000.pdb
SUPT5H___PCCA,2,2,A,B,0.0000,0.0,0.0,0.0000,0.2669,0.0000,0.0000,0.0,0.0,0.2000,47.1,83.4,0.460,0,0,0,0,,,,,1087,728,,,,,SUPT5H___PCCA_unrelaxed_rank_002_alphafold2_multimer_v3_model_2_seed_000.pdb
SUPT5H___PCCA,3,3,A,B,0.0000,0.0,0.0,0.0000,0.2585,0.0000,0.0000,0.0,0.0,0.1900,46.2,82.3,0.460,0,0,0,0,,,,,1087,728,,,,,SUPT5H___PCCA_unrelaxed_rank_003_alphafold2_multimer_v3_model_3_seed_000.pdb
SUPT5H___PCCA,4,5,A,B,0.0000,0.0,0.0,0.0000,0.1936,0.0000,0.0000,0.0,0.0,0.1900,45.1,82.0,0.450,0,0,0,0,,,,,1087,728,,,,,SUPT5H___PCCA_unrelaxed_rank_004_alphafold2_multimer_v3_model_5_seed_000.pdb
SUPT5H___PCCA,5,4,A,B,0.0000,0.0,0.0,0.0000,0.2917,0.0000,0.0000,0.0,0.0,0.1900,44.8,82.0,0.450,0,0,0,0,,,,,1087,728,,,,,SUPT5H___PCCA_unrelaxed_rank_005_alphafold2_multimer_v3_model_4_seed_000.pdb
SUPT5H___SF1,1,2,A,B,0.0958,26.2,2.5,0.0114,0.6395,0.0683,0.1342,53.0,13.0,0.2300,54.0,34.4,0.260,7,15,4,4,38.2,67.3,38.0,67.6,1087,639,"[138,140-145]","[48-50,52-61,63-64]","[141-143,145]","[53,56-57,60]",SUPT5H___SF1_unrelaxed_rank_001_alphafold2_multimer_v3_model_2_seed_000.pdb
SUPT5H___SF1,2,5,A,B,0.0000,0.0,0.0,0.0000,0.4523,0.0000,0.0000,0.0,0.0,0.2200,53.7,34.8,0.250,0,0,0,0,,,,,1087,639,,,,,SUPT5H___SF1_unrelaxed_rank_002_alphafold2_multimer_v3_model_5_seed_000.pdb
SUPT5H___SF1,3,3,A,B,0.0000,0.0,0.0,0.0000,0.3723,0.0000,0.0000,0.0,0.0,0.2000,53.5,34.6,0.260,0,0,0,0,,,,,1087,639,,,,,SUPT5H___SF1_unrelaxed_rank_003_alphafold2_multimer_v3_model_3_seed_000.pdb
SUPT5H___SF1,4,1,A,B,0.0000,0.0,0.0,0.0000,0.2262,0.0000,0.0000,0.0,0.0,0.1900,53.1,33.6,0.240,0,0,0,0,,,,,1087,639,,,,,SUPT5H___SF1_unrelaxed_rank_004_alphafold2_multimer_v3_model_1_seed_000.pdb
SUPT5H___SF1,5,4,A,B,0.0000,0.0,0.0,0.0000,0.2675,0.0000,0.0000,0.0,0.0,0.1900,51.8,33.7,0.250,0,0,0,0,,,,,1087,639,,,,,SUPT5H___SF1_unrelaxed_rank_005_alphafold2_multimer_v3_model_4_seed_000.pdb
TLE3___CDC37,1,2,A,B,0.2356,833.7,196.4,0.0204,0.7278,0.2049,0.2709,5992.0,116.0,0.3400,55.7,66.3,0.400,330,156,38,29,91.0,79.8,79.0,67.6,772,378,"[348-365,367,447-452,458-464,466-468,471-515,521-562,565-772]","[16-32,143-243,246-283]","[350-351,353-355,357-361,363,488,490-491,533-534,536,552,578,580,622,638,663-664,679,701-705,719-720,743-746,760-761]","[17-24,27-28,32,144-145,148,187-189,191-192,195,217-218,221,255,258-259,262-263,266]",TLE3___CDC37_unrelaxed_rank_001_alphafold2_multimer_v3_model_2_seed_000.pdb
TLE3___CDC37,2,5,A,B,0.1527,645.4,98.5,0.0200,0.6748,0.1345,0.1732,4788.0,87.0,0.3200,54.4,65.5,0.400,310,20,28,14,93.0,50.3,90.2,51.8,772,378,"[447-452,458-468,471-515,521-562,565-670,672-687,689-772]",[14-33],"[488,490-491,534,536,551-552,577-578,580-581,596,620,622-623,638,663-664,704-705,720,742-743,745-746,760-762]","[15-27,31]",TLE3___CDC37_unrelaxed_rank_002_alphafold2_multimer_v3_model_5_seed_000.pdb
TLE3___CDC37,3,1,A,B,0.0937,456.0,42.7,0.0151,0.6624,0.0726,0.1208,3103.0,67.0,0.2100,54.7,60.1,0.390,305,16,32,11,92.6,36.4,89.3,36.4,772,378,"[447-452,458-464,467-468,472-496,498-515,521-562,565-648,650-670,672-687,689-772]","[16-29,31-32]","[488-491,534,536-537,551-552,577-578,580-581,596,622,638,663-664,679,701-702,704-705,719-720,743-746,759-761]","[17-18,20-24,26-28,31]",TLE3___CDC37_unrelaxed_rank_003_alphafold2_multimer_v3_model_1_seed_000.pdb
TLE3___CDC37,4,3,A,B,0.0539,378.5,20.4,0.0135,0.5645,0.0482,0.0602,2703.0,53.0,0.2000,53.0,62.3,0.400,297,16,30,9,92.3,34.8,88.6,34.1,772,378,"[447-452,458-461,463,467-468,472-496,498-515,522-562,565-615,617-648,650-670,673-687,692-772]",[17-32],"[488-491,504-505,534-537,552,578,580-581,596,620,622,638,661,663,702,704-705,720,742-743,745-746,761-762]","[18-24,27-28]",TLE3___CDC37_unrelaxed_rank_004_alphafold2_multimer_v3_model_3_seed_000.pdb
TLE3___CDC37,5,4,A,B,0.0723,389.6,28.2,0.0138,0.6051,0.0652,0.0801,2711.0,56.0,0.2000,52.3,61.6,0.390,297,14,30,9,92.5,35.8,88.7,36.3,772,378,"[447-452,458-464,467-468,472-496,498-514,522-562,566-615,617-648,652-670,673-687,689,691-772]",[16-29],"[488-491,504-506,534-537,551-552,578,580-581,596,620,622,638,661,663,704-705,720,742-743,745-746,761]","[17-18,20-24,27-28]",TLE3___CDC37_unrelaxed_rank_005_alphafold2_multimer_v3_model_4_seed_000.pdb
TLE3___CHERP,1,2,A,B,0.1390,636.6,88.5,0.0171,0.7545,0.1203,0.1606,4883.0,83.0,0.3100,55.1,46.8,0.350,318,51,29,15,93.1,75.5,86.8,49.9,772,916,"[249-251,447-453,458-469,471-515,521-563,565-772]","[157,159,161,165,169-170,172-174,176,181,189,191-193,197-198,201,210-211,213,217,223,228,241,244-246,262,266,278,281,891-909]","[250-251,487-488,490,533-534,536,552,577-578,580,596-597,619,622,638,663,702,704,719-720,742-743,745,760-763]","[266,892-898,900-903,905-906,909]",TLE3___CHERP_unrelaxed_rank_001_alphafold2_multimer_v3_model_2_seed_000.pdb
TLE3___CHERP,2,1,A,B,0.0918,335.1,30.8,0.0146,0.6591,0.0696,0.1212,2079.0,54.0,0.3000,52.7,44.6,0.340,275,13,22,11,90.5,41.7,84.7,41.6,772,916,"[448-451,460-461,472-474,477-495,500-513,523-561,568-615,617-648,650,652-670,672-687,692-728,731-771]",[843-855],"[488,490,534,536,552,578,580,596,598,619-620,622,638,661,663,679,702,704,720,743,745,761]","[843-849,851-854]",TLE3___CHERP_unrelaxed_rank_002_alphafold2_multimer_v3_model_1_seed_000.pdb
TLE3___CHERP,3,4,A,B,0.0440,138.3,6.1,0.0124,0.6054,0.0313,0.0618,638.0,30.0,0.2600,51.8,45.6,0.330,196,9,14,7,89.5,43.2,82.5,42.8,772,916,"[449-450,473,483,485,487-494,500-503,509-512,525-527,531-536,538-539,541-542,546-550,552-560,568,570-573,576-590,592-593,595-605,608-611,613-614,617-627,630-632,634-636,638-647,652,654-669,673-676,679,682-686,694-696,698-700,702-704,706-716,720-723,725-728,734-736,742-751,753,755,757-759,761,763,765-771]",[844-852],"[536,552,578,580,596,619-622,638,661,663,704,745]","[844-849,852]",TLE3___CHERP_unrelaxed_rank_003_alphafold2_multimer_v3_model_4_seed_000.pdb
TLE3___CHERP,4,5,A,B,0.0000,0.0,0.0,0.0000,0.3895,0.0000,0.0000,0.0,0.0,0.2100,54.1,45.8,0.330,0,0,0,0,,,,,772,916,,,,,TLE3___CHERP_unrelaxed_rank_004_alphafold2_multimer_v3_model_5_seed_000.pdb
TLE3___CHERP,5,3,A,B,0.0000,0.0,0.0,0.0000,0.4340,0.0000,0.0000,0.0,0.0,0.2100,54.0,45.7,0.340,0,0,0,0,,,,,772,916,,,,,TLE3___CHERP_unrelaxed_rank_005_alphafold2_multimer_v3_model_3_seed_000.pdb
TLE3___SRSF11,1,2,A,B,0.3851,722.0,278.0,0.4230,0.9354,0.3269,0.4536,7899.0,66.0,0.4100,56.6,34.0,0.380,328,21,18,12,95.3,56.6,95.5,59.0,772,484,[445-772],[417-437],"[488,490,534,552,576-578,596-597,619-620,638,720,742-743,745,761-762]","[418-423,425-426,428-429,432-433]",TLE3___SRSF11_unrelaxed_rank_001_alphafold2_multimer_v3_model_2_seed_000.pdb
TLE3___SRSF11,2,3,A,B,0.3656,657.1,240.3,0.3902,0.9325,0.3166,0.4223,6964.0,62.0,0.4000,56.4,32.4,0.380,327,19,19,11,93.7,53.4,92.4,55.9,772,484,"[445-454,456-772]",[417-435],"[488,490,534,552,577-578,596-597,618-620,622,638,720,742-743,745,761-762]","[418-423,425-426,428-429,432]",TLE3___SRSF11_unrelaxed_rank_002_alphafold2_multimer_v3_model_3_seed_000.pdb
TLE3___SRSF11,3,5,A,B,0.3255,628.9,204.7,0.3174,0.8954,0.2848,0.3720,6483.0,61.0,0.3800,56.0,32.0,0.380,326,20,25,14,94.1,50.4,92.3,49.8,772,484,"[446-454,456-772]","[139-142,418-433]","[488,490,534,552,577-578,590,596-597,600,602,611,614,619-620,638,645,649-650,720,742-743,745,761-762]","[139-141,418-423,425-426,428-429,432]",TLE3___SRSF11_unrelaxed_rank_003_alphafold2_multimer_v3_model_5_seed_000.pdb
TLE3___SRSF11,4,4,A,B,0.3315,1035.6,343.3,0.1986,0.9268,0.2871,0.3827,8579.0,125.0,0.3500,54.0,31.9,0.390,323,28,41,17,92.6,50.3,89.7,51.8,772,484,"[447-515,519-772]","[137-143,418-438]","[488,490,534,536,552,580,585,589-590,592,602,604,606,611-612,619,622,630,633,638-639,645-650,661,663,700-702,704,719-722,742-743,745,761]","[137-142,420-423,425,428-432,434]",TLE3___SRSF11_unrelaxed_rank_004_alphafold2_multimer_v3_model_4_seed_000.pdb
TLE3___SRSF11,5,1,A,B,0.2699,492.0,132.8,0.0664,0.8595,0.2323,0.3136,4102.0,59.0,0.3300,55.1,31.8,0.380,318,16,23,11,93.7,42.7,91.0,42.5,772,484,"[447-453,457-515,521-772]","[140-141,419-432]","[488,490,534,536,552,577-578,580,596,614,620,638,650,661,663,704,720,722,742-743,745,761-762]","[140-141,420-423,425-426,428-429,432]",TLE3___SRSF11_unrelaxed_rank_005_alphafold2_multimer_v3_model_1_seed_000.pdb
TLE3___U2SURP,1,3,A,B,0.0000,0.0,0.0,0.0000,0.4766,0.0000,0.0000,0.0,0.0,0.2400,53.1,45.6,0.320,0,0,0,0,,,,,772,1029,,,,,TLE3___U2SURP_unrelaxed_rank_001_alphafold2_multimer_v3_model_3_seed_000.pdb
TLE3___U2SURP,2,1,A,B,0.2553,256.5,65.5,0.0191,0.8511,0.1610,0.4050,1880.0,35.0,0.2400,52.5,46.2,0.330,50,57,8,10,69.4,71.1,69.7,67.3,772,1029,"[77-112,488,490,534,552,577-578,592,596,638,663,704,742-743,745]","[207-208,211,833,835-863,869-892]","[88,91-92,94-97,745]","[208,833,838,841-842,844-845,848-849,852]",TLE3___U2SURP_unrelaxed_rank_002_alphafold2_multimer_v3_model_1_seed_000.pdb
TLE3___U2SURP,3,2,A,B,0.2228,396.5,88.3,0.0178,0.8433,0.1507,0.3296,3275.0,48.0,0.2400,54.6,48.0,0.330,303,68,16,14,90.5,68.9,80.9,62.5,772,1029,"[73-112,448-450,473-495,499-514,522-542,545-561,568-573,575-586,588-605,608-614,617-627,630-636,638-647,652-669,673-687,692-729,731-771]","[204,206-215,833-866,869-891]","[88,91-92,94-97,488,490,534,536,552,702,743,745,761]","[204,207,210-211,833,838,841-842,844-845,848-849,851-852]",TLE3___U2SURP_unrelaxed_rank_003_alphafold2_multimer_v3_model_2_seed_000.pdb
TLE3___U2SURP,4,4,A,B,0.0203,8.8,0.2,0.0000,0.5944,0.0162,0.0254,26.0,3.0,0.2300,52.3,43.9,0.320,4,21,2,3,42.8,83.9,42.3,75.9,772,1029,"[61,64-65,68]","[420,426,428-429,432-433,437,443,445,447-448,450,458-461,469,472,474-475,504]","[64,68]","[443,447,450]",TLE3___U2SURP_unrelaxed_rank_004_alphafold2_multimer_v3_model_4_seed_000.pdb
TLE3___U2SURP,5,5,A,B,0.0000,0.0,0.0,0.0000,0.4374,0.0000,0.0000,0.0,0.0,0.2300,53.6,45.7,0.320,0,0,0,0,,,,,772,1029,,,,,TLE3___U2SURP_unrelaxed_rank_005_alphafold2_multimer_v3_model_5_seed_000.pdb
TLE3___ZFR,1,1,A,B,0.0494,173.9,8.6,0.0120,0.6654,0.0383,0.0638,1080.0,28.0,0.2700,52.4,43.4,0.330,265,5,19,5,92.4,30.1,90.6,30.1,772,1074,"[448-452,460,473-474,478-495,499-513,522-529,531-542,544-560,568-573,575-606,608-614,617-636,638-647,652-670,673-687,692-728,731-771]",[1-5],"[488,490,534,536,580-581,596,622-623,638,663,679,702,704,720,743,745-746,761]",[1-5],TLE3___ZFR_unrelaxed_rank_001_alphafold2_multimer_v3_model_1_seed_000.pdb
TLE3___ZFR,2,3,A,B,0.1240,252.3,31.3,0.0166,0.7427,0.1100,0.1398,1929.0,33.0,0.2500,54.0,43.0,0.330,299,75,22,10,90.1,84.6,81.1,52.4,772,1074,"[414,416-419,448-452,458-461,463,472-496,498-514,522-562,565-648,650-670,673-687,692-772]","[1-8,740-741,743-744,746-747,749-758,760,785-789,791,793-794,796,805-809,812-813,820-821,823-827,831,835,842,844,846,849,861,863-865,867-870,898-899,902,905-912,926,952]","[416,418-419,488,490,534,536,552,578,580,596,620,622,638,661,679,704,720,742-743,745,761]","[2-6,8,755-756,786-787]",TLE3___ZFR_unrelaxed_rank_002_alphafold2_multimer_v3_model_3_seed_000.pdb
TLE3___ZFR,3,2,A,B,0.0652,231.4,15.1,0.0139,0.6877,0.0609,0.0698,1487.0,36.0,0.2400,55.1,45.2,0.320,296,7,23,6,94.0,28.3,92.2,29.0,772,1074,"[447-452,458-461,463,467-468,472-495,498-514,522-562,566-648,650-670,672-687,689,692-771]",[2-8],"[488,490,505-506,534,536,551-552,578-580,596,622,638,661,663,702,704,720,742-743,745,761]","[2-6,8]",TLE3___ZFR_unrelaxed_rank_003_alphafold2_multimer_v3_model_2_seed_000.pdb
TLE3___ZFR,4,4,A,B,0.0000,0.0,0.0,0.0000,0.4010,0.0000,0.0000,0.0,0.0,0.2300,51.4,42.7,0.340,0,0,0,0,,,,,772,1074,,,,,TLE3___ZFR_unrelaxed_rank_004_alphafold2_multimer_v3_model_4_seed_000.pdb
TLE3___ZFR,5,5,A,B,0.0426,56.5,2.4,0.0112,0.6482,0.0332,0.0548,399.0,8.0,0.2100,53.5,42.9,0.320,211,5,8,2,93.6,24.4,90.0,27.1,772,1074,"[448-450,473,478-485,487-495,499-503,506,509-513,522-527,529,531-541,546-561,568,570-573,575-584,590-593,596,598-604,608-610,612-614,617,619-620,622-626,632-635,638,640-646,652,654-663,665,667-668,673-679,683-686,694-709,713-718,720-728,733-740,742-750,752-759,761-771]",[3-7],"[534,552,663,702,704,720,743,745]",[4-5],TLE3___ZFR_unrelaxed_rank_005_alphafold2_multimer_v3_model_5_seed_000.pdb
TXN___DAZAP1,1,4,A,B,0.0000,0.0,0.0,0.0000,0.2206,0.0000,0.0000,0.0,0.0,0.2300,85.2,41.5,0.310,0,0,0,0,,,,,105,407,,,,,TXN___DAZAP1_unrelaxed_rank_001_alphafold2_multimer_v3_model_4_seed_000.pdb
TXN___DAZAP1,2,3,A,B,0.0000,0.0,0.0,0.0000,0.1961,0.0000,0.0000,0.0,0.0,0.1800,86.5,42.0,0.310,0,0,0,0,,,,,105,407,,,,,TXN___DAZAP1_unrelaxed_rank_002_alphafold2_multimer_v3_model_3_seed_000.pdb
TXN___DAZAP1,3,2,A,B,0.0000,0.0,0.0,0.0000,0.1714,0.0000,0.0000,0.0,0.0,0.1800,86.6,41.0,0.300,0,0,0,0,,,,,105,407,,,,,TXN___DAZAP1_unrelaxed_rank_003_alphafold2_multimer_v3_model_2_seed_000.pdb
TXN___DAZAP1,4,1,A,B,0.0000,0.0,0.0,0.0000,0.1760,0.0000,0.0000,0.0,0.0,0.1600,85.9,43.7,0.300,0,0,0,0,,,,,105,407,,,,,TXN___DAZAP1_unrelaxed_rank_004_alphafold2_multimer_v3_model_1_seed_000.pdb
TXN___DAZAP1,5,5,A,B,0.0000,0.0,0.0,0.0000,0.1331,0.0000,0.0000,0.0,0.0,0.1300,85.8,40.7,0.290,0,0,0,0,,,,,105,407,,,,,TXN___DAZAP1_unrelaxed_rank_005_alphafold2_multimer_v3_model_5_seed_000.pdb
TXN___FAM50A,1,1,A,B,0.0000,0.0,0.0,0.0000,0.2325,0.0089,0.0000,37.0,0.0,0.2700,84.4,61.3,0.360,2,26,0,0,72.4,86.7,,,105,339,[59-60],"[216,222-225,227-228,231,248,250,252,256,260-261,263-264,267,308-311,314-316,320,324]",,,TXN___FAM50A_unrelaxed_rank_001_alphafold2_multimer_v3_model_1_seed_000.pdb
TXN___FAM50A,2,4,A,B,0.0000,0.0,0.0,0.0000,0.1530,0.0000,0.0000,0.0,0.0,0.2200,83.6,60.8,0.420,0,0,0,0,,,,,105,339,,,,,TXN___FAM50A_unrelaxed_rank_002_alphafold2_multimer_v3_model_4_seed_000.pdb
TXN___FAM50A,3,2,A,B,0.0000,0.0,0.0,0.0000,0.1533,0.0000,0.0000,0.0,0.0,0.1400,87.4,65.3,0.400,0,0,0,0,,,,,105,339,,,,,TXN___FAM50A_unrelaxed_rank_003_alphafold2_multimer_v3_model_2_seed_000.pdb
TXN___FAM50A,4,3,A,B,0.0000,0.0,0.0,0.0000,0.1347,0.0000,0.0000,0.0,0.0,0.1200,87.4,60.6,0.390,0,0,0,0,,,,,105,339,,,,,TXN___FAM50A_unrelaxed_rank_004_alphafold2_multimer_v3_model_3_seed_000.pdb
TXN___FAM50A,5,5,A,B,0.0000,0.0,0.0,0.0000,0.1424,0.0000,0.0000,0.0,0.0,0.1200,86.1,58.3,0.380,0,0,0,0,,,,,105,339,,,,,TXN___FAM50A_unrelaxed_rank_005_alphafold2_multimer_v3_model_5_seed_000.pdb
ZBTB33___CHERP,1,1,A,B,0.0000,0.0,0.0,0.0000,0.3400,0.0000,0.0000,0.0,0.0,0.1900,35.0,45.4,0.290,0,0,0,0,,,,,672,916,,,,,ZBTB33___CHERP_unrelaxed_rank_001_alphafold2_multimer_v3_model_1_seed_000.pdb
ZBTB33___CHERP,2,2,A,B,0.0000,0.0,0.0,0.0000,0.3600,0.0000,0.0000,0.0,0.0,0.1700,37.2,47.5,0.290,0,0,0,0,,,,,672,916,,,,,ZBTB33___CHERP_unrelaxed_rank_002_alphafold2_multimer_v3_model_2_seed_000.pdb
ZBTB33___CHERP,3,4,A,B,0.0000,0.0,0.0,0.0000,0.3223,0.0000,0.0000,0.0,0.0,0.1700,36.6,46.6,0.280,0,0,0,0,,,,,672,916,,,,,ZBTB33___CHERP_unrelaxed_rank_003_alphafold2_multimer_v3_model_4_seed_000.pdb
ZBTB33___CHERP,4,5,A,B,0.0000,0.0,0.0,0.0000,0.2112,0.0000,0.0000,0.0,0.0,0.1700,37.4,46.7,0.290,0,0,0,0,,,,,672,916,,,,,ZBTB33___CHERP_unrelaxed_rank_004_alphafold2_multimer_v3_model_5_seed_000.pdb
ZBTB33___CHERP,5,3,A,B,0.0000,0.0,0.0,0.0000,0.2497,0.0000,0.0000,0.0,0.0,0.1700,36.7,46.2,0.290,0,0,0,0,,,,,672,916,,,,,ZBTB33___CHERP_unrelaxed_rank_005_alphafold2_multimer_v3_model_3_seed_000.pdb
ZFR___CDC5L,1,2,A,B,0.0000,0.0,0.0,0.0000,0.3909,0.0000,0.0000,0.0,0.0,0.2100,45.3,49.7,0.320,0,0,0,0,,,,,1074,802,,,,,ZFR___CDC5L_unrelaxed_rank_001_alphafold2_multimer_v3_model_2_seed_000.pdb
ZFR___CDC5L,2,5,A,B,0.0000,0.0,0.0,0.0000,0.4190,0.0000,0.0000,0.0,0.0,0.2200,43.8,51.8,0.310,0,0,0,0,,,,,1074,802,,,,,ZFR___CDC5L_unrelaxed_rank_002_alphafold2_multimer_v3_model_5_seed_000.pdb
ZFR___CDC5L,3,1,A,B,0.0000,0.0,0.0,0.0000,0.2401,0.0000,0.0000,0.0,0.0,0.2000,44.9,48.3,0.310,0,0,0,0,,,,,1074,802,,,,,ZFR___CDC5L_unrelaxed_rank_003_alphafold2_multimer_v3_model_1_seed_000.pdb
ZFR___CDC5L,4,4,A,B,0.0000,0.0,0.0,0.0000,0.2606,0.0000,0.0000,0.0,0.0,0.1900,42.3,47.0,0.300,0,0,0,0,,,,,1074,802,,,,,ZFR___CDC5L_unrelaxed_rank_004_alphafold2_multimer_v3_model_4_seed_000.pdb
ZFR___CDC5L,5,3,A,B,0.0000,0.0,0.0,0.0000,0.2353,0.0000,0.0000,0.0,0.0,0.1800,43.8,53.6,0.310,0,0,0,0,,,,,1074,802,,,,,ZFR___CDC5L_unrelaxed_rank_005_alphafold2_multimer_v3_model_3_seed_000.pdb
ZFR___GFP,1,1,A,B,0.1547,1087.3,168.2,0.1247,0.7430,0.1045,0.2291,22306.0,53.0,0.6700,46.9,89.0,0.420,228,235,17,14,92.1,89.3,85.9,69.0,1074,238,"[722-758,788-812,818,820-826,828,831-832,841-842,849,851-854,861-868,894-992,995-1035]","[3-189,191-238]","[932,935-936,938,959,1012-1013,1016-1017,1019-1020,1022-1023,1025,1028-1029,1031]","[149,151,153,164-165,175,198,200,229-230,233-234,236-237]",ZFR___GFP_unrelaxed_rank_001_alphafold2_multimer_v3_model_1_seed_000.pdb
ZFR___GFP,2,4,A,B,0.0000,0.0,0.0,0.0000,0.2246,0.0000,0.0000,0.0,0.0,0.2400,42.2,82.6,0.350,0,0,0,0,,,,,1074,238,,,,,ZFR___GFP_unrelaxed_rank_002_alphafold2_multimer_v3_model_4_seed_000.pdb
ZFR___GFP,3,3,A,B,0.0000,0.0,0.0,0.0000,0.1947,0.0000,0.0000,0.0,0.0,0.2300,45.3,85.4,0.360,0,0,0,0,,,,,1074,238,,,,,ZFR___GFP_unrelaxed_rank_003_alphafold2_multimer_v3_model_3_seed_000.pdb
ZFR___GFP,4,5,A,B,0.0000,0.0,0.0,0.0000,0.2776,0.0000,0.0000,0.0,0.0,0.2300,44.5,86.6,0.360,0,0,0,0,,,,,1074,238,,,,,ZFR___GFP_unrelaxed_rank_004_alphafold2_multimer_v3_model_5_seed_000.pdb
ZFR___GFP,5,2,A,B,0.0000,0.0,0.0,0.0000,0.2139,0.0000,0.0000,0.0,0.0,0.1800,46.4,88.3,0.360,0,0,0,0,,,,,1074,238,,,,,ZFR___GFP_unrelaxed_rank_005_alphafold2_multimer_v3_model_2_seed_000.pdb
ZFR___NCL,1,5,A,B,0.2869,389.3,111.7,0.1500,0.8638,0.2165,0.3801,2755.0,55.0,0.3300,45.8,43.0,0.320,285,10,16,9,91.5,51.4,93.0,53.5,1074,710,"[723-769,780-875,888-958,961-981,983,986-1034]",[701-710],"[752,755-756,759-760,783,785-790,795,909-910,913]",[702-710],ZFR___NCL_unrelaxed_rank_001_alphafold2_multimer_v3_model_5_seed_000.pdb
ZFR___NCL,2,4,A,B,0.2774,524.4,145.5,0.1996,0.9155,0.2180,0.3531,3667.0,75.0,0.3300,44.0,41.4,0.320,290,13,25,10,88.6,51.0,89.9,53.8,1074,710,"[721-770,780-876,889-958,961-982,985-1034,1036]",[698-710],"[736,741,748,752,755-756,759-760,783,785-790,794-797,799,909,912-913,917,923]",[700-709],ZFR___NCL_unrelaxed_rank_002_alphafold2_multimer_v3_model_4_seed_000.pdb
ZFR___NCL,3,3,A,B,0.0855,80.0,6.8,0.0177,0.5987,0.0853,0.0858,400.0,16.0,0.2800,45.8,41.3,0.320,168,5,8,3,92.4,42.6,90.4,46.1,1074,710,"[724,727-728,732,734-735,737-763,783-801,803-835,837,840-846,848-852,854,856,861-872,895-916,919,922-930,933,944-956,964,967,971,974,988-990,992,998,1007]","[705,707-710]","[752,755-756,783,786-789]",[707-709],ZFR___NCL_unrelaxed_rank_003_alphafold2_multimer_v3_model_3_seed_000.pdb
ZFR___NCL,4,2,A,B,0.0000,0.0,0.0,0.0000,0.2416,0.0000,0.0000,0.0,0.0,0.2000,46.6,42.6,0.320,0,0,0,0,,,,,1074,710,,,,,ZFR___NCL_unrelaxed_rank_004_alphafold2_multimer_v3_model_2_seed_000.pdb
ZFR___NCL,5,1,A,B,0.0000,0.0,0.0,0.0000,0.2858,0.0000,0.0000,0.0,0.0,0.1900,45.3,41.9,0.320,0,0,0,0,,,,,1074,710,,,,,ZFR___NCL_unrelaxed_rank_005_alphafold2_multimer_v3_model_1_seed_000.pdb
ZNF503___CHERP,1,3,A,B,0.1852,817.2,151.4,0.0389,0.7855,0.1419,0.2417,4638.0,144.0,0.2200,20.5,48.5,0.300,59,220,31,43,51.4,81.6,50.2,70.3,646,916,"[111-123,512-544,626-638]","[143,146-147,154-184,187-203,206-225,227-250,255-275,277-282,284-288,290-292,639-728]","[113,115-117,119-120,514,517,519-524,532,535-536,539-540,542-544,627,630,632-638]","[168,170,173,212-213,216,220,259,262-263,266,640,643-645,649-651,653-654,657,661,676-677,679-682,685-692,694,709,711-712,715-716,719]",ZNF503___CHERP_unrelaxed_rank_001_alphafold2_multimer_v3_model_3_seed_000.pdb
ZNF503___CHERP,2,2,A,B,0.1383,382.3,52.9,0.0165,0.7267,0.1287,0.1486,2396.0,61.0,0.2100,19.8,50.5,0.300,14,207,11,20,42.2,95.6,42.7,94.2,646,916,[110-123],"[113-114,116-320]","[111-117,119-120,122-123]","[168,170,173-174,177,212,216-217,219-224,258-260,262-263,266]",ZNF503___CHERP_unrelaxed_rank_002_alphafold2_multimer_v3_model_2_seed_000.pdb
ZNF503___CHERP,3,4,A,B,0.1490,397.7,59.2,0.0187,0.7368,0.1343,0.1653,2259.0,70.0,0.2100,19.5,48.7,0.290,28,214,17,25,46.0,90.3,43.6,82.6,646,916,"[108-123,500-501,516-518,535-541]","[117-315,646-648,675-677,685-686,688-694]","[109-117,119-120,123,500-501,535-536,539]","[168,170,173,212,215-220,222-224,259,262-263,266-267,269-270,646,676,686,690-691]",ZNF503___CHERP_unrelaxed_rank_003_alphafold2_multimer_v3_model_4_seed_000.pdb
ZNF503___CHERP,4,1,A,B,0.0914,243.0,22.2,0.0133,0.6445,0.0784,0.1065,1476.0,40.0,0.2100,19.7,48.5,0.290,14,173,9,18,35.5,92.8,36.7,88.7,646,916,[111-124],"[127,130-299,304,308]","[112-117,119-120,123]","[168,170,173-174,177,212,215-217,219-220,223,258-260,262-263,266]",ZNF503___CHERP_unrelaxed_rank_004_alphafold2_multimer_v3_model_1_seed_000.pdb
ZNF503___CHERP,5,5,A,B,0.0899,403.4,36.3,0.0150,0.7330,0.0745,0.1085,1713.0,95.0,0.2100,20.0,49.3,0.290,51,214,28,41,51.8,83.8,45.3,71.5,646,916,"[112-120,514-542,626-638]","[135,138,145-147,154-184,187-203,207-217,220-250,256-270,272-274,277-282,284-286,288-293,642-727]","[113,115-117,119-120,519,521,523-524,532,535-536,539-540,626-638]","[168,170,212,216,220,259,262-263,266,643-644,649-651,653-654,656-661,676-677,681-682,685-692,694,711-712,715-716,719-720]",ZNF503___CHERP_unrelaxed_rank_005_alphafold2_multimer_v3_model_5_seed_000.pdb
