name,rank,model,chain_i,chain_j,iLIS,iLIA,iLISA,ipSAE,actifpTM,LIS,cLIS,LIA,cLIA,ipTM,pLDDT_i,pLDDT_j,pTM,LIR_i,LIR_j,cLIR_i,cLIR_j,LIpLDDT_i,LIpLDDT_j,cLIpLDDT_i,cLIpLDDT_j,len_i,len_j,LIR_indices_i,LIR_indices_j,cLIR_indices_i,cLIR_indices_j,structure_file
AGAP3___GFP,1,5,A,B,0.0000,0.0,0.0,0.0000,0.1692,0.0000,0.0000,0.0,0.0,0.2500,58.6,81.0,0.330,0,0,0,0,,,,,875,238,,,,,AGAP3___GFP_unrelaxed_rank_001_alphafold2_multimer_v3_model_5_seed_000.pdb
AGAP3___GFP,2,4,A,B,0.0000,0.0,0.0,0.0000,0.2065,0.0000,0.0000,0.0,0.0,0.2400,57.8,81.5,0.320,0,0,0,0,,,,,875,238,,,,,AGAP3___GFP_unrelaxed_rank_002_alphafold2_multimer_v3_model_4_seed_000.pdb
AGAP3___GFP,3,3,A,B,0.0000,0.0,0.0,0.0000,0.1650,0.0000,0.0000,0.0,0.0,0.2300,59.8,81.7,0.320,0,0,0,0,,,,,875,238,,,,,AGAP3___GFP_unrelaxed_rank_003_alphafold2_multimer_v3_model_3_seed_000.pdb
AGAP3___GFP,4,1,A,B,0.0000,0.0,0.0,0.0000,0.1978,0.0000,0.0000,0.0,0.0,0.2200,55.7,83.5,0.330,0,0,0,0,,,,,875,238,,,,,AGAP3___GFP_unrelaxed_rank_004_alphafold2_multimer_v3_model_1_seed_000.pdb
AGAP3___GFP,5,2,A,B,0.0000,0.0,0.0,0.0000,0.1801,0.0000,0.0000,0.0,0.0,0.1800,58.8,85.8,0.330,0,0,0,0,,,,,875,238,,,,,AGAP3___GFP_unrelaxed_rank_005_alphafold2_multimer_v3_model_2_seed_000.pdb
ANP32A___RB1,1,1,A,B,0.0000,0.0,0.0,0.0000,0.1886,0.0000,0.0000,0.0,0.0,0.1800,54.8,67.1,0.590,0,0,0,0,,,,,249,928,,,,,ANP32A___RB1_unrelaxed_rank_001_alphafold2_multimer_v3_model_1_seed_000.pdb
ANP32A___RB1,2,4,A,B,0.0000,0.0,0.0,0.0000,0.1795,0.0000,0.0000,0.0,0.0,0.1700,56.4,66.5,0.600,0,0,0,0,,,,,249,928,,,,,ANP32A___RB1_unrelaxed_rank_002_alphafold2_multimer_v3_model_4_seed_000.pdb
ANP32A___RB1,3,3,A,B,0.0000,0.0,0.0,0.0000,0.1459,0.0000,0.0000,0.0,0.0,0.1600,58.2,67.2,0.600,0,0,0,0,,,,,249,928,,,,,ANP32A___RB1_unrelaxed_rank_003_alphafold2_multimer_v3_model_3_seed_000.pdb
ANP32A___RB1,4,5,A,B,0.0000,0.0,0.0,0.0000,0.1694,0.0000,0.0000,0.0,0.0,0.1500,59.8,67.5,0.600,0,0,0,0,,,,,249,928,,,,,ANP32A___RB1_unrelaxed_rank_004_alphafold2_multimer_v3_model_5_seed_000.pdb
ANP32A___RB1,5,2,A,B,0.0000,0.0,0.0,0.0000,0.1576,0.0000,0.0000,0.0,0.0,0.1600,60.1,67.6,0.590,0,0,0,0,,,,,249,928,,,,,ANP32A___RB1_unrelaxed_rank_005_alphafold2_multimer_v3_model_2_seed_000.pdb
ATP5PD___ANP32A,1,4,A,B,0.0000,0.0,0.0,0.0000,0.1590,0.0000,0.0000,0.0,0.0,0.1500,37.2,64.7,0.440,0,0,0,0,,,,,161,249,,,,,ATP5PD___ANP32A_unrelaxed_rank_001_alphafold2_multimer_v3_model_4_seed_000.pdb
ATP5PD___ANP32A,2,5,A,B,0.0000,0.0,0.0,0.0000,0.1424,0.0000,0.0000,0.0,0.0,0.1400,34.6,64.8,0.440,0,0,0,0,,,,,161,249,,,,,ATP5PD___ANP32A_unrelaxed_rank_002_alphafold2_multimer_v3_model_5_seed_000.pdb
ATP5PD___ANP32A,3,1,A,B,0.0000,0.0,0.0,0.0000,0.1908,0.0000,0.0000,0.0,0.0,0.1500,34.8,61.8,0.420,0,0,0,0,,,,,161,249,,,,,ATP5PD___ANP32A_unrelaxed_rank_003_alphafold2_multimer_v3_model_1_seed_000.pdb
ATP5PD___ANP32A,4,3,A,B,0.0000,0.0,0.0,0.0000,0.0792,0.0000,0.0000,0.0,0.0,0.1000,53.2,61.4,0.410,0,0,0,0,,,,,161,249,,,,,ATP5PD___ANP32A_unrelaxed_rank_004_alphafold2_multimer_v3_model_3_seed_000.pdb
ATP5PD___ANP32A,5,2,A,B,0.0000,0.0,0.0,0.0000,0.0829,0.0000,0.0000,0.0,0.0,0.0900,46.1,65.6,0.420,0,0,0,0,,,,,161,249,,,,,ATP5PD___ANP32A_unrelaxed_rank_005_alphafold2_multimer_v3_model_2_seed_000.pdb
ATP5PD___CCNT1,1,1,A,B,0.0000,0.0,0.0,0.0000,0.2485,0.0000,0.0000,0.0,0.0,0.2000,40.1,44.2,0.380,0,0,0,0,,,,,161,726,,,,,ATP5PD___CCNT1_unrelaxed_rank_001_alphafold2_multimer_v3_model_1_seed_000.pdb
ATP5PD___CCNT1,2,2,A,B,0.0000,0.0,0.0,0.0000,0.1773,0.0000,0.0000,0.0,0.0,0.1600,64.6,45.3,0.380,0,0,0,0,,,,,161,726,,,,,ATP5PD___CCNT1_unrelaxed_rank_002_alphafold2_multimer_v3_model_2_seed_000.pdb
ATP5PD___CCNT1,3,4,A,B,0.0000,0.0,0.0,0.0000,0.1827,0.0000,0.0000,0.0,0.0,0.1500,62.1,43.1,0.360,0,0,0,0,,,,,161,726,,,,,ATP5PD___CCNT1_unrelaxed_rank_003_alphafold2_multimer_v3_model_4_seed_000.pdb
ATP5PD___CCNT1,4,3,A,B,0.0000,0.0,0.0,0.0000,0.2071,0.0000,0.0000,0.0,0.0,0.1500,70.8,43.8,0.360,0,0,0,0,,,,,161,726,,,,,ATP5PD___CCNT1_unrelaxed_rank_004_alphafold2_multimer_v3_model_3_seed_000.pdb
ATP5PD___CCNT1,5,5,A,B,0.0000,0.0,0.0,0.0000,0.2046,0.0000,0.0000,0.0,0.0,0.1500,66.5,43.9,0.370,0,0,0,0,,,,,161,726,,,,,ATP5PD___CCNT1_unrelaxed_rank_005_alphafold2_multimer_v3_model_5_seed_000.pdb
ATP5PD___NCL,1,1,A,B,0.0000,0.0,0.0,0.0000,0.2296,0.0000,0.0000,0.0,0.0,0.1900,35.9,45.8,0.250,0,0,0,0,,,,,161,710,,,,,ATP5PD___NCL_unrelaxed_rank_001_alphafold2_multimer_v3_model_1_seed_000.pdb
ATP5PD___NCL,2,3,A,B,0.0000,0.0,0.0,0.0000,0.1898,0.0000,0.0000,0.0,0.0,0.1700,64.2,44.6,0.220,0,0,0,0,,,,,161,710,,,,,ATP5PD___NCL_unrelaxed_rank_002_alphafold2_multimer_v3_model_3_seed_000.pdb
ATP5PD___NCL,3,5,A,B,0.0000,0.0,0.0,0.0000,0.1862,0.0000,0.0000,0.0,0.0,0.1700,54.9,43.5,0.230,0,0,0,0,,,,,161,710,,,,,ATP5PD___NCL_unrelaxed_rank_003_alphafold2_multimer_v3_model_5_seed_000.pdb
ATP5PD___NCL,4,2,A,B,0.0000,0.0,0.0,0.0000,0.1746,0.0000,0.0000,0.0,0.0,0.1500,57.4,44.6,0.220,0,0,0,0,,,,,161,710,,,,,ATP5PD___NCL_unrelaxed_rank_004_alphafold2_multimer_v3_model_2_seed_000.pdb
ATP5PD___NCL,5,4,A,B,0.0000,0.0,0.0,0.0000,0.1456,0.0000,0.0000,0.0,0.0,0.1400,50.2,42.6,0.230,0,0,0,0,,,,,161,710,,,,,ATP5PD___NCL_unrelaxed_rank_005_alphafold2_multimer_v3_model_4_seed_000.pdb
ATP5PD___PDK1,1,1,A,B,0.0290,32.6,0.9,0.0000,0.3397,0.0279,0.0301,177.0,6.0,0.2700,52.5,79.9,0.650,5,104,4,3,41.9,93.1,42.5,80.7,161,436,"[150-153,155]","[45,47-58,61-63,73-81,84-91,97,107,109-113,116-118,120-122,124-125,127,134-149,152,154-157,159,177-178,181,187-188,190,192,194-200,219,263,269,272,276,300,305,307,310,313,360-361,364-365,371-372,382,384,389]",[150-153],[52-54],ATP5PD___PDK1_unrelaxed_rank_001_alphafold2_multimer_v3_model_1_seed_000.pdb
ATP5PD___PDK1,2,2,A,B,0.0000,0.0,0.0,0.0000,0.2748,0.0000,0.0000,0.0,0.0,0.1700,64.8,78.0,0.630,0,0,0,0,,,,,161,436,,,,,ATP5PD___PDK1_unrelaxed_rank_002_alphafold2_multimer_v3_model_2_seed_000.pdb
ATP5PD___PDK1,3,3,A,B,0.0000,0.0,0.0,0.0000,0.1625,0.0000,0.0000,0.0,0.0,0.1500,70.4,78.4,0.630,0,0,0,0,,,,,161,436,,,,,ATP5PD___PDK1_unrelaxed_rank_003_alphafold2_multimer_v3_model_3_seed_000.pdb
ATP5PD___PDK1,4,4,A,B,0.0000,0.0,0.0,0.0000,0.1706,0.0000,0.0000,0.0,0.0,0.1500,62.4,78.5,0.630,0,0,0,0,,,,,161,436,,,,,ATP5PD___PDK1_unrelaxed_rank_004_alphafold2_multimer_v3_model_4_seed_000.pdb
ATP5PD___PDK1,5,5,A,B,0.0000,0.0,0.0,0.0000,0.1701,0.0000,0.0000,0.0,0.0,0.1500,65.2,78.8,0.630,0,0,0,0,,,,,161,436,,,,,ATP5PD___PDK1_unrelaxed_rank_005_alphafold2_multimer_v3_model_5_seed_000.pdb
ATP5PD___SAR1A,1,4,A,B,0.0000,0.0,0.0,0.0000,0.1013,0.0000,0.0000,0.0,0.0,0.1400,58.5,72.7,0.500,0,0,0,0,,,,,161,198,,,,,ATP5PD___SAR1A_unrelaxed_rank_001_alphafold2_multimer_v3_model_4_seed_000.pdb
ATP5PD___SAR1A,2,3,A,B,0.0000,0.0,0.0,0.0000,0.1057,0.0000,0.0000,0.0,0.0,0.1400,68.5,71.6,0.490,0,0,0,0,,,,,161,198,,,,,ATP5PD___SAR1A_unrelaxed_rank_002_alphafold2_multimer_v3_model_3_seed_000.pdb
ATP5PD___SAR1A,3,2,A,B,0.0000,0.0,0.0,0.0000,0.1045,0.0000,0.0000,0.0,0.0,0.1200,66.3,70.7,0.480,0,0,0,0,,,,,161,198,,,,,ATP5PD___SAR1A_unrelaxed_rank_003_alphafold2_multimer_v3_model_2_seed_000.pdb
ATP5PD___SAR1A,4,5,A,B,0.0000,0.0,0.0,0.0000,0.1100,0.0000,0.0000,0.0,0.0,0.1300,64.3,63.5,0.450,0,0,0,0,,,,,161,198,,,,,ATP5PD___SAR1A_unrelaxed_rank_004_alphafold2_multimer_v3_model_5_seed_000.pdb
ATP5PD___SAR1A,5,1,A,B,0.0000,0.0,0.0,0.0000,0.1179,0.0000,0.0000,0.0,0.0,0.1200,44.7,64.9,0.470,0,0,0,0,,,,,161,198,,,,,ATP5PD___SAR1A_unrelaxed_rank_005_alphafold2_multimer_v3_model_1_seed_000.pdb
ATXN2L___CDC37,1,5,A,B,0.1861,296.2,55.1,0.0217,0.8114,0.1639,0.2112,1907.0,46.0,0.3200,26.0,69.7,0.270,17,138,12,18,38.4,84.3,38.9,80.2,1075,378,[1044-1060],"[140-243,246-279]","[1045-1046,1048-1053,1055-1056,1059-1060]","[141,144-145,148-149,187-188,191-192,195,217,221,255,258-259,262-263,266]",ATXN2L___CDC37_unrelaxed_rank_001_alphafold2_multimer_v3_model_5_seed_000.pdb
ATXN2L___CDC37,2,2,A,B,0.0480,35.8,1.7,0.0118,0.5175,0.0496,0.0464,160.0,8.0,0.2700,25.3,71.6,0.270,12,77,6,5,43.5,90.8,42.2,88.3,1075,378,"[544-545,547-549,769-775]","[150,153,157-158,161,165,168-180,183-196,198,204-206,208-210,212-214,217-218,220-222,224-226,228-229,235-236,240,250-252,254-265,269-270,313,317,336,342]","[545,549,770,773-775]","[191,194,258-259,342]",ATXN2L___CDC37_unrelaxed_rank_002_alphafold2_multimer_v3_model_2_seed_000.pdb
ATXN2L___CDC37,3,1,A,B,0.0640,13.1,0.8,0.0000,0.5325,0.0590,0.0694,19.0,9.0,0.2700,25.2,69.3,0.260,5,12,3,4,37.5,70.1,39.4,67.3,1075,378,"[554,659-661,663]","[226,308,311,313,316,336,339-344]","[659-660,663]",[340-343],ATXN2L___CDC37_unrelaxed_rank_003_alphafold2_multimer_v3_model_1_seed_000.pdb
ATXN2L___CDC37,4,4,A,B,0.0000,0.0,0.0,0.0000,0.3797,0.0000,0.0000,0.0,0.0,0.2600,24.5,69.9,0.250,0,0,0,0,,,,,1075,378,,,,,ATXN2L___CDC37_unrelaxed_rank_004_alphafold2_multimer_v3_model_4_seed_000.pdb
ATXN2L___CDC37,5,3,A,B,0.0000,0.0,0.0,0.0000,0.4620,0.0000,0.0000,0.0,0.0,0.2500,25.8,69.7,0.260,0,0,0,0,,,,,1075,378,,,,,ATXN2L___CDC37_unrelaxed_rank_005_alphafold2_multimer_v3_model_3_seed_000.pdb
CCAR2___FAM50A,1,5,A,B,0.0000,0.0,0.0,0.0000,0.2505,0.0000,0.0000,0.0,0.0,0.2000,58.4,54.8,0.440,0,0,0,0,,,,,923,339,,,,,CCAR2___FAM50A_unrelaxed_rank_001_alphafold2_multimer_v3_model_5_seed_000.pdb
CCAR2___FAM50A,2,3,A,B,0.0000,0.0,0.0,0.0000,0.2290,0.0000,0.0000,0.0,0.0,0.1900,57.7,53.4,0.440,0,0,0,0,,,,,923,339,,,,,CCAR2___FAM50A_unrelaxed_rank_002_alphafold2_multimer_v3_model_3_seed_000.pdb
CCAR2___FAM50A,3,4,A,B,0.0000,0.0,0.0,0.0000,0.2233,0.0000,0.0000,0.0,0.0,0.1800,55.7,50.6,0.420,0,0,0,0,,,,,923,339,,,,,CCAR2___FAM50A_unrelaxed_rank_003_alphafold2_multimer_v3_model_4_seed_000.pdb
CCAR2___FAM50A,4,1,A,B,0.0000,0.0,0.0,0.0000,0.1922,0.0000,0.0000,0.0,0.0,0.1700,58.6,56.4,0.430,0,0,0,0,,,,,923,339,,,,,CCAR2___FAM50A_unrelaxed_rank_004_alphafold2_multimer_v3_model_1_seed_000.pdb
CCAR2___FAM50A,5,2,A,B,0.0000,0.0,0.0,0.0000,0.1541,0.0000,0.0000,0.0,0.0,0.1700,58.9,58.2,0.430,0,0,0,0,,,,,923,339,,,,,CCAR2___FAM50A_unrelaxed_rank_005_alphafold2_multimer_v3_model_2_seed_000.pdb
CCAR2___STIP1,1,1,A,B,0.0000,0.0,0.0,0.0000,0.2111,0.0000,0.0000,0.0,0.0,0.1800,56.8,74.3,0.400,0,0,0,0,,,,,923,543,,,,,CCAR2___STIP1_unrelaxed_rank_001_alphafold2_multimer_v3_model_1_seed_000.pdb
CCAR2___STIP1,2,2,A,B,0.0000,0.0,0.0,0.0000,0.1657,0.0000,0.0000,0.0,0.0,0.1800,56.9,78.5,0.400,0,0,0,0,,,,,923,543,,,,,CCAR2___STIP1_unrelaxed_rank_002_alphafold2_multimer_v3_model_2_seed_000.pdb
CCAR2___STIP1,3,4,A,B,0.0000,0.0,0.0,0.0000,0.1870,0.0000,0.0000,0.0,0.0,0.1700,51.4,74.2,0.380,0,0,0,0,,,,,923,543,,,,,CCAR2___STIP1_unrelaxed_rank_003_alphafold2_multimer_v3_model_4_seed_000.pdb
CCAR2___STIP1,4,3,A,B,0.0000,0.0,0.0,0.0000,0.1610,0.0000,0.0000,0.0,0.0,0.1700,55.1,76.3,0.390,0,0,0,0,,,,,923,543,,,,,CCAR2___STIP1_unrelaxed_rank_004_alphafold2_multimer_v3_model_3_seed_000.pdb
CCAR2___STIP1,5,5,A,B,0.0000,0.0,0.0,0.0000,0.1610,0.0000,0.0000,0.0,0.0,0.1600,55.2,78.2,0.390,0,0,0,0,,,,,923,543,,,,,CCAR2___STIP1_unrelaxed_rank_005_alphafold2_multimer_v3_model_5_seed_000.pdb
CCAR2___ZNF503,1,3,A,B,0.0000,0.0,0.0,0.0000,0.2231,0.0000,0.0000,0.0,0.0,0.1900,59.5,18.7,0.400,0,0,0,0,,,,,923,646,,,,,CCAR2___ZNF503_unrelaxed_rank_001_alphafold2_multimer_v3_model_3_seed_000.pdb
CCAR2___ZNF503,2,4,A,B,0.0000,0.0,0.0,0.0000,0.3182,0.0000,0.0000,0.0,0.0,0.1900,59.0,19.1,0.390,0,0,0,0,,,,,923,646,,,,,CCAR2___ZNF503_unrelaxed_rank_002_alphafold2_multimer_v3_model_4_seed_000.pdb
CCAR2___ZNF503,3,2,A,B,0.0000,0.0,0.0,0.0000,0.1764,0.0000,0.0000,0.0,0.0,0.1800,61.1,19.5,0.410,0,0,0,0,,,,,923,646,,,,,CCAR2___ZNF503_unrelaxed_rank_003_alphafold2_multimer_v3_model_2_seed_000.pdb
CCAR2___ZNF503,4,5,A,B,0.0000,0.0,0.0,0.0000,0.1529,0.0000,0.0000,0.0,0.0,0.1700,60.6,18.7,0.400,0,0,0,0,,,,,923,646,,,,,CCAR2___ZNF503_unrelaxed_rank_004_alphafold2_multimer_v3_model_5_seed_000.pdb
CCAR2___ZNF503,5,1,A,B,0.0000,0.0,0.0,0.0000,0.1873,0.0000,0.0000,0.0,0.0,0.1700,59.1,19.8,0.390,0,0,0,0,,,,,923,646,,,,,CCAR2___ZNF503_unrelaxed_rank_005_alphafold2_multimer_v3_model_1_seed_000.pdb
CCNT1___CDC37,1,1,A,B,0.1105,263.8,29.1,0.0147,0.6405,0.0837,0.1459,1313.0,53.0,0.2900,42.4,62.9,0.350,24,121,10,21,40.9,81.6,41.6,78.6,726,378,"[158,163,170,281-291,293-302]","[119,153-243,246-274]","[158,283,286-287,295-297,299-300,302]","[119,187-188,191-192,213,217-218,221-222,225,240,247-248,251-252,255,259,262-263,266]",CCNT1___CDC37_unrelaxed_rank_001_alphafold2_multimer_v3_model_1_seed_000.pdb
CCNT1___CDC37,2,2,A,B,0.1029,373.4,38.4,0.0167,0.6567,0.0878,0.1206,2145.0,65.0,0.2800,43.8,65.6,0.340,25,127,18,21,38.3,86.6,38.4,86.1,726,378,[279-303],"[149,151-243,246-277,282]","[280,283-284,286-288,290-293,295-297,299-303]","[188,191-192,195,217-218,221-222,225,240,247-248,251-252,254-255,258-259,262-263,266]",CCNT1___CDC37_unrelaxed_rank_002_alphafold2_multimer_v3_model_2_seed_000.pdb
CCNT1___CDC37,3,3,A,B,0.0080,1.7,0.0,0.0000,0.4094,0.0096,0.0067,3.0,1.0,0.2000,41.7,63.2,0.340,2,3,1,1,31.7,86.0,31.3,82.0,726,378,"[284,287]","[208,260,262]",[287],[262],CCNT1___CDC37_unrelaxed_rank_003_alphafold2_multimer_v3_model_3_seed_000.pdb
CCNT1___CDC37,4,5,A,B,0.0000,0.0,0.0,0.0000,0.2669,0.0000,0.0000,0.0,0.0,0.1700,42.0,64.0,0.330,0,0,0,0,,,,,726,378,,,,,CCNT1___CDC37_unrelaxed_rank_004_alphafold2_multimer_v3_model_5_seed_000.pdb
CCNT1___CDC37,5,4,A,B,0.0000,0.0,0.0,0.0000,0.2066,0.0000,0.0000,0.0,0.0,0.1700,41.4,61.5,0.330,0,0,0,0,,,,,726,378,,,,,CCNT1___CDC37_unrelaxed_rank_005_alphafold2_multimer_v3_model_4_seed_000.pdb
CCNT1___DHX15,1,5,A,B,0.0000,0.0,0.0,0.0000,0.3852,0.0075,0.0000,2.0,0.0,0.3300,40.9,79.2,0.500,2,2,0,0,47.8,95.8,,,726,795,[391-392],"[387,419]",,,CCNT1___DHX15_unrelaxed_rank_001_alphafold2_multimer_v3_model_5_seed_000.pdb
CCNT1___DHX15,2,4,A,B,0.0000,0.0,0.0,0.0000,0.3515,0.0000,0.0000,0.0,0.0,0.3200,40.7,77.9,0.500,0,0,0,0,,,,,726,795,,,,,CCNT1___DHX15_unrelaxed_rank_002_alphafold2_multimer_v3_model_4_seed_000.pdb
CCNT1___DHX15,3,1,A,B,0.0152,4.9,0.1,0.0000,0.5438,0.0167,0.0139,6.0,4.0,0.2700,40.6,78.0,0.480,3,4,1,4,30.3,84.6,34.3,84.6,726,795,[721-723],"[632-633,636,680]",[721],"[632-633,636,680]",CCNT1___DHX15_unrelaxed_rank_003_alphafold2_multimer_v3_model_1_seed_000.pdb
CCNT1___DHX15,4,2,A,B,0.0000,0.0,0.0,0.0000,0.4804,0.0036,0.0000,3.0,0.0,0.2300,42.2,79.3,0.490,1,3,0,0,27.9,90.9,,,726,795,[721],"[573,597,692]",,,CCNT1___DHX15_unrelaxed_rank_004_alphafold2_multimer_v3_model_2_seed_000.pdb
CCNT1___DHX15,5,3,A,B,0.0000,0.0,0.0,0.0000,0.4746,0.0000,0.0000,0.0,0.0,0.2100,40.9,79.0,0.500,0,0,0,0,,,,,726,795,,,,,CCNT1___DHX15_unrelaxed_rank_005_alphafold2_multimer_v3_model_3_seed_000.pdb
CDK4___KHSRP,1,1,A,B,0.0981,283.7,27.8,0.0138,0.5454,0.0888,0.1084,1341.0,60.0,0.3900,75.6,39.9,0.390,189,17,26,11,86.6,34.8,76.0,37.8,303,711,"[68-75,92-96,98-107,112-158,172-239,244-294]","[108-113,115-125]","[99,101,140,142-145,172-175,177-181,185-186,212,214-219,222]","[109-110,116-124]",CDK4___KHSRP_unrelaxed_rank_001_alphafold2_multimer_v3_model_1_seed_000.pdb
CDK4___KHSRP,2,5,A,B,0.0000,0.0,0.0,0.0000,0.2651,0.0000,0.0000,0.0,0.0,0.3300,74.0,40.0,0.370,0,0,0,0,,,,,303,711,,,,,CDK4___KHSRP_unrelaxed_rank_002_alphafold2_multimer_v3_model_5_seed_000.pdb
CDK4___KHSRP,3,3,A,B,0.0000,0.0,0.0,0.0000,0.3377,0.0000,0.0000,0.0,0.0,0.2400,74.7,38.4,0.380,0,0,0,0,,,,,303,711,,,,,CDK4___KHSRP_unrelaxed_rank_003_alphafold2_multimer_v3_model_3_seed_000.pdb
CDK4___KHSRP,4,4,A,B,0.0000,0.0,0.0,0.0000,0.1624,0.0000,0.0000,0.0,0.0,0.2100,74.6,36.5,0.370,0,0,0,0,,,,,303,711,,,,,CDK4___KHSRP_unrelaxed_rank_004_alphafold2_multimer_v3_model_4_seed_000.pdb
CDK4___KHSRP,5,2,A,B,0.0000,0.0,0.0,0.0000,0.1506,0.0000,0.0000,0.0,0.0,0.2000,75.0,38.7,0.370,0,0,0,0,,,,,303,711,,,,,CDK4___KHSRP_unrelaxed_rank_005_alphafold2_multimer_v3_model_2_seed_000.pdb
CDK4___PTBP1,1,3,A,B,0.0000,0.0,0.0,0.0000,0.2560,0.0000,0.0000,0.0,0.0,0.2100,74.0,61.5,0.390,0,0,0,0,,,,,303,557,,,,,CDK4___PTBP1_unrelaxed_rank_001_alphafold2_multimer_v3_model_3_seed_000.pdb
CDK4___PTBP1,2,1,A,B,0.0000,0.0,0.0,0.0000,0.2230,0.0000,0.0000,0.0,0.0,0.1700,76.8,59.1,0.410,0,0,0,0,,,,,303,557,,,,,CDK4___PTBP1_unrelaxed_rank_002_alphafold2_multimer_v3_model_1_seed_000.pdb
CDK4___PTBP1,3,4,A,B,0.0000,0.0,0.0,0.0000,0.1874,0.0000,0.0000,0.0,0.0,0.1700,77.6,60.0,0.400,0,0,0,0,,,,,303,557,,,,,CDK4___PTBP1_unrelaxed_rank_003_alphafold2_multimer_v3_model_4_seed_000.pdb
CDK4___PTBP1,4,5,A,B,0.0000,0.0,0.0,0.0000,0.1491,0.0000,0.0000,0.0,0.0,0.1700,74.8,62.7,0.380,0,0,0,0,,,,,303,557,,,,,CDK4___PTBP1_unrelaxed_rank_004_alphafold2_multimer_v3_model_5_seed_000.pdb
CDK4___PTBP1,5,2,A,B,0.0000,0.0,0.0,0.0000,0.1510,0.0000,0.0000,0.0,0.0,0.1600,76.4,62.9,0.390,0,0,0,0,,,,,303,557,,,,,CDK4___PTBP1_unrelaxed_rank_005_alphafold2_multimer_v3_model_2_seed_000.pdb
CDK4___RBM4,1,1,A,B,0.0000,0.0,0.0,0.0000,0.2436,0.0000,0.0000,0.0,0.0,0.2400,73.5,39.6,0.460,0,0,0,0,,,,,303,364,,,,,CDK4___RBM4_unrelaxed_rank_001_alphafold2_multimer_v3_model_1_seed_000.pdb
CDK4___RBM4,2,3,A,B,0.0000,0.0,0.0,0.0000,0.1792,0.0000,0.0000,0.0,0.0,0.2000,73.2,40.7,0.450,0,0,0,0,,,,,303,364,,,,,CDK4___RBM4_unrelaxed_rank_002_alphafold2_multimer_v3_model_3_seed_000.pdb
CDK4___RBM4,3,2,A,B,0.0000,0.0,0.0,0.0000,0.2044,0.0000,0.0000,0.0,0.0,0.2000,73.1,41.4,0.450,0,0,0,0,,,,,303,364,,,,,CDK4___RBM4_unrelaxed_rank_003_alphafold2_multimer_v3_model_2_seed_000.pdb
CDK4___RBM4,4,4,A,B,0.0000,0.0,0.0,0.0000,0.1381,0.0000,0.0000,0.0,0.0,0.1600,73.3,38.8,0.460,0,0,0,0,,,,,303,364,,,,,CDK4___RBM4_unrelaxed_rank_004_alphafold2_multimer_v3_model_4_seed_000.pdb
CDK4___RBM4,5,5,A,B,0.0000,0.0,0.0,0.0000,0.1458,0.0000,0.0000,0.0,0.0,0.1600,72.9,41.5,0.440,0,0,0,0,,,,,303,364,,,,,CDK4___RBM4_unrelaxed_rank_005_alphafold2_multimer_v3_model_5_seed_000.pdb
CDK4___SF1,1,1,A,B,0.0000,0.0,0.0,0.0000,0.2472,0.0000,0.0000,0.0,0.0,0.2000,77.8,33.1,0.390,0,0,0,0,,,,,303,639,,,,,CDK4___SF1_unrelaxed_rank_001_alphafold2_multimer_v3_model_1_seed_000.pdb
CDK4___SF1,2,5,A,B,0.0000,0.0,0.0,0.0000,0.2055,0.0000,0.0000,0.0,0.0,0.1900,78.1,34.2,0.370,0,0,0,0,,,,,303,639,,,,,CDK4___SF1_unrelaxed_rank_002_alphafold2_multimer_v3_model_5_seed_000.pdb
CDK4___SF1,3,4,A,B,0.0000,0.0,0.0,0.0000,0.1766,0.0000,0.0000,0.0,0.0,0.1700,78.8,32.1,0.380,0,0,0,0,,,,,303,639,,,,,CDK4___SF1_unrelaxed_rank_003_alphafold2_multimer_v3_model_4_seed_000.pdb
CDK4___SF1,4,2,A,B,0.0000,0.0,0.0,0.0000,0.1648,0.0000,0.0000,0.0,0.0,0.1600,78.5,33.6,0.370,0,0,0,0,,,,,303,639,,,,,CDK4___SF1_unrelaxed_rank_004_alphafold2_multimer_v3_model_2_seed_000.pdb
CDK4___SF1,5,3,A,B,0.0000,0.0,0.0,0.0000,0.1670,0.0000,0.0000,0.0,0.0,0.1600,76.9,33.5,0.370,0,0,0,0,,,,,303,639,,,,,CDK4___SF1_unrelaxed_rank_005_alphafold2_multimer_v3_model_3_seed_000.pdb
CHERP___AGAP3,1,5,A,B,0.1806,266.0,48.0,0.0524,0.8120,0.1288,0.2532,2282.0,31.0,0.3400,44.4,58.4,0.300,24,199,5,8,51.1,88.6,57.2,79.3,916,875,"[841-861,866-867,884]","[626-742,748-779,787-813,815-817,820-829,832-841]","[848,851-853,860]","[662-663,665-667,669-670,722]",CHERP___AGAP3_unrelaxed_rank_001_alphafold2_multimer_v3_model_5_seed_000.pdb
CHERP___AGAP3,2,4,A,B,0.0000,0.0,0.0,0.0000,0.4541,0.0000,0.0000,0.0,0.0,0.2500,44.2,57.8,0.290,0,0,0,0,,,,,916,875,,,,,CHERP___AGAP3_unrelaxed_rank_002_alphafold2_multimer_v3_model_4_seed_000.pdb
CHERP___AGAP3,3,1,A,B,0.0000,0.0,0.0,0.0000,0.2944,0.0000,0.0000,0.0,0.0,0.2100,43.1,55.4,0.290,0,0,0,0,,,,,916,875,,,,,CHERP___AGAP3_unrelaxed_rank_003_alphafold2_multimer_v3_model_1_seed_000.pdb
CHERP___AGAP3,4,2,A,B,0.0000,0.0,0.0,0.0000,0.2880,0.0000,0.0000,0.0,0.0,0.1900,45.7,60.2,0.280,0,0,0,0,,,,,916,875,,,,,CHERP___AGAP3_unrelaxed_rank_004_alphafold2_multimer_v3_model_2_seed_000.pdb
CHERP___AGAP3,5,3,A,B,0.0000,0.0,0.0,0.0000,0.2493,0.0000,0.0000,0.0,0.0,0.1900,44.1,59.4,0.280,0,0,0,0,,,,,916,875,,,,,CHERP___AGAP3_unrelaxed_rank_005_alphafold2_multimer_v3_model_3_seed_000.pdb
CHERP___SRSF11,1,2,A,B,0.2644,494.9,130.9,0.0975,0.8050,0.2217,0.3153,3656.0,67.0,0.2800,49.8,32.5,0.300,223,103,21,17,91.8,78.2,83.6,64.0,916,484,"[113-114,116-317,841-857,860-861]","[30-68,74-125,422-433]","[168-170,173,216,219-220,222-223,262-263,266,269-270,844-845,847-848,851-853]","[55-57,87-88,90-91,93-95,422-423,425,428-429,432-433]",CHERP___SRSF11_unrelaxed_rank_001_alphafold2_multimer_v3_model_2_seed_000.pdb
CHERP___SRSF11,2,3,A,B,0.1405,321.9,45.2,0.0180,0.7241,0.1225,0.1610,2467.0,42.0,0.2300,47.2,32.4,0.300,191,15,19,10,91.7,44.5,88.5,45.5,916,484,[122-312],[420-434],"[168-170,173,212-213,216,219-220,222-223,227,259,262,266,269-272]","[421-424,427-429,431-432,434]",CHERP___SRSF11_unrelaxed_rank_002_alphafold2_multimer_v3_model_3_seed_000.pdb
CHERP___SRSF11,3,1,A,B,0.1994,250.7,50.0,0.0221,0.8580,0.1709,0.2327,1699.0,37.0,0.2100,47.4,30.6,0.300,199,12,16,7,93.4,34.9,90.3,36.0,916,484,[117-315],[421-432],"[168-171,173,212-213,216,219-220,223,259,262-263,266,270]","[422-426,429,432]",CHERP___SRSF11_unrelaxed_rank_003_alphafold2_multimer_v3_model_1_seed_000.pdb
CHERP___SRSF11,4,5,A,B,0.1643,129.4,21.3,0.0185,0.7134,0.1465,0.1844,1396.0,12.0,0.2000,48.4,31.5,0.300,203,11,7,4,93.8,33.3,91.1,35.5,916,484,"[113-114,116-316]",[421-431],"[168-170,216,219,223,266]","[423,425,428-429]",CHERP___SRSF11_unrelaxed_rank_004_alphafold2_multimer_v3_model_5_seed_000.pdb
CHERP___SRSF11,5,4,A,B,0.0000,0.0,0.0,0.0000,0.3512,0.0000,0.0000,0.0,0.0,0.1700,47.7,30.6,0.290,0,0,0,0,,,,,916,484,,,,,CHERP___SRSF11_unrelaxed_rank_005_alphafold2_multimer_v3_model_4_seed_000.pdb
CIZ1___EPB41,1,5,A,B,0.2774,766.2,212.6,0.2833,0.8962,0.1977,0.3895,13342.0,44.0,0.3700,25.7,43.9,0.330,57,277,13,13,65.1,87.0,60.7,72.7,898,864,"[650-688,690-704,732,734-735]","[207-405,408-451,462-492,507-509]","[668,671-672,676-677,680,684,693,695-696,732,734-735]","[218,241-244,246,297-298,300,439,441,507,509]",CIZ1___EPB41_unrelaxed_rank_001_alphafold2_multimer_v3_model_5_seed_000.pdb
CIZ1___EPB41,2,4,A,B,0.1066,433.8,46.2,0.0144,0.7195,0.0897,0.1267,2809.0,67.0,0.3300,24.3,43.2,0.330,37,229,19,18,62.5,87.0,60.0,79.8,898,864,"[653-684,733-737]","[210,212-227,230-255,263-266,268-274,280-344,348-357,360-374,376-404,409-423,431-443,445-450,465-467,469-487]","[654,657-658,667-668,671-674,676-677,680-681,683-684,734-737]","[218,243-244,246,297-300,303,335-336,379-380,439-442,481]",CIZ1___EPB41_unrelaxed_rank_002_alphafold2_multimer_v3_model_4_seed_000.pdb
CIZ1___EPB41,3,1,A,B,0.0710,471.8,33.5,0.0124,0.6542,0.0680,0.0740,2394.0,93.0,0.3200,25.4,43.3,0.330,46,217,20,32,55.9,83.8,52.7,71.4,898,864,"[654-686,694-702,733-736]","[211-225,227,230-255,263-266,268-274,281-318,321-344,348-356,361-374,377-403,411-423,430-443,445-446,448-449,451,471-474,476-488,506-508]","[658,667-668,671-673,676-677,680-681,683-684,695-698,733-736]","[218,220,242-244,246-249,290,295-301,303,379,434,437-441,480-481,484-485,488,507-508]",CIZ1___EPB41_unrelaxed_rank_003_alphafold2_multimer_v3_model_1_seed_000.pdb
CIZ1___EPB41,4,3,A,B,0.0170,27.2,0.5,0.0000,0.5471,0.0146,0.0199,57.0,13.0,0.2200,24.0,46.2,0.330,4,44,4,8,26.5,87.9,26.5,83.5,898,864,[733-736],"[214,237,239-240,264,270,282-283,285,289,391,401,411,415,421-423,436,439-443,445-450,469,472-478,480-482,484-487]",[733-736],"[439-442,480-481,484-485]",CIZ1___EPB41_unrelaxed_rank_004_alphafold2_multimer_v3_model_3_seed_000.pdb
CIZ1___EPB41,5,2,A,B,0.0331,88.7,2.9,0.0110,0.6201,0.0256,0.0428,358.0,22.0,0.2200,25.5,46.6,0.340,5,181,5,11,29.0,91.5,29.0,83.9,898,864,[733-737],"[213-217,221,231-241,243,245-255,264,266,268-271,282-283,285-294,296,299-302,304-314,317-318,323-334,337,363-364,366-368,370,379-395,397-404,410-417,420-424,430-451,462-463,465-490,513-521]",[733-737],"[437-442,450,480-481,484-485]",CIZ1___EPB41_unrelaxed_rank_005_alphafold2_multimer_v3_model_2_seed_000.pdb
CIZ1___NCL,1,1,A,B,0.0000,0.0,0.0,0.0000,0.2358,0.0000,0.0000,0.0,0.0,0.1900,25.1,43.5,0.230,0,0,0,0,,,,,898,710,,,,,CIZ1___NCL_unrelaxed_rank_001_alphafold2_multimer_v3_model_1_seed_000.pdb
CIZ1___NCL,2,2,A,B,0.0000,0.0,0.0,0.0000,0.2065,0.0000,0.0000,0.0,0.0,0.1800,27.8,47.0,0.230,0,0,0,0,,,,,898,710,,,,,CIZ1___NCL_unrelaxed_rank_002_alphafold2_multimer_v3_model_2_seed_000.pdb
CIZ1___NCL,3,5,A,B,0.0000,0.0,0.0,0.0000,0.2042,0.0000,0.0000,0.0,0.0,0.1800,26.3,47.0,0.230,0,0,0,0,,,,,898,710,,,,,CIZ1___NCL_unrelaxed_rank_003_alphafold2_multimer_v3_model_5_seed_000.pdb
CIZ1___NCL,4,3,A,B,0.0000,0.0,0.0,0.0000,0.2293,0.0000,0.0000,0.0,0.0,0.1800,25.0,45.1,0.230,0,0,0,0,,,,,898,710,,,,,CIZ1___NCL_unrelaxed_rank_004_alphafold2_multimer_v3_model_3_seed_000.pdb
CIZ1___NCL,5,4,A,B,0.0000,0.0,0.0,0.0000,0.2177,0.0000,0.0000,0.0,0.0,0.1800,24.6,45.6,0.230,0,0,0,0,,,,,898,710,,,,,CIZ1___NCL_unrelaxed_rank_005_alphafold2_multimer_v3_model_4_seed_000.pdb
CSTB___PSPC1,1,5,A,B,0.0000,0.0,0.0,0.0000,0.1223,0.0000,0.0000,0.0,0.0,0.1400,81.0,59.3,0.430,0,0,0,0,,,,,98,523,,,,,CSTB___PSPC1_unrelaxed_rank_001_alphafold2_multimer_v3_model_5_seed_000.pdb
CSTB___PSPC1,2,4,A,B,0.0000,0.0,0.0,0.0000,0.1284,0.0000,0.0000,0.0,0.0,0.1400,78.2,58.7,0.410,0,0,0,0,,,,,98,523,,,,,CSTB___PSPC1_unrelaxed_rank_002_alphafold2_multimer_v3_model_4_seed_000.pdb
CSTB___PSPC1,3,3,A,B,0.0000,0.0,0.0,0.0000,0.1024,0.0000,0.0000,0.0,0.0,0.1200,69.2,59.6,0.430,0,0,0,0,,,,,98,523,,,,,CSTB___PSPC1_unrelaxed_rank_003_alphafold2_multimer_v3_model_3_seed_000.pdb
CSTB___PSPC1,4,1,A,B,0.0000,0.0,0.0,0.0000,0.1035,0.0000,0.0000,0.0,0.0,0.1100,76.1,60.1,0.420,0,0,0,0,,,,,98,523,,,,,CSTB___PSPC1_unrelaxed_rank_004_alphafold2_multimer_v3_model_1_seed_000.pdb
CSTB___PSPC1,5,2,A,B,0.0000,0.0,0.0,0.0000,0.1070,0.0000,0.0000,0.0,0.0,0.1100,72.6,57.8,0.410,0,0,0,0,,,,,98,523,,,,,CSTB___PSPC1_unrelaxed_rank_005_alphafold2_multimer_v3_model_2_seed_000.pdb
CSTB___RBM4,1,4,A,B,0.0000,0.0,0.0,0.0000,0.1395,0.0000,0.0000,0.0,0.0,0.2500,76.9,45.4,0.290,0,0,0,0,,,,,98,364,,,,,CSTB___RBM4_unrelaxed_rank_001_alphafold2_multimer_v3_model_4_seed_000.pdb
CSTB___RBM4,2,2,A,B,0.0000,0.0,0.0,0.0000,0.1501,0.0000,0.0000,0.0,0.0,0.1900,66.3,44.2,0.260,0,0,0,0,,,,,98,364,,,,,CSTB___RBM4_unrelaxed_rank_002_alphafold2_multimer_v3_model_2_seed_000.pdb
CSTB___RBM4,3,1,A,B,0.0000,0.0,0.0,0.0000,0.1440,0.0000,0.0000,0.0,0.0,0.1700,57.1,44.6,0.260,0,0,0,0,,,,,98,364,,,,,CSTB___RBM4_unrelaxed_rank_003_alphafold2_multimer_v3_model_1_seed_000.pdb
CSTB___RBM4,4,3,A,B,0.0000,0.0,0.0,0.0000,0.1191,0.0000,0.0000,0.0,0.0,0.1700,55.5,42.3,0.240,0,0,0,0,,,,,98,364,,,,,CSTB___RBM4_unrelaxed_rank_004_alphafold2_multimer_v3_model_3_seed_000.pdb
CSTB___RBM4,5,5,A,B,0.0000,0.0,0.0,0.0000,0.1196,0.0000,0.0000,0.0,0.0,0.1500,75.2,44.4,0.270,0,0,0,0,,,,,98,364,,,,,CSTB___RBM4_unrelaxed_rank_005_alphafold2_multimer_v3_model_5_seed_000.pdb
DAZAP1___GFP,1,1,A,B,0.0000,0.0,0.0,0.0000,0.2686,0.0000,0.0000,0.0,0.0,0.2900,42.4,81.8,0.430,0,0,0,0,,,,,407,238,,,,,DAZAP1___GFP_unrelaxed_rank_001_alphafold2_multimer_v3_model_1_seed_000.pdb
DAZAP1___GFP,2,4,A,B,0.0000,0.0,0.0,0.0000,0.1513,0.0000,0.0000,0.0,0.0,0.1700,38.5,81.9,0.430,0,0,0,0,,,,,407,238,,,,,DAZAP1___GFP_unrelaxed_rank_002_alphafold2_multimer_v3_model_4_seed_000.pdb
DAZAP1___GFP,3,5,A,B,0.0000,0.0,0.0,0.0000,0.1253,0.0000,0.0000,0.0,0.0,0.1700,41.4,88.0,0.410,0,0,0,0,,,,,407,238,,,,,DAZAP1___GFP_unrelaxed_rank_003_alphafold2_multimer_v3_model_5_seed_000.pdb
DAZAP1___GFP,4,3,A,B,0.0000,0.0,0.0,0.0000,0.1301,0.0000,0.0000,0.0,0.0,0.1600,40.2,84.5,0.420,0,0,0,0,,,,,407,238,,,,,DAZAP1___GFP_unrelaxed_rank_004_alphafold2_multimer_v3_model_3_seed_000.pdb
DAZAP1___GFP,5,2,A,B,0.0000,0.0,0.0,0.0000,0.1458,0.0000,0.0000,0.0,0.0,0.1600,41.1,84.5,0.420,0,0,0,0,,,,,407,238,,,,,DAZAP1___GFP_unrelaxed_rank_005_alphafold2_multimer_v3_model_2_seed_000.pdb
DAZAP1___RB1,1,4,A,B,0.0000,0.0,0.0,0.0000,0.2003,0.0000,0.0000,0.0,0.0,0.1800,32.5,68.4,0.560,0,0,0,0,,,,,407,928,,,,,DAZAP1___RB1_unrelaxed_rank_001_alphafold2_multimer_v3_model_4_seed_000.pdb
DAZAP1___RB1,2,3,A,B,0.0000,0.0,0.0,0.0000,0.2635,0.0000,0.0000,0.0,0.0,0.1700,35.2,68.5,0.560,0,0,0,0,,,,,407,928,,,,,DAZAP1___RB1_unrelaxed_rank_002_alphafold2_multimer_v3_model_3_seed_000.pdb
DAZAP1___RB1,3,2,A,B,0.0000,0.0,0.0,0.0000,0.1611,0.0000,0.0000,0.0,0.0,0.1700,36.2,69.1,0.550,0,0,0,0,,,,,407,928,,,,,DAZAP1___RB1_unrelaxed_rank_003_alphafold2_multimer_v3_model_2_seed_000.pdb
DAZAP1___RB1,4,5,A,B,0.0000,0.0,0.0,0.0000,0.1787,0.0000,0.0000,0.0,0.0,0.1600,35.1,68.6,0.550,0,0,0,0,,,,,407,928,,,,,DAZAP1___RB1_unrelaxed_rank_004_alphafold2_multimer_v3_model_5_seed_000.pdb
DAZAP1___RB1,5,1,A,B,0.0000,0.0,0.0,0.0000,0.1640,0.0000,0.0000,0.0,0.0,0.1600,35.4,68.8,0.540,0,0,0,0,,,,,407,928,,,,,DAZAP1___RB1_unrelaxed_rank_005_alphafold2_multimer_v3_model_1_seed_000.pdb
DNAJA1___PTBP1,1,1,A,B,0.0000,0.0,0.0,0.0000,0.1516,0.0000,0.0000,0.0,0.0,0.1400,74.7,60.7,0.330,0,0,0,0,,,,,397,557,,,,,DNAJA1___PTBP1_unrelaxed_rank_001_alphafold2_multimer_v3_model_1_seed_000.pdb
DNAJA1___PTBP1,2,2,A,B,0.0000,0.0,0.0,0.0000,0.1395,0.0000,0.0000,0.0,0.0,0.1400,74.0,63.3,0.330,0,0,0,0,,,,,397,557,,,,,DNAJA1___PTBP1_unrelaxed_rank_002_alphafold2_multimer_v3_model_2_seed_000.pdb
DNAJA1___PTBP1,3,4,A,B,0.0000,0.0,0.0,0.0000,0.1317,0.0000,0.0000,0.0,0.0,0.1400,74.1,61.4,0.330,0,0,0,0,,,,,397,557,,,,,DNAJA1___PTBP1_unrelaxed_rank_003_alphafold2_multimer_v3_model_4_seed_000.pdb
DNAJA1___PTBP1,4,3,A,B,0.0000,0.0,0.0,0.0000,0.1477,0.0000,0.0000,0.0,0.0,0.1300,72.3,62.0,0.320,0,0,0,0,,,,,397,557,,,,,DNAJA1___PTBP1_unrelaxed_rank_004_alphafold2_multimer_v3_model_3_seed_000.pdb
DNAJA1___PTBP1,5,5,A,B,0.0000,0.0,0.0,0.0000,0.1235,0.0000,0.0000,0.0,0.0,0.1300,72.9,64.3,0.310,0,0,0,0,,,,,397,557,,,,,DNAJA1___PTBP1_unrelaxed_rank_005_alphafold2_multimer_v3_model_5_seed_000.pdb
EDC3___DHX15,1,5,A,B,0.0000,0.0,0.0,0.0000,0.3289,0.0000,0.0000,0.0,0.0,0.3100,59.4,79.0,0.590,0,0,0,0,,,,,508,795,,,,,EDC3___DHX15_unrelaxed_rank_001_alphafold2_multimer_v3_model_5_seed_000.pdb
EDC3___DHX15,2,1,A,B,0.0000,0.0,0.0,0.0000,0.3262,0.0000,0.0000,0.0,0.0,0.2300,60.2,77.8,0.540,0,0,0,0,,,,,508,795,,,,,EDC3___DHX15_unrelaxed_rank_002_alphafold2_multimer_v3_model_1_seed_000.pdb
EDC3___DHX15,3,3,A,B,0.0000,0.0,0.0,0.0000,0.2128,0.0000,0.0000,0.0,0.0,0.1900,59.1,79.1,0.540,0,0,0,0,,,,,508,795,,,,,EDC3___DHX15_unrelaxed_rank_003_alphafold2_multimer_v3_model_3_seed_000.pdb
EDC3___DHX15,4,4,A,B,0.0000,0.0,0.0,0.0000,0.1939,0.0000,0.0000,0.0,0.0,0.1800,58.2,77.6,0.530,0,0,0,0,,,,,508,795,,,,,EDC3___DHX15_unrelaxed_rank_004_alphafold2_multimer_v3_model_4_seed_000.pdb
EDC3___DHX15,5,2,A,B,0.0000,0.0,0.0,0.0000,0.2081,0.0000,0.0000,0.0,0.0,0.1900,59.2,78.2,0.520,0,0,0,0,,,,,508,795,,,,,EDC3___DHX15_unrelaxed_rank_005_alphafold2_multimer_v3_model_2_seed_000.pdb
EDC3___U2SURP,1,2,A,B,0.1144,256.0,29.3,0.0144,0.7160,0.0949,0.1379,950.0,69.0,0.2200,62.1,46.4,0.300,11,137,9,26,45.1,85.3,46.8,83.9,508,1029,[242-252],"[534-582,585-609,611-635,637,641-677]",[243-251],"[550-558,560-561,592,595-596,599-600,603-604,607,649,652-653,655-656,659-660]",EDC3___U2SURP_unrelaxed_rank_001_alphafold2_multimer_v3_model_2_seed_000.pdb
EDC3___U2SURP,2,5,A,B,0.0311,11.3,0.4,0.0127,0.5248,0.0517,0.0188,64.0,2.0,0.2200,61.3,46.0,0.300,8,38,2,2,33.5,88.6,32.4,87.6,508,1029,[244-251],"[550,552-554,556-558,565,574,588-594,596,599,602,604-605,620,629,633,646,648-649,651-652,655-660,671,674-675]","[244,250]","[552,557]",EDC3___U2SURP_unrelaxed_rank_002_alphafold2_multimer_v3_model_5_seed_000.pdb
EDC3___U2SURP,3,3,A,B,0.0000,0.0,0.0,0.0000,0.2735,0.0000,0.0000,0.0,0.0,0.1900,61.5,46.4,0.300,0,0,0,0,,,,,508,1029,,,,,EDC3___U2SURP_unrelaxed_rank_003_alphafold2_multimer_v3_model_3_seed_000.pdb
EDC3___U2SURP,4,1,A,B,0.0000,0.0,0.0,0.0000,0.2410,0.0000,0.0000,0.0,0.0,0.1900,61.3,46.2,0.300,0,0,0,0,,,,,508,1029,,,,,EDC3___U2SURP_unrelaxed_rank_004_alphafold2_multimer_v3_model_1_seed_000.pdb
EDC3___U2SURP,5,4,A,B,0.0000,0.0,0.0,0.0000,0.3549,0.0000,0.0000,0.0,0.0,0.1800,60.4,44.3,0.290,0,0,0,0,,,,,508,1029,,,,,EDC3___U2SURP_unrelaxed_rank_005_alphafold2_multimer_v3_model_4_seed_000.pdb
EDC3___ZNF503,1,2,A,B,0.0128,2.2,0.0,0.0000,0.4824,0.0087,0.0187,5.0,1.0,0.2400,65.8,19.4,0.330,5,2,1,1,96.7,39.1,98.1,40.2,508,646,"[273,458,474-475,485]",[430-431],[475],[431],EDC3___ZNF503_unrelaxed_rank_001_alphafold2_multimer_v3_model_2_seed_000.pdb
EDC3___ZNF503,2,3,A,B,0.0000,0.0,0.0,0.0000,0.3587,0.0000,0.0000,0.0,0.0,0.1800,61.2,19.9,0.330,0,0,0,0,,,,,508,646,,,,,EDC3___ZNF503_unrelaxed_rank_002_alphafold2_multimer_v3_model_3_seed_000.pdb
EDC3___ZNF503,3,4,A,B,0.1104,127.1,14.0,0.0149,0.6658,0.1002,0.1217,521.0,31.0,0.1800,63.5,20.3,0.320,65,10,12,8,79.4,40.5,76.9,40.4,508,646,[3-67],[111-120],"[5,8,10,28,30,33,35,56-57,59,62,64]","[111-113,115-117,119-120]",EDC3___ZNF503_unrelaxed_rank_003_alphafold2_multimer_v3_model_4_seed_000.pdb
EDC3___ZNF503,4,1,A,B,0.0000,0.0,0.0,0.0000,0.1991,0.0000,0.0000,0.0,0.0,0.1600,64.9,20.4,0.320,0,0,0,0,,,,,508,646,,,,,EDC3___ZNF503_unrelaxed_rank_004_alphafold2_multimer_v3_model_1_seed_000.pdb
EDC3___ZNF503,5,5,A,B,0.0000,0.0,0.0,0.0000,0.2862,0.0000,0.0000,0.0,0.0,0.1600,64.1,20.1,0.320,0,0,0,0,,,,,508,646,,,,,EDC3___ZNF503_unrelaxed_rank_005_alphafold2_multimer_v3_model_5_seed_000.pdb
EPB41___TXN,1,2,A,B,0.0000,0.0,0.0,0.0000,0.2846,0.0000,0.0000,0.0,0.0,0.2700,48.2,83.6,0.430,0,0,0,0,,,,,864,105,,,,,EPB41___TXN_unrelaxed_rank_001_alphafold2_multimer_v3_model_2_seed_000.pdb
EPB41___TXN,2,1,A,B,0.0000,0.0,0.0,0.0000,0.1704,0.0000,0.0000,0.0,0.0,0.1800,47.6,81.9,0.420,0,0,0,0,,,,,864,105,,,,,EPB41___TXN_unrelaxed_rank_002_alphafold2_multimer_v3_model_1_seed_000.pdb
EPB41___TXN,3,4,A,B,0.0000,0.0,0.0,0.0000,0.1759,0.0000,0.0000,0.0,0.0,0.1800,47.0,81.6,0.410,0,0,0,0,,,,,864,105,,,,,EPB41___TXN_unrelaxed_rank_003_alphafold2_multimer_v3_model_4_seed_000.pdb
EPB41___TXN,4,3,A,B,0.0000,0.0,0.0,0.0000,0.1629,0.0000,0.0000,0.0,0.0,0.1700,47.8,85.0,0.410,0,0,0,0,,,,,864,105,,,,,EPB41___TXN_unrelaxed_rank_004_alphafold2_multimer_v3_model_3_seed_000.pdb
EPB41___TXN,5,5,A,B,0.0000,0.0,0.0,0.0000,0.1585,0.0000,0.0000,0.0,0.0,0.1500,47.1,85.8,0.410,0,0,0,0,,,,,864,105,,,,,EPB41___TXN_unrelaxed_rank_005_alphafold2_multimer_v3_model_5_seed_000.pdb
FUBP1___PRDX1,1,1,A,B,0.0000,0.0,0.0,0.0000,0.2481,0.0000,0.0000,0.0,0.0,0.2500,47.5,81.8,0.320,0,0,0,0,,,,,644,199,,,,,FUBP1___PRDX1_unrelaxed_rank_001_alphafold2_multimer_v3_model_1_seed_000.pdb
FUBP1___PRDX1,2,2,A,B,0.0000,0.0,0.0,0.0000,0.2049,0.0000,0.0000,0.0,0.0,0.2200,47.0,82.9,0.310,0,0,0,0,,,,,644,199,,,,,FUBP1___PRDX1_unrelaxed_rank_002_alphafold2_multimer_v3_model_2_seed_000.pdb
FUBP1___PRDX1,3,3,A,B,0.0000,0.0,0.0,0.0000,0.1878,0.0000,0.0000,0.0,0.0,0.2200,44.5,87.4,0.320,0,0,0,0,,,,,644,199,,,,,FUBP1___PRDX1_unrelaxed_rank_003_alphafold2_multimer_v3_model_3_seed_000.pdb
FUBP1___PRDX1,4,5,A,B,0.0000,0.0,0.0,0.0000,0.1704,0.0000,0.0000,0.0,0.0,0.2200,45.9,86.3,0.320,0,0,0,0,,,,,644,199,,,,,FUBP1___PRDX1_unrelaxed_rank_004_alphafold2_multimer_v3_model_5_seed_000.pdb
FUBP1___PRDX1,5,4,A,B,0.0000,0.0,0.0,0.0000,0.1779,0.0000,0.0000,0.0,0.0,0.2100,42.4,82.8,0.310,0,0,0,0,,,,,644,199,,,,,FUBP1___PRDX1_unrelaxed_rank_005_alphafold2_multimer_v3_model_4_seed_000.pdb
FUBP1___U2SURP,1,2,A,B,0.2825,604.3,170.7,0.1683,0.8685,0.2024,0.3943,5987.0,61.0,0.2900,44.5,50.0,0.310,40,196,16,19,52.7,87.1,56.0,84.4,644,1029,"[531-548,608-629]","[274-277,284-294,296-306,318,320-338,347,351-353,355-366,369-394,406-513]","[531,533,536-537,540-541,543-545,609,611,614-615,618,623,626]","[360,382,425,429,432,436,439-440,442-444,446-447,465,481,485-487,497]",FUBP1___U2SURP_unrelaxed_rank_001_alphafold2_multimer_v3_model_2_seed_000.pdb
FUBP1___U2SURP,2,3,A,B,0.0533,18.1,1.0,0.0146,0.5524,0.0545,0.0521,82.0,4.0,0.2600,41.6,48.0,0.290,7,42,2,2,49.5,85.9,51.5,86.7,644,1029,[536-542],"[417,420-421,427-428,430-446,448-450,458-459,462,469-471,474,476-478,480-481,483-484,495-496,503]","[537,541]","[432,436]",FUBP1___U2SURP_unrelaxed_rank_002_alphafold2_multimer_v3_model_3_seed_000.pdb
FUBP1___U2SURP,3,5,A,B,0.0792,57.3,4.5,0.0136,0.5754,0.0518,0.1210,298.0,11.0,0.2600,43.3,48.2,0.290,13,70,5,8,48.0,87.5,45.0,82.0,644,1029,"[534,536-542,544-545,582,585-586]","[383,416-422,424-453,459,461-463,468-482,484-490,493,495,502-505]","[537,541,545,582,585]","[425,429,432,436,441-444]",FUBP1___U2SURP_unrelaxed_rank_003_alphafold2_multimer_v3_model_5_seed_000.pdb
FUBP1___U2SURP,4,1,A,B,0.0096,4.9,0.0,0.0000,0.4948,0.0124,0.0075,12.0,2.0,0.2100,40.4,48.8,0.280,3,11,2,1,46.2,84.0,44.7,81.6,644,1029,"[615,618-619]","[437-438,441-444,447-449,452-453]","[615,618]",[443],FUBP1___U2SURP_unrelaxed_rank_004_alphafold2_multimer_v3_model_1_seed_000.pdb
FUBP1___U2SURP,5,4,A,B,0.0000,0.0,0.0,0.0000,0.3522,0.0000,0.0000,0.0,0.0,0.2000,40.2,46.1,0.280,0,0,0,0,,,,,644,1029,,,,,FUBP1___U2SURP_unrelaxed_rank_005_alphafold2_multimer_v3_model_4_seed_000.pdb
FUBP1___ZFR,1,1,A,B,0.3573,657.3,234.8,0.1283,0.9560,0.2754,0.4636,4854.0,89.0,0.3000,42.1,46.5,0.340,19,284,13,27,45.6,91.4,51.0,89.9,644,1074,[503-521],"[721-768,780-873,892-958,960-982,984-1035]","[505,507-512,514-519]","[731-732,735-736,741,748,756,759,782-783,785-790,794-799,909,913,917,923-924]",FUBP1___ZFR_unrelaxed_rank_001_alphafold2_multimer_v3_model_1_seed_000.pdb
FUBP1___ZFR,2,5,A,B,0.2566,530.0,136.0,0.0416,0.8766,0.2143,0.3071,3796.0,74.0,0.3000,42.0,46.3,0.330,16,279,13,25,44.5,92.1,46.5,91.8,644,1074,[505-520],"[722-767,781-873,892-958,960-981,985-1035]","[505-512,514-518]","[732,736,741,748,756,759-760,783,785-791,794-799,909-910,913,923]",FUBP1___ZFR_unrelaxed_rank_002_alphafold2_multimer_v3_model_5_seed_000.pdb
FUBP1___ZFR,3,3,A,B,0.1919,429.8,82.5,0.0205,0.8246,0.1581,0.2329,3029.0,61.0,0.2800,39.9,45.0,0.340,15,272,12,24,37.3,88.7,39.0,84.9,644,1074,[505-519],"[722-764,782-872,892-958,960-981,986-1034]","[505,507-512,514-518]","[732,736,741,756,759,783,785-791,794-799,811,909,913,917,923]",FUBP1___ZFR_unrelaxed_rank_003_alphafold2_multimer_v3_model_3_seed_000.pdb
FUBP1___ZFR,4,4,A,B,0.2391,664.8,159.0,0.0269,0.8806,0.1870,0.3057,5525.0,80.0,0.2700,42.0,45.1,0.330,29,278,12,28,36.1,90.4,42.5,88.0,644,1074,"[505-520,533-545]","[722-766,782-873,892-958,960-982,985-1035]","[505,507-512,514-517,537]","[731-732,735-736,741,744,748,756,759-760,783,785-790,794-799,909,913,917,923-924]",FUBP1___ZFR_unrelaxed_rank_004_alphafold2_multimer_v3_model_4_seed_000.pdb
FUBP1___ZFR,5,2,A,B,0.0911,80.0,7.3,0.0141,0.6909,0.0717,0.1156,534.0,12.0,0.2400,45.0,46.7,0.340,10,208,4,8,34.9,93.8,38.5,89.4,644,1074,"[514-518,540,615,617-619]","[723,725-731,734,736,738-764,784-801,803-815,817-819,821-826,828-829,831-833,835,840-843,845-854,856,860-865,867-871,895-917,919,922-924,926-934,936,938-940,942-952,954-955,964,967-971,973-976,979-980,987-989,991,997-999,1002-1022,1025-1030]","[514,517,618-619]","[738,756,759-760,785-787,797]",FUBP1___ZFR_unrelaxed_rank_005_alphafold2_multimer_v3_model_2_seed_000.pdb
FUBP3___SRSF11,1,5,A,B,0.4361,483.2,210.7,0.2620,0.8803,0.3543,0.5368,3335.0,70.0,0.2800,53.3,33.7,0.230,24,100,11,14,45.6,85.4,51.5,88.9,572,484,[14-37],[29-128],"[18-20,22-23,25-27,29-30,33]","[48,51-53,55-56,90-91,94-95,98-101]",FUBP3___SRSF11_unrelaxed_rank_001_alphafold2_multimer_v3_model_5_seed_000.pdb
FUBP3___SRSF11,2,1,A,B,0.2996,379.0,113.5,0.1679,0.8095,0.2313,0.3880,2477.0,58.0,0.2700,50.1,32.6,0.240,21,97,11,13,40.2,80.1,41.7,81.4,572,484,[15-35],[30-126],"[18-19,22-23,25-27,29-30,33-34]","[48,51-52,55-56,91-95,98-100]",FUBP3___SRSF11_unrelaxed_rank_002_alphafold2_multimer_v3_model_1_seed_000.pdb
FUBP3___SRSF11,3,3,A,B,0.1388,256.3,35.6,0.0144,0.6111,0.1165,0.1653,966.0,68.0,0.2200,49.8,32.3,0.230,16,80,10,19,54.3,84.2,56.1,81.6,572,484,[18-33],"[32-67,77-111,114-122]","[19,22-23,25-27,29-31,33]","[48,51-53,55-57,87-88,90-92,94-95,98-101,105]",FUBP3___SRSF11_unrelaxed_rank_003_alphafold2_multimer_v3_model_3_seed_000.pdb
FUBP3___SRSF11,4,4,A,B,0.0000,0.0,0.0,0.0000,0.3967,0.0233,0.0000,2.0,0.0,0.2100,49.1,32.4,0.220,2,2,0,0,43.8,90.5,,,572,484,"[24,27]","[83,108]",,,FUBP3___SRSF11_unrelaxed_rank_004_alphafold2_multimer_v3_model_4_seed_000.pdb
FUBP3___SRSF11,5,2,A,B,0.0058,1.0,0.0,0.0000,0.4163,0.0058,0.0058,1.0,1.0,0.1800,53.7,34.2,0.230,1,1,1,1,47.2,77.6,47.2,77.6,572,484,[26],[98],[26],[98],FUBP3___SRSF11_unrelaxed_rank_005_alphafold2_multimer_v3_model_2_seed_000.pdb
FUS___CHERP,1,5,A,B,0.2509,485.6,121.8,0.0523,0.8613,0.1797,0.3504,3519.0,67.0,0.2500,31.4,48.1,0.290,41,265,15,21,65.0,87.0,68.5,85.0,526,916,"[421-455,521-526]","[117,119-313,315,656-670,680-732]","[434-438,440-441,445-448,523-526]","[168,170,173,213,215-216,219-220,262-263,266,269,685,688,700,709,711-712,715,718-719]",FUS___CHERP_unrelaxed_rank_001_alphafold2_multimer_v3_model_5_seed_000.pdb
FUS___CHERP,2,3,A,B,0.0549,27.4,1.5,0.0112,0.5990,0.0403,0.0747,75.0,10.0,0.2000,29.5,46.6,0.290,19,25,5,4,63.3,66.8,70.6,70.2,526,916,"[425-426,436-449,522-524]","[685-686,690,693-694,700,702-703,706-711,713-721,723-724]","[436-438,445-446]","[711,715,718-719]",FUS___CHERP_unrelaxed_rank_002_alphafold2_multimer_v3_model_3_seed_000.pdb
FUS___CHERP,3,2,A,B,0.1679,88.0,14.8,0.0173,0.7607,0.1365,0.2065,337.0,23.0,0.1900,31.6,49.6,0.300,8,56,6,7,38.0,71.3,40.0,68.0,526,916,[519-526],"[647,650-651,653-659,674,680,682-725]",[519-524],"[690,693-697,707]",FUS___CHERP_unrelaxed_rank_003_alphafold2_multimer_v3_model_2_seed_000.pdb
FUS___CHERP,4,1,A,B,0.0000,0.0,0.0,0.0000,0.3473,0.0000,0.0000,0.0,0.0,0.1800,29.4,48.0,0.300,0,0,0,0,,,,,526,916,,,,,FUS___CHERP_unrelaxed_rank_004_alphafold2_multimer_v3_model_1_seed_000.pdb
FUS___CHERP,5,4,A,B,0.0000,0.0,0.0,0.0000,0.3566,0.0000,0.0000,0.0,0.0,0.1600,30.4,47.2,0.290,0,0,0,0,,,,,526,916,,,,,FUS___CHERP_unrelaxed_rank_005_alphafold2_multimer_v3_model_4_seed_000.pdb
FUS___SF1,1,1,A,B,0.0000,0.0,0.0,0.0000,0.4077,0.0000,0.0000,0.0,0.0,0.2100,32.1,41.3,0.260,0,0,0,0,,,,,526,639,,,,,FUS___SF1_unrelaxed_rank_001_alphafold2_multimer_v3_model_1_seed_000.pdb
FUS___SF1,2,2,A,B,0.0000,0.0,0.0,0.0000,0.1455,0.0000,0.0000,0.0,0.0,0.1500,32.5,39.0,0.250,0,0,0,0,,,,,526,639,,,,,FUS___SF1_unrelaxed_rank_002_alphafold2_multimer_v3_model_2_seed_000.pdb
FUS___SF1,3,3,A,B,0.0000,0.0,0.0,0.0000,0.1639,0.0000,0.0000,0.0,0.0,0.1500,29.4,38.8,0.240,0,0,0,0,,,,,526,639,,,,,FUS___SF1_unrelaxed_rank_003_alphafold2_multimer_v3_model_3_seed_000.pdb
FUS___SF1,4,4,A,B,0.0000,0.0,0.0,0.0000,0.1991,0.0000,0.0000,0.0,0.0,0.1400,31.6,39.5,0.240,0,0,0,0,,,,,526,639,,,,,FUS___SF1_unrelaxed_rank_004_alphafold2_multimer_v3_model_4_seed_000.pdb
FUS___SF1,5,5,A,B,0.0000,0.0,0.0,0.0000,0.1555,0.0000,0.0000,0.0,0.0,0.1400,30.9,41.1,0.250,0,0,0,0,,,,,526,639,,,,,FUS___SF1_unrelaxed_rank_005_alphafold2_multimer_v3_model_5_seed_000.pdb
FUS___STIP1,1,1,A,B,0.0000,0.0,0.0,0.0000,0.1360,0.0000,0.0000,0.0,0.0,0.1500,30.4,83.3,0.330,0,0,0,0,,,,,526,543,,,,,FUS___STIP1_unrelaxed_rank_001_alphafold2_multimer_v3_model_1_seed_000.pdb
FUS___STIP1,2,2,A,B,0.0000,0.0,0.0,0.0000,0.2345,0.0000,0.0000,0.0,0.0,0.1500,29.7,83.8,0.340,0,0,0,0,,,,,526,543,,,,,FUS___STIP1_unrelaxed_rank_002_alphafold2_multimer_v3_model_2_seed_000.pdb
FUS___STIP1,3,5,A,B,0.0000,0.0,0.0,0.0000,0.2000,0.0000,0.0000,0.0,0.0,0.1500,28.6,82.9,0.330,0,0,0,0,,,,,526,543,,,,,FUS___STIP1_unrelaxed_rank_003_alphafold2_multimer_v3_model_5_seed_000.pdb
FUS___STIP1,4,3,A,B,0.0000,0.0,0.0,0.0000,0.1503,0.0000,0.0000,0.0,0.0,0.1400,28.4,80.9,0.330,0,0,0,0,,,,,526,543,,,,,FUS___STIP1_unrelaxed_rank_004_alphafold2_multimer_v3_model_3_seed_000.pdb
FUS___STIP1,5,4,A,B,0.0000,0.0,0.0,0.0000,0.1326,0.0000,0.0000,0.0,0.0,0.1400,29.0,81.4,0.330,0,0,0,0,,,,,526,543,,,,,FUS___STIP1_unrelaxed_rank_005_alphafold2_multimer_v3_model_4_seed_000.pdb
KHSRP___DHX15,1,4,A,B,0.0000,0.0,0.0,0.0000,0.4166,0.0000,0.0000,0.0,0.0,0.3300,36.7,78.6,0.510,0,0,0,0,,,,,711,795,,,,,KHSRP___DHX15_unrelaxed_rank_001_alphafold2_multimer_v3_model_4_seed_000.pdb
KHSRP___DHX15,2,1,A,B,0.0473,271.0,12.8,0.0136,0.6363,0.0394,0.0569,2160.0,34.0,0.3200,39.2,77.5,0.500,10,433,8,20,33.9,88.0,34.1,81.0,711,795,[106-115],"[151,188,193-195,197,199-209,213,215-218,221,225-226,233-234,237,239-240,242-248,250-252,256,263-266,268-269,271,273-280,287,300,321,332-342,350-352,354,356-361,364-373,383-387,389-391,396,398-402,415-423,434-437,439,441-446,448-472,480-487,489,494-498,501,505-519,527,529-713,715-768,771-772,774-785]",[106-113],"[359,391,445,454-456,509,567-569,571,594-598,737-738,740,748]",KHSRP___DHX15_unrelaxed_rank_002_alphafold2_multimer_v3_model_1_seed_000.pdb
KHSRP___DHX15,3,2,A,B,0.0000,0.0,0.0,0.0000,0.4411,0.0088,0.0000,2.0,0.0,0.2600,39.3,79.6,0.500,1,2,0,0,39.9,95.4,,,711,795,[81],"[561,756]",,,KHSRP___DHX15_unrelaxed_rank_003_alphafold2_multimer_v3_model_2_seed_000.pdb
KHSRP___DHX15,4,5,A,B,0.0000,0.0,0.0,0.0000,0.3552,0.0000,0.0000,0.0,0.0,0.2500,38.1,80.3,0.510,0,0,0,0,,,,,711,795,,,,,KHSRP___DHX15_unrelaxed_rank_004_alphafold2_multimer_v3_model_5_seed_000.pdb
KHSRP___DHX15,5,3,A,B,0.0000,0.0,0.0,0.0000,0.2659,0.0000,0.0000,0.0,0.0,0.2400,38.3,80.2,0.510,0,0,0,0,,,,,711,795,,,,,KHSRP___DHX15_unrelaxed_rank_005_alphafold2_multimer_v3_model_3_seed_000.pdb
KHSRP___SAFB,1,2,A,B,0.0000,0.0,0.0,0.0000,0.1622,0.0000,0.0000,0.0,0.0,0.1900,44.7,31.8,0.220,0,0,0,0,,,,,711,915,,,,,KHSRP___SAFB_unrelaxed_rank_001_alphafold2_multimer_v3_model_2_seed_000.pdb
KHSRP___SAFB,2,1,A,B,0.0000,0.0,0.0,0.0000,0.1897,0.0000,0.0000,0.0,0.0,0.1800,40.7,30.9,0.220,0,0,0,0,,,,,711,915,,,,,KHSRP___SAFB_unrelaxed_rank_002_alphafold2_multimer_v3_model_1_seed_000.pdb
KHSRP___SAFB,3,3,A,B,0.0000,0.0,0.0,0.0000,0.1903,0.0000,0.0000,0.0,0.0,0.1700,41.1,31.6,0.210,0,0,0,0,,,,,711,915,,,,,KHSRP___SAFB_unrelaxed_rank_003_alphafold2_multimer_v3_model_3_seed_000.pdb
KHSRP___SAFB,4,5,A,B,0.0000,0.0,0.0,0.0000,0.1732,0.0000,0.0000,0.0,0.0,0.1700,44.0,32.0,0.210,0,0,0,0,,,,,711,915,,,,,KHSRP___SAFB_unrelaxed_rank_004_alphafold2_multimer_v3_model_5_seed_000.pdb
KHSRP___SAFB,5,4,A,B,0.0000,0.0,0.0,0.0000,0.1827,0.0000,0.0000,0.0,0.0,0.1700,41.5,30.4,0.200,0,0,0,0,,,,,711,915,,,,,KHSRP___SAFB_unrelaxed_rank_005_alphafold2_multimer_v3_model_4_seed_000.pdb
KHSRP___SF1,1,4,A,B,0.0000,0.0,0.0,0.0000,0.3774,0.0000,0.0000,0.0,0.0,0.1800,39.9,37.4,0.250,0,0,0,0,,,,,711,639,,,,,KHSRP___SF1_unrelaxed_rank_001_alphafold2_multimer_v3_model_4_seed_000.pdb
KHSRP___SF1,2,1,A,B,0.0000,0.0,0.0,0.0000,0.3199,0.0000,0.0000,0.0,0.0,0.1800,41.0,37.9,0.240,0,0,0,0,,,,,711,639,,,,,KHSRP___SF1_unrelaxed_rank_002_alphafold2_multimer_v3_model_1_seed_000.pdb
KHSRP___SF1,3,2,A,B,0.0000,0.0,0.0,0.0000,0.3578,0.0000,0.0000,0.0,0.0,0.1700,43.5,38.2,0.240,0,0,0,0,,,,,711,639,,,,,KHSRP___SF1_unrelaxed_rank_003_alphafold2_multimer_v3_model_2_seed_000.pdb
KHSRP___SF1,4,5,A,B,0.0000,0.0,0.0,0.0000,0.1420,0.0000,0.0000,0.0,0.0,0.1600,42.9,39.1,0.240,0,0,0,0,,,,,711,639,,,,,KHSRP___SF1_unrelaxed_rank_004_alphafold2_multimer_v3_model_5_seed_000.pdb
KHSRP___SF1,5,3,A,B,0.0000,0.0,0.0,0.0000,0.1700,0.0000,0.0000,0.0,0.0,0.1500,39.4,37.9,0.240,0,0,0,0,,,,,711,639,,,,,KHSRP___SF1_unrelaxed_rank_005_alphafold2_multimer_v3_model_3_seed_000.pdb
MATR3___LUC7L2,1,4,A,B,0.0000,0.0,0.0,0.0000,0.2025,0.0000,0.0000,0.0,0.0,0.1700,39.5,59.1,0.300,0,0,0,0,,,,,847,392,,,,,MATR3___LUC7L2_unrelaxed_rank_001_alphafold2_multimer_v3_model_4_seed_000.pdb
MATR3___LUC7L2,2,3,A,B,0.0000,0.0,0.0,0.0000,0.1750,0.0000,0.0000,0.0,0.0,0.1600,40.7,58.8,0.310,0,0,0,0,,,,,847,392,,,,,MATR3___LUC7L2_unrelaxed_rank_002_alphafold2_multimer_v3_model_3_seed_000.pdb
MATR3___LUC7L2,3,1,A,B,0.0000,0.0,0.0,0.0000,0.1614,0.0000,0.0000,0.0,0.0,0.1600,41.2,59.6,0.290,0,0,0,0,,,,,847,392,,,,,MATR3___LUC7L2_unrelaxed_rank_003_alphafold2_multimer_v3_model_1_seed_000.pdb
MATR3___LUC7L2,4,2,A,B,0.0000,0.0,0.0,0.0000,0.1903,0.0000,0.0000,0.0,0.0,0.1600,43.0,58.9,0.270,0,0,0,0,,,,,847,392,,,,,MATR3___LUC7L2_unrelaxed_rank_004_alphafold2_multimer_v3_model_2_seed_000.pdb
MATR3___LUC7L2,5,5,A,B,0.0000,0.0,0.0,0.0000,0.1361,0.0000,0.0000,0.0,0.0,0.1500,41.8,59.8,0.290,0,0,0,0,,,,,847,392,,,,,MATR3___LUC7L2_unrelaxed_rank_005_alphafold2_multimer_v3_model_5_seed_000.pdb
MATR3___RPS12,1,4,A,B,0.0000,0.0,0.0,0.0000,0.2413,0.0000,0.0000,0.0,0.0,0.2900,40.1,71.6,0.250,0,0,0,0,,,,,847,132,,,,,MATR3___RPS12_unrelaxed_rank_001_alphafold2_multimer_v3_model_4_seed_000.pdb
MATR3___RPS12,2,3,A,B,0.0000,0.0,0.0,0.0000,0.1843,0.0000,0.0000,0.0,0.0,0.2200,40.9,73.5,0.240,0,0,0,0,,,,,847,132,,,,,MATR3___RPS12_unrelaxed_rank_002_alphafold2_multimer_v3_model_3_seed_000.pdb
MATR3___RPS12,3,5,A,B,0.0000,0.0,0.0,0.0000,0.1655,0.0000,0.0000,0.0,0.0,0.2100,42.7,76.6,0.230,0,0,0,0,,,,,847,132,,,,,MATR3___RPS12_unrelaxed_rank_003_alphafold2_multimer_v3_model_5_seed_000.pdb
MATR3___RPS12,4,2,A,B,0.0000,0.0,0.0,0.0000,0.1624,0.0000,0.0000,0.0,0.0,0.2000,42.5,76.2,0.230,0,0,0,0,,,,,847,132,,,,,MATR3___RPS12_unrelaxed_rank_004_alphafold2_multimer_v3_model_2_seed_000.pdb
MATR3___RPS12,5,1,A,B,0.0000,0.0,0.0,0.0000,0.1564,0.0000,0.0000,0.0,0.0,0.2000,41.9,77.6,0.240,0,0,0,0,,,,,847,132,,,,,MATR3___RPS12_unrelaxed_rank_005_alphafold2_multimer_v3_model_1_seed_000.pdb
MATR3___SAR1A,1,4,A,B,0.0000,0.0,0.0,0.0000,0.2425,0.0000,0.0000,0.0,0.0,0.2300,37.6,69.1,0.290,0,0,0,0,,,,,847,198,,,,,MATR3___SAR1A_unrelaxed_rank_001_alphafold2_multimer_v3_model_4_seed_000.pdb
MATR3___SAR1A,2,3,A,B,0.0000,0.0,0.0,0.0000,0.2969,0.0000,0.0000,0.0,0.0,0.2300,38.4,62.4,0.280,0,0,0,0,,,,,847,198,,,,,MATR3___SAR1A_unrelaxed_rank_002_alphafold2_multimer_v3_model_3_seed_000.pdb
MATR3___SAR1A,3,2,A,B,0.0000,0.0,0.0,0.0000,0.3140,0.0000,0.0000,0.0,0.0,0.2200,39.7,67.2,0.290,0,0,0,0,,,,,847,198,,,,,MATR3___SAR1A_unrelaxed_rank_003_alphafold2_multimer_v3_model_2_seed_000.pdb
MATR3___SAR1A,4,1,A,B,0.0000,0.0,0.0,0.0000,0.1989,0.0000,0.0000,0.0,0.0,0.2200,38.4,69.5,0.290,0,0,0,0,,,,,847,198,,,,,MATR3___SAR1A_unrelaxed_rank_004_alphafold2_multimer_v3_model_1_seed_000.pdb
MATR3___SAR1A,5,5,A,B,0.0000,0.0,0.0,0.0000,0.2293,0.0000,0.0000,0.0,0.0,0.2200,40.3,67.9,0.270,0,0,0,0,,,,,847,198,,,,,MATR3___SAR1A_unrelaxed_rank_005_alphafold2_multimer_v3_model_5_seed_000.pdb
MRPL12___CDC37,1,4,A,B,0.4592,1057.0,485.4,0.3625,0.8992,0.3078,0.6851,19949.0,56.0,0.4000,52.2,72.6,0.460,73,209,11,13,82.4,87.8,82.9,85.4,198,378,"[10,127-198]",[138-346],"[139-140,142-143,146-147,155,157-159,162]","[199-202,271,274-275,278-279,282,285-286,295]",MRPL12___CDC37_unrelaxed_rank_001_alphafold2_multimer_v3_model_4_seed_000.pdb
MRPL12___CDC37,2,3,A,B,0.0661,165.9,11.0,0.0126,0.4187,0.0546,0.0800,888.0,31.0,0.2300,45.5,70.5,0.400,26,117,13,10,68.1,88.1,66.4,74.0,198,378,"[139-151,153,155-166]","[151,155,157-227,229,231,235,237-239,248,250-286]","[139-140,142-143,146-147,155-160,162]","[199-202,271,274-275,278-279,282]",MRPL12___CDC37_unrelaxed_rank_002_alphafold2_multimer_v3_model_3_seed_000.pdb
MRPL12___CDC37,3,2,A,B,0.0000,0.0,0.0,0.0000,0.2895,0.0000,0.0000,0.0,0.0,0.1500,43.7,72.8,0.390,0,0,0,0,,,,,198,378,,,,,MRPL12___CDC37_unrelaxed_rank_003_alphafold2_multimer_v3_model_2_seed_000.pdb
MRPL12___CDC37,4,1,A,B,0.0000,0.0,0.0,0.0000,0.3125,0.0183,0.0000,1.0,0.0,0.1400,40.7,72.2,0.370,1,1,0,0,28.4,78.5,,,198,378,[27],[225],,,MRPL12___CDC37_unrelaxed_rank_004_alphafold2_multimer_v3_model_1_seed_000.pdb
MRPL12___CDC37,5,5,A,B,0.0000,0.0,0.0,0.0000,0.1561,0.0000,0.0000,0.0,0.0,0.1300,40.8,68.6,0.360,0,0,0,0,,,,,198,378,,,,,MRPL12___CDC37_unrelaxed_rank_005_alphafold2_multimer_v3_model_5_seed_000.pdb
MRPL12___CIZ1,1,1,A,B,0.0000,0.0,0.0,0.0000,0.1665,0.0000,0.0000,0.0,0.0,0.1600,48.4,29.5,0.200,0,0,0,0,,,,,198,898,,,,,MRPL12___CIZ1_unrelaxed_rank_001_alphafold2_multimer_v3_model_1_seed_000.pdb
MRPL12___CIZ1,2,5,A,B,0.0000,0.0,0.0,0.0000,0.1713,0.0000,0.0000,0.0,0.0,0.1600,49.1,30.6,0.200,0,0,0,0,,,,,198,898,,,,,MRPL12___CIZ1_unrelaxed_rank_002_alphafold2_multimer_v3_model_5_seed_000.pdb
MRPL12___CIZ1,3,3,A,B,0.0000,0.0,0.0,0.0000,0.1936,0.0000,0.0000,0.0,0.0,0.1500,50.3,30.8,0.190,0,0,0,0,,,,,198,898,,,,,MRPL12___CIZ1_unrelaxed_rank_003_alphafold2_multimer_v3_model_3_seed_000.pdb
MRPL12___CIZ1,4,2,A,B,0.0000,0.0,0.0,0.0000,0.0000,0.0000,0.0000,0.0,0.0,0.1500,53.5,31.0,0.200,0,0,0,0,,,,,198,898,,,,,MRPL12___CIZ1_unrelaxed_rank_004_alphafold2_multimer_v3_model_2_seed_000.pdb
MRPL12___CIZ1,5,4,A,B,0.0000,0.0,0.0,0.0000,0.0000,0.0000,0.0000,0.0,0.0,0.1400,52.5,31.0,0.190,0,0,0,0,,,,,198,898,,,,,MRPL12___CIZ1_unrelaxed_rank_005_alphafold2_multimer_v3_model_4_seed_000.pdb
MRPL12___DDX17,1,4,A,B,0.0000,0.0,0.0,0.0000,0.2357,0.0000,0.0000,0.0,0.0,0.1700,38.5,61.3,0.460,0,0,0,0,,,,,198,729,,,,,MRPL12___DDX17_unrelaxed_rank_001_alphafold2_multimer_v3_model_4_seed_000.pdb
MRPL12___DDX17,2,3,A,B,0.0000,0.0,0.0,0.0000,0.1471,0.0000,0.0000,0.0,0.0,0.1500,39.5,62.2,0.510,0,0,0,0,,,,,198,729,,,,,MRPL12___DDX17_unrelaxed_rank_002_alphafold2_multimer_v3_model_3_seed_000.pdb
MRPL12___DDX17,3,2,A,B,0.0000,0.0,0.0,0.0000,0.1469,0.0000,0.0000,0.0,0.0,0.1500,36.9,61.9,0.450,0,0,0,0,,,,,198,729,,,,,MRPL12___DDX17_unrelaxed_rank_003_alphafold2_multimer_v3_model_2_seed_000.pdb
MRPL12___DDX17,4,1,A,B,0.0000,0.0,0.0,0.0000,0.1533,0.0000,0.0000,0.0,0.0,0.1600,33.9,60.9,0.430,0,0,0,0,,,,,198,729,,,,,MRPL12___DDX17_unrelaxed_rank_004_alphafold2_multimer_v3_model_1_seed_000.pdb
MRPL12___DDX17,5,5,A,B,0.0000,0.0,0.0,0.0000,0.1333,0.0000,0.0000,0.0,0.0,0.1300,37.3,61.3,0.440,0,0,0,0,,,,,198,729,,,,,MRPL12___DDX17_unrelaxed_rank_005_alphafold2_multimer_v3_model_5_seed_000.pdb
MRPL12___TXN,1,4,A,B,0.0000,0.0,0.0,0.0000,0.1486,0.0000,0.0000,0.0,0.0,0.1300,53.2,90.2,0.400,0,0,0,0,,,,,198,105,,,,,MRPL12___TXN_unrelaxed_rank_001_alphafold2_multimer_v3_model_4_seed_000.pdb
MRPL12___TXN,2,1,A,B,0.0000,0.0,0.0,0.0000,0.1206,0.0000,0.0000,0.0,0.0,0.1100,51.9,89.8,0.390,0,0,0,0,,,,,198,105,,,,,MRPL12___TXN_unrelaxed_rank_002_alphafold2_multimer_v3_model_1_seed_000.pdb
MRPL12___TXN,3,5,A,B,0.0000,0.0,0.0,0.0000,0.0881,0.0000,0.0000,0.0,0.0,0.1000,48.9,89.7,0.380,0,0,0,0,,,,,198,105,,,,,MRPL12___TXN_unrelaxed_rank_003_alphafold2_multimer_v3_model_5_seed_000.pdb
MRPL12___TXN,4,2,A,B,0.0000,0.0,0.0,0.0000,0.0648,0.0000,0.0000,0.0,0.0,0.1000,53.2,91.2,0.380,0,0,0,0,,,,,198,105,,,,,MRPL12___TXN_unrelaxed_rank_004_alphafold2_multimer_v3_model_2_seed_000.pdb
MRPL12___TXN,5,3,A,B,0.0000,0.0,0.0,0.0000,0.0773,0.0000,0.0000,0.0,0.0,0.0900,51.9,90.1,0.380,0,0,0,0,,,,,198,105,,,,,MRPL12___TXN_unrelaxed_rank_005_alphafold2_multimer_v3_model_3_seed_000.pdb
NASP___FUBP3,1,2,A,B,0.3545,756.9,268.3,0.2505,0.8955,0.3146,0.3996,7440.0,77.0,0.3300,39.5,48.3,0.320,222,28,28,17,92.3,51.9,88.4,56.1,788,572,"[39-106,512-628,630-666]",[11-38],"[47-48,51,86,100,104-106,536,539-540,543,550,553-554,581-582,584-585,588-589,592,596,641-642,644-645,648]","[12-14,16,18-20,22-23,25-30,32-33]",NASP___FUBP3_unrelaxed_rank_001_alphafold2_multimer_v3_model_2_seed_000.pdb
NASP___FUBP3,2,4,A,B,0.0540,147.8,8.0,0.0128,0.5964,0.0483,0.0603,1366.0,16.0,0.2300,37.5,40.0,0.320,204,10,11,6,90.1,32.1,91.1,32.9,788,572,"[40-101,514-626,633-661]",[241-250],"[546,581-582,584-585,588-589,592,641-642,645]","[242-243,245-248]",NASP___FUBP3_unrelaxed_rank_002_alphafold2_multimer_v3_model_4_seed_000.pdb
NASP___FUBP3,3,3,A,B,0.0000,0.0,0.0,0.0000,0.4534,0.0050,0.0000,1.0,0.0,0.2000,37.5,41.9,0.310,1,1,0,0,88.1,35.4,,,788,572,[528],[22],,,NASP___FUBP3_unrelaxed_rank_003_alphafold2_multimer_v3_model_3_seed_000.pdb
NASP___FUBP3,4,1,A,B,0.0000,0.0,0.0,0.0000,0.3713,0.0000,0.0000,0.0,0.0,0.2000,37.8,42.3,0.310,0,0,0,0,,,,,788,572,,,,,NASP___FUBP3_unrelaxed_rank_004_alphafold2_multimer_v3_model_1_seed_000.pdb
NASP___FUBP3,5,5,A,B,0.0000,0.0,0.0,0.0000,0.2998,0.0000,0.0000,0.0,0.0,0.1800,38.5,46.3,0.310,0,0,0,0,,,,,788,572,,,,,NASP___FUBP3_unrelaxed_rank_005_alphafold2_multimer_v3_model_5_seed_000.pdb
NASP___GFP,1,1,A,B,0.0177,14.1,0.3,0.0000,0.4720,0.0208,0.0151,50.0,4.0,0.2800,37.5,86.4,0.350,40,4,3,2,90.8,35.6,83.8,34.8,788,238,"[59,538-539,542,546-547,565,573,576,579-587,589,592,606-607,610,613-614,616-618,621,637-642,644-645,648-649,652]",[235-238],"[642,644-645]",[236-237],NASP___GFP_unrelaxed_rank_001_alphafold2_multimer_v3_model_1_seed_000.pdb
NASP___GFP,2,4,A,B,0.0000,0.0,0.0,0.0000,0.3730,0.0000,0.0000,0.0,0.0,0.2100,37.4,87.3,0.340,0,0,0,0,,,,,788,238,,,,,NASP___GFP_unrelaxed_rank_002_alphafold2_multimer_v3_model_4_seed_000.pdb
NASP___GFP,3,5,A,B,0.0000,0.0,0.0,0.0000,0.2744,0.0000,0.0000,0.0,0.0,0.2000,37.3,87.7,0.330,0,0,0,0,,,,,788,238,,,,,NASP___GFP_unrelaxed_rank_003_alphafold2_multimer_v3_model_5_seed_000.pdb
NASP___GFP,4,2,A,B,0.0000,0.0,0.0,0.0000,0.2656,0.0000,0.0000,0.0,0.0,0.1900,37.7,87.8,0.340,0,0,0,0,,,,,788,238,,,,,NASP___GFP_unrelaxed_rank_004_alphafold2_multimer_v3_model_2_seed_000.pdb
NASP___GFP,5,3,A,B,0.0000,0.0,0.0,0.0000,0.1571,0.0000,0.0000,0.0,0.0,0.1900,37.2,87.4,0.330,0,0,0,0,,,,,788,238,,,,,NASP___GFP_unrelaxed_rank_005_alphafold2_multimer_v3_model_3_seed_000.pdb
NASP___ZFR,1,3,A,B,0.3390,364.7,123.6,0.2398,0.9073,0.2578,0.4457,3166.0,42.0,0.3600,37.1,44.8,0.320,217,58,13,9,87.3,78.2,85.0,58.1,788,1074,"[39-105,147,513-628,630-662]","[498-511,729,732,741,743,745,751-756,789,791,796,799,805,809,811,818,824-825,842,852,861,863,865,899,902-904,906-909,914-915,924,933,945,948-949,952,990,1006]","[51,55,147,581-582,584-585,588,638,641,645,648-649]","[502-506,508,510,907,914]",NASP___ZFR_unrelaxed_rank_001_alphafold2_multimer_v3_model_3_seed_000.pdb
NASP___ZFR,2,1,A,B,0.3334,380.2,126.8,0.2717,0.8966,0.2592,0.4289,3285.0,44.0,0.3500,37.3,44.8,0.310,219,15,14,9,88.6,44.7,90.4,50.6,788,1074,"[39-104,512-664]",[498-512],"[48,51-52,55,581-582,584-585,588,592,641,645,648-649]","[499-500,502-506,508,510]",NASP___ZFR_unrelaxed_rank_002_alphafold2_multimer_v3_model_1_seed_000.pdb
NASP___ZFR,3,5,A,B,0.2884,334.2,96.4,0.2345,0.8763,0.2260,0.3682,2793.0,40.0,0.3500,37.2,44.5,0.310,221,14,15,8,88.3,44.3,89.8,47.0,788,1074,"[39-105,512-663,665-666]",[498-511],"[51-52,55,553,581-582,584-585,588,592,638,641,645,648-649]","[499-500,502,504-506,508,510]",NASP___ZFR_unrelaxed_rank_003_alphafold2_multimer_v3_model_5_seed_000.pdb
NASP___ZFR,4,4,A,B,0.3289,306.2,100.7,0.1744,0.9130,0.2333,0.4636,2679.0,35.0,0.3400,36.9,42.7,0.330,212,15,12,6,87.6,49.5,87.5,56.2,788,1074,"[39-102,513-628,630-661]",[1035-1049],"[550,581-582,584-585,588-589,638,641,644-645,648]","[1038-1039,1041-1044]",NASP___ZFR_unrelaxed_rank_004_alphafold2_multimer_v3_model_4_seed_000.pdb
NASP___ZFR,5,2,A,B,0.0331,58.8,1.9,0.0126,0.6228,0.0338,0.0323,314.0,11.0,0.2600,38.6,46.3,0.310,128,6,8,4,92.9,34.6,90.6,36.0,788,1074,"[44,47,52,58-59,61,63,65-67,69-70,72-73,84,86-87,90,97,99-100,516-517,519-530,534-539,541-543,545-547,549-550,552-553,556,558-559,562,564-569,571-572,574-585,587-595,597-599,602-603,606-607,609-611,613-624,635-651,653-657]",[501-506],"[582,585,588,641,644-645,648-649]",[501-504],NASP___ZFR_unrelaxed_rank_005_alphafold2_multimer_v3_model_2_seed_000.pdb
NCL___CCNT1,1,3,A,B,0.0114,4.0,0.0,0.0000,0.5096,0.0102,0.0127,8.0,2.0,0.2200,42.1,44.4,0.320,2,8,1,2,33.7,89.3,36.9,76.5,710,726,[4-5],"[157,166,195,199,210,221-222,241]",[4],"[166,210]",NCL___CCNT1_unrelaxed_rank_001_alphafold2_multimer_v3_model_3_seed_000.pdb
NCL___CCNT1,2,1,A,B,0.0000,0.0,0.0,0.0000,0.4091,0.0000,0.0000,0.0,0.0,0.1900,41.1,43.2,0.310,0,0,0,0,,,,,710,726,,,,,NCL___CCNT1_unrelaxed_rank_002_alphafold2_multimer_v3_model_1_seed_000.pdb
NCL___CCNT1,3,2,A,B,0.0000,0.0,0.0,0.0000,0.1838,0.0000,0.0000,0.0,0.0,0.1700,43.7,46.3,0.320,0,0,0,0,,,,,710,726,,,,,NCL___CCNT1_unrelaxed_rank_003_alphafold2_multimer_v3_model_2_seed_000.pdb
NCL___CCNT1,4,5,A,B,0.0000,0.0,0.0,0.0000,0.2121,0.0000,0.0000,0.0,0.0,0.1700,43.2,44.1,0.310,0,0,0,0,,,,,710,726,,,,,NCL___CCNT1_unrelaxed_rank_004_alphafold2_multimer_v3_model_5_seed_000.pdb
NCL___CCNT1,5,4,A,B,0.0000,0.0,0.0,0.0000,0.1775,0.0000,0.0000,0.0,0.0,0.1600,41.4,42.2,0.300,0,0,0,0,,,,,710,726,,,,,NCL___CCNT1_unrelaxed_rank_005_alphafold2_multimer_v3_model_4_seed_000.pdb
NONO___PSPC1,1,5,A,B,0.6272,8702.7,5458.5,0.7567,0.9902,0.5040,0.7806,127289.0,595.0,0.5800,65.8,61.2,0.570,278,278,108,104,90.4,90.2,88.7,89.4,471,523,[53-330],[60-337],"[53-59,61-65,96-98,120,123-124,127-128,130-131,145,154,156-163,166-167,170,178-183,185,187-188,191-192,207,211-221,223,228-238,240-241,246-247,249-253,255-258,263-265,267-272,274-275,277-278,281-282,285,288-289,292-293,296,300,303-304,307]","[62-67,69-70,72-73,104-106,128,131-132,135-136,138-139,153,162,164,166-171,174-175,178,186-191,193,195-196,199-200,215,219-229,231,236-246,249,254-255,257-261,263-266,271-273,275-280,282-283,285-286,289-290,293,296-297,300-301,304,308,311-312,315]",NONO___PSPC1_unrelaxed_rank_001_alphafold2_multimer_v3_model_5_seed_000.pdb
NONO___PSPC1,2,4,A,B,0.6281,8483.5,5328.6,0.7531,0.9886,0.5027,0.7848,123025.0,585.0,0.5800,66.2,61.6,0.560,273,273,107,105,89.9,89.9,88.9,89.0,471,523,"[53-324,326]","[61-332,334]","[55-59,61-65,96-98,118,120,123-124,127-128,130-131,145,154,156-163,166-167,170,178-183,185,187-188,191-192,207,211-221,223,228-238,240-241,246-247,249-253,255-258,263-265,267-272,274-275,277-278,281-282,285,288-289,292-293,296,300,303-304,307]","[63-67,69-73,104-106,128,131-132,135-136,138-139,153,162,164,166-171,174-175,178,186-191,193,195-196,199-200,215,219-229,231,236-246,248-249,254-255,257-261,263-266,271-273,275-280,282-283,285-286,289-290,293,296-297,300-301,304,308,311-312,315]",NONO___PSPC1_unrelaxed_rank_002_alphafold2_multimer_v3_model_4_seed_000.pdb
NONO___PSPC1,3,3,A,B,0.5911,8519.9,5036.0,0.7093,0.9876,0.4563,0.7657,122408.0,593.0,0.5700,66.0,61.3,0.560,278,279,107,105,90.0,89.5,88.2,88.7,471,523,[53-330],[60-338],"[54-65,96-98,120,123-124,127-128,130-131,145,154,156,158-163,166-167,170,178-183,185,187-188,191-192,207,211-221,223,228-238,240-241,246-247,249-253,255-258,263-265,267-272,274-275,277-278,281-282,285,288-289,292-293,296,300,303-304,307]","[62-67,69-73,104-106,128,131-132,135-136,138-139,153,161-162,164,166-171,174-175,178,186-191,193,195-196,199-200,215,219-229,231,237-246,249,254-255,257-261,263-266,271-273,275-280,282-283,285-286,289-290,293,296-297,300-301,304,308,311-312,315]",NONO___PSPC1_unrelaxed_rank_003_alphafold2_multimer_v3_model_3_seed_000.pdb
NONO___PSPC1,4,1,A,B,0.5960,8512.3,5073.7,0.7052,0.9863,0.4591,0.7738,124287.0,583.0,0.5700,66.4,62.0,0.560,283,288,106,105,90.3,90.5,89.2,89.1,471,523,[53-335],"[61-347,349]","[54-57,59,61-65,96-98,120,123-124,127-128,130-131,145,154,156-163,166-167,170,178-183,185,187-188,191-192,207,211-221,223,228-238,240-241,246-247,249-253,255-258,263-265,267-272,274-275,277-278,281-282,285,288-289,292-293,296,300,303-304,307]","[62-67,69-73,104-106,128,131-132,135-136,138-139,153,162,164,166-171,174-175,178,186-191,193,195-196,199-200,215,219-229,231,236-246,249,254-255,257-261,263-266,271-273,275-280,282-283,285-286,289-290,293,296-297,300-301,304,308,311-312,315]",NONO___PSPC1_unrelaxed_rank_004_alphafold2_multimer_v3_model_1_seed_000.pdb
NONO___PSPC1,5,2,A,B,0.5484,8276.9,4539.2,0.6411,0.9818,0.4049,0.7429,116508.0,588.0,0.5500,64.5,59.8,0.540,279,283,107,107,88.0,88.1,86.4,86.6,471,523,[52-330],[61-343],"[54-59,61-65,96-98,120,123-124,127-128,130-131,145,154,156-163,166-167,170,178-183,185,187-188,191-192,207,211-221,223,228-238,240-241,246-247,249-253,255-258,263-265,267-272,274-275,277-278,281-282,285,288-289,292-293,296,300,303-304,307]","[62-67,69-73,104-106,128-129,131-132,135-136,138-139,153,161-162,164,166-171,174-175,178,186-191,193,195-196,199-200,215,219-229,231,236-246,249,254-255,257-261,263-266,271-273,275-280,282-283,285-286,289-290,293,296-297,300-301,304,308,311-312,315]",NONO___PSPC1_unrelaxed_rank_005_alphafold2_multimer_v3_model_2_seed_000.pdb
NONO___RAVER1,1,2,A,B,0.0000,0.0,0.0,0.0000,0.1438,0.0000,0.0000,0.0,0.0,0.1400,61.6,53.0,0.360,0,0,0,0,,,,,471,606,,,,,NONO___RAVER1_unrelaxed_rank_001_alphafold2_multimer_v3_model_2_seed_000.pdb
NONO___RAVER1,2,1,A,B,0.0000,0.0,0.0,0.0000,0.1412,0.0000,0.0000,0.0,0.0,0.1400,62.2,51.4,0.350,0,0,0,0,,,,,471,606,,,,,NONO___RAVER1_unrelaxed_rank_002_alphafold2_multimer_v3_model_1_seed_000.pdb
NONO___RAVER1,3,3,A,B,0.0000,0.0,0.0,0.0000,0.1591,0.0000,0.0000,0.0,0.0,0.1400,61.2,52.3,0.360,0,0,0,0,,,,,471,606,,,,,NONO___RAVER1_unrelaxed_rank_003_alphafold2_multimer_v3_model_3_seed_000.pdb
NONO___RAVER1,4,4,A,B,0.0000,0.0,0.0,0.0000,0.1426,0.0000,0.0000,0.0,0.0,0.1400,58.3,52.5,0.360,0,0,0,0,,,,,471,606,,,,,NONO___RAVER1_unrelaxed_rank_004_alphafold2_multimer_v3_model_4_seed_000.pdb
NONO___RAVER1,5,5,A,B,0.0000,0.0,0.0,0.0000,0.1393,0.0000,0.0000,0.0,0.0,0.1400,60.6,52.4,0.360,0,0,0,0,,,,,471,606,,,,,NONO___RAVER1_unrelaxed_rank_005_alphafold2_multimer_v3_model_5_seed_000.pdb
NONO___RBM33,1,3,A,B,0.0000,0.0,0.0,0.0000,0.4083,0.0000,0.0000,0.0,0.0,0.2800,64.1,23.9,0.310,0,0,0,0,,,,,471,1170,,,,,NONO___RBM33_unrelaxed_rank_001_alphafold2_multimer_v3_model_3_seed_000.pdb
NONO___RBM33,2,5,A,B,0.0000,0.0,0.0,0.0000,0.3256,0.0000,0.0000,0.0,0.0,0.2600,64.4,23.2,0.300,0,0,0,0,,,,,471,1170,,,,,NONO___RBM33_unrelaxed_rank_002_alphafold2_multimer_v3_model_5_seed_000.pdb
NONO___RBM33,3,1,A,B,0.0000,0.0,0.0,0.0000,0.3688,0.0000,0.0000,0.0,0.0,0.2100,64.6,22.9,0.300,0,0,0,0,,,,,471,1170,,,,,NONO___RBM33_unrelaxed_rank_003_alphafold2_multimer_v3_model_1_seed_000.pdb
NONO___RBM33,4,4,A,B,0.0000,0.0,0.0,0.0000,0.2518,0.0000,0.0000,0.0,0.0,0.1900,62.7,21.4,0.290,0,0,0,0,,,,,471,1170,,,,,NONO___RBM33_unrelaxed_rank_004_alphafold2_multimer_v3_model_4_seed_000.pdb
NONO___RBM33,5,2,A,B,0.0000,0.0,0.0,0.0000,0.2414,0.0000,0.0000,0.0,0.0,0.1900,64.6,23.2,0.290,0,0,0,0,,,,,471,1170,,,,,NONO___RBM33_unrelaxed_rank_005_alphafold2_multimer_v3_model_2_seed_000.pdb
PCBP2___RB1,1,4,A,B,0.0000,0.0,0.0,0.0000,0.2286,0.0000,0.0000,0.0,0.0,0.2000,47.3,67.7,0.570,0,0,0,0,,,,,365,928,,,,,PCBP2___RB1_unrelaxed_rank_001_alphafold2_multimer_v3_model_4_seed_000.pdb
PCBP2___RB1,2,3,A,B,0.0000,0.0,0.0,0.0000,0.2485,0.0000,0.0000,0.0,0.0,0.2000,51.3,67.7,0.570,0,0,0,0,,,,,365,928,,,,,PCBP2___RB1_unrelaxed_rank_002_alphafold2_multimer_v3_model_3_seed_000.pdb
PCBP2___RB1,3,2,A,B,0.0000,0.0,0.0,0.0000,0.1700,0.0000,0.0000,0.0,0.0,0.1800,53.8,68.1,0.560,0,0,0,0,,,,,365,928,,,,,PCBP2___RB1_unrelaxed_rank_003_alphafold2_multimer_v3_model_2_seed_000.pdb
PCBP2___RB1,4,5,A,B,0.0000,0.0,0.0,0.0000,0.1699,0.0000,0.0000,0.0,0.0,0.1700,51.3,67.8,0.570,0,0,0,0,,,,,365,928,,,,,PCBP2___RB1_unrelaxed_rank_004_alphafold2_multimer_v3_model_5_seed_000.pdb
PCBP2___RB1,5,1,A,B,0.0000,0.0,0.0,0.0000,0.1697,0.0000,0.0000,0.0,0.0,0.1700,49.1,68.4,0.550,0,0,0,0,,,,,365,928,,,,,PCBP2___RB1_unrelaxed_rank_005_alphafold2_multimer_v3_model_1_seed_000.pdb
PDK1___CDC37,1,5,A,B,0.0000,0.0,0.0,0.0000,0.2722,0.0000,0.0000,0.0,0.0,0.1800,76.0,62.3,0.510,0,0,0,0,,,,,436,378,,,,,PDK1___CDC37_unrelaxed_rank_001_alphafold2_multimer_v3_model_5_seed_000.pdb
PDK1___CDC37,2,3,A,B,0.0000,0.0,0.0,0.0000,0.2625,0.0000,0.0000,0.0,0.0,0.1600,74.1,61.8,0.500,0,0,0,0,,,,,436,378,,,,,PDK1___CDC37_unrelaxed_rank_002_alphafold2_multimer_v3_model_3_seed_000.pdb
PDK1___CDC37,3,1,A,B,0.0000,0.0,0.0,0.0000,0.2398,0.0000,0.0000,0.0,0.0,0.1600,76.1,59.7,0.510,0,0,0,0,,,,,436,378,,,,,PDK1___CDC37_unrelaxed_rank_003_alphafold2_multimer_v3_model_1_seed_000.pdb
PDK1___CDC37,4,4,A,B,0.0000,0.0,0.0,0.0000,0.2386,0.0000,0.0000,0.0,0.0,0.1600,76.6,60.5,0.510,0,0,0,0,,,,,436,378,,,,,PDK1___CDC37_unrelaxed_rank_004_alphafold2_multimer_v3_model_4_seed_000.pdb
PDK1___CDC37,5,2,A,B,0.0000,0.0,0.0,0.0000,0.2392,0.0000,0.0000,0.0,0.0,0.1600,75.7,63.6,0.500,0,0,0,0,,,,,436,378,,,,,PDK1___CDC37_unrelaxed_rank_005_alphafold2_multimer_v3_model_2_seed_000.pdb
PDK1___DHX15,1,2,A,B,0.0196,16.0,0.3,0.0000,0.4642,0.0188,0.0204,128.0,2.0,0.2300,73.1,77.4,0.530,6,67,2,2,40.0,92.4,39.2,84.6,436,795,[2-7],"[269,514,516-518,521,529,533-534,536,539,543-565,571-573,575-576,578,624,660,664,667-668,671,673,689,691-694,698,702,711-712,733,756-758,760-766]",[2-3],[551-552],PDK1___DHX15_unrelaxed_rank_001_alphafold2_multimer_v3_model_2_seed_000.pdb
PDK1___DHX15,2,4,A,B,0.0000,0.0,0.0,0.0000,0.4088,0.0027,0.0000,2.0,0.0,0.2000,74.2,77.5,0.550,1,2,0,0,30.7,92.2,,,436,795,[3],"[556,561]",,,PDK1___DHX15_unrelaxed_rank_002_alphafold2_multimer_v3_model_4_seed_000.pdb
PDK1___DHX15,3,1,A,B,0.0000,0.0,0.0,0.0000,0.4313,0.0000,0.0000,0.0,0.0,0.2000,73.8,77.0,0.520,0,0,0,0,,,,,436,795,,,,,PDK1___DHX15_unrelaxed_rank_003_alphafold2_multimer_v3_model_1_seed_000.pdb
PDK1___DHX15,4,5,A,B,0.0000,0.0,0.0,0.0000,0.3296,0.0000,0.0000,0.0,0.0,0.1800,74.1,78.2,0.540,0,0,0,0,,,,,436,795,,,,,PDK1___DHX15_unrelaxed_rank_004_alphafold2_multimer_v3_model_5_seed_000.pdb
PDK1___DHX15,5,3,A,B,0.0000,0.0,0.0,0.0000,0.2520,0.0000,0.0000,0.0,0.0,0.1700,69.4,77.9,0.550,0,0,0,0,,,,,436,795,,,,,PDK1___DHX15_unrelaxed_rank_005_alphafold2_multimer_v3_model_3_seed_000.pdb
PPP1R10___DHX15,1,3,A,B,0.0000,0.0,0.0,0.0000,0.4425,0.0000,0.0000,0.0,0.0,0.3200,29.9,77.6,0.470,0,0,0,0,,,,,940,795,,,,,PPP1R10___DHX15_unrelaxed_rank_001_alphafold2_multimer_v3_model_3_seed_000.pdb
PPP1R10___DHX15,2,4,A,B,0.0144,32.1,0.5,0.0000,0.5513,0.0191,0.0108,206.0,5.0,0.3100,28.5,76.5,0.460,18,66,5,3,43.6,87.5,46.1,80.9,940,795,"[911-916,920-931]","[321-327,330-336,338-339,342-343,345,352-355,357,362-370,372-374,384-387,415-419,433-441,461,464,469,472,481-486,488-489]","[915,922-923,928-929]","[338,342,345]",PPP1R10___DHX15_unrelaxed_rank_002_alphafold2_multimer_v3_model_4_seed_000.pdb
PPP1R10___DHX15,3,2,A,B,0.0401,17.7,0.7,0.0000,0.5542,0.0341,0.0471,35.0,9.0,0.3000,28.6,79.3,0.460,4,24,2,6,40.3,90.5,39.6,90.7,940,795,"[915,927-929]","[321,323,326-328,333-335,337-339,341-342,353,362,369,417-419,434,437,482,484,487]","[915,929]","[323,334,338,342,482,484]",PPP1R10___DHX15_unrelaxed_rank_003_alphafold2_multimer_v3_model_2_seed_000.pdb
PPP1R10___DHX15,4,1,A,B,0.0000,0.0,0.0,0.0000,0.4680,0.0000,0.0000,0.0,0.0,0.2800,28.3,77.4,0.460,0,0,0,0,,,,,940,795,,,,,PPP1R10___DHX15_unrelaxed_rank_004_alphafold2_multimer_v3_model_1_seed_000.pdb
PPP1R10___DHX15,5,5,A,B,0.0000,0.0,0.0,0.0000,0.3378,0.0000,0.0000,0.0,0.0,0.2600,28.4,78.3,0.470,0,0,0,0,,,,,940,795,,,,,PPP1R10___DHX15_unrelaxed_rank_005_alphafold2_multimer_v3_model_5_seed_000.pdb
PPP1R10___SRSF11,1,2,A,B,0.0000,0.0,0.0,0.0000,0.1584,0.0000,0.0000,0.0,0.0,0.1700,34.2,33.6,0.240,0,0,0,0,,,,,940,484,,,,,PPP1R10___SRSF11_unrelaxed_rank_001_alphafold2_multimer_v3_model_2_seed_000.pdb
PPP1R10___SRSF11,2,1,A,B,0.0000,0.0,0.0,0.0000,0.2221,0.0000,0.0000,0.0,0.0,0.1600,33.0,32.4,0.240,0,0,0,0,,,,,940,484,,,,,PPP1R10___SRSF11_unrelaxed_rank_002_alphafold2_multimer_v3_model_1_seed_000.pdb
PPP1R10___SRSF11,3,5,A,B,0.0000,0.0,0.0,0.0000,0.1450,0.0000,0.0000,0.0,0.0,0.1500,34.6,32.3,0.250,0,0,0,0,,,,,940,484,,,,,PPP1R10___SRSF11_unrelaxed_rank_003_alphafold2_multimer_v3_model_5_seed_000.pdb
PPP1R10___SRSF11,4,3,A,B,0.0000,0.0,0.0,0.0000,0.2053,0.0000,0.0000,0.0,0.0,0.1500,32.8,32.3,0.240,0,0,0,0,,,,,940,484,,,,,PPP1R10___SRSF11_unrelaxed_rank_004_alphafold2_multimer_v3_model_3_seed_000.pdb
PPP1R10___SRSF11,5,4,A,B,0.0000,0.0,0.0,0.0000,0.1716,0.0000,0.0000,0.0,0.0,0.1500,33.6,33.0,0.230,0,0,0,0,,,,,940,484,,,,,PPP1R10___SRSF11_unrelaxed_rank_005_alphafold2_multimer_v3_model_4_seed_000.pdb
PRMT1___DNAJA1,1,2,A,B,0.0202,23.7,0.5,0.0000,0.3679,0.0171,0.0237,280.0,2.0,0.2500,81.7,70.8,0.480,158,9,2,2,92.3,38.7,86.1,41.8,371,397,"[69-70,72,74-75,77-83,86-88,90-92,94-95,103-105,107-108,113-114,117,121-122,124,126-135,139-140,142-143,145-147,149,156,160,176-177,179-185,190-191,195,197,210,214-217,220,226-230,233,236-239,241,243,246-247,249-251,253-276,278-281,288-289,291-295,298-300,302,306,308,310-312,315,319-320,323-327,331-332,334,338,340-341,346,348,350-356,365,367-369]",[86-94],"[237,311]",[88-89],PRMT1___DNAJA1_unrelaxed_rank_001_alphafold2_multimer_v3_model_2_seed_000.pdb
PRMT1___DNAJA1,2,3,A,B,0.0000,0.0,0.0,0.0000,0.1279,0.0000,0.0000,0.0,0.0,0.1300,81.2,72.1,0.470,0,0,0,0,,,,,371,397,,,,,PRMT1___DNAJA1_unrelaxed_rank_002_alphafold2_multimer_v3_model_3_seed_000.pdb
PRMT1___DNAJA1,3,5,A,B,0.0000,0.0,0.0,0.0000,0.1192,0.0000,0.0000,0.0,0.0,0.1300,82.5,72.7,0.470,0,0,0,0,,,,,371,397,,,,,PRMT1___DNAJA1_unrelaxed_rank_003_alphafold2_multimer_v3_model_5_seed_000.pdb
PRMT1___DNAJA1,4,1,A,B,0.0000,0.0,0.0,0.0000,0.1216,0.0000,0.0000,0.0,0.0,0.1300,82.7,71.1,0.470,0,0,0,0,,,,,371,397,,,,,PRMT1___DNAJA1_unrelaxed_rank_004_alphafold2_multimer_v3_model_1_seed_000.pdb
PRMT1___DNAJA1,5,4,A,B,0.0000,0.0,0.0,0.0000,0.1265,0.0000,0.0000,0.0,0.0,0.1200,80.4,70.5,0.460,0,0,0,0,,,,,371,397,,,,,PRMT1___DNAJA1_unrelaxed_rank_005_alphafold2_multimer_v3_model_4_seed_000.pdb
PRMT1___PSPC1,1,1,A,B,0.0000,0.0,0.0,0.0000,0.2108,0.0000,0.0000,0.0,0.0,0.1700,83.7,57.6,0.430,0,0,0,0,,,,,371,523,,,,,PRMT1___PSPC1_unrelaxed_rank_001_alphafold2_multimer_v3_model_1_seed_000.pdb
PRMT1___PSPC1,2,5,A,B,0.0000,0.0,0.0,0.0000,0.2187,0.0000,0.0000,0.0,0.0,0.1800,83.6,57.3,0.420,0,0,0,0,,,,,371,523,,,,,PRMT1___PSPC1_unrelaxed_rank_002_alphafold2_multimer_v3_model_5_seed_000.pdb
PRMT1___PSPC1,3,4,A,B,0.0000,0.0,0.0,0.0000,0.2793,0.0000,0.0000,0.0,0.0,0.1700,81.8,57.0,0.420,0,0,0,0,,,,,371,523,,,,,PRMT1___PSPC1_unrelaxed_rank_003_alphafold2_multimer_v3_model_4_seed_000.pdb
PRMT1___PSPC1,4,3,A,B,0.0000,0.0,0.0,0.0000,0.2923,0.0000,0.0000,0.0,0.0,0.1700,82.7,56.3,0.420,0,0,0,0,,,,,371,523,,,,,PRMT1___PSPC1_unrelaxed_rank_004_alphafold2_multimer_v3_model_3_seed_000.pdb
PRMT1___PSPC1,5,2,A,B,0.0000,0.0,0.0,0.0000,0.1973,0.0000,0.0000,0.0,0.0,0.1600,83.9,57.1,0.430,0,0,0,0,,,,,371,523,,,,,PRMT1___PSPC1_unrelaxed_rank_005_alphafold2_multimer_v3_model_2_seed_000.pdb
PSPC1___HMGB1,1,1,A,B,0.0000,0.0,0.0,0.0000,0.1321,0.0000,0.0000,0.0,0.0,0.1200,61.2,59.5,0.380,0,0,0,0,,,,,523,215,,,,,PSPC1___HMGB1_unrelaxed_rank_001_alphafold2_multimer_v3_model_1_seed_000.pdb
PSPC1___HMGB1,2,3,A,B,0.0000,0.0,0.0,0.0000,0.0971,0.0000,0.0000,0.0,0.0,0.1100,59.3,61.3,0.380,0,0,0,0,,,,,523,215,,,,,PSPC1___HMGB1_unrelaxed_rank_002_alphafold2_multimer_v3_model_3_seed_000.pdb
PSPC1___HMGB1,3,2,A,B,0.0000,0.0,0.0,0.0000,0.1139,0.0000,0.0000,0.0,0.0,0.1100,59.4,61.8,0.370,0,0,0,0,,,,,523,215,,,,,PSPC1___HMGB1_unrelaxed_rank_003_alphafold2_multimer_v3_model_2_seed_000.pdb
PSPC1___HMGB1,4,5,A,B,0.0000,0.0,0.0,0.0000,0.1037,0.0000,0.0000,0.0,0.0,0.1100,59.1,61.3,0.390,0,0,0,0,,,,,523,215,,,,,PSPC1___HMGB1_unrelaxed_rank_004_alphafold2_multimer_v3_model_5_seed_000.pdb
PSPC1___HMGB1,5,4,A,B,0.0000,0.0,0.0,0.0000,0.1086,0.0000,0.0000,0.0,0.0,0.1000,58.0,60.2,0.360,0,0,0,0,,,,,523,215,,,,,PSPC1___HMGB1_unrelaxed_rank_005_alphafold2_multimer_v3_model_4_seed_000.pdb
PTBP3___RPS12,1,1,A,B,0.0000,0.0,0.0,0.0000,0.1604,0.0000,0.0000,0.0,0.0,0.1800,64.2,77.7,0.340,0,0,0,0,,,,,552,132,,,,,PTBP3___RPS12_unrelaxed_rank_001_alphafold2_multimer_v3_model_1_seed_000.pdb
PTBP3___RPS12,2,5,A,B,0.0000,0.0,0.0,0.0000,0.1439,0.0000,0.0000,0.0,0.0,0.1700,66.4,76.0,0.360,0,0,0,0,,,,,552,132,,,,,PTBP3___RPS12_unrelaxed_rank_002_alphafold2_multimer_v3_model_5_seed_000.pdb
PTBP3___RPS12,3,4,A,B,0.0000,0.0,0.0,0.0000,0.1290,0.0000,0.0000,0.0,0.0,0.1600,63.4,75.7,0.350,0,0,0,0,,,,,552,132,,,,,PTBP3___RPS12_unrelaxed_rank_003_alphafold2_multimer_v3_model_4_seed_000.pdb
PTBP3___RPS12,4,3,A,B,0.0000,0.0,0.0,0.0000,0.1116,0.0000,0.0000,0.0,0.0,0.1500,65.5,78.2,0.340,0,0,0,0,,,,,552,132,,,,,PTBP3___RPS12_unrelaxed_rank_004_alphafold2_multimer_v3_model_3_seed_000.pdb
PTBP3___RPS12,5,2,A,B,0.0000,0.0,0.0,0.0000,0.1121,0.0000,0.0000,0.0,0.0,0.1300,66.7,75.3,0.350,0,0,0,0,,,,,552,132,,,,,PTBP3___RPS12_unrelaxed_rank_005_alphafold2_multimer_v3_model_2_seed_000.pdb
RAVER1___ZNF503,1,3,A,B,0.0000,0.0,0.0,0.0000,0.3108,0.0000,0.0000,0.0,0.0,0.1800,55.0,19.5,0.350,0,0,0,0,,,,,606,646,,,,,RAVER1___ZNF503_unrelaxed_rank_001_alphafold2_multimer_v3_model_3_seed_000.pdb
RAVER1___ZNF503,2,4,A,B,0.0000,0.0,0.0,0.0000,0.2638,0.0000,0.0000,0.0,0.0,0.1800,54.3,19.4,0.340,0,0,0,0,,,,,606,646,,,,,RAVER1___ZNF503_unrelaxed_rank_002_alphafold2_multimer_v3_model_4_seed_000.pdb
RAVER1___ZNF503,3,1,A,B,0.0000,0.0,0.0,0.0000,0.1942,0.0000,0.0000,0.0,0.0,0.1600,54.9,20.7,0.340,0,0,0,0,,,,,606,646,,,,,RAVER1___ZNF503_unrelaxed_rank_003_alphafold2_multimer_v3_model_1_seed_000.pdb
RAVER1___ZNF503,4,5,A,B,0.0000,0.0,0.0,0.0000,0.1864,0.0000,0.0000,0.0,0.0,0.1600,54.9,19.5,0.340,0,0,0,0,,,,,606,646,,,,,RAVER1___ZNF503_unrelaxed_rank_004_alphafold2_multimer_v3_model_5_seed_000.pdb
RAVER1___ZNF503,5,2,A,B,0.0000,0.0,0.0,0.0000,0.1581,0.0000,0.0000,0.0,0.0,0.1500,55.5,20.1,0.340,0,0,0,0,,,,,606,646,,,,,RAVER1___ZNF503_unrelaxed_rank_005_alphafold2_multimer_v3_model_2_seed_000.pdb
RB1___DNAJA1,1,1,A,B,0.0000,0.0,0.0,0.0000,0.3471,0.0000,0.0000,0.0,0.0,0.1800,66.9,62.0,0.550,0,0,0,0,,,,,928,397,,,,,RB1___DNAJA1_unrelaxed_rank_001_alphafold2_multimer_v3_model_1_seed_000.pdb
RB1___DNAJA1,2,2,A,B,0.0000,0.0,0.0,0.0000,0.3071,0.0000,0.0000,0.0,0.0,0.1800,67.6,66.0,0.550,0,0,0,0,,,,,928,397,,,,,RB1___DNAJA1_unrelaxed_rank_002_alphafold2_multimer_v3_model_2_seed_000.pdb
RB1___DNAJA1,3,3,A,B,0.0000,0.0,0.0,0.0000,0.1581,0.0000,0.0000,0.0,0.0,0.1700,66.1,63.5,0.550,0,0,0,0,,,,,928,397,,,,,RB1___DNAJA1_unrelaxed_rank_003_alphafold2_multimer_v3_model_3_seed_000.pdb
RB1___DNAJA1,4,5,A,B,0.0000,0.0,0.0,0.0000,0.1656,0.0000,0.0000,0.0,0.0,0.1700,66.4,65.4,0.550,0,0,0,0,,,,,928,397,,,,,RB1___DNAJA1_unrelaxed_rank_004_alphafold2_multimer_v3_model_5_seed_000.pdb
RB1___DNAJA1,5,4,A,B,0.0000,0.0,0.0,0.0000,0.1878,0.0000,0.0000,0.0,0.0,0.1700,66.3,62.8,0.550,0,0,0,0,,,,,928,397,,,,,RB1___DNAJA1_unrelaxed_rank_005_alphafold2_multimer_v3_model_4_seed_000.pdb
RB1___HMGB1,1,3,A,B,0.0000,0.0,0.0,0.0000,0.1884,0.0000,0.0000,0.0,0.0,0.2100,68.4,51.2,0.620,0,0,0,0,,,,,928,215,,,,,RB1___HMGB1_unrelaxed_rank_001_alphafold2_multimer_v3_model_3_seed_000.pdb
RB1___HMGB1,2,2,A,B,0.0000,0.0,0.0,0.0000,0.1539,0.0000,0.0000,0.0,0.0,0.2000,69.1,51.0,0.610,0,0,0,0,,,,,928,215,,,,,RB1___HMGB1_unrelaxed_rank_002_alphafold2_multimer_v3_model_2_seed_000.pdb
RB1___HMGB1,3,4,A,B,0.0000,0.0,0.0,0.0000,0.1749,0.0000,0.0000,0.0,0.0,0.1800,67.9,46.8,0.610,0,0,0,0,,,,,928,215,,,,,RB1___HMGB1_unrelaxed_rank_003_alphafold2_multimer_v3_model_4_seed_000.pdb
RB1___HMGB1,4,5,A,B,0.0000,0.0,0.0,0.0000,0.1664,0.0000,0.0000,0.0,0.0,0.1800,68.8,53.7,0.620,0,0,0,0,,,,,928,215,,,,,RB1___HMGB1_unrelaxed_rank_004_alphafold2_multimer_v3_model_5_seed_000.pdb
RB1___HMGB1,5,1,A,B,0.0000,0.0,0.0,0.0000,0.1538,0.0000,0.0000,0.0,0.0,0.1800,69.0,50.3,0.600,0,0,0,0,,,,,928,215,,,,,RB1___HMGB1_unrelaxed_rank_005_alphafold2_multimer_v3_model_1_seed_000.pdb
RBM4___ZBTB33,1,1,A,B,0.0000,0.0,0.0,0.0000,0.2156,0.0000,0.0000,0.0,0.0,0.1800,42.9,35.3,0.230,0,0,0,0,,,,,364,672,,,,,RBM4___ZBTB33_unrelaxed_rank_001_alphafold2_multimer_v3_model_1_seed_000.pdb
RBM4___ZBTB33,2,4,A,B,0.0000,0.0,0.0,0.0000,0.2165,0.0000,0.0000,0.0,0.0,0.1700,40.9,35.9,0.230,0,0,0,0,,,,,364,672,,,,,RBM4___ZBTB33_unrelaxed_rank_002_alphafold2_multimer_v3_model_4_seed_000.pdb
RBM4___ZBTB33,3,2,A,B,0.0000,0.0,0.0,0.0000,0.1965,0.0000,0.0000,0.0,0.0,0.1600,43.3,36.6,0.230,0,0,0,0,,,,,364,672,,,,,RBM4___ZBTB33_unrelaxed_rank_003_alphafold2_multimer_v3_model_2_seed_000.pdb
RBM4___ZBTB33,4,3,A,B,0.0000,0.0,0.0,0.0000,0.1764,0.0000,0.0000,0.0,0.0,0.1500,40.6,36.6,0.230,0,0,0,0,,,,,364,672,,,,,RBM4___ZBTB33_unrelaxed_rank_004_alphafold2_multimer_v3_model_3_seed_000.pdb
RBM4___ZBTB33,5,5,A,B,0.0000,0.0,0.0,0.0000,0.2032,0.0000,0.0000,0.0,0.0,0.1500,43.2,39.0,0.220,0,0,0,0,,,,,364,672,,,,,RBM4___ZBTB33_unrelaxed_rank_005_alphafold2_multimer_v3_model_5_seed_000.pdb
RPS12___AGAP3,1,1,A,B,0.0000,0.0,0.0,0.0000,0.2363,0.0000,0.0000,0.0,0.0,0.2700,68.4,60.4,0.330,0,0,0,0,,,,,132,875,,,,,RPS12___AGAP3_unrelaxed_rank_001_alphafold2_multimer_v3_model_1_seed_000.pdb
RPS12___AGAP3,2,5,A,B,0.0000,0.0,0.0,0.0000,0.1952,0.0000,0.0000,0.0,0.0,0.2200,68.9,61.3,0.330,0,0,0,0,,,,,132,875,,,,,RPS12___AGAP3_unrelaxed_rank_002_alphafold2_multimer_v3_model_5_seed_000.pdb
RPS12___AGAP3,3,2,A,B,0.0000,0.0,0.0,0.0000,0.1895,0.0000,0.0000,0.0,0.0,0.2000,72.1,61.9,0.330,0,0,0,0,,,,,132,875,,,,,RPS12___AGAP3_unrelaxed_rank_003_alphafold2_multimer_v3_model_2_seed_000.pdb
RPS12___AGAP3,4,4,A,B,0.0000,0.0,0.0,0.0000,0.1765,0.0000,0.0000,0.0,0.0,0.1900,67.6,59.5,0.320,0,0,0,0,,,,,132,875,,,,,RPS12___AGAP3_unrelaxed_rank_004_alphafold2_multimer_v3_model_4_seed_000.pdb
RPS12___AGAP3,5,3,A,B,0.0000,0.0,0.0,0.0000,0.1479,0.0000,0.0000,0.0,0.0,0.1800,71.8,61.7,0.330,0,0,0,0,,,,,132,875,,,,,RPS12___AGAP3_unrelaxed_rank_005_alphafold2_multimer_v3_model_3_seed_000.pdb
RPS12___FUBP3,1,4,A,B,0.2049,839.3,172.0,0.1157,0.7212,0.1327,0.3163,10838.0,65.0,0.6100,82.2,50.0,0.340,121,73,13,16,86.8,79.8,78.1,78.8,132,572,[12-132],[254-326],"[23-24,26-29,93-98,116]","[265-266,269,272-273,276-277,284-286,288-289,292,304-306]",RPS12___FUBP3_unrelaxed_rank_001_alphafold2_multimer_v3_model_4_seed_000.pdb
RPS12___FUBP3,2,2,A,B,0.0094,1.4,0.0,0.0000,0.3390,0.0177,0.0050,2.0,1.0,0.3200,79.1,53.1,0.270,2,1,1,1,84.0,48.5,84.9,48.5,132,572,"[39,68]",[26],[68],[26],RPS12___FUBP3_unrelaxed_rank_002_alphafold2_multimer_v3_model_2_seed_000.pdb
RPS12___FUBP3,3,3,A,B,0.0000,0.0,0.0,0.0000,0.2692,0.0000,0.0000,0.0,0.0,0.3000,80.1,48.5,0.270,0,0,0,0,,,,,132,572,,,,,RPS12___FUBP3_unrelaxed_rank_003_alphafold2_multimer_v3_model_3_seed_000.pdb
RPS12___FUBP3,4,5,A,B,0.0000,0.0,0.0,0.0000,0.2960,0.0000,0.0000,0.0,0.0,0.3000,82.1,52.6,0.270,0,0,0,0,,,,,132,572,,,,,RPS12___FUBP3_unrelaxed_rank_004_alphafold2_multimer_v3_model_5_seed_000.pdb
RPS12___FUBP3,5,1,A,B,0.0000,0.0,0.0,0.0000,0.2788,0.0000,0.0000,0.0,0.0,0.2500,79.7,51.9,0.270,0,0,0,0,,,,,132,572,,,,,RPS12___FUBP3_unrelaxed_rank_005_alphafold2_multimer_v3_model_1_seed_000.pdb
RPS12___ZBTB33,1,1,A,B,0.2524,344.7,87.0,0.1096,0.7499,0.1999,0.3187,1504.0,79.0,0.6500,74.5,38.4,0.270,120,11,20,10,78.5,52.7,82.6,54.5,132,672,"[11-95,98-132]",[276-286],"[14-15,18,54,66,69-71,73-80,127-128,131-132]",[276-285],RPS12___ZBTB33_unrelaxed_rank_001_alphafold2_multimer_v3_model_1_seed_000.pdb
RPS12___ZBTB33,2,2,A,B,0.0000,0.0,0.0,0.0000,0.2353,0.0000,0.0000,0.0,0.0,0.2500,73.9,38.6,0.250,0,0,0,0,,,,,132,672,,,,,RPS12___ZBTB33_unrelaxed_rank_002_alphafold2_multimer_v3_model_2_seed_000.pdb
RPS12___ZBTB33,3,4,A,B,0.0000,0.0,0.0,0.0000,0.2131,0.0000,0.0000,0.0,0.0,0.2500,64.8,37.9,0.250,0,0,0,0,,,,,132,672,,,,,RPS12___ZBTB33_unrelaxed_rank_003_alphafold2_multimer_v3_model_4_seed_000.pdb
RPS12___ZBTB33,4,5,A,B,0.0000,0.0,0.0,0.0000,0.1952,0.0000,0.0000,0.0,0.0,0.2500,73.8,39.1,0.250,0,0,0,0,,,,,132,672,,,,,RPS12___ZBTB33_unrelaxed_rank_004_alphafold2_multimer_v3_model_5_seed_000.pdb
RPS12___ZBTB33,5,3,A,B,0.0000,0.0,0.0,0.0000,0.1639,0.0000,0.0000,0.0,0.0,0.2300,72.3,38.0,0.260,0,0,0,0,,,,,132,672,,,,,RPS12___ZBTB33_unrelaxed_rank_005_alphafold2_multimer_v3_model_3_seed_000.pdb
SAFB___SF3A3,1,1,A,B,0.0000,0.0,0.0,0.0000,0.1704,0.0000,0.0000,0.0,0.0,0.1700,30.8,77.2,0.320,0,0,0,0,,,,,915,501,,,,,SAFB___SF3A3_unrelaxed_rank_001_alphafold2_multimer_v3_model_1_seed_000.pdb
SAFB___SF3A3,2,3,A,B,0.0000,0.0,0.0,0.0000,0.2469,0.0000,0.0000,0.0,0.0,0.1700,30.5,77.0,0.320,0,0,0,0,,,,,915,501,,,,,SAFB___SF3A3_unrelaxed_rank_002_alphafold2_multimer_v3_model_3_seed_000.pdb
SAFB___SF3A3,3,2,A,B,0.0000,0.0,0.0,0.0000,0.1725,0.0000,0.0000,0.0,0.0,0.1600,32.0,78.4,0.320,0,0,0,0,,,,,915,501,,,,,SAFB___SF3A3_unrelaxed_rank_003_alphafold2_multimer_v3_model_2_seed_000.pdb
SAFB___SF3A3,4,4,A,B,0.0000,0.0,0.0,0.0000,0.1744,0.0000,0.0000,0.0,0.0,0.1600,28.6,72.4,0.310,0,0,0,0,,,,,915,501,,,,,SAFB___SF3A3_unrelaxed_rank_004_alphafold2_multimer_v3_model_4_seed_000.pdb
SAFB___SF3A3,5,5,A,B,0.0000,0.0,0.0,0.0000,0.1428,0.0000,0.0000,0.0,0.0,0.1500,30.5,76.7,0.310,0,0,0,0,,,,,915,501,,,,,SAFB___SF3A3_unrelaxed_rank_005_alphafold2_multimer_v3_model_5_seed_000.pdb
SAR1A___NCL,1,4,A,B,0.0000,0.0,0.0,0.0000,0.1820,0.0000,0.0000,0.0,0.0,0.2600,67.4,41.3,0.300,0,0,0,0,,,,,198,710,,,,,SAR1A___NCL_unrelaxed_rank_001_alphafold2_multimer_v3_model_4_seed_000.pdb
SAR1A___NCL,2,3,A,B,0.0000,0.0,0.0,0.0000,0.1460,0.0000,0.0000,0.0,0.0,0.1900,68.6,42.8,0.280,0,0,0,0,,,,,198,710,,,,,SAR1A___NCL_unrelaxed_rank_002_alphafold2_multimer_v3_model_3_seed_000.pdb
SAR1A___NCL,3,1,A,B,0.0000,0.0,0.0,0.0000,0.1379,0.0000,0.0000,0.0,0.0,0.1800,68.5,44.4,0.290,0,0,0,0,,,,,198,710,,,,,SAR1A___NCL_unrelaxed_rank_003_alphafold2_multimer_v3_model_1_seed_000.pdb
SAR1A___NCL,4,5,A,B,0.0000,0.0,0.0,0.0000,0.1306,0.0000,0.0000,0.0,0.0,0.1800,66.5,43.2,0.280,0,0,0,0,,,,,198,710,,,,,SAR1A___NCL_unrelaxed_rank_004_alphafold2_multimer_v3_model_5_seed_000.pdb
SAR1A___NCL,5,2,A,B,0.0000,0.0,0.0,0.0000,0.1345,0.0000,0.0000,0.0,0.0,0.1800,70.8,44.0,0.290,0,0,0,0,,,,,198,710,,,,,SAR1A___NCL_unrelaxed_rank_005_alphafold2_multimer_v3_model_2_seed_000.pdb
SET___GFP,1,1,A,B,0.0000,0.0,0.0,0.0000,0.1687,0.0000,0.0000,0.0,0.0,0.1900,59.5,86.4,0.490,0,0,0,0,,,,,290,238,,,,,SET___GFP_unrelaxed_rank_001_alphafold2_multimer_v3_model_1_seed_000.pdb
SET___GFP,2,3,A,B,0.0000,0.0,0.0,0.0000,0.1227,0.0000,0.0000,0.0,0.0,0.1500,59.3,87.3,0.470,0,0,0,0,,,,,290,238,,,,,SET___GFP_unrelaxed_rank_002_alphafold2_multimer_v3_model_3_seed_000.pdb
SET___GFP,3,5,A,B,0.0000,0.0,0.0,0.0000,0.1360,0.0000,0.0000,0.0,0.0,0.1500,59.4,87.7,0.480,0,0,0,0,,,,,290,238,,,,,SET___GFP_unrelaxed_rank_003_alphafold2_multimer_v3_model_5_seed_000.pdb
SET___GFP,4,2,A,B,0.0000,0.0,0.0,0.0000,0.1244,0.0000,0.0000,0.0,0.0,0.1300,59.4,88.7,0.480,0,0,0,0,,,,,290,238,,,,,SET___GFP_unrelaxed_rank_004_alphafold2_multimer_v3_model_2_seed_000.pdb
SET___GFP,5,4,A,B,0.0000,0.0,0.0,0.0000,0.1085,0.0000,0.0000,0.0,0.0,0.1200,57.7,88.2,0.480,0,0,0,0,,,,,290,238,,,,,SET___GFP_unrelaxed_rank_005_alphafold2_multimer_v3_model_4_seed_000.pdb
SET___SLC3A2,1,4,A,B,0.0000,0.0,0.0,0.0000,0.1990,0.0000,0.0000,0.0,0.0,0.1900,51.8,68.3,0.530,0,0,0,0,,,,,290,630,,,,,SET___SLC3A2_unrelaxed_rank_001_alphafold2_multimer_v3_model_4_seed_000.pdb
SET___SLC3A2,2,1,A,B,0.0000,0.0,0.0,0.0000,0.1091,0.0000,0.0000,0.0,0.0,0.1600,58.7,69.7,0.520,0,0,0,0,,,,,290,630,,,,,SET___SLC3A2_unrelaxed_rank_002_alphafold2_multimer_v3_model_1_seed_000.pdb
SET___SLC3A2,3,5,A,B,0.0000,0.0,0.0,0.0000,0.1033,0.0000,0.0000,0.0,0.0,0.1600,60.1,69.0,0.520,0,0,0,0,,,,,290,630,,,,,SET___SLC3A2_unrelaxed_rank_003_alphafold2_multimer_v3_model_5_seed_000.pdb
SET___SLC3A2,4,2,A,B,0.0000,0.0,0.0,0.0000,0.1050,0.0000,0.0000,0.0,0.0,0.1500,60.5,69.3,0.520,0,0,0,0,,,,,290,630,,,,,SET___SLC3A2_unrelaxed_rank_004_alphafold2_multimer_v3_model_2_seed_000.pdb
SET___SLC3A2,5,3,A,B,0.0000,0.0,0.0,0.0000,0.1009,0.0000,0.0000,0.0,0.0,0.1500,58.7,68.6,0.510,0,0,0,0,,,,,290,630,,,,,SET___SLC3A2_unrelaxed_rank_005_alphafold2_multimer_v3_model_3_seed_000.pdb
SF1___PTBP1,1,1,A,B,0.0000,0.0,0.0,0.0000,0.3593,0.0000,0.0000,0.0,0.0,0.1900,35.8,63.1,0.280,0,0,0,0,,,,,639,557,,,,,SF1___PTBP1_unrelaxed_rank_001_alphafold2_multimer_v3_model_1_seed_000.pdb
SF1___PTBP1,2,3,A,B,0.0000,0.0,0.0,0.0000,0.3621,0.0000,0.0000,0.0,0.0,0.1900,36.5,64.5,0.280,0,0,0,0,,,,,639,557,,,,,SF1___PTBP1_unrelaxed_rank_002_alphafold2_multimer_v3_model_3_seed_000.pdb
SF1___PTBP1,3,5,A,B,0.0000,0.0,0.0,0.0000,0.3673,0.0000,0.0000,0.0,0.0,0.1800,37.5,66.6,0.280,0,0,0,0,,,,,639,557,,,,,SF1___PTBP1_unrelaxed_rank_003_alphafold2_multimer_v3_model_5_seed_000.pdb
SF1___PTBP1,4,2,A,B,0.0000,0.0,0.0,0.0000,0.2170,0.0000,0.0000,0.0,0.0,0.1700,36.5,66.8,0.280,0,0,0,0,,,,,639,557,,,,,SF1___PTBP1_unrelaxed_rank_004_alphafold2_multimer_v3_model_2_seed_000.pdb
SF1___PTBP1,5,4,A,B,0.0000,0.0,0.0,0.0000,0.2798,0.0000,0.0000,0.0,0.0,0.1500,35.6,64.5,0.270,0,0,0,0,,,,,639,557,,,,,SF1___PTBP1_unrelaxed_rank_005_alphafold2_multimer_v3_model_4_seed_000.pdb
SF1___ZNF503,1,4,A,B,0.0000,0.0,0.0,0.0000,0.3929,0.0000,0.0000,0.0,0.0,0.1900,41.3,19.8,0.250,0,0,0,0,,,,,639,646,,,,,SF1___ZNF503_unrelaxed_rank_001_alphafold2_multimer_v3_model_4_seed_000.pdb
SF1___ZNF503,2,2,A,B,0.0000,0.0,0.0,0.0000,0.1447,0.0000,0.0000,0.0,0.0,0.1600,43.1,20.9,0.260,0,0,0,0,,,,,639,646,,,,,SF1___ZNF503_unrelaxed_rank_002_alphafold2_multimer_v3_model_2_seed_000.pdb
SF1___ZNF503,3,1,A,B,0.0000,0.0,0.0,0.0000,0.1561,0.0000,0.0000,0.0,0.0,0.1500,40.8,22.6,0.240,0,0,0,0,,,,,639,646,,,,,SF1___ZNF503_unrelaxed_rank_003_alphafold2_multimer_v3_model_1_seed_000.pdb
SF1___ZNF503,4,3,A,B,0.0000,0.0,0.0,0.0000,0.1927,0.0000,0.0000,0.0,0.0,0.1500,41.8,20.3,0.260,0,0,0,0,,,,,639,646,,,,,SF1___ZNF503_unrelaxed_rank_004_alphafold2_multimer_v3_model_3_seed_000.pdb
SF1___ZNF503,5,5,A,B,0.0000,0.0,0.0,0.0000,0.1395,0.0000,0.0000,0.0,0.0,0.1400,43.5,20.7,0.260,0,0,0,0,,,,,639,646,,,,,SF1___ZNF503_unrelaxed_rank_005_alphafold2_multimer_v3_model_5_seed_000.pdb
SF3B2___CDC5L,1,5,A,B,0.0000,0.0,0.0,0.0000,0.3362,0.0000,0.0000,0.0,0.0,0.1900,35.6,55.9,0.240,0,0,0,0,,,,,895,802,,,,,SF3B2___CDC5L_unrelaxed_rank_001_alphafold2_multimer_v3_model_5_seed_000.pdb
SF3B2___CDC5L,2,3,A,B,0.0000,0.0,0.0,0.0000,0.4104,0.0000,0.0000,0.0,0.0,0.1800,36.6,57.5,0.250,0,0,0,0,,,,,895,802,,,,,SF3B2___CDC5L_unrelaxed_rank_002_alphafold2_multimer_v3_model_3_seed_000.pdb
SF3B2___CDC5L,3,2,A,B,0.0000,0.0,0.0,0.0000,0.3632,0.0000,0.0000,0.0,0.0,0.1900,37.6,55.0,0.240,0,0,0,0,,,,,895,802,,,,,SF3B2___CDC5L_unrelaxed_rank_003_alphafold2_multimer_v3_model_2_seed_000.pdb
SF3B2___CDC5L,4,1,A,B,0.0000,0.0,0.0,0.0000,0.3191,0.0000,0.0000,0.0,0.0,0.1800,38.3,55.3,0.240,0,0,0,0,,,,,895,802,,,,,SF3B2___CDC5L_unrelaxed_rank_004_alphafold2_multimer_v3_model_1_seed_000.pdb
SF3B2___CDC5L,5,4,A,B,0.0000,0.0,0.0,0.0000,0.3709,0.0000,0.0000,0.0,0.0,0.1800,35.0,51.3,0.230,0,0,0,0,,,,,895,802,,,,,SF3B2___CDC5L_unrelaxed_rank_005_alphafold2_multimer_v3_model_4_seed_000.pdb
SF3B2___GFP,1,4,A,B,0.0000,0.0,0.0,0.0000,0.2215,0.0000,0.0000,0.0,0.0,0.2300,36.4,89.0,0.300,0,0,0,0,,,,,895,238,,,,,SF3B2___GFP_unrelaxed_rank_001_alphafold2_multimer_v3_model_4_seed_000.pdb
SF3B2___GFP,2,1,A,B,0.0000,0.0,0.0,0.0000,0.1432,0.0000,0.0000,0.0,0.0,0.1600,41.4,87.6,0.310,0,0,0,0,,,,,895,238,,,,,SF3B2___GFP_unrelaxed_rank_002_alphafold2_multimer_v3_model_1_seed_000.pdb
SF3B2___GFP,3,5,A,B,0.0000,0.0,0.0,0.0000,0.0000,0.0000,0.0000,0.0,0.0,0.1600,39.3,89.3,0.300,0,0,0,0,,,,,895,238,,,,,SF3B2___GFP_unrelaxed_rank_003_alphafold2_multimer_v3_model_5_seed_000.pdb
SF3B2___GFP,4,3,A,B,0.0000,0.0,0.0,0.0000,0.0000,0.0000,0.0000,0.0,0.0,0.1500,42.7,88.2,0.300,0,0,0,0,,,,,895,238,,,,,SF3B2___GFP_unrelaxed_rank_004_alphafold2_multimer_v3_model_3_seed_000.pdb
SF3B2___GFP,5,2,A,B,0.0000,0.0,0.0,0.0000,0.0000,0.0000,0.0000,0.0,0.0,0.1500,41.8,89.3,0.300,0,0,0,0,,,,,895,238,,,,,SF3B2___GFP_unrelaxed_rank_005_alphafold2_multimer_v3_model_2_seed_000.pdb
SFPQ___CDC37,1,1,A,B,0.0000,0.0,0.0,0.0000,0.2459,0.0000,0.0000,0.0,0.0,0.1500,48.6,65.8,0.330,0,0,0,0,,,,,707,378,,,,,SFPQ___CDC37_unrelaxed_rank_001_alphafold2_multimer_v3_model_1_seed_000.pdb
SFPQ___CDC37,2,2,A,B,0.0000,0.0,0.0,0.0000,0.2010,0.0000,0.0000,0.0,0.0,0.1500,47.2,66.9,0.320,0,0,0,0,,,,,707,378,,,,,SFPQ___CDC37_unrelaxed_rank_002_alphafold2_multimer_v3_model_2_seed_000.pdb
SFPQ___CDC37,3,5,A,B,0.0000,0.0,0.0,0.0000,0.2313,0.0000,0.0000,0.0,0.0,0.1400,47.5,64.8,0.320,0,0,0,0,,,,,707,378,,,,,SFPQ___CDC37_unrelaxed_rank_003_alphafold2_multimer_v3_model_5_seed_000.pdb
SFPQ___CDC37,4,3,A,B,0.0000,0.0,0.0,0.0000,0.1103,0.0000,0.0000,0.0,0.0,0.1300,47.0,65.6,0.320,0,0,0,0,,,,,707,378,,,,,SFPQ___CDC37_unrelaxed_rank_004_alphafold2_multimer_v3_model_3_seed_000.pdb
SFPQ___CDC37,5,4,A,B,0.0000,0.0,0.0,0.0000,0.1461,0.0000,0.0000,0.0,0.0,0.1400,45.2,63.3,0.310,0,0,0,0,,,,,707,378,,,,,SFPQ___CDC37_unrelaxed_rank_005_alphafold2_multimer_v3_model_4_seed_000.pdb
SFPQ___FUBP3,1,1,A,B,0.0000,0.0,0.0,0.0000,0.1715,0.0000,0.0000,0.0,0.0,0.1600,49.1,48.4,0.320,0,0,0,0,,,,,707,572,,,,,SFPQ___FUBP3_unrelaxed_rank_001_alphafold2_multimer_v3_model_1_seed_000.pdb
SFPQ___FUBP3,2,2,A,B,0.0000,0.0,0.0,0.0000,0.0000,0.0000,0.0000,0.0,0.0,0.1600,48.4,48.8,0.310,0,0,0,0,,,,,707,572,,,,,SFPQ___FUBP3_unrelaxed_rank_002_alphafold2_multimer_v3_model_2_seed_000.pdb
SFPQ___FUBP3,3,3,A,B,0.0000,0.0,0.0,0.0000,0.1615,0.0000,0.0000,0.0,0.0,0.1500,48.9,45.2,0.320,0,0,0,0,,,,,707,572,,,,,SFPQ___FUBP3_unrelaxed_rank_003_alphafold2_multimer_v3_model_3_seed_000.pdb
SFPQ___FUBP3,4,5,A,B,0.0000,0.0,0.0,0.0000,0.1399,0.0000,0.0000,0.0,0.0,0.1400,48.8,46.8,0.310,0,0,0,0,,,,,707,572,,,,,SFPQ___FUBP3_unrelaxed_rank_004_alphafold2_multimer_v3_model_5_seed_000.pdb
SFPQ___FUBP3,5,4,A,B,0.0000,0.0,0.0,0.0000,0.1448,0.0000,0.0000,0.0,0.0,0.1400,47.7,44.9,0.300,0,0,0,0,,,,,707,572,,,,,SFPQ___FUBP3_unrelaxed_rank_005_alphafold2_multimer_v3_model_4_seed_000.pdb
SFPQ___TLE3,1,5,A,B,0.0137,13.0,0.2,0.0000,0.5367,0.0163,0.0115,56.0,3.0,0.2100,46.7,54.7,0.340,3,53,1,3,26.7,95.3,29.7,94.7,707,772,[2-4],"[450,489,510-512,535,546,550,560,568,570,576-580,590,592,594-598,602-604,619,621,624,636,638,640,645-646,660,662-663,676-678,701,704,714-715,717-718,720-721,727,736,744-745,758]",[3],"[580,638,663]",SFPQ___TLE3_unrelaxed_rank_001_alphafold2_multimer_v3_model_5_seed_000.pdb
SFPQ___TLE3,2,1,A,B,0.0000,0.0,0.0,0.0000,0.4441,0.0000,0.0000,0.0,0.0,0.2000,46.3,54.8,0.340,0,0,0,0,,,,,707,772,,,,,SFPQ___TLE3_unrelaxed_rank_002_alphafold2_multimer_v3_model_1_seed_000.pdb
SFPQ___TLE3,3,3,A,B,0.0512,106.8,5.5,0.0131,0.5965,0.0482,0.0544,951.0,12.0,0.2000,47.4,55.3,0.340,9,253,3,11,41.6,94.0,29.8,91.8,707,772,"[1-7,312,315]","[250,448-450,452,460-461,473-474,478-495,500-513,522,524-542,546-561,568-573,575-585,588,590-606,608-615,617-627,632-646,652-669,673-687,692-709,711-728,733-750,752-771]","[2-3,6]","[619-620,622,638,661,663,679,702,704,720,743]",SFPQ___TLE3_unrelaxed_rank_003_alphafold2_multimer_v3_model_3_seed_000.pdb
SFPQ___TLE3,4,4,A,B,0.0385,84.1,3.2,0.0123,0.6003,0.0349,0.0426,785.0,9.0,0.1900,45.2,53.0,0.340,6,239,3,8,31.1,93.9,32.9,90.3,707,772,[1-6],"[448-452,460,473-474,479-480,482-494,500-513,524-528,531-541,546-561,568-573,576-585,588,590-605,608-614,617-627,629,632-647,654-667,673-687,693-709,711,713-728,731-750,752-753,755-771]","[3,5-6]","[578,580,596,620,622,638,661,663]",SFPQ___TLE3_unrelaxed_rank_004_alphafold2_multimer_v3_model_4_seed_000.pdb
SFPQ___TLE3,5,2,A,B,0.0000,0.0,0.0,0.0000,0.4208,0.0000,0.0000,0.0,0.0,0.1800,46.1,54.6,0.340,0,0,0,0,,,,,707,772,,,,,SFPQ___TLE3_unrelaxed_rank_005_alphafold2_multimer_v3_model_2_seed_000.pdb
SMAP___PPP1R10,1,2,A,B,0.0000,0.0,0.0,0.0000,0.2005,0.0000,0.0000,0.0,0.0,0.1800,29.4,34.7,0.250,0,0,0,0,,,,,183,940,,,,,SMAP___PPP1R10_unrelaxed_rank_001_alphafold2_multimer_v3_model_2_seed_000.pdb
SMAP___PPP1R10,2,4,A,B,0.0000,0.0,0.0,0.0000,0.2128,0.0000,0.0000,0.0,0.0,0.1700,27.4,35.2,0.240,0,0,0,0,,,,,183,940,,,,,SMAP___PPP1R10_unrelaxed_rank_002_alphafold2_multimer_v3_model_4_seed_000.pdb
SMAP___PPP1R10,3,3,A,B,0.0000,0.0,0.0,0.0000,0.1651,0.0000,0.0000,0.0,0.0,0.1600,29.4,34.5,0.260,0,0,0,0,,,,,183,940,,,,,SMAP___PPP1R10_unrelaxed_rank_003_alphafold2_multimer_v3_model_3_seed_000.pdb
SMAP___PPP1R10,4,1,A,B,0.0000,0.0,0.0,0.0000,0.1642,0.0000,0.0000,0.0,0.0,0.1500,26.6,33.8,0.250,0,0,0,0,,,,,183,940,,,,,SMAP___PPP1R10_unrelaxed_rank_004_alphafold2_multimer_v3_model_1_seed_000.pdb
SMAP___PPP1R10,5,5,A,B,0.0000,0.0,0.0,0.0000,0.2044,0.0000,0.0000,0.0,0.0,0.1500,25.2,34.9,0.250,0,0,0,0,,,,,183,940,,,,,SMAP___PPP1R10_unrelaxed_rank_005_alphafold2_multimer_v3_model_5_seed_000.pdb
SMAP___PRMT1,1,5,A,B,0.1457,511.5,74.5,0.0159,0.5577,0.1269,0.1673,3847.0,68.0,0.4000,26.2,85.1,0.630,16,311,10,16,61.2,94.4,61.5,89.0,183,371,[74-89],"[53,56-170,172-217,222-370]","[76-77,79-81,83-85,87-88]","[70-71,74-75,78,289,297-302,304,306-308]",SMAP___PRMT1_unrelaxed_rank_001_alphafold2_multimer_v3_model_5_seed_000.pdb
SMAP___PRMT1,2,4,A,B,0.0894,585.4,52.4,0.0146,0.4743,0.0806,0.0993,4760.0,72.0,0.3700,27.6,83.5,0.630,29,303,15,22,52.3,93.8,55.4,87.4,183,371,"[37-49,74-89]","[62-118,120-170,173-341,344,346-370]","[43-46,76-77,79-81,83-88]","[62,70-71,74-75,78,166,236-238,289,297-302,304,306-308,311]",SMAP___PRMT1_unrelaxed_rank_002_alphafold2_multimer_v3_model_4_seed_000.pdb
SMAP___PRMT1,3,3,A,B,0.0131,20.6,0.3,0.0000,0.2881,0.0175,0.0099,142.0,3.0,0.3200,26.6,84.7,0.630,13,83,3,3,50.1,95.8,57.8,88.0,183,371,"[42-43,45,48-49,78-85]","[66,70,72,83,86-95,105,107,109,111-112,114-118,129-130,133,135-136,138-139,141-142,146,151,156-159,163,169,177,181,185,190-191,194,196-198,203,220,222,236,251,256-257,259,261,267,271,273,281-283,288,297-299,301,303,307-311,315-318,349-350,368]","[80,83-84]","[301,307-308]",SMAP___PRMT1_unrelaxed_rank_003_alphafold2_multimer_v3_model_3_seed_000.pdb
SMAP___PRMT1,4,1,A,B,0.0780,373.2,29.1,0.0153,0.4621,0.0787,0.0772,2843.0,49.0,0.2100,22.0,85.1,0.620,14,320,12,23,37.0,94.2,36.9,83.3,183,371,[35-48],[52-371],"[36,38-48]","[53,56-57,59,61-63,65-66,69,72,165-166,170-171,234,237,310-313,370-371]",SMAP___PRMT1_unrelaxed_rank_004_alphafold2_multimer_v3_model_1_seed_000.pdb
SMAP___PRMT1,5,2,A,B,0.0000,0.0,0.0,0.0000,0.2529,0.0068,0.0000,14.0,0.0,0.1900,22.4,85.9,0.620,3,14,0,0,39.6,93.9,,,183,371,"[39,42-43]","[69,72,181,217,223,226,228-229,237,281,315,319,331,350]",,,SMAP___PRMT1_unrelaxed_rank_005_alphafold2_multimer_v3_model_2_seed_000.pdb
SNRPC___ZBTB33,1,3,A,B,0.0000,0.0,0.0,0.0000,0.3379,0.0159,0.0000,13.0,0.0,0.2000,30.0,38.7,0.260,3,11,0,0,49.5,77.3,,,159,672,"[34,38,41]","[549,551,553,557-559,563,568,572,585,587]",,,SNRPC___ZBTB33_unrelaxed_rank_001_alphafold2_multimer_v3_model_3_seed_000.pdb
SNRPC___ZBTB33,2,4,A,B,0.0000,0.0,0.0,0.0000,0.3657,0.0072,0.0000,3.0,0.0,0.2000,30.7,39.5,0.250,3,2,0,0,48.6,65.7,,,159,672,"[8,34,38]","[516,531]",,,SNRPC___ZBTB33_unrelaxed_rank_002_alphafold2_multimer_v3_model_4_seed_000.pdb
SNRPC___ZBTB33,3,2,A,B,0.0000,0.0,0.0,0.0000,0.2981,0.0000,0.0000,0.0,0.0,0.2000,30.1,39.0,0.230,0,0,0,0,,,,,159,672,,,,,SNRPC___ZBTB33_unrelaxed_rank_003_alphafold2_multimer_v3_model_2_seed_000.pdb
SNRPC___ZBTB33,4,1,A,B,0.0000,0.0,0.0,0.0000,0.3043,0.0000,0.0000,0.0,0.0,0.1800,27.9,39.4,0.240,0,0,0,0,,,,,159,672,,,,,SNRPC___ZBTB33_unrelaxed_rank_004_alphafold2_multimer_v3_model_1_seed_000.pdb
SNRPC___ZBTB33,5,5,A,B,0.0000,0.0,0.0,0.0000,0.3324,0.0000,0.0000,0.0,0.0,0.1700,31.4,41.0,0.240,0,0,0,0,,,,,159,672,,,,,SNRPC___ZBTB33_unrelaxed_rank_005_alphafold2_multimer_v3_model_5_seed_000.pdb
SRSF11___GFP,1,1,A,B,0.0000,0.0,0.0,0.0000,0.2797,0.0000,0.0000,0.0,0.0,0.1700,30.1,88.7,0.400,0,0,0,0,,,,,484,238,,,,,SRSF11___GFP_unrelaxed_rank_001_alphafold2_multimer_v3_model_1_seed_000.pdb
SRSF11___GFP,2,4,A,B,0.0000,0.0,0.0,0.0000,0.1730,0.0000,0.0000,0.0,0.0,0.1600,30.0,90.2,0.390,0,0,0,0,,,,,484,238,,,,,SRSF11___GFP_unrelaxed_rank_002_alphafold2_multimer_v3_model_4_seed_000.pdb
SRSF11___GFP,3,2,A,B,0.0000,0.0,0.0,0.0000,0.2386,0.0000,0.0000,0.0,0.0,0.1400,29.3,88.9,0.410,0,0,0,0,,,,,484,238,,,,,SRSF11___GFP_unrelaxed_rank_003_alphafold2_multimer_v3_model_2_seed_000.pdb
SRSF11___GFP,4,3,A,B,0.0000,0.0,0.0,0.0000,0.1424,0.0000,0.0000,0.0,0.0,0.1400,31.0,90.4,0.380,0,0,0,0,,,,,484,238,,,,,SRSF11___GFP_unrelaxed_rank_004_alphafold2_multimer_v3_model_3_seed_000.pdb
SRSF11___GFP,5,5,A,B,0.0000,0.0,0.0,0.0000,0.1313,0.0000,0.0000,0.0,0.0,0.1400,30.3,90.3,0.380,0,0,0,0,,,,,484,238,,,,,SRSF11___GFP_unrelaxed_rank_005_alphafold2_multimer_v3_model_5_seed_000.pdb
STIP1___GFP,1,4,A,B,0.1043,281.2,29.3,0.0162,0.6575,0.0874,0.1244,1521.0,52.0,0.4800,80.5,87.8,0.440,123,139,24,16,86.6,87.4,83.4,61.5,543,238,[3-125],"[12-16,18-19,21-22,26-29,32,34,36-49,55-58,61,70-88,90,92-95,97-100,105-106,112,114-115,118-123,125,127,130,136-137,141-142,152-155,159,161-162,165,170-171,176-177,180,182-183,185,187-188,194-195,197-211,215-238]","[9,11-12,15-16,39,42-43,45-46,49-50,73,76-77,80,84,107,110-111,114,117-118,121]","[39,73,75-77,204,225,230-238]",STIP1___GFP_unrelaxed_rank_001_alphafold2_multimer_v3_model_4_seed_000.pdb
STIP1___GFP,2,2,A,B,0.0000,0.0,0.0,0.0000,0.1803,0.0000,0.0000,0.0,0.0,0.1500,80.7,86.7,0.380,0,0,0,0,,,,,543,238,,,,,STIP1___GFP_unrelaxed_rank_002_alphafold2_multimer_v3_model_2_seed_000.pdb
STIP1___GFP,3,3,A,B,0.0000,0.0,0.0,0.0000,0.1237,0.0000,0.0000,0.0,0.0,0.1400,81.0,87.3,0.360,0,0,0,0,,,,,543,238,,,,,STIP1___GFP_unrelaxed_rank_003_alphafold2_multimer_v3_model_3_seed_000.pdb
STIP1___GFP,4,1,A,B,0.0000,0.0,0.0,0.0000,0.1181,0.0000,0.0000,0.0,0.0,0.1300,76.6,85.0,0.370,0,0,0,0,,,,,543,238,,,,,STIP1___GFP_unrelaxed_rank_004_alphafold2_multimer_v3_model_1_seed_000.pdb
STIP1___GFP,5,5,A,B,0.0000,0.0,0.0,0.0000,0.1174,0.0000,0.0000,0.0,0.0,0.1300,80.9,87.3,0.360,0,0,0,0,,,,,543,238,,,,,STIP1___GFP_unrelaxed_rank_005_alphafold2_multimer_v3_model_5_seed_000.pdb
STIP1___PCCA,1,3,A,B,0.0000,0.0,0.0,0.0000,0.1504,0.0000,0.0000,0.0,0.0,0.1700,74.8,82.5,0.540,0,0,0,0,,,,,543,728,,,,,STIP1___PCCA_unrelaxed_rank_001_alphafold2_multimer_v3_model_3_seed_000.pdb
STIP1___PCCA,2,1,A,B,0.0000,0.0,0.0,0.0000,0.1500,0.0000,0.0000,0.0,0.0,0.1700,69.9,82.6,0.540,0,0,0,0,,,,,543,728,,,,,STIP1___PCCA_unrelaxed_rank_002_alphafold2_multimer_v3_model_1_seed_000.pdb
STIP1___PCCA,3,2,A,B,0.0000,0.0,0.0,0.0000,0.1430,0.0000,0.0000,0.0,0.0,0.1600,76.3,83.1,0.540,0,0,0,0,,,,,543,728,,,,,STIP1___PCCA_unrelaxed_rank_003_alphafold2_multimer_v3_model_2_seed_000.pdb
STIP1___PCCA,4,4,A,B,0.0000,0.0,0.0,0.0000,0.1558,0.0000,0.0000,0.0,0.0,0.1600,72.3,81.1,0.530,0,0,0,0,,,,,543,728,,,,,STIP1___PCCA_unrelaxed_rank_004_alphafold2_multimer_v3_model_4_seed_000.pdb
STIP1___PCCA,5,5,A,B,0.0000,0.0,0.0,0.0000,0.1551,0.0000,0.0000,0.0,0.0,0.1500,73.0,81.8,0.540,0,0,0,0,,,,,543,728,,,,,STIP1___PCCA_unrelaxed_rank_005_alphafold2_multimer_v3_model_5_seed_000.pdb
SUGP2___CCNT1,1,1,A,B,0.2030,364.8,74.1,0.0836,0.8254,0.1586,0.2599,1706.0,78.0,0.3300,35.5,41.8,0.300,14,201,11,21,37.8,87.9,40.2,76.8,1082,726,"[960-963,979-988]","[13-27,29-76,78,83-95,100-111,130,132,134-144,149-247]","[963,979-988]","[163-167,170,173,176,180,205,209-213,215-216,218-219,221,224]",SUGP2___CCNT1_unrelaxed_rank_001_alphafold2_multimer_v3_model_1_seed_000.pdb
SUGP2___CCNT1,2,3,A,B,0.0568,43.3,2.5,0.0116,0.6076,0.0495,0.0651,72.0,26.0,0.2900,36.3,40.3,0.300,6,36,5,10,33.5,79.3,34.0,72.4,1082,726,[980-985],"[155,157,159-164,166-167,172,176-177,179,195,197-199,202,205-216,221-222,225,238,242]","[980-983,985]","[164,166-167,209-213,215,221]",SUGP2___CCNT1_unrelaxed_rank_002_alphafold2_multimer_v3_model_3_seed_000.pdb
SUGP2___CCNT1,3,5,A,B,0.0000,0.0,0.0,0.0000,0.3865,0.0000,0.0000,0.0,0.0,0.2500,35.5,41.5,0.290,0,0,0,0,,,,,1082,726,,,,,SUGP2___CCNT1_unrelaxed_rank_003_alphafold2_multimer_v3_model_5_seed_000.pdb
SUGP2___CCNT1,4,4,A,B,0.0000,0.0,0.0,0.0000,0.4299,0.0000,0.0000,0.0,0.0,0.2500,32.2,39.8,0.290,0,0,0,0,,,,,1082,726,,,,,SUGP2___CCNT1_unrelaxed_rank_004_alphafold2_multimer_v3_model_4_seed_000.pdb
SUGP2___CCNT1,5,2,A,B,0.0158,1.0,0.0,0.0000,0.4743,0.0158,0.0158,1.0,1.0,0.2300,37.5,43.1,0.300,1,1,1,1,30.6,76.6,30.6,76.6,1082,726,[983],[211],[983],[211],SUGP2___CCNT1_unrelaxed_rank_005_alphafold2_multimer_v3_model_2_seed_000.pdb
SUGP2___FUBP3,1,4,A,B,0.2461,905.0,222.7,0.2328,0.8431,0.1517,0.3993,11219.0,73.0,0.2800,37.3,44.7,0.300,193,78,18,13,79.9,71.1,82.7,74.5,1082,572,"[325-326,328-340,348,361-451,453,463-547]",[160-237],"[379,382-383,395,397-398,403,414-416,419,423,426-427,430-431,434-435]","[160-161,163,217-220,222-223,226-227,229-230]",SUGP2___FUBP3_unrelaxed_rank_001_alphafold2_multimer_v3_model_4_seed_000.pdb
SUGP2___FUBP3,2,2,A,B,0.0000,0.0,0.0,0.0000,0.4492,0.0056,0.0000,2.0,0.0,0.2100,38.8,48.5,0.280,2,1,0,0,80.9,48.8,,,1082,572,"[414,421]",[51],,,SUGP2___FUBP3_unrelaxed_rank_002_alphafold2_multimer_v3_model_2_seed_000.pdb
SUGP2___FUBP3,3,3,A,B,0.0000,0.0,0.0,0.0000,0.2851,0.0000,0.0000,0.0,0.0,0.1900,35.5,43.0,0.260,0,0,0,0,,,,,1082,572,,,,,SUGP2___FUBP3_unrelaxed_rank_003_alphafold2_multimer_v3_model_3_seed_000.pdb
SUGP2___FUBP3,4,1,A,B,0.0000,0.0,0.0,0.0000,0.1860,0.0000,0.0000,0.0,0.0,0.1800,35.2,42.2,0.260,0,0,0,0,,,,,1082,572,,,,,SUGP2___FUBP3_unrelaxed_rank_004_alphafold2_multimer_v3_model_1_seed_000.pdb
SUGP2___FUBP3,5,5,A,B,0.0000,0.0,0.0,0.0000,0.1871,0.0000,0.0000,0.0,0.0,0.1800,34.2,45.4,0.250,0,0,0,0,,,,,1082,572,,,,,SUGP2___FUBP3_unrelaxed_rank_005_alphafold2_multimer_v3_model_5_seed_000.pdb
SUGP2___SET,1,5,A,B,0.2832,309.2,87.5,0.2191,0.9092,0.1990,0.4028,3983.0,24.0,0.5300,39.3,61.8,0.280,22,163,8,5,61.4,83.0,67.8,73.2,1082,290,[1061-1082],"[63-183,198-239]","[1068-1069,1071-1073,1075-1076,1079]","[230-231,234-236]",SUGP2___SET_unrelaxed_rank_001_alphafold2_multimer_v3_model_5_seed_000.pdb
SUGP2___SET,2,1,A,B,0.2446,782.4,191.4,0.0899,0.8744,0.1760,0.3400,6183.0,99.0,0.4800,38.3,61.0,0.290,46,181,21,22,55.1,81.8,59.7,71.7,1082,290,"[654-679,1063-1082]","[40-180,200-239]","[658-660,662-664,666-667,669-673,679,1068-1069,1071-1072,1075-1076,1079]","[56,59-60,62-64,66-67,70,131-132,158,162,219,223,227,230-231,233-236]",SUGP2___SET_unrelaxed_rank_002_alphafold2_multimer_v3_model_1_seed_000.pdb
SUGP2___SET,3,4,A,B,0.0000,0.0,0.0,0.0000,0.4540,0.0000,0.0000,0.0,0.0,0.3700,36.9,57.6,0.280,0,0,0,0,,,,,1082,290,,,,,SUGP2___SET_unrelaxed_rank_003_alphafold2_multimer_v3_model_4_seed_000.pdb
SUGP2___SET,4,2,A,B,0.0445,40.2,1.8,0.0112,0.5762,0.0338,0.0587,269.0,6.0,0.2600,35.7,63.1,0.270,9,113,3,4,41.7,88.1,41.8,70.8,1082,290,"[1067,1069-1076]","[45,47-91,93-102,104-106,109,113,117,120-128,135-142,147,149-156,158,166,169-171,203-206,216-230,232]","[1071-1072,1075]","[63,66-67,70]",SUGP2___SET_unrelaxed_rank_004_alphafold2_multimer_v3_model_2_seed_000.pdb
SUGP2___SET,5,3,A,B,0.0000,0.0,0.0,0.0000,0.3641,0.0000,0.0000,0.0,0.0,0.2000,35.6,59.6,0.270,0,0,0,0,,,,,1082,290,,,,,SUGP2___SET_unrelaxed_rank_005_alphafold2_multimer_v3_model_3_seed_000.pdb
SUGP2___TXN,1,1,A,B,0.0000,0.0,0.0,0.0000,0.1983,0.0000,0.0000,0.0,0.0,0.2300,40.6,83.9,0.310,0,0,0,0,,,,,1082,105,,,,,SUGP2___TXN_unrelaxed_rank_001_alphafold2_multimer_v3_model_1_seed_000.pdb
SUGP2___TXN,2,4,A,B,0.0000,0.0,0.0,0.0000,0.1914,0.0000,0.0000,0.0,0.0,0.2000,38.1,82.6,0.290,0,0,0,0,,,,,1082,105,,,,,SUGP2___TXN_unrelaxed_rank_002_alphafold2_multimer_v3_model_4_seed_000.pdb
SUGP2___TXN,3,5,A,B,0.0000,0.0,0.0,0.0000,0.1818,0.0000,0.0000,0.0,0.0,0.1900,36.7,87.7,0.280,0,0,0,0,,,,,1082,105,,,,,SUGP2___TXN_unrelaxed_rank_003_alphafold2_multimer_v3_model_5_seed_000.pdb
SUGP2___TXN,4,3,A,B,0.0000,0.0,0.0,0.0000,0.1711,0.0000,0.0000,0.0,0.0,0.1900,35.6,84.9,0.250,0,0,0,0,,,,,1082,105,,,,,SUGP2___TXN_unrelaxed_rank_004_alphafold2_multimer_v3_model_3_seed_000.pdb
SUGP2___TXN,5,2,A,B,0.0000,0.0,0.0,0.0000,0.1694,0.0000,0.0000,0.0,0.0,0.1800,37.4,88.3,0.280,0,0,0,0,,,,,1082,105,,,,,SUGP2___TXN_unrelaxed_rank_005_alphafold2_multimer_v3_model_2_seed_000.pdb
SUPT5H___EDC3,1,4,A,B,0.0983,165.3,16.2,0.0148,0.7064,0.0702,0.1375,569.0,48.0,0.2300,49.6,58.2,0.290,53,48,11,11,80.4,66.8,74.8,63.1,1087,508,"[984-986,1003-1005,1014,1030,1032-1045,1049-1059,1062-1068,1070-1082]","[4-6,8-14,16,20-38,40-41,50,52-65,67]","[1037,1056-1057,1062,1064,1072-1077]","[5,28-30,33,35,56-57,59,62,64]",SUPT5H___EDC3_unrelaxed_rank_001_alphafold2_multimer_v3_model_4_seed_000.pdb
SUPT5H___EDC3,2,3,A,B,0.0000,0.0,0.0,0.0000,0.3836,0.0000,0.0000,0.0,0.0,0.2100,52.2,60.3,0.310,0,0,0,0,,,,,1087,508,,,,,SUPT5H___EDC3_unrelaxed_rank_002_alphafold2_multimer_v3_model_3_seed_000.pdb
SUPT5H___EDC3,3,1,A,B,0.0000,0.0,0.0,0.0000,0.2493,0.0000,0.0000,0.0,0.0,0.1900,50.4,60.7,0.300,0,0,0,0,,,,,1087,508,,,,,SUPT5H___EDC3_unrelaxed_rank_003_alphafold2_multimer_v3_model_1_seed_000.pdb
SUPT5H___EDC3,4,2,A,B,0.0000,0.0,0.0,0.0000,0.2150,0.0000,0.0000,0.0,0.0,0.1800,50.4,60.9,0.300,0,0,0,0,,,,,1087,508,,,,,SUPT5H___EDC3_unrelaxed_rank_004_alphafold2_multimer_v3_model_2_seed_000.pdb
SUPT5H___EDC3,5,5,A,B,0.0000,0.0,0.0,0.0000,0.2004,0.0000,0.0000,0.0,0.0,0.1700,51.2,60.3,0.300,0,0,0,0,,,,,1087,508,,,,,SUPT5H___EDC3_unrelaxed_rank_005_alphafold2_multimer_v3_model_5_seed_000.pdb
TLE3___PDK1,1,1,A,B,0.2281,3306.8,754.2,0.2883,0.9011,0.1434,0.3628,74388.0,147.0,0.6100,54.0,80.3,0.560,336,361,37,42,90.7,89.2,71.9,78.1,772,436,"[57-72,448-454,458-464,466-517,519-772]","[44-65,72-127,129-202,215-343,351-430]","[61,63-70,72,555,557,567-571,575,589-590,602,604-613,615,647-651]","[98-99,150,153-154,168,170-173,192,196,218,231,239,269-272,274-275,278-279,357-358,361,365,412-418,420-424,427-428,430]",TLE3___PDK1_unrelaxed_rank_001_alphafold2_multimer_v3_model_1_seed_000.pdb
TLE3___PDK1,2,4,A,B,0.2010,2106.9,423.4,0.0772,0.7411,0.1504,0.2686,31043.0,143.0,0.5600,53.4,80.5,0.530,339,370,49,44,89.5,87.4,78.0,73.8,772,436,"[53-78,447-452,458-464,466-468,471-515,521-772]","[1-11,44-66,72-203,215-294,297-341,353-431]","[59,62-67,69,71,74,78,490,534,536,552,560,569-570,578,580,589-590,596,602,604-613,615,619-620,622,638,647-651,702,704,720,743,745]","[2-4,7,10,98-99,146,150-151,153-154,170-173,192,196,199-200,215,218,235,239,242,269-271,274-275,278,412-418,421-425,428]",TLE3___PDK1_unrelaxed_rank_002_alphafold2_multimer_v3_model_4_seed_000.pdb
TLE3___PDK1,3,2,A,B,0.1749,660.9,115.6,0.0155,0.6715,0.1538,0.1989,6824.0,64.0,0.3700,53.7,77.1,0.430,325,314,29,25,89.9,88.0,76.0,69.3,772,436,"[55-75,447-452,458-461,463-464,467-468,472-514,522-562,566-687,689-772]","[1-12,46-65,71-125,127,129,131-166,173-202,215-258,262-292,298-335,357-402]","[62-63,65-67,69,71,73-74,488,490,534,552,578,580,620,622,638,661,663,679,702,704,719-720,742-743,745,761]","[2-4,6-11,150-151,153-154,192,196,200,218,235,239,270-272,274-275,278]",TLE3___PDK1_unrelaxed_rank_003_alphafold2_multimer_v3_model_2_seed_000.pdb
TLE3___PDK1,4,3,A,B,0.0620,195.3,12.1,0.0130,0.5932,0.0537,0.0716,2384.0,16.0,0.3400,54.9,78.5,0.440,283,22,14,8,93.3,46.1,89.8,43.3,772,436,"[447-452,460-461,463,472-475,477-495,500-514,522-562,566-614,616-627,629-648,652-669,673-687,692-772]","[1-10,414-425]","[490,552,580,589,596,604,607,611,620,622,638,679,702,745]","[2-4,6-7,416,418,420]",TLE3___PDK1_unrelaxed_rank_004_alphafold2_multimer_v3_model_3_seed_000.pdb
TLE3___PDK1,5,5,A,B,0.0277,108.4,3.0,0.0109,0.5134,0.0243,0.0317,691.0,17.0,0.2000,53.8,76.8,0.400,217,8,13,5,93.1,28.4,89.3,28.3,772,436,"[448-452,460-461,463,473-475,478-479,481-483,485-495,500-504,506,508-513,523-527,531-536,538-539,541,546-549,551-552,556-561,568-573,576-585,588,590-592,595-605,608,610-612,614,617,619-626,632-635,638-643,645-647,654-666,668,673-679,682-687,692-704,706,709,711,713-728,731,733-737,739-745,747-750,753,755-771]",[2-9],"[488,490,534,580,620,638,661,663,704,720,743,745,761]","[2-3,6-7,9]",TLE3___PDK1_unrelaxed_rank_005_alphafold2_multimer_v3_model_5_seed_000.pdb
TLE3___STIP1,1,4,A,B,0.0000,0.0,0.0,0.0000,0.4432,0.0088,0.0000,4.0,0.0,0.2600,52.8,79.3,0.390,4,3,0,0,88.5,87.9,,,772,543,"[535,553,578,595]","[297,304,308]",,,TLE3___STIP1_unrelaxed_rank_001_alphafold2_multimer_v3_model_4_seed_000.pdb
TLE3___STIP1,2,2,A,B,0.1707,581.5,99.3,0.0208,0.7657,0.1783,0.1634,3597.0,94.0,0.2600,54.6,81.7,0.370,327,127,38,24,92.0,83.8,82.6,66.6,772,543,"[231-242,447-453,457-468,471-515,521-563,565-772]","[3-119,197-206]","[233-235,237-240,487-490,505,534,536,552,577-578,580-581,596-598,619-620,622-623,638,661,663,679,702,704,720,742-743,745,760-761]","[45-46,49-50,76-77,79-80,83-84,106-107,110-111,114,197-199,201-206]",TLE3___STIP1_unrelaxed_rank_002_alphafold2_multimer_v3_model_2_seed_000.pdb
TLE3___STIP1,3,5,A,B,0.0000,0.0,0.0,0.0000,0.4740,0.0114,0.0000,24.0,0.0,0.2500,54.0,80.1,0.390,13,8,0,0,91.2,81.8,,,772,543,"[534-537,552,579,581,594,596,598,623,662,744]","[297,299-302,304,328-329]",,,TLE3___STIP1_unrelaxed_rank_003_alphafold2_multimer_v3_model_5_seed_000.pdb
TLE3___STIP1,4,3,A,B,0.0000,0.0,0.0,0.0000,0.2437,0.0000,0.0000,0.0,0.0,0.2100,54.7,79.2,0.370,0,0,0,0,,,,,772,543,,,,,TLE3___STIP1_unrelaxed_rank_004_alphafold2_multimer_v3_model_3_seed_000.pdb
TLE3___STIP1,5,1,A,B,0.0941,238.2,22.4,0.0149,0.7160,0.0780,0.1135,1576.0,36.0,0.2100,52.9,78.5,0.370,299,9,22,8,92.7,33.1,90.8,33.3,772,543,"[448-452,458-461,463,468,472-496,498-514,521-562,565-648,650-670,673-687,689-772]",[196-204],"[488-490,505,534,536,551-552,578,580,596,620,622,663,704,720,742-745,760-761]","[196-202,204]",TLE3___STIP1_unrelaxed_rank_005_alphafold2_multimer_v3_model_1_seed_000.pdb
TXN___LUC7L2,1,3,A,B,0.0000,0.0,0.0,0.0000,0.1307,0.0000,0.0000,0.0,0.0,0.2100,85.4,60.2,0.470,0,0,0,0,,,,,105,392,,,,,TXN___LUC7L2_unrelaxed_rank_001_alphafold2_multimer_v3_model_3_seed_000.pdb
TXN___LUC7L2,2,4,A,B,0.0000,0.0,0.0,0.0000,0.1093,0.0000,0.0000,0.0,0.0,0.1400,81.4,61.5,0.470,0,0,0,0,,,,,105,392,,,,,TXN___LUC7L2_unrelaxed_rank_002_alphafold2_multimer_v3_model_4_seed_000.pdb
TXN___LUC7L2,3,1,A,B,0.0000,0.0,0.0,0.0000,0.1295,0.0000,0.0000,0.0,0.0,0.1400,84.9,63.4,0.480,0,0,0,0,,,,,105,392,,,,,TXN___LUC7L2_unrelaxed_rank_003_alphafold2_multimer_v3_model_1_seed_000.pdb
TXN___LUC7L2,4,2,A,B,0.0000,0.0,0.0,0.0000,0.1101,0.0000,0.0000,0.0,0.0,0.1400,86.9,59.3,0.430,0,0,0,0,,,,,105,392,,,,,TXN___LUC7L2_unrelaxed_rank_004_alphafold2_multimer_v3_model_2_seed_000.pdb
TXN___LUC7L2,5,5,A,B,0.0000,0.0,0.0,0.0000,0.1085,0.0000,0.0000,0.0,0.0,0.1100,86.0,60.2,0.470,0,0,0,0,,,,,105,392,,,,,TXN___LUC7L2_unrelaxed_rank_005_alphafold2_multimer_v3_model_5_seed_000.pdb
TXN___ZNF503,1,1,A,B,0.0680,97.1,6.6,0.0124,0.4152,0.0654,0.0707,337.0,28.0,0.4300,94.1,26.1,0.260,100,9,12,6,94.1,38.7,89.8,40.6,105,646,"[2-3,5-18,21-104]",[425-433],"[29,32,35,59,66,71-75,90,92]","[426-430,432]",TXN___ZNF503_unrelaxed_rank_001_alphafold2_multimer_v3_model_1_seed_000.pdb
TXN___ZNF503,2,2,A,B,0.0675,108.0,7.3,0.0130,0.4648,0.0605,0.0754,389.0,30.0,0.4200,94.8,23.3,0.250,99,9,13,7,94.8,41.2,88.8,42.7,105,646,"[2-8,10-18,20-38,40-81,83-104]",[426-434],"[29,31-35,59,66,71-75]",[426-432],TXN___ZNF503_unrelaxed_rank_002_alphafold2_multimer_v3_model_2_seed_000.pdb
TXN___ZNF503,3,4,A,B,0.0184,19.2,0.4,0.0000,0.4131,0.0192,0.0177,41.0,9.0,0.3300,93.7,24.9,0.240,22,7,7,4,89.9,41.4,87.2,42.0,105,646,"[23,29,31,34-37,59,61,65,70,72-76,88,90,92-95]","[428-433,435]","[31,34-35,73-75,92]",[428-431],TXN___ZNF503_unrelaxed_rank_003_alphafold2_multimer_v3_model_4_seed_000.pdb
TXN___ZNF503,4,3,A,B,0.0000,0.0,0.0,0.0000,0.2075,0.0000,0.0000,0.0,0.0,0.1800,93.8,24.9,0.240,0,0,0,0,,,,,105,646,,,,,TXN___ZNF503_unrelaxed_rank_004_alphafold2_multimer_v3_model_3_seed_000.pdb
TXN___ZNF503,5,5,A,B,0.0000,0.0,0.0,0.0000,0.1714,0.0000,0.0000,0.0,0.0,0.1600,94.5,24.9,0.230,0,0,0,0,,,,,105,646,,,,,TXN___ZNF503_unrelaxed_rank_005_alphafold2_multimer_v3_model_5_seed_000.pdb
XRN2___AGAP3,1,3,A,B,0.0174,16.7,0.3,0.0116,0.5675,0.0251,0.0121,139.0,2.0,0.4000,67.4,51.4,0.500,84,7,2,1,90.2,42.2,84.3,36.2,950,875,"[6-10,12,14-15,18,48,51-52,54,100,175-176,179,193,203,205,207-208,212,214,216,228,237,242,251,302-305,307-315,317-318,324,330-341,357-358,360,362-367,384,388,542,547-549,553,563,594-598,657,684-685,753,766]",[363-369],"[313,315]",[364],XRN2___AGAP3_unrelaxed_rank_001_alphafold2_multimer_v3_model_3_seed_000.pdb
XRN2___AGAP3,2,5,A,B,0.0000,0.0,0.0,0.0000,0.3724,0.0000,0.0000,0.0,0.0,0.3100,68.1,51.5,0.510,0,0,0,0,,,,,950,875,,,,,XRN2___AGAP3_unrelaxed_rank_002_alphafold2_multimer_v3_model_5_seed_000.pdb
XRN2___AGAP3,3,2,A,B,0.0000,0.0,0.0,0.0000,0.2701,0.0000,0.0000,0.0,0.0,0.2100,69.1,53.9,0.490,0,0,0,0,,,,,950,875,,,,,XRN2___AGAP3_unrelaxed_rank_003_alphafold2_multimer_v3_model_2_seed_000.pdb
XRN2___AGAP3,4,4,A,B,0.0000,0.0,0.0,0.0000,0.2278,0.0000,0.0000,0.0,0.0,0.2100,68.5,50.7,0.490,0,0,0,0,,,,,950,875,,,,,XRN2___AGAP3_unrelaxed_rank_004_alphafold2_multimer_v3_model_4_seed_000.pdb
XRN2___AGAP3,5,1,A,B,0.0000,0.0,0.0,0.0000,0.2134,0.0000,0.0000,0.0,0.0,0.2000,68.2,49.0,0.490,0,0,0,0,,,,,950,875,,,,,XRN2___AGAP3_unrelaxed_rank_005_alphafold2_multimer_v3_model_1_seed_000.pdb
XRN2___PDK1,1,1,A,B,0.0226,33.3,0.8,0.0121,0.5159,0.0154,0.0332,158.0,7.0,0.3800,69.2,72.5,0.570,8,95,5,6,33.5,87.6,34.0,85.1,950,436,[829-836],"[54,57,73,76-77,79-80,82-89,92,109,112-113,115-117,120,122,134-144,146-147,149-150,154-156,158-160,177-179,183,193,196,200,218-229,231,234,263-267,269-272,275-277,286-287,289-290,300,303,305-307,310-313,367,369,376,383]","[830-832,834,836]","[150,228,231,269,271,275]",XRN2___PDK1_unrelaxed_rank_001_alphafold2_multimer_v3_model_1_seed_000.pdb
XRN2___PDK1,2,2,A,B,0.0000,0.0,0.0,0.0000,0.3128,0.0000,0.0000,0.0,0.0,0.2900,69.7,73.2,0.590,0,0,0,0,,,,,950,436,,,,,XRN2___PDK1_unrelaxed_rank_002_alphafold2_multimer_v3_model_2_seed_000.pdb
XRN2___PDK1,3,5,A,B,0.0000,0.0,0.0,0.0000,0.2345,0.0000,0.0000,0.0,0.0,0.2700,69.4,72.8,0.590,0,0,0,0,,,,,950,436,,,,,XRN2___PDK1_unrelaxed_rank_003_alphafold2_multimer_v3_model_5_seed_000.pdb
XRN2___PDK1,4,4,A,B,0.0000,0.0,0.0,0.0000,0.2183,0.0000,0.0000,0.0,0.0,0.2300,69.5,70.4,0.580,0,0,0,0,,,,,950,436,,,,,XRN2___PDK1_unrelaxed_rank_004_alphafold2_multimer_v3_model_4_seed_000.pdb
XRN2___PDK1,5,3,A,B,0.0000,0.0,0.0,0.0000,0.2354,0.0000,0.0000,0.0,0.0,0.2300,67.9,71.3,0.570,0,0,0,0,,,,,950,436,,,,,XRN2___PDK1_unrelaxed_rank_005_alphafold2_multimer_v3_model_3_seed_000.pdb
XRN2___RAVER1,1,2,A,B,0.0000,0.0,0.0,0.0000,0.1930,0.0000,0.0000,0.0,0.0,0.1900,69.6,49.2,0.520,0,0,0,0,,,,,950,606,,,,,XRN2___RAVER1_unrelaxed_rank_001_alphafold2_multimer_v3_model_2_seed_000.pdb
XRN2___RAVER1,2,4,A,B,0.0000,0.0,0.0,0.0000,0.1945,0.0000,0.0000,0.0,0.0,0.1900,69.0,48.5,0.520,0,0,0,0,,,,,950,606,,,,,XRN2___RAVER1_unrelaxed_rank_002_alphafold2_multimer_v3_model_4_seed_000.pdb
XRN2___RAVER1,3,1,A,B,0.0000,0.0,0.0,0.0000,0.2200,0.0000,0.0000,0.0,0.0,0.1900,68.0,48.1,0.510,0,0,0,0,,,,,950,606,,,,,XRN2___RAVER1_unrelaxed_rank_003_alphafold2_multimer_v3_model_1_seed_000.pdb
XRN2___RAVER1,4,5,A,B,0.0000,0.0,0.0,0.0000,0.1921,0.0000,0.0000,0.0,0.0,0.1800,69.6,49.1,0.520,0,0,0,0,,,,,950,606,,,,,XRN2___RAVER1_unrelaxed_rank_004_alphafold2_multimer_v3_model_5_seed_000.pdb
XRN2___RAVER1,5,3,A,B,0.0000,0.0,0.0,0.0000,0.1799,0.0000,0.0000,0.0,0.0,0.1800,68.9,49.7,0.510,0,0,0,0,,,,,950,606,,,,,XRN2___RAVER1_unrelaxed_rank_005_alphafold2_multimer_v3_model_3_seed_000.pdb
XRN2___STIP1,1,1,A,B,0.0000,0.0,0.0,0.0000,0.4286,0.0244,0.0000,8.0,0.0,0.2400,69.8,68.4,0.550,1,8,0,0,51.6,77.5,,,950,543,[281],"[369,373,375,379,395,402,406,429]",,,XRN2___STIP1_unrelaxed_rank_001_alphafold2_multimer_v3_model_1_seed_000.pdb
XRN2___STIP1,2,3,A,B,0.0000,0.0,0.0,0.0000,0.2432,0.0000,0.0000,0.0,0.0,0.2000,68.1,69.3,0.540,0,0,0,0,,,,,950,543,,,,,XRN2___STIP1_unrelaxed_rank_002_alphafold2_multimer_v3_model_3_seed_000.pdb
XRN2___STIP1,3,2,A,B,0.0000,0.0,0.0,0.0000,0.1729,0.0000,0.0000,0.0,0.0,0.1800,69.9,71.2,0.540,0,0,0,0,,,,,950,543,,,,,XRN2___STIP1_unrelaxed_rank_003_alphafold2_multimer_v3_model_2_seed_000.pdb
XRN2___STIP1,4,4,A,B,0.0000,0.0,0.0,0.0000,0.1770,0.0000,0.0000,0.0,0.0,0.1700,68.7,69.1,0.530,0,0,0,0,,,,,950,543,,,,,XRN2___STIP1_unrelaxed_rank_004_alphafold2_multimer_v3_model_4_seed_000.pdb
XRN2___STIP1,5,5,A,B,0.0000,0.0,0.0,0.0000,0.1687,0.0000,0.0000,0.0,0.0,0.1700,69.2,72.7,0.540,0,0,0,0,,,,,950,543,,,,,XRN2___STIP1_unrelaxed_rank_005_alphafold2_multimer_v3_model_5_seed_000.pdb
ZFR___EDC3,1,5,A,B,0.0000,0.0,0.0,0.0000,0.3778,0.0000,0.0000,0.0,0.0,0.2800,44.2,60.2,0.350,0,0,0,0,,,,,1074,508,,,,,ZFR___EDC3_unrelaxed_rank_001_alphafold2_multimer_v3_model_5_seed_000.pdb
ZFR___EDC3,2,4,A,B,0.0676,225.7,15.2,0.0141,0.6367,0.0687,0.0665,1756.0,29.0,0.2300,43.7,61.5,0.330,228,17,13,9,89.8,39.4,85.9,41.5,1074,508,"[723-724,726-763,784-837,840-856,860-872,894-916,919-920,922-936,938-939,942-957,964,967-976,988-991,994-999,1002-1003,1005-1021,1025-1030]",[185-201],"[749,752-753,755-756,759-760,786-789,811,870]","[190-194,196,198-200]",ZFR___EDC3_unrelaxed_rank_002_alphafold2_multimer_v3_model_4_seed_000.pdb
ZFR___EDC3,3,1,A,B,0.0185,8.5,0.2,0.0000,0.5671,0.0127,0.0269,36.0,2.0,0.2200,44.8,62.3,0.340,26,6,2,1,92.0,37.2,91.0,38.8,1074,508,"[743,750-752,754-755,758-759,761,785,788,807,809-810,812,824,831,862,865,899,902,905,907-908,914,928]","[192,196-200]","[755,759]",[192],ZFR___EDC3_unrelaxed_rank_003_alphafold2_multimer_v3_model_1_seed_000.pdb
ZFR___EDC3,4,3,A,B,0.0000,0.0,0.0,0.0000,0.1948,0.0000,0.0000,0.0,0.0,0.1800,44.4,60.2,0.320,0,0,0,0,,,,,1074,508,,,,,ZFR___EDC3_unrelaxed_rank_004_alphafold2_multimer_v3_model_3_seed_000.pdb
ZFR___EDC3,5,2,A,B,0.0000,0.0,0.0,0.0000,0.1640,0.0000,0.0000,0.0,0.0,0.1800,45.6,61.9,0.320,0,0,0,0,,,,,1074,508,,,,,ZFR___EDC3_unrelaxed_rank_005_alphafold2_multimer_v3_model_2_seed_000.pdb
ZNF503___FUBP3,1,2,A,B,0.0000,0.0,0.0,0.0000,0.1455,0.0000,0.0000,0.0,0.0,0.1600,21.0,55.1,0.210,0,0,0,0,,,,,646,572,,,,,ZNF503___FUBP3_unrelaxed_rank_001_alphafold2_multimer_v3_model_2_seed_000.pdb
ZNF503___FUBP3,2,1,A,B,0.0000,0.0,0.0,0.0000,0.1541,0.0000,0.0000,0.0,0.0,0.1500,21.8,52.5,0.210,0,0,0,0,,,,,646,572,,,,,ZNF503___FUBP3_unrelaxed_rank_002_alphafold2_multimer_v3_model_1_seed_000.pdb
ZNF503___FUBP3,3,3,A,B,0.0000,0.0,0.0,0.0000,0.1646,0.0000,0.0000,0.0,0.0,0.1500,19.0,50.1,0.200,0,0,0,0,,,,,646,572,,,,,ZNF503___FUBP3_unrelaxed_rank_003_alphafold2_multimer_v3_model_3_seed_000.pdb
ZNF503___FUBP3,4,5,A,B,0.0000,0.0,0.0,0.0000,0.1278,0.0000,0.0000,0.0,0.0,0.1400,20.5,53.9,0.200,0,0,0,0,,,,,646,572,,,,,ZNF503___FUBP3_unrelaxed_rank_004_alphafold2_multimer_v3_model_5_seed_000.pdb
ZNF503___FUBP3,5,4,A,B,0.0000,0.0,0.0,0.0000,0.1709,0.0000,0.0000,0.0,0.0,0.1400,19.8,53.3,0.190,0,0,0,0,,,,,646,572,,,,,ZNF503___FUBP3_unrelaxed_rank_005_alphafold2_multimer_v3_model_4_seed_000.pdb
