name,rank,model,chain_i,chain_j,iLIS,iLIA,iLISA,ipSAE,actifpTM,LIS,cLIS,LIA,cLIA,ipTM,pLDDT_i,pLDDT_j,pTM,LIR_i,LIR_j,cLIR_i,cLIR_j,LIpLDDT_i,LIpLDDT_j,cLIpLDDT_i,cLIpLDDT_j,len_i,len_j,LIR_indices_i,LIR_indices_j,cLIR_indices_i,cLIR_indices_j,structure_file
AGAP3___SF3A3,1,2,A,B,0.0000,0.0,0.0,0.0000,0.3905,0.0000,0.0000,0.0,0.0,0.2000,59.0,70.6,0.310,0,0,0,0,,,,,875,501,,,,,AGAP3___SF3A3_unrelaxed_rank_001_alphafold2_multimer_v3_model_2_seed_000.pdb
AGAP3___SF3A3,2,4,A,B,0.0000,0.0,0.0,0.0000,0.3798,0.0000,0.0000,0.0,0.0,0.1700,58.4,68.4,0.310,0,0,0,0,,,,,875,501,,,,,AGAP3___SF3A3_unrelaxed_rank_002_alphafold2_multimer_v3_model_4_seed_000.pdb
AGAP3___SF3A3,3,1,A,B,0.0000,0.0,0.0,0.0000,0.2011,0.0000,0.0000,0.0,0.0,0.1700,56.9,69.4,0.310,0,0,0,0,,,,,875,501,,,,,AGAP3___SF3A3_unrelaxed_rank_003_alphafold2_multimer_v3_model_1_seed_000.pdb
AGAP3___SF3A3,4,5,A,B,0.0000,0.0,0.0,0.0000,0.1518,0.0000,0.0000,0.0,0.0,0.1700,58.5,71.1,0.320,0,0,0,0,,,,,875,501,,,,,AGAP3___SF3A3_unrelaxed_rank_004_alphafold2_multimer_v3_model_5_seed_000.pdb
AGAP3___SF3A3,5,3,A,B,0.0000,0.0,0.0,0.0000,0.1974,0.0000,0.0000,0.0,0.0,0.1500,58.1,71.7,0.310,0,0,0,0,,,,,875,501,,,,,AGAP3___SF3A3_unrelaxed_rank_005_alphafold2_multimer_v3_model_3_seed_000.pdb
ATP5PD___FUBP1,1,3,A,B,0.0000,0.0,0.0,0.0000,0.1323,0.0000,0.0000,0.0,0.0,0.1400,63.9,42.9,0.220,0,0,0,0,,,,,161,644,,,,,ATP5PD___FUBP1_unrelaxed_rank_001_alphafold2_multimer_v3_model_3_seed_000.pdb
ATP5PD___FUBP1,2,1,A,B,0.0000,0.0,0.0,0.0000,0.1502,0.0000,0.0000,0.0,0.0,0.1400,38.8,43.6,0.200,0,0,0,0,,,,,161,644,,,,,ATP5PD___FUBP1_unrelaxed_rank_002_alphafold2_multimer_v3_model_1_seed_000.pdb
ATP5PD___FUBP1,3,5,A,B,0.0000,0.0,0.0,0.0000,0.1205,0.0000,0.0000,0.0,0.0,0.1400,61.0,45.0,0.210,0,0,0,0,,,,,161,644,,,,,ATP5PD___FUBP1_unrelaxed_rank_003_alphafold2_multimer_v3_model_5_seed_000.pdb
ATP5PD___FUBP1,4,4,A,B,0.0000,0.0,0.0,0.0000,0.1384,0.0000,0.0000,0.0,0.0,0.1400,42.3,41.6,0.190,0,0,0,0,,,,,161,644,,,,,ATP5PD___FUBP1_unrelaxed_rank_004_alphafold2_multimer_v3_model_4_seed_000.pdb
ATP5PD___FUBP1,5,2,A,B,0.0000,0.0,0.0,0.0000,0.1176,0.0000,0.0000,0.0,0.0,0.1300,55.1,44.7,0.190,0,0,0,0,,,,,161,644,,,,,ATP5PD___FUBP1_unrelaxed_rank_005_alphafold2_multimer_v3_model_2_seed_000.pdb
ATP5PD___PCCA,1,2,A,B,0.0000,0.0,0.0,0.0000,0.2465,0.0000,0.0000,0.0,0.0,0.2000,65.9,84.9,0.710,0,0,0,0,,,,,161,728,,,,,ATP5PD___PCCA_unrelaxed_rank_001_alphafold2_multimer_v3_model_2_seed_000.pdb
ATP5PD___PCCA,2,3,A,B,0.0000,0.0,0.0,0.0000,0.2523,0.0000,0.0000,0.0,0.0,0.2000,68.6,82.8,0.710,0,0,0,0,,,,,161,728,,,,,ATP5PD___PCCA_unrelaxed_rank_002_alphafold2_multimer_v3_model_3_seed_000.pdb
ATP5PD___PCCA,3,1,A,B,0.0000,0.0,0.0,0.0000,0.1750,0.0000,0.0000,0.0,0.0,0.1900,48.7,84.2,0.700,0,0,0,0,,,,,161,728,,,,,ATP5PD___PCCA_unrelaxed_rank_003_alphafold2_multimer_v3_model_1_seed_000.pdb
ATP5PD___PCCA,4,5,A,B,0.0000,0.0,0.0,0.0000,0.2401,0.0000,0.0000,0.0,0.0,0.1700,66.2,83.4,0.700,0,0,0,0,,,,,161,728,,,,,ATP5PD___PCCA_unrelaxed_rank_004_alphafold2_multimer_v3_model_5_seed_000.pdb
ATP5PD___PCCA,5,4,A,B,0.0000,0.0,0.0,0.0000,0.2065,0.0000,0.0000,0.0,0.0,0.1700,65.8,82.5,0.690,0,0,0,0,,,,,161,728,,,,,ATP5PD___PCCA_unrelaxed_rank_005_alphafold2_multimer_v3_model_4_seed_000.pdb
ATXN2L___DHX15,1,3,A,B,0.0000,0.0,0.0,0.0000,0.3411,0.0000,0.0000,0.0,0.0,0.3100,22.4,77.1,0.450,0,0,0,0,,,,,1075,795,,,,,ATXN2L___DHX15_unrelaxed_rank_001_alphafold2_multimer_v3_model_3_seed_000.pdb
ATXN2L___DHX15,2,4,A,B,0.0000,0.0,0.0,0.0000,0.3038,0.0000,0.0000,0.0,0.0,0.2900,20.8,74.8,0.440,0,0,0,0,,,,,1075,795,,,,,ATXN2L___DHX15_unrelaxed_rank_002_alphafold2_multimer_v3_model_4_seed_000.pdb
ATXN2L___DHX15,3,1,A,B,0.0000,0.0,0.0,0.0000,0.4043,0.0000,0.0000,0.0,0.0,0.2800,23.0,77.4,0.440,0,0,0,0,,,,,1075,795,,,,,ATXN2L___DHX15_unrelaxed_rank_003_alphafold2_multimer_v3_model_1_seed_000.pdb
ATXN2L___DHX15,4,2,A,B,0.0000,0.0,0.0,0.0000,0.3862,0.0000,0.0000,0.0,0.0,0.2800,21.9,77.5,0.440,0,0,0,0,,,,,1075,795,,,,,ATXN2L___DHX15_unrelaxed_rank_004_alphafold2_multimer_v3_model_2_seed_000.pdb
ATXN2L___DHX15,5,5,A,B,0.0000,0.0,0.0,0.0000,0.2649,0.0000,0.0000,0.0,0.0,0.2300,22.0,78.0,0.450,0,0,0,0,,,,,1075,795,,,,,ATXN2L___DHX15_unrelaxed_rank_005_alphafold2_multimer_v3_model_5_seed_000.pdb
ATXN2L___PDK1,1,4,A,B,0.0526,195.6,10.3,0.0138,0.6250,0.0531,0.0520,1821.0,21.0,0.3400,20.6,71.4,0.370,11,292,9,13,37.8,83.7,38.6,76.4,1075,436,[206-216],"[46-64,73-125,132,134-166,173,175-202,216-258,263-292,298-335,357-402]","[206-213,216]","[150,153-154,157,196,239,271,275,278-279,357-358,361]",ATXN2L___PDK1_unrelaxed_rank_001_alphafold2_multimer_v3_model_4_seed_000.pdb
ATXN2L___PDK1,2,5,A,B,0.0000,0.0,0.0,0.0000,0.3422,0.0000,0.0000,0.0,0.0,0.3200,24.3,78.0,0.370,0,0,0,0,,,,,1075,436,,,,,ATXN2L___PDK1_unrelaxed_rank_002_alphafold2_multimer_v3_model_5_seed_000.pdb
ATXN2L___PDK1,3,1,A,B,0.0163,1.4,0.0,0.0000,0.5131,0.0123,0.0217,2.0,1.0,0.3200,24.3,78.3,0.370,2,2,1,1,38.5,88.1,35.9,88.8,1075,436,[548-549],"[62,78]",[548],[78],ATXN2L___PDK1_unrelaxed_rank_003_alphafold2_multimer_v3_model_1_seed_000.pdb
ATXN2L___PDK1,4,2,A,B,0.0317,145.6,4.6,0.0111,0.5720,0.0278,0.0361,1009.0,21.0,0.3000,23.4,78.8,0.370,9,256,6,15,35.9,92.0,36.2,88.3,1075,436,"[207-213,215-216]","[46-47,49-50,52,54,57-58,61-62,72,74-96,100-124,134-163,165,176-202,216-253,264-292,298-308,310-328,330-334,357-390,397-398,400]","[207-211,213]","[150,153-154,232,235-236,239,271,274-275,278-279,282,358,361]",ATXN2L___PDK1_unrelaxed_rank_004_alphafold2_multimer_v3_model_2_seed_000.pdb
ATXN2L___PDK1,5,3,A,B,0.0000,0.0,0.0,0.0000,0.2321,0.0000,0.0000,0.0,0.0,0.2300,23.7,77.0,0.360,0,0,0,0,,,,,1075,436,,,,,ATXN2L___PDK1_unrelaxed_rank_005_alphafold2_multimer_v3_model_3_seed_000.pdb
ATXN2L___PTBP1,1,3,A,B,0.0000,0.0,0.0,0.0000,0.2834,0.0000,0.0000,0.0,0.0,0.2000,23.6,62.8,0.260,0,0,0,0,,,,,1075,557,,,,,ATXN2L___PTBP1_unrelaxed_rank_001_alphafold2_multimer_v3_model_3_seed_000.pdb
ATXN2L___PTBP1,2,2,A,B,0.0000,0.0,0.0,0.0000,0.2448,0.0000,0.0000,0.0,0.0,0.1900,23.4,66.6,0.270,0,0,0,0,,,,,1075,557,,,,,ATXN2L___PTBP1_unrelaxed_rank_002_alphafold2_multimer_v3_model_2_seed_000.pdb
ATXN2L___PTBP1,3,1,A,B,0.0000,0.0,0.0,0.0000,0.1976,0.0000,0.0000,0.0,0.0,0.1900,23.2,63.0,0.260,0,0,0,0,,,,,1075,557,,,,,ATXN2L___PTBP1_unrelaxed_rank_003_alphafold2_multimer_v3_model_1_seed_000.pdb
ATXN2L___PTBP1,4,4,A,B,0.0000,0.0,0.0,0.0000,0.2034,0.0000,0.0000,0.0,0.0,0.1900,22.5,61.6,0.260,0,0,0,0,,,,,1075,557,,,,,ATXN2L___PTBP1_unrelaxed_rank_004_alphafold2_multimer_v3_model_4_seed_000.pdb
ATXN2L___PTBP1,5,5,A,B,0.0000,0.0,0.0,0.0000,0.1466,0.0000,0.0000,0.0,0.0,0.1600,24.6,66.7,0.260,0,0,0,0,,,,,1075,557,,,,,ATXN2L___PTBP1_unrelaxed_rank_005_alphafold2_multimer_v3_model_5_seed_000.pdb
ATXN2L___RBM4,1,4,A,B,0.0000,0.0,0.0,0.0000,0.3744,0.0000,0.0000,0.0,0.0,0.1900,24.1,46.6,0.220,0,0,0,0,,,,,1075,364,,,,,ATXN2L___RBM4_unrelaxed_rank_001_alphafold2_multimer_v3_model_4_seed_000.pdb
ATXN2L___RBM4,2,1,A,B,0.0000,0.0,0.0,0.0000,0.1688,0.0000,0.0000,0.0,0.0,0.1700,24.2,46.2,0.220,0,0,0,0,,,,,1075,364,,,,,ATXN2L___RBM4_unrelaxed_rank_002_alphafold2_multimer_v3_model_1_seed_000.pdb
ATXN2L___RBM4,3,2,A,B,0.0000,0.0,0.0,0.0000,0.1744,0.0000,0.0000,0.0,0.0,0.1700,25.2,48.0,0.220,0,0,0,0,,,,,1075,364,,,,,ATXN2L___RBM4_unrelaxed_rank_003_alphafold2_multimer_v3_model_2_seed_000.pdb
ATXN2L___RBM4,4,3,A,B,0.0000,0.0,0.0,0.0000,0.1818,0.0000,0.0000,0.0,0.0,0.1600,25.2,44.1,0.210,0,0,0,0,,,,,1075,364,,,,,ATXN2L___RBM4_unrelaxed_rank_004_alphafold2_multimer_v3_model_3_seed_000.pdb
ATXN2L___RBM4,5,5,A,B,0.0000,0.0,0.0,0.0000,0.1376,0.0000,0.0000,0.0,0.0,0.1600,26.3,46.2,0.220,0,0,0,0,,,,,1075,364,,,,,ATXN2L___RBM4_unrelaxed_rank_005_alphafold2_multimer_v3_model_5_seed_000.pdb
ATXN2L___SLC3A2,1,1,A,B,0.0000,0.0,0.0,0.0000,0.2800,0.0000,0.0000,0.0,0.0,0.1900,23.7,69.4,0.370,0,0,0,0,,,,,1075,630,,,,,ATXN2L___SLC3A2_unrelaxed_rank_001_alphafold2_multimer_v3_model_1_seed_000.pdb
ATXN2L___SLC3A2,2,4,A,B,0.0000,0.0,0.0,0.0000,0.3530,0.0000,0.0000,0.0,0.0,0.1900,22.9,69.1,0.370,0,0,0,0,,,,,1075,630,,,,,ATXN2L___SLC3A2_unrelaxed_rank_002_alphafold2_multimer_v3_model_4_seed_000.pdb
ATXN2L___SLC3A2,3,2,A,B,0.0000,0.0,0.0,0.0000,0.1724,0.0000,0.0000,0.0,0.0,0.1800,23.6,70.5,0.380,0,0,0,0,,,,,1075,630,,,,,ATXN2L___SLC3A2_unrelaxed_rank_003_alphafold2_multimer_v3_model_2_seed_000.pdb
ATXN2L___SLC3A2,4,3,A,B,0.0000,0.0,0.0,0.0000,0.1689,0.0000,0.0000,0.0,0.0,0.1700,23.6,69.2,0.370,0,0,0,0,,,,,1075,630,,,,,ATXN2L___SLC3A2_unrelaxed_rank_004_alphafold2_multimer_v3_model_3_seed_000.pdb
ATXN2L___SLC3A2,5,5,A,B,0.0000,0.0,0.0,0.0000,0.1518,0.0000,0.0000,0.0,0.0,0.1700,23.9,69.0,0.370,0,0,0,0,,,,,1075,630,,,,,ATXN2L___SLC3A2_unrelaxed_rank_005_alphafold2_multimer_v3_model_5_seed_000.pdb
CCAR2___CHERP,1,2,A,B,0.0874,201.7,17.6,0.0141,0.7669,0.0735,0.1041,1356.0,30.0,0.2100,58.6,46.3,0.380,11,181,6,17,30.8,90.4,31.4,89.2,923,916,[647-657],"[124-126,128-204,206-300,303-304,306-308,310]","[647-648,651-653,655]","[168,170,173,177,212-213,216,219-220,223-224,258-260,262-263,266]",CCAR2___CHERP_unrelaxed_rank_001_alphafold2_multimer_v3_model_2_seed_000.pdb
CCAR2___CHERP,2,5,A,B,0.0486,70.1,3.4,0.0132,0.6847,0.0381,0.0620,492.0,10.0,0.2000,57.0,44.4,0.370,8,146,4,8,29.3,90.0,30.7,86.2,923,916,[648-655],"[134-135,138,140-148,154-185,187-203,207-250,252,255-270,272-274,276-296]","[649,651-653]","[168,170,216,219-220,262-263,266]",CCAR2___CHERP_unrelaxed_rank_002_alphafold2_multimer_v3_model_5_seed_000.pdb
CCAR2___CHERP,3,1,A,B,0.0208,34.5,0.7,0.0000,0.5789,0.0171,0.0253,149.0,8.0,0.2000,56.8,43.8,0.370,4,84,3,6,28.7,87.4,28.5,81.1,923,916,[652-655],"[156-161,163-170,172-177,180-183,189-193,195-197,199,201-202,208-217,219-223,225,235-240,242,244,246-248,250,256-270,273,277-278,280-281,292]","[652,654-655]","[170,216,259,262-263,266]",CCAR2___CHERP_unrelaxed_rank_003_alphafold2_multimer_v3_model_1_seed_000.pdb
CCAR2___CHERP,4,4,A,B,0.0000,0.0,0.0,0.0000,0.4679,0.0012,0.0000,1.0,0.0,0.1900,55.2,44.4,0.360,1,1,0,0,28.2,88.0,,,923,916,[652],[213],,,CCAR2___CHERP_unrelaxed_rank_004_alphafold2_multimer_v3_model_4_seed_000.pdb
CCAR2___CHERP,5,3,A,B,0.0000,0.0,0.0,0.0000,0.4571,0.0000,0.0000,0.0,0.0,0.1900,55.9,42.8,0.370,0,0,0,0,,,,,923,916,,,,,CCAR2___CHERP_unrelaxed_rank_005_alphafold2_multimer_v3_model_3_seed_000.pdb
CCAR2___DAZAP1,1,4,A,B,0.0000,0.0,0.0,0.0000,0.1893,0.0000,0.0000,0.0,0.0,0.1700,56.9,34.5,0.420,0,0,0,0,,,,,923,407,,,,,CCAR2___DAZAP1_unrelaxed_rank_001_alphafold2_multimer_v3_model_4_seed_000.pdb
CCAR2___DAZAP1,2,2,A,B,0.0000,0.0,0.0,0.0000,0.1589,0.0000,0.0000,0.0,0.0,0.1700,59.4,39.0,0.430,0,0,0,0,,,,,923,407,,,,,CCAR2___DAZAP1_unrelaxed_rank_002_alphafold2_multimer_v3_model_2_seed_000.pdb
CCAR2___DAZAP1,3,3,A,B,0.0000,0.0,0.0,0.0000,0.1778,0.0000,0.0000,0.0,0.0,0.1700,58.1,35.9,0.430,0,0,0,0,,,,,923,407,,,,,CCAR2___DAZAP1_unrelaxed_rank_003_alphafold2_multimer_v3_model_3_seed_000.pdb
CCAR2___DAZAP1,4,1,A,B,0.0000,0.0,0.0,0.0000,0.1671,0.0000,0.0000,0.0,0.0,0.1700,58.8,35.4,0.420,0,0,0,0,,,,,923,407,,,,,CCAR2___DAZAP1_unrelaxed_rank_004_alphafold2_multimer_v3_model_1_seed_000.pdb
CCAR2___DAZAP1,5,5,A,B,0.0000,0.0,0.0,0.0000,0.1785,0.0000,0.0000,0.0,0.0,0.1600,58.8,37.5,0.430,0,0,0,0,,,,,923,407,,,,,CCAR2___DAZAP1_unrelaxed_rank_005_alphafold2_multimer_v3_model_5_seed_000.pdb
CDK4___DAZAP1,1,3,A,B,0.0000,0.0,0.0,0.0000,0.2471,0.0000,0.0000,0.0,0.0,0.1900,76.6,37.8,0.430,0,0,0,0,,,,,303,407,,,,,CDK4___DAZAP1_unrelaxed_rank_001_alphafold2_multimer_v3_model_3_seed_000.pdb
CDK4___DAZAP1,2,1,A,B,0.0000,0.0,0.0,0.0000,0.1325,0.0000,0.0000,0.0,0.0,0.1600,78.8,37.9,0.450,0,0,0,0,,,,,303,407,,,,,CDK4___DAZAP1_unrelaxed_rank_002_alphafold2_multimer_v3_model_1_seed_000.pdb
CDK4___DAZAP1,3,4,A,B,0.0000,0.0,0.0,0.0000,0.1355,0.0000,0.0000,0.0,0.0,0.1500,78.0,35.0,0.450,0,0,0,0,,,,,303,407,,,,,CDK4___DAZAP1_unrelaxed_rank_003_alphafold2_multimer_v3_model_4_seed_000.pdb
CDK4___DAZAP1,4,2,A,B,0.0000,0.0,0.0,0.0000,0.1306,0.0000,0.0000,0.0,0.0,0.1400,76.9,37.5,0.430,0,0,0,0,,,,,303,407,,,,,CDK4___DAZAP1_unrelaxed_rank_004_alphafold2_multimer_v3_model_2_seed_000.pdb
CDK4___DAZAP1,5,5,A,B,0.0000,0.0,0.0,0.0000,0.1205,0.0000,0.0000,0.0,0.0,0.1300,77.2,38.5,0.430,0,0,0,0,,,,,303,407,,,,,CDK4___DAZAP1_unrelaxed_rank_005_alphafold2_multimer_v3_model_5_seed_000.pdb
CDK4___DHX15,1,4,A,B,0.0000,0.0,0.0,0.0000,0.1694,0.0000,0.0000,0.0,0.0,0.2000,69.7,77.9,0.600,0,0,0,0,,,,,303,795,,,,,CDK4___DHX15_unrelaxed_rank_001_alphafold2_multimer_v3_model_4_seed_000.pdb
CDK4___DHX15,2,3,A,B,0.0000,0.0,0.0,0.0000,0.1726,0.0000,0.0000,0.0,0.0,0.1900,72.4,78.6,0.610,0,0,0,0,,,,,303,795,,,,,CDK4___DHX15_unrelaxed_rank_002_alphafold2_multimer_v3_model_3_seed_000.pdb
CDK4___DHX15,3,2,A,B,0.0000,0.0,0.0,0.0000,0.1593,0.0000,0.0000,0.0,0.0,0.1600,72.1,77.6,0.570,0,0,0,0,,,,,303,795,,,,,CDK4___DHX15_unrelaxed_rank_003_alphafold2_multimer_v3_model_2_seed_000.pdb
CDK4___DHX15,4,5,A,B,0.0000,0.0,0.0,0.0000,0.1487,0.0000,0.0000,0.0,0.0,0.1600,71.5,78.3,0.590,0,0,0,0,,,,,303,795,,,,,CDK4___DHX15_unrelaxed_rank_004_alphafold2_multimer_v3_model_5_seed_000.pdb
CDK4___DHX15,5,1,A,B,0.0000,0.0,0.0,0.0000,0.1571,0.0000,0.0000,0.0,0.0,0.1600,70.8,76.4,0.540,0,0,0,0,,,,,303,795,,,,,CDK4___DHX15_unrelaxed_rank_005_alphafold2_multimer_v3_model_1_seed_000.pdb
CDK4___PPP1R10,1,1,A,B,0.0000,0.0,0.0,0.0000,0.3999,0.0000,0.0000,0.0,0.0,0.3200,78.9,30.9,0.340,0,0,0,0,,,,,303,940,,,,,CDK4___PPP1R10_unrelaxed_rank_001_alphafold2_multimer_v3_model_1_seed_000.pdb
CDK4___PPP1R10,2,2,A,B,0.0000,0.0,0.0,0.0000,0.2707,0.0000,0.0000,0.0,0.0,0.2500,78.7,30.9,0.330,0,0,0,0,,,,,303,940,,,,,CDK4___PPP1R10_unrelaxed_rank_002_alphafold2_multimer_v3_model_2_seed_000.pdb
CDK4___PPP1R10,3,4,A,B,0.0000,0.0,0.0,0.0000,0.2467,0.0000,0.0000,0.0,0.0,0.2300,75.9,30.9,0.330,0,0,0,0,,,,,303,940,,,,,CDK4___PPP1R10_unrelaxed_rank_003_alphafold2_multimer_v3_model_4_seed_000.pdb
CDK4___PPP1R10,4,3,A,B,0.0000,0.0,0.0,0.0000,0.2297,0.0000,0.0000,0.0,0.0,0.2200,77.5,31.4,0.330,0,0,0,0,,,,,303,940,,,,,CDK4___PPP1R10_unrelaxed_rank_004_alphafold2_multimer_v3_model_3_seed_000.pdb
CDK4___PPP1R10,5,5,A,B,0.0000,0.0,0.0,0.0000,0.2159,0.0000,0.0000,0.0,0.0,0.1900,78.1,30.8,0.330,0,0,0,0,,,,,303,940,,,,,CDK4___PPP1R10_unrelaxed_rank_005_alphafold2_multimer_v3_model_5_seed_000.pdb
CDK4___PRDX1,1,4,A,B,0.0000,0.0,0.0,0.0000,0.1185,0.0000,0.0000,0.0,0.0,0.1500,77.4,79.8,0.570,0,0,0,0,,,,,303,199,,,,,CDK4___PRDX1_unrelaxed_rank_001_alphafold2_multimer_v3_model_4_seed_000.pdb
CDK4___PRDX1,2,5,A,B,0.0000,0.0,0.0,0.0000,0.1150,0.0000,0.0000,0.0,0.0,0.1400,77.5,79.9,0.570,0,0,0,0,,,,,303,199,,,,,CDK4___PRDX1_unrelaxed_rank_002_alphafold2_multimer_v3_model_5_seed_000.pdb
CDK4___PRDX1,3,1,A,B,0.0000,0.0,0.0,0.0000,0.1329,0.0000,0.0000,0.0,0.0,0.1300,75.8,77.7,0.550,0,0,0,0,,,,,303,199,,,,,CDK4___PRDX1_unrelaxed_rank_003_alphafold2_multimer_v3_model_1_seed_000.pdb
CDK4___PRDX1,4,3,A,B,0.0000,0.0,0.0,0.0000,0.0956,0.0000,0.0000,0.0,0.0,0.1200,76.8,81.8,0.550,0,0,0,0,,,,,303,199,,,,,CDK4___PRDX1_unrelaxed_rank_004_alphafold2_multimer_v3_model_3_seed_000.pdb
CDK4___PRDX1,5,2,A,B,0.0000,0.0,0.0,0.0000,0.1021,0.0000,0.0000,0.0,0.0,0.1200,74.6,80.3,0.540,0,0,0,0,,,,,303,199,,,,,CDK4___PRDX1_unrelaxed_rank_005_alphafold2_multimer_v3_model_2_seed_000.pdb
CDK4___RPS12,1,2,A,B,0.0000,0.0,0.0,0.0000,0.1234,0.0000,0.0000,0.0,0.0,0.1400,76.5,71.9,0.610,0,0,0,0,,,,,303,132,,,,,CDK4___RPS12_unrelaxed_rank_001_alphafold2_multimer_v3_model_2_seed_000.pdb
CDK4___RPS12,2,3,A,B,0.0000,0.0,0.0,0.0000,0.0986,0.0000,0.0000,0.0,0.0,0.1300,77.3,74.4,0.620,0,0,0,0,,,,,303,132,,,,,CDK4___RPS12_unrelaxed_rank_002_alphafold2_multimer_v3_model_3_seed_000.pdb
CDK4___RPS12,3,4,A,B,0.0000,0.0,0.0,0.0000,0.0883,0.0000,0.0000,0.0,0.0,0.1200,77.3,68.8,0.630,0,0,0,0,,,,,303,132,,,,,CDK4___RPS12_unrelaxed_rank_003_alphafold2_multimer_v3_model_4_seed_000.pdb
CDK4___RPS12,4,1,A,B,0.0000,0.0,0.0,0.0000,0.1014,0.0000,0.0000,0.0,0.0,0.1100,76.4,68.4,0.610,0,0,0,0,,,,,303,132,,,,,CDK4___RPS12_unrelaxed_rank_004_alphafold2_multimer_v3_model_1_seed_000.pdb
CDK4___RPS12,5,5,A,B,0.0000,0.0,0.0,0.0000,0.0906,0.0000,0.0000,0.0,0.0,0.1100,76.0,71.1,0.620,0,0,0,0,,,,,303,132,,,,,CDK4___RPS12_unrelaxed_rank_005_alphafold2_multimer_v3_model_5_seed_000.pdb
CIZ1___EDC3,1,3,A,B,0.0000,0.0,0.0,0.0000,0.3930,0.0000,0.0000,0.0,0.0,0.2200,25.2,58.6,0.320,0,0,0,0,,,,,898,508,,,,,CIZ1___EDC3_unrelaxed_rank_001_alphafold2_multimer_v3_model_3_seed_000.pdb
CIZ1___EDC3,2,1,A,B,0.0477,4.5,0.2,0.0114,0.5198,0.0455,0.0500,5.0,4.0,0.2000,25.3,58.6,0.310,2,4,2,3,27.7,66.3,27.7,64.6,898,508,"[550,552]","[11,62-64]","[550,552]",[62-64],CIZ1___EDC3_unrelaxed_rank_002_alphafold2_multimer_v3_model_1_seed_000.pdb
CIZ1___EDC3,3,5,A,B,0.0000,0.0,0.0,0.0000,0.2316,0.0000,0.0000,0.0,0.0,0.1900,25.3,60.7,0.300,0,0,0,0,,,,,898,508,,,,,CIZ1___EDC3_unrelaxed_rank_003_alphafold2_multimer_v3_model_5_seed_000.pdb
CIZ1___EDC3,4,4,A,B,0.0000,0.0,0.0,0.0000,0.2360,0.0000,0.0000,0.0,0.0,0.1800,23.9,58.4,0.300,0,0,0,0,,,,,898,508,,,,,CIZ1___EDC3_unrelaxed_rank_004_alphafold2_multimer_v3_model_4_seed_000.pdb
CIZ1___EDC3,5,2,A,B,0.0000,0.0,0.0,0.0000,0.3092,0.0000,0.0000,0.0,0.0,0.1700,25.2,62.4,0.300,0,0,0,0,,,,,898,508,,,,,CIZ1___EDC3_unrelaxed_rank_005_alphafold2_multimer_v3_model_2_seed_000.pdb
CIZ1___GFP,1,2,A,B,0.0000,0.0,0.0,0.0000,0.1828,0.0000,0.0000,0.0,0.0,0.2500,26.0,88.3,0.310,0,0,0,0,,,,,898,238,,,,,CIZ1___GFP_unrelaxed_rank_001_alphafold2_multimer_v3_model_2_seed_000.pdb
CIZ1___GFP,2,4,A,B,0.0000,0.0,0.0,0.0000,0.2570,0.0000,0.0000,0.0,0.0,0.2400,24.0,81.8,0.310,0,0,0,0,,,,,898,238,,,,,CIZ1___GFP_unrelaxed_rank_002_alphafold2_multimer_v3_model_4_seed_000.pdb
CIZ1___GFP,3,1,A,B,0.0000,0.0,0.0,0.0000,0.1725,0.0000,0.0000,0.0,0.0,0.2100,26.2,87.0,0.310,0,0,0,0,,,,,898,238,,,,,CIZ1___GFP_unrelaxed_rank_003_alphafold2_multimer_v3_model_1_seed_000.pdb
CIZ1___GFP,4,3,A,B,0.0000,0.0,0.0,0.0000,0.1677,0.0000,0.0000,0.0,0.0,0.1900,25.6,87.7,0.310,0,0,0,0,,,,,898,238,,,,,CIZ1___GFP_unrelaxed_rank_004_alphafold2_multimer_v3_model_3_seed_000.pdb
CIZ1___GFP,5,5,A,B,0.0000,0.0,0.0,0.0000,0.1696,0.0000,0.0000,0.0,0.0,0.1800,24.7,89.0,0.300,0,0,0,0,,,,,898,238,,,,,CIZ1___GFP_unrelaxed_rank_005_alphafold2_multimer_v3_model_5_seed_000.pdb
CSTB___CDC5L,1,3,A,B,0.0000,0.0,0.0,0.0000,0.0000,0.0000,0.0000,0.0,0.0,0.1300,82.1,64.0,0.290,0,0,0,0,,,,,98,802,,,,,CSTB___CDC5L_unrelaxed_rank_001_alphafold2_multimer_v3_model_3_seed_000.pdb
CSTB___CDC5L,2,4,A,B,0.0000,0.0,0.0,0.0000,0.0000,0.0000,0.0000,0.0,0.0,0.1300,81.0,59.6,0.280,0,0,0,0,,,,,98,802,,,,,CSTB___CDC5L_unrelaxed_rank_002_alphafold2_multimer_v3_model_4_seed_000.pdb
CSTB___CDC5L,3,5,A,B,0.0000,0.0,0.0,0.0000,0.0000,0.0000,0.0000,0.0,0.0,0.1200,83.7,61.2,0.290,0,0,0,0,,,,,98,802,,,,,CSTB___CDC5L_unrelaxed_rank_003_alphafold2_multimer_v3_model_5_seed_000.pdb
CSTB___CDC5L,4,1,A,B,0.0000,0.0,0.0,0.0000,0.0000,0.0000,0.0000,0.0,0.0,0.1200,79.4,64.3,0.280,0,0,0,0,,,,,98,802,,,,,CSTB___CDC5L_unrelaxed_rank_004_alphafold2_multimer_v3_model_1_seed_000.pdb
CSTB___CDC5L,5,2,A,B,0.0000,0.0,0.0,0.0000,0.0000,0.0000,0.0000,0.0,0.0,0.1200,79.6,61.1,0.260,0,0,0,0,,,,,98,802,,,,,CSTB___CDC5L_unrelaxed_rank_005_alphafold2_multimer_v3_model_2_seed_000.pdb
CSTB___SLC3A2,1,4,A,B,0.0000,0.0,0.0,0.0000,0.2005,0.0000,0.0000,0.0,0.0,0.2900,53.3,68.8,0.620,0,0,0,0,,,,,98,630,,,,,CSTB___SLC3A2_unrelaxed_rank_001_alphafold2_multimer_v3_model_4_seed_000.pdb
CSTB___SLC3A2,2,2,A,B,0.0000,0.0,0.0,0.0000,0.0000,0.0000,0.0000,0.0,0.0,0.2000,71.6,69.9,0.610,0,0,0,0,,,,,98,630,,,,,CSTB___SLC3A2_unrelaxed_rank_002_alphafold2_multimer_v3_model_2_seed_000.pdb
CSTB___SLC3A2,3,3,A,B,0.0000,0.0,0.0,0.0000,0.1340,0.0000,0.0000,0.0,0.0,0.1900,64.3,69.1,0.610,0,0,0,0,,,,,98,630,,,,,CSTB___SLC3A2_unrelaxed_rank_003_alphafold2_multimer_v3_model_3_seed_000.pdb
CSTB___SLC3A2,4,5,A,B,0.0000,0.0,0.0,0.0000,0.1279,0.0000,0.0000,0.0,0.0,0.1900,64.6,68.4,0.610,0,0,0,0,,,,,98,630,,,,,CSTB___SLC3A2_unrelaxed_rank_004_alphafold2_multimer_v3_model_5_seed_000.pdb
CSTB___SLC3A2,5,1,A,B,0.0000,0.0,0.0,0.0000,0.1264,0.0000,0.0000,0.0,0.0,0.1600,58.5,69.3,0.600,0,0,0,0,,,,,98,630,,,,,CSTB___SLC3A2_unrelaxed_rank_005_alphafold2_multimer_v3_model_1_seed_000.pdb
DDX17___CHERP,1,1,A,B,0.0000,0.0,0.0,0.0000,0.3022,0.0000,0.0000,0.0,0.0,0.2200,60.0,44.4,0.370,0,0,0,0,,,,,729,916,,,,,DDX17___CHERP_unrelaxed_rank_001_alphafold2_multimer_v3_model_1_seed_000.pdb
DDX17___CHERP,2,3,A,B,0.0000,0.0,0.0,0.0000,0.3202,0.0000,0.0000,0.0,0.0,0.2100,59.3,45.5,0.390,0,0,0,0,,,,,729,916,,,,,DDX17___CHERP_unrelaxed_rank_002_alphafold2_multimer_v3_model_3_seed_000.pdb
DDX17___CHERP,3,5,A,B,0.0000,0.0,0.0,0.0000,0.5013,0.0182,0.0000,3.0,0.0,0.2100,60.2,45.5,0.380,2,2,0,0,28.3,90.9,,,729,916,"[71,74]","[213,258]",,,DDX17___CHERP_unrelaxed_rank_003_alphafold2_multimer_v3_model_5_seed_000.pdb
DDX17___CHERP,4,4,A,B,0.0000,0.0,0.0,0.0000,0.2620,0.0000,0.0000,0.0,0.0,0.2000,59.1,44.7,0.380,0,0,0,0,,,,,729,916,,,,,DDX17___CHERP_unrelaxed_rank_004_alphafold2_multimer_v3_model_4_seed_000.pdb
DDX17___CHERP,5,2,A,B,0.0000,0.0,0.0,0.0000,0.2522,0.0000,0.0000,0.0,0.0,0.2000,60.8,46.2,0.380,0,0,0,0,,,,,729,916,,,,,DDX17___CHERP_unrelaxed_rank_005_alphafold2_multimer_v3_model_2_seed_000.pdb
DDX17___DNAJA1,1,1,A,B,0.0000,0.0,0.0,0.0000,0.2614,0.0000,0.0000,0.0,0.0,0.2100,58.9,70.3,0.380,0,0,0,0,,,,,729,397,,,,,DDX17___DNAJA1_unrelaxed_rank_001_alphafold2_multimer_v3_model_1_seed_000.pdb
DDX17___DNAJA1,2,3,A,B,0.0000,0.0,0.0,0.0000,0.1745,0.0000,0.0000,0.0,0.0,0.1600,60.1,71.4,0.430,0,0,0,0,,,,,729,397,,,,,DDX17___DNAJA1_unrelaxed_rank_002_alphafold2_multimer_v3_model_3_seed_000.pdb
DDX17___DNAJA1,3,2,A,B,0.0000,0.0,0.0,0.0000,0.1685,0.0000,0.0000,0.0,0.0,0.1600,58.3,69.0,0.360,0,0,0,0,,,,,729,397,,,,,DDX17___DNAJA1_unrelaxed_rank_003_alphafold2_multimer_v3_model_2_seed_000.pdb
DDX17___DNAJA1,4,5,A,B,0.0000,0.0,0.0,0.0000,0.1582,0.0000,0.0000,0.0,0.0,0.1500,58.4,71.4,0.360,0,0,0,0,,,,,729,397,,,,,DDX17___DNAJA1_unrelaxed_rank_004_alphafold2_multimer_v3_model_5_seed_000.pdb
DDX17___DNAJA1,5,4,A,B,0.0000,0.0,0.0,0.0000,0.1546,0.0000,0.0000,0.0,0.0,0.1500,57.7,68.1,0.370,0,0,0,0,,,,,729,397,,,,,DDX17___DNAJA1_unrelaxed_rank_005_alphafold2_multimer_v3_model_4_seed_000.pdb
DDX17___PCCA,1,5,A,B,0.0000,0.0,0.0,0.0000,0.2622,0.0000,0.0000,0.0,0.0,0.2100,55.6,80.7,0.520,0,0,0,0,,,,,729,728,,,,,DDX17___PCCA_unrelaxed_rank_001_alphafold2_multimer_v3_model_5_seed_000.pdb
DDX17___PCCA,2,3,A,B,0.0204,12.8,0.3,0.0000,0.5269,0.0185,0.0224,33.0,5.0,0.2000,58.2,82.0,0.510,33,1,5,1,89.3,41.8,86.9,41.8,729,728,"[197,210,212,214,230,233-237,255,258,286-288,302,304,306-310,330,336,338-343,345,376-377]",[548],"[230,233-236]",[548],DDX17___PCCA_unrelaxed_rank_002_alphafold2_multimer_v3_model_3_seed_000.pdb
DDX17___PCCA,3,2,A,B,0.0000,0.0,0.0,0.0000,0.2063,0.0000,0.0000,0.0,0.0,0.2000,56.7,82.2,0.510,0,0,0,0,,,,,729,728,,,,,DDX17___PCCA_unrelaxed_rank_003_alphafold2_multimer_v3_model_2_seed_000.pdb
DDX17___PCCA,4,1,A,B,0.0000,0.0,0.0,0.0000,0.2452,0.0000,0.0000,0.0,0.0,0.1900,54.5,81.8,0.510,0,0,0,0,,,,,729,728,,,,,DDX17___PCCA_unrelaxed_rank_004_alphafold2_multimer_v3_model_1_seed_000.pdb
DDX17___PCCA,5,4,A,B,0.0000,0.0,0.0,0.0000,0.1943,0.0000,0.0000,0.0,0.0,0.2000,53.9,80.3,0.510,0,0,0,0,,,,,729,728,,,,,DDX17___PCCA_unrelaxed_rank_005_alphafold2_multimer_v3_model_4_seed_000.pdb
EDC3___ANP32A,1,3,A,B,0.0000,0.0,0.0,0.0000,0.3104,0.0000,0.0000,0.0,0.0,0.2500,62.2,63.5,0.440,0,0,0,0,,,,,508,249,,,,,EDC3___ANP32A_unrelaxed_rank_001_alphafold2_multimer_v3_model_3_seed_000.pdb
EDC3___ANP32A,2,5,A,B,0.0000,0.0,0.0,0.0000,0.3203,0.0152,0.0000,54.0,0.0,0.2400,61.8,62.3,0.430,32,4,0,0,91.7,90.9,,,508,249,"[273,279,287,311,313-318,336-338,359-360,362-363,406-408,431,439-441,457-458,474,476,478,495-496,502]","[71-72,93,95]",,,EDC3___ANP32A_unrelaxed_rank_002_alphafold2_multimer_v3_model_5_seed_000.pdb
EDC3___ANP32A,3,1,A,B,0.0000,0.0,0.0,0.0000,0.3276,0.0000,0.0000,0.0,0.0,0.2400,61.9,60.9,0.430,0,0,0,0,,,,,508,249,,,,,EDC3___ANP32A_unrelaxed_rank_003_alphafold2_multimer_v3_model_1_seed_000.pdb
EDC3___ANP32A,4,2,A,B,0.0000,0.0,0.0,0.0000,0.2804,0.0065,0.0000,8.0,0.0,0.2400,62.4,63.3,0.430,7,4,0,0,92.8,92.2,,,508,249,"[311,314-315,317,357,360,407]","[48,69-71]",,,EDC3___ANP32A_unrelaxed_rank_004_alphafold2_multimer_v3_model_2_seed_000.pdb
EDC3___ANP32A,5,4,A,B,0.0000,0.0,0.0,0.0000,0.2508,0.0000,0.0000,0.0,0.0,0.2300,61.3,61.4,0.430,0,0,0,0,,,,,508,249,,,,,EDC3___ANP32A_unrelaxed_rank_005_alphafold2_multimer_v3_model_4_seed_000.pdb
EDC3___CCNT1,1,1,A,B,0.0000,0.0,0.0,0.0000,0.3432,0.0000,0.0000,0.0,0.0,0.1800,61.5,42.1,0.320,0,0,0,0,,,,,508,726,,,,,EDC3___CCNT1_unrelaxed_rank_001_alphafold2_multimer_v3_model_1_seed_000.pdb
EDC3___CCNT1,2,2,A,B,0.0000,0.0,0.0,0.0000,0.1824,0.0000,0.0000,0.0,0.0,0.1600,61.6,44.3,0.330,0,0,0,0,,,,,508,726,,,,,EDC3___CCNT1_unrelaxed_rank_002_alphafold2_multimer_v3_model_2_seed_000.pdb
EDC3___CCNT1,3,5,A,B,0.0000,0.0,0.0,0.0000,0.3643,0.0000,0.0000,0.0,0.0,0.1600,61.6,43.2,0.320,0,0,0,0,,,,,508,726,,,,,EDC3___CCNT1_unrelaxed_rank_003_alphafold2_multimer_v3_model_5_seed_000.pdb
EDC3___CCNT1,4,3,A,B,0.0000,0.0,0.0,0.0000,0.2416,0.0000,0.0000,0.0,0.0,0.1600,60.3,42.1,0.310,0,0,0,0,,,,,508,726,,,,,EDC3___CCNT1_unrelaxed_rank_004_alphafold2_multimer_v3_model_3_seed_000.pdb
EDC3___CCNT1,5,4,A,B,0.0000,0.0,0.0,0.0000,0.1807,0.0000,0.0000,0.0,0.0,0.1500,60.3,42.1,0.310,0,0,0,0,,,,,508,726,,,,,EDC3___CCNT1_unrelaxed_rank_005_alphafold2_multimer_v3_model_4_seed_000.pdb
EDC3___CDC5L,1,1,A,B,0.0000,0.0,0.0,0.0000,0.1531,0.0000,0.0000,0.0,0.0,0.1500,63.8,55.3,0.300,0,0,0,0,,,,,508,802,,,,,EDC3___CDC5L_unrelaxed_rank_001_alphafold2_multimer_v3_model_1_seed_000.pdb
EDC3___CDC5L,2,5,A,B,0.0000,0.0,0.0,0.0000,0.1555,0.0000,0.0000,0.0,0.0,0.1500,61.8,55.2,0.310,0,0,0,0,,,,,508,802,,,,,EDC3___CDC5L_unrelaxed_rank_002_alphafold2_multimer_v3_model_5_seed_000.pdb
EDC3___CDC5L,3,3,A,B,0.0000,0.0,0.0,0.0000,0.1671,0.0000,0.0000,0.0,0.0,0.1500,61.4,58.2,0.310,0,0,0,0,,,,,508,802,,,,,EDC3___CDC5L_unrelaxed_rank_003_alphafold2_multimer_v3_model_3_seed_000.pdb
EDC3___CDC5L,4,4,A,B,0.0000,0.0,0.0,0.0000,0.1759,0.0000,0.0000,0.0,0.0,0.1500,61.7,51.2,0.300,0,0,0,0,,,,,508,802,,,,,EDC3___CDC5L_unrelaxed_rank_004_alphafold2_multimer_v3_model_4_seed_000.pdb
EDC3___CDC5L,5,2,A,B,0.0000,0.0,0.0,0.0000,0.1347,0.0000,0.0000,0.0,0.0,0.1400,64.2,52.5,0.300,0,0,0,0,,,,,508,802,,,,,EDC3___CDC5L_unrelaxed_rank_005_alphafold2_multimer_v3_model_2_seed_000.pdb
EDC3___FAM50A,1,2,A,B,0.0000,0.0,0.0,0.0000,0.2321,0.0000,0.0000,0.0,0.0,0.1800,63.6,58.9,0.390,0,0,0,0,,,,,508,339,,,,,EDC3___FAM50A_unrelaxed_rank_001_alphafold2_multimer_v3_model_2_seed_000.pdb
EDC3___FAM50A,2,1,A,B,0.0000,0.0,0.0,0.0000,0.2595,0.0000,0.0000,0.0,0.0,0.1800,63.5,58.5,0.390,0,0,0,0,,,,,508,339,,,,,EDC3___FAM50A_unrelaxed_rank_002_alphafold2_multimer_v3_model_1_seed_000.pdb
EDC3___FAM50A,3,5,A,B,0.0000,0.0,0.0,0.0000,0.1872,0.0000,0.0000,0.0,0.0,0.1700,63.1,55.7,0.390,0,0,0,0,,,,,508,339,,,,,EDC3___FAM50A_unrelaxed_rank_003_alphafold2_multimer_v3_model_5_seed_000.pdb
EDC3___FAM50A,4,4,A,B,0.0000,0.0,0.0,0.0000,0.1851,0.0000,0.0000,0.0,0.0,0.1600,62.6,53.8,0.390,0,0,0,0,,,,,508,339,,,,,EDC3___FAM50A_unrelaxed_rank_004_alphafold2_multimer_v3_model_4_seed_000.pdb
EDC3___FAM50A,5,3,A,B,0.0000,0.0,0.0,0.0000,0.1844,0.0000,0.0000,0.0,0.0,0.1600,62.4,54.1,0.390,0,0,0,0,,,,,508,339,,,,,EDC3___FAM50A_unrelaxed_rank_005_alphafold2_multimer_v3_model_3_seed_000.pdb
EDC3___FUBP3,1,3,A,B,0.0000,0.0,0.0,0.0000,0.3179,0.0000,0.0000,0.0,0.0,0.1700,62.5,46.0,0.350,0,0,0,0,,,,,508,572,,,,,EDC3___FUBP3_unrelaxed_rank_001_alphafold2_multimer_v3_model_3_seed_000.pdb
EDC3___FUBP3,2,1,A,B,0.0000,0.0,0.0,0.0000,0.1916,0.0000,0.0000,0.0,0.0,0.1700,63.3,45.0,0.340,0,0,0,0,,,,,508,572,,,,,EDC3___FUBP3_unrelaxed_rank_002_alphafold2_multimer_v3_model_1_seed_000.pdb
EDC3___FUBP3,3,2,A,B,0.0000,0.0,0.0,0.0000,0.4034,0.0097,0.0000,25.0,0.0,0.1500,63.4,46.5,0.340,14,3,0,0,82.9,36.9,,,508,572,"[9,20,26,34,36,38-39,41-42,50-53,55]","[22-23,26]",,,EDC3___FUBP3_unrelaxed_rank_003_alphafold2_multimer_v3_model_2_seed_000.pdb
EDC3___FUBP3,4,4,A,B,0.0000,0.0,0.0,0.0000,0.2106,0.0000,0.0000,0.0,0.0,0.1400,62.0,43.1,0.330,0,0,0,0,,,,,508,572,,,,,EDC3___FUBP3_unrelaxed_rank_004_alphafold2_multimer_v3_model_4_seed_000.pdb
EDC3___FUBP3,5,5,A,B,0.0000,0.0,0.0,0.0000,0.1541,0.0000,0.0000,0.0,0.0,0.1400,62.7,46.8,0.330,0,0,0,0,,,,,508,572,,,,,EDC3___FUBP3_unrelaxed_rank_005_alphafold2_multimer_v3_model_5_seed_000.pdb
EDC3___SF1,1,5,A,B,0.0000,0.0,0.0,0.0000,0.3138,0.0000,0.0000,0.0,0.0,0.2400,63.3,37.8,0.350,0,0,0,0,,,,,508,639,,,,,EDC3___SF1_unrelaxed_rank_001_alphafold2_multimer_v3_model_5_seed_000.pdb
EDC3___SF1,2,4,A,B,0.0000,0.0,0.0,0.0000,0.1756,0.0000,0.0000,0.0,0.0,0.1600,62.8,32.5,0.330,0,0,0,0,,,,,508,639,,,,,EDC3___SF1_unrelaxed_rank_002_alphafold2_multimer_v3_model_4_seed_000.pdb
EDC3___SF1,3,1,A,B,0.0000,0.0,0.0,0.0000,0.1870,0.0000,0.0000,0.0,0.0,0.1600,64.5,34.8,0.330,0,0,0,0,,,,,508,639,,,,,EDC3___SF1_unrelaxed_rank_003_alphafold2_multimer_v3_model_1_seed_000.pdb
EDC3___SF1,4,2,A,B,0.0000,0.0,0.0,0.0000,0.2275,0.0000,0.0000,0.0,0.0,0.1600,64.5,35.8,0.330,0,0,0,0,,,,,508,639,,,,,EDC3___SF1_unrelaxed_rank_004_alphafold2_multimer_v3_model_2_seed_000.pdb
EDC3___SF1,5,3,A,B,0.0000,0.0,0.0,0.0000,0.1933,0.0000,0.0000,0.0,0.0,0.1500,62.4,35.1,0.330,0,0,0,0,,,,,508,639,,,,,EDC3___SF1_unrelaxed_rank_005_alphafold2_multimer_v3_model_3_seed_000.pdb
EPB41___RAVER1,1,5,A,B,0.2036,375.6,76.5,0.0798,0.8640,0.1536,0.2699,2137.0,66.0,0.3300,46.4,51.3,0.350,261,12,18,8,90.1,41.2,84.1,42.3,864,606,"[211-218,220-226,230-256,262-274,280-339,350,353-356,360-373,377-454,456-490,507,509,512-523]",[323-334],"[404-411,422,424,429-430,446,448,462-465]","[323-328,332-333]",EPB41___RAVER1_unrelaxed_rank_001_alphafold2_multimer_v3_model_5_seed_000.pdb
EPB41___RAVER1,2,1,A,B,0.0000,0.0,0.0,0.0000,0.3418,0.0000,0.0000,0.0,0.0,0.1800,46.8,50.6,0.350,0,0,0,0,,,,,864,606,,,,,EPB41___RAVER1_unrelaxed_rank_002_alphafold2_multimer_v3_model_1_seed_000.pdb
EPB41___RAVER1,3,4,A,B,0.0000,0.0,0.0,0.0000,0.2296,0.0000,0.0000,0.0,0.0,0.1800,44.4,51.8,0.350,0,0,0,0,,,,,864,606,,,,,EPB41___RAVER1_unrelaxed_rank_003_alphafold2_multimer_v3_model_4_seed_000.pdb
EPB41___RAVER1,4,2,A,B,0.0000,0.0,0.0,0.0000,0.3060,0.0000,0.0000,0.0,0.0,0.1800,47.0,51.5,0.350,0,0,0,0,,,,,864,606,,,,,EPB41___RAVER1_unrelaxed_rank_004_alphafold2_multimer_v3_model_2_seed_000.pdb
EPB41___RAVER1,5,3,A,B,0.0000,0.0,0.0,0.0000,0.1720,0.0000,0.0000,0.0,0.0,0.1700,46.4,50.5,0.340,0,0,0,0,,,,,864,606,,,,,EPB41___RAVER1_unrelaxed_rank_005_alphafold2_multimer_v3_model_3_seed_000.pdb
FAM50A___SRSF11,1,4,A,B,0.2555,245.0,62.6,0.0274,0.7612,0.2119,0.3081,1668.0,36.0,0.2800,61.6,34.5,0.290,134,14,13,8,88.4,51.2,84.7,52.9,339,484,"[186-282,297-333]",[420-433],"[204,206,208-210,212,276,302-304,318-320]","[421,423,425,428-432]",FAM50A___SRSF11_unrelaxed_rank_001_alphafold2_multimer_v3_model_4_seed_000.pdb
FAM50A___SRSF11,2,3,A,B,0.1842,204.9,37.7,0.0209,0.6643,0.1508,0.2250,1312.0,32.0,0.2800,64.2,35.4,0.280,128,12,11,7,87.6,51.8,81.7,53.3,339,484,"[184,186-280,301-332]",[421-432],"[204,206,208-210,212,276,302-303,319-320]","[423,425,428-432]",FAM50A___SRSF11_unrelaxed_rank_002_alphafold2_multimer_v3_model_3_seed_000.pdb
FAM50A___SRSF11,3,2,A,B,0.2319,245.8,57.0,0.0244,0.7513,0.1869,0.2879,1678.0,36.0,0.2700,67.7,37.1,0.290,140,13,11,10,90.2,50.5,86.5,50.0,339,484,"[179,181-282,297-333]",[421-433],"[204,206,208-210,212,276,302-304,320]","[421,423,425-426,428-433]",FAM50A___SRSF11_unrelaxed_rank_003_alphafold2_multimer_v3_model_2_seed_000.pdb
FAM50A___SRSF11,4,1,A,B,0.1749,230.1,40.2,0.0189,0.6910,0.1436,0.2130,1431.0,37.0,0.2700,66.7,36.5,0.290,126,13,12,10,87.2,49.9,82.9,49.2,339,484,"[186-280,299-329]",[421-433],"[204,206,208-210,212,276,302-305,320]","[421-423,425-426,428-430,432-433]",FAM50A___SRSF11_unrelaxed_rank_004_alphafold2_multimer_v3_model_1_seed_000.pdb
FAM50A___SRSF11,5,5,A,B,0.0411,62.3,2.6,0.0149,0.4883,0.0366,0.0463,353.0,11.0,0.2100,63.7,35.1,0.280,111,7,8,4,90.9,44.0,86.3,43.2,339,484,"[190-191,193-242,244,246-252,254-274,276,278-280,302-303,305-326,328-329]",[424-430],"[204,206,209-210,212,302-303,320]","[425,428-430]",FAM50A___SRSF11_unrelaxed_rank_005_alphafold2_multimer_v3_model_5_seed_000.pdb
FUBP1___PCBP2,1,2,A,B,0.0000,0.0,0.0,0.0000,0.2891,0.0000,0.0000,0.0,0.0,0.2500,46.3,59.5,0.300,0,0,0,0,,,,,644,365,,,,,FUBP1___PCBP2_unrelaxed_rank_001_alphafold2_multimer_v3_model_2_seed_000.pdb
FUBP1___PCBP2,2,3,A,B,0.0000,0.0,0.0,0.0000,0.2618,0.0000,0.0000,0.0,0.0,0.2200,41.0,57.2,0.290,0,0,0,0,,,,,644,365,,,,,FUBP1___PCBP2_unrelaxed_rank_002_alphafold2_multimer_v3_model_3_seed_000.pdb
FUBP1___PCBP2,3,5,A,B,0.0000,0.0,0.0,0.0000,0.2485,0.0000,0.0000,0.0,0.0,0.2200,45.8,61.7,0.290,0,0,0,0,,,,,644,365,,,,,FUBP1___PCBP2_unrelaxed_rank_003_alphafold2_multimer_v3_model_5_seed_000.pdb
FUBP1___PCBP2,4,4,A,B,0.0000,0.0,0.0,0.0000,0.1928,0.0000,0.0000,0.0,0.0,0.1800,41.2,59.5,0.290,0,0,0,0,,,,,644,365,,,,,FUBP1___PCBP2_unrelaxed_rank_004_alphafold2_multimer_v3_model_4_seed_000.pdb
FUBP1___PCBP2,5,1,A,B,0.0000,0.0,0.0,0.0000,0.1612,0.0000,0.0000,0.0,0.0,0.1700,41.5,56.2,0.290,0,0,0,0,,,,,644,365,,,,,FUBP1___PCBP2_unrelaxed_rank_005_alphafold2_multimer_v3_model_1_seed_000.pdb
FUBP1___SAFB,1,2,A,B,0.0000,0.0,0.0,0.0000,0.1644,0.0000,0.0000,0.0,0.0,0.1800,47.1,32.2,0.210,0,0,0,0,,,,,644,915,,,,,FUBP1___SAFB_unrelaxed_rank_001_alphafold2_multimer_v3_model_2_seed_000.pdb
FUBP1___SAFB,2,1,A,B,0.0000,0.0,0.0,0.0000,0.2000,0.0000,0.0000,0.0,0.0,0.1800,43.1,30.8,0.210,0,0,0,0,,,,,644,915,,,,,FUBP1___SAFB_unrelaxed_rank_002_alphafold2_multimer_v3_model_1_seed_000.pdb
FUBP1___SAFB,3,4,A,B,0.0000,0.0,0.0,0.0000,0.1649,0.0000,0.0000,0.0,0.0,0.1700,43.9,30.5,0.200,0,0,0,0,,,,,644,915,,,,,FUBP1___SAFB_unrelaxed_rank_003_alphafold2_multimer_v3_model_4_seed_000.pdb
FUBP1___SAFB,4,3,A,B,0.0000,0.0,0.0,0.0000,0.1739,0.0000,0.0000,0.0,0.0,0.1700,43.9,31.6,0.210,0,0,0,0,,,,,644,915,,,,,FUBP1___SAFB_unrelaxed_rank_004_alphafold2_multimer_v3_model_3_seed_000.pdb
FUBP1___SAFB,5,5,A,B,0.0000,0.0,0.0,0.0000,0.1458,0.0000,0.0000,0.0,0.0,0.1700,46.9,31.8,0.200,0,0,0,0,,,,,644,915,,,,,FUBP1___SAFB_unrelaxed_rank_005_alphafold2_multimer_v3_model_5_seed_000.pdb
FUS___DAZAP1,1,1,A,B,0.0000,0.0,0.0,0.0000,0.1469,0.0000,0.0000,0.0,0.0,0.1500,31.7,43.5,0.220,0,0,0,0,,,,,526,407,,,,,FUS___DAZAP1_unrelaxed_rank_001_alphafold2_multimer_v3_model_1_seed_000.pdb
FUS___DAZAP1,2,2,A,B,0.0000,0.0,0.0,0.0000,0.1613,0.0000,0.0000,0.0,0.0,0.1400,32.1,42.6,0.220,0,0,0,0,,,,,526,407,,,,,FUS___DAZAP1_unrelaxed_rank_002_alphafold2_multimer_v3_model_2_seed_000.pdb
FUS___DAZAP1,3,3,A,B,0.0000,0.0,0.0,0.0000,0.1576,0.0000,0.0000,0.0,0.0,0.1400,29.9,41.9,0.220,0,0,0,0,,,,,526,407,,,,,FUS___DAZAP1_unrelaxed_rank_003_alphafold2_multimer_v3_model_3_seed_000.pdb
FUS___DAZAP1,4,4,A,B,0.0000,0.0,0.0,0.0000,0.1656,0.0000,0.0000,0.0,0.0,0.1400,31.7,42.9,0.220,0,0,0,0,,,,,526,407,,,,,FUS___DAZAP1_unrelaxed_rank_004_alphafold2_multimer_v3_model_4_seed_000.pdb
FUS___DAZAP1,5,5,A,B,0.0000,0.0,0.0,0.0000,0.1405,0.0000,0.0000,0.0,0.0,0.1400,32.4,44.5,0.210,0,0,0,0,,,,,526,407,,,,,FUS___DAZAP1_unrelaxed_rank_005_alphafold2_multimer_v3_model_5_seed_000.pdb
FUS___FAM50A,1,4,A,B,0.0000,0.0,0.0,0.0000,0.2075,0.0000,0.0000,0.0,0.0,0.1500,32.1,59.0,0.290,0,0,0,0,,,,,526,339,,,,,FUS___FAM50A_unrelaxed_rank_001_alphafold2_multimer_v3_model_4_seed_000.pdb
FUS___FAM50A,2,1,A,B,0.0000,0.0,0.0,0.0000,0.1443,0.0000,0.0000,0.0,0.0,0.1500,31.7,65.1,0.280,0,0,0,0,,,,,526,339,,,,,FUS___FAM50A_unrelaxed_rank_002_alphafold2_multimer_v3_model_1_seed_000.pdb
FUS___FAM50A,3,3,A,B,0.0000,0.0,0.0,0.0000,0.1502,0.0000,0.0000,0.0,0.0,0.1400,30.5,60.0,0.270,0,0,0,0,,,,,526,339,,,,,FUS___FAM50A_unrelaxed_rank_003_alphafold2_multimer_v3_model_3_seed_000.pdb
FUS___FAM50A,4,5,A,B,0.0000,0.0,0.0,0.0000,0.1290,0.0000,0.0000,0.0,0.0,0.1300,31.9,61.6,0.270,0,0,0,0,,,,,526,339,,,,,FUS___FAM50A_unrelaxed_rank_004_alphafold2_multimer_v3_model_5_seed_000.pdb
FUS___FAM50A,5,2,A,B,0.0000,0.0,0.0,0.0000,0.1179,0.0000,0.0000,0.0,0.0,0.1200,32.2,66.6,0.280,0,0,0,0,,,,,526,339,,,,,FUS___FAM50A_unrelaxed_rank_005_alphafold2_multimer_v3_model_2_seed_000.pdb
KHSRP___SLC3A2,1,4,A,B,0.0000,0.0,0.0,0.0000,0.2986,0.0000,0.0000,0.0,0.0,0.2200,36.0,68.6,0.410,0,0,0,0,,,,,711,630,,,,,KHSRP___SLC3A2_unrelaxed_rank_001_alphafold2_multimer_v3_model_4_seed_000.pdb
KHSRP___SLC3A2,2,3,A,B,0.0000,0.0,0.0,0.0000,0.1970,0.0000,0.0000,0.0,0.0,0.1800,37.1,69.6,0.420,0,0,0,0,,,,,711,630,,,,,KHSRP___SLC3A2_unrelaxed_rank_002_alphafold2_multimer_v3_model_3_seed_000.pdb
KHSRP___SLC3A2,3,2,A,B,0.0000,0.0,0.0,0.0000,0.1613,0.0000,0.0000,0.0,0.0,0.1800,39.6,70.5,0.420,0,0,0,0,,,,,711,630,,,,,KHSRP___SLC3A2_unrelaxed_rank_003_alphafold2_multimer_v3_model_2_seed_000.pdb
KHSRP___SLC3A2,4,5,A,B,0.0000,0.0,0.0,0.0000,0.1795,0.0000,0.0000,0.0,0.0,0.1700,37.1,69.1,0.410,0,0,0,0,,,,,711,630,,,,,KHSRP___SLC3A2_unrelaxed_rank_004_alphafold2_multimer_v3_model_5_seed_000.pdb
KHSRP___SLC3A2,5,1,A,B,0.0000,0.0,0.0,0.0000,0.1531,0.0000,0.0000,0.0,0.0,0.1600,38.8,70.2,0.410,0,0,0,0,,,,,711,630,,,,,KHSRP___SLC3A2_unrelaxed_rank_005_alphafold2_multimer_v3_model_1_seed_000.pdb
LUC7L2___GFP,1,4,A,B,0.0000,0.0,0.0,0.0000,0.1324,0.0000,0.0000,0.0,0.0,0.1700,58.7,87.0,0.420,0,0,0,0,,,,,392,238,,,,,LUC7L2___GFP_unrelaxed_rank_001_alphafold2_multimer_v3_model_4_seed_000.pdb
LUC7L2___GFP,2,2,A,B,0.0239,4.7,0.1,0.0000,0.3443,0.0203,0.0281,11.0,2.0,0.1600,58.9,87.3,0.440,9,2,2,2,83.9,34.1,83.8,34.1,392,238,"[52,193-196,198,209-210,213]",[236-237],[195-196],[236-237],LUC7L2___GFP_unrelaxed_rank_002_alphafold2_multimer_v3_model_2_seed_000.pdb
LUC7L2___GFP,3,1,A,B,0.0000,0.0,0.0,0.0000,0.2004,0.0000,0.0000,0.0,0.0,0.1500,59.2,87.6,0.430,0,0,0,0,,,,,392,238,,,,,LUC7L2___GFP_unrelaxed_rank_003_alphafold2_multimer_v3_model_1_seed_000.pdb
LUC7L2___GFP,4,5,A,B,0.0000,0.0,0.0,0.0000,0.1784,0.0000,0.0000,0.0,0.0,0.1400,57.4,86.2,0.420,0,0,0,0,,,,,392,238,,,,,LUC7L2___GFP_unrelaxed_rank_004_alphafold2_multimer_v3_model_5_seed_000.pdb
LUC7L2___GFP,5,3,A,B,0.0000,0.0,0.0,0.0000,0.1085,0.0000,0.0000,0.0,0.0,0.1400,57.6,86.7,0.410,0,0,0,0,,,,,392,238,,,,,LUC7L2___GFP_unrelaxed_rank_005_alphafold2_multimer_v3_model_3_seed_000.pdb
MATR3___AGAP3,1,1,A,B,0.1504,493.6,74.2,0.0240,0.7439,0.1099,0.2059,3248.0,75.0,0.2900,36.3,55.4,0.300,38,185,11,21,73.6,86.3,67.4,77.0,847,875,"[790-822,826-830]","[631-646,649,651-669,673,676-681,684-708,724-743,747-843]","[796,798-800,802,804,807-811]","[751-752,754-755,758-759,781-785,787,791-792,794-796,817-818,825,829]",MATR3___AGAP3_unrelaxed_rank_001_alphafold2_multimer_v3_model_1_seed_000.pdb
MATR3___AGAP3,2,4,A,B,0.0000,0.0,0.0,0.0000,0.3152,0.0000,0.0000,0.0,0.0,0.2100,34.9,56.7,0.280,0,0,0,0,,,,,847,875,,,,,MATR3___AGAP3_unrelaxed_rank_002_alphafold2_multimer_v3_model_4_seed_000.pdb
MATR3___AGAP3,3,3,A,B,0.0000,0.0,0.0,0.0000,0.3831,0.0000,0.0000,0.0,0.0,0.2000,35.5,58.7,0.290,0,0,0,0,,,,,847,875,,,,,MATR3___AGAP3_unrelaxed_rank_003_alphafold2_multimer_v3_model_3_seed_000.pdb
MATR3___AGAP3,4,5,A,B,0.0000,0.0,0.0,0.0000,0.2058,0.0000,0.0000,0.0,0.0,0.1900,36.5,58.7,0.290,0,0,0,0,,,,,847,875,,,,,MATR3___AGAP3_unrelaxed_rank_004_alphafold2_multimer_v3_model_5_seed_000.pdb
MATR3___AGAP3,5,2,A,B,0.0000,0.0,0.0,0.0000,0.2056,0.0000,0.0000,0.0,0.0,0.1900,38.9,60.4,0.280,0,0,0,0,,,,,847,875,,,,,MATR3___AGAP3_unrelaxed_rank_005_alphafold2_multimer_v3_model_2_seed_000.pdb
MATR3___CCNT1,1,1,A,B,0.0000,0.0,0.0,0.0000,0.3669,0.0000,0.0000,0.0,0.0,0.2100,37.6,42.1,0.310,0,0,0,0,,,,,847,726,,,,,MATR3___CCNT1_unrelaxed_rank_001_alphafold2_multimer_v3_model_1_seed_000.pdb
MATR3___CCNT1,2,2,A,B,0.0000,0.0,0.0,0.0000,0.2761,0.0000,0.0000,0.0,0.0,0.2000,41.8,43.9,0.300,0,0,0,0,,,,,847,726,,,,,MATR3___CCNT1_unrelaxed_rank_002_alphafold2_multimer_v3_model_2_seed_000.pdb
MATR3___CCNT1,3,4,A,B,0.0000,0.0,0.0,0.0000,0.2872,0.0000,0.0000,0.0,0.0,0.2000,37.0,40.6,0.300,0,0,0,0,,,,,847,726,,,,,MATR3___CCNT1_unrelaxed_rank_003_alphafold2_multimer_v3_model_4_seed_000.pdb
MATR3___CCNT1,4,3,A,B,0.0000,0.0,0.0,0.0000,0.2306,0.0000,0.0000,0.0,0.0,0.1800,38.1,42.3,0.310,0,0,0,0,,,,,847,726,,,,,MATR3___CCNT1_unrelaxed_rank_004_alphafold2_multimer_v3_model_3_seed_000.pdb
MATR3___CCNT1,5,5,A,B,0.0000,0.0,0.0,0.0000,0.2207,0.0000,0.0000,0.0,0.0,0.1800,38.5,42.9,0.300,0,0,0,0,,,,,847,726,,,,,MATR3___CCNT1_unrelaxed_rank_005_alphafold2_multimer_v3_model_5_seed_000.pdb
MATR3___CDC37,1,4,A,B,0.0000,0.0,0.0,0.0000,0.2639,0.0000,0.0000,0.0,0.0,0.2300,38.0,63.1,0.280,0,0,0,0,,,,,847,378,,,,,MATR3___CDC37_unrelaxed_rank_001_alphafold2_multimer_v3_model_4_seed_000.pdb
MATR3___CDC37,2,3,A,B,0.0000,0.0,0.0,0.0000,0.2605,0.0000,0.0000,0.0,0.0,0.2100,39.4,63.0,0.280,0,0,0,0,,,,,847,378,,,,,MATR3___CDC37_unrelaxed_rank_002_alphafold2_multimer_v3_model_3_seed_000.pdb
MATR3___CDC37,3,2,A,B,0.0000,0.0,0.0,0.0000,0.1819,0.0000,0.0000,0.0,0.0,0.1600,39.8,68.2,0.270,0,0,0,0,,,,,847,378,,,,,MATR3___CDC37_unrelaxed_rank_003_alphafold2_multimer_v3_model_2_seed_000.pdb
MATR3___CDC37,4,1,A,B,0.0000,0.0,0.0,0.0000,0.1561,0.0000,0.0000,0.0,0.0,0.1600,37.7,65.2,0.260,0,0,0,0,,,,,847,378,,,,,MATR3___CDC37_unrelaxed_rank_004_alphafold2_multimer_v3_model_1_seed_000.pdb
MATR3___CDC37,5,5,A,B,0.0000,0.0,0.0,0.0000,0.1633,0.0000,0.0000,0.0,0.0,0.1500,40.7,66.9,0.260,0,0,0,0,,,,,847,378,,,,,MATR3___CDC37_unrelaxed_rank_005_alphafold2_multimer_v3_model_5_seed_000.pdb
MATR3___DAZAP1,1,2,A,B,0.0000,0.0,0.0,0.0000,0.4170,0.0000,0.0000,0.0,0.0,0.2300,42.1,42.5,0.240,0,0,0,0,,,,,847,407,,,,,MATR3___DAZAP1_unrelaxed_rank_001_alphafold2_multimer_v3_model_2_seed_000.pdb
MATR3___DAZAP1,2,4,A,B,0.0780,4.9,0.4,0.0120,0.5188,0.0575,0.1058,8.0,3.0,0.2200,40.6,40.2,0.230,4,3,2,1,75.4,76.5,75.1,72.5,847,407,[571-574],"[165,167-168]",[571-572],[165],MATR3___DAZAP1_unrelaxed_rank_002_alphafold2_multimer_v3_model_4_seed_000.pdb
MATR3___DAZAP1,3,1,A,B,0.0000,0.0,0.0,0.0000,0.3904,0.0000,0.0000,0.0,0.0,0.2200,39.4,37.6,0.230,0,0,0,0,,,,,847,407,,,,,MATR3___DAZAP1_unrelaxed_rank_003_alphafold2_multimer_v3_model_1_seed_000.pdb
MATR3___DAZAP1,4,3,A,B,0.0000,0.0,0.0,0.0000,0.3476,0.0000,0.0000,0.0,0.0,0.2200,40.3,38.8,0.230,0,0,0,0,,,,,847,407,,,,,MATR3___DAZAP1_unrelaxed_rank_004_alphafold2_multimer_v3_model_3_seed_000.pdb
MATR3___DAZAP1,5,5,A,B,0.0000,0.0,0.0,0.0000,0.2774,0.0000,0.0000,0.0,0.0,0.1900,42.9,42.0,0.220,0,0,0,0,,,,,847,407,,,,,MATR3___DAZAP1_unrelaxed_rank_005_alphafold2_multimer_v3_model_5_seed_000.pdb
MATR3___NONO,1,2,A,B,0.2183,409.0,89.3,0.0243,0.8088,0.1678,0.2841,3042.0,55.0,0.3500,42.2,63.0,0.320,16,230,11,17,48.9,88.1,49.1,86.9,847,471,[657-672],"[68-252,255-259,262-301]","[657-660,662-663,665-666,668-670]","[77,79-80,104,106,109-113,138,140,142,144-145,147,198]",MATR3___NONO_unrelaxed_rank_001_alphafold2_multimer_v3_model_2_seed_000.pdb
MATR3___NONO,2,1,A,B,0.0305,10.6,0.3,0.0108,0.5643,0.0210,0.0443,28.0,4.0,0.2700,40.4,63.4,0.320,5,18,2,4,39.9,90.4,44.6,88.8,847,471,"[171,175-178]","[113,138,144-148,181,195,197-199,201-202,205-208]","[176,178]","[145,147,202,205]",MATR3___NONO_unrelaxed_rank_002_alphafold2_multimer_v3_model_1_seed_000.pdb
MATR3___NONO,3,3,A,B,0.0422,20.5,0.9,0.0113,0.5528,0.0393,0.0453,70.0,6.0,0.2100,40.7,62.1,0.320,4,41,3,4,55.9,83.9,54.2,79.2,847,471,[798-801],"[161,214,250,255,263-293,295-300]",[798-800],"[281,284-285,288]",MATR3___NONO_unrelaxed_rank_003_alphafold2_multimer_v3_model_3_seed_000.pdb
MATR3___NONO,4,5,A,B,0.0000,0.0,0.0,0.0000,0.4459,0.0000,0.0000,0.0,0.0,0.2100,40.9,62.3,0.310,0,0,0,0,,,,,847,471,,,,,MATR3___NONO_unrelaxed_rank_004_alphafold2_multimer_v3_model_5_seed_000.pdb
MATR3___NONO,5,4,A,B,0.0000,0.0,0.0,0.0000,0.1588,0.0000,0.0000,0.0,0.0,0.1700,36.7,57.5,0.290,0,0,0,0,,,,,847,471,,,,,MATR3___NONO_unrelaxed_rank_005_alphafold2_multimer_v3_model_4_seed_000.pdb
MATR3___PCBP2,1,3,A,B,0.0000,0.0,0.0,0.0000,0.2006,0.0000,0.0000,0.0,0.0,0.1800,38.9,55.4,0.270,0,0,0,0,,,,,847,365,,,,,MATR3___PCBP2_unrelaxed_rank_001_alphafold2_multimer_v3_model_3_seed_000.pdb
MATR3___PCBP2,2,4,A,B,0.0000,0.0,0.0,0.0000,0.1961,0.0000,0.0000,0.0,0.0,0.1800,38.1,57.9,0.260,0,0,0,0,,,,,847,365,,,,,MATR3___PCBP2_unrelaxed_rank_002_alphafold2_multimer_v3_model_4_seed_000.pdb
MATR3___PCBP2,3,1,A,B,0.0000,0.0,0.0,0.0000,0.1779,0.0000,0.0000,0.0,0.0,0.1800,38.8,54.6,0.270,0,0,0,0,,,,,847,365,,,,,MATR3___PCBP2_unrelaxed_rank_003_alphafold2_multimer_v3_model_1_seed_000.pdb
MATR3___PCBP2,4,5,A,B,0.0000,0.0,0.0,0.0000,0.1654,0.0000,0.0000,0.0,0.0,0.1700,41.5,60.3,0.260,0,0,0,0,,,,,847,365,,,,,MATR3___PCBP2_unrelaxed_rank_004_alphafold2_multimer_v3_model_5_seed_000.pdb
MATR3___PCBP2,5,2,A,B,0.0000,0.0,0.0,0.0000,0.1595,0.0000,0.0000,0.0,0.0,0.1700,42.7,61.0,0.270,0,0,0,0,,,,,847,365,,,,,MATR3___PCBP2_unrelaxed_rank_005_alphafold2_multimer_v3_model_2_seed_000.pdb
MATR3___TLE3,1,4,A,B,0.3176,1852.0,588.3,0.3563,0.9381,0.2041,0.4942,41828.0,82.0,0.4000,37.4,53.0,0.370,97,328,10,25,78.9,91.8,68.9,86.9,847,772,"[124,491-586]","[85,446-772]","[527,529-532,576,578-580,582]","[488,490,534,536,552,578,580,596,619-620,622,638,663,680-681,700-702,704-705,720-721,745-746,761]",MATR3___TLE3_unrelaxed_rank_001_alphafold2_multimer_v3_model_4_seed_000.pdb
MATR3___TLE3,2,2,A,B,0.0000,0.0,0.0,0.0000,0.4388,0.0000,0.0000,0.0,0.0,0.2600,39.5,55.5,0.350,0,0,0,0,,,,,847,772,,,,,MATR3___TLE3_unrelaxed_rank_002_alphafold2_multimer_v3_model_2_seed_000.pdb
MATR3___TLE3,3,3,A,B,0.0411,112.9,4.6,0.0140,0.6024,0.0381,0.0443,1063.0,12.0,0.2300,37.1,54.2,0.350,8,268,5,8,27.5,92.3,28.1,92.5,847,772,[714-721],"[447-452,458,460-461,463,472-474,477-495,500-513,522-544,546-561,566,568-573,575-585,587-593,595-606,608-614,617-627,630-636,638-647,652,654-669,673-686,692-729,731-772]","[714-715,717,720-721]","[638,663,702,704,720,743,745,761]",MATR3___TLE3_unrelaxed_rank_003_alphafold2_multimer_v3_model_3_seed_000.pdb
MATR3___TLE3,4,1,A,B,0.0000,0.0,0.0,0.0000,0.4259,0.0000,0.0000,0.0,0.0,0.2300,36.1,52.6,0.350,0,0,0,0,,,,,847,772,,,,,MATR3___TLE3_unrelaxed_rank_004_alphafold2_multimer_v3_model_1_seed_000.pdb
MATR3___TLE3,5,5,A,B,0.0000,0.0,0.0,0.0000,0.4924,0.0179,0.0000,1.0,0.0,0.2100,38.1,55.8,0.340,1,1,0,0,22.5,94.1,,,847,772,[718],[761],,,MATR3___TLE3_unrelaxed_rank_005_alphafold2_multimer_v3_model_5_seed_000.pdb
MRPL12___FAM50A,1,4,A,B,0.1064,176.9,18.8,0.0144,0.4517,0.1066,0.1062,1117.0,28.0,0.1600,47.5,63.2,0.370,12,127,8,15,33.5,91.0,33.6,88.2,198,339,[115-126],"[190-282,298-331]","[115,117-123]","[202,204,206,210,214,253-254,300-305,319-320]",MRPL12___FAM50A_unrelaxed_rank_001_alphafold2_multimer_v3_model_4_seed_000.pdb
MRPL12___FAM50A,2,3,A,B,0.0000,0.0,0.0,0.0000,0.0976,0.0000,0.0000,0.0,0.0,0.1100,46.8,62.2,0.340,0,0,0,0,,,,,198,339,,,,,MRPL12___FAM50A_unrelaxed_rank_002_alphafold2_multimer_v3_model_3_seed_000.pdb
MRPL12___FAM50A,3,5,A,B,0.0000,0.0,0.0,0.0000,0.1068,0.0000,0.0000,0.0,0.0,0.1000,42.8,63.2,0.330,0,0,0,0,,,,,198,339,,,,,MRPL12___FAM50A_unrelaxed_rank_003_alphafold2_multimer_v3_model_5_seed_000.pdb
MRPL12___FAM50A,4,1,A,B,0.0000,0.0,0.0,0.0000,0.0931,0.0000,0.0000,0.0,0.0,0.1000,44.7,64.5,0.310,0,0,0,0,,,,,198,339,,,,,MRPL12___FAM50A_unrelaxed_rank_004_alphafold2_multimer_v3_model_1_seed_000.pdb
MRPL12___FAM50A,5,2,A,B,0.0000,0.0,0.0,0.0000,0.0000,0.0000,0.0000,0.0,0.0,0.0900,49.6,68.3,0.330,0,0,0,0,,,,,198,339,,,,,MRPL12___FAM50A_unrelaxed_rank_005_alphafold2_multimer_v3_model_2_seed_000.pdb
MRPL12___RPS12,1,4,A,B,0.0148,3.7,0.1,0.0000,0.2088,0.0194,0.0113,14.0,1.0,0.2400,50.5,74.9,0.420,6,9,1,1,38.9,77.8,58.0,76.8,198,132,"[86-87,118-121]","[19,49,59,62-66,69]",[86],[64],MRPL12___RPS12_unrelaxed_rank_001_alphafold2_multimer_v3_model_4_seed_000.pdb
MRPL12___RPS12,2,1,A,B,0.0000,0.0,0.0,0.0000,0.1641,0.0000,0.0000,0.0,0.0,0.1200,51.1,80.8,0.400,0,0,0,0,,,,,198,132,,,,,MRPL12___RPS12_unrelaxed_rank_002_alphafold2_multimer_v3_model_1_seed_000.pdb
MRPL12___RPS12,3,5,A,B,0.0000,0.0,0.0,0.0000,0.1650,0.0000,0.0000,0.0,0.0,0.1200,46.9,72.4,0.390,0,0,0,0,,,,,198,132,,,,,MRPL12___RPS12_unrelaxed_rank_003_alphafold2_multimer_v3_model_5_seed_000.pdb
MRPL12___RPS12,4,3,A,B,0.0000,0.0,0.0,0.0000,0.0806,0.0000,0.0000,0.0,0.0,0.0900,50.5,77.0,0.380,0,0,0,0,,,,,198,132,,,,,MRPL12___RPS12_unrelaxed_rank_004_alphafold2_multimer_v3_model_3_seed_000.pdb
MRPL12___RPS12,5,2,A,B,0.0000,0.0,0.0,0.0000,0.0549,0.0000,0.0000,0.0,0.0,0.0800,54.6,81.6,0.380,0,0,0,0,,,,,198,132,,,,,MRPL12___RPS12_unrelaxed_rank_005_alphafold2_multimer_v3_model_2_seed_000.pdb
NASP___NCL,1,5,A,B,0.4382,3632.7,1592.0,0.5595,0.9792,0.3669,0.5235,65007.0,203.0,0.3800,38.9,46.3,0.390,253,181,44,47,86.4,82.1,74.6,78.1,788,710,"[35-117,508-677]","[301-472,702-710]","[105-116,512-513,516,555-556,581-582,584-585,588,595-596,600,603,645,648-649,651,654-656,658-659,661-663,665-666,668-669,672-673]","[302,304-306,308,310,312-313,319-321,340,342-351,353,377,379,381-388,390,420-424,431-433,435,469,707,709-710]",NASP___NCL_unrelaxed_rank_001_alphafold2_multimer_v3_model_5_seed_000.pdb
NASP___NCL,2,4,A,B,0.4672,250.6,117.1,0.4041,0.9495,0.3593,0.6073,2243.0,28.0,0.3500,36.6,41.6,0.310,224,8,8,3,85.2,54.7,92.8,71.4,788,710,"[37-105,512-666]",[703-710],"[581-582,584-585,588,645,648-649]","[707,709-710]",NASP___NCL_unrelaxed_rank_002_alphafold2_multimer_v3_model_4_seed_000.pdb
NASP___NCL,3,1,A,B,0.4710,248.6,117.1,0.3789,0.9473,0.3561,0.6230,2208.0,28.0,0.3500,36.9,40.2,0.310,223,8,9,5,87.1,42.4,93.8,49.0,788,710,"[38-105,512-666]",[703-710],"[581-582,584-585,588,641,644-645,648]",[706-710],NASP___NCL_unrelaxed_rank_003_alphafold2_multimer_v3_model_1_seed_000.pdb
NASP___NCL,4,3,A,B,0.2743,447.7,122.8,0.3199,0.9615,0.2217,0.3393,4175.0,48.0,0.3400,37.4,45.0,0.350,220,68,21,12,88.3,74.4,86.5,63.3,788,710,"[39-105,511-663]","[319-323,325,345,347-349,351-354,364,378,380-396,410,413,416-419,421,432-443,445,463-469,703-710]","[516,519,523,552,555-560,563,581-582,584-585,588,641,644-645,648,655]","[345,382,384-388,433,465,707,709-710]",NASP___NCL_unrelaxed_rank_004_alphafold2_multimer_v3_model_3_seed_000.pdb
NASP___NCL,5,2,A,B,0.4072,225.8,92.0,0.1969,0.9396,0.3128,0.5301,1889.0,27.0,0.3200,38.5,42.3,0.310,216,8,9,5,91.4,47.6,94.9,55.2,788,710,"[39-105,512-628,631-662]",[703-710],"[581-582,584-585,588,641,645,648-649]","[705,707-710]",NASP___NCL_unrelaxed_rank_005_alphafold2_multimer_v3_model_2_seed_000.pdb
NASP___SLC3A2,1,1,A,B,0.0762,274.2,20.9,0.0122,0.6194,0.0612,0.0949,3270.0,23.0,0.3700,37.4,69.1,0.410,18,311,8,10,54.2,92.6,53.3,90.3,788,630,[134-151],"[211-215,217-233,240-261,263-313,318,325-353,355-392,399-405,414-426,429-436,440-474,488-491,508-516,518-544,550-557,559-570,574,590,592-599,608-609,611,616-627]","[134,136-138,140-141,148-149]","[213,221,252,298-302,532,534]",NASP___SLC3A2_unrelaxed_rank_001_alphafold2_multimer_v3_model_1_seed_000.pdb
NASP___SLC3A2,2,3,A,B,0.0000,0.0,0.0,0.0000,0.1904,0.0000,0.0000,0.0,0.0,0.1800,37.3,68.9,0.410,0,0,0,0,,,,,788,630,,,,,NASP___SLC3A2_unrelaxed_rank_002_alphafold2_multimer_v3_model_3_seed_000.pdb
NASP___SLC3A2,3,2,A,B,0.0000,0.0,0.0,0.0000,0.1469,0.0000,0.0000,0.0,0.0,0.1800,37.8,69.6,0.410,0,0,0,0,,,,,788,630,,,,,NASP___SLC3A2_unrelaxed_rank_003_alphafold2_multimer_v3_model_2_seed_000.pdb
NASP___SLC3A2,4,5,A,B,0.0000,0.0,0.0,0.0000,0.1489,0.0000,0.0000,0.0,0.0,0.1700,37.5,68.5,0.400,0,0,0,0,,,,,788,630,,,,,NASP___SLC3A2_unrelaxed_rank_004_alphafold2_multimer_v3_model_5_seed_000.pdb
NASP___SLC3A2,5,4,A,B,0.0000,0.0,0.0,0.0000,0.1457,0.0000,0.0000,0.0,0.0,0.1700,36.6,68.3,0.400,0,0,0,0,,,,,788,630,,,,,NASP___SLC3A2_unrelaxed_rank_005_alphafold2_multimer_v3_model_4_seed_000.pdb
NCL___PRDX1,1,4,A,B,0.0000,0.0,0.0,0.0000,0.1642,0.0000,0.0000,0.0,0.0,0.1800,43.1,83.9,0.290,0,0,0,0,,,,,710,199,,,,,NCL___PRDX1_unrelaxed_rank_001_alphafold2_multimer_v3_model_4_seed_000.pdb
NCL___PRDX1,2,5,A,B,0.0000,0.0,0.0,0.0000,0.1334,0.0000,0.0000,0.0,0.0,0.1600,44.5,85.8,0.300,0,0,0,0,,,,,710,199,,,,,NCL___PRDX1_unrelaxed_rank_002_alphafold2_multimer_v3_model_5_seed_000.pdb
NCL___PRDX1,3,3,A,B,0.0000,0.0,0.0,0.0000,0.1334,0.0000,0.0000,0.0,0.0,0.1600,44.2,88.7,0.310,0,0,0,0,,,,,710,199,,,,,NCL___PRDX1_unrelaxed_rank_003_alphafold2_multimer_v3_model_3_seed_000.pdb
NCL___PRDX1,4,1,A,B,0.0000,0.0,0.0,0.0000,0.1293,0.0000,0.0000,0.0,0.0,0.1500,44.9,84.6,0.300,0,0,0,0,,,,,710,199,,,,,NCL___PRDX1_unrelaxed_rank_004_alphafold2_multimer_v3_model_1_seed_000.pdb
NCL___PRDX1,5,2,A,B,0.0000,0.0,0.0,0.0000,0.1216,0.0000,0.0000,0.0,0.0,0.1500,44.2,84.8,0.300,0,0,0,0,,,,,710,199,,,,,NCL___PRDX1_unrelaxed_rank_005_alphafold2_multimer_v3_model_2_seed_000.pdb
NONO___CDC5L,1,1,A,B,0.0000,0.0,0.0,0.0000,0.1309,0.0000,0.0000,0.0,0.0,0.1500,62.8,55.3,0.300,0,0,0,0,,,,,471,802,,,,,NONO___CDC5L_unrelaxed_rank_001_alphafold2_multimer_v3_model_1_seed_000.pdb
NONO___CDC5L,2,2,A,B,0.0000,0.0,0.0,0.0000,0.1437,0.0000,0.0000,0.0,0.0,0.1500,60.8,50.7,0.300,0,0,0,0,,,,,471,802,,,,,NONO___CDC5L_unrelaxed_rank_002_alphafold2_multimer_v3_model_2_seed_000.pdb
NONO___CDC5L,3,5,A,B,0.0000,0.0,0.0,0.0000,0.0000,0.0000,0.0000,0.0,0.0,0.1400,60.0,54.0,0.300,0,0,0,0,,,,,471,802,,,,,NONO___CDC5L_unrelaxed_rank_003_alphafold2_multimer_v3_model_5_seed_000.pdb
NONO___CDC5L,4,3,A,B,0.0000,0.0,0.0,0.0000,0.0000,0.0000,0.0000,0.0,0.0,0.1300,61.6,57.0,0.300,0,0,0,0,,,,,471,802,,,,,NONO___CDC5L_unrelaxed_rank_004_alphafold2_multimer_v3_model_3_seed_000.pdb
NONO___CDC5L,5,4,A,B,0.0000,0.0,0.0,0.0000,0.1247,0.0000,0.0000,0.0,0.0,0.1300,59.4,51.3,0.290,0,0,0,0,,,,,471,802,,,,,NONO___CDC5L_unrelaxed_rank_005_alphafold2_multimer_v3_model_4_seed_000.pdb
NONO___PCBP2,1,3,A,B,0.0000,0.0,0.0,0.0000,0.1221,0.0000,0.0000,0.0,0.0,0.1300,64.1,56.9,0.370,0,0,0,0,,,,,471,365,,,,,NONO___PCBP2_unrelaxed_rank_001_alphafold2_multimer_v3_model_3_seed_000.pdb
NONO___PCBP2,2,1,A,B,0.0000,0.0,0.0,0.0000,0.1102,0.0000,0.0000,0.0,0.0,0.1200,65.2,58.1,0.360,0,0,0,0,,,,,471,365,,,,,NONO___PCBP2_unrelaxed_rank_002_alphafold2_multimer_v3_model_1_seed_000.pdb
NONO___PCBP2,3,4,A,B,0.0000,0.0,0.0,0.0000,0.1243,0.0000,0.0000,0.0,0.0,0.1300,62.2,59.2,0.350,0,0,0,0,,,,,471,365,,,,,NONO___PCBP2_unrelaxed_rank_003_alphafold2_multimer_v3_model_4_seed_000.pdb
NONO___PCBP2,4,2,A,B,0.0000,0.0,0.0,0.0000,0.1035,0.0000,0.0000,0.0,0.0,0.1200,63.3,60.7,0.350,0,0,0,0,,,,,471,365,,,,,NONO___PCBP2_unrelaxed_rank_004_alphafold2_multimer_v3_model_2_seed_000.pdb
NONO___PCBP2,5,5,A,B,0.0000,0.0,0.0,0.0000,0.0999,0.0000,0.0000,0.0,0.0,0.1100,63.6,59.0,0.360,0,0,0,0,,,,,471,365,,,,,NONO___PCBP2_unrelaxed_rank_005_alphafold2_multimer_v3_model_5_seed_000.pdb
NONO___PRDX1,1,2,A,B,0.0000,0.0,0.0,0.0000,0.1456,0.0000,0.0000,0.0,0.0,0.1600,63.3,84.5,0.410,0,0,0,0,,,,,471,199,,,,,NONO___PRDX1_unrelaxed_rank_001_alphafold2_multimer_v3_model_2_seed_000.pdb
NONO___PRDX1,2,5,A,B,0.0000,0.0,0.0,0.0000,0.1092,0.0000,0.0000,0.0,0.0,0.1400,62.9,85.1,0.410,0,0,0,0,,,,,471,199,,,,,NONO___PRDX1_unrelaxed_rank_002_alphafold2_multimer_v3_model_5_seed_000.pdb
NONO___PRDX1,3,1,A,B,0.0000,0.0,0.0,0.0000,0.1412,0.0000,0.0000,0.0,0.0,0.1400,64.7,82.3,0.400,0,0,0,0,,,,,471,199,,,,,NONO___PRDX1_unrelaxed_rank_003_alphafold2_multimer_v3_model_1_seed_000.pdb
NONO___PRDX1,4,3,A,B,0.0000,0.0,0.0,0.0000,0.1044,0.0000,0.0000,0.0,0.0,0.1300,64.4,87.3,0.420,0,0,0,0,,,,,471,199,,,,,NONO___PRDX1_unrelaxed_rank_004_alphafold2_multimer_v3_model_3_seed_000.pdb
NONO___PRDX1,5,4,A,B,0.0000,0.0,0.0,0.0000,0.1007,0.0000,0.0000,0.0,0.0,0.1300,62.3,86.3,0.390,0,0,0,0,,,,,471,199,,,,,NONO___PRDX1_unrelaxed_rank_005_alphafold2_multimer_v3_model_4_seed_000.pdb
NONO___PTBP1,1,3,A,B,0.0000,0.0,0.0,0.0000,0.1548,0.0000,0.0000,0.0,0.0,0.1400,62.1,62.6,0.330,0,0,0,0,,,,,471,557,,,,,NONO___PTBP1_unrelaxed_rank_001_alphafold2_multimer_v3_model_3_seed_000.pdb
NONO___PTBP1,2,1,A,B,0.0000,0.0,0.0,0.0000,0.1286,0.0000,0.0000,0.0,0.0,0.1400,63.3,62.1,0.330,0,0,0,0,,,,,471,557,,,,,NONO___PTBP1_unrelaxed_rank_002_alphafold2_multimer_v3_model_1_seed_000.pdb
NONO___PTBP1,3,2,A,B,0.0000,0.0,0.0,0.0000,0.1208,0.0000,0.0000,0.0,0.0,0.1300,62.9,66.3,0.330,0,0,0,0,,,,,471,557,,,,,NONO___PTBP1_unrelaxed_rank_003_alphafold2_multimer_v3_model_2_seed_000.pdb
NONO___PTBP1,4,5,A,B,0.0000,0.0,0.0,0.0000,0.1310,0.0000,0.0000,0.0,0.0,0.1300,62.7,65.3,0.330,0,0,0,0,,,,,471,557,,,,,NONO___PTBP1_unrelaxed_rank_004_alphafold2_multimer_v3_model_5_seed_000.pdb
NONO___PTBP1,5,4,A,B,0.0000,0.0,0.0,0.0000,0.1312,0.0000,0.0000,0.0,0.0,0.1300,61.0,62.9,0.320,0,0,0,0,,,,,471,557,,,,,NONO___PTBP1_unrelaxed_rank_005_alphafold2_multimer_v3_model_4_seed_000.pdb
NONO___ZFR,1,2,A,B,0.0000,0.0,0.0,0.0000,0.3139,0.0000,0.0000,0.0,0.0,0.2300,62.6,46.2,0.320,0,0,0,0,,,,,471,1074,,,,,NONO___ZFR_unrelaxed_rank_001_alphafold2_multimer_v3_model_2_seed_000.pdb
NONO___ZFR,2,1,A,B,0.0000,0.0,0.0,0.0000,0.1567,0.0000,0.0000,0.0,0.0,0.1600,63.5,46.3,0.320,0,0,0,0,,,,,471,1074,,,,,NONO___ZFR_unrelaxed_rank_002_alphafold2_multimer_v3_model_1_seed_000.pdb
NONO___ZFR,3,3,A,B,0.0000,0.0,0.0,0.0000,0.1598,0.0000,0.0000,0.0,0.0,0.1600,62.1,45.2,0.320,0,0,0,0,,,,,471,1074,,,,,NONO___ZFR_unrelaxed_rank_003_alphafold2_multimer_v3_model_3_seed_000.pdb
NONO___ZFR,4,5,A,B,0.0000,0.0,0.0,0.0000,0.1566,0.0000,0.0000,0.0,0.0,0.1600,61.2,45.2,0.320,0,0,0,0,,,,,471,1074,,,,,NONO___ZFR_unrelaxed_rank_004_alphafold2_multimer_v3_model_5_seed_000.pdb
NONO___ZFR,5,4,A,B,0.0000,0.0,0.0,0.0000,0.1701,0.0000,0.0000,0.0,0.0,0.1600,59.9,43.8,0.320,0,0,0,0,,,,,471,1074,,,,,NONO___ZFR_unrelaxed_rank_005_alphafold2_multimer_v3_model_4_seed_000.pdb
PCBP2___CDC5L,1,1,A,B,0.0000,0.0,0.0,0.0000,0.1712,0.0000,0.0000,0.0,0.0,0.1500,58.0,59.3,0.260,0,0,0,0,,,,,365,802,,,,,PCBP2___CDC5L_unrelaxed_rank_001_alphafold2_multimer_v3_model_1_seed_000.pdb
PCBP2___CDC5L,2,5,A,B,0.0000,0.0,0.0,0.0000,0.1266,0.0000,0.0000,0.0,0.0,0.1500,59.6,58.2,0.260,0,0,0,0,,,,,365,802,,,,,PCBP2___CDC5L_unrelaxed_rank_002_alphafold2_multimer_v3_model_5_seed_000.pdb
PCBP2___CDC5L,3,3,A,B,0.0000,0.0,0.0,0.0000,0.1548,0.0000,0.0000,0.0,0.0,0.1500,58.3,60.4,0.260,0,0,0,0,,,,,365,802,,,,,PCBP2___CDC5L_unrelaxed_rank_003_alphafold2_multimer_v3_model_3_seed_000.pdb
PCBP2___CDC5L,4,4,A,B,0.0000,0.0,0.0,0.0000,0.1709,0.0000,0.0000,0.0,0.0,0.1400,58.9,53.5,0.250,0,0,0,0,,,,,365,802,,,,,PCBP2___CDC5L_unrelaxed_rank_004_alphafold2_multimer_v3_model_4_seed_000.pdb
PCBP2___CDC5L,5,2,A,B,0.0000,0.0,0.0,0.0000,0.1344,0.0000,0.0000,0.0,0.0,0.1400,61.2,55.6,0.250,0,0,0,0,,,,,365,802,,,,,PCBP2___CDC5L_unrelaxed_rank_005_alphafold2_multimer_v3_model_2_seed_000.pdb
PCBP2___PTBP1,1,3,A,B,0.2556,1349.0,344.8,0.2367,0.7812,0.1565,0.4176,20221.0,90.0,0.4100,61.1,66.4,0.360,166,104,18,16,84.0,86.4,77.4,83.4,365,557,"[12-170,180-186]",[181-284],"[21,23-24,83,85-94,96-97,99,149]","[192-195,198-199,202-203,241,244-250]",PCBP2___PTBP1_unrelaxed_rank_001_alphafold2_multimer_v3_model_3_seed_000.pdb
PCBP2___PTBP1,2,1,A,B,0.0000,0.0,0.0,0.0000,0.2285,0.0000,0.0000,0.0,0.0,0.1800,55.2,62.2,0.310,0,0,0,0,,,,,365,557,,,,,PCBP2___PTBP1_unrelaxed_rank_002_alphafold2_multimer_v3_model_1_seed_000.pdb
PCBP2___PTBP1,3,2,A,B,0.0000,0.0,0.0,0.0000,0.1725,0.0000,0.0000,0.0,0.0,0.1600,60.7,65.6,0.310,0,0,0,0,,,,,365,557,,,,,PCBP2___PTBP1_unrelaxed_rank_003_alphafold2_multimer_v3_model_2_seed_000.pdb
PCBP2___PTBP1,4,5,A,B,0.0000,0.0,0.0,0.0000,0.1503,0.0000,0.0000,0.0,0.0,0.1500,59.3,65.5,0.300,0,0,0,0,,,,,365,557,,,,,PCBP2___PTBP1_unrelaxed_rank_004_alphafold2_multimer_v3_model_5_seed_000.pdb
PCBP2___PTBP1,5,4,A,B,0.0000,0.0,0.0,0.0000,0.1570,0.0000,0.0000,0.0,0.0,0.1400,58.6,63.1,0.310,0,0,0,0,,,,,365,557,,,,,PCBP2___PTBP1_unrelaxed_rank_005_alphafold2_multimer_v3_model_4_seed_000.pdb
PCBP2___RAVER1,1,4,A,B,0.0000,0.0,0.0,0.0000,0.1933,0.0000,0.0000,0.0,0.0,0.1900,53.6,52.5,0.400,0,0,0,0,,,,,365,606,,,,,PCBP2___RAVER1_unrelaxed_rank_001_alphafold2_multimer_v3_model_4_seed_000.pdb
PCBP2___RAVER1,2,1,A,B,0.0000,0.0,0.0,0.0000,0.1791,0.0000,0.0000,0.0,0.0,0.1800,52.0,51.8,0.390,0,0,0,0,,,,,365,606,,,,,PCBP2___RAVER1_unrelaxed_rank_002_alphafold2_multimer_v3_model_1_seed_000.pdb
PCBP2___RAVER1,3,2,A,B,0.0000,0.0,0.0,0.0000,0.1745,0.0000,0.0000,0.0,0.0,0.1700,56.7,52.2,0.390,0,0,0,0,,,,,365,606,,,,,PCBP2___RAVER1_unrelaxed_rank_003_alphafold2_multimer_v3_model_2_seed_000.pdb
PCBP2___RAVER1,4,5,A,B,0.0000,0.0,0.0,0.0000,0.1524,0.0000,0.0000,0.0,0.0,0.1600,56.4,52.4,0.390,0,0,0,0,,,,,365,606,,,,,PCBP2___RAVER1_unrelaxed_rank_004_alphafold2_multimer_v3_model_5_seed_000.pdb
PCBP2___RAVER1,5,3,A,B,0.0000,0.0,0.0,0.0000,0.1554,0.0000,0.0000,0.0,0.0,0.1500,53.3,51.8,0.390,0,0,0,0,,,,,365,606,,,,,PCBP2___RAVER1_unrelaxed_rank_005_alphafold2_multimer_v3_model_3_seed_000.pdb
PDK1___ZBTB33,1,4,A,B,0.0000,0.0,0.0,0.0000,0.3008,0.0000,0.0000,0.0,0.0,0.2800,72.8,33.9,0.420,0,0,0,0,,,,,436,672,,,,,PDK1___ZBTB33_unrelaxed_rank_001_alphafold2_multimer_v3_model_4_seed_000.pdb
PDK1___ZBTB33,2,1,A,B,0.0000,0.0,0.0,0.0000,0.3538,0.0000,0.0000,0.0,0.0,0.2000,74.5,34.4,0.420,0,0,0,0,,,,,436,672,,,,,PDK1___ZBTB33_unrelaxed_rank_002_alphafold2_multimer_v3_model_1_seed_000.pdb
PDK1___ZBTB33,3,2,A,B,0.0000,0.0,0.0,0.0000,0.2426,0.0000,0.0000,0.0,0.0,0.1900,75.0,35.7,0.420,0,0,0,0,,,,,436,672,,,,,PDK1___ZBTB33_unrelaxed_rank_003_alphafold2_multimer_v3_model_2_seed_000.pdb
PDK1___ZBTB33,4,3,A,B,0.0000,0.0,0.0,0.0000,0.1759,0.0000,0.0000,0.0,0.0,0.1900,75.0,35.9,0.420,0,0,0,0,,,,,436,672,,,,,PDK1___ZBTB33_unrelaxed_rank_004_alphafold2_multimer_v3_model_3_seed_000.pdb
PDK1___ZBTB33,5,5,A,B,0.0000,0.0,0.0,0.0000,0.2344,0.0000,0.0000,0.0,0.0,0.1900,75.0,35.4,0.410,0,0,0,0,,,,,436,672,,,,,PDK1___ZBTB33_unrelaxed_rank_005_alphafold2_multimer_v3_model_5_seed_000.pdb
PPP1R10___CDC5L,1,3,A,B,0.0605,81.2,4.9,0.0113,0.6246,0.0543,0.0674,194.0,34.0,0.2100,31.0,59.8,0.250,25,29,12,12,48.8,60.9,47.6,61.9,940,802,"[410-411,413-415,417-421,423-437]",[167-195],"[411,413,415,419,421,423-424,426,429,432-433,436]","[175,178-179,181-183,185-186,189-190,193-194]",PPP1R10___CDC5L_unrelaxed_rank_001_alphafold2_multimer_v3_model_3_seed_000.pdb
PPP1R10___CDC5L,2,2,A,B,0.0000,0.0,0.0,0.0000,0.2768,0.0000,0.0000,0.0,0.0,0.1700,30.8,55.5,0.240,0,0,0,0,,,,,940,802,,,,,PPP1R10___CDC5L_unrelaxed_rank_002_alphafold2_multimer_v3_model_2_seed_000.pdb
PPP1R10___CDC5L,3,1,A,B,0.0000,0.0,0.0,0.0000,0.1875,0.0000,0.0000,0.0,0.0,0.1700,31.6,56.6,0.240,0,0,0,0,,,,,940,802,,,,,PPP1R10___CDC5L_unrelaxed_rank_003_alphafold2_multimer_v3_model_1_seed_000.pdb
PPP1R10___CDC5L,4,5,A,B,0.0000,0.0,0.0,0.0000,0.1537,0.0000,0.0000,0.0,0.0,0.1700,30.7,57.3,0.250,0,0,0,0,,,,,940,802,,,,,PPP1R10___CDC5L_unrelaxed_rank_004_alphafold2_multimer_v3_model_5_seed_000.pdb
PPP1R10___CDC5L,5,4,A,B,0.0000,0.0,0.0,0.0000,0.1525,0.0000,0.0000,0.0,0.0,0.1700,30.2,56.4,0.240,0,0,0,0,,,,,940,802,,,,,PPP1R10___CDC5L_unrelaxed_rank_005_alphafold2_multimer_v3_model_4_seed_000.pdb
PRDX1___CHERP,1,1,A,B,0.0000,0.0,0.0,0.0000,0.1595,0.0000,0.0000,0.0,0.0,0.2200,85.5,48.1,0.320,0,0,0,0,,,,,199,916,,,,,PRDX1___CHERP_unrelaxed_rank_001_alphafold2_multimer_v3_model_1_seed_000.pdb
PRDX1___CHERP,2,4,A,B,0.0000,0.0,0.0,0.0000,0.1505,0.0000,0.0000,0.0,0.0,0.1900,84.8,48.2,0.310,0,0,0,0,,,,,199,916,,,,,PRDX1___CHERP_unrelaxed_rank_002_alphafold2_multimer_v3_model_4_seed_000.pdb
PRDX1___CHERP,3,2,A,B,0.0000,0.0,0.0,0.0000,0.1454,0.0000,0.0000,0.0,0.0,0.1700,88.9,48.3,0.320,0,0,0,0,,,,,199,916,,,,,PRDX1___CHERP_unrelaxed_rank_003_alphafold2_multimer_v3_model_2_seed_000.pdb
PRDX1___CHERP,4,5,A,B,0.0000,0.0,0.0,0.0000,0.1284,0.0000,0.0000,0.0,0.0,0.1600,86.6,48.1,0.310,0,0,0,0,,,,,199,916,,,,,PRDX1___CHERP_unrelaxed_rank_004_alphafold2_multimer_v3_model_5_seed_000.pdb
PRDX1___CHERP,5,3,A,B,0.0000,0.0,0.0,0.0000,0.1512,0.0000,0.0000,0.0,0.0,0.1600,87.5,47.4,0.310,0,0,0,0,,,,,199,916,,,,,PRDX1___CHERP_unrelaxed_rank_005_alphafold2_multimer_v3_model_3_seed_000.pdb
PRMT1___CHERP,1,1,A,B,0.0095,9.0,0.1,0.0000,0.4694,0.0142,0.0064,27.0,3.0,0.2700,83.0,45.5,0.360,24,4,2,3,94.5,36.5,81.0,37.0,371,916,"[62,72,74,78,92,103,106,114,122,127,129-130,133,139,141,156,158,166,181,190,237,311,346,352]","[897-898,900-901]","[62,237]","[898,900-901]",PRMT1___CHERP_unrelaxed_rank_001_alphafold2_multimer_v3_model_1_seed_000.pdb
PRMT1___CHERP,2,2,A,B,0.0000,0.0,0.0,0.0000,0.3572,0.0000,0.0000,0.0,0.0,0.2400,84.2,46.7,0.360,0,0,0,0,,,,,371,916,,,,,PRMT1___CHERP_unrelaxed_rank_002_alphafold2_multimer_v3_model_2_seed_000.pdb
PRMT1___CHERP,3,4,A,B,0.0000,0.0,0.0,0.0000,0.2598,0.0000,0.0000,0.0,0.0,0.2300,79.5,45.4,0.350,0,0,0,0,,,,,371,916,,,,,PRMT1___CHERP_unrelaxed_rank_003_alphafold2_multimer_v3_model_4_seed_000.pdb
PRMT1___CHERP,4,3,A,B,0.0000,0.0,0.0,0.0000,0.3508,0.0000,0.0000,0.0,0.0,0.2200,81.3,46.0,0.360,0,0,0,0,,,,,371,916,,,,,PRMT1___CHERP_unrelaxed_rank_004_alphafold2_multimer_v3_model_3_seed_000.pdb
PRMT1___CHERP,5,5,A,B,0.0000,0.0,0.0,0.0000,0.2257,0.0000,0.0000,0.0,0.0,0.2000,82.8,45.7,0.350,0,0,0,0,,,,,371,916,,,,,PRMT1___CHERP_unrelaxed_rank_005_alphafold2_multimer_v3_model_5_seed_000.pdb
PRMT1___HMGB1,1,2,A,B,0.0000,0.0,0.0,0.0000,0.2724,0.0000,0.0000,0.0,0.0,0.1800,82.7,57.1,0.580,0,0,0,0,,,,,371,215,,,,,PRMT1___HMGB1_unrelaxed_rank_001_alphafold2_multimer_v3_model_2_seed_000.pdb
PRMT1___HMGB1,2,1,A,B,0.0000,0.0,0.0,0.0000,0.1788,0.0000,0.0000,0.0,0.0,0.1700,80.0,52.8,0.580,0,0,0,0,,,,,371,215,,,,,PRMT1___HMGB1_unrelaxed_rank_002_alphafold2_multimer_v3_model_1_seed_000.pdb
PRMT1___HMGB1,3,4,A,B,0.0000,0.0,0.0,0.0000,0.1570,0.0000,0.0000,0.0,0.0,0.1600,80.0,55.5,0.570,0,0,0,0,,,,,371,215,,,,,PRMT1___HMGB1_unrelaxed_rank_003_alphafold2_multimer_v3_model_4_seed_000.pdb
PRMT1___HMGB1,4,3,A,B,0.0000,0.0,0.0,0.0000,0.1835,0.0000,0.0000,0.0,0.0,0.1600,81.3,59.9,0.570,0,0,0,0,,,,,371,215,,,,,PRMT1___HMGB1_unrelaxed_rank_004_alphafold2_multimer_v3_model_3_seed_000.pdb
PRMT1___HMGB1,5,5,A,B,0.0000,0.0,0.0,0.0000,0.1336,0.0000,0.0000,0.0,0.0,0.1500,81.5,57.3,0.580,0,0,0,0,,,,,371,215,,,,,PRMT1___HMGB1_unrelaxed_rank_005_alphafold2_multimer_v3_model_5_seed_000.pdb
PRMT1___SF3B2,1,4,A,B,0.0000,0.0,0.0,0.0000,0.2155,0.0000,0.0000,0.0,0.0,0.2500,81.6,32.9,0.350,0,0,0,0,,,,,371,895,,,,,PRMT1___SF3B2_unrelaxed_rank_001_alphafold2_multimer_v3_model_4_seed_000.pdb
PRMT1___SF3B2,2,1,A,B,0.0000,0.0,0.0,0.0000,0.2279,0.0000,0.0000,0.0,0.0,0.2100,85.1,38.8,0.360,0,0,0,0,,,,,371,895,,,,,PRMT1___SF3B2_unrelaxed_rank_002_alphafold2_multimer_v3_model_1_seed_000.pdb
PRMT1___SF3B2,3,2,A,B,0.0000,0.0,0.0,0.0000,0.1523,0.0000,0.0000,0.0,0.0,0.1400,86.3,36.6,0.360,0,0,0,0,,,,,371,895,,,,,PRMT1___SF3B2_unrelaxed_rank_003_alphafold2_multimer_v3_model_2_seed_000.pdb
PRMT1___SF3B2,4,3,A,B,0.0000,0.0,0.0,0.0000,0.1305,0.0000,0.0000,0.0,0.0,0.1400,83.9,37.3,0.350,0,0,0,0,,,,,371,895,,,,,PRMT1___SF3B2_unrelaxed_rank_004_alphafold2_multimer_v3_model_3_seed_000.pdb
PRMT1___SF3B2,5,5,A,B,0.0000,0.0,0.0,0.0000,0.1292,0.0000,0.0000,0.0,0.0,0.1400,85.0,35.7,0.350,0,0,0,0,,,,,371,895,,,,,PRMT1___SF3B2_unrelaxed_rank_005_alphafold2_multimer_v3_model_5_seed_000.pdb
PTBP3___CDC5L,1,1,A,B,0.0000,0.0,0.0,0.0000,0.1688,0.0000,0.0000,0.0,0.0,0.1600,61.9,54.8,0.270,0,0,0,0,,,,,552,802,,,,,PTBP3___CDC5L_unrelaxed_rank_001_alphafold2_multimer_v3_model_1_seed_000.pdb
PTBP3___CDC5L,2,5,A,B,0.0000,0.0,0.0,0.0000,0.1300,0.0000,0.0000,0.0,0.0,0.1500,64.9,55.8,0.260,0,0,0,0,,,,,552,802,,,,,PTBP3___CDC5L_unrelaxed_rank_002_alphafold2_multimer_v3_model_5_seed_000.pdb
PTBP3___CDC5L,3,2,A,B,0.0000,0.0,0.0,0.0000,0.1287,0.0000,0.0000,0.0,0.0,0.1500,66.2,51.2,0.270,0,0,0,0,,,,,552,802,,,,,PTBP3___CDC5L_unrelaxed_rank_003_alphafold2_multimer_v3_model_2_seed_000.pdb
PTBP3___CDC5L,4,3,A,B,0.0000,0.0,0.0,0.0000,0.1326,0.0000,0.0000,0.0,0.0,0.1500,63.7,57.2,0.260,0,0,0,0,,,,,552,802,,,,,PTBP3___CDC5L_unrelaxed_rank_004_alphafold2_multimer_v3_model_3_seed_000.pdb
PTBP3___CDC5L,5,4,A,B,0.0000,0.0,0.0,0.0000,0.2048,0.0000,0.0000,0.0,0.0,0.1500,62.0,51.7,0.260,0,0,0,0,,,,,552,802,,,,,PTBP3___CDC5L_unrelaxed_rank_005_alphafold2_multimer_v3_model_4_seed_000.pdb
PTBP3___DAZAP1,1,1,A,B,0.0000,0.0,0.0,0.0000,0.1491,0.0000,0.0000,0.0,0.0,0.1500,64.9,40.3,0.300,0,0,0,0,,,,,552,407,,,,,PTBP3___DAZAP1_unrelaxed_rank_001_alphafold2_multimer_v3_model_1_seed_000.pdb
PTBP3___DAZAP1,2,2,A,B,0.0000,0.0,0.0,0.0000,0.2583,0.0000,0.0000,0.0,0.0,0.1500,68.2,43.0,0.300,0,0,0,0,,,,,552,407,,,,,PTBP3___DAZAP1_unrelaxed_rank_002_alphafold2_multimer_v3_model_2_seed_000.pdb
PTBP3___DAZAP1,3,3,A,B,0.0000,0.0,0.0,0.0000,0.2555,0.0000,0.0000,0.0,0.0,0.1400,66.4,39.4,0.300,0,0,0,0,,,,,552,407,,,,,PTBP3___DAZAP1_unrelaxed_rank_003_alphafold2_multimer_v3_model_3_seed_000.pdb
PTBP3___DAZAP1,4,4,A,B,0.0000,0.0,0.0,0.0000,0.1371,0.0000,0.0000,0.0,0.0,0.1400,66.0,38.6,0.300,0,0,0,0,,,,,552,407,,,,,PTBP3___DAZAP1_unrelaxed_rank_004_alphafold2_multimer_v3_model_4_seed_000.pdb
PTBP3___DAZAP1,5,5,A,B,0.0000,0.0,0.0,0.0000,0.1305,0.0000,0.0000,0.0,0.0,0.1300,68.2,41.5,0.300,0,0,0,0,,,,,552,407,,,,,PTBP3___DAZAP1_unrelaxed_rank_005_alphafold2_multimer_v3_model_5_seed_000.pdb
PTBP3___GFP,1,2,A,B,0.0000,0.0,0.0,0.0000,0.1456,0.0000,0.0000,0.0,0.0,0.1600,62.1,86.9,0.390,0,0,0,0,,,,,552,238,,,,,PTBP3___GFP_unrelaxed_rank_001_alphafold2_multimer_v3_model_2_seed_000.pdb
PTBP3___GFP,2,1,A,B,0.0000,0.0,0.0,0.0000,0.1503,0.0000,0.0000,0.0,0.0,0.1500,57.8,87.4,0.390,0,0,0,0,,,,,552,238,,,,,PTBP3___GFP_unrelaxed_rank_002_alphafold2_multimer_v3_model_1_seed_000.pdb
PTBP3___GFP,3,3,A,B,0.0000,0.0,0.0,0.0000,0.1273,0.0000,0.0000,0.0,0.0,0.1500,63.0,87.0,0.360,0,0,0,0,,,,,552,238,,,,,PTBP3___GFP_unrelaxed_rank_003_alphafold2_multimer_v3_model_3_seed_000.pdb
PTBP3___GFP,4,5,A,B,0.0000,0.0,0.0,0.0000,0.1188,0.0000,0.0000,0.0,0.0,0.1300,63.7,87.7,0.360,0,0,0,0,,,,,552,238,,,,,PTBP3___GFP_unrelaxed_rank_004_alphafold2_multimer_v3_model_5_seed_000.pdb
PTBP3___GFP,5,4,A,B,0.0000,0.0,0.0,0.0000,0.1285,0.0000,0.0000,0.0,0.0,0.1300,61.8,88.7,0.370,0,0,0,0,,,,,552,238,,,,,PTBP3___GFP_unrelaxed_rank_005_alphafold2_multimer_v3_model_4_seed_000.pdb
PTBP3___SF3B2,1,2,A,B,0.0446,39.6,1.8,0.0000,0.5547,0.0411,0.0485,112.0,14.0,0.2300,67.4,36.5,0.270,41,7,8,3,85.9,45.0,84.6,48.2,552,895,"[181,183,185-186,190,194-195,198-202,204,209-219,221,230-231,233,236-238,249-253,256,268-271]",[827-833],"[212-216,221,256,270]","[830-831,833]",PTBP3___SF3B2_unrelaxed_rank_001_alphafold2_multimer_v3_model_2_seed_000.pdb
PTBP3___SF3B2,2,1,A,B,0.0000,0.0,0.0,0.0000,0.1833,0.0000,0.0000,0.0,0.0,0.1600,63.1,35.0,0.270,0,0,0,0,,,,,552,895,,,,,PTBP3___SF3B2_unrelaxed_rank_002_alphafold2_multimer_v3_model_1_seed_000.pdb
PTBP3___SF3B2,3,5,A,B,0.0000,0.0,0.0,0.0000,0.1330,0.0000,0.0000,0.0,0.0,0.1500,66.3,35.5,0.260,0,0,0,0,,,,,552,895,,,,,PTBP3___SF3B2_unrelaxed_rank_003_alphafold2_multimer_v3_model_5_seed_000.pdb
PTBP3___SF3B2,4,3,A,B,0.0000,0.0,0.0,0.0000,0.1491,0.0000,0.0000,0.0,0.0,0.1500,64.2,37.5,0.260,0,0,0,0,,,,,552,895,,,,,PTBP3___SF3B2_unrelaxed_rank_004_alphafold2_multimer_v3_model_3_seed_000.pdb
PTBP3___SF3B2,5,4,A,B,0.0000,0.0,0.0,0.0000,0.2105,0.0000,0.0000,0.0,0.0,0.1500,63.2,34.2,0.250,0,0,0,0,,,,,552,895,,,,,PTBP3___SF3B2_unrelaxed_rank_005_alphafold2_multimer_v3_model_4_seed_000.pdb
RAVER1___RBM33,1,2,A,B,0.3276,529.6,173.5,0.1271,0.8713,0.2275,0.4716,3842.0,73.0,0.4200,54.0,23.2,0.320,268,17,13,12,94.1,48.7,88.8,54.1,606,1170,"[38-229,232,234-243,245-255,261-287,290-316]",[171-187],"[71-72,76,84-93]","[174,176-185,187]",RAVER1___RBM33_unrelaxed_rank_001_alphafold2_multimer_v3_model_2_seed_000.pdb
RAVER1___RBM33,2,4,A,B,0.0000,0.0,0.0,0.0000,0.3057,0.0000,0.0000,0.0,0.0,0.2200,52.8,20.7,0.300,0,0,0,0,,,,,606,1170,,,,,RAVER1___RBM33_unrelaxed_rank_002_alphafold2_multimer_v3_model_4_seed_000.pdb
RAVER1___RBM33,3,3,A,B,0.0000,0.0,0.0,0.0000,0.3501,0.0000,0.0000,0.0,0.0,0.2100,52.1,22.7,0.310,0,0,0,0,,,,,606,1170,,,,,RAVER1___RBM33_unrelaxed_rank_003_alphafold2_multimer_v3_model_3_seed_000.pdb
RAVER1___RBM33,4,1,A,B,0.0000,0.0,0.0,0.0000,0.3063,0.0000,0.0000,0.0,0.0,0.2100,52.9,20.9,0.310,0,0,0,0,,,,,606,1170,,,,,RAVER1___RBM33_unrelaxed_rank_004_alphafold2_multimer_v3_model_1_seed_000.pdb
RAVER1___RBM33,5,5,A,B,0.0000,0.0,0.0,0.0000,0.2123,0.0000,0.0000,0.0,0.0,0.1800,53.5,22.6,0.300,0,0,0,0,,,,,606,1170,,,,,RAVER1___RBM33_unrelaxed_rank_005_alphafold2_multimer_v3_model_5_seed_000.pdb
RB1___SF3A3,1,3,A,B,0.2488,899.6,223.8,0.1005,0.8173,0.1672,0.3702,13716.0,59.0,0.4400,66.4,69.0,0.550,501,34,13,12,90.3,65.4,86.5,66.9,928,501,"[56-83,96-173,189-207,211-228,230,274-281,285-300,317-329,331-337,339-343,375-388,396-397,399-405,407,409-467,473-498,513-539,542-577,645-774,776-780,782]",[468-501],"[713,720-722,753,756-758,761-762,765-766,769]","[469-471,473,476-480,484,486,489]",RB1___SF3A3_unrelaxed_rank_001_alphafold2_multimer_v3_model_3_seed_000.pdb
RB1___SF3A3,2,1,A,B,0.1351,421.7,57.0,0.0160,0.7160,0.1003,0.1819,3952.0,45.0,0.3500,67.9,64.5,0.530,337,27,12,10,90.3,58.2,84.6,57.8,928,501,"[72,74-78,97,99,101-103,105-108,116,118-119,121-122,130-131,133-135,142-158,160-162,194-202,213-215,217-224,292,320-321,324,378-382,384-386,400,403,412,414-434,439,441-461,476-498,514-538,543-576,646-745,747-773,779-780,782,900-901]","[21,41,471-495]","[713,720-723,753,756-758,761-762,765]","[471,473,476-480,484-486]",RB1___SF3A3_unrelaxed_rank_002_alphafold2_multimer_v3_model_1_seed_000.pdb
RB1___SF3A3,3,5,A,B,0.0524,45.6,2.4,0.0121,0.5968,0.0462,0.0593,415.0,5.0,0.3500,67.2,68.6,0.530,121,14,4,5,92.0,58.2,86.1,59.5,928,501,"[418,488,525,527,532,552-553,555-559,561-564,570,573,650-664,666-669,671,675-715,717,719-728,730,738-740,742-745,748-770]","[477-489,491]","[709,713,722,757]","[478,480,484,486-487]",RB1___SF3A3_unrelaxed_rank_003_alphafold2_multimer_v3_model_5_seed_000.pdb
RB1___SF3A3,4,2,A,B,0.0652,80.0,5.2,0.0116,0.5872,0.0493,0.0862,534.0,12.0,0.2700,68.6,67.4,0.530,11,130,5,6,42.5,83.9,42.3,79.0,928,501,[894-904],"[4-28,32-54,56-62,68,71,105-116,127-131,134,138-146,148,161,182-183,185-188,190,192-204,206,208-210,212-214,322-323,326-327,329-334,336-338,340-342,345]","[895,897,900-901,904]","[41,45,48-49,109,113]",RB1___SF3A3_unrelaxed_rank_004_alphafold2_multimer_v3_model_2_seed_000.pdb
RB1___SF3A3,5,4,A,B,0.0108,1.4,0.0,0.0000,0.5163,0.0104,0.0113,2.0,1.0,0.2500,67.5,63.4,0.530,2,2,1,1,34.2,80.0,36.7,79.8,928,501,"[900,904]","[42,49]",[900],[49],RB1___SF3A3_unrelaxed_rank_005_alphafold2_multimer_v3_model_4_seed_000.pdb
RBM4___CCNT1,1,1,A,B,0.2275,556.8,126.7,0.2015,0.8207,0.1722,0.3006,4697.0,66.0,0.3200,43.0,42.2,0.370,34,225,17,23,38.5,85.8,36.7,77.4,364,726,"[156-179,186-194,221]","[10-27,29-112,126-248]","[156-159,161,163-164,166,171-173,187,190-191,193-194,221]","[55-57,132,139,154,157-159,162-167,171-172,175,179,215-217,224]",RBM4___CCNT1_unrelaxed_rank_001_alphafold2_multimer_v3_model_1_seed_000.pdb
RBM4___CCNT1,2,2,A,B,0.1456,433.5,63.1,0.0601,0.6934,0.1116,0.1900,2983.0,63.0,0.2900,45.4,43.5,0.370,31,222,17,19,46.5,88.6,47.1,78.7,364,726,"[157-158,160-178,184,186-194]","[13-27,29-112,126-248]","[160-166,171-173,178,184,186-187,190,193-194]","[158-159,162-165,168,171-172,175-176,179,215-217,219,221,224-225]",RBM4___CCNT1_unrelaxed_rank_002_alphafold2_multimer_v3_model_2_seed_000.pdb
RBM4___CCNT1,3,5,A,B,0.0000,0.0,0.0,0.0000,0.3293,0.0000,0.0000,0.0,0.0,0.2000,43.7,42.5,0.340,0,0,0,0,,,,,364,726,,,,,RBM4___CCNT1_unrelaxed_rank_003_alphafold2_multimer_v3_model_5_seed_000.pdb
RBM4___CCNT1,4,4,A,B,0.0000,0.0,0.0,0.0000,0.3147,0.0000,0.0000,0.0,0.0,0.1800,42.1,40.5,0.340,0,0,0,0,,,,,364,726,,,,,RBM4___CCNT1_unrelaxed_rank_004_alphafold2_multimer_v3_model_4_seed_000.pdb
RBM4___CCNT1,5,3,A,B,0.0000,0.0,0.0,0.0000,0.2151,0.0000,0.0000,0.0,0.0,0.1700,41.7,41.6,0.340,0,0,0,0,,,,,364,726,,,,,RBM4___CCNT1_unrelaxed_rank_005_alphafold2_multimer_v3_model_3_seed_000.pdb
RBM4___CDC37,1,2,A,B,0.0532,62.2,3.3,0.0122,0.4740,0.0403,0.0702,430.0,9.0,0.2100,44.8,67.0,0.330,11,121,4,5,37.8,86.8,39.9,84.6,364,378,"[211,218-227]","[144,149,151-165,167-168,170-226,229-231,234-235,237-241,250-284]","[218-219,222,226]","[188,192,195-196,270]",RBM4___CDC37_unrelaxed_rank_001_alphafold2_multimer_v3_model_2_seed_000.pdb
RBM4___CDC37,2,1,A,B,0.0762,103.9,7.9,0.0141,0.4843,0.0565,0.1028,514.0,21.0,0.1900,45.2,65.1,0.310,14,120,6,9,32.8,85.7,32.5,85.0,364,378,[211-224],"[144-165,168-231,234-241,248-273]","[211,214-215,218,221-222]","[148,184,187-188,191-192,195,262,266]",RBM4___CDC37_unrelaxed_rank_002_alphafold2_multimer_v3_model_1_seed_000.pdb
RBM4___CDC37,3,5,A,B,0.0123,2.4,0.0,0.0000,0.3938,0.0125,0.0121,3.0,2.0,0.1700,44.6,64.7,0.320,2,2,2,2,31.9,68.1,31.9,68.1,364,378,"[222,225]","[200,274]","[222,225]","[200,274]",RBM4___CDC37_unrelaxed_rank_003_alphafold2_multimer_v3_model_5_seed_000.pdb
RBM4___CDC37,4,3,A,B,0.0000,0.0,0.0,0.0000,0.2744,0.0000,0.0000,0.0,0.0,0.1600,42.9,63.5,0.310,0,0,0,0,,,,,364,378,,,,,RBM4___CDC37_unrelaxed_rank_004_alphafold2_multimer_v3_model_3_seed_000.pdb
RBM4___CDC37,5,4,A,B,0.0000,0.0,0.0,0.0000,0.2822,0.0000,0.0000,0.0,0.0,0.1500,43.9,64.6,0.320,0,0,0,0,,,,,364,378,,,,,RBM4___CDC37_unrelaxed_rank_005_alphafold2_multimer_v3_model_4_seed_000.pdb
RBM4___DAZAP1,1,1,A,B,0.0000,0.0,0.0,0.0000,0.1688,0.0000,0.0000,0.0,0.0,0.1400,45.9,41.3,0.230,0,0,0,0,,,,,364,407,,,,,RBM4___DAZAP1_unrelaxed_rank_001_alphafold2_multimer_v3_model_1_seed_000.pdb
RBM4___DAZAP1,2,4,A,B,0.0000,0.0,0.0,0.0000,0.1599,0.0000,0.0000,0.0,0.0,0.1400,46.1,41.7,0.230,0,0,0,0,,,,,364,407,,,,,RBM4___DAZAP1_unrelaxed_rank_002_alphafold2_multimer_v3_model_4_seed_000.pdb
RBM4___DAZAP1,3,3,A,B,0.0000,0.0,0.0,0.0000,0.1351,0.0000,0.0000,0.0,0.0,0.1300,44.3,40.1,0.220,0,0,0,0,,,,,364,407,,,,,RBM4___DAZAP1_unrelaxed_rank_003_alphafold2_multimer_v3_model_3_seed_000.pdb
RBM4___DAZAP1,4,2,A,B,0.0000,0.0,0.0,0.0000,0.1223,0.0000,0.0000,0.0,0.0,0.1200,46.8,42.8,0.230,0,0,0,0,,,,,364,407,,,,,RBM4___DAZAP1_unrelaxed_rank_004_alphafold2_multimer_v3_model_2_seed_000.pdb
RBM4___DAZAP1,5,5,A,B,0.0000,0.0,0.0,0.0000,0.1258,0.0000,0.0000,0.0,0.0,0.1200,46.8,42.8,0.220,0,0,0,0,,,,,364,407,,,,,RBM4___DAZAP1_unrelaxed_rank_005_alphafold2_multimer_v3_model_5_seed_000.pdb
RBM4___DHX15,1,4,A,B,0.0928,301.9,28.0,0.0182,0.6074,0.0942,0.0915,2681.0,34.0,0.4000,39.2,79.2,0.620,16,448,11,18,46.0,91.4,46.2,80.7,364,795,"[148-159,162-163,171-172]","[117-119,123-124,127-131,133,135,137-159,165-180,188-293,299-312,322,336-340,342,352-354,362,365,367-369,371,385,387,415,417,419,434-435,437,447,460,463-467,469-470,482,500-503,505-597,599-601,609-615,617-621,623-634,636-637,639-675,677,680,684-704,709-712,717-727,730-737,739-740,745-767,772,776-780,782-784]","[148-157,163]","[245-250,275,282,516-518,520-521,554-555,557,560-561]",RBM4___DHX15_unrelaxed_rank_001_alphafold2_multimer_v3_model_4_seed_000.pdb
RBM4___DHX15,2,1,A,B,0.0459,15.0,0.7,0.0000,0.4515,0.0492,0.0429,113.0,2.0,0.2600,41.1,77.6,0.580,3,78,2,2,40.1,87.7,40.2,84.8,364,795,[155-157],"[575-576,578,582-592,595,597,600-601,609,611-616,618-621,629-630,633,636-648,650,653-654,656-657,659-661,663-664,666-667,669-671,675,684,687-693,695,732-733,735-736,747,755,757-758]","[155,157]","[629,633]",RBM4___DHX15_unrelaxed_rank_002_alphafold2_multimer_v3_model_1_seed_000.pdb
RBM4___DHX15,3,3,A,B,0.0000,0.0,0.0,0.0000,0.2729,0.0000,0.0000,0.0,0.0,0.2300,40.0,79.0,0.590,0,0,0,0,,,,,364,795,,,,,RBM4___DHX15_unrelaxed_rank_003_alphafold2_multimer_v3_model_3_seed_000.pdb
RBM4___DHX15,4,5,A,B,0.0000,0.0,0.0,0.0000,0.3106,0.0000,0.0000,0.0,0.0,0.2200,40.4,79.1,0.600,0,0,0,0,,,,,364,795,,,,,RBM4___DHX15_unrelaxed_rank_004_alphafold2_multimer_v3_model_5_seed_000.pdb
RBM4___DHX15,5,2,A,B,0.0000,0.0,0.0,0.0000,0.3668,0.0000,0.0000,0.0,0.0,0.2000,40.8,77.7,0.580,0,0,0,0,,,,,364,795,,,,,RBM4___DHX15_unrelaxed_rank_005_alphafold2_multimer_v3_model_2_seed_000.pdb
RBM4___U2SURP,1,2,A,B,0.0955,163.8,15.6,0.0153,0.6891,0.0845,0.1080,1220.0,22.0,0.2300,46.9,49.6,0.300,18,114,9,12,43.9,85.4,43.8,78.6,364,1029,"[213-229,238]","[375-387,407-507]","[215,218-219,222,225-226,228-229,238]","[382,443,446-447,450-451,454,462-463,465,497,500]",RBM4___U2SURP_unrelaxed_rank_001_alphafold2_multimer_v3_model_2_seed_000.pdb
RBM4___U2SURP,2,3,A,B,0.0000,0.0,0.0,0.0000,0.3415,0.0000,0.0000,0.0,0.0,0.2100,43.3,47.4,0.290,0,0,0,0,,,,,364,1029,,,,,RBM4___U2SURP_unrelaxed_rank_002_alphafold2_multimer_v3_model_3_seed_000.pdb
RBM4___U2SURP,3,4,A,B,0.0000,0.0,0.0,0.0000,0.3193,0.0000,0.0000,0.0,0.0,0.2000,42.6,46.4,0.280,0,0,0,0,,,,,364,1029,,,,,RBM4___U2SURP_unrelaxed_rank_003_alphafold2_multimer_v3_model_4_seed_000.pdb
RBM4___U2SURP,4,1,A,B,0.0000,0.0,0.0,0.0000,0.3115,0.0000,0.0000,0.0,0.0,0.2000,44.3,48.4,0.280,0,0,0,0,,,,,364,1029,,,,,RBM4___U2SURP_unrelaxed_rank_004_alphafold2_multimer_v3_model_1_seed_000.pdb
RBM4___U2SURP,5,5,A,B,0.0000,0.0,0.0,0.0000,0.3252,0.0000,0.0000,0.0,0.0,0.1800,42.3,48.0,0.280,0,0,0,0,,,,,364,1029,,,,,RBM4___U2SURP_unrelaxed_rank_005_alphafold2_multimer_v3_model_5_seed_000.pdb
RPS12___CHERP,1,4,A,B,0.0000,0.0,0.0,0.0000,0.2236,0.0000,0.0000,0.0,0.0,0.2600,78.4,50.2,0.320,0,0,0,0,,,,,132,916,,,,,RPS12___CHERP_unrelaxed_rank_001_alphafold2_multimer_v3_model_4_seed_000.pdb
RPS12___CHERP,2,1,A,B,0.0000,0.0,0.0,0.0000,0.2029,0.0000,0.0000,0.0,0.0,0.2600,80.7,50.5,0.330,0,0,0,0,,,,,132,916,,,,,RPS12___CHERP_unrelaxed_rank_002_alphafold2_multimer_v3_model_1_seed_000.pdb
RPS12___CHERP,3,2,A,B,0.0000,0.0,0.0,0.0000,0.1862,0.0000,0.0000,0.0,0.0,0.2300,84.1,50.8,0.330,0,0,0,0,,,,,132,916,,,,,RPS12___CHERP_unrelaxed_rank_003_alphafold2_multimer_v3_model_2_seed_000.pdb
RPS12___CHERP,4,5,A,B,0.0000,0.0,0.0,0.0000,0.1098,0.0000,0.0000,0.0,0.0,0.2100,81.8,50.5,0.330,0,0,0,0,,,,,132,916,,,,,RPS12___CHERP_unrelaxed_rank_004_alphafold2_multimer_v3_model_5_seed_000.pdb
RPS12___CHERP,5,3,A,B,0.0000,0.0,0.0,0.0000,0.1617,0.0000,0.0000,0.0,0.0,0.2100,81.9,50.4,0.320,0,0,0,0,,,,,132,916,,,,,RPS12___CHERP_unrelaxed_rank_005_alphafold2_multimer_v3_model_3_seed_000.pdb
RPS12___FAM50A,1,2,A,B,0.0000,0.0,0.0,0.0000,0.2736,0.0104,0.0000,1.0,0.0,0.2500,78.4,67.7,0.410,1,1,0,0,64.6,92.9,,,132,339,[102],[213],,,RPS12___FAM50A_unrelaxed_rank_001_alphafold2_multimer_v3_model_2_seed_000.pdb
RPS12___FAM50A,2,4,A,B,0.0000,0.0,0.0,0.0000,0.2054,0.0000,0.0000,0.0,0.0,0.2400,76.6,58.8,0.400,0,0,0,0,,,,,132,339,,,,,RPS12___FAM50A_unrelaxed_rank_002_alphafold2_multimer_v3_model_4_seed_000.pdb
RPS12___FAM50A,3,1,A,B,0.0000,0.0,0.0,0.0000,0.1633,0.0000,0.0000,0.0,0.0,0.1700,79.1,66.3,0.380,0,0,0,0,,,,,132,339,,,,,RPS12___FAM50A_unrelaxed_rank_003_alphafold2_multimer_v3_model_1_seed_000.pdb
RPS12___FAM50A,4,5,A,B,0.0000,0.0,0.0,0.0000,0.1127,0.0000,0.0000,0.0,0.0,0.1600,74.1,58.6,0.370,0,0,0,0,,,,,132,339,,,,,RPS12___FAM50A_unrelaxed_rank_004_alphafold2_multimer_v3_model_5_seed_000.pdb
RPS12___FAM50A,5,3,A,B,0.0000,0.0,0.0,0.0000,0.0897,0.0000,0.0000,0.0,0.0,0.1200,78.5,61.3,0.360,0,0,0,0,,,,,132,339,,,,,RPS12___FAM50A_unrelaxed_rank_005_alphafold2_multimer_v3_model_3_seed_000.pdb
RPS12___RB1,1,4,A,B,0.0000,0.0,0.0,0.0000,0.1797,0.0000,0.0000,0.0,0.0,0.2500,54.9,68.8,0.650,0,0,0,0,,,,,132,928,,,,,RPS12___RB1_unrelaxed_rank_001_alphafold2_multimer_v3_model_4_seed_000.pdb
RPS12___RB1,2,3,A,B,0.0000,0.0,0.0,0.0000,0.1921,0.0000,0.0000,0.0,0.0,0.2400,64.8,67.9,0.650,0,0,0,0,,,,,132,928,,,,,RPS12___RB1_unrelaxed_rank_002_alphafold2_multimer_v3_model_3_seed_000.pdb
RPS12___RB1,3,2,A,B,0.0000,0.0,0.0,0.0000,0.1383,0.0000,0.0000,0.0,0.0,0.1800,60.9,68.1,0.640,0,0,0,0,,,,,132,928,,,,,RPS12___RB1_unrelaxed_rank_003_alphafold2_multimer_v3_model_2_seed_000.pdb
RPS12___RB1,4,5,A,B,0.0000,0.0,0.0,0.0000,0.1450,0.0000,0.0000,0.0,0.0,0.1700,68.3,68.1,0.640,0,0,0,0,,,,,132,928,,,,,RPS12___RB1_unrelaxed_rank_004_alphafold2_multimer_v3_model_5_seed_000.pdb
RPS12___RB1,5,1,A,B,0.0000,0.0,0.0,0.0000,0.1383,0.0000,0.0000,0.0,0.0,0.1700,62.6,69.4,0.640,0,0,0,0,,,,,132,928,,,,,RPS12___RB1_unrelaxed_rank_005_alphafold2_multimer_v3_model_1_seed_000.pdb
SAR1A___AGAP3,1,3,A,B,0.4154,3953.6,1642.4,0.4913,0.9361,0.3138,0.5500,91946.0,170.0,0.7700,74.6,62.6,0.490,177,351,36,38,80.1,87.0,76.5,77.4,198,875,[22-198],"[365-433,567-848]","[25,27,34-35,39,43,47,52-55,57-62,72,74,79-82,84-85,88-89,91-93,101,103-104,106-107,140]","[420-421,423-425,430-432,576,578-580,601,604-605,608-609,611-613,651,662-663,665-666,669-670,672-674,677-678,680,682-685,722]",SAR1A___AGAP3_unrelaxed_rank_001_alphafold2_multimer_v3_model_3_seed_000.pdb
SAR1A___AGAP3,2,2,A,B,0.2338,2771.3,647.8,0.2786,0.8128,0.1625,0.3363,48610.0,158.0,0.6800,73.4,62.9,0.460,177,331,32,37,78.7,87.1,73.1,72.9,198,875,[22-198],"[365-433,567-617,622,624-710,713-743,747-780,787-844]","[27,34-35,39,43,47,52-55,57-62,72,74,79-82,84-85,88-89,91-92,103-104,106,140]","[420-425,430-432,576,578-580,601,604-605,608-609,611-613,651,662-663,665-666,669,672-674,678,680,682-685,722]",SAR1A___AGAP3_unrelaxed_rank_002_alphafold2_multimer_v3_model_2_seed_000.pdb
SAR1A___AGAP3,3,1,A,B,0.0000,0.0,0.0,0.0000,0.3100,0.0206,0.0000,63.0,0.0,0.3600,60.6,57.7,0.350,6,37,0,0,78.4,84.3,,,198,875,"[30-32,97-99]","[641-644,646,648,652-656,659-668,676,681,685-686,699,723-733]",,,SAR1A___AGAP3_unrelaxed_rank_003_alphafold2_multimer_v3_model_1_seed_000.pdb
SAR1A___AGAP3,4,5,A,B,0.0000,0.0,0.0,0.0000,0.2316,0.0128,0.0000,29.0,0.0,0.3000,60.7,59.2,0.340,4,21,0,0,83.2,83.2,,,198,875,"[97-99,132]","[648,651-653,659-661,664,667-668,671,676,681,723,725-731]",,,SAR1A___AGAP3_unrelaxed_rank_004_alphafold2_multimer_v3_model_5_seed_000.pdb
SAR1A___AGAP3,5,4,A,B,0.0000,0.0,0.0,0.0000,0.2495,0.0159,0.0000,90.0,0.0,0.2900,58.3,57.7,0.340,6,34,0,0,80.1,82.9,,,198,875,"[97-99,130-132]","[640,642-643,645-646,648,652,658-661,664,667-668,671,675,681,685-688,692-693,721,723-731,733]",,,SAR1A___AGAP3_unrelaxed_rank_005_alphafold2_multimer_v3_model_4_seed_000.pdb
SAR1A___PCBP2,1,4,A,B,0.0000,0.0,0.0,0.0000,0.1098,0.0000,0.0000,0.0,0.0,0.1400,70.5,58.1,0.370,0,0,0,0,,,,,198,365,,,,,SAR1A___PCBP2_unrelaxed_rank_001_alphafold2_multimer_v3_model_4_seed_000.pdb
SAR1A___PCBP2,2,2,A,B,0.0000,0.0,0.0,0.0000,0.1223,0.0000,0.0000,0.0,0.0,0.1300,69.6,58.4,0.370,0,0,0,0,,,,,198,365,,,,,SAR1A___PCBP2_unrelaxed_rank_002_alphafold2_multimer_v3_model_2_seed_000.pdb
SAR1A___PCBP2,3,3,A,B,0.0000,0.0,0.0,0.0000,0.1003,0.0000,0.0000,0.0,0.0,0.1300,67.9,54.9,0.360,0,0,0,0,,,,,198,365,,,,,SAR1A___PCBP2_unrelaxed_rank_003_alphafold2_multimer_v3_model_3_seed_000.pdb
SAR1A___PCBP2,4,1,A,B,0.0000,0.0,0.0,0.0000,0.1020,0.0000,0.0000,0.0,0.0,0.1200,68.0,54.9,0.360,0,0,0,0,,,,,198,365,,,,,SAR1A___PCBP2_unrelaxed_rank_004_alphafold2_multimer_v3_model_1_seed_000.pdb
SAR1A___PCBP2,5,5,A,B,0.0000,0.0,0.0,0.0000,0.0946,0.0000,0.0000,0.0,0.0,0.1200,63.3,57.4,0.360,0,0,0,0,,,,,198,365,,,,,SAR1A___PCBP2_unrelaxed_rank_005_alphafold2_multimer_v3_model_5_seed_000.pdb
SAR1A___SMAP,1,4,A,B,0.0164,15.3,0.3,0.0000,0.2788,0.0167,0.0161,47.0,5.0,0.2000,81.1,25.8,0.520,38,3,5,1,82.7,40.4,65.5,41.1,198,183,"[6-18,29-31,39-40,66-67,70-71,96,105,112,114,128,144,149,178,181-183,188,191-192,195-196]",[45-47],"[8-9,12,66-67]",[45],SAR1A___SMAP_unrelaxed_rank_001_alphafold2_multimer_v3_model_4_seed_000.pdb
SAR1A___SMAP,2,2,A,B,0.0000,0.0,0.0,0.0000,0.1765,0.0000,0.0000,0.0,0.0,0.1500,75.5,22.7,0.500,0,0,0,0,,,,,198,183,,,,,SAR1A___SMAP_unrelaxed_rank_002_alphafold2_multimer_v3_model_2_seed_000.pdb
SAR1A___SMAP,3,3,A,B,0.0000,0.0,0.0,0.0000,0.1557,0.0000,0.0000,0.0,0.0,0.1500,78.4,24.2,0.510,0,0,0,0,,,,,198,183,,,,,SAR1A___SMAP_unrelaxed_rank_003_alphafold2_multimer_v3_model_3_seed_000.pdb
SAR1A___SMAP,4,5,A,B,0.0000,0.0,0.0,0.0000,0.2127,0.0000,0.0000,0.0,0.0,0.1600,72.8,24.0,0.470,0,0,0,0,,,,,198,183,,,,,SAR1A___SMAP_unrelaxed_rank_004_alphafold2_multimer_v3_model_5_seed_000.pdb
SAR1A___SMAP,5,1,A,B,0.0000,0.0,0.0,0.0000,0.1524,0.0000,0.0000,0.0,0.0,0.1400,76.0,23.3,0.500,0,0,0,0,,,,,198,183,,,,,SAR1A___SMAP_unrelaxed_rank_005_alphafold2_multimer_v3_model_1_seed_000.pdb
SET___PCCA,1,3,A,B,0.0000,0.0,0.0,0.0000,0.3901,0.0000,0.0000,0.0,0.0,0.2300,57.8,83.5,0.640,0,0,0,0,,,,,290,728,,,,,SET___PCCA_unrelaxed_rank_001_alphafold2_multimer_v3_model_3_seed_000.pdb
SET___PCCA,2,5,A,B,0.0000,0.0,0.0,0.0000,0.2165,0.0000,0.0000,0.0,0.0,0.1800,57.8,83.9,0.640,0,0,0,0,,,,,290,728,,,,,SET___PCCA_unrelaxed_rank_002_alphafold2_multimer_v3_model_5_seed_000.pdb
SET___PCCA,3,4,A,B,0.0000,0.0,0.0,0.0000,0.1673,0.0000,0.0000,0.0,0.0,0.1800,49.5,81.2,0.620,0,0,0,0,,,,,290,728,,,,,SET___PCCA_unrelaxed_rank_003_alphafold2_multimer_v3_model_4_seed_000.pdb
SET___PCCA,4,2,A,B,0.0000,0.0,0.0,0.0000,0.3568,0.0000,0.0000,0.0,0.0,0.1700,56.2,83.9,0.630,0,0,0,0,,,,,290,728,,,,,SET___PCCA_unrelaxed_rank_004_alphafold2_multimer_v3_model_2_seed_000.pdb
SET___PCCA,5,1,A,B,0.0000,0.0,0.0,0.0000,0.2392,0.0000,0.0000,0.0,0.0,0.1600,53.2,83.4,0.630,0,0,0,0,,,,,290,728,,,,,SET___PCCA_unrelaxed_rank_005_alphafold2_multimer_v3_model_1_seed_000.pdb
SET___RBM4,1,1,A,B,0.0377,43.0,1.6,0.0118,0.4002,0.0271,0.0524,264.0,7.0,0.1700,60.9,44.0,0.360,101,8,4,3,82.8,32.8,62.7,31.8,290,364,"[45,47-91,95-102,113,116-122,124,126,135-142,146-147,150-153,155-157,169,171-173,204-206,218-220,222-230,232]",[218-225],"[63,66-67,70]","[218,221,225]",SET___RBM4_unrelaxed_rank_001_alphafold2_multimer_v3_model_1_seed_000.pdb
SET___RBM4,2,5,A,B,0.0163,7.3,0.1,0.0000,0.3711,0.0213,0.0125,27.0,2.0,0.1500,60.7,43.7,0.360,17,2,2,1,69.6,29.0,63.0,28.2,290,364,"[45,47-55,57,60-63,66,71]",[221-222],"[63,66]",[221],SET___RBM4_unrelaxed_rank_002_alphafold2_multimer_v3_model_5_seed_000.pdb
SET___RBM4,3,2,A,B,0.0159,32.4,0.5,0.0000,0.3190,0.0208,0.0121,131.0,8.0,0.1500,62.2,44.1,0.360,41,6,6,3,77.2,29.5,60.3,28.9,290,364,"[47-48,51-73,75-76,78-80,82-84,86,113,117,122,136,151,155,171]",[218-223],"[59-60,62-63,66-67]","[218,221-222]",SET___RBM4_unrelaxed_rank_003_alphafold2_multimer_v3_model_2_seed_000.pdb
SET___RBM4,4,4,A,B,0.0000,0.0,0.0,0.0000,0.2327,0.0000,0.0000,0.0,0.0,0.1400,60.1,43.0,0.340,0,0,0,0,,,,,290,364,,,,,SET___RBM4_unrelaxed_rank_004_alphafold2_multimer_v3_model_4_seed_000.pdb
SET___RBM4,5,3,A,B,0.0000,0.0,0.0,0.0000,0.1790,0.0000,0.0000,0.0,0.0,0.1300,58.6,42.1,0.340,0,0,0,0,,,,,290,364,,,,,SET___RBM4_unrelaxed_rank_005_alphafold2_multimer_v3_model_3_seed_000.pdb
SF1___GFP,1,4,A,B,0.0000,0.0,0.0,0.0000,0.1387,0.0000,0.0000,0.0,0.0,0.1900,35.1,86.2,0.340,0,0,0,0,,,,,639,238,,,,,SF1___GFP_unrelaxed_rank_001_alphafold2_multimer_v3_model_4_seed_000.pdb
SF1___GFP,2,1,A,B,0.0000,0.0,0.0,0.0000,0.1740,0.0000,0.0000,0.0,0.0,0.1700,34.2,86.8,0.350,0,0,0,0,,,,,639,238,,,,,SF1___GFP_unrelaxed_rank_002_alphafold2_multimer_v3_model_1_seed_000.pdb
SF1___GFP,3,3,A,B,0.0000,0.0,0.0,0.0000,0.1226,0.0000,0.0000,0.0,0.0,0.1600,35.5,85.7,0.340,0,0,0,0,,,,,639,238,,,,,SF1___GFP_unrelaxed_rank_003_alphafold2_multimer_v3_model_3_seed_000.pdb
SF1___GFP,4,5,A,B,0.0000,0.0,0.0,0.0000,0.1311,0.0000,0.0000,0.0,0.0,0.1600,34.6,87.6,0.340,0,0,0,0,,,,,639,238,,,,,SF1___GFP_unrelaxed_rank_004_alphafold2_multimer_v3_model_5_seed_000.pdb
SF1___GFP,5,2,A,B,0.0000,0.0,0.0,0.0000,0.1340,0.0000,0.0000,0.0,0.0,0.1300,34.7,88.9,0.350,0,0,0,0,,,,,639,238,,,,,SF1___GFP_unrelaxed_rank_005_alphafold2_multimer_v3_model_2_seed_000.pdb
SF1___PCCA,1,3,A,B,0.3500,1104.0,386.5,0.2337,0.9323,0.1974,0.6207,28347.0,43.0,0.5200,36.9,84.6,0.570,88,504,8,12,81.0,93.3,80.0,76.5,639,728,[47-134],"[63-174,181-187,189-190,268-293,296-652]","[75-77,80-81,83,100,104]","[539-546,597-600]",SF1___PCCA_unrelaxed_rank_001_alphafold2_multimer_v3_model_3_seed_000.pdb
SF1___PCCA,2,5,A,B,0.3158,1052.5,332.3,0.1265,0.8989,0.1773,0.5625,27017.0,41.0,0.5100,36.6,84.3,0.560,88,501,8,12,79.9,93.1,77.5,75.1,639,728,[47-134],"[63-174,181-187,189-190,267-293,296-407,411-651]","[75-77,80-81,83,100,104]","[539-545,547,597-600]",SF1___PCCA_unrelaxed_rank_002_alphafold2_multimer_v3_model_5_seed_000.pdb
SF1___PCCA,3,4,A,B,0.3435,835.3,286.9,0.1346,0.9276,0.1893,0.6233,19383.0,36.0,0.4900,36.2,83.9,0.560,82,499,8,9,79.7,92.7,79.8,78.3,639,728,"[48-120,123,125-132]","[63-174,181-185,268-407,409,411-651]","[75-81,104]","[539-540,542-545,597-599]",SF1___PCCA_unrelaxed_rank_003_alphafold2_multimer_v3_model_4_seed_000.pdb
SF1___PCCA,4,1,A,B,0.2527,720.1,182.0,0.0297,0.8292,0.1452,0.4397,12060.0,43.0,0.4700,36.1,84.3,0.560,67,486,8,12,76.9,92.7,76.1,73.3,639,728,[53-119],"[63-166,168-173,183,268-294,297-382,384-407,411-566,568-649]","[75-77,79-81,83,104]","[539-546,597-600]",SF1___PCCA_unrelaxed_rank_004_alphafold2_multimer_v3_model_1_seed_000.pdb
SF1___PCCA,5,2,A,B,0.2688,756.3,203.3,0.0524,0.8543,0.1492,0.4842,14666.0,39.0,0.4700,36.2,84.7,0.560,82,494,7,12,80.1,93.5,77.3,75.2,639,728,"[49-121,123-131]","[63-174,182-185,187,189,268-382,384-407,411-566,568-648]","[75-77,79-81,104]","[539-546,597-600]",SF1___PCCA_unrelaxed_rank_005_alphafold2_multimer_v3_model_2_seed_000.pdb
SF3B2___SLC3A2,1,1,A,B,0.0000,0.0,0.0,0.0000,0.1772,0.0000,0.0000,0.0,0.0,0.1800,35.8,69.6,0.400,0,0,0,0,,,,,895,630,,,,,SF3B2___SLC3A2_unrelaxed_rank_001_alphafold2_multimer_v3_model_1_seed_000.pdb
SF3B2___SLC3A2,2,2,A,B,0.0000,0.0,0.0,0.0000,0.1453,0.0000,0.0000,0.0,0.0,0.1700,34.5,70.3,0.400,0,0,0,0,,,,,895,630,,,,,SF3B2___SLC3A2_unrelaxed_rank_002_alphafold2_multimer_v3_model_2_seed_000.pdb
SF3B2___SLC3A2,3,3,A,B,0.0000,0.0,0.0,0.0000,0.1618,0.0000,0.0000,0.0,0.0,0.1600,33.2,68.1,0.390,0,0,0,0,,,,,895,630,,,,,SF3B2___SLC3A2_unrelaxed_rank_003_alphafold2_multimer_v3_model_3_seed_000.pdb
SF3B2___SLC3A2,4,4,A,B,0.0000,0.0,0.0,0.0000,0.1529,0.0000,0.0000,0.0,0.0,0.1600,30.9,68.4,0.380,0,0,0,0,,,,,895,630,,,,,SF3B2___SLC3A2_unrelaxed_rank_004_alphafold2_multimer_v3_model_4_seed_000.pdb
SF3B2___SLC3A2,5,5,A,B,0.0000,0.0,0.0,0.0000,0.1560,0.0000,0.0000,0.0,0.0,0.1600,31.2,68.4,0.380,0,0,0,0,,,,,895,630,,,,,SF3B2___SLC3A2_unrelaxed_rank_005_alphafold2_multimer_v3_model_5_seed_000.pdb
SF3B2___TXN,1,2,A,B,0.0000,0.0,0.0,0.0000,0.1859,0.0000,0.0000,0.0,0.0,0.1900,43.8,88.8,0.220,0,0,0,0,,,,,895,105,,,,,SF3B2___TXN_unrelaxed_rank_001_alphafold2_multimer_v3_model_2_seed_000.pdb
SF3B2___TXN,2,4,A,B,0.0000,0.0,0.0,0.0000,0.1745,0.0000,0.0000,0.0,0.0,0.1800,40.1,87.3,0.210,0,0,0,0,,,,,895,105,,,,,SF3B2___TXN_unrelaxed_rank_002_alphafold2_multimer_v3_model_4_seed_000.pdb
SF3B2___TXN,3,1,A,B,0.0000,0.0,0.0,0.0000,0.1561,0.0000,0.0000,0.0,0.0,0.1800,44.6,89.8,0.220,0,0,0,0,,,,,895,105,,,,,SF3B2___TXN_unrelaxed_rank_003_alphafold2_multimer_v3_model_1_seed_000.pdb
SF3B2___TXN,4,3,A,B,0.0000,0.0,0.0,0.0000,0.0000,0.0000,0.0000,0.0,0.0,0.1300,46.7,91.0,0.210,0,0,0,0,,,,,895,105,,,,,SF3B2___TXN_unrelaxed_rank_004_alphafold2_multimer_v3_model_3_seed_000.pdb
SF3B2___TXN,5,5,A,B,0.0000,0.0,0.0,0.0000,0.1154,0.0000,0.0000,0.0,0.0,0.1300,44.6,91.2,0.210,0,0,0,0,,,,,895,105,,,,,SF3B2___TXN_unrelaxed_rank_005_alphafold2_multimer_v3_model_5_seed_000.pdb
SFPQ___GFP,1,4,A,B,0.0000,0.0,0.0,0.0000,0.1414,0.0000,0.0000,0.0,0.0,0.1800,47.6,87.7,0.350,0,0,0,0,,,,,707,238,,,,,SFPQ___GFP_unrelaxed_rank_001_alphafold2_multimer_v3_model_4_seed_000.pdb
SFPQ___GFP,2,1,A,B,0.0000,0.0,0.0,0.0000,0.1531,0.0000,0.0000,0.0,0.0,0.1600,47.2,86.0,0.340,0,0,0,0,,,,,707,238,,,,,SFPQ___GFP_unrelaxed_rank_002_alphafold2_multimer_v3_model_1_seed_000.pdb
SFPQ___GFP,3,2,A,B,0.0000,0.0,0.0,0.0000,0.1377,0.0000,0.0000,0.0,0.0,0.1500,46.6,89.4,0.340,0,0,0,0,,,,,707,238,,,,,SFPQ___GFP_unrelaxed_rank_003_alphafold2_multimer_v3_model_2_seed_000.pdb
SFPQ___GFP,4,3,A,B,0.0000,0.0,0.0,0.0000,0.1205,0.0000,0.0000,0.0,0.0,0.1300,47.9,89.3,0.350,0,0,0,0,,,,,707,238,,,,,SFPQ___GFP_unrelaxed_rank_004_alphafold2_multimer_v3_model_3_seed_000.pdb
SFPQ___GFP,5,5,A,B,0.0000,0.0,0.0,0.0000,0.1209,0.0000,0.0000,0.0,0.0,0.1300,47.3,88.1,0.350,0,0,0,0,,,,,707,238,,,,,SFPQ___GFP_unrelaxed_rank_005_alphafold2_multimer_v3_model_5_seed_000.pdb
SLC3A2___U2SURP,1,4,A,B,0.0000,0.0,0.0,0.0000,0.1635,0.0000,0.0000,0.0,0.0,0.1900,67.6,43.0,0.370,0,0,0,0,,,,,630,1029,,,,,SLC3A2___U2SURP_unrelaxed_rank_001_alphafold2_multimer_v3_model_4_seed_000.pdb
SLC3A2___U2SURP,2,1,A,B,0.0000,0.0,0.0,0.0000,0.1897,0.0000,0.0000,0.0,0.0,0.1800,68.5,45.6,0.380,0,0,0,0,,,,,630,1029,,,,,SLC3A2___U2SURP_unrelaxed_rank_002_alphafold2_multimer_v3_model_1_seed_000.pdb
SLC3A2___U2SURP,3,2,A,B,0.0000,0.0,0.0,0.0000,0.1548,0.0000,0.0000,0.0,0.0,0.1700,68.9,46.6,0.380,0,0,0,0,,,,,630,1029,,,,,SLC3A2___U2SURP_unrelaxed_rank_003_alphafold2_multimer_v3_model_2_seed_000.pdb
SLC3A2___U2SURP,4,3,A,B,0.0000,0.0,0.0,0.0000,0.1874,0.0000,0.0000,0.0,0.0,0.1700,68.2,44.8,0.370,0,0,0,0,,,,,630,1029,,,,,SLC3A2___U2SURP_unrelaxed_rank_004_alphafold2_multimer_v3_model_3_seed_000.pdb
SLC3A2___U2SURP,5,5,A,B,0.0000,0.0,0.0,0.0000,0.1607,0.0000,0.0000,0.0,0.0,0.1700,67.8,44.3,0.370,0,0,0,0,,,,,630,1029,,,,,SLC3A2___U2SURP_unrelaxed_rank_005_alphafold2_multimer_v3_model_5_seed_000.pdb
SMAP___CDC5L,1,5,A,B,0.0000,0.0,0.0,0.0000,0.2357,0.0000,0.0000,0.0,0.0,0.1800,26.4,62.0,0.280,0,0,0,0,,,,,183,802,,,,,SMAP___CDC5L_unrelaxed_rank_001_alphafold2_multimer_v3_model_5_seed_000.pdb
SMAP___CDC5L,2,3,A,B,0.0000,0.0,0.0,0.0000,0.1382,0.0000,0.0000,0.0,0.0,0.1400,28.4,64.3,0.280,0,0,0,0,,,,,183,802,,,,,SMAP___CDC5L_unrelaxed_rank_002_alphafold2_multimer_v3_model_3_seed_000.pdb
SMAP___CDC5L,3,2,A,B,0.0000,0.0,0.0,0.0000,0.1261,0.0000,0.0000,0.0,0.0,0.1400,27.6,61.8,0.260,0,0,0,0,,,,,183,802,,,,,SMAP___CDC5L_unrelaxed_rank_003_alphafold2_multimer_v3_model_2_seed_000.pdb
SMAP___CDC5L,4,4,A,B,0.0000,0.0,0.0,0.0000,0.1259,0.0000,0.0000,0.0,0.0,0.1300,26.2,59.9,0.270,0,0,0,0,,,,,183,802,,,,,SMAP___CDC5L_unrelaxed_rank_004_alphafold2_multimer_v3_model_4_seed_000.pdb
SMAP___CDC5L,5,1,A,B,0.0000,0.0,0.0,0.0000,0.1142,0.0000,0.0000,0.0,0.0,0.1300,26.7,65.5,0.270,0,0,0,0,,,,,183,802,,,,,SMAP___CDC5L_unrelaxed_rank_005_alphafold2_multimer_v3_model_1_seed_000.pdb
SMAP___EDC3,1,2,A,B,0.2021,553.2,111.8,0.0519,0.7353,0.1751,0.2333,3600.0,85.0,0.2800,27.2,63.4,0.440,33,287,18,23,49.9,90.5,50.8,80.2,183,508,"[32-50,82-95]","[1-68,259-264,268-322,335-369,375-415,419-445,453-507]","[33,37-38,41-42,44-48,85,88-89,91-95]","[2,5,28,30,33-35,56-57,59,62,64,67,274,315,318-319,473,475,500,502-504]",SMAP___EDC3_unrelaxed_rank_001_alphafold2_multimer_v3_model_2_seed_000.pdb
SMAP___EDC3,2,1,A,B,0.0716,166.7,11.9,0.0147,0.4975,0.0652,0.0786,1462.0,19.0,0.2300,23.6,64.5,0.430,13,215,7,10,47.9,95.4,49.3,91.9,183,508,"[41,81,83-93]","[6,29,50,259-264,269-320,335-369,376-394,396,398-400,402-415,418-445,453-467,469-507]","[84-85,88-89,91-93]","[274,315,318-319,473,475,500,502-504]",SMAP___EDC3_unrelaxed_rank_002_alphafold2_multimer_v3_model_1_seed_000.pdb
SMAP___EDC3,3,3,A,B,0.0858,194.2,16.7,0.0133,0.5231,0.0717,0.1027,770.0,49.0,0.2100,24.8,62.7,0.450,20,159,9,20,41.2,86.4,40.8,73.9,183,508,"[35-48,54-59]","[5-16,18-66,261,284-286,288-296,299,301-306,308,310,314,336,338,341-356,358,364-367,369,371-373,375,378-379,381-382,384-388,391-394,396,405,412,415-416,419-434,439,445,456-458,466,475,482,485-487,491,493]","[41-42,44-47,56-58]","[5,28,30,33-35,55-57,59,62,343-344,369,371-373,375,416,419]",SMAP___EDC3_unrelaxed_rank_003_alphafold2_multimer_v3_model_3_seed_000.pdb
SMAP___EDC3,4,4,A,B,0.1104,155.5,17.2,0.0145,0.5594,0.0971,0.1255,711.0,34.0,0.1900,25.3,63.7,0.460,16,67,8,13,42.3,76.2,43.5,74.1,183,508,"[32,34-48]",[2-68],"[37,40-42,44-47]","[4-5,10,28,30,33-35,56-57,59,62,64]",SMAP___EDC3_unrelaxed_rank_004_alphafold2_multimer_v3_model_4_seed_000.pdb
SMAP___EDC3,5,5,A,B,0.0406,81.6,3.3,0.0121,0.4249,0.0378,0.0436,333.0,20.0,0.1800,23.6,63.4,0.430,13,54,6,12,44.0,78.7,43.0,74.8,183,508,[35-47],"[5-14,16,20-39,41-43,45-47,49-65]","[37,41-42,44-46]","[5,28,30,33-35,55-57,59,62,64]",SMAP___EDC3_unrelaxed_rank_005_alphafold2_multimer_v3_model_5_seed_000.pdb
STIP1___ZNF503,1,3,A,B,0.0000,0.0,0.0,0.0000,0.2547,0.0000,0.0000,0.0,0.0,0.1600,83.4,19.2,0.320,0,0,0,0,,,,,543,646,,,,,STIP1___ZNF503_unrelaxed_rank_001_alphafold2_multimer_v3_model_3_seed_000.pdb
STIP1___ZNF503,2,2,A,B,0.0000,0.0,0.0,0.0000,0.2471,0.0000,0.0000,0.0,0.0,0.1600,85.6,19.2,0.330,0,0,0,0,,,,,543,646,,,,,STIP1___ZNF503_unrelaxed_rank_002_alphafold2_multimer_v3_model_2_seed_000.pdb
STIP1___ZNF503,3,4,A,B,0.0000,0.0,0.0,0.0000,0.2745,0.0000,0.0000,0.0,0.0,0.1600,81.6,18.0,0.320,0,0,0,0,,,,,543,646,,,,,STIP1___ZNF503_unrelaxed_rank_003_alphafold2_multimer_v3_model_4_seed_000.pdb
STIP1___ZNF503,4,5,A,B,0.0000,0.0,0.0,0.0000,0.2588,0.0000,0.0000,0.0,0.0,0.1500,83.7,19.5,0.320,0,0,0,0,,,,,543,646,,,,,STIP1___ZNF503_unrelaxed_rank_004_alphafold2_multimer_v3_model_5_seed_000.pdb
STIP1___ZNF503,5,1,A,B,0.0000,0.0,0.0,0.0000,0.1602,0.0000,0.0000,0.0,0.0,0.1500,83.6,21.9,0.310,0,0,0,0,,,,,543,646,,,,,STIP1___ZNF503_unrelaxed_rank_005_alphafold2_multimer_v3_model_1_seed_000.pdb
SUGP2___CSTB,1,5,A,B,0.0000,0.0,0.0,0.0000,0.2362,0.0000,0.0000,0.0,0.0,0.2500,38.8,83.8,0.290,0,0,0,0,,,,,1082,98,,,,,SUGP2___CSTB_unrelaxed_rank_001_alphafold2_multimer_v3_model_5_seed_000.pdb
SUGP2___CSTB,2,4,A,B,0.0000,0.0,0.0,0.0000,0.2237,0.0000,0.0000,0.0,0.0,0.2300,36.9,79.2,0.280,0,0,0,0,,,,,1082,98,,,,,SUGP2___CSTB_unrelaxed_rank_002_alphafold2_multimer_v3_model_4_seed_000.pdb
SUGP2___CSTB,3,1,A,B,0.0000,0.0,0.0,0.0000,0.1953,0.0000,0.0000,0.0,0.0,0.1900,40.6,77.1,0.300,0,0,0,0,,,,,1082,98,,,,,SUGP2___CSTB_unrelaxed_rank_003_alphafold2_multimer_v3_model_1_seed_000.pdb
SUGP2___CSTB,4,2,A,B,0.0000,0.0,0.0,0.0000,0.1741,0.0000,0.0000,0.0,0.0,0.1900,38.2,84.1,0.280,0,0,0,0,,,,,1082,98,,,,,SUGP2___CSTB_unrelaxed_rank_004_alphafold2_multimer_v3_model_2_seed_000.pdb
SUGP2___CSTB,5,3,A,B,0.0000,0.0,0.0,0.0000,0.1588,0.0000,0.0000,0.0,0.0,0.1800,36.9,76.8,0.260,0,0,0,0,,,,,1082,98,,,,,SUGP2___CSTB_unrelaxed_rank_005_alphafold2_multimer_v3_model_3_seed_000.pdb
SUGP2___HMGB1,1,4,A,B,0.0000,0.0,0.0,0.0000,0.1842,0.0000,0.0000,0.0,0.0,0.2000,36.5,56.7,0.270,0,0,0,0,,,,,1082,215,,,,,SUGP2___HMGB1_unrelaxed_rank_001_alphafold2_multimer_v3_model_4_seed_000.pdb
SUGP2___HMGB1,2,1,A,B,0.0000,0.0,0.0,0.0000,0.1859,0.0000,0.0000,0.0,0.0,0.1900,41.2,58.8,0.290,0,0,0,0,,,,,1082,215,,,,,SUGP2___HMGB1_unrelaxed_rank_002_alphafold2_multimer_v3_model_1_seed_000.pdb
SUGP2___HMGB1,3,5,A,B,0.0000,0.0,0.0,0.0000,0.1618,0.0000,0.0000,0.0,0.0,0.1900,35.0,58.8,0.260,0,0,0,0,,,,,1082,215,,,,,SUGP2___HMGB1_unrelaxed_rank_003_alphafold2_multimer_v3_model_5_seed_000.pdb
SUGP2___HMGB1,4,2,A,B,0.0000,0.0,0.0,0.0000,0.1466,0.0000,0.0000,0.0,0.0,0.1800,39.4,59.4,0.280,0,0,0,0,,,,,1082,215,,,,,SUGP2___HMGB1_unrelaxed_rank_004_alphafold2_multimer_v3_model_2_seed_000.pdb
SUGP2___HMGB1,5,3,A,B,0.0000,0.0,0.0,0.0000,0.1431,0.0000,0.0000,0.0,0.0,0.1700,36.4,53.5,0.260,0,0,0,0,,,,,1082,215,,,,,SUGP2___HMGB1_unrelaxed_rank_005_alphafold2_multimer_v3_model_3_seed_000.pdb
SUGP2___MRPL12,1,3,A,B,0.0000,0.0,0.0,0.0000,0.3168,0.0000,0.0000,0.0,0.0,0.2300,37.9,43.5,0.260,0,0,0,0,,,,,1082,198,,,,,SUGP2___MRPL12_unrelaxed_rank_001_alphafold2_multimer_v3_model_3_seed_000.pdb
SUGP2___MRPL12,2,2,A,B,0.0000,0.0,0.0,0.0000,0.3792,0.0125,0.0000,13.0,0.0,0.2200,38.6,47.7,0.260,12,2,0,0,82.2,60.7,,,1082,198,"[795-798,800,829,832-834,836-838]",[82-83],,,SUGP2___MRPL12_unrelaxed_rank_002_alphafold2_multimer_v3_model_2_seed_000.pdb
SUGP2___MRPL12,3,1,A,B,0.0000,0.0,0.0,0.0000,0.1828,0.0000,0.0000,0.0,0.0,0.1700,37.1,41.9,0.250,0,0,0,0,,,,,1082,198,,,,,SUGP2___MRPL12_unrelaxed_rank_003_alphafold2_multimer_v3_model_1_seed_000.pdb
SUGP2___MRPL12,4,5,A,B,0.0000,0.0,0.0,0.0000,0.1472,0.0000,0.0000,0.0,0.0,0.1600,36.7,41.2,0.250,0,0,0,0,,,,,1082,198,,,,,SUGP2___MRPL12_unrelaxed_rank_004_alphafold2_multimer_v3_model_5_seed_000.pdb
SUGP2___MRPL12,5,4,A,B,0.0000,0.0,0.0,0.0000,0.1749,0.0000,0.0000,0.0,0.0,0.1600,37.8,43.4,0.260,0,0,0,0,,,,,1082,198,,,,,SUGP2___MRPL12_unrelaxed_rank_005_alphafold2_multimer_v3_model_4_seed_000.pdb
SUPT5H___CCNT1,1,4,A,B,0.3047,593.8,180.9,0.1496,0.8963,0.2342,0.3963,4463.0,79.0,0.3500,50.8,40.7,0.310,19,231,12,18,44.2,85.8,48.5,83.8,1087,726,"[78,88-105]","[10-114,118,121-122,124-216,219-248]","[88-96,99-101]","[53-58,95,97,152,154-155,158,161-162,168,171-172,175]",SUPT5H___CCNT1_unrelaxed_rank_001_alphafold2_multimer_v3_model_4_seed_000.pdb
SUPT5H___CCNT1,2,3,A,B,0.1167,375.5,43.8,0.0164,0.7253,0.1097,0.1241,2474.0,57.0,0.3200,52.6,40.9,0.330,19,220,12,18,39.6,86.4,42.0,82.2,1087,726,"[80,83,89-105]","[12-27,29-112,125-215,219-247]","[80,90-96,99-101,105]","[50,55-58,95,97,100,152,154-155,158,161-162,168,171-172,175]",SUPT5H___CCNT1_unrelaxed_rank_002_alphafold2_multimer_v3_model_3_seed_000.pdb
SUPT5H___CCNT1,3,1,A,B,0.0000,0.0,0.0,0.0000,0.4683,0.0000,0.0000,0.0,0.0,0.2800,51.1,42.0,0.320,0,0,0,0,,,,,1087,726,,,,,SUPT5H___CCNT1_unrelaxed_rank_003_alphafold2_multimer_v3_model_1_seed_000.pdb
SUPT5H___CCNT1,4,5,A,B,0.0000,0.0,0.0,0.0000,0.4487,0.0000,0.0000,0.0,0.0,0.2300,52.2,41.2,0.300,0,0,0,0,,,,,1087,726,,,,,SUPT5H___CCNT1_unrelaxed_rank_004_alphafold2_multimer_v3_model_5_seed_000.pdb
SUPT5H___CCNT1,5,2,A,B,0.0135,7.1,0.1,0.0000,0.5459,0.0147,0.0123,10.0,5.0,0.2200,52.3,43.4,0.320,3,8,3,4,29.9,85.7,29.9,88.2,1087,726,"[93,95-96]","[55-57,154,158-159,163,172]","[93,95-96]","[55-57,158]",SUPT5H___CCNT1_unrelaxed_rank_005_alphafold2_multimer_v3_model_2_seed_000.pdb
SUPT5H___NCL,1,2,A,B,0.0000,0.0,0.0,0.0000,0.1940,0.0000,0.0000,0.0,0.0,0.1900,52.4,39.8,0.250,0,0,0,0,,,,,1087,710,,,,,SUPT5H___NCL_unrelaxed_rank_001_alphafold2_multimer_v3_model_2_seed_000.pdb
SUPT5H___NCL,2,3,A,B,0.0000,0.0,0.0,0.0000,0.2391,0.0000,0.0000,0.0,0.0,0.1800,52.4,39.7,0.250,0,0,0,0,,,,,1087,710,,,,,SUPT5H___NCL_unrelaxed_rank_002_alphafold2_multimer_v3_model_3_seed_000.pdb
SUPT5H___NCL,3,4,A,B,0.0000,0.0,0.0,0.0000,0.2089,0.0000,0.0000,0.0,0.0,0.1800,49.2,38.1,0.250,0,0,0,0,,,,,1087,710,,,,,SUPT5H___NCL_unrelaxed_rank_003_alphafold2_multimer_v3_model_4_seed_000.pdb
SUPT5H___NCL,4,1,A,B,0.0000,0.0,0.0,0.0000,0.2046,0.0000,0.0000,0.0,0.0,0.1800,49.8,37.3,0.240,0,0,0,0,,,,,1087,710,,,,,SUPT5H___NCL_unrelaxed_rank_004_alphafold2_multimer_v3_model_1_seed_000.pdb
SUPT5H___NCL,5,5,A,B,0.0000,0.0,0.0,0.0000,0.1858,0.0000,0.0000,0.0,0.0,0.1700,53.1,40.3,0.250,0,0,0,0,,,,,1087,710,,,,,SUPT5H___NCL_unrelaxed_rank_005_alphafold2_multimer_v3_model_5_seed_000.pdb
TLE3___NCL,1,5,A,B,0.1149,346.7,39.8,0.0166,0.6319,0.1077,0.1225,2185.0,55.0,0.2800,54.9,42.8,0.350,305,10,27,9,93.7,36.3,93.5,37.4,772,710,"[447-452,458-464,466-468,472-514,521-562,565-648,650-670,672-687,690-772]",[16-25],"[488-490,534,536,578,580,596,619-620,622-623,638,663-664,702,704,720,742-745,759-763]",[16-24],TLE3___NCL_unrelaxed_rank_001_alphafold2_multimer_v3_model_5_seed_000.pdb
TLE3___NCL,2,4,A,B,0.1649,476.6,78.6,0.0195,0.7439,0.1507,0.1805,3070.0,74.0,0.2600,53.2,39.9,0.350,316,11,33,10,91.0,33.7,86.5,33.6,772,710,"[447-453,456-469,471-515,521-562,565-772]",[472-482],"[488,490,505-506,533-536,552,578,580-581,594,596,620,622-623,638,661,663-664,679,701-702,704,719-722,742-744,761]","[472-478,480-482]",TLE3___NCL_unrelaxed_rank_002_alphafold2_multimer_v3_model_4_seed_000.pdb
TLE3___NCL,3,2,A,B,0.1304,359.2,46.8,0.0162,0.6948,0.1035,0.1641,2581.0,50.0,0.2400,55.9,41.8,0.360,311,11,23,8,94.8,32.5,93.0,33.8,772,710,"[447-452,458-464,466-468,471-515,521-562,565-772]",[471-481],"[488,490,534,536,552,578,580,596,620,622-623,637-638,661-664,679,702,704,743,745,761]",[472-479],TLE3___NCL_unrelaxed_rank_003_alphafold2_multimer_v3_model_2_seed_000.pdb
TLE3___NCL,4,3,A,B,0.1119,291.2,32.6,0.0156,0.6636,0.1048,0.1195,2232.0,38.0,0.2400,55.2,41.9,0.370,309,9,22,7,92.0,31.4,91.0,31.8,772,710,"[447-452,457-464,466-468,471-515,521-562,565-670,673-687,689-772]",[473-481],"[488,490,534,536,552,580-581,622-623,637-638,661-664,679,702,704-705,743,745,761]","[473,475-478,480-481]",TLE3___NCL_unrelaxed_rank_004_alphafold2_multimer_v3_model_3_seed_000.pdb
TLE3___NCL,5,1,A,B,0.1214,389.2,47.2,0.0157,0.7181,0.1029,0.1432,2705.0,56.0,0.2300,54.5,39.4,0.360,308,12,29,9,93.3,32.0,91.0,32.6,772,710,"[447-452,458-464,466-468,472-515,522-562,566-772]",[471-482],"[488,490,534,536,552,578,580-581,594,596,619-623,637-638,661,663,679,701-704,719-720,743,745,761]","[472-478,480-481]",TLE3___NCL_unrelaxed_rank_005_alphafold2_multimer_v3_model_1_seed_000.pdb
TXN___RPS12,1,4,A,B,0.1434,508.9,73.0,0.0507,0.3582,0.1199,0.1716,5286.0,49.0,0.3200,83.9,74.3,0.580,102,98,14,13,83.9,79.5,64.9,66.9,105,132,"[2-18,20-104]","[13-28,30-43,47-54,56,61-71,73-94,99-114,119-128]","[29,31-34,60,72-74,90-93,96]","[15-16,19-20,23,83-84,87-88,90,100-101,103]",TXN___RPS12_unrelaxed_rank_001_alphafold2_multimer_v3_model_4_seed_000.pdb
TXN___RPS12,2,2,A,B,0.1225,514.9,63.1,0.0191,0.3649,0.1100,0.1365,4347.0,61.0,0.2900,85.2,70.7,0.570,102,94,18,14,85.3,74.4,71.3,58.0,105,132,"[2-18,20-104]","[14-44,46-54,62-70,74-113,121-125]","[31-36,59-60,63-64,66-67,70-74,92]","[23,26-28,90-96,98,102,104]",TXN___RPS12_unrelaxed_rank_002_alphafold2_multimer_v3_model_2_seed_000.pdb
TXN___RPS12,3,3,A,B,0.1311,542.8,71.2,0.0221,0.3820,0.1010,0.1703,3729.0,79.0,0.2900,84.0,73.5,0.560,102,88,16,14,84.1,78.1,69.6,62.0,105,132,"[2-18,20-104]","[15-28,31-42,44,47-54,61-71,74-96,99-112,122-125,128]","[29-35,59-60,63,73-75,90-92]","[19,81,83-84,87,90,92-93,99-103,105]",TXN___RPS12_unrelaxed_rank_003_alphafold2_multimer_v3_model_3_seed_000.pdb
TXN___RPS12,4,5,A,B,0.1010,333.3,33.7,0.0140,0.2824,0.0789,0.1293,2468.0,45.0,0.2700,83.9,69.6,0.550,102,62,16,12,83.9,71.2,68.1,58.6,105,132,"[2-18,20-104]","[16,18-28,31-33,35,40,42,49-53,62,66,69,75-79,82-95,99-112,124-125,128]","[29,31-32,34,37-38,59-60,66,72-74,90-93]","[23,26-27,86,89-94,100,104]",TXN___RPS12_unrelaxed_rank_004_alphafold2_multimer_v3_model_5_seed_000.pdb
TXN___RPS12,5,1,A,B,0.0742,144.2,10.7,0.0130,0.2724,0.0657,0.0838,1039.0,20.0,0.2100,84.7,75.0,0.520,96,35,8,7,84.4,78.0,68.8,68.8,105,132,"[3-17,21-49,52-81,83-104]","[18,21-23,25-28,32,35,42,49,51-52,76,82-94,103,105-106,109-112]","[34,59,66,71-74,92]","[23,26,89-93]",TXN___RPS12_unrelaxed_rank_005_alphafold2_multimer_v3_model_1_seed_000.pdb
TXN___SF3A3,1,2,A,B,0.0000,0.0,0.0,0.0000,0.1163,0.0000,0.0000,0.0,0.0,0.1800,84.7,75.0,0.500,0,0,0,0,,,,,105,501,,,,,TXN___SF3A3_unrelaxed_rank_001_alphafold2_multimer_v3_model_2_seed_000.pdb
TXN___SF3A3,2,3,A,B,0.0000,0.0,0.0,0.0000,0.1496,0.0000,0.0000,0.0,0.0,0.1700,82.8,74.1,0.490,0,0,0,0,,,,,105,501,,,,,TXN___SF3A3_unrelaxed_rank_002_alphafold2_multimer_v3_model_3_seed_000.pdb
TXN___SF3A3,3,4,A,B,0.0000,0.0,0.0,0.0000,0.1133,0.0000,0.0000,0.0,0.0,0.1400,82.4,71.4,0.480,0,0,0,0,,,,,105,501,,,,,TXN___SF3A3_unrelaxed_rank_003_alphafold2_multimer_v3_model_4_seed_000.pdb
TXN___SF3A3,4,1,A,B,0.0000,0.0,0.0,0.0000,0.1094,0.0000,0.0000,0.0,0.0,0.1300,83.5,75.7,0.480,0,0,0,0,,,,,105,501,,,,,TXN___SF3A3_unrelaxed_rank_004_alphafold2_multimer_v3_model_1_seed_000.pdb
TXN___SF3A3,5,5,A,B,0.0000,0.0,0.0,0.0000,0.1447,0.0000,0.0000,0.0,0.0,0.1100,86.1,72.7,0.480,0,0,0,0,,,,,105,501,,,,,TXN___SF3A3_unrelaxed_rank_005_alphafold2_multimer_v3_model_5_seed_000.pdb
U2SURP___PTBP1,1,3,A,B,0.0000,0.0,0.0,0.0000,0.3584,0.0000,0.0000,0.0,0.0,0.2100,46.7,62.7,0.280,0,0,0,0,,,,,1029,557,,,,,U2SURP___PTBP1_unrelaxed_rank_001_alphafold2_multimer_v3_model_3_seed_000.pdb
U2SURP___PTBP1,2,2,A,B,0.0000,0.0,0.0,0.0000,0.3299,0.0000,0.0000,0.0,0.0,0.1900,48.7,65.2,0.280,0,0,0,0,,,,,1029,557,,,,,U2SURP___PTBP1_unrelaxed_rank_002_alphafold2_multimer_v3_model_2_seed_000.pdb
U2SURP___PTBP1,3,1,A,B,0.0000,0.0,0.0,0.0000,0.2154,0.0000,0.0000,0.0,0.0,0.2000,47.0,59.0,0.270,0,0,0,0,,,,,1029,557,,,,,U2SURP___PTBP1_unrelaxed_rank_003_alphafold2_multimer_v3_model_1_seed_000.pdb
U2SURP___PTBP1,4,5,A,B,0.0000,0.0,0.0,0.0000,0.2771,0.0000,0.0000,0.0,0.0,0.1900,47.3,64.5,0.280,0,0,0,0,,,,,1029,557,,,,,U2SURP___PTBP1_unrelaxed_rank_004_alphafold2_multimer_v3_model_5_seed_000.pdb
U2SURP___PTBP1,5,4,A,B,0.0000,0.0,0.0,0.0000,0.2054,0.0000,0.0000,0.0,0.0,0.1800,45.1,61.4,0.270,0,0,0,0,,,,,1029,557,,,,,U2SURP___PTBP1_unrelaxed_rank_005_alphafold2_multimer_v3_model_4_seed_000.pdb
XRN2___ANP32A,1,3,A,B,0.0000,0.0,0.0,0.0000,0.3616,0.0000,0.0000,0.0,0.0,0.2300,69.9,55.3,0.630,0,0,0,0,,,,,950,249,,,,,XRN2___ANP32A_unrelaxed_rank_001_alphafold2_multimer_v3_model_3_seed_000.pdb
XRN2___ANP32A,2,4,A,B,0.0000,0.0,0.0,0.0000,0.2446,0.0000,0.0000,0.0,0.0,0.2200,70.2,52.0,0.630,0,0,0,0,,,,,950,249,,,,,XRN2___ANP32A_unrelaxed_rank_002_alphafold2_multimer_v3_model_4_seed_000.pdb
XRN2___ANP32A,3,2,A,B,0.0000,0.0,0.0,0.0000,0.2428,0.0000,0.0000,0.0,0.0,0.2200,70.2,53.2,0.630,0,0,0,0,,,,,950,249,,,,,XRN2___ANP32A_unrelaxed_rank_003_alphafold2_multimer_v3_model_2_seed_000.pdb
XRN2___ANP32A,4,1,A,B,0.0000,0.0,0.0,0.0000,0.2062,0.0000,0.0000,0.0,0.0,0.2000,69.7,53.3,0.620,0,0,0,0,,,,,950,249,,,,,XRN2___ANP32A_unrelaxed_rank_004_alphafold2_multimer_v3_model_1_seed_000.pdb
XRN2___ANP32A,5,5,A,B,0.0000,0.0,0.0,0.0000,0.2008,0.0000,0.0000,0.0,0.0,0.1800,70.8,58.7,0.630,0,0,0,0,,,,,950,249,,,,,XRN2___ANP32A_unrelaxed_rank_005_alphafold2_multimer_v3_model_5_seed_000.pdb
ZFR___FUS,1,2,A,B,0.0000,0.0,0.0,0.0000,0.1765,0.0000,0.0000,0.0,0.0,0.1900,47.2,30.5,0.330,0,0,0,0,,,,,1074,526,,,,,ZFR___FUS_unrelaxed_rank_001_alphafold2_multimer_v3_model_2_seed_000.pdb
ZFR___FUS,2,4,A,B,0.0000,0.0,0.0,0.0000,0.2514,0.0000,0.0000,0.0,0.0,0.1800,45.8,29.6,0.320,0,0,0,0,,,,,1074,526,,,,,ZFR___FUS_unrelaxed_rank_002_alphafold2_multimer_v3_model_4_seed_000.pdb
ZFR___FUS,3,1,A,B,0.0000,0.0,0.0,0.0000,0.1854,0.0000,0.0000,0.0,0.0,0.1700,46.5,29.1,0.320,0,0,0,0,,,,,1074,526,,,,,ZFR___FUS_unrelaxed_rank_003_alphafold2_multimer_v3_model_1_seed_000.pdb
ZFR___FUS,4,3,A,B,0.0000,0.0,0.0,0.0000,0.2237,0.0000,0.0000,0.0,0.0,0.1700,46.5,28.3,0.330,0,0,0,0,,,,,1074,526,,,,,ZFR___FUS_unrelaxed_rank_004_alphafold2_multimer_v3_model_3_seed_000.pdb
ZFR___FUS,5,5,A,B,0.0000,0.0,0.0,0.0000,0.1880,0.0000,0.0000,0.0,0.0,0.1600,46.6,29.2,0.320,0,0,0,0,,,,,1074,526,,,,,ZFR___FUS_unrelaxed_rank_005_alphafold2_multimer_v3_model_5_seed_000.pdb
ZFR___RAVER1,1,3,A,B,0.0000,0.0,0.0,0.0000,0.3518,0.0000,0.0000,0.0,0.0,0.2100,44.3,50.5,0.320,0,0,0,0,,,,,1074,606,,,,,ZFR___RAVER1_unrelaxed_rank_001_alphafold2_multimer_v3_model_3_seed_000.pdb
ZFR___RAVER1,2,1,A,B,0.0000,0.0,0.0,0.0000,0.4046,0.0000,0.0000,0.0,0.0,0.2100,44.2,51.2,0.320,0,0,0,0,,,,,1074,606,,,,,ZFR___RAVER1_unrelaxed_rank_002_alphafold2_multimer_v3_model_1_seed_000.pdb
ZFR___RAVER1,3,2,A,B,0.0000,0.0,0.0,0.0000,0.2707,0.0000,0.0000,0.0,0.0,0.2000,45.9,52.2,0.330,0,0,0,0,,,,,1074,606,,,,,ZFR___RAVER1_unrelaxed_rank_003_alphafold2_multimer_v3_model_2_seed_000.pdb
ZFR___RAVER1,4,4,A,B,0.0000,0.0,0.0,0.0000,0.2904,0.0000,0.0000,0.0,0.0,0.1900,41.8,51.5,0.320,0,0,0,0,,,,,1074,606,,,,,ZFR___RAVER1_unrelaxed_rank_004_alphafold2_multimer_v3_model_4_seed_000.pdb
ZFR___RAVER1,5,5,A,B,0.0000,0.0,0.0,0.0000,0.2217,0.0000,0.0000,0.0,0.0,0.1800,43.7,51.6,0.320,0,0,0,0,,,,,1074,606,,,,,ZFR___RAVER1_unrelaxed_rank_005_alphafold2_multimer_v3_model_5_seed_000.pdb
ZNF503___LUC7L2,1,2,A,B,0.0000,0.0,0.0,0.0000,0.3128,0.0000,0.0000,0.0,0.0,0.1900,21.6,62.5,0.290,0,0,0,0,,,,,646,392,,,,,ZNF503___LUC7L2_unrelaxed_rank_001_alphafold2_multimer_v3_model_2_seed_000.pdb
ZNF503___LUC7L2,2,4,A,B,0.0000,0.0,0.0,0.0000,0.1625,0.0000,0.0000,0.0,0.0,0.1400,20.4,62.5,0.310,0,0,0,0,,,,,646,392,,,,,ZNF503___LUC7L2_unrelaxed_rank_002_alphafold2_multimer_v3_model_4_seed_000.pdb
ZNF503___LUC7L2,3,1,A,B,0.0000,0.0,0.0,0.0000,0.1260,0.0000,0.0000,0.0,0.0,0.1400,24.5,63.3,0.310,0,0,0,0,,,,,646,392,,,,,ZNF503___LUC7L2_unrelaxed_rank_003_alphafold2_multimer_v3_model_1_seed_000.pdb
ZNF503___LUC7L2,4,3,A,B,0.0000,0.0,0.0,0.0000,0.1444,0.0000,0.0000,0.0,0.0,0.1400,21.3,62.4,0.310,0,0,0,0,,,,,646,392,,,,,ZNF503___LUC7L2_unrelaxed_rank_004_alphafold2_multimer_v3_model_3_seed_000.pdb
ZNF503___LUC7L2,5,5,A,B,0.0000,0.0,0.0,0.0000,0.1286,0.0000,0.0000,0.0,0.0,0.1300,21.6,62.6,0.310,0,0,0,0,,,,,646,392,,,,,ZNF503___LUC7L2_unrelaxed_rank_005_alphafold2_multimer_v3_model_5_seed_000.pdb
