name,rank,model,chain_i,chain_j,iLIS,iLIA,iLISA,ipSAE,actifpTM,LIS,cLIS,LIA,cLIA,ipTM,pLDDT_i,pLDDT_j,pTM,LIR_i,LIR_j,cLIR_i,cLIR_j,LIpLDDT_i,LIpLDDT_j,cLIpLDDT_i,cLIpLDDT_j,len_i,len_j,LIR_indices_i,LIR_indices_j,cLIR_indices_i,cLIR_indices_j,structure_file
AGAP3___DNAJA1,1,1,A,B,0.0000,0.0,0.0,0.0000,0.2119,0.0000,0.0000,0.0,0.0,0.1800,56.0,65.6,0.300,0,0,0,0,,,,,875,397,,,,,AGAP3___DNAJA1_unrelaxed_rank_001_alphafold2_multimer_v3_model_1_seed_000.pdb
AGAP3___DNAJA1,2,4,A,B,0.0000,0.0,0.0,0.0000,0.1665,0.0000,0.0000,0.0,0.0,0.1600,56.2,66.6,0.290,0,0,0,0,,,,,875,397,,,,,AGAP3___DNAJA1_unrelaxed_rank_002_alphafold2_multimer_v3_model_4_seed_000.pdb
AGAP3___DNAJA1,3,5,A,B,0.0000,0.0,0.0,0.0000,0.1533,0.0000,0.0000,0.0,0.0,0.1600,58.4,69.0,0.300,0,0,0,0,,,,,875,397,,,,,AGAP3___DNAJA1_unrelaxed_rank_003_alphafold2_multimer_v3_model_5_seed_000.pdb
AGAP3___DNAJA1,4,3,A,B,0.0000,0.0,0.0,0.0000,0.1481,0.0000,0.0000,0.0,0.0,0.1500,58.7,66.0,0.300,0,0,0,0,,,,,875,397,,,,,AGAP3___DNAJA1_unrelaxed_rank_004_alphafold2_multimer_v3_model_3_seed_000.pdb
AGAP3___DNAJA1,5,2,A,B,0.0000,0.0,0.0,0.0000,0.1634,0.0000,0.0000,0.0,0.0,0.1500,58.9,68.9,0.290,0,0,0,0,,,,,875,397,,,,,AGAP3___DNAJA1_unrelaxed_rank_005_alphafold2_multimer_v3_model_2_seed_000.pdb
ANP32A___AGAP3,1,5,A,B,0.0000,0.0,0.0,0.0000,0.2319,0.0000,0.0000,0.0,0.0,0.2300,59.8,59.4,0.330,0,0,0,0,,,,,249,875,,,,,ANP32A___AGAP3_unrelaxed_rank_001_alphafold2_multimer_v3_model_5_seed_000.pdb
ANP32A___AGAP3,2,4,A,B,0.0000,0.0,0.0,0.0000,0.2323,0.0000,0.0000,0.0,0.0,0.2100,57.3,57.5,0.320,0,0,0,0,,,,,249,875,,,,,ANP32A___AGAP3_unrelaxed_rank_002_alphafold2_multimer_v3_model_4_seed_000.pdb
ANP32A___AGAP3,3,1,A,B,0.0000,0.0,0.0,0.0000,0.2485,0.0000,0.0000,0.0,0.0,0.1900,59.2,57.6,0.320,0,0,0,0,,,,,249,875,,,,,ANP32A___AGAP3_unrelaxed_rank_003_alphafold2_multimer_v3_model_1_seed_000.pdb
ANP32A___AGAP3,4,3,A,B,0.0000,0.0,0.0,0.0000,0.2038,0.0000,0.0000,0.0,0.0,0.1800,59.6,59.7,0.310,0,0,0,0,,,,,249,875,,,,,ANP32A___AGAP3_unrelaxed_rank_004_alphafold2_multimer_v3_model_3_seed_000.pdb
ANP32A___AGAP3,5,2,A,B,0.0000,0.0,0.0,0.0000,0.1936,0.0000,0.0000,0.0,0.0,0.1700,60.8,60.8,0.310,0,0,0,0,,,,,249,875,,,,,ANP32A___AGAP3_unrelaxed_rank_005_alphafold2_multimer_v3_model_2_seed_000.pdb
ANP32A___DNAJA1,1,1,A,B,0.2855,427.3,122.0,0.0800,0.7523,0.2157,0.3779,2403.0,76.0,0.3400,63.4,75.9,0.400,17,171,13,16,48.9,86.9,51.7,83.0,249,397,[175-191],"[103-139,192-290,294-328]","[175-180,182-188]","[105-112,124-129,207,240]",ANP32A___DNAJA1_unrelaxed_rank_001_alphafold2_multimer_v3_model_1_seed_000.pdb
ANP32A___DNAJA1,2,4,A,B,0.0000,0.0,0.0,0.0000,0.1419,0.0000,0.0000,0.0,0.0,0.1300,62.8,76.9,0.410,0,0,0,0,,,,,249,397,,,,,ANP32A___DNAJA1_unrelaxed_rank_002_alphafold2_multimer_v3_model_4_seed_000.pdb
ANP32A___DNAJA1,3,5,A,B,0.0000,0.0,0.0,0.0000,0.1153,0.0000,0.0000,0.0,0.0,0.1200,62.5,75.8,0.380,0,0,0,0,,,,,249,397,,,,,ANP32A___DNAJA1_unrelaxed_rank_003_alphafold2_multimer_v3_model_5_seed_000.pdb
ANP32A___DNAJA1,4,2,A,B,0.0000,0.0,0.0,0.0000,0.1098,0.0000,0.0000,0.0,0.0,0.1200,62.0,76.6,0.380,0,0,0,0,,,,,249,397,,,,,ANP32A___DNAJA1_unrelaxed_rank_004_alphafold2_multimer_v3_model_2_seed_000.pdb
ANP32A___DNAJA1,5,3,A,B,0.0000,0.0,0.0,0.0000,0.1133,0.0000,0.0000,0.0,0.0,0.1200,60.2,74.2,0.390,0,0,0,0,,,,,249,397,,,,,ANP32A___DNAJA1_unrelaxed_rank_005_alphafold2_multimer_v3_model_3_seed_000.pdb
ATP5PD___AGAP3,1,1,A,B,0.0000,0.0,0.0,0.0000,0.1758,0.0000,0.0000,0.0,0.0,0.1600,54.4,59.7,0.320,0,0,0,0,,,,,161,875,,,,,ATP5PD___AGAP3_unrelaxed_rank_001_alphafold2_multimer_v3_model_1_seed_000.pdb
ATP5PD___AGAP3,2,5,A,B,0.0000,0.0,0.0,0.0000,0.1547,0.0000,0.0000,0.0,0.0,0.1500,63.4,60.9,0.320,0,0,0,0,,,,,161,875,,,,,ATP5PD___AGAP3_unrelaxed_rank_002_alphafold2_multimer_v3_model_5_seed_000.pdb
ATP5PD___AGAP3,3,3,A,B,0.0000,0.0,0.0,0.0000,0.1335,0.0000,0.0000,0.0,0.0,0.1400,66.5,61.1,0.320,0,0,0,0,,,,,161,875,,,,,ATP5PD___AGAP3_unrelaxed_rank_003_alphafold2_multimer_v3_model_3_seed_000.pdb
ATP5PD___AGAP3,4,4,A,B,0.0000,0.0,0.0,0.0000,0.1568,0.0000,0.0000,0.0,0.0,0.1400,66.6,59.9,0.310,0,0,0,0,,,,,161,875,,,,,ATP5PD___AGAP3_unrelaxed_rank_004_alphafold2_multimer_v3_model_4_seed_000.pdb
ATP5PD___AGAP3,5,2,A,B,0.0000,0.0,0.0,0.0000,0.1267,0.0000,0.0000,0.0,0.0,0.1300,63.1,61.9,0.310,0,0,0,0,,,,,161,875,,,,,ATP5PD___AGAP3_unrelaxed_rank_005_alphafold2_multimer_v3_model_2_seed_000.pdb
ATP5PD___CDK4,1,5,A,B,0.0000,0.0,0.0,0.0000,0.1029,0.0000,0.0000,0.0,0.0,0.1300,53.1,76.5,0.580,0,0,0,0,,,,,161,303,,,,,ATP5PD___CDK4_unrelaxed_rank_001_alphafold2_multimer_v3_model_5_seed_000.pdb
ATP5PD___CDK4,2,1,A,B,0.0000,0.0,0.0,0.0000,0.1093,0.0000,0.0000,0.0,0.0,0.1200,41.2,78.3,0.590,0,0,0,0,,,,,161,303,,,,,ATP5PD___CDK4_unrelaxed_rank_002_alphafold2_multimer_v3_model_1_seed_000.pdb
ATP5PD___CDK4,3,4,A,B,0.0000,0.0,0.0,0.0000,0.1033,0.0000,0.0000,0.0,0.0,0.1100,43.5,77.3,0.580,0,0,0,0,,,,,161,303,,,,,ATP5PD___CDK4_unrelaxed_rank_003_alphafold2_multimer_v3_model_4_seed_000.pdb
ATP5PD___CDK4,4,3,A,B,0.0000,0.0,0.0,0.0000,0.0907,0.0000,0.0000,0.0,0.0,0.1200,66.2,75.3,0.560,0,0,0,0,,,,,161,303,,,,,ATP5PD___CDK4_unrelaxed_rank_004_alphafold2_multimer_v3_model_3_seed_000.pdb
ATP5PD___CDK4,5,2,A,B,0.0000,0.0,0.0,0.0000,0.0855,0.0000,0.0000,0.0,0.0,0.1100,58.9,76.8,0.570,0,0,0,0,,,,,161,303,,,,,ATP5PD___CDK4_unrelaxed_rank_005_alphafold2_multimer_v3_model_2_seed_000.pdb
ATP5PD___DNAJA1,1,1,A,B,0.0000,0.0,0.0,0.0000,0.0963,0.0000,0.0000,0.0,0.0,0.1200,40.3,78.7,0.430,0,0,0,0,,,,,161,397,,,,,ATP5PD___DNAJA1_unrelaxed_rank_001_alphafold2_multimer_v3_model_1_seed_000.pdb
ATP5PD___DNAJA1,2,4,A,B,0.0000,0.0,0.0,0.0000,0.0991,0.0000,0.0000,0.0,0.0,0.1000,57.1,77.3,0.430,0,0,0,0,,,,,161,397,,,,,ATP5PD___DNAJA1_unrelaxed_rank_002_alphafold2_multimer_v3_model_4_seed_000.pdb
ATP5PD___DNAJA1,3,3,A,B,0.0000,0.0,0.0,0.0000,0.1302,0.0000,0.0000,0.0,0.0,0.1000,65.4,74.9,0.410,0,0,0,0,,,,,161,397,,,,,ATP5PD___DNAJA1_unrelaxed_rank_003_alphafold2_multimer_v3_model_3_seed_000.pdb
ATP5PD___DNAJA1,4,5,A,B,0.0000,0.0,0.0,0.0000,0.0934,0.0000,0.0000,0.0,0.0,0.1000,56.4,76.0,0.420,0,0,0,0,,,,,161,397,,,,,ATP5PD___DNAJA1_unrelaxed_rank_004_alphafold2_multimer_v3_model_5_seed_000.pdb
ATP5PD___DNAJA1,5,2,A,B,0.0000,0.0,0.0,0.0000,0.0824,0.0000,0.0000,0.0,0.0,0.0900,54.8,76.0,0.410,0,0,0,0,,,,,161,397,,,,,ATP5PD___DNAJA1_unrelaxed_rank_005_alphafold2_multimer_v3_model_2_seed_000.pdb
ATP5PD___KHSRP,1,3,A,B,0.0000,0.0,0.0,0.0000,0.1486,0.0000,0.0000,0.0,0.0,0.1500,63.8,40.5,0.220,0,0,0,0,,,,,161,711,,,,,ATP5PD___KHSRP_unrelaxed_rank_001_alphafold2_multimer_v3_model_3_seed_000.pdb
ATP5PD___KHSRP,2,1,A,B,0.0000,0.0,0.0,0.0000,0.1591,0.0000,0.0000,0.0,0.0,0.1600,35.6,40.7,0.200,0,0,0,0,,,,,161,711,,,,,ATP5PD___KHSRP_unrelaxed_rank_002_alphafold2_multimer_v3_model_1_seed_000.pdb
ATP5PD___KHSRP,3,5,A,B,0.0000,0.0,0.0,0.0000,0.1251,0.0000,0.0000,0.0,0.0,0.1400,61.3,42.3,0.200,0,0,0,0,,,,,161,711,,,,,ATP5PD___KHSRP_unrelaxed_rank_003_alphafold2_multimer_v3_model_5_seed_000.pdb
ATP5PD___KHSRP,4,4,A,B,0.0000,0.0,0.0,0.0000,0.1534,0.0000,0.0000,0.0,0.0,0.1400,48.9,39.0,0.190,0,0,0,0,,,,,161,711,,,,,ATP5PD___KHSRP_unrelaxed_rank_004_alphafold2_multimer_v3_model_4_seed_000.pdb
ATP5PD___KHSRP,5,2,A,B,0.0000,0.0,0.0,0.0000,0.1274,0.0000,0.0000,0.0,0.0,0.1300,51.9,42.2,0.190,0,0,0,0,,,,,161,711,,,,,ATP5PD___KHSRP_unrelaxed_rank_005_alphafold2_multimer_v3_model_2_seed_000.pdb
ATP5PD___ZBTB33,1,3,A,B,0.1927,173.3,33.4,0.0168,0.6654,0.1306,0.2845,1001.0,30.0,0.3300,76.8,40.0,0.260,30,52,5,7,68.1,71.7,60.6,69.5,161,672,[132-161],"[479-487,491-523,528-533,535-536,540,544]","[152-154,158,161]","[498-499,501,512,515-516,518]",ATP5PD___ZBTB33_unrelaxed_rank_001_alphafold2_multimer_v3_model_3_seed_000.pdb
ATP5PD___ZBTB33,2,2,A,B,0.0000,0.0,0.0,0.0000,0.1199,0.0000,0.0000,0.0,0.0,0.1400,68.2,38.9,0.230,0,0,0,0,,,,,161,672,,,,,ATP5PD___ZBTB33_unrelaxed_rank_002_alphafold2_multimer_v3_model_2_seed_000.pdb
ATP5PD___ZBTB33,3,1,A,B,0.0000,0.0,0.0,0.0000,0.1570,0.0000,0.0000,0.0,0.0,0.1400,62.9,36.9,0.230,0,0,0,0,,,,,161,672,,,,,ATP5PD___ZBTB33_unrelaxed_rank_003_alphafold2_multimer_v3_model_1_seed_000.pdb
ATP5PD___ZBTB33,4,4,A,B,0.0000,0.0,0.0,0.0000,0.1420,0.0000,0.0000,0.0,0.0,0.1300,68.8,37.7,0.230,0,0,0,0,,,,,161,672,,,,,ATP5PD___ZBTB33_unrelaxed_rank_004_alphafold2_multimer_v3_model_4_seed_000.pdb
ATP5PD___ZBTB33,5,5,A,B,0.0000,0.0,0.0,0.0000,0.1193,0.0000,0.0000,0.0,0.0,0.1300,69.6,38.9,0.230,0,0,0,0,,,,,161,672,,,,,ATP5PD___ZBTB33_unrelaxed_rank_005_alphafold2_multimer_v3_model_5_seed_000.pdb
ATXN2L___EDC3,1,3,A,B,0.1542,179.3,27.6,0.0162,0.7234,0.1338,0.1778,784.0,41.0,0.2200,25.1,62.3,0.300,15,68,8,12,41.9,75.6,41.8,69.7,1075,508,[541-555],[1-68],"[545,548-549,551-555]","[1-2,5,28,30,33,35,56-57,59,62,64]",ATXN2L___EDC3_unrelaxed_rank_001_alphafold2_multimer_v3_model_3_seed_000.pdb
ATXN2L___EDC3,2,1,A,B,0.1150,134.4,15.5,0.0135,0.6475,0.0937,0.1412,531.0,34.0,0.2200,24.1,63.9,0.290,13,60,8,10,42.8,78.1,41.1,74.7,1075,508,[543-555],"[2,4-15,18-43,46-47,49-67]","[545,548-549,551-555]","[5,28,30,33,35,56-57,59,62,64]",ATXN2L___EDC3_unrelaxed_rank_002_alphafold2_multimer_v3_model_1_seed_000.pdb
ATXN2L___EDC3,3,2,A,B,0.1427,142.2,20.3,0.0160,0.7231,0.1267,0.1608,778.0,26.0,0.2100,24.0,64.4,0.300,16,67,7,11,43.3,77.6,40.3,71.7,1075,508,[540-555],[2-68],"[545,548-549,552-555]","[4-5,28,30,33,35,56-57,59,62,64]",ATXN2L___EDC3_unrelaxed_rank_003_alphafold2_multimer_v3_model_2_seed_000.pdb
ATXN2L___EDC3,4,4,A,B,0.0669,65.6,4.4,0.0127,0.5722,0.0716,0.0626,307.0,14.0,0.2100,23.1,61.8,0.290,9,60,5,6,40.8,76.0,40.5,71.7,1075,508,[544-552],"[4-16,18-43,45-47,49-66]","[545-546,548-549,552]","[5,10,56,59,62,64]",ATXN2L___EDC3_unrelaxed_rank_004_alphafold2_multimer_v3_model_4_seed_000.pdb
ATXN2L___EDC3,5,5,A,B,0.0979,66.7,6.5,0.0119,0.6043,0.0925,0.1036,318.0,14.0,0.2000,25.3,63.8,0.290,12,57,6,8,37.1,82.0,35.5,76.8,1075,508,"[542,544-554]","[5-14,16,19-43,45-47,49-66]","[545,548-549,552-554]","[5,33,56-57,59,62-64]",ATXN2L___EDC3_unrelaxed_rank_005_alphafold2_multimer_v3_model_5_seed_000.pdb
CCAR2___DHX15,1,4,A,B,0.1697,1004.8,170.5,0.0790,0.8197,0.1293,0.2227,11879.0,85.0,0.5000,51.7,78.7,0.480,63,385,19,19,77.9,91.4,73.7,87.2,923,795,[54-116],"[142-143,145-147,149-150,153,155,157-158,169-177,188-195,197-213,215-229,231-263,266-280,286-291,300-304,309-310,368,435,500-503,506-519,525,527-528,534-604,606-706,709-713,715-741,745-768,771-772,775-785]","[64,66-69,71,74,77,79,81-82,99,101,103-106,109,111]","[585,616-617,619-620,629-630,632-633,635-636,638,665,675-677,679-681]",CCAR2___DHX15_unrelaxed_rank_001_alphafold2_multimer_v3_model_4_seed_000.pdb
CCAR2___DHX15,2,3,A,B,0.0000,0.0,0.0,0.0000,0.4889,0.0000,0.0000,0.0,0.0,0.3500,52.2,78.6,0.470,0,0,0,0,,,,,923,795,,,,,CCAR2___DHX15_unrelaxed_rank_002_alphafold2_multimer_v3_model_3_seed_000.pdb
CCAR2___DHX15,3,5,A,B,0.0000,0.0,0.0,0.0000,0.4025,0.0000,0.0000,0.0,0.0,0.2700,52.0,79.1,0.470,0,0,0,0,,,,,923,795,,,,,CCAR2___DHX15_unrelaxed_rank_003_alphafold2_multimer_v3_model_5_seed_000.pdb
CCAR2___DHX15,4,1,A,B,0.0000,0.0,0.0,0.0000,0.3736,0.0000,0.0000,0.0,0.0,0.2600,52.4,78.1,0.450,0,0,0,0,,,,,923,795,,,,,CCAR2___DHX15_unrelaxed_rank_004_alphafold2_multimer_v3_model_1_seed_000.pdb
CCAR2___DHX15,5,2,A,B,0.0000,0.0,0.0,0.0000,0.2268,0.0000,0.0000,0.0,0.0,0.1900,54.0,79.6,0.450,0,0,0,0,,,,,923,795,,,,,CCAR2___DHX15_unrelaxed_rank_005_alphafold2_multimer_v3_model_2_seed_000.pdb
CCAR2___PRMT1,1,1,A,B,0.0000,0.0,0.0,0.0000,0.4685,0.0102,0.0000,56.0,0.0,0.2300,55.4,83.5,0.410,4,47,0,0,27.3,95.9,,,923,371,[197-200],"[72-76,79,92-94,98-99,102-103,106,114,124-127,130,139,141,160,173-178,190-191,229,250,257,271,280,290,292,334-335,337-339,349,351,366-367]",,,CCAR2___PRMT1_unrelaxed_rank_001_alphafold2_multimer_v3_model_1_seed_000.pdb
CCAR2___PRMT1,2,4,A,B,0.0000,0.0,0.0,0.0000,0.2428,0.0000,0.0000,0.0,0.0,0.2100,53.5,79.2,0.430,0,0,0,0,,,,,923,371,,,,,CCAR2___PRMT1_unrelaxed_rank_002_alphafold2_multimer_v3_model_4_seed_000.pdb
CCAR2___PRMT1,3,3,A,B,0.0000,0.0,0.0,0.0000,0.1674,0.0000,0.0000,0.0,0.0,0.1900,54.9,82.1,0.420,0,0,0,0,,,,,923,371,,,,,CCAR2___PRMT1_unrelaxed_rank_003_alphafold2_multimer_v3_model_3_seed_000.pdb
CCAR2___PRMT1,4,2,A,B,0.0000,0.0,0.0,0.0000,0.2287,0.0000,0.0000,0.0,0.0,0.1900,56.3,84.2,0.420,0,0,0,0,,,,,923,371,,,,,CCAR2___PRMT1_unrelaxed_rank_004_alphafold2_multimer_v3_model_2_seed_000.pdb
CCAR2___PRMT1,5,5,A,B,0.0000,0.0,0.0,0.0000,0.1761,0.0000,0.0000,0.0,0.0,0.1800,55.5,83.3,0.420,0,0,0,0,,,,,923,371,,,,,CCAR2___PRMT1_unrelaxed_rank_005_alphafold2_multimer_v3_model_5_seed_000.pdb
CCNT1___CHERP,1,3,A,B,0.2476,349.8,86.6,0.1479,0.7955,0.1688,0.3633,3708.0,33.0,0.3600,42.9,47.8,0.310,225,18,10,7,89.8,58.5,88.5,64.5,726,916,"[8-114,116-206,212,220-245]","[881,884,887-902]","[90,93-94,101,134,137-138,141,146,148]","[889,892-895,897,901]",CCNT1___CHERP_unrelaxed_rank_001_alphafold2_multimer_v3_model_3_seed_000.pdb
CCNT1___CHERP,2,5,A,B,0.2432,347.4,84.5,0.0635,0.8019,0.1766,0.3348,3550.0,34.0,0.3400,42.4,48.1,0.310,230,17,11,9,90.9,53.2,87.7,54.6,726,916,"[9-207,211-212,214,216,220-246]","[551,888-903]","[90,93-94,130,134,137-138,141,146,148,216]","[551,888,890,892-895,897,901]",CCNT1___CHERP_unrelaxed_rank_002_alphafold2_multimer_v3_model_5_seed_000.pdb
CCNT1___CHERP,3,4,A,B,0.1503,351.8,52.9,0.0200,0.8283,0.1080,0.2091,2691.0,46.0,0.3300,41.9,48.0,0.320,205,20,15,9,89.2,62.8,88.2,63.2,726,916,"[12-114,116,118-163,169-205,216,221-225,233-238,240-245]","[551,895-913]","[72-73,77-79,82,128,132,135-136,138-139,142-143,216]","[551,898,901-902,905-906,908-909,912]",CCNT1___CHERP_unrelaxed_rank_003_alphafold2_multimer_v3_model_4_seed_000.pdb
CCNT1___CHERP,4,1,A,B,0.1231,233.5,28.7,0.0152,0.6685,0.0885,0.1712,1473.0,37.0,0.3100,42.4,45.9,0.320,198,12,10,7,90.3,48.8,87.0,51.9,726,916,"[12-113,123-164,170-205,220-225,229-230,233-238,240-243]",[891-902],"[90,93-94,134,137-138,141-142,146,148]","[892-895,897-898,901]",CCNT1___CHERP_unrelaxed_rank_004_alphafold2_multimer_v3_model_1_seed_000.pdb
CCNT1___CHERP,5,2,A,B,0.0000,0.0,0.0,0.0000,0.4735,0.0230,0.0000,23.0,0.0,0.2800,45.1,47.9,0.340,8,14,0,0,95.1,94.2,,,726,916,"[62,87,90-95]","[165,177,210-211,220-221,224,227-228,240,246,248,280-281]",,,CCNT1___CHERP_unrelaxed_rank_005_alphafold2_multimer_v3_model_2_seed_000.pdb
CCNT1___SRSF11,1,1,A,B,0.0000,0.0,0.0,0.0000,0.3346,0.0000,0.0000,0.0,0.0,0.1900,44.4,30.9,0.340,0,0,0,0,,,,,726,484,,,,,CCNT1___SRSF11_unrelaxed_rank_001_alphafold2_multimer_v3_model_1_seed_000.pdb
CCNT1___SRSF11,2,5,A,B,0.0000,0.0,0.0,0.0000,0.3598,0.0000,0.0000,0.0,0.0,0.1900,45.6,31.6,0.330,0,0,0,0,,,,,726,484,,,,,CCNT1___SRSF11_unrelaxed_rank_002_alphafold2_multimer_v3_model_5_seed_000.pdb
CCNT1___SRSF11,3,2,A,B,0.0000,0.0,0.0,0.0000,0.3404,0.0000,0.0000,0.0,0.0,0.1800,46.9,32.2,0.340,0,0,0,0,,,,,726,484,,,,,CCNT1___SRSF11_unrelaxed_rank_003_alphafold2_multimer_v3_model_2_seed_000.pdb
CCNT1___SRSF11,4,3,A,B,0.0000,0.0,0.0,0.0000,0.2998,0.0000,0.0000,0.0,0.0,0.1700,44.6,31.2,0.330,0,0,0,0,,,,,726,484,,,,,CCNT1___SRSF11_unrelaxed_rank_004_alphafold2_multimer_v3_model_3_seed_000.pdb
CCNT1___SRSF11,5,4,A,B,0.0000,0.0,0.0,0.0000,0.3419,0.0000,0.0000,0.0,0.0,0.1700,44.1,30.6,0.320,0,0,0,0,,,,,726,484,,,,,CCNT1___SRSF11_unrelaxed_rank_005_alphafold2_multimer_v3_model_4_seed_000.pdb
CDC37___AGAP3,1,2,A,B,0.0000,0.0,0.0,0.0000,0.2995,0.0000,0.0000,0.0,0.0,0.1700,62.8,59.7,0.300,0,0,0,0,,,,,378,875,,,,,CDC37___AGAP3_unrelaxed_rank_001_alphafold2_multimer_v3_model_2_seed_000.pdb
CDC37___AGAP3,2,5,A,B,0.0000,0.0,0.0,0.0000,0.2449,0.0000,0.0000,0.0,0.0,0.1700,63.3,59.0,0.300,0,0,0,0,,,,,378,875,,,,,CDC37___AGAP3_unrelaxed_rank_002_alphafold2_multimer_v3_model_5_seed_000.pdb
CDC37___AGAP3,3,1,A,B,0.0000,0.0,0.0,0.0000,0.2060,0.0000,0.0000,0.0,0.0,0.1700,58.6,57.4,0.300,0,0,0,0,,,,,378,875,,,,,CDC37___AGAP3_unrelaxed_rank_003_alphafold2_multimer_v3_model_1_seed_000.pdb
CDC37___AGAP3,4,3,A,B,0.0000,0.0,0.0,0.0000,0.2012,0.0000,0.0000,0.0,0.0,0.1600,64.0,59.3,0.300,0,0,0,0,,,,,378,875,,,,,CDC37___AGAP3_unrelaxed_rank_004_alphafold2_multimer_v3_model_3_seed_000.pdb
CDC37___AGAP3,5,4,A,B,0.0000,0.0,0.0,0.0000,0.1592,0.0000,0.0000,0.0,0.0,0.1600,59.9,57.8,0.290,0,0,0,0,,,,,378,875,,,,,CDC37___AGAP3_unrelaxed_rank_005_alphafold2_multimer_v3_model_4_seed_000.pdb
CDC37___LUC7L2,1,4,A,B,0.0738,73.7,5.4,0.0136,0.5344,0.0502,0.1085,388.0,14.0,0.2800,65.8,59.6,0.400,69,31,7,7,87.4,84.3,84.3,79.5,378,392,"[152,155-168,170-172,174-175,181,183-194,196-221,237-238,252,255-256,258-259,262,266,270]","[133,135-163,166]","[157,161,163-165,204,208]","[137,140-141,143-145,149]",CDC37___LUC7L2_unrelaxed_rank_001_alphafold2_multimer_v3_model_4_seed_000.pdb
CDC37___LUC7L2,2,5,A,B,0.0000,0.0,0.0,0.0000,0.2515,0.0000,0.0000,0.0,0.0,0.1500,64.5,56.4,0.350,0,0,0,0,,,,,378,392,,,,,CDC37___LUC7L2_unrelaxed_rank_002_alphafold2_multimer_v3_model_5_seed_000.pdb
CDC37___LUC7L2,3,1,A,B,0.0000,0.0,0.0,0.0000,0.1984,0.0000,0.0000,0.0,0.0,0.1500,65.2,54.6,0.340,0,0,0,0,,,,,378,392,,,,,CDC37___LUC7L2_unrelaxed_rank_003_alphafold2_multimer_v3_model_1_seed_000.pdb
CDC37___LUC7L2,4,3,A,B,0.0000,0.0,0.0,0.0000,0.1101,0.0000,0.0000,0.0,0.0,0.1200,63.5,54.0,0.320,0,0,0,0,,,,,378,392,,,,,CDC37___LUC7L2_unrelaxed_rank_004_alphafold2_multimer_v3_model_3_seed_000.pdb
CDC37___LUC7L2,5,2,A,B,0.0000,0.0,0.0,0.0000,0.1253,0.0000,0.0000,0.0,0.0,0.1100,67.4,54.4,0.310,0,0,0,0,,,,,378,392,,,,,CDC37___LUC7L2_unrelaxed_rank_005_alphafold2_multimer_v3_model_2_seed_000.pdb
CDC37___PCCA,1,2,A,B,0.0000,0.0,0.0,0.0000,0.1369,0.0000,0.0000,0.0,0.0,0.1800,60.5,84.3,0.610,0,0,0,0,,,,,378,728,,,,,CDC37___PCCA_unrelaxed_rank_001_alphafold2_multimer_v3_model_2_seed_000.pdb
CDC37___PCCA,2,1,A,B,0.0000,0.0,0.0,0.0000,0.1932,0.0000,0.0000,0.0,0.0,0.1800,54.6,83.0,0.600,0,0,0,0,,,,,378,728,,,,,CDC37___PCCA_unrelaxed_rank_002_alphafold2_multimer_v3_model_1_seed_000.pdb
CDC37___PCCA,3,5,A,B,0.0000,0.0,0.0,0.0000,0.2536,0.0000,0.0000,0.0,0.0,0.1800,57.9,82.9,0.600,0,0,0,0,,,,,378,728,,,,,CDC37___PCCA_unrelaxed_rank_003_alphafold2_multimer_v3_model_5_seed_000.pdb
CDC37___PCCA,4,3,A,B,0.0000,0.0,0.0,0.0000,0.1951,0.0000,0.0000,0.0,0.0,0.1800,58.0,82.8,0.600,0,0,0,0,,,,,378,728,,,,,CDC37___PCCA_unrelaxed_rank_004_alphafold2_multimer_v3_model_3_seed_000.pdb
CDC37___PCCA,5,4,A,B,0.0000,0.0,0.0,0.0000,0.1990,0.0000,0.0000,0.0,0.0,0.1700,56.4,82.0,0.590,0,0,0,0,,,,,378,728,,,,,CDC37___PCCA_unrelaxed_rank_005_alphafold2_multimer_v3_model_4_seed_000.pdb
CDK4___PDK1,1,4,A,B,0.0000,0.0,0.0,0.0000,0.1182,0.0000,0.0000,0.0,0.0,0.1500,72.5,75.8,0.550,0,0,0,0,,,,,303,436,,,,,CDK4___PDK1_unrelaxed_rank_001_alphafold2_multimer_v3_model_4_seed_000.pdb
CDK4___PDK1,2,3,A,B,0.0000,0.0,0.0,0.0000,0.1174,0.0000,0.0000,0.0,0.0,0.1500,73.8,74.4,0.530,0,0,0,0,,,,,303,436,,,,,CDK4___PDK1_unrelaxed_rank_002_alphafold2_multimer_v3_model_3_seed_000.pdb
CDK4___PDK1,3,5,A,B,0.0000,0.0,0.0,0.0000,0.1191,0.0000,0.0000,0.0,0.0,0.1400,73.6,75.8,0.540,0,0,0,0,,,,,303,436,,,,,CDK4___PDK1_unrelaxed_rank_003_alphafold2_multimer_v3_model_5_seed_000.pdb
CDK4___PDK1,4,1,A,B,0.0000,0.0,0.0,0.0000,0.1263,0.0000,0.0000,0.0,0.0,0.1400,73.4,74.7,0.530,0,0,0,0,,,,,303,436,,,,,CDK4___PDK1_unrelaxed_rank_004_alphafold2_multimer_v3_model_1_seed_000.pdb
CDK4___PDK1,5,2,A,B,0.0000,0.0,0.0,0.0000,0.1225,0.0000,0.0000,0.0,0.0,0.1400,75.0,74.3,0.530,0,0,0,0,,,,,303,436,,,,,CDK4___PDK1_unrelaxed_rank_005_alphafold2_multimer_v3_model_2_seed_000.pdb
CDK4___SF3A3,1,5,A,B,0.0000,0.0,0.0,0.0000,0.1807,0.0000,0.0000,0.0,0.0,0.2000,75.5,71.1,0.420,0,0,0,0,,,,,303,501,,,,,CDK4___SF3A3_unrelaxed_rank_001_alphafold2_multimer_v3_model_5_seed_000.pdb
CDK4___SF3A3,2,1,A,B,0.0000,0.0,0.0,0.0000,0.2666,0.0000,0.0000,0.0,0.0,0.1900,78.5,70.2,0.420,0,0,0,0,,,,,303,501,,,,,CDK4___SF3A3_unrelaxed_rank_002_alphafold2_multimer_v3_model_1_seed_000.pdb
CDK4___SF3A3,3,2,A,B,0.0000,0.0,0.0,0.0000,0.1620,0.0000,0.0000,0.0,0.0,0.1800,76.2,72.3,0.410,0,0,0,0,,,,,303,501,,,,,CDK4___SF3A3_unrelaxed_rank_003_alphafold2_multimer_v3_model_2_seed_000.pdb
CDK4___SF3A3,4,4,A,B,0.0000,0.0,0.0,0.0000,0.1378,0.0000,0.0000,0.0,0.0,0.1500,76.5,69.2,0.400,0,0,0,0,,,,,303,501,,,,,CDK4___SF3A3_unrelaxed_rank_004_alphafold2_multimer_v3_model_4_seed_000.pdb
CDK4___SF3A3,5,3,A,B,0.0000,0.0,0.0,0.0000,0.1437,0.0000,0.0000,0.0,0.0,0.1500,74.4,69.1,0.410,0,0,0,0,,,,,303,501,,,,,CDK4___SF3A3_unrelaxed_rank_005_alphafold2_multimer_v3_model_3_seed_000.pdb
CDK4___SF3B2,1,1,A,B,0.0000,0.0,0.0,0.0000,0.4702,0.0098,0.0000,63.0,0.0,0.2600,81.1,38.2,0.350,31,4,0,0,92.5,29.6,,,303,895,"[100-102,104,106,117-118,120,131,135,142,144,147-148,155,202,206-210,212,221-222,224-227,229,272,276]",[721-724],,,CDK4___SF3B2_unrelaxed_rank_001_alphafold2_multimer_v3_model_1_seed_000.pdb
CDK4___SF3B2,2,4,A,B,0.0000,0.0,0.0,0.0000,0.1628,0.0000,0.0000,0.0,0.0,0.1600,78.1,33.4,0.320,0,0,0,0,,,,,303,895,,,,,CDK4___SF3B2_unrelaxed_rank_002_alphafold2_multimer_v3_model_4_seed_000.pdb
CDK4___SF3B2,3,2,A,B,0.0000,0.0,0.0,0.0000,0.1682,0.0000,0.0000,0.0,0.0,0.1600,79.7,36.3,0.330,0,0,0,0,,,,,303,895,,,,,CDK4___SF3B2_unrelaxed_rank_003_alphafold2_multimer_v3_model_2_seed_000.pdb
CDK4___SF3B2,4,3,A,B,0.0000,0.0,0.0,0.0000,0.1732,0.0000,0.0000,0.0,0.0,0.1500,78.9,36.1,0.320,0,0,0,0,,,,,303,895,,,,,CDK4___SF3B2_unrelaxed_rank_004_alphafold2_multimer_v3_model_3_seed_000.pdb
CDK4___SF3B2,5,5,A,B,0.0000,0.0,0.0,0.0000,0.0000,0.0000,0.0000,0.0,0.0,0.1500,77.7,35.9,0.320,0,0,0,0,,,,,303,895,,,,,CDK4___SF3B2_unrelaxed_rank_005_alphafold2_multimer_v3_model_5_seed_000.pdb
CHERP___SF3A3,1,2,A,B,0.0952,120.8,11.5,0.0130,0.6491,0.0705,0.1286,634.0,23.0,0.2400,47.1,75.6,0.330,28,59,6,8,64.9,77.1,62.9,76.6,916,501,"[656,658-664,704,708-726]","[405-417,419,421-465]","[664,711,713-714,717-718]","[409,412,437-439,452-453,456]",CHERP___SF3A3_unrelaxed_rank_001_alphafold2_multimer_v3_model_2_seed_000.pdb
CHERP___SF3A3,2,1,A,B,0.0000,0.0,0.0,0.0000,0.2142,0.0000,0.0000,0.0,0.0,0.2000,45.5,74.2,0.320,0,0,0,0,,,,,916,501,,,,,CHERP___SF3A3_unrelaxed_rank_002_alphafold2_multimer_v3_model_1_seed_000.pdb
CHERP___SF3A3,3,5,A,B,0.0000,0.0,0.0,0.0000,0.3889,0.0000,0.0000,0.0,0.0,0.1900,45.8,74.7,0.320,0,0,0,0,,,,,916,501,,,,,CHERP___SF3A3_unrelaxed_rank_003_alphafold2_multimer_v3_model_5_seed_000.pdb
CHERP___SF3A3,4,4,A,B,0.0195,14.1,0.3,0.0000,0.5705,0.0188,0.0203,50.0,4.0,0.1900,46.0,71.8,0.310,29,5,3,2,87.3,32.6,87.0,30.8,916,501,"[157,169-170,173-174,181,197-198,202,208-209,211-213,216,220,223,246,250,258-262,264-266,273,281]","[378-380,382-383]","[216,223,266]",[378-379],CHERP___SF3A3_unrelaxed_rank_004_alphafold2_multimer_v3_model_4_seed_000.pdb
CHERP___SF3A3,5,3,A,B,0.0000,0.0,0.0,0.0000,0.2098,0.0000,0.0000,0.0,0.0,0.1700,45.6,75.4,0.320,0,0,0,0,,,,,916,501,,,,,CHERP___SF3A3_unrelaxed_rank_005_alphafold2_multimer_v3_model_3_seed_000.pdb
CIZ1___DDX17,1,3,A,B,0.2961,236.0,69.9,0.1258,0.8605,0.2002,0.4379,1797.0,31.0,0.4400,23.7,60.4,0.380,8,359,5,9,50.6,89.8,58.5,88.4,898,729,[156-163],"[135,137-138,140-142,144-160,167-170,172-176,178-189,194-217,219-222,224-225,228-233,235,246-264,266,275-280,282-284,286-292,296-310,317,319-346,349-371,374-379,384-552]","[156,158-161]","[393,395,405,408-409,412-413,517,519]",CIZ1___DDX17_unrelaxed_rank_001_alphafold2_multimer_v3_model_3_seed_000.pdb
CIZ1___DDX17,2,4,A,B,0.0442,1.0,0.0,0.0000,0.4744,0.0442,0.0442,1.0,1.0,0.3000,22.2,57.9,0.380,1,1,1,1,31.7,67.1,31.7,67.1,898,729,[158],[412],[158],[412],CIZ1___DDX17_unrelaxed_rank_002_alphafold2_multimer_v3_model_4_seed_000.pdb
CIZ1___DDX17,3,2,A,B,0.0000,0.0,0.0,0.0000,0.3856,0.0000,0.0000,0.0,0.0,0.2500,24.6,61.1,0.360,0,0,0,0,,,,,898,729,,,,,CIZ1___DDX17_unrelaxed_rank_003_alphafold2_multimer_v3_model_2_seed_000.pdb
CIZ1___DDX17,4,1,A,B,0.0000,0.0,0.0,0.0000,0.2892,0.0000,0.0000,0.0,0.0,0.2300,24.7,58.1,0.340,0,0,0,0,,,,,898,729,,,,,CIZ1___DDX17_unrelaxed_rank_004_alphafold2_multimer_v3_model_1_seed_000.pdb
CIZ1___DDX17,5,5,A,B,0.0000,0.0,0.0,0.0000,0.2734,0.0000,0.0000,0.0,0.0,0.2100,23.0,60.6,0.360,0,0,0,0,,,,,898,729,,,,,CIZ1___DDX17_unrelaxed_rank_005_alphafold2_multimer_v3_model_5_seed_000.pdb
CIZ1___ZBTB33,1,4,A,B,0.0000,0.0,0.0,0.0000,0.3943,0.0000,0.0000,0.0,0.0,0.2100,25.6,35.9,0.240,0,0,0,0,,,,,898,672,,,,,CIZ1___ZBTB33_unrelaxed_rank_001_alphafold2_multimer_v3_model_4_seed_000.pdb
CIZ1___ZBTB33,2,5,A,B,0.0000,0.0,0.0,0.0000,0.2975,0.0000,0.0000,0.0,0.0,0.2100,25.8,36.8,0.240,0,0,0,0,,,,,898,672,,,,,CIZ1___ZBTB33_unrelaxed_rank_002_alphafold2_multimer_v3_model_5_seed_000.pdb
CIZ1___ZBTB33,3,3,A,B,0.0000,0.0,0.0,0.0000,0.3733,0.0000,0.0000,0.0,0.0,0.2000,25.6,36.7,0.240,0,0,0,0,,,,,898,672,,,,,CIZ1___ZBTB33_unrelaxed_rank_003_alphafold2_multimer_v3_model_3_seed_000.pdb
CIZ1___ZBTB33,4,1,A,B,0.0000,0.0,0.0,0.0000,0.3459,0.0000,0.0000,0.0,0.0,0.1900,24.2,33.4,0.220,0,0,0,0,,,,,898,672,,,,,CIZ1___ZBTB33_unrelaxed_rank_004_alphafold2_multimer_v3_model_1_seed_000.pdb
CIZ1___ZBTB33,5,2,A,B,0.0000,0.0,0.0,0.0000,0.4117,0.0000,0.0000,0.0,0.0,0.1800,26.3,37.6,0.230,0,0,0,0,,,,,898,672,,,,,CIZ1___ZBTB33_unrelaxed_rank_005_alphafold2_multimer_v3_model_2_seed_000.pdb
CSTB___FUS,1,1,A,B,0.0000,0.0,0.0,0.0000,0.3322,0.0008,0.0000,1.0,0.0,0.2500,86.7,33.7,0.270,1,1,0,0,65.2,78.6,,,98,526,[49],[353],,,CSTB___FUS_unrelaxed_rank_001_alphafold2_multimer_v3_model_1_seed_000.pdb
CSTB___FUS,2,4,A,B,0.0000,0.0,0.0,0.0000,0.2511,0.0000,0.0000,0.0,0.0,0.2200,84.8,33.8,0.250,0,0,0,0,,,,,98,526,,,,,CSTB___FUS_unrelaxed_rank_002_alphafold2_multimer_v3_model_4_seed_000.pdb
CSTB___FUS,3,2,A,B,0.0000,0.0,0.0,0.0000,0.2260,0.0000,0.0000,0.0,0.0,0.1900,84.6,33.4,0.250,0,0,0,0,,,,,98,526,,,,,CSTB___FUS_unrelaxed_rank_003_alphafold2_multimer_v3_model_2_seed_000.pdb
CSTB___FUS,4,3,A,B,0.0000,0.0,0.0,0.0000,0.1477,0.0000,0.0000,0.0,0.0,0.1800,83.9,32.4,0.250,0,0,0,0,,,,,98,526,,,,,CSTB___FUS_unrelaxed_rank_004_alphafold2_multimer_v3_model_3_seed_000.pdb
CSTB___FUS,5,5,A,B,0.0000,0.0,0.0,0.0000,0.1166,0.0000,0.0000,0.0,0.0,0.1500,85.7,33.6,0.240,0,0,0,0,,,,,98,526,,,,,CSTB___FUS_unrelaxed_rank_005_alphafold2_multimer_v3_model_5_seed_000.pdb
CSTB___HMGB1,1,4,A,B,0.0000,0.0,0.0,0.0000,0.1599,0.0000,0.0000,0.0,0.0,0.2000,80.3,67.2,0.380,0,0,0,0,,,,,98,215,,,,,CSTB___HMGB1_unrelaxed_rank_001_alphafold2_multimer_v3_model_4_seed_000.pdb
CSTB___HMGB1,2,1,A,B,0.0000,0.0,0.0,0.0000,0.1161,0.0000,0.0000,0.0,0.0,0.1600,80.8,69.6,0.380,0,0,0,0,,,,,98,215,,,,,CSTB___HMGB1_unrelaxed_rank_002_alphafold2_multimer_v3_model_1_seed_000.pdb
CSTB___HMGB1,3,3,A,B,0.0000,0.0,0.0,0.0000,0.1008,0.0000,0.0000,0.0,0.0,0.1300,68.9,64.8,0.330,0,0,0,0,,,,,98,215,,,,,CSTB___HMGB1_unrelaxed_rank_003_alphafold2_multimer_v3_model_3_seed_000.pdb
CSTB___HMGB1,4,2,A,B,0.0000,0.0,0.0,0.0000,0.1016,0.0000,0.0000,0.0,0.0,0.1200,69.5,66.8,0.340,0,0,0,0,,,,,98,215,,,,,CSTB___HMGB1_unrelaxed_rank_004_alphafold2_multimer_v3_model_2_seed_000.pdb
CSTB___HMGB1,5,5,A,B,0.0000,0.0,0.0,0.0000,0.0739,0.0000,0.0000,0.0,0.0,0.1100,77.6,64.0,0.340,0,0,0,0,,,,,98,215,,,,,CSTB___HMGB1_unrelaxed_rank_005_alphafold2_multimer_v3_model_5_seed_000.pdb
EPB41___PSPC1,1,4,A,B,0.0000,0.0,0.0,0.0000,0.1824,0.0000,0.0000,0.0,0.0,0.1600,45.6,55.4,0.340,0,0,0,0,,,,,864,523,,,,,EPB41___PSPC1_unrelaxed_rank_001_alphafold2_multimer_v3_model_4_seed_000.pdb
EPB41___PSPC1,2,1,A,B,0.0000,0.0,0.0,0.0000,0.2201,0.0000,0.0000,0.0,0.0,0.1600,48.0,56.7,0.350,0,0,0,0,,,,,864,523,,,,,EPB41___PSPC1_unrelaxed_rank_002_alphafold2_multimer_v3_model_1_seed_000.pdb
EPB41___PSPC1,3,2,A,B,0.0000,0.0,0.0,0.0000,0.1839,0.0000,0.0000,0.0,0.0,0.1600,48.4,57.6,0.340,0,0,0,0,,,,,864,523,,,,,EPB41___PSPC1_unrelaxed_rank_003_alphafold2_multimer_v3_model_2_seed_000.pdb
EPB41___PSPC1,4,3,A,B,0.0000,0.0,0.0,0.0000,0.1353,0.0000,0.0000,0.0,0.0,0.1500,47.8,56.4,0.340,0,0,0,0,,,,,864,523,,,,,EPB41___PSPC1_unrelaxed_rank_004_alphafold2_multimer_v3_model_3_seed_000.pdb
EPB41___PSPC1,5,5,A,B,0.0000,0.0,0.0,0.0000,0.1524,0.0000,0.0000,0.0,0.0,0.1500,47.6,56.2,0.340,0,0,0,0,,,,,864,523,,,,,EPB41___PSPC1_unrelaxed_rank_005_alphafold2_multimer_v3_model_5_seed_000.pdb
EPB41___RPS12,1,4,A,B,0.2286,250.8,57.3,0.0943,0.7256,0.1648,0.3172,1613.0,39.0,0.6300,47.9,70.2,0.400,14,111,8,10,57.1,75.7,57.0,75.7,864,132,[681-694],"[13-92,102-132]","[681-682,684-685,688-689,691-692]","[39,43,60-61,63-64,67-68,70-71]",EPB41___RPS12_unrelaxed_rank_001_alphafold2_multimer_v3_model_4_seed_000.pdb
EPB41___RPS12,2,2,A,B,0.2523,275.5,69.5,0.0888,0.7786,0.1832,0.3473,1851.0,41.0,0.6200,49.0,74.4,0.410,17,110,9,10,55.1,79.7,56.0,78.8,864,132,"[678,680-695]","[13-93,101-115,119-132]","[678,681-682,684-685,688-689,691-692]","[39,43,60-61,63-64,67-68,70-71]",EPB41___RPS12_unrelaxed_rank_002_alphafold2_multimer_v3_model_2_seed_000.pdb
EPB41___RPS12,3,5,A,B,0.1541,222.6,34.3,0.0142,0.6612,0.1198,0.1982,1339.0,37.0,0.6200,49.8,77.8,0.400,14,108,8,10,62.0,84.2,62.4,84.5,864,132,[681-694],"[14-93,102-117,119-129,131]","[681-682,684-685,688-689,691-692]","[39,43,60-61,63-64,67-68,70-71]",EPB41___RPS12_unrelaxed_rank_003_alphafold2_multimer_v3_model_5_seed_000.pdb
EPB41___RPS12,4,3,A,B,0.1301,153.8,20.0,0.0139,0.5948,0.1017,0.1664,1028.0,23.0,0.5800,50.0,78.1,0.400,12,102,4,9,60.1,84.9,61.7,83.3,864,132,[683-694],"[14-93,102-114,120-128]","[685,688-689,692]","[36,39,43,60,63-64,67-68,71]",EPB41___RPS12_unrelaxed_rank_004_alphafold2_multimer_v3_model_3_seed_000.pdb
EPB41___RPS12,5,1,A,B,0.0454,11.7,0.5,0.0125,0.4896,0.0352,0.0585,17.0,8.0,0.4400,49.0,66.4,0.420,6,8,4,5,47.9,67.0,47.1,65.1,864,132,"[685,687-690,692]","[39,60-61,63-65,67-68]","[685,688-689,692]","[60-61,63-64,67]",EPB41___RPS12_unrelaxed_rank_005_alphafold2_multimer_v3_model_1_seed_000.pdb
FAM50A___DHX15,1,5,A,B,0.1594,976.6,155.6,0.0245,0.7952,0.1144,0.2220,9351.0,102.0,0.4500,53.4,79.4,0.620,39,546,22,30,55.9,90.7,55.8,86.4,339,795,[41-79],"[116-121,123-162,164-181,186-295,298-314,316-376,378-408,410-519,521-550,552-579,583-589,591-596,611-613,615,617,619,623-626,628-633,643-644,647-648,650,654-671,687-699,701-703,710-712,718-719,721,725,733-736,750-754,757-761,764-766,777,779,781]","[42,44-45,48-54,57-58,61-62,64-70,73]","[142,145,149,159,161,298,306,308-313,318,320-325,338,341-342,345-346,467,470,482-483,487]",FAM50A___DHX15_unrelaxed_rank_001_alphafold2_multimer_v3_model_5_seed_000.pdb
FAM50A___DHX15,2,4,A,B,0.1526,892.6,136.2,0.0189,0.7969,0.1113,0.2091,7968.0,100.0,0.4400,52.4,79.9,0.620,39,520,20,30,56.8,90.8,56.7,87.6,339,795,"[43-80,165]","[116-181,186-296,298-315,317-376,379-408,410-426,428-450,452-517,519,525-550,555-579,581,586-596,615,619,624-631,647-648,651,654-671,688-699,701-704,710,719,721,725,733-737,746,749-752,757,761,765-766]","[44-46,48-54,57,61,64-70,73]","[142,145,149,159,298,301-302,306,308-313,318,320-325,338,341-342,345,467,470,482-483,487]",FAM50A___DHX15_unrelaxed_rank_002_alphafold2_multimer_v3_model_4_seed_000.pdb
FAM50A___DHX15,3,3,A,B,0.1348,397.2,53.5,0.0174,0.7320,0.1029,0.1767,2922.0,54.0,0.4400,55.1,80.1,0.620,29,407,13,20,50.4,91.3,53.4,88.4,339,795,"[40-59,61-69]","[127,129-131,133,135,137-140,142-151,153-155,157-159,166-177,187-214,216-227,231-245,251,253-279,285-292,299-304,307-312,316-376,380-407,413-425,429-430,432-449,452-508,511-516,525-546,548,558-559,561-563,565-567,569,571-577,586-588,591-592,594-595,619,624-626,630,657,659-660,663-665,667-668,687,689,691-694,696,698-699,701-703,710,718,721,733-735,750-751,757,765]","[44-45,48-54,57,65-67]","[142,309,312,318-325,338,341-342,345,467,470,482-483,487]",FAM50A___DHX15_unrelaxed_rank_003_alphafold2_multimer_v3_model_3_seed_000.pdb
FAM50A___DHX15,4,1,A,B,0.2137,474.3,101.4,0.0990,0.7719,0.1592,0.2869,3749.0,60.0,0.4300,47.0,78.9,0.590,19,396,11,15,45.7,90.1,49.4,88.4,339,795,"[38-55,57]","[124,126-133,135-161,164-179,187-228,230-246,248,250-251,253-282,285-292,298-312,316-449,454-503,505-508,511-517,525-545,548,556,558-559,562-563,571-575,592,692]","[42,44-45,48-55]","[318-325,341-342,345,470,482-483,487]",FAM50A___DHX15_unrelaxed_rank_004_alphafold2_multimer_v3_model_1_seed_000.pdb
FAM50A___DHX15,5,2,A,B,0.1553,766.1,118.9,0.0487,0.7631,0.1182,0.2040,6905.0,85.0,0.4200,52.2,79.6,0.610,44,444,21,27,49.7,91.0,49.8,87.7,339,795,[35-78],"[116,118-119,123-124,126-162,164-179,187-222,224-228,230-283,285-292,299-313,316-408,410-426,429-449,453-517,525-550,555-556,558-567,569,571-578,583,586-589,591-592,594-595,619,625,628,661,664-665,667-668,689,691-692,696,698,703,751-752]","[39,41-42,44-45,48-55,57-58,64-68,70]","[142,145,149,308-313,318-325,341-342,344-346,467,470,482-483,487]",FAM50A___DHX15_unrelaxed_rank_005_alphafold2_multimer_v3_model_2_seed_000.pdb
FAM50A___GFP,1,1,A,B,0.1491,1329.4,198.2,0.0695,0.6007,0.1128,0.1969,20314.0,87.0,0.5200,62.5,89.2,0.550,135,229,21,26,80.6,91.2,61.6,78.8,339,238,[197-331],"[2-9,11-231]","[208-212,237,255,275-277,286-287,289-290,294-295,300,302,319-320,323]","[39,41,146-149,151,153,165-168,174,176,178,198,200,202,204,206,221,223,225,227-228,230]",FAM50A___GFP_unrelaxed_rank_001_alphafold2_multimer_v3_model_1_seed_000.pdb
FAM50A___GFP,2,4,A,B,0.0000,0.0,0.0,0.0000,0.1837,0.0000,0.0000,0.0,0.0,0.2200,55.1,86.8,0.450,0,0,0,0,,,,,339,238,,,,,FAM50A___GFP_unrelaxed_rank_002_alphafold2_multimer_v3_model_4_seed_000.pdb
FAM50A___GFP,3,3,A,B,0.0000,0.0,0.0,0.0000,0.1372,0.0000,0.0000,0.0,0.0,0.1700,55.7,87.2,0.440,0,0,0,0,,,,,339,238,,,,,FAM50A___GFP_unrelaxed_rank_003_alphafold2_multimer_v3_model_3_seed_000.pdb
FAM50A___GFP,4,5,A,B,0.0000,0.0,0.0,0.0000,0.1310,0.0000,0.0000,0.0,0.0,0.1600,54.1,87.1,0.440,0,0,0,0,,,,,339,238,,,,,FAM50A___GFP_unrelaxed_rank_004_alphafold2_multimer_v3_model_5_seed_000.pdb
FAM50A___GFP,5,2,A,B,0.0000,0.0,0.0,0.0000,0.1019,0.0000,0.0000,0.0,0.0,0.1100,57.1,88.9,0.450,0,0,0,0,,,,,339,238,,,,,FAM50A___GFP_unrelaxed_rank_005_alphafold2_multimer_v3_model_2_seed_000.pdb
FUBP1___EPB41,1,1,A,B,0.0000,0.0,0.0,0.0000,0.4269,0.0000,0.0000,0.0,0.0,0.2300,38.4,48.4,0.360,0,0,0,0,,,,,644,864,,,,,FUBP1___EPB41_unrelaxed_rank_001_alphafold2_multimer_v3_model_1_seed_000.pdb
FUBP1___EPB41,2,5,A,B,0.0000,0.0,0.0,0.0000,0.2755,0.0000,0.0000,0.0,0.0,0.2200,40.5,47.0,0.340,0,0,0,0,,,,,644,864,,,,,FUBP1___EPB41_unrelaxed_rank_002_alphafold2_multimer_v3_model_5_seed_000.pdb
FUBP1___EPB41,3,3,A,B,0.0000,0.0,0.0,0.0000,0.2722,0.0000,0.0000,0.0,0.0,0.2100,37.6,48.0,0.360,0,0,0,0,,,,,644,864,,,,,FUBP1___EPB41_unrelaxed_rank_003_alphafold2_multimer_v3_model_3_seed_000.pdb
FUBP1___EPB41,4,4,A,B,0.0000,0.0,0.0,0.0000,0.2991,0.0000,0.0000,0.0,0.0,0.1900,37.7,46.3,0.340,0,0,0,0,,,,,644,864,,,,,FUBP1___EPB41_unrelaxed_rank_004_alphafold2_multimer_v3_model_4_seed_000.pdb
FUBP1___EPB41,5,2,A,B,0.0000,0.0,0.0,0.0000,0.1745,0.0000,0.0000,0.0,0.0,0.1800,42.0,48.1,0.340,0,0,0,0,,,,,644,864,,,,,FUBP1___EPB41_unrelaxed_rank_005_alphafold2_multimer_v3_model_2_seed_000.pdb
FUBP1___PRMT1,1,3,A,B,0.0000,0.0,0.0,0.0000,0.3042,0.0000,0.0000,0.0,0.0,0.2300,42.1,83.1,0.410,0,0,0,0,,,,,644,371,,,,,FUBP1___PRMT1_unrelaxed_rank_001_alphafold2_multimer_v3_model_3_seed_000.pdb
FUBP1___PRMT1,2,4,A,B,0.0000,0.0,0.0,0.0000,0.2175,0.0000,0.0000,0.0,0.0,0.2100,37.2,79.0,0.410,0,0,0,0,,,,,644,371,,,,,FUBP1___PRMT1_unrelaxed_rank_002_alphafold2_multimer_v3_model_4_seed_000.pdb
FUBP1___PRMT1,3,1,A,B,0.0000,0.0,0.0,0.0000,0.2689,0.0000,0.0000,0.0,0.0,0.2000,42.7,82.7,0.410,0,0,0,0,,,,,644,371,,,,,FUBP1___PRMT1_unrelaxed_rank_003_alphafold2_multimer_v3_model_1_seed_000.pdb
FUBP1___PRMT1,4,5,A,B,0.0000,0.0,0.0,0.0000,0.1802,0.0000,0.0000,0.0,0.0,0.1900,42.2,84.2,0.400,0,0,0,0,,,,,644,371,,,,,FUBP1___PRMT1_unrelaxed_rank_004_alphafold2_multimer_v3_model_5_seed_000.pdb
FUBP1___PRMT1,5,2,A,B,0.0000,0.0,0.0,0.0000,0.1396,0.0000,0.0000,0.0,0.0,0.1700,40.4,84.0,0.400,0,0,0,0,,,,,644,371,,,,,FUBP1___PRMT1_unrelaxed_rank_005_alphafold2_multimer_v3_model_2_seed_000.pdb
FUBP1___SF3A3,1,3,A,B,0.0000,0.0,0.0,0.0000,0.2750,0.0000,0.0000,0.0,0.0,0.1600,40.2,77.0,0.350,0,0,0,0,,,,,644,501,,,,,FUBP1___SF3A3_unrelaxed_rank_001_alphafold2_multimer_v3_model_3_seed_000.pdb
FUBP1___SF3A3,2,1,A,B,0.0000,0.0,0.0,0.0000,0.1787,0.0000,0.0000,0.0,0.0,0.1600,41.7,75.1,0.350,0,0,0,0,,,,,644,501,,,,,FUBP1___SF3A3_unrelaxed_rank_002_alphafold2_multimer_v3_model_1_seed_000.pdb
FUBP1___SF3A3,3,5,A,B,0.0000,0.0,0.0,0.0000,0.1542,0.0000,0.0000,0.0,0.0,0.1600,41.7,76.8,0.350,0,0,0,0,,,,,644,501,,,,,FUBP1___SF3A3_unrelaxed_rank_003_alphafold2_multimer_v3_model_5_seed_000.pdb
FUBP1___SF3A3,4,2,A,B,0.0000,0.0,0.0,0.0000,0.1553,0.0000,0.0000,0.0,0.0,0.1500,43.3,76.7,0.350,0,0,0,0,,,,,644,501,,,,,FUBP1___SF3A3_unrelaxed_rank_004_alphafold2_multimer_v3_model_2_seed_000.pdb
FUBP1___SF3A3,5,4,A,B,0.0000,0.0,0.0,0.0000,0.1803,0.0000,0.0000,0.0,0.0,0.1400,39.0,71.2,0.340,0,0,0,0,,,,,644,501,,,,,FUBP1___SF3A3_unrelaxed_rank_005_alphafold2_multimer_v3_model_4_seed_000.pdb
FUBP3___HMGB1,1,4,A,B,0.0000,0.0,0.0,0.0000,0.2298,0.0000,0.0000,0.0,0.0,0.1900,47.7,61.4,0.240,0,0,0,0,,,,,572,215,,,,,FUBP3___HMGB1_unrelaxed_rank_001_alphafold2_multimer_v3_model_4_seed_000.pdb
FUBP3___HMGB1,2,2,A,B,0.0000,0.0,0.0,0.0000,0.2959,0.0000,0.0000,0.0,0.0,0.1800,50.8,63.0,0.210,0,0,0,0,,,,,572,215,,,,,FUBP3___HMGB1_unrelaxed_rank_002_alphafold2_multimer_v3_model_2_seed_000.pdb
FUBP3___HMGB1,3,1,A,B,0.0000,0.0,0.0,0.0000,0.2419,0.0000,0.0000,0.0,0.0,0.1700,50.2,63.4,0.220,0,0,0,0,,,,,572,215,,,,,FUBP3___HMGB1_unrelaxed_rank_003_alphafold2_multimer_v3_model_1_seed_000.pdb
FUBP3___HMGB1,4,5,A,B,0.0000,0.0,0.0,0.0000,0.1286,0.0000,0.0000,0.0,0.0,0.1400,50.5,65.7,0.230,0,0,0,0,,,,,572,215,,,,,FUBP3___HMGB1_unrelaxed_rank_004_alphafold2_multimer_v3_model_5_seed_000.pdb
FUBP3___HMGB1,5,3,A,B,0.0000,0.0,0.0,0.0000,0.1150,0.0000,0.0000,0.0,0.0,0.1400,47.2,63.2,0.220,0,0,0,0,,,,,572,215,,,,,FUBP3___HMGB1_unrelaxed_rank_005_alphafold2_multimer_v3_model_3_seed_000.pdb
KHSRP___CCNT1,1,3,A,B,0.2895,474.3,137.3,0.1660,0.8712,0.2111,0.3969,4091.0,55.0,0.3400,39.3,41.9,0.340,19,231,11,11,43.2,86.5,45.6,77.1,711,726,[671-689],"[11-27,29-113,124-249,253-255]","[672,674-675,677-679,681-683,685-686]","[159-160,163-164,213,215-217,221,224-225]",KHSRP___CCNT1_unrelaxed_rank_001_alphafold2_multimer_v3_model_3_seed_000.pdb
KHSRP___CCNT1,2,4,A,B,0.0000,0.0,0.0,0.0000,0.4153,0.0000,0.0000,0.0,0.0,0.2300,37.2,40.9,0.330,0,0,0,0,,,,,711,726,,,,,KHSRP___CCNT1_unrelaxed_rank_002_alphafold2_multimer_v3_model_4_seed_000.pdb
KHSRP___CCNT1,3,1,A,B,0.0000,0.0,0.0,0.0000,0.4166,0.0000,0.0000,0.0,0.0,0.2200,38.7,42.1,0.330,0,0,0,0,,,,,711,726,,,,,KHSRP___CCNT1_unrelaxed_rank_003_alphafold2_multimer_v3_model_1_seed_000.pdb
KHSRP___CCNT1,4,2,A,B,0.0000,0.0,0.0,0.0000,0.4404,0.0000,0.0000,0.0,0.0,0.2100,39.9,44.3,0.340,0,0,0,0,,,,,711,726,,,,,KHSRP___CCNT1_unrelaxed_rank_004_alphafold2_multimer_v3_model_2_seed_000.pdb
KHSRP___CCNT1,5,5,A,B,0.0000,0.0,0.0,0.0000,0.2481,0.0000,0.0000,0.0,0.0,0.1900,39.4,42.7,0.310,0,0,0,0,,,,,711,726,,,,,KHSRP___CCNT1_unrelaxed_rank_005_alphafold2_multimer_v3_model_5_seed_000.pdb
KHSRP___EDC3,1,3,A,B,0.0000,0.0,0.0,0.0000,0.2855,0.0000,0.0000,0.0,0.0,0.1700,39.8,61.9,0.330,0,0,0,0,,,,,711,508,,,,,KHSRP___EDC3_unrelaxed_rank_001_alphafold2_multimer_v3_model_3_seed_000.pdb
KHSRP___EDC3,2,1,A,B,0.0000,0.0,0.0,0.0000,0.2221,0.0000,0.0000,0.0,0.0,0.1700,38.8,63.0,0.330,0,0,0,0,,,,,711,508,,,,,KHSRP___EDC3_unrelaxed_rank_002_alphafold2_multimer_v3_model_1_seed_000.pdb
KHSRP___EDC3,3,2,A,B,0.0000,0.0,0.0,0.0000,0.4166,0.0000,0.0000,0.0,0.0,0.1700,40.8,62.1,0.320,0,0,0,0,,,,,711,508,,,,,KHSRP___EDC3_unrelaxed_rank_003_alphafold2_multimer_v3_model_2_seed_000.pdb
KHSRP___EDC3,4,4,A,B,0.0000,0.0,0.0,0.0000,0.1904,0.0000,0.0000,0.0,0.0,0.1700,37.9,60.4,0.310,0,0,0,0,,,,,711,508,,,,,KHSRP___EDC3_unrelaxed_rank_004_alphafold2_multimer_v3_model_4_seed_000.pdb
KHSRP___EDC3,5,5,A,B,0.0000,0.0,0.0,0.0000,0.1508,0.0000,0.0000,0.0,0.0,0.1500,41.6,62.7,0.310,0,0,0,0,,,,,711,508,,,,,KHSRP___EDC3_unrelaxed_rank_005_alphafold2_multimer_v3_model_5_seed_000.pdb
LUC7L2___DHX15,1,3,A,B,0.0478,345.7,16.5,0.0140,0.5886,0.0459,0.0497,3414.0,35.0,0.2400,51.8,78.8,0.570,8,581,6,22,35.3,90.6,36.8,85.6,392,795,[385-392],"[118,124,126-131,133-135,137-160,164-178,186-283,285-292,298-305,307-312,319-325,330-344,346,349-375,381-406,413-425,429-431,433-476,478-491,493-519,521-550,553-581,583-604,607-673,675,677,684-705,709-713,715-727,731-739,741-767,776-783]",[387-392],"[193-196,222,264,266-268,358,390-391,421-423,442-445,456,501,505]",LUC7L2___DHX15_unrelaxed_rank_001_alphafold2_multimer_v3_model_3_seed_000.pdb
LUC7L2___DHX15,2,2,A,B,0.0000,0.0,0.0,0.0000,0.1841,0.0000,0.0000,0.0,0.0,0.1700,52.1,78.8,0.550,0,0,0,0,,,,,392,795,,,,,LUC7L2___DHX15_unrelaxed_rank_002_alphafold2_multimer_v3_model_2_seed_000.pdb
LUC7L2___DHX15,3,1,A,B,0.0000,0.0,0.0,0.0000,0.1770,0.0000,0.0000,0.0,0.0,0.1600,47.7,78.2,0.540,0,0,0,0,,,,,392,795,,,,,LUC7L2___DHX15_unrelaxed_rank_003_alphafold2_multimer_v3_model_1_seed_000.pdb
LUC7L2___DHX15,4,4,A,B,0.0000,0.0,0.0,0.0000,0.1585,0.0000,0.0000,0.0,0.0,0.1600,50.7,78.2,0.560,0,0,0,0,,,,,392,795,,,,,LUC7L2___DHX15_unrelaxed_rank_004_alphafold2_multimer_v3_model_4_seed_000.pdb
LUC7L2___DHX15,5,5,A,B,0.0000,0.0,0.0,0.0000,0.1639,0.0000,0.0000,0.0,0.0,0.1600,52.1,78.7,0.560,0,0,0,0,,,,,392,795,,,,,LUC7L2___DHX15_unrelaxed_rank_005_alphafold2_multimer_v3_model_5_seed_000.pdb
MATR3___ANP32A,1,3,A,B,0.0171,2.0,0.0,0.0000,0.4508,0.0171,0.0171,2.0,2.0,0.2200,39.5,60.9,0.270,2,2,2,2,58.8,27.4,58.8,27.4,847,249,"[572,576]",[163-164],"[572,576]",[163-164],MATR3___ANP32A_unrelaxed_rank_001_alphafold2_multimer_v3_model_3_seed_000.pdb
MATR3___ANP32A,2,1,A,B,0.0000,0.0,0.0,0.0000,0.3056,0.0000,0.0000,0.0,0.0,0.2100,39.3,61.9,0.280,0,0,0,0,,,,,847,249,,,,,MATR3___ANP32A_unrelaxed_rank_002_alphafold2_multimer_v3_model_1_seed_000.pdb
MATR3___ANP32A,3,4,A,B,0.0000,0.0,0.0,0.0000,0.3137,0.0000,0.0000,0.0,0.0,0.1900,38.3,61.7,0.280,0,0,0,0,,,,,847,249,,,,,MATR3___ANP32A_unrelaxed_rank_003_alphafold2_multimer_v3_model_4_seed_000.pdb
MATR3___ANP32A,4,2,A,B,0.0000,0.0,0.0,0.0000,0.2579,0.0000,0.0000,0.0,0.0,0.1900,41.3,63.7,0.270,0,0,0,0,,,,,847,249,,,,,MATR3___ANP32A_unrelaxed_rank_004_alphafold2_multimer_v3_model_2_seed_000.pdb
MATR3___ANP32A,5,5,A,B,0.0000,0.0,0.0,0.0000,0.2323,0.0000,0.0000,0.0,0.0,0.1800,41.9,63.4,0.260,0,0,0,0,,,,,847,249,,,,,MATR3___ANP32A_unrelaxed_rank_005_alphafold2_multimer_v3_model_5_seed_000.pdb
MATR3___CHERP,1,1,A,B,0.0282,4.5,0.1,0.0000,0.5150,0.0304,0.0263,20.0,1.0,0.2300,38.1,45.8,0.290,3,18,1,1,28.4,86.4,27.3,83.9,847,916,[200-202],"[158,160,164,167,169-170,173-174,213,217,223,258,261,266-267,270,280,285]",[202],[266],MATR3___CHERP_unrelaxed_rank_001_alphafold2_multimer_v3_model_1_seed_000.pdb
MATR3___CHERP,2,2,A,B,0.0324,77.8,2.5,0.0113,0.6472,0.0266,0.0394,504.0,12.0,0.2100,42.0,48.8,0.290,10,152,4,9,31.9,93.6,33.9,91.8,847,916,[664-673],"[124-127,129-144,146-147,149-150,152-153,155-185,188-203,206-207,209-217,220-228,230,232-234,236-244,246-248,250,252,255-270,272-274,277-278,280-292,295-296,299,304,306,308,310]","[665-666,668-669]","[168,170,173,216,220,259,262-263,266]",MATR3___CHERP_unrelaxed_rank_002_alphafold2_multimer_v3_model_2_seed_000.pdb
MATR3___CHERP,3,4,A,B,0.0000,0.0,0.0,0.0000,0.4181,0.0000,0.0000,0.0,0.0,0.1800,37.9,46.8,0.280,0,0,0,0,,,,,847,916,,,,,MATR3___CHERP_unrelaxed_rank_003_alphafold2_multimer_v3_model_4_seed_000.pdb
MATR3___CHERP,4,3,A,B,0.0000,0.0,0.0,0.0000,0.3100,0.0000,0.0000,0.0,0.0,0.1800,38.3,46.0,0.280,0,0,0,0,,,,,847,916,,,,,MATR3___CHERP_unrelaxed_rank_004_alphafold2_multimer_v3_model_3_seed_000.pdb
MATR3___CHERP,5,5,A,B,0.0000,0.0,0.0,0.0000,0.1953,0.0000,0.0000,0.0,0.0,0.1800,39.6,47.6,0.280,0,0,0,0,,,,,847,916,,,,,MATR3___CHERP_unrelaxed_rank_005_alphafold2_multimer_v3_model_5_seed_000.pdb
MATR3___FUS,1,1,A,B,0.0000,0.0,0.0,0.0000,0.1880,0.0000,0.0000,0.0,0.0,0.1700,40.6,28.9,0.230,0,0,0,0,,,,,847,526,,,,,MATR3___FUS_unrelaxed_rank_001_alphafold2_multimer_v3_model_1_seed_000.pdb
MATR3___FUS,2,2,A,B,0.0000,0.0,0.0,0.0000,0.1755,0.0000,0.0000,0.0,0.0,0.1700,45.0,30.8,0.220,0,0,0,0,,,,,847,526,,,,,MATR3___FUS_unrelaxed_rank_002_alphafold2_multimer_v3_model_2_seed_000.pdb
MATR3___FUS,3,3,A,B,0.0000,0.0,0.0,0.0000,0.2265,0.0000,0.0000,0.0,0.0,0.1600,39.7,28.0,0.220,0,0,0,0,,,,,847,526,,,,,MATR3___FUS_unrelaxed_rank_003_alphafold2_multimer_v3_model_3_seed_000.pdb
MATR3___FUS,4,5,A,B,0.0000,0.0,0.0,0.0000,0.1996,0.0000,0.0000,0.0,0.0,0.1600,43.0,30.6,0.220,0,0,0,0,,,,,847,526,,,,,MATR3___FUS_unrelaxed_rank_004_alphafold2_multimer_v3_model_5_seed_000.pdb
MATR3___FUS,5,4,A,B,0.0000,0.0,0.0,0.0000,0.2203,0.0000,0.0000,0.0,0.0,0.1600,40.8,30.1,0.220,0,0,0,0,,,,,847,526,,,,,MATR3___FUS_unrelaxed_rank_005_alphafold2_multimer_v3_model_4_seed_000.pdb
MATR3___KHSRP,1,2,A,B,0.0911,72.4,6.6,0.0143,0.6204,0.0788,0.1054,228.0,23.0,0.2000,40.9,43.6,0.240,39,14,8,7,56.1,48.5,55.9,48.9,847,711,[110-148],[73-86],"[122-123,125-126,130,133-135]","[74,77-78,81-82,84-85]",MATR3___KHSRP_unrelaxed_rank_001_alphafold2_multimer_v3_model_2_seed_000.pdb
MATR3___KHSRP,2,1,A,B,0.0000,0.0,0.0,0.0000,0.3346,0.0000,0.0000,0.0,0.0,0.1800,38.0,37.8,0.230,0,0,0,0,,,,,847,711,,,,,MATR3___KHSRP_unrelaxed_rank_002_alphafold2_multimer_v3_model_1_seed_000.pdb
MATR3___KHSRP,3,4,A,B,0.0000,0.0,0.0,0.0000,0.1826,0.0000,0.0000,0.0,0.0,0.1800,39.2,38.7,0.220,0,0,0,0,,,,,847,711,,,,,MATR3___KHSRP_unrelaxed_rank_003_alphafold2_multimer_v3_model_4_seed_000.pdb
MATR3___KHSRP,4,3,A,B,0.0000,0.0,0.0,0.0000,0.3851,0.0000,0.0000,0.0,0.0,0.1700,39.6,38.2,0.230,0,0,0,0,,,,,847,711,,,,,MATR3___KHSRP_unrelaxed_rank_004_alphafold2_multimer_v3_model_3_seed_000.pdb
MATR3___KHSRP,5,5,A,B,0.0000,0.0,0.0,0.0000,0.1681,0.0000,0.0000,0.0,0.0,0.1600,41.8,41.5,0.220,0,0,0,0,,,,,847,711,,,,,MATR3___KHSRP_unrelaxed_rank_005_alphafold2_multimer_v3_model_5_seed_000.pdb
MRPL12___FUS,1,1,A,B,0.0000,0.0,0.0,0.0000,0.1848,0.0000,0.0000,0.0,0.0,0.1400,52.1,34.0,0.240,0,0,0,0,,,,,198,526,,,,,MRPL12___FUS_unrelaxed_rank_001_alphafold2_multimer_v3_model_1_seed_000.pdb
MRPL12___FUS,2,4,A,B,0.0000,0.0,0.0,0.0000,0.1247,0.0000,0.0000,0.0,0.0,0.1300,51.3,35.1,0.230,0,0,0,0,,,,,198,526,,,,,MRPL12___FUS_unrelaxed_rank_002_alphafold2_multimer_v3_model_4_seed_000.pdb
MRPL12___FUS,3,3,A,B,0.0000,0.0,0.0,0.0000,0.1384,0.0000,0.0000,0.0,0.0,0.1300,48.5,33.0,0.230,0,0,0,0,,,,,198,526,,,,,MRPL12___FUS_unrelaxed_rank_003_alphafold2_multimer_v3_model_3_seed_000.pdb
MRPL12___FUS,4,2,A,B,0.0000,0.0,0.0,0.0000,0.0918,0.0000,0.0000,0.0,0.0,0.1200,52.5,34.0,0.230,0,0,0,0,,,,,198,526,,,,,MRPL12___FUS_unrelaxed_rank_004_alphafold2_multimer_v3_model_2_seed_000.pdb
MRPL12___FUS,5,5,A,B,0.0000,0.0,0.0,0.0000,0.1141,0.0000,0.0000,0.0,0.0,0.1200,50.2,34.5,0.230,0,0,0,0,,,,,198,526,,,,,MRPL12___FUS_unrelaxed_rank_005_alphafold2_multimer_v3_model_5_seed_000.pdb
MRPL12___HMGB1,1,4,A,B,0.0000,0.0,0.0,0.0000,0.1790,0.0000,0.0000,0.0,0.0,0.1600,46.8,66.3,0.330,0,0,0,0,,,,,198,215,,,,,MRPL12___HMGB1_unrelaxed_rank_001_alphafold2_multimer_v3_model_4_seed_000.pdb
MRPL12___HMGB1,2,1,A,B,0.0000,0.0,0.0,0.0000,0.1865,0.0000,0.0000,0.0,0.0,0.1500,45.1,65.5,0.320,0,0,0,0,,,,,198,215,,,,,MRPL12___HMGB1_unrelaxed_rank_002_alphafold2_multimer_v3_model_1_seed_000.pdb
MRPL12___HMGB1,3,3,A,B,0.0000,0.0,0.0,0.0000,0.2330,0.0000,0.0000,0.0,0.0,0.1300,48.9,64.0,0.310,0,0,0,0,,,,,198,215,,,,,MRPL12___HMGB1_unrelaxed_rank_003_alphafold2_multimer_v3_model_3_seed_000.pdb
MRPL12___HMGB1,4,2,A,B,0.0000,0.0,0.0,0.0000,0.1760,0.0000,0.0000,0.0,0.0,0.1200,46.8,63.8,0.290,0,0,0,0,,,,,198,215,,,,,MRPL12___HMGB1_unrelaxed_rank_004_alphafold2_multimer_v3_model_2_seed_000.pdb
MRPL12___HMGB1,5,5,A,B,0.0000,0.0,0.0,0.0000,0.0947,0.0000,0.0000,0.0,0.0,0.1000,46.5,66.5,0.290,0,0,0,0,,,,,198,215,,,,,MRPL12___HMGB1_unrelaxed_rank_005_alphafold2_multimer_v3_model_5_seed_000.pdb
MRPL12___ZNF503,1,3,A,B,0.0000,0.0,0.0,0.0000,0.1234,0.0000,0.0000,0.0,0.0,0.1400,56.0,24.4,0.180,0,0,0,0,,,,,198,646,,,,,MRPL12___ZNF503_unrelaxed_rank_001_alphafold2_multimer_v3_model_3_seed_000.pdb
MRPL12___ZNF503,2,5,A,B,0.0000,0.0,0.0,0.0000,0.1241,0.0000,0.0000,0.0,0.0,0.1300,55.3,25.3,0.180,0,0,0,0,,,,,198,646,,,,,MRPL12___ZNF503_unrelaxed_rank_002_alphafold2_multimer_v3_model_5_seed_000.pdb
MRPL12___ZNF503,3,1,A,B,0.0000,0.0,0.0,0.0000,0.1253,0.0000,0.0000,0.0,0.0,0.1200,54.8,26.4,0.190,0,0,0,0,,,,,198,646,,,,,MRPL12___ZNF503_unrelaxed_rank_003_alphafold2_multimer_v3_model_1_seed_000.pdb
MRPL12___ZNF503,4,2,A,B,0.0000,0.0,0.0,0.0000,0.1177,0.0000,0.0000,0.0,0.0,0.1200,58.3,24.6,0.190,0,0,0,0,,,,,198,646,,,,,MRPL12___ZNF503_unrelaxed_rank_004_alphafold2_multimer_v3_model_2_seed_000.pdb
MRPL12___ZNF503,5,4,A,B,0.0000,0.0,0.0,0.0000,0.0980,0.0000,0.0000,0.0,0.0,0.1200,59.3,25.6,0.180,0,0,0,0,,,,,198,646,,,,,MRPL12___ZNF503_unrelaxed_rank_005_alphafold2_multimer_v3_model_4_seed_000.pdb
NASP___ATXN2L,1,3,A,B,0.1890,318.8,60.3,0.0195,0.8160,0.1645,0.2172,2364.0,43.0,0.2900,38.3,26.1,0.290,208,14,18,10,91.2,37.9,86.2,39.1,788,1075,"[39-103,513-626,633-661]",[662-675],"[55,99-100,103,553-554,556,581-582,584-585,588,592,641,645,648-649,652]","[663-666,668-670,672-673,675]",NASP___ATXN2L_unrelaxed_rank_001_alphafold2_multimer_v3_model_3_seed_000.pdb
NASP___ATXN2L,2,4,A,B,0.0373,117.8,4.4,0.0135,0.5828,0.0470,0.0296,1262.0,11.0,0.2800,38.9,24.2,0.290,182,15,8,7,93.6,47.2,90.4,49.3,788,1075,"[43-44,46-47,49-74,84-90,92-101,514-530,532,534-547,549-624,626,634-658,661]",[541-555],"[100,581,584-585,592,641,645,652]","[544-546,549,551-553]",NASP___ATXN2L_unrelaxed_rank_002_alphafold2_multimer_v3_model_4_seed_000.pdb
NASP___ATXN2L,3,1,A,B,0.1476,247.2,36.5,0.0172,0.7865,0.1181,0.1845,1652.0,37.0,0.2700,38.5,24.3,0.290,205,11,16,8,91.9,36.2,90.1,37.0,788,1075,"[40-102,514-626,633-661]",[663-673],"[100,553-554,581-582,584-585,588,592,610,638,641,645,648-649,652]","[664-669,672-673]",NASP___ATXN2L_unrelaxed_rank_003_alphafold2_multimer_v3_model_1_seed_000.pdb
NASP___ATXN2L,4,2,A,B,0.0424,100.0,4.2,0.0125,0.6581,0.0411,0.0438,770.0,13.0,0.2500,40.3,24.5,0.300,197,10,10,7,95.1,35.8,93.4,36.0,788,1075,"[40-77,79,81-102,514-532,534-557,559-587,589-599,601-626,634-660]",[664-673],"[100,553,581-582,584-585,592,641,645,648]","[665-669,672-673]",NASP___ATXN2L_unrelaxed_rank_004_alphafold2_multimer_v3_model_2_seed_000.pdb
NASP___ATXN2L,5,5,A,B,0.0087,6.0,0.1,0.0000,0.5609,0.0140,0.0054,36.0,1.0,0.2400,39.1,25.5,0.290,30,4,1,1,95.9,36.7,92.5,33.8,788,1075,"[50,53-54,63,66,84,96,518,529,541-542,544-545,562-564,566-568,572,580,584,599,602,606,613,638,640-641,644]","[665-666,670-671]",[641],[665],NASP___ATXN2L_unrelaxed_rank_005_alphafold2_multimer_v3_model_5_seed_000.pdb
NASP___XRN2,1,3,A,B,0.2478,536.6,133.0,0.0748,0.8910,0.1648,0.3726,5141.0,56.0,0.3300,35.3,70.6,0.530,212,51,18,13,84.9,66.6,80.9,50.4,788,950,"[39-103,505-506,514-627,631-661]","[75,77,80,83,177,181,303,362,390,401-402,404-440,517,521,629]","[55,100,103,554,556,581-582,584-585,588,592,596,638,641-642,644-645,648]","[413,417,420-421,425,429-435,439]",NASP___XRN2_unrelaxed_rank_001_alphafold2_multimer_v3_model_3_seed_000.pdb
NASP___XRN2,2,2,A,B,0.0412,270.8,11.2,0.0120,0.6311,0.0341,0.0499,2933.0,25.0,0.2900,35.9,70.0,0.530,22,460,7,15,37.7,92.7,31.0,83.4,788,950,"[113-126,140,142-148]","[5,7-14,16-24,39,41-42,44,46-65,69,71-131,133-135,137,156-183,185,187-189,191-218,221-254,300-317,326-342,344-350,356-357,360-369,377-396,403-404,517-524,533-575,585,589-620,623-630,633-636,643-644,647-662,665-666,669-679,682-688,690-701,710,714,718-724,729-730,734-739,742,745,750-758,760,765-771]","[115,118-123]","[56-57,59-61,64,113,117,121,124,157,160,232-233,644]",NASP___XRN2_unrelaxed_rank_002_alphafold2_multimer_v3_model_2_seed_000.pdb
NASP___XRN2,3,5,A,B,0.0000,0.0,0.0,0.0000,0.4294,0.0000,0.0000,0.0,0.0,0.2600,35.4,69.9,0.520,0,0,0,0,,,,,788,950,,,,,NASP___XRN2_unrelaxed_rank_003_alphafold2_multimer_v3_model_5_seed_000.pdb
NASP___XRN2,4,1,A,B,0.0000,0.0,0.0,0.0000,0.5122,0.0318,0.0000,4.0,0.0,0.2400,34.0,68.8,0.500,1,4,0,0,33.9,93.6,,,788,950,[733],"[594,617,624,673]",,,NASP___XRN2_unrelaxed_rank_004_alphafold2_multimer_v3_model_1_seed_000.pdb
NASP___XRN2,5,4,A,B,0.0125,6.8,0.1,0.0000,0.5433,0.0125,0.0125,23.0,2.0,0.2300,32.2,69.0,0.500,15,5,2,2,78.9,34.2,78.4,34.5,788,950,"[526,545,581-582,607,609,637-639,641-643,646,649-650]","[814-815,817-819]","[582,641]","[817,819]",NASP___XRN2_unrelaxed_rank_005_alphafold2_multimer_v3_model_4_seed_000.pdb
NCL___CDC37,1,1,A,B,0.0000,0.0,0.0,0.0000,0.1552,0.0000,0.0000,0.0,0.0,0.1500,44.7,67.2,0.280,0,0,0,0,,,,,710,378,,,,,NCL___CDC37_unrelaxed_rank_001_alphafold2_multimer_v3_model_1_seed_000.pdb
NCL___CDC37,2,4,A,B,0.0000,0.0,0.0,0.0000,0.1524,0.0000,0.0000,0.0,0.0,0.1400,42.2,64.9,0.270,0,0,0,0,,,,,710,378,,,,,NCL___CDC37_unrelaxed_rank_002_alphafold2_multimer_v3_model_4_seed_000.pdb
NCL___CDC37,3,2,A,B,0.0000,0.0,0.0,0.0000,0.1338,0.0000,0.0000,0.0,0.0,0.1400,43.3,69.4,0.280,0,0,0,0,,,,,710,378,,,,,NCL___CDC37_unrelaxed_rank_003_alphafold2_multimer_v3_model_2_seed_000.pdb
NCL___CDC37,4,3,A,B,0.0000,0.0,0.0,0.0000,0.1561,0.0000,0.0000,0.0,0.0,0.1400,43.2,66.0,0.270,0,0,0,0,,,,,710,378,,,,,NCL___CDC37_unrelaxed_rank_004_alphafold2_multimer_v3_model_3_seed_000.pdb
NCL___CDC37,5,5,A,B,0.0000,0.0,0.0,0.0000,0.1425,0.0000,0.0000,0.0,0.0,0.1400,43.3,65.6,0.270,0,0,0,0,,,,,710,378,,,,,NCL___CDC37_unrelaxed_rank_005_alphafold2_multimer_v3_model_5_seed_000.pdb
NONO___SRSF11,1,2,A,B,0.1898,368.2,69.9,0.0174,0.7102,0.1403,0.2567,2825.0,48.0,0.3400,65.4,35.1,0.360,231,15,13,9,90.7,42.8,88.0,43.4,471,484,"[68-252,254-258,262-302]",[423-437],"[77,104,106,109,111,113,144-148,197-198]","[424-426,428-432,435]",NONO___SRSF11_unrelaxed_rank_001_alphafold2_multimer_v3_model_2_seed_000.pdb
NONO___SRSF11,2,1,A,B,0.1040,217.4,22.6,0.0145,0.6514,0.0766,0.1413,1750.0,27.0,0.2300,66.7,34.3,0.360,205,14,12,8,91.7,46.8,89.0,47.5,471,484,"[68-182,187-217,219-232,235-251,263-283,285-286,289,291-293,296]",[424-437],"[77,104,106,109,111,113,142,144-145,147,198-199]","[425-426,428-430,432-433,437]",NONO___SRSF11_unrelaxed_rank_002_alphafold2_multimer_v3_model_1_seed_000.pdb
NONO___SRSF11,3,3,A,B,0.1382,192.8,26.6,0.0175,0.6744,0.1059,0.1804,2065.0,18.0,0.2100,65.4,33.5,0.360,235,13,10,7,90.7,42.5,86.4,45.0,471,484,"[66-182,185-260,262-303]",[423-435],"[77,104,106,109,111,113,144-145,147,198]","[425-426,428-430,432-433]",NONO___SRSF11_unrelaxed_rank_003_alphafold2_multimer_v3_model_3_seed_000.pdb
NONO___SRSF11,4,5,A,B,0.0243,19.2,0.5,0.0000,0.4574,0.0232,0.0254,74.0,5.0,0.1900,64.6,33.4,0.350,42,5,5,2,90.8,38.7,88.4,39.7,471,484,"[76-79,81,88-95,97,104-106,111-120,122-127,133,138,141,144-145,162,165,203,207]","[425,427-430]","[77,106,111,144-145]",[428-429],NONO___SRSF11_unrelaxed_rank_004_alphafold2_multimer_v3_model_5_seed_000.pdb
NONO___SRSF11,5,4,A,B,0.0369,45.7,1.7,0.0123,0.5251,0.0244,0.0559,348.0,6.0,0.1800,63.7,33.6,0.340,108,9,6,3,90.4,39.5,86.1,39.7,471,484,"[73-79,87-88,90-95,97,103-106,108-109,111-129,133,137-153,155,159-161,163-165,167-168,170-171,173,175,177-181,190-195,197-208,210,214,216,221-226,247,267,271,274]",[424-432],"[77,106,111,113,144-145]","[428-429,432]",NONO___SRSF11_unrelaxed_rank_005_alphafold2_multimer_v3_model_4_seed_000.pdb
PCBP2___AGAP3,1,5,A,B,0.0000,0.0,0.0,0.0000,0.2601,0.0000,0.0000,0.0,0.0,0.2100,53.3,59.5,0.320,0,0,0,0,,,,,365,875,,,,,PCBP2___AGAP3_unrelaxed_rank_001_alphafold2_multimer_v3_model_5_seed_000.pdb
PCBP2___AGAP3,2,4,A,B,0.0000,0.0,0.0,0.0000,0.3391,0.0000,0.0000,0.0,0.0,0.2000,50.3,57.7,0.310,0,0,0,0,,,,,365,875,,,,,PCBP2___AGAP3_unrelaxed_rank_002_alphafold2_multimer_v3_model_4_seed_000.pdb
PCBP2___AGAP3,3,1,A,B,0.0000,0.0,0.0,0.0000,0.3011,0.0000,0.0000,0.0,0.0,0.2000,49.5,57.4,0.310,0,0,0,0,,,,,365,875,,,,,PCBP2___AGAP3_unrelaxed_rank_003_alphafold2_multimer_v3_model_1_seed_000.pdb
PCBP2___AGAP3,4,2,A,B,0.0000,0.0,0.0,0.0000,0.2624,0.0000,0.0000,0.0,0.0,0.2000,54.9,60.0,0.310,0,0,0,0,,,,,365,875,,,,,PCBP2___AGAP3_unrelaxed_rank_004_alphafold2_multimer_v3_model_2_seed_000.pdb
PCBP2___AGAP3,5,3,A,B,0.0000,0.0,0.0,0.0000,0.2149,0.0000,0.0000,0.0,0.0,0.1800,53.7,59.7,0.300,0,0,0,0,,,,,365,875,,,,,PCBP2___AGAP3_unrelaxed_rank_005_alphafold2_multimer_v3_model_3_seed_000.pdb
PCBP2___PPP1R10,1,1,A,B,0.0080,2.4,0.0,0.0000,0.4547,0.0091,0.0071,6.0,1.0,0.2500,57.0,31.6,0.260,5,3,1,1,77.5,82.1,67.2,76.9,365,940,"[345,347,350-351,353]","[11,32,37]",[353],[11],PCBP2___PPP1R10_unrelaxed_rank_001_alphafold2_multimer_v3_model_1_seed_000.pdb
PCBP2___PPP1R10,2,4,A,B,0.0000,0.0,0.0,0.0000,0.2318,0.0000,0.0000,0.0,0.0,0.2200,59.1,31.5,0.260,0,0,0,0,,,,,365,940,,,,,PCBP2___PPP1R10_unrelaxed_rank_002_alphafold2_multimer_v3_model_4_seed_000.pdb
PCBP2___PPP1R10,3,2,A,B,0.0000,0.0,0.0,0.0000,0.2853,0.0000,0.0000,0.0,0.0,0.1900,61.2,32.1,0.260,0,0,0,0,,,,,365,940,,,,,PCBP2___PPP1R10_unrelaxed_rank_003_alphafold2_multimer_v3_model_2_seed_000.pdb
PCBP2___PPP1R10,4,5,A,B,0.0000,0.0,0.0,0.0000,0.2531,0.0000,0.0000,0.0,0.0,0.1900,61.6,32.2,0.260,0,0,0,0,,,,,365,940,,,,,PCBP2___PPP1R10_unrelaxed_rank_004_alphafold2_multimer_v3_model_5_seed_000.pdb
PCBP2___PPP1R10,5,3,A,B,0.0000,0.0,0.0,0.0000,0.2331,0.0000,0.0000,0.0,0.0,0.1800,58.6,31.6,0.260,0,0,0,0,,,,,365,940,,,,,PCBP2___PPP1R10_unrelaxed_rank_005_alphafold2_multimer_v3_model_3_seed_000.pdb
PCBP2___STIP1,1,2,A,B,0.0000,0.0,0.0,0.0000,0.1461,0.0000,0.0000,0.0,0.0,0.1500,56.0,81.6,0.350,0,0,0,0,,,,,365,543,,,,,PCBP2___STIP1_unrelaxed_rank_001_alphafold2_multimer_v3_model_2_seed_000.pdb
PCBP2___STIP1,2,3,A,B,0.0000,0.0,0.0,0.0000,0.1369,0.0000,0.0000,0.0,0.0,0.1400,54.1,79.3,0.340,0,0,0,0,,,,,365,543,,,,,PCBP2___STIP1_unrelaxed_rank_002_alphafold2_multimer_v3_model_3_seed_000.pdb
PCBP2___STIP1,3,1,A,B,0.0000,0.0,0.0,0.0000,0.1457,0.0000,0.0000,0.0,0.0,0.1400,53.7,79.8,0.340,0,0,0,0,,,,,365,543,,,,,PCBP2___STIP1_unrelaxed_rank_003_alphafold2_multimer_v3_model_1_seed_000.pdb
PCBP2___STIP1,4,4,A,B,0.0000,0.0,0.0,0.0000,0.1245,0.0000,0.0000,0.0,0.0,0.1400,55.3,79.0,0.340,0,0,0,0,,,,,365,543,,,,,PCBP2___STIP1_unrelaxed_rank_004_alphafold2_multimer_v3_model_4_seed_000.pdb
PCBP2___STIP1,5,5,A,B,0.0000,0.0,0.0,0.0000,0.1167,0.0000,0.0000,0.0,0.0,0.1300,55.1,81.2,0.350,0,0,0,0,,,,,365,543,,,,,PCBP2___STIP1_unrelaxed_rank_005_alphafold2_multimer_v3_model_5_seed_000.pdb
PCCA___HMGB1,1,2,A,B,0.0000,0.0,0.0,0.0000,0.0000,0.0000,0.0000,0.0,0.0,0.1800,84.6,55.0,0.670,0,0,0,0,,,,,728,215,,,,,PCCA___HMGB1_unrelaxed_rank_001_alphafold2_multimer_v3_model_2_seed_000.pdb
PCCA___HMGB1,2,3,A,B,0.0000,0.0,0.0,0.0000,0.1271,0.0000,0.0000,0.0,0.0,0.1600,83.7,52.9,0.660,0,0,0,0,,,,,728,215,,,,,PCCA___HMGB1_unrelaxed_rank_002_alphafold2_multimer_v3_model_3_seed_000.pdb
PCCA___HMGB1,3,5,A,B,0.0000,0.0,0.0,0.0000,0.0000,0.0000,0.0000,0.0,0.0,0.1600,84.5,55.8,0.670,0,0,0,0,,,,,728,215,,,,,PCCA___HMGB1_unrelaxed_rank_003_alphafold2_multimer_v3_model_5_seed_000.pdb
PCCA___HMGB1,4,1,A,B,0.0000,0.0,0.0,0.0000,0.1363,0.0000,0.0000,0.0,0.0,0.1600,83.7,50.8,0.660,0,0,0,0,,,,,728,215,,,,,PCCA___HMGB1_unrelaxed_rank_004_alphafold2_multimer_v3_model_1_seed_000.pdb
PCCA___HMGB1,5,4,A,B,0.0000,0.0,0.0,0.0000,0.0000,0.0000,0.0000,0.0,0.0,0.1300,82.6,51.7,0.650,0,0,0,0,,,,,728,215,,,,,PCCA___HMGB1_unrelaxed_rank_005_alphafold2_multimer_v3_model_4_seed_000.pdb
PCCA___PTBP1,1,3,A,B,0.0000,0.0,0.0,0.0000,0.1970,0.0000,0.0000,0.0,0.0,0.1900,82.7,57.8,0.550,0,0,0,0,,,,,728,557,,,,,PCCA___PTBP1_unrelaxed_rank_001_alphafold2_multimer_v3_model_3_seed_000.pdb
PCCA___PTBP1,2,2,A,B,0.0000,0.0,0.0,0.0000,0.2703,0.0000,0.0000,0.0,0.0,0.1900,83.2,58.5,0.550,0,0,0,0,,,,,728,557,,,,,PCCA___PTBP1_unrelaxed_rank_002_alphafold2_multimer_v3_model_2_seed_000.pdb
PCCA___PTBP1,3,4,A,B,0.0000,0.0,0.0,0.0000,0.1812,0.0000,0.0000,0.0,0.0,0.1900,81.4,54.5,0.550,0,0,0,0,,,,,728,557,,,,,PCCA___PTBP1_unrelaxed_rank_003_alphafold2_multimer_v3_model_4_seed_000.pdb
PCCA___PTBP1,4,1,A,B,0.0000,0.0,0.0,0.0000,0.2096,0.0000,0.0000,0.0,0.0,0.1900,83.3,55.1,0.550,0,0,0,0,,,,,728,557,,,,,PCCA___PTBP1_unrelaxed_rank_004_alphafold2_multimer_v3_model_1_seed_000.pdb
PCCA___PTBP1,5,5,A,B,0.0000,0.0,0.0,0.0000,0.1697,0.0000,0.0000,0.0,0.0,0.1800,82.9,57.3,0.550,0,0,0,0,,,,,728,557,,,,,PCCA___PTBP1_unrelaxed_rank_005_alphafold2_multimer_v3_model_5_seed_000.pdb
PCCA___RB1,1,2,A,B,0.0000,0.0,0.0,0.0000,0.2105,0.0000,0.0000,0.0,0.0,0.2000,82.7,65.4,0.480,0,0,0,0,,,,,728,928,,,,,PCCA___RB1_unrelaxed_rank_001_alphafold2_multimer_v3_model_2_seed_000.pdb
PCCA___RB1,2,1,A,B,0.0000,0.0,0.0,0.0000,0.2577,0.0000,0.0000,0.0,0.0,0.2000,81.5,64.6,0.470,0,0,0,0,,,,,728,928,,,,,PCCA___RB1_unrelaxed_rank_002_alphafold2_multimer_v3_model_1_seed_000.pdb
PCCA___RB1,3,5,A,B,0.0000,0.0,0.0,0.0000,0.1672,0.0000,0.0000,0.0,0.0,0.1800,80.9,64.8,0.470,0,0,0,0,,,,,728,928,,,,,PCCA___RB1_unrelaxed_rank_003_alphafold2_multimer_v3_model_5_seed_000.pdb
PCCA___RB1,4,4,A,B,0.0000,0.0,0.0,0.0000,0.1802,0.0000,0.0000,0.0,0.0,0.1800,79.5,65.0,0.470,0,0,0,0,,,,,728,928,,,,,PCCA___RB1_unrelaxed_rank_004_alphafold2_multimer_v3_model_4_seed_000.pdb
PCCA___RB1,5,3,A,B,0.0000,0.0,0.0,0.0000,0.2068,0.0000,0.0000,0.0,0.0,0.1800,81.3,64.2,0.470,0,0,0,0,,,,,728,928,,,,,PCCA___RB1_unrelaxed_rank_005_alphafold2_multimer_v3_model_3_seed_000.pdb
PDK1___RB1,1,4,A,B,0.0000,0.0,0.0,0.0000,0.3499,0.0008,0.0000,1.0,0.0,0.3200,72.6,66.4,0.550,1,1,0,0,89.8,32.3,,,436,928,[139],[874],,,PDK1___RB1_unrelaxed_rank_001_alphafold2_multimer_v3_model_4_seed_000.pdb
PDK1___RB1,2,1,A,B,0.0000,0.0,0.0,0.0000,0.3477,0.0000,0.0000,0.0,0.0,0.2700,74.0,66.7,0.540,0,0,0,0,,,,,436,928,,,,,PDK1___RB1_unrelaxed_rank_002_alphafold2_multimer_v3_model_1_seed_000.pdb
PDK1___RB1,3,5,A,B,0.0000,0.0,0.0,0.0000,0.3037,0.0000,0.0000,0.0,0.0,0.2500,75.7,66.4,0.540,0,0,0,0,,,,,436,928,,,,,PDK1___RB1_unrelaxed_rank_003_alphafold2_multimer_v3_model_5_seed_000.pdb
PDK1___RB1,4,3,A,B,0.0000,0.0,0.0,0.0000,0.2391,0.0000,0.0000,0.0,0.0,0.2300,75.0,65.9,0.560,0,0,0,0,,,,,436,928,,,,,PDK1___RB1_unrelaxed_rank_004_alphafold2_multimer_v3_model_3_seed_000.pdb
PDK1___RB1,5,2,A,B,0.0000,0.0,0.0,0.0000,0.2026,0.0000,0.0000,0.0,0.0,0.2000,76.0,66.8,0.540,0,0,0,0,,,,,436,928,,,,,PDK1___RB1_unrelaxed_rank_005_alphafold2_multimer_v3_model_2_seed_000.pdb
PDK1___SRSF11,1,3,A,B,0.2594,598.5,155.2,0.0665,0.7878,0.2097,0.3208,5117.0,70.0,0.4900,78.2,31.5,0.480,324,17,24,12,90.4,49.3,88.1,52.3,436,484,"[44-66,72-167,171-203,214-294,297-336,353-403]",[420-436],"[146,149-151,153-154,192,196,218,224,227-228,231,239,242,270-275,278,358,361]","[421,423-432,434]",PDK1___SRSF11_unrelaxed_rank_001_alphafold2_multimer_v3_model_3_seed_000.pdb
PDK1___SRSF11,2,5,A,B,0.2713,754.0,204.5,0.0809,0.8185,0.2273,0.3237,5984.0,95.0,0.4800,80.3,31.4,0.480,346,20,31,13,90.7,49.7,87.2,53.5,436,484,"[42-66,71-167,171-206,209-294,297-338,353-412]",[420-439],"[146,149-151,153,189,192,196,200,209-211,215,218,224,227-228,231,239,242,270-275,278-279,282,358,361]","[421,423-426,428-435]",PDK1___SRSF11_unrelaxed_rank_002_alphafold2_multimer_v3_model_5_seed_000.pdb
PDK1___SRSF11,3,1,A,B,0.2822,725.6,204.8,0.0525,0.8235,0.2198,0.3623,5983.0,88.0,0.4700,78.8,31.1,0.480,340,20,25,11,89.8,47.5,88.4,51.2,436,484,"[43-67,71-168,170-203,211-294,297-338,353-408,410]",[420-439],"[146-147,149-150,153,189,192-193,196,200,215,218,227-228,231,239,270-275,278,358,361]","[421,423-426,428-432,434]",PDK1___SRSF11_unrelaxed_rank_003_alphafold2_multimer_v3_model_1_seed_000.pdb
PDK1___SRSF11,4,4,A,B,0.2197,612.9,134.7,0.0246,0.7472,0.1832,0.2636,4816.0,78.0,0.4600,78.7,30.3,0.480,325,17,26,13,90.3,49.1,89.6,51.2,436,484,"[43-65,72-167,171-203,210-211,213-294,297-335,353-402]",[421-437],"[149-154,192,196,200,215,218,224,227-228,231,242,270-275,278-279,358,361]","[421,423-432,434,436]",PDK1___SRSF11_unrelaxed_rank_004_alphafold2_multimer_v3_model_4_seed_000.pdb
PDK1___SRSF11,5,2,A,B,0.2305,638.5,147.2,0.0227,0.7758,0.1842,0.2883,5295.0,77.0,0.4500,79.6,31.5,0.480,325,19,24,11,91.6,49.5,91.0,53.2,436,484,"[45-66,71-167,171-203,214-294,297-336,353-404]",[420-438],"[146,149-151,153,192,196,200,215,218,224,227-228,231,239,270-275,278,358,361]","[421,423-426,428-432,434]",PDK1___SRSF11_unrelaxed_rank_005_alphafold2_multimer_v3_model_2_seed_000.pdb
PPP1R10___DNAJA1,1,2,A,B,0.3714,827.8,307.4,0.2495,0.9201,0.2851,0.4838,5271.0,130.0,0.4300,31.3,76.3,0.310,161,194,20,26,85.4,85.9,76.1,76.2,940,397,"[8-151,486-502]","[80-96,98,102-142,191-290,294-328]","[105,108-109,114-115,118,121-122,137-138,140-141,144,494-500]","[84-85,87-89,91-94,107,109,111,124-131,205,207-208,228-229,239]",PPP1R10___DNAJA1_unrelaxed_rank_001_alphafold2_multimer_v3_model_2_seed_000.pdb
PPP1R10___DNAJA1,2,5,A,B,0.0485,14.3,0.7,0.0111,0.5025,0.0384,0.0611,41.0,5.0,0.3000,31.6,75.5,0.290,4,29,2,4,39.5,88.8,40.2,86.9,940,397,[358-361],"[108,110-111,113-114,116,118,120,123,125-127,130-131,201-205,207,209,214,221,224,238,273,301,310,324]",[359-360],"[111,125-127]",PPP1R10___DNAJA1_unrelaxed_rank_002_alphafold2_multimer_v3_model_5_seed_000.pdb
PPP1R10___DNAJA1,3,4,A,B,0.0000,0.0,0.0,0.0000,0.2630,0.0000,0.0000,0.0,0.0,0.2100,29.7,71.8,0.290,0,0,0,0,,,,,940,397,,,,,PPP1R10___DNAJA1_unrelaxed_rank_003_alphafold2_multimer_v3_model_4_seed_000.pdb
PPP1R10___DNAJA1,4,3,A,B,0.0000,0.0,0.0,0.0000,0.2288,0.0000,0.0000,0.0,0.0,0.1900,29.8,74.4,0.290,0,0,0,0,,,,,940,397,,,,,PPP1R10___DNAJA1_unrelaxed_rank_004_alphafold2_multimer_v3_model_3_seed_000.pdb
PPP1R10___DNAJA1,5,1,A,B,0.0000,0.0,0.0,0.0000,0.3784,0.0000,0.0000,0.0,0.0,0.1700,30.5,75.4,0.290,0,0,0,0,,,,,940,397,,,,,PPP1R10___DNAJA1_unrelaxed_rank_005_alphafold2_multimer_v3_model_1_seed_000.pdb
PPP1R10___FAM50A,1,4,A,B,0.1013,158.7,16.1,0.0169,0.6781,0.0749,0.1371,1145.0,22.0,0.3700,32.8,54.9,0.250,20,117,7,8,61.3,83.1,62.7,81.8,940,339,[478-497],"[195,199-235,237-238,240-280,282,300-334]","[482-483,486,489-490,493,496]","[259-261,316-317,322,325-326]",PPP1R10___FAM50A_unrelaxed_rank_001_alphafold2_multimer_v3_model_4_seed_000.pdb
PPP1R10___FAM50A,2,3,A,B,0.0000,0.0,0.0,0.0000,0.1976,0.0000,0.0000,0.0,0.0,0.1700,32.3,58.9,0.250,0,0,0,0,,,,,940,339,,,,,PPP1R10___FAM50A_unrelaxed_rank_002_alphafold2_multimer_v3_model_3_seed_000.pdb
PPP1R10___FAM50A,3,1,A,B,0.0000,0.0,0.0,0.0000,0.1567,0.0000,0.0000,0.0,0.0,0.1600,32.5,62.3,0.240,0,0,0,0,,,,,940,339,,,,,PPP1R10___FAM50A_unrelaxed_rank_003_alphafold2_multimer_v3_model_1_seed_000.pdb
PPP1R10___FAM50A,4,5,A,B,0.0000,0.0,0.0,0.0000,0.1589,0.0000,0.0000,0.0,0.0,0.1600,32.8,59.5,0.240,0,0,0,0,,,,,940,339,,,,,PPP1R10___FAM50A_unrelaxed_rank_004_alphafold2_multimer_v3_model_5_seed_000.pdb
PPP1R10___FAM50A,5,2,A,B,0.0000,0.0,0.0,0.0000,0.1424,0.0000,0.0000,0.0,0.0,0.1500,33.3,63.8,0.240,0,0,0,0,,,,,940,339,,,,,PPP1R10___FAM50A_unrelaxed_rank_005_alphafold2_multimer_v3_model_2_seed_000.pdb
PPP1R10___GFP,1,3,A,B,0.0000,0.0,0.0,0.0000,0.1926,0.0000,0.0000,0.0,0.0,0.2500,31.2,87.0,0.300,0,0,0,0,,,,,940,238,,,,,PPP1R10___GFP_unrelaxed_rank_001_alphafold2_multimer_v3_model_3_seed_000.pdb
PPP1R10___GFP,2,4,A,B,0.0000,0.0,0.0,0.0000,0.2070,0.0000,0.0000,0.0,0.0,0.2500,30.8,85.5,0.300,0,0,0,0,,,,,940,238,,,,,PPP1R10___GFP_unrelaxed_rank_002_alphafold2_multimer_v3_model_4_seed_000.pdb
PPP1R10___GFP,3,1,A,B,0.0000,0.0,0.0,0.0000,0.2271,0.0000,0.0000,0.0,0.0,0.2400,32.0,87.1,0.300,0,0,0,0,,,,,940,238,,,,,PPP1R10___GFP_unrelaxed_rank_003_alphafold2_multimer_v3_model_1_seed_000.pdb
PPP1R10___GFP,4,2,A,B,0.0000,0.0,0.0,0.0000,0.1846,0.0000,0.0000,0.0,0.0,0.2200,32.2,88.8,0.300,0,0,0,0,,,,,940,238,,,,,PPP1R10___GFP_unrelaxed_rank_004_alphafold2_multimer_v3_model_2_seed_000.pdb
PPP1R10___GFP,5,5,A,B,0.0000,0.0,0.0,0.0000,0.1887,0.0000,0.0000,0.0,0.0,0.2200,31.8,89.1,0.300,0,0,0,0,,,,,940,238,,,,,PPP1R10___GFP_unrelaxed_rank_005_alphafold2_multimer_v3_model_5_seed_000.pdb
PPP1R10___HMGB1,1,3,A,B,0.0000,0.0,0.0,0.0000,0.3265,0.0000,0.0000,0.0,0.0,0.2200,32.9,66.3,0.260,0,0,0,0,,,,,940,215,,,,,PPP1R10___HMGB1_unrelaxed_rank_001_alphafold2_multimer_v3_model_3_seed_000.pdb
PPP1R10___HMGB1,2,4,A,B,0.0000,0.0,0.0,0.0000,0.3128,0.0000,0.0000,0.0,0.0,0.2200,32.9,66.5,0.250,0,0,0,0,,,,,940,215,,,,,PPP1R10___HMGB1_unrelaxed_rank_002_alphafold2_multimer_v3_model_4_seed_000.pdb
PPP1R10___HMGB1,3,1,A,B,0.0000,0.0,0.0,0.0000,0.3619,0.0000,0.0000,0.0,0.0,0.2100,32.9,68.6,0.250,0,0,0,0,,,,,940,215,,,,,PPP1R10___HMGB1_unrelaxed_rank_003_alphafold2_multimer_v3_model_1_seed_000.pdb
PPP1R10___HMGB1,4,5,A,B,0.0000,0.0,0.0,0.0000,0.2029,0.0000,0.0000,0.0,0.0,0.2000,33.4,67.1,0.250,0,0,0,0,,,,,940,215,,,,,PPP1R10___HMGB1_unrelaxed_rank_004_alphafold2_multimer_v3_model_5_seed_000.pdb
PPP1R10___HMGB1,5,2,A,B,0.0000,0.0,0.0,0.0000,0.1327,0.0000,0.0000,0.0,0.0,0.1800,33.8,66.9,0.260,0,0,0,0,,,,,940,215,,,,,PPP1R10___HMGB1_unrelaxed_rank_005_alphafold2_multimer_v3_model_2_seed_000.pdb
PRMT1___PTBP1,1,1,A,B,0.0000,0.0,0.0,0.0000,0.1411,0.0000,0.0000,0.0,0.0,0.1500,84.1,60.1,0.430,0,0,0,0,,,,,371,557,,,,,PRMT1___PTBP1_unrelaxed_rank_001_alphafold2_multimer_v3_model_1_seed_000.pdb
PRMT1___PTBP1,2,3,A,B,0.0000,0.0,0.0,0.0000,0.1711,0.0000,0.0000,0.0,0.0,0.1500,82.3,63.1,0.420,0,0,0,0,,,,,371,557,,,,,PRMT1___PTBP1_unrelaxed_rank_002_alphafold2_multimer_v3_model_3_seed_000.pdb
PRMT1___PTBP1,3,4,A,B,0.0000,0.0,0.0,0.0000,0.1524,0.0000,0.0000,0.0,0.0,0.1500,82.3,60.8,0.420,0,0,0,0,,,,,371,557,,,,,PRMT1___PTBP1_unrelaxed_rank_003_alphafold2_multimer_v3_model_4_seed_000.pdb
PRMT1___PTBP1,4,2,A,B,0.0000,0.0,0.0,0.0000,0.1491,0.0000,0.0000,0.0,0.0,0.1400,83.9,62.7,0.430,0,0,0,0,,,,,371,557,,,,,PRMT1___PTBP1_unrelaxed_rank_004_alphafold2_multimer_v3_model_2_seed_000.pdb
PRMT1___PTBP1,5,5,A,B,0.0000,0.0,0.0,0.0000,0.1269,0.0000,0.0000,0.0,0.0,0.1300,83.8,63.5,0.420,0,0,0,0,,,,,371,557,,,,,PRMT1___PTBP1_unrelaxed_rank_005_alphafold2_multimer_v3_model_5_seed_000.pdb
PRMT1___ZFR,1,5,A,B,0.2017,407.7,82.2,0.0250,0.7976,0.1685,0.2414,3078.0,54.0,0.2800,84.9,43.9,0.340,15,270,9,16,45.3,90.5,49.1,90.5,371,1074,[9-23],"[722-764,784-873,893-958,960-981,986-1034]","[11-12,14-16,18-21]","[735-736,738,741,744-745,748,790,794-797,799,913,917,923]",PRMT1___ZFR_unrelaxed_rank_001_alphafold2_multimer_v3_model_5_seed_000.pdb
PRMT1___ZFR,2,4,A,B,0.0000,0.0,0.0,0.0000,0.3941,0.0000,0.0000,0.0,0.0,0.2500,79.6,42.3,0.340,0,0,0,0,,,,,371,1074,,,,,PRMT1___ZFR_unrelaxed_rank_002_alphafold2_multimer_v3_model_4_seed_000.pdb
PRMT1___ZFR,3,2,A,B,0.0000,0.0,0.0,0.0000,0.3759,0.0000,0.0000,0.0,0.0,0.2500,84.2,45.4,0.340,0,0,0,0,,,,,371,1074,,,,,PRMT1___ZFR_unrelaxed_rank_003_alphafold2_multimer_v3_model_2_seed_000.pdb
PRMT1___ZFR,4,3,A,B,0.0938,138.8,13.0,0.0180,0.6654,0.0769,0.1144,918.0,21.0,0.2400,83.4,43.9,0.340,8,245,5,13,38.1,90.4,38.0,86.4,371,1074,[14-21],"[723-762,784-835,839-856,859-872,894-940,942-957,963-981,987-993,995-999,1002-1022,1025-1030]","[15,18-21]","[741,744-745,748,789-790,794-797,909,913,917]",PRMT1___ZFR_unrelaxed_rank_004_alphafold2_multimer_v3_model_3_seed_000.pdb
PRMT1___ZFR,5,1,A,B,0.0000,0.0,0.0,0.0000,0.3599,0.0000,0.0000,0.0,0.0,0.2200,84.1,45.1,0.340,0,0,0,0,,,,,371,1074,,,,,PRMT1___ZFR_unrelaxed_rank_005_alphafold2_multimer_v3_model_1_seed_000.pdb
PSPC1___CDC5L,1,1,A,B,0.0000,0.0,0.0,0.0000,0.1375,0.0000,0.0000,0.0,0.0,0.1600,58.1,57.6,0.300,0,0,0,0,,,,,523,802,,,,,PSPC1___CDC5L_unrelaxed_rank_001_alphafold2_multimer_v3_model_1_seed_000.pdb
PSPC1___CDC5L,2,2,A,B,0.0000,0.0,0.0,0.0000,0.1260,0.0000,0.0000,0.0,0.0,0.1500,56.7,52.6,0.290,0,0,0,0,,,,,523,802,,,,,PSPC1___CDC5L_unrelaxed_rank_002_alphafold2_multimer_v3_model_2_seed_000.pdb
PSPC1___CDC5L,3,5,A,B,0.0000,0.0,0.0,0.0000,0.1297,0.0000,0.0000,0.0,0.0,0.1400,56.6,56.2,0.290,0,0,0,0,,,,,523,802,,,,,PSPC1___CDC5L_unrelaxed_rank_003_alphafold2_multimer_v3_model_5_seed_000.pdb
PSPC1___CDC5L,4,3,A,B,0.0000,0.0,0.0,0.0000,0.1224,0.0000,0.0000,0.0,0.0,0.1400,57.1,56.1,0.290,0,0,0,0,,,,,523,802,,,,,PSPC1___CDC5L_unrelaxed_rank_004_alphafold2_multimer_v3_model_3_seed_000.pdb
PSPC1___CDC5L,5,4,A,B,0.0000,0.0,0.0,0.0000,0.1302,0.0000,0.0000,0.0,0.0,0.1400,55.5,51.8,0.280,0,0,0,0,,,,,523,802,,,,,PSPC1___CDC5L_unrelaxed_rank_005_alphafold2_multimer_v3_model_4_seed_000.pdb
PTBP3___FUS,1,1,A,B,0.0000,0.0,0.0,0.0000,0.1690,0.0000,0.0000,0.0,0.0,0.1800,66.9,29.1,0.290,0,0,0,0,,,,,552,526,,,,,PTBP3___FUS_unrelaxed_rank_001_alphafold2_multimer_v3_model_1_seed_000.pdb
PTBP3___FUS,2,4,A,B,0.0000,0.0,0.0,0.0000,0.1634,0.0000,0.0000,0.0,0.0,0.1600,66.1,29.1,0.280,0,0,0,0,,,,,552,526,,,,,PTBP3___FUS_unrelaxed_rank_002_alphafold2_multimer_v3_model_4_seed_000.pdb
PTBP3___FUS,3,2,A,B,0.0000,0.0,0.0,0.0000,0.1551,0.0000,0.0000,0.0,0.0,0.1500,68.0,30.3,0.290,0,0,0,0,,,,,552,526,,,,,PTBP3___FUS_unrelaxed_rank_003_alphafold2_multimer_v3_model_2_seed_000.pdb
PTBP3___FUS,4,3,A,B,0.0000,0.0,0.0,0.0000,0.1539,0.0000,0.0000,0.0,0.0,0.1500,66.2,28.0,0.280,0,0,0,0,,,,,552,526,,,,,PTBP3___FUS_unrelaxed_rank_004_alphafold2_multimer_v3_model_3_seed_000.pdb
PTBP3___FUS,5,5,A,B,0.0000,0.0,0.0,0.0000,0.1427,0.0000,0.0000,0.0,0.0,0.1400,68.5,29.8,0.280,0,0,0,0,,,,,552,526,,,,,PTBP3___FUS_unrelaxed_rank_005_alphafold2_multimer_v3_model_5_seed_000.pdb
PTBP3___NCL,1,1,A,B,0.0000,0.0,0.0,0.0000,0.1641,0.0000,0.0000,0.0,0.0,0.1700,61.2,42.2,0.280,0,0,0,0,,,,,552,710,,,,,PTBP3___NCL_unrelaxed_rank_001_alphafold2_multimer_v3_model_1_seed_000.pdb
PTBP3___NCL,2,3,A,B,0.0000,0.0,0.0,0.0000,0.1601,0.0000,0.0000,0.0,0.0,0.1600,63.5,42.4,0.280,0,0,0,0,,,,,552,710,,,,,PTBP3___NCL_unrelaxed_rank_002_alphafold2_multimer_v3_model_3_seed_000.pdb
PTBP3___NCL,3,2,A,B,0.0000,0.0,0.0,0.0000,0.1528,0.0000,0.0000,0.0,0.0,0.1600,67.2,43.3,0.280,0,0,0,0,,,,,552,710,,,,,PTBP3___NCL_unrelaxed_rank_003_alphafold2_multimer_v3_model_2_seed_000.pdb
PTBP3___NCL,4,4,A,B,0.0000,0.0,0.0,0.0000,0.1653,0.0000,0.0000,0.0,0.0,0.1500,61.9,41.0,0.270,0,0,0,0,,,,,552,710,,,,,PTBP3___NCL_unrelaxed_rank_004_alphafold2_multimer_v3_model_4_seed_000.pdb
PTBP3___NCL,5,5,A,B,0.0000,0.0,0.0,0.0000,0.1492,0.0000,0.0000,0.0,0.0,0.1500,65.7,43.7,0.270,0,0,0,0,,,,,552,710,,,,,PTBP3___NCL_unrelaxed_rank_005_alphafold2_multimer_v3_model_5_seed_000.pdb
RAVER1___CHERP,1,4,A,B,0.0000,0.0,0.0,0.0000,0.1945,0.0000,0.0000,0.0,0.0,0.1700,52.6,44.4,0.320,0,0,0,0,,,,,606,916,,,,,RAVER1___CHERP_unrelaxed_rank_001_alphafold2_multimer_v3_model_4_seed_000.pdb
RAVER1___CHERP,2,1,A,B,0.0000,0.0,0.0,0.0000,0.1914,0.0000,0.0000,0.0,0.0,0.1700,52.0,44.8,0.320,0,0,0,0,,,,,606,916,,,,,RAVER1___CHERP_unrelaxed_rank_002_alphafold2_multimer_v3_model_1_seed_000.pdb
RAVER1___CHERP,3,3,A,B,0.0000,0.0,0.0,0.0000,0.2310,0.0000,0.0000,0.0,0.0,0.1700,52.0,45.1,0.320,0,0,0,0,,,,,606,916,,,,,RAVER1___CHERP_unrelaxed_rank_003_alphafold2_multimer_v3_model_3_seed_000.pdb
RAVER1___CHERP,4,5,A,B,0.0000,0.0,0.0,0.0000,0.1677,0.0000,0.0000,0.0,0.0,0.1700,52.0,46.4,0.320,0,0,0,0,,,,,606,916,,,,,RAVER1___CHERP_unrelaxed_rank_004_alphafold2_multimer_v3_model_5_seed_000.pdb
RAVER1___CHERP,5,2,A,B,0.0000,0.0,0.0,0.0000,0.2052,0.0000,0.0000,0.0,0.0,0.1700,53.0,47.6,0.320,0,0,0,0,,,,,606,916,,,,,RAVER1___CHERP_unrelaxed_rank_005_alphafold2_multimer_v3_model_2_seed_000.pdb
RAVER1___NCL,1,3,A,B,0.0000,0.0,0.0,0.0000,0.3150,0.0000,0.0000,0.0,0.0,0.2200,52.9,41.7,0.340,0,0,0,0,,,,,606,710,,,,,RAVER1___NCL_unrelaxed_rank_001_alphafold2_multimer_v3_model_3_seed_000.pdb
RAVER1___NCL,2,1,A,B,0.0000,0.0,0.0,0.0000,0.2833,0.0000,0.0000,0.0,0.0,0.1800,52.5,40.3,0.340,0,0,0,0,,,,,606,710,,,,,RAVER1___NCL_unrelaxed_rank_002_alphafold2_multimer_v3_model_1_seed_000.pdb
RAVER1___NCL,3,2,A,B,0.0000,0.0,0.0,0.0000,0.2745,0.0000,0.0000,0.0,0.0,0.1700,53.4,43.9,0.340,0,0,0,0,,,,,606,710,,,,,RAVER1___NCL_unrelaxed_rank_003_alphafold2_multimer_v3_model_2_seed_000.pdb
RAVER1___NCL,4,4,A,B,0.0000,0.0,0.0,0.0000,0.1934,0.0000,0.0000,0.0,0.0,0.1600,52.8,40.8,0.340,0,0,0,0,,,,,606,710,,,,,RAVER1___NCL_unrelaxed_rank_004_alphafold2_multimer_v3_model_4_seed_000.pdb
RAVER1___NCL,5,5,A,B,0.0000,0.0,0.0,0.0000,0.1538,0.0000,0.0000,0.0,0.0,0.1600,53.1,44.0,0.340,0,0,0,0,,,,,606,710,,,,,RAVER1___NCL_unrelaxed_rank_005_alphafold2_multimer_v3_model_5_seed_000.pdb
RBM4___CDC5L,1,3,A,B,0.0000,0.0,0.0,0.0000,0.1480,0.0000,0.0000,0.0,0.0,0.1500,42.1,59.6,0.270,0,0,0,0,,,,,364,802,,,,,RBM4___CDC5L_unrelaxed_rank_001_alphafold2_multimer_v3_model_3_seed_000.pdb
RBM4___CDC5L,2,1,A,B,0.0000,0.0,0.0,0.0000,0.1499,0.0000,0.0000,0.0,0.0,0.1400,44.0,59.7,0.250,0,0,0,0,,,,,364,802,,,,,RBM4___CDC5L_unrelaxed_rank_002_alphafold2_multimer_v3_model_1_seed_000.pdb
RBM4___CDC5L,3,5,A,B,0.0000,0.0,0.0,0.0000,0.1602,0.0000,0.0000,0.0,0.0,0.1400,44.1,58.8,0.270,0,0,0,0,,,,,364,802,,,,,RBM4___CDC5L_unrelaxed_rank_003_alphafold2_multimer_v3_model_5_seed_000.pdb
RBM4___CDC5L,4,2,A,B,0.0000,0.0,0.0,0.0000,0.1352,0.0000,0.0000,0.0,0.0,0.1400,44.5,55.0,0.240,0,0,0,0,,,,,364,802,,,,,RBM4___CDC5L_unrelaxed_rank_004_alphafold2_multimer_v3_model_2_seed_000.pdb
RBM4___CDC5L,5,4,A,B,0.0000,0.0,0.0,0.0000,0.1391,0.0000,0.0000,0.0,0.0,0.1300,43.5,55.0,0.250,0,0,0,0,,,,,364,802,,,,,RBM4___CDC5L_unrelaxed_rank_005_alphafold2_multimer_v3_model_4_seed_000.pdb
RBM4___GFP,1,1,A,B,0.1085,418.7,45.4,0.0142,0.4600,0.0712,0.1653,4383.0,40.0,0.5400,46.9,89.1,0.510,73,219,9,8,85.4,91.6,67.1,82.0,364,238,"[77-87,90-120,122-123,125-129,131-132,135-137,140-158]","[3-132,134-144,149-189,191,193-228]","[110,148-152,155-157]","[13,15,32-34,116-118]",RBM4___GFP_unrelaxed_rank_001_alphafold2_multimer_v3_model_1_seed_000.pdb
RBM4___GFP,2,4,A,B,0.0000,0.0,0.0,0.0000,0.1898,0.0000,0.0000,0.0,0.0,0.1900,42.2,84.5,0.440,0,0,0,0,,,,,364,238,,,,,RBM4___GFP_unrelaxed_rank_002_alphafold2_multimer_v3_model_4_seed_000.pdb
RBM4___GFP,3,3,A,B,0.0000,0.0,0.0,0.0000,0.1663,0.0000,0.0000,0.0,0.0,0.1800,44.0,83.3,0.440,0,0,0,0,,,,,364,238,,,,,RBM4___GFP_unrelaxed_rank_003_alphafold2_multimer_v3_model_3_seed_000.pdb
RBM4___GFP,4,2,A,B,0.0000,0.0,0.0,0.0000,0.1394,0.0000,0.0000,0.0,0.0,0.1700,44.1,86.4,0.440,0,0,0,0,,,,,364,238,,,,,RBM4___GFP_unrelaxed_rank_004_alphafold2_multimer_v3_model_2_seed_000.pdb
RBM4___GFP,5,5,A,B,0.0000,0.0,0.0,0.0000,0.1176,0.0000,0.0000,0.0,0.0,0.1500,43.1,85.4,0.430,0,0,0,0,,,,,364,238,,,,,RBM4___GFP_unrelaxed_rank_005_alphafold2_multimer_v3_model_5_seed_000.pdb
RBM4___PSPC1,1,1,A,B,0.0000,0.0,0.0,0.0000,0.1527,0.0000,0.0000,0.0,0.0,0.1300,43.3,60.2,0.350,0,0,0,0,,,,,364,523,,,,,RBM4___PSPC1_unrelaxed_rank_001_alphafold2_multimer_v3_model_1_seed_000.pdb
RBM4___PSPC1,2,2,A,B,0.0000,0.0,0.0,0.0000,0.1518,0.0000,0.0000,0.0,0.0,0.1300,44.7,59.7,0.340,0,0,0,0,,,,,364,523,,,,,RBM4___PSPC1_unrelaxed_rank_002_alphafold2_multimer_v3_model_2_seed_000.pdb
RBM4___PSPC1,3,4,A,B,0.0000,0.0,0.0,0.0000,0.1355,0.0000,0.0000,0.0,0.0,0.1200,43.3,58.3,0.350,0,0,0,0,,,,,364,523,,,,,RBM4___PSPC1_unrelaxed_rank_003_alphafold2_multimer_v3_model_4_seed_000.pdb
RBM4___PSPC1,4,3,A,B,0.0000,0.0,0.0,0.0000,0.1159,0.0000,0.0000,0.0,0.0,0.1200,40.8,58.9,0.350,0,0,0,0,,,,,364,523,,,,,RBM4___PSPC1_unrelaxed_rank_004_alphafold2_multimer_v3_model_3_seed_000.pdb
RBM4___PSPC1,5,5,A,B,0.0000,0.0,0.0,0.0000,0.1187,0.0000,0.0000,0.0,0.0,0.1200,43.8,59.7,0.360,0,0,0,0,,,,,364,523,,,,,RBM4___PSPC1_unrelaxed_rank_005_alphafold2_multimer_v3_model_5_seed_000.pdb
RPS12___DDX17,1,1,A,B,0.0000,0.0,0.0,0.0000,0.1538,0.0000,0.0000,0.0,0.0,0.2000,74.9,60.7,0.430,0,0,0,0,,,,,132,729,,,,,RPS12___DDX17_unrelaxed_rank_001_alphafold2_multimer_v3_model_1_seed_000.pdb
RPS12___DDX17,2,4,A,B,0.0000,0.0,0.0,0.0000,0.1649,0.0000,0.0000,0.0,0.0,0.2000,71.9,59.7,0.420,0,0,0,0,,,,,132,729,,,,,RPS12___DDX17_unrelaxed_rank_002_alphafold2_multimer_v3_model_4_seed_000.pdb
RPS12___DDX17,3,3,A,B,0.0000,0.0,0.0,0.0000,0.1540,0.0000,0.0000,0.0,0.0,0.1700,79.8,61.5,0.500,0,0,0,0,,,,,132,729,,,,,RPS12___DDX17_unrelaxed_rank_003_alphafold2_multimer_v3_model_3_seed_000.pdb
RPS12___DDX17,4,2,A,B,0.0000,0.0,0.0,0.0000,0.1422,0.0000,0.0000,0.0,0.0,0.1600,77.1,61.0,0.430,0,0,0,0,,,,,132,729,,,,,RPS12___DDX17_unrelaxed_rank_004_alphafold2_multimer_v3_model_2_seed_000.pdb
RPS12___DDX17,5,5,A,B,0.0000,0.0,0.0,0.0000,0.1242,0.0000,0.0000,0.0,0.0,0.1400,78.1,60.4,0.420,0,0,0,0,,,,,132,729,,,,,RPS12___DDX17_unrelaxed_rank_005_alphafold2_multimer_v3_model_5_seed_000.pdb
RPS12___GFP,1,3,A,B,0.6290,2062.3,1297.1,0.6247,0.9424,0.4945,0.8000,53161.0,80.0,0.7900,86.8,93.1,0.870,124,233,17,13,90.5,94.3,91.8,90.6,132,238,[9-132],[1-233],"[33-37,40,58,82,86,89,91,102,104-108]","[3,6-7,9,15,17,89,114-118,120]",RPS12___GFP_unrelaxed_rank_001_alphafold2_multimer_v3_model_3_seed_000.pdb
RPS12___GFP,2,4,A,B,0.0000,0.0,0.0,0.0000,0.1563,0.0000,0.0000,0.0,0.0,0.1800,73.2,89.3,0.650,0,0,0,0,,,,,132,238,,,,,RPS12___GFP_unrelaxed_rank_002_alphafold2_multimer_v3_model_4_seed_000.pdb
RPS12___GFP,3,5,A,B,0.0000,0.0,0.0,0.0000,0.0890,0.0000,0.0000,0.0,0.0,0.1300,70.7,87.7,0.620,0,0,0,0,,,,,132,238,,,,,RPS12___GFP_unrelaxed_rank_003_alphafold2_multimer_v3_model_5_seed_000.pdb
RPS12___GFP,4,2,A,B,0.0000,0.0,0.0,0.0000,0.1027,0.0000,0.0000,0.0,0.0,0.1300,70.7,85.6,0.620,0,0,0,0,,,,,132,238,,,,,RPS12___GFP_unrelaxed_rank_004_alphafold2_multimer_v3_model_2_seed_000.pdb
RPS12___GFP,5,1,A,B,0.0000,0.0,0.0,0.0000,0.0942,0.0000,0.0000,0.0,0.0,0.1200,70.2,87.8,0.630,0,0,0,0,,,,,132,238,,,,,RPS12___GFP_unrelaxed_rank_005_alphafold2_multimer_v3_model_1_seed_000.pdb
SAR1A___EDC3,1,4,A,B,0.0000,0.0,0.0,0.0000,0.1992,0.0000,0.0000,0.0,0.0,0.2200,66.7,58.3,0.440,0,0,0,0,,,,,198,508,,,,,SAR1A___EDC3_unrelaxed_rank_001_alphafold2_multimer_v3_model_4_seed_000.pdb
SAR1A___EDC3,2,1,A,B,0.0000,0.0,0.0,0.0000,0.1735,0.0000,0.0000,0.0,0.0,0.2100,65.8,59.6,0.430,0,0,0,0,,,,,198,508,,,,,SAR1A___EDC3_unrelaxed_rank_002_alphafold2_multimer_v3_model_1_seed_000.pdb
SAR1A___EDC3,3,2,A,B,0.0000,0.0,0.0,0.0000,0.1946,0.0000,0.0000,0.0,0.0,0.2100,70.3,59.3,0.440,0,0,0,0,,,,,198,508,,,,,SAR1A___EDC3_unrelaxed_rank_003_alphafold2_multimer_v3_model_2_seed_000.pdb
SAR1A___EDC3,4,3,A,B,0.0000,0.0,0.0,0.0000,0.1704,0.0000,0.0000,0.0,0.0,0.2000,64.9,59.8,0.440,0,0,0,0,,,,,198,508,,,,,SAR1A___EDC3_unrelaxed_rank_004_alphafold2_multimer_v3_model_3_seed_000.pdb
SAR1A___EDC3,5,5,A,B,0.0000,0.0,0.0,0.0000,0.1591,0.0000,0.0000,0.0,0.0,0.2000,62.4,60.1,0.440,0,0,0,0,,,,,198,508,,,,,SAR1A___EDC3_unrelaxed_rank_005_alphafold2_multimer_v3_model_5_seed_000.pdb
SAR1A___PTBP1,1,2,A,B,0.0000,0.0,0.0,0.0000,0.1644,0.0000,0.0000,0.0,0.0,0.2000,69.9,64.3,0.340,0,0,0,0,,,,,198,557,,,,,SAR1A___PTBP1_unrelaxed_rank_001_alphafold2_multimer_v3_model_2_seed_000.pdb
SAR1A___PTBP1,2,3,A,B,0.0000,0.0,0.0,0.0000,0.1498,0.0000,0.0000,0.0,0.0,0.1900,68.2,63.4,0.330,0,0,0,0,,,,,198,557,,,,,SAR1A___PTBP1_unrelaxed_rank_002_alphafold2_multimer_v3_model_3_seed_000.pdb
SAR1A___PTBP1,3,1,A,B,0.0000,0.0,0.0,0.0000,0.1550,0.0000,0.0000,0.0,0.0,0.1900,68.9,61.9,0.340,0,0,0,0,,,,,198,557,,,,,SAR1A___PTBP1_unrelaxed_rank_003_alphafold2_multimer_v3_model_1_seed_000.pdb
SAR1A___PTBP1,4,5,A,B,0.0000,0.0,0.0,0.0000,0.1358,0.0000,0.0000,0.0,0.0,0.1800,68.6,63.8,0.340,0,0,0,0,,,,,198,557,,,,,SAR1A___PTBP1_unrelaxed_rank_004_alphafold2_multimer_v3_model_5_seed_000.pdb
SAR1A___PTBP1,5,4,A,B,0.0000,0.0,0.0,0.0000,0.1417,0.0000,0.0000,0.0,0.0,0.1700,69.9,61.1,0.330,0,0,0,0,,,,,198,557,,,,,SAR1A___PTBP1_unrelaxed_rank_005_alphafold2_multimer_v3_model_4_seed_000.pdb
SET___CDC37,1,2,A,B,0.0000,0.0,0.0,0.0000,0.2468,0.0000,0.0000,0.0,0.0,0.1500,62.4,67.7,0.350,0,0,0,0,,,,,290,378,,,,,SET___CDC37_unrelaxed_rank_001_alphafold2_multimer_v3_model_2_seed_000.pdb
SET___CDC37,2,4,A,B,0.0000,0.0,0.0,0.0000,0.2299,0.0000,0.0000,0.0,0.0,0.1500,60.4,65.4,0.360,0,0,0,0,,,,,290,378,,,,,SET___CDC37_unrelaxed_rank_002_alphafold2_multimer_v3_model_4_seed_000.pdb
SET___CDC37,3,5,A,B,0.0000,0.0,0.0,0.0000,0.1674,0.0000,0.0000,0.0,0.0,0.1500,60.9,64.9,0.340,0,0,0,0,,,,,290,378,,,,,SET___CDC37_unrelaxed_rank_003_alphafold2_multimer_v3_model_5_seed_000.pdb
SET___CDC37,4,1,A,B,0.0000,0.0,0.0,0.0000,0.2322,0.0000,0.0000,0.0,0.0,0.1400,61.8,65.8,0.350,0,0,0,0,,,,,290,378,,,,,SET___CDC37_unrelaxed_rank_004_alphafold2_multimer_v3_model_1_seed_000.pdb
SET___CDC37,5,3,A,B,0.0000,0.0,0.0,0.0000,0.2300,0.0000,0.0000,0.0,0.0,0.1400,59.7,65.4,0.340,0,0,0,0,,,,,290,378,,,,,SET___CDC37_unrelaxed_rank_005_alphafold2_multimer_v3_model_3_seed_000.pdb
SET___FUS,1,1,A,B,0.1036,92.9,9.6,0.0124,0.5471,0.0699,0.1538,479.0,18.0,0.2900,65.5,31.8,0.330,33,25,5,4,77.9,78.9,78.1,77.0,290,526,[38-70],"[424-429,433-451]","[45-46,49,52-53]","[438,440-441,445]",SET___FUS_unrelaxed_rank_001_alphafold2_multimer_v3_model_1_seed_000.pdb
SET___FUS,2,5,A,B,0.0000,0.0,0.0,0.0000,0.1963,0.0000,0.0000,0.0,0.0,0.1800,64.4,31.2,0.310,0,0,0,0,,,,,290,526,,,,,SET___FUS_unrelaxed_rank_002_alphafold2_multimer_v3_model_5_seed_000.pdb
SET___FUS,3,3,A,B,0.0000,0.0,0.0,0.0000,0.3466,0.0168,0.0000,25.0,0.0,0.1700,61.9,29.0,0.310,16,3,0,0,69.1,25.7,,,290,526,"[45-55,57-58,61,64,68]",[524-526],,,SET___FUS_unrelaxed_rank_003_alphafold2_multimer_v3_model_3_seed_000.pdb
SET___FUS,4,4,A,B,0.0000,0.0,0.0,0.0000,0.2211,0.0000,0.0000,0.0,0.0,0.1600,62.3,29.2,0.320,0,0,0,0,,,,,290,526,,,,,SET___FUS_unrelaxed_rank_004_alphafold2_multimer_v3_model_4_seed_000.pdb
SET___FUS,5,2,A,B,0.0000,0.0,0.0,0.0000,0.1579,0.0000,0.0000,0.0,0.0,0.1200,65.2,30.5,0.310,0,0,0,0,,,,,290,526,,,,,SET___FUS_unrelaxed_rank_005_alphafold2_multimer_v3_model_2_seed_000.pdb
SET___RAVER1,1,1,A,B,0.0000,0.0,0.0,0.0000,0.2061,0.0000,0.0000,0.0,0.0,0.1800,60.0,52.8,0.410,0,0,0,0,,,,,290,606,,,,,SET___RAVER1_unrelaxed_rank_001_alphafold2_multimer_v3_model_1_seed_000.pdb
SET___RAVER1,2,4,A,B,0.0000,0.0,0.0,0.0000,0.1942,0.0000,0.0000,0.0,0.0,0.1700,57.0,52.3,0.410,0,0,0,0,,,,,290,606,,,,,SET___RAVER1_unrelaxed_rank_002_alphafold2_multimer_v3_model_4_seed_000.pdb
SET___RAVER1,3,3,A,B,0.0000,0.0,0.0,0.0000,0.1637,0.0000,0.0000,0.0,0.0,0.1600,60.4,52.9,0.410,0,0,0,0,,,,,290,606,,,,,SET___RAVER1_unrelaxed_rank_003_alphafold2_multimer_v3_model_3_seed_000.pdb
SET___RAVER1,4,2,A,B,0.0000,0.0,0.0,0.0000,0.2168,0.0000,0.0000,0.0,0.0,0.1600,63.4,53.0,0.410,0,0,0,0,,,,,290,606,,,,,SET___RAVER1_unrelaxed_rank_004_alphafold2_multimer_v3_model_2_seed_000.pdb
SET___RAVER1,5,5,A,B,0.0000,0.0,0.0,0.0000,0.1609,0.0000,0.0000,0.0,0.0,0.1500,62.0,52.9,0.400,0,0,0,0,,,,,290,606,,,,,SET___RAVER1_unrelaxed_rank_005_alphafold2_multimer_v3_model_5_seed_000.pdb
SF1___DAZAP1,1,4,A,B,0.0000,0.0,0.0,0.0000,0.2724,0.0000,0.0000,0.0,0.0,0.2000,40.4,40.4,0.260,0,0,0,0,,,,,639,407,,,,,SF1___DAZAP1_unrelaxed_rank_001_alphafold2_multimer_v3_model_4_seed_000.pdb
SF1___DAZAP1,2,3,A,B,0.0000,0.0,0.0,0.0000,0.2472,0.0000,0.0000,0.0,0.0,0.1900,39.6,40.7,0.260,0,0,0,0,,,,,639,407,,,,,SF1___DAZAP1_unrelaxed_rank_002_alphafold2_multimer_v3_model_3_seed_000.pdb
SF1___DAZAP1,3,1,A,B,0.0000,0.0,0.0,0.0000,0.1595,0.0000,0.0000,0.0,0.0,0.1600,40.5,42.3,0.240,0,0,0,0,,,,,639,407,,,,,SF1___DAZAP1_unrelaxed_rank_003_alphafold2_multimer_v3_model_1_seed_000.pdb
SF1___DAZAP1,4,2,A,B,0.0000,0.0,0.0,0.0000,0.1546,0.0000,0.0000,0.0,0.0,0.1500,39.3,43.3,0.240,0,0,0,0,,,,,639,407,,,,,SF1___DAZAP1_unrelaxed_rank_004_alphafold2_multimer_v3_model_2_seed_000.pdb
SF1___DAZAP1,5,5,A,B,0.0000,0.0,0.0,0.0000,0.1722,0.0000,0.0000,0.0,0.0,0.1400,40.7,43.6,0.250,0,0,0,0,,,,,639,407,,,,,SF1___DAZAP1_unrelaxed_rank_005_alphafold2_multimer_v3_model_5_seed_000.pdb
SF3B2___FUBP3,1,2,A,B,0.0000,0.0,0.0,0.0000,0.4832,0.0031,0.0000,2.0,0.0,0.1900,40.3,52.1,0.210,1,2,0,0,75.4,48.7,,,895,572,[616],"[547,550]",,,SF3B2___FUBP3_unrelaxed_rank_001_alphafold2_multimer_v3_model_2_seed_000.pdb
SF3B2___FUBP3,2,3,A,B,0.0000,0.0,0.0,0.0000,0.2351,0.0000,0.0000,0.0,0.0,0.1700,41.3,45.4,0.220,0,0,0,0,,,,,895,572,,,,,SF3B2___FUBP3_unrelaxed_rank_002_alphafold2_multimer_v3_model_3_seed_000.pdb
SF3B2___FUBP3,3,4,A,B,0.0000,0.0,0.0,0.0000,0.2392,0.0000,0.0000,0.0,0.0,0.1700,37.1,44.4,0.200,0,0,0,0,,,,,895,572,,,,,SF3B2___FUBP3_unrelaxed_rank_003_alphafold2_multimer_v3_model_4_seed_000.pdb
SF3B2___FUBP3,4,1,A,B,0.0000,0.0,0.0,0.0000,0.1729,0.0000,0.0000,0.0,0.0,0.1600,38.7,48.1,0.210,0,0,0,0,,,,,895,572,,,,,SF3B2___FUBP3_unrelaxed_rank_004_alphafold2_multimer_v3_model_1_seed_000.pdb
SF3B2___FUBP3,5,5,A,B,0.0000,0.0,0.0,0.0000,0.1464,0.0000,0.0000,0.0,0.0,0.1500,40.4,45.6,0.210,0,0,0,0,,,,,895,572,,,,,SF3B2___FUBP3_unrelaxed_rank_005_alphafold2_multimer_v3_model_5_seed_000.pdb
SF3B2___ZNF503,1,4,A,B,0.3627,118.7,43.0,0.0539,0.9223,0.2389,0.5506,704.0,20.0,0.2200,39.7,21.5,0.230,84,10,7,3,75.0,43.6,75.6,52.3,895,646,[604-687],[600-609],"[632,635-636,639,642-644]",[603-605],SF3B2___ZNF503_unrelaxed_rank_001_alphafold2_multimer_v3_model_4_seed_000.pdb
SF3B2___ZNF503,2,2,A,B,0.0000,0.0,0.0,0.0000,0.2020,0.0000,0.0000,0.0,0.0,0.1800,43.5,21.9,0.230,0,0,0,0,,,,,895,646,,,,,SF3B2___ZNF503_unrelaxed_rank_002_alphafold2_multimer_v3_model_2_seed_000.pdb
SF3B2___ZNF503,3,1,A,B,0.0000,0.0,0.0,0.0000,0.1976,0.0000,0.0000,0.0,0.0,0.1700,42.3,22.2,0.220,0,0,0,0,,,,,895,646,,,,,SF3B2___ZNF503_unrelaxed_rank_003_alphafold2_multimer_v3_model_1_seed_000.pdb
SF3B2___ZNF503,4,3,A,B,0.0000,0.0,0.0,0.0000,0.2049,0.0000,0.0000,0.0,0.0,0.1600,44.1,21.0,0.220,0,0,0,0,,,,,895,646,,,,,SF3B2___ZNF503_unrelaxed_rank_004_alphafold2_multimer_v3_model_3_seed_000.pdb
SF3B2___ZNF503,5,5,A,B,0.0000,0.0,0.0,0.0000,0.1481,0.0000,0.0000,0.0,0.0,0.1500,43.1,21.5,0.220,0,0,0,0,,,,,895,646,,,,,SF3B2___ZNF503_unrelaxed_rank_005_alphafold2_multimer_v3_model_5_seed_000.pdb
SFPQ___DAZAP1,1,4,A,B,0.0000,0.0,0.0,0.0000,0.1965,0.0000,0.0000,0.0,0.0,0.1500,47.5,38.1,0.320,0,0,0,0,,,,,707,407,,,,,SFPQ___DAZAP1_unrelaxed_rank_001_alphafold2_multimer_v3_model_4_seed_000.pdb
SFPQ___DAZAP1,2,2,A,B,0.0000,0.0,0.0,0.0000,0.1435,0.0000,0.0000,0.0,0.0,0.1500,48.9,42.7,0.320,0,0,0,0,,,,,707,407,,,,,SFPQ___DAZAP1_unrelaxed_rank_002_alphafold2_multimer_v3_model_2_seed_000.pdb
SFPQ___DAZAP1,3,1,A,B,0.0000,0.0,0.0,0.0000,0.1390,0.0000,0.0000,0.0,0.0,0.1400,49.5,41.0,0.330,0,0,0,0,,,,,707,407,,,,,SFPQ___DAZAP1_unrelaxed_rank_003_alphafold2_multimer_v3_model_1_seed_000.pdb
SFPQ___DAZAP1,4,3,A,B,0.0000,0.0,0.0,0.0000,0.1399,0.0000,0.0000,0.0,0.0,0.1400,48.4,38.8,0.320,0,0,0,0,,,,,707,407,,,,,SFPQ___DAZAP1_unrelaxed_rank_004_alphafold2_multimer_v3_model_3_seed_000.pdb
SFPQ___DAZAP1,5,5,A,B,0.0000,0.0,0.0,0.0000,0.1190,0.0000,0.0000,0.0,0.0,0.1300,49.1,41.4,0.330,0,0,0,0,,,,,707,407,,,,,SFPQ___DAZAP1_unrelaxed_rank_005_alphafold2_multimer_v3_model_5_seed_000.pdb
SFPQ___FUBP1,1,2,A,B,0.0000,0.0,0.0,0.0000,0.1451,0.0000,0.0000,0.0,0.0,0.1700,48.8,45.1,0.310,0,0,0,0,,,,,707,644,,,,,SFPQ___FUBP1_unrelaxed_rank_001_alphafold2_multimer_v3_model_2_seed_000.pdb
SFPQ___FUBP1,2,1,A,B,0.0000,0.0,0.0,0.0000,0.1751,0.0000,0.0000,0.0,0.0,0.1600,49.2,43.4,0.310,0,0,0,0,,,,,707,644,,,,,SFPQ___FUBP1_unrelaxed_rank_002_alphafold2_multimer_v3_model_1_seed_000.pdb
SFPQ___FUBP1,3,3,A,B,0.0000,0.0,0.0,0.0000,0.1712,0.0000,0.0000,0.0,0.0,0.1600,49.1,41.9,0.320,0,0,0,0,,,,,707,644,,,,,SFPQ___FUBP1_unrelaxed_rank_003_alphafold2_multimer_v3_model_3_seed_000.pdb
SFPQ___FUBP1,4,5,A,B,0.0000,0.0,0.0,0.0000,0.1311,0.0000,0.0000,0.0,0.0,0.1500,48.9,43.6,0.310,0,0,0,0,,,,,707,644,,,,,SFPQ___FUBP1_unrelaxed_rank_004_alphafold2_multimer_v3_model_5_seed_000.pdb
SFPQ___FUBP1,5,4,A,B,0.0000,0.0,0.0,0.0000,0.1560,0.0000,0.0000,0.0,0.0,0.1500,47.9,41.7,0.300,0,0,0,0,,,,,707,644,,,,,SFPQ___FUBP1_unrelaxed_rank_005_alphafold2_multimer_v3_model_4_seed_000.pdb
SFPQ___FUS,1,2,A,B,0.0000,0.0,0.0,0.0000,0.1444,0.0000,0.0000,0.0,0.0,0.1600,49.2,31.3,0.320,0,0,0,0,,,,,707,526,,,,,SFPQ___FUS_unrelaxed_rank_001_alphafold2_multimer_v3_model_2_seed_000.pdb
SFPQ___FUS,2,1,A,B,0.0000,0.0,0.0,0.0000,0.1469,0.0000,0.0000,0.0,0.0,0.1500,49.8,30.7,0.320,0,0,0,0,,,,,707,526,,,,,SFPQ___FUS_unrelaxed_rank_002_alphafold2_multimer_v3_model_1_seed_000.pdb
SFPQ___FUS,3,4,A,B,0.0000,0.0,0.0,0.0000,0.1872,0.0000,0.0000,0.0,0.0,0.1500,48.5,30.3,0.310,0,0,0,0,,,,,707,526,,,,,SFPQ___FUS_unrelaxed_rank_003_alphafold2_multimer_v3_model_4_seed_000.pdb
SFPQ___FUS,4,5,A,B,0.0000,0.0,0.0,0.0000,0.1215,0.0000,0.0000,0.0,0.0,0.1400,49.6,30.5,0.320,0,0,0,0,,,,,707,526,,,,,SFPQ___FUS_unrelaxed_rank_004_alphafold2_multimer_v3_model_5_seed_000.pdb
SFPQ___FUS,5,3,A,B,0.0000,0.0,0.0,0.0000,0.1610,0.0000,0.0000,0.0,0.0,0.1400,49.2,28.8,0.320,0,0,0,0,,,,,707,526,,,,,SFPQ___FUS_unrelaxed_rank_005_alphafold2_multimer_v3_model_3_seed_000.pdb
SFPQ___RBM4,1,2,A,B,0.0000,0.0,0.0,0.0000,0.2129,0.0271,0.0000,1.0,0.0,0.2200,48.5,45.4,0.340,1,1,0,0,86.6,57.6,,,707,364,[481],[172],,,SFPQ___RBM4_unrelaxed_rank_001_alphafold2_multimer_v3_model_2_seed_000.pdb
SFPQ___RBM4,2,1,A,B,0.0000,0.0,0.0,0.0000,0.1381,0.0000,0.0000,0.0,0.0,0.1400,48.7,44.1,0.330,0,0,0,0,,,,,707,364,,,,,SFPQ___RBM4_unrelaxed_rank_002_alphafold2_multimer_v3_model_1_seed_000.pdb
SFPQ___RBM4,3,3,A,B,0.0000,0.0,0.0,0.0000,0.1085,0.0000,0.0000,0.0,0.0,0.1400,48.0,41.6,0.330,0,0,0,0,,,,,707,364,,,,,SFPQ___RBM4_unrelaxed_rank_003_alphafold2_multimer_v3_model_3_seed_000.pdb
SFPQ___RBM4,4,4,A,B,0.0000,0.0,0.0,0.0000,0.1518,0.0000,0.0000,0.0,0.0,0.1400,47.0,42.7,0.320,0,0,0,0,,,,,707,364,,,,,SFPQ___RBM4_unrelaxed_rank_004_alphafold2_multimer_v3_model_4_seed_000.pdb
SFPQ___RBM4,5,5,A,B,0.0000,0.0,0.0,0.0000,0.1332,0.0000,0.0000,0.0,0.0,0.1300,48.4,43.6,0.330,0,0,0,0,,,,,707,364,,,,,SFPQ___RBM4_unrelaxed_rank_005_alphafold2_multimer_v3_model_5_seed_000.pdb
SLC3A2___CDC37,1,1,A,B,0.0000,0.0,0.0,0.0000,0.2434,0.0000,0.0000,0.0,0.0,0.1700,69.8,61.2,0.490,0,0,0,0,,,,,630,378,,,,,SLC3A2___CDC37_unrelaxed_rank_001_alphafold2_multimer_v3_model_1_seed_000.pdb
SLC3A2___CDC37,2,5,A,B,0.0000,0.0,0.0,0.0000,0.2431,0.0000,0.0000,0.0,0.0,0.1600,68.0,60.8,0.480,0,0,0,0,,,,,630,378,,,,,SLC3A2___CDC37_unrelaxed_rank_002_alphafold2_multimer_v3_model_5_seed_000.pdb
SLC3A2___CDC37,3,4,A,B,0.0000,0.0,0.0,0.0000,0.1377,0.0000,0.0000,0.0,0.0,0.1600,68.6,59.4,0.480,0,0,0,0,,,,,630,378,,,,,SLC3A2___CDC37_unrelaxed_rank_003_alphafold2_multimer_v3_model_4_seed_000.pdb
SLC3A2___CDC37,4,2,A,B,0.0000,0.0,0.0,0.0000,0.1817,0.0000,0.0000,0.0,0.0,0.1500,69.3,64.2,0.490,0,0,0,0,,,,,630,378,,,,,SLC3A2___CDC37_unrelaxed_rank_004_alphafold2_multimer_v3_model_2_seed_000.pdb
SLC3A2___CDC37,5,3,A,B,0.0000,0.0,0.0,0.0000,0.2009,0.0000,0.0000,0.0,0.0,0.1500,67.9,60.9,0.490,0,0,0,0,,,,,630,378,,,,,SLC3A2___CDC37_unrelaxed_rank_005_alphafold2_multimer_v3_model_3_seed_000.pdb
SLC3A2___DHX15,1,1,A,B,0.0000,0.0,0.0,0.0000,0.4215,0.0000,0.0000,0.0,0.0,0.3100,67.0,77.5,0.540,0,0,0,0,,,,,630,795,,,,,SLC3A2___DHX15_unrelaxed_rank_001_alphafold2_multimer_v3_model_1_seed_000.pdb
SLC3A2___DHX15,2,2,A,B,0.0000,0.0,0.0,0.0000,0.2567,0.0000,0.0000,0.0,0.0,0.2500,66.6,78.8,0.520,0,0,0,0,,,,,630,795,,,,,SLC3A2___DHX15_unrelaxed_rank_002_alphafold2_multimer_v3_model_2_seed_000.pdb
SLC3A2___DHX15,3,4,A,B,0.0000,0.0,0.0,0.0000,0.2769,0.0000,0.0000,0.0,0.0,0.2100,65.2,77.9,0.510,0,0,0,0,,,,,630,795,,,,,SLC3A2___DHX15_unrelaxed_rank_003_alphafold2_multimer_v3_model_4_seed_000.pdb
SLC3A2___DHX15,4,3,A,B,0.0000,0.0,0.0,0.0000,0.3276,0.0000,0.0000,0.0,0.0,0.2000,64.7,78.2,0.500,0,0,0,0,,,,,630,795,,,,,SLC3A2___DHX15_unrelaxed_rank_004_alphafold2_multimer_v3_model_3_seed_000.pdb
SLC3A2___DHX15,5,5,A,B,0.0000,0.0,0.0,0.0000,0.2074,0.0000,0.0000,0.0,0.0,0.1700,64.9,78.6,0.500,0,0,0,0,,,,,630,795,,,,,SLC3A2___DHX15_unrelaxed_rank_005_alphafold2_multimer_v3_model_5_seed_000.pdb
SLC3A2___FAM50A,1,1,A,B,0.0000,0.0,0.0,0.0000,0.0000,0.0000,0.0000,0.0,0.0,0.1600,69.9,56.6,0.500,0,0,0,0,,,,,630,339,,,,,SLC3A2___FAM50A_unrelaxed_rank_001_alphafold2_multimer_v3_model_1_seed_000.pdb
SLC3A2___FAM50A,2,4,A,B,0.0000,0.0,0.0,0.0000,0.1405,0.0000,0.0000,0.0,0.0,0.1600,68.8,49.6,0.500,0,0,0,0,,,,,630,339,,,,,SLC3A2___FAM50A_unrelaxed_rank_002_alphafold2_multimer_v3_model_4_seed_000.pdb
SLC3A2___FAM50A,3,5,A,B,0.0000,0.0,0.0,0.0000,0.1349,0.0000,0.0000,0.0,0.0,0.1500,68.5,52.8,0.490,0,0,0,0,,,,,630,339,,,,,SLC3A2___FAM50A_unrelaxed_rank_003_alphafold2_multimer_v3_model_5_seed_000.pdb
SLC3A2___FAM50A,4,2,A,B,0.0000,0.0,0.0,0.0000,0.1146,0.0000,0.0000,0.0,0.0,0.1500,69.9,59.5,0.500,0,0,0,0,,,,,630,339,,,,,SLC3A2___FAM50A_unrelaxed_rank_004_alphafold2_multimer_v3_model_2_seed_000.pdb
SLC3A2___FAM50A,5,3,A,B,0.0000,0.0,0.0,0.0000,0.1246,0.0000,0.0000,0.0,0.0,0.1400,69.0,52.4,0.500,0,0,0,0,,,,,630,339,,,,,SLC3A2___FAM50A_unrelaxed_rank_005_alphafold2_multimer_v3_model_3_seed_000.pdb
SNRPC___CIZ1,1,2,A,B,0.0000,0.0,0.0,0.0000,0.2983,0.0000,0.0000,0.0,0.0,0.2100,30.8,27.0,0.200,0,0,0,0,,,,,159,898,,,,,SNRPC___CIZ1_unrelaxed_rank_001_alphafold2_multimer_v3_model_2_seed_000.pdb
SNRPC___CIZ1,2,1,A,B,0.0000,0.0,0.0,0.0000,0.3735,0.0000,0.0000,0.0,0.0,0.2000,28.3,26.1,0.200,0,0,0,0,,,,,159,898,,,,,SNRPC___CIZ1_unrelaxed_rank_002_alphafold2_multimer_v3_model_1_seed_000.pdb
SNRPC___CIZ1,3,5,A,B,0.0000,0.0,0.0,0.0000,0.3039,0.0000,0.0000,0.0,0.0,0.1800,32.1,28.3,0.190,0,0,0,0,,,,,159,898,,,,,SNRPC___CIZ1_unrelaxed_rank_003_alphafold2_multimer_v3_model_5_seed_000.pdb
SNRPC___CIZ1,4,3,A,B,0.0000,0.0,0.0,0.0000,0.2981,0.0000,0.0000,0.0,0.0,0.1800,29.2,27.4,0.190,0,0,0,0,,,,,159,898,,,,,SNRPC___CIZ1_unrelaxed_rank_004_alphafold2_multimer_v3_model_3_seed_000.pdb
SNRPC___CIZ1,5,4,A,B,0.0000,0.0,0.0,0.0000,0.3288,0.0000,0.0000,0.0,0.0,0.1800,31.5,28.0,0.180,0,0,0,0,,,,,159,898,,,,,SNRPC___CIZ1_unrelaxed_rank_005_alphafold2_multimer_v3_model_4_seed_000.pdb
SNRPC___FAM50A,1,4,A,B,0.0000,0.0,0.0,0.0000,0.2613,0.0000,0.0000,0.0,0.0,0.1500,33.2,59.3,0.370,0,0,0,0,,,,,159,339,,,,,SNRPC___FAM50A_unrelaxed_rank_001_alphafold2_multimer_v3_model_4_seed_000.pdb
SNRPC___FAM50A,2,5,A,B,0.0000,0.0,0.0,0.0000,0.1060,0.0000,0.0000,0.0,0.0,0.1100,32.5,62.1,0.360,0,0,0,0,,,,,159,339,,,,,SNRPC___FAM50A_unrelaxed_rank_002_alphafold2_multimer_v3_model_5_seed_000.pdb
SNRPC___FAM50A,3,3,A,B,0.0000,0.0,0.0,0.0000,0.1276,0.0000,0.0000,0.0,0.0,0.1100,33.1,61.9,0.350,0,0,0,0,,,,,159,339,,,,,SNRPC___FAM50A_unrelaxed_rank_003_alphafold2_multimer_v3_model_3_seed_000.pdb
SNRPC___FAM50A,4,2,A,B,0.0000,0.0,0.0,0.0000,0.0735,0.0000,0.0000,0.0,0.0,0.1000,33.0,67.3,0.370,0,0,0,0,,,,,159,339,,,,,SNRPC___FAM50A_unrelaxed_rank_004_alphafold2_multimer_v3_model_2_seed_000.pdb
SNRPC___FAM50A,5,1,A,B,0.0000,0.0,0.0,0.0000,0.1105,0.0000,0.0000,0.0,0.0,0.0900,33.3,69.3,0.350,0,0,0,0,,,,,159,339,,,,,SNRPC___FAM50A_unrelaxed_rank_005_alphafold2_multimer_v3_model_1_seed_000.pdb
SNRPC___FUS,1,1,A,B,0.0000,0.0,0.0,0.0000,0.2605,0.0000,0.0000,0.0,0.0,0.1900,34.2,33.5,0.230,0,0,0,0,,,,,159,526,,,,,SNRPC___FUS_unrelaxed_rank_001_alphafold2_multimer_v3_model_1_seed_000.pdb
SNRPC___FUS,2,5,A,B,0.0000,0.0,0.0,0.0000,0.2337,0.0000,0.0000,0.0,0.0,0.1500,34.8,33.4,0.230,0,0,0,0,,,,,159,526,,,,,SNRPC___FUS_unrelaxed_rank_002_alphafold2_multimer_v3_model_5_seed_000.pdb
SNRPC___FUS,3,3,A,B,0.0000,0.0,0.0,0.0000,0.2277,0.0000,0.0000,0.0,0.0,0.1500,35.5,32.2,0.230,0,0,0,0,,,,,159,526,,,,,SNRPC___FUS_unrelaxed_rank_003_alphafold2_multimer_v3_model_3_seed_000.pdb
SNRPC___FUS,4,4,A,B,0.0000,0.0,0.0,0.0000,0.1807,0.0000,0.0000,0.0,0.0,0.1400,37.6,33.8,0.230,0,0,0,0,,,,,159,526,,,,,SNRPC___FUS_unrelaxed_rank_004_alphafold2_multimer_v3_model_4_seed_000.pdb
SNRPC___FUS,5,2,A,B,0.0000,0.0,0.0,0.0000,0.1864,0.0000,0.0000,0.0,0.0,0.1400,35.3,33.3,0.240,0,0,0,0,,,,,159,526,,,,,SNRPC___FUS_unrelaxed_rank_005_alphafold2_multimer_v3_model_2_seed_000.pdb
SNRPC___PRMT1,1,2,A,B,0.0114,12.2,0.1,0.0000,0.3073,0.0111,0.0117,149.0,1.0,0.1800,32.1,86.4,0.650,4,88,1,1,27.7,96.7,26.5,96.6,159,371,[147-150],"[62-63,66,68-69,71-73,77,79,86,88,90-95,99-100,103,106,109,111,114-117,123-130,135,138-139,141-143,145-146,148,156,159-160,169,175,177-179,181,191,193,195,216,228-230,233-235,242,244,246,261-262,280-283,287,291,308,310,314-315,317,331,334,338-339,348,352,368-369]",[147],[315],SNRPC___PRMT1_unrelaxed_rank_001_alphafold2_multimer_v3_model_2_seed_000.pdb
SNRPC___PRMT1,2,1,A,B,0.0233,48.8,1.1,0.0000,0.3335,0.0168,0.0323,595.0,4.0,0.1700,32.6,86.2,0.640,11,205,3,2,44.4,95.6,40.0,91.5,159,371,"[2-6,13,16-17,20-21,24]","[56,59-95,98-109,111,113-120,122-136,138-142,145-146,156-169,173-184,186,190-192,194-195,199,201,203,210,215-220,222-224,226-230,233,235-244,246,250-251,254,256-260,262,264,267-273,280-281,283,285,287-295,298-299,301,303,305-306,308-318,323,327,329,331,334,336,338,346,348-349,351-352,366-367,369]","[2,16-17]","[166,237]",SNRPC___PRMT1_unrelaxed_rank_002_alphafold2_multimer_v3_model_1_seed_000.pdb
SNRPC___PRMT1,3,4,A,B,0.0000,0.0,0.0,0.0000,0.2724,0.0113,0.0000,67.0,0.0,0.1500,33.2,85.4,0.640,4,50,0,0,49.5,97.2,,,159,371,"[13,16,21,24]","[66,71-80,92,94-95,101,103-106,114,117,127,129-130,141,160,163-164,167,173-174,177-178,181,195,197,222-223,246,250-251,267,271,287-291,316,350]",,,SNRPC___PRMT1_unrelaxed_rank_003_alphafold2_multimer_v3_model_4_seed_000.pdb
SNRPC___PRMT1,4,3,A,B,0.0000,0.0,0.0,0.0000,0.1588,0.0000,0.0000,0.0,0.0,0.1400,32.6,85.4,0.630,0,0,0,0,,,,,159,371,,,,,SNRPC___PRMT1_unrelaxed_rank_004_alphafold2_multimer_v3_model_3_seed_000.pdb
SNRPC___PRMT1,5,5,A,B,0.0000,0.0,0.0,0.0000,0.1268,0.0000,0.0000,0.0,0.0,0.1200,33.7,86.5,0.630,0,0,0,0,,,,,159,371,,,,,SNRPC___PRMT1_unrelaxed_rank_005_alphafold2_multimer_v3_model_5_seed_000.pdb
STIP1___SRSF11,1,2,A,B,0.0187,8.9,0.2,0.0112,0.4518,0.0310,0.0113,79.0,1.0,0.2300,83.7,31.4,0.340,72,3,1,1,93.8,42.1,92.1,43.0,543,484,"[339,350,352-353,356,360-363,365-367,369-370,372-373,376-378,380,382,384-385,387-390,404-409,411-415,417-419,421,423,426-429,431-438,440-444,446-449,452,454,461,463-464,466-467,471]",[479-481],[429],[481],STIP1___SRSF11_unrelaxed_rank_001_alphafold2_multimer_v3_model_2_seed_000.pdb
STIP1___SRSF11,2,1,A,B,0.0000,0.0,0.0,0.0000,0.3116,0.0000,0.0000,0.0,0.0,0.1800,82.8,30.4,0.330,0,0,0,0,,,,,543,484,,,,,STIP1___SRSF11_unrelaxed_rank_002_alphafold2_multimer_v3_model_1_seed_000.pdb
STIP1___SRSF11,3,3,A,B,0.0000,0.0,0.0,0.0000,0.2466,0.0000,0.0000,0.0,0.0,0.1600,82.4,30.9,0.330,0,0,0,0,,,,,543,484,,,,,STIP1___SRSF11_unrelaxed_rank_003_alphafold2_multimer_v3_model_3_seed_000.pdb
STIP1___SRSF11,4,4,A,B,0.0000,0.0,0.0,0.0000,0.2378,0.0000,0.0000,0.0,0.0,0.1400,81.7,31.2,0.330,0,0,0,0,,,,,543,484,,,,,STIP1___SRSF11_unrelaxed_rank_004_alphafold2_multimer_v3_model_4_seed_000.pdb
STIP1___SRSF11,5,5,A,B,0.0000,0.0,0.0,0.0000,0.1241,0.0000,0.0000,0.0,0.0,0.1300,83.0,31.5,0.330,0,0,0,0,,,,,543,484,,,,,STIP1___SRSF11_unrelaxed_rank_005_alphafold2_multimer_v3_model_5_seed_000.pdb
SUGP2___DNAJA1,1,5,A,B,0.4807,395.8,190.3,0.2439,0.9431,0.3898,0.5928,2611.0,60.0,0.3000,38.9,71.8,0.280,24,75,10,14,61.2,75.5,68.0,78.7,1082,397,[1059-1082],[1-75],"[1062,1064,1067-1068,1071-1072,1074-1075,1078-1079]","[23,26-27,30-31,34-36,39,42,45-46,49,52]",SUGP2___DNAJA1_unrelaxed_rank_001_alphafold2_multimer_v3_model_5_seed_000.pdb
SUGP2___DNAJA1,2,4,A,B,0.3587,344.5,123.6,0.1177,0.9038,0.2726,0.4719,2012.0,59.0,0.2800,36.2,69.0,0.270,22,73,10,14,51.1,70.2,54.4,67.5,1082,397,[1061-1082],[2-74],"[1064,1067-1068,1071-1072,1074-1075,1078-1079,1082]","[23,26-27,30-31,34-36,39,42,45-46,49,52]",SUGP2___DNAJA1_unrelaxed_rank_002_alphafold2_multimer_v3_model_4_seed_000.pdb
SUGP2___DNAJA1,3,3,A,B,0.2592,331.6,85.9,0.0696,0.8306,0.1948,0.3448,1963.0,56.0,0.2800,35.9,69.8,0.280,22,73,9,14,58.6,73.4,64.2,74.4,1082,397,[1061-1082],[1-73],"[1064,1067-1068,1071-1072,1074-1075,1078-1079]","[23,26-27,30-31,34-36,39,42,45-46,49,52]",SUGP2___DNAJA1_unrelaxed_rank_003_alphafold2_multimer_v3_model_3_seed_000.pdb
SUGP2___DNAJA1,4,2,A,B,0.2069,374.9,77.6,0.0882,0.8531,0.1606,0.2666,1899.0,74.0,0.2800,38.9,72.8,0.270,74,82,20,19,70.7,72.3,68.0,66.5,1082,397,"[782-809,814-821,824-839,1061-1082]","[2-73,84-93]","[787,790-791,793-794,797-798,802,806,809,816,1064,1067-1068,1071-1072,1074-1075,1078-1079]","[23,26-27,30-31,34-36,42,45-46,49,52,84,87-88,90-92]",SUGP2___DNAJA1_unrelaxed_rank_004_alphafold2_multimer_v3_model_2_seed_000.pdb
SUGP2___DNAJA1,5,1,A,B,0.0000,0.0,0.0,0.0000,0.3162,0.0000,0.0000,0.0,0.0,0.1900,36.1,70.4,0.270,0,0,0,0,,,,,1082,397,,,,,SUGP2___DNAJA1_unrelaxed_rank_005_alphafold2_multimer_v3_model_1_seed_000.pdb
SUGP2___NCL,1,1,A,B,0.0000,0.0,0.0,0.0000,0.2142,0.0000,0.0000,0.0,0.0,0.1900,36.0,39.1,0.270,0,0,0,0,,,,,1082,710,,,,,SUGP2___NCL_unrelaxed_rank_001_alphafold2_multimer_v3_model_1_seed_000.pdb
SUGP2___NCL,2,4,A,B,0.0000,0.0,0.0,0.0000,0.2365,0.0000,0.0000,0.0,0.0,0.1900,37.0,40.9,0.270,0,0,0,0,,,,,1082,710,,,,,SUGP2___NCL_unrelaxed_rank_002_alphafold2_multimer_v3_model_4_seed_000.pdb
SUGP2___NCL,3,5,A,B,0.0000,0.0,0.0,0.0000,0.2206,0.0000,0.0000,0.0,0.0,0.1800,38.7,42.1,0.280,0,0,0,0,,,,,1082,710,,,,,SUGP2___NCL_unrelaxed_rank_003_alphafold2_multimer_v3_model_5_seed_000.pdb
SUGP2___NCL,4,2,A,B,0.0000,0.0,0.0,0.0000,0.1815,0.0000,0.0000,0.0,0.0,0.1800,34.9,42.8,0.260,0,0,0,0,,,,,1082,710,,,,,SUGP2___NCL_unrelaxed_rank_004_alphafold2_multimer_v3_model_2_seed_000.pdb
SUGP2___NCL,5,3,A,B,0.0000,0.0,0.0,0.0000,0.2086,0.0000,0.0000,0.0,0.0,0.1800,33.8,41.0,0.250,0,0,0,0,,,,,1082,710,,,,,SUGP2___NCL_unrelaxed_rank_005_alphafold2_multimer_v3_model_3_seed_000.pdb
SUGP2___PCCA,1,4,A,B,0.0000,0.0,0.0,0.0000,0.2653,0.0000,0.0000,0.0,0.0,0.2100,30.1,80.7,0.450,0,0,0,0,,,,,1082,728,,,,,SUGP2___PCCA_unrelaxed_rank_001_alphafold2_multimer_v3_model_4_seed_000.pdb
SUGP2___PCCA,2,3,A,B,0.0000,0.0,0.0,0.0000,0.2457,0.0000,0.0000,0.0,0.0,0.2100,32.5,83.2,0.460,0,0,0,0,,,,,1082,728,,,,,SUGP2___PCCA_unrelaxed_rank_002_alphafold2_multimer_v3_model_3_seed_000.pdb
SUGP2___PCCA,3,1,A,B,0.0000,0.0,0.0,0.0000,0.2131,0.0000,0.0000,0.0,0.0,0.2000,37.2,83.1,0.450,0,0,0,0,,,,,1082,728,,,,,SUGP2___PCCA_unrelaxed_rank_003_alphafold2_multimer_v3_model_1_seed_000.pdb
SUGP2___PCCA,4,5,A,B,0.0000,0.0,0.0,0.0000,0.1851,0.0000,0.0000,0.0,0.0,0.1900,31.8,82.8,0.450,0,0,0,0,,,,,1082,728,,,,,SUGP2___PCCA_unrelaxed_rank_004_alphafold2_multimer_v3_model_5_seed_000.pdb
SUGP2___PCCA,5,2,A,B,0.0000,0.0,0.0,0.0000,0.1973,0.0000,0.0000,0.0,0.0,0.1900,35.8,84.0,0.450,0,0,0,0,,,,,1082,728,,,,,SUGP2___PCCA_unrelaxed_rank_005_alphafold2_multimer_v3_model_2_seed_000.pdb
SUGP2___PRMT1,1,3,A,B,0.0000,0.0,0.0,0.0000,0.3101,0.0000,0.0000,0.0,0.0,0.2700,37.7,80.8,0.340,0,0,0,0,,,,,1082,371,,,,,SUGP2___PRMT1_unrelaxed_rank_001_alphafold2_multimer_v3_model_3_seed_000.pdb
SUGP2___PRMT1,2,1,A,B,0.0000,0.0,0.0,0.0000,0.3693,0.0000,0.0000,0.0,0.0,0.2700,38.6,82.5,0.340,0,0,0,0,,,,,1082,371,,,,,SUGP2___PRMT1_unrelaxed_rank_002_alphafold2_multimer_v3_model_1_seed_000.pdb
SUGP2___PRMT1,3,2,A,B,0.1457,163.8,23.9,0.0162,0.7219,0.1243,0.1708,767.0,35.0,0.2300,38.1,84.3,0.340,61,16,10,8,76.4,41.4,69.3,41.7,1082,371,"[782-841,843]",[7-22],"[794,797-798,802,805-806,809-810,813,816]","[7,10-11,14-15,18-19,21]",SUGP2___PRMT1_unrelaxed_rank_003_alphafold2_multimer_v3_model_2_seed_000.pdb
SUGP2___PRMT1,4,4,A,B,0.0000,0.0,0.0,0.0000,0.2847,0.0000,0.0000,0.0,0.0,0.2200,36.0,78.7,0.330,0,0,0,0,,,,,1082,371,,,,,SUGP2___PRMT1_unrelaxed_rank_004_alphafold2_multimer_v3_model_4_seed_000.pdb
SUGP2___PRMT1,5,5,A,B,0.0000,0.0,0.0,0.0000,0.2202,0.0000,0.0000,0.0,0.0,0.1900,36.2,82.8,0.340,0,0,0,0,,,,,1082,371,,,,,SUGP2___PRMT1_unrelaxed_rank_005_alphafold2_multimer_v3_model_5_seed_000.pdb
SUPT5H___DAZAP1,1,3,A,B,0.0000,0.0,0.0,0.0000,0.1728,0.0000,0.0000,0.0,0.0,0.1800,53.5,38.0,0.250,0,0,0,0,,,,,1087,407,,,,,SUPT5H___DAZAP1_unrelaxed_rank_001_alphafold2_multimer_v3_model_3_seed_000.pdb
SUPT5H___DAZAP1,2,2,A,B,0.0000,0.0,0.0,0.0000,0.1752,0.0000,0.0000,0.0,0.0,0.1700,54.1,38.8,0.240,0,0,0,0,,,,,1087,407,,,,,SUPT5H___DAZAP1_unrelaxed_rank_002_alphafold2_multimer_v3_model_2_seed_000.pdb
SUPT5H___DAZAP1,3,1,A,B,0.0000,0.0,0.0,0.0000,0.1773,0.0000,0.0000,0.0,0.0,0.1700,53.1,35.0,0.240,0,0,0,0,,,,,1087,407,,,,,SUPT5H___DAZAP1_unrelaxed_rank_003_alphafold2_multimer_v3_model_1_seed_000.pdb
SUPT5H___DAZAP1,4,4,A,B,0.0000,0.0,0.0,0.0000,0.2046,0.0000,0.0000,0.0,0.0,0.1700,51.2,35.3,0.240,0,0,0,0,,,,,1087,407,,,,,SUPT5H___DAZAP1_unrelaxed_rank_004_alphafold2_multimer_v3_model_4_seed_000.pdb
SUPT5H___DAZAP1,5,5,A,B,0.0000,0.0,0.0,0.0000,0.1569,0.0000,0.0000,0.0,0.0,0.1600,54.7,38.8,0.250,0,0,0,0,,,,,1087,407,,,,,SUPT5H___DAZAP1_unrelaxed_rank_005_alphafold2_multimer_v3_model_5_seed_000.pdb
SUPT5H___PSPC1,1,3,A,B,0.0000,0.0,0.0,0.0000,0.3657,0.0000,0.0000,0.0,0.0,0.2000,51.5,57.3,0.300,0,0,0,0,,,,,1087,523,,,,,SUPT5H___PSPC1_unrelaxed_rank_001_alphafold2_multimer_v3_model_3_seed_000.pdb
SUPT5H___PSPC1,2,2,A,B,0.0000,0.0,0.0,0.0000,0.1750,0.0000,0.0000,0.0,0.0,0.1700,52.1,57.7,0.300,0,0,0,0,,,,,1087,523,,,,,SUPT5H___PSPC1_unrelaxed_rank_002_alphafold2_multimer_v3_model_2_seed_000.pdb
SUPT5H___PSPC1,3,1,A,B,0.0000,0.0,0.0,0.0000,0.1893,0.0000,0.0000,0.0,0.0,0.1700,51.1,58.1,0.290,0,0,0,0,,,,,1087,523,,,,,SUPT5H___PSPC1_unrelaxed_rank_003_alphafold2_multimer_v3_model_1_seed_000.pdb
SUPT5H___PSPC1,4,4,A,B,0.0000,0.0,0.0,0.0000,0.1713,0.0000,0.0000,0.0,0.0,0.1700,50.8,56.1,0.290,0,0,0,0,,,,,1087,523,,,,,SUPT5H___PSPC1_unrelaxed_rank_004_alphafold2_multimer_v3_model_4_seed_000.pdb
SUPT5H___PSPC1,5,5,A,B,0.0000,0.0,0.0,0.0000,0.1618,0.0000,0.0000,0.0,0.0,0.1600,52.0,57.3,0.290,0,0,0,0,,,,,1087,523,,,,,SUPT5H___PSPC1_unrelaxed_rank_005_alphafold2_multimer_v3_model_5_seed_000.pdb
TLE3___RB1,1,3,A,B,0.1568,513.7,80.6,0.0177,0.7825,0.1339,0.1836,3179.0,83.0,0.3300,52.3,67.2,0.510,310,136,36,14,89.2,88.6,80.5,57.7,772,928,"[247-251,447-452,458-461,463-464,467-468,472-515,521-562,565-670,673-687,689-772]","[349-360,415,418-419,449,456,481,488,520,524-525,558-565,569-570,572-573,653-671,673-715,717,719-728,738-739,742-745,748-765,767-771]","[248,250-251,488,490,534,576,580,594-599,617-623,637-639,661-663,679,701-702,704,720,742-743,745,761]","[351-352,354-360,713,721,753,756-757]",TLE3___RB1_unrelaxed_rank_001_alphafold2_multimer_v3_model_3_seed_000.pdb
TLE3___RB1,2,1,A,B,0.1489,480.4,71.6,0.0183,0.7385,0.1262,0.1757,3206.0,72.0,0.2900,51.1,67.2,0.490,281,277,32,22,88.1,89.2,73.8,70.6,772,928,"[245-253,448-450,460-461,473,475,478-495,499-514,522-543,545-562,567-615,617-648,652-670,673-687,694-729,731,733-771]","[77,98,101-102,105,118,120,131,195,199,217,219,348-358,400,403,412,414-434,441-461,476-498,514-532,536,544-576,646-773,777-780,782]","[245-246,248-252,488,490,534,536,552,578,580,594-596,598,619-622,638,661,663,702,704,720,742-743,745,761]","[348,351-352,354-358,709-710,713-714,720-722,753,756-757,761,765,768-769]",TLE3___RB1_unrelaxed_rank_002_alphafold2_multimer_v3_model_1_seed_000.pdb
TLE3___RB1,3,5,A,B,0.0704,162.6,11.5,0.0154,0.6238,0.0736,0.0674,1058.0,25.0,0.2500,51.8,67.1,0.490,204,226,12,14,90.7,91.0,72.7,78.1,772,928,"[245-250,449-450,478-483,485,487-495,500-504,509-513,522-527,532-537,540-542,545-553,555-561,568-573,575-581,584,586,590-597,599,601-606,608-612,614,617,620-623,626,628,632-635,638-640,642-646,652,655-658,660-664,667-668,673-679,683-686,694-696,698-701,703-706,708-711,713-718,720,722-724,726-728,733-736,738-740,742-747,749-751,753-759,761,763-771]","[22-26,61,400,403,414-415,417-429,431,441,443,445,449,451-453,455-460,463-464,476-477,479-489,492,495,514,516-521,523-533,548,551-576,605,646-731,733-735,737-745,748-772,779-780,782]","[245-246,248,250,489-490,536,663,704,743,745,761]","[23-24,709-710,713-714,720-722,753-754,756-757,761]",TLE3___RB1_unrelaxed_rank_003_alphafold2_multimer_v3_model_5_seed_000.pdb
TLE3___RB1,4,2,A,B,0.0648,278.1,18.0,0.0122,0.6546,0.0538,0.0781,1799.0,43.0,0.2500,52.6,67.4,0.500,280,80,27,10,90.8,86.2,81.1,52.9,772,928,"[248-250,448-450,452,473-475,477-495,499-514,522-527,529-562,567-615,617-648,652-670,672-687,692-729,731-771]","[349-358,449,452,488,525,553,556-557,559,562-563,569-570,572-573,653-657,660,662-664,666-670,673-674,676-682,685-686,692,696-699,703-704,706,708-710,712-714,719-721,723-725,728,738,742-743,751-754,756,758,768]","[248,250,488,490,534,536,552,578,580,594,596,598,617,619-622,638,661,663,679,702,704,720,743,745,761]","[351-352,354-358,713,753,756]",TLE3___RB1_unrelaxed_rank_004_alphafold2_multimer_v3_model_2_seed_000.pdb
TLE3___RB1,5,4,A,B,0.0000,0.0,0.0,0.0000,0.4214,0.0000,0.0000,0.0,0.0,0.2100,49.1,67.6,0.490,0,0,0,0,,,,,772,928,,,,,TLE3___RB1_unrelaxed_rank_005_alphafold2_multimer_v3_model_4_seed_000.pdb
TXN___AGAP3,1,3,A,B,0.0557,8.3,0.5,0.0115,0.4166,0.0584,0.0531,23.0,3.0,0.5000,80.9,60.9,0.330,14,5,3,2,71.1,57.0,68.1,59.7,105,875,"[29,31,54,59,72-77,79,89,92-93]",[364-368],"[29,59,74]",[366-367],TXN___AGAP3_unrelaxed_rank_001_alphafold2_multimer_v3_model_3_seed_000.pdb
TXN___AGAP3,2,5,A,B,0.0000,0.0,0.0,0.0000,0.2493,0.0000,0.0000,0.0,0.0,0.3300,78.5,58.8,0.350,0,0,0,0,,,,,105,875,,,,,TXN___AGAP3_unrelaxed_rank_002_alphafold2_multimer_v3_model_5_seed_000.pdb
TXN___AGAP3,3,4,A,B,0.0000,0.0,0.0,0.0000,0.1740,0.0000,0.0000,0.0,0.0,0.2000,76.2,58.2,0.320,0,0,0,0,,,,,105,875,,,,,TXN___AGAP3_unrelaxed_rank_003_alphafold2_multimer_v3_model_4_seed_000.pdb
TXN___AGAP3,4,1,A,B,0.0000,0.0,0.0,0.0000,0.1720,0.0000,0.0000,0.0,0.0,0.1700,76.4,58.5,0.330,0,0,0,0,,,,,105,875,,,,,TXN___AGAP3_unrelaxed_rank_004_alphafold2_multimer_v3_model_1_seed_000.pdb
TXN___AGAP3,5,2,A,B,0.0000,0.0,0.0,0.0000,0.1604,0.0000,0.0000,0.0,0.0,0.1700,79.4,61.1,0.330,0,0,0,0,,,,,105,875,,,,,TXN___AGAP3_unrelaxed_rank_005_alphafold2_multimer_v3_model_2_seed_000.pdb
U2SURP___CDC5L,1,4,A,B,0.3610,2141.9,773.1,0.3422,0.9374,0.2588,0.5034,31639.0,145.0,0.3200,46.0,48.2,0.340,179,187,34,35,81.9,75.0,75.7,74.3,1029,802,"[291,294-302,324-333,357-515]",[526-712],"[371,374,376-381,394-395,397-398,400-401,403-405,408,439-440,442,466,480-486,488-490,492,494]","[545-552,554-555,557,572,579-580,583,592,594,654,657-658,660-662,664-665,667-668,670,675-677,679,698-699,702]",U2SURP___CDC5L_unrelaxed_rank_001_alphafold2_multimer_v3_model_4_seed_000.pdb
U2SURP___CDC5L,2,2,A,B,0.1127,136.0,15.3,0.0139,0.7371,0.0771,0.1646,661.0,28.0,0.2500,48.8,47.8,0.270,43,39,8,9,72.8,68.4,73.0,67.1,1029,802,"[834-853,855-861,871-872,874-884,886-888]",[688-726],"[838,841-842,845,848-849,852,856]","[696,700,703-704,707,710-711,714,718]",U2SURP___CDC5L_unrelaxed_rank_002_alphafold2_multimer_v3_model_2_seed_000.pdb
U2SURP___CDC5L,3,1,A,B,0.1984,216.6,43.0,0.0198,0.8518,0.1223,0.3220,1955.0,24.0,0.2400,48.2,49.7,0.270,56,40,6,8,76.4,74.6,78.0,73.5,1029,802,"[833-865,869-891]","[684-721,724,726]","[838,841-842,845,849,852]","[700,703-704,707,710-711,714,718]",U2SURP___CDC5L_unrelaxed_rank_003_alphafold2_multimer_v3_model_1_seed_000.pdb
U2SURP___CDC5L,4,5,A,B,0.0000,0.0,0.0,0.0000,0.2753,0.0000,0.0000,0.0,0.0,0.1800,45.6,52.9,0.260,0,0,0,0,,,,,1029,802,,,,,U2SURP___CDC5L_unrelaxed_rank_004_alphafold2_multimer_v3_model_5_seed_000.pdb
U2SURP___CDC5L,5,3,A,B,0.0000,0.0,0.0,0.0000,0.2644,0.0000,0.0000,0.0,0.0,0.1700,46.3,51.8,0.260,0,0,0,0,,,,,1029,802,,,,,U2SURP___CDC5L_unrelaxed_rank_005_alphafold2_multimer_v3_model_3_seed_000.pdb
XRN2___CCNT1,1,2,A,B,0.0000,0.0,0.0,0.0000,0.3726,0.0000,0.0000,0.0,0.0,0.2100,71.0,40.3,0.520,0,0,0,0,,,,,950,726,,,,,XRN2___CCNT1_unrelaxed_rank_001_alphafold2_multimer_v3_model_2_seed_000.pdb
XRN2___CCNT1,2,3,A,B,0.0000,0.0,0.0,0.0000,0.1999,0.0000,0.0000,0.0,0.0,0.2100,68.9,38.9,0.510,0,0,0,0,,,,,950,726,,,,,XRN2___CCNT1_unrelaxed_rank_002_alphafold2_multimer_v3_model_3_seed_000.pdb
XRN2___CCNT1,3,1,A,B,0.0000,0.0,0.0,0.0000,0.2018,0.0000,0.0000,0.0,0.0,0.1900,69.6,39.2,0.500,0,0,0,0,,,,,950,726,,,,,XRN2___CCNT1_unrelaxed_rank_003_alphafold2_multimer_v3_model_1_seed_000.pdb
XRN2___CCNT1,4,4,A,B,0.0000,0.0,0.0,0.0000,0.2297,0.0000,0.0000,0.0,0.0,0.1900,70.3,36.1,0.510,0,0,0,0,,,,,950,726,,,,,XRN2___CCNT1_unrelaxed_rank_004_alphafold2_multimer_v3_model_4_seed_000.pdb
XRN2___CCNT1,5,5,A,B,0.0000,0.0,0.0,0.0000,0.1967,0.0000,0.0000,0.0,0.0,0.1900,70.3,39.8,0.510,0,0,0,0,,,,,950,726,,,,,XRN2___CCNT1_unrelaxed_rank_005_alphafold2_multimer_v3_model_5_seed_000.pdb
XRN2___ZNF503,1,3,A,B,0.0707,85.5,6.0,0.0138,0.5925,0.0668,0.0749,348.0,21.0,0.4100,71.8,18.4,0.530,135,6,11,4,92.7,39.9,84.9,42.0,950,646,"[106-107,109-111,114,117-123,166,179,344-347,349-350,364,386,389-390,392,396,403-404,407,511,516-518,520-521,524-527,533-550,553,557,559-572,574-575,591,593-598,600-606,609-610,614-618,623-626,628-630,632-637,647-663,665-666,669,672-676]",[601-606],"[524-526,567,630,632-634,649-651]",[602-605],XRN2___ZNF503_unrelaxed_rank_001_alphafold2_multimer_v3_model_3_seed_000.pdb
XRN2___ZNF503,2,1,A,B,0.0686,97.6,6.7,0.0129,0.5724,0.0614,0.0766,681.0,14.0,0.3700,70.9,19.7,0.540,300,5,9,4,91.6,37.2,78.4,38.1,950,646,"[49-53,75,79,82-83,85-87,89-90,93,96-101,103-107,109-124,127,159-162,164-176,178-182,192-194,200,202,204-209,212-216,222,225-229,236-243,245,247-249,251,303,305,307,310-311,314,327-340,342,345-350,352,355,360,362-364,366,368,377-381,383-396,403-404,406-407,512,516-517,520-527,532-557,559-575,591-606,609-637,646-663,665-667,669-670,672-676,683-687,695,751,753,755,764-766,769-771]",[602-606],"[524,526,567,630,632-634,649,651]",[602-605],XRN2___ZNF503_unrelaxed_rank_002_alphafold2_multimer_v3_model_1_seed_000.pdb
XRN2___ZNF503,3,2,A,B,0.0265,92.3,2.5,0.0115,0.5345,0.0509,0.0139,2132.0,4.0,0.3500,72.7,18.7,0.540,451,15,4,4,93.5,40.3,77.8,41.2,950,646,"[5-11,13-15,17-24,37-44,46-65,70,72-102,104-105,107-109,111-135,157-183,185,187-189,191-196,199-218,220-234,236-254,301-317,326-339,341-342,347,350-351,353-354,357,359-364,366-368,377-397,400,403-406,409-410,516-525,534-551,554-575,579,589-601,604-607,609-618,623-629,631,633-637,643-645,647-663,665-666,669-670,672-677,682-688,690,692-701,709-710,712,714,718-723,729-730,735,737-739,744-745,750-760,765-771,774]","[110-119,175-179]","[7,57,253,644]","[112-113,115-116]",XRN2___ZNF503_unrelaxed_rank_003_alphafold2_multimer_v3_model_2_seed_000.pdb
XRN2___ZNF503,4,5,A,B,0.0505,20.4,1.0,0.0122,0.5396,0.0583,0.0437,104.0,4.0,0.3300,72.5,18.1,0.540,63,4,4,1,93.5,35.4,89.0,35.7,950,646,"[111,166,179,192,346,389-390,392,517-518,520-522,524-525,534-540,543-544,548,561-567,569-572,594-595,598,614,624-626,628-631,635-636,647-655,673,684,686,751,755]",[602-605],"[524-525,567,649]",[605],XRN2___ZNF503_unrelaxed_rank_004_alphafold2_multimer_v3_model_5_seed_000.pdb
XRN2___ZNF503,5,4,A,B,0.0000,0.0,0.0,0.0000,0.4187,0.0000,0.0000,0.0,0.0,0.2900,70.3,17.9,0.530,0,0,0,0,,,,,950,646,,,,,XRN2___ZNF503_unrelaxed_rank_005_alphafold2_multimer_v3_model_4_seed_000.pdb
ZBTB33___DDX17,1,3,A,B,0.3732,2314.3,863.6,0.3736,0.9284,0.2818,0.4942,33476.0,160.0,0.4700,38.1,60.1,0.430,120,327,30,37,74.3,88.8,75.0,83.8,672,729,[476-595],"[140-141,147-152,154-156,158-160,169,171-174,182-185,187-188,194-200,202-205,207,211-215,217-222,225,229-233,247-265,276,278-291,297-310,319,322-336,338-345,351-369,374-555]","[491,502-505,507-508,510-511,534-539,551,553,562,580-589,592,594]","[389,391,393,395,404-405,407-412,414-417,439-446,459,463,468-469,488,510,512-517,519]",ZBTB33___DDX17_unrelaxed_rank_001_alphafold2_multimer_v3_model_3_seed_000.pdb
ZBTB33___DDX17,2,5,A,B,0.0226,2.6,0.1,0.0000,0.4911,0.0168,0.0304,7.0,1.0,0.2700,35.2,58.3,0.360,4,6,1,1,49.3,90.7,48.4,84.9,672,729,"[435-437,439]","[392,399,409,423,489-490]",[437],[409],ZBTB33___DDX17_unrelaxed_rank_002_alphafold2_multimer_v3_model_5_seed_000.pdb
ZBTB33___DDX17,3,4,A,B,0.0000,0.0,0.0,0.0122,0.4330,0.1435,0.0000,4.0,0.0,0.2600,34.5,56.6,0.360,1,3,0,0,43.8,80.8,,,672,729,[640],"[396-397,523]",,,ZBTB33___DDX17_unrelaxed_rank_003_alphafold2_multimer_v3_model_4_seed_000.pdb
ZBTB33___DDX17,4,1,A,B,0.0083,1.0,0.0,0.0000,0.4660,0.0083,0.0083,1.0,1.0,0.2300,32.4,56.7,0.340,1,1,1,1,42.8,77.6,42.8,77.6,672,729,[640],[524],[640],[524],ZBTB33___DDX17_unrelaxed_rank_004_alphafold2_multimer_v3_model_1_seed_000.pdb
ZBTB33___DDX17,5,2,A,B,0.0000,0.0,0.0,0.0000,0.1957,0.0000,0.0000,0.0,0.0,0.1700,33.9,58.6,0.370,0,0,0,0,,,,,672,729,,,,,ZBTB33___DDX17_unrelaxed_rank_005_alphafold2_multimer_v3_model_2_seed_000.pdb
