name,rank,model,chain_i,chain_j,iLIS,iLIA,iLISA,ipSAE,actifpTM,LIS,cLIS,LIA,cLIA,ipTM,pLDDT_i,pLDDT_j,pTM,LIR_i,LIR_j,cLIR_i,cLIR_j,LIpLDDT_i,LIpLDDT_j,cLIpLDDT_i,cLIpLDDT_j,len_i,len_j,LIR_indices_i,LIR_indices_j,cLIR_indices_i,cLIR_indices_j,structure_file
AGAP3___DHX15,1,3,A,B,0.1949,1434.0,279.4,0.1614,0.8049,0.1267,0.2996,16320.0,126.0,0.4900,59.0,77.7,0.500,104,389,20,29,77.4,89.5,68.0,85.1,875,795,"[358-379,385-427,571-609]","[127,143,145-147,149-151,153,157-158,168-177,188-191,193-195,197-229,231-259,262-263,266,268-281,285-290,300-301,303-304,338,502,507-519,523,525,527-528,531,534-742,744-769,771-787]","[359-372,392,405-406,408-410]","[585-586,588-589,612,615-621,625,628-633,635-636,647,661,665,675,677,680,685,728]",AGAP3___DHX15_unrelaxed_rank_001_alphafold2_multimer_v3_model_3_seed_000.pdb
AGAP3___DHX15,2,5,A,B,0.0240,14.6,0.4,0.0000,0.5836,0.0184,0.0314,71.0,3.0,0.3400,57.0,77.4,0.480,6,47,1,3,33.8,87.9,34.4,85.0,875,795,[334-339],"[321,326-327,330-332,334,336,338-342,351,353-355,357,361-362,369,385,419-421,436-438,442,444,456,458-463,465,469,480,483-487,489,494]",[334],"[357,361,458]",AGAP3___DHX15_unrelaxed_rank_002_alphafold2_multimer_v3_model_5_seed_000.pdb
AGAP3___DHX15,3,1,A,B,0.0000,0.0,0.0,0.0000,0.4308,0.0000,0.0000,0.0,0.0,0.2700,52.3,76.1,0.460,0,0,0,0,,,,,875,795,,,,,AGAP3___DHX15_unrelaxed_rank_003_alphafold2_multimer_v3_model_1_seed_000.pdb
AGAP3___DHX15,4,4,A,B,0.0000,0.0,0.0,0.0000,0.2530,0.0000,0.0000,0.0,0.0,0.2400,54.9,77.0,0.470,0,0,0,0,,,,,875,795,,,,,AGAP3___DHX15_unrelaxed_rank_004_alphafold2_multimer_v3_model_4_seed_000.pdb
AGAP3___DHX15,5,2,A,B,0.0000,0.0,0.0,0.0000,0.3910,0.0000,0.0000,0.0,0.0,0.2100,56.4,76.7,0.450,0,0,0,0,,,,,875,795,,,,,AGAP3___DHX15_unrelaxed_rank_005_alphafold2_multimer_v3_model_2_seed_000.pdb
ANP32A___DHX15,1,3,A,B,0.0000,0.0,0.0,0.0000,0.1814,0.0000,0.0000,0.0,0.0,0.2000,58.7,79.7,0.620,0,0,0,0,,,,,249,795,,,,,ANP32A___DHX15_unrelaxed_rank_001_alphafold2_multimer_v3_model_3_seed_000.pdb
ANP32A___DHX15,2,5,A,B,0.0000,0.0,0.0,0.0000,0.1599,0.0000,0.0000,0.0,0.0,0.1700,60.0,79.6,0.620,0,0,0,0,,,,,249,795,,,,,ANP32A___DHX15_unrelaxed_rank_002_alphafold2_multimer_v3_model_5_seed_000.pdb
ANP32A___DHX15,3,4,A,B,0.0000,0.0,0.0,0.0000,0.1621,0.0000,0.0000,0.0,0.0,0.1700,57.7,78.5,0.610,0,0,0,0,,,,,249,795,,,,,ANP32A___DHX15_unrelaxed_rank_003_alphafold2_multimer_v3_model_4_seed_000.pdb
ANP32A___DHX15,4,1,A,B,0.0000,0.0,0.0,0.0000,0.1545,0.0000,0.0000,0.0,0.0,0.1700,57.7,78.6,0.590,0,0,0,0,,,,,249,795,,,,,ANP32A___DHX15_unrelaxed_rank_004_alphafold2_multimer_v3_model_1_seed_000.pdb
ANP32A___DHX15,5,2,A,B,0.0000,0.0,0.0,0.0000,0.2337,0.0000,0.0000,0.0,0.0,0.1700,59.1,79.0,0.610,0,0,0,0,,,,,249,795,,,,,ANP32A___DHX15_unrelaxed_rank_005_alphafold2_multimer_v3_model_2_seed_000.pdb
ANP32A___SF3A3,1,5,A,B,0.0000,0.0,0.0,0.0000,0.2246,0.0000,0.0000,0.0,0.0,0.2200,62.5,74.6,0.450,0,0,0,0,,,,,249,501,,,,,ANP32A___SF3A3_unrelaxed_rank_001_alphafold2_multimer_v3_model_5_seed_000.pdb
ANP32A___SF3A3,2,3,A,B,0.0000,0.0,0.0,0.0000,0.2435,0.0000,0.0000,0.0,0.0,0.2100,61.8,75.2,0.440,0,0,0,0,,,,,249,501,,,,,ANP32A___SF3A3_unrelaxed_rank_002_alphafold2_multimer_v3_model_3_seed_000.pdb
ANP32A___SF3A3,3,2,A,B,0.0000,0.0,0.0,0.0000,0.1538,0.0000,0.0000,0.0,0.0,0.1600,61.2,74.2,0.430,0,0,0,0,,,,,249,501,,,,,ANP32A___SF3A3_unrelaxed_rank_003_alphafold2_multimer_v3_model_2_seed_000.pdb
ANP32A___SF3A3,4,4,A,B,0.0000,0.0,0.0,0.0000,0.1575,0.0000,0.0000,0.0,0.0,0.1600,61.9,70.7,0.420,0,0,0,0,,,,,249,501,,,,,ANP32A___SF3A3_unrelaxed_rank_004_alphafold2_multimer_v3_model_4_seed_000.pdb
ANP32A___SF3A3,5,1,A,B,0.0000,0.0,0.0,0.0000,0.1248,0.0000,0.0000,0.0,0.0,0.1400,59.1,72.4,0.410,0,0,0,0,,,,,249,501,,,,,ANP32A___SF3A3_unrelaxed_rank_005_alphafold2_multimer_v3_model_1_seed_000.pdb
ATP5PD___SAFB,1,3,A,B,0.0000,0.0,0.0,0.0000,0.2289,0.0000,0.0000,0.0,0.0,0.2500,65.7,31.8,0.220,0,0,0,0,,,,,161,915,,,,,ATP5PD___SAFB_unrelaxed_rank_001_alphafold2_multimer_v3_model_3_seed_000.pdb
ATP5PD___SAFB,2,1,A,B,0.0000,0.0,0.0,0.0000,0.1502,0.0000,0.0000,0.0,0.0,0.1500,74.3,32.8,0.210,0,0,0,0,,,,,161,915,,,,,ATP5PD___SAFB_unrelaxed_rank_002_alphafold2_multimer_v3_model_1_seed_000.pdb
ATP5PD___SAFB,3,5,A,B,0.0000,0.0,0.0,0.0000,0.1325,0.0000,0.0000,0.0,0.0,0.1500,73.9,32.9,0.210,0,0,0,0,,,,,161,915,,,,,ATP5PD___SAFB_unrelaxed_rank_003_alphafold2_multimer_v3_model_5_seed_000.pdb
ATP5PD___SAFB,4,4,A,B,0.0000,0.0,0.0,0.0000,0.1443,0.0000,0.0000,0.0,0.0,0.1400,69.2,31.5,0.200,0,0,0,0,,,,,161,915,,,,,ATP5PD___SAFB_unrelaxed_rank_004_alphafold2_multimer_v3_model_4_seed_000.pdb
ATP5PD___SAFB,5,2,A,B,0.0000,0.0,0.0,0.0000,0.1226,0.0000,0.0000,0.0,0.0,0.1300,75.3,34.5,0.200,0,0,0,0,,,,,161,915,,,,,ATP5PD___SAFB_unrelaxed_rank_005_alphafold2_multimer_v3_model_2_seed_000.pdb
ATP5PD___SET,1,1,A,B,0.0981,463.6,45.5,0.0135,0.4196,0.0880,0.1093,3706.0,58.0,0.3000,38.3,64.1,0.490,44,160,18,26,42.5,85.4,41.8,76.6,161,290,"[94-123,125,136,143-147,150-156]","[47-127,134-180,202-209,212-235]","[97,100-101,103-104,107-108,111,114,118,136,143,145,150,152-155]","[65-66,69-70,73,76-77,80,83-84,87-88,90-91,135,156-158,163-164,212,214,219,223,228,230]",ATP5PD___SET_unrelaxed_rank_001_alphafold2_multimer_v3_model_1_seed_000.pdb
ATP5PD___SET,2,4,A,B,0.0000,0.0,0.0,0.0000,0.1479,0.0000,0.0000,0.0,0.0,0.1900,38.0,63.4,0.450,0,0,0,0,,,,,161,290,,,,,ATP5PD___SET_unrelaxed_rank_002_alphafold2_multimer_v3_model_4_seed_000.pdb
ATP5PD___SET,3,5,A,B,0.0000,0.0,0.0,0.0000,0.1366,0.0000,0.0000,0.0,0.0,0.1400,35.8,62.9,0.440,0,0,0,0,,,,,161,290,,,,,ATP5PD___SET_unrelaxed_rank_003_alphafold2_multimer_v3_model_5_seed_000.pdb
ATP5PD___SET,4,3,A,B,0.0000,0.0,0.0,0.0000,0.2296,0.0008,0.0000,1.0,0.0,0.1100,63.9,62.7,0.430,1,1,0,0,38.9,74.9,,,161,290,[152],[51],,,ATP5PD___SET_unrelaxed_rank_004_alphafold2_multimer_v3_model_3_seed_000.pdb
ATP5PD___SET,5,2,A,B,0.0000,0.0,0.0,0.0000,0.0936,0.0000,0.0000,0.0,0.0,0.1000,55.7,67.2,0.430,0,0,0,0,,,,,161,290,,,,,ATP5PD___SET_unrelaxed_rank_005_alphafold2_multimer_v3_model_2_seed_000.pdb
ATP5PD___SF3A3,1,5,A,B,0.0000,0.0,0.0,0.0000,0.2806,0.0000,0.0000,0.0,0.0,0.1500,69.8,75.0,0.460,0,0,0,0,,,,,161,501,,,,,ATP5PD___SF3A3_unrelaxed_rank_001_alphafold2_multimer_v3_model_5_seed_000.pdb
ATP5PD___SF3A3,2,3,A,B,0.0000,0.0,0.0,0.0000,0.2790,0.0000,0.0000,0.0,0.0,0.1400,71.8,75.6,0.460,0,0,0,0,,,,,161,501,,,,,ATP5PD___SF3A3_unrelaxed_rank_002_alphafold2_multimer_v3_model_3_seed_000.pdb
ATP5PD___SF3A3,3,1,A,B,0.0000,0.0,0.0,0.0000,0.1729,0.0000,0.0000,0.0,0.0,0.1300,51.8,75.9,0.460,0,0,0,0,,,,,161,501,,,,,ATP5PD___SF3A3_unrelaxed_rank_003_alphafold2_multimer_v3_model_1_seed_000.pdb
ATP5PD___SF3A3,4,2,A,B,0.0000,0.0,0.0,0.0000,0.1348,0.0000,0.0000,0.0,0.0,0.1200,62.5,75.2,0.450,0,0,0,0,,,,,161,501,,,,,ATP5PD___SF3A3_unrelaxed_rank_004_alphafold2_multimer_v3_model_2_seed_000.pdb
ATP5PD___SF3A3,5,4,A,B,0.0000,0.0,0.0,0.0000,0.1101,0.0000,0.0000,0.0,0.0,0.1100,64.1,73.3,0.450,0,0,0,0,,,,,161,501,,,,,ATP5PD___SF3A3_unrelaxed_rank_005_alphafold2_multimer_v3_model_4_seed_000.pdb
ATXN2L___FAM50A,1,3,A,B,0.0000,0.0,0.0,0.0000,0.4160,0.0000,0.0000,0.0,0.0,0.2800,25.7,56.7,0.250,0,0,0,0,,,,,1075,339,,,,,ATXN2L___FAM50A_unrelaxed_rank_001_alphafold2_multimer_v3_model_3_seed_000.pdb
ATXN2L___FAM50A,2,2,A,B,0.0000,0.0,0.0,0.0000,0.3879,0.0000,0.0000,0.0,0.0,0.2300,25.6,63.2,0.240,0,0,0,0,,,,,1075,339,,,,,ATXN2L___FAM50A_unrelaxed_rank_002_alphafold2_multimer_v3_model_2_seed_000.pdb
ATXN2L___FAM50A,3,5,A,B,0.0000,0.0,0.0,0.0000,0.2357,0.0000,0.0000,0.0,0.0,0.2000,26.8,59.1,0.240,0,0,0,0,,,,,1075,339,,,,,ATXN2L___FAM50A_unrelaxed_rank_003_alphafold2_multimer_v3_model_5_seed_000.pdb
ATXN2L___FAM50A,4,4,A,B,0.0000,0.0,0.0,0.0000,0.3130,0.0000,0.0000,0.0,0.0,0.1900,23.5,54.4,0.240,0,0,0,0,,,,,1075,339,,,,,ATXN2L___FAM50A_unrelaxed_rank_004_alphafold2_multimer_v3_model_4_seed_000.pdb
ATXN2L___FAM50A,5,1,A,B,0.0000,0.0,0.0,0.0000,0.2542,0.0000,0.0000,0.0,0.0,0.1900,25.6,59.6,0.240,0,0,0,0,,,,,1075,339,,,,,ATXN2L___FAM50A_unrelaxed_rank_005_alphafold2_multimer_v3_model_1_seed_000.pdb
CCAR2___ATP5PD,1,1,A,B,0.0000,0.0,0.0,0.0000,0.1487,0.0000,0.0000,0.0,0.0,0.1600,58.3,44.7,0.460,0,0,0,0,,,,,923,161,,,,,CCAR2___ATP5PD_unrelaxed_rank_001_alphafold2_multimer_v3_model_1_seed_000.pdb
CCAR2___ATP5PD,2,3,A,B,0.0000,0.0,0.0,0.0000,0.1439,0.0000,0.0000,0.0,0.0,0.1600,56.6,66.6,0.460,0,0,0,0,,,,,923,161,,,,,CCAR2___ATP5PD_unrelaxed_rank_002_alphafold2_multimer_v3_model_3_seed_000.pdb
CCAR2___ATP5PD,3,5,A,B,0.0000,0.0,0.0,0.0000,0.1377,0.0000,0.0000,0.0,0.0,0.1600,57.4,62.8,0.460,0,0,0,0,,,,,923,161,,,,,CCAR2___ATP5PD_unrelaxed_rank_003_alphafold2_multimer_v3_model_5_seed_000.pdb
CCAR2___ATP5PD,4,2,A,B,0.0000,0.0,0.0,0.0000,0.1279,0.0000,0.0000,0.0,0.0,0.1400,58.4,52.1,0.460,0,0,0,0,,,,,923,161,,,,,CCAR2___ATP5PD_unrelaxed_rank_004_alphafold2_multimer_v3_model_2_seed_000.pdb
CCAR2___ATP5PD,5,4,A,B,0.0000,0.0,0.0,0.0000,0.1346,0.0000,0.0000,0.0,0.0,0.1400,55.1,47.6,0.450,0,0,0,0,,,,,923,161,,,,,CCAR2___ATP5PD_unrelaxed_rank_005_alphafold2_multimer_v3_model_4_seed_000.pdb
CCAR2___CIZ1,1,4,A,B,0.0000,0.0,0.0,0.0000,0.2969,0.0000,0.0000,0.0,0.0,0.2200,55.7,23.4,0.370,0,0,0,0,,,,,923,898,,,,,CCAR2___CIZ1_unrelaxed_rank_001_alphafold2_multimer_v3_model_4_seed_000.pdb
CCAR2___CIZ1,2,3,A,B,0.0000,0.0,0.0,0.0000,0.2927,0.0000,0.0000,0.0,0.0,0.2100,58.0,24.3,0.390,0,0,0,0,,,,,923,898,,,,,CCAR2___CIZ1_unrelaxed_rank_002_alphafold2_multimer_v3_model_3_seed_000.pdb
CCAR2___CIZ1,3,5,A,B,0.0000,0.0,0.0,0.0000,0.2194,0.0000,0.0000,0.0,0.0,0.1900,59.3,24.3,0.380,0,0,0,0,,,,,923,898,,,,,CCAR2___CIZ1_unrelaxed_rank_003_alphafold2_multimer_v3_model_5_seed_000.pdb
CCAR2___CIZ1,4,2,A,B,0.0000,0.0,0.0,0.0000,0.1979,0.0000,0.0000,0.0,0.0,0.1900,59.2,25.1,0.380,0,0,0,0,,,,,923,898,,,,,CCAR2___CIZ1_unrelaxed_rank_004_alphafold2_multimer_v3_model_2_seed_000.pdb
CCAR2___CIZ1,5,1,A,B,0.0000,0.0,0.0,0.0000,0.2353,0.0000,0.0000,0.0,0.0,0.1900,57.4,24.0,0.370,0,0,0,0,,,,,923,898,,,,,CCAR2___CIZ1_unrelaxed_rank_005_alphafold2_multimer_v3_model_1_seed_000.pdb
CCAR2___EPB41,1,4,A,B,0.1939,311.9,60.5,0.0230,0.8260,0.1549,0.2428,1801.0,54.0,0.3100,54.3,45.1,0.360,13,254,9,17,43.3,87.3,46.2,82.2,923,864,[641-653],"[211-256,262-275,280-339,350,353-354,363-364,366-368,370-371,378-425,427-453,460,462-492,505-509,512-523]","[641,643-648,650,652]","[437-444,474,477,481,484-485,489,506-508]",CCAR2___EPB41_unrelaxed_rank_001_alphafold2_multimer_v3_model_4_seed_000.pdb
CCAR2___EPB41,2,3,A,B,0.0788,197.5,15.6,0.0141,0.6575,0.0687,0.0904,1114.0,35.0,0.3000,55.8,45.5,0.370,14,187,8,18,38.9,89.4,40.3,84.9,923,864,[643-656],"[213-218,220-222,230-243,246-255,263-264,266,269-271,274,282-314,317-318,324,331-334,336,364,367,379-393,395-396,398-404,409-424,428,431-452,462-491,509,512-521]","[643-646,648,652-654]","[434-435,439-442,474,477,480,484-485,487-491,513,515]",CCAR2___EPB41_unrelaxed_rank_002_alphafold2_multimer_v3_model_3_seed_000.pdb
CCAR2___EPB41,3,5,A,B,0.0000,0.0,0.0,0.0000,0.5262,0.0000,0.0000,0.0,0.0,0.2500,56.3,45.5,0.370,0,0,0,0,,,,,923,864,,,,,CCAR2___EPB41_unrelaxed_rank_003_alphafold2_multimer_v3_model_5_seed_000.pdb
CCAR2___EPB41,4,1,A,B,0.0000,0.0,0.0,0.0000,0.4920,0.0000,0.0000,0.0,0.0,0.2400,54.8,45.4,0.370,0,0,0,0,,,,,923,864,,,,,CCAR2___EPB41_unrelaxed_rank_004_alphafold2_multimer_v3_model_1_seed_000.pdb
CCAR2___EPB41,5,2,A,B,0.0125,21.1,0.3,0.0000,0.5448,0.0121,0.0130,74.0,6.0,0.2200,57.2,46.9,0.370,6,48,3,4,29.6,91.2,30.0,84.5,923,864,[644-649],"[214,216,221,237-240,247,264,270,282-283,286,289,300-301,305-309,401,404,411-412,421-423,431,433,436-439,441,445-446,449-450,462,466,473,476,478,480-481,485,513]","[645,647-648]","[438-439,441,481]",CCAR2___EPB41_unrelaxed_rank_005_alphafold2_multimer_v3_model_2_seed_000.pdb
CCAR2___MRPL12,1,3,A,B,0.0000,0.0,0.0,0.0000,0.1382,0.0000,0.0000,0.0,0.0,0.1700,58.3,41.7,0.460,0,0,0,0,,,,,923,198,,,,,CCAR2___MRPL12_unrelaxed_rank_001_alphafold2_multimer_v3_model_3_seed_000.pdb
CCAR2___MRPL12,2,2,A,B,0.0000,0.0,0.0,0.0000,0.1182,0.0000,0.0000,0.0,0.0,0.1700,60.1,45.8,0.470,0,0,0,0,,,,,923,198,,,,,CCAR2___MRPL12_unrelaxed_rank_002_alphafold2_multimer_v3_model_2_seed_000.pdb
CCAR2___MRPL12,3,4,A,B,0.0000,0.0,0.0,0.0000,0.2702,0.0000,0.0000,0.0,0.0,0.1700,57.8,43.7,0.440,0,0,0,0,,,,,923,198,,,,,CCAR2___MRPL12_unrelaxed_rank_003_alphafold2_multimer_v3_model_4_seed_000.pdb
CCAR2___MRPL12,4,5,A,B,0.0000,0.0,0.0,0.0000,0.1450,0.0000,0.0000,0.0,0.0,0.1500,59.6,41.2,0.470,0,0,0,0,,,,,923,198,,,,,CCAR2___MRPL12_unrelaxed_rank_004_alphafold2_multimer_v3_model_5_seed_000.pdb
CCAR2___MRPL12,5,1,A,B,0.0000,0.0,0.0,0.0000,0.1447,0.0000,0.0000,0.0,0.0,0.1400,60.0,40.3,0.450,0,0,0,0,,,,,923,198,,,,,CCAR2___MRPL12_unrelaxed_rank_005_alphafold2_multimer_v3_model_1_seed_000.pdb
CCNT1___ZNF503,1,3,A,B,0.2966,483.2,143.3,0.1725,0.8616,0.2511,0.3503,3198.0,73.0,0.3200,42.3,21.9,0.340,230,16,18,13,85.9,48.2,75.3,51.1,726,646,"[10-113,123-248]",[338-353],"[162-167,170,208-213,215-217,219,224]","[339,341-352]",CCNT1___ZNF503_unrelaxed_rank_001_alphafold2_multimer_v3_model_3_seed_000.pdb
CCNT1___ZNF503,2,5,A,B,0.3507,442.5,155.2,0.1905,0.9135,0.2862,0.4297,3108.0,63.0,0.3200,43.2,21.0,0.340,231,15,17,13,89.5,49.0,81.8,50.4,726,646,"[11-113,118,121-247]",[338-352],"[162-167,170,208,210-213,215-217,219,224]","[339,341-352]",CCNT1___ZNF503_unrelaxed_rank_002_alphafold2_multimer_v3_model_5_seed_000.pdb
CCNT1___ZNF503,3,4,A,B,0.2984,539.2,160.9,0.1583,0.9025,0.2438,0.3653,3826.0,76.0,0.3200,42.1,21.0,0.330,227,24,20,15,86.1,41.3,75.3,44.8,726,646,"[12-113,124-248]","[338-359,363-364]","[162-165,167-170,173,176,207-208,210,213,215-217,219,221,224]","[339,341-345,347,349-353,355,357,359]",CCNT1___ZNF503_unrelaxed_rank_003_alphafold2_multimer_v3_model_4_seed_000.pdb
CCNT1___ZNF503,4,2,A,B,0.0000,0.0,0.0,0.0000,0.4458,0.0000,0.0000,0.0,0.0,0.2200,45.7,20.0,0.340,0,0,0,0,,,,,726,646,,,,,CCNT1___ZNF503_unrelaxed_rank_004_alphafold2_multimer_v3_model_2_seed_000.pdb
CCNT1___ZNF503,5,1,A,B,0.0000,0.0,0.0,0.0000,0.4786,0.0000,0.0000,0.0,0.0,0.2200,43.4,20.6,0.340,0,0,0,0,,,,,726,646,,,,,CCNT1___ZNF503_unrelaxed_rank_005_alphafold2_multimer_v3_model_1_seed_000.pdb
CDC37___GFP,1,4,A,B,0.0000,0.0,0.0,0.0000,0.1324,0.0000,0.0000,0.0,0.0,0.1700,64.0,87.4,0.430,0,0,0,0,,,,,378,238,,,,,CDC37___GFP_unrelaxed_rank_001_alphafold2_multimer_v3_model_4_seed_000.pdb
CDC37___GFP,2,5,A,B,0.0000,0.0,0.0,0.0000,0.1100,0.0000,0.0000,0.0,0.0,0.1700,64.1,86.3,0.420,0,0,0,0,,,,,378,238,,,,,CDC37___GFP_unrelaxed_rank_002_alphafold2_multimer_v3_model_5_seed_000.pdb
CDC37___GFP,3,3,A,B,0.0000,0.0,0.0,0.0000,0.1047,0.0000,0.0000,0.0,0.0,0.1600,63.8,85.3,0.420,0,0,0,0,,,,,378,238,,,,,CDC37___GFP_unrelaxed_rank_003_alphafold2_multimer_v3_model_3_seed_000.pdb
CDC37___GFP,4,1,A,B,0.0000,0.0,0.0,0.0000,0.1547,0.0000,0.0000,0.0,0.0,0.1400,64.0,87.0,0.430,0,0,0,0,,,,,378,238,,,,,CDC37___GFP_unrelaxed_rank_004_alphafold2_multimer_v3_model_1_seed_000.pdb
CDC37___GFP,5,2,A,B,0.0000,0.0,0.0,0.0000,0.1478,0.0000,0.0000,0.0,0.0,0.1300,64.7,88.0,0.440,0,0,0,0,,,,,378,238,,,,,CDC37___GFP_unrelaxed_rank_005_alphafold2_multimer_v3_model_2_seed_000.pdb
CDC37___ZNF503,1,4,A,B,0.3419,1049.4,358.8,0.3324,0.9579,0.2782,0.4203,8406.0,131.0,0.4500,67.9,23.1,0.330,203,53,38,28,79.6,50.2,77.7,52.1,378,646,"[139-322,326-344]","[60-96,106-121]","[145,148-149,184,187-188,191-192,195-196,199-201,214,217-218,221-222,224-226,236-237,240,247-248,250-252,254-255,266,270-271,274-275,277-278]","[71-73,75-77,79-81,84,87-88,90,92-93,106,108,111-121]",CDC37___ZNF503_unrelaxed_rank_001_alphafold2_multimer_v3_model_4_seed_000.pdb
CDC37___ZNF503,2,2,A,B,0.3032,838.4,254.2,0.2065,0.8810,0.2421,0.3798,6509.0,108.0,0.4300,73.3,21.6,0.320,200,43,37,24,87.1,49.0,82.7,49.1,378,646,"[140-244,246-314,316-322,326-344]","[62-97,110-116]","[141,148-149,184,187-189,191-192,195-196,199-201,213,217-218,221-222,225,247-252,254-255,258,262,266,270-271,274-275,277-278]","[71-73,75-77,79-81,84-85,87-90,92-93,95-96,111-115]",CDC37___ZNF503_unrelaxed_rank_002_alphafold2_multimer_v3_model_2_seed_000.pdb
CDC37___ZNF503,3,5,A,B,0.2996,963.5,288.7,0.1214,0.9033,0.2503,0.3587,6876.0,135.0,0.4000,71.1,22.9,0.310,197,45,41,28,85.4,48.8,81.8,50.0,378,646,"[140-243,246-311,313-322,326-342]",[65-109],"[141,144-145,148-149,184,187-188,191-192,195-196,199-201,213,217-218,221-222,225-226,236-237,240-241,247-249,251-252,255,258-259,266,270-271,274-275,277-278]","[71-73,75-77,79-81,84-90,92-93,95-96,101-108]",CDC37___ZNF503_unrelaxed_rank_003_alphafold2_multimer_v3_model_5_seed_000.pdb
CDC37___ZNF503,4,3,A,B,0.1848,576.5,106.5,0.0169,0.7416,0.1465,0.2332,3693.0,90.0,0.3600,71.3,22.1,0.310,168,30,29,19,85.2,49.2,81.1,49.9,378,646,"[140-243,246-288,293-298,300,305-306,309,317-318,331-339]",[68-97],"[141,144-145,148-149,152,184,187-188,191-192,195-196,199-201,217,221,255,258-259,262,266,270-271,274-275,277-278]","[71-73,75-77,79-81,84-88,90,92-93,95-96]",CDC37___ZNF503_unrelaxed_rank_004_alphafold2_multimer_v3_model_3_seed_000.pdb
CDC37___ZNF503,5,1,A,B,0.1914,917.1,175.5,0.0180,0.7373,0.1572,0.2329,5128.0,164.0,0.3600,72.0,22.2,0.320,204,47,52,32,84.8,43.4,79.4,45.0,378,646,"[140-243,246-289,291-346]","[68-97,110-119,209-215]","[141,144-145,148-149,184,187-188,191-192,195-196,199-201,217-218,221-222,225-226,236-237,240-241,247-252,255,258,262,266,270-271,274-275,277-278,294-295,309,312,314,340-345]","[71-73,75-77,79-81,84-85,87-88,90,92-93,96,111-117,119,209-215]",CDC37___ZNF503_unrelaxed_rank_005_alphafold2_multimer_v3_model_1_seed_000.pdb
CDC5L___PTBP1,1,2,A,B,0.0000,0.0,0.0,0.0000,0.2838,0.0000,0.0000,0.0,0.0,0.1900,52.0,65.1,0.270,0,0,0,0,,,,,802,557,,,,,CDC5L___PTBP1_unrelaxed_rank_001_alphafold2_multimer_v3_model_2_seed_000.pdb
CDC5L___PTBP1,2,1,A,B,0.0000,0.0,0.0,0.0000,0.2447,0.0000,0.0000,0.0,0.0,0.1800,55.8,61.0,0.270,0,0,0,0,,,,,802,557,,,,,CDC5L___PTBP1_unrelaxed_rank_002_alphafold2_multimer_v3_model_1_seed_000.pdb
CDC5L___PTBP1,3,5,A,B,0.0000,0.0,0.0,0.0000,0.1381,0.0000,0.0000,0.0,0.0,0.1600,56.0,62.3,0.260,0,0,0,0,,,,,802,557,,,,,CDC5L___PTBP1_unrelaxed_rank_003_alphafold2_multimer_v3_model_5_seed_000.pdb
CDC5L___PTBP1,4,4,A,B,0.0000,0.0,0.0,0.0000,0.0000,0.0000,0.0000,0.0,0.0,0.1600,52.1,61.4,0.260,0,0,0,0,,,,,802,557,,,,,CDC5L___PTBP1_unrelaxed_rank_004_alphafold2_multimer_v3_model_4_seed_000.pdb
CDC5L___PTBP1,5,3,A,B,0.0000,0.0,0.0,0.0000,0.1326,0.0000,0.0000,0.0,0.0,0.1500,56.9,62.2,0.260,0,0,0,0,,,,,802,557,,,,,CDC5L___PTBP1_unrelaxed_rank_005_alphafold2_multimer_v3_model_3_seed_000.pdb
CDK4___ANP32A,1,5,A,B,0.0000,0.0,0.0,0.0000,0.2464,0.0046,0.0000,1.0,0.0,0.2600,76.1,60.0,0.550,1,1,0,0,79.2,65.2,,,303,249,[138],[27],,,CDK4___ANP32A_unrelaxed_rank_001_alphafold2_multimer_v3_model_5_seed_000.pdb
CDK4___ANP32A,2,3,A,B,0.0000,0.0,0.0,0.0000,0.2309,0.0000,0.0000,0.0,0.0,0.1900,75.7,60.6,0.530,0,0,0,0,,,,,303,249,,,,,CDK4___ANP32A_unrelaxed_rank_002_alphafold2_multimer_v3_model_3_seed_000.pdb
CDK4___ANP32A,3,2,A,B,0.0000,0.0,0.0,0.0000,0.1954,0.0000,0.0000,0.0,0.0,0.1800,75.4,61.4,0.520,0,0,0,0,,,,,303,249,,,,,CDK4___ANP32A_unrelaxed_rank_003_alphafold2_multimer_v3_model_2_seed_000.pdb
CDK4___ANP32A,4,1,A,B,0.0000,0.0,0.0,0.0000,0.1422,0.0000,0.0000,0.0,0.0,0.1800,75.5,59.4,0.510,0,0,0,0,,,,,303,249,,,,,CDK4___ANP32A_unrelaxed_rank_004_alphafold2_multimer_v3_model_1_seed_000.pdb
CDK4___ANP32A,5,4,A,B,0.0000,0.0,0.0,0.0000,0.1286,0.0000,0.0000,0.0,0.0,0.1800,75.2,60.9,0.510,0,0,0,0,,,,,303,249,,,,,CDK4___ANP32A_unrelaxed_rank_005_alphafold2_multimer_v3_model_4_seed_000.pdb
CDK4___CSTB,1,3,A,B,0.0000,0.0,0.0,0.0000,0.2084,0.0000,0.0000,0.0,0.0,0.2400,78.7,78.5,0.680,0,0,0,0,,,,,303,98,,,,,CDK4___CSTB_unrelaxed_rank_001_alphafold2_multimer_v3_model_3_seed_000.pdb
CDK4___CSTB,2,4,A,B,0.0000,0.0,0.0,0.0000,0.1513,0.0000,0.0000,0.0,0.0,0.1500,75.3,72.3,0.650,0,0,0,0,,,,,303,98,,,,,CDK4___CSTB_unrelaxed_rank_002_alphafold2_multimer_v3_model_4_seed_000.pdb
CDK4___CSTB,3,2,A,B,0.0000,0.0,0.0,0.0000,0.1561,0.0000,0.0000,0.0,0.0,0.1400,75.9,75.8,0.640,0,0,0,0,,,,,303,98,,,,,CDK4___CSTB_unrelaxed_rank_003_alphafold2_multimer_v3_model_2_seed_000.pdb
CDK4___CSTB,4,5,A,B,0.0000,0.0,0.0,0.0000,0.1122,0.0000,0.0000,0.0,0.0,0.1200,76.2,77.7,0.650,0,0,0,0,,,,,303,98,,,,,CDK4___CSTB_unrelaxed_rank_004_alphafold2_multimer_v3_model_5_seed_000.pdb
CDK4___CSTB,5,1,A,B,0.0000,0.0,0.0,0.0000,0.1235,0.0000,0.0000,0.0,0.0,0.1200,76.7,71.3,0.650,0,0,0,0,,,,,303,98,,,,,CDK4___CSTB_unrelaxed_rank_005_alphafold2_multimer_v3_model_1_seed_000.pdb
CHERP___HMGB1,1,5,A,B,0.0000,0.0,0.0,0.0000,0.1925,0.0000,0.0000,0.0,0.0,0.2300,48.8,65.8,0.330,0,0,0,0,,,,,916,215,,,,,CHERP___HMGB1_unrelaxed_rank_001_alphafold2_multimer_v3_model_5_seed_000.pdb
CHERP___HMGB1,2,1,A,B,0.0000,0.0,0.0,0.0000,0.1857,0.0000,0.0000,0.0,0.0,0.2200,49.0,61.5,0.320,0,0,0,0,,,,,916,215,,,,,CHERP___HMGB1_unrelaxed_rank_002_alphafold2_multimer_v3_model_1_seed_000.pdb
CHERP___HMGB1,3,4,A,B,0.0000,0.0,0.0,0.0000,0.2379,0.0000,0.0000,0.0,0.0,0.2000,48.6,61.1,0.310,0,0,0,0,,,,,916,215,,,,,CHERP___HMGB1_unrelaxed_rank_003_alphafold2_multimer_v3_model_4_seed_000.pdb
CHERP___HMGB1,4,3,A,B,0.0000,0.0,0.0,0.0000,0.2106,0.0000,0.0000,0.0,0.0,0.2000,48.6,64.1,0.320,0,0,0,0,,,,,916,215,,,,,CHERP___HMGB1_unrelaxed_rank_004_alphafold2_multimer_v3_model_3_seed_000.pdb
CHERP___HMGB1,5,2,A,B,0.0000,0.0,0.0,0.0000,0.2164,0.0000,0.0000,0.0,0.0,0.1800,48.8,61.9,0.320,0,0,0,0,,,,,916,215,,,,,CHERP___HMGB1_unrelaxed_rank_005_alphafold2_multimer_v3_model_2_seed_000.pdb
CIZ1___DHX15,1,3,A,B,0.0479,118.0,5.6,0.0117,0.5834,0.0407,0.0562,1392.0,10.0,0.4700,24.1,78.2,0.490,21,322,4,5,60.0,90.5,59.2,75.5,898,795,"[597-598,617,619-636]","[146,155,157,170-171,174-175,189,194-195,198,201-208,217-221,234,236-241,243-245,251,254,257,259-260,262-276,279,286-290,300,302-304,309,320-323,332-336,338-340,342-343,351,354-356,359,362,364-366,368-370,373,387,417,419-423,434-439,442-452,454,456-470,480-487,489-490,493-494,496-498,500-505,507-509,511-517,519,521-522,525-536,538-540,542-550,555-567,569-579,583-592,594,596,613,616-617,619,621,623-635,643-644,647-648,650,656-657,659-661,663-669,671,673,685-704,710-712,715,717-721,726,731,733-736,740,744,746,749-766,779-780,783]","[625,628-629,632]","[446,448,532,534-535]",CIZ1___DHX15_unrelaxed_rank_001_alphafold2_multimer_v3_model_3_seed_000.pdb
CIZ1___DHX15,2,5,A,B,0.0324,27.5,0.9,0.0000,0.5300,0.0320,0.0327,126.0,6.0,0.3500,22.5,79.7,0.470,5,70,3,5,32.2,92.2,32.0,90.2,898,795,[559-563],"[318-323,325-326,328,333-336,338-339,342,351-355,357,362-370,384-387,416-421,433-438,442-443,458-459,461-466,468-469,478-487,490]",[559-561],"[321-323,338,487]",CIZ1___DHX15_unrelaxed_rank_002_alphafold2_multimer_v3_model_5_seed_000.pdb
CIZ1___DHX15,3,4,A,B,0.0000,0.0,0.0,0.0000,0.3634,0.0000,0.0000,0.0,0.0,0.2500,20.9,76.9,0.470,0,0,0,0,,,,,898,795,,,,,CIZ1___DHX15_unrelaxed_rank_003_alphafold2_multimer_v3_model_4_seed_000.pdb
CIZ1___DHX15,4,1,A,B,0.0000,0.0,0.0,0.0000,0.4093,0.0000,0.0000,0.0,0.0,0.2200,24.2,77.5,0.450,0,0,0,0,,,,,898,795,,,,,CIZ1___DHX15_unrelaxed_rank_004_alphafold2_multimer_v3_model_1_seed_000.pdb
CIZ1___DHX15,5,2,A,B,0.0000,0.0,0.0,0.0000,0.2497,0.0000,0.0000,0.0,0.0,0.1900,23.0,80.1,0.460,0,0,0,0,,,,,898,795,,,,,CIZ1___DHX15_unrelaxed_rank_005_alphafold2_multimer_v3_model_2_seed_000.pdb
CIZ1___RAVER1,1,3,A,B,0.1778,423.1,75.2,0.0171,0.7095,0.1446,0.2186,2387.0,75.0,0.3300,25.3,51.7,0.330,15,245,9,20,35.5,90.9,39.4,79.7,898,606,"[559,732-745]","[39,41-225,228,237-241,246-254,264-283,285,291-299,301-314]","[733,735-742]","[71-73,75-76,84-92,96,99,157-159,181]",CIZ1___RAVER1_unrelaxed_rank_001_alphafold2_multimer_v3_model_3_seed_000.pdb
CIZ1___RAVER1,2,1,A,B,0.0021,1.0,0.0,0.0000,0.4646,0.0021,0.0021,1.0,1.0,0.2100,25.6,51.9,0.330,1,1,1,1,29.9,77.0,29.9,77.0,898,606,[734],[87],[734],[87],CIZ1___RAVER1_unrelaxed_rank_002_alphafold2_multimer_v3_model_1_seed_000.pdb
CIZ1___RAVER1,3,5,A,B,0.0000,0.0,0.0,0.0000,0.3702,0.0000,0.0000,0.0,0.0,0.1800,24.9,51.8,0.320,0,0,0,0,,,,,898,606,,,,,CIZ1___RAVER1_unrelaxed_rank_003_alphafold2_multimer_v3_model_5_seed_000.pdb
CIZ1___RAVER1,4,4,A,B,0.0000,0.0,0.0,0.0000,0.3667,0.0000,0.0000,0.0,0.0,0.1900,23.5,51.4,0.320,0,0,0,0,,,,,898,606,,,,,CIZ1___RAVER1_unrelaxed_rank_004_alphafold2_multimer_v3_model_4_seed_000.pdb
CIZ1___RAVER1,5,2,A,B,0.0000,0.0,0.0,0.0000,0.2584,0.0000,0.0000,0.0,0.0,0.1800,26.4,54.0,0.320,0,0,0,0,,,,,898,606,,,,,CIZ1___RAVER1_unrelaxed_rank_005_alphafold2_multimer_v3_model_2_seed_000.pdb
CSTB___LUC7L2,1,1,A,B,0.0000,0.0,0.0,0.0000,0.1810,0.0000,0.0000,0.0,0.0,0.2100,72.9,62.8,0.500,0,0,0,0,,,,,98,392,,,,,CSTB___LUC7L2_unrelaxed_rank_001_alphafold2_multimer_v3_model_1_seed_000.pdb
CSTB___LUC7L2,2,4,A,B,0.0000,0.0,0.0,0.0000,0.2101,0.0000,0.0000,0.0,0.0,0.1800,67.0,58.4,0.440,0,0,0,0,,,,,98,392,,,,,CSTB___LUC7L2_unrelaxed_rank_002_alphafold2_multimer_v3_model_4_seed_000.pdb
CSTB___LUC7L2,3,3,A,B,0.0000,0.0,0.0,0.0000,0.1028,0.0000,0.0000,0.0,0.0,0.1500,66.5,60.9,0.470,0,0,0,0,,,,,98,392,,,,,CSTB___LUC7L2_unrelaxed_rank_003_alphafold2_multimer_v3_model_3_seed_000.pdb
CSTB___LUC7L2,4,5,A,B,0.0000,0.0,0.0,0.0000,0.1065,0.0000,0.0000,0.0,0.0,0.1400,77.4,60.6,0.470,0,0,0,0,,,,,98,392,,,,,CSTB___LUC7L2_unrelaxed_rank_004_alphafold2_multimer_v3_model_5_seed_000.pdb
CSTB___LUC7L2,5,2,A,B,0.0000,0.0,0.0,0.0000,0.1787,0.0000,0.0000,0.0,0.0,0.1500,64.9,57.8,0.380,0,0,0,0,,,,,98,392,,,,,CSTB___LUC7L2_unrelaxed_rank_005_alphafold2_multimer_v3_model_2_seed_000.pdb
CSTB___STIP1,1,4,A,B,0.4415,1591.5,702.6,0.4448,0.8926,0.3164,0.6159,41520.0,61.0,0.8500,86.5,85.0,0.540,98,262,14,13,86.5,93.9,78.8,89.9,98,543,[1-98],[213-474],"[2-5,46,48-49,52,68,70,83-84,97-98]","[290-291,293,296,299,321,324-325,327-331]",CSTB___STIP1_unrelaxed_rank_001_alphafold2_multimer_v3_model_4_seed_000.pdb
CSTB___STIP1,2,5,A,B,0.3978,1599.8,636.4,0.3902,0.8929,0.2883,0.5490,40626.0,63.0,0.8300,85.4,85.0,0.550,98,260,16,12,85.4,94.4,76.7,89.7,98,543,[1-98],"[214-459,461-474]","[2-6,46,48-49,52,68,70,83-84,96-98]","[290,293,296,299,321,324-325,327-331]",CSTB___STIP1_unrelaxed_rank_002_alphafold2_multimer_v3_model_5_seed_000.pdb
CSTB___STIP1,3,3,A,B,0.3707,1517.7,562.6,0.3428,0.8713,0.2576,0.5335,36562.0,63.0,0.8100,84.1,85.1,0.530,98,259,15,13,84.1,93.9,74.8,89.0,98,543,[1-98],"[215-459,461-474]","[2-6,46,48-49,52,68,70,83-84,97-98]","[290-291,293,296,299,321,324-325,327-331]",CSTB___STIP1_unrelaxed_rank_003_alphafold2_multimer_v3_model_3_seed_000.pdb
CSTB___STIP1,4,1,A,B,0.3352,1464.4,490.9,0.3061,0.8276,0.2377,0.4729,33509.0,64.0,0.7900,84.1,85.8,0.520,98,259,14,13,84.1,94.8,74.9,88.4,98,543,[1-98],"[215-459,461-474]","[2-5,46,48-49,52,68,70,83-84,97-98]","[290-291,293,296,299,321,324-325,327-331]",CSTB___STIP1_unrelaxed_rank_004_alphafold2_multimer_v3_model_1_seed_000.pdb
CSTB___STIP1,5,2,A,B,0.0000,0.0,0.0,0.0000,0.2720,0.0000,0.0000,0.0,0.0,0.3300,76.3,84.7,0.440,0,0,0,0,,,,,98,543,,,,,CSTB___STIP1_unrelaxed_rank_005_alphafold2_multimer_v3_model_2_seed_000.pdb
DAZAP1___PTBP1,1,1,A,B,0.0000,0.0,0.0,0.0000,0.1525,0.0000,0.0000,0.0,0.0,0.1500,40.1,65.2,0.300,0,0,0,0,,,,,407,557,,,,,DAZAP1___PTBP1_unrelaxed_rank_001_alphafold2_multimer_v3_model_1_seed_000.pdb
DAZAP1___PTBP1,2,2,A,B,0.0000,0.0,0.0,0.0000,0.2060,0.0000,0.0000,0.0,0.0,0.1400,42.9,67.6,0.300,0,0,0,0,,,,,407,557,,,,,DAZAP1___PTBP1_unrelaxed_rank_002_alphafold2_multimer_v3_model_2_seed_000.pdb
DAZAP1___PTBP1,3,3,A,B,0.0000,0.0,0.0,0.0000,0.2251,0.0000,0.0000,0.0,0.0,0.1400,39.3,65.7,0.300,0,0,0,0,,,,,407,557,,,,,DAZAP1___PTBP1_unrelaxed_rank_003_alphafold2_multimer_v3_model_3_seed_000.pdb
DAZAP1___PTBP1,4,4,A,B,0.0000,0.0,0.0,0.0000,0.1412,0.0000,0.0000,0.0,0.0,0.1400,38.5,65.0,0.300,0,0,0,0,,,,,407,557,,,,,DAZAP1___PTBP1_unrelaxed_rank_004_alphafold2_multimer_v3_model_4_seed_000.pdb
DAZAP1___PTBP1,5,5,A,B,0.0000,0.0,0.0,0.0000,0.1270,0.0000,0.0000,0.0,0.0,0.1300,41.3,68.0,0.300,0,0,0,0,,,,,407,557,,,,,DAZAP1___PTBP1_unrelaxed_rank_005_alphafold2_multimer_v3_model_5_seed_000.pdb
DAZAP1___U2SURP,1,1,A,B,0.0000,0.0,0.0,0.0000,0.2665,0.0000,0.0000,0.0,0.0,0.1800,37.8,50.0,0.280,0,0,0,0,,,,,407,1029,,,,,DAZAP1___U2SURP_unrelaxed_rank_001_alphafold2_multimer_v3_model_1_seed_000.pdb
DAZAP1___U2SURP,2,3,A,B,0.0000,0.0,0.0,0.0000,0.3428,0.0000,0.0000,0.0,0.0,0.1800,39.9,48.6,0.280,0,0,0,0,,,,,407,1029,,,,,DAZAP1___U2SURP_unrelaxed_rank_002_alphafold2_multimer_v3_model_3_seed_000.pdb
DAZAP1___U2SURP,3,4,A,B,0.0000,0.0,0.0,0.0000,0.2839,0.0000,0.0000,0.0,0.0,0.1700,38.6,47.2,0.270,0,0,0,0,,,,,407,1029,,,,,DAZAP1___U2SURP_unrelaxed_rank_003_alphafold2_multimer_v3_model_4_seed_000.pdb
DAZAP1___U2SURP,4,5,A,B,0.0000,0.0,0.0,0.0000,0.2880,0.0000,0.0000,0.0,0.0,0.1700,41.2,49.8,0.290,0,0,0,0,,,,,407,1029,,,,,DAZAP1___U2SURP_unrelaxed_rank_004_alphafold2_multimer_v3_model_5_seed_000.pdb
DAZAP1___U2SURP,5,2,A,B,0.0000,0.0,0.0,0.0000,0.2471,0.0000,0.0000,0.0,0.0,0.1700,40.2,50.6,0.280,0,0,0,0,,,,,407,1029,,,,,DAZAP1___U2SURP_unrelaxed_rank_005_alphafold2_multimer_v3_model_2_seed_000.pdb
DDX17___SF3A3,1,2,A,B,0.0000,0.0,0.0,0.0000,0.4437,0.0351,0.0000,6.0,0.0,0.3100,59.9,71.9,0.400,2,6,0,0,85.2,89.1,,,729,501,"[289,291]","[10,46,49-50,53,199]",,,DDX17___SF3A3_unrelaxed_rank_001_alphafold2_multimer_v3_model_2_seed_000.pdb
DDX17___SF3A3,2,1,A,B,0.0078,4.7,0.0,0.0000,0.4850,0.0079,0.0077,11.0,2.0,0.3100,58.5,70.6,0.400,5,9,2,2,80.6,86.4,73.1,81.0,729,501,"[285,287-289,291]","[10,14,17-18,45,48-49,53,109]","[285,289]","[45,109]",DDX17___SF3A3_unrelaxed_rank_002_alphafold2_multimer_v3_model_1_seed_000.pdb
DDX17___SF3A3,3,4,A,B,0.0000,0.0,0.0,0.0000,0.4137,0.0000,0.0000,0.0,0.0,0.2200,58.4,67.7,0.350,0,0,0,0,,,,,729,501,,,,,DDX17___SF3A3_unrelaxed_rank_003_alphafold2_multimer_v3_model_4_seed_000.pdb
DDX17___SF3A3,4,3,A,B,0.0000,0.0,0.0,0.0000,0.1761,0.0000,0.0000,0.0,0.0,0.1600,59.7,70.5,0.390,0,0,0,0,,,,,729,501,,,,,DDX17___SF3A3_unrelaxed_rank_004_alphafold2_multimer_v3_model_3_seed_000.pdb
DDX17___SF3A3,5,5,A,B,0.0000,0.0,0.0,0.0000,0.1637,0.0000,0.0000,0.0,0.0,0.1600,58.7,70.2,0.350,0,0,0,0,,,,,729,501,,,,,DDX17___SF3A3_unrelaxed_rank_005_alphafold2_multimer_v3_model_5_seed_000.pdb
DDX17___U2SURP,1,4,A,B,0.4679,400.8,187.5,0.3379,0.9631,0.3627,0.6037,2328.0,69.0,0.3300,59.9,42.8,0.380,19,147,11,20,56.4,75.3,61.3,79.8,729,1029,"[3-17,283,285,287,303]",[367-513],"[5-11,13-14,283,285]","[438-439,442-444,446-447,450-451,454,462-463,473-474,477-478,480-482,496]",DDX17___U2SURP_unrelaxed_rank_001_alphafold2_multimer_v3_model_4_seed_000.pdb
DDX17___U2SURP,2,3,A,B,0.0000,0.0,0.0,0.0000,0.4992,0.0215,0.0000,2.0,0.0,0.2700,59.3,45.5,0.370,2,2,0,0,88.2,32.0,,,729,1029,"[405,428]",[736-737],,,DDX17___U2SURP_unrelaxed_rank_002_alphafold2_multimer_v3_model_3_seed_000.pdb
DDX17___U2SURP,3,1,A,B,0.0000,0.0,0.0,0.0000,0.2964,0.0000,0.0000,0.0,0.0,0.2300,58.4,44.2,0.340,0,0,0,0,,,,,729,1029,,,,,DDX17___U2SURP_unrelaxed_rank_003_alphafold2_multimer_v3_model_1_seed_000.pdb
DDX17___U2SURP,4,2,A,B,0.0000,0.0,0.0,0.0000,0.2830,0.0000,0.0000,0.0,0.0,0.2200,60.7,46.4,0.350,0,0,0,0,,,,,729,1029,,,,,DDX17___U2SURP_unrelaxed_rank_004_alphafold2_multimer_v3_model_2_seed_000.pdb
DDX17___U2SURP,5,5,A,B,0.0000,0.0,0.0,0.0000,0.1986,0.0000,0.0000,0.0,0.0,0.1900,60.0,45.6,0.340,0,0,0,0,,,,,729,1029,,,,,DDX17___U2SURP_unrelaxed_rank_005_alphafold2_multimer_v3_model_5_seed_000.pdb
EDC3___AGAP3,1,1,A,B,0.0000,0.0,0.0,0.0000,0.2536,0.0000,0.0000,0.0,0.0,0.1900,59.2,55.8,0.320,0,0,0,0,,,,,508,875,,,,,EDC3___AGAP3_unrelaxed_rank_001_alphafold2_multimer_v3_model_1_seed_000.pdb
EDC3___AGAP3,2,2,A,B,0.0000,0.0,0.0,0.0000,0.4135,0.0000,0.0000,0.0,0.0,0.1900,60.1,59.9,0.330,0,0,0,0,,,,,508,875,,,,,EDC3___AGAP3_unrelaxed_rank_002_alphafold2_multimer_v3_model_2_seed_000.pdb
EDC3___AGAP3,3,4,A,B,0.0000,0.0,0.0,0.0000,0.2067,0.0000,0.0000,0.0,0.0,0.1800,58.2,57.3,0.320,0,0,0,0,,,,,508,875,,,,,EDC3___AGAP3_unrelaxed_rank_003_alphafold2_multimer_v3_model_4_seed_000.pdb
EDC3___AGAP3,4,3,A,B,0.0000,0.0,0.0,0.0000,0.2676,0.0000,0.0000,0.0,0.0,0.1800,59.6,58.7,0.320,0,0,0,0,,,,,508,875,,,,,EDC3___AGAP3_unrelaxed_rank_004_alphafold2_multimer_v3_model_3_seed_000.pdb
EDC3___AGAP3,5,5,A,B,0.0000,0.0,0.0,0.0000,0.2414,0.0000,0.0000,0.0,0.0,0.1800,58.9,59.4,0.320,0,0,0,0,,,,,508,875,,,,,EDC3___AGAP3_unrelaxed_rank_005_alphafold2_multimer_v3_model_5_seed_000.pdb
EDC3___NCL,1,2,A,B,0.0447,25.3,1.1,0.0159,0.5306,0.0559,0.0357,71.0,9.0,0.1900,62.9,43.6,0.310,39,4,6,2,79.5,41.2,74.0,41.3,508,710,"[2,6,8-9,12,20-22,24-36,38-39,41-43,45,50-56,58-61,64]",[707-710],"[2,28,30,33,35,56]","[707,709]",EDC3___NCL_unrelaxed_rank_001_alphafold2_multimer_v3_model_2_seed_000.pdb
EDC3___NCL,2,3,A,B,0.0000,0.0,0.0,0.0000,0.1939,0.0000,0.0000,0.0,0.0,0.1500,60.6,41.8,0.320,0,0,0,0,,,,,508,710,,,,,EDC3___NCL_unrelaxed_rank_002_alphafold2_multimer_v3_model_3_seed_000.pdb
EDC3___NCL,3,1,A,B,0.0000,0.0,0.0,0.0000,0.3506,0.0000,0.0000,0.0,0.0,0.1500,61.7,42.0,0.320,0,0,0,0,,,,,508,710,,,,,EDC3___NCL_unrelaxed_rank_003_alphafold2_multimer_v3_model_1_seed_000.pdb
EDC3___NCL,4,4,A,B,0.0000,0.0,0.0,0.0000,0.1562,0.0000,0.0000,0.0,0.0,0.1500,59.5,41.5,0.310,0,0,0,0,,,,,508,710,,,,,EDC3___NCL_unrelaxed_rank_004_alphafold2_multimer_v3_model_4_seed_000.pdb
EDC3___NCL,5,5,A,B,0.0000,0.0,0.0,0.0000,0.1443,0.0000,0.0000,0.0,0.0,0.1500,61.7,43.6,0.310,0,0,0,0,,,,,508,710,,,,,EDC3___NCL_unrelaxed_rank_005_alphafold2_multimer_v3_model_5_seed_000.pdb
EDC3___SAFB,1,1,A,B,0.0000,0.0,0.0,0.0000,0.2317,0.0000,0.0000,0.0,0.0,0.1900,64.3,29.9,0.300,0,0,0,0,,,,,508,915,,,,,EDC3___SAFB_unrelaxed_rank_001_alphafold2_multimer_v3_model_1_seed_000.pdb
EDC3___SAFB,2,2,A,B,0.0000,0.0,0.0,0.0000,0.2636,0.0000,0.0000,0.0,0.0,0.1800,64.9,31.0,0.310,0,0,0,0,,,,,508,915,,,,,EDC3___SAFB_unrelaxed_rank_002_alphafold2_multimer_v3_model_2_seed_000.pdb
EDC3___SAFB,3,3,A,B,0.0000,0.0,0.0,0.0000,0.2810,0.0000,0.0000,0.0,0.0,0.1800,63.6,30.9,0.310,0,0,0,0,,,,,508,915,,,,,EDC3___SAFB_unrelaxed_rank_003_alphafold2_multimer_v3_model_3_seed_000.pdb
EDC3___SAFB,4,4,A,B,0.0000,0.0,0.0,0.0000,0.2792,0.0000,0.0000,0.0,0.0,0.1800,63.5,28.9,0.300,0,0,0,0,,,,,508,915,,,,,EDC3___SAFB_unrelaxed_rank_004_alphafold2_multimer_v3_model_4_seed_000.pdb
EDC3___SAFB,5,5,A,B,0.0000,0.0,0.0,0.0000,0.2335,0.0000,0.0000,0.0,0.0,0.1700,63.8,31.0,0.300,0,0,0,0,,,,,508,915,,,,,EDC3___SAFB_unrelaxed_rank_005_alphafold2_multimer_v3_model_5_seed_000.pdb
EPB41___ANP32A,1,5,A,B,0.1232,319.7,39.4,0.0175,0.6203,0.1168,0.1298,2222.0,46.0,0.2600,47.5,63.5,0.400,267,11,16,8,91.0,39.6,84.4,40.9,864,249,"[211-256,260,262-275,280-340,349-356,360-374,377-425,427-453,461-491,508-509,512-524]",[179-189],"[434-435,437-444,448,470,477,481,484,488]","[179,181-186,188]",EPB41___ANP32A_unrelaxed_rank_001_alphafold2_multimer_v3_model_5_seed_000.pdb
EPB41___ANP32A,2,3,A,B,0.0665,116.9,7.8,0.0124,0.4924,0.0708,0.0625,759.0,18.0,0.2400,48.0,61.0,0.400,204,8,11,5,90.8,37.3,83.5,38.4,864,249,"[213-218,221-222,229-243,245-255,262-266,268-274,281-297,299-315,317,322-326,328-335,353,363-370,372,379-405,407-424,428-453,462-487,518-520]",[161-168],"[434,439-441,443,448,477,480-481,484-485]","[161-164,167]",EPB41___ANP32A_unrelaxed_rank_002_alphafold2_multimer_v3_model_3_seed_000.pdb
EPB41___ANP32A,3,2,A,B,0.0539,95.7,5.2,0.0117,0.5296,0.0433,0.0673,610.0,15.0,0.2300,48.3,63.2,0.410,183,8,11,5,91.7,39.0,85.5,39.4,864,249,"[213-218,221-223,230-251,253-255,262-274,281-290,292,296,299-314,317,325-326,328-333,364-365,367-368,370,372,379-380,382-384,386-388,390-393,395-396,398-404,407,410-413,415-417,419-423,428-429,431-451,462-465,467-490,513-514,516-521]",[161-168],"[434,439-443,474,477,480-481,484]","[161-164,167]",EPB41___ANP32A_unrelaxed_rank_003_alphafold2_multimer_v3_model_2_seed_000.pdb
EPB41___ANP32A,4,4,A,B,0.0000,0.0,0.0,0.0000,0.4189,0.0054,0.0000,1.0,0.0,0.2200,45.7,60.4,0.390,1,1,0,0,92.8,79.8,,,864,249,[415],[149],,,EPB41___ANP32A_unrelaxed_rank_004_alphafold2_multimer_v3_model_4_seed_000.pdb
EPB41___ANP32A,5,1,A,B,0.0000,0.0,0.0,0.0000,0.3827,0.0000,0.0000,0.0,0.0,0.2200,47.4,61.5,0.400,0,0,0,0,,,,,864,249,,,,,EPB41___ANP32A_unrelaxed_rank_005_alphafold2_multimer_v3_model_1_seed_000.pdb
EPB41___GFP,1,3,A,B,0.0000,0.0,0.0,0.0000,0.2373,0.0000,0.0000,0.0,0.0,0.2700,47.1,85.8,0.410,0,0,0,0,,,,,864,238,,,,,EPB41___GFP_unrelaxed_rank_001_alphafold2_multimer_v3_model_3_seed_000.pdb
EPB41___GFP,2,1,A,B,0.0000,0.0,0.0,0.0000,0.2578,0.0000,0.0000,0.0,0.0,0.2700,47.5,85.3,0.400,0,0,0,0,,,,,864,238,,,,,EPB41___GFP_unrelaxed_rank_002_alphafold2_multimer_v3_model_1_seed_000.pdb
EPB41___GFP,3,4,A,B,0.0000,0.0,0.0,0.0000,0.2052,0.0000,0.0000,0.0,0.0,0.2600,45.7,84.6,0.400,0,0,0,0,,,,,864,238,,,,,EPB41___GFP_unrelaxed_rank_003_alphafold2_multimer_v3_model_4_seed_000.pdb
EPB41___GFP,4,5,A,B,0.0000,0.0,0.0,0.0000,0.1592,0.0000,0.0000,0.0,0.0,0.2200,46.2,86.6,0.400,0,0,0,0,,,,,864,238,,,,,EPB41___GFP_unrelaxed_rank_004_alphafold2_multimer_v3_model_5_seed_000.pdb
EPB41___GFP,5,2,A,B,0.0000,0.0,0.0,0.0000,0.1850,0.0000,0.0000,0.0,0.0,0.2000,46.7,88.2,0.400,0,0,0,0,,,,,864,238,,,,,EPB41___GFP_unrelaxed_rank_005_alphafold2_multimer_v3_model_2_seed_000.pdb
EPB41___PCCA,1,5,A,B,0.0000,0.0,0.0,0.0000,0.1764,0.0000,0.0000,0.0,0.0,0.1900,44.5,83.0,0.490,0,0,0,0,,,,,864,728,,,,,EPB41___PCCA_unrelaxed_rank_001_alphafold2_multimer_v3_model_5_seed_000.pdb
EPB41___PCCA,2,2,A,B,0.0000,0.0,0.0,0.0000,0.1924,0.0000,0.0000,0.0,0.0,0.1900,45.4,84.1,0.490,0,0,0,0,,,,,864,728,,,,,EPB41___PCCA_unrelaxed_rank_002_alphafold2_multimer_v3_model_2_seed_000.pdb
EPB41___PCCA,3,4,A,B,0.0000,0.0,0.0,0.0000,0.2194,0.0000,0.0000,0.0,0.0,0.1900,43.7,81.6,0.480,0,0,0,0,,,,,864,728,,,,,EPB41___PCCA_unrelaxed_rank_003_alphafold2_multimer_v3_model_4_seed_000.pdb
EPB41___PCCA,4,1,A,B,0.0000,0.0,0.0,0.0000,0.1748,0.0000,0.0000,0.0,0.0,0.1800,45.2,83.0,0.480,0,0,0,0,,,,,864,728,,,,,EPB41___PCCA_unrelaxed_rank_004_alphafold2_multimer_v3_model_1_seed_000.pdb
EPB41___PCCA,5,3,A,B,0.0000,0.0,0.0,0.0000,0.2300,0.0000,0.0000,0.0,0.0,0.1800,45.2,81.9,0.490,0,0,0,0,,,,,864,728,,,,,EPB41___PCCA_unrelaxed_rank_005_alphafold2_multimer_v3_model_3_seed_000.pdb
EPB41___SRSF11,1,3,A,B,0.1761,293.6,51.7,0.0214,0.7812,0.1369,0.2267,2004.0,43.0,0.3300,48.9,30.7,0.370,273,12,13,9,91.7,45.0,84.7,48.0,864,484,"[211-256,262-275,280-340,350-356,360-374,377-453,460,462-493,507-524,526,531]",[137-148],"[434,437-440,450,481,484-485,488-490,493]","[138-145,148]",EPB41___SRSF11_unrelaxed_rank_001_alphafold2_multimer_v3_model_3_seed_000.pdb
EPB41___SRSF11,2,1,A,B,0.0000,0.0,0.0,0.0000,0.3691,0.0000,0.0000,0.0,0.0,0.2000,49.5,29.4,0.370,0,0,0,0,,,,,864,484,,,,,EPB41___SRSF11_unrelaxed_rank_002_alphafold2_multimer_v3_model_1_seed_000.pdb
EPB41___SRSF11,3,5,A,B,0.0000,0.0,0.0,0.0000,0.3493,0.0000,0.0000,0.0,0.0,0.2000,49.4,31.1,0.360,0,0,0,0,,,,,864,484,,,,,EPB41___SRSF11_unrelaxed_rank_003_alphafold2_multimer_v3_model_5_seed_000.pdb
EPB41___SRSF11,4,2,A,B,0.0000,0.0,0.0,0.0000,0.3148,0.0000,0.0000,0.0,0.0,0.1800,49.7,31.4,0.360,0,0,0,0,,,,,864,484,,,,,EPB41___SRSF11_unrelaxed_rank_004_alphafold2_multimer_v3_model_2_seed_000.pdb
EPB41___SRSF11,5,4,A,B,0.0000,0.0,0.0,0.0000,0.2718,0.0000,0.0000,0.0,0.0,0.1700,48.1,30.3,0.350,0,0,0,0,,,,,864,484,,,,,EPB41___SRSF11_unrelaxed_rank_005_alphafold2_multimer_v3_model_4_seed_000.pdb
FUBP1___AGAP3,1,3,A,B,0.0000,0.0,0.0,0.0000,0.3851,0.0000,0.0000,0.0,0.0,0.2300,38.3,59.2,0.300,0,0,0,0,,,,,644,875,,,,,FUBP1___AGAP3_unrelaxed_rank_001_alphafold2_multimer_v3_model_3_seed_000.pdb
FUBP1___AGAP3,2,1,A,B,0.0214,9.6,0.2,0.0000,0.5382,0.0189,0.0242,31.0,3.0,0.2300,36.2,57.5,0.300,6,20,2,2,30.9,83.5,31.9,74.9,644,875,"[582,586,611,614-615,618]","[640-641,647-651,661-667,669,680,700-701,704,725]","[611,615]","[666,669]",FUBP1___AGAP3_unrelaxed_rank_002_alphafold2_multimer_v3_model_1_seed_000.pdb
FUBP1___AGAP3,3,2,A,B,0.0072,2.2,0.0,0.0000,0.4713,0.0138,0.0038,5.0,1.0,0.2200,41.0,61.8,0.300,2,5,1,1,34.3,90.0,35.1,83.1,644,875,"[611,615]","[648,661-662,668,701]",[615],[662],FUBP1___AGAP3_unrelaxed_rank_003_alphafold2_multimer_v3_model_2_seed_000.pdb
FUBP1___AGAP3,4,5,A,B,0.0000,0.0,0.0,0.0000,0.2571,0.0000,0.0000,0.0,0.0,0.1900,39.7,60.6,0.290,0,0,0,0,,,,,644,875,,,,,FUBP1___AGAP3_unrelaxed_rank_004_alphafold2_multimer_v3_model_5_seed_000.pdb
FUBP1___AGAP3,5,4,A,B,0.0000,0.0,0.0,0.0000,0.2160,0.0000,0.0000,0.0,0.0,0.1800,35.3,57.7,0.290,0,0,0,0,,,,,644,875,,,,,FUBP1___AGAP3_unrelaxed_rank_005_alphafold2_multimer_v3_model_4_seed_000.pdb
FUBP1___RAVER1,1,1,A,B,0.3624,725.5,262.9,0.3385,0.8974,0.2718,0.4833,8354.0,63.0,0.4400,41.6,52.9,0.370,23,290,13,16,53.0,89.8,55.8,84.1,644,606,[608-630],[32-321],"[608-609,611,614-615,617-618,621-622,624-626,628]","[131,206-207,209,252,255,257,301,304-309,311-312]",FUBP1___RAVER1_unrelaxed_rank_001_alphafold2_multimer_v3_model_1_seed_000.pdb
FUBP1___RAVER1,2,2,A,B,0.2076,537.6,111.6,0.1723,0.8046,0.1577,0.2733,5453.0,53.0,0.4200,43.6,52.6,0.370,20,280,10,12,49.8,90.4,55.6,82.4,644,606,[610-629],"[33-67,72-118,121-230,232-319]","[611,614-615,617-619,621-622,624-625]","[131,206-207,301,304-309,311-312]",FUBP1___RAVER1_unrelaxed_rank_002_alphafold2_multimer_v3_model_2_seed_000.pdb
FUBP1___RAVER1,3,5,A,B,0.2187,608.2,133.0,0.0966,0.7377,0.1682,0.2843,6065.0,61.0,0.4000,42.9,52.9,0.370,21,284,11,15,54.2,91.6,55.4,85.1,644,606,[609-629],"[31-67,70-118,121-287,290-320]","[611,614-615,617-618,621-622,624-625,628-629]","[131,183,187,206-207,257,301,304-309,311-312]",FUBP1___RAVER1_unrelaxed_rank_003_alphafold2_multimer_v3_model_5_seed_000.pdb
FUBP1___RAVER1,4,3,A,B,0.1353,360.5,48.8,0.0163,0.7023,0.1121,0.1634,3094.0,42.0,0.3800,40.9,52.5,0.370,16,263,8,13,51.1,90.9,54.4,85.0,644,606,[612-627],"[38-67,72-114,116-117,121-229,232-244,246-256,258,261-287,291-317]","[614-615,617-618,621-622,625-626]","[131,206-209,301,304-309,312]",FUBP1___RAVER1_unrelaxed_rank_004_alphafold2_multimer_v3_model_3_seed_000.pdb
FUBP1___RAVER1,5,4,A,B,0.0577,28.0,1.6,0.0122,0.5910,0.0446,0.0746,261.0,3.0,0.3000,40.0,53.0,0.360,8,165,1,3,45.3,92.5,47.9,87.4,644,606,"[615-616,618-623]","[42-51,53-60,62-63,86,88,97-107,109-110,131,133-134,136,138-155,157-160,162,164-165,167-178,180-181,183,186-198,201-209,214-219,221-223,225,227-228,235,237-242,248,250-253,264-284,291-297,299,302,304-313]",[622],"[206-207,309]",FUBP1___RAVER1_unrelaxed_rank_005_alphafold2_multimer_v3_model_4_seed_000.pdb
FUBP1___SF1,1,1,A,B,0.0000,0.0,0.0,0.0000,0.3004,0.0000,0.0000,0.0,0.0,0.1800,42.9,38.1,0.240,0,0,0,0,,,,,644,639,,,,,FUBP1___SF1_unrelaxed_rank_001_alphafold2_multimer_v3_model_1_seed_000.pdb
FUBP1___SF1,2,2,A,B,0.0000,0.0,0.0,0.0000,0.1888,0.0000,0.0000,0.0,0.0,0.1700,45.2,38.1,0.240,0,0,0,0,,,,,644,639,,,,,FUBP1___SF1_unrelaxed_rank_002_alphafold2_multimer_v3_model_2_seed_000.pdb
FUBP1___SF1,3,4,A,B,0.0000,0.0,0.0,0.0000,0.1902,0.0000,0.0000,0.0,0.0,0.1600,42.0,38.2,0.240,0,0,0,0,,,,,644,639,,,,,FUBP1___SF1_unrelaxed_rank_003_alphafold2_multimer_v3_model_4_seed_000.pdb
FUBP1___SF1,4,5,A,B,0.0000,0.0,0.0,0.0000,0.2127,0.0000,0.0000,0.0,0.0,0.1600,45.7,39.2,0.240,0,0,0,0,,,,,644,639,,,,,FUBP1___SF1_unrelaxed_rank_004_alphafold2_multimer_v3_model_5_seed_000.pdb
FUBP1___SF1,5,3,A,B,0.0000,0.0,0.0,0.0000,0.1757,0.0000,0.0000,0.0,0.0,0.1500,41.5,38.1,0.240,0,0,0,0,,,,,644,639,,,,,FUBP1___SF1_unrelaxed_rank_005_alphafold2_multimer_v3_model_3_seed_000.pdb
FUS___EDC3,1,3,A,B,0.0000,0.0,0.0,0.0000,0.2259,0.0000,0.0000,0.0,0.0,0.2200,29.5,62.3,0.340,0,0,0,0,,,,,526,508,,,,,FUS___EDC3_unrelaxed_rank_001_alphafold2_multimer_v3_model_3_seed_000.pdb
FUS___EDC3,2,4,A,B,0.0000,0.0,0.0,0.0000,0.2367,0.0000,0.0000,0.0,0.0,0.1600,29.6,61.9,0.340,0,0,0,0,,,,,526,508,,,,,FUS___EDC3_unrelaxed_rank_002_alphafold2_multimer_v3_model_4_seed_000.pdb
FUS___EDC3,3,5,A,B,0.0000,0.0,0.0,0.0000,0.1769,0.0000,0.0000,0.0,0.0,0.1500,30.0,63.2,0.340,0,0,0,0,,,,,526,508,,,,,FUS___EDC3_unrelaxed_rank_003_alphafold2_multimer_v3_model_5_seed_000.pdb
FUS___EDC3,4,1,A,B,0.0000,0.0,0.0,0.0000,0.1270,0.0000,0.0000,0.0,0.0,0.1400,30.2,64.6,0.340,0,0,0,0,,,,,526,508,,,,,FUS___EDC3_unrelaxed_rank_004_alphafold2_multimer_v3_model_1_seed_000.pdb
FUS___EDC3,5,2,A,B,0.0000,0.0,0.0,0.0000,0.1264,0.0000,0.0000,0.0,0.0,0.1300,30.4,63.5,0.340,0,0,0,0,,,,,526,508,,,,,FUS___EDC3_unrelaxed_rank_005_alphafold2_multimer_v3_model_2_seed_000.pdb
KHSRP___FUS,1,2,A,B,0.0244,9.5,0.2,0.0000,0.4960,0.0208,0.0288,18.0,5.0,0.2100,43.1,29.6,0.230,8,5,5,1,39.6,67.7,39.6,59.5,711,526,"[680,682,684-689]",[344-348],"[684-685,687-689]",[345],KHSRP___FUS_unrelaxed_rank_001_alphafold2_multimer_v3_model_2_seed_000.pdb
KHSRP___FUS,2,1,A,B,0.0000,0.0,0.0,0.0000,0.1821,0.0000,0.0000,0.0,0.0,0.1800,42.7,29.2,0.230,0,0,0,0,,,,,711,526,,,,,KHSRP___FUS_unrelaxed_rank_002_alphafold2_multimer_v3_model_1_seed_000.pdb
KHSRP___FUS,3,3,A,B,0.0000,0.0,0.0,0.0000,0.1698,0.0000,0.0000,0.0,0.0,0.1600,39.7,28.6,0.220,0,0,0,0,,,,,711,526,,,,,KHSRP___FUS_unrelaxed_rank_003_alphafold2_multimer_v3_model_3_seed_000.pdb
KHSRP___FUS,4,5,A,B,0.0000,0.0,0.0,0.0000,0.2267,0.0000,0.0000,0.0,0.0,0.1600,44.8,31.8,0.210,0,0,0,0,,,,,711,526,,,,,KHSRP___FUS_unrelaxed_rank_004_alphafold2_multimer_v3_model_5_seed_000.pdb
KHSRP___FUS,5,4,A,B,0.0000,0.0,0.0,0.0000,0.1870,0.0000,0.0000,0.0,0.0,0.1500,41.2,30.8,0.220,0,0,0,0,,,,,711,526,,,,,KHSRP___FUS_unrelaxed_rank_005_alphafold2_multimer_v3_model_4_seed_000.pdb
MATR3___FUBP1,1,2,A,B,0.0048,2.0,0.0,0.0000,0.5036,0.0111,0.0021,4.0,1.0,0.2000,41.1,46.1,0.230,4,2,1,1,80.5,37.3,80.4,36.5,847,644,"[522,527,534,571]","[615,618]",[527],[615],MATR3___FUBP1_unrelaxed_rank_001_alphafold2_multimer_v3_model_2_seed_000.pdb
MATR3___FUBP1,2,1,A,B,0.0000,0.0,0.0,0.0000,0.1849,0.0000,0.0000,0.0,0.0,0.1800,38.0,38.8,0.230,0,0,0,0,,,,,847,644,,,,,MATR3___FUBP1_unrelaxed_rank_002_alphafold2_multimer_v3_model_1_seed_000.pdb
MATR3___FUBP1,3,3,A,B,0.0000,0.0,0.0,0.0000,0.2168,0.0000,0.0000,0.0,0.0,0.1700,40.1,40.2,0.230,0,0,0,0,,,,,847,644,,,,,MATR3___FUBP1_unrelaxed_rank_003_alphafold2_multimer_v3_model_3_seed_000.pdb
MATR3___FUBP1,4,4,A,B,0.0000,0.0,0.0,0.0000,0.3079,0.0000,0.0000,0.0,0.0,0.1700,39.1,40.5,0.220,0,0,0,0,,,,,847,644,,,,,MATR3___FUBP1_unrelaxed_rank_004_alphafold2_multimer_v3_model_4_seed_000.pdb
MATR3___FUBP1,5,5,A,B,0.0000,0.0,0.0,0.0000,0.1516,0.0000,0.0000,0.0,0.0,0.1600,42.2,44.6,0.220,0,0,0,0,,,,,847,644,,,,,MATR3___FUBP1_unrelaxed_rank_005_alphafold2_multimer_v3_model_5_seed_000.pdb
MATR3___SFPQ,1,2,A,B,0.2936,501.8,147.3,0.0653,0.8851,0.2265,0.3805,4128.0,61.0,0.3200,43.1,48.3,0.310,19,238,11,16,50.9,90.0,53.9,89.6,847,707,[656-674],"[287,289-483,485-526]","[657-660,662-663,665-666,668-670]","[300,302-303,327,329,332-336,363,365,367-368,370,421]",MATR3___SFPQ_unrelaxed_rank_001_alphafold2_multimer_v3_model_2_seed_000.pdb
MATR3___SFPQ,2,5,A,B,0.0419,130.9,5.5,0.0128,0.5796,0.0406,0.0432,1008.0,17.0,0.2700,40.9,47.1,0.310,11,186,8,10,44.2,89.2,45.5,89.9,847,707,[659-669],"[291-305,307,309-320,322-323,326-356,358,360-378,381-404,410-433,435-450,452,460-463,470-471,473-474,478,480-481,486-496,498-506,508-509,512,515-520]","[660,662-666,668-669]","[300,302,329,332,334-336,367-368,370]",MATR3___SFPQ_unrelaxed_rank_002_alphafold2_multimer_v3_model_5_seed_000.pdb
MATR3___SFPQ,3,4,A,B,0.0258,35.8,0.9,0.0109,0.5689,0.0239,0.0279,183.0,7.0,0.2500,39.2,45.4,0.290,10,75,5,5,38.5,89.1,37.2,89.0,847,707,[660-669],"[295-301,303-305,311-315,317,326-328,330-331,334-339,342,344-346,355-356,361-368,373,375-376,382,384,387,390-391,394,397,400-404,414,416-420,422-427,429-431,444-447]","[660,665-666,668-669]","[300,327,334,336,367]",MATR3___SFPQ_unrelaxed_rank_003_alphafold2_multimer_v3_model_4_seed_000.pdb
MATR3___SFPQ,4,1,A,B,0.0000,0.0,0.0,0.0000,0.4656,0.0000,0.0000,0.0,0.0,0.2200,38.9,47.7,0.310,0,0,0,0,,,,,847,707,,,,,MATR3___SFPQ_unrelaxed_rank_004_alphafold2_multimer_v3_model_1_seed_000.pdb
MATR3___SFPQ,5,3,A,B,0.0000,0.0,0.0,0.0000,0.3154,0.0000,0.0000,0.0,0.0,0.1800,39.6,47.4,0.300,0,0,0,0,,,,,847,707,,,,,MATR3___SFPQ_unrelaxed_rank_005_alphafold2_multimer_v3_model_3_seed_000.pdb
MRPL12___PSPC1,1,2,A,B,0.0000,0.0,0.0,0.0000,0.1200,0.0000,0.0000,0.0,0.0,0.1200,47.6,60.9,0.380,0,0,0,0,,,,,198,523,,,,,MRPL12___PSPC1_unrelaxed_rank_001_alphafold2_multimer_v3_model_2_seed_000.pdb
MRPL12___PSPC1,2,3,A,B,0.0000,0.0,0.0,0.0000,0.1214,0.0000,0.0000,0.0,0.0,0.1100,44.0,61.2,0.400,0,0,0,0,,,,,198,523,,,,,MRPL12___PSPC1_unrelaxed_rank_002_alphafold2_multimer_v3_model_3_seed_000.pdb
MRPL12___PSPC1,3,1,A,B,0.0000,0.0,0.0,0.0000,0.1093,0.0000,0.0000,0.0,0.0,0.1100,43.4,62.9,0.390,0,0,0,0,,,,,198,523,,,,,MRPL12___PSPC1_unrelaxed_rank_003_alphafold2_multimer_v3_model_1_seed_000.pdb
MRPL12___PSPC1,4,5,A,B,0.0000,0.0,0.0,0.0000,0.0000,0.0000,0.0000,0.0,0.0,0.1100,41.5,61.5,0.400,0,0,0,0,,,,,198,523,,,,,MRPL12___PSPC1_unrelaxed_rank_004_alphafold2_multimer_v3_model_5_seed_000.pdb
MRPL12___PSPC1,5,4,A,B,0.0000,0.0,0.0,0.0000,0.1147,0.0000,0.0000,0.0,0.0,0.1100,44.6,60.8,0.380,0,0,0,0,,,,,198,523,,,,,MRPL12___PSPC1_unrelaxed_rank_005_alphafold2_multimer_v3_model_4_seed_000.pdb
MRPL12___ZBTB33,1,4,A,B,0.0000,0.0,0.0,0.0000,0.3381,0.0142,0.0000,1.0,0.0,0.1900,50.7,41.3,0.240,1,1,0,0,46.3,90.1,,,198,672,[53],[25],,,MRPL12___ZBTB33_unrelaxed_rank_001_alphafold2_multimer_v3_model_4_seed_000.pdb
MRPL12___ZBTB33,2,3,A,B,0.0000,0.0,0.0,0.0000,0.1956,0.0000,0.0000,0.0,0.0,0.1700,44.0,40.8,0.250,0,0,0,0,,,,,198,672,,,,,MRPL12___ZBTB33_unrelaxed_rank_002_alphafold2_multimer_v3_model_3_seed_000.pdb
MRPL12___ZBTB33,3,1,A,B,0.0000,0.0,0.0,0.0000,0.2009,0.0000,0.0000,0.0,0.0,0.1700,42.5,40.8,0.240,0,0,0,0,,,,,198,672,,,,,MRPL12___ZBTB33_unrelaxed_rank_003_alphafold2_multimer_v3_model_1_seed_000.pdb
MRPL12___ZBTB33,4,2,A,B,0.0000,0.0,0.0,0.0000,0.1922,0.0000,0.0000,0.0,0.0,0.1500,49.6,40.7,0.240,0,0,0,0,,,,,198,672,,,,,MRPL12___ZBTB33_unrelaxed_rank_004_alphafold2_multimer_v3_model_2_seed_000.pdb
MRPL12___ZBTB33,5,5,A,B,0.0000,0.0,0.0,0.0000,0.2104,0.0000,0.0000,0.0,0.0,0.1400,42.9,42.4,0.240,0,0,0,0,,,,,198,672,,,,,MRPL12___ZBTB33_unrelaxed_rank_005_alphafold2_multimer_v3_model_5_seed_000.pdb
NASP___EPB41,1,5,A,B,0.1334,327.6,43.7,0.0180,0.7393,0.1059,0.1681,2064.0,52.0,0.3100,36.5,46.9,0.340,215,94,21,17,86.7,83.5,74.4,65.2,788,864,"[40-102,105-110,513-627,631-661]","[214,216,221,237,240,282,284,288,301-302,304-306,308-309,311-313,324,326,328,331-332,364,366-367,380,383-384,386-388,390-391,395,399,401,403,411-412,415,420-422,428,432-434,436,439-443,445-451,462,464,466-467,469,472-482,485,488,508-509,513,660-671]","[96-97,100,106-110,550,581-582,584-585,588-589,614,638,641-642,644-645]","[440-441,447-448,464,473,477,480-481,660-661,664-669]",NASP___EPB41_unrelaxed_rank_001_alphafold2_multimer_v3_model_5_seed_000.pdb
NASP___EPB41,2,1,A,B,0.1305,357.3,46.6,0.0149,0.7428,0.1062,0.1604,2660.0,48.0,0.2700,35.8,46.8,0.340,202,18,17,13,86.2,36.7,83.2,37.8,788,864,"[40-77,81-102,514-626,633-661]",[654-671],"[55,581-582,584-586,588-589,592,596,638,641-642,645,648-649,652]","[654-656,658-667]",NASP___EPB41_unrelaxed_rank_002_alphafold2_multimer_v3_model_1_seed_000.pdb
NASP___EPB41,3,4,A,B,0.0237,10.4,0.2,0.0118,0.5225,0.0354,0.0158,109.0,1.0,0.2300,36.5,45.1,0.340,51,13,1,1,85.5,67.8,36.8,73.4,788,864,"[54,89,106-109,521,535,539,542-543,545-546,565,568,572,577-588,609-610,613,615,617-621,634-643,645-646,649-650]","[308,401,411,422,428,431,441,447,498-502]",[106],[441],NASP___EPB41_unrelaxed_rank_003_alphafold2_multimer_v3_model_4_seed_000.pdb
NASP___EPB41,4,2,A,B,0.0084,3.3,0.0,0.0000,0.5096,0.0084,0.0083,11.0,1.0,0.2300,37.3,47.1,0.350,1,11,1,1,35.7,85.7,35.7,74.8,788,864,[106],"[403,411,415,433,436-437,439,442,449,478,482]",[106],[439],NASP___EPB41_unrelaxed_rank_004_alphafold2_multimer_v3_model_2_seed_000.pdb
NASP___EPB41,5,3,A,B,0.0000,0.0,0.0,0.0000,0.3808,0.0000,0.0000,0.0,0.0,0.2100,36.3,47.6,0.330,0,0,0,0,,,,,788,864,,,,,NASP___EPB41_unrelaxed_rank_005_alphafold2_multimer_v3_model_3_seed_000.pdb
NASP___HMGB1,1,1,A,B,0.2029,302.9,61.5,0.0731,0.7208,0.1445,0.2850,1274.0,72.0,0.3500,38.3,50.0,0.350,18,69,9,16,49.5,64.2,55.1,62.9,788,215,[136-153],[8-76],"[142-143,145-151]","[10,13-14,16-18,20-22,24-25,36,38,41-42,45]",NASP___HMGB1_unrelaxed_rank_001_alphafold2_multimer_v3_model_1_seed_000.pdb
NASP___HMGB1,2,4,A,B,0.0723,98.4,7.1,0.0120,0.4990,0.0603,0.0868,691.0,14.0,0.2900,37.5,50.1,0.360,197,44,8,7,84.0,57.6,60.6,52.8,788,215,"[43-44,46-56,58-75,83,85-101,142-151,514-532,534-547,549-625,633-660]","[1,12,14-28,40-50,56-57,60-61,64,68-72,86-90,105]","[143,147,150-151,588,645,648-649]","[23,26-27,44,48,88-89]",NASP___HMGB1_unrelaxed_rank_002_alphafold2_multimer_v3_model_4_seed_000.pdb
NASP___HMGB1,3,3,A,B,0.0515,16.2,0.8,0.0109,0.4814,0.0504,0.0526,66.0,4.0,0.2400,38.2,51.1,0.350,8,36,3,2,44.4,65.6,44.0,66.5,788,215,"[142-148,150]","[14-16,18-20,22-23,25-28,30-32,39-50,57,60-61,64-65,68-69,71-72]","[144,147-148]","[26,30]",NASP___HMGB1_unrelaxed_rank_003_alphafold2_multimer_v3_model_3_seed_000.pdb
NASP___HMGB1,4,2,A,B,0.0000,0.0,0.0,0.0000,0.2448,0.0000,0.0000,0.0,0.0,0.2100,38.3,49.0,0.350,0,0,0,0,,,,,788,215,,,,,NASP___HMGB1_unrelaxed_rank_004_alphafold2_multimer_v3_model_2_seed_000.pdb
NASP___HMGB1,5,5,A,B,0.0000,0.0,0.0,0.0000,0.2163,0.0000,0.0000,0.0,0.0,0.2000,37.8,52.5,0.340,0,0,0,0,,,,,788,215,,,,,NASP___HMGB1_unrelaxed_rank_005_alphafold2_multimer_v3_model_5_seed_000.pdb
NASP___PCBP2,1,4,A,B,0.2032,302.0,61.4,0.0189,0.7474,0.1605,0.2573,2280.0,40.0,0.2700,37.0,55.3,0.340,208,14,16,8,87.9,39.1,90.5,42.3,788,365,"[39-102,513-627,633-661]",[189-202],"[51,536,539-540,581-582,584-585,588,610,638,641,645,648-649,652]","[189,191-195,198,200]",NASP___PCBP2_unrelaxed_rank_001_alphafold2_multimer_v3_model_4_seed_000.pdb
NASP___PCBP2,2,2,A,B,0.1799,325.0,58.5,0.0181,0.7224,0.1457,0.2222,2641.0,40.0,0.2600,37.7,57.2,0.350,208,20,20,11,89.0,42.6,90.3,37.1,788,365,"[39-102,513-627,633-661]","[19,58,184-201]","[51,536,539-540,543,550,581-582,584-585,588-589,592,596,610,638,641,645,648-649]","[187-189,191,193-198,200]",NASP___PCBP2_unrelaxed_rank_002_alphafold2_multimer_v3_model_2_seed_000.pdb
NASP___PCBP2,3,1,A,B,0.1832,236.7,43.4,0.0183,0.6998,0.1436,0.2337,1751.0,32.0,0.2600,37.2,51.2,0.340,206,12,11,8,88.9,35.1,88.7,36.9,788,365,"[40-102,514-627,633-661]",[188-199],"[51,581-582,584-585,588,638,641,645,648-649]","[189,191-196,198]",NASP___PCBP2_unrelaxed_rank_003_alphafold2_multimer_v3_model_1_seed_000.pdb
NASP___PCBP2,4,3,A,B,0.1517,189.5,28.7,0.0169,0.6257,0.1353,0.1701,1381.0,26.0,0.2500,37.8,54.6,0.340,205,10,10,5,90.0,36.5,90.2,41.1,788,365,"[40-102,514-626,633-661]",[190-199],"[581-582,584-585,588,638,641,645,648-649]",[191-195],NASP___PCBP2_unrelaxed_rank_004_alphafold2_multimer_v3_model_3_seed_000.pdb
NASP___PCBP2,5,5,A,B,0.1576,120.2,19.0,0.0174,0.6511,0.1545,0.1608,761.0,19.0,0.2500,37.8,56.3,0.340,196,8,11,5,90.2,36.6,89.7,39.7,788,365,"[40,43-56,58-77,81-102,514-532,534-624,626,634-661]",[190-197],"[581-582,584-585,588,614,638,641,645,648-649]",[191-195],NASP___PCBP2_unrelaxed_rank_005_alphafold2_multimer_v3_model_5_seed_000.pdb
NASP___RB1,1,5,A,B,0.1928,732.4,141.2,0.0300,0.8689,0.1596,0.2329,6623.0,81.0,0.3700,37.2,68.0,0.520,30,518,17,23,53.6,91.7,49.6,84.5,788,928,"[96-114,143-153]","[56-82,96-173,189-207,211-229,273-281,285-301,316-329,331-343,375-389,395-467,473-498,513-539,541-577,602-606,645-783]","[101-102,105-113,144,147-148,150-152]","[709-710,713-714,720-722,725-726,739-740,750-754,756-757,761,765,768-769,772]",NASP___RB1_unrelaxed_rank_001_alphafold2_multimer_v3_model_5_seed_000.pdb
NASP___RB1,2,3,A,B,0.2943,1184.2,348.5,0.2824,0.9018,0.2430,0.3563,9807.0,143.0,0.3600,36.4,68.7,0.510,238,506,35,37,82.2,89.8,71.5,71.7,788,928,"[35-113,143-144,146-151,512-662]","[57-64,66,68-81,97-112,115-138,140-172,190-206,211-228,273,275-278,285-300,317-328,332-337,339-342,375-387,396-397,399-407,409-436,438-467,473-498,513-539,542-576,603,605,646-773,777,779-780,782,828-855]","[41,44-45,47-49,51-52,55,105-110,143-144,147-148,150-151,581-582,584-585,588,610,614,634,637-638,641,645,648-649]","[709-710,713-714,720-722,725-726,729,739-740,750-754,756-757,761,765,768,831,833-841,845,848,851-852,854]",NASP___RB1_unrelaxed_rank_002_alphafold2_multimer_v3_model_3_seed_000.pdb
NASP___RB1,3,2,A,B,0.1138,519.2,59.1,0.0137,0.7091,0.0915,0.1415,4212.0,64.0,0.2400,35.9,68.5,0.470,203,30,30,20,86.5,30.7,83.9,30.9,788,928,"[40,42-77,80-103,514-626,633-661]","[804-816,818-834]","[51,55,100,536,539,543,553-554,572,576,580-585,588,592,614,617,638,641-642,644-649,655]","[805,808-809,811-812,814-815,819-830,832]",NASP___RB1_unrelaxed_rank_003_alphafold2_multimer_v3_model_2_seed_000.pdb
NASP___RB1,4,1,A,B,0.0218,69.9,1.5,0.0113,0.5806,0.0197,0.0241,444.0,11.0,0.2400,35.2,67.6,0.470,120,14,9,7,84.5,31.8,79.7,31.2,788,928,"[46,59-60,66-67,70,84,87-88,91,97,100,518-529,538-539,541,543,545-547,549-568,570-576,580-594,596-607,609-622,636-654,657,660]","[805-813,821,823-826]","[581-582,585,588,592,596,638,641,648]","[805,808,813,821,824-826]",NASP___RB1_unrelaxed_rank_004_alphafold2_multimer_v3_model_1_seed_000.pdb
NASP___RB1,5,4,A,B,0.0000,0.0,0.0,0.0000,0.4854,0.0000,0.0000,0.0,0.0,0.2200,35.0,66.4,0.470,0,0,0,0,,,,,788,928,,,,,NASP___RB1_unrelaxed_rank_005_alphafold2_multimer_v3_model_4_seed_000.pdb
PCBP2___FAM50A,1,3,A,B,0.0000,0.0,0.0,0.0000,0.1265,0.0000,0.0000,0.0,0.0,0.1300,60.1,56.4,0.330,0,0,0,0,,,,,365,339,,,,,PCBP2___FAM50A_unrelaxed_rank_001_alphafold2_multimer_v3_model_3_seed_000.pdb
PCBP2___FAM50A,2,1,A,B,0.0000,0.0,0.0,0.0000,0.1193,0.0000,0.0000,0.0,0.0,0.1200,59.7,61.2,0.320,0,0,0,0,,,,,365,339,,,,,PCBP2___FAM50A_unrelaxed_rank_002_alphafold2_multimer_v3_model_1_seed_000.pdb
PCBP2___FAM50A,3,4,A,B,0.0000,0.0,0.0,0.0000,0.1252,0.0000,0.0000,0.0,0.0,0.1200,61.2,55.0,0.320,0,0,0,0,,,,,365,339,,,,,PCBP2___FAM50A_unrelaxed_rank_003_alphafold2_multimer_v3_model_4_seed_000.pdb
PCBP2___FAM50A,4,2,A,B,0.0000,0.0,0.0,0.0000,0.1151,0.0000,0.0000,0.0,0.0,0.1100,63.0,64.0,0.320,0,0,0,0,,,,,365,339,,,,,PCBP2___FAM50A_unrelaxed_rank_004_alphafold2_multimer_v3_model_2_seed_000.pdb
PCBP2___FAM50A,5,5,A,B,0.0000,0.0,0.0,0.0000,0.1080,0.0000,0.0000,0.0,0.0,0.1100,61.8,57.2,0.320,0,0,0,0,,,,,365,339,,,,,PCBP2___FAM50A_unrelaxed_rank_005_alphafold2_multimer_v3_model_5_seed_000.pdb
PCBP2___RBM33,1,4,A,B,0.0000,0.0,0.0,0.0000,0.2846,0.0000,0.0000,0.0,0.0,0.2400,60.6,22.1,0.260,0,0,0,0,,,,,365,1170,,,,,PCBP2___RBM33_unrelaxed_rank_001_alphafold2_multimer_v3_model_4_seed_000.pdb
PCBP2___RBM33,2,1,A,B,0.0000,0.0,0.0,0.0000,0.2779,0.0000,0.0000,0.0,0.0,0.2200,58.5,22.1,0.260,0,0,0,0,,,,,365,1170,,,,,PCBP2___RBM33_unrelaxed_rank_002_alphafold2_multimer_v3_model_1_seed_000.pdb
PCBP2___RBM33,3,3,A,B,0.0000,0.0,0.0,0.0000,0.2963,0.0000,0.0000,0.0,0.0,0.2200,56.2,23.5,0.260,0,0,0,0,,,,,365,1170,,,,,PCBP2___RBM33_unrelaxed_rank_003_alphafold2_multimer_v3_model_3_seed_000.pdb
PCBP2___RBM33,4,2,A,B,0.0000,0.0,0.0,0.0000,0.1951,0.0000,0.0000,0.0,0.0,0.1900,63.6,23.9,0.250,0,0,0,0,,,,,365,1170,,,,,PCBP2___RBM33_unrelaxed_rank_004_alphafold2_multimer_v3_model_2_seed_000.pdb
PCBP2___RBM33,5,5,A,B,0.0000,0.0,0.0,0.0000,0.2431,0.0000,0.0000,0.0,0.0,0.1900,63.1,24.1,0.250,0,0,0,0,,,,,365,1170,,,,,PCBP2___RBM33_unrelaxed_rank_005_alphafold2_multimer_v3_model_5_seed_000.pdb
PDK1___PTBP1,1,3,A,B,0.0000,0.0,0.0,0.0000,0.2463,0.0000,0.0000,0.0,0.0,0.2100,76.1,62.3,0.450,0,0,0,0,,,,,436,557,,,,,PDK1___PTBP1_unrelaxed_rank_001_alphafold2_multimer_v3_model_3_seed_000.pdb
PDK1___PTBP1,2,1,A,B,0.0000,0.0,0.0,0.0000,0.1908,0.0000,0.0000,0.0,0.0,0.1800,78.7,58.8,0.460,0,0,0,0,,,,,436,557,,,,,PDK1___PTBP1_unrelaxed_rank_002_alphafold2_multimer_v3_model_1_seed_000.pdb
PDK1___PTBP1,3,5,A,B,0.0000,0.0,0.0,0.0000,0.1547,0.0000,0.0000,0.0,0.0,0.1700,77.5,62.6,0.450,0,0,0,0,,,,,436,557,,,,,PDK1___PTBP1_unrelaxed_rank_003_alphafold2_multimer_v3_model_5_seed_000.pdb
PDK1___PTBP1,4,4,A,B,0.0000,0.0,0.0,0.0000,0.1494,0.0000,0.0000,0.0,0.0,0.1700,76.9,58.5,0.450,0,0,0,0,,,,,436,557,,,,,PDK1___PTBP1_unrelaxed_rank_004_alphafold2_multimer_v3_model_4_seed_000.pdb
PDK1___PTBP1,5,2,A,B,0.0000,0.0,0.0,0.0000,0.1418,0.0000,0.0000,0.0,0.0,0.1400,77.9,62.5,0.450,0,0,0,0,,,,,436,557,,,,,PDK1___PTBP1_unrelaxed_rank_005_alphafold2_multimer_v3_model_2_seed_000.pdb
PDK1___RBM33,1,2,A,B,0.1271,64.1,8.1,0.0177,0.5664,0.1140,0.1416,685.0,6.0,0.4300,80.2,22.3,0.360,240,7,5,2,94.1,44.9,91.3,49.4,436,1170,"[45-65,72-94,97-98,101-127,131-150,152-162,177-202,216-232,235-241,248,263-277,279-280,284-289,299-317,333-334,359-379,382-394,396-402]",[216-222],"[52-53,55,82,85]",[219-220],PDK1___RBM33_unrelaxed_rank_001_alphafold2_multimer_v3_model_2_seed_000.pdb
PDK1___RBM33,2,1,A,B,0.0000,0.0,0.0,0.0000,0.4617,0.0122,0.0000,9.0,0.0,0.4000,76.9,21.1,0.370,7,2,0,0,89.7,34.7,,,436,1170,"[110,113,135,139,144,148,192]",[218-219],,,PDK1___RBM33_unrelaxed_rank_002_alphafold2_multimer_v3_model_1_seed_000.pdb
PDK1___RBM33,3,3,A,B,0.0000,0.0,0.0,0.0000,0.3330,0.0000,0.0000,0.0,0.0,0.3500,78.9,23.4,0.370,0,0,0,0,,,,,436,1170,,,,,PDK1___RBM33_unrelaxed_rank_003_alphafold2_multimer_v3_model_3_seed_000.pdb
PDK1___RBM33,4,4,A,B,0.0000,0.0,0.0,0.0000,0.4686,0.0000,0.0000,0.0,0.0,0.3000,76.8,20.2,0.350,0,0,0,0,,,,,436,1170,,,,,PDK1___RBM33_unrelaxed_rank_004_alphafold2_multimer_v3_model_4_seed_000.pdb
PDK1___RBM33,5,5,A,B,0.0000,0.0,0.0,0.0000,0.3433,0.0000,0.0000,0.0,0.0,0.2900,79.3,22.4,0.360,0,0,0,0,,,,,436,1170,,,,,PDK1___RBM33_unrelaxed_rank_005_alphafold2_multimer_v3_model_5_seed_000.pdb
PDK1___SF3A3,1,2,A,B,0.1650,290.8,48.0,0.0198,0.6933,0.1346,0.2022,2062.0,41.0,0.2400,78.8,71.8,0.460,11,233,8,14,42.0,86.7,43.0,77.6,436,501,[1-11],"[3-75,81-150,159-173,177-178,180-222,318-347]","[1-4,6-8,10]","[41-42,45-46,49,104,109-110,112-113,116,123-124,127]",PDK1___SF3A3_unrelaxed_rank_001_alphafold2_multimer_v3_model_2_seed_000.pdb
PDK1___SF3A3,2,5,A,B,0.1106,200.7,22.2,0.0160,0.6371,0.0875,0.1398,1612.0,25.0,0.2300,78.4,72.0,0.460,10,218,7,10,36.7,87.5,36.4,82.9,436,501,[1-10],"[4-63,67-75,81-100,102-119,125-150,159-165,167-171,173,180-221,318-347]","[1-4,6-7,10]","[14,42,45-46,49,109-110,112-113,116]",PDK1___SF3A3_unrelaxed_rank_002_alphafold2_multimer_v3_model_5_seed_000.pdb
PDK1___SF3A3,3,3,A,B,0.1423,214.6,30.5,0.0176,0.6746,0.1120,0.1807,1645.0,28.0,0.2200,77.0,71.0,0.450,9,224,5,12,36.5,87.2,37.1,81.2,436,501,[1-9],"[3-63,67-75,81-121,123,125-150,159-171,173,180-221,318-347]","[1,3-4,6-7]","[41-42,45,48-49,104,109-110,112-113,116,127]",PDK1___SF3A3_unrelaxed_rank_003_alphafold2_multimer_v3_model_3_seed_000.pdb
PDK1___SF3A3,4,1,A,B,0.1055,143.8,15.2,0.0146,0.6106,0.0771,0.1442,1088.0,19.0,0.2200,76.5,69.3,0.450,9,188,5,8,39.9,86.0,40.5,79.4,436,501,[1-9],"[4-64,67-74,83-98,100-119,127-149,160-162,182-204,206-217,320,322-342]","[1,3-4,6-7]","[42,45,49,109-110,112-113,116]",PDK1___SF3A3_unrelaxed_rank_004_alphafold2_multimer_v3_model_1_seed_000.pdb
PDK1___SF3A3,5,4,A,B,0.0039,3.3,0.0,0.0000,0.4244,0.0092,0.0017,11.0,1.0,0.1800,77.8,69.4,0.450,4,10,1,1,28.5,88.0,27.5,87.7,436,501,"[3-4,6-7]","[8,11,15,41-42,46,49,60,131,188]",[7],[41],PDK1___SF3A3_unrelaxed_rank_005_alphafold2_multimer_v3_model_4_seed_000.pdb
PDK1___SLC3A2,1,5,A,B,0.2240,382.0,85.6,0.0515,0.8138,0.1648,0.3046,2806.0,52.0,0.5500,77.7,68.1,0.470,322,12,15,7,89.7,51.5,88.5,61.8,436,630,"[40-67,69-166,172-203,216-242,248-260,262-292,299-320,322-335,357-413]",[118-129],"[49,51-55,78,81-82,84-85,402-405]","[119,121-126]",PDK1___SLC3A2_unrelaxed_rank_001_alphafold2_multimer_v3_model_5_seed_000.pdb
PDK1___SLC3A2,2,4,A,B,0.2148,347.1,74.6,0.0753,0.7925,0.1593,0.2898,2191.0,55.0,0.5300,76.3,67.6,0.480,308,9,14,7,88.1,51.0,86.7,55.1,436,630,"[40-65,67,70-166,172-203,216-217,219-241,248-256,258,263-291,299-319,323-328,330-334,358-413]",[120-128],"[49,51-55,78,81-82,84-85,402-404]",[121-127],PDK1___SLC3A2_unrelaxed_rank_002_alphafold2_multimer_v3_model_4_seed_000.pdb
PDK1___SLC3A2,3,2,A,B,0.0000,0.0,0.0,0.0000,0.1755,0.0000,0.0000,0.0,0.0,0.2000,78.8,68.6,0.490,0,0,0,0,,,,,436,630,,,,,PDK1___SLC3A2_unrelaxed_rank_003_alphafold2_multimer_v3_model_2_seed_000.pdb
PDK1___SLC3A2,4,1,A,B,0.0000,0.0,0.0,0.0000,0.2231,0.0000,0.0000,0.0,0.0,0.2000,77.9,68.5,0.490,0,0,0,0,,,,,436,630,,,,,PDK1___SLC3A2_unrelaxed_rank_004_alphafold2_multimer_v3_model_1_seed_000.pdb
PDK1___SLC3A2,5,3,A,B,0.0000,0.0,0.0,0.0000,0.1132,0.0000,0.0000,0.0,0.0,0.1600,76.9,67.3,0.460,0,0,0,0,,,,,436,630,,,,,PDK1___SLC3A2_unrelaxed_rank_005_alphafold2_multimer_v3_model_3_seed_000.pdb
PRDX1___PCCA,1,5,A,B,0.0000,0.0,0.0,0.0000,0.3019,0.0000,0.0000,0.0,0.0,0.3100,83.5,82.6,0.690,0,0,0,0,,,,,199,728,,,,,PRDX1___PCCA_unrelaxed_rank_001_alphafold2_multimer_v3_model_5_seed_000.pdb
PRDX1___PCCA,2,1,A,B,0.0000,0.0,0.0,0.0000,0.1942,0.0000,0.0000,0.0,0.0,0.2400,79.4,82.4,0.680,0,0,0,0,,,,,199,728,,,,,PRDX1___PCCA_unrelaxed_rank_002_alphafold2_multimer_v3_model_1_seed_000.pdb
PRDX1___PCCA,3,4,A,B,0.0000,0.0,0.0,0.0000,0.1608,0.0000,0.0000,0.0,0.0,0.2300,82.5,81.9,0.670,0,0,0,0,,,,,199,728,,,,,PRDX1___PCCA_unrelaxed_rank_003_alphafold2_multimer_v3_model_4_seed_000.pdb
PRDX1___PCCA,4,2,A,B,0.0000,0.0,0.0,0.0000,0.0000,0.0000,0.0000,0.0,0.0,0.1700,84.0,83.7,0.670,0,0,0,0,,,,,199,728,,,,,PRDX1___PCCA_unrelaxed_rank_004_alphafold2_multimer_v3_model_2_seed_000.pdb
PRDX1___PCCA,5,3,A,B,0.0000,0.0,0.0,0.0000,0.1166,0.0000,0.0000,0.0,0.0,0.1600,87.0,82.6,0.660,0,0,0,0,,,,,199,728,,,,,PRDX1___PCCA_unrelaxed_rank_005_alphafold2_multimer_v3_model_3_seed_000.pdb
PRDX1___SRSF11,1,4,A,B,0.0000,0.0,0.0,0.0000,0.1605,0.0000,0.0000,0.0,0.0,0.2000,86.6,32.9,0.340,0,0,0,0,,,,,199,484,,,,,PRDX1___SRSF11_unrelaxed_rank_001_alphafold2_multimer_v3_model_4_seed_000.pdb
PRDX1___SRSF11,2,1,A,B,0.0000,0.0,0.0,0.0000,0.1427,0.0000,0.0000,0.0,0.0,0.1600,87.9,35.5,0.350,0,0,0,0,,,,,199,484,,,,,PRDX1___SRSF11_unrelaxed_rank_002_alphafold2_multimer_v3_model_1_seed_000.pdb
PRDX1___SRSF11,3,3,A,B,0.0000,0.0,0.0,0.0000,0.1426,0.0000,0.0000,0.0,0.0,0.1600,91.3,33.5,0.350,0,0,0,0,,,,,199,484,,,,,PRDX1___SRSF11_unrelaxed_rank_003_alphafold2_multimer_v3_model_3_seed_000.pdb
PRDX1___SRSF11,4,5,A,B,0.0000,0.0,0.0,0.0000,0.1443,0.0000,0.0000,0.0,0.0,0.1600,88.1,33.3,0.340,0,0,0,0,,,,,199,484,,,,,PRDX1___SRSF11_unrelaxed_rank_004_alphafold2_multimer_v3_model_5_seed_000.pdb
PRDX1___SRSF11,5,2,A,B,0.0000,0.0,0.0,0.0000,0.1298,0.0000,0.0000,0.0,0.0,0.1500,89.0,33.9,0.350,0,0,0,0,,,,,199,484,,,,,PRDX1___SRSF11_unrelaxed_rank_005_alphafold2_multimer_v3_model_2_seed_000.pdb
PRMT1___CDC5L,1,1,A,B,0.0000,0.0,0.0,0.0000,0.2393,0.0000,0.0000,0.0,0.0,0.2000,84.2,52.6,0.370,0,0,0,0,,,,,371,802,,,,,PRMT1___CDC5L_unrelaxed_rank_001_alphafold2_multimer_v3_model_1_seed_000.pdb
PRMT1___CDC5L,2,4,A,B,0.0000,0.0,0.0,0.0000,0.1738,0.0000,0.0000,0.0,0.0,0.1600,81.0,49.6,0.360,0,0,0,0,,,,,371,802,,,,,PRMT1___CDC5L_unrelaxed_rank_002_alphafold2_multimer_v3_model_4_seed_000.pdb
PRMT1___CDC5L,3,5,A,B,0.0000,0.0,0.0,0.0000,0.1393,0.0000,0.0000,0.0,0.0,0.1600,82.9,52.9,0.370,0,0,0,0,,,,,371,802,,,,,PRMT1___CDC5L_unrelaxed_rank_003_alphafold2_multimer_v3_model_5_seed_000.pdb
PRMT1___CDC5L,4,2,A,B,0.0000,0.0,0.0,0.0000,0.1973,0.0000,0.0000,0.0,0.0,0.1600,84.6,52.7,0.370,0,0,0,0,,,,,371,802,,,,,PRMT1___CDC5L_unrelaxed_rank_004_alphafold2_multimer_v3_model_2_seed_000.pdb
PRMT1___CDC5L,5,3,A,B,0.0000,0.0,0.0,0.0000,0.1383,0.0000,0.0000,0.0,0.0,0.1400,83.0,56.1,0.360,0,0,0,0,,,,,371,802,,,,,PRMT1___CDC5L_unrelaxed_rank_005_alphafold2_multimer_v3_model_3_seed_000.pdb
PRMT1___PCBP2,1,4,A,B,0.0000,0.0,0.0,0.0000,0.1841,0.0000,0.0000,0.0,0.0,0.1600,79.7,54.8,0.490,0,0,0,0,,,,,371,365,,,,,PRMT1___PCBP2_unrelaxed_rank_001_alphafold2_multimer_v3_model_4_seed_000.pdb
PRMT1___PCBP2,2,1,A,B,0.0000,0.0,0.0,0.0000,0.2152,0.0000,0.0000,0.0,0.0,0.1700,81.0,54.1,0.490,0,0,0,0,,,,,371,365,,,,,PRMT1___PCBP2_unrelaxed_rank_002_alphafold2_multimer_v3_model_1_seed_000.pdb
PRMT1___PCBP2,3,3,A,B,0.0000,0.0,0.0,0.0000,0.1849,0.0000,0.0000,0.0,0.0,0.1600,81.8,56.6,0.480,0,0,0,0,,,,,371,365,,,,,PRMT1___PCBP2_unrelaxed_rank_003_alphafold2_multimer_v3_model_3_seed_000.pdb
PRMT1___PCBP2,4,5,A,B,0.0000,0.0,0.0,0.0000,0.1586,0.0000,0.0000,0.0,0.0,0.1500,83.0,57.7,0.490,0,0,0,0,,,,,371,365,,,,,PRMT1___PCBP2_unrelaxed_rank_004_alphafold2_multimer_v3_model_5_seed_000.pdb
PRMT1___PCBP2,5,2,A,B,0.0000,0.0,0.0,0.0000,0.1373,0.0000,0.0000,0.0,0.0,0.1300,82.2,57.1,0.490,0,0,0,0,,,,,371,365,,,,,PRMT1___PCBP2_unrelaxed_rank_005_alphafold2_multimer_v3_model_2_seed_000.pdb
PRMT1___TLE3,1,2,A,B,0.1719,405.6,69.7,0.0259,0.7660,0.1669,0.1770,3917.0,42.0,0.2400,83.8,53.4,0.400,16,315,9,20,33.0,92.2,34.6,88.5,371,772,[6-21],"[447-453,458-469,471-515,521-563,565-772]","[7-8,10-12,14-15,18-19]","[490,532-534,536,551-552,577-578,580,596,622,663,679,701-702,704,720,743,745]",PRMT1___TLE3_unrelaxed_rank_001_alphafold2_multimer_v3_model_2_seed_000.pdb
PRMT1___TLE3,2,5,A,B,0.0763,342.1,26.1,0.0160,0.5902,0.0772,0.0755,2544.0,46.0,0.2100,82.7,53.6,0.380,12,303,8,23,31.0,92.1,31.5,88.1,371,772,[9-20],"[447-452,458-464,467-468,472-514,522-562,566-648,650-670,672-687,689-772]","[9-12,14-15,18-19]","[487-488,490,534,536,552,577-578,580,595-596,598,619-622,638,704,720,743,745,761,763]",PRMT1___TLE3_unrelaxed_rank_002_alphafold2_multimer_v3_model_5_seed_000.pdb
PRMT1___TLE3,3,1,A,B,0.0106,10.5,0.1,0.0000,0.4561,0.0136,0.0083,37.0,3.0,0.2000,82.1,53.3,0.390,5,26,3,3,31.9,88.3,33.5,87.1,371,772,"[11,13-15,17]","[487,500,511,533-534,578,585,590,596,602,604,620,626,632,638-639,645,660,662-663,722,741-743,745,769]","[14-15,17]","[534,596,663]",PRMT1___TLE3_unrelaxed_rank_003_alphafold2_multimer_v3_model_1_seed_000.pdb
PRMT1___TLE3,4,4,A,B,0.0000,0.0,0.0,0.0000,0.3641,0.0038,0.0000,1.0,0.0,0.1800,78.8,51.7,0.390,1,1,0,0,27.1,93.6,,,371,772,[13],[590],,,PRMT1___TLE3_unrelaxed_rank_004_alphafold2_multimer_v3_model_4_seed_000.pdb
PRMT1___TLE3,5,3,A,B,0.0017,3.6,0.0,0.0000,0.4231,0.0068,0.0004,13.0,1.0,0.1800,81.2,54.3,0.380,1,13,1,1,29.5,89.5,29.5,83.4,371,772,[15],"[487,546,571,590,599,602,604,620,638,640,661-662,714]",[15],[661],PRMT1___TLE3_unrelaxed_rank_005_alphafold2_multimer_v3_model_3_seed_000.pdb
PTBP3___ANP32A,1,1,A,B,0.0000,0.0,0.0,0.0000,0.1962,0.0000,0.0000,0.0,0.0,0.1800,61.0,61.9,0.340,0,0,0,0,,,,,552,249,,,,,PTBP3___ANP32A_unrelaxed_rank_001_alphafold2_multimer_v3_model_1_seed_000.pdb
PTBP3___ANP32A,2,2,A,B,0.0000,0.0,0.0,0.0000,0.1757,0.0000,0.0000,0.0,0.0,0.1600,64.7,62.0,0.330,0,0,0,0,,,,,552,249,,,,,PTBP3___ANP32A_unrelaxed_rank_002_alphafold2_multimer_v3_model_2_seed_000.pdb
PTBP3___ANP32A,3,4,A,B,0.0000,0.0,0.0,0.0000,0.1647,0.0000,0.0000,0.0,0.0,0.1600,61.6,61.3,0.330,0,0,0,0,,,,,552,249,,,,,PTBP3___ANP32A_unrelaxed_rank_003_alphafold2_multimer_v3_model_4_seed_000.pdb
PTBP3___ANP32A,4,3,A,B,0.0000,0.0,0.0,0.0000,0.1678,0.0000,0.0000,0.0,0.0,0.1600,62.1,58.7,0.330,0,0,0,0,,,,,552,249,,,,,PTBP3___ANP32A_unrelaxed_rank_004_alphafold2_multimer_v3_model_3_seed_000.pdb
PTBP3___ANP32A,5,5,A,B,0.0000,0.0,0.0,0.0000,0.1353,0.0000,0.0000,0.0,0.0,0.1500,64.1,62.1,0.320,0,0,0,0,,,,,552,249,,,,,PTBP3___ANP32A_unrelaxed_rank_005_alphafold2_multimer_v3_model_5_seed_000.pdb
PTBP3___CCAR2,1,5,A,B,0.3704,264.9,98.1,0.1920,0.9178,0.2804,0.4893,1253.0,56.0,0.2900,62.4,57.3,0.400,104,11,13,8,78.4,46.1,76.9,51.3,552,923,[177-280],[22-32],"[190-191,197,201,239,242-248,251]","[23,25-31]",PTBP3___CCAR2_unrelaxed_rank_001_alphafold2_multimer_v3_model_5_seed_000.pdb
PTBP3___CCAR2,2,1,A,B,0.2053,114.2,23.5,0.0201,0.7395,0.1481,0.2847,450.0,29.0,0.2500,57.8,57.3,0.400,87,9,10,3,71.4,36.9,71.9,45.7,552,923,"[180-216,218-258,261,266-267,269-274]",[138-146],"[197,200-201,204,239,242-246]",[140-142],PTBP3___CCAR2_unrelaxed_rank_002_alphafold2_multimer_v3_model_1_seed_000.pdb
PTBP3___CCAR2,3,2,A,B,0.1462,72.8,10.6,0.0168,0.6834,0.1025,0.2085,241.0,22.0,0.2500,64.1,57.9,0.410,71,8,7,7,81.1,41.3,76.6,42.4,552,923,"[181-186,190,192-214,219,221-255,257,267,272-274]",[24-31],"[201,239,242-246]",[25-31],PTBP3___CCAR2_unrelaxed_rank_003_alphafold2_multimer_v3_model_2_seed_000.pdb
PTBP3___CCAR2,4,4,A,B,0.1264,51.2,6.5,0.0147,0.6628,0.1111,0.1438,138.0,19.0,0.2300,60.1,55.7,0.400,63,7,8,6,78.1,36.2,74.0,37.2,552,923,"[181-186,192,194-205,208-212,214-215,220-221,223,225-246,248-252,254-257,263,272-273]",[24-30],"[201,238-239,242-246]",[25-30],PTBP3___CCAR2_unrelaxed_rank_004_alphafold2_multimer_v3_model_4_seed_000.pdb
PTBP3___CCAR2,5,3,A,B,0.0000,0.0,0.0,0.0000,0.1803,0.0000,0.0000,0.0,0.0,0.1800,59.9,56.3,0.400,0,0,0,0,,,,,552,923,,,,,PTBP3___CCAR2_unrelaxed_rank_005_alphafold2_multimer_v3_model_3_seed_000.pdb
PTBP3___CCNT1,1,1,A,B,0.0000,0.0,0.0,0.0000,0.2165,0.0000,0.0000,0.0,0.0,0.1800,60.2,42.5,0.330,0,0,0,0,,,,,552,726,,,,,PTBP3___CCNT1_unrelaxed_rank_001_alphafold2_multimer_v3_model_1_seed_000.pdb
PTBP3___CCNT1,2,3,A,B,0.0000,0.0,0.0,0.0000,0.2187,0.0000,0.0000,0.0,0.0,0.1700,62.6,42.6,0.320,0,0,0,0,,,,,552,726,,,,,PTBP3___CCNT1_unrelaxed_rank_002_alphafold2_multimer_v3_model_3_seed_000.pdb
PTBP3___CCNT1,3,4,A,B,0.0000,0.0,0.0,0.0000,0.1919,0.0000,0.0000,0.0,0.0,0.1600,62.0,41.4,0.310,0,0,0,0,,,,,552,726,,,,,PTBP3___CCNT1_unrelaxed_rank_003_alphafold2_multimer_v3_model_4_seed_000.pdb
PTBP3___CCNT1,4,2,A,B,0.0000,0.0,0.0,0.0000,0.1652,0.0000,0.0000,0.0,0.0,0.1600,65.8,44.1,0.330,0,0,0,0,,,,,552,726,,,,,PTBP3___CCNT1_unrelaxed_rank_004_alphafold2_multimer_v3_model_2_seed_000.pdb
PTBP3___CCNT1,5,5,A,B,0.0000,0.0,0.0,0.0000,0.1795,0.0000,0.0000,0.0,0.0,0.1500,64.2,42.7,0.320,0,0,0,0,,,,,552,726,,,,,PTBP3___CCNT1_unrelaxed_rank_005_alphafold2_multimer_v3_model_5_seed_000.pdb
PTBP3___MATR3,1,5,A,B,0.4973,366.5,182.3,0.3805,0.9679,0.3960,0.6246,1947.0,69.0,0.3000,66.5,40.6,0.270,106,16,15,12,84.1,43.3,83.0,49.4,552,847,[176-281],[348-363],"[190-191,197,200-201,239,241-248,250]","[348,350-360]",PTBP3___MATR3_unrelaxed_rank_001_alphafold2_multimer_v3_model_5_seed_000.pdb
PTBP3___MATR3,2,1,A,B,0.2457,213.5,52.5,0.1092,0.8170,0.1841,0.3278,829.0,55.0,0.2700,62.0,37.1,0.270,96,11,13,9,76.0,35.1,71.4,37.1,552,847,"[179-263,265-275]",[351-361],"[191,197,200-201,204,239,242-247,251]",[351-359],PTBP3___MATR3_unrelaxed_rank_002_alphafold2_multimer_v3_model_1_seed_000.pdb
PTBP3___MATR3,3,3,A,B,0.3114,222.5,69.3,0.0953,0.8794,0.2276,0.4260,1010.0,49.0,0.2700,63.3,38.2,0.270,97,11,11,7,80.4,39.9,79.6,47.1,552,847,[179-275],[351-361],"[191,197,200-201,204,239,242-246]","[352,354-359]",PTBP3___MATR3_unrelaxed_rank_003_alphafold2_multimer_v3_model_3_seed_000.pdb
PTBP3___MATR3,4,2,A,B,0.2024,153.4,31.0,0.0216,0.7699,0.1534,0.2669,636.0,37.0,0.2600,67.5,42.4,0.270,93,9,10,6,85.7,45.7,82.0,51.4,552,847,"[180-216,218-264,266-274]",[352-360],"[191,197,200-201,239,242-246]",[354-359],PTBP3___MATR3_unrelaxed_rank_004_alphafold2_multimer_v3_model_2_seed_000.pdb
PTBP3___MATR3,5,4,A,B,0.1832,98.5,18.0,0.0206,0.7375,0.1348,0.2491,303.0,32.0,0.2400,63.0,37.9,0.260,77,9,10,6,80.4,38.7,76.9,42.6,552,847,"[181-188,190-214,219-255,257,261,263,270,272-274]",[352-360],"[197,200-201,204,239,242-246]",[354-359],PTBP3___MATR3_unrelaxed_rank_005_alphafold2_multimer_v3_model_4_seed_000.pdb
PTBP3___PCBP2,1,5,A,B,0.4935,1725.4,851.6,0.4239,0.9522,0.3346,0.7280,32358.0,92.0,0.4500,67.8,62.5,0.370,109,180,18,17,86.7,83.8,88.7,82.2,552,365,[175-283],[9-188],"[190-194,196-197,200-201,239,242-248,251]","[21,23,83,85-94,96-97,99,149]",PTBP3___PCBP2_unrelaxed_rank_001_alphafold2_multimer_v3_model_5_seed_000.pdb
PTBP3___PCBP2,2,4,A,B,0.4638,1642.2,761.7,0.3967,0.9356,0.3211,0.6700,30645.0,88.0,0.4500,65.8,61.3,0.370,108,179,17,18,84.4,83.3,86.0,81.4,552,365,[176-283],[10-188],"[190-194,196-197,200-201,239,242-248]","[21,23-24,83,85-94,96-97,99,149]",PTBP3___PCBP2_unrelaxed_rank_002_alphafold2_multimer_v3_model_4_seed_000.pdb
PTBP3___PCBP2,3,3,A,B,0.0681,221.7,15.1,0.0144,0.5309,0.0633,0.0733,1024.0,48.0,0.3400,65.6,59.5,0.340,77,82,13,14,85.2,84.2,77.0,70.8,552,365,"[181-215,220-256,267,270,272-274]","[18-30,32-37,39-40,49-50,54-60,67-98,100-102,124,127,129,147-149,151-161]","[190-191,193,197,200-201,239,242-247]","[23-24,83,85-87,89-94,96-97]",PTBP3___PCBP2_unrelaxed_rank_003_alphafold2_multimer_v3_model_3_seed_000.pdb
PTBP3___PCBP2,4,1,A,B,0.0000,0.0,0.0,0.0000,0.1768,0.0000,0.0000,0.0,0.0,0.1600,61.2,54.7,0.310,0,0,0,0,,,,,552,365,,,,,PTBP3___PCBP2_unrelaxed_rank_004_alphafold2_multimer_v3_model_1_seed_000.pdb
PTBP3___PCBP2,5,2,A,B,0.0000,0.0,0.0,0.0000,0.1456,0.0000,0.0000,0.0,0.0,0.1400,65.7,60.4,0.310,0,0,0,0,,,,,552,365,,,,,PTBP3___PCBP2_unrelaxed_rank_005_alphafold2_multimer_v3_model_2_seed_000.pdb
PTBP3___ZFR,1,3,A,B,0.1112,397.8,44.2,0.0156,0.7054,0.0756,0.1635,4277.0,37.0,0.3100,63.1,45.2,0.370,66,253,10,13,83.0,90.1,77.9,81.4,552,1074,"[182-202,204-206,208-224,231-232,234-254,268,270]","[699-702,719-762,785-813,815-825,827-832,835,840-846,848-854,861-871,894-981,985,987-992,997-1000,1002-1035]","[188,190-191,197,201,239,246-248,251]","[699-700,728,731-732,797,917,920-924,964]",PTBP3___ZFR_unrelaxed_rank_001_alphafold2_multimer_v3_model_3_seed_000.pdb
PTBP3___ZFR,2,1,A,B,0.0000,0.0,0.0,0.0000,0.4217,0.0000,0.0000,0.0,0.0,0.2300,60.4,45.0,0.340,0,0,0,0,,,,,552,1074,,,,,PTBP3___ZFR_unrelaxed_rank_002_alphafold2_multimer_v3_model_1_seed_000.pdb
PTBP3___ZFR,3,5,A,B,0.0000,0.0,0.0,0.0000,0.3756,0.0000,0.0000,0.0,0.0,0.2300,63.6,44.7,0.340,0,0,0,0,,,,,552,1074,,,,,PTBP3___ZFR_unrelaxed_rank_003_alphafold2_multimer_v3_model_5_seed_000.pdb
PTBP3___ZFR,4,4,A,B,0.0000,0.0,0.0,0.0000,0.2845,0.0000,0.0000,0.0,0.0,0.2000,60.9,43.9,0.330,0,0,0,0,,,,,552,1074,,,,,PTBP3___ZFR_unrelaxed_rank_004_alphafold2_multimer_v3_model_4_seed_000.pdb
PTBP3___ZFR,5,2,A,B,0.0000,0.0,0.0,0.0000,0.4518,0.0000,0.0000,0.0,0.0,0.2000,65.1,45.5,0.330,0,0,0,0,,,,,552,1074,,,,,PTBP3___ZFR_unrelaxed_rank_005_alphafold2_multimer_v3_model_2_seed_000.pdb
RAVER1___DAZAP1,1,1,A,B,0.0000,0.0,0.0,0.0000,0.1987,0.0000,0.0000,0.0,0.0,0.1800,53.5,37.3,0.390,0,0,0,0,,,,,606,407,,,,,RAVER1___DAZAP1_unrelaxed_rank_001_alphafold2_multimer_v3_model_1_seed_000.pdb
RAVER1___DAZAP1,2,2,A,B,0.0000,0.0,0.0,0.0000,0.2159,0.0000,0.0000,0.0,0.0,0.1700,53.6,38.9,0.390,0,0,0,0,,,,,606,407,,,,,RAVER1___DAZAP1_unrelaxed_rank_002_alphafold2_multimer_v3_model_2_seed_000.pdb
RAVER1___DAZAP1,3,4,A,B,0.0000,0.0,0.0,0.0000,0.1898,0.0000,0.0000,0.0,0.0,0.1700,53.3,36.4,0.390,0,0,0,0,,,,,606,407,,,,,RAVER1___DAZAP1_unrelaxed_rank_003_alphafold2_multimer_v3_model_4_seed_000.pdb
RAVER1___DAZAP1,4,3,A,B,0.0000,0.0,0.0,0.0000,0.1713,0.0000,0.0000,0.0,0.0,0.1600,53.5,37.1,0.390,0,0,0,0,,,,,606,407,,,,,RAVER1___DAZAP1_unrelaxed_rank_004_alphafold2_multimer_v3_model_3_seed_000.pdb
RAVER1___DAZAP1,5,5,A,B,0.0000,0.0,0.0,0.0000,0.1748,0.0000,0.0000,0.0,0.0,0.1600,53.6,38.7,0.390,0,0,0,0,,,,,606,407,,,,,RAVER1___DAZAP1_unrelaxed_rank_005_alphafold2_multimer_v3_model_5_seed_000.pdb
RAVER1___PCCA,1,5,A,B,0.0000,0.0,0.0,0.0000,0.1674,0.0000,0.0000,0.0,0.0,0.1800,50.1,83.3,0.530,0,0,0,0,,,,,606,728,,,,,RAVER1___PCCA_unrelaxed_rank_001_alphafold2_multimer_v3_model_5_seed_000.pdb
RAVER1___PCCA,2,3,A,B,0.0000,0.0,0.0,0.0000,0.1805,0.0000,0.0000,0.0,0.0,0.1800,50.1,83.4,0.540,0,0,0,0,,,,,606,728,,,,,RAVER1___PCCA_unrelaxed_rank_002_alphafold2_multimer_v3_model_3_seed_000.pdb
RAVER1___PCCA,3,2,A,B,0.0000,0.0,0.0,0.0000,0.1672,0.0000,0.0000,0.0,0.0,0.1800,50.4,83.8,0.530,0,0,0,0,,,,,606,728,,,,,RAVER1___PCCA_unrelaxed_rank_003_alphafold2_multimer_v3_model_2_seed_000.pdb
RAVER1___PCCA,4,4,A,B,0.0000,0.0,0.0,0.0000,0.1651,0.0000,0.0000,0.0,0.0,0.1700,48.6,81.4,0.530,0,0,0,0,,,,,606,728,,,,,RAVER1___PCCA_unrelaxed_rank_004_alphafold2_multimer_v3_model_4_seed_000.pdb
RAVER1___PCCA,5,1,A,B,0.0000,0.0,0.0,0.0000,0.1580,0.0000,0.0000,0.0,0.0,0.1700,48.5,83.1,0.530,0,0,0,0,,,,,606,728,,,,,RAVER1___PCCA_unrelaxed_rank_005_alphafold2_multimer_v3_model_1_seed_000.pdb
RB1___CDC5L,1,1,A,B,0.0000,0.0,0.0,0.0000,0.2681,0.0000,0.0000,0.0,0.0,0.2000,67.1,44.1,0.470,0,0,0,0,,,,,928,802,,,,,RB1___CDC5L_unrelaxed_rank_001_alphafold2_multimer_v3_model_1_seed_000.pdb
RB1___CDC5L,2,2,A,B,0.0000,0.0,0.0,0.0000,0.2215,0.0000,0.0000,0.0,0.0,0.1800,68.0,45.0,0.470,0,0,0,0,,,,,928,802,,,,,RB1___CDC5L_unrelaxed_rank_002_alphafold2_multimer_v3_model_2_seed_000.pdb
RB1___CDC5L,3,3,A,B,0.0000,0.0,0.0,0.0000,0.1883,0.0000,0.0000,0.0,0.0,0.1800,66.2,45.1,0.470,0,0,0,0,,,,,928,802,,,,,RB1___CDC5L_unrelaxed_rank_003_alphafold2_multimer_v3_model_3_seed_000.pdb
RB1___CDC5L,4,4,A,B,0.0000,0.0,0.0,0.0000,0.2343,0.0000,0.0000,0.0,0.0,0.1800,67.5,40.7,0.470,0,0,0,0,,,,,928,802,,,,,RB1___CDC5L_unrelaxed_rank_004_alphafold2_multimer_v3_model_4_seed_000.pdb
RB1___CDC5L,5,5,A,B,0.0000,0.0,0.0,0.0000,0.1778,0.0000,0.0000,0.0,0.0,0.1800,66.6,43.6,0.470,0,0,0,0,,,,,928,802,,,,,RB1___CDC5L_unrelaxed_rank_005_alphafold2_multimer_v3_model_5_seed_000.pdb
RPS12___CCNT1,1,1,A,B,0.0000,0.0,0.0,0.0000,0.1536,0.0000,0.0000,0.0,0.0,0.1800,80.6,44.4,0.380,0,0,0,0,,,,,132,726,,,,,RPS12___CCNT1_unrelaxed_rank_001_alphafold2_multimer_v3_model_1_seed_000.pdb
RPS12___CCNT1,2,3,A,B,0.0000,0.0,0.0,0.0000,0.1237,0.0000,0.0000,0.0,0.0,0.1700,79.0,44.7,0.380,0,0,0,0,,,,,132,726,,,,,RPS12___CCNT1_unrelaxed_rank_002_alphafold2_multimer_v3_model_3_seed_000.pdb
RPS12___CCNT1,3,4,A,B,0.0000,0.0,0.0,0.0000,0.1496,0.0000,0.0000,0.0,0.0,0.1700,73.3,43.1,0.370,0,0,0,0,,,,,132,726,,,,,RPS12___CCNT1_unrelaxed_rank_003_alphafold2_multimer_v3_model_4_seed_000.pdb
RPS12___CCNT1,4,5,A,B,0.0000,0.0,0.0,0.0000,0.1310,0.0000,0.0000,0.0,0.0,0.1500,78.2,44.2,0.380,0,0,0,0,,,,,132,726,,,,,RPS12___CCNT1_unrelaxed_rank_004_alphafold2_multimer_v3_model_5_seed_000.pdb
RPS12___CCNT1,5,2,A,B,0.0000,0.0,0.0,0.0000,0.1392,0.0000,0.0000,0.0,0.0,0.1500,81.7,46.4,0.400,0,0,0,0,,,,,132,726,,,,,RPS12___CCNT1_unrelaxed_rank_005_alphafold2_multimer_v3_model_2_seed_000.pdb
RPS12___LUC7L2,1,5,A,B,0.1330,597.6,79.5,0.0145,0.5474,0.0897,0.1971,5668.0,63.0,0.5700,80.6,63.5,0.540,119,185,17,15,85.1,87.5,79.7,79.4,132,392,"[13-118,120-132]","[2-20,34-63,65-74,83-108,120-174,187-198,200-232]","[35-36,39-40,43,60-61,64,67-68,71,93-96,98,102]","[3,7,10-11,14-15,140-141,144-145,149,152-153,156,208]",RPS12___LUC7L2_unrelaxed_rank_001_alphafold2_multimer_v3_model_5_seed_000.pdb
RPS12___LUC7L2,2,3,A,B,0.1394,628.9,87.7,0.0304,0.5537,0.0954,0.2036,7192.0,55.0,0.5300,81.0,63.1,0.530,114,181,17,13,86.1,87.5,80.1,78.8,132,392,"[14-56,58-115,117-118,120-130]","[3-21,34-41,43-57,59,61-63,65-73,83-109,121-173,187-232]","[35-36,39-40,43,60-61,64,67-68,71,93-96,98,102]","[3,7,10-11,14-15,140-141,144-145,152,156,208]",RPS12___LUC7L2_unrelaxed_rank_002_alphafold2_multimer_v3_model_3_seed_000.pdb
RPS12___LUC7L2,3,1,A,B,0.0000,0.0,0.0,0.0000,0.2194,0.0000,0.0000,0.0,0.0,0.3300,77.3,63.5,0.480,0,0,0,0,,,,,132,392,,,,,RPS12___LUC7L2_unrelaxed_rank_003_alphafold2_multimer_v3_model_1_seed_000.pdb
RPS12___LUC7L2,4,4,A,B,0.0000,0.0,0.0,0.0000,0.2288,0.0000,0.0000,0.0,0.0,0.3100,73.6,61.1,0.470,0,0,0,0,,,,,132,392,,,,,RPS12___LUC7L2_unrelaxed_rank_004_alphafold2_multimer_v3_model_4_seed_000.pdb
RPS12___LUC7L2,5,2,A,B,0.0000,0.0,0.0,0.0000,0.1140,0.0000,0.0000,0.0,0.0,0.1500,78.0,62.2,0.460,0,0,0,0,,,,,132,392,,,,,RPS12___LUC7L2_unrelaxed_rank_005_alphafold2_multimer_v3_model_2_seed_000.pdb
SAFB___PPP1R10,1,3,A,B,0.1537,157.8,24.3,0.0178,0.7631,0.1223,0.1932,479.0,52.0,0.2100,29.7,31.1,0.240,77,10,13,9,77.3,38.5,67.3,38.9,915,940,[406-482],[417-426],"[415,418-420,436-442,444,448]",[417-425],SAFB___PPP1R10_unrelaxed_rank_001_alphafold2_multimer_v3_model_3_seed_000.pdb
SAFB___PPP1R10,2,5,A,B,0.0432,87.7,3.8,0.0125,0.6449,0.0420,0.0444,591.0,13.0,0.2100,30.9,31.0,0.240,8,133,3,9,40.5,93.9,42.7,92.7,915,940,[215-222],"[8-16,18-19,23-25,27-123,125-146]","[217-218,221]","[108-109,114-115,118,137,140-141,144]",SAFB___PPP1R10_unrelaxed_rank_002_alphafold2_multimer_v3_model_5_seed_000.pdb
SAFB___PPP1R10,3,2,A,B,0.0000,0.0,0.0,0.0000,0.1814,0.0000,0.0000,0.0,0.0,0.1900,31.9,33.0,0.240,0,0,0,0,,,,,915,940,,,,,SAFB___PPP1R10_unrelaxed_rank_003_alphafold2_multimer_v3_model_2_seed_000.pdb
SAFB___PPP1R10,4,1,A,B,0.0000,0.0,0.0,0.0000,0.2270,0.0000,0.0000,0.0,0.0,0.1800,29.3,31.8,0.240,0,0,0,0,,,,,915,940,,,,,SAFB___PPP1R10_unrelaxed_rank_004_alphafold2_multimer_v3_model_1_seed_000.pdb
SAFB___PPP1R10,5,4,A,B,0.0000,0.0,0.0,0.0000,0.3331,0.0000,0.0000,0.0,0.0,0.1700,29.8,32.0,0.230,0,0,0,0,,,,,915,940,,,,,SAFB___PPP1R10_unrelaxed_rank_005_alphafold2_multimer_v3_model_4_seed_000.pdb
SAR1A___CSTB,1,4,A,B,0.1093,207.7,22.7,0.0142,0.3572,0.0884,0.1352,918.0,47.0,0.2300,77.5,79.1,0.640,120,63,15,9,86.4,81.8,77.7,55.0,198,98,"[18-22,24,26-45,69-72,94-121,127-154,156-162,171-197]","[3-6,11,14-31,38-59,64-73,80-87]","[133,136-137,141,143-144,176-179,181-185]","[3-4,6,46-50,52]",SAR1A___CSTB_unrelaxed_rank_001_alphafold2_multimer_v3_model_4_seed_000.pdb
SAR1A___CSTB,2,2,A,B,0.0391,102.9,4.0,0.0123,0.2205,0.0357,0.0428,441.0,24.0,0.2200,76.9,69.9,0.640,96,13,11,6,86.7,64.3,76.4,54.5,198,98,"[28,30-45,95-120,127-153,171-196]","[45-49,51-55,68-70]","[133,136-137,141,143-144,177,179,182,184-185]","[46-49,51-52]",SAR1A___CSTB_unrelaxed_rank_002_alphafold2_multimer_v3_model_2_seed_000.pdb
SAR1A___CSTB,3,1,A,B,0.0000,0.0,0.0,0.0000,0.1524,0.0000,0.0000,0.0,0.0,0.1600,74.7,72.1,0.610,0,0,0,0,,,,,198,98,,,,,SAR1A___CSTB_unrelaxed_rank_003_alphafold2_multimer_v3_model_1_seed_000.pdb
SAR1A___CSTB,4,3,A,B,0.0000,0.0,0.0,0.0000,0.1633,0.0029,0.0000,1.0,0.0,0.1500,75.3,79.7,0.610,1,1,0,0,94.2,73.4,,,198,98,[99],[52],,,SAR1A___CSTB_unrelaxed_rank_004_alphafold2_multimer_v3_model_3_seed_000.pdb
SAR1A___CSTB,5,5,A,B,0.0000,0.0,0.0,0.0000,0.1696,0.0000,0.0000,0.0,0.0,0.1400,71.1,77.9,0.590,0,0,0,0,,,,,198,98,,,,,SAR1A___CSTB_unrelaxed_rank_005_alphafold2_multimer_v3_model_5_seed_000.pdb
SAR1A___DNAJA1,1,3,A,B,0.0000,0.0,0.0,0.0000,0.2770,0.0142,0.0000,1.0,0.0,0.3100,66.6,71.8,0.410,1,1,0,0,48.6,56.9,,,198,397,[62],[172],,,SAR1A___DNAJA1_unrelaxed_rank_001_alphafold2_multimer_v3_model_3_seed_000.pdb
SAR1A___DNAJA1,2,2,A,B,0.0000,0.0,0.0,0.0000,0.1218,0.0000,0.0000,0.0,0.0,0.1800,66.8,73.9,0.430,0,0,0,0,,,,,198,397,,,,,SAR1A___DNAJA1_unrelaxed_rank_002_alphafold2_multimer_v3_model_2_seed_000.pdb
SAR1A___DNAJA1,3,1,A,B,0.0000,0.0,0.0,0.0000,0.1119,0.0000,0.0000,0.0,0.0,0.1700,68.0,71.8,0.390,0,0,0,0,,,,,198,397,,,,,SAR1A___DNAJA1_unrelaxed_rank_003_alphafold2_multimer_v3_model_1_seed_000.pdb
SAR1A___DNAJA1,4,4,A,B,0.0000,0.0,0.0,0.0000,0.1003,0.0000,0.0000,0.0,0.0,0.1400,70.0,72.6,0.420,0,0,0,0,,,,,198,397,,,,,SAR1A___DNAJA1_unrelaxed_rank_004_alphafold2_multimer_v3_model_4_seed_000.pdb
SAR1A___DNAJA1,5,5,A,B,0.0000,0.0,0.0,0.0000,0.0946,0.0000,0.0000,0.0,0.0,0.1200,67.6,72.9,0.400,0,0,0,0,,,,,198,397,,,,,SAR1A___DNAJA1_unrelaxed_rank_005_alphafold2_multimer_v3_model_5_seed_000.pdb
SAR1A___FUBP1,1,1,A,B,0.0510,7.1,0.4,0.0000,0.4006,0.0410,0.0635,17.0,3.0,0.4100,64.5,44.4,0.320,12,4,2,2,76.4,41.0,69.2,41.6,198,644,"[33,35,39-40,100,104,133,136,138,179,181-182]",[64-67],"[40,181]","[65,67]",SAR1A___FUBP1_unrelaxed_rank_001_alphafold2_multimer_v3_model_1_seed_000.pdb
SAR1A___FUBP1,2,3,A,B,0.0000,0.0,0.0,0.0000,0.2223,0.0000,0.0000,0.0,0.0,0.3000,64.8,41.9,0.300,0,0,0,0,,,,,198,644,,,,,SAR1A___FUBP1_unrelaxed_rank_002_alphafold2_multimer_v3_model_3_seed_000.pdb
SAR1A___FUBP1,3,5,A,B,0.0000,0.0,0.0,0.0000,0.1800,0.0000,0.0000,0.0,0.0,0.2500,71.2,44.3,0.310,0,0,0,0,,,,,198,644,,,,,SAR1A___FUBP1_unrelaxed_rank_003_alphafold2_multimer_v3_model_5_seed_000.pdb
SAR1A___FUBP1,4,2,A,B,0.0000,0.0,0.0,0.0000,0.1969,0.0000,0.0000,0.0,0.0,0.2200,64.3,44.6,0.300,0,0,0,0,,,,,198,644,,,,,SAR1A___FUBP1_unrelaxed_rank_004_alphafold2_multimer_v3_model_2_seed_000.pdb
SAR1A___FUBP1,5,4,A,B,0.0000,0.0,0.0,0.0000,0.1441,0.0000,0.0000,0.0,0.0,0.1800,67.8,40.0,0.310,0,0,0,0,,,,,198,644,,,,,SAR1A___FUBP1_unrelaxed_rank_005_alphafold2_multimer_v3_model_4_seed_000.pdb
SAR1A___SNRPC,1,5,A,B,0.0000,0.0,0.0,0.0000,0.1874,0.0069,0.0000,3.0,0.0,0.1900,71.1,34.9,0.500,2,2,0,0,93.2,60.8,,,198,159,"[99,132]","[9,33]",,,SAR1A___SNRPC_unrelaxed_rank_001_alphafold2_multimer_v3_model_5_seed_000.pdb
SAR1A___SNRPC,2,4,A,B,0.0000,0.0,0.0,0.0000,0.1378,0.0000,0.0000,0.0,0.0,0.1700,76.5,36.3,0.510,0,0,0,0,,,,,198,159,,,,,SAR1A___SNRPC_unrelaxed_rank_002_alphafold2_multimer_v3_model_4_seed_000.pdb
SAR1A___SNRPC,3,2,A,B,0.0000,0.0,0.0,0.0000,0.1474,0.0000,0.0000,0.0,0.0,0.1600,72.7,34.5,0.500,0,0,0,0,,,,,198,159,,,,,SAR1A___SNRPC_unrelaxed_rank_003_alphafold2_multimer_v3_model_2_seed_000.pdb
SAR1A___SNRPC,4,3,A,B,0.0000,0.0,0.0,0.0000,0.1196,0.0000,0.0000,0.0,0.0,0.1500,74.3,34.4,0.500,0,0,0,0,,,,,198,159,,,,,SAR1A___SNRPC_unrelaxed_rank_004_alphafold2_multimer_v3_model_3_seed_000.pdb
SAR1A___SNRPC,5,1,A,B,0.0000,0.0,0.0,0.0000,0.1066,0.0000,0.0000,0.0,0.0,0.1300,73.5,30.6,0.500,0,0,0,0,,,,,198,159,,,,,SAR1A___SNRPC_unrelaxed_rank_005_alphafold2_multimer_v3_model_1_seed_000.pdb
SET___AGAP3,1,4,A,B,0.0000,0.0,0.0,0.0000,0.2043,0.0000,0.0000,0.0,0.0,0.1800,55.3,58.3,0.310,0,0,0,0,,,,,290,875,,,,,SET___AGAP3_unrelaxed_rank_001_alphafold2_multimer_v3_model_4_seed_000.pdb
SET___AGAP3,2,3,A,B,0.0000,0.0,0.0,0.0000,0.2540,0.0000,0.0000,0.0,0.0,0.1700,57.9,60.3,0.310,0,0,0,0,,,,,290,875,,,,,SET___AGAP3_unrelaxed_rank_002_alphafold2_multimer_v3_model_3_seed_000.pdb
SET___AGAP3,3,5,A,B,0.0000,0.0,0.0,0.0000,0.1882,0.0000,0.0000,0.0,0.0,0.1600,58.0,60.9,0.310,0,0,0,0,,,,,290,875,,,,,SET___AGAP3_unrelaxed_rank_003_alphafold2_multimer_v3_model_5_seed_000.pdb
SET___AGAP3,4,1,A,B,0.0000,0.0,0.0,0.0000,0.2053,0.0000,0.0000,0.0,0.0,0.1600,57.7,58.1,0.310,0,0,0,0,,,,,290,875,,,,,SET___AGAP3_unrelaxed_rank_004_alphafold2_multimer_v3_model_1_seed_000.pdb
SET___AGAP3,5,2,A,B,0.0000,0.0,0.0,0.0000,0.1610,0.0000,0.0000,0.0,0.0,0.1600,60.4,60.6,0.300,0,0,0,0,,,,,290,875,,,,,SET___AGAP3_unrelaxed_rank_005_alphafold2_multimer_v3_model_2_seed_000.pdb
SET___CHERP,1,2,A,B,0.0942,242.5,22.8,0.0141,0.6235,0.0816,0.1088,1680.0,35.0,0.2400,63.6,48.4,0.320,139,194,12,21,83.4,90.2,56.5,76.5,290,916,"[45-102,104-106,109,112-122,124-128,135-142,146-147,149-158,163,165-167,169-173,202-207,218-233,255-264]","[122,124-203,206-251,254-300,302-310,893-903]","[60,63-64,66-67,219,223,256-259,261]","[212,215-216,219-220,223,259-260,262-263,265-268,270,894-895,897-898,900-901]",SET___CHERP_unrelaxed_rank_001_alphafold2_multimer_v3_model_2_seed_000.pdb
SET___CHERP,2,1,A,B,0.0100,3.2,0.0,0.0000,0.4500,0.0142,0.0071,10.0,1.0,0.2300,60.8,47.0,0.320,6,7,1,1,49.6,68.7,64.9,34.0,290,916,"[54,61,66,258-260]","[169-170,173,216,259,894,898]",[66],[894],SET___CHERP_unrelaxed_rank_002_alphafold2_multimer_v3_model_1_seed_000.pdb
SET___CHERP,3,4,A,B,0.0000,0.0,0.0,0.0000,0.2987,0.0000,0.0000,0.0,0.0,0.2300,59.6,46.7,0.310,0,0,0,0,,,,,290,916,,,,,SET___CHERP_unrelaxed_rank_003_alphafold2_multimer_v3_model_4_seed_000.pdb
SET___CHERP,4,3,A,B,0.0000,0.0,0.0,0.0000,0.3637,0.0000,0.0000,0.0,0.0,0.2000,59.0,46.7,0.310,0,0,0,0,,,,,290,916,,,,,SET___CHERP_unrelaxed_rank_004_alphafold2_multimer_v3_model_3_seed_000.pdb
SET___CHERP,5,5,A,B,0.0000,0.0,0.0,0.0000,0.4023,0.0000,0.0000,0.0,0.0,0.1900,60.3,47.1,0.310,0,0,0,0,,,,,290,916,,,,,SET___CHERP_unrelaxed_rank_005_alphafold2_multimer_v3_model_5_seed_000.pdb
SET___SF3B2,1,1,A,B,0.0000,0.0,0.0,0.0000,0.3909,0.0000,0.0000,0.0,0.0,0.1900,63.8,41.0,0.280,0,0,0,0,,,,,290,895,,,,,SET___SF3B2_unrelaxed_rank_001_alphafold2_multimer_v3_model_1_seed_000.pdb
SET___SF3B2,2,3,A,B,0.0000,0.0,0.0,0.0000,0.3254,0.0000,0.0000,0.0,0.0,0.1800,61.6,40.9,0.270,0,0,0,0,,,,,290,895,,,,,SET___SF3B2_unrelaxed_rank_002_alphafold2_multimer_v3_model_3_seed_000.pdb
SET___SF3B2,3,4,A,B,0.0000,0.0,0.0,0.0000,0.2036,0.0000,0.0000,0.0,0.0,0.1700,62.3,36.3,0.260,0,0,0,0,,,,,290,895,,,,,SET___SF3B2_unrelaxed_rank_003_alphafold2_multimer_v3_model_4_seed_000.pdb
SET___SF3B2,4,2,A,B,0.0000,0.0,0.0,0.0000,0.2335,0.0000,0.0000,0.0,0.0,0.1700,64.2,39.0,0.270,0,0,0,0,,,,,290,895,,,,,SET___SF3B2_unrelaxed_rank_004_alphafold2_multimer_v3_model_2_seed_000.pdb
SET___SF3B2,5,5,A,B,0.0000,0.0,0.0,0.0000,0.1698,0.0000,0.0000,0.0,0.0,0.1600,63.5,40.2,0.270,0,0,0,0,,,,,290,895,,,,,SET___SF3B2_unrelaxed_rank_005_alphafold2_multimer_v3_model_5_seed_000.pdb
SF1___CDC5L,1,3,A,B,0.0708,105.3,7.5,0.0128,0.5718,0.0542,0.0926,317.0,35.0,0.2500,38.8,57.9,0.280,39,56,11,13,76.7,73.4,67.3,63.2,639,802,"[58-59,61-65,67,74,80-108,111]","[14-22,24-26,28-39,41-50,52,135-146,148-153,155-157]","[82,84-87,90-93,96-97]","[30,32-33,35-36,135-138,140,142-144]",SF1___CDC5L_unrelaxed_rank_001_alphafold2_multimer_v3_model_3_seed_000.pdb
SF1___CDC5L,2,2,A,B,0.0815,68.6,5.6,0.0136,0.5689,0.0677,0.0981,124.0,38.0,0.2200,38.5,56.1,0.250,15,13,11,7,70.7,61.8,71.3,60.6,639,802,[240-254],"[182-183,185-195]","[240-245,247-248,251,253-254]","[187-188,190-191,193-195]",SF1___CDC5L_unrelaxed_rank_002_alphafold2_multimer_v3_model_2_seed_000.pdb
SF1___CDC5L,3,5,A,B,0.0484,18.3,0.9,0.0119,0.5802,0.0494,0.0474,56.0,6.0,0.2200,39.3,53.7,0.260,15,21,4,3,56.5,46.8,48.3,43.1,639,802,"[75-76,81,84-90,92,94,96,102-103]","[32-33,49,53,135-144,146,148-149,152-153,155,159]",[84-87],"[140,142-143]",SF1___CDC5L_unrelaxed_rank_003_alphafold2_multimer_v3_model_5_seed_000.pdb
SF1___CDC5L,4,1,A,B,0.0000,0.0,0.0,0.0000,0.1700,0.0000,0.0000,0.0,0.0,0.1600,38.6,58.4,0.240,0,0,0,0,,,,,639,802,,,,,SF1___CDC5L_unrelaxed_rank_004_alphafold2_multimer_v3_model_1_seed_000.pdb
SF1___CDC5L,5,4,A,B,0.0000,0.0,0.0,0.0000,0.1709,0.0000,0.0000,0.0,0.0,0.1500,36.7,53.3,0.240,0,0,0,0,,,,,639,802,,,,,SF1___CDC5L_unrelaxed_rank_005_alphafold2_multimer_v3_model_4_seed_000.pdb
SF1___FAM50A,1,5,A,B,0.2576,320.4,82.5,0.1489,0.8069,0.1511,0.4393,4665.0,22.0,0.3600,40.1,56.9,0.320,73,128,5,5,74.3,78.4,54.1,67.2,639,339,"[49-116,119,129-130,132-133]","[193-283,298-334]","[85,87,91-93]","[207-209,315,318]",SF1___FAM50A_unrelaxed_rank_001_alphafold2_multimer_v3_model_5_seed_000.pdb
SF1___FAM50A,2,4,A,B,0.0000,0.0,0.0,0.0000,0.1495,0.0000,0.0000,0.0,0.0,0.1300,37.9,56.3,0.250,0,0,0,0,,,,,639,339,,,,,SF1___FAM50A_unrelaxed_rank_002_alphafold2_multimer_v3_model_4_seed_000.pdb
SF1___FAM50A,3,1,A,B,0.0000,0.0,0.0,0.0000,0.1342,0.0000,0.0000,0.0,0.0,0.1300,41.3,61.3,0.250,0,0,0,0,,,,,639,339,,,,,SF1___FAM50A_unrelaxed_rank_003_alphafold2_multimer_v3_model_1_seed_000.pdb
SF1___FAM50A,4,2,A,B,0.0000,0.0,0.0,0.0000,0.0000,0.0000,0.0000,0.0,0.0,0.1300,39.1,63.9,0.250,0,0,0,0,,,,,639,339,,,,,SF1___FAM50A_unrelaxed_rank_004_alphafold2_multimer_v3_model_2_seed_000.pdb
SF1___FAM50A,5,3,A,B,0.0000,0.0,0.0,0.0000,0.1259,0.0000,0.0000,0.0,0.0,0.1300,39.1,57.5,0.250,0,0,0,0,,,,,639,339,,,,,SF1___FAM50A_unrelaxed_rank_005_alphafold2_multimer_v3_model_3_seed_000.pdb
SF1___PPP1R10,1,2,A,B,0.2307,620.8,143.2,0.0558,0.8543,0.2035,0.2615,3239.0,119.0,0.2800,40.1,33.4,0.250,111,169,38,25,73.1,84.7,67.4,66.3,639,940,"[33,36-131,309-322]","[8-16,18-148,485-487,489-514]","[37-42,49,53,56-57,60,70-73,78-83,86,94-95,97,100-101,103-105,312-313,316-317,319-322]","[108-109,114-115,118,137-138,140-141,144,494-497,499,501-502,504-510,512]",SF1___PPP1R10_unrelaxed_rank_001_alphafold2_multimer_v3_model_2_seed_000.pdb
SF1___PPP1R10,2,1,A,B,0.2537,255.7,64.9,0.0243,0.8563,0.2070,0.3109,1816.0,36.0,0.2200,37.4,30.3,0.250,15,141,8,11,44.2,89.9,46.3,85.9,639,940,[310-324],[8-148],"[312-313,316-317,319-322]","[105,108-109,114-115,118,137,140-141,144-145]",SF1___PPP1R10_unrelaxed_rank_002_alphafold2_multimer_v3_model_1_seed_000.pdb
SF1___PPP1R10,3,4,A,B,0.1110,145.8,16.2,0.0169,0.7053,0.1040,0.1185,966.0,22.0,0.2000,38.3,31.8,0.250,12,137,6,10,45.1,90.1,45.6,85.0,639,940,[312-323],"[9-16,18-20,22-147]","[316-317,319-322]","[105,108-109,114,118,140-141,143-145]",SF1___PPP1R10_unrelaxed_rank_003_alphafold2_multimer_v3_model_4_seed_000.pdb
SF1___PPP1R10,4,3,A,B,0.0000,0.0,0.0,0.0000,0.3514,0.0000,0.0000,0.0,0.0,0.2000,38.4,31.9,0.250,0,0,0,0,,,,,639,940,,,,,SF1___PPP1R10_unrelaxed_rank_004_alphafold2_multimer_v3_model_3_seed_000.pdb
SF1___PPP1R10,5,5,A,B,0.0000,0.0,0.0,0.0000,0.3259,0.0000,0.0000,0.0,0.0,0.1700,39.2,32.3,0.250,0,0,0,0,,,,,639,940,,,,,SF1___PPP1R10_unrelaxed_rank_005_alphafold2_multimer_v3_model_5_seed_000.pdb
SF3B2___DNAJA1,1,5,A,B,0.0000,0.0,0.0,0.0000,0.3259,0.0000,0.0000,0.0,0.0,0.2700,39.3,72.9,0.300,0,0,0,0,,,,,895,397,,,,,SF3B2___DNAJA1_unrelaxed_rank_001_alphafold2_multimer_v3_model_5_seed_000.pdb
SF3B2___DNAJA1,2,1,A,B,0.0000,0.0,0.0,0.0000,0.2040,0.0000,0.0000,0.0,0.0,0.2100,39.8,72.7,0.280,0,0,0,0,,,,,895,397,,,,,SF3B2___DNAJA1_unrelaxed_rank_002_alphafold2_multimer_v3_model_1_seed_000.pdb
SF3B2___DNAJA1,3,4,A,B,0.0000,0.0,0.0,0.0000,0.1670,0.0000,0.0000,0.0,0.0,0.1600,35.0,71.4,0.280,0,0,0,0,,,,,895,397,,,,,SF3B2___DNAJA1_unrelaxed_rank_003_alphafold2_multimer_v3_model_4_seed_000.pdb
SF3B2___DNAJA1,4,2,A,B,0.0000,0.0,0.0,0.0000,0.1459,0.0000,0.0000,0.0,0.0,0.1500,38.1,72.9,0.280,0,0,0,0,,,,,895,397,,,,,SF3B2___DNAJA1_unrelaxed_rank_004_alphafold2_multimer_v3_model_2_seed_000.pdb
SF3B2___DNAJA1,5,3,A,B,0.0000,0.0,0.0,0.0000,0.1332,0.0000,0.0000,0.0,0.0,0.1400,38.9,71.5,0.280,0,0,0,0,,,,,895,397,,,,,SF3B2___DNAJA1_unrelaxed_rank_005_alphafold2_multimer_v3_model_3_seed_000.pdb
SF3B2___PRDX1,1,1,A,B,0.0000,0.0,0.0,0.0000,0.1336,0.0000,0.0000,0.0,0.0,0.1400,44.2,87.4,0.280,0,0,0,0,,,,,895,199,,,,,SF3B2___PRDX1_unrelaxed_rank_001_alphafold2_multimer_v3_model_1_seed_000.pdb
SF3B2___PRDX1,2,5,A,B,0.0000,0.0,0.0,0.0000,0.0000,0.0000,0.0000,0.0,0.0,0.1300,41.2,91.0,0.270,0,0,0,0,,,,,895,199,,,,,SF3B2___PRDX1_unrelaxed_rank_002_alphafold2_multimer_v3_model_5_seed_000.pdb
SF3B2___PRDX1,3,3,A,B,0.0000,0.0,0.0,0.0000,0.0000,0.0000,0.0000,0.0,0.0,0.1300,42.2,91.4,0.270,0,0,0,0,,,,,895,199,,,,,SF3B2___PRDX1_unrelaxed_rank_003_alphafold2_multimer_v3_model_3_seed_000.pdb
SF3B2___PRDX1,4,4,A,B,0.0000,0.0,0.0,0.0000,0.1137,0.0000,0.0000,0.0,0.0,0.1300,37.8,89.1,0.260,0,0,0,0,,,,,895,199,,,,,SF3B2___PRDX1_unrelaxed_rank_004_alphafold2_multimer_v3_model_4_seed_000.pdb
SF3B2___PRDX1,5,2,A,B,0.0000,0.0,0.0,0.0000,0.1204,0.0000,0.0000,0.0,0.0,0.1200,43.2,88.5,0.270,0,0,0,0,,,,,895,199,,,,,SF3B2___PRDX1_unrelaxed_rank_005_alphafold2_multimer_v3_model_2_seed_000.pdb
SF3B2___PTBP1,1,2,A,B,0.0401,3.9,0.2,0.0000,0.4881,0.0350,0.0460,5.0,3.0,0.2200,37.0,67.2,0.270,2,4,2,2,41.4,82.2,41.4,83.3,895,557,[799-800],"[244-246,250]",[799-800],[245-246],SF3B2___PTBP1_unrelaxed_rank_001_alphafold2_multimer_v3_model_2_seed_000.pdb
SF3B2___PTBP1,2,1,A,B,0.0000,0.0,0.0,0.0000,0.1871,0.0000,0.0000,0.0,0.0,0.1700,35.7,62.7,0.270,0,0,0,0,,,,,895,557,,,,,SF3B2___PTBP1_unrelaxed_rank_002_alphafold2_multimer_v3_model_1_seed_000.pdb
SF3B2___PTBP1,3,5,A,B,0.0000,0.0,0.0,0.0000,0.1756,0.0000,0.0000,0.0,0.0,0.1600,36.7,65.7,0.260,0,0,0,0,,,,,895,557,,,,,SF3B2___PTBP1_unrelaxed_rank_003_alphafold2_multimer_v3_model_5_seed_000.pdb
SF3B2___PTBP1,4,4,A,B,0.0000,0.0,0.0,0.0000,0.1598,0.0000,0.0000,0.0,0.0,0.1500,33.1,64.2,0.260,0,0,0,0,,,,,895,557,,,,,SF3B2___PTBP1_unrelaxed_rank_004_alphafold2_multimer_v3_model_4_seed_000.pdb
SF3B2___PTBP1,5,3,A,B,0.0000,0.0,0.0,0.0000,0.1451,0.0000,0.0000,0.0,0.0,0.1500,37.1,64.1,0.260,0,0,0,0,,,,,895,557,,,,,SF3B2___PTBP1_unrelaxed_rank_005_alphafold2_multimer_v3_model_3_seed_000.pdb
SF3B2___RBM4,1,1,A,B,0.0000,0.0,0.0,0.0000,0.1582,0.0000,0.0000,0.0,0.0,0.1500,39.6,46.4,0.200,0,0,0,0,,,,,895,364,,,,,SF3B2___RBM4_unrelaxed_rank_001_alphafold2_multimer_v3_model_1_seed_000.pdb
SF3B2___RBM4,2,3,A,B,0.0000,0.0,0.0,0.0000,0.1855,0.0000,0.0000,0.0,0.0,0.1500,41.9,42.5,0.210,0,0,0,0,,,,,895,364,,,,,SF3B2___RBM4_unrelaxed_rank_002_alphafold2_multimer_v3_model_3_seed_000.pdb
SF3B2___RBM4,3,5,A,B,0.0000,0.0,0.0,0.0000,0.1394,0.0000,0.0000,0.0,0.0,0.1500,41.7,45.6,0.210,0,0,0,0,,,,,895,364,,,,,SF3B2___RBM4_unrelaxed_rank_003_alphafold2_multimer_v3_model_5_seed_000.pdb
SF3B2___RBM4,4,2,A,B,0.0000,0.0,0.0,0.0000,0.1465,0.0000,0.0000,0.0,0.0,0.1500,40.3,46.6,0.210,0,0,0,0,,,,,895,364,,,,,SF3B2___RBM4_unrelaxed_rank_004_alphafold2_multimer_v3_model_2_seed_000.pdb
SF3B2___RBM4,5,4,A,B,0.0000,0.0,0.0,0.0000,0.1639,0.0000,0.0000,0.0,0.0,0.1400,37.3,46.9,0.200,0,0,0,0,,,,,895,364,,,,,SF3B2___RBM4_unrelaxed_rank_005_alphafold2_multimer_v3_model_4_seed_000.pdb
SFPQ___TXN,1,4,A,B,0.1618,759.5,122.9,0.1702,0.6801,0.1102,0.2375,12818.0,45.0,0.7200,50.4,89.6,0.440,188,105,9,12,89.4,89.6,90.9,86.7,707,105,"[281-358,360-460,462-464,505,508-509,512-513,519]",[1-105],"[389,392-396,426,429-430]","[29,31-35,72-75,90-91]",SFPQ___TXN_unrelaxed_rank_001_alphafold2_multimer_v3_model_4_seed_000.pdb
SFPQ___TXN,2,2,A,B,0.0000,0.0,0.0,0.0000,0.1259,0.0000,0.0000,0.0,0.0,0.1400,48.0,86.6,0.370,0,0,0,0,,,,,707,105,,,,,SFPQ___TXN_unrelaxed_rank_002_alphafold2_multimer_v3_model_2_seed_000.pdb
SFPQ___TXN,3,1,A,B,0.0000,0.0,0.0,0.0000,0.1150,0.0000,0.0000,0.0,0.0,0.1300,50.2,84.5,0.380,0,0,0,0,,,,,707,105,,,,,SFPQ___TXN_unrelaxed_rank_003_alphafold2_multimer_v3_model_1_seed_000.pdb
SFPQ___TXN,4,3,A,B,0.0000,0.0,0.0,0.0000,0.0965,0.0000,0.0000,0.0,0.0,0.1200,49.3,87.6,0.370,0,0,0,0,,,,,707,105,,,,,SFPQ___TXN_unrelaxed_rank_004_alphafold2_multimer_v3_model_3_seed_000.pdb
SFPQ___TXN,5,5,A,B,0.0000,0.0,0.0,0.0000,0.0000,0.0000,0.0000,0.0,0.0,0.1200,48.9,87.4,0.370,0,0,0,0,,,,,707,105,,,,,SFPQ___TXN_unrelaxed_rank_005_alphafold2_multimer_v3_model_5_seed_000.pdb
SMAP___LUC7L2,1,3,A,B,0.0000,0.0,0.0,0.0000,0.1808,0.0000,0.0000,0.0,0.0,0.1500,28.4,64.3,0.440,0,0,0,0,,,,,183,392,,,,,SMAP___LUC7L2_unrelaxed_rank_001_alphafold2_multimer_v3_model_3_seed_000.pdb
SMAP___LUC7L2,2,4,A,B,0.0000,0.0,0.0,0.0000,0.1314,0.0000,0.0000,0.0,0.0,0.1300,26.2,65.5,0.430,0,0,0,0,,,,,183,392,,,,,SMAP___LUC7L2_unrelaxed_rank_002_alphafold2_multimer_v3_model_4_seed_000.pdb
SMAP___LUC7L2,3,5,A,B,0.0000,0.0,0.0,0.0000,0.2090,0.0000,0.0000,0.0,0.0,0.1300,26.5,65.4,0.440,0,0,0,0,,,,,183,392,,,,,SMAP___LUC7L2_unrelaxed_rank_003_alphafold2_multimer_v3_model_5_seed_000.pdb
SMAP___LUC7L2,4,1,A,B,0.0000,0.0,0.0,0.0000,0.2774,0.0000,0.0000,0.0,0.0,0.1200,24.3,67.6,0.450,0,0,0,0,,,,,183,392,,,,,SMAP___LUC7L2_unrelaxed_rank_004_alphafold2_multimer_v3_model_1_seed_000.pdb
SMAP___LUC7L2,5,2,A,B,0.0000,0.0,0.0,0.0000,0.1719,0.0000,0.0000,0.0,0.0,0.1100,25.8,64.0,0.430,0,0,0,0,,,,,183,392,,,,,SMAP___LUC7L2_unrelaxed_rank_005_alphafold2_multimer_v3_model_2_seed_000.pdb
SMAP___NCL,1,3,A,B,0.0192,4.5,0.1,0.0000,0.4038,0.0295,0.0125,20.0,1.0,0.2200,24.4,47.1,0.250,6,15,1,1,44.8,84.0,45.7,81.9,183,710,"[77,79-80,82-84]","[573,575,586-590,592,600,615,617,628,639,642,645]",[80],[575],SMAP___NCL_unrelaxed_rank_001_alphafold2_multimer_v3_model_3_seed_000.pdb
SMAP___NCL,2,1,A,B,0.0628,14.1,0.9,0.0000,0.4245,0.0634,0.0623,50.0,4.0,0.2100,24.0,48.1,0.280,9,24,2,4,40.6,88.6,39.4,84.4,183,710,[86-94],"[489-491,500-501,503-507,511,524-525,530-536,538-539,552,554]",[92-93],"[489,491,524-525]",SMAP___NCL_unrelaxed_rank_002_alphafold2_multimer_v3_model_1_seed_000.pdb
SMAP___NCL,3,2,A,B,0.0000,0.0,0.0,0.0000,0.3432,0.0000,0.0000,0.0,0.0,0.1900,23.8,46.2,0.240,0,0,0,0,,,,,183,710,,,,,SMAP___NCL_unrelaxed_rank_003_alphafold2_multimer_v3_model_2_seed_000.pdb
SMAP___NCL,4,5,A,B,0.0000,0.0,0.0,0.0000,0.2791,0.0000,0.0000,0.0,0.0,0.1700,24.1,47.7,0.270,0,0,0,0,,,,,183,710,,,,,SMAP___NCL_unrelaxed_rank_004_alphafold2_multimer_v3_model_5_seed_000.pdb
SMAP___NCL,5,4,A,B,0.0000,0.0,0.0,0.0000,0.2966,0.0000,0.0000,0.0,0.0,0.1700,25.0,47.2,0.260,0,0,0,0,,,,,183,710,,,,,SMAP___NCL_unrelaxed_rank_005_alphafold2_multimer_v3_model_4_seed_000.pdb
SMAP___ZNF503,1,1,A,B,0.0000,0.0,0.0,0.0000,0.2306,0.0000,0.0000,0.0,0.0,0.1500,28.9,24.8,0.170,0,0,0,0,,,,,183,646,,,,,SMAP___ZNF503_unrelaxed_rank_001_alphafold2_multimer_v3_model_1_seed_000.pdb
SMAP___ZNF503,2,3,A,B,0.0000,0.0,0.0,0.0000,0.1647,0.0000,0.0000,0.0,0.0,0.1400,31.7,24.8,0.160,0,0,0,0,,,,,183,646,,,,,SMAP___ZNF503_unrelaxed_rank_002_alphafold2_multimer_v3_model_3_seed_000.pdb
SMAP___ZNF503,3,2,A,B,0.0000,0.0,0.0,0.0000,0.2377,0.0000,0.0000,0.0,0.0,0.1300,32.9,23.4,0.170,0,0,0,0,,,,,183,646,,,,,SMAP___ZNF503_unrelaxed_rank_003_alphafold2_multimer_v3_model_2_seed_000.pdb
SMAP___ZNF503,4,4,A,B,0.0000,0.0,0.0,0.0000,0.0951,0.0000,0.0000,0.0,0.0,0.1200,34.9,26.3,0.150,0,0,0,0,,,,,183,646,,,,,SMAP___ZNF503_unrelaxed_rank_004_alphafold2_multimer_v3_model_4_seed_000.pdb
SMAP___ZNF503,5,5,A,B,0.0000,0.0,0.0,0.0000,0.0000,0.0000,0.0000,0.0,0.0,0.1100,31.2,26.8,0.150,0,0,0,0,,,,,183,646,,,,,SMAP___ZNF503_unrelaxed_rank_005_alphafold2_multimer_v3_model_5_seed_000.pdb
SNRPC___CCNT1,1,2,A,B,0.0000,0.0,0.0,0.0000,0.3048,0.0000,0.0000,0.0,0.0,0.2300,36.4,46.8,0.410,0,0,0,0,,,,,159,726,,,,,SNRPC___CCNT1_unrelaxed_rank_001_alphafold2_multimer_v3_model_2_seed_000.pdb
SNRPC___CCNT1,2,4,A,B,0.0428,84.7,3.6,0.0000,0.4616,0.0378,0.0484,448.0,16.0,0.1900,31.4,43.9,0.380,9,153,5,9,44.3,92.0,44.3,79.6,159,726,[38-46],"[14,18-19,22,24-25,29-64,66-72,75,78,80,84-95,103-104,106-108,110-111,134-143,146,149-159,161-165,169-180,182-200,202-204,206,213,221-223,229-243,245]","[38,41-43,45]","[169,171-177,204]",SNRPC___CCNT1_unrelaxed_rank_002_alphafold2_multimer_v3_model_4_seed_000.pdb
SNRPC___CCNT1,3,5,A,B,0.0000,0.0,0.0,0.0000,0.1828,0.0000,0.0000,0.0,0.0,0.1700,31.2,44.4,0.380,0,0,0,0,,,,,159,726,,,,,SNRPC___CCNT1_unrelaxed_rank_003_alphafold2_multimer_v3_model_5_seed_000.pdb
SNRPC___CCNT1,4,1,A,B,0.0000,0.0,0.0,0.0000,0.2707,0.0000,0.0000,0.0,0.0,0.1700,25.5,45.1,0.370,0,0,0,0,,,,,159,726,,,,,SNRPC___CCNT1_unrelaxed_rank_004_alphafold2_multimer_v3_model_1_seed_000.pdb
SNRPC___CCNT1,5,3,A,B,0.0000,0.0,0.0,0.0000,0.1778,0.0000,0.0000,0.0,0.0,0.1600,29.8,44.8,0.370,0,0,0,0,,,,,159,726,,,,,SNRPC___CCNT1_unrelaxed_rank_005_alphafold2_multimer_v3_model_3_seed_000.pdb
SNRPC___RAVER1,1,4,A,B,0.6181,1174.4,725.9,0.6898,0.9742,0.4768,0.8013,31345.0,44.0,0.4800,47.2,56.8,0.510,63,302,11,13,84.6,93.5,90.3,93.5,159,606,[1-63],[25-326],"[5,7,34-35,37-39,42,44-45,48]","[88,90,93,95,97,129,131,156-157,181-183,185]",SNRPC___RAVER1_unrelaxed_rank_001_alphafold2_multimer_v3_model_4_seed_000.pdb
SNRPC___RAVER1,2,5,A,B,0.6013,1024.2,615.9,0.6550,0.9677,0.4594,0.7872,30855.0,34.0,0.4600,44.4,55.9,0.500,63,299,10,12,82.4,93.6,88.3,93.0,159,606,[1-63],[25-323],"[5,7,34-35,37-38,42,44-45,48]","[88,90,93,95,97,129,131,156-157,181-183]",SNRPC___RAVER1_unrelaxed_rank_002_alphafold2_multimer_v3_model_5_seed_000.pdb
SNRPC___RAVER1,3,3,A,B,0.5711,1061.5,606.2,0.6098,0.9593,0.4320,0.7550,29650.0,38.0,0.4500,44.7,56.2,0.500,63,297,10,12,82.1,94.1,87.1,92.6,159,606,[1-63],[27-323],"[5,7,34-35,38-39,42,44-45,48]","[88,90,93,95,97,129,131,156-157,181-183]",SNRPC___RAVER1_unrelaxed_rank_003_alphafold2_multimer_v3_model_3_seed_000.pdb
SNRPC___RAVER1,4,1,A,B,0.5688,1072.7,610.2,0.6013,0.9609,0.4227,0.7654,28766.0,40.0,0.4500,44.3,55.0,0.490,62,293,10,13,81.5,92.9,87.2,92.5,159,606,[1-62],[31-323],"[5,7,34-35,37-39,42,45,48]","[88,90,93,95,97,129,131,156-157,180-182,185]",SNRPC___RAVER1_unrelaxed_rank_004_alphafold2_multimer_v3_model_1_seed_000.pdb
SNRPC___RAVER1,5,2,A,B,0.0000,0.0,0.0,0.0000,0.1973,0.0000,0.0000,0.0,0.0,0.1500,30.4,54.4,0.440,0,0,0,0,,,,,159,606,,,,,SNRPC___RAVER1_unrelaxed_rank_005_alphafold2_multimer_v3_model_2_seed_000.pdb
SNRPC___SF3B2,1,1,A,B,0.1698,180.7,30.7,0.0150,0.6575,0.1185,0.2434,1166.0,28.0,0.2900,38.9,44.2,0.210,39,47,8,8,70.7,77.9,65.1,75.3,159,895,[1-39],[460-506],"[1-3,5,7,11-12,14]","[471,473-474,492-493,495,499,502]",SNRPC___SF3B2_unrelaxed_rank_001_alphafold2_multimer_v3_model_1_seed_000.pdb
SNRPC___SF3B2,2,2,A,B,0.0000,0.0,0.0,0.0000,0.1884,0.0000,0.0000,0.0,0.0,0.1800,36.7,43.2,0.200,0,0,0,0,,,,,159,895,,,,,SNRPC___SF3B2_unrelaxed_rank_002_alphafold2_multimer_v3_model_2_seed_000.pdb
SNRPC___SF3B2,3,4,A,B,0.0000,0.0,0.0,0.0000,0.2325,0.0000,0.0000,0.0,0.0,0.1700,36.0,41.6,0.190,0,0,0,0,,,,,159,895,,,,,SNRPC___SF3B2_unrelaxed_rank_003_alphafold2_multimer_v3_model_4_seed_000.pdb
SNRPC___SF3B2,4,3,A,B,0.0000,0.0,0.0,0.0000,0.1771,0.0000,0.0000,0.0,0.0,0.1500,35.9,45.2,0.200,0,0,0,0,,,,,159,895,,,,,SNRPC___SF3B2_unrelaxed_rank_004_alphafold2_multimer_v3_model_3_seed_000.pdb
SNRPC___SF3B2,5,5,A,B,0.0000,0.0,0.0,0.0000,0.1868,0.0000,0.0000,0.0,0.0,0.1500,35.9,43.3,0.210,0,0,0,0,,,,,159,895,,,,,SNRPC___SF3B2_unrelaxed_rank_005_alphafold2_multimer_v3_model_5_seed_000.pdb
STIP1___CCNT1,1,4,A,B,0.0000,0.0,0.0,0.0000,0.2978,0.0000,0.0000,0.0,0.0,0.1800,77.0,40.8,0.320,0,0,0,0,,,,,543,726,,,,,STIP1___CCNT1_unrelaxed_rank_001_alphafold2_multimer_v3_model_4_seed_000.pdb
STIP1___CCNT1,2,1,A,B,0.0000,0.0,0.0,0.0000,0.1818,0.0000,0.0000,0.0,0.0,0.1700,78.6,41.9,0.320,0,0,0,0,,,,,543,726,,,,,STIP1___CCNT1_unrelaxed_rank_002_alphafold2_multimer_v3_model_1_seed_000.pdb
STIP1___CCNT1,3,2,A,B,0.0000,0.0,0.0,0.0000,0.2886,0.0000,0.0000,0.0,0.0,0.1700,80.9,42.5,0.320,0,0,0,0,,,,,543,726,,,,,STIP1___CCNT1_unrelaxed_rank_003_alphafold2_multimer_v3_model_2_seed_000.pdb
STIP1___CCNT1,4,3,A,B,0.0000,0.0,0.0,0.0000,0.1690,0.0000,0.0000,0.0,0.0,0.1600,77.7,42.1,0.320,0,0,0,0,,,,,543,726,,,,,STIP1___CCNT1_unrelaxed_rank_004_alphafold2_multimer_v3_model_3_seed_000.pdb
STIP1___CCNT1,5,5,A,B,0.0000,0.0,0.0,0.0000,0.1555,0.0000,0.0000,0.0,0.0,0.1500,79.6,41.8,0.310,0,0,0,0,,,,,543,726,,,,,STIP1___CCNT1_unrelaxed_rank_005_alphafold2_multimer_v3_model_5_seed_000.pdb
STIP1___DAZAP1,1,1,A,B,0.0000,0.0,0.0,0.0000,0.2302,0.0000,0.0000,0.0,0.0,0.1600,82.9,39.6,0.360,0,0,0,0,,,,,543,407,,,,,STIP1___DAZAP1_unrelaxed_rank_001_alphafold2_multimer_v3_model_1_seed_000.pdb
STIP1___DAZAP1,2,2,A,B,0.0000,0.0,0.0,0.0000,0.1543,0.0000,0.0000,0.0,0.0,0.1400,85.3,40.9,0.360,0,0,0,0,,,,,543,407,,,,,STIP1___DAZAP1_unrelaxed_rank_002_alphafold2_multimer_v3_model_2_seed_000.pdb
STIP1___DAZAP1,3,3,A,B,0.0000,0.0,0.0,0.0000,0.1188,0.0000,0.0000,0.0,0.0,0.1400,81.8,39.4,0.350,0,0,0,0,,,,,543,407,,,,,STIP1___DAZAP1_unrelaxed_rank_003_alphafold2_multimer_v3_model_3_seed_000.pdb
STIP1___DAZAP1,4,4,A,B,0.0000,0.0,0.0,0.0000,0.1177,0.0000,0.0000,0.0,0.0,0.1300,82.1,38.7,0.360,0,0,0,0,,,,,543,407,,,,,STIP1___DAZAP1_unrelaxed_rank_004_alphafold2_multimer_v3_model_4_seed_000.pdb
STIP1___DAZAP1,5,5,A,B,0.0000,0.0,0.0,0.0000,0.1247,0.0000,0.0000,0.0,0.0,0.1300,83.4,40.9,0.350,0,0,0,0,,,,,543,407,,,,,STIP1___DAZAP1_unrelaxed_rank_005_alphafold2_multimer_v3_model_5_seed_000.pdb
SUGP2___PTBP1,1,3,A,B,0.0541,68.4,3.7,0.0112,0.5606,0.0507,0.0577,180.0,26.0,0.2600,37.0,60.0,0.300,61,18,14,5,80.7,71.9,75.2,64.9,1082,557,"[366,369-370,382,394-400,402-403,405-409,413-436,439,476,483,486-487,489-495,497-498,502,521-523,527]","[187-196,244-249,251-252]","[395,397-398,416,418-420,422-423,426-428,430-431]","[192-194,247,249]",SUGP2___PTBP1_unrelaxed_rank_001_alphafold2_multimer_v3_model_3_seed_000.pdb
SUGP2___PTBP1,2,1,A,B,0.0544,1.7,0.1,0.0000,0.5014,0.0529,0.0558,3.0,1.0,0.2400,35.5,58.4,0.280,1,3,1,1,38.6,65.5,38.6,79.4,1082,557,[1052],"[241,247-248]",[1052],[241],SUGP2___PTBP1_unrelaxed_rank_002_alphafold2_multimer_v3_model_1_seed_000.pdb
SUGP2___PTBP1,3,2,A,B,0.0000,0.0,0.0,0.0000,0.3400,0.0000,0.0000,0.0,0.0,0.2300,39.9,64.6,0.300,0,0,0,0,,,,,1082,557,,,,,SUGP2___PTBP1_unrelaxed_rank_003_alphafold2_multimer_v3_model_2_seed_000.pdb
SUGP2___PTBP1,4,5,A,B,0.0000,0.0,0.0,0.0000,0.3972,0.0000,0.0000,0.0,0.0,0.2300,34.9,62.9,0.280,0,0,0,0,,,,,1082,557,,,,,SUGP2___PTBP1_unrelaxed_rank_004_alphafold2_multimer_v3_model_5_seed_000.pdb
SUGP2___PTBP1,5,4,A,B,0.0000,0.0,0.0,0.0000,0.3571,0.0000,0.0000,0.0,0.0,0.2300,34.6,58.1,0.270,0,0,0,0,,,,,1082,557,,,,,SUGP2___PTBP1_unrelaxed_rank_005_alphafold2_multimer_v3_model_4_seed_000.pdb
SUPT5H___CDC37,1,2,A,B,0.1074,387.7,41.6,0.0141,0.6996,0.0876,0.1318,1833.0,82.0,0.3300,53.1,63.3,0.290,27,128,17,29,44.3,84.7,45.0,86.0,1087,378,"[110-129,162,164-169]","[147-242,246-277]","[111,114-115,117-119,121-126,128-129,164-165,168]","[164,187-188,191-192,195,197,204-205,208,213-214,217-218,220-222,225,247-248,251-252,254-255,258-259,262-263,266]",SUPT5H___CDC37_unrelaxed_rank_001_alphafold2_multimer_v3_model_2_seed_000.pdb
SUPT5H___CDC37,2,4,A,B,0.0000,0.0,0.0,0.0000,0.2964,0.0000,0.0000,0.0,0.0,0.2200,49.8,62.5,0.270,0,0,0,0,,,,,1087,378,,,,,SUPT5H___CDC37_unrelaxed_rank_002_alphafold2_multimer_v3_model_4_seed_000.pdb
SUPT5H___CDC37,3,1,A,B,0.0000,0.0,0.0,0.0000,0.3080,0.0000,0.0000,0.0,0.0,0.1900,51.7,64.5,0.240,0,0,0,0,,,,,1087,378,,,,,SUPT5H___CDC37_unrelaxed_rank_003_alphafold2_multimer_v3_model_1_seed_000.pdb
SUPT5H___CDC37,4,3,A,B,0.0000,0.0,0.0,0.0000,0.3068,0.0000,0.0000,0.0,0.0,0.1900,51.3,64.8,0.250,0,0,0,0,,,,,1087,378,,,,,SUPT5H___CDC37_unrelaxed_rank_004_alphafold2_multimer_v3_model_3_seed_000.pdb
SUPT5H___CDC37,5,5,A,B,0.0000,0.0,0.0,0.0000,0.2339,0.0000,0.0000,0.0,0.0,0.1600,52.8,63.3,0.250,0,0,0,0,,,,,1087,378,,,,,SUPT5H___CDC37_unrelaxed_rank_005_alphafold2_multimer_v3_model_5_seed_000.pdb
SUPT5H___HMGB1,1,4,A,B,0.0000,0.0,0.0,0.0000,0.1897,0.0000,0.0000,0.0,0.0,0.2100,50.9,48.5,0.240,0,0,0,0,,,,,1087,215,,,,,SUPT5H___HMGB1_unrelaxed_rank_001_alphafold2_multimer_v3_model_4_seed_000.pdb
SUPT5H___HMGB1,2,3,A,B,0.0000,0.0,0.0,0.0000,0.2076,0.0000,0.0000,0.0,0.0,0.1900,54.0,56.0,0.260,0,0,0,0,,,,,1087,215,,,,,SUPT5H___HMGB1_unrelaxed_rank_002_alphafold2_multimer_v3_model_3_seed_000.pdb
SUPT5H___HMGB1,3,1,A,B,0.0000,0.0,0.0,0.0000,0.1816,0.0000,0.0000,0.0,0.0,0.1800,53.2,48.2,0.240,0,0,0,0,,,,,1087,215,,,,,SUPT5H___HMGB1_unrelaxed_rank_003_alphafold2_multimer_v3_model_1_seed_000.pdb
SUPT5H___HMGB1,4,2,A,B,0.0000,0.0,0.0,0.0000,0.2584,0.0000,0.0000,0.0,0.0,0.1700,53.7,50.9,0.240,0,0,0,0,,,,,1087,215,,,,,SUPT5H___HMGB1_unrelaxed_rank_004_alphafold2_multimer_v3_model_2_seed_000.pdb
SUPT5H___HMGB1,5,5,A,B,0.0000,0.0,0.0,0.0000,0.1464,0.0000,0.0000,0.0,0.0,0.1600,54.2,53.6,0.260,0,0,0,0,,,,,1087,215,,,,,SUPT5H___HMGB1_unrelaxed_rank_005_alphafold2_multimer_v3_model_5_seed_000.pdb
TLE3___DHX15,1,4,A,B,0.1193,633.6,75.6,0.0155,0.7272,0.1072,0.1328,5213.0,77.0,0.5000,49.9,78.8,0.490,303,449,33,20,88.5,89.4,75.9,63.4,772,795,"[20-34,447-452,458,460-461,463,467-468,472-495,498-514,522-561,566-606,608-648,652-669,673-687,692-771]","[1-9,139-140,142-143,145-151,153-155,157-159,167-178,188-191,193-211,213-227,231-282,284-291,299-304,306-312,332,364,441-467,469-472,497-601,610-621,623-637,641,643-675,677-680,682-706,709-713,715-727,730-742,745-785]","[20-23,25-26,28-30,32-33,487-488,490,505-506,534,536,552,578,580,596,619,622,638,661,663,679,702,742-743,745,761]","[1-2,4-5,7-9,522-523,533,536-537,540-541,544,549-553]",TLE3___DHX15_unrelaxed_rank_001_alphafold2_multimer_v3_model_4_seed_000.pdb
TLE3___DHX15,2,3,A,B,0.1379,339.8,46.9,0.0185,0.7608,0.1233,0.1541,2624.0,44.0,0.3200,51.1,79.4,0.490,308,10,25,8,91.3,30.0,88.6,29.8,772,795,"[447-452,458-464,466-468,472-515,521-562,565-670,673-772]",[1-10],"[488,490,534,536,552,577-578,580,596,619-620,622,638,661,663,679,702,704,720,742-743,745,761-763]","[1-2,4-5,7-10]",TLE3___DHX15_unrelaxed_rank_002_alphafold2_multimer_v3_model_3_seed_000.pdb
TLE3___DHX15,3,1,A,B,0.0400,20.2,0.8,0.0000,0.5903,0.0462,0.0347,102.0,4.0,0.3200,51.2,77.6,0.480,76,4,4,2,91.0,46.9,91.5,31.1,772,795,"[244,450,483,485,487-488,491,493-494,500,502-503,509-512,535-536,541,546,552,558,577-580,585,590,592,595-597,602,604,622,632,634,638-639,646,654,656,660-661,667,673-674,678,684,686,694,696,699,701,704,708,714-715,718,720,725,727-728,733,735-736,744-745,755-756,758,763,765,767-769]","[5-7,690]","[578,580,622,745]","[5,7]",TLE3___DHX15_unrelaxed_rank_003_alphafold2_multimer_v3_model_1_seed_000.pdb
TLE3___DHX15,4,2,A,B,0.1463,411.6,60.2,0.0190,0.7298,0.1336,0.1603,2823.0,60.0,0.2600,51.9,79.0,0.470,308,10,24,10,91.6,37.2,89.1,37.2,772,795,"[447-452,458-464,466-468,472-515,521-562,565-670,672-687,689-772]",[1-10],"[487-488,490,506,534,536,551-552,578,580,596,620,622,638,663,702,704,720,742-745,760-761]",[1-10],TLE3___DHX15_unrelaxed_rank_004_alphafold2_multimer_v3_model_2_seed_000.pdb
TLE3___DHX15,5,5,A,B,0.1032,354.5,36.6,0.0166,0.7267,0.0892,0.1194,2564.0,49.0,0.2400,51.4,79.6,0.490,303,10,25,9,91.1,30.5,87.9,30.5,772,795,"[447-452,458-464,467-468,472-514,522-562,566-648,650-670,672-687,689-772]",[1-10],"[488,490,534,536,552,578,580,596,619-620,622,638,661,663,679,701-702,704,720,722,742-743,745,761-762]","[1-5,7-10]",TLE3___DHX15_unrelaxed_rank_005_alphafold2_multimer_v3_model_5_seed_000.pdb
TXN___CDC5L,1,2,A,B,0.1995,948.1,189.1,0.0774,0.6947,0.1273,0.3126,10962.0,82.0,0.6100,87.2,61.0,0.330,105,153,18,16,87.2,83.2,78.8,69.3,105,802,[1-105],"[537-559,561-590,611-619,621,623-712]","[30-34,36-37,58,60-61,67,73-75,90-93]","[566,643,646-649,652,656-657,660,663-664,667,679,681-682]",TXN___CDC5L_unrelaxed_rank_001_alphafold2_multimer_v3_model_2_seed_000.pdb
TXN___CDC5L,2,1,A,B,0.0958,425.6,40.8,0.0132,0.5473,0.0734,0.1250,2921.0,62.0,0.5500,85.8,63.9,0.330,81,116,16,15,85.5,83.6,76.7,68.8,105,802,"[2,5,7-8,11,22-46,49,52-81,84,86-104]","[539-548,553-555,566-589,612,615-616,627-672,675-702,704-705]","[30-34,36-37,58,60-61,73,90-93,96]","[643,646-649,652,656-657,660,663-664,667,679,681-682]",TXN___CDC5L_unrelaxed_rank_002_alphafold2_multimer_v3_model_1_seed_000.pdb
TXN___CDC5L,3,4,A,B,0.0000,0.0,0.0,0.0000,0.1418,0.0000,0.0000,0.0,0.0,0.2000,85.0,56.1,0.280,0,0,0,0,,,,,105,802,,,,,TXN___CDC5L_unrelaxed_rank_003_alphafold2_multimer_v3_model_4_seed_000.pdb
TXN___CDC5L,4,5,A,B,0.0000,0.0,0.0,0.0000,0.0000,0.0000,0.0000,0.0,0.0,0.1300,89.8,57.6,0.280,0,0,0,0,,,,,105,802,,,,,TXN___CDC5L_unrelaxed_rank_004_alphafold2_multimer_v3_model_5_seed_000.pdb
TXN___CDC5L,5,3,A,B,0.0000,0.0,0.0,0.0000,0.0000,0.0000,0.0000,0.0,0.0,0.1200,89.6,61.3,0.280,0,0,0,0,,,,,105,802,,,,,TXN___CDC5L_unrelaxed_rank_005_alphafold2_multimer_v3_model_3_seed_000.pdb
TXN___ZBTB33,1,2,A,B,0.3962,865.4,342.9,0.2967,0.8882,0.2798,0.5610,10699.0,70.0,0.7900,90.3,41.2,0.310,105,74,15,11,90.3,74.5,83.7,75.7,105,672,[1-105],"[477-546,559,561-562,564]","[29,32-34,59,66,71-75,90-93]","[481-482,497-500,513,516-519]",TXN___ZBTB33_unrelaxed_rank_001_alphafold2_multimer_v3_model_2_seed_000.pdb
TXN___ZBTB33,2,4,A,B,0.2360,1152.1,271.9,0.1330,0.6813,0.1585,0.3515,16187.0,82.0,0.6900,86.6,38.1,0.310,105,109,17,16,86.6,87.8,77.6,81.0,105,672,[1-105],[11-119],"[29,31-34,37-38,59,71-74,90-93,96]","[55-56,59-60,63-65,68-72,106-109]",TXN___ZBTB33_unrelaxed_rank_002_alphafold2_multimer_v3_model_4_seed_000.pdb
TXN___ZBTB33,3,1,A,B,0.0000,0.0,0.0,0.0000,0.2739,0.0000,0.0000,0.0,0.0,0.2800,83.8,36.4,0.260,0,0,0,0,,,,,105,672,,,,,TXN___ZBTB33_unrelaxed_rank_003_alphafold2_multimer_v3_model_1_seed_000.pdb
TXN___ZBTB33,4,3,A,B,0.0000,0.0,0.0,0.0000,0.2040,0.0000,0.0000,0.0,0.0,0.2100,83.8,37.3,0.250,0,0,0,0,,,,,105,672,,,,,TXN___ZBTB33_unrelaxed_rank_004_alphafold2_multimer_v3_model_3_seed_000.pdb
TXN___ZBTB33,5,5,A,B,0.0000,0.0,0.0,0.0000,0.1623,0.0000,0.0000,0.0,0.0,0.1600,84.6,38.5,0.240,0,0,0,0,,,,,105,672,,,,,TXN___ZBTB33_unrelaxed_rank_005_alphafold2_multimer_v3_model_5_seed_000.pdb
XRN2___RBM4,1,2,A,B,0.0359,27.0,1.0,0.0127,0.4994,0.0205,0.0629,731.0,1.0,0.2800,71.7,39.5,0.610,298,9,1,1,94.2,37.4,78.9,41.0,950,364,"[8,11-14,16-24,39-42,44,47-61,65,72-83,85-101,105,108,114,117,124,126-127,129-131,133-135,165-181,183,185,188,192-195,199-200,204,208-216,221-231,233-234,236-254,301-317,325-340,344-345,350,360-369,377-396,520-521,534,536-551,553-555,557,559-562,565-566,568,570-572,593-596,599,604,611,614,651-656,658,670-676,683,690-701,708,714,718,730,734-736,751-753,764-766,769-772,774-775]",[218-226],[233],[222],XRN2___RBM4_unrelaxed_rank_001_alphafold2_multimer_v3_model_2_seed_000.pdb
XRN2___RBM4,2,1,A,B,0.0000,0.0,0.0,0.0000,0.3554,0.0000,0.0000,0.0,0.0,0.2200,70.1,36.7,0.600,0,0,0,0,,,,,950,364,,,,,XRN2___RBM4_unrelaxed_rank_002_alphafold2_multimer_v3_model_1_seed_000.pdb
XRN2___RBM4,3,4,A,B,0.0000,0.0,0.0,0.0000,0.3333,0.0000,0.0000,0.0,0.0,0.2200,70.3,35.1,0.600,0,0,0,0,,,,,950,364,,,,,XRN2___RBM4_unrelaxed_rank_003_alphafold2_multimer_v3_model_4_seed_000.pdb
XRN2___RBM4,4,3,A,B,0.0000,0.0,0.0,0.0000,0.2968,0.0000,0.0000,0.0,0.0,0.2100,69.9,37.8,0.590,0,0,0,0,,,,,950,364,,,,,XRN2___RBM4_unrelaxed_rank_004_alphafold2_multimer_v3_model_3_seed_000.pdb
XRN2___RBM4,5,5,A,B,0.0000,0.0,0.0,0.0000,0.2673,0.0000,0.0000,0.0,0.0,0.1900,70.9,37.2,0.600,0,0,0,0,,,,,950,364,,,,,XRN2___RBM4_unrelaxed_rank_005_alphafold2_multimer_v3_model_5_seed_000.pdb
ZBTB33___PSPC1,1,5,A,B,0.0000,0.0,0.0,0.0000,0.2457,0.0000,0.0000,0.0,0.0,0.2100,38.3,57.8,0.320,0,0,0,0,,,,,672,523,,,,,ZBTB33___PSPC1_unrelaxed_rank_001_alphafold2_multimer_v3_model_5_seed_000.pdb
ZBTB33___PSPC1,2,3,A,B,0.0000,0.0,0.0,0.0000,0.1757,0.0000,0.0000,0.0,0.0,0.1500,38.5,57.8,0.320,0,0,0,0,,,,,672,523,,,,,ZBTB33___PSPC1_unrelaxed_rank_002_alphafold2_multimer_v3_model_3_seed_000.pdb
ZBTB33___PSPC1,3,4,A,B,0.0000,0.0,0.0,0.0000,0.1839,0.0000,0.0000,0.0,0.0,0.1500,37.4,55.7,0.310,0,0,0,0,,,,,672,523,,,,,ZBTB33___PSPC1_unrelaxed_rank_003_alphafold2_multimer_v3_model_4_seed_000.pdb
ZBTB33___PSPC1,4,1,A,B,0.0000,0.0,0.0,0.0000,0.1499,0.0000,0.0000,0.0,0.0,0.1500,37.5,59.3,0.310,0,0,0,0,,,,,672,523,,,,,ZBTB33___PSPC1_unrelaxed_rank_004_alphafold2_multimer_v3_model_1_seed_000.pdb
ZBTB33___PSPC1,5,2,A,B,0.0000,0.0,0.0,0.0000,0.1506,0.0000,0.0000,0.0,0.0,0.1400,37.2,58.6,0.310,0,0,0,0,,,,,672,523,,,,,ZBTB33___PSPC1_unrelaxed_rank_005_alphafold2_multimer_v3_model_2_seed_000.pdb
ZFR___ANP32A,1,3,A,B,0.0000,0.0,0.0,0.0000,0.2105,0.0000,0.0000,0.0,0.0,0.1800,46.3,61.6,0.360,0,0,0,0,,,,,1074,249,,,,,ZFR___ANP32A_unrelaxed_rank_001_alphafold2_multimer_v3_model_3_seed_000.pdb
ZFR___ANP32A,2,1,A,B,0.0000,0.0,0.0,0.0000,0.1973,0.0000,0.0000,0.0,0.0,0.1800,46.0,62.7,0.350,0,0,0,0,,,,,1074,249,,,,,ZFR___ANP32A_unrelaxed_rank_002_alphafold2_multimer_v3_model_1_seed_000.pdb
ZFR___ANP32A,3,4,A,B,0.0000,0.0,0.0,0.0000,0.2201,0.0000,0.0000,0.0,0.0,0.1700,43.6,60.2,0.340,0,0,0,0,,,,,1074,249,,,,,ZFR___ANP32A_unrelaxed_rank_003_alphafold2_multimer_v3_model_4_seed_000.pdb
ZFR___ANP32A,4,5,A,B,0.0000,0.0,0.0,0.0000,0.1793,0.0000,0.0000,0.0,0.0,0.1600,45.8,63.1,0.340,0,0,0,0,,,,,1074,249,,,,,ZFR___ANP32A_unrelaxed_rank_004_alphafold2_multimer_v3_model_5_seed_000.pdb
ZFR___ANP32A,5,2,A,B,0.0000,0.0,0.0,0.0000,0.1643,0.0000,0.0000,0.0,0.0,0.1600,46.9,63.0,0.340,0,0,0,0,,,,,1074,249,,,,,ZFR___ANP32A_unrelaxed_rank_005_alphafold2_multimer_v3_model_2_seed_000.pdb
ZFR___DDX17,1,5,A,B,0.2540,446.5,113.4,0.0274,0.8692,0.2065,0.3124,2769.0,72.0,0.2800,43.0,60.0,0.350,272,13,25,10,90.2,42.4,88.8,45.3,1074,729,"[722-765,783-873,892-958,961-981,986-1034]",[3-15],"[741,745,748,752,755-756,759-760,763,783,785-791,794-795,797,906,909-910,913,917]","[5-13,15]",ZFR___DDX17_unrelaxed_rank_001_alphafold2_multimer_v3_model_5_seed_000.pdb
ZFR___DDX17,2,3,A,B,0.1550,363.7,56.4,0.0173,0.7422,0.1358,0.1769,2205.0,60.0,0.2600,42.5,59.9,0.360,255,13,22,9,89.6,39.4,87.5,42.8,1074,729,"[723-764,784-856,859-873,893-957,963-976,978-981,986-1000,1002-1022,1025-1030]",[3-15],"[741,745,748,752,755-756,759,785-791,794-795,797,906,909-910,913,917]",[5-13],ZFR___DDX17_unrelaxed_rank_002_alphafold2_multimer_v3_model_3_seed_000.pdb
ZFR___DDX17,3,2,A,B,0.0915,209.1,19.1,0.0165,0.6695,0.0820,0.1021,1411.0,31.0,0.2500,44.5,61.0,0.350,248,9,15,7,91.5,37.0,88.2,38.0,1074,729,"[723-764,784-837,839-856,858-872,893-936,938-957,963-976,979-981,987-993,996-999,1002-1022,1025-1030]",[6-14],"[752,755-756,759-760,786-790,795,797,909-910,913]","[6,8-13]",ZFR___DDX17_unrelaxed_rank_003_alphafold2_multimer_v3_model_2_seed_000.pdb
ZFR___DDX17,4,4,A,B,0.0000,0.0,0.0,0.0000,0.4707,0.0000,0.0000,0.0,0.0,0.2100,42.3,59.1,0.360,0,0,0,0,,,,,1074,729,,,,,ZFR___DDX17_unrelaxed_rank_004_alphafold2_multimer_v3_model_4_seed_000.pdb
ZFR___DDX17,5,1,A,B,0.0000,0.0,0.0,0.0000,0.3165,0.0000,0.0000,0.0,0.0,0.2000,44.8,59.2,0.340,0,0,0,0,,,,,1074,729,,,,,ZFR___DDX17_unrelaxed_rank_005_alphafold2_multimer_v3_model_1_seed_000.pdb
