name,rank,model,chain_i,chain_j,iLIS,iLIA,iLISA,ipSAE,actifpTM,LIS,cLIS,LIA,cLIA,ipTM,pLDDT_i,pLDDT_j,pTM,LIR_i,LIR_j,cLIR_i,cLIR_j,LIpLDDT_i,LIpLDDT_j,cLIpLDDT_i,cLIpLDDT_j,len_i,len_j,LIR_indices_i,LIR_indices_j,cLIR_indices_i,cLIR_indices_j,structure_file
ANP32A___ZNF503,1,4,A,B,0.0000,0.0,0.0,0.0000,0.2807,0.0000,0.0000,0.0,0.0,0.2200,68.8,22.7,0.270,0,0,0,0,,,,,249,646,,,,,ANP32A___ZNF503_unrelaxed_rank_001_alphafold2_multimer_v3_model_4_seed_000.pdb
ANP32A___ZNF503,2,3,A,B,0.0000,0.0,0.0,0.0000,0.2795,0.0000,0.0000,0.0,0.0,0.2000,66.7,22.3,0.280,0,0,0,0,,,,,249,646,,,,,ANP32A___ZNF503_unrelaxed_rank_002_alphafold2_multimer_v3_model_3_seed_000.pdb
ANP32A___ZNF503,3,5,A,B,0.0000,0.0,0.0,0.0000,0.1894,0.0000,0.0000,0.0,0.0,0.1700,68.5,22.4,0.270,0,0,0,0,,,,,249,646,,,,,ANP32A___ZNF503_unrelaxed_rank_003_alphafold2_multimer_v3_model_5_seed_000.pdb
ANP32A___ZNF503,4,2,A,B,0.0000,0.0,0.0,0.0000,0.2252,0.0000,0.0000,0.0,0.0,0.1600,68.1,21.8,0.280,0,0,0,0,,,,,249,646,,,,,ANP32A___ZNF503_unrelaxed_rank_004_alphafold2_multimer_v3_model_2_seed_000.pdb
ANP32A___ZNF503,5,1,A,B,0.0000,0.0,0.0,0.0000,0.2009,0.0000,0.0000,0.0,0.0,0.1600,67.1,25.7,0.290,0,0,0,0,,,,,249,646,,,,,ANP32A___ZNF503_unrelaxed_rank_005_alphafold2_multimer_v3_model_1_seed_000.pdb
ATP5PD___PRDX1,1,4,A,B,0.0000,0.0,0.0,0.0000,0.1257,0.0000,0.0000,0.0,0.0,0.1400,69.5,88.8,0.530,0,0,0,0,,,,,161,199,,,,,ATP5PD___PRDX1_unrelaxed_rank_001_alphafold2_multimer_v3_model_4_seed_000.pdb
ATP5PD___PRDX1,2,2,A,B,0.0000,0.0,0.0,0.0000,0.0903,0.0000,0.0000,0.0,0.0,0.1200,73.5,84.2,0.510,0,0,0,0,,,,,161,199,,,,,ATP5PD___PRDX1_unrelaxed_rank_002_alphafold2_multimer_v3_model_2_seed_000.pdb
ATP5PD___PRDX1,3,1,A,B,0.0000,0.0,0.0,0.0000,0.0975,0.0000,0.0000,0.0,0.0,0.1100,54.6,83.3,0.510,0,0,0,0,,,,,161,199,,,,,ATP5PD___PRDX1_unrelaxed_rank_003_alphafold2_multimer_v3_model_1_seed_000.pdb
ATP5PD___PRDX1,4,3,A,B,0.0000,0.0,0.0,0.0000,0.0843,0.0000,0.0000,0.0,0.0,0.0900,73.5,88.7,0.530,0,0,0,0,,,,,161,199,,,,,ATP5PD___PRDX1_unrelaxed_rank_004_alphafold2_multimer_v3_model_3_seed_000.pdb
ATP5PD___PRDX1,5,5,A,B,0.0000,0.0,0.0,0.0000,0.0677,0.0000,0.0000,0.0,0.0,0.0900,68.0,87.2,0.530,0,0,0,0,,,,,161,199,,,,,ATP5PD___PRDX1_unrelaxed_rank_005_alphafold2_multimer_v3_model_5_seed_000.pdb
ATP5PD___SF3B2,1,1,A,B,0.0000,0.0,0.0,0.0000,0.2400,0.0000,0.0000,0.0,0.0,0.2300,73.3,41.7,0.210,0,0,0,0,,,,,161,895,,,,,ATP5PD___SF3B2_unrelaxed_rank_001_alphafold2_multimer_v3_model_1_seed_000.pdb
ATP5PD___SF3B2,2,2,A,B,0.0000,0.0,0.0,0.0000,0.3504,0.0000,0.0000,0.0,0.0,0.2200,69.7,40.9,0.200,0,0,0,0,,,,,161,895,,,,,ATP5PD___SF3B2_unrelaxed_rank_002_alphafold2_multimer_v3_model_2_seed_000.pdb
ATP5PD___SF3B2,3,5,A,B,0.0000,0.0,0.0,0.0000,0.2617,0.0000,0.0000,0.0,0.0,0.2200,72.7,41.2,0.210,0,0,0,0,,,,,161,895,,,,,ATP5PD___SF3B2_unrelaxed_rank_003_alphafold2_multimer_v3_model_5_seed_000.pdb
ATP5PD___SF3B2,4,3,A,B,0.0000,0.0,0.0,0.0000,0.1306,0.0000,0.0000,0.0,0.0,0.1400,74.3,42.3,0.210,0,0,0,0,,,,,161,895,,,,,ATP5PD___SF3B2_unrelaxed_rank_004_alphafold2_multimer_v3_model_3_seed_000.pdb
ATP5PD___SF3B2,5,4,A,B,0.0000,0.0,0.0,0.0000,0.0000,0.0000,0.0000,0.0,0.0,0.1200,71.7,37.7,0.200,0,0,0,0,,,,,161,895,,,,,ATP5PD___SF3B2_unrelaxed_rank_005_alphafold2_multimer_v3_model_4_seed_000.pdb
ATP5PD___SRSF11,1,1,A,B,0.0000,0.0,0.0,0.0000,0.1447,0.0000,0.0000,0.0,0.0,0.1300,67.6,33.6,0.240,0,0,0,0,,,,,161,484,,,,,ATP5PD___SRSF11_unrelaxed_rank_001_alphafold2_multimer_v3_model_1_seed_000.pdb
ATP5PD___SRSF11,2,2,A,B,0.0000,0.0,0.0,0.0000,0.1139,0.0000,0.0000,0.0,0.0,0.1100,70.0,34.3,0.230,0,0,0,0,,,,,161,484,,,,,ATP5PD___SRSF11_unrelaxed_rank_002_alphafold2_multimer_v3_model_2_seed_000.pdb
ATP5PD___SRSF11,3,5,A,B,0.0000,0.0,0.0,0.0000,0.0000,0.0000,0.0000,0.0,0.0,0.1000,65.5,32.2,0.230,0,0,0,0,,,,,161,484,,,,,ATP5PD___SRSF11_unrelaxed_rank_003_alphafold2_multimer_v3_model_5_seed_000.pdb
ATP5PD___SRSF11,4,3,A,B,0.0000,0.0,0.0,0.0000,0.1031,0.0000,0.0000,0.0,0.0,0.1000,70.4,34.1,0.230,0,0,0,0,,,,,161,484,,,,,ATP5PD___SRSF11_unrelaxed_rank_004_alphafold2_multimer_v3_model_3_seed_000.pdb
ATP5PD___SRSF11,5,4,A,B,0.0000,0.0,0.0,0.0000,0.0000,0.0000,0.0000,0.0,0.0,0.1000,66.1,34.5,0.230,0,0,0,0,,,,,161,484,,,,,ATP5PD___SRSF11_unrelaxed_rank_005_alphafold2_multimer_v3_model_4_seed_000.pdb
CCAR2___PPP1R10,1,2,A,B,0.0000,0.0,0.0,0.0000,0.2995,0.0000,0.0000,0.0,0.0,0.1900,59.2,30.4,0.380,0,0,0,0,,,,,923,940,,,,,CCAR2___PPP1R10_unrelaxed_rank_001_alphafold2_multimer_v3_model_2_seed_000.pdb
CCAR2___PPP1R10,2,5,A,B,0.0000,0.0,0.0,0.0000,0.2026,0.0000,0.0000,0.0,0.0,0.1900,58.6,29.7,0.370,0,0,0,0,,,,,923,940,,,,,CCAR2___PPP1R10_unrelaxed_rank_002_alphafold2_multimer_v3_model_5_seed_000.pdb
CCAR2___PPP1R10,3,4,A,B,0.0000,0.0,0.0,0.0000,0.2271,0.0000,0.0000,0.0,0.0,0.1900,56.3,29.4,0.360,0,0,0,0,,,,,923,940,,,,,CCAR2___PPP1R10_unrelaxed_rank_003_alphafold2_multimer_v3_model_4_seed_000.pdb
CCAR2___PPP1R10,4,1,A,B,0.0000,0.0,0.0,0.0000,0.2074,0.0000,0.0000,0.0,0.0,0.1900,57.4,29.4,0.370,0,0,0,0,,,,,923,940,,,,,CCAR2___PPP1R10_unrelaxed_rank_004_alphafold2_multimer_v3_model_1_seed_000.pdb
CCAR2___PPP1R10,5,3,A,B,0.0000,0.0,0.0,0.0000,0.2157,0.0000,0.0000,0.0,0.0,0.1800,56.7,29.9,0.370,0,0,0,0,,,,,923,940,,,,,CCAR2___PPP1R10_unrelaxed_rank_005_alphafold2_multimer_v3_model_3_seed_000.pdb
CCAR2___SF3A3,1,1,A,B,0.0000,0.0,0.0,0.0000,0.2231,0.0000,0.0000,0.0,0.0,0.1900,56.4,71.3,0.400,0,0,0,0,,,,,923,501,,,,,CCAR2___SF3A3_unrelaxed_rank_001_alphafold2_multimer_v3_model_1_seed_000.pdb
CCAR2___SF3A3,2,2,A,B,0.0000,0.0,0.0,0.0000,0.1552,0.0000,0.0000,0.0,0.0,0.1800,57.3,72.5,0.400,0,0,0,0,,,,,923,501,,,,,CCAR2___SF3A3_unrelaxed_rank_002_alphafold2_multimer_v3_model_2_seed_000.pdb
CCAR2___SF3A3,3,4,A,B,0.0000,0.0,0.0,0.0000,0.1778,0.0000,0.0000,0.0,0.0,0.1800,53.7,69.6,0.390,0,0,0,0,,,,,923,501,,,,,CCAR2___SF3A3_unrelaxed_rank_003_alphafold2_multimer_v3_model_4_seed_000.pdb
CCAR2___SF3A3,4,5,A,B,0.0000,0.0,0.0,0.0000,0.1631,0.0000,0.0000,0.0,0.0,0.1600,55.5,73.1,0.400,0,0,0,0,,,,,923,501,,,,,CCAR2___SF3A3_unrelaxed_rank_004_alphafold2_multimer_v3_model_5_seed_000.pdb
CCAR2___SF3A3,5,3,A,B,0.0000,0.0,0.0,0.0000,0.1535,0.0000,0.0000,0.0,0.0,0.1600,54.9,73.4,0.390,0,0,0,0,,,,,923,501,,,,,CCAR2___SF3A3_unrelaxed_rank_005_alphafold2_multimer_v3_model_3_seed_000.pdb
CCAR2___ZBTB33,1,1,A,B,0.0000,0.0,0.0,0.0000,0.3269,0.0000,0.0000,0.0,0.0,0.2200,56.2,33.2,0.390,0,0,0,0,,,,,923,672,,,,,CCAR2___ZBTB33_unrelaxed_rank_001_alphafold2_multimer_v3_model_1_seed_000.pdb
CCAR2___ZBTB33,2,4,A,B,0.0000,0.0,0.0,0.0000,0.3121,0.0000,0.0000,0.0,0.0,0.2000,55.7,33.5,0.390,0,0,0,0,,,,,923,672,,,,,CCAR2___ZBTB33_unrelaxed_rank_002_alphafold2_multimer_v3_model_4_seed_000.pdb
CCAR2___ZBTB33,3,2,A,B,0.0000,0.0,0.0,0.0000,0.3098,0.0000,0.0000,0.0,0.0,0.1800,58.5,35.5,0.400,0,0,0,0,,,,,923,672,,,,,CCAR2___ZBTB33_unrelaxed_rank_003_alphafold2_multimer_v3_model_2_seed_000.pdb
CCAR2___ZBTB33,4,5,A,B,0.0000,0.0,0.0,0.0000,0.2027,0.0000,0.0000,0.0,0.0,0.1800,57.2,36.5,0.390,0,0,0,0,,,,,923,672,,,,,CCAR2___ZBTB33_unrelaxed_rank_004_alphafold2_multimer_v3_model_5_seed_000.pdb
CCAR2___ZBTB33,5,3,A,B,0.0000,0.0,0.0,0.0000,0.1952,0.0000,0.0000,0.0,0.0,0.1800,56.3,34.1,0.390,0,0,0,0,,,,,923,672,,,,,CCAR2___ZBTB33_unrelaxed_rank_005_alphafold2_multimer_v3_model_3_seed_000.pdb
CCNT1___RB1,1,2,A,B,0.1881,263.2,49.5,0.0221,0.7075,0.1494,0.2369,1034.0,67.0,0.2900,41.5,68.4,0.490,217,8,19,8,88.0,42.1,74.2,42.1,726,928,"[12-27,29-79,81-95,97-111,126,128-130,132-247]",[793-800],"[161,164-167,169-171,201,204-205,208-213,215,221]",[793-800],CCNT1___RB1_unrelaxed_rank_001_alphafold2_multimer_v3_model_2_seed_000.pdb
CCNT1___RB1,2,5,A,B,0.0413,6.9,0.3,0.0000,0.4742,0.0211,0.0808,47.0,1.0,0.2400,40.2,67.2,0.490,41,5,1,1,88.0,29.4,78.7,31.1,726,928,"[34,38-39,42,49,59,61,63,152,154-157,159-164,170,186-187,189,191-193,195,197-198,200-201,204-205,211,214,219,224,236,240,243-244]",[873-877],[211],[875],CCNT1___RB1_unrelaxed_rank_002_alphafold2_multimer_v3_model_5_seed_000.pdb
CCNT1___RB1,3,1,A,B,0.0000,0.0,0.0,0.0000,0.4070,0.0000,0.0000,0.0,0.0,0.2300,39.5,67.6,0.480,0,0,0,0,,,,,726,928,,,,,CCNT1___RB1_unrelaxed_rank_003_alphafold2_multimer_v3_model_1_seed_000.pdb
CCNT1___RB1,4,3,A,B,0.0000,0.0,0.0,0.0000,0.3140,0.0000,0.0000,0.0,0.0,0.2100,39.9,67.0,0.490,0,0,0,0,,,,,726,928,,,,,CCNT1___RB1_unrelaxed_rank_004_alphafold2_multimer_v3_model_3_seed_000.pdb
CCNT1___RB1,5,4,A,B,0.0000,0.0,0.0,0.0000,0.2057,0.0000,0.0000,0.0,0.0,0.2000,38.8,67.0,0.480,0,0,0,0,,,,,726,928,,,,,CCNT1___RB1_unrelaxed_rank_005_alphafold2_multimer_v3_model_4_seed_000.pdb
CDC37___CHERP,1,1,A,B,0.0075,2.0,0.0,0.0000,0.4962,0.0075,0.0075,2.0,2.0,0.2400,66.1,46.5,0.310,2,2,2,2,80.9,40.7,80.9,40.7,378,916,"[221,240]","[894,897]","[221,240]","[894,897]",CDC37___CHERP_unrelaxed_rank_001_alphafold2_multimer_v3_model_1_seed_000.pdb
CDC37___CHERP,2,2,A,B,0.0288,70.1,2.0,0.0113,0.5273,0.0267,0.0311,259.0,19.0,0.2100,67.6,47.1,0.310,9,110,6,9,39.5,92.0,38.3,90.0,378,916,"[19-25,27-28]","[146-147,156-157,159-183,187,189-194,197-202,207-213,216-217,219-220,222-224,226-229,232,234-240,242-250,255-270,273-275,277-283,285-286,288,290-293]","[19-23,25]","[173,216,219-220,222-223,263,266,270]",CDC37___CHERP_unrelaxed_rank_002_alphafold2_multimer_v3_model_2_seed_000.pdb
CDC37___CHERP,3,3,A,B,0.0000,0.0,0.0,0.0000,0.3100,0.0000,0.0000,0.0,0.0,0.1900,68.2,46.0,0.290,0,0,0,0,,,,,378,916,,,,,CDC37___CHERP_unrelaxed_rank_003_alphafold2_multimer_v3_model_3_seed_000.pdb
CDC37___CHERP,4,4,A,B,0.0419,79.5,3.3,0.0124,0.5816,0.0356,0.0493,372.0,17.0,0.1800,64.7,46.9,0.300,6,146,4,11,38.6,91.2,38.7,87.7,378,916,[18-23],"[127,130-150,153-167,169-183,185-194,196-198,200-202,208-229,231-235,237-246,248-250,255-256,258-270,272-275,277-282,285-286,288-297,299]",[19-22],"[170,216-217,219,222-224,262-263,266,270]",CDC37___CHERP_unrelaxed_rank_004_alphafold2_multimer_v3_model_4_seed_000.pdb
CDC37___CHERP,5,5,A,B,0.0000,0.0,0.0,0.0000,0.3393,0.0000,0.0000,0.0,0.0,0.1800,66.9,46.8,0.300,0,0,0,0,,,,,378,916,,,,,CDC37___CHERP_unrelaxed_rank_005_alphafold2_multimer_v3_model_5_seed_000.pdb
CDC37___DAZAP1,1,4,A,B,0.1230,118.5,14.6,0.0175,0.5797,0.1052,0.1439,390.0,36.0,0.2300,67.5,38.8,0.330,74,10,11,7,77.1,34.3,72.1,35.0,378,407,"[268,270-289,292-323,325-345]",[231-240],"[294,298,309,312,314,340-345]","[233-237,239-240]",CDC37___DAZAP1_unrelaxed_rank_001_alphafold2_multimer_v3_model_4_seed_000.pdb
CDC37___DAZAP1,2,1,A,B,0.0000,0.0,0.0,0.0000,0.2050,0.0000,0.0000,0.0,0.0,0.1300,67.8,39.6,0.300,0,0,0,0,,,,,378,407,,,,,CDC37___DAZAP1_unrelaxed_rank_002_alphafold2_multimer_v3_model_1_seed_000.pdb
CDC37___DAZAP1,3,2,A,B,0.0000,0.0,0.0,0.0000,0.1651,0.0000,0.0000,0.0,0.0,0.1300,69.5,40.8,0.310,0,0,0,0,,,,,378,407,,,,,CDC37___DAZAP1_unrelaxed_rank_003_alphafold2_multimer_v3_model_2_seed_000.pdb
CDC37___DAZAP1,4,3,A,B,0.0000,0.0,0.0,0.0000,0.1157,0.0000,0.0000,0.0,0.0,0.1100,66.5,38.7,0.310,0,0,0,0,,,,,378,407,,,,,CDC37___DAZAP1_unrelaxed_rank_004_alphafold2_multimer_v3_model_3_seed_000.pdb
CDC37___DAZAP1,5,5,A,B,0.0000,0.0,0.0,0.0000,0.1152,0.0000,0.0000,0.0,0.0,0.1100,67.3,40.7,0.300,0,0,0,0,,,,,378,407,,,,,CDC37___DAZAP1_unrelaxed_rank_005_alphafold2_multimer_v3_model_5_seed_000.pdb
CDC37___PRDX1,1,1,A,B,0.2292,1169.9,268.1,0.2748,0.6071,0.1783,0.2946,32590.0,42.0,0.6300,65.6,74.8,0.520,138,170,8,7,76.2,77.3,64.9,55.4,378,199,[141-278],[1-170],"[161,164-167,170,173-174]","[48,86,90,93-96]",CDC37___PRDX1_unrelaxed_rank_001_alphafold2_multimer_v3_model_1_seed_000.pdb
CDC37___PRDX1,2,3,A,B,0.0000,0.0,0.0,0.0000,0.1979,0.0000,0.0000,0.0,0.0,0.3400,65.3,82.0,0.440,0,0,0,0,,,,,378,199,,,,,CDC37___PRDX1_unrelaxed_rank_002_alphafold2_multimer_v3_model_3_seed_000.pdb
CDC37___PRDX1,3,4,A,B,0.0000,0.0,0.0,0.0000,0.1576,0.0000,0.0000,0.0,0.0,0.2000,66.3,82.6,0.390,0,0,0,0,,,,,378,199,,,,,CDC37___PRDX1_unrelaxed_rank_003_alphafold2_multimer_v3_model_4_seed_000.pdb
CDC37___PRDX1,4,2,A,B,0.0000,0.0,0.0,0.0000,0.1408,0.0000,0.0000,0.0,0.0,0.1900,68.9,84.5,0.390,0,0,0,0,,,,,378,199,,,,,CDC37___PRDX1_unrelaxed_rank_004_alphafold2_multimer_v3_model_2_seed_000.pdb
CDC37___PRDX1,5,5,A,B,0.0000,0.0,0.0,0.0000,0.1115,0.0000,0.0000,0.0,0.0,0.1700,64.3,82.6,0.390,0,0,0,0,,,,,378,199,,,,,CDC37___PRDX1_unrelaxed_rank_005_alphafold2_multimer_v3_model_5_seed_000.pdb
CDK4___AGAP3,1,1,A,B,0.0000,0.0,0.0,0.0000,0.3318,0.0144,0.0000,54.0,0.0,0.3500,73.5,56.3,0.370,3,33,0,0,72.5,81.3,,,303,875,"[138,159,162]","[641-644,646,648,651-652,654-655,659,661,664-665,667-669,681,685-687,699,706,724-733]",,,CDK4___AGAP3_unrelaxed_rank_001_alphafold2_multimer_v3_model_1_seed_000.pdb
CDK4___AGAP3,2,4,A,B,0.0000,0.0,0.0,0.0000,0.2686,0.0000,0.0000,0.0,0.0,0.2500,67.9,55.3,0.340,0,0,0,0,,,,,303,875,,,,,CDK4___AGAP3_unrelaxed_rank_002_alphafold2_multimer_v3_model_4_seed_000.pdb
CDK4___AGAP3,3,5,A,B,0.0000,0.0,0.0,0.0000,0.2054,0.0000,0.0000,0.0,0.0,0.2300,68.1,58.1,0.320,0,0,0,0,,,,,303,875,,,,,CDK4___AGAP3_unrelaxed_rank_003_alphafold2_multimer_v3_model_5_seed_000.pdb
CDK4___AGAP3,4,2,A,B,0.0000,0.0,0.0,0.0000,0.1764,0.0000,0.0000,0.0,0.0,0.2200,72.3,57.9,0.340,0,0,0,0,,,,,303,875,,,,,CDK4___AGAP3_unrelaxed_rank_004_alphafold2_multimer_v3_model_2_seed_000.pdb
CDK4___AGAP3,5,3,A,B,0.0000,0.0,0.0,0.0000,0.2091,0.0000,0.0000,0.0,0.0,0.2000,69.9,57.8,0.330,0,0,0,0,,,,,303,875,,,,,CDK4___AGAP3_unrelaxed_rank_005_alphafold2_multimer_v3_model_3_seed_000.pdb
CDK4___CDC5L,1,3,A,B,0.3569,1322.8,472.1,0.4058,0.9259,0.2341,0.5441,26116.0,67.0,0.7000,81.9,56.8,0.410,297,86,16,12,82.9,87.6,66.8,81.3,303,802,[1-297],"[706,709-710,713-717,720-797]","[39,41,43,45-49,54,76-79,81,87,89]","[748,751-752,754-755,758-759,761-762,765-766,769]",CDK4___CDC5L_unrelaxed_rank_001_alphafold2_multimer_v3_model_3_seed_000.pdb
CDK4___CDC5L,2,5,A,B,0.3045,1092.4,332.6,0.3133,0.8892,0.1946,0.4764,17296.0,69.0,0.6600,80.4,54.2,0.390,287,71,16,13,81.3,83.9,63.7,77.6,303,802,"[1-107,111-246,248-251,254-261,264-295]",[723-793],"[39,41,43,45-49,54,76-79,81,87,89]","[744,748,751-752,754-755,758-759,761-762,765-766,769]",CDK4___CDC5L_unrelaxed_rank_002_alphafold2_multimer_v3_model_5_seed_000.pdb
CDK4___CDC5L,3,2,A,B,0.3132,1048.4,328.3,0.2950,0.8734,0.1978,0.4958,16654.0,66.0,0.6400,82.9,54.7,0.400,287,71,17,12,83.9,83.6,65.1,76.6,303,802,"[1-107,112-250,254-261,263-295]",[723-793],"[2,39,41-43,45-49,54,77-79,81,87,89]","[747-748,751,754-755,758-759,761-762,765-766,769]",CDK4___CDC5L_unrelaxed_rank_003_alphafold2_multimer_v3_model_2_seed_000.pdb
CDK4___CDC5L,4,1,A,B,0.2399,670.1,160.8,0.1502,0.7848,0.1505,0.3823,6909.0,65.0,0.5700,81.3,57.0,0.380,239,62,15,12,82.7,80.4,66.6,75.4,303,802,"[4-105,114-150,152-166,170,172,174-188,190-215,218-230,232,249,267-292,294]","[725-785,787]","[39,41,45-49,51,54,78-81,87,89]","[748,751-752,754-755,758-759,761-762,765-766,769]",CDK4___CDC5L_unrelaxed_rank_004_alphafold2_multimer_v3_model_1_seed_000.pdb
CDK4___CDC5L,5,4,A,B,0.0000,0.0,0.0,0.0000,0.2076,0.0000,0.0000,0.0,0.0,0.2200,75.6,49.7,0.330,0,0,0,0,,,,,303,802,,,,,CDK4___CDC5L_unrelaxed_rank_005_alphafold2_multimer_v3_model_4_seed_000.pdb
CDK4___RB1,1,4,A,B,0.0000,0.0,0.0,0.0000,0.1936,0.0000,0.0000,0.0,0.0,0.2300,68.2,66.8,0.590,0,0,0,0,,,,,303,928,,,,,CDK4___RB1_unrelaxed_rank_001_alphafold2_multimer_v3_model_4_seed_000.pdb
CDK4___RB1,2,3,A,B,0.0000,0.0,0.0,0.0000,0.1951,0.0000,0.0000,0.0,0.0,0.2200,72.4,66.0,0.580,0,0,0,0,,,,,303,928,,,,,CDK4___RB1_unrelaxed_rank_002_alphafold2_multimer_v3_model_3_seed_000.pdb
CDK4___RB1,3,2,A,B,0.0000,0.0,0.0,0.0000,0.1636,0.0000,0.0000,0.0,0.0,0.1900,73.5,66.5,0.570,0,0,0,0,,,,,303,928,,,,,CDK4___RB1_unrelaxed_rank_003_alphafold2_multimer_v3_model_2_seed_000.pdb
CDK4___RB1,4,1,A,B,0.0000,0.0,0.0,0.0000,0.1796,0.0000,0.0000,0.0,0.0,0.1900,70.7,67.0,0.570,0,0,0,0,,,,,303,928,,,,,CDK4___RB1_unrelaxed_rank_004_alphafold2_multimer_v3_model_1_seed_000.pdb
CDK4___RB1,5,5,A,B,0.0000,0.0,0.0,0.0000,0.1570,0.0000,0.0000,0.0,0.0,0.1800,71.8,66.3,0.580,0,0,0,0,,,,,303,928,,,,,CDK4___RB1_unrelaxed_rank_005_alphafold2_multimer_v3_model_5_seed_000.pdb
CHERP___CDC5L,1,2,A,B,0.2377,506.2,120.3,0.0808,0.8797,0.1881,0.3004,3559.0,72.0,0.2400,48.3,51.2,0.290,261,40,25,17,85.1,54.5,83.1,48.5,916,802,"[124,126,128-300,302-304,306-308,642-643,645-677,684-693,695,697,700-732]","[175-201,207-219]","[166-170,173,209,212-213,215-216,219-220,223,227,259,262-263,266,664-666,706,717,720]","[191,193,195-198,207-208,210-211,213-219]",CHERP___CDC5L_unrelaxed_rank_001_alphafold2_multimer_v3_model_2_seed_000.pdb
CHERP___CDC5L,2,1,A,B,0.1306,268.0,35.0,0.0161,0.7346,0.0983,0.1734,1496.0,48.0,0.2400,46.2,50.7,0.290,161,15,18,9,89.0,42.3,84.9,42.7,916,802,"[131,133-135,137-139,141-150,153-203,205-251,253-297,299]","[205,207-220]","[167-170,173,209,212-213,216,219-220,223-224,227,259,262-263,266]","[207-208,210,213-217,219]",CHERP___CDC5L_unrelaxed_rank_002_alphafold2_multimer_v3_model_1_seed_000.pdb
CHERP___CDC5L,3,5,A,B,0.0000,0.0,0.0,0.0000,0.5332,0.0000,0.0000,0.0,0.0,0.1900,46.0,52.2,0.270,0,0,0,0,,,,,916,802,,,,,CHERP___CDC5L_unrelaxed_rank_003_alphafold2_multimer_v3_model_5_seed_000.pdb
CHERP___CDC5L,4,4,A,B,0.0399,19.0,0.8,0.0000,0.5665,0.0345,0.0461,45.0,8.0,0.1900,45.9,48.8,0.270,21,10,7,6,64.7,52.0,61.4,52.1,916,802,"[646,651,654,656,659,663-666,668-669,714,716-723,725]",[188-197],"[656,659,663-666,717]","[190-191,193-196]",CHERP___CDC5L_unrelaxed_rank_004_alphafold2_multimer_v3_model_4_seed_000.pdb
CHERP___CDC5L,5,3,A,B,0.0000,0.0,0.0,0.0000,0.3964,0.0000,0.0000,0.0,0.0,0.1800,45.2,53.4,0.270,0,0,0,0,,,,,916,802,,,,,CHERP___CDC5L_unrelaxed_rank_005_alphafold2_multimer_v3_model_3_seed_000.pdb
CIZ1___CDC5L,1,5,A,B,0.2341,331.5,77.6,0.0505,0.7778,0.1667,0.3288,2817.0,39.0,0.2400,26.6,58.9,0.260,54,59,9,13,72.6,79.8,73.3,75.9,898,802,"[655-660,662,674-720]",[723-781],"[657,660,683,685,697,700-701,704-705]","[744,747-748,751-752,755,758-759,762,765,768-769,773]",CIZ1___CDC5L_unrelaxed_rank_001_alphafold2_multimer_v3_model_5_seed_000.pdb
CIZ1___CDC5L,2,3,A,B,0.0000,0.0,0.0,0.0000,0.3665,0.0000,0.0000,0.0,0.0,0.1900,25.5,60.5,0.260,0,0,0,0,,,,,898,802,,,,,CIZ1___CDC5L_unrelaxed_rank_002_alphafold2_multimer_v3_model_3_seed_000.pdb
CIZ1___CDC5L,3,1,A,B,0.0000,0.0,0.0,0.0000,0.2154,0.0000,0.0000,0.0,0.0,0.1700,27.2,59.5,0.240,0,0,0,0,,,,,898,802,,,,,CIZ1___CDC5L_unrelaxed_rank_003_alphafold2_multimer_v3_model_1_seed_000.pdb
CIZ1___CDC5L,4,2,A,B,0.0000,0.0,0.0,0.0000,0.1909,0.0000,0.0000,0.0,0.0,0.1700,27.5,58.5,0.240,0,0,0,0,,,,,898,802,,,,,CIZ1___CDC5L_unrelaxed_rank_004_alphafold2_multimer_v3_model_2_seed_000.pdb
CIZ1___CDC5L,5,4,A,B,0.0000,0.0,0.0,0.0000,0.2111,0.0000,0.0000,0.0,0.0,0.1600,24.0,57.0,0.240,0,0,0,0,,,,,898,802,,,,,CIZ1___CDC5L_unrelaxed_rank_005_alphafold2_multimer_v3_model_4_seed_000.pdb
CIZ1___KHSRP,1,2,A,B,0.0159,1.4,0.0,0.0000,0.5000,0.0179,0.0142,2.0,1.0,0.2000,27.2,44.4,0.220,2,1,1,1,55.3,39.9,55.3,39.9,898,711,[696-697],[678],[697],[678],CIZ1___KHSRP_unrelaxed_rank_001_alphafold2_multimer_v3_model_2_seed_000.pdb
CIZ1___KHSRP,2,1,A,B,0.0000,0.0,0.0,0.0000,0.2415,0.0000,0.0000,0.0,0.0,0.1900,24.5,37.3,0.220,0,0,0,0,,,,,898,711,,,,,CIZ1___KHSRP_unrelaxed_rank_002_alphafold2_multimer_v3_model_1_seed_000.pdb
CIZ1___KHSRP,3,4,A,B,0.0000,0.0,0.0,0.0000,0.4466,0.0000,0.0000,0.0,0.0,0.1900,24.3,39.9,0.210,0,0,0,0,,,,,898,711,,,,,CIZ1___KHSRP_unrelaxed_rank_003_alphafold2_multimer_v3_model_4_seed_000.pdb
CIZ1___KHSRP,4,3,A,B,0.0000,0.0,0.0,0.0000,0.2762,0.0000,0.0000,0.0,0.0,0.1800,24.3,39.0,0.210,0,0,0,0,,,,,898,711,,,,,CIZ1___KHSRP_unrelaxed_rank_004_alphafold2_multimer_v3_model_3_seed_000.pdb
CIZ1___KHSRP,5,5,A,B,0.0000,0.0,0.0,0.0000,0.1959,0.0000,0.0000,0.0,0.0,0.1800,26.0,43.6,0.210,0,0,0,0,,,,,898,711,,,,,CIZ1___KHSRP_unrelaxed_rank_005_alphafold2_multimer_v3_model_5_seed_000.pdb
CIZ1___RB1,1,1,A,B,0.3309,630.7,208.7,0.1971,0.9175,0.2564,0.4269,4059.0,98.0,0.4800,23.9,66.7,0.460,14,420,12,23,41.2,89.4,43.0,83.0,898,928,[730-743],"[76,102-108,115-122,128-134,139-140,143-144,146-169,191-192,194-202,212-227,277-278,287-294,296-297,300,320-322,324-325,332-337,377-389,396-407,409-436,438-467,473-498,513-539,542-578,602-607,645-783]",[731-742],"[706,709-710,713-714,720-722,725,739-740,751-754,756-757,761,764-765,768-769,772]",CIZ1___RB1_unrelaxed_rank_001_alphafold2_multimer_v3_model_1_seed_000.pdb
CIZ1___RB1,2,2,A,B,0.2622,587.9,154.1,0.0870,0.8699,0.2056,0.3344,4489.0,77.0,0.4500,24.7,68.7,0.470,14,501,9,22,42.6,92.4,49.5,88.6,898,928,[731-744],"[57-58,60-81,97-112,115-173,189-206,211-228,239,273-281,284-300,316-328,331-337,339-343,375-389,395-436,438-466,473-498,513-539,542-577,605-606,645-777,779-782]",[732-740],"[709-710,713-714,716,720-722,725,739-740,751-754,756-757,761,765,768-769,772]",CIZ1___RB1_unrelaxed_rank_002_alphafold2_multimer_v3_model_2_seed_000.pdb
CIZ1___RB1,3,5,A,B,0.1771,499.9,88.6,0.0218,0.8298,0.1390,0.2258,4309.0,58.0,0.3700,22.6,69.0,0.480,13,505,9,18,35.6,93.0,36.8,89.3,898,928,[728-740],"[56-82,96-173,190-206,211-228,273-281,285-300,317-329,331-343,375-387,396-397,399-407,409-436,438-467,473-498,513-539,542-577,602-606,645-774,776-783]","[730-733,735-737,739-740]","[709-710,713-714,720-722,725,750-754,756-757,761,765,768]",CIZ1___RB1_unrelaxed_rank_003_alphafold2_multimer_v3_model_5_seed_000.pdb
CIZ1___RB1,4,3,A,B,0.1089,287.6,31.3,0.0160,0.7148,0.0942,0.1258,1923.0,43.0,0.2900,23.1,67.7,0.470,9,397,7,14,36.0,92.7,36.0,86.5,898,928,[731-739],"[57-64,68-81,97-111,115-124,127-132,134-135,137-138,141-169,191-192,194-202,213-224,227,288,292,318,320-325,332-337,378-379,382,384-386,399-401,403-404,412,414-435,439-462,465,475-498,514-538,542-576,646-771,779-780,782]","[731-733,735-738]","[709-710,713,720-722,751-754,756-758,761]",CIZ1___RB1_unrelaxed_rank_004_alphafold2_multimer_v3_model_3_seed_000.pdb
CIZ1___RB1,5,4,A,B,0.1059,197.2,20.9,0.0146,0.7032,0.0887,0.1264,1556.0,25.0,0.2700,22.3,67.2,0.460,9,340,6,10,33.2,90.7,34.0,82.5,898,928,[730-738],"[58,69-79,97,99-108,115-122,128,130-132,134-135,141-144,146-148,150-155,157-165,191,194-201,213-225,321,325,332,334,336,379,382,384-386,403-404,414-433,441-461,478-498,514-533,535-537,542-576,646-772]","[731-733,735-737]","[720-722,751-754,756-758]",CIZ1___RB1_unrelaxed_rank_005_alphafold2_multimer_v3_model_4_seed_000.pdb
CIZ1___RBM4,1,5,A,B,0.1152,215.9,24.9,0.0153,0.6691,0.0978,0.1358,896.0,52.0,0.2900,27.7,45.9,0.260,40,78,19,17,55.1,80.3,47.0,62.8,898,364,"[684-689,691-692,695-707,709-713,729-742]","[73,77-137,139-154]","[684-686,697-698,700-701,705,729-730,732-740]","[77,79,105-106,108-110,114-115,117,146,148-153]",CIZ1___RBM4_unrelaxed_rank_001_alphafold2_multimer_v3_model_5_seed_000.pdb
CIZ1___RBM4,2,1,A,B,0.0000,0.0,0.0,0.0000,0.4004,0.0000,0.0000,0.0,0.0,0.2300,26.3,43.6,0.230,0,0,0,0,,,,,898,364,,,,,CIZ1___RBM4_unrelaxed_rank_002_alphafold2_multimer_v3_model_1_seed_000.pdb
CIZ1___RBM4,3,4,A,B,0.0233,5.3,0.1,0.0000,0.4818,0.0124,0.0437,14.0,2.0,0.2300,25.6,43.3,0.210,5,7,2,1,31.1,85.1,30.2,77.6,898,364,[733-737],"[98,103-104,115,118,129,140]","[733,735]",[115],CIZ1___RBM4_unrelaxed_rank_003_alphafold2_multimer_v3_model_4_seed_000.pdb
CIZ1___RBM4,4,3,A,B,0.0000,0.0,0.0,0.0000,0.4275,0.0000,0.0000,0.0,0.0,0.2200,26.9,43.8,0.220,0,0,0,0,,,,,898,364,,,,,CIZ1___RBM4_unrelaxed_rank_004_alphafold2_multimer_v3_model_3_seed_000.pdb
CIZ1___RBM4,5,2,A,B,0.0121,1.0,0.0,0.0000,0.4499,0.0121,0.0121,1.0,1.0,0.2000,27.5,47.7,0.210,1,1,1,1,58.9,35.1,58.9,35.1,898,364,[685],[221],[685],[221],CIZ1___RBM4_unrelaxed_rank_005_alphafold2_multimer_v3_model_2_seed_000.pdb
CSTB___RB1,1,3,A,B,0.0000,0.0,0.0,0.0000,0.2076,0.0000,0.0000,0.0,0.0,0.2600,61.4,68.1,0.670,0,0,0,0,,,,,98,928,,,,,CSTB___RB1_unrelaxed_rank_001_alphafold2_multimer_v3_model_3_seed_000.pdb
CSTB___RB1,2,5,A,B,0.0000,0.0,0.0,0.0000,0.1814,0.0000,0.0000,0.0,0.0,0.1900,74.1,67.7,0.660,0,0,0,0,,,,,98,928,,,,,CSTB___RB1_unrelaxed_rank_002_alphafold2_multimer_v3_model_5_seed_000.pdb
CSTB___RB1,3,4,A,B,0.0000,0.0,0.0,0.0000,0.2011,0.0000,0.0000,0.0,0.0,0.1900,56.4,67.1,0.650,0,0,0,0,,,,,98,928,,,,,CSTB___RB1_unrelaxed_rank_003_alphafold2_multimer_v3_model_4_seed_000.pdb
CSTB___RB1,4,1,A,B,0.0000,0.0,0.0,0.0000,0.1657,0.0000,0.0000,0.0,0.0,0.1800,66.0,67.7,0.650,0,0,0,0,,,,,98,928,,,,,CSTB___RB1_unrelaxed_rank_004_alphafold2_multimer_v3_model_1_seed_000.pdb
CSTB___RB1,5,2,A,B,0.0000,0.0,0.0,0.0000,0.1594,0.0000,0.0000,0.0,0.0,0.1700,70.8,67.4,0.650,0,0,0,0,,,,,98,928,,,,,CSTB___RB1_unrelaxed_rank_005_alphafold2_multimer_v3_model_2_seed_000.pdb
CSTB___SF3A3,1,3,A,B,0.0000,0.0,0.0,0.0000,0.1507,0.0000,0.0000,0.0,0.0,0.1800,69.1,74.3,0.490,0,0,0,0,,,,,98,501,,,,,CSTB___SF3A3_unrelaxed_rank_001_alphafold2_multimer_v3_model_3_seed_000.pdb
CSTB___SF3A3,2,4,A,B,0.0000,0.0,0.0,0.0000,0.1390,0.0000,0.0000,0.0,0.0,0.1700,62.3,71.1,0.490,0,0,0,0,,,,,98,501,,,,,CSTB___SF3A3_unrelaxed_rank_002_alphafold2_multimer_v3_model_4_seed_000.pdb
CSTB___SF3A3,3,2,A,B,0.0000,0.0,0.0,0.0000,0.1412,0.0000,0.0000,0.0,0.0,0.1500,72.4,75.1,0.490,0,0,0,0,,,,,98,501,,,,,CSTB___SF3A3_unrelaxed_rank_003_alphafold2_multimer_v3_model_2_seed_000.pdb
CSTB___SF3A3,4,5,A,B,0.0000,0.0,0.0,0.0000,0.1208,0.0000,0.0000,0.0,0.0,0.1400,74.5,73.4,0.490,0,0,0,0,,,,,98,501,,,,,CSTB___SF3A3_unrelaxed_rank_004_alphafold2_multimer_v3_model_5_seed_000.pdb
CSTB___SF3A3,5,1,A,B,0.0000,0.0,0.0,0.0000,0.1266,0.0000,0.0000,0.0,0.0,0.1300,68.2,75.3,0.490,0,0,0,0,,,,,98,501,,,,,CSTB___SF3A3_unrelaxed_rank_005_alphafold2_multimer_v3_model_1_seed_000.pdb
DAZAP1___CDC5L,1,5,A,B,0.0000,0.0,0.0,0.0000,0.1267,0.0000,0.0000,0.0,0.0,0.1400,40.6,58.1,0.260,0,0,0,0,,,,,407,802,,,,,DAZAP1___CDC5L_unrelaxed_rank_001_alphafold2_multimer_v3_model_5_seed_000.pdb
DAZAP1___CDC5L,2,3,A,B,0.0000,0.0,0.0,0.0000,0.1331,0.0000,0.0000,0.0,0.0,0.1400,39.3,59.7,0.260,0,0,0,0,,,,,407,802,,,,,DAZAP1___CDC5L_unrelaxed_rank_002_alphafold2_multimer_v3_model_3_seed_000.pdb
DAZAP1___CDC5L,3,2,A,B,0.0000,0.0,0.0,0.0000,0.1401,0.0000,0.0000,0.0,0.0,0.1500,41.4,58.1,0.230,0,0,0,0,,,,,407,802,,,,,DAZAP1___CDC5L_unrelaxed_rank_003_alphafold2_multimer_v3_model_2_seed_000.pdb
DAZAP1___CDC5L,4,1,A,B,0.0000,0.0,0.0,0.0000,0.1442,0.0000,0.0000,0.0,0.0,0.1400,39.5,60.6,0.250,0,0,0,0,,,,,407,802,,,,,DAZAP1___CDC5L_unrelaxed_rank_004_alphafold2_multimer_v3_model_1_seed_000.pdb
DAZAP1___CDC5L,5,4,A,B,0.0000,0.0,0.0,0.0000,0.1476,0.0000,0.0000,0.0,0.0,0.1300,39.0,55.8,0.250,0,0,0,0,,,,,407,802,,,,,DAZAP1___CDC5L_unrelaxed_rank_005_alphafold2_multimer_v3_model_4_seed_000.pdb
DAZAP1___FUBP3,1,2,A,B,0.0000,0.0,0.0,0.0000,0.2327,0.0000,0.0000,0.0,0.0,0.1600,44.1,51.2,0.210,0,0,0,0,,,,,407,572,,,,,DAZAP1___FUBP3_unrelaxed_rank_001_alphafold2_multimer_v3_model_2_seed_000.pdb
DAZAP1___FUBP3,2,1,A,B,0.0000,0.0,0.0,0.0000,0.1607,0.0000,0.0000,0.0,0.0,0.1500,41.5,48.5,0.220,0,0,0,0,,,,,407,572,,,,,DAZAP1___FUBP3_unrelaxed_rank_002_alphafold2_multimer_v3_model_1_seed_000.pdb
DAZAP1___FUBP3,3,4,A,B,0.0000,0.0,0.0,0.0000,0.1653,0.0000,0.0000,0.0,0.0,0.1400,40.5,46.2,0.210,0,0,0,0,,,,,407,572,,,,,DAZAP1___FUBP3_unrelaxed_rank_003_alphafold2_multimer_v3_model_4_seed_000.pdb
DAZAP1___FUBP3,4,5,A,B,0.0000,0.0,0.0,0.0000,0.1420,0.0000,0.0000,0.0,0.0,0.1300,43.0,49.9,0.210,0,0,0,0,,,,,407,572,,,,,DAZAP1___FUBP3_unrelaxed_rank_004_alphafold2_multimer_v3_model_5_seed_000.pdb
DAZAP1___FUBP3,5,3,A,B,0.0000,0.0,0.0,0.0000,0.1444,0.0000,0.0000,0.0,0.0,0.1300,39.8,45.1,0.210,0,0,0,0,,,,,407,572,,,,,DAZAP1___FUBP3_unrelaxed_rank_005_alphafold2_multimer_v3_model_3_seed_000.pdb
DAZAP1___HMGB1,1,4,A,B,0.0000,0.0,0.0,0.0000,0.1723,0.0000,0.0000,0.0,0.0,0.1400,41.8,66.4,0.280,0,0,0,0,,,,,407,215,,,,,DAZAP1___HMGB1_unrelaxed_rank_001_alphafold2_multimer_v3_model_4_seed_000.pdb
DAZAP1___HMGB1,2,1,A,B,0.0000,0.0,0.0,0.0000,0.2262,0.0000,0.0000,0.0,0.0,0.1300,45.3,67.4,0.250,0,0,0,0,,,,,407,215,,,,,DAZAP1___HMGB1_unrelaxed_rank_002_alphafold2_multimer_v3_model_1_seed_000.pdb
DAZAP1___HMGB1,3,3,A,B,0.0000,0.0,0.0,0.0000,0.1814,0.0000,0.0000,0.0,0.0,0.1200,42.9,65.5,0.250,0,0,0,0,,,,,407,215,,,,,DAZAP1___HMGB1_unrelaxed_rank_003_alphafold2_multimer_v3_model_3_seed_000.pdb
DAZAP1___HMGB1,4,5,A,B,0.0000,0.0,0.0,0.0000,0.1276,0.0000,0.0000,0.0,0.0,0.1200,43.4,66.1,0.250,0,0,0,0,,,,,407,215,,,,,DAZAP1___HMGB1_unrelaxed_rank_004_alphafold2_multimer_v3_model_5_seed_000.pdb
DAZAP1___HMGB1,5,2,A,B,0.0000,0.0,0.0,0.0000,0.1376,0.0000,0.0000,0.0,0.0,0.1200,44.9,67.1,0.240,0,0,0,0,,,,,407,215,,,,,DAZAP1___HMGB1_unrelaxed_rank_005_alphafold2_multimer_v3_model_2_seed_000.pdb
DAZAP1___SF3A3,1,1,A,B,0.0000,0.0,0.0,0.0000,0.2467,0.0000,0.0000,0.0,0.0,0.1500,38.7,75.1,0.380,0,0,0,0,,,,,407,501,,,,,DAZAP1___SF3A3_unrelaxed_rank_001_alphafold2_multimer_v3_model_1_seed_000.pdb
DAZAP1___SF3A3,2,4,A,B,0.0000,0.0,0.0,0.0000,0.2228,0.0000,0.0000,0.0,0.0,0.1500,34.6,70.6,0.390,0,0,0,0,,,,,407,501,,,,,DAZAP1___SF3A3_unrelaxed_rank_002_alphafold2_multimer_v3_model_4_seed_000.pdb
DAZAP1___SF3A3,3,2,A,B,0.0000,0.0,0.0,0.0000,0.2102,0.0000,0.0000,0.0,0.0,0.1400,39.8,75.9,0.380,0,0,0,0,,,,,407,501,,,,,DAZAP1___SF3A3_unrelaxed_rank_003_alphafold2_multimer_v3_model_2_seed_000.pdb
DAZAP1___SF3A3,4,3,A,B,0.0000,0.0,0.0,0.0000,0.1402,0.0000,0.0000,0.0,0.0,0.1400,36.1,75.7,0.390,0,0,0,0,,,,,407,501,,,,,DAZAP1___SF3A3_unrelaxed_rank_004_alphafold2_multimer_v3_model_3_seed_000.pdb
DAZAP1___SF3A3,5,5,A,B,0.0000,0.0,0.0,0.0000,0.1172,0.0000,0.0000,0.0,0.0,0.1200,38.7,75.6,0.380,0,0,0,0,,,,,407,501,,,,,DAZAP1___SF3A3_unrelaxed_rank_005_alphafold2_multimer_v3_model_5_seed_000.pdb
EDC3___HMGB1,1,5,A,B,0.0000,0.0,0.0,0.0000,0.2226,0.0000,0.0000,0.0,0.0,0.2300,63.4,61.3,0.440,0,0,0,0,,,,,508,215,,,,,EDC3___HMGB1_unrelaxed_rank_001_alphafold2_multimer_v3_model_5_seed_000.pdb
EDC3___HMGB1,2,4,A,B,0.0000,0.0,0.0,0.0000,0.2359,0.0000,0.0000,0.0,0.0,0.1800,63.5,60.8,0.420,0,0,0,0,,,,,508,215,,,,,EDC3___HMGB1_unrelaxed_rank_002_alphafold2_multimer_v3_model_4_seed_000.pdb
EDC3___HMGB1,3,3,A,B,0.0000,0.0,0.0,0.0000,0.1666,0.0000,0.0000,0.0,0.0,0.1800,63.8,63.1,0.430,0,0,0,0,,,,,508,215,,,,,EDC3___HMGB1_unrelaxed_rank_003_alphafold2_multimer_v3_model_3_seed_000.pdb
EDC3___HMGB1,4,1,A,B,0.0000,0.0,0.0,0.0000,0.2266,0.0000,0.0000,0.0,0.0,0.1600,64.4,57.2,0.420,0,0,0,0,,,,,508,215,,,,,EDC3___HMGB1_unrelaxed_rank_004_alphafold2_multimer_v3_model_1_seed_000.pdb
EDC3___HMGB1,5,2,A,B,0.0000,0.0,0.0,0.0000,0.1560,0.0000,0.0000,0.0,0.0,0.1600,64.5,61.1,0.420,0,0,0,0,,,,,508,215,,,,,EDC3___HMGB1_unrelaxed_rank_005_alphafold2_multimer_v3_model_2_seed_000.pdb
EDC3___RB1,1,2,A,B,0.0000,0.0,0.0,0.0000,0.4072,0.0000,0.0000,0.0,0.0,0.1900,58.5,67.1,0.520,0,0,0,0,,,,,508,928,,,,,EDC3___RB1_unrelaxed_rank_001_alphafold2_multimer_v3_model_2_seed_000.pdb
EDC3___RB1,2,1,A,B,0.0000,0.0,0.0,0.0000,0.2593,0.0000,0.0000,0.0,0.0,0.1800,56.2,67.4,0.520,0,0,0,0,,,,,508,928,,,,,EDC3___RB1_unrelaxed_rank_002_alphafold2_multimer_v3_model_1_seed_000.pdb
EDC3___RB1,3,3,A,B,0.0000,0.0,0.0,0.0000,0.3234,0.0000,0.0000,0.0,0.0,0.1700,57.3,67.1,0.520,0,0,0,0,,,,,508,928,,,,,EDC3___RB1_unrelaxed_rank_003_alphafold2_multimer_v3_model_3_seed_000.pdb
EDC3___RB1,4,4,A,B,0.0000,0.0,0.0,0.0000,0.3292,0.0000,0.0000,0.0,0.0,0.1700,55.4,66.6,0.520,0,0,0,0,,,,,508,928,,,,,EDC3___RB1_unrelaxed_rank_004_alphafold2_multimer_v3_model_4_seed_000.pdb
EDC3___RB1,5,5,A,B,0.0000,0.0,0.0,0.0000,0.1679,0.0000,0.0000,0.0,0.0,0.1600,57.8,67.0,0.520,0,0,0,0,,,,,508,928,,,,,EDC3___RB1_unrelaxed_rank_005_alphafold2_multimer_v3_model_5_seed_000.pdb
EDC3___RBM4,1,4,A,B,0.3155,1765.1,556.9,0.3539,0.8209,0.2544,0.3913,34238.0,91.0,0.4200,62.6,45.2,0.450,253,87,23,18,89.7,81.8,86.3,69.2,508,364,[256-508],[73-159],"[274,314-316,318-319,321-322,324,402-405,436-438,457,475,500-504]","[87,89-91,108-112,148-149,151-157]",EDC3___RBM4_unrelaxed_rank_001_alphafold2_multimer_v3_model_4_seed_000.pdb
EDC3___RBM4,2,1,A,B,0.1364,1121.7,153.0,0.1101,0.6477,0.1099,0.1694,20295.0,62.0,0.3700,63.1,45.2,0.430,245,84,25,16,90.6,80.7,82.6,61.8,508,364,"[258-263,267,269-371,374-508]",[74-157],"[274,314-316,318-319,321-325,402-403,405,436-438,456-457,473,475,500,502-504]","[87,90-91,108-112,148,150-156]",EDC3___RBM4_unrelaxed_rank_002_alphafold2_multimer_v3_model_1_seed_000.pdb
EDC3___RBM4,3,5,A,B,0.0654,485.8,31.8,0.0148,0.4714,0.0612,0.0699,7868.0,30.0,0.3600,62.2,45.6,0.430,235,85,16,14,91.4,79.9,83.9,54.1,508,364,"[261-263,267,269-374,377-394,396,398-413,417-420,422-445,447-508]",[73-157],"[314-315,317-319,321-324,403,436-438,457,503-504]","[90-91,108,111-112,148-156]",EDC3___RBM4_unrelaxed_rank_003_alphafold2_multimer_v3_model_5_seed_000.pdb
EDC3___RBM4,4,2,A,B,0.0876,427.5,37.4,0.0149,0.6341,0.0625,0.1228,4153.0,44.0,0.3300,63.0,45.6,0.420,223,76,17,11,92.7,79.5,86.0,52.8,508,364,"[260-264,269-327,330,333-369,375-394,396-413,415,419-445,453-507]","[75-129,131-132,140-158]","[274,314-316,318-319,321-322,324,436,438,457,475,500,502-504]","[90,108,148-149,151-157]",EDC3___RBM4_unrelaxed_rank_004_alphafold2_multimer_v3_model_2_seed_000.pdb
EDC3___RBM4,5,3,A,B,0.0303,67.3,2.0,0.0115,0.4395,0.0234,0.0393,412.0,11.0,0.2400,62.1,44.1,0.410,144,9,6,5,93.4,35.1,84.1,34.1,508,364,"[260-263,270-282,284,286-288,290-292,294-297,299-304,306-323,325,335-339,341,343,348-350,353,355-366,381,383-385,388,392,404-410,425,428,431-432,437-444,453,455-461,464-465,470-471,473-489,491,493-497,499-506]",[149-157],"[318-319,321-322,457,504]",[152-156],EDC3___RBM4_unrelaxed_rank_005_alphafold2_multimer_v3_model_3_seed_000.pdb
EPB41___RB1,1,2,A,B,0.2780,417.3,116.0,0.0913,0.8835,0.2015,0.3837,3869.0,45.0,0.4400,44.9,67.4,0.470,15,451,8,15,45.9,90.6,51.3,87.0,864,928,"[660-673,850]","[61,70-80,97-110,115-124,127-138,142-169,190-203,205-206,212-228,276-278,285-300,317-318,320-325,332-333,335-337,376-389,396-407,409-436,438-465,474-498,513-539,542-577,605,646-783,850]","[661,663,665-668,670-671]","[709-710,713-714,721-722,753-754,756-757,761,765,768-769,772]",EPB41___RB1_unrelaxed_rank_001_alphafold2_multimer_v3_model_2_seed_000.pdb
EPB41___RB1,2,1,A,B,0.0000,0.0,0.0,0.0000,0.4342,0.0000,0.0000,0.0,0.0,0.3500,44.8,67.2,0.500,0,0,0,0,,,,,864,928,,,,,EPB41___RB1_unrelaxed_rank_002_alphafold2_multimer_v3_model_1_seed_000.pdb
EPB41___RB1,3,4,A,B,0.0000,0.0,0.0,0.0000,0.4072,0.0000,0.0000,0.0,0.0,0.2200,42.3,66.5,0.470,0,0,0,0,,,,,864,928,,,,,EPB41___RB1_unrelaxed_rank_003_alphafold2_multimer_v3_model_4_seed_000.pdb
EPB41___RB1,4,3,A,B,0.0000,0.0,0.0,0.0000,0.4454,0.0000,0.0000,0.0,0.0,0.2000,43.5,66.5,0.470,0,0,0,0,,,,,864,928,,,,,EPB41___RB1_unrelaxed_rank_004_alphafold2_multimer_v3_model_3_seed_000.pdb
EPB41___RB1,5,5,A,B,0.0000,0.0,0.0,0.0000,0.2605,0.0000,0.0000,0.0,0.0,0.1900,44.1,66.8,0.470,0,0,0,0,,,,,864,928,,,,,EPB41___RB1_unrelaxed_rank_005_alphafold2_multimer_v3_model_5_seed_000.pdb
EPB41___SLC3A2,1,3,A,B,0.1655,288.2,47.7,0.0186,0.7404,0.1288,0.2126,1767.0,47.0,0.3400,45.9,68.9,0.400,254,10,13,9,89.3,48.0,85.4,49.1,864,630,"[212-224,230-256,260-274,280-340,349-357,359-375,377-452,462-489,513-520]",[120-129],"[319-321,324,392-395,423,426-429]","[120,122-129]",EPB41___SLC3A2_unrelaxed_rank_001_alphafold2_multimer_v3_model_3_seed_000.pdb
EPB41___SLC3A2,2,1,A,B,0.1175,208.6,24.5,0.0201,0.6886,0.0951,0.1451,926.0,47.0,0.3200,46.9,69.4,0.400,223,14,17,11,87.9,40.6,82.5,43.1,864,630,"[213-223,231-232,234-255,263-266,268-271,274,281-289,291-292,294-297,299-337,353-355,360-374,378-450,462-489,513-517,519]","[121-129,141-142,144-146]","[319-321,391-392,394-395,405,422-423,426-429,462-464]","[121-129,144,146]",EPB41___SLC3A2_unrelaxed_rank_002_alphafold2_multimer_v3_model_1_seed_000.pdb
EPB41___SLC3A2,3,2,A,B,0.0936,127.8,12.0,0.0154,0.6319,0.0756,0.1159,628.0,26.0,0.3200,46.9,69.8,0.400,200,8,10,5,90.8,48.2,87.5,50.8,864,630,"[213-218,220-223,231-232,234-241,243,245-255,264-266,268,270-271,274,281-289,294-296,299-336,350,353-355,360-373,379-390,392-404,407-415,418,420-435,438-450,462-467,469-489,513-514]",[122-129],"[319-321,394-395,423,426-429]",[122-126],EPB41___SLC3A2_unrelaxed_rank_003_alphafold2_multimer_v3_model_2_seed_000.pdb
EPB41___SLC3A2,4,5,A,B,0.0000,0.0,0.0,0.0000,0.4402,0.0192,0.0000,2.0,0.0,0.2300,45.8,68.3,0.390,2,1,0,0,95.3,34.5,,,864,630,"[214,239]",[115],,,EPB41___SLC3A2_unrelaxed_rank_004_alphafold2_multimer_v3_model_5_seed_000.pdb
EPB41___SLC3A2,5,4,A,B,0.0256,1.7,0.0,0.0000,0.5014,0.0197,0.0333,3.0,1.0,0.2100,44.6,67.9,0.390,2,2,1,1,89.9,32.5,85.4,33.7,864,630,"[308,392]",[117-118],[392],[117],EPB41___SLC3A2_unrelaxed_rank_005_alphafold2_multimer_v3_model_4_seed_000.pdb
FUBP1___DDX17,1,1,A,B,0.1673,197.6,33.1,0.0166,0.7992,0.1318,0.2124,1446.0,27.0,0.3300,41.2,60.2,0.390,14,147,8,7,49.1,85.0,51.6,79.2,644,729,[582-595],"[388-417,420-441,443-451,453,456-475,487-496,498-510,513-554]","[582,585-586,588-590,592-593]","[393,543-546,549-550]",FUBP1___DDX17_unrelaxed_rank_001_alphafold2_multimer_v3_model_1_seed_000.pdb
FUBP1___DDX17,2,5,A,B,0.1482,165.5,24.5,0.0158,0.7071,0.1177,0.1866,1245.0,22.0,0.3000,41.9,60.0,0.360,13,145,6,6,49.4,86.8,53.4,80.6,644,729,[583-595],"[389-416,420-441,443-450,453-467,469-477,487-509,514-553]","[585-586,588-589,592-593]","[393,543-546,549]",FUBP1___DDX17_unrelaxed_rank_002_alphafold2_multimer_v3_model_5_seed_000.pdb
FUBP1___DDX17,3,4,A,B,0.0000,0.0,0.0,0.0000,0.3503,0.0000,0.0000,0.0,0.0,0.2500,38.8,60.1,0.410,0,0,0,0,,,,,644,729,,,,,FUBP1___DDX17_unrelaxed_rank_003_alphafold2_multimer_v3_model_4_seed_000.pdb
FUBP1___DDX17,4,3,A,B,0.0000,0.0,0.0,0.0000,0.3757,0.0000,0.0000,0.0,0.0,0.2100,40.1,60.9,0.410,0,0,0,0,,,,,644,729,,,,,FUBP1___DDX17_unrelaxed_rank_004_alphafold2_multimer_v3_model_3_seed_000.pdb
FUBP1___DDX17,5,2,A,B,0.0000,0.0,0.0,0.0000,0.3603,0.0000,0.0000,0.0,0.0,0.2100,41.0,61.7,0.390,0,0,0,0,,,,,644,729,,,,,FUBP1___DDX17_unrelaxed_rank_005_alphafold2_multimer_v3_model_2_seed_000.pdb
FUBP1___LUC7L2,1,4,A,B,0.1306,359.8,47.0,0.0165,0.7094,0.1093,0.1560,2755.0,47.0,0.3600,42.3,59.8,0.330,19,199,11,16,49.9,84.2,51.7,81.7,644,392,[612-630],"[30-74,80-176,180-236]","[613-615,617-618,621-622,624-626,628]","[53,104,107-108,111,185,187,195-196,198,205,208-209,212-214]",FUBP1___LUC7L2_unrelaxed_rank_001_alphafold2_multimer_v3_model_4_seed_000.pdb
FUBP1___LUC7L2,2,5,A,B,0.0095,5.5,0.1,0.0000,0.3999,0.0143,0.0062,30.0,1.0,0.3300,45.5,58.8,0.340,7,21,1,1,51.7,85.7,48.0,78.6,644,392,"[615-619,621-622]","[91,99-100,102-103,105-107,126,158,160,163,165-166,188,198-199,203-205,210]",[622],[205],FUBP1___LUC7L2_unrelaxed_rank_002_alphafold2_multimer_v3_model_5_seed_000.pdb
FUBP1___LUC7L2,3,1,A,B,0.0000,0.0,0.0,0.0000,0.2671,0.0000,0.0000,0.0,0.0,0.1900,45.4,59.6,0.320,0,0,0,0,,,,,644,392,,,,,FUBP1___LUC7L2_unrelaxed_rank_003_alphafold2_multimer_v3_model_1_seed_000.pdb
FUBP1___LUC7L2,4,2,A,B,0.0000,0.0,0.0,0.0000,0.1810,0.0000,0.0000,0.0,0.0,0.1700,45.8,56.5,0.290,0,0,0,0,,,,,644,392,,,,,FUBP1___LUC7L2_unrelaxed_rank_004_alphafold2_multimer_v3_model_2_seed_000.pdb
FUBP1___LUC7L2,5,3,A,B,0.0000,0.0,0.0,0.0000,0.1909,0.0000,0.0000,0.0,0.0,0.1500,41.9,59.4,0.320,0,0,0,0,,,,,644,392,,,,,FUBP1___LUC7L2_unrelaxed_rank_005_alphafold2_multimer_v3_model_3_seed_000.pdb
FUBP1___SF3B2,1,3,A,B,0.1821,557.4,101.5,0.0198,0.8362,0.1358,0.2442,2099.0,148.0,0.2500,44.3,41.7,0.260,83,89,31,28,70.9,71.6,64.7,65.4,644,895,"[187-256,615-627]","[504-526,594-606,608,610-621,627-643,649-657,662-675]","[194-195,197-205,208,220-221,223,225-230,233,615,617-619,621-622,624-626]","[512-519,597-604,618-620,629,631,634,665-669,671]",FUBP1___SF3B2_unrelaxed_rank_001_alphafold2_multimer_v3_model_3_seed_000.pdb
FUBP1___SF3B2,2,4,A,B,0.0000,0.0,0.0,0.0000,0.2953,0.0000,0.0000,0.0,0.0,0.1800,41.9,36.8,0.210,0,0,0,0,,,,,644,895,,,,,FUBP1___SF3B2_unrelaxed_rank_002_alphafold2_multimer_v3_model_4_seed_000.pdb
FUBP1___SF3B2,3,2,A,B,0.0000,0.0,0.0,0.0000,0.3284,0.0000,0.0000,0.0,0.0,0.1800,47.1,39.8,0.210,0,0,0,0,,,,,644,895,,,,,FUBP1___SF3B2_unrelaxed_rank_003_alphafold2_multimer_v3_model_2_seed_000.pdb
FUBP1___SF3B2,4,5,A,B,0.0000,0.0,0.0,0.0000,0.2531,0.0000,0.0000,0.0,0.0,0.1700,43.7,40.2,0.220,0,0,0,0,,,,,644,895,,,,,FUBP1___SF3B2_unrelaxed_rank_004_alphafold2_multimer_v3_model_5_seed_000.pdb
FUBP1___SF3B2,5,1,A,B,0.0000,0.0,0.0,0.0000,0.1838,0.0000,0.0000,0.0,0.0,0.1700,43.2,38.9,0.210,0,0,0,0,,,,,644,895,,,,,FUBP1___SF3B2_unrelaxed_rank_005_alphafold2_multimer_v3_model_1_seed_000.pdb
FUBP3___DNAJA1,1,3,A,B,0.0151,3.0,0.0,0.0000,0.4481,0.0122,0.0187,9.0,1.0,0.2200,43.9,75.0,0.330,2,9,1,1,31.3,92.2,30.1,93.1,572,397,[460-461],"[210,212,214,221,259,261,271,273,276]",[461],[259],FUBP3___DNAJA1_unrelaxed_rank_001_alphafold2_multimer_v3_model_3_seed_000.pdb
FUBP3___DNAJA1,2,2,A,B,0.0000,0.0,0.0,0.0000,0.1316,0.0000,0.0000,0.0,0.0,0.1400,46.8,76.3,0.330,0,0,0,0,,,,,572,397,,,,,FUBP3___DNAJA1_unrelaxed_rank_002_alphafold2_multimer_v3_model_2_seed_000.pdb
FUBP3___DNAJA1,3,1,A,B,0.0000,0.0,0.0,0.0000,0.1229,0.0000,0.0000,0.0,0.0,0.1300,46.7,77.2,0.330,0,0,0,0,,,,,572,397,,,,,FUBP3___DNAJA1_unrelaxed_rank_003_alphafold2_multimer_v3_model_1_seed_000.pdb
FUBP3___DNAJA1,4,5,A,B,0.0000,0.0,0.0,0.0000,0.1185,0.0000,0.0000,0.0,0.0,0.1300,45.7,77.0,0.320,0,0,0,0,,,,,572,397,,,,,FUBP3___DNAJA1_unrelaxed_rank_004_alphafold2_multimer_v3_model_5_seed_000.pdb
FUBP3___DNAJA1,5,4,A,B,0.0000,0.0,0.0,0.0000,0.1217,0.0000,0.0000,0.0,0.0,0.1200,43.5,75.9,0.330,0,0,0,0,,,,,572,397,,,,,FUBP3___DNAJA1_unrelaxed_rank_005_alphafold2_multimer_v3_model_4_seed_000.pdb
FUS___AGAP3,1,1,A,B,0.0000,0.0,0.0,0.0000,0.2314,0.0000,0.0000,0.0,0.0,0.1800,26.2,58.6,0.300,0,0,0,0,,,,,526,875,,,,,FUS___AGAP3_unrelaxed_rank_001_alphafold2_multimer_v3_model_1_seed_000.pdb
FUS___AGAP3,2,5,A,B,0.0000,0.0,0.0,0.0000,0.2328,0.0000,0.0000,0.0,0.0,0.1700,28.3,61.6,0.300,0,0,0,0,,,,,526,875,,,,,FUS___AGAP3_unrelaxed_rank_002_alphafold2_multimer_v3_model_5_seed_000.pdb
FUS___AGAP3,3,4,A,B,0.0000,0.0,0.0,0.0000,0.3255,0.0000,0.0000,0.0,0.0,0.1800,25.9,59.0,0.290,0,0,0,0,,,,,526,875,,,,,FUS___AGAP3_unrelaxed_rank_003_alphafold2_multimer_v3_model_4_seed_000.pdb
FUS___AGAP3,4,3,A,B,0.0000,0.0,0.0,0.0000,0.3617,0.0000,0.0000,0.0,0.0,0.1700,26.6,60.8,0.290,0,0,0,0,,,,,526,875,,,,,FUS___AGAP3_unrelaxed_rank_004_alphafold2_multimer_v3_model_3_seed_000.pdb
FUS___AGAP3,5,2,A,B,0.0000,0.0,0.0,0.0000,0.3471,0.0000,0.0000,0.0,0.0,0.1700,28.6,62.7,0.290,0,0,0,0,,,,,526,875,,,,,FUS___AGAP3_unrelaxed_rank_005_alphafold2_multimer_v3_model_2_seed_000.pdb
FUS___CCNT1,1,3,A,B,0.0000,0.0,0.0,0.0000,0.3080,0.0000,0.0000,0.0,0.0,0.1800,28.3,44.5,0.330,0,0,0,0,,,,,526,726,,,,,FUS___CCNT1_unrelaxed_rank_001_alphafold2_multimer_v3_model_3_seed_000.pdb
FUS___CCNT1,2,1,A,B,0.0000,0.0,0.0,0.0000,0.1752,0.0000,0.0000,0.0,0.0,0.1800,29.3,44.1,0.320,0,0,0,0,,,,,526,726,,,,,FUS___CCNT1_unrelaxed_rank_002_alphafold2_multimer_v3_model_1_seed_000.pdb
FUS___CCNT1,3,4,A,B,0.0000,0.0,0.0,0.0000,0.2509,0.0000,0.0000,0.0,0.0,0.1700,29.3,42.9,0.320,0,0,0,0,,,,,526,726,,,,,FUS___CCNT1_unrelaxed_rank_003_alphafold2_multimer_v3_model_4_seed_000.pdb
FUS___CCNT1,4,2,A,B,0.0000,0.0,0.0,0.0000,0.1839,0.0000,0.0000,0.0,0.0,0.1600,30.5,46.6,0.340,0,0,0,0,,,,,526,726,,,,,FUS___CCNT1_unrelaxed_rank_004_alphafold2_multimer_v3_model_2_seed_000.pdb
FUS___CCNT1,5,5,A,B,0.0000,0.0,0.0,0.0000,0.1718,0.0000,0.0000,0.0,0.0,0.1600,29.2,45.3,0.320,0,0,0,0,,,,,526,726,,,,,FUS___CCNT1_unrelaxed_rank_005_alphafold2_multimer_v3_model_5_seed_000.pdb
KHSRP___CHERP,1,5,A,B,0.1627,639.1,104.0,0.0258,0.7297,0.1224,0.2162,4538.0,90.0,0.3000,41.6,47.5,0.300,36,292,18,20,52.9,84.3,53.4,76.2,711,916,"[72-89,642-659]","[109,112-114,116-150,152-166,168-319,321-322,325,638-662,666-699,702-725]","[73-74,77,81,84,87-89,643-645,648-649,651-653,655-656]","[128,250,285-286,288-290,292-293,296,643-645,649-651,676,690-691,694]",KHSRP___CHERP_unrelaxed_rank_001_alphafold2_multimer_v3_model_5_seed_000.pdb
KHSRP___CHERP,2,3,A,B,0.4196,360.1,151.1,0.1837,0.9049,0.3104,0.5673,3088.0,42.0,0.2400,39.8,47.8,0.290,24,95,10,12,55.2,68.8,55.2,69.7,711,916,[69-92],[634-728],"[70,73-74,77,81,84,87-90]","[643-645,649-651,676,690-691,694-696]",KHSRP___CHERP_unrelaxed_rank_002_alphafold2_multimer_v3_model_3_seed_000.pdb
KHSRP___CHERP,3,1,A,B,0.4464,351.9,157.1,0.2244,0.9365,0.3414,0.5837,3176.0,39.0,0.2300,39.2,46.9,0.300,24,96,11,11,58.8,70.7,57.9,73.7,711,916,[68-91],[633-728],"[69-70,73-74,77,81,84,87-90]","[643-645,649-651,676,690,694-696]",KHSRP___CHERP_unrelaxed_rank_003_alphafold2_multimer_v3_model_1_seed_000.pdb
KHSRP___CHERP,4,2,A,B,0.3347,408.4,136.7,0.1442,0.8921,0.2561,0.4375,3088.0,54.0,0.2300,42.7,48.5,0.300,34,229,15,23,48.3,82.2,48.5,77.1,711,916,"[68-92,618-626]","[138,143,146-147,149-150,152-185,187-197,199-201,203,206-216,218-242,244,246-250,252,254-274,276-282,285-293,296,635-727]","[70,73-74,77,81,84,87-90,618-619,622,625-626]","[168-170,173,209,212-213,216,259,262-263,266,643-645,649-651,676,690-691,694,696]",KHSRP___CHERP_unrelaxed_rank_004_alphafold2_multimer_v3_model_2_seed_000.pdb
KHSRP___CHERP,5,4,A,B,0.0093,2.8,0.0,0.0000,0.5286,0.0190,0.0046,4.0,2.0,0.1900,39.1,46.1,0.290,3,3,1,1,47.8,62.0,49.8,62.6,711,916,"[77-78,81]","[686,690,693]",[81],[690],KHSRP___CHERP_unrelaxed_rank_005_alphafold2_multimer_v3_model_4_seed_000.pdb
MATR3___DHX15,1,3,A,B,0.0000,0.0,0.0,0.0000,0.4239,0.0177,0.0000,10.0,0.0,0.3700,37.2,79.2,0.480,2,10,0,0,62.1,92.1,,,847,795,"[803,810]","[319,321,323,334,436-438,469,479,481]",,,MATR3___DHX15_unrelaxed_rank_001_alphafold2_multimer_v3_model_3_seed_000.pdb
MATR3___DHX15,2,5,A,B,0.0000,0.0,0.0,0.0000,0.3199,0.0000,0.0000,0.0,0.0,0.3000,35.7,79.3,0.480,0,0,0,0,,,,,847,795,,,,,MATR3___DHX15_unrelaxed_rank_002_alphafold2_multimer_v3_model_5_seed_000.pdb
MATR3___DHX15,3,2,A,B,0.0000,0.0,0.0,0.0000,0.3821,0.0000,0.0000,0.0,0.0,0.3000,37.4,78.6,0.470,0,0,0,0,,,,,847,795,,,,,MATR3___DHX15_unrelaxed_rank_003_alphafold2_multimer_v3_model_2_seed_000.pdb
MATR3___DHX15,4,4,A,B,0.0000,0.0,0.0,0.0000,0.3478,0.0000,0.0000,0.0,0.0,0.2800,34.5,77.0,0.480,0,0,0,0,,,,,847,795,,,,,MATR3___DHX15_unrelaxed_rank_004_alphafold2_multimer_v3_model_4_seed_000.pdb
MATR3___DHX15,5,1,A,B,0.0000,0.0,0.0,0.0000,0.3901,0.0000,0.0000,0.0,0.0,0.2800,36.6,77.0,0.470,0,0,0,0,,,,,847,795,,,,,MATR3___DHX15_unrelaxed_rank_005_alphafold2_multimer_v3_model_1_seed_000.pdb
MATR3___NCL,1,4,A,B,0.0000,0.0,0.0,0.0000,0.3013,0.0000,0.0000,0.0,0.0,0.2000,37.9,43.2,0.230,0,0,0,0,,,,,847,710,,,,,MATR3___NCL_unrelaxed_rank_001_alphafold2_multimer_v3_model_4_seed_000.pdb
MATR3___NCL,2,1,A,B,0.0000,0.0,0.0,0.0000,0.2064,0.0000,0.0000,0.0,0.0,0.1800,38.9,41.4,0.230,0,0,0,0,,,,,847,710,,,,,MATR3___NCL_unrelaxed_rank_002_alphafold2_multimer_v3_model_1_seed_000.pdb
MATR3___NCL,3,2,A,B,0.0000,0.0,0.0,0.0000,0.1746,0.0000,0.0000,0.0,0.0,0.1800,41.7,44.6,0.220,0,0,0,0,,,,,847,710,,,,,MATR3___NCL_unrelaxed_rank_003_alphafold2_multimer_v3_model_2_seed_000.pdb
MATR3___NCL,4,3,A,B,0.0000,0.0,0.0,0.0000,0.2192,0.0000,0.0000,0.0,0.0,0.1700,39.4,43.7,0.220,0,0,0,0,,,,,847,710,,,,,MATR3___NCL_unrelaxed_rank_004_alphafold2_multimer_v3_model_3_seed_000.pdb
MATR3___NCL,5,5,A,B,0.0000,0.0,0.0,0.0000,0.1878,0.0000,0.0000,0.0,0.0,0.1600,41.0,45.5,0.220,0,0,0,0,,,,,847,710,,,,,MATR3___NCL_unrelaxed_rank_005_alphafold2_multimer_v3_model_5_seed_000.pdb
MATR3___PRDX1,1,4,A,B,0.0000,0.0,0.0,0.0000,0.1674,0.0000,0.0000,0.0,0.0,0.2000,39.3,85.2,0.270,0,0,0,0,,,,,847,199,,,,,MATR3___PRDX1_unrelaxed_rank_001_alphafold2_multimer_v3_model_4_seed_000.pdb
MATR3___PRDX1,2,5,A,B,0.0000,0.0,0.0,0.0000,0.1684,0.0000,0.0000,0.0,0.0,0.1900,40.8,84.1,0.270,0,0,0,0,,,,,847,199,,,,,MATR3___PRDX1_unrelaxed_rank_002_alphafold2_multimer_v3_model_5_seed_000.pdb
MATR3___PRDX1,3,3,A,B,0.0000,0.0,0.0,0.0000,0.1422,0.0000,0.0000,0.0,0.0,0.1800,39.7,83.8,0.280,0,0,0,0,,,,,847,199,,,,,MATR3___PRDX1_unrelaxed_rank_003_alphafold2_multimer_v3_model_3_seed_000.pdb
MATR3___PRDX1,4,2,A,B,0.0000,0.0,0.0,0.0000,0.1636,0.0000,0.0000,0.0,0.0,0.1800,41.0,86.1,0.270,0,0,0,0,,,,,847,199,,,,,MATR3___PRDX1_unrelaxed_rank_004_alphafold2_multimer_v3_model_2_seed_000.pdb
MATR3___PRDX1,5,1,A,B,0.0000,0.0,0.0,0.0000,0.1561,0.0000,0.0000,0.0,0.0,0.1700,40.1,84.6,0.280,0,0,0,0,,,,,847,199,,,,,MATR3___PRDX1_unrelaxed_rank_005_alphafold2_multimer_v3_model_1_seed_000.pdb
MATR3___RAVER1,1,4,A,B,0.0000,0.0,0.0,0.0000,0.2629,0.0000,0.0000,0.0,0.0,0.2000,36.9,51.8,0.330,0,0,0,0,,,,,847,606,,,,,MATR3___RAVER1_unrelaxed_rank_001_alphafold2_multimer_v3_model_4_seed_000.pdb
MATR3___RAVER1,2,1,A,B,0.0000,0.0,0.0,0.0000,0.2248,0.0000,0.0000,0.0,0.0,0.1800,36.8,52.1,0.330,0,0,0,0,,,,,847,606,,,,,MATR3___RAVER1_unrelaxed_rank_002_alphafold2_multimer_v3_model_1_seed_000.pdb
MATR3___RAVER1,3,3,A,B,0.0000,0.0,0.0,0.0000,0.2254,0.0000,0.0000,0.0,0.0,0.1800,37.6,50.9,0.330,0,0,0,0,,,,,847,606,,,,,MATR3___RAVER1_unrelaxed_rank_003_alphafold2_multimer_v3_model_3_seed_000.pdb
MATR3___RAVER1,4,2,A,B,0.0000,0.0,0.0,0.0000,0.1980,0.0000,0.0000,0.0,0.0,0.1700,40.7,53.7,0.330,0,0,0,0,,,,,847,606,,,,,MATR3___RAVER1_unrelaxed_rank_004_alphafold2_multimer_v3_model_2_seed_000.pdb
MATR3___RAVER1,5,5,A,B,0.0000,0.0,0.0,0.0000,0.2027,0.0000,0.0000,0.0,0.0,0.1700,39.2,51.8,0.320,0,0,0,0,,,,,847,606,,,,,MATR3___RAVER1_unrelaxed_rank_005_alphafold2_multimer_v3_model_5_seed_000.pdb
MATR3___SAFB,1,2,A,B,0.0000,0.0,0.0,0.0000,0.3247,0.0000,0.0000,0.0,0.0,0.1800,44.6,31.9,0.220,0,0,0,0,,,,,847,915,,,,,MATR3___SAFB_unrelaxed_rank_001_alphafold2_multimer_v3_model_2_seed_000.pdb
MATR3___SAFB,2,1,A,B,0.0000,0.0,0.0,0.0000,0.2268,0.0000,0.0000,0.0,0.0,0.1800,40.9,29.7,0.230,0,0,0,0,,,,,847,915,,,,,MATR3___SAFB_unrelaxed_rank_002_alphafold2_multimer_v3_model_1_seed_000.pdb
MATR3___SAFB,3,3,A,B,0.0000,0.0,0.0,0.0000,0.2260,0.0000,0.0000,0.0,0.0,0.1800,41.7,31.1,0.230,0,0,0,0,,,,,847,915,,,,,MATR3___SAFB_unrelaxed_rank_003_alphafold2_multimer_v3_model_3_seed_000.pdb
MATR3___SAFB,4,5,A,B,0.0000,0.0,0.0,0.0000,0.1623,0.0000,0.0000,0.0,0.0,0.1800,42.9,31.5,0.220,0,0,0,0,,,,,847,915,,,,,MATR3___SAFB_unrelaxed_rank_004_alphafold2_multimer_v3_model_5_seed_000.pdb
MATR3___SAFB,5,4,A,B,0.0000,0.0,0.0,0.0000,0.3234,0.0000,0.0000,0.0,0.0,0.1700,41.6,29.9,0.210,0,0,0,0,,,,,847,915,,,,,MATR3___SAFB_unrelaxed_rank_005_alphafold2_multimer_v3_model_4_seed_000.pdb
MRPL12___CHERP,1,2,A,B,0.0000,0.0,0.0,0.0122,0.4102,0.0323,0.0000,437.0,0.0,0.2200,47.2,51.2,0.320,9,166,0,0,62.3,96.0,,,198,916,"[71,74,78-79,81-83,85-86]","[124-150,152-166,168-183,185-203,205-225,227-228,231-244,246-252,255-274,276-299,304]",,,MRPL12___CHERP_unrelaxed_rank_001_alphafold2_multimer_v3_model_2_seed_000.pdb
MRPL12___CHERP,2,1,A,B,0.0000,0.0,0.0,0.0000,0.3729,0.0000,0.0000,0.0,0.0,0.2200,39.0,51.2,0.320,0,0,0,0,,,,,198,916,,,,,MRPL12___CHERP_unrelaxed_rank_002_alphafold2_multimer_v3_model_1_seed_000.pdb
MRPL12___CHERP,3,4,A,B,0.0000,0.0,0.0,0.0000,0.2183,0.0000,0.0000,0.0,0.0,0.1800,42.1,50.5,0.310,0,0,0,0,,,,,198,916,,,,,MRPL12___CHERP_unrelaxed_rank_003_alphafold2_multimer_v3_model_4_seed_000.pdb
MRPL12___CHERP,4,3,A,B,0.0000,0.0,0.0,0.0000,0.1855,0.0000,0.0000,0.0,0.0,0.1600,42.2,50.5,0.310,0,0,0,0,,,,,198,916,,,,,MRPL12___CHERP_unrelaxed_rank_004_alphafold2_multimer_v3_model_3_seed_000.pdb
MRPL12___CHERP,5,5,A,B,0.0000,0.0,0.0,0.0000,0.1545,0.0000,0.0000,0.0,0.0,0.1600,42.1,51.6,0.320,0,0,0,0,,,,,198,916,,,,,MRPL12___CHERP_unrelaxed_rank_005_alphafold2_multimer_v3_model_5_seed_000.pdb
MRPL12___FUBP3,1,1,A,B,0.0000,0.0,0.0,0.0000,0.0000,0.0000,0.0000,0.0,0.0,0.1300,45.4,54.2,0.210,0,0,0,0,,,,,198,572,,,,,MRPL12___FUBP3_unrelaxed_rank_001_alphafold2_multimer_v3_model_1_seed_000.pdb
MRPL12___FUBP3,2,4,A,B,0.0000,0.0,0.0,0.0000,0.1155,0.0000,0.0000,0.0,0.0,0.1200,47.7,50.6,0.200,0,0,0,0,,,,,198,572,,,,,MRPL12___FUBP3_unrelaxed_rank_002_alphafold2_multimer_v3_model_4_seed_000.pdb
MRPL12___FUBP3,3,2,A,B,0.0000,0.0,0.0,0.0000,0.1124,0.0000,0.0000,0.0,0.0,0.1200,51.3,54.9,0.210,0,0,0,0,,,,,198,572,,,,,MRPL12___FUBP3_unrelaxed_rank_003_alphafold2_multimer_v3_model_2_seed_000.pdb
MRPL12___FUBP3,4,5,A,B,0.0000,0.0,0.0,0.0000,0.0882,0.0000,0.0000,0.0,0.0,0.1100,45.8,53.1,0.210,0,0,0,0,,,,,198,572,,,,,MRPL12___FUBP3_unrelaxed_rank_004_alphafold2_multimer_v3_model_5_seed_000.pdb
MRPL12___FUBP3,5,3,A,B,0.0000,0.0,0.0,0.0000,0.1042,0.0000,0.0000,0.0,0.0,0.1100,47.0,50.7,0.200,0,0,0,0,,,,,198,572,,,,,MRPL12___FUBP3_unrelaxed_rank_005_alphafold2_multimer_v3_model_3_seed_000.pdb
MRPL12___RAVER1,1,3,A,B,0.0000,0.0,0.0,0.0000,0.1814,0.0000,0.0000,0.0,0.0,0.1800,40.8,54.1,0.430,0,0,0,0,,,,,198,606,,,,,MRPL12___RAVER1_unrelaxed_rank_001_alphafold2_multimer_v3_model_3_seed_000.pdb
MRPL12___RAVER1,2,1,A,B,0.0000,0.0,0.0,0.0000,0.1733,0.0000,0.0000,0.0,0.0,0.1600,39.0,55.3,0.430,0,0,0,0,,,,,198,606,,,,,MRPL12___RAVER1_unrelaxed_rank_002_alphafold2_multimer_v3_model_1_seed_000.pdb
MRPL12___RAVER1,3,2,A,B,0.0000,0.0,0.0,0.0000,0.1523,0.0000,0.0000,0.0,0.0,0.1500,44.5,55.6,0.440,0,0,0,0,,,,,198,606,,,,,MRPL12___RAVER1_unrelaxed_rank_003_alphafold2_multimer_v3_model_2_seed_000.pdb
MRPL12___RAVER1,4,5,A,B,0.0000,0.0,0.0,0.0000,0.1139,0.0000,0.0000,0.0,0.0,0.1400,40.4,54.9,0.430,0,0,0,0,,,,,198,606,,,,,MRPL12___RAVER1_unrelaxed_rank_004_alphafold2_multimer_v3_model_5_seed_000.pdb
MRPL12___RAVER1,5,4,A,B,0.0000,0.0,0.0,0.0000,0.1319,0.0000,0.0000,0.0,0.0,0.1300,43.5,55.7,0.430,0,0,0,0,,,,,198,606,,,,,MRPL12___RAVER1_unrelaxed_rank_005_alphafold2_multimer_v3_model_4_seed_000.pdb
MRPL12___SUPT5H,1,5,A,B,0.0833,126.3,10.5,0.0134,0.5719,0.0677,0.1023,665.0,24.0,0.3200,40.8,55.9,0.240,37,68,8,7,68.4,90.9,71.6,86.6,198,1087,"[137-168,187-188,191-193]","[979,981-982,984-988,1003-1006,1012-1014,1024-1027,1032-1045,1048-1068,1070-1083]","[142-143,146-147,150,158-159,162]","[1056-1057,1059,1062,1064,1073,1075]",MRPL12___SUPT5H_unrelaxed_rank_001_alphafold2_multimer_v3_model_5_seed_000.pdb
MRPL12___SUPT5H,2,3,A,B,0.0465,31.5,1.5,0.0116,0.5109,0.0393,0.0549,110.0,9.0,0.3100,41.9,54.8,0.240,22,23,5,4,69.9,85.8,72.5,82.1,198,1087,"[139,141-151,157-166]","[1036,1043-1044,1054-1059,1062-1067,1071-1078]","[142-143,146,150,162]","[1057,1059,1064,1073]",MRPL12___SUPT5H_unrelaxed_rank_002_alphafold2_multimer_v3_model_3_seed_000.pdb
MRPL12___SUPT5H,3,2,A,B,0.0000,0.0,0.0,0.0000,0.1289,0.0000,0.0000,0.0,0.0,0.1600,42.7,56.6,0.280,0,0,0,0,,,,,198,1087,,,,,MRPL12___SUPT5H_unrelaxed_rank_003_alphafold2_multimer_v3_model_2_seed_000.pdb
MRPL12___SUPT5H,4,4,A,B,0.0000,0.0,0.0,0.0000,0.1553,0.0000,0.0000,0.0,0.0,0.1600,39.5,53.7,0.250,0,0,0,0,,,,,198,1087,,,,,MRPL12___SUPT5H_unrelaxed_rank_004_alphafold2_multimer_v3_model_4_seed_000.pdb
MRPL12___SUPT5H,5,1,A,B,0.0000,0.0,0.0,0.0000,0.1790,0.0000,0.0000,0.0,0.0,0.1600,38.0,55.5,0.240,0,0,0,0,,,,,198,1087,,,,,MRPL12___SUPT5H_unrelaxed_rank_005_alphafold2_multimer_v3_model_1_seed_000.pdb
NONO___CCNT1,1,3,A,B,0.0000,0.0,0.0,0.0000,0.1649,0.0000,0.0000,0.0,0.0,0.1500,62.3,43.6,0.310,0,0,0,0,,,,,471,726,,,,,NONO___CCNT1_unrelaxed_rank_001_alphafold2_multimer_v3_model_3_seed_000.pdb
NONO___CCNT1,2,2,A,B,0.0000,0.0,0.0,0.0000,0.1557,0.0000,0.0000,0.0,0.0,0.1400,63.8,44.7,0.320,0,0,0,0,,,,,471,726,,,,,NONO___CCNT1_unrelaxed_rank_002_alphafold2_multimer_v3_model_2_seed_000.pdb
NONO___CCNT1,3,5,A,B,0.0000,0.0,0.0,0.0000,0.1606,0.0000,0.0000,0.0,0.0,0.1400,61.8,43.2,0.310,0,0,0,0,,,,,471,726,,,,,NONO___CCNT1_unrelaxed_rank_003_alphafold2_multimer_v3_model_5_seed_000.pdb
NONO___CCNT1,4,4,A,B,0.0000,0.0,0.0,0.0000,0.1485,0.0000,0.0000,0.0,0.0,0.1400,60.5,42.0,0.310,0,0,0,0,,,,,471,726,,,,,NONO___CCNT1_unrelaxed_rank_004_alphafold2_multimer_v3_model_4_seed_000.pdb
NONO___CCNT1,5,1,A,B,0.0000,0.0,0.0,0.0000,0.1398,0.0000,0.0000,0.0,0.0,0.1400,62.6,43.0,0.310,0,0,0,0,,,,,471,726,,,,,NONO___CCNT1_unrelaxed_rank_005_alphafold2_multimer_v3_model_1_seed_000.pdb
NONO___SAFB,1,2,A,B,0.3839,858.0,329.4,0.1546,0.9163,0.2719,0.5421,7147.0,103.0,0.3700,64.2,32.1,0.330,156,72,22,23,88.3,77.0,82.5,78.7,471,915,"[149-156,159-171,174,176-180,186,191-196,199-226,264-357]","[634,636-706]","[291,298,301-302,305-306,308-309,312-313,315-316,319-320,322-323,326-327,330,333-334,337]","[641,645,648,651-652,655-656,658-659,662-663,665-666,669-670,672-673,676-677,679-680,683,687]",NONO___SAFB_unrelaxed_rank_001_alphafold2_multimer_v3_model_2_seed_000.pdb
NONO___SAFB,2,5,A,B,0.2800,612.4,171.5,0.0809,0.8378,0.1985,0.3949,5860.0,64.0,0.3600,64.2,31.8,0.330,150,62,17,17,89.4,76.4,82.4,78.4,471,915,"[149-156,158-169,171-172,174,177-181,186,189-196,199-208,211-225,263,265-351]",[617-678],"[302,305-306,309,312-313,316,319-320,323,326-327,330,334,337,341,344]","[627,631,634,638,641-642,645,648-649,652,655-656,659,662-663,666,670]",NONO___SAFB_unrelaxed_rank_002_alphafold2_multimer_v3_model_5_seed_000.pdb
NONO___SAFB,3,1,A,B,0.2220,535.2,118.8,0.0406,0.8174,0.1671,0.2950,3292.0,87.0,0.3500,64.9,31.0,0.320,107,52,20,19,88.5,77.7,80.3,77.7,471,915,"[151-152,159-161,163-167,169,176-177,179,191,193-194,200-205,207-208,213-217,220-224,273,275-344,346]",[632-683],"[298,302,305-306,308-309,312-313,315-316,319-320,322-323,326-327,330,333-334,337]","[641,645,648-649,652,655-656,658-659,662-663,665-666,669-670,672-673,676-677]",NONO___SAFB_unrelaxed_rank_003_alphafold2_multimer_v3_model_1_seed_000.pdb
NONO___SAFB,4,3,A,B,0.0000,0.0,0.0,0.0000,0.4232,0.0064,0.0000,5.0,0.0,0.2800,64.9,31.4,0.320,4,4,0,0,82.7,77.8,,,471,915,"[310,318,320,326]","[646,649-651]",,,NONO___SAFB_unrelaxed_rank_004_alphafold2_multimer_v3_model_3_seed_000.pdb
NONO___SAFB,5,4,A,B,0.0000,0.0,0.0,0.0000,0.1357,0.0000,0.0000,0.0,0.0,0.1700,62.8,29.0,0.290,0,0,0,0,,,,,471,915,,,,,NONO___SAFB_unrelaxed_rank_005_alphafold2_multimer_v3_model_4_seed_000.pdb
NONO___STIP1,1,1,A,B,0.0000,0.0,0.0,0.0000,0.1164,0.0000,0.0000,0.0,0.0,0.1400,62.6,80.5,0.320,0,0,0,0,,,,,471,543,,,,,NONO___STIP1_unrelaxed_rank_001_alphafold2_multimer_v3_model_1_seed_000.pdb
NONO___STIP1,2,5,A,B,0.0000,0.0,0.0,0.0000,0.1344,0.0000,0.0000,0.0,0.0,0.1400,59.7,81.0,0.330,0,0,0,0,,,,,471,543,,,,,NONO___STIP1_unrelaxed_rank_002_alphafold2_multimer_v3_model_5_seed_000.pdb
NONO___STIP1,3,4,A,B,0.0000,0.0,0.0,0.0000,0.0000,0.0000,0.0000,0.0,0.0,0.1400,58.9,79.9,0.320,0,0,0,0,,,,,471,543,,,,,NONO___STIP1_unrelaxed_rank_003_alphafold2_multimer_v3_model_4_seed_000.pdb
NONO___STIP1,4,3,A,B,0.0000,0.0,0.0,0.0000,0.0000,0.0000,0.0000,0.0,0.0,0.1300,61.0,79.9,0.330,0,0,0,0,,,,,471,543,,,,,NONO___STIP1_unrelaxed_rank_004_alphafold2_multimer_v3_model_3_seed_000.pdb
NONO___STIP1,5,2,A,B,0.0000,0.0,0.0,0.0000,0.1083,0.0000,0.0000,0.0,0.0,0.1300,59.8,82.0,0.320,0,0,0,0,,,,,471,543,,,,,NONO___STIP1_unrelaxed_rank_005_alphafold2_multimer_v3_model_2_seed_000.pdb
PCBP2___CDK4,1,4,A,B,0.0000,0.0,0.0,0.0000,0.1397,0.0000,0.0000,0.0,0.0,0.1500,54.5,77.9,0.480,0,0,0,0,,,,,365,303,,,,,PCBP2___CDK4_unrelaxed_rank_001_alphafold2_multimer_v3_model_4_seed_000.pdb
PCBP2___CDK4,2,2,A,B,0.0000,0.0,0.0,0.0000,0.1469,0.0000,0.0000,0.0,0.0,0.1500,55.6,76.2,0.460,0,0,0,0,,,,,365,303,,,,,PCBP2___CDK4_unrelaxed_rank_002_alphafold2_multimer_v3_model_2_seed_000.pdb
PCBP2___CDK4,3,3,A,B,0.0000,0.0,0.0,0.0000,0.1297,0.0000,0.0000,0.0,0.0,0.1400,55.8,76.8,0.460,0,0,0,0,,,,,365,303,,,,,PCBP2___CDK4_unrelaxed_rank_003_alphafold2_multimer_v3_model_3_seed_000.pdb
PCBP2___CDK4,4,1,A,B,0.0000,0.0,0.0,0.0000,0.1469,0.0000,0.0000,0.0,0.0,0.1300,52.7,75.0,0.460,0,0,0,0,,,,,365,303,,,,,PCBP2___CDK4_unrelaxed_rank_004_alphafold2_multimer_v3_model_1_seed_000.pdb
PCBP2___CDK4,5,5,A,B,0.0000,0.0,0.0,0.0000,0.1131,0.0000,0.0000,0.0,0.0,0.1200,56.8,77.1,0.450,0,0,0,0,,,,,365,303,,,,,PCBP2___CDK4_unrelaxed_rank_005_alphafold2_multimer_v3_model_5_seed_000.pdb
PCBP2___CSTB,1,5,A,B,0.0000,0.0,0.0,0.0000,0.2339,0.0000,0.0000,0.0,0.0,0.2700,59.3,80.0,0.430,0,0,0,0,,,,,365,98,,,,,PCBP2___CSTB_unrelaxed_rank_001_alphafold2_multimer_v3_model_5_seed_000.pdb
PCBP2___CSTB,2,4,A,B,0.0000,0.0,0.0,0.0000,0.2065,0.0110,0.0000,4.0,0.0,0.2400,59.8,81.6,0.430,1,4,0,0,90.9,82.2,,,365,98,[103],"[51,55,67,71]",,,PCBP2___CSTB_unrelaxed_rank_002_alphafold2_multimer_v3_model_4_seed_000.pdb
PCBP2___CSTB,3,2,A,B,0.0000,0.0,0.0,0.0000,0.1652,0.0000,0.0000,0.0,0.0,0.2000,57.1,78.6,0.410,0,0,0,0,,,,,365,98,,,,,PCBP2___CSTB_unrelaxed_rank_003_alphafold2_multimer_v3_model_2_seed_000.pdb
PCBP2___CSTB,4,1,A,B,0.0000,0.0,0.0,0.0000,0.1492,0.0000,0.0000,0.0,0.0,0.1600,56.7,76.7,0.400,0,0,0,0,,,,,365,98,,,,,PCBP2___CSTB_unrelaxed_rank_004_alphafold2_multimer_v3_model_1_seed_000.pdb
PCBP2___CSTB,5,3,A,B,0.0000,0.0,0.0,0.0000,0.1296,0.0000,0.0000,0.0,0.0,0.1400,57.1,71.6,0.400,0,0,0,0,,,,,365,98,,,,,PCBP2___CSTB_unrelaxed_rank_005_alphafold2_multimer_v3_model_3_seed_000.pdb
PCBP2___RPS12,1,3,A,B,0.0000,0.0,0.0,0.0000,0.1745,0.0000,0.0000,0.0,0.0,0.2400,59.8,80.1,0.400,0,0,0,0,,,,,365,132,,,,,PCBP2___RPS12_unrelaxed_rank_001_alphafold2_multimer_v3_model_3_seed_000.pdb
PCBP2___RPS12,2,4,A,B,0.0000,0.0,0.0,0.0000,0.1342,0.0000,0.0000,0.0,0.0,0.1600,62.3,79.2,0.390,0,0,0,0,,,,,365,132,,,,,PCBP2___RPS12_unrelaxed_rank_002_alphafold2_multimer_v3_model_4_seed_000.pdb
PCBP2___RPS12,3,1,A,B,0.0000,0.0,0.0,0.0000,0.0962,0.0000,0.0000,0.0,0.0,0.1200,58.9,76.9,0.370,0,0,0,0,,,,,365,132,,,,,PCBP2___RPS12_unrelaxed_rank_003_alphafold2_multimer_v3_model_1_seed_000.pdb
PCBP2___RPS12,4,5,A,B,0.0000,0.0,0.0,0.0000,0.0933,0.0000,0.0000,0.0,0.0,0.1200,59.5,74.6,0.380,0,0,0,0,,,,,365,132,,,,,PCBP2___RPS12_unrelaxed_rank_004_alphafold2_multimer_v3_model_5_seed_000.pdb
PCBP2___RPS12,5,2,A,B,0.0000,0.0,0.0,0.0000,0.0942,0.0000,0.0000,0.0,0.0,0.1200,60.7,76.7,0.370,0,0,0,0,,,,,365,132,,,,,PCBP2___RPS12_unrelaxed_rank_005_alphafold2_multimer_v3_model_2_seed_000.pdb
PCBP2___SLC3A2,1,4,A,B,0.0000,0.0,0.0,0.0000,0.1461,0.0000,0.0000,0.0,0.0,0.1700,53.2,68.1,0.490,0,0,0,0,,,,,365,630,,,,,PCBP2___SLC3A2_unrelaxed_rank_001_alphafold2_multimer_v3_model_4_seed_000.pdb
PCBP2___SLC3A2,2,1,A,B,0.0000,0.0,0.0,0.0000,0.1274,0.0000,0.0000,0.0,0.0,0.1600,53.7,69.7,0.490,0,0,0,0,,,,,365,630,,,,,PCBP2___SLC3A2_unrelaxed_rank_002_alphafold2_multimer_v3_model_1_seed_000.pdb
PCBP2___SLC3A2,3,5,A,B,0.0000,0.0,0.0,0.0000,0.1239,0.0000,0.0000,0.0,0.0,0.1600,56.7,68.5,0.490,0,0,0,0,,,,,365,630,,,,,PCBP2___SLC3A2_unrelaxed_rank_003_alphafold2_multimer_v3_model_5_seed_000.pdb
PCBP2___SLC3A2,4,3,A,B,0.0000,0.0,0.0,0.0000,0.1118,0.0000,0.0000,0.0,0.0,0.1600,54.7,68.6,0.490,0,0,0,0,,,,,365,630,,,,,PCBP2___SLC3A2_unrelaxed_rank_004_alphafold2_multimer_v3_model_3_seed_000.pdb
PCBP2___SLC3A2,5,2,A,B,0.0000,0.0,0.0,0.0000,0.1351,0.0000,0.0000,0.0,0.0,0.1600,57.1,69.3,0.490,0,0,0,0,,,,,365,630,,,,,PCBP2___SLC3A2_unrelaxed_rank_005_alphafold2_multimer_v3_model_2_seed_000.pdb
PDK1___ANP32A,1,1,A,B,0.0000,0.0,0.0,0.0000,0.2666,0.0176,0.0000,3.0,0.0,0.2000,76.7,60.6,0.570,3,2,0,0,77.3,38.3,,,436,249,"[51,53,81]",[237-238],,,PDK1___ANP32A_unrelaxed_rank_001_alphafold2_multimer_v3_model_1_seed_000.pdb
PDK1___ANP32A,2,4,A,B,0.0000,0.0,0.0,0.0000,0.1443,0.0000,0.0000,0.0,0.0,0.1800,76.4,60.2,0.570,0,0,0,0,,,,,436,249,,,,,PDK1___ANP32A_unrelaxed_rank_002_alphafold2_multimer_v3_model_4_seed_000.pdb
PDK1___ANP32A,3,3,A,B,0.0000,0.0,0.0,0.0000,0.1542,0.0000,0.0000,0.0,0.0,0.1700,76.7,60.5,0.570,0,0,0,0,,,,,436,249,,,,,PDK1___ANP32A_unrelaxed_rank_003_alphafold2_multimer_v3_model_3_seed_000.pdb
PDK1___ANP32A,4,2,A,B,0.0000,0.0,0.0,0.0000,0.1526,0.0000,0.0000,0.0,0.0,0.1600,76.2,61.1,0.560,0,0,0,0,,,,,436,249,,,,,PDK1___ANP32A_unrelaxed_rank_004_alphafold2_multimer_v3_model_2_seed_000.pdb
PDK1___ANP32A,5,5,A,B,0.0000,0.0,0.0,0.0000,0.1211,0.0000,0.0000,0.0,0.0,0.1500,77.2,61.4,0.560,0,0,0,0,,,,,436,249,,,,,PDK1___ANP32A_unrelaxed_rank_005_alphafold2_multimer_v3_model_5_seed_000.pdb
PDK1___DNAJA1,1,4,A,B,0.0702,277.6,19.5,0.0129,0.5143,0.0594,0.0829,1926.0,40.0,0.3900,75.1,71.6,0.540,256,54,16,17,88.0,71.7,79.8,60.2,436,397,"[46-50,52-54,56,58,60-61,73-89,91-95,103-125,132-166,176-193,195-196,198-199,201-202,220-222,224-254,256,263-292,298-308,310-334,348,350,354,359-391,395,397-398]","[6-13,17-36,38,42-57,61,87-94]","[146,149-151,153-154,192,238,241-242,245-246,271,274-275,278]","[23,26-27,30-31,49,52-53,56-57,88-94]",PDK1___DNAJA1_unrelaxed_rank_001_alphafold2_multimer_v3_model_4_seed_000.pdb
PDK1___DNAJA1,2,5,A,B,0.0837,245.8,20.6,0.0147,0.5540,0.0754,0.0928,2417.0,25.0,0.3100,75.3,72.6,0.520,298,12,14,10,88.3,33.1,83.5,32.8,436,397,"[46-64,72-95,99-127,129,131-166,173-202,216-258,262-293,298-335,357-402]",[83-94],"[150-151,153-154,231-232,235,271,274-275,278,357-358,361]","[83-85,87-88,90-94]",PDK1___DNAJA1_unrelaxed_rank_002_alphafold2_multimer_v3_model_5_seed_000.pdb
PDK1___DNAJA1,3,2,A,B,0.0578,282.3,16.3,0.0157,0.4992,0.0595,0.0562,2154.0,37.0,0.3000,74.5,71.2,0.520,289,14,18,9,87.6,39.8,85.5,41.3,436,397,"[46-64,72-96,98-125,131-165,175-202,217-257,262-292,298-335,357-400]",[83-96],"[146,150-151,153-154,192,196,218,228,231,235,270-275,278]","[84-85,87-88,90-94]",PDK1___DNAJA1_unrelaxed_rank_003_alphafold2_multimer_v3_model_2_seed_000.pdb
PDK1___DNAJA1,4,3,A,B,0.0117,6.6,0.1,0.0000,0.3640,0.0097,0.0142,43.0,1.0,0.2100,75.0,70.6,0.500,30,3,1,1,88.9,30.6,75.7,29.9,436,397,"[113,115,120,136-141,144,154,221-222,228,231-232,235-236,263,270,276,279,282,286-287,290,300,305,318,384]","[88,91-92]",[154],[92],PDK1___DNAJA1_unrelaxed_rank_004_alphafold2_multimer_v3_model_3_seed_000.pdb
PDK1___DNAJA1,5,1,A,B,0.0000,0.0,0.0,0.0000,0.2850,0.0000,0.0000,0.0,0.0,0.1900,75.2,70.3,0.500,0,0,0,0,,,,,436,397,,,,,PDK1___DNAJA1_unrelaxed_rank_005_alphafold2_multimer_v3_model_1_seed_000.pdb
PDK1___SAFB,1,1,A,B,0.0664,105.4,7.0,0.0130,0.5567,0.0601,0.0733,793.0,14.0,0.4200,79.7,29.7,0.400,243,12,11,7,93.3,38.7,88.8,40.5,436,915,"[46-52,54-55,57-58,60-65,72-94,106-124,132-162,165,177-184,186-202,216-232,234-241,247-256,262-277,279,281-291,299-308,310-322,324,328-329,331-333,338,357,360-361,366-376,378,381-390,392-399,401]","[725-728,744-751]","[150,196,200,218,231,269-271,274-275,338]","[727,745-750]",PDK1___SAFB_unrelaxed_rank_001_alphafold2_multimer_v3_model_1_seed_000.pdb
PDK1___SAFB,2,2,A,B,0.0707,44.2,3.1,0.0123,0.5447,0.0643,0.0776,390.0,5.0,0.3500,81.0,31.4,0.380,233,4,5,1,95.1,40.9,96.9,44.7,436,915,"[50,53-54,57-60,63-64,72-78,80-83,85-94,101,104-113,115-124,132-143,145-149,152-153,155-157,159-164,176-183,186-194,196-202,216-241,244,248-256,262-272,274-277,280,283-291,298-319,322-325,327,330-331,333,359-367,369-379,382-400]",[912-915],"[228,231,271,274-275]",[915],PDK1___SAFB_unrelaxed_rank_002_alphafold2_multimer_v3_model_2_seed_000.pdb
PDK1___SAFB,3,3,A,B,0.0000,0.0,0.0,0.0000,0.3522,0.0000,0.0000,0.0,0.0,0.3300,80.1,29.6,0.400,0,0,0,0,,,,,436,915,,,,,PDK1___SAFB_unrelaxed_rank_003_alphafold2_multimer_v3_model_3_seed_000.pdb
PDK1___SAFB,4,4,A,B,0.0000,0.0,0.0,0.0000,0.4784,0.0136,0.0000,15.0,0.0,0.2700,78.7,27.4,0.380,9,4,0,0,92.8,35.2,,,436,915,"[54,76,79,110,113,120,141,143,145]",[218-221],,,PDK1___SAFB_unrelaxed_rank_004_alphafold2_multimer_v3_model_4_seed_000.pdb
PDK1___SAFB,5,5,A,B,0.0000,0.0,0.0,0.0000,0.2780,0.0000,0.0000,0.0,0.0,0.2400,79.5,29.3,0.380,0,0,0,0,,,,,436,915,,,,,PDK1___SAFB_unrelaxed_rank_005_alphafold2_multimer_v3_model_5_seed_000.pdb
PRDX1___DDX17,1,3,A,B,0.0000,0.0,0.0,0.0000,0.1839,0.0000,0.0000,0.0,0.0,0.2300,84.4,60.0,0.480,0,0,0,0,,,,,199,729,,,,,PRDX1___DDX17_unrelaxed_rank_001_alphafold2_multimer_v3_model_3_seed_000.pdb
PRDX1___DDX17,2,4,A,B,0.0000,0.0,0.0,0.0000,0.1558,0.0000,0.0000,0.0,0.0,0.2000,81.4,58.2,0.410,0,0,0,0,,,,,199,729,,,,,PRDX1___DDX17_unrelaxed_rank_002_alphafold2_multimer_v3_model_4_seed_000.pdb
PRDX1___DDX17,3,5,A,B,0.0000,0.0,0.0,0.0000,0.1383,0.0000,0.0000,0.0,0.0,0.1900,83.7,58.8,0.410,0,0,0,0,,,,,199,729,,,,,PRDX1___DDX17_unrelaxed_rank_003_alphafold2_multimer_v3_model_5_seed_000.pdb
PRDX1___DDX17,4,1,A,B,0.0000,0.0,0.0,0.0000,0.1635,0.0000,0.0000,0.0,0.0,0.1800,79.9,58.2,0.390,0,0,0,0,,,,,199,729,,,,,PRDX1___DDX17_unrelaxed_rank_004_alphafold2_multimer_v3_model_1_seed_000.pdb
PRDX1___DDX17,5,2,A,B,0.0000,0.0,0.0,0.0000,0.1679,0.0000,0.0000,0.0,0.0,0.1700,81.2,59.0,0.420,0,0,0,0,,,,,199,729,,,,,PRDX1___DDX17_unrelaxed_rank_005_alphafold2_multimer_v3_model_2_seed_000.pdb
PRMT1___FUBP3,1,5,A,B,0.0000,0.0,0.0,0.0000,0.2170,0.0000,0.0000,0.0,0.0,0.2600,83.9,44.1,0.430,0,0,0,0,,,,,371,572,,,,,PRMT1___FUBP3_unrelaxed_rank_001_alphafold2_multimer_v3_model_5_seed_000.pdb
PRMT1___FUBP3,2,3,A,B,0.0000,0.0,0.0,0.0000,0.2469,0.0000,0.0000,0.0,0.0,0.2100,83.1,45.3,0.420,0,0,0,0,,,,,371,572,,,,,PRMT1___FUBP3_unrelaxed_rank_002_alphafold2_multimer_v3_model_3_seed_000.pdb
PRMT1___FUBP3,3,2,A,B,0.0000,0.0,0.0,0.0000,0.2314,0.0000,0.0000,0.0,0.0,0.2100,84.2,44.9,0.430,0,0,0,0,,,,,371,572,,,,,PRMT1___FUBP3_unrelaxed_rank_003_alphafold2_multimer_v3_model_2_seed_000.pdb
PRMT1___FUBP3,4,1,A,B,0.0000,0.0,0.0,0.0000,0.2469,0.0000,0.0000,0.0,0.0,0.2100,82.5,44.3,0.420,0,0,0,0,,,,,371,572,,,,,PRMT1___FUBP3_unrelaxed_rank_004_alphafold2_multimer_v3_model_1_seed_000.pdb
PRMT1___FUBP3,5,4,A,B,0.0000,0.0,0.0,0.0000,0.1957,0.0000,0.0000,0.0,0.0,0.2100,80.7,41.3,0.420,0,0,0,0,,,,,371,572,,,,,PRMT1___FUBP3_unrelaxed_rank_005_alphafold2_multimer_v3_model_4_seed_000.pdb
PSPC1___DNAJA1,1,4,A,B,0.0000,0.0,0.0,0.0000,0.2917,0.0000,0.0000,0.0,0.0,0.2100,56.0,72.6,0.330,0,0,0,0,,,,,523,397,,,,,PSPC1___DNAJA1_unrelaxed_rank_001_alphafold2_multimer_v3_model_4_seed_000.pdb
PSPC1___DNAJA1,2,1,A,B,0.0000,0.0,0.0,0.0000,0.2508,0.0000,0.0000,0.0,0.0,0.1900,59.8,73.5,0.330,0,0,0,0,,,,,523,397,,,,,PSPC1___DNAJA1_unrelaxed_rank_002_alphafold2_multimer_v3_model_1_seed_000.pdb
PSPC1___DNAJA1,3,2,A,B,0.0000,0.0,0.0,0.0000,0.1796,0.0000,0.0000,0.0,0.0,0.1300,57.4,73.1,0.330,0,0,0,0,,,,,523,397,,,,,PSPC1___DNAJA1_unrelaxed_rank_003_alphafold2_multimer_v3_model_2_seed_000.pdb
PSPC1___DNAJA1,4,3,A,B,0.0000,0.0,0.0,0.0000,0.1152,0.0000,0.0000,0.0,0.0,0.1200,57.1,70.9,0.330,0,0,0,0,,,,,523,397,,,,,PSPC1___DNAJA1_unrelaxed_rank_004_alphafold2_multimer_v3_model_3_seed_000.pdb
PSPC1___DNAJA1,5,5,A,B,0.0000,0.0,0.0,0.0000,0.1428,0.0000,0.0000,0.0,0.0,0.1200,57.5,71.4,0.340,0,0,0,0,,,,,523,397,,,,,PSPC1___DNAJA1_unrelaxed_rank_005_alphafold2_multimer_v3_model_5_seed_000.pdb
PSPC1___SRSF11,1,5,A,B,0.4041,555.6,224.5,0.2875,0.9370,0.2921,0.5590,5825.0,53.0,0.4100,60.3,34.6,0.350,252,22,18,13,89.9,46.3,88.5,52.4,523,484,"[67-314,316-318,320]",[419-440],"[83,85,87-88,112,114,117-119,121,148,152-153,155,205-206,248,250]","[422-426,428-432,434-436]",PSPC1___SRSF11_unrelaxed_rank_001_alphafold2_multimer_v3_model_5_seed_000.pdb
PSPC1___SRSF11,2,1,A,B,0.3815,588.7,224.6,0.2704,0.8918,0.2608,0.5580,5976.0,58.0,0.4000,62.3,33.9,0.360,246,22,16,12,90.8,45.7,89.8,48.6,523,484,"[67-268,270-313]",[420-441],"[83,85,87,112,114,117-121,152-153,155,205-206,250]","[422-426,428-432,435,437]",PSPC1___SRSF11_unrelaxed_rank_002_alphafold2_multimer_v3_model_1_seed_000.pdb
PSPC1___SRSF11,3,2,A,B,0.1406,303.4,42.6,0.0178,0.7126,0.1140,0.1733,2422.0,38.0,0.2700,60.6,35.5,0.350,229,16,14,10,90.3,53.2,88.0,53.9,523,484,"[76-190,192-261,263-265,270-310]",[423-438],"[85,87,112,114,117,119,121,148,150,152-153,155,206-207]","[423,425-426,428-430,432-433,436-437]",PSPC1___SRSF11_unrelaxed_rank_003_alphafold2_multimer_v3_model_2_seed_000.pdb
PSPC1___SRSF11,4,4,A,B,0.0286,58.4,1.7,0.0000,0.5128,0.0194,0.0421,284.0,12.0,0.2100,60.3,34.0,0.330,97,8,9,4,91.3,44.8,87.5,45.1,523,484,"[77,79,81-86,98-102,108,111-115,117,119-135,137,146,148-161,167-169,172-176,178-179,182-189,199-212,214-215,218,222,224,229-235]",[423-430],"[85,112,114,119,121,152-153,155,206]","[425-426,428-429]",PSPC1___SRSF11_unrelaxed_rank_004_alphafold2_multimer_v3_model_4_seed_000.pdb
PSPC1___SRSF11,5,3,A,B,0.0699,136.9,9.6,0.0152,0.5861,0.0500,0.0977,1338.0,14.0,0.1900,60.4,33.9,0.350,216,10,10,6,89.8,42.3,86.5,42.7,523,484,"[76-165,167-189,195-240,243-259,263,265-266,270-295,297-307]",[424-433],"[85,112,114,117,119,121,152-153,155,206]","[425-426,428-429,432-433]",PSPC1___SRSF11_unrelaxed_rank_005_alphafold2_multimer_v3_model_3_seed_000.pdb
PTBP3___PRDX1,1,2,A,B,0.0000,0.0,0.0,0.0000,0.1950,0.0000,0.0000,0.0,0.0,0.2300,66.0,82.9,0.330,0,0,0,0,,,,,552,199,,,,,PTBP3___PRDX1_unrelaxed_rank_001_alphafold2_multimer_v3_model_2_seed_000.pdb
PTBP3___PRDX1,2,1,A,B,0.0000,0.0,0.0,0.0000,0.1824,0.0000,0.0000,0.0,0.0,0.1900,62.8,81.4,0.330,0,0,0,0,,,,,552,199,,,,,PTBP3___PRDX1_unrelaxed_rank_002_alphafold2_multimer_v3_model_1_seed_000.pdb
PTBP3___PRDX1,3,5,A,B,0.0000,0.0,0.0,0.0000,0.1408,0.0000,0.0000,0.0,0.0,0.1900,65.6,83.1,0.330,0,0,0,0,,,,,552,199,,,,,PTBP3___PRDX1_unrelaxed_rank_003_alphafold2_multimer_v3_model_5_seed_000.pdb
PTBP3___PRDX1,4,4,A,B,0.0000,0.0,0.0,0.0000,0.1610,0.0000,0.0000,0.0,0.0,0.1800,63.7,83.2,0.330,0,0,0,0,,,,,552,199,,,,,PTBP3___PRDX1_unrelaxed_rank_004_alphafold2_multimer_v3_model_4_seed_000.pdb
PTBP3___PRDX1,5,3,A,B,0.0000,0.0,0.0,0.0000,0.1432,0.0000,0.0000,0.0,0.0,0.1700,64.6,86.0,0.330,0,0,0,0,,,,,552,199,,,,,PTBP3___PRDX1_unrelaxed_rank_005_alphafold2_multimer_v3_model_3_seed_000.pdb
RAVER1___SAFB,1,3,A,B,0.0000,0.0,0.0,0.0000,0.3661,0.0000,0.0000,0.0,0.0,0.2100,53.2,30.3,0.330,0,0,0,0,,,,,606,915,,,,,RAVER1___SAFB_unrelaxed_rank_001_alphafold2_multimer_v3_model_3_seed_000.pdb
RAVER1___SAFB,2,1,A,B,0.0000,0.0,0.0,0.0000,0.2690,0.0000,0.0000,0.0,0.0,0.1900,53.4,30.2,0.320,0,0,0,0,,,,,606,915,,,,,RAVER1___SAFB_unrelaxed_rank_002_alphafold2_multimer_v3_model_1_seed_000.pdb
RAVER1___SAFB,3,5,A,B,0.0000,0.0,0.0,0.0000,0.1949,0.0000,0.0000,0.0,0.0,0.1700,53.2,30.5,0.320,0,0,0,0,,,,,606,915,,,,,RAVER1___SAFB_unrelaxed_rank_003_alphafold2_multimer_v3_model_5_seed_000.pdb
RAVER1___SAFB,4,4,A,B,0.0000,0.0,0.0,0.0000,0.2653,0.0000,0.0000,0.0,0.0,0.1700,53.9,28.7,0.320,0,0,0,0,,,,,606,915,,,,,RAVER1___SAFB_unrelaxed_rank_004_alphafold2_multimer_v3_model_4_seed_000.pdb
RAVER1___SAFB,5,2,A,B,0.0000,0.0,0.0,0.0000,0.1775,0.0000,0.0000,0.0,0.0,0.1700,54.5,31.8,0.320,0,0,0,0,,,,,606,915,,,,,RAVER1___SAFB_unrelaxed_rank_005_alphafold2_multimer_v3_model_2_seed_000.pdb
RBM4___PPP1R10,1,3,A,B,0.0158,1.0,0.0,0.0000,0.4338,0.0158,0.0158,1.0,1.0,0.2300,44.2,32.9,0.260,1,1,1,1,67.4,34.8,67.4,34.8,364,940,[70],[505],[70],[505],RBM4___PPP1R10_unrelaxed_rank_001_alphafold2_multimer_v3_model_3_seed_000.pdb
RBM4___PPP1R10,2,2,A,B,0.0000,0.0,0.0,0.0000,0.3685,0.0000,0.0000,0.0,0.0,0.2100,47.1,32.9,0.240,0,0,0,0,,,,,364,940,,,,,RBM4___PPP1R10_unrelaxed_rank_002_alphafold2_multimer_v3_model_2_seed_000.pdb
RBM4___PPP1R10,3,4,A,B,0.0000,0.0,0.0,0.0000,0.2398,0.0000,0.0000,0.0,0.0,0.2000,45.0,32.2,0.250,0,0,0,0,,,,,364,940,,,,,RBM4___PPP1R10_unrelaxed_rank_003_alphafold2_multimer_v3_model_4_seed_000.pdb
RBM4___PPP1R10,4,1,A,B,0.0000,0.0,0.0,0.0000,0.2382,0.0000,0.0000,0.0,0.0,0.1700,46.1,31.8,0.240,0,0,0,0,,,,,364,940,,,,,RBM4___PPP1R10_unrelaxed_rank_004_alphafold2_multimer_v3_model_1_seed_000.pdb
RBM4___PPP1R10,5,5,A,B,0.0000,0.0,0.0,0.0000,0.1569,0.0000,0.0000,0.0,0.0,0.1500,46.1,33.5,0.240,0,0,0,0,,,,,364,940,,,,,RBM4___PPP1R10_unrelaxed_rank_005_alphafold2_multimer_v3_model_5_seed_000.pdb
RPS12___DNAJA1,1,4,A,B,0.0000,0.0,0.0,0.0000,0.1224,0.0000,0.0000,0.0,0.0,0.1600,68.2,76.3,0.460,0,0,0,0,,,,,132,397,,,,,RPS12___DNAJA1_unrelaxed_rank_001_alphafold2_multimer_v3_model_4_seed_000.pdb
RPS12___DNAJA1,2,2,A,B,0.0000,0.0,0.0,0.0000,0.0000,0.0000,0.0000,0.0,0.0,0.1300,68.5,77.4,0.450,0,0,0,0,,,,,132,397,,,,,RPS12___DNAJA1_unrelaxed_rank_002_alphafold2_multimer_v3_model_2_seed_000.pdb
RPS12___DNAJA1,3,5,A,B,0.0000,0.0,0.0,0.0000,0.0979,0.0000,0.0000,0.0,0.0,0.1200,67.8,74.8,0.440,0,0,0,0,,,,,132,397,,,,,RPS12___DNAJA1_unrelaxed_rank_003_alphafold2_multimer_v3_model_5_seed_000.pdb
RPS12___DNAJA1,4,1,A,B,0.0000,0.0,0.0,0.0000,0.0985,0.0000,0.0000,0.0,0.0,0.1200,72.8,77.1,0.440,0,0,0,0,,,,,132,397,,,,,RPS12___DNAJA1_unrelaxed_rank_004_alphafold2_multimer_v3_model_1_seed_000.pdb
RPS12___DNAJA1,5,3,A,B,0.0000,0.0,0.0,0.0000,0.0000,0.0000,0.0000,0.0,0.0,0.1000,72.6,74.6,0.430,0,0,0,0,,,,,132,397,,,,,RPS12___DNAJA1_unrelaxed_rank_005_alphafold2_multimer_v3_model_3_seed_000.pdb
SAR1A___CIZ1,1,4,A,B,0.0000,0.0,0.0,0.0000,0.3194,0.0000,0.0000,0.0,0.0,0.3200,62.5,26.1,0.280,0,0,0,0,,,,,198,898,,,,,SAR1A___CIZ1_unrelaxed_rank_001_alphafold2_multimer_v3_model_4_seed_000.pdb
SAR1A___CIZ1,2,1,A,B,0.0000,0.0,0.0,0.0000,0.3618,0.0000,0.0000,0.0,0.0,0.2700,63.2,27.7,0.280,0,0,0,0,,,,,198,898,,,,,SAR1A___CIZ1_unrelaxed_rank_002_alphafold2_multimer_v3_model_1_seed_000.pdb
SAR1A___CIZ1,3,3,A,B,0.0000,0.0,0.0,0.0000,0.3005,0.0000,0.0000,0.0,0.0,0.2400,63.2,26.1,0.270,0,0,0,0,,,,,198,898,,,,,SAR1A___CIZ1_unrelaxed_rank_003_alphafold2_multimer_v3_model_3_seed_000.pdb
SAR1A___CIZ1,4,2,A,B,0.0000,0.0,0.0,0.0000,0.3156,0.0000,0.0000,0.0,0.0,0.2300,66.2,26.2,0.270,0,0,0,0,,,,,198,898,,,,,SAR1A___CIZ1_unrelaxed_rank_004_alphafold2_multimer_v3_model_2_seed_000.pdb
SAR1A___CIZ1,5,5,A,B,0.0000,0.0,0.0,0.0000,0.1770,0.0000,0.0000,0.0,0.0,0.2000,65.6,26.0,0.260,0,0,0,0,,,,,198,898,,,,,SAR1A___CIZ1_unrelaxed_rank_005_alphafold2_multimer_v3_model_5_seed_000.pdb
SAR1A___HMGB1,1,1,A,B,0.0000,0.0,0.0,0.0000,0.1951,0.0000,0.0000,0.0,0.0,0.1500,72.4,62.1,0.450,0,0,0,0,,,,,198,215,,,,,SAR1A___HMGB1_unrelaxed_rank_001_alphafold2_multimer_v3_model_1_seed_000.pdb
SAR1A___HMGB1,2,5,A,B,0.0000,0.0,0.0,0.0000,0.2126,0.0000,0.0000,0.0,0.0,0.1400,74.9,61.4,0.450,0,0,0,0,,,,,198,215,,,,,SAR1A___HMGB1_unrelaxed_rank_002_alphafold2_multimer_v3_model_5_seed_000.pdb
SAR1A___HMGB1,3,3,A,B,0.0000,0.0,0.0,0.0000,0.1222,0.0000,0.0000,0.0,0.0,0.1200,72.2,61.1,0.440,0,0,0,0,,,,,198,215,,,,,SAR1A___HMGB1_unrelaxed_rank_003_alphafold2_multimer_v3_model_3_seed_000.pdb
SAR1A___HMGB1,4,4,A,B,0.0000,0.0,0.0,0.0000,0.1184,0.0000,0.0000,0.0,0.0,0.1200,72.5,59.8,0.440,0,0,0,0,,,,,198,215,,,,,SAR1A___HMGB1_unrelaxed_rank_004_alphafold2_multimer_v3_model_4_seed_000.pdb
SAR1A___HMGB1,5,2,A,B,0.0000,0.0,0.0,0.0000,0.1242,0.0000,0.0000,0.0,0.0,0.1200,69.7,57.9,0.430,0,0,0,0,,,,,198,215,,,,,SAR1A___HMGB1_unrelaxed_rank_005_alphafold2_multimer_v3_model_2_seed_000.pdb
SAR1A___ZNF503,1,5,A,B,0.2231,80.8,18.0,0.0193,0.7504,0.1597,0.3118,594.0,11.0,0.4900,75.7,21.7,0.310,117,7,6,3,86.4,40.4,85.0,46.6,198,646,"[27-46,63-65,69-74,94-121,123-124,127-154,157-160,171-196]",[601-607],"[35,40,103,135,138,181]",[603-605],SAR1A___ZNF503_unrelaxed_rank_001_alphafold2_multimer_v3_model_5_seed_000.pdb
SAR1A___ZNF503,2,3,A,B,0.2062,43.1,8.9,0.0200,0.7057,0.1393,0.3051,371.0,5.0,0.4600,66.1,21.1,0.300,100,7,3,2,81.6,35.3,76.0,39.0,198,646,"[27-46,95-121,127-154,172-196]",[601-607],"[40,138,181]","[603,605]",SAR1A___ZNF503_unrelaxed_rank_002_alphafold2_multimer_v3_model_3_seed_000.pdb
SAR1A___ZNF503,3,4,A,B,0.0000,0.0,0.0,0.0000,0.2639,0.0483,0.0000,1.0,0.0,0.3600,73.9,21.8,0.310,1,1,0,0,78.3,31.6,,,198,646,[137],[605],,,SAR1A___ZNF503_unrelaxed_rank_003_alphafold2_multimer_v3_model_4_seed_000.pdb
SAR1A___ZNF503,4,2,A,B,0.0000,0.0,0.0,0.0000,0.3198,0.0000,0.0000,0.0,0.0,0.2700,70.1,21.4,0.300,0,0,0,0,,,,,198,646,,,,,SAR1A___ZNF503_unrelaxed_rank_004_alphafold2_multimer_v3_model_2_seed_000.pdb
SAR1A___ZNF503,5,1,A,B,0.0000,0.0,0.0,0.0000,0.1685,0.0000,0.0000,0.0,0.0,0.1900,74.0,24.6,0.300,0,0,0,0,,,,,198,646,,,,,SAR1A___ZNF503_unrelaxed_rank_005_alphafold2_multimer_v3_model_1_seed_000.pdb
SET___EPB41,1,5,A,B,0.4520,846.8,382.7,0.4773,0.9563,0.3531,0.5785,6765.0,106.0,0.3900,62.9,48.2,0.400,19,333,14,27,53.3,87.2,59.0,82.6,290,864,[249-267],[206-538],"[250-252,254-263,265]","[269,273,434,437-444,452,470-471,474,477,480-481,484,488-490,503-507]",SET___EPB41_unrelaxed_rank_001_alphafold2_multimer_v3_model_5_seed_000.pdb
SET___EPB41,2,2,A,B,0.4012,810.0,325.0,0.4049,0.9557,0.3092,0.5207,6309.0,104.0,0.3800,64.7,47.7,0.400,20,330,15,29,50.9,87.4,55.6,79.3,290,864,[248-267],"[207-342,344-345,347-538]","[248-250,254-265]","[269,273-274,434-435,437-444,452,470,474,477,480-481,484,488-490,502-507]",SET___EPB41_unrelaxed_rank_002_alphafold2_multimer_v3_model_2_seed_000.pdb
SET___EPB41,3,3,A,B,0.0870,468.1,40.7,0.0135,0.6551,0.0815,0.0928,5478.0,40.0,0.3700,57.9,49.0,0.430,50,254,13,14,77.9,89.7,78.7,84.6,290,864,"[34-76,78,80-82,84-85,87]","[213-223,231-255,260,263-266,268-269,271,281-340,349-374,377-405,407-424,426-443,445-490,513-520,522-523,534-535,537]","[39,42-43,46,49-50,53,56,59-60,63-64,66]","[320-324,392-393,418,431,433-436,452]",SET___EPB41_unrelaxed_rank_003_alphafold2_multimer_v3_model_3_seed_000.pdb
SET___EPB41,4,1,A,B,0.2081,410.8,85.5,0.0236,0.7565,0.1705,0.2540,2482.0,68.0,0.3100,59.4,48.2,0.390,13,270,10,22,45.0,88.6,48.3,78.6,290,864,[252-264],"[211-256,262-275,280-340,350,353-356,360-373,377-454,461-492,505-524]",[254-263],"[434-435,437-444,452,470,474,477,480-481,484-485,488-489,505,507]",SET___EPB41_unrelaxed_rank_004_alphafold2_multimer_v3_model_1_seed_000.pdb
SET___EPB41,5,4,A,B,0.0000,0.0,0.0,0.0000,0.2452,0.0000,0.0000,0.0,0.0,0.1900,57.6,46.0,0.380,0,0,0,0,,,,,290,864,,,,,SET___EPB41_unrelaxed_rank_005_alphafold2_multimer_v3_model_4_seed_000.pdb
SET___RB1,1,3,A,B,0.0000,0.0,0.0,0.0000,0.2071,0.0000,0.0000,0.0,0.0,0.2000,56.1,67.3,0.590,0,0,0,0,,,,,290,928,,,,,SET___RB1_unrelaxed_rank_001_alphafold2_multimer_v3_model_3_seed_000.pdb
SET___RB1,2,1,A,B,0.0025,1.0,0.0,0.0000,0.3862,0.0025,0.0025,1.0,1.0,0.1900,54.8,67.4,0.580,1,1,1,1,32.5,79.4,32.5,79.4,290,928,[260],[720],[260],[720],SET___RB1_unrelaxed_rank_002_alphafold2_multimer_v3_model_1_seed_000.pdb
SET___RB1,3,5,A,B,0.0000,0.0,0.0,0.0000,0.1689,0.0000,0.0000,0.0,0.0,0.1800,56.4,67.6,0.590,0,0,0,0,,,,,290,928,,,,,SET___RB1_unrelaxed_rank_003_alphafold2_multimer_v3_model_5_seed_000.pdb
SET___RB1,4,2,A,B,0.0000,0.0,0.0,0.0000,0.1914,0.0000,0.0000,0.0,0.0,0.1600,56.8,67.9,0.580,0,0,0,0,,,,,290,928,,,,,SET___RB1_unrelaxed_rank_004_alphafold2_multimer_v3_model_2_seed_000.pdb
SET___RB1,5,4,A,B,0.0000,0.0,0.0,0.0000,0.1628,0.0000,0.0000,0.0,0.0,0.1600,49.5,67.0,0.580,0,0,0,0,,,,,290,928,,,,,SET___RB1_unrelaxed_rank_005_alphafold2_multimer_v3_model_4_seed_000.pdb
SET___ZFR,1,3,A,B,0.0000,0.0,0.0,0.0000,0.2263,0.0000,0.0000,0.0,0.0,0.2100,60.6,45.4,0.350,0,0,0,0,,,,,290,1074,,,,,SET___ZFR_unrelaxed_rank_001_alphafold2_multimer_v3_model_3_seed_000.pdb
SET___ZFR,2,1,A,B,0.0000,0.0,0.0,0.0000,0.1935,0.0000,0.0000,0.0,0.0,0.2000,60.9,45.9,0.350,0,0,0,0,,,,,290,1074,,,,,SET___ZFR_unrelaxed_rank_002_alphafold2_multimer_v3_model_1_seed_000.pdb
SET___ZFR,3,4,A,B,0.0000,0.0,0.0,0.0000,0.1984,0.0000,0.0000,0.0,0.0,0.1800,58.9,44.1,0.340,0,0,0,0,,,,,290,1074,,,,,SET___ZFR_unrelaxed_rank_003_alphafold2_multimer_v3_model_4_seed_000.pdb
SET___ZFR,4,5,A,B,0.0000,0.0,0.0,0.0000,0.1336,0.0000,0.0000,0.0,0.0,0.1700,59.8,45.5,0.340,0,0,0,0,,,,,290,1074,,,,,SET___ZFR_unrelaxed_rank_004_alphafold2_multimer_v3_model_5_seed_000.pdb
SET___ZFR,5,2,A,B,0.0000,0.0,0.0,0.0000,0.1714,0.0000,0.0000,0.0,0.0,0.1600,62.7,46.3,0.340,0,0,0,0,,,,,290,1074,,,,,SET___ZFR_unrelaxed_rank_005_alphafold2_multimer_v3_model_2_seed_000.pdb
SF1___RBM33,1,4,A,B,0.4446,1033.4,459.4,0.3144,0.9559,0.3390,0.5830,15042.0,71.0,0.3500,40.7,22.8,0.280,142,84,17,15,81.6,86.9,88.9,79.3,639,1170,"[50-57,105-107,109-110,112,114,119,130-255]","[786-792,1094-1170]","[53,56-57,136,138-143,212,215-216,219-220,223,226]","[786-787,790-791,1106-1108,1131-1132,1134,1157,1159-1162]",SF1___RBM33_unrelaxed_rank_001_alphafold2_multimer_v3_model_4_seed_000.pdb
SF1___RBM33,2,3,A,B,0.0863,89.9,7.8,0.0128,0.6762,0.0607,0.1226,311.0,26.0,0.2800,39.1,23.6,0.260,37,19,8,8,74.9,65.2,73.5,64.7,639,1170,"[36-59,61-62,105-109,112-116,119]","[785-802,805]","[40,42,49-50,52-53,56-57]","[786-787,790-791,794,797-798,801]",SF1___RBM33_unrelaxed_rank_002_alphafold2_multimer_v3_model_3_seed_000.pdb
SF1___RBM33,3,5,A,B,0.0650,49.0,3.2,0.0127,0.6276,0.0450,0.0939,185.0,13.0,0.2800,40.0,23.9,0.260,45,14,5,6,80.7,68.3,78.2,67.8,639,1170,"[36-42,44-65,101,104-116,119,125]","[786-798,801]","[40,49,53,56-57]","[786-787,790-791,794,798]",SF1___RBM33_unrelaxed_rank_003_alphafold2_multimer_v3_model_5_seed_000.pdb
SF1___RBM33,4,2,A,B,0.0000,0.0,0.0,0.0000,0.5164,0.0338,0.0000,13.0,0.0,0.2500,40.5,23.7,0.250,10,6,0,0,83.0,56.2,,,639,1170,"[48,51,54,56-60,108,112]","[256,258-261,264]",,,SF1___RBM33_unrelaxed_rank_004_alphafold2_multimer_v3_model_2_seed_000.pdb
SF1___RBM33,5,1,A,B,0.0000,0.0,0.0,0.0000,0.4785,0.0000,0.0000,0.0,0.0,0.2300,37.4,22.1,0.240,0,0,0,0,,,,,639,1170,,,,,SF1___RBM33_unrelaxed_rank_005_alphafold2_multimer_v3_model_1_seed_000.pdb
SF1___SRSF11,1,3,A,B,0.3887,200.4,77.9,0.0486,0.9071,0.2778,0.5440,1181.0,34.0,0.2500,40.5,33.6,0.270,84,14,10,5,82.1,56.1,78.2,67.4,639,484,"[46-126,128-129,131]",[420-433],"[76,79,81-85,93,96-97]","[425-426,428-430]",SF1___SRSF11_unrelaxed_rank_001_alphafold2_multimer_v3_model_3_seed_000.pdb
SF1___SRSF11,2,5,A,B,0.3516,209.8,73.8,0.0375,0.9174,0.2489,0.4967,1223.0,36.0,0.2400,41.3,34.8,0.260,83,14,10,6,82.2,54.2,76.9,61.0,639,484,"[46-126,128-129]",[421-434],"[76,79,81-85,93,96-97]","[425-426,428-430,432]",SF1___SRSF11_unrelaxed_rank_002_alphafold2_multimer_v3_model_5_seed_000.pdb
SF1___SRSF11,3,1,A,B,0.2455,191.1,46.9,0.0240,0.7588,0.1849,0.3258,849.0,43.0,0.2200,40.9,35.3,0.250,73,14,11,9,80.6,55.1,76.8,57.3,639,484,[47-119],[422-435],"[76,79,81-85,93,96-98]","[423-426,428-430,432-433]",SF1___SRSF11_unrelaxed_rank_003_alphafold2_multimer_v3_model_1_seed_000.pdb
SF1___SRSF11,4,2,A,B,0.2027,154.6,31.3,0.0193,0.8102,0.1548,0.2654,664.0,36.0,0.2100,40.8,36.9,0.250,74,10,10,7,80.0,54.5,72.4,55.4,639,484,"[47-119,124]","[423-431,433]","[76,79,81-85,93,96-97]","[424-426,428-430,433]",SF1___SRSF11_unrelaxed_rank_004_alphafold2_multimer_v3_model_2_seed_000.pdb
SF1___SRSF11,5,4,A,B,0.2248,158.0,35.5,0.0244,0.8436,0.1727,0.2928,734.0,34.0,0.2100,40.5,33.8,0.250,80,11,10,5,78.9,52.8,70.3,57.4,639,484,"[46-120,123-126,129]",[422-432],"[76,79,81-85,93,96-97]","[424-426,428-429]",SF1___SRSF11_unrelaxed_rank_005_alphafold2_multimer_v3_model_4_seed_000.pdb
SF3A3___GFP,1,5,A,B,0.0000,0.0,0.0,0.0000,0.1499,0.0000,0.0000,0.0,0.0,0.1500,73.3,87.7,0.430,0,0,0,0,,,,,501,238,,,,,SF3A3___GFP_unrelaxed_rank_001_alphafold2_multimer_v3_model_5_seed_000.pdb
SF3A3___GFP,2,1,A,B,0.0000,0.0,0.0,0.0000,0.1233,0.0000,0.0000,0.0,0.0,0.1500,73.4,87.4,0.420,0,0,0,0,,,,,501,238,,,,,SF3A3___GFP_unrelaxed_rank_002_alphafold2_multimer_v3_model_1_seed_000.pdb
SF3A3___GFP,3,2,A,B,0.0000,0.0,0.0,0.0000,0.1563,0.0000,0.0000,0.0,0.0,0.1500,74.2,88.0,0.430,0,0,0,0,,,,,501,238,,,,,SF3A3___GFP_unrelaxed_rank_003_alphafold2_multimer_v3_model_2_seed_000.pdb
SF3A3___GFP,4,4,A,B,0.0000,0.0,0.0,0.0000,0.1491,0.0000,0.0000,0.0,0.0,0.1200,69.2,88.4,0.420,0,0,0,0,,,,,501,238,,,,,SF3A3___GFP_unrelaxed_rank_004_alphafold2_multimer_v3_model_4_seed_000.pdb
SF3A3___GFP,5,3,A,B,0.0000,0.0,0.0,0.0000,0.1116,0.0000,0.0000,0.0,0.0,0.1200,72.9,86.3,0.410,0,0,0,0,,,,,501,238,,,,,SF3A3___GFP_unrelaxed_rank_005_alphafold2_multimer_v3_model_3_seed_000.pdb
SF3B2___ANP32A,1,3,A,B,0.2210,953.2,210.6,0.0996,0.8493,0.1437,0.3399,9565.0,95.0,0.4800,43.3,64.2,0.310,82,163,17,27,69.4,87.8,64.1,81.7,895,249,[502-583],[1-163],"[508-509,512-513,515-518,520-521,523,534-535,538,541-542,553]","[1,6,9-10,12-14,23,25-27,48,50-51,70,72-73,94,96-97,119,121-122,146-147,157,163]",SF3B2___ANP32A_unrelaxed_rank_001_alphafold2_multimer_v3_model_3_seed_000.pdb
SF3B2___ANP32A,2,1,A,B,0.0310,48.0,1.5,0.0109,0.5083,0.0245,0.0392,177.0,13.0,0.2900,41.1,63.8,0.270,8,76,4,7,38.3,89.4,38.3,84.9,895,249,[507-514],"[6,20-21,23-26,45-52,54-55,58,67-76,80-81,91-100,107,109-111,117-126,130-138,141,143-154]","[509,512-514]","[25,50,72,94,96,119,121]",SF3B2___ANP32A_unrelaxed_rank_002_alphafold2_multimer_v3_model_1_seed_000.pdb
SF3B2___ANP32A,3,2,A,B,0.0000,0.0,0.0,0.0000,0.4067,0.0000,0.0000,0.0,0.0,0.2600,39.2,64.1,0.260,0,0,0,0,,,,,895,249,,,,,SF3B2___ANP32A_unrelaxed_rank_003_alphafold2_multimer_v3_model_2_seed_000.pdb
SF3B2___ANP32A,4,5,A,B,0.0000,0.0,0.0,0.0000,0.4118,0.0000,0.0000,0.0,0.0,0.2400,41.0,63.8,0.260,0,0,0,0,,,,,895,249,,,,,SF3B2___ANP32A_unrelaxed_rank_004_alphafold2_multimer_v3_model_5_seed_000.pdb
SF3B2___ANP32A,5,4,A,B,0.0207,7.3,0.2,0.0000,0.4382,0.0190,0.0225,9.0,6.0,0.2300,36.0,63.7,0.260,4,7,3,4,36.5,82.0,36.1,79.9,895,249,"[510,512-513,515]","[23,25-26,50,145,152-153]","[512-513,515]","[23,25-26,50]",SF3B2___ANP32A_unrelaxed_rank_005_alphafold2_multimer_v3_model_4_seed_000.pdb
SFPQ___AGAP3,1,4,A,B,0.0000,0.0,0.0,0.0000,0.3876,0.0000,0.0000,0.0,0.0,0.2000,43.8,59.5,0.290,0,0,0,0,,,,,707,875,,,,,SFPQ___AGAP3_unrelaxed_rank_001_alphafold2_multimer_v3_model_4_seed_000.pdb
SFPQ___AGAP3,2,2,A,B,0.0000,0.0,0.0,0.0000,0.4818,0.0102,0.0000,11.0,0.0,0.2000,45.4,61.4,0.290,2,11,0,0,32.8,91.5,,,707,875,[1-2],"[113,165,168-170,174,176,181,199,229,244]",,,SFPQ___AGAP3_unrelaxed_rank_002_alphafold2_multimer_v3_model_2_seed_000.pdb
SFPQ___AGAP3,3,3,A,B,0.0000,0.0,0.0,0.0000,0.4167,0.0000,0.0000,0.0,0.0,0.1900,47.0,60.6,0.300,0,0,0,0,,,,,707,875,,,,,SFPQ___AGAP3_unrelaxed_rank_003_alphafold2_multimer_v3_model_3_seed_000.pdb
SFPQ___AGAP3,4,5,A,B,0.0000,0.0,0.0,0.0000,0.2201,0.0000,0.0000,0.0,0.0,0.1800,46.2,60.5,0.300,0,0,0,0,,,,,707,875,,,,,SFPQ___AGAP3_unrelaxed_rank_004_alphafold2_multimer_v3_model_5_seed_000.pdb
SFPQ___AGAP3,5,1,A,B,0.0000,0.0,0.0,0.0000,0.2358,0.0000,0.0000,0.0,0.0,0.1800,46.2,57.8,0.290,0,0,0,0,,,,,707,875,,,,,SFPQ___AGAP3_unrelaxed_rank_005_alphafold2_multimer_v3_model_1_seed_000.pdb
SFPQ___NCL,1,2,A,B,0.0000,0.0,0.0,0.0000,0.1622,0.0000,0.0000,0.0,0.0,0.1700,48.6,43.9,0.310,0,0,0,0,,,,,707,710,,,,,SFPQ___NCL_unrelaxed_rank_001_alphafold2_multimer_v3_model_2_seed_000.pdb
SFPQ___NCL,2,1,A,B,0.0000,0.0,0.0,0.0000,0.1705,0.0000,0.0000,0.0,0.0,0.1700,48.5,43.3,0.310,0,0,0,0,,,,,707,710,,,,,SFPQ___NCL_unrelaxed_rank_002_alphafold2_multimer_v3_model_1_seed_000.pdb
SFPQ___NCL,3,5,A,B,0.0000,0.0,0.0,0.0000,0.1371,0.0000,0.0000,0.0,0.0,0.1500,48.6,43.8,0.310,0,0,0,0,,,,,707,710,,,,,SFPQ___NCL_unrelaxed_rank_003_alphafold2_multimer_v3_model_5_seed_000.pdb
SFPQ___NCL,4,3,A,B,0.0000,0.0,0.0,0.0000,0.1343,0.0000,0.0000,0.0,0.0,0.1500,48.3,42.5,0.300,0,0,0,0,,,,,707,710,,,,,SFPQ___NCL_unrelaxed_rank_004_alphafold2_multimer_v3_model_3_seed_000.pdb
SFPQ___NCL,5,4,A,B,0.0000,0.0,0.0,0.0000,0.1741,0.0000,0.0000,0.0,0.0,0.1500,46.8,42.6,0.290,0,0,0,0,,,,,707,710,,,,,SFPQ___NCL_unrelaxed_rank_005_alphafold2_multimer_v3_model_4_seed_000.pdb
SFPQ___U2SURP,1,1,A,B,0.0000,0.0,0.0,0.0000,0.4739,0.0000,0.0000,0.0,0.0,0.2300,47.0,48.3,0.290,0,0,0,0,,,,,707,1029,,,,,SFPQ___U2SURP_unrelaxed_rank_001_alphafold2_multimer_v3_model_1_seed_000.pdb
SFPQ___U2SURP,2,2,A,B,0.0000,0.0,0.0,0.0000,0.4596,0.0000,0.0000,0.0,0.0,0.2100,46.9,49.3,0.300,0,0,0,0,,,,,707,1029,,,,,SFPQ___U2SURP_unrelaxed_rank_002_alphafold2_multimer_v3_model_2_seed_000.pdb
SFPQ___U2SURP,3,3,A,B,0.0000,0.0,0.0,0.0000,0.4302,0.0131,0.0000,3.0,0.0,0.2000,47.3,47.3,0.290,2,3,0,0,28.7,94.2,,,707,1029,[706-707],"[560,600,657]",,,SFPQ___U2SURP_unrelaxed_rank_003_alphafold2_multimer_v3_model_3_seed_000.pdb
SFPQ___U2SURP,4,5,A,B,0.0000,0.0,0.0,0.0000,0.1555,0.0000,0.0000,0.0,0.0,0.1700,47.1,47.5,0.290,0,0,0,0,,,,,707,1029,,,,,SFPQ___U2SURP_unrelaxed_rank_004_alphafold2_multimer_v3_model_5_seed_000.pdb
SFPQ___U2SURP,5,4,A,B,0.0000,0.0,0.0,0.0000,0.1694,0.0000,0.0000,0.0,0.0,0.1600,46.1,45.6,0.280,0,0,0,0,,,,,707,1029,,,,,SFPQ___U2SURP_unrelaxed_rank_005_alphafold2_multimer_v3_model_4_seed_000.pdb
SLC3A2___PPP1R10,1,3,A,B,0.0000,0.0,0.0,0.0000,0.2695,0.0000,0.0000,0.0,0.0,0.1900,69.1,29.9,0.390,0,0,0,0,,,,,630,940,,,,,SLC3A2___PPP1R10_unrelaxed_rank_001_alphafold2_multimer_v3_model_3_seed_000.pdb
SLC3A2___PPP1R10,2,4,A,B,0.0000,0.0,0.0,0.0000,0.3475,0.0000,0.0000,0.0,0.0,0.1900,68.5,29.1,0.380,0,0,0,0,,,,,630,940,,,,,SLC3A2___PPP1R10_unrelaxed_rank_002_alphafold2_multimer_v3_model_4_seed_000.pdb
SLC3A2___PPP1R10,3,2,A,B,0.0000,0.0,0.0,0.0000,0.1665,0.0000,0.0000,0.0,0.0,0.1800,70.4,31.0,0.390,0,0,0,0,,,,,630,940,,,,,SLC3A2___PPP1R10_unrelaxed_rank_003_alphafold2_multimer_v3_model_2_seed_000.pdb
SLC3A2___PPP1R10,4,5,A,B,0.0000,0.0,0.0,0.0000,0.1996,0.0000,0.0000,0.0,0.0,0.1700,68.9,30.0,0.380,0,0,0,0,,,,,630,940,,,,,SLC3A2___PPP1R10_unrelaxed_rank_004_alphafold2_multimer_v3_model_5_seed_000.pdb
SLC3A2___PPP1R10,5,1,A,B,0.0000,0.0,0.0,0.0000,0.1678,0.0000,0.0000,0.0,0.0,0.1700,69.6,29.2,0.390,0,0,0,0,,,,,630,940,,,,,SLC3A2___PPP1R10_unrelaxed_rank_005_alphafold2_multimer_v3_model_1_seed_000.pdb
SLC3A2___PTBP1,1,5,A,B,0.0000,0.0,0.0,0.0000,0.2127,0.0000,0.0000,0.0,0.0,0.1800,68.2,62.2,0.440,0,0,0,0,,,,,630,557,,,,,SLC3A2___PTBP1_unrelaxed_rank_001_alphafold2_multimer_v3_model_5_seed_000.pdb
SLC3A2___PTBP1,2,1,A,B,0.0000,0.0,0.0,0.0000,0.1393,0.0000,0.0000,0.0,0.0,0.1700,69.6,59.5,0.450,0,0,0,0,,,,,630,557,,,,,SLC3A2___PTBP1_unrelaxed_rank_002_alphafold2_multimer_v3_model_1_seed_000.pdb
SLC3A2___PTBP1,3,2,A,B,0.0000,0.0,0.0,0.0000,0.1300,0.0000,0.0000,0.0,0.0,0.1700,69.0,63.3,0.440,0,0,0,0,,,,,630,557,,,,,SLC3A2___PTBP1_unrelaxed_rank_003_alphafold2_multimer_v3_model_2_seed_000.pdb
SLC3A2___PTBP1,4,4,A,B,0.0000,0.0,0.0,0.0000,0.1615,0.0000,0.0000,0.0,0.0,0.1700,68.1,59.4,0.440,0,0,0,0,,,,,630,557,,,,,SLC3A2___PTBP1_unrelaxed_rank_004_alphafold2_multimer_v3_model_4_seed_000.pdb
SLC3A2___PTBP1,5,3,A,B,0.0000,0.0,0.0,0.0000,0.1347,0.0000,0.0000,0.0,0.0,0.1600,68.3,60.9,0.440,0,0,0,0,,,,,630,557,,,,,SLC3A2___PTBP1_unrelaxed_rank_005_alphafold2_multimer_v3_model_3_seed_000.pdb
SMAP___PSPC1,1,1,A,B,0.0000,0.0,0.0,0.0000,0.3258,0.0671,0.0000,7.0,0.0,0.2400,24.7,62.9,0.420,3,5,0,0,52.4,89.5,,,183,523,"[41,43,45]","[85,97,111,113,115]",,,SMAP___PSPC1_unrelaxed_rank_001_alphafold2_multimer_v3_model_1_seed_000.pdb
SMAP___PSPC1,2,3,A,B,0.0233,11.5,0.3,0.0000,0.4107,0.0153,0.0353,33.0,4.0,0.1700,26.8,62.9,0.430,4,20,2,3,31.2,91.3,32.5,90.1,183,523,[56-59],"[234,277-279,281-282,284-286,288-289,296-297,300,303,307-308,311,315,318]","[56,58]","[296-297,300]",SMAP___PSPC1_unrelaxed_rank_002_alphafold2_multimer_v3_model_3_seed_000.pdb
SMAP___PSPC1,3,2,A,B,0.0000,0.0,0.0,0.0000,0.2991,0.0000,0.0000,0.0,0.0,0.1600,25.9,61.8,0.410,0,0,0,0,,,,,183,523,,,,,SMAP___PSPC1_unrelaxed_rank_003_alphafold2_multimer_v3_model_2_seed_000.pdb
SMAP___PSPC1,4,4,A,B,0.0237,7.1,0.2,0.0000,0.3949,0.0206,0.0273,25.0,2.0,0.1600,25.2,63.1,0.420,3,13,2,1,34.0,89.1,34.2,90.7,183,523,[56-58],"[277-279,281-282,284-286,288-289,295-296,300]","[56,58]",[300],SMAP___PSPC1_unrelaxed_rank_004_alphafold2_multimer_v3_model_4_seed_000.pdb
SMAP___PSPC1,5,5,A,B,0.0122,3.5,0.0,0.0000,0.3785,0.0138,0.0108,6.0,2.0,0.1500,25.4,62.7,0.420,3,4,2,1,30.6,92.1,31.2,90.4,183,523,"[56,58-59]","[277-278,282,300]","[56,58]",[300],SMAP___PSPC1_unrelaxed_rank_005_alphafold2_multimer_v3_model_5_seed_000.pdb
SMAP___SF3B2,1,1,A,B,0.1652,342.8,56.6,0.0166,0.7367,0.1218,0.2241,1780.0,66.0,0.2700,31.6,47.7,0.260,28,82,14,12,55.2,82.0,52.5,76.6,183,895,[21-48],"[604-621,624-687]","[22-24,26-27,29-30,32,41,44-48]","[632,635-636,638-646]",SMAP___SF3B2_unrelaxed_rank_001_alphafold2_multimer_v3_model_1_seed_000.pdb
SMAP___SF3B2,2,4,A,B,0.0722,7.5,0.5,0.0119,0.4586,0.0663,0.0785,19.0,3.0,0.2300,29.3,42.4,0.270,3,10,1,3,53.7,75.2,49.6,72.5,183,895,"[27-28,42]",[634-643],[27],"[635,642-643]",SMAP___SF3B2_unrelaxed_rank_002_alphafold2_multimer_v3_model_4_seed_000.pdb
SMAP___SF3B2,3,2,A,B,0.0000,0.0,0.0,0.0000,0.2454,0.0000,0.0000,0.0,0.0,0.1700,30.5,46.3,0.220,0,0,0,0,,,,,183,895,,,,,SMAP___SF3B2_unrelaxed_rank_003_alphafold2_multimer_v3_model_2_seed_000.pdb
SMAP___SF3B2,4,3,A,B,0.0000,0.0,0.0,0.0000,0.1972,0.0000,0.0000,0.0,0.0,0.1600,29.4,49.1,0.230,0,0,0,0,,,,,183,895,,,,,SMAP___SF3B2_unrelaxed_rank_004_alphafold2_multimer_v3_model_3_seed_000.pdb
SMAP___SF3B2,5,5,A,B,0.0000,0.0,0.0,0.0000,0.0000,0.0000,0.0000,0.0,0.0,0.1300,26.9,46.7,0.220,0,0,0,0,,,,,183,895,,,,,SMAP___SF3B2_unrelaxed_rank_005_alphafold2_multimer_v3_model_5_seed_000.pdb
SNRPC___DHX15,1,2,A,B,0.0000,0.0,0.0,0.0000,0.2838,0.0000,0.0000,0.0,0.0,0.2100,27.6,81.0,0.670,0,0,0,0,,,,,159,795,,,,,SNRPC___DHX15_unrelaxed_rank_001_alphafold2_multimer_v3_model_2_seed_000.pdb
SNRPC___DHX15,2,1,A,B,0.0000,0.0,0.0,0.0000,0.2467,0.0000,0.0000,0.0,0.0,0.1900,26.4,80.6,0.660,0,0,0,0,,,,,159,795,,,,,SNRPC___DHX15_unrelaxed_rank_002_alphafold2_multimer_v3_model_1_seed_000.pdb
SNRPC___DHX15,3,4,A,B,0.0000,0.0,0.0,0.0000,0.2669,0.0000,0.0000,0.0,0.0,0.1800,26.8,80.4,0.670,0,0,0,0,,,,,159,795,,,,,SNRPC___DHX15_unrelaxed_rank_003_alphafold2_multimer_v3_model_4_seed_000.pdb
SNRPC___DHX15,4,3,A,B,0.0000,0.0,0.0,0.0000,0.1522,0.0000,0.0000,0.0,0.0,0.1800,26.7,81.1,0.680,0,0,0,0,,,,,159,795,,,,,SNRPC___DHX15_unrelaxed_rank_004_alphafold2_multimer_v3_model_3_seed_000.pdb
SNRPC___DHX15,5,5,A,B,0.0000,0.0,0.0,0.0000,0.1683,0.0000,0.0000,0.0,0.0,0.1700,27.5,81.2,0.670,0,0,0,0,,,,,159,795,,,,,SNRPC___DHX15_unrelaxed_rank_005_alphafold2_multimer_v3_model_5_seed_000.pdb
SNRPC___DNAJA1,1,2,A,B,0.0000,0.0,0.0,0.0000,0.1198,0.0000,0.0000,0.0,0.0,0.1300,30.9,77.9,0.450,0,0,0,0,,,,,159,397,,,,,SNRPC___DNAJA1_unrelaxed_rank_001_alphafold2_multimer_v3_model_2_seed_000.pdb
SNRPC___DNAJA1,2,1,A,B,0.0000,0.0,0.0,0.0000,0.0000,0.0000,0.0000,0.0,0.0,0.1100,30.4,80.2,0.450,0,0,0,0,,,,,159,397,,,,,SNRPC___DNAJA1_unrelaxed_rank_002_alphafold2_multimer_v3_model_1_seed_000.pdb
SNRPC___DNAJA1,3,4,A,B,0.0000,0.0,0.0,0.0000,0.1245,0.0000,0.0000,0.0,0.0,0.1100,31.8,79.6,0.450,0,0,0,0,,,,,159,397,,,,,SNRPC___DNAJA1_unrelaxed_rank_003_alphafold2_multimer_v3_model_4_seed_000.pdb
SNRPC___DNAJA1,4,5,A,B,0.0000,0.0,0.0,0.0000,0.1045,0.0000,0.0000,0.0,0.0,0.0900,31.3,78.3,0.440,0,0,0,0,,,,,159,397,,,,,SNRPC___DNAJA1_unrelaxed_rank_004_alphafold2_multimer_v3_model_5_seed_000.pdb
SNRPC___DNAJA1,5,3,A,B,0.0000,0.0,0.0,0.0000,0.1048,0.0000,0.0000,0.0,0.0,0.0900,31.5,77.7,0.440,0,0,0,0,,,,,159,397,,,,,SNRPC___DNAJA1_unrelaxed_rank_005_alphafold2_multimer_v3_model_3_seed_000.pdb
SNRPC___PCCA,1,2,A,B,0.0000,0.0,0.0,0.0000,0.1212,0.0000,0.0000,0.0,0.0,0.1800,30.1,85.0,0.700,0,0,0,0,,,,,159,728,,,,,SNRPC___PCCA_unrelaxed_rank_001_alphafold2_multimer_v3_model_2_seed_000.pdb
SNRPC___PCCA,2,3,A,B,0.0000,0.0,0.0,0.0000,0.1700,0.0000,0.0000,0.0,0.0,0.1600,29.5,84.5,0.700,0,0,0,0,,,,,159,728,,,,,SNRPC___PCCA_unrelaxed_rank_002_alphafold2_multimer_v3_model_3_seed_000.pdb
SNRPC___PCCA,3,1,A,B,0.0000,0.0,0.0,0.0000,0.1500,0.0000,0.0000,0.0,0.0,0.1500,27.5,84.5,0.700,0,0,0,0,,,,,159,728,,,,,SNRPC___PCCA_unrelaxed_rank_003_alphafold2_multimer_v3_model_1_seed_000.pdb
SNRPC___PCCA,4,4,A,B,0.0000,0.0,0.0,0.0000,0.1613,0.0000,0.0000,0.0,0.0,0.1400,27.2,82.5,0.680,0,0,0,0,,,,,159,728,,,,,SNRPC___PCCA_unrelaxed_rank_004_alphafold2_multimer_v3_model_4_seed_000.pdb
SNRPC___PCCA,5,5,A,B,0.0000,0.0,0.0,0.0000,0.1266,0.0000,0.0000,0.0,0.0,0.1400,30.0,84.6,0.700,0,0,0,0,,,,,159,728,,,,,SNRPC___PCCA_unrelaxed_rank_005_alphafold2_multimer_v3_model_5_seed_000.pdb
SNRPC___RB1,1,2,A,B,0.0000,0.0,0.0,0.0000,0.2869,0.0142,0.0000,1.0,0.0,0.2000,27.2,68.8,0.630,1,1,0,0,36.9,27.8,,,159,928,[41],[23],,,SNRPC___RB1_unrelaxed_rank_001_alphafold2_multimer_v3_model_2_seed_000.pdb
SNRPC___RB1,2,4,A,B,0.0000,0.0,0.0,0.0000,0.2030,0.0000,0.0000,0.0,0.0,0.1800,25.6,69.0,0.640,0,0,0,0,,,,,159,928,,,,,SNRPC___RB1_unrelaxed_rank_002_alphafold2_multimer_v3_model_4_seed_000.pdb
SNRPC___RB1,3,3,A,B,0.0000,0.0,0.0,0.0000,0.1847,0.0000,0.0000,0.0,0.0,0.1600,25.6,68.5,0.640,0,0,0,0,,,,,159,928,,,,,SNRPC___RB1_unrelaxed_rank_003_alphafold2_multimer_v3_model_3_seed_000.pdb
SNRPC___RB1,4,1,A,B,0.0000,0.0,0.0,0.0000,0.1711,0.0000,0.0000,0.0,0.0,0.1500,24.1,69.3,0.630,0,0,0,0,,,,,159,928,,,,,SNRPC___RB1_unrelaxed_rank_004_alphafold2_multimer_v3_model_1_seed_000.pdb
SNRPC___RB1,5,5,A,B,0.0000,0.0,0.0,0.0000,0.1753,0.0000,0.0000,0.0,0.0,0.1500,25.3,69.1,0.640,0,0,0,0,,,,,159,928,,,,,SNRPC___RB1_unrelaxed_rank_005_alphafold2_multimer_v3_model_5_seed_000.pdb
SRSF11___DHX15,1,1,A,B,0.2260,1444.1,326.3,0.0821,0.8620,0.1778,0.2872,13541.0,154.0,0.4800,29.9,79.2,0.550,28,651,23,52,46.5,90.0,48.5,81.7,484,795,[412-439],"[116-161,163-181,185-293,298-312,317-346,348-376,380-407,411-426,429-787]","[413-433,435-436]","[193-196,221-222,237-240,264,266-268,358-361,389-391,423,443,445,454-456,501,505-506,509,566-568,594-598,602,604,607,722-724,738,740-743,746,748]",SRSF11___DHX15_unrelaxed_rank_001_alphafold2_multimer_v3_model_1_seed_000.pdb
SRSF11___DHX15,2,3,A,B,0.0871,296.0,25.8,0.0152,0.6483,0.0708,0.1070,2504.0,35.0,0.3700,29.6,80.2,0.560,12,401,10,18,44.9,92.1,45.8,79.9,484,795,[423-434],"[142,145,149,153,171,173-175,177,189,204-205,207-209,216-217,234,254,256-258,263,272,274-277,279,286-290,300-303,319,321-323,331-343,350-375,382-389,401,404,414-419,421-422,433-437,440-442,444-472,480-487,489-490,496-497,500,502-503,506-519,527,529,531,535-550,553-565,567-637,639-671,673,684-768,771-772,774-785]",[423-432],"[358-361,455-456,458,597,602,604,607,722-724,740,742,746,748]",SRSF11___DHX15_unrelaxed_rank_002_alphafold2_multimer_v3_model_3_seed_000.pdb
SRSF11___DHX15,3,5,A,B,0.0453,11.2,0.5,0.0000,0.5103,0.0389,0.0527,42.0,3.0,0.3300,29.1,80.5,0.560,7,29,2,3,41.3,94.2,42.9,86.0,484,795,"[425-426,428-432]","[586,589,591-592,596,607,610-611,614,628,660,689,692,698,712,718-719,721,723-726,735,750,752,757-758,765,777]",[431-432],"[607,723-724]",SRSF11___DHX15_unrelaxed_rank_003_alphafold2_multimer_v3_model_5_seed_000.pdb
SRSF11___DHX15,4,2,A,B,0.0000,0.0,0.0,0.0000,0.2980,0.0000,0.0000,0.0,0.0,0.2500,28.4,80.4,0.540,0,0,0,0,,,,,484,795,,,,,SRSF11___DHX15_unrelaxed_rank_004_alphafold2_multimer_v3_model_2_seed_000.pdb
SRSF11___DHX15,5,4,A,B,0.0000,0.0,0.0,0.0000,0.3714,0.0000,0.0000,0.0,0.0,0.2400,28.5,79.4,0.560,0,0,0,0,,,,,484,795,,,,,SRSF11___DHX15_unrelaxed_rank_005_alphafold2_multimer_v3_model_4_seed_000.pdb
STIP1___DDX17,1,1,A,B,0.0000,0.0,0.0,0.0000,0.2267,0.0000,0.0000,0.0,0.0,0.1900,75.2,57.9,0.350,0,0,0,0,,,,,543,729,,,,,STIP1___DDX17_unrelaxed_rank_001_alphafold2_multimer_v3_model_1_seed_000.pdb
STIP1___DDX17,2,3,A,B,0.0000,0.0,0.0,0.0000,0.2447,0.0000,0.0000,0.0,0.0,0.1700,77.7,59.0,0.380,0,0,0,0,,,,,543,729,,,,,STIP1___DDX17_unrelaxed_rank_002_alphafold2_multimer_v3_model_3_seed_000.pdb
STIP1___DDX17,3,2,A,B,0.0000,0.0,0.0,0.0000,0.2140,0.0000,0.0000,0.0,0.0,0.1800,78.0,58.7,0.340,0,0,0,0,,,,,543,729,,,,,STIP1___DDX17_unrelaxed_rank_003_alphafold2_multimer_v3_model_2_seed_000.pdb
STIP1___DDX17,4,4,A,B,0.0000,0.0,0.0,0.0000,0.2382,0.0000,0.0000,0.0,0.0,0.1800,76.3,56.9,0.340,0,0,0,0,,,,,543,729,,,,,STIP1___DDX17_unrelaxed_rank_004_alphafold2_multimer_v3_model_4_seed_000.pdb
STIP1___DDX17,5,5,A,B,0.0000,0.0,0.0,0.0000,0.2222,0.0000,0.0000,0.0,0.0,0.1700,78.1,58.3,0.340,0,0,0,0,,,,,543,729,,,,,STIP1___DDX17_unrelaxed_rank_005_alphafold2_multimer_v3_model_5_seed_000.pdb
SUPT5H___ANP32A,1,5,A,B,0.0000,0.0,0.0,0.0000,0.2996,0.0000,0.0000,0.0,0.0,0.2500,53.1,61.4,0.270,0,0,0,0,,,,,1087,249,,,,,SUPT5H___ANP32A_unrelaxed_rank_001_alphafold2_multimer_v3_model_5_seed_000.pdb
SUPT5H___ANP32A,2,3,A,B,0.0000,0.0,0.0,0.0000,0.3074,0.0000,0.0000,0.0,0.0,0.2200,52.0,60.2,0.260,0,0,0,0,,,,,1087,249,,,,,SUPT5H___ANP32A_unrelaxed_rank_002_alphafold2_multimer_v3_model_3_seed_000.pdb
SUPT5H___ANP32A,3,1,A,B,0.0000,0.0,0.0,0.0000,0.2832,0.0000,0.0000,0.0,0.0,0.2000,51.0,61.9,0.270,0,0,0,0,,,,,1087,249,,,,,SUPT5H___ANP32A_unrelaxed_rank_003_alphafold2_multimer_v3_model_1_seed_000.pdb
SUPT5H___ANP32A,4,4,A,B,0.0000,0.0,0.0,0.0000,0.2666,0.0000,0.0000,0.0,0.0,0.2000,49.3,59.8,0.260,0,0,0,0,,,,,1087,249,,,,,SUPT5H___ANP32A_unrelaxed_rank_004_alphafold2_multimer_v3_model_4_seed_000.pdb
SUPT5H___ANP32A,5,2,A,B,0.0000,0.0,0.0,0.0000,0.1819,0.0000,0.0000,0.0,0.0,0.1700,53.4,61.4,0.260,0,0,0,0,,,,,1087,249,,,,,SUPT5H___ANP32A_unrelaxed_rank_005_alphafold2_multimer_v3_model_2_seed_000.pdb
SUPT5H___GFP,1,1,A,B,0.0000,0.0,0.0,0.0000,0.3789,0.0000,0.0000,0.0,0.0,0.3400,50.7,84.3,0.300,0,0,0,0,,,,,1087,238,,,,,SUPT5H___GFP_unrelaxed_rank_001_alphafold2_multimer_v3_model_1_seed_000.pdb
SUPT5H___GFP,2,4,A,B,0.0000,0.0,0.0,0.0000,0.1933,0.0000,0.0000,0.0,0.0,0.2200,48.2,84.1,0.300,0,0,0,0,,,,,1087,238,,,,,SUPT5H___GFP_unrelaxed_rank_002_alphafold2_multimer_v3_model_4_seed_000.pdb
SUPT5H___GFP,3,3,A,B,0.0000,0.0,0.0,0.0000,0.1718,0.0000,0.0000,0.0,0.0,0.2000,51.0,84.9,0.290,0,0,0,0,,,,,1087,238,,,,,SUPT5H___GFP_unrelaxed_rank_003_alphafold2_multimer_v3_model_3_seed_000.pdb
SUPT5H___GFP,4,2,A,B,0.0000,0.0,0.0,0.0000,0.1610,0.0000,0.0000,0.0,0.0,0.1900,51.5,85.7,0.290,0,0,0,0,,,,,1087,238,,,,,SUPT5H___GFP_unrelaxed_rank_004_alphafold2_multimer_v3_model_2_seed_000.pdb
SUPT5H___GFP,5,5,A,B,0.0000,0.0,0.0,0.0000,0.1687,0.0000,0.0000,0.0,0.0,0.1800,51.6,86.3,0.290,0,0,0,0,,,,,1087,238,,,,,SUPT5H___GFP_unrelaxed_rank_005_alphafold2_multimer_v3_model_5_seed_000.pdb
SUPT5H___LUC7L2,1,1,A,B,0.0000,0.0,0.0,0.0000,0.2829,0.0000,0.0000,0.0,0.0,0.2600,52.7,56.2,0.280,0,0,0,0,,,,,1087,392,,,,,SUPT5H___LUC7L2_unrelaxed_rank_001_alphafold2_multimer_v3_model_1_seed_000.pdb
SUPT5H___LUC7L2,2,2,A,B,0.0027,2.6,0.0,0.0000,0.4988,0.0090,0.0008,7.0,1.0,0.2300,53.4,57.6,0.300,3,6,1,1,34.0,89.4,35.0,82.8,1087,392,"[121-122,125]","[84,89,100,222,228,231]",[125],[84],SUPT5H___LUC7L2_unrelaxed_rank_002_alphafold2_multimer_v3_model_2_seed_000.pdb
SUPT5H___LUC7L2,3,4,A,B,0.0000,0.0,0.0,0.0000,0.2597,0.0000,0.0000,0.0,0.0,0.1700,50.0,56.1,0.280,0,0,0,0,,,,,1087,392,,,,,SUPT5H___LUC7L2_unrelaxed_rank_003_alphafold2_multimer_v3_model_4_seed_000.pdb
SUPT5H___LUC7L2,4,5,A,B,0.0000,0.0,0.0,0.0000,0.1704,0.0000,0.0000,0.0,0.0,0.1700,52.8,56.6,0.280,0,0,0,0,,,,,1087,392,,,,,SUPT5H___LUC7L2_unrelaxed_rank_004_alphafold2_multimer_v3_model_5_seed_000.pdb
SUPT5H___LUC7L2,5,3,A,B,0.0000,0.0,0.0,0.0000,0.1787,0.0000,0.0000,0.0,0.0,0.1700,51.7,55.8,0.270,0,0,0,0,,,,,1087,392,,,,,SUPT5H___LUC7L2_unrelaxed_rank_005_alphafold2_multimer_v3_model_3_seed_000.pdb
TLE3___ZBTB33,1,4,A,B,0.2159,1075.5,232.2,0.2289,0.8302,0.1417,0.3289,17010.0,68.0,0.3700,51.2,34.6,0.370,308,73,12,14,87.4,52.8,72.0,47.0,772,672,"[448-452,460-461,463,468,471-515,517,519-690,692-772]",[521-593],"[569-573,589,604,606-610]","[522,533-536,538-539,542,549-550,561-562,586,589]",TLE3___ZBTB33_unrelaxed_rank_001_alphafold2_multimer_v3_model_4_seed_000.pdb
TLE3___ZBTB33,2,2,A,B,0.0000,0.0,0.0,0.0000,0.3033,0.0000,0.0000,0.0,0.0,0.2100,53.1,35.4,0.350,0,0,0,0,,,,,772,672,,,,,TLE3___ZBTB33_unrelaxed_rank_002_alphafold2_multimer_v3_model_2_seed_000.pdb
TLE3___ZBTB33,3,1,A,B,0.0000,0.0,0.0,0.0000,0.3587,0.0000,0.0000,0.0,0.0,0.1900,51.6,32.8,0.350,0,0,0,0,,,,,772,672,,,,,TLE3___ZBTB33_unrelaxed_rank_003_alphafold2_multimer_v3_model_1_seed_000.pdb
TLE3___ZBTB33,4,5,A,B,0.0000,0.0,0.0,0.0000,0.3720,0.0000,0.0000,0.0,0.0,0.1800,52.7,36.5,0.350,0,0,0,0,,,,,772,672,,,,,TLE3___ZBTB33_unrelaxed_rank_004_alphafold2_multimer_v3_model_5_seed_000.pdb
TLE3___ZBTB33,5,3,A,B,0.0000,0.0,0.0,0.0000,0.2504,0.0000,0.0000,0.0,0.0,0.1800,52.9,33.2,0.350,0,0,0,0,,,,,772,672,,,,,TLE3___ZBTB33_unrelaxed_rank_005_alphafold2_multimer_v3_model_3_seed_000.pdb
TXN___NCL,1,5,A,B,0.0000,0.0,0.0,0.0000,0.2160,0.0000,0.0000,0.0,0.0,0.2500,87.2,44.7,0.250,0,0,0,0,,,,,105,710,,,,,TXN___NCL_unrelaxed_rank_001_alphafold2_multimer_v3_model_5_seed_000.pdb
TXN___NCL,2,1,A,B,0.0000,0.0,0.0,0.0000,0.1447,0.0000,0.0000,0.0,0.0,0.1700,85.8,45.3,0.250,0,0,0,0,,,,,105,710,,,,,TXN___NCL_unrelaxed_rank_002_alphafold2_multimer_v3_model_1_seed_000.pdb
TXN___NCL,3,2,A,B,0.0000,0.0,0.0,0.0000,0.1363,0.0000,0.0000,0.0,0.0,0.1500,86.0,44.2,0.230,0,0,0,0,,,,,105,710,,,,,TXN___NCL_unrelaxed_rank_003_alphafold2_multimer_v3_model_2_seed_000.pdb
TXN___NCL,4,4,A,B,0.0000,0.0,0.0,0.0000,0.1329,0.0000,0.0000,0.0,0.0,0.1400,84.0,44.3,0.240,0,0,0,0,,,,,105,710,,,,,TXN___NCL_unrelaxed_rank_004_alphafold2_multimer_v3_model_4_seed_000.pdb
TXN___NCL,5,3,A,B,0.0000,0.0,0.0,0.0000,0.1344,0.0000,0.0000,0.0,0.0,0.1400,87.7,45.2,0.230,0,0,0,0,,,,,105,710,,,,,TXN___NCL_unrelaxed_rank_005_alphafold2_multimer_v3_model_3_seed_000.pdb
TXN___PRDX1,1,2,A,B,0.0398,103.2,4.1,0.0000,0.2575,0.0357,0.0444,507.0,21.0,0.2100,86.9,83.6,0.630,82,31,8,5,85.2,84.0,63.4,74.4,105,199,"[4,8,11-12,15,21-47,52-81,84-102,104]","[26,28,42-49,56,59-60,74-79,83,88-89,91,93-95,102-105,130]","[31-32,34,72-74,91-92]","[46-48,79,83]",TXN___PRDX1_unrelaxed_rank_001_alphafold2_multimer_v3_model_2_seed_000.pdb
TXN___PRDX1,2,5,A,B,0.0000,0.0,0.0,0.0000,0.1979,0.0100,0.0000,11.0,0.0,0.1700,86.6,85.6,0.640,5,5,0,0,88.5,94.4,,,105,199,"[55,70,77,87-88]","[42-44,75-76]",,,TXN___PRDX1_unrelaxed_rank_002_alphafold2_multimer_v3_model_5_seed_000.pdb
TXN___PRDX1,3,4,A,B,0.0000,0.0,0.0,0.0000,0.1776,0.0124,0.0000,6.0,0.0,0.1700,85.9,85.1,0.630,5,2,0,0,83.4,97.0,,,105,199,"[41,70,87,96,98]",[75-76],,,TXN___PRDX1_unrelaxed_rank_003_alphafold2_multimer_v3_model_4_seed_000.pdb
TXN___PRDX1,4,1,A,B,0.0000,0.0,0.0,0.0000,0.1860,0.0111,0.0000,12.0,0.0,0.1700,84.2,81.3,0.600,11,2,0,0,71.7,92.5,,,105,199,"[30-31,35-37,40,61,68,77,89,94]","[44,75]",,,TXN___PRDX1_unrelaxed_rank_004_alphafold2_multimer_v3_model_1_seed_000.pdb
TXN___PRDX1,5,3,A,B,0.0000,0.0,0.0,0.0000,0.1611,0.0000,0.0000,0.0,0.0,0.1600,87.7,86.3,0.630,0,0,0,0,,,,,105,199,,,,,TXN___PRDX1_unrelaxed_rank_005_alphafold2_multimer_v3_model_3_seed_000.pdb
XRN2___HMGB1,1,2,A,B,0.1169,395.8,46.3,0.0175,0.7038,0.1121,0.1219,4748.0,33.0,0.2300,71.3,46.8,0.650,623,10,19,8,90.7,38.4,75.6,39.9,950,215,"[2-26,36-140,155-263,265-266,268-269,271-276,300-319,324-373,376-416,419,510-527,532-579,581-582,584-702,707-781]",[206-215],"[2-5,8,56-57,60,113,117,232-233,255,257-258,345,642,644-645]",[208-215],XRN2___HMGB1_unrelaxed_rank_001_alphafold2_multimer_v3_model_2_seed_000.pdb
XRN2___HMGB1,2,3,A,B,0.0000,0.0,0.0,0.0000,0.1696,0.0000,0.0000,0.0,0.0,0.2200,70.9,49.0,0.640,0,0,0,0,,,,,950,215,,,,,XRN2___HMGB1_unrelaxed_rank_002_alphafold2_multimer_v3_model_3_seed_000.pdb
XRN2___HMGB1,3,4,A,B,0.0703,263.5,18.5,0.0133,0.6272,0.0723,0.0684,3654.0,19.0,0.2100,70.6,45.3,0.640,584,9,12,6,90.9,35.5,80.6,37.9,950,215,"[2,4-24,37-140,155-258,260-263,265-266,268,275,300-318,324-373,376-417,510-513,515-526,533-578,585-586,589-637,640-679,682-701,707-714,717-725,727-731,733-740,742-746,748-761,764-775,777]",[207-215],"[4-5,8,56-57,60,117,233,255,257,644-645]",[210-215],XRN2___HMGB1_unrelaxed_rank_003_alphafold2_multimer_v3_model_4_seed_000.pdb
XRN2___HMGB1,4,1,A,B,0.0192,79.1,1.5,0.0112,0.4825,0.0256,0.0144,1042.0,6.0,0.2000,71.1,46.1,0.640,431,6,4,3,91.9,33.7,70.7,35.3,950,215,"[4-24,39,41-42,44,48-64,68-69,71-105,107-131,133,157-182,185,188,192-195,199-217,223-254,300-317,327-342,344-351,353-370,376-399,401-407,516-517,519-521,523-525,533,535-575,590-606,609-620,624-629,631-636,644-660,662,671-677,683-686,688,690,693-701,718,721,730,734-738,742,744,750-755,765-769]",[210-215],"[4-5,644-645]",[212-214],XRN2___HMGB1_unrelaxed_rank_004_alphafold2_multimer_v3_model_1_seed_000.pdb
XRN2___HMGB1,5,5,A,B,0.0000,0.0,0.0,0.0000,0.3066,0.0000,0.0000,0.0,0.0,0.1700,70.9,50.7,0.640,0,0,0,0,,,,,950,215,,,,,XRN2___HMGB1_unrelaxed_rank_005_alphafold2_multimer_v3_model_5_seed_000.pdb
XRN2___PCBP2,1,3,A,B,0.0000,0.0,0.0,0.0000,0.2216,0.0000,0.0000,0.0,0.0,0.2200,70.3,49.7,0.600,0,0,0,0,,,,,950,365,,,,,XRN2___PCBP2_unrelaxed_rank_001_alphafold2_multimer_v3_model_3_seed_000.pdb
XRN2___PCBP2,2,4,A,B,0.0000,0.0,0.0,0.0000,0.1856,0.0000,0.0000,0.0,0.0,0.2100,71.1,44.4,0.600,0,0,0,0,,,,,950,365,,,,,XRN2___PCBP2_unrelaxed_rank_002_alphafold2_multimer_v3_model_4_seed_000.pdb
XRN2___PCBP2,3,2,A,B,0.0000,0.0,0.0,0.0000,0.1894,0.0000,0.0000,0.0,0.0,0.1900,71.5,50.0,0.600,0,0,0,0,,,,,950,365,,,,,XRN2___PCBP2_unrelaxed_rank_003_alphafold2_multimer_v3_model_2_seed_000.pdb
XRN2___PCBP2,4,5,A,B,0.0000,0.0,0.0,0.0000,0.1739,0.0000,0.0000,0.0,0.0,0.1700,70.9,52.9,0.590,0,0,0,0,,,,,950,365,,,,,XRN2___PCBP2_unrelaxed_rank_004_alphafold2_multimer_v3_model_5_seed_000.pdb
XRN2___PCBP2,5,1,A,B,0.0000,0.0,0.0,0.0000,0.2061,0.0000,0.0000,0.0,0.0,0.1800,71.0,48.9,0.590,0,0,0,0,,,,,950,365,,,,,XRN2___PCBP2_unrelaxed_rank_005_alphafold2_multimer_v3_model_1_seed_000.pdb
XRN2___PTBP1,1,3,A,B,0.0000,0.0,0.0,0.0000,0.1946,0.0000,0.0000,0.0,0.0,0.2000,69.2,56.0,0.540,0,0,0,0,,,,,950,557,,,,,XRN2___PTBP1_unrelaxed_rank_001_alphafold2_multimer_v3_model_3_seed_000.pdb
XRN2___PTBP1,2,4,A,B,0.0000,0.0,0.0,0.0000,0.1872,0.0000,0.0000,0.0,0.0,0.1900,69.9,53.1,0.540,0,0,0,0,,,,,950,557,,,,,XRN2___PTBP1_unrelaxed_rank_002_alphafold2_multimer_v3_model_4_seed_000.pdb
XRN2___PTBP1,3,2,A,B,0.0000,0.0,0.0,0.0000,0.1843,0.0000,0.0000,0.0,0.0,0.1900,70.9,57.6,0.550,0,0,0,0,,,,,950,557,,,,,XRN2___PTBP1_unrelaxed_rank_003_alphafold2_multimer_v3_model_2_seed_000.pdb
XRN2___PTBP1,4,5,A,B,0.0000,0.0,0.0,0.0000,0.1814,0.0000,0.0000,0.0,0.0,0.1800,70.2,56.4,0.540,0,0,0,0,,,,,950,557,,,,,XRN2___PTBP1_unrelaxed_rank_004_alphafold2_multimer_v3_model_5_seed_000.pdb
XRN2___PTBP1,5,1,A,B,0.0000,0.0,0.0,0.0000,0.2039,0.0000,0.0000,0.0,0.0,0.1800,70.4,53.4,0.540,0,0,0,0,,,,,950,557,,,,,XRN2___PTBP1_unrelaxed_rank_005_alphafold2_multimer_v3_model_1_seed_000.pdb
XRN2___SET,1,3,A,B,0.0546,367.8,20.1,0.0132,0.5657,0.0556,0.0536,5411.0,25.0,0.2800,70.3,53.6,0.630,557,14,13,10,92.1,34.2,75.3,33.9,950,290,"[4-24,38-137,155-254,256,300-318,325-373,376-417,419,511-513,516-525,533-576,578,585,589-637,641-679,682-701,707-710,714-715,717-725,727-731,733-739,742-746,748-760,764-775]",[237-250],"[4-5,8,60,64,117,121,157,232,356,642,644-645]","[238,241-249]",XRN2___SET_unrelaxed_rank_001_alphafold2_multimer_v3_model_3_seed_000.pdb
XRN2___SET,2,2,A,B,0.0415,103.4,4.3,0.0113,0.5750,0.0321,0.0537,1528.0,7.0,0.2500,70.8,53.5,0.630,435,8,5,4,93.0,32.2,84.4,32.0,950,290,"[5-24,41-42,44,47-64,69,71-131,133,156-182,185,188,191-217,221-254,301-317,327-353,355-357,360-369,377-394,396,404,519-525,534-575,585,589-620,625-636,643-644,647-663,669-678,682-685,690,693-701,718-721,729-730,734-739,750-758,765-769,771]",[240-247],"[60-61,117,121,232]",[243-246],XRN2___SET_unrelaxed_rank_002_alphafold2_multimer_v3_model_2_seed_000.pdb
XRN2___SET,3,5,A,B,0.0131,82.2,1.1,0.0115,0.4934,0.0227,0.0076,1350.0,5.0,0.2500,71.0,53.7,0.640,416,9,5,3,93.7,31.6,80.3,31.9,950,290,"[5,8-9,11-22,24,40-41,44,47-55,57-63,71-102,104-105,107-131,133-137,157-162,164-183,185,187-188,191-196,198-201,205-218,221-230,233-234,236-245,247-252,301-314,316-317,327-341,346,348,351-353,356-357,361-369,377-379,382-386,388-390,392-393,395-397,399,402-407,409-411,512,516-517,520-525,534-572,574-575,591-621,625-634,644,648-663,665-666,669-677,682-688,691-692,694-701,710,718,720-723,729-731,734-739,744-745,748,750-756,765-766]",[239-247],"[5,8,60,117,121]","[241,246-247]",XRN2___SET_unrelaxed_rank_003_alphafold2_multimer_v3_model_5_seed_000.pdb
XRN2___SET,4,1,A,B,0.0577,326.4,18.8,0.0136,0.6040,0.0527,0.0632,3674.0,29.0,0.2500,70.4,51.3,0.620,531,13,17,9,91.4,31.5,77.9,31.4,950,290,"[4-24,38-136,156-218,220-254,300-318,326-370,376-400,402-407,410,516-525,533-576,578,585-586,589-637,642-679,682-688,690-701,708-710,714,718-725,727-731,733-740,742-746,748-761,764-772,774]",[240-252],"[4-5,7,56-57,60,114,117-118,120-121,157,232-233,356,644-645]","[242-243,245-251]",XRN2___SET_unrelaxed_rank_004_alphafold2_multimer_v3_model_1_seed_000.pdb
XRN2___SET,5,4,A,B,0.0000,0.0,0.0,0.0000,0.3115,0.0000,0.0000,0.0,0.0,0.2300,70.8,44.4,0.630,0,0,0,0,,,,,950,290,,,,,XRN2___SET_unrelaxed_rank_005_alphafold2_multimer_v3_model_4_seed_000.pdb
XRN2___SMAP,1,2,A,B,0.0000,0.0,0.0,0.0000,0.3154,0.0000,0.0000,0.0,0.0,0.2300,72.8,20.6,0.660,0,0,0,0,,,,,950,183,,,,,XRN2___SMAP_unrelaxed_rank_001_alphafold2_multimer_v3_model_2_seed_000.pdb
XRN2___SMAP,2,1,A,B,0.0000,0.0,0.0,0.0000,0.3435,0.0000,0.0000,0.0,0.0,0.2300,71.3,20.8,0.650,0,0,0,0,,,,,950,183,,,,,XRN2___SMAP_unrelaxed_rank_002_alphafold2_multimer_v3_model_1_seed_000.pdb
XRN2___SMAP,3,5,A,B,0.0000,0.0,0.0,0.0000,0.3323,0.0000,0.0000,0.0,0.0,0.2100,72.8,20.5,0.670,0,0,0,0,,,,,950,183,,,,,XRN2___SMAP_unrelaxed_rank_003_alphafold2_multimer_v3_model_5_seed_000.pdb
XRN2___SMAP,4,4,A,B,0.0000,0.0,0.0,0.0000,0.4206,0.0000,0.0000,0.0,0.0,0.2100,72.9,21.7,0.660,0,0,0,0,,,,,950,183,,,,,XRN2___SMAP_unrelaxed_rank_004_alphafold2_multimer_v3_model_4_seed_000.pdb
XRN2___SMAP,5,3,A,B,0.0000,0.0,0.0,0.0000,0.2991,0.0000,0.0000,0.0,0.0,0.2000,72.2,20.2,0.650,0,0,0,0,,,,,950,183,,,,,XRN2___SMAP_unrelaxed_rank_005_alphafold2_multimer_v3_model_3_seed_000.pdb
ZBTB33___DHX15,1,4,A,B,0.0000,0.0,0.0,0.0000,0.2292,0.0000,0.0000,0.0,0.0,0.2300,32.3,76.3,0.500,0,0,0,0,,,,,672,795,,,,,ZBTB33___DHX15_unrelaxed_rank_001_alphafold2_multimer_v3_model_4_seed_000.pdb
ZBTB33___DHX15,2,1,A,B,0.0000,0.0,0.0,0.0000,0.2486,0.0000,0.0000,0.0,0.0,0.2300,32.7,76.4,0.480,0,0,0,0,,,,,672,795,,,,,ZBTB33___DHX15_unrelaxed_rank_002_alphafold2_multimer_v3_model_1_seed_000.pdb
ZBTB33___DHX15,3,3,A,B,0.0000,0.0,0.0,0.0000,0.2067,0.0000,0.0000,0.0,0.0,0.2100,33.7,78.0,0.510,0,0,0,0,,,,,672,795,,,,,ZBTB33___DHX15_unrelaxed_rank_003_alphafold2_multimer_v3_model_3_seed_000.pdb
ZBTB33___DHX15,4,5,A,B,0.0000,0.0,0.0,0.0000,0.1936,0.0000,0.0000,0.0,0.0,0.1900,33.2,78.7,0.510,0,0,0,0,,,,,672,795,,,,,ZBTB33___DHX15_unrelaxed_rank_004_alphafold2_multimer_v3_model_5_seed_000.pdb
ZBTB33___DHX15,5,2,A,B,0.0000,0.0,0.0,0.0000,0.1948,0.0000,0.0000,0.0,0.0,0.2000,31.3,78.3,0.490,0,0,0,0,,,,,672,795,,,,,ZBTB33___DHX15_unrelaxed_rank_005_alphafold2_multimer_v3_model_2_seed_000.pdb
ZBTB33___DNAJA1,1,5,A,B,0.0000,0.0,0.0,0.0000,0.3223,0.0000,0.0000,0.0,0.0,0.2400,36.6,72.3,0.330,0,0,0,0,,,,,672,397,,,,,ZBTB33___DNAJA1_unrelaxed_rank_001_alphafold2_multimer_v3_model_5_seed_000.pdb
ZBTB33___DNAJA1,2,3,A,B,0.0000,0.0,0.0,0.0000,0.3810,0.0000,0.0000,0.0,0.0,0.2400,35.2,70.4,0.330,0,0,0,0,,,,,672,397,,,,,ZBTB33___DNAJA1_unrelaxed_rank_002_alphafold2_multimer_v3_model_3_seed_000.pdb
ZBTB33___DNAJA1,3,1,A,B,0.0000,0.0,0.0,0.0000,0.2905,0.0000,0.0000,0.0,0.0,0.2100,35.6,74.1,0.320,0,0,0,0,,,,,672,397,,,,,ZBTB33___DNAJA1_unrelaxed_rank_003_alphafold2_multimer_v3_model_1_seed_000.pdb
ZBTB33___DNAJA1,4,4,A,B,0.0000,0.0,0.0,0.0000,0.1931,0.0000,0.0000,0.0,0.0,0.2000,35.5,72.3,0.320,0,0,0,0,,,,,672,397,,,,,ZBTB33___DNAJA1_unrelaxed_rank_004_alphafold2_multimer_v3_model_4_seed_000.pdb
ZBTB33___DNAJA1,5,2,A,B,0.0000,0.0,0.0,0.0000,0.1521,0.0000,0.0000,0.0,0.0,0.1500,35.3,75.1,0.310,0,0,0,0,,,,,672,397,,,,,ZBTB33___DNAJA1_unrelaxed_rank_005_alphafold2_multimer_v3_model_2_seed_000.pdb
ZNF503___HMGB1,1,2,A,B,0.0000,0.0,0.0,0.0000,0.3165,0.0000,0.0000,0.0,0.0,0.2100,21.9,70.2,0.230,0,0,0,0,,,,,646,215,,,,,ZNF503___HMGB1_unrelaxed_rank_001_alphafold2_multimer_v3_model_2_seed_000.pdb
ZNF503___HMGB1,2,4,A,B,0.0000,0.0,0.0,0.0000,0.2111,0.0000,0.0000,0.0,0.0,0.1700,22.4,68.7,0.240,0,0,0,0,,,,,646,215,,,,,ZNF503___HMGB1_unrelaxed_rank_002_alphafold2_multimer_v3_model_4_seed_000.pdb
ZNF503___HMGB1,3,3,A,B,0.0000,0.0,0.0,0.0000,0.1531,0.0000,0.0000,0.0,0.0,0.1500,22.6,68.2,0.240,0,0,0,0,,,,,646,215,,,,,ZNF503___HMGB1_unrelaxed_rank_003_alphafold2_multimer_v3_model_3_seed_000.pdb
ZNF503___HMGB1,4,1,A,B,0.0000,0.0,0.0,0.0000,0.1394,0.0000,0.0000,0.0,0.0,0.1500,25.0,69.7,0.240,0,0,0,0,,,,,646,215,,,,,ZNF503___HMGB1_unrelaxed_rank_004_alphafold2_multimer_v3_model_1_seed_000.pdb
ZNF503___HMGB1,5,5,A,B,0.0000,0.0,0.0,0.0000,0.0000,0.0000,0.0000,0.0,0.0,0.1400,22.8,69.5,0.230,0,0,0,0,,,,,646,215,,,,,ZNF503___HMGB1_unrelaxed_rank_005_alphafold2_multimer_v3_model_5_seed_000.pdb
ZNF503___U2SURP,1,4,A,B,0.2447,696.1,170.3,0.0907,0.8411,0.1880,0.3185,5210.0,93.0,0.2600,20.2,47.3,0.300,36,119,18,21,60.0,79.2,60.9,73.7,646,1029,[511-546],"[374-389,406-508]","[513-515,517,519-521,523-524,526,531-533,535-536,539-540,543]","[382-383,443-444,446-448,450-452,454,462-465,470,474,497-500]",ZNF503___U2SURP_unrelaxed_rank_001_alphafold2_multimer_v3_model_4_seed_000.pdb
ZNF503___U2SURP,2,3,A,B,0.0919,267.1,24.5,0.0131,0.6535,0.0766,0.1102,1518.0,47.0,0.2600,20.0,48.8,0.300,29,95,12,17,64.7,81.5,63.1,75.4,646,1029,"[515-529,531-544]","[381-385,411,413-422,424-482,484,488-489,491-507]","[517,519,521-524,535-536,539-540,542-543]","[382-383,442-444,446-448,450-451,462-465,474,497-498]",ZNF503___U2SURP_unrelaxed_rank_002_alphafold2_multimer_v3_model_3_seed_000.pdb
ZNF503___U2SURP,3,1,A,B,0.1345,103.5,13.9,0.0196,0.6862,0.1000,0.1807,466.0,23.0,0.2400,20.3,49.5,0.280,6,129,4,10,35.9,91.4,39.1,90.1,646,1029,[210-215],"[534-604,613-637,641-658,660,663-676]",[211-214],"[543,546,575-576,578-580,582-583,585]",ZNF503___U2SURP_unrelaxed_rank_003_alphafold2_multimer_v3_model_1_seed_000.pdb
ZNF503___U2SURP,4,5,A,B,0.0049,1.4,0.0,0.0000,0.4958,0.0048,0.0050,2.0,1.0,0.2300,19.3,49.5,0.290,2,2,1,1,57.4,80.0,66.1,68.6,646,1029,"[518,539]","[447,458]",[539],[447],ZNF503___U2SURP_unrelaxed_rank_004_alphafold2_multimer_v3_model_5_seed_000.pdb
ZNF503___U2SURP,5,2,A,B,0.0000,0.0,0.0,0.0000,0.3387,0.0000,0.0000,0.0,0.0,0.2300,19.9,51.1,0.300,0,0,0,0,,,,,646,1029,,,,,ZNF503___U2SURP_unrelaxed_rank_005_alphafold2_multimer_v3_model_2_seed_000.pdb
