name,rank,model,chain_i,chain_j,iLIS,iLIA,iLISA,ipSAE,actifpTM,LIS,cLIS,LIA,cLIA,ipTM,pLDDT_i,pLDDT_j,pTM,LIR_i,LIR_j,cLIR_i,cLIR_j,LIpLDDT_i,LIpLDDT_j,cLIpLDDT_i,cLIpLDDT_j,len_i,len_j,LIR_indices_i,LIR_indices_j,cLIR_indices_i,cLIR_indices_j,structure_file
ANP32A___PTBP1,1,1,A,B,0.0000,0.0,0.0,0.0000,0.1592,0.0000,0.0000,0.0,0.0,0.1700,62.4,60.2,0.320,0,0,0,0,,,,,249,557,,,,,ANP32A___PTBP1_unrelaxed_rank_001_alphafold2_multimer_v3_model_1_seed_000.pdb
ANP32A___PTBP1,2,4,A,B,0.0000,0.0,0.0,0.0000,0.1761,0.0000,0.0000,0.0,0.0,0.1700,61.2,61.8,0.330,0,0,0,0,,,,,249,557,,,,,ANP32A___PTBP1_unrelaxed_rank_002_alphafold2_multimer_v3_model_4_seed_000.pdb
ANP32A___PTBP1,3,2,A,B,0.0000,0.0,0.0,0.0000,0.1682,0.0000,0.0000,0.0,0.0,0.1600,62.3,64.9,0.330,0,0,0,0,,,,,249,557,,,,,ANP32A___PTBP1_unrelaxed_rank_003_alphafold2_multimer_v3_model_2_seed_000.pdb
ANP32A___PTBP1,4,5,A,B,0.0000,0.0,0.0,0.0000,0.1569,0.0000,0.0000,0.0,0.0,0.1500,61.9,64.8,0.330,0,0,0,0,,,,,249,557,,,,,ANP32A___PTBP1_unrelaxed_rank_004_alphafold2_multimer_v3_model_5_seed_000.pdb
ANP32A___PTBP1,5,3,A,B,0.0000,0.0,0.0,0.0000,0.1577,0.0000,0.0000,0.0,0.0,0.1500,59.2,62.7,0.330,0,0,0,0,,,,,249,557,,,,,ANP32A___PTBP1_unrelaxed_rank_005_alphafold2_multimer_v3_model_3_seed_000.pdb
ANP32A___RBM33,1,3,A,B,0.0604,173.8,10.5,0.0130,0.5912,0.0545,0.0669,1258.0,24.0,0.3700,62.7,23.8,0.260,149,26,10,8,88.5,54.0,74.6,54.6,249,1170,"[2-11,15-28,33-34,36-77,79-159]","[789-790,792-794,796-816]","[50,119,121,146-148,154-155,157,159]","[801,805-806,808-809,812-813,815]",ANP32A___RBM33_unrelaxed_rank_001_alphafold2_multimer_v3_model_3_seed_000.pdb
ANP32A___RBM33,2,1,A,B,0.0000,0.0,0.0,0.0000,0.4795,0.0290,0.0000,17.0,0.0,0.3500,63.6,23.1,0.260,11,5,0,0,88.9,54.3,,,249,1170,"[20,23,25,49-50,67,69,91,132,148-149]","[800,805-806,808,811]",,,ANP32A___RBM33_unrelaxed_rank_002_alphafold2_multimer_v3_model_1_seed_000.pdb
ANP32A___RBM33,3,4,A,B,0.0208,56.5,1.2,0.0000,0.5213,0.0178,0.0242,355.0,9.0,0.3500,64.2,22.9,0.260,96,16,6,5,90.3,55.2,85.1,54.6,249,1170,"[5-9,16,19-27,41,43,45-48,50-53,55,61,63,65-73,75-76,80-83,86,88-92,94,98-101,107-112,114,116,118,120-122,124-128,130-145,147-155]",[801-816],"[50,73,94,121,147-148]","[801,804,808,811-812]",ANP32A___RBM33_unrelaxed_rank_003_alphafold2_multimer_v3_model_4_seed_000.pdb
ANP32A___RBM33,4,5,A,B,0.0000,0.0,0.0,0.0000,0.4560,0.0029,0.0000,1.0,0.0,0.3200,64.7,24.1,0.250,1,1,0,0,94.8,53.2,,,249,1170,[81],[808],,,ANP32A___RBM33_unrelaxed_rank_004_alphafold2_multimer_v3_model_5_seed_000.pdb
ANP32A___RBM33,5,2,A,B,0.0000,0.0,0.0,0.0000,0.2781,0.0000,0.0000,0.0,0.0,0.2200,66.2,23.6,0.250,0,0,0,0,,,,,249,1170,,,,,ANP32A___RBM33_unrelaxed_rank_005_alphafold2_multimer_v3_model_2_seed_000.pdb
ATP5PD___CSTB,1,4,A,B,0.0000,0.0,0.0,0.0000,0.1675,0.0000,0.0000,0.0,0.0,0.1300,35.8,74.7,0.410,0,0,0,0,,,,,161,98,,,,,ATP5PD___CSTB_unrelaxed_rank_001_alphafold2_multimer_v3_model_4_seed_000.pdb
ATP5PD___CSTB,2,3,A,B,0.0000,0.0,0.0,0.0000,0.1646,0.0108,0.0000,1.0,0.0,0.1300,33.9,65.3,0.370,1,1,0,0,33.9,53.8,,,161,98,[132],[51],,,ATP5PD___CSTB_unrelaxed_rank_002_alphafold2_multimer_v3_model_3_seed_000.pdb
ATP5PD___CSTB,3,5,A,B,0.0000,0.0,0.0,0.0000,0.1386,0.0000,0.0000,0.0,0.0,0.1200,32.7,69.3,0.380,0,0,0,0,,,,,161,98,,,,,ATP5PD___CSTB_unrelaxed_rank_003_alphafold2_multimer_v3_model_5_seed_000.pdb
ATP5PD___CSTB,4,2,A,B,0.0000,0.0,0.0,0.0000,0.1388,0.0000,0.0000,0.0,0.0,0.1200,48.1,71.3,0.360,0,0,0,0,,,,,161,98,,,,,ATP5PD___CSTB_unrelaxed_rank_004_alphafold2_multimer_v3_model_2_seed_000.pdb
ATP5PD___CSTB,5,1,A,B,0.0000,0.0,0.0,0.0000,0.0960,0.0000,0.0000,0.0,0.0,0.1000,36.9,73.8,0.380,0,0,0,0,,,,,161,98,,,,,ATP5PD___CSTB_unrelaxed_rank_005_alphafold2_multimer_v3_model_1_seed_000.pdb
ATP5PD___DDX17,1,1,A,B,0.0000,0.0,0.0,0.0000,0.1651,0.0000,0.0000,0.0,0.0,0.1700,46.5,59.8,0.410,0,0,0,0,,,,,161,729,,,,,ATP5PD___DDX17_unrelaxed_rank_001_alphafold2_multimer_v3_model_1_seed_000.pdb
ATP5PD___DDX17,2,5,A,B,0.0000,0.0,0.0,0.0000,0.1901,0.0000,0.0000,0.0,0.0,0.1600,67.1,59.6,0.410,0,0,0,0,,,,,161,729,,,,,ATP5PD___DDX17_unrelaxed_rank_002_alphafold2_multimer_v3_model_5_seed_000.pdb
ATP5PD___DDX17,3,4,A,B,0.0000,0.0,0.0,0.0000,0.1499,0.0000,0.0000,0.0,0.0,0.1400,64.6,59.1,0.400,0,0,0,0,,,,,161,729,,,,,ATP5PD___DDX17_unrelaxed_rank_003_alphafold2_multimer_v3_model_4_seed_000.pdb
ATP5PD___DDX17,4,3,A,B,0.0000,0.0,0.0,0.0000,0.1384,0.0000,0.0000,0.0,0.0,0.1400,68.3,60.1,0.420,0,0,0,0,,,,,161,729,,,,,ATP5PD___DDX17_unrelaxed_rank_004_alphafold2_multimer_v3_model_3_seed_000.pdb
ATP5PD___DDX17,5,2,A,B,0.0000,0.0,0.0,0.0000,0.1482,0.0000,0.0000,0.0,0.0,0.1400,63.3,59.9,0.400,0,0,0,0,,,,,161,729,,,,,ATP5PD___DDX17_unrelaxed_rank_005_alphafold2_multimer_v3_model_2_seed_000.pdb
ATP5PD___NONO,1,1,A,B,0.0000,0.0,0.0,0.0000,0.1119,0.0000,0.0000,0.0,0.0,0.1100,37.9,65.2,0.430,0,0,0,0,,,,,161,471,,,,,ATP5PD___NONO_unrelaxed_rank_001_alphafold2_multimer_v3_model_1_seed_000.pdb
ATP5PD___NONO,2,4,A,B,0.0000,0.0,0.0,0.0000,0.1557,0.0000,0.0000,0.0,0.0,0.1100,40.8,59.3,0.400,0,0,0,0,,,,,161,471,,,,,ATP5PD___NONO_unrelaxed_rank_002_alphafold2_multimer_v3_model_4_seed_000.pdb
ATP5PD___NONO,3,3,A,B,0.0000,0.0,0.0,0.0000,0.1013,0.0000,0.0000,0.0,0.0,0.1000,61.4,63.2,0.430,0,0,0,0,,,,,161,471,,,,,ATP5PD___NONO_unrelaxed_rank_003_alphafold2_multimer_v3_model_3_seed_000.pdb
ATP5PD___NONO,4,5,A,B,0.0000,0.0,0.0,0.0000,0.0974,0.0000,0.0000,0.0,0.0,0.1000,52.3,62.3,0.420,0,0,0,0,,,,,161,471,,,,,ATP5PD___NONO_unrelaxed_rank_004_alphafold2_multimer_v3_model_5_seed_000.pdb
ATP5PD___NONO,5,2,A,B,0.0000,0.0,0.0,0.0000,0.0955,0.0000,0.0000,0.0,0.0,0.0900,47.3,62.3,0.410,0,0,0,0,,,,,161,471,,,,,ATP5PD___NONO_unrelaxed_rank_005_alphafold2_multimer_v3_model_2_seed_000.pdb
ATP5PD___U2SURP,1,5,A,B,0.0000,0.0,0.0,0.0000,0.2709,0.0000,0.0000,0.0,0.0,0.2000,70.6,49.1,0.290,0,0,0,0,,,,,161,1029,,,,,ATP5PD___U2SURP_unrelaxed_rank_001_alphafold2_multimer_v3_model_5_seed_000.pdb
ATP5PD___U2SURP,2,1,A,B,0.0000,0.0,0.0,0.0000,0.2424,0.0000,0.0000,0.0,0.0,0.1800,63.0,50.3,0.290,0,0,0,0,,,,,161,1029,,,,,ATP5PD___U2SURP_unrelaxed_rank_002_alphafold2_multimer_v3_model_1_seed_000.pdb
ATP5PD___U2SURP,3,3,A,B,0.0000,0.0,0.0,0.0000,0.1745,0.0000,0.0000,0.0,0.0,0.1600,71.7,48.7,0.280,0,0,0,0,,,,,161,1029,,,,,ATP5PD___U2SURP_unrelaxed_rank_003_alphafold2_multimer_v3_model_3_seed_000.pdb
ATP5PD___U2SURP,4,4,A,B,0.0000,0.0,0.0,0.0000,0.1639,0.0000,0.0000,0.0,0.0,0.1600,67.2,46.4,0.280,0,0,0,0,,,,,161,1029,,,,,ATP5PD___U2SURP_unrelaxed_rank_004_alphafold2_multimer_v3_model_4_seed_000.pdb
ATP5PD___U2SURP,5,2,A,B,0.0000,0.0,0.0,0.0000,0.1687,0.0000,0.0000,0.0,0.0,0.1600,67.1,50.4,0.290,0,0,0,0,,,,,161,1029,,,,,ATP5PD___U2SURP_unrelaxed_rank_005_alphafold2_multimer_v3_model_2_seed_000.pdb
ATXN2L___FUBP3,1,1,A,B,0.0000,0.0,0.0,0.0000,0.1957,0.0000,0.0000,0.0,0.0,0.1800,24.0,46.9,0.220,0,0,0,0,,,,,1075,572,,,,,ATXN2L___FUBP3_unrelaxed_rank_001_alphafold2_multimer_v3_model_1_seed_000.pdb
ATXN2L___FUBP3,2,4,A,B,0.0000,0.0,0.0,0.0000,0.2246,0.0000,0.0000,0.0,0.0,0.1700,22.9,43.8,0.220,0,0,0,0,,,,,1075,572,,,,,ATXN2L___FUBP3_unrelaxed_rank_002_alphafold2_multimer_v3_model_4_seed_000.pdb
ATXN2L___FUBP3,3,2,A,B,0.0000,0.0,0.0,0.0000,0.1756,0.0000,0.0000,0.0,0.0,0.1700,24.2,51.2,0.220,0,0,0,0,,,,,1075,572,,,,,ATXN2L___FUBP3_unrelaxed_rank_003_alphafold2_multimer_v3_model_2_seed_000.pdb
ATXN2L___FUBP3,4,5,A,B,0.0000,0.0,0.0,0.0000,0.1530,0.0000,0.0000,0.0,0.0,0.1700,25.4,48.5,0.220,0,0,0,0,,,,,1075,572,,,,,ATXN2L___FUBP3_unrelaxed_rank_004_alphafold2_multimer_v3_model_5_seed_000.pdb
ATXN2L___FUBP3,5,3,A,B,0.0000,0.0,0.0,0.0000,0.1957,0.0000,0.0000,0.0,0.0,0.1600,23.9,44.6,0.210,0,0,0,0,,,,,1075,572,,,,,ATXN2L___FUBP3_unrelaxed_rank_005_alphafold2_multimer_v3_model_3_seed_000.pdb
CCAR2___GFP,1,3,A,B,0.0000,0.0,0.0,0.0000,0.1805,0.0000,0.0000,0.0,0.0,0.2400,55.3,86.2,0.450,0,0,0,0,,,,,923,238,,,,,CCAR2___GFP_unrelaxed_rank_001_alphafold2_multimer_v3_model_3_seed_000.pdb
CCAR2___GFP,2,4,A,B,0.0000,0.0,0.0,0.0000,0.1735,0.0000,0.0000,0.0,0.0,0.2200,55.3,84.8,0.450,0,0,0,0,,,,,923,238,,,,,CCAR2___GFP_unrelaxed_rank_002_alphafold2_multimer_v3_model_4_seed_000.pdb
CCAR2___GFP,3,5,A,B,0.0000,0.0,0.0,0.0000,0.1638,0.0000,0.0000,0.0,0.0,0.2100,56.1,86.8,0.450,0,0,0,0,,,,,923,238,,,,,CCAR2___GFP_unrelaxed_rank_003_alphafold2_multimer_v3_model_5_seed_000.pdb
CCAR2___GFP,4,2,A,B,0.0000,0.0,0.0,0.0000,0.1662,0.0000,0.0000,0.0,0.0,0.2000,56.7,87.5,0.450,0,0,0,0,,,,,923,238,,,,,CCAR2___GFP_unrelaxed_rank_004_alphafold2_multimer_v3_model_2_seed_000.pdb
CCAR2___GFP,5,1,A,B,0.0000,0.0,0.0,0.0000,0.1510,0.0000,0.0000,0.0,0.0,0.1900,55.9,86.7,0.440,0,0,0,0,,,,,923,238,,,,,CCAR2___GFP_unrelaxed_rank_005_alphafold2_multimer_v3_model_1_seed_000.pdb
CCAR2___RBM4,1,3,A,B,0.0000,0.0,0.0,0.0000,0.1851,0.0000,0.0000,0.0,0.0,0.1800,57.4,37.8,0.430,0,0,0,0,,,,,923,364,,,,,CCAR2___RBM4_unrelaxed_rank_001_alphafold2_multimer_v3_model_3_seed_000.pdb
CCAR2___RBM4,2,2,A,B,0.0000,0.0,0.0,0.0000,0.1527,0.0000,0.0000,0.0,0.0,0.1700,59.8,42.0,0.440,0,0,0,0,,,,,923,364,,,,,CCAR2___RBM4_unrelaxed_rank_002_alphafold2_multimer_v3_model_2_seed_000.pdb
CCAR2___RBM4,3,1,A,B,0.0000,0.0,0.0,0.0000,0.1784,0.0000,0.0000,0.0,0.0,0.1700,58.3,39.4,0.430,0,0,0,0,,,,,923,364,,,,,CCAR2___RBM4_unrelaxed_rank_003_alphafold2_multimer_v3_model_1_seed_000.pdb
CCAR2___RBM4,4,4,A,B,0.0000,0.0,0.0,0.0000,0.1921,0.0000,0.0000,0.0,0.0,0.1700,56.8,38.2,0.420,0,0,0,0,,,,,923,364,,,,,CCAR2___RBM4_unrelaxed_rank_004_alphafold2_multimer_v3_model_4_seed_000.pdb
CCAR2___RBM4,5,5,A,B,0.0000,0.0,0.0,0.0000,0.1701,0.0000,0.0000,0.0,0.0,0.1700,58.8,40.4,0.440,0,0,0,0,,,,,923,364,,,,,CCAR2___RBM4_unrelaxed_rank_005_alphafold2_multimer_v3_model_5_seed_000.pdb
CCAR2___XRN2,1,4,A,B,0.0000,0.0,0.0,0.0000,0.4256,0.0000,0.0000,0.0,0.0,0.2200,49.6,68.9,0.480,0,0,0,0,,,,,923,950,,,,,CCAR2___XRN2_unrelaxed_rank_001_alphafold2_multimer_v3_model_4_seed_000.pdb
CCAR2___XRN2,2,3,A,B,0.0000,0.0,0.0,0.0000,0.4371,0.0000,0.0000,0.0,0.0,0.2200,51.2,68.4,0.480,0,0,0,0,,,,,923,950,,,,,CCAR2___XRN2_unrelaxed_rank_002_alphafold2_multimer_v3_model_3_seed_000.pdb
CCAR2___XRN2,3,1,A,B,0.0000,0.0,0.0,0.0000,0.4979,0.0000,0.0000,0.0,0.0,0.2200,50.2,68.4,0.470,0,0,0,0,,,,,923,950,,,,,CCAR2___XRN2_unrelaxed_rank_003_alphafold2_multimer_v3_model_1_seed_000.pdb
CCAR2___XRN2,4,2,A,B,0.0000,0.0,0.0,0.0000,0.3958,0.0000,0.0000,0.0,0.0,0.2200,53.1,70.2,0.480,0,0,0,0,,,,,923,950,,,,,CCAR2___XRN2_unrelaxed_rank_004_alphafold2_multimer_v3_model_2_seed_000.pdb
CCAR2___XRN2,5,5,A,B,0.0000,0.0,0.0,0.0000,0.2254,0.0000,0.0000,0.0,0.0,0.1900,51.2,69.7,0.470,0,0,0,0,,,,,923,950,,,,,CCAR2___XRN2_unrelaxed_rank_005_alphafold2_multimer_v3_model_5_seed_000.pdb
CCNT1___FUBP3,1,1,A,B,0.3598,658.6,236.9,0.3329,0.9381,0.2941,0.4401,6196.0,70.0,0.3600,42.9,46.5,0.360,241,33,26,20,86.8,39.8,81.6,42.6,726,572,"[7-114,124-256]","[22-23,26-27,30,48-55,512-531]","[55-57,152,154-155,158-160,163-164,173,175,203,206-207,213,215-217,219,221,224-225,238,242]","[22-23,26-27,30,48,51-54,516-517,519-521,523-525,527-528]",CCNT1___FUBP3_unrelaxed_rank_001_alphafold2_multimer_v3_model_1_seed_000.pdb
CCNT1___FUBP3,2,5,A,B,0.3236,455.7,147.5,0.1766,0.8540,0.2388,0.4386,4614.0,45.0,0.3400,43.5,46.9,0.340,237,19,10,11,89.5,44.5,80.1,49.1,726,572,"[9-113,123-251,253-255]",[540-558],"[159,163-164,213,215-217,221,224-225]","[543-548,550-552,554-555]",CCNT1___FUBP3_unrelaxed_rank_002_alphafold2_multimer_v3_model_5_seed_000.pdb
CCNT1___FUBP3,3,3,A,B,0.0090,7.1,0.1,0.0000,0.4707,0.0130,0.0062,51.0,1.0,0.2300,42.6,45.6,0.330,33,7,1,1,87.5,36.1,86.6,37.3,726,572,"[18,34,49,52,54,58,61,69,91-92,94,130,143,149-150,153-154,156,158-159,171-172,174,176,191-194,197,221,233-234,241]",[47-53],[154],[53],CCNT1___FUBP3_unrelaxed_rank_003_alphafold2_multimer_v3_model_3_seed_000.pdb
CCNT1___FUBP3,4,4,A,B,0.0000,0.0,0.0,0.0000,0.3701,0.0000,0.0000,0.0,0.0,0.2200,40.9,41.2,0.340,0,0,0,0,,,,,726,572,,,,,CCNT1___FUBP3_unrelaxed_rank_004_alphafold2_multimer_v3_model_4_seed_000.pdb
CCNT1___FUBP3,5,2,A,B,0.0000,0.0,0.0,0.0000,0.3969,0.0000,0.0000,0.0,0.0,0.2000,44.4,46.3,0.330,0,0,0,0,,,,,726,572,,,,,CCNT1___FUBP3_unrelaxed_rank_005_alphafold2_multimer_v3_model_2_seed_000.pdb
CCNT1___SF3A3,1,5,A,B,0.0273,19.4,0.5,0.0000,0.5165,0.0431,0.0173,94.0,4.0,0.3200,42.5,74.9,0.390,36,12,4,2,89.4,63.6,81.4,56.8,726,501,"[39,48,52,58,61,65,85-86,88-94,98-101,103-105,108,129-131,133-141,143]","[344,346-355,396]","[92-94,99]","[350,396]",CCNT1___SF3A3_unrelaxed_rank_001_alphafold2_multimer_v3_model_5_seed_000.pdb
CCNT1___SF3A3,2,1,A,B,0.0359,47.0,1.7,0.0121,0.5510,0.0275,0.0469,138.0,16.0,0.2400,42.6,73.7,0.350,86,7,8,5,88.6,44.3,82.1,44.6,726,501,"[14,34,37-40,44-58,60-62,65-70,72-73,77-78,82-86,90-91,93-111,125-132,135-150,152,156]",[393-399],"[90,93-94,98,137,141,146,148]","[393-396,399]",CCNT1___SF3A3_unrelaxed_rank_002_alphafold2_multimer_v3_model_1_seed_000.pdb
CCNT1___SF3A3,3,2,A,B,0.0000,0.0,0.0,0.0000,0.2233,0.0000,0.0000,0.0,0.0,0.1500,44.3,75.5,0.320,0,0,0,0,,,,,726,501,,,,,CCNT1___SF3A3_unrelaxed_rank_003_alphafold2_multimer_v3_model_2_seed_000.pdb
CCNT1___SF3A3,4,4,A,B,0.0000,0.0,0.0,0.0000,0.1656,0.0000,0.0000,0.0,0.0,0.1500,41.8,71.3,0.320,0,0,0,0,,,,,726,501,,,,,CCNT1___SF3A3_unrelaxed_rank_004_alphafold2_multimer_v3_model_4_seed_000.pdb
CCNT1___SF3A3,5,3,A,B,0.0000,0.0,0.0,0.0000,0.1561,0.0000,0.0000,0.0,0.0,0.1400,42.8,73.8,0.330,0,0,0,0,,,,,726,501,,,,,CCNT1___SF3A3_unrelaxed_rank_005_alphafold2_multimer_v3_model_3_seed_000.pdb
CDC37___CDC5L,1,2,A,B,0.0000,0.0,0.0,0.0000,0.3167,0.0000,0.0000,0.0,0.0,0.1800,65.5,52.2,0.250,0,0,0,0,,,,,378,802,,,,,CDC37___CDC5L_unrelaxed_rank_001_alphafold2_multimer_v3_model_2_seed_000.pdb
CDC37___CDC5L,2,3,A,B,0.0000,0.0,0.0,0.0000,0.3324,0.0000,0.0000,0.0,0.0,0.1600,67.2,56.6,0.270,0,0,0,0,,,,,378,802,,,,,CDC37___CDC5L_unrelaxed_rank_002_alphafold2_multimer_v3_model_3_seed_000.pdb
CDC37___CDC5L,3,1,A,B,0.0000,0.0,0.0,0.0000,0.1614,0.0000,0.0000,0.0,0.0,0.1500,66.8,56.6,0.250,0,0,0,0,,,,,378,802,,,,,CDC37___CDC5L_unrelaxed_rank_003_alphafold2_multimer_v3_model_1_seed_000.pdb
CDC37___CDC5L,4,4,A,B,0.0000,0.0,0.0,0.0000,0.1554,0.0000,0.0000,0.0,0.0,0.1400,63.7,50.1,0.250,0,0,0,0,,,,,378,802,,,,,CDC37___CDC5L_unrelaxed_rank_004_alphafold2_multimer_v3_model_4_seed_000.pdb
CDC37___CDC5L,5,5,A,B,0.0000,0.0,0.0,0.0000,0.1258,0.0000,0.0000,0.0,0.0,0.1400,65.9,56.4,0.260,0,0,0,0,,,,,378,802,,,,,CDC37___CDC5L_unrelaxed_rank_005_alphafold2_multimer_v3_model_5_seed_000.pdb
CDC37___PSPC1,1,1,A,B,0.0000,0.0,0.0,0.0000,0.1393,0.0000,0.0000,0.0,0.0,0.1300,66.1,59.5,0.340,0,0,0,0,,,,,378,523,,,,,CDC37___PSPC1_unrelaxed_rank_001_alphafold2_multimer_v3_model_1_seed_000.pdb
CDC37___PSPC1,2,2,A,B,0.0000,0.0,0.0,0.0000,0.1695,0.0000,0.0000,0.0,0.0,0.1300,66.8,57.5,0.340,0,0,0,0,,,,,378,523,,,,,CDC37___PSPC1_unrelaxed_rank_002_alphafold2_multimer_v3_model_2_seed_000.pdb
CDC37___PSPC1,3,5,A,B,0.0000,0.0,0.0,0.0000,0.1139,0.0000,0.0000,0.0,0.0,0.1200,63.5,56.7,0.340,0,0,0,0,,,,,378,523,,,,,CDC37___PSPC1_unrelaxed_rank_003_alphafold2_multimer_v3_model_5_seed_000.pdb
CDC37___PSPC1,4,4,A,B,0.0000,0.0,0.0,0.0000,0.1189,0.0000,0.0000,0.0,0.0,0.1200,62.8,55.6,0.330,0,0,0,0,,,,,378,523,,,,,CDC37___PSPC1_unrelaxed_rank_004_alphafold2_multimer_v3_model_4_seed_000.pdb
CDC37___PSPC1,5,3,A,B,0.0000,0.0,0.0,0.0000,0.1101,0.0000,0.0000,0.0,0.0,0.1100,63.8,56.8,0.340,0,0,0,0,,,,,378,523,,,,,CDC37___PSPC1_unrelaxed_rank_005_alphafold2_multimer_v3_model_3_seed_000.pdb
CDC5L___GFP,1,4,A,B,0.0000,0.0,0.0,0.0000,0.0000,0.0000,0.0000,0.0,0.0,0.1600,53.3,88.7,0.300,0,0,0,0,,,,,802,238,,,,,CDC5L___GFP_unrelaxed_rank_001_alphafold2_multimer_v3_model_4_seed_000.pdb
CDC5L___GFP,2,1,A,B,0.0000,0.0,0.0,0.0000,0.1259,0.0000,0.0000,0.0,0.0,0.1500,58.1,87.0,0.310,0,0,0,0,,,,,802,238,,,,,CDC5L___GFP_unrelaxed_rank_002_alphafold2_multimer_v3_model_1_seed_000.pdb
CDC5L___GFP,3,5,A,B,0.0000,0.0,0.0,0.0000,0.1275,0.0000,0.0000,0.0,0.0,0.1500,55.6,87.5,0.310,0,0,0,0,,,,,802,238,,,,,CDC5L___GFP_unrelaxed_rank_003_alphafold2_multimer_v3_model_5_seed_000.pdb
CDC5L___GFP,4,2,A,B,0.0000,0.0,0.0,0.0000,0.1261,0.0000,0.0000,0.0,0.0,0.1400,55.6,88.1,0.310,0,0,0,0,,,,,802,238,,,,,CDC5L___GFP_unrelaxed_rank_004_alphafold2_multimer_v3_model_2_seed_000.pdb
CDC5L___GFP,5,3,A,B,0.0000,0.0,0.0,0.0000,0.1181,0.0000,0.0000,0.0,0.0,0.1300,59.2,88.1,0.300,0,0,0,0,,,,,802,238,,,,,CDC5L___GFP_unrelaxed_rank_005_alphafold2_multimer_v3_model_3_seed_000.pdb
CDK4___SLC3A2,1,4,A,B,0.0000,0.0,0.0,0.0000,0.1473,0.0000,0.0000,0.0,0.0,0.2100,70.1,66.7,0.530,0,0,0,0,,,,,303,630,,,,,CDK4___SLC3A2_unrelaxed_rank_001_alphafold2_multimer_v3_model_4_seed_000.pdb
CDK4___SLC3A2,2,2,A,B,0.0000,0.0,0.0,0.0000,0.1371,0.0000,0.0000,0.0,0.0,0.1900,73.5,68.2,0.520,0,0,0,0,,,,,303,630,,,,,CDK4___SLC3A2_unrelaxed_rank_002_alphafold2_multimer_v3_model_2_seed_000.pdb
CDK4___SLC3A2,3,1,A,B,0.0000,0.0,0.0,0.0000,0.2639,0.0000,0.0000,0.0,0.0,0.1900,75.5,69.3,0.520,0,0,0,0,,,,,303,630,,,,,CDK4___SLC3A2_unrelaxed_rank_003_alphafold2_multimer_v3_model_1_seed_000.pdb
CDK4___SLC3A2,4,5,A,B,0.0000,0.0,0.0,0.0000,0.1380,0.0000,0.0000,0.0,0.0,0.1700,74.0,67.1,0.510,0,0,0,0,,,,,303,630,,,,,CDK4___SLC3A2_unrelaxed_rank_004_alphafold2_multimer_v3_model_5_seed_000.pdb
CDK4___SLC3A2,5,3,A,B,0.0000,0.0,0.0,0.0000,0.1229,0.0000,0.0000,0.0,0.0,0.1500,73.8,66.4,0.500,0,0,0,0,,,,,303,630,,,,,CDK4___SLC3A2_unrelaxed_rank_005_alphafold2_multimer_v3_model_3_seed_000.pdb
CDK4___ZFR,1,3,A,B,0.0804,93.7,7.5,0.0148,0.5435,0.0643,0.1004,676.0,13.0,0.5300,80.0,45.0,0.340,142,21,7,7,91.0,65.7,79.1,59.8,303,1074,"[70-71,100-104,106,114,116-127,129-132,134-149,153-156,171,175-189,191-227,229-235,237-238,245-246,248-250,254-255,257,261,264,267-286,288-290,292,294]","[501,503-505,564,604-619]","[171,177-179,189,215,217]","[503-504,612-616]",CDK4___ZFR_unrelaxed_rank_001_alphafold2_multimer_v3_model_3_seed_000.pdb
CDK4___ZFR,2,2,A,B,0.0000,0.0,0.0,0.0000,0.3902,0.0019,0.0000,2.0,0.0,0.4000,81.5,45.0,0.360,2,2,0,0,92.4,61.6,,,303,1074,"[211,232]","[613,616]",,,CDK4___ZFR_unrelaxed_rank_002_alphafold2_multimer_v3_model_2_seed_000.pdb
CDK4___ZFR,3,1,A,B,0.0000,0.0,0.0,0.0000,0.3166,0.0000,0.0000,0.0,0.0,0.2400,81.3,45.3,0.350,0,0,0,0,,,,,303,1074,,,,,CDK4___ZFR_unrelaxed_rank_003_alphafold2_multimer_v3_model_1_seed_000.pdb
CDK4___ZFR,4,5,A,B,0.0000,0.0,0.0,0.0000,0.2102,0.0000,0.0000,0.0,0.0,0.2000,74.3,42.8,0.340,0,0,0,0,,,,,303,1074,,,,,CDK4___ZFR_unrelaxed_rank_004_alphafold2_multimer_v3_model_5_seed_000.pdb
CDK4___ZFR,5,4,A,B,0.0000,0.0,0.0,0.0000,0.1932,0.0000,0.0000,0.0,0.0,0.2000,75.1,42.6,0.340,0,0,0,0,,,,,303,1074,,,,,CDK4___ZFR_unrelaxed_rank_005_alphafold2_multimer_v3_model_4_seed_000.pdb
CHERP___DHX15,1,5,A,B,0.5584,4648.1,2595.5,0.7536,0.9874,0.4094,0.7617,64685.0,334.0,0.7700,46.2,80.5,0.500,68,684,43,62,73.4,91.1,80.6,90.0,916,795,[832-899],[112-795],"[834,836-839,842-846,848-849,851-854,856,858-862,865-878,882-888]","[327-333,439-441,444,446-451,455,457-460,484-486,489,493-494,499,503-504,520-527,529-538,540-541,544-545,549,551-553,717,741-743,770]",CHERP___DHX15_unrelaxed_rank_001_alphafold2_multimer_v3_model_5_seed_000.pdb
CHERP___DHX15,2,3,A,B,0.5356,4945.4,2648.8,0.7450,0.9896,0.3904,0.7349,67560.0,362.0,0.7600,46.8,80.5,0.510,85,684,51,67,71.6,91.0,78.2,89.6,916,795,"[644-651,653,671,830-904]",[112-795],"[646,648-649,831-832,834-839,842-849,851-854,856,858-862,865-879,882-888]","[327-333,439-441,444,446-451,455,457-460,484-489,493-494,499,503-504,520-527,529-538,540-541,544-545,549,551-553,716,718,741-745,770]",CHERP___DHX15_unrelaxed_rank_002_alphafold2_multimer_v3_model_3_seed_000.pdb
CHERP___DHX15,3,4,A,B,0.5571,4830.4,2691.1,0.7564,0.9904,0.4053,0.7658,68025.0,343.0,0.7600,45.9,79.7,0.500,73,683,46,64,73.3,90.1,79.1,89.8,916,795,[830-902],[113-795],"[831-832,834-839,842-849,851-854,856,858-862,865-871,873-878,882-888]","[327-333,439-441,444,446-451,455,457-460,484-486,489,493-494,499,503-504,520-527,529-538,540-541,544-545,549,551-553,716,718,741-743,745,770]",CHERP___DHX15_unrelaxed_rank_003_alphafold2_multimer_v3_model_4_seed_000.pdb
CHERP___DHX15,4,2,A,B,0.5305,4746.2,2517.7,0.7156,0.9890,0.3763,0.7478,66843.0,337.0,0.7500,47.3,80.4,0.490,73,682,45,64,74.8,90.9,79.7,90.4,916,795,[831-903],[114-795],"[831-832,834,836-839,842-846,848-849,851-854,856,858-862,865-871,873-879,882-888]","[327-333,439-441,444,446-451,455,457-460,484-486,489,493-494,499,503-504,520-527,529-538,540-541,544-545,549,551-553,717-718,741-743,745,770]",CHERP___DHX15_unrelaxed_rank_004_alphafold2_multimer_v3_model_2_seed_000.pdb
CHERP___DHX15,5,1,A,B,0.5360,4693.4,2515.5,0.7175,0.9899,0.3795,0.7569,63298.0,348.0,0.7500,45.6,79.9,0.490,70,682,46,63,73.2,90.4,79.9,89.0,916,795,[831-900],[114-795],"[832,834-839,842-849,851-854,856,858-862,865-878,882-888]","[327-333,439-441,444,446-451,455,457-460,484-486,489,493-494,499,503-504,520-527,529-538,540-541,544-545,549,551-553,717-718,741-743,770]",CHERP___DHX15_unrelaxed_rank_005_alphafold2_multimer_v3_model_1_seed_000.pdb
CIZ1___CDK4,1,2,A,B,0.0708,117.4,8.3,0.0124,0.5507,0.0669,0.0748,726.0,19.0,0.4300,24.5,77.4,0.350,8,202,6,13,32.6,86.4,33.7,70.5,898,303,[731-738],"[31-39,51-53,55-78,87-96,98-106,112-150,152-158,160-162,179-235,237-238,246,249,256-258,260-262,264-294]",[732-737],"[37,56,59-60,135-140,158,160,162]",CIZ1___CDK4_unrelaxed_rank_001_alphafold2_multimer_v3_model_2_seed_000.pdb
CIZ1___CDK4,2,4,A,B,0.0132,13.1,0.2,0.0000,0.5219,0.0114,0.0152,43.0,4.0,0.4100,23.9,72.9,0.360,4,27,3,2,28.0,79.0,28.5,74.8,898,303,[733-736],"[69,101,126,128,130-136,139-140,144-145,147,185,187,196,204,218-220,225,227,229,287]",[734-736],[139-140],CIZ1___CDK4_unrelaxed_rank_002_alphafold2_multimer_v3_model_4_seed_000.pdb
CIZ1___CDK4,3,3,A,B,0.0369,23.0,0.9,0.0000,0.5488,0.0195,0.0699,177.0,3.0,0.2600,24.5,75.7,0.350,4,133,2,2,27.5,87.1,27.9,78.0,898,303,[733-736],"[33-36,38,60,68,70-75,77,88,90-94,99-105,114,116,118-119,121-124,126-131,134,136-149,153-158,179-188,191,193-208,210-213,218-229,232,237,244-246,249,267-274,276-278,280,282-290,292]",[735-736],[139-140],CIZ1___CDK4_unrelaxed_rank_003_alphafold2_multimer_v3_model_3_seed_000.pdb
CIZ1___CDK4,4,5,A,B,0.0135,3.3,0.0,0.0000,0.4837,0.0145,0.0125,11.0,1.0,0.2500,24.2,76.1,0.350,2,9,1,1,28.8,79.0,29.1,77.5,898,303,[734-735],"[60,131,135-137,139-140,142,149]",[735],[139],CIZ1___CDK4_unrelaxed_rank_004_alphafold2_multimer_v3_model_5_seed_000.pdb
CIZ1___CDK4,5,1,A,B,0.0215,4.0,0.1,0.0000,0.4976,0.0215,0.0215,4.0,4.0,0.2400,25.8,73.0,0.360,2,2,2,2,27.0,75.1,27.0,75.1,898,303,[735-736],[139-140],[735-736],[139-140],CIZ1___CDK4_unrelaxed_rank_005_alphafold2_multimer_v3_model_1_seed_000.pdb
CIZ1___RPS12,1,5,A,B,0.0000,0.0,0.0,0.0000,0.3274,0.0000,0.0000,0.0,0.0,0.3800,27.6,77.1,0.240,0,0,0,0,,,,,898,132,,,,,CIZ1___RPS12_unrelaxed_rank_001_alphafold2_multimer_v3_model_5_seed_000.pdb
CIZ1___RPS12,2,4,A,B,0.0000,0.0,0.0,0.0000,0.2751,0.0000,0.0000,0.0,0.0,0.3300,27.5,70.9,0.230,0,0,0,0,,,,,898,132,,,,,CIZ1___RPS12_unrelaxed_rank_002_alphafold2_multimer_v3_model_4_seed_000.pdb
CIZ1___RPS12,3,3,A,B,0.0117,3.9,0.0,0.0000,0.4247,0.0086,0.0158,15.0,1.0,0.2800,29.3,74.9,0.240,2,14,1,1,33.1,74.4,32.1,82.6,898,132,[735-736],"[31,34-36,58,60,63,65,81,92,95,99,102-103]",[736],[34],CIZ1___RPS12_unrelaxed_rank_003_alphafold2_multimer_v3_model_3_seed_000.pdb
CIZ1___RPS12,4,2,A,B,0.0000,0.0,0.0,0.0000,0.2914,0.0000,0.0000,0.0,0.0,0.2400,28.2,79.1,0.230,0,0,0,0,,,,,898,132,,,,,CIZ1___RPS12_unrelaxed_rank_004_alphafold2_multimer_v3_model_2_seed_000.pdb
CIZ1___RPS12,5,1,A,B,0.0000,0.0,0.0,0.0000,0.3117,0.0000,0.0000,0.0,0.0,0.2300,27.7,78.5,0.240,0,0,0,0,,,,,898,132,,,,,CIZ1___RPS12_unrelaxed_rank_005_alphafold2_multimer_v3_model_1_seed_000.pdb
CIZ1___SLC3A2,1,2,A,B,0.0000,0.0,0.0,0.0000,0.1495,0.0000,0.0000,0.0,0.0,0.1800,26.5,70.5,0.400,0,0,0,0,,,,,898,630,,,,,CIZ1___SLC3A2_unrelaxed_rank_001_alphafold2_multimer_v3_model_2_seed_000.pdb
CIZ1___SLC3A2,2,3,A,B,0.0000,0.0,0.0,0.0000,0.1585,0.0000,0.0000,0.0,0.0,0.1700,25.0,69.8,0.390,0,0,0,0,,,,,898,630,,,,,CIZ1___SLC3A2_unrelaxed_rank_002_alphafold2_multimer_v3_model_3_seed_000.pdb
CIZ1___SLC3A2,3,5,A,B,0.0000,0.0,0.0,0.0000,0.1507,0.0000,0.0000,0.0,0.0,0.1700,24.5,69.6,0.390,0,0,0,0,,,,,898,630,,,,,CIZ1___SLC3A2_unrelaxed_rank_003_alphafold2_multimer_v3_model_5_seed_000.pdb
CIZ1___SLC3A2,4,1,A,B,0.0000,0.0,0.0,0.0000,0.1597,0.0000,0.0000,0.0,0.0,0.1700,25.8,69.6,0.390,0,0,0,0,,,,,898,630,,,,,CIZ1___SLC3A2_unrelaxed_rank_004_alphafold2_multimer_v3_model_1_seed_000.pdb
CIZ1___SLC3A2,5,4,A,B,0.0000,0.0,0.0,0.0000,0.1765,0.0000,0.0000,0.0,0.0,0.1600,24.4,69.2,0.380,0,0,0,0,,,,,898,630,,,,,CIZ1___SLC3A2_unrelaxed_rank_005_alphafold2_multimer_v3_model_4_seed_000.pdb
CSTB___CDC37,1,1,A,B,0.0000,0.0,0.0,0.0000,0.1598,0.0000,0.0000,0.0,0.0,0.2100,73.1,70.3,0.420,0,0,0,0,,,,,98,378,,,,,CSTB___CDC37_unrelaxed_rank_001_alphafold2_multimer_v3_model_1_seed_000.pdb
CSTB___CDC37,2,5,A,B,0.0000,0.0,0.0,0.0000,0.1092,0.0000,0.0000,0.0,0.0,0.1400,74.7,65.1,0.410,0,0,0,0,,,,,98,378,,,,,CSTB___CDC37_unrelaxed_rank_002_alphafold2_multimer_v3_model_5_seed_000.pdb
CSTB___CDC37,3,3,A,B,0.0000,0.0,0.0,0.0000,0.1300,0.0000,0.0000,0.0,0.0,0.1300,65.7,65.7,0.420,0,0,0,0,,,,,98,378,,,,,CSTB___CDC37_unrelaxed_rank_003_alphafold2_multimer_v3_model_3_seed_000.pdb
CSTB___CDC37,4,2,A,B,0.0000,0.0,0.0,0.0000,0.0701,0.0000,0.0000,0.0,0.0,0.1100,58.3,70.0,0.420,0,0,0,0,,,,,98,378,,,,,CSTB___CDC37_unrelaxed_rank_004_alphafold2_multimer_v3_model_2_seed_000.pdb
CSTB___CDC37,5,4,A,B,0.0000,0.0,0.0,0.0000,0.0975,0.0000,0.0000,0.0,0.0,0.1100,75.3,67.4,0.410,0,0,0,0,,,,,98,378,,,,,CSTB___CDC37_unrelaxed_rank_005_alphafold2_multimer_v3_model_4_seed_000.pdb
CSTB___DAZAP1,1,1,A,B,0.0000,0.0,0.0,0.0000,0.1693,0.0000,0.0000,0.0,0.0,0.2100,71.8,43.0,0.260,0,0,0,0,,,,,98,407,,,,,CSTB___DAZAP1_unrelaxed_rank_001_alphafold2_multimer_v3_model_1_seed_000.pdb
CSTB___DAZAP1,2,4,A,B,0.0000,0.0,0.0,0.0000,0.1625,0.0000,0.0000,0.0,0.0,0.2000,77.8,40.7,0.270,0,0,0,0,,,,,98,407,,,,,CSTB___DAZAP1_unrelaxed_rank_002_alphafold2_multimer_v3_model_4_seed_000.pdb
CSTB___DAZAP1,3,2,A,B,0.0000,0.0,0.0,0.0000,0.1449,0.0000,0.0000,0.0,0.0,0.1600,74.5,41.2,0.260,0,0,0,0,,,,,98,407,,,,,CSTB___DAZAP1_unrelaxed_rank_003_alphafold2_multimer_v3_model_2_seed_000.pdb
CSTB___DAZAP1,4,5,A,B,0.0000,0.0,0.0,0.0000,0.1055,0.0000,0.0000,0.0,0.0,0.1300,77.4,41.2,0.260,0,0,0,0,,,,,98,407,,,,,CSTB___DAZAP1_unrelaxed_rank_004_alphafold2_multimer_v3_model_5_seed_000.pdb
CSTB___DAZAP1,5,3,A,B,0.0000,0.0,0.0,0.0000,0.1548,0.0000,0.0000,0.0,0.0,0.1400,60.2,39.2,0.240,0,0,0,0,,,,,98,407,,,,,CSTB___DAZAP1_unrelaxed_rank_005_alphafold2_multimer_v3_model_3_seed_000.pdb
CSTB___GFP,1,1,A,B,0.0000,0.0,0.0,0.0000,0.1680,0.0000,0.0000,0.0,0.0,0.1700,68.9,87.6,0.690,0,0,0,0,,,,,98,238,,,,,CSTB___GFP_unrelaxed_rank_001_alphafold2_multimer_v3_model_1_seed_000.pdb
CSTB___GFP,2,4,A,B,0.0000,0.0,0.0,0.0000,0.0848,0.0000,0.0000,0.0,0.0,0.1200,73.6,87.6,0.670,0,0,0,0,,,,,98,238,,,,,CSTB___GFP_unrelaxed_rank_002_alphafold2_multimer_v3_model_4_seed_000.pdb
CSTB___GFP,3,3,A,B,0.0000,0.0,0.0,0.0000,0.0903,0.0000,0.0000,0.0,0.0,0.1200,72.4,88.4,0.670,0,0,0,0,,,,,98,238,,,,,CSTB___GFP_unrelaxed_rank_003_alphafold2_multimer_v3_model_3_seed_000.pdb
CSTB___GFP,4,5,A,B,0.0000,0.0,0.0,0.0000,0.0998,0.0000,0.0000,0.0,0.0,0.1200,76.3,89.0,0.670,0,0,0,0,,,,,98,238,,,,,CSTB___GFP_unrelaxed_rank_004_alphafold2_multimer_v3_model_5_seed_000.pdb
CSTB___GFP,5,2,A,B,0.0000,0.0,0.0,0.0000,0.1034,0.0000,0.0000,0.0,0.0,0.1100,68.9,86.7,0.670,0,0,0,0,,,,,98,238,,,,,CSTB___GFP_unrelaxed_rank_005_alphafold2_multimer_v3_model_2_seed_000.pdb
CSTB___PCCA,1,3,A,B,0.0000,0.0,0.0,0.0000,0.0000,0.0000,0.0000,0.0,0.0,0.1800,80.8,83.1,0.730,0,0,0,0,,,,,98,728,,,,,CSTB___PCCA_unrelaxed_rank_001_alphafold2_multimer_v3_model_3_seed_000.pdb
CSTB___PCCA,2,2,A,B,0.0000,0.0,0.0,0.0000,0.0000,0.0000,0.0000,0.0,0.0,0.1700,79.3,84.3,0.740,0,0,0,0,,,,,98,728,,,,,CSTB___PCCA_unrelaxed_rank_002_alphafold2_multimer_v3_model_2_seed_000.pdb
CSTB___PCCA,3,5,A,B,0.0000,0.0,0.0,0.0000,0.1319,0.0000,0.0000,0.0,0.0,0.1600,78.2,82.9,0.730,0,0,0,0,,,,,98,728,,,,,CSTB___PCCA_unrelaxed_rank_003_alphafold2_multimer_v3_model_5_seed_000.pdb
CSTB___PCCA,4,4,A,B,0.0000,0.0,0.0,0.0000,0.1408,0.0000,0.0000,0.0,0.0,0.1500,69.8,80.6,0.710,0,0,0,0,,,,,98,728,,,,,CSTB___PCCA_unrelaxed_rank_004_alphafold2_multimer_v3_model_4_seed_000.pdb
CSTB___PCCA,5,1,A,B,0.0000,0.0,0.0,0.0000,0.0000,0.0000,0.0000,0.0,0.0,0.1400,74.7,83.6,0.730,0,0,0,0,,,,,98,728,,,,,CSTB___PCCA_unrelaxed_rank_005_alphafold2_multimer_v3_model_1_seed_000.pdb
EPB41___CHERP,1,2,A,B,0.0911,212.3,19.3,0.0142,0.6905,0.0756,0.1098,1366.0,33.0,0.2200,48.4,46.5,0.330,13,170,8,16,37.7,91.3,38.4,88.5,864,916,[659-671],"[131-203,205-299,303,308]","[660-661,663-665,667-668,670]","[168,170,173,212-213,216-217,219-220,222-223,259,262-263,266,270]",EPB41___CHERP_unrelaxed_rank_001_alphafold2_multimer_v3_model_2_seed_000.pdb
EPB41___CHERP,2,3,A,B,0.0000,0.0,0.0,0.0000,0.2998,0.0000,0.0000,0.0,0.0,0.2000,47.7,45.0,0.330,0,0,0,0,,,,,864,916,,,,,EPB41___CHERP_unrelaxed_rank_002_alphafold2_multimer_v3_model_3_seed_000.pdb
EPB41___CHERP,3,5,A,B,0.0000,0.0,0.0,0.0000,0.3185,0.0000,0.0000,0.0,0.0,0.2000,46.8,45.0,0.330,0,0,0,0,,,,,864,916,,,,,EPB41___CHERP_unrelaxed_rank_003_alphafold2_multimer_v3_model_5_seed_000.pdb
EPB41___CHERP,4,1,A,B,0.0000,0.0,0.0,0.0000,0.3579,0.0000,0.0000,0.0,0.0,0.2000,47.9,43.7,0.330,0,0,0,0,,,,,864,916,,,,,EPB41___CHERP_unrelaxed_rank_004_alphafold2_multimer_v3_model_1_seed_000.pdb
EPB41___CHERP,5,4,A,B,0.0000,0.0,0.0,0.0000,0.2743,0.0000,0.0000,0.0,0.0,0.1900,45.7,44.2,0.320,0,0,0,0,,,,,864,916,,,,,EPB41___CHERP_unrelaxed_rank_005_alphafold2_multimer_v3_model_4_seed_000.pdb
EPB41___STIP1,1,2,A,B,0.2326,613.6,142.7,0.0480,0.8732,0.1895,0.2855,3392.0,111.0,0.3400,47.4,79.5,0.350,28,256,20,41,43.0,90.0,46.4,90.4,864,543,"[116-127,658-673]",[220-475],"[117,119-126,659,661-662,664-669,671-672]","[232-233,236,258-260,263-264,266-268,270-271,278,295,297-298,301-302,305,308,361,365,368,371-372,395,398-399,402,405-406,429,432-433,436,439-440,463,466-467]",EPB41___STIP1_unrelaxed_rank_001_alphafold2_multimer_v3_model_2_seed_000.pdb
EPB41___STIP1,2,5,A,B,0.0000,0.0,0.0,0.0000,0.4652,0.0173,0.0000,7.0,0.0,0.2900,46.8,78.9,0.390,4,7,0,0,84.5,83.7,,,864,543,"[440,448,453,486]","[297,300,321,325-326,328-329]",,,EPB41___STIP1_unrelaxed_rank_002_alphafold2_multimer_v3_model_5_seed_000.pdb
EPB41___STIP1,3,3,A,B,0.0000,0.0,0.0,0.0000,0.4389,0.0000,0.0000,0.0,0.0,0.2800,47.4,78.9,0.390,0,0,0,0,,,,,864,543,,,,,EPB41___STIP1_unrelaxed_rank_003_alphafold2_multimer_v3_model_3_seed_000.pdb
EPB41___STIP1,4,4,A,B,0.0000,0.0,0.0,0.0000,0.3185,0.0000,0.0000,0.0,0.0,0.2200,44.4,75.6,0.340,0,0,0,0,,,,,864,543,,,,,EPB41___STIP1_unrelaxed_rank_004_alphafold2_multimer_v3_model_4_seed_000.pdb
EPB41___STIP1,5,1,A,B,0.0000,0.0,0.0,0.0000,0.2973,0.0000,0.0000,0.0,0.0,0.2100,47.6,75.0,0.360,0,0,0,0,,,,,864,543,,,,,EPB41___STIP1_unrelaxed_rank_005_alphafold2_multimer_v3_model_1_seed_000.pdb
FUBP1___CHERP,1,2,A,B,0.3328,482.9,160.7,0.1508,0.9025,0.2563,0.4322,3702.0,63.0,0.2300,45.2,49.4,0.310,44,239,19,24,46.2,84.3,46.3,79.4,644,916,"[25-49,534,536-542,544-545,586,614-619,621-622]","[131,135,138,141-142,144-147,149-150,152-203,206-250,252,255-270,272-274,277-282,284-286,288-294,296,634-727]","[26-27,30-31,34,38,41,44-47,537,540,544-545,586,615,618,622]","[168,170,173,212,216,220,223,256,259,262-263,266,643-645,649-651,676,690-691,694-696]",FUBP1___CHERP_unrelaxed_rank_001_alphafold2_multimer_v3_model_2_seed_000.pdb
FUBP1___CHERP,2,3,A,B,0.3406,335.1,114.2,0.1081,0.8638,0.2514,0.4616,2674.0,42.0,0.2200,42.0,47.1,0.300,23,92,10,12,54.7,69.3,54.1,68.3,644,916,[26-48],[635-726],"[28,30-31,34,38,41,44-47]","[643-645,649-651,676,690-691,694-696]",FUBP1___CHERP_unrelaxed_rank_002_alphafold2_multimer_v3_model_3_seed_000.pdb
FUBP1___CHERP,3,1,A,B,0.0000,0.0,0.0,0.0000,0.4194,0.0000,0.0000,0.0,0.0,0.2100,40.9,46.6,0.300,0,0,0,0,,,,,644,916,,,,,FUBP1___CHERP_unrelaxed_rank_003_alphafold2_multimer_v3_model_1_seed_000.pdb
FUBP1___CHERP,4,5,A,B,0.0000,0.0,0.0,0.0000,0.3615,0.0000,0.0000,0.0,0.0,0.2000,42.6,47.6,0.300,0,0,0,0,,,,,644,916,,,,,FUBP1___CHERP_unrelaxed_rank_004_alphafold2_multimer_v3_model_5_seed_000.pdb
FUBP1___CHERP,5,4,A,B,0.0000,0.0,0.0,0.0000,0.4397,0.0000,0.0000,0.0,0.0,0.1900,41.5,46.8,0.290,0,0,0,0,,,,,644,916,,,,,FUBP1___CHERP_unrelaxed_rank_005_alphafold2_multimer_v3_model_4_seed_000.pdb
FUBP1___RBM33,1,1,A,B,0.0000,0.0,0.0,0.0000,0.2122,0.0000,0.0000,0.0,0.0,0.2100,41.9,21.1,0.230,0,0,0,0,,,,,644,1170,,,,,FUBP1___RBM33_unrelaxed_rank_001_alphafold2_multimer_v3_model_1_seed_000.pdb
FUBP1___RBM33,2,2,A,B,0.0000,0.0,0.0,0.0000,0.2206,0.0000,0.0000,0.0,0.0,0.2000,45.2,23.0,0.220,0,0,0,0,,,,,644,1170,,,,,FUBP1___RBM33_unrelaxed_rank_002_alphafold2_multimer_v3_model_2_seed_000.pdb
FUBP1___RBM33,3,3,A,B,0.0000,0.0,0.0,0.0000,0.1988,0.0000,0.0000,0.0,0.0,0.1900,39.8,22.4,0.210,0,0,0,0,,,,,644,1170,,,,,FUBP1___RBM33_unrelaxed_rank_003_alphafold2_multimer_v3_model_3_seed_000.pdb
FUBP1___RBM33,4,4,A,B,0.0000,0.0,0.0,0.0000,0.2018,0.0000,0.0000,0.0,0.0,0.1800,43.2,21.2,0.210,0,0,0,0,,,,,644,1170,,,,,FUBP1___RBM33_unrelaxed_rank_004_alphafold2_multimer_v3_model_4_seed_000.pdb
FUBP1___RBM33,5,5,A,B,0.0000,0.0,0.0,0.0000,0.1669,0.0000,0.0000,0.0,0.0,0.1800,45.9,23.1,0.210,0,0,0,0,,,,,644,1170,,,,,FUBP1___RBM33_unrelaxed_rank_005_alphafold2_multimer_v3_model_5_seed_000.pdb
FUBP3___U2SURP,1,5,A,B,0.0177,14.3,0.3,0.0000,0.5377,0.0181,0.0172,68.0,3.0,0.2300,46.8,48.9,0.300,6,40,1,3,37.9,88.6,44.0,84.6,572,1029,"[487-491,524]","[376,378,383,416-419,421-422,424-425,428,430-431,433,436-439,445-447,449-450,453,457,461-463,466,468,470,472,475,478,494,503-506]",[488],"[422,424,468]",FUBP3___U2SURP_unrelaxed_rank_001_alphafold2_multimer_v3_model_5_seed_000.pdb
FUBP3___U2SURP,2,3,A,B,0.0000,0.0,0.0,0.0000,0.4633,0.0000,0.0000,0.0,0.0,0.2200,44.1,48.2,0.290,0,0,0,0,,,,,572,1029,,,,,FUBP3___U2SURP_unrelaxed_rank_002_alphafold2_multimer_v3_model_3_seed_000.pdb
FUBP3___U2SURP,3,4,A,B,0.0686,20.4,1.4,0.0110,0.5289,0.0729,0.0646,139.0,3.0,0.2100,43.1,46.4,0.280,7,64,1,3,36.6,85.8,42.4,86.2,572,1029,[487-493],"[376,383,416-419,421-423,425-440,445-450,452-453,457,459-463,466,468-478,480-482,489-490,494-495,497,502-506]",[488],"[422,468-469]",FUBP3___U2SURP_unrelaxed_rank_003_alphafold2_multimer_v3_model_4_seed_000.pdb
FUBP3___U2SURP,4,1,A,B,0.0000,0.0,0.0,0.0000,0.4106,0.0000,0.0000,0.0,0.0,0.2100,43.3,48.7,0.280,0,0,0,0,,,,,572,1029,,,,,FUBP3___U2SURP_unrelaxed_rank_004_alphafold2_multimer_v3_model_1_seed_000.pdb
FUBP3___U2SURP,5,2,A,B,0.0071,1.4,0.0,0.0000,0.5092,0.0052,0.0096,2.0,1.0,0.1900,46.8,50.2,0.290,1,2,1,1,43.0,87.5,43.0,81.6,572,1029,[547],"[443,459]",[547],[443],FUBP3___U2SURP_unrelaxed_rank_005_alphafold2_multimer_v3_model_2_seed_000.pdb
FUS___DDX17,1,5,A,B,0.0113,4.2,0.0,0.0000,0.4280,0.0161,0.0079,18.0,1.0,0.2600,28.5,60.7,0.390,1,18,1,1,44.4,94.5,44.4,87.5,526,729,[522],"[179-180,197,210,237,249,251,257,263,266-267,274,276,279,305,324,354-355]",[522],[237],FUS___DDX17_unrelaxed_rank_001_alphafold2_multimer_v3_model_5_seed_000.pdb
FUS___DDX17,2,3,A,B,0.0000,0.0,0.0,0.0000,0.2863,0.0000,0.0000,0.0,0.0,0.2400,27.3,61.3,0.430,0,0,0,0,,,,,526,729,,,,,FUS___DDX17_unrelaxed_rank_002_alphafold2_multimer_v3_model_3_seed_000.pdb
FUS___DDX17,3,4,A,B,0.0000,0.0,0.0,0.0000,0.2980,0.0000,0.0000,0.0,0.0,0.2300,27.3,59.8,0.390,0,0,0,0,,,,,526,729,,,,,FUS___DDX17_unrelaxed_rank_003_alphafold2_multimer_v3_model_4_seed_000.pdb
FUS___DDX17,4,1,A,B,0.0000,0.0,0.0,0.0000,0.3140,0.0000,0.0000,0.0,0.0,0.1900,27.0,59.9,0.390,0,0,0,0,,,,,526,729,,,,,FUS___DDX17_unrelaxed_rank_004_alphafold2_multimer_v3_model_1_seed_000.pdb
FUS___DDX17,5,2,A,B,0.0000,0.0,0.0,0.0000,0.2497,0.0000,0.0000,0.0,0.0,0.1800,28.8,61.7,0.410,0,0,0,0,,,,,526,729,,,,,FUS___DDX17_unrelaxed_rank_005_alphafold2_multimer_v3_model_2_seed_000.pdb
HMGB1___PTBP1,1,2,A,B,0.0000,0.0,0.0,0.0000,0.1893,0.0000,0.0000,0.0,0.0,0.2000,53.7,64.6,0.340,0,0,0,0,,,,,215,557,,,,,HMGB1___PTBP1_unrelaxed_rank_001_alphafold2_multimer_v3_model_2_seed_000.pdb
HMGB1___PTBP1,2,4,A,B,0.0000,0.0,0.0,0.0000,0.1569,0.0000,0.0000,0.0,0.0,0.1300,61.0,63.4,0.330,0,0,0,0,,,,,215,557,,,,,HMGB1___PTBP1_unrelaxed_rank_002_alphafold2_multimer_v3_model_4_seed_000.pdb
HMGB1___PTBP1,3,1,A,B,0.0000,0.0,0.0,0.0000,0.1141,0.0000,0.0000,0.0,0.0,0.1200,60.3,62.8,0.330,0,0,0,0,,,,,215,557,,,,,HMGB1___PTBP1_unrelaxed_rank_003_alphafold2_multimer_v3_model_1_seed_000.pdb
HMGB1___PTBP1,4,5,A,B,0.0000,0.0,0.0,0.0000,0.1423,0.0000,0.0000,0.0,0.0,0.1200,61.5,65.0,0.330,0,0,0,0,,,,,215,557,,,,,HMGB1___PTBP1_unrelaxed_rank_004_alphafold2_multimer_v3_model_5_seed_000.pdb
HMGB1___PTBP1,5,3,A,B,0.0000,0.0,0.0,0.0000,0.1222,0.0000,0.0000,0.0,0.0,0.1200,62.3,64.0,0.320,0,0,0,0,,,,,215,557,,,,,HMGB1___PTBP1_unrelaxed_rank_005_alphafold2_multimer_v3_model_3_seed_000.pdb
KHSRP___AGAP3,1,5,A,B,0.0000,0.0,0.0,0.0000,0.4610,0.0000,0.0000,0.0,0.0,0.2600,37.6,60.2,0.300,0,0,0,0,,,,,711,875,,,,,KHSRP___AGAP3_unrelaxed_rank_001_alphafold2_multimer_v3_model_5_seed_000.pdb
KHSRP___AGAP3,2,1,A,B,0.0000,0.0,0.0,0.0000,0.4512,0.0185,0.0000,2.0,0.0,0.2300,35.1,57.5,0.300,2,1,0,0,30.6,74.0,,,711,875,"[618,674]",[662],,,KHSRP___AGAP3_unrelaxed_rank_002_alphafold2_multimer_v3_model_1_seed_000.pdb
KHSRP___AGAP3,3,2,A,B,0.0000,0.0,0.0,0.0000,0.4432,0.0000,0.0000,0.0,0.0,0.2200,39.3,61.2,0.300,0,0,0,0,,,,,711,875,,,,,KHSRP___AGAP3_unrelaxed_rank_003_alphafold2_multimer_v3_model_2_seed_000.pdb
KHSRP___AGAP3,4,4,A,B,0.0000,0.0,0.0,0.0000,0.1943,0.0000,0.0000,0.0,0.0,0.1800,33.9,57.8,0.290,0,0,0,0,,,,,711,875,,,,,KHSRP___AGAP3_unrelaxed_rank_004_alphafold2_multimer_v3_model_4_seed_000.pdb
KHSRP___AGAP3,5,3,A,B,0.0000,0.0,0.0,0.0000,0.1783,0.0000,0.0000,0.0,0.0,0.1800,36.3,60.3,0.290,0,0,0,0,,,,,711,875,,,,,KHSRP___AGAP3_unrelaxed_rank_005_alphafold2_multimer_v3_model_3_seed_000.pdb
KHSRP___ANP32A,1,5,A,B,0.6089,1525.5,928.9,0.5633,0.9627,0.5312,0.6981,23041.0,101.0,0.6100,43.7,66.5,0.330,80,163,19,20,82.5,92.0,85.8,81.9,711,249,[140-219],[1-163],"[156-157,160-165,168-169,172,177,179-183,193,195]","[23,25-26,48,50-51,53,70,72-75,96-97,121-122,157,159-160,163]",KHSRP___ANP32A_unrelaxed_rank_001_alphafold2_multimer_v3_model_5_seed_000.pdb
KHSRP___ANP32A,2,4,A,B,0.2813,1554.5,437.2,0.2001,0.8174,0.2143,0.3692,19178.0,126.0,0.4800,38.4,63.5,0.320,74,160,23,25,68.7,88.2,67.9,76.8,711,249,[323-396],[1-160],"[331-332,334-336,338-343,345-347,350,355,357-360,363,368,371]","[21,23,25-26,46,48,50-51,53,70,72-73,75,94,96-99,121-124,157-159]",KHSRP___ANP32A_unrelaxed_rank_002_alphafold2_multimer_v3_model_4_seed_000.pdb
KHSRP___ANP32A,3,1,A,B,0.0000,0.0,0.0,0.0000,0.2882,0.0000,0.0000,0.0,0.0,0.2500,39.6,60.6,0.310,0,0,0,0,,,,,711,249,,,,,KHSRP___ANP32A_unrelaxed_rank_003_alphafold2_multimer_v3_model_1_seed_000.pdb
KHSRP___ANP32A,4,3,A,B,0.0000,0.0,0.0,0.0000,0.2588,0.0000,0.0000,0.0,0.0,0.2400,38.7,61.7,0.300,0,0,0,0,,,,,711,249,,,,,KHSRP___ANP32A_unrelaxed_rank_004_alphafold2_multimer_v3_model_3_seed_000.pdb
KHSRP___ANP32A,5,2,A,B,0.0000,0.0,0.0,0.0000,0.2340,0.0000,0.0000,0.0,0.0,0.2100,41.3,62.1,0.290,0,0,0,0,,,,,711,249,,,,,KHSRP___ANP32A_unrelaxed_rank_005_alphafold2_multimer_v3_model_2_seed_000.pdb
KHSRP___PCCA,1,5,A,B,0.0000,0.0,0.0,0.0000,0.2856,0.0000,0.0000,0.0,0.0,0.2400,36.3,83.0,0.510,0,0,0,0,,,,,711,728,,,,,KHSRP___PCCA_unrelaxed_rank_001_alphafold2_multimer_v3_model_5_seed_000.pdb
KHSRP___PCCA,2,4,A,B,0.0000,0.0,0.0,0.0000,0.2772,0.0000,0.0000,0.0,0.0,0.2400,35.3,81.7,0.510,0,0,0,0,,,,,711,728,,,,,KHSRP___PCCA_unrelaxed_rank_002_alphafold2_multimer_v3_model_4_seed_000.pdb
KHSRP___PCCA,3,3,A,B,0.0000,0.0,0.0,0.0000,0.2675,0.0000,0.0000,0.0,0.0,0.2100,36.8,83.9,0.520,0,0,0,0,,,,,711,728,,,,,KHSRP___PCCA_unrelaxed_rank_003_alphafold2_multimer_v3_model_3_seed_000.pdb
KHSRP___PCCA,4,2,A,B,0.0000,0.0,0.0,0.0000,0.1909,0.0000,0.0000,0.0,0.0,0.1900,36.8,83.9,0.510,0,0,0,0,,,,,711,728,,,,,KHSRP___PCCA_unrelaxed_rank_004_alphafold2_multimer_v3_model_2_seed_000.pdb
KHSRP___PCCA,5,1,A,B,0.0000,0.0,0.0,0.0000,0.1861,0.0000,0.0000,0.0,0.0,0.1900,37.0,83.3,0.510,0,0,0,0,,,,,711,728,,,,,KHSRP___PCCA_unrelaxed_rank_005_alphafold2_multimer_v3_model_1_seed_000.pdb
KHSRP___PRDX1,1,4,A,B,0.0000,0.0,0.0,0.0000,0.2121,0.0000,0.0000,0.0,0.0,0.2900,40.3,80.8,0.310,0,0,0,0,,,,,711,199,,,,,KHSRP___PRDX1_unrelaxed_rank_001_alphafold2_multimer_v3_model_4_seed_000.pdb
KHSRP___PRDX1,2,5,A,B,0.0000,0.0,0.0,0.0000,0.2159,0.0000,0.0000,0.0,0.0,0.2600,44.0,84.9,0.310,0,0,0,0,,,,,711,199,,,,,KHSRP___PRDX1_unrelaxed_rank_002_alphafold2_multimer_v3_model_5_seed_000.pdb
KHSRP___PRDX1,3,1,A,B,0.0000,0.0,0.0,0.0000,0.2616,0.0000,0.0000,0.0,0.0,0.2600,46.2,80.2,0.310,0,0,0,0,,,,,711,199,,,,,KHSRP___PRDX1_unrelaxed_rank_003_alphafold2_multimer_v3_model_1_seed_000.pdb
KHSRP___PRDX1,4,3,A,B,0.0000,0.0,0.0,0.0000,0.2869,0.0000,0.0000,0.0,0.0,0.2500,43.0,85.5,0.310,0,0,0,0,,,,,711,199,,,,,KHSRP___PRDX1_unrelaxed_rank_004_alphafold2_multimer_v3_model_3_seed_000.pdb
KHSRP___PRDX1,5,2,A,B,0.0000,0.0,0.0,0.0000,0.2466,0.0000,0.0000,0.0,0.0,0.2400,45.0,81.1,0.300,0,0,0,0,,,,,711,199,,,,,KHSRP___PRDX1_unrelaxed_rank_005_alphafold2_multimer_v3_model_2_seed_000.pdb
KHSRP___SF3A3,1,2,A,B,0.0000,0.0,0.0,0.0000,0.1682,0.0000,0.0000,0.0,0.0,0.1600,41.7,76.0,0.340,0,0,0,0,,,,,711,501,,,,,KHSRP___SF3A3_unrelaxed_rank_001_alphafold2_multimer_v3_model_2_seed_000.pdb
KHSRP___SF3A3,2,1,A,B,0.0000,0.0,0.0,0.0000,0.1829,0.0000,0.0000,0.0,0.0,0.1500,40.4,74.4,0.330,0,0,0,0,,,,,711,501,,,,,KHSRP___SF3A3_unrelaxed_rank_002_alphafold2_multimer_v3_model_1_seed_000.pdb
KHSRP___SF3A3,3,5,A,B,0.0000,0.0,0.0,0.0000,0.1525,0.0000,0.0000,0.0,0.0,0.1500,39.6,75.8,0.330,0,0,0,0,,,,,711,501,,,,,KHSRP___SF3A3_unrelaxed_rank_003_alphafold2_multimer_v3_model_5_seed_000.pdb
KHSRP___SF3A3,4,4,A,B,0.0000,0.0,0.0,0.0000,0.1319,0.0000,0.0000,0.0,0.0,0.1500,36.8,69.8,0.330,0,0,0,0,,,,,711,501,,,,,KHSRP___SF3A3_unrelaxed_rank_004_alphafold2_multimer_v3_model_4_seed_000.pdb
KHSRP___SF3A3,5,3,A,B,0.0000,0.0,0.0,0.0000,0.1452,0.0000,0.0000,0.0,0.0,0.1500,38.2,76.5,0.330,0,0,0,0,,,,,711,501,,,,,KHSRP___SF3A3_unrelaxed_rank_005_alphafold2_multimer_v3_model_3_seed_000.pdb
KHSRP___SUPT5H,1,2,A,B,0.0000,0.0,0.0,0.0000,0.1909,0.0000,0.0000,0.0,0.0,0.1900,39.0,53.7,0.250,0,0,0,0,,,,,711,1087,,,,,KHSRP___SUPT5H_unrelaxed_rank_001_alphafold2_multimer_v3_model_2_seed_000.pdb
KHSRP___SUPT5H,2,4,A,B,0.0000,0.0,0.0,0.0000,0.2481,0.0000,0.0000,0.0,0.0,0.1900,33.7,50.0,0.260,0,0,0,0,,,,,711,1087,,,,,KHSRP___SUPT5H_unrelaxed_rank_002_alphafold2_multimer_v3_model_4_seed_000.pdb
KHSRP___SUPT5H,3,1,A,B,0.0000,0.0,0.0,0.0000,0.2595,0.0000,0.0000,0.0,0.0,0.1900,35.6,51.7,0.250,0,0,0,0,,,,,711,1087,,,,,KHSRP___SUPT5H_unrelaxed_rank_003_alphafold2_multimer_v3_model_1_seed_000.pdb
KHSRP___SUPT5H,4,3,A,B,0.0000,0.0,0.0,0.0000,0.2080,0.0000,0.0000,0.0,0.0,0.1800,36.2,53.8,0.250,0,0,0,0,,,,,711,1087,,,,,KHSRP___SUPT5H_unrelaxed_rank_004_alphafold2_multimer_v3_model_3_seed_000.pdb
KHSRP___SUPT5H,5,5,A,B,0.0000,0.0,0.0,0.0000,0.1700,0.0000,0.0000,0.0,0.0,0.1700,36.6,53.9,0.250,0,0,0,0,,,,,711,1087,,,,,KHSRP___SUPT5H_unrelaxed_rank_005_alphafold2_multimer_v3_model_5_seed_000.pdb
MATR3___CIZ1,1,3,A,B,0.5741,1390.4,798.2,0.4294,0.9912,0.4458,0.7393,7351.0,263.0,0.2500,38.9,26.2,0.250,73,84,44,48,67.7,59.1,71.8,65.2,847,898,[775-847],"[733-734,758-839]","[779,781,784,786-792,794-806,809-810,813,816-818,820-822,824,826-830,832-834,836-837,840]","[758-760,762-763,765-767,776,782-790,792-803,807-808,811,814-816,818-820,822,824-826,828-829,832,835-836]",MATR3___CIZ1_unrelaxed_rank_001_alphafold2_multimer_v3_model_3_seed_000.pdb
MATR3___CIZ1,2,2,A,B,0.6297,1499.0,943.9,0.4896,0.9928,0.5031,0.7881,8881.0,253.0,0.2400,43.4,29.2,0.240,76,86,44,47,76.7,67.7,79.9,76.5,847,898,[772-847],[755-840],"[775-776,778-781,784,786-792,794-805,807-810,813,816-818,820-822,824,826-827,830,834,837,840]","[755,758,762-763,766,776,782-790,792-803,805,807-808,811,814-816,818-820,822,824-825,828-829,831-833,835-836]",MATR3___CIZ1_unrelaxed_rank_002_alphafold2_multimer_v3_model_2_seed_000.pdb
MATR3___CIZ1,3,5,A,B,0.6367,1339.6,852.8,0.4870,0.9917,0.4924,0.8231,7508.0,239.0,0.2400,41.4,26.4,0.240,73,75,39,44,72.3,63.3,75.9,72.0,847,898,[775-847],[765-839],"[779,781,784,786-792,794-806,809-810,813,816-818,820-822,824,826-828,830,834,837]","[766,776,782-790,792-804,807-808,811,814-816,818-820,822,824-826,828-829,831-833,835-836]",MATR3___CIZ1_unrelaxed_rank_003_alphafold2_multimer_v3_model_5_seed_000.pdb
MATR3___CIZ1,4,4,A,B,0.6181,1259.2,778.3,0.4832,0.9924,0.4726,0.8085,6805.0,233.0,0.2300,38.8,25.9,0.230,74,75,39,41,71.8,63.8,74.6,72.7,847,898,[774-847],[765-839],"[779-781,784,786-792,794-807,809-810,813,816-818,820-822,824,826-827,830,834]","[766,776,782-790,792-804,807-808,815-816,818-820,822,824-826,828-829,832-833,835-836]",MATR3___CIZ1_unrelaxed_rank_004_alphafold2_multimer_v3_model_4_seed_000.pdb
MATR3___CIZ1,5,1,A,B,0.5507,1308.1,720.3,0.4091,0.9898,0.4243,0.7147,6457.0,265.0,0.2300,37.0,25.0,0.230,73,79,44,50,66.7,58.6,71.4,63.0,847,898,[775-847],"[759,761-838]","[779,781,784,786-792,794-807,809-810,813,816-818,820-822,824,826-828,830-831,833-834,837-838,841]","[759,761-763,765-767,771,773,776,782-790,792-803,805,807-808,811,814-816,818-820,822,824-825,828-829,831-833,835]",MATR3___CIZ1_unrelaxed_rank_005_alphafold2_multimer_v3_model_1_seed_000.pdb
MATR3___EDC3,1,3,A,B,0.0000,0.0,0.0,0.0000,0.3069,0.0000,0.0000,0.0,0.0,0.2100,38.9,58.8,0.310,0,0,0,0,,,,,847,508,,,,,MATR3___EDC3_unrelaxed_rank_001_alphafold2_multimer_v3_model_3_seed_000.pdb
MATR3___EDC3,2,2,A,B,0.0000,0.0,0.0,0.0000,0.4375,0.0288,0.0000,2.0,0.0,0.2100,38.5,61.0,0.310,2,2,0,0,58.4,76.3,,,847,508,[808-809],"[10,62]",,,MATR3___EDC3_unrelaxed_rank_002_alphafold2_multimer_v3_model_2_seed_000.pdb
MATR3___EDC3,3,5,A,B,0.0000,0.0,0.0,0.0000,0.2742,0.0000,0.0000,0.0,0.0,0.2000,39.9,60.4,0.310,0,0,0,0,,,,,847,508,,,,,MATR3___EDC3_unrelaxed_rank_003_alphafold2_multimer_v3_model_5_seed_000.pdb
MATR3___EDC3,4,4,A,B,0.0000,0.0,0.0,0.0000,0.2251,0.0000,0.0000,0.0,0.0,0.1900,36.9,58.1,0.310,0,0,0,0,,,,,847,508,,,,,MATR3___EDC3_unrelaxed_rank_004_alphafold2_multimer_v3_model_4_seed_000.pdb
MATR3___EDC3,5,1,A,B,0.0000,0.0,0.0,0.0000,0.2070,0.0000,0.0000,0.0,0.0,0.1900,37.2,59.1,0.310,0,0,0,0,,,,,847,508,,,,,MATR3___EDC3_unrelaxed_rank_005_alphafold2_multimer_v3_model_1_seed_000.pdb
MRPL12___EPB41,1,1,A,B,0.0000,0.0,0.0,0.0000,0.3559,0.0000,0.0000,0.0,0.0,0.2000,37.9,50.0,0.410,0,0,0,0,,,,,198,864,,,,,MRPL12___EPB41_unrelaxed_rank_001_alphafold2_multimer_v3_model_1_seed_000.pdb
MRPL12___EPB41,2,3,A,B,0.0000,0.0,0.0,0.0000,0.1867,0.0000,0.0000,0.0,0.0,0.1800,40.7,50.1,0.400,0,0,0,0,,,,,198,864,,,,,MRPL12___EPB41_unrelaxed_rank_002_alphafold2_multimer_v3_model_3_seed_000.pdb
MRPL12___EPB41,3,4,A,B,0.0000,0.0,0.0,0.0000,0.2380,0.0000,0.0000,0.0,0.0,0.1800,41.7,48.4,0.400,0,0,0,0,,,,,198,864,,,,,MRPL12___EPB41_unrelaxed_rank_003_alphafold2_multimer_v3_model_4_seed_000.pdb
MRPL12___EPB41,4,5,A,B,0.0000,0.0,0.0,0.0000,0.2086,0.0000,0.0000,0.0,0.0,0.1700,41.9,49.4,0.400,0,0,0,0,,,,,198,864,,,,,MRPL12___EPB41_unrelaxed_rank_004_alphafold2_multimer_v3_model_5_seed_000.pdb
MRPL12___EPB41,5,2,A,B,0.0000,0.0,0.0,0.0000,0.1920,0.0000,0.0000,0.0,0.0,0.1600,45.9,50.6,0.410,0,0,0,0,,,,,198,864,,,,,MRPL12___EPB41_unrelaxed_rank_005_alphafold2_multimer_v3_model_2_seed_000.pdb
MRPL12___SF1,1,4,A,B,0.0000,0.0,0.0,0.0000,0.1453,0.0000,0.0000,0.0,0.0,0.1400,44.9,41.8,0.270,0,0,0,0,,,,,198,639,,,,,MRPL12___SF1_unrelaxed_rank_001_alphafold2_multimer_v3_model_4_seed_000.pdb
MRPL12___SF1,2,1,A,B,0.0000,0.0,0.0,0.0000,0.1158,0.0000,0.0000,0.0,0.0,0.1300,46.3,42.2,0.260,0,0,0,0,,,,,198,639,,,,,MRPL12___SF1_unrelaxed_rank_002_alphafold2_multimer_v3_model_1_seed_000.pdb
MRPL12___SF1,3,5,A,B,0.0000,0.0,0.0,0.0000,0.1180,0.0000,0.0000,0.0,0.0,0.1200,45.6,42.2,0.270,0,0,0,0,,,,,198,639,,,,,MRPL12___SF1_unrelaxed_rank_003_alphafold2_multimer_v3_model_5_seed_000.pdb
MRPL12___SF1,4,3,A,B,0.0000,0.0,0.0,0.0000,0.1096,0.0000,0.0000,0.0,0.0,0.1200,46.9,41.7,0.270,0,0,0,0,,,,,198,639,,,,,MRPL12___SF1_unrelaxed_rank_004_alphafold2_multimer_v3_model_3_seed_000.pdb
MRPL12___SF1,5,2,A,B,0.0000,0.0,0.0,0.0000,0.0998,0.0000,0.0000,0.0,0.0,0.1200,51.3,40.6,0.250,0,0,0,0,,,,,198,639,,,,,MRPL12___SF1_unrelaxed_rank_005_alphafold2_multimer_v3_model_2_seed_000.pdb
NASP___CDK4,1,4,A,B,0.0000,0.0,0.0,0.0000,0.3858,0.0100,0.0000,2.0,0.0,0.2600,36.2,72.8,0.360,2,1,0,0,41.3,64.0,,,788,303,"[670,673]",[62],,,NASP___CDK4_unrelaxed_rank_001_alphafold2_multimer_v3_model_4_seed_000.pdb
NASP___CDK4,2,3,A,B,0.0000,0.0,0.0,0.0000,0.3831,0.0000,0.0000,0.0,0.0,0.2500,36.8,74.9,0.350,0,0,0,0,,,,,788,303,,,,,NASP___CDK4_unrelaxed_rank_002_alphafold2_multimer_v3_model_3_seed_000.pdb
NASP___CDK4,3,1,A,B,0.0000,0.0,0.0,0.0000,0.3265,0.0000,0.0000,0.0,0.0,0.2400,36.3,75.3,0.360,0,0,0,0,,,,,788,303,,,,,NASP___CDK4_unrelaxed_rank_003_alphafold2_multimer_v3_model_1_seed_000.pdb
NASP___CDK4,4,2,A,B,0.0000,0.0,0.0,0.0000,0.2894,0.0000,0.0000,0.0,0.0,0.2200,36.5,75.5,0.350,0,0,0,0,,,,,788,303,,,,,NASP___CDK4_unrelaxed_rank_004_alphafold2_multimer_v3_model_2_seed_000.pdb
NASP___CDK4,5,5,A,B,0.0000,0.0,0.0,0.0000,0.3140,0.0000,0.0000,0.0,0.0,0.2100,36.5,76.3,0.350,0,0,0,0,,,,,788,303,,,,,NASP___CDK4_unrelaxed_rank_005_alphafold2_multimer_v3_model_5_seed_000.pdb
NASP___FAM50A,1,3,A,B,0.1949,1958.2,381.7,0.2168,0.8146,0.1437,0.2643,34237.0,112.0,0.4400,39.5,57.0,0.410,224,146,35,30,90.2,80.5,77.1,72.6,788,339,"[39-109,512-627,633-669]","[183-184,186-285,296-339]","[100-101,103-107,109,553-554,556,581-582,584-585,588,592,595-598,610,614,645,647-648,651-652,655,658-659,661-662,665-666]","[202,204,210,212,214,266-267,269-273,276-278,281,283,299,301-303,319-320,323,329,332,336-339]",NASP___FAM50A_unrelaxed_rank_001_alphafold2_multimer_v3_model_3_seed_000.pdb
NASP___FAM50A,2,4,A,B,0.1162,258.5,30.0,0.0185,0.5850,0.0874,0.1546,2025.0,33.0,0.2800,38.1,52.8,0.350,201,25,18,13,89.8,44.8,87.6,46.9,788,339,"[40-77,81-101,513-626,633-660]","[16-24,44-59]","[48,51,55,67,71,514,517,520,581-582,584-585,588,638,641,644-645,648]","[17-18,20-21,24,45-46,48-51,55,58]",NASP___FAM50A_unrelaxed_rank_002_alphafold2_multimer_v3_model_4_seed_000.pdb
NASP___FAM50A,3,1,A,B,0.0000,0.0,0.0,0.0000,0.3325,0.0000,0.0000,0.0,0.0,0.2400,38.4,56.7,0.340,0,0,0,0,,,,,788,339,,,,,NASP___FAM50A_unrelaxed_rank_003_alphafold2_multimer_v3_model_1_seed_000.pdb
NASP___FAM50A,4,5,A,B,0.0000,0.0,0.0,0.0000,0.2462,0.0000,0.0000,0.0,0.0,0.2100,38.8,56.1,0.330,0,0,0,0,,,,,788,339,,,,,NASP___FAM50A_unrelaxed_rank_004_alphafold2_multimer_v3_model_5_seed_000.pdb
NASP___FAM50A,5,2,A,B,0.0730,97.8,7.1,0.0135,0.5468,0.0648,0.0822,797.0,12.0,0.2000,39.2,60.9,0.340,176,11,6,5,93.5,51.8,85.0,50.7,788,339,"[40-78,80-102,512-532,534-576,580-600,602-621,639,642,646,649-650,652-653,656-657]",[17-27],"[67,512-514,517,520]","[17,20-21,24-25]",NASP___FAM50A_unrelaxed_rank_005_alphafold2_multimer_v3_model_2_seed_000.pdb
NASP___FUBP1,1,1,A,B,0.0296,64.9,1.9,0.0112,0.5632,0.0256,0.0343,301.0,14.0,0.2400,37.5,39.6,0.310,151,13,12,7,91.4,40.3,91.2,38.3,788,644,"[44-47,49-56,58-63,65-75,77,79-81,83-84,86-87,90-102,515-517,519-525,527-532,534-540,542-543,545-547,549-556,558-559,562,565,568-569,571-572,575-576,579-582,584-586,588-594,596,600,606-607,609,611,613-626,634-653,658]","[1-4,34-42]","[70-71,84,517,520,524,581-582,584-585,588,645]","[1-3,34,38,41-42]",NASP___FUBP1_unrelaxed_rank_001_alphafold2_multimer_v3_model_1_seed_000.pdb
NASP___FUBP1,2,3,A,B,0.1469,128.0,18.8,0.0184,0.7373,0.1282,0.1682,964.0,17.0,0.2300,37.3,39.0,0.320,208,7,10,4,90.1,36.4,92.5,36.4,788,644,"[39-102,513-627,633-661]","[1-6,38]","[55,546,581-582,584-585,588,638,641,645]","[1-2,4-5]",NASP___FUBP1_unrelaxed_rank_002_alphafold2_multimer_v3_model_3_seed_000.pdb
NASP___FUBP1,3,2,A,B,0.0000,0.0,0.0,0.0000,0.4841,0.0012,0.0000,1.0,0.0,0.2200,39.7,42.6,0.310,1,1,0,0,92.8,43.8,,,788,644,[60],[34],,,NASP___FUBP1_unrelaxed_rank_003_alphafold2_multimer_v3_model_2_seed_000.pdb
NASP___FUBP1,4,4,A,B,0.0000,0.0,0.0,0.0000,0.4669,0.0000,0.0000,0.0,0.0,0.2100,37.8,37.4,0.310,0,0,0,0,,,,,788,644,,,,,NASP___FUBP1_unrelaxed_rank_004_alphafold2_multimer_v3_model_4_seed_000.pdb
NASP___FUBP1,5,5,A,B,0.0000,0.0,0.0,0.0000,0.4615,0.0074,0.0000,5.0,0.0,0.2100,38.2,42.8,0.310,5,4,0,0,94.6,45.6,,,788,644,"[69,73,83,524,528]","[34-36,38]",,,NASP___FUBP1_unrelaxed_rank_005_alphafold2_multimer_v3_model_5_seed_000.pdb
NASP___PSPC1,1,5,A,B,0.3763,174.5,65.7,0.1369,0.9249,0.2692,0.5261,1384.0,22.0,0.3000,38.5,58.0,0.310,213,6,9,3,91.4,51.2,91.1,63.8,788,523,"[39-102,104-105,513-628,632-662]",[518-523],"[581-582,584-585,588,641,644-645,648]",[521-523],NASP___PSPC1_unrelaxed_rank_001_alphafold2_multimer_v3_model_5_seed_000.pdb
NASP___PSPC1,2,4,A,B,0.3640,198.1,72.1,0.1257,0.9044,0.2540,0.5216,1783.0,22.0,0.2900,37.8,56.5,0.310,211,8,9,3,89.9,49.1,92.5,66.3,788,523,"[39-102,104,513-628,630,633-661]",[516-523],"[581-582,584-585,588,641,644-645,648]",[521-523],NASP___PSPC1_unrelaxed_rank_002_alphafold2_multimer_v3_model_4_seed_000.pdb
NASP___PSPC1,3,2,A,B,0.3655,195.8,71.6,0.0691,0.9318,0.2733,0.4890,1742.0,22.0,0.2800,38.9,58.8,0.310,213,8,11,4,92.3,46.7,90.3,54.1,788,523,"[39-104,512-627,632-662]",[516-523],"[100-101,581-582,584-585,588,641,644-645,648]","[517,521-523]",NASP___PSPC1_unrelaxed_rank_003_alphafold2_multimer_v3_model_2_seed_000.pdb
NASP___PSPC1,4,3,A,B,0.2653,143.7,38.1,0.0283,0.8700,0.1985,0.3547,1032.0,20.0,0.2700,37.8,58.8,0.330,208,6,9,3,90.7,43.5,90.5,52.6,788,523,"[39-102,513-627,633-661]",[518-523],"[581-582,584-585,588,641,644-645,648]",[521-523],NASP___PSPC1_unrelaxed_rank_004_alphafold2_multimer_v3_model_3_seed_000.pdb
NASP___PSPC1,5,1,A,B,0.2820,136.4,38.5,0.0293,0.8563,0.2123,0.3745,930.0,20.0,0.2700,38.2,59.7,0.300,207,6,9,3,91.5,46.8,91.9,57.0,788,523,"[40-102,513-627,633-661]",[518-523],"[581-582,584-585,588,641,644-645,648]",[521-523],NASP___PSPC1_unrelaxed_rank_005_alphafold2_multimer_v3_model_1_seed_000.pdb
NASP___RAVER1,1,1,A,B,0.0208,12.5,0.3,0.0000,0.5281,0.0184,0.0234,26.0,6.0,0.2300,36.3,51.4,0.340,14,5,5,3,88.4,27.0,85.5,27.3,788,606,"[550,581-582,584-585,592,607,611,614,617,642,648-649,653]","[361,394-397]","[581-582,585,648-649]","[361,395-396]",NASP___RAVER1_unrelaxed_rank_001_alphafold2_multimer_v3_model_1_seed_000.pdb
NASP___RAVER1,2,2,A,B,0.0992,258.6,25.7,0.0143,0.6749,0.0841,0.1170,2388.0,28.0,0.2200,37.6,53.2,0.340,206,17,15,11,90.0,33.0,89.2,32.8,788,606,"[39-102,513-532,534-626,633-661]",[487-503],"[100,550,581-582,584-585,588-589,592,637-638,641-642,645,648]","[487,489-492,495-496,498-500,503]",NASP___RAVER1_unrelaxed_rank_002_alphafold2_multimer_v3_model_2_seed_000.pdb
NASP___RAVER1,3,4,A,B,0.0000,0.0,0.0,0.0000,0.3049,0.0000,0.0000,0.0,0.0,0.2000,36.5,52.0,0.340,0,0,0,0,,,,,788,606,,,,,NASP___RAVER1_unrelaxed_rank_003_alphafold2_multimer_v3_model_4_seed_000.pdb
NASP___RAVER1,4,5,A,B,0.0000,0.0,0.0,0.0000,0.3671,0.0000,0.0000,0.0,0.0,0.1900,37.7,52.1,0.330,0,0,0,0,,,,,788,606,,,,,NASP___RAVER1_unrelaxed_rank_004_alphafold2_multimer_v3_model_5_seed_000.pdb
NASP___RAVER1,5,3,A,B,0.0000,0.0,0.0,0.0000,0.3064,0.0000,0.0000,0.0,0.0,0.1800,37.0,51.6,0.330,0,0,0,0,,,,,788,606,,,,,NASP___RAVER1_unrelaxed_rank_005_alphafold2_multimer_v3_model_3_seed_000.pdb
NASP___SAR1A,1,5,A,B,0.1882,750.3,141.2,0.0226,0.7873,0.1584,0.2237,6325.0,89.0,0.4600,38.7,72.5,0.390,215,130,25,26,88.1,76.9,69.6,63.2,788,198,"[39-110,513-626,633-661]","[1-22,24,27-49,63-66,69-74,94-104,107-118,127-151,172-197]","[57,97,100-101,104-110,553,581-582,584-585,588-589,592,596,638,641,644-645,648]","[2-5,7-8,11,14-15,17-19,44-45,48-49,180,183-191]",NASP___SAR1A_unrelaxed_rank_001_alphafold2_multimer_v3_model_5_seed_000.pdb
NASP___SAR1A,2,3,A,B,0.2003,411.7,82.5,0.0261,0.7809,0.1696,0.2365,3767.0,45.0,0.3900,38.2,68.2,0.390,213,50,14,19,88.4,61.7,76.2,57.1,788,198,"[39-103,105-107,109,513-627,633-661]","[1-17,19,30-31,39-50,97,137,174,179-184,186-188,190-192,194-196]","[100-101,105-106,581-582,584-585,588-589,641,644-645,648]","[1-5,7-8,11,14-15,41,44-45,48,180,183,186-187,190]",NASP___SAR1A_unrelaxed_rank_002_alphafold2_multimer_v3_model_3_seed_000.pdb
NASP___SAR1A,3,2,A,B,0.2154,379.8,81.8,0.0243,0.8176,0.1788,0.2595,3518.0,41.0,0.3800,38.4,70.2,0.390,211,20,18,10,89.3,50.4,82.2,45.8,788,198,"[39-103,106,513-627,633-662]","[1-16,41-42,45-46]","[57,59,97,100-101,546,550,581-582,584-585,588-589,610,638,641,645,648]","[2-5,7-8,10-11,13-14]",NASP___SAR1A_unrelaxed_rank_003_alphafold2_multimer_v3_model_2_seed_000.pdb
NASP___SAR1A,4,1,A,B,0.2211,326.3,72.1,0.0229,0.7444,0.1844,0.2650,2957.0,36.0,0.3800,37.6,65.5,0.380,208,17,11,11,87.9,45.5,79.2,43.5,788,198,"[39-102,513-627,633-661]","[1-16,45]","[97,100,581,585,588-589,641-642,644-645,648]","[1-5,7-8,10-11,14-15]",NASP___SAR1A_unrelaxed_rank_004_alphafold2_multimer_v3_model_1_seed_000.pdb
NASP___SAR1A,5,4,A,B,0.2722,345.1,93.9,0.0287,0.8115,0.2099,0.3531,3503.0,34.0,0.3800,37.6,67.8,0.380,208,25,12,9,88.0,54.3,80.7,45.3,788,198,"[39-102,513-627,633-661]","[1-16,28,30,41-42,45-46,71,97,190]","[97,100,581-582,584-585,588-589,638,641,645,648]","[2-5,7-8,10-11,14]",NASP___SAR1A_unrelaxed_rank_005_alphafold2_multimer_v3_model_4_seed_000.pdb
NASP___SF3B2,1,5,A,B,0.3909,181.6,71.0,0.2190,0.9347,0.2829,0.5402,1571.0,21.0,0.3300,38.6,37.6,0.290,216,8,7,3,91.8,45.7,92.7,54.9,788,895,"[39-105,513-628,630-662]",[888-895],"[581-582,584-585,588,645,648]","[891,893,895]",NASP___SF3B2_unrelaxed_rank_001_alphafold2_multimer_v3_model_5_seed_000.pdb
NASP___SF3B2,2,1,A,B,0.3237,181.7,58.8,0.1230,0.8562,0.2408,0.4350,1436.0,23.0,0.3300,38.8,36.8,0.300,213,7,8,3,91.2,47.9,92.5,54.3,788,895,"[39-104,513-627,631-662]",[889-895],"[581-582,584-585,588,645,648-649]","[891,893,895]",NASP___SF3B2_unrelaxed_rank_002_alphafold2_multimer_v3_model_1_seed_000.pdb
NASP___SF3B2,3,4,A,B,0.4042,197.9,80.0,0.1977,0.9581,0.2932,0.5573,1781.0,22.0,0.3300,38.5,34.4,0.290,216,8,8,4,90.8,45.8,91.4,49.1,788,895,"[39-104,512-628,630-662]",[888-895],"[100,581-582,584-585,588,645,648]","[890-891,893,895]",NASP___SF3B2_unrelaxed_rank_003_alphafold2_multimer_v3_model_4_seed_000.pdb
NASP___SF3B2,4,2,A,B,0.3945,203.6,80.3,0.1532,0.9468,0.2943,0.5287,1727.0,24.0,0.3200,39.7,38.7,0.300,213,8,9,4,93.1,47.8,94.0,52.0,788,895,"[39-103,512-627,632-663]",[888-895],"[581-582,584-585,588,592,645,648-649]","[890-891,893,895]",NASP___SF3B2_unrelaxed_rank_004_alphafold2_multimer_v3_model_2_seed_000.pdb
NASP___SF3B2,5,3,A,B,0.0000,0.0,0.0,0.0000,0.2995,0.0000,0.0000,0.0,0.0,0.2100,38.1,38.4,0.290,0,0,0,0,,,,,788,895,,,,,NASP___SF3B2_unrelaxed_rank_005_alphafold2_multimer_v3_model_3_seed_000.pdb
NASP___SNRPC,1,3,A,B,0.4131,1278.9,528.2,0.5001,0.9682,0.3931,0.4341,20191.0,81.0,0.4200,41.4,43.8,0.390,246,60,23,23,90.8,76.5,76.7,72.1,788,159,"[35-113,508-674]","[1-56,145-148]","[103-110,113,553-556,585,588,592,596,641,645,648-649,652,655]","[1,3-4,6-8,15,17-19,21-22,25-27,30-31,34-35,38,146-148]",NASP___SNRPC_unrelaxed_rank_001_alphafold2_multimer_v3_model_3_seed_000.pdb
NASP___SNRPC,2,5,A,B,0.5326,1381.1,735.6,0.6606,0.9759,0.4826,0.5879,22440.0,85.0,0.4200,41.6,44.9,0.390,247,62,20,17,91.3,82.0,81.4,79.3,788,159,"[34-110,508-677]",[1-62],"[57,100-101,103-108,550,553-554,556,592,596,651,654-655,658-659]","[1-5,15-19,21-23,26-29]",NASP___SNRPC_unrelaxed_rank_002_alphafold2_multimer_v3_model_5_seed_000.pdb
NASP___SNRPC,3,1,A,B,0.3224,1005.3,324.1,0.2956,0.8749,0.2521,0.4124,14861.0,68.0,0.3500,40.6,40.6,0.370,234,49,18,15,92.5,72.4,82.9,70.3,788,159,"[38-108,510-629,631-673]",[1-49],"[57,100-101,103-105,107,550,553-554,556,592,596,651,654-655,658-659]","[1-2,4,15-19,21-23,26-29]",NASP___SNRPC_unrelaxed_rank_003_alphafold2_multimer_v3_model_1_seed_000.pdb
NASP___SNRPC,4,4,A,B,0.0178,20.2,0.4,0.0111,0.4351,0.0304,0.0104,408.0,1.0,0.2000,40.3,32.3,0.360,186,9,1,1,92.0,46.3,89.9,44.1,788,159,"[42-56,58-75,82-87,89-90,92-102,514-531,534-624,635-658,660]","[4,6,13,17-21,24]",[553],[18],NASP___SNRPC_unrelaxed_rank_004_alphafold2_multimer_v3_model_4_seed_000.pdb
NASP___SNRPC,5,2,A,B,0.0000,0.0,0.0,0.0000,0.2756,0.0000,0.0000,0.0,0.0,0.2000,40.7,31.7,0.360,0,0,0,0,,,,,788,159,,,,,NASP___SNRPC_unrelaxed_rank_005_alphafold2_multimer_v3_model_2_seed_000.pdb
NCL___FAM50A,1,1,A,B,0.0000,0.0,0.0,0.0000,0.2933,0.0000,0.0000,0.0,0.0,0.1800,45.8,59.0,0.270,0,0,0,0,,,,,710,339,,,,,NCL___FAM50A_unrelaxed_rank_001_alphafold2_multimer_v3_model_1_seed_000.pdb
NCL___FAM50A,2,4,A,B,0.0000,0.0,0.0,0.0000,0.2148,0.0000,0.0000,0.0,0.0,0.1700,42.5,52.8,0.260,0,0,0,0,,,,,710,339,,,,,NCL___FAM50A_unrelaxed_rank_002_alphafold2_multimer_v3_model_4_seed_000.pdb
NCL___FAM50A,3,2,A,B,0.0000,0.0,0.0,0.0000,0.1587,0.0000,0.0000,0.0,0.0,0.1500,44.8,62.6,0.260,0,0,0,0,,,,,710,339,,,,,NCL___FAM50A_unrelaxed_rank_003_alphafold2_multimer_v3_model_2_seed_000.pdb
NCL___FAM50A,4,3,A,B,0.0000,0.0,0.0,0.0000,0.2073,0.0000,0.0000,0.0,0.0,0.1500,44.2,56.6,0.260,0,0,0,0,,,,,710,339,,,,,NCL___FAM50A_unrelaxed_rank_004_alphafold2_multimer_v3_model_3_seed_000.pdb
NCL___FAM50A,5,5,A,B,0.0000,0.0,0.0,0.0000,0.1425,0.0000,0.0000,0.0,0.0,0.1300,44.8,57.1,0.260,0,0,0,0,,,,,710,339,,,,,NCL___FAM50A_unrelaxed_rank_005_alphafold2_multimer_v3_model_5_seed_000.pdb
NONO___DAZAP1,1,3,A,B,0.0000,0.0,0.0,0.0000,0.1280,0.0000,0.0000,0.0,0.0,0.1400,64.5,37.8,0.360,0,0,0,0,,,,,471,407,,,,,NONO___DAZAP1_unrelaxed_rank_001_alphafold2_multimer_v3_model_3_seed_000.pdb
NONO___DAZAP1,2,4,A,B,0.0000,0.0,0.0,0.0000,0.1602,0.0000,0.0000,0.0,0.0,0.1300,63.4,38.3,0.350,0,0,0,0,,,,,471,407,,,,,NONO___DAZAP1_unrelaxed_rank_002_alphafold2_multimer_v3_model_4_seed_000.pdb
NONO___DAZAP1,3,1,A,B,0.0000,0.0,0.0,0.0000,0.1131,0.0000,0.0000,0.0,0.0,0.1300,65.3,40.6,0.350,0,0,0,0,,,,,471,407,,,,,NONO___DAZAP1_unrelaxed_rank_003_alphafold2_multimer_v3_model_1_seed_000.pdb
NONO___DAZAP1,4,2,A,B,0.0000,0.0,0.0,0.0000,0.1039,0.0000,0.0000,0.0,0.0,0.1200,64.8,42.0,0.350,0,0,0,0,,,,,471,407,,,,,NONO___DAZAP1_unrelaxed_rank_004_alphafold2_multimer_v3_model_2_seed_000.pdb
NONO___DAZAP1,5,5,A,B,0.0000,0.0,0.0,0.0000,0.1248,0.0000,0.0000,0.0,0.0,0.1200,64.6,41.1,0.360,0,0,0,0,,,,,471,407,,,,,NONO___DAZAP1_unrelaxed_rank_005_alphafold2_multimer_v3_model_5_seed_000.pdb
NONO___FUBP1,1,2,A,B,0.0000,0.0,0.0,0.0000,0.2150,0.0000,0.0000,0.0,0.0,0.1700,64.6,44.1,0.330,0,0,0,0,,,,,471,644,,,,,NONO___FUBP1_unrelaxed_rank_001_alphafold2_multimer_v3_model_2_seed_000.pdb
NONO___FUBP1,2,1,A,B,0.0000,0.0,0.0,0.0000,0.1734,0.0000,0.0000,0.0,0.0,0.1600,65.5,43.6,0.330,0,0,0,0,,,,,471,644,,,,,NONO___FUBP1_unrelaxed_rank_002_alphafold2_multimer_v3_model_1_seed_000.pdb
NONO___FUBP1,3,3,A,B,0.0000,0.0,0.0,0.0000,0.1551,0.0000,0.0000,0.0,0.0,0.1500,65.1,41.9,0.330,0,0,0,0,,,,,471,644,,,,,NONO___FUBP1_unrelaxed_rank_003_alphafold2_multimer_v3_model_3_seed_000.pdb
NONO___FUBP1,4,5,A,B,0.0000,0.0,0.0,0.0000,0.1384,0.0000,0.0000,0.0,0.0,0.1400,64.7,43.5,0.330,0,0,0,0,,,,,471,644,,,,,NONO___FUBP1_unrelaxed_rank_004_alphafold2_multimer_v3_model_5_seed_000.pdb
NONO___FUBP1,5,4,A,B,0.0000,0.0,0.0,0.0000,0.1382,0.0000,0.0000,0.0,0.0,0.1300,62.8,41.7,0.320,0,0,0,0,,,,,471,644,,,,,NONO___FUBP1_unrelaxed_rank_005_alphafold2_multimer_v3_model_4_seed_000.pdb
NONO___SF3A3,1,2,A,B,0.0000,0.0,0.0,0.0000,0.1220,0.0000,0.0000,0.0,0.0,0.1300,61.6,74.4,0.360,0,0,0,0,,,,,471,501,,,,,NONO___SF3A3_unrelaxed_rank_001_alphafold2_multimer_v3_model_2_seed_000.pdb
NONO___SF3A3,2,1,A,B,0.0000,0.0,0.0,0.0000,0.1359,0.0000,0.0000,0.0,0.0,0.1300,63.0,73.3,0.350,0,0,0,0,,,,,471,501,,,,,NONO___SF3A3_unrelaxed_rank_002_alphafold2_multimer_v3_model_1_seed_000.pdb
NONO___SF3A3,3,5,A,B,0.0000,0.0,0.0,0.0000,0.1192,0.0000,0.0000,0.0,0.0,0.1300,61.0,74.2,0.360,0,0,0,0,,,,,471,501,,,,,NONO___SF3A3_unrelaxed_rank_003_alphafold2_multimer_v3_model_5_seed_000.pdb
NONO___SF3A3,4,4,A,B,0.0000,0.0,0.0,0.0000,0.1477,0.0000,0.0000,0.0,0.0,0.1300,59.6,71.8,0.350,0,0,0,0,,,,,471,501,,,,,NONO___SF3A3_unrelaxed_rank_004_alphafold2_multimer_v3_model_4_seed_000.pdb
NONO___SF3A3,5,3,A,B,0.0000,0.0,0.0,0.0000,0.1185,0.0000,0.0000,0.0,0.0,0.1200,61.9,74.5,0.360,0,0,0,0,,,,,471,501,,,,,NONO___SF3A3_unrelaxed_rank_005_alphafold2_multimer_v3_model_3_seed_000.pdb
PCBP2___PRDX1,1,5,A,B,0.0000,0.0,0.0,0.0000,0.1375,0.0000,0.0000,0.0,0.0,0.1500,57.9,85.0,0.400,0,0,0,0,,,,,365,199,,,,,PCBP2___PRDX1_unrelaxed_rank_001_alphafold2_multimer_v3_model_5_seed_000.pdb
PCBP2___PRDX1,2,4,A,B,0.0000,0.0,0.0,0.0000,0.1254,0.0000,0.0000,0.0,0.0,0.1500,58.4,83.3,0.390,0,0,0,0,,,,,365,199,,,,,PCBP2___PRDX1_unrelaxed_rank_002_alphafold2_multimer_v3_model_4_seed_000.pdb
PCBP2___PRDX1,3,3,A,B,0.0000,0.0,0.0,0.0000,0.1135,0.0000,0.0000,0.0,0.0,0.1300,57.3,86.6,0.390,0,0,0,0,,,,,365,199,,,,,PCBP2___PRDX1_unrelaxed_rank_003_alphafold2_multimer_v3_model_3_seed_000.pdb
PCBP2___PRDX1,4,1,A,B,0.0000,0.0,0.0,0.0000,0.0997,0.0000,0.0000,0.0,0.0,0.1200,57.6,82.2,0.380,0,0,0,0,,,,,365,199,,,,,PCBP2___PRDX1_unrelaxed_rank_004_alphafold2_multimer_v3_model_1_seed_000.pdb
PCBP2___PRDX1,5,2,A,B,0.0000,0.0,0.0,0.0000,0.1029,0.0000,0.0000,0.0,0.0,0.1200,59.0,83.7,0.380,0,0,0,0,,,,,365,199,,,,,PCBP2___PRDX1_unrelaxed_rank_005_alphafold2_multimer_v3_model_2_seed_000.pdb
PCBP2___SAFB,1,1,A,B,0.0000,0.0,0.0,0.0000,0.1704,0.0000,0.0000,0.0,0.0,0.1800,62.3,33.0,0.260,0,0,0,0,,,,,365,915,,,,,PCBP2___SAFB_unrelaxed_rank_001_alphafold2_multimer_v3_model_1_seed_000.pdb
PCBP2___SAFB,2,3,A,B,0.0000,0.0,0.0,0.0000,0.1995,0.0000,0.0000,0.0,0.0,0.1700,60.3,32.9,0.260,0,0,0,0,,,,,365,915,,,,,PCBP2___SAFB_unrelaxed_rank_002_alphafold2_multimer_v3_model_3_seed_000.pdb
PCBP2___SAFB,3,5,A,B,0.0000,0.0,0.0,0.0000,0.1390,0.0000,0.0000,0.0,0.0,0.1600,63.6,33.0,0.260,0,0,0,0,,,,,365,915,,,,,PCBP2___SAFB_unrelaxed_rank_003_alphafold2_multimer_v3_model_5_seed_000.pdb
PCBP2___SAFB,4,2,A,B,0.0000,0.0,0.0,0.0000,0.1578,0.0000,0.0000,0.0,0.0,0.1600,66.3,33.3,0.260,0,0,0,0,,,,,365,915,,,,,PCBP2___SAFB_unrelaxed_rank_004_alphafold2_multimer_v3_model_2_seed_000.pdb
PCBP2___SAFB,5,4,A,B,0.0000,0.0,0.0,0.0000,0.1676,0.0000,0.0000,0.0,0.0,0.1600,62.2,31.3,0.250,0,0,0,0,,,,,365,915,,,,,PCBP2___SAFB_unrelaxed_rank_005_alphafold2_multimer_v3_model_4_seed_000.pdb
PCBP2___SET,1,4,A,B,0.0000,0.0,0.0,0.0000,0.2050,0.0000,0.0000,0.0,0.0,0.1600,57.3,60.0,0.360,0,0,0,0,,,,,365,290,,,,,PCBP2___SET_unrelaxed_rank_001_alphafold2_multimer_v3_model_4_seed_000.pdb
PCBP2___SET,2,2,A,B,0.0000,0.0,0.0,0.0000,0.1791,0.0000,0.0000,0.0,0.0,0.1600,57.8,60.2,0.360,0,0,0,0,,,,,365,290,,,,,PCBP2___SET_unrelaxed_rank_002_alphafold2_multimer_v3_model_2_seed_000.pdb
PCBP2___SET,3,1,A,B,0.0000,0.0,0.0,0.0000,0.1963,0.0000,0.0000,0.0,0.0,0.1600,56.8,61.1,0.360,0,0,0,0,,,,,365,290,,,,,PCBP2___SET_unrelaxed_rank_003_alphafold2_multimer_v3_model_1_seed_000.pdb
PCBP2___SET,4,5,A,B,0.0000,0.0,0.0,0.0000,0.1305,0.0000,0.0000,0.0,0.0,0.1400,59.8,62.3,0.350,0,0,0,0,,,,,365,290,,,,,PCBP2___SET_unrelaxed_rank_004_alphafold2_multimer_v3_model_5_seed_000.pdb
PCBP2___SET,5,3,A,B,0.0000,0.0,0.0,0.0000,0.1211,0.0000,0.0000,0.0,0.0,0.1200,59.0,62.3,0.350,0,0,0,0,,,,,365,290,,,,,PCBP2___SET_unrelaxed_rank_005_alphafold2_multimer_v3_model_3_seed_000.pdb
PCBP2___TLE3,1,4,A,B,0.0000,0.0,0.0,0.0000,0.2904,0.0000,0.0000,0.0,0.0,0.2400,51.6,53.8,0.410,0,0,0,0,,,,,365,772,,,,,PCBP2___TLE3_unrelaxed_rank_001_alphafold2_multimer_v3_model_4_seed_000.pdb
PCBP2___TLE3,2,2,A,B,0.0000,0.0,0.0,0.0000,0.2367,0.0000,0.0000,0.0,0.0,0.2300,54.5,53.9,0.410,0,0,0,0,,,,,365,772,,,,,PCBP2___TLE3_unrelaxed_rank_002_alphafold2_multimer_v3_model_2_seed_000.pdb
PCBP2___TLE3,3,3,A,B,0.0000,0.0,0.0,0.0000,0.3830,0.0000,0.0000,0.0,0.0,0.2100,54.1,56.3,0.400,0,0,0,0,,,,,365,772,,,,,PCBP2___TLE3_unrelaxed_rank_003_alphafold2_multimer_v3_model_3_seed_000.pdb
PCBP2___TLE3,4,1,A,B,0.0000,0.0,0.0,0.0000,0.2005,0.0000,0.0000,0.0,0.0,0.2100,50.7,55.0,0.400,0,0,0,0,,,,,365,772,,,,,PCBP2___TLE3_unrelaxed_rank_004_alphafold2_multimer_v3_model_1_seed_000.pdb
PCBP2___TLE3,5,5,A,B,0.0000,0.0,0.0,0.0000,0.3277,0.0000,0.0000,0.0,0.0,0.1900,55.4,56.4,0.390,0,0,0,0,,,,,365,772,,,,,PCBP2___TLE3_unrelaxed_rank_005_alphafold2_multimer_v3_model_5_seed_000.pdb
PDK1___GFP,1,5,A,B,0.0436,127.6,5.6,0.0127,0.4450,0.0393,0.0484,1018.0,16.0,0.2300,77.2,87.9,0.610,295,6,13,5,90.4,34.4,87.1,34.8,436,238,"[46-64,72-127,131-166,173-202,216-256,262-292,298-328,330-335,357-401]",[233-238],"[149-151,153-154,192,196,218,271,274-275,278,361]","[233,235-238]",PDK1___GFP_unrelaxed_rank_001_alphafold2_multimer_v3_model_5_seed_000.pdb
PDK1___GFP,2,4,A,B,0.0328,130.3,4.3,0.0116,0.4189,0.0289,0.0371,808.0,21.0,0.2100,76.1,86.9,0.600,242,6,11,6,89.3,32.1,88.0,32.1,436,238,"[49,52-62,64,73-94,101,104-124,132-151,153-165,176-186,188-197,199,201,218-244,247-256,263-291,298-323,325,359-390,394,397-399]",[233-238],"[146,150,196,218,269-272,274-275,278]",[233-238],PDK1___GFP_unrelaxed_rank_002_alphafold2_multimer_v3_model_4_seed_000.pdb
PDK1___GFP,3,3,A,B,0.0000,0.0,0.0,0.0000,0.3377,0.0058,0.0000,1.0,0.0,0.2000,75.7,87.5,0.590,1,1,0,0,72.9,27.6,,,436,238,[235],[236],,,PDK1___GFP_unrelaxed_rank_003_alphafold2_multimer_v3_model_3_seed_000.pdb
PDK1___GFP,4,2,A,B,0.0133,1.0,0.0,0.0000,0.3614,0.0133,0.0133,1.0,1.0,0.1800,75.7,86.4,0.580,1,1,1,1,89.9,30.0,89.9,30.0,436,238,[275],[236],[275],[236],PDK1___GFP_unrelaxed_rank_004_alphafold2_multimer_v3_model_2_seed_000.pdb
PDK1___GFP,5,1,A,B,0.0180,2.2,0.0,0.0000,0.3576,0.0136,0.0237,5.0,1.0,0.1800,76.1,86.4,0.590,4,2,1,1,88.1,30.9,87.1,32.0,436,238,"[270-271,275,370]",[237-238],[271],[237],PDK1___GFP_unrelaxed_rank_005_alphafold2_multimer_v3_model_1_seed_000.pdb
PPP1R10___FUBP3,1,1,A,B,0.0000,0.0,0.0,0.0000,0.1775,0.0000,0.0000,0.0,0.0,0.1900,29.9,45.7,0.240,0,0,0,0,,,,,940,572,,,,,PPP1R10___FUBP3_unrelaxed_rank_001_alphafold2_multimer_v3_model_1_seed_000.pdb
PPP1R10___FUBP3,2,2,A,B,0.0000,0.0,0.0,0.0000,0.1982,0.0000,0.0000,0.0,0.0,0.1800,32.6,50.0,0.240,0,0,0,0,,,,,940,572,,,,,PPP1R10___FUBP3_unrelaxed_rank_002_alphafold2_multimer_v3_model_2_seed_000.pdb
PPP1R10___FUBP3,3,4,A,B,0.0000,0.0,0.0,0.0000,0.1796,0.0000,0.0000,0.0,0.0,0.1600,32.5,44.3,0.250,0,0,0,0,,,,,940,572,,,,,PPP1R10___FUBP3_unrelaxed_rank_003_alphafold2_multimer_v3_model_4_seed_000.pdb
PPP1R10___FUBP3,4,5,A,B,0.0000,0.0,0.0,0.0000,0.1606,0.0000,0.0000,0.0,0.0,0.1600,33.3,47.2,0.250,0,0,0,0,,,,,940,572,,,,,PPP1R10___FUBP3_unrelaxed_rank_004_alphafold2_multimer_v3_model_5_seed_000.pdb
PPP1R10___FUBP3,5,3,A,B,0.0000,0.0,0.0,0.0000,0.1781,0.0000,0.0000,0.0,0.0,0.1600,32.4,45.6,0.250,0,0,0,0,,,,,940,572,,,,,PPP1R10___FUBP3_unrelaxed_rank_005_alphafold2_multimer_v3_model_3_seed_000.pdb
PRDX1___AGAP3,1,5,A,B,0.0000,0.0,0.0,0.0000,0.3203,0.0042,0.0000,4.0,0.0,0.3500,79.7,59.2,0.350,2,4,0,0,93.1,77.7,,,199,875,"[43,76]","[648,663,667-668]",,,PRDX1___AGAP3_unrelaxed_rank_001_alphafold2_multimer_v3_model_5_seed_000.pdb
PRDX1___AGAP3,2,3,A,B,0.0000,0.0,0.0,0.0000,0.3178,0.0000,0.0000,0.0,0.0,0.3300,82.3,60.1,0.340,0,0,0,0,,,,,199,875,,,,,PRDX1___AGAP3_unrelaxed_rank_002_alphafold2_multimer_v3_model_3_seed_000.pdb
PRDX1___AGAP3,3,1,A,B,0.0000,0.0,0.0,0.0000,0.2957,0.0000,0.0000,0.0,0.0,0.3300,79.2,58.4,0.340,0,0,0,0,,,,,199,875,,,,,PRDX1___AGAP3_unrelaxed_rank_003_alphafold2_multimer_v3_model_1_seed_000.pdb
PRDX1___AGAP3,4,4,A,B,0.0000,0.0,0.0,0.0000,0.2248,0.0000,0.0000,0.0,0.0,0.2800,78.1,59.0,0.330,0,0,0,0,,,,,199,875,,,,,PRDX1___AGAP3_unrelaxed_rank_004_alphafold2_multimer_v3_model_4_seed_000.pdb
PRDX1___AGAP3,5,2,A,B,0.0000,0.0,0.0,0.0000,0.2279,0.0000,0.0000,0.0,0.0,0.2700,80.9,61.0,0.330,0,0,0,0,,,,,199,875,,,,,PRDX1___AGAP3_unrelaxed_rank_005_alphafold2_multimer_v3_model_2_seed_000.pdb
PRDX1___DAZAP1,1,3,A,B,0.0000,0.0,0.0,0.0000,0.2977,0.0145,0.0000,8.0,0.0,0.3800,90.0,40.7,0.390,7,2,0,0,94.7,39.0,,,199,407,"[26,39,66,139,158,162-163]",[404-405],,,PRDX1___DAZAP1_unrelaxed_rank_001_alphafold2_multimer_v3_model_3_seed_000.pdb
PRDX1___DAZAP1,2,4,A,B,0.0000,0.0,0.0,0.0000,0.1495,0.0000,0.0000,0.0,0.0,0.1800,86.4,39.9,0.380,0,0,0,0,,,,,199,407,,,,,PRDX1___DAZAP1_unrelaxed_rank_002_alphafold2_multimer_v3_model_4_seed_000.pdb
PRDX1___DAZAP1,3,2,A,B,0.0000,0.0,0.0,0.0000,0.1489,0.0000,0.0000,0.0,0.0,0.1600,86.5,42.2,0.370,0,0,0,0,,,,,199,407,,,,,PRDX1___DAZAP1_unrelaxed_rank_003_alphafold2_multimer_v3_model_2_seed_000.pdb
PRDX1___DAZAP1,4,1,A,B,0.0000,0.0,0.0,0.0000,0.1544,0.0000,0.0000,0.0,0.0,0.1600,84.7,44.7,0.370,0,0,0,0,,,,,199,407,,,,,PRDX1___DAZAP1_unrelaxed_rank_004_alphafold2_multimer_v3_model_1_seed_000.pdb
PRDX1___DAZAP1,5,5,A,B,0.0000,0.0,0.0,0.0000,0.1162,0.0000,0.0000,0.0,0.0,0.1400,89.1,42.9,0.380,0,0,0,0,,,,,199,407,,,,,PRDX1___DAZAP1_unrelaxed_rank_005_alphafold2_multimer_v3_model_5_seed_000.pdb
PRMT1___EPB41,1,5,A,B,0.0000,0.0,0.0,0.0000,0.4130,0.0116,0.0000,59.0,0.0,0.3400,81.5,46.3,0.380,49,3,0,0,93.8,37.2,,,371,864,"[60,64,67,69,71-72,74,78-80,86-87,92,105-109,111,114,130-131,133,135,138-139,141,146,156,158,164,191,197,239-240,244,264,268,271,288,292,299,303,311,314-316,351,369]","[660,662-663]",,,PRMT1___EPB41_unrelaxed_rank_001_alphafold2_multimer_v3_model_5_seed_000.pdb
PRMT1___EPB41,2,3,A,B,0.0000,0.0,0.0,0.0000,0.3176,0.0000,0.0000,0.0,0.0,0.2500,81.3,46.7,0.370,0,0,0,0,,,,,371,864,,,,,PRMT1___EPB41_unrelaxed_rank_002_alphafold2_multimer_v3_model_3_seed_000.pdb
PRMT1___EPB41,3,1,A,B,0.0000,0.0,0.0,0.0000,0.3572,0.0000,0.0000,0.0,0.0,0.2300,80.9,46.6,0.380,0,0,0,0,,,,,371,864,,,,,PRMT1___EPB41_unrelaxed_rank_003_alphafold2_multimer_v3_model_1_seed_000.pdb
PRMT1___EPB41,4,4,A,B,0.0000,0.0,0.0,0.0000,0.2431,0.0000,0.0000,0.0,0.0,0.2300,77.5,45.2,0.380,0,0,0,0,,,,,371,864,,,,,PRMT1___EPB41_unrelaxed_rank_004_alphafold2_multimer_v3_model_4_seed_000.pdb
PRMT1___EPB41,5,2,A,B,0.0000,0.0,0.0,0.0000,0.1970,0.0000,0.0000,0.0,0.0,0.1800,82.5,46.0,0.380,0,0,0,0,,,,,371,864,,,,,PRMT1___EPB41_unrelaxed_rank_005_alphafold2_multimer_v3_model_2_seed_000.pdb
PRMT1___PCCA,1,5,A,B,0.0000,0.0,0.0,0.0000,0.2109,0.0000,0.0000,0.0,0.0,0.2300,79.6,82.2,0.620,0,0,0,0,,,,,371,728,,,,,PRMT1___PCCA_unrelaxed_rank_001_alphafold2_multimer_v3_model_5_seed_000.pdb
PRMT1___PCCA,2,4,A,B,0.0000,0.0,0.0,0.0000,0.2038,0.0000,0.0000,0.0,0.0,0.2000,76.0,81.0,0.600,0,0,0,0,,,,,371,728,,,,,PRMT1___PCCA_unrelaxed_rank_002_alphafold2_multimer_v3_model_4_seed_000.pdb
PRMT1___PCCA,3,3,A,B,0.0000,0.0,0.0,0.0000,0.1672,0.0000,0.0000,0.0,0.0,0.1900,79.7,82.4,0.610,0,0,0,0,,,,,371,728,,,,,PRMT1___PCCA_unrelaxed_rank_003_alphafold2_multimer_v3_model_3_seed_000.pdb
PRMT1___PCCA,4,1,A,B,0.0000,0.0,0.0,0.0000,0.1880,0.0000,0.0000,0.0,0.0,0.1900,79.9,82.9,0.610,0,0,0,0,,,,,371,728,,,,,PRMT1___PCCA_unrelaxed_rank_004_alphafold2_multimer_v3_model_1_seed_000.pdb
PRMT1___PCCA,5,2,A,B,0.0000,0.0,0.0,0.0000,0.1572,0.0000,0.0000,0.0,0.0,0.1900,81.5,83.3,0.610,0,0,0,0,,,,,371,728,,,,,PRMT1___PCCA_unrelaxed_rank_005_alphafold2_multimer_v3_model_2_seed_000.pdb
PRMT1___SUPT5H,1,1,A,B,0.0000,0.0,0.0,0.0000,0.3045,0.0000,0.0000,0.0,0.0,0.2300,83.0,50.0,0.350,0,0,0,0,,,,,371,1087,,,,,PRMT1___SUPT5H_unrelaxed_rank_001_alphafold2_multimer_v3_model_1_seed_000.pdb
PRMT1___SUPT5H,2,3,A,B,0.0000,0.0,0.0,0.0000,0.2119,0.0000,0.0000,0.0,0.0,0.2100,81.4,50.4,0.340,0,0,0,0,,,,,371,1087,,,,,PRMT1___SUPT5H_unrelaxed_rank_002_alphafold2_multimer_v3_model_3_seed_000.pdb
PRMT1___SUPT5H,3,5,A,B,0.0000,0.0,0.0,0.0000,0.1953,0.0000,0.0000,0.0,0.0,0.2000,82.3,51.0,0.340,0,0,0,0,,,,,371,1087,,,,,PRMT1___SUPT5H_unrelaxed_rank_003_alphafold2_multimer_v3_model_5_seed_000.pdb
PRMT1___SUPT5H,4,4,A,B,0.0000,0.0,0.0,0.0000,0.2442,0.0000,0.0000,0.0,0.0,0.1900,79.0,47.8,0.340,0,0,0,0,,,,,371,1087,,,,,PRMT1___SUPT5H_unrelaxed_rank_004_alphafold2_multimer_v3_model_4_seed_000.pdb
PRMT1___SUPT5H,5,2,A,B,0.0000,0.0,0.0,0.0000,0.1664,0.0000,0.0000,0.0,0.0,0.1700,83.2,51.1,0.340,0,0,0,0,,,,,371,1087,,,,,PRMT1___SUPT5H_unrelaxed_rank_005_alphafold2_multimer_v3_model_2_seed_000.pdb
PSPC1___PTBP1,1,1,A,B,0.0000,0.0,0.0,0.0000,0.1388,0.0000,0.0000,0.0,0.0,0.1400,58.8,62.2,0.320,0,0,0,0,,,,,523,557,,,,,PSPC1___PTBP1_unrelaxed_rank_001_alphafold2_multimer_v3_model_1_seed_000.pdb
PSPC1___PTBP1,2,3,A,B,0.0000,0.0,0.0,0.0000,0.1553,0.0000,0.0000,0.0,0.0,0.1400,57.4,62.2,0.320,0,0,0,0,,,,,523,557,,,,,PSPC1___PTBP1_unrelaxed_rank_002_alphafold2_multimer_v3_model_3_seed_000.pdb
PSPC1___PTBP1,3,4,A,B,0.0000,0.0,0.0,0.0000,0.1455,0.0000,0.0000,0.0,0.0,0.1400,57.3,61.9,0.320,0,0,0,0,,,,,523,557,,,,,PSPC1___PTBP1_unrelaxed_rank_003_alphafold2_multimer_v3_model_4_seed_000.pdb
PSPC1___PTBP1,4,2,A,B,0.0000,0.0,0.0,0.0000,0.1115,0.0000,0.0000,0.0,0.0,0.1300,58.1,66.7,0.320,0,0,0,0,,,,,523,557,,,,,PSPC1___PTBP1_unrelaxed_rank_004_alphafold2_multimer_v3_model_2_seed_000.pdb
PSPC1___PTBP1,5,5,A,B,0.0000,0.0,0.0,0.0000,0.1077,0.0000,0.0000,0.0,0.0,0.1300,57.8,64.6,0.320,0,0,0,0,,,,,523,557,,,,,PSPC1___PTBP1_unrelaxed_rank_005_alphafold2_multimer_v3_model_5_seed_000.pdb
PTBP3___PRMT1,1,1,A,B,0.0000,0.0,0.0,0.0000,0.3088,0.0000,0.0000,0.0,0.0,0.1800,60.5,83.7,0.430,0,0,0,0,,,,,552,371,,,,,PTBP3___PRMT1_unrelaxed_rank_001_alphafold2_multimer_v3_model_1_seed_000.pdb
PTBP3___PRMT1,2,3,A,B,0.0000,0.0,0.0,0.0000,0.1497,0.0000,0.0000,0.0,0.0,0.1500,62.9,82.2,0.420,0,0,0,0,,,,,552,371,,,,,PTBP3___PRMT1_unrelaxed_rank_002_alphafold2_multimer_v3_model_3_seed_000.pdb
PTBP3___PRMT1,3,2,A,B,0.0000,0.0,0.0,0.0000,0.1530,0.0000,0.0000,0.0,0.0,0.1400,63.1,83.8,0.430,0,0,0,0,,,,,552,371,,,,,PTBP3___PRMT1_unrelaxed_rank_003_alphafold2_multimer_v3_model_2_seed_000.pdb
PTBP3___PRMT1,4,4,A,B,0.0000,0.0,0.0,0.0000,0.1450,0.0000,0.0000,0.0,0.0,0.1400,61.3,82.5,0.420,0,0,0,0,,,,,552,371,,,,,PTBP3___PRMT1_unrelaxed_rank_004_alphafold2_multimer_v3_model_4_seed_000.pdb
PTBP3___PRMT1,5,5,A,B,0.0000,0.0,0.0,0.0000,0.1280,0.0000,0.0000,0.0,0.0,0.1300,64.1,83.6,0.420,0,0,0,0,,,,,552,371,,,,,PTBP3___PRMT1_unrelaxed_rank_005_alphafold2_multimer_v3_model_5_seed_000.pdb
PTBP3___PTBP1,1,1,A,B,0.0000,0.0,0.0,0.0000,0.1622,0.0000,0.0000,0.0,0.0,0.1600,60.4,60.4,0.290,0,0,0,0,,,,,552,557,,,,,PTBP3___PTBP1_unrelaxed_rank_001_alphafold2_multimer_v3_model_1_seed_000.pdb
PTBP3___PTBP1,2,3,A,B,0.0000,0.0,0.0,0.0000,0.1674,0.0000,0.0000,0.0,0.0,0.1600,60.9,60.7,0.290,0,0,0,0,,,,,552,557,,,,,PTBP3___PTBP1_unrelaxed_rank_002_alphafold2_multimer_v3_model_3_seed_000.pdb
PTBP3___PTBP1,3,2,A,B,0.0000,0.0,0.0,0.0000,0.1558,0.0000,0.0000,0.0,0.0,0.1500,64.1,63.5,0.290,0,0,0,0,,,,,552,557,,,,,PTBP3___PTBP1_unrelaxed_rank_003_alphafold2_multimer_v3_model_2_seed_000.pdb
PTBP3___PTBP1,4,4,A,B,0.0000,0.0,0.0,0.0000,0.1581,0.0000,0.0000,0.0,0.0,0.1500,62.0,61.7,0.290,0,0,0,0,,,,,552,557,,,,,PTBP3___PTBP1_unrelaxed_rank_004_alphafold2_multimer_v3_model_4_seed_000.pdb
PTBP3___PTBP1,5,5,A,B,0.0000,0.0,0.0,0.0000,0.1473,0.0000,0.0000,0.0,0.0,0.1400,64.0,63.7,0.280,0,0,0,0,,,,,552,557,,,,,PTBP3___PTBP1_unrelaxed_rank_005_alphafold2_multimer_v3_model_5_seed_000.pdb
PTBP3___RBM33,1,5,A,B,0.0128,4.2,0.1,0.0000,0.4928,0.0132,0.0125,6.0,3.0,0.2500,67.8,22.9,0.260,6,1,3,1,86.9,35.1,84.7,35.1,552,1170,"[201,236-237,242-243,272]",[246],"[201,242-243]",[246],PTBP3___RBM33_unrelaxed_rank_001_alphafold2_multimer_v3_model_5_seed_000.pdb
PTBP3___RBM33,2,1,A,B,0.0000,0.0,0.0,0.0000,0.3969,0.0000,0.0000,0.0,0.0,0.2300,64.1,21.5,0.260,0,0,0,0,,,,,552,1170,,,,,PTBP3___RBM33_unrelaxed_rank_002_alphafold2_multimer_v3_model_1_seed_000.pdb
PTBP3___RBM33,3,3,A,B,0.0000,0.0,0.0,0.0000,0.3830,0.0000,0.0000,0.0,0.0,0.2200,62.1,22.6,0.260,0,0,0,0,,,,,552,1170,,,,,PTBP3___RBM33_unrelaxed_rank_003_alphafold2_multimer_v3_model_3_seed_000.pdb
PTBP3___RBM33,4,4,A,B,0.0000,0.0,0.0,0.0000,0.3461,0.0000,0.0000,0.0,0.0,0.2200,65.0,21.0,0.260,0,0,0,0,,,,,552,1170,,,,,PTBP3___RBM33_unrelaxed_rank_004_alphafold2_multimer_v3_model_4_seed_000.pdb
PTBP3___RBM33,5,2,A,B,0.0000,0.0,0.0,0.0000,0.2981,0.0000,0.0000,0.0,0.0,0.2100,67.4,22.8,0.260,0,0,0,0,,,,,552,1170,,,,,PTBP3___RBM33_unrelaxed_rank_005_alphafold2_multimer_v3_model_2_seed_000.pdb
PTBP3___SUGP2,1,4,A,B,0.0000,0.0,0.0,0.0000,0.3412,0.0000,0.0000,0.0,0.0,0.2300,58.9,36.3,0.290,0,0,0,0,,,,,552,1082,,,,,PTBP3___SUGP2_unrelaxed_rank_001_alphafold2_multimer_v3_model_4_seed_000.pdb
PTBP3___SUGP2,2,5,A,B,0.0000,0.0,0.0,0.0000,0.2840,0.0000,0.0000,0.0,0.0,0.2000,63.1,36.2,0.280,0,0,0,0,,,,,552,1082,,,,,PTBP3___SUGP2_unrelaxed_rank_002_alphafold2_multimer_v3_model_5_seed_000.pdb
PTBP3___SUGP2,3,3,A,B,0.0000,0.0,0.0,0.0000,0.2410,0.0000,0.0000,0.0,0.0,0.2000,60.1,37.1,0.280,0,0,0,0,,,,,552,1082,,,,,PTBP3___SUGP2_unrelaxed_rank_003_alphafold2_multimer_v3_model_3_seed_000.pdb
PTBP3___SUGP2,4,1,A,B,0.0000,0.0,0.0,0.0000,0.2085,0.0000,0.0000,0.0,0.0,0.2000,57.7,34.3,0.260,0,0,0,0,,,,,552,1082,,,,,PTBP3___SUGP2_unrelaxed_rank_004_alphafold2_multimer_v3_model_1_seed_000.pdb
PTBP3___SUGP2,5,2,A,B,0.0000,0.0,0.0,0.0000,0.1709,0.0000,0.0000,0.0,0.0,0.1700,65.6,35.5,0.260,0,0,0,0,,,,,552,1082,,,,,PTBP3___SUGP2_unrelaxed_rank_005_alphafold2_multimer_v3_model_2_seed_000.pdb
RB1___FAM50A,1,3,A,B,0.2517,447.0,112.5,0.0617,0.8484,0.1785,0.3548,4874.0,41.0,0.4100,68.2,49.0,0.590,516,16,15,8,92.3,47.5,87.1,52.7,928,339,"[56-81,95-173,189-207,211-229,273-281,284-300,317-329,331-343,375-389,396-467,472-498,513-539,541-577,603-606,645-783]",[113-128],"[710,713-714,720-722,751,753,756-757,761,765,768-769,772]","[116-117,119-122,126-127]",RB1___FAM50A_unrelaxed_rank_001_alphafold2_multimer_v3_model_3_seed_000.pdb
RB1___FAM50A,2,1,A,B,0.1972,379.3,74.8,0.0237,0.7859,0.1522,0.2554,3596.0,40.0,0.3300,68.8,51.8,0.580,459,14,15,8,91.5,46.3,87.8,48.9,928,339,"[57-64,67-80,97-111,115-124,126-138,141-169,190-206,212-227,276-278,286-300,317-328,332-337,375,377-387,396-397,399-405,409-435,438-464,474-498,513-538,542-577,605,645-775,777-783]",[115-128],"[710,713-714,716,720-721,753-754,756-757,761,765,768-769,772]","[116-118,120-122,126-127]",RB1___FAM50A_unrelaxed_rank_002_alphafold2_multimer_v3_model_1_seed_000.pdb
RB1___FAM50A,3,2,A,B,0.0000,0.0,0.0,0.0000,0.4795,0.0116,0.0000,17.0,0.0,0.2200,68.6,51.2,0.580,15,4,0,0,91.0,40.0,,,928,339,"[454,669,680,702,706,720,725,738,742,751-752,754,756,758,768]",[284-287],,,RB1___FAM50A_unrelaxed_rank_003_alphafold2_multimer_v3_model_2_seed_000.pdb
RB1___FAM50A,4,4,A,B,0.0000,0.0,0.0,0.0000,0.1799,0.0000,0.0000,0.0,0.0,0.1700,67.5,42.0,0.570,0,0,0,0,,,,,928,339,,,,,RB1___FAM50A_unrelaxed_rank_004_alphafold2_multimer_v3_model_4_seed_000.pdb
RB1___FAM50A,5,5,A,B,0.0000,0.0,0.0,0.0000,0.1650,0.0000,0.0000,0.0,0.0,0.1700,68.1,48.6,0.570,0,0,0,0,,,,,928,339,,,,,RB1___FAM50A_unrelaxed_rank_005_alphafold2_multimer_v3_model_5_seed_000.pdb
RBM4___SRSF11,1,1,A,B,0.0237,29.4,0.7,0.0107,0.4410,0.0224,0.0250,108.0,8.0,0.1700,46.8,32.8,0.230,51,8,4,4,85.8,35.0,65.9,34.3,364,484,"[79,82,84,86,88-89,92-101,103-104,107,109-110,112-120,122-126,128-131,133,140-145,147-150,152]",[423-430],"[110,115,148,150]","[423,425,428-429]",RBM4___SRSF11_unrelaxed_rank_001_alphafold2_multimer_v3_model_1_seed_000.pdb
RBM4___SRSF11,2,2,A,B,0.0000,0.0,0.0,0.0000,0.3465,0.0113,0.0000,1.0,0.0,0.1600,48.4,34.2,0.230,1,1,0,0,91.8,33.5,,,364,484,[103],[425],,,RBM4___SRSF11_unrelaxed_rank_002_alphafold2_multimer_v3_model_2_seed_000.pdb
RBM4___SRSF11,3,3,A,B,0.0371,55.3,2.1,0.0000,0.4432,0.0321,0.0428,153.0,20.0,0.1700,46.4,34.0,0.220,64,7,10,5,78.0,35.8,59.9,36.2,364,484,"[79,82,91-110,114-129,131-134,140,142-153,162-165,170-174]",[424-430],"[108,110,115,148-152,163,172]",[425-429],RBM4___SRSF11_unrelaxed_rank_003_alphafold2_multimer_v3_model_3_seed_000.pdb
RBM4___SRSF11,4,4,A,B,0.0194,23.2,0.5,0.0000,0.4043,0.0225,0.0167,108.0,5.0,0.1600,48.4,34.3,0.220,53,6,3,3,88.9,33.7,81.0,34.0,364,484,"[80,82,89-90,92-105,107-110,113,115-132,134-136,139-140,142-144,146-149]",[425-430],"[110,113,115]","[425-426,429]",RBM4___SRSF11_unrelaxed_rank_004_alphafold2_multimer_v3_model_4_seed_000.pdb
RBM4___SRSF11,5,5,A,B,0.0000,0.0,0.0,0.0000,0.1954,0.0000,0.0000,0.0,0.0,0.1300,47.2,33.1,0.220,0,0,0,0,,,,,364,484,,,,,RBM4___SRSF11_unrelaxed_rank_005_alphafold2_multimer_v3_model_5_seed_000.pdb
RPS12___DAZAP1,1,3,A,B,0.0000,0.0,0.0,0.0000,0.2142,0.0000,0.0000,0.0,0.0,0.2200,81.1,43.8,0.320,0,0,0,0,,,,,132,407,,,,,RPS12___DAZAP1_unrelaxed_rank_001_alphafold2_multimer_v3_model_3_seed_000.pdb
RPS12___DAZAP1,2,1,A,B,0.0000,0.0,0.0,0.0000,0.1890,0.0000,0.0000,0.0,0.0,0.2000,83.4,47.1,0.310,0,0,0,0,,,,,132,407,,,,,RPS12___DAZAP1_unrelaxed_rank_002_alphafold2_multimer_v3_model_1_seed_000.pdb
RPS12___DAZAP1,3,4,A,B,0.0000,0.0,0.0,0.0000,0.1767,0.0000,0.0000,0.0,0.0,0.1700,82.7,44.7,0.310,0,0,0,0,,,,,132,407,,,,,RPS12___DAZAP1_unrelaxed_rank_003_alphafold2_multimer_v3_model_4_seed_000.pdb
RPS12___DAZAP1,4,2,A,B,0.0000,0.0,0.0,0.0000,0.1089,0.0000,0.0000,0.0,0.0,0.1400,81.7,45.9,0.300,0,0,0,0,,,,,132,407,,,,,RPS12___DAZAP1_unrelaxed_rank_004_alphafold2_multimer_v3_model_2_seed_000.pdb
RPS12___DAZAP1,5,5,A,B,0.0000,0.0,0.0,0.0000,0.1411,0.0000,0.0000,0.0,0.0,0.1400,79.6,44.7,0.300,0,0,0,0,,,,,132,407,,,,,RPS12___DAZAP1_unrelaxed_rank_005_alphafold2_multimer_v3_model_5_seed_000.pdb
SAFB___RB1,1,5,A,B,0.2159,515.0,111.2,0.0247,0.8350,0.1848,0.2523,5200.0,51.0,0.4200,27.0,69.1,0.470,14,520,9,18,43.5,93.2,46.1,92.2,915,928,[125-138],"[56-82,96-173,189-207,211-229,273-281,285-300,316-329,331-343,375-388,395-468,472-498,513-539,541-577,601-607,645-783]","[126,128,130-133,135-137]","[709-710,713-714,720-722,751,753-754,756-757,761-762,765,768-769,772]",SAFB___RB1_unrelaxed_rank_001_alphafold2_multimer_v3_model_5_seed_000.pdb
SAFB___RB1,2,2,A,B,0.2266,533.4,120.9,0.0243,0.8932,0.1807,0.2841,5472.0,52.0,0.4000,28.4,69.5,0.470,15,515,11,17,41.9,92.9,43.6,91.5,915,928,[126-140],"[56-81,96-173,190-206,211-229,273-281,284-300,316-328,331-337,339-343,375-389,395-436,438-468,472-498,513-539,541-577,602-607,645-783]","[126,128,130-133,135-139]","[709-710,713-714,720-722,751,753-754,756-757,761,765,768-769,772]",SAFB___RB1_unrelaxed_rank_002_alphafold2_multimer_v3_model_2_seed_000.pdb
SAFB___RB1,3,1,A,B,0.2492,449.4,112.0,0.0540,0.9065,0.1973,0.3148,4039.0,50.0,0.4000,27.1,68.4,0.460,14,432,8,20,43.1,91.8,46.9,90.1,915,928,[127-140],"[61,70-74,76-77,97-109,115-124,127-135,143-169,191-203,205-206,212-227,277-278,287-288,290-293,296,300,317-318,320-322,324,332-337,375,377-387,396-397,399-405,407,409-436,438-467,473-498,513-538,542-577,602-606,645-783]","[129,131-133,135-137,139]","[709-710,713-714,720-722,725,739-740,751-753,756-757,761,765,768-769,772]",SAFB___RB1_unrelaxed_rank_003_alphafold2_multimer_v3_model_1_seed_000.pdb
SAFB___RB1,4,3,A,B,0.0316,39.1,1.2,0.0110,0.5543,0.0305,0.0328,306.0,5.0,0.2200,26.6,68.9,0.470,7,121,2,4,28.1,94.7,30.1,91.8,915,928,[131-137],"[198,415,456,488,494,520,525,531,536,552-553,555-564,569-570,572-573,650-651,653-670,674-715,717,719-728,738-739,742-744,748-760,763-764,767-769]",[133-134],"[721,753,756-757]",SAFB___RB1_unrelaxed_rank_004_alphafold2_multimer_v3_model_3_seed_000.pdb
SAFB___RB1,5,4,A,B,0.0000,0.0,0.0,0.0000,0.3337,0.0000,0.0000,0.0,0.0,0.1900,25.1,68.4,0.460,0,0,0,0,,,,,915,928,,,,,SAFB___RB1_unrelaxed_rank_005_alphafold2_multimer_v3_model_4_seed_000.pdb
SAR1A___ATXN2L,1,5,A,B,0.0251,14.1,0.4,0.0000,0.4720,0.0254,0.0248,20.0,10.0,0.4100,76.0,27.3,0.270,14,3,9,2,85.3,41.5,85.6,41.3,198,1075,"[40,136-138,176-179,181-185,187]","[663-664,666]","[136-137,177-179,182,184-185,187]","[663,666]",SAR1A___ATXN2L_unrelaxed_rank_001_alphafold2_multimer_v3_model_5_seed_000.pdb
SAR1A___ATXN2L,2,3,A,B,0.0000,0.0,0.0,0.0000,0.2780,0.0000,0.0000,0.0,0.0,0.2800,67.4,25.3,0.260,0,0,0,0,,,,,198,1075,,,,,SAR1A___ATXN2L_unrelaxed_rank_002_alphafold2_multimer_v3_model_3_seed_000.pdb
SAR1A___ATXN2L,3,2,A,B,0.0000,0.0,0.0,0.0000,0.2567,0.0000,0.0000,0.0,0.0,0.2700,70.6,24.9,0.260,0,0,0,0,,,,,198,1075,,,,,SAR1A___ATXN2L_unrelaxed_rank_003_alphafold2_multimer_v3_model_2_seed_000.pdb
SAR1A___ATXN2L,4,4,A,B,0.0000,0.0,0.0,0.0000,0.2383,0.0000,0.0000,0.0,0.0,0.2700,63.8,22.8,0.260,0,0,0,0,,,,,198,1075,,,,,SAR1A___ATXN2L_unrelaxed_rank_004_alphafold2_multimer_v3_model_4_seed_000.pdb
SAR1A___ATXN2L,5,1,A,B,0.0000,0.0,0.0,0.0000,0.2528,0.0000,0.0000,0.0,0.0,0.2400,67.7,25.6,0.260,0,0,0,0,,,,,198,1075,,,,,SAR1A___ATXN2L_unrelaxed_rank_005_alphafold2_multimer_v3_model_1_seed_000.pdb
SAR1A___CDC5L,1,5,A,B,0.0000,0.0,0.0,0.0000,0.2121,0.0000,0.0000,0.0,0.0,0.2900,68.8,57.6,0.290,0,0,0,0,,,,,198,802,,,,,SAR1A___CDC5L_unrelaxed_rank_001_alphafold2_multimer_v3_model_5_seed_000.pdb
SAR1A___CDC5L,2,2,A,B,0.0000,0.0,0.0,0.0000,0.1888,0.0000,0.0000,0.0,0.0,0.1700,66.3,55.1,0.260,0,0,0,0,,,,,198,802,,,,,SAR1A___CDC5L_unrelaxed_rank_002_alphafold2_multimer_v3_model_2_seed_000.pdb
SAR1A___CDC5L,3,1,A,B,0.0000,0.0,0.0,0.0000,0.1434,0.0000,0.0000,0.0,0.0,0.1700,69.5,58.7,0.270,0,0,0,0,,,,,198,802,,,,,SAR1A___CDC5L_unrelaxed_rank_003_alphafold2_multimer_v3_model_1_seed_000.pdb
SAR1A___CDC5L,4,4,A,B,0.0000,0.0,0.0,0.0000,0.1574,0.0000,0.0000,0.0,0.0,0.1600,66.0,53.5,0.270,0,0,0,0,,,,,198,802,,,,,SAR1A___CDC5L_unrelaxed_rank_004_alphafold2_multimer_v3_model_4_seed_000.pdb
SAR1A___CDC5L,5,3,A,B,0.0000,0.0,0.0,0.0000,0.1348,0.0000,0.0000,0.0,0.0,0.1500,68.2,59.1,0.270,0,0,0,0,,,,,198,802,,,,,SAR1A___CDC5L_unrelaxed_rank_005_alphafold2_multimer_v3_model_3_seed_000.pdb
SAR1A___GFP,1,1,A,B,0.0000,0.0,0.0,0.0000,0.1658,0.0217,0.0000,433.0,0.0,0.2200,67.7,86.7,0.600,8,139,0,0,87.9,88.8,,,198,238,"[30,96-99,130-132]","[11-17,19,21,27,29,33-38,40-48,55-63,70-86,93,95,97-103,105-107,119-120,122-126,130,135-137,139-143,150-156,161-173,175-187,194-201,205-211,216-226]",,,SAR1A___GFP_unrelaxed_rank_001_alphafold2_multimer_v3_model_1_seed_000.pdb
SAR1A___GFP,2,2,A,B,0.0000,0.0,0.0,0.0000,0.1673,0.0204,0.0000,559.0,0.0,0.2000,70.5,87.0,0.590,7,137,0,0,91.4,89.9,,,198,238,"[96-99,130-132]","[11-17,19,27,29,34-38,40-49,55-61,63,70-86,92-101,106-107,109,111-114,118-126,130,135-137,139-143,150-154,161-172,176-187,194,197-201,203-209,211,216-224]",,,SAR1A___GFP_unrelaxed_rank_002_alphafold2_multimer_v3_model_2_seed_000.pdb
SAR1A___GFP,3,5,A,B,0.0000,0.0,0.0,0.0000,0.1504,0.0101,0.0000,90.0,0.0,0.2000,67.7,86.7,0.590,6,40,0,0,89.6,87.4,,,198,238,"[97-99,130-132]","[27,29,34,36,42-47,57-58,71,76,78-82,85-86,142,150,152,154,162,166,170-171,177-178,197-199,207-209,217,219-220]",,,SAR1A___GFP_unrelaxed_rank_003_alphafold2_multimer_v3_model_5_seed_000.pdb
SAR1A___GFP,4,4,A,B,0.0000,0.0,0.0,0.0000,0.1365,0.0179,0.0000,270.0,0.0,0.1900,69.2,87.3,0.590,9,97,0,0,88.0,87.6,,,198,238,"[30,96-99,129-132]","[11-15,27,29,33-38,40-47,56-61,71-86,98-101,120,135-136,140-143,149-154,161-162,165-173,176-181,194,197-201,206-209,211,216-221,223,225-226]",,,SAR1A___GFP_unrelaxed_rank_004_alphafold2_multimer_v3_model_4_seed_000.pdb
SAR1A___GFP,5,3,A,B,0.0000,0.0,0.0,0.0000,0.0910,0.0000,0.0000,0.0,0.0,0.1100,69.8,87.6,0.550,0,0,0,0,,,,,198,238,,,,,SAR1A___GFP_unrelaxed_rank_005_alphafold2_multimer_v3_model_3_seed_000.pdb
SAR1A___XRN2,1,4,A,B,0.0000,0.0,0.0,0.0000,0.2067,0.0000,0.0000,0.0,0.0,0.2700,51.9,70.3,0.660,0,0,0,0,,,,,198,950,,,,,SAR1A___XRN2_unrelaxed_rank_001_alphafold2_multimer_v3_model_4_seed_000.pdb
SAR1A___XRN2,2,3,A,B,0.0000,0.0,0.0,0.0000,0.1948,0.0000,0.0000,0.0,0.0,0.2600,59.9,69.1,0.650,0,0,0,0,,,,,198,950,,,,,SAR1A___XRN2_unrelaxed_rank_002_alphafold2_multimer_v3_model_3_seed_000.pdb
SAR1A___XRN2,3,5,A,B,0.0000,0.0,0.0,0.0000,0.1660,0.0000,0.0000,0.0,0.0,0.2100,64.8,70.0,0.650,0,0,0,0,,,,,198,950,,,,,SAR1A___XRN2_unrelaxed_rank_003_alphafold2_multimer_v3_model_5_seed_000.pdb
SAR1A___XRN2,4,1,A,B,0.0000,0.0,0.0,0.0000,0.1629,0.0000,0.0000,0.0,0.0,0.2100,60.3,70.0,0.640,0,0,0,0,,,,,198,950,,,,,SAR1A___XRN2_unrelaxed_rank_004_alphafold2_multimer_v3_model_1_seed_000.pdb
SAR1A___XRN2,5,2,A,B,0.0000,0.0,0.0,0.0000,0.1436,0.0000,0.0000,0.0,0.0,0.1800,59.7,70.1,0.640,0,0,0,0,,,,,198,950,,,,,SAR1A___XRN2_unrelaxed_rank_005_alphafold2_multimer_v3_model_2_seed_000.pdb
SET___CSTB,1,4,A,B,0.0188,47.8,0.9,0.0112,0.2745,0.0258,0.0137,457.0,5.0,0.2600,65.0,73.4,0.520,131,13,3,5,87.1,63.9,70.9,53.5,290,98,"[41,43-84,86-91,93-102,104-106,108-126,128,135-142,144-156,167-174,178,203-206,217-221,223-230,232-233]","[3,45-54,69,71]","[67,70,135]","[3,47-50]",SET___CSTB_unrelaxed_rank_001_alphafold2_multimer_v3_model_4_seed_000.pdb
SET___CSTB,2,5,A,B,0.0035,5.6,0.0,0.0000,0.2412,0.0099,0.0012,31.0,1.0,0.2400,64.1,77.9,0.510,26,4,1,1,86.3,62.5,78.9,56.5,290,98,"[52-53,55-56,67,70-72,82,86,100,113-114,116,119,124,135,138-140,147,149-152,203]","[48-50,52]",[135],[49],SET___CSTB_unrelaxed_rank_002_alphafold2_multimer_v3_model_5_seed_000.pdb
SET___CSTB,3,1,A,B,0.0160,41.8,0.7,0.0115,0.2406,0.0240,0.0107,436.0,4.0,0.2300,64.3,63.3,0.520,146,11,3,3,85.9,58.1,71.6,53.1,290,98,"[45-91,93-111,113-128,134-144,146-159,164-174,177-179,202-208,215,217-233]","[46-54,68,70]","[156,164,223]",[46-48],SET___CSTB_unrelaxed_rank_003_alphafold2_multimer_v3_model_1_seed_000.pdb
SET___CSTB,4,2,A,B,0.0019,4.9,0.0,0.0000,0.2504,0.0089,0.0004,24.0,1.0,0.2100,65.0,69.0,0.510,15,4,1,1,79.7,60.9,69.8,57.9,290,98,"[51,58,62-63,65-66,69-70,72-73,82,120,140,147,171]","[47-48,51-52]",[70],[48],SET___CSTB_unrelaxed_rank_004_alphafold2_multimer_v3_model_2_seed_000.pdb
SET___CSTB,5,3,A,B,0.0000,0.0,0.0,0.0000,0.1928,0.0000,0.0000,0.0,0.0,0.2000,64.7,68.3,0.510,0,0,0,0,,,,,290,98,,,,,SET___CSTB_unrelaxed_rank_005_alphafold2_multimer_v3_model_3_seed_000.pdb
SET___DAZAP1,1,1,A,B,0.0264,3.0,0.1,0.0000,0.3811,0.0199,0.0350,9.0,1.0,0.2000,62.8,40.1,0.360,9,1,1,1,81.9,25.6,74.4,25.6,290,407,"[51-52,54,57-58,61,65-66,82]",[405],[66],[405],SET___DAZAP1_unrelaxed_rank_001_alphafold2_multimer_v3_model_1_seed_000.pdb
SET___DAZAP1,2,4,A,B,0.0000,0.0,0.0,0.0000,0.2272,0.0000,0.0000,0.0,0.0,0.1900,61.0,37.9,0.350,0,0,0,0,,,,,290,407,,,,,SET___DAZAP1_unrelaxed_rank_002_alphafold2_multimer_v3_model_4_seed_000.pdb
SET___DAZAP1,3,5,A,B,0.0000,0.0,0.0,0.0000,0.3613,0.0008,0.0000,1.0,0.0,0.1600,62.6,40.7,0.350,1,1,0,0,81.8,27.1,,,290,407,[50],[405],,,SET___DAZAP1_unrelaxed_rank_003_alphafold2_multimer_v3_model_5_seed_000.pdb
SET___DAZAP1,4,3,A,B,0.0468,29.9,1.4,0.0119,0.4207,0.0425,0.0517,179.0,5.0,0.1600,62.1,39.6,0.350,60,6,3,2,84.0,30.0,75.6,31.8,290,407,"[42-89,100,113,126,135,149,151,153,205,222-224,227]",[402-407],"[66-67,70]",[404-405],SET___DAZAP1_unrelaxed_rank_004_alphafold2_multimer_v3_model_3_seed_000.pdb
SET___DAZAP1,5,2,A,B,0.0000,0.0,0.0,0.0000,0.3222,0.0000,0.0000,0.0,0.0,0.1400,63.6,39.9,0.350,0,0,0,0,,,,,290,407,,,,,SET___DAZAP1_unrelaxed_rank_005_alphafold2_multimer_v3_model_2_seed_000.pdb
SET___SF3A3,1,3,A,B,0.0000,0.0,0.0,0.0000,0.1900,0.0000,0.0000,0.0,0.0,0.1800,62.0,74.6,0.420,0,0,0,0,,,,,290,501,,,,,SET___SF3A3_unrelaxed_rank_001_alphafold2_multimer_v3_model_3_seed_000.pdb
SET___SF3A3,2,1,A,B,0.0523,32.3,1.7,0.0124,0.5156,0.0324,0.0844,261.0,4.0,0.1800,61.0,73.5,0.390,86,10,4,2,83.8,43.7,68.6,45.9,290,501,"[44-89,94-96,98-100,122-128,135-141,151-156,166,169,171,219-220,222-226,229-230,232-233]","[392-400,402]","[63,66-67,70]","[396,399]",SET___SF3A3_unrelaxed_rank_002_alphafold2_multimer_v3_model_1_seed_000.pdb
SET___SF3A3,3,5,A,B,0.0000,0.0,0.0,0.0000,0.1508,0.0000,0.0000,0.0,0.0,0.1600,61.9,74.6,0.420,0,0,0,0,,,,,290,501,,,,,SET___SF3A3_unrelaxed_rank_003_alphafold2_multimer_v3_model_5_seed_000.pdb
SET___SF3A3,4,2,A,B,0.0000,0.0,0.0,0.0000,0.2962,0.0000,0.0000,0.0,0.0,0.1400,62.5,73.9,0.400,0,0,0,0,,,,,290,501,,,,,SET___SF3A3_unrelaxed_rank_004_alphafold2_multimer_v3_model_2_seed_000.pdb
SET___SF3A3,5,4,A,B,0.0000,0.0,0.0,0.0000,0.1633,0.0000,0.0000,0.0,0.0,0.1300,61.6,71.8,0.390,0,0,0,0,,,,,290,501,,,,,SET___SF3A3_unrelaxed_rank_005_alphafold2_multimer_v3_model_4_seed_000.pdb
SET___U2SURP,1,2,A,B,0.1747,342.5,59.8,0.0181,0.7335,0.1386,0.2201,2394.0,49.0,0.3600,63.2,50.2,0.290,169,24,13,11,86.8,52.6,76.7,53.3,290,1029,"[41-159,161-174,177-180,201-209,212-234]",[199-222],"[56,59-60,62-63,66-67,69-70,73,131-132,223]","[201-202,204-205,207-208,211-212,214-215,218]",SET___U2SURP_unrelaxed_rank_001_alphafold2_multimer_v3_model_2_seed_000.pdb
SET___U2SURP,2,1,A,B,0.0771,78.3,6.0,0.0134,0.6104,0.0635,0.0936,292.0,21.0,0.2900,61.4,49.3,0.280,48,14,8,5,84.4,52.2,76.5,51.9,290,1029,"[47-87,95,138,140,153,155-156,204]","[202-214,216]","[59,62-63,66-67,69-70,73]","[204-205,207-208,211]",SET___U2SURP_unrelaxed_rank_002_alphafold2_multimer_v3_model_1_seed_000.pdb
SET___U2SURP,3,4,A,B,0.0342,63.5,2.2,0.0111,0.5635,0.0277,0.0423,269.0,15.0,0.2800,61.4,46.4,0.270,69,11,8,5,85.1,47.9,74.3,49.5,290,1029,"[45,47-90,93-95,97-98,109,113,116-117,119-122,126,136,138,140,147,150-151,153,155,173,203]",[202-212],"[59,62-63,66-67,69-70,73]","[204-205,207-208,211]",SET___U2SURP_unrelaxed_rank_003_alphafold2_multimer_v3_model_4_seed_000.pdb
SET___U2SURP,4,3,A,B,0.0315,18.5,0.6,0.0111,0.5180,0.0253,0.0392,114.0,3.0,0.2700,60.9,48.3,0.280,58,9,3,2,85.0,47.7,70.8,51.0,290,1029,"[46-83,85-89,91,94-95,98,117,123-124,126,136-138,140,151,153,155]",[203-211],"[63,66-67]",[207-208],SET___U2SURP_unrelaxed_rank_004_alphafold2_multimer_v3_model_3_seed_000.pdb
SET___U2SURP,5,5,A,B,0.0000,0.0,0.0,0.0000,0.3210,0.0000,0.0000,0.0,0.0,0.1700,62.4,48.6,0.280,0,0,0,0,,,,,290,1029,,,,,SET___U2SURP_unrelaxed_rank_005_alphafold2_multimer_v3_model_5_seed_000.pdb
SF1___DDX17,1,3,A,B,0.0000,0.0,0.0,0.0000,0.3316,0.0000,0.0000,0.0,0.0,0.2700,36.1,61.0,0.410,0,0,0,0,,,,,639,729,,,,,SF1___DDX17_unrelaxed_rank_001_alphafold2_multimer_v3_model_3_seed_000.pdb
SF1___DDX17,2,4,A,B,0.0000,0.0,0.0,0.0000,0.2574,0.0000,0.0000,0.0,0.0,0.1800,33.1,60.2,0.390,0,0,0,0,,,,,639,729,,,,,SF1___DDX17_unrelaxed_rank_002_alphafold2_multimer_v3_model_4_seed_000.pdb
SF1___DDX17,3,2,A,B,0.0000,0.0,0.0,0.0000,0.2247,0.0000,0.0000,0.0,0.0,0.1800,34.6,62.4,0.390,0,0,0,0,,,,,639,729,,,,,SF1___DDX17_unrelaxed_rank_003_alphafold2_multimer_v3_model_2_seed_000.pdb
SF1___DDX17,4,1,A,B,0.0000,0.0,0.0,0.0000,0.2190,0.0000,0.0000,0.0,0.0,0.1800,34.1,59.8,0.370,0,0,0,0,,,,,639,729,,,,,SF1___DDX17_unrelaxed_rank_004_alphafold2_multimer_v3_model_1_seed_000.pdb
SF1___DDX17,5,5,A,B,0.0000,0.0,0.0,0.0000,0.2030,0.0000,0.0000,0.0,0.0,0.1700,35.0,60.1,0.360,0,0,0,0,,,,,639,729,,,,,SF1___DDX17_unrelaxed_rank_005_alphafold2_multimer_v3_model_5_seed_000.pdb
SFPQ___SAFB,1,5,A,B,0.3594,831.5,298.8,0.1355,0.9304,0.2458,0.5254,9876.0,70.0,0.3400,48.8,31.9,0.320,184,73,18,17,90.5,77.3,85.1,81.5,707,915,"[299-301,337,342,345,348,371-405,408-450,486-584]","[614-685,688]","[525,528-529,532,535-536,539,542-543,546,549-550,553,557,560,564,567,571]","[627,631,634,638,641-642,645,648-649,652,655-656,659,662-663,666,670]",SFPQ___SAFB_unrelaxed_rank_001_alphafold2_multimer_v3_model_5_seed_000.pdb
SFPQ___SAFB,2,2,A,B,0.3741,789.3,295.2,0.1413,0.9161,0.2583,0.5418,7079.0,88.0,0.3200,48.3,32.0,0.330,171,68,19,19,88.5,76.0,82.2,79.8,707,915,"[371-395,397,399-405,409-419,421-450,488-583,585]","[638,640-706]","[525,528-529,531-532,535-536,538-539,542-543,545-546,549-550,553,556-557,560]","[652,655-656,658-659,662-663,665-666,669-670,672-673,676-677,679-680,683,687]",SFPQ___SAFB_unrelaxed_rank_002_alphafold2_multimer_v3_model_2_seed_000.pdb
SFPQ___SAFB,3,1,A,B,0.0951,209.5,19.9,0.0120,0.6844,0.0765,0.1182,1186.0,37.0,0.2500,48.8,30.8,0.310,54,35,11,12,81.3,75.0,74.3,73.5,707,915,"[509,512-517,519-564,566]","[629,631-663,665]","[532,535-536,539,542-543,546,549-550,553,557]","[638,641-642,645,648-649,652,655-656,659,662-663]",SFPQ___SAFB_unrelaxed_rank_003_alphafold2_multimer_v3_model_1_seed_000.pdb
SFPQ___SAFB,4,3,A,B,0.0000,0.0,0.0,0.0000,0.4790,0.0086,0.0000,33.0,0.0,0.2500,48.7,31.1,0.310,13,15,0,0,81.1,70.9,,,707,915,"[518,523,525-526,535-536,540-541,543-544,547-548,551]","[663-666,670,672-674,677,679-680,682-684,686]",,,SFPQ___SAFB_unrelaxed_rank_004_alphafold2_multimer_v3_model_3_seed_000.pdb
SFPQ___SAFB,5,4,A,B,0.0000,0.0,0.0,0.0000,0.1533,0.0000,0.0000,0.0,0.0,0.1800,48.0,28.8,0.280,0,0,0,0,,,,,707,915,,,,,SFPQ___SAFB_unrelaxed_rank_005_alphafold2_multimer_v3_model_4_seed_000.pdb
SFPQ___SNRPC,1,2,A,B,0.0000,0.0,0.0,0.0000,0.2033,0.0000,0.0000,0.0,0.0,0.1500,50.0,37.2,0.370,0,0,0,0,,,,,707,159,,,,,SFPQ___SNRPC_unrelaxed_rank_001_alphafold2_multimer_v3_model_2_seed_000.pdb
SFPQ___SNRPC,2,1,A,B,0.0000,0.0,0.0,0.0000,0.1290,0.0000,0.0000,0.0,0.0,0.1300,50.9,30.0,0.370,0,0,0,0,,,,,707,159,,,,,SFPQ___SNRPC_unrelaxed_rank_002_alphafold2_multimer_v3_model_1_seed_000.pdb
SFPQ___SNRPC,3,3,A,B,0.0000,0.0,0.0,0.0000,0.1446,0.0000,0.0000,0.0,0.0,0.1300,50.6,34.4,0.380,0,0,0,0,,,,,707,159,,,,,SFPQ___SNRPC_unrelaxed_rank_003_alphafold2_multimer_v3_model_3_seed_000.pdb
SFPQ___SNRPC,4,5,A,B,0.0000,0.0,0.0,0.0000,0.1172,0.0000,0.0000,0.0,0.0,0.1200,49.8,33.5,0.380,0,0,0,0,,,,,707,159,,,,,SFPQ___SNRPC_unrelaxed_rank_004_alphafold2_multimer_v3_model_5_seed_000.pdb
SFPQ___SNRPC,5,4,A,B,0.0000,0.0,0.0,0.0000,0.1070,0.0000,0.0000,0.0,0.0,0.1200,49.3,34.1,0.360,0,0,0,0,,,,,707,159,,,,,SFPQ___SNRPC_unrelaxed_rank_005_alphafold2_multimer_v3_model_4_seed_000.pdb
SLC3A2___CHERP,1,1,A,B,0.0000,0.0,0.0,0.0000,0.3178,0.0000,0.0000,0.0,0.0,0.1800,69.5,45.7,0.390,0,0,0,0,,,,,630,916,,,,,SLC3A2___CHERP_unrelaxed_rank_001_alphafold2_multimer_v3_model_1_seed_000.pdb
SLC3A2___CHERP,2,4,A,B,0.0000,0.0,0.0,0.0000,0.1856,0.0000,0.0000,0.0,0.0,0.1800,67.8,44.1,0.380,0,0,0,0,,,,,630,916,,,,,SLC3A2___CHERP_unrelaxed_rank_002_alphafold2_multimer_v3_model_4_seed_000.pdb
SLC3A2___CHERP,3,5,A,B,0.0000,0.0,0.0,0.0000,0.1544,0.0000,0.0000,0.0,0.0,0.1800,68.6,44.9,0.380,0,0,0,0,,,,,630,916,,,,,SLC3A2___CHERP_unrelaxed_rank_003_alphafold2_multimer_v3_model_5_seed_000.pdb
SLC3A2___CHERP,4,2,A,B,0.0000,0.0,0.0,0.0000,0.2557,0.0000,0.0000,0.0,0.0,0.1700,69.7,46.2,0.390,0,0,0,0,,,,,630,916,,,,,SLC3A2___CHERP_unrelaxed_rank_004_alphafold2_multimer_v3_model_2_seed_000.pdb
SLC3A2___CHERP,5,3,A,B,0.0000,0.0,0.0,0.0000,0.2264,0.0000,0.0000,0.0,0.0,0.1700,68.5,43.5,0.390,0,0,0,0,,,,,630,916,,,,,SLC3A2___CHERP_unrelaxed_rank_005_alphafold2_multimer_v3_model_3_seed_000.pdb
SNRPC___FUBP3,1,2,A,B,0.0000,0.0,0.0,0.0000,0.1731,0.0000,0.0000,0.0,0.0,0.1500,33.9,53.2,0.210,0,0,0,0,,,,,159,572,,,,,SNRPC___FUBP3_unrelaxed_rank_001_alphafold2_multimer_v3_model_2_seed_000.pdb
SNRPC___FUBP3,2,3,A,B,0.0000,0.0,0.0,0.0000,0.1899,0.0000,0.0000,0.0,0.0,0.1400,31.7,49.4,0.200,0,0,0,0,,,,,159,572,,,,,SNRPC___FUBP3_unrelaxed_rank_002_alphafold2_multimer_v3_model_3_seed_000.pdb
SNRPC___FUBP3,3,1,A,B,0.0000,0.0,0.0,0.0000,0.1854,0.0000,0.0000,0.0,0.0,0.1400,29.2,52.6,0.210,0,0,0,0,,,,,159,572,,,,,SNRPC___FUBP3_unrelaxed_rank_003_alphafold2_multimer_v3_model_1_seed_000.pdb
SNRPC___FUBP3,4,5,A,B,0.0000,0.0,0.0,0.0000,0.1336,0.0000,0.0000,0.0,0.0,0.1200,34.0,53.7,0.210,0,0,0,0,,,,,159,572,,,,,SNRPC___FUBP3_unrelaxed_rank_004_alphafold2_multimer_v3_model_5_seed_000.pdb
SNRPC___FUBP3,5,4,A,B,0.0000,0.0,0.0,0.0000,0.1251,0.0000,0.0000,0.0,0.0,0.1200,31.7,50.7,0.200,0,0,0,0,,,,,159,572,,,,,SNRPC___FUBP3_unrelaxed_rank_005_alphafold2_multimer_v3_model_4_seed_000.pdb
STIP1___HMGB1,1,1,A,B,0.0000,0.0,0.0,0.0000,0.1716,0.0000,0.0000,0.0,0.0,0.2000,83.7,60.0,0.390,0,0,0,0,,,,,543,215,,,,,STIP1___HMGB1_unrelaxed_rank_001_alphafold2_multimer_v3_model_1_seed_000.pdb
STIP1___HMGB1,2,3,A,B,0.0000,0.0,0.0,0.0000,0.1585,0.0000,0.0000,0.0,0.0,0.1700,82.5,61.5,0.390,0,0,0,0,,,,,543,215,,,,,STIP1___HMGB1_unrelaxed_rank_002_alphafold2_multimer_v3_model_3_seed_000.pdb
STIP1___HMGB1,3,2,A,B,0.0000,0.0,0.0,0.0000,0.1950,0.0000,0.0000,0.0,0.0,0.1400,84.1,57.9,0.390,0,0,0,0,,,,,543,215,,,,,STIP1___HMGB1_unrelaxed_rank_003_alphafold2_multimer_v3_model_2_seed_000.pdb
STIP1___HMGB1,4,5,A,B,0.0000,0.0,0.0,0.0000,0.1169,0.0000,0.0000,0.0,0.0,0.1400,82.9,61.7,0.390,0,0,0,0,,,,,543,215,,,,,STIP1___HMGB1_unrelaxed_rank_004_alphafold2_multimer_v3_model_5_seed_000.pdb
STIP1___HMGB1,5,4,A,B,0.0000,0.0,0.0,0.0000,0.1150,0.0000,0.0000,0.0,0.0,0.1300,82.3,59.8,0.380,0,0,0,0,,,,,543,215,,,,,STIP1___HMGB1_unrelaxed_rank_005_alphafold2_multimer_v3_model_4_seed_000.pdb
STIP1___PRDX1,1,2,A,B,0.0000,0.0,0.0,0.0000,0.2121,0.0144,0.0000,4.0,0.0,0.3000,82.7,84.6,0.440,4,2,0,0,92.2,93.2,,,543,199,"[299,301,303,323]","[130,143]",,,STIP1___PRDX1_unrelaxed_rank_001_alphafold2_multimer_v3_model_2_seed_000.pdb
STIP1___PRDX1,2,1,A,B,0.0000,0.0,0.0,0.0000,0.2035,0.0000,0.0000,0.0,0.0,0.2800,83.3,82.3,0.420,0,0,0,0,,,,,543,199,,,,,STIP1___PRDX1_unrelaxed_rank_002_alphafold2_multimer_v3_model_1_seed_000.pdb
STIP1___PRDX1,3,4,A,B,0.0000,0.0,0.0,0.0000,0.1277,0.0000,0.0000,0.0,0.0,0.2200,81.4,80.8,0.410,0,0,0,0,,,,,543,199,,,,,STIP1___PRDX1_unrelaxed_rank_003_alphafold2_multimer_v3_model_4_seed_000.pdb
STIP1___PRDX1,4,5,A,B,0.0000,0.0,0.0,0.0000,0.1411,0.0000,0.0000,0.0,0.0,0.2100,82.1,83.7,0.420,0,0,0,0,,,,,543,199,,,,,STIP1___PRDX1_unrelaxed_rank_004_alphafold2_multimer_v3_model_5_seed_000.pdb
STIP1___PRDX1,5,3,A,B,0.0000,0.0,0.0,0.0000,0.1707,0.0000,0.0000,0.0,0.0,0.2100,82.5,85.8,0.410,0,0,0,0,,,,,543,199,,,,,STIP1___PRDX1_unrelaxed_rank_005_alphafold2_multimer_v3_model_3_seed_000.pdb
SUGP2___ANP32A,1,2,A,B,0.0000,0.0,0.0,0.0000,0.2717,0.0000,0.0000,0.0,0.0,0.2600,40.0,62.5,0.310,0,0,0,0,,,,,1082,249,,,,,SUGP2___ANP32A_unrelaxed_rank_001_alphafold2_multimer_v3_model_2_seed_000.pdb
SUGP2___ANP32A,2,4,A,B,0.0000,0.0,0.0,0.0000,0.3524,0.0000,0.0000,0.0,0.0,0.2700,37.9,60.2,0.290,0,0,0,0,,,,,1082,249,,,,,SUGP2___ANP32A_unrelaxed_rank_002_alphafold2_multimer_v3_model_4_seed_000.pdb
SUGP2___ANP32A,3,1,A,B,0.0000,0.0,0.0,0.0000,0.3153,0.0000,0.0000,0.0,0.0,0.2400,38.3,61.0,0.290,0,0,0,0,,,,,1082,249,,,,,SUGP2___ANP32A_unrelaxed_rank_003_alphafold2_multimer_v3_model_1_seed_000.pdb
SUGP2___ANP32A,4,3,A,B,0.0000,0.0,0.0,0.0000,0.4648,0.0000,0.0000,0.0,0.0,0.2300,36.4,61.6,0.280,0,0,0,0,,,,,1082,249,,,,,SUGP2___ANP32A_unrelaxed_rank_004_alphafold2_multimer_v3_model_3_seed_000.pdb
SUGP2___ANP32A,5,5,A,B,0.0000,0.0,0.0,0.0000,0.1886,0.0000,0.0000,0.0,0.0,0.1800,34.8,62.7,0.260,0,0,0,0,,,,,1082,249,,,,,SUGP2___ANP32A_unrelaxed_rank_005_alphafold2_multimer_v3_model_5_seed_000.pdb
SUGP2___PCBP2,1,2,A,B,0.0000,0.0,0.0,0.0000,0.2114,0.0000,0.0000,0.0,0.0,0.2100,38.6,58.8,0.290,0,0,0,0,,,,,1082,365,,,,,SUGP2___PCBP2_unrelaxed_rank_001_alphafold2_multimer_v3_model_2_seed_000.pdb
SUGP2___PCBP2,2,1,A,B,0.0000,0.0,0.0,0.0000,0.2335,0.0000,0.0000,0.0,0.0,0.2000,38.7,53.4,0.280,0,0,0,0,,,,,1082,365,,,,,SUGP2___PCBP2_unrelaxed_rank_002_alphafold2_multimer_v3_model_1_seed_000.pdb
SUGP2___PCBP2,3,4,A,B,0.0000,0.0,0.0,0.0000,0.1818,0.0000,0.0000,0.0,0.0,0.1800,34.1,54.8,0.250,0,0,0,0,,,,,1082,365,,,,,SUGP2___PCBP2_unrelaxed_rank_003_alphafold2_multimer_v3_model_4_seed_000.pdb
SUGP2___PCBP2,4,3,A,B,0.0000,0.0,0.0,0.0000,0.2231,0.0000,0.0000,0.0,0.0,0.1800,34.1,54.8,0.260,0,0,0,0,,,,,1082,365,,,,,SUGP2___PCBP2_unrelaxed_rank_004_alphafold2_multimer_v3_model_3_seed_000.pdb
SUGP2___PCBP2,5,5,A,B,0.0000,0.0,0.0,0.0000,0.1548,0.0000,0.0000,0.0,0.0,0.1700,34.6,57.9,0.260,0,0,0,0,,,,,1082,365,,,,,SUGP2___PCBP2_unrelaxed_rank_005_alphafold2_multimer_v3_model_5_seed_000.pdb
TLE3___CDC5L,1,1,A,B,0.0000,0.0,0.0,0.0000,0.2329,0.0000,0.0000,0.0,0.0,0.1800,53.4,52.3,0.340,0,0,0,0,,,,,772,802,,,,,TLE3___CDC5L_unrelaxed_rank_001_alphafold2_multimer_v3_model_1_seed_000.pdb
TLE3___CDC5L,2,2,A,B,0.0000,0.0,0.0,0.0000,0.2234,0.0000,0.0000,0.0,0.0,0.1700,55.2,51.2,0.330,0,0,0,0,,,,,772,802,,,,,TLE3___CDC5L_unrelaxed_rank_002_alphafold2_multimer_v3_model_2_seed_000.pdb
TLE3___CDC5L,3,4,A,B,0.0000,0.0,0.0,0.0000,0.2038,0.0000,0.0000,0.0,0.0,0.1700,52.3,48.8,0.330,0,0,0,0,,,,,772,802,,,,,TLE3___CDC5L_unrelaxed_rank_003_alphafold2_multimer_v3_model_4_seed_000.pdb
TLE3___CDC5L,4,5,A,B,0.0000,0.0,0.0,0.0000,0.1763,0.0000,0.0000,0.0,0.0,0.1700,53.3,51.8,0.330,0,0,0,0,,,,,772,802,,,,,TLE3___CDC5L_unrelaxed_rank_004_alphafold2_multimer_v3_model_5_seed_000.pdb
TLE3___CDC5L,5,3,A,B,0.0000,0.0,0.0,0.0000,0.1737,0.0000,0.0000,0.0,0.0,0.1600,54.1,54.2,0.330,0,0,0,0,,,,,772,802,,,,,TLE3___CDC5L_unrelaxed_rank_005_alphafold2_multimer_v3_model_3_seed_000.pdb
TLE3___FUBP3,1,4,A,B,0.6805,2692.8,1832.5,0.8613,0.9888,0.5933,0.7805,48665.0,149.0,0.4900,54.7,48.5,0.410,337,83,30,24,93.1,82.9,94.3,81.4,772,572,[436-772],[158-240],"[490,530,533,536,552-554,577-578,580,596-598,615,617-620,622,638-641,655,657,661,663,679,702,704]","[171-176,178-182,198,200,202-207,210,235-236,238-239]",TLE3___FUBP3_unrelaxed_rank_001_alphafold2_multimer_v3_model_4_seed_000.pdb
TLE3___FUBP3,2,2,A,B,0.4246,2443.7,1037.7,0.4818,0.9522,0.3337,0.5403,44235.0,135.0,0.4300,55.9,48.7,0.400,329,82,31,22,94.5,79.4,90.4,69.7,772,572,[444-772],[74-155],"[490,530,532-533,536,552-555,573-575,577-578,580-581,596-598,618-620,622,638-639,661,663,679,702,704,745]","[87-91,93-98,113,115-117,147-148,151-155]",TLE3___FUBP3_unrelaxed_rank_002_alphafold2_multimer_v3_model_2_seed_000.pdb
TLE3___FUBP3,3,5,A,B,0.3433,2153.1,739.1,0.4290,0.9404,0.2526,0.4665,39288.0,118.0,0.4100,56.8,46.4,0.390,329,78,30,20,94.2,78.8,89.6,69.3,772,572,[444-772],[76-153],"[490,529-530,532-533,536,552-555,577-578,580-581,596-598,618-620,622,638-639,661,663-664,679,702,704,745]","[87-91,93-98,113,115-117,147-148,151-153]",TLE3___FUBP3_unrelaxed_rank_003_alphafold2_multimer_v3_model_5_seed_000.pdb
TLE3___FUBP3,4,1,A,B,0.0926,454.1,42.0,0.0157,0.7035,0.0810,0.1057,3617.0,57.0,0.2200,55.3,43.5,0.380,311,21,27,13,93.8,33.4,87.4,33.5,772,572,"[447-452,458-464,466-468,471-515,521-562,565-772]","[516,519-525,542-554]","[488,490,505-506,532-534,536,551-552,578,580,596,622,638,661,663,679,701-702,704,720-721,742-743,745,761]","[516,519-521,524,543-548,551,554]",TLE3___FUBP3_unrelaxed_rank_004_alphafold2_multimer_v3_model_1_seed_000.pdb
TLE3___FUBP3,5,3,A,B,0.0230,164.8,3.8,0.0114,0.5471,0.0239,0.0221,776.0,35.0,0.2200,56.4,42.0,0.380,248,10,18,8,94.0,30.3,88.6,30.8,772,572,"[448-452,460,463,473,479-480,482-495,500-504,506-513,522-527,531-561,568-573,576-593,595-605,608-614,617,620-627,629-636,638-648,652-658,660-670,673-679,681-687,692-701,703-718,720-728,731,733-740,742-747,749-753,755-771]",[62-71],"[488,490,534,536,552,578,580,596,622,663,704-705,720,742-743,745,760-761]","[63-65,67-71]",TLE3___FUBP3_unrelaxed_rank_005_alphafold2_multimer_v3_model_3_seed_000.pdb
TLE3___GFP,1,5,A,B,0.4039,464.9,187.8,0.2804,0.9319,0.3112,0.5241,4411.0,49.0,0.3500,55.3,89.8,0.440,326,16,19,9,93.4,63.2,90.7,56.8,772,238,"[445-515,517,519-772]","[75,77-78,81,197,228-238]","[488,490,534,536,552,578,596,619-620,638,663,702,704,720,742-743,745,760-761]","[228,230-234,236-238]",TLE3___GFP_unrelaxed_rank_001_alphafold2_multimer_v3_model_5_seed_000.pdb
TLE3___GFP,2,1,A,B,0.3617,356.5,129.0,0.1595,0.9205,0.2792,0.4687,3345.0,38.0,0.3300,53.8,87.0,0.430,317,11,14,7,91.2,50.4,91.1,50.7,772,238,"[447-453,457-515,521-563,565-772]",[228-238],"[488,490,534,536,580,622,638,702,704,720,742-743,745,761]","[230-231,233-234,236-238]",TLE3___GFP_unrelaxed_rank_002_alphafold2_multimer_v3_model_1_seed_000.pdb
TLE3___GFP,3,3,A,B,0.2978,395.5,117.8,0.0404,0.9019,0.2500,0.3549,2951.0,53.0,0.2800,56.4,89.9,0.430,320,10,19,8,93.1,47.2,88.5,45.6,772,238,"[447-454,456-515,521-772]",[229-238],"[488,490,534,536,552,578,580,596,619-620,622,638,663,702,704,720,743,745,761]","[230-234,236-238]",TLE3___GFP_unrelaxed_rank_003_alphafold2_multimer_v3_model_3_seed_000.pdb
TLE3___GFP,4,2,A,B,0.2665,295.7,78.8,0.0295,0.8346,0.2126,0.3340,2363.0,37.0,0.2700,54.5,88.0,0.420,313,8,12,5,91.9,46.5,92.6,46.6,772,238,"[447-453,458-468,471-515,521-562,565-772]",[231-238],"[488,490,534,536,552,702,704,720,742-743,745,761]","[233-234,236-238]",TLE3___GFP_unrelaxed_rank_004_alphafold2_multimer_v3_model_2_seed_000.pdb
TLE3___GFP,5,4,A,B,0.2699,299.7,80.9,0.0312,0.8281,0.2125,0.3429,2303.0,39.0,0.2600,54.8,88.2,0.430,318,9,12,6,91.7,42.3,91.0,41.0,772,238,"[447-454,456-515,521-562,565-772]",[230-238],"[488,490,534,536,552,663,702,704,720,743,745,761]","[232-234,236-238]",TLE3___GFP_unrelaxed_rank_005_alphafold2_multimer_v3_model_4_seed_000.pdb
TLE3___KHSRP,1,4,A,B,0.5554,2333.8,1296.2,0.6317,0.9676,0.4404,0.7004,46553.0,117.0,0.4600,54.5,39.6,0.380,334,81,21,19,93.0,81.3,90.2,77.6,772,711,[439-772],[141-221],"[490,532,536,552,554,577-578,580,596-598,618-620,622,638,661,663,679,702,704]","[153-158,160-164,180,183-184,214-217,220]",TLE3___KHSRP_unrelaxed_rank_001_alphafold2_multimer_v3_model_4_seed_000.pdb
TLE3___KHSRP,2,3,A,B,0.2681,677.1,181.6,0.1339,0.8837,0.2296,0.3132,5270.0,87.0,0.3700,56.5,39.2,0.360,320,16,29,11,94.1,44.9,91.3,45.2,772,711,"[447-454,456-515,521-772]",[110-125],"[487-488,490,534,536,552,577-578,580,595-598,617-622,638,663,701-702,720,742-743,745,761,763]","[110,112,114,116-118,121-125]",TLE3___KHSRP_unrelaxed_rank_002_alphafold2_multimer_v3_model_3_seed_000.pdb
TLE3___KHSRP,3,1,A,B,0.0000,0.0,0.0,0.0000,0.5121,0.0080,0.0000,4.0,0.0,0.2400,54.4,38.0,0.360,4,1,0,0,97.0,33.2,,,772,711,"[537,662,706,714]",[681],,,TLE3___KHSRP_unrelaxed_rank_003_alphafold2_multimer_v3_model_1_seed_000.pdb
TLE3___KHSRP,4,2,A,B,0.0000,0.0,0.0,0.0000,0.4652,0.0093,0.0000,5.0,0.0,0.2300,54.7,40.8,0.360,5,1,0,0,97.7,32.6,,,772,711,"[546,590,632,646,673]",[622],,,TLE3___KHSRP_unrelaxed_rank_004_alphafold2_multimer_v3_model_2_seed_000.pdb
TLE3___KHSRP,5,5,A,B,0.1271,356.8,45.3,0.0168,0.7308,0.1123,0.1439,2598.0,49.0,0.2300,56.7,38.9,0.350,314,10,30,8,95.2,31.3,93.1,32.5,772,711,"[447-453,456-515,521-562,565-670,673-687,689-772]",[3-12],"[487-488,490,505-506,534,536,552,578,580,596-598,619-620,622-623,637-638,661-663,679,702,704,720,742-743,745,761]","[4,6-12]",TLE3___KHSRP_unrelaxed_rank_005_alphafold2_multimer_v3_model_5_seed_000.pdb
TLE3___PCCA,1,1,A,B,0.0000,0.0,0.0,0.0000,0.2777,0.0000,0.0000,0.0,0.0,0.2300,49.9,82.1,0.530,0,0,0,0,,,,,772,728,,,,,TLE3___PCCA_unrelaxed_rank_001_alphafold2_multimer_v3_model_1_seed_000.pdb
TLE3___PCCA,2,2,A,B,0.0000,0.0,0.0,0.0000,0.2447,0.0000,0.0000,0.0,0.0,0.2200,51.1,82.7,0.520,0,0,0,0,,,,,772,728,,,,,TLE3___PCCA_unrelaxed_rank_002_alphafold2_multimer_v3_model_2_seed_000.pdb
TLE3___PCCA,3,5,A,B,0.0000,0.0,0.0,0.0000,0.2718,0.0125,0.0000,1.0,0.0,0.2200,50.1,81.7,0.520,1,1,0,0,91.6,90.8,,,772,728,[624],[474],,,TLE3___PCCA_unrelaxed_rank_003_alphafold2_multimer_v3_model_5_seed_000.pdb
TLE3___PCCA,4,3,A,B,0.0000,0.0,0.0,0.0000,0.2928,0.0000,0.0000,0.0,0.0,0.2200,52.1,82.2,0.520,0,0,0,0,,,,,772,728,,,,,TLE3___PCCA_unrelaxed_rank_004_alphafold2_multimer_v3_model_3_seed_000.pdb
TLE3___PCCA,5,4,A,B,0.0000,0.0,0.0,0.0000,0.4010,0.0000,0.0000,0.0,0.0,0.2100,48.2,80.7,0.510,0,0,0,0,,,,,772,728,,,,,TLE3___PCCA_unrelaxed_rank_005_alphafold2_multimer_v3_model_4_seed_000.pdb
TXN___RAVER1,1,4,A,B,0.5762,2254.2,1298.8,0.5773,0.9539,0.4316,0.7692,57743.0,88.0,0.8800,93.7,56.4,0.570,105,302,15,18,93.7,93.4,90.3,90.6,105,606,[1-105],[24-325],"[31-34,36-37,72-75,89-93]","[233-236,239,247-253,255-256,259,261,304,308]",TXN___RAVER1_unrelaxed_rank_001_alphafold2_multimer_v3_model_4_seed_000.pdb
TXN___RAVER1,2,1,A,B,0.3237,1905.7,616.9,0.3166,0.7972,0.2240,0.4679,41270.0,88.0,0.7800,92.5,55.5,0.540,105,275,14,18,92.5,92.3,84.9,87.6,105,606,[1-105],"[31-66,74-79,81-89,95-114,116-117,121-322]","[31-34,36-37,72-74,89-93]","[233-236,239,247-253,255-256,259,261,304,308]",TXN___RAVER1_unrelaxed_rank_002_alphafold2_multimer_v3_model_1_seed_000.pdb
TXN___RAVER1,3,5,A,B,0.0767,575.6,44.1,0.0231,0.5683,0.0773,0.0761,7203.0,46.0,0.6300,89.8,54.4,0.520,101,182,14,16,89.8,92.5,77.8,85.3,105,606,"[1-18,21-81,83-104]","[30-36,38,44,48,51-52,55,133-145,148-152,155,158,161-167,169-179,185-187,189-191,193-209,212-319]","[31-34,36-37,72-74,89-93]","[233-236,239,249-253,255-256,259,261,304,308]",TXN___RAVER1_unrelaxed_rank_003_alphafold2_multimer_v3_model_5_seed_000.pdb
TXN___RAVER1,4,2,A,B,0.0000,0.0,0.0,0.0000,0.1964,0.0000,0.0000,0.0,0.0,0.2500,85.9,53.7,0.480,0,0,0,0,,,,,105,606,,,,,TXN___RAVER1_unrelaxed_rank_004_alphafold2_multimer_v3_model_2_seed_000.pdb
TXN___RAVER1,5,3,A,B,0.0000,0.0,0.0,0.0000,0.1463,0.0000,0.0000,0.0,0.0,0.1900,83.3,52.4,0.460,0,0,0,0,,,,,105,606,,,,,TXN___RAVER1_unrelaxed_rank_005_alphafold2_multimer_v3_model_3_seed_000.pdb
TXN___SAFB,1,4,A,B,0.6043,1301.6,786.6,0.4588,0.9555,0.5108,0.7150,16942.0,100.0,0.8600,94.1,34.6,0.280,105,90,19,17,94.1,84.9,89.8,85.1,105,915,[1-105],[399-488],"[29,31-34,37,59-60,63,66,71-75,90-93]","[409,411-413,438,440-443,447-449,475,478,480,482-483]",TXN___SAFB_unrelaxed_rank_001_alphafold2_multimer_v3_model_4_seed_000.pdb
TXN___SAFB,2,1,A,B,0.0000,0.0,0.0,0.0000,0.2740,0.0000,0.0000,0.0,0.0,0.2400,92.1,33.9,0.230,0,0,0,0,,,,,105,915,,,,,TXN___SAFB_unrelaxed_rank_002_alphafold2_multimer_v3_model_1_seed_000.pdb
TXN___SAFB,3,2,A,B,0.0000,0.0,0.0,0.0000,0.2473,0.0000,0.0000,0.0,0.0,0.2000,92.5,34.3,0.220,0,0,0,0,,,,,105,915,,,,,TXN___SAFB_unrelaxed_rank_003_alphafold2_multimer_v3_model_2_seed_000.pdb
TXN___SAFB,4,5,A,B,0.0000,0.0,0.0,0.0000,0.1668,0.0000,0.0000,0.0,0.0,0.1700,93.3,34.4,0.210,0,0,0,0,,,,,105,915,,,,,TXN___SAFB_unrelaxed_rank_004_alphafold2_multimer_v3_model_5_seed_000.pdb
TXN___SAFB,5,3,A,B,0.0000,0.0,0.0,0.0000,0.1557,0.0000,0.0000,0.0,0.0,0.1600,92.4,35.5,0.210,0,0,0,0,,,,,105,915,,,,,TXN___SAFB_unrelaxed_rank_005_alphafold2_multimer_v3_model_3_seed_000.pdb
TXN___SRSF11,1,4,A,B,0.1020,307.0,31.3,0.0135,0.4665,0.0805,0.1293,1848.0,51.0,0.3800,90.5,36.1,0.300,98,75,14,9,90.4,87.1,77.6,78.3,105,484,"[2-5,7-17,21-50,52-104]","[34-67,75,77-111,115-116,119-121]","[29,31-35,37,72-75,90-92]","[52,55,95-100,104]",TXN___SRSF11_unrelaxed_rank_001_alphafold2_multimer_v3_model_4_seed_000.pdb
TXN___SRSF11,2,3,A,B,0.0000,0.0,0.0,0.0000,0.1810,0.0000,0.0000,0.0,0.0,0.1700,91.4,36.3,0.260,0,0,0,0,,,,,105,484,,,,,TXN___SRSF11_unrelaxed_rank_002_alphafold2_multimer_v3_model_3_seed_000.pdb
TXN___SRSF11,3,1,A,B,0.0000,0.0,0.0,0.0000,0.1742,0.0000,0.0000,0.0,0.0,0.1400,91.7,35.2,0.260,0,0,0,0,,,,,105,484,,,,,TXN___SRSF11_unrelaxed_rank_003_alphafold2_multimer_v3_model_1_seed_000.pdb
TXN___SRSF11,4,2,A,B,0.0000,0.0,0.0,0.0000,0.1822,0.0000,0.0000,0.0,0.0,0.1300,91.8,35.0,0.270,0,0,0,0,,,,,105,484,,,,,TXN___SRSF11_unrelaxed_rank_004_alphafold2_multimer_v3_model_2_seed_000.pdb
TXN___SRSF11,5,5,A,B,0.0000,0.0,0.0,0.0000,0.1753,0.0000,0.0000,0.0,0.0,0.1300,91.9,34.7,0.260,0,0,0,0,,,,,105,484,,,,,TXN___SRSF11_unrelaxed_rank_005_alphafold2_multimer_v3_model_5_seed_000.pdb
XRN2___KHSRP,1,3,A,B,0.0000,0.0,0.0,0.0000,0.3909,0.0000,0.0000,0.0,0.0,0.3300,70.3,36.4,0.520,0,0,0,0,,,,,950,711,,,,,XRN2___KHSRP_unrelaxed_rank_001_alphafold2_multimer_v3_model_3_seed_000.pdb
XRN2___KHSRP,2,5,A,B,0.0000,0.0,0.0,0.0000,0.4111,0.0000,0.0000,0.0,0.0,0.3200,70.4,35.0,0.520,0,0,0,0,,,,,950,711,,,,,XRN2___KHSRP_unrelaxed_rank_002_alphafold2_multimer_v3_model_5_seed_000.pdb
XRN2___KHSRP,3,2,A,B,0.0000,0.0,0.0,0.0000,0.3244,0.0000,0.0000,0.0,0.0,0.2800,71.4,36.6,0.520,0,0,0,0,,,,,950,711,,,,,XRN2___KHSRP_unrelaxed_rank_003_alphafold2_multimer_v3_model_2_seed_000.pdb
XRN2___KHSRP,4,4,A,B,0.0000,0.0,0.0,0.0000,0.4765,0.0000,0.0000,0.0,0.0,0.2700,69.8,34.3,0.520,0,0,0,0,,,,,950,711,,,,,XRN2___KHSRP_unrelaxed_rank_004_alphafold2_multimer_v3_model_4_seed_000.pdb
XRN2___KHSRP,5,1,A,B,0.0000,0.0,0.0,0.0000,0.2540,0.0000,0.0000,0.0,0.0,0.2200,69.7,34.6,0.510,0,0,0,0,,,,,950,711,,,,,XRN2___KHSRP_unrelaxed_rank_005_alphafold2_multimer_v3_model_1_seed_000.pdb
ZBTB33___FUBP3,1,1,A,B,0.0000,0.0,0.0,0.0000,0.1990,0.0000,0.0000,0.0,0.0,0.1600,35.7,41.9,0.230,0,0,0,0,,,,,672,572,,,,,ZBTB33___FUBP3_unrelaxed_rank_001_alphafold2_multimer_v3_model_1_seed_000.pdb
ZBTB33___FUBP3,2,3,A,B,0.0000,0.0,0.0,0.0000,0.2117,0.0000,0.0000,0.0,0.0,0.1600,38.2,42.4,0.230,0,0,0,0,,,,,672,572,,,,,ZBTB33___FUBP3_unrelaxed_rank_002_alphafold2_multimer_v3_model_3_seed_000.pdb
ZBTB33___FUBP3,3,4,A,B,0.0000,0.0,0.0,0.0000,0.2169,0.0000,0.0000,0.0,0.0,0.1600,37.3,41.7,0.230,0,0,0,0,,,,,672,572,,,,,ZBTB33___FUBP3_unrelaxed_rank_003_alphafold2_multimer_v3_model_4_seed_000.pdb
ZBTB33___FUBP3,4,2,A,B,0.0000,0.0,0.0,0.0000,0.1552,0.0000,0.0000,0.0,0.0,0.1500,39.4,46.6,0.230,0,0,0,0,,,,,672,572,,,,,ZBTB33___FUBP3_unrelaxed_rank_004_alphafold2_multimer_v3_model_2_seed_000.pdb
ZBTB33___FUBP3,5,5,A,B,0.0000,0.0,0.0,0.0000,0.1565,0.0000,0.0000,0.0,0.0,0.1500,39.9,46.2,0.220,0,0,0,0,,,,,672,572,,,,,ZBTB33___FUBP3_unrelaxed_rank_005_alphafold2_multimer_v3_model_5_seed_000.pdb
ZFR___DNAJA1,1,3,A,B,0.0000,0.0,0.0,0.0000,0.2000,0.0000,0.0000,0.0,0.0,0.1900,44.3,69.5,0.340,0,0,0,0,,,,,1074,397,,,,,ZFR___DNAJA1_unrelaxed_rank_001_alphafold2_multimer_v3_model_3_seed_000.pdb
ZFR___DNAJA1,2,1,A,B,0.0000,0.0,0.0,0.0000,0.1699,0.0000,0.0000,0.0,0.0,0.1900,46.1,73.5,0.330,0,0,0,0,,,,,1074,397,,,,,ZFR___DNAJA1_unrelaxed_rank_002_alphafold2_multimer_v3_model_1_seed_000.pdb
ZFR___DNAJA1,3,2,A,B,0.0000,0.0,0.0,0.0000,0.2301,0.0000,0.0000,0.0,0.0,0.1800,45.9,72.2,0.340,0,0,0,0,,,,,1074,397,,,,,ZFR___DNAJA1_unrelaxed_rank_003_alphafold2_multimer_v3_model_2_seed_000.pdb
ZFR___DNAJA1,4,5,A,B,0.0000,0.0,0.0,0.0000,0.1744,0.0000,0.0000,0.0,0.0,0.1700,44.7,70.9,0.330,0,0,0,0,,,,,1074,397,,,,,ZFR___DNAJA1_unrelaxed_rank_004_alphafold2_multimer_v3_model_5_seed_000.pdb
ZFR___DNAJA1,5,4,A,B,0.0000,0.0,0.0,0.0000,0.1677,0.0000,0.0000,0.0,0.0,0.1700,43.3,70.1,0.330,0,0,0,0,,,,,1074,397,,,,,ZFR___DNAJA1_unrelaxed_rank_005_alphafold2_multimer_v3_model_4_seed_000.pdb
ZNF503___PSPC1,1,3,A,B,0.0000,0.0,0.0,0.0000,0.3089,0.0000,0.0000,0.0,0.0,0.1700,20.5,61.8,0.330,0,0,0,0,,,,,646,523,,,,,ZNF503___PSPC1_unrelaxed_rank_001_alphafold2_multimer_v3_model_3_seed_000.pdb
ZNF503___PSPC1,2,2,A,B,0.0000,0.0,0.0,0.0000,0.1272,0.0000,0.0000,0.0,0.0,0.1500,19.8,62.0,0.330,0,0,0,0,,,,,646,523,,,,,ZNF503___PSPC1_unrelaxed_rank_002_alphafold2_multimer_v3_model_2_seed_000.pdb
ZNF503___PSPC1,3,4,A,B,0.0000,0.0,0.0,0.0000,0.1877,0.0000,0.0000,0.0,0.0,0.1500,19.4,60.9,0.310,0,0,0,0,,,,,646,523,,,,,ZNF503___PSPC1_unrelaxed_rank_003_alphafold2_multimer_v3_model_4_seed_000.pdb
ZNF503___PSPC1,4,1,A,B,0.0000,0.0,0.0,0.0000,0.1910,0.0000,0.0000,0.0,0.0,0.1400,20.5,62.5,0.330,0,0,0,0,,,,,646,523,,,,,ZNF503___PSPC1_unrelaxed_rank_004_alphafold2_multimer_v3_model_1_seed_000.pdb
ZNF503___PSPC1,5,5,A,B,0.0000,0.0,0.0,0.0000,0.1285,0.0000,0.0000,0.0,0.0,0.1300,20.0,61.6,0.320,0,0,0,0,,,,,646,523,,,,,ZNF503___PSPC1_unrelaxed_rank_005_alphafold2_multimer_v3_model_5_seed_000.pdb
