name,rank,model,chain_i,chain_j,iLIS,iLIA,iLISA,ipSAE,actifpTM,LIS,cLIS,LIA,cLIA,ipTM,pLDDT_i,pLDDT_j,pTM,LIR_i,LIR_j,cLIR_i,cLIR_j,LIpLDDT_i,LIpLDDT_j,cLIpLDDT_i,cLIpLDDT_j,len_i,len_j,LIR_indices_i,LIR_indices_j,cLIR_indices_i,cLIR_indices_j,structure_file
AGAP3___CDC5L,1,1,A,B,0.0000,0.0,0.0,0.0000,0.4182,0.0000,0.0000,0.0,0.0,0.1900,58.2,48.2,0.290,0,0,0,0,,,,,875,802,,,,,AGAP3___CDC5L_unrelaxed_rank_001_alphafold2_multimer_v3_model_1_seed_000.pdb
AGAP3___CDC5L,2,5,A,B,0.0000,0.0,0.0,0.0000,0.2425,0.0000,0.0000,0.0,0.0,0.1800,59.1,50.3,0.290,0,0,0,0,,,,,875,802,,,,,AGAP3___CDC5L_unrelaxed_rank_002_alphafold2_multimer_v3_model_5_seed_000.pdb
AGAP3___CDC5L,3,4,A,B,0.0000,0.0,0.0,0.0000,0.2121,0.0000,0.0000,0.0,0.0,0.1800,58.6,48.6,0.280,0,0,0,0,,,,,875,802,,,,,AGAP3___CDC5L_unrelaxed_rank_003_alphafold2_multimer_v3_model_4_seed_000.pdb
AGAP3___CDC5L,4,2,A,B,0.0000,0.0,0.0,0.0000,0.1641,0.0000,0.0000,0.0,0.0,0.1700,60.3,50.0,0.280,0,0,0,0,,,,,875,802,,,,,AGAP3___CDC5L_unrelaxed_rank_004_alphafold2_multimer_v3_model_2_seed_000.pdb
AGAP3___CDC5L,5,3,A,B,0.0000,0.0,0.0,0.0000,0.1582,0.0000,0.0000,0.0,0.0,0.1600,59.2,54.0,0.280,0,0,0,0,,,,,875,802,,,,,AGAP3___CDC5L_unrelaxed_rank_005_alphafold2_multimer_v3_model_3_seed_000.pdb
ANP32A___CDC37,1,4,A,B,0.0000,0.0,0.0,0.0000,0.1987,0.0000,0.0000,0.0,0.0,0.1900,62.7,66.6,0.390,0,0,0,0,,,,,249,378,,,,,ANP32A___CDC37_unrelaxed_rank_001_alphafold2_multimer_v3_model_4_seed_000.pdb
ANP32A___CDC37,2,1,A,B,0.0000,0.0,0.0,0.0000,0.1895,0.0000,0.0000,0.0,0.0,0.1800,61.5,67.8,0.380,0,0,0,0,,,,,249,378,,,,,ANP32A___CDC37_unrelaxed_rank_002_alphafold2_multimer_v3_model_1_seed_000.pdb
ANP32A___CDC37,3,2,A,B,0.0000,0.0,0.0,0.0000,0.1596,0.0000,0.0000,0.0,0.0,0.1700,62.6,69.3,0.380,0,0,0,0,,,,,249,378,,,,,ANP32A___CDC37_unrelaxed_rank_003_alphafold2_multimer_v3_model_2_seed_000.pdb
ANP32A___CDC37,4,3,A,B,0.0000,0.0,0.0,0.0000,0.1817,0.0000,0.0000,0.0,0.0,0.1400,58.8,65.5,0.350,0,0,0,0,,,,,249,378,,,,,ANP32A___CDC37_unrelaxed_rank_004_alphafold2_multimer_v3_model_3_seed_000.pdb
ANP32A___CDC37,5,5,A,B,0.0000,0.0,0.0,0.0000,0.1159,0.0000,0.0000,0.0,0.0,0.1300,62.1,64.7,0.360,0,0,0,0,,,,,249,378,,,,,ANP32A___CDC37_unrelaxed_rank_005_alphafold2_multimer_v3_model_5_seed_000.pdb
ANP32A___HMGB1,1,4,A,B,0.0735,156.1,11.5,0.0132,0.4209,0.0621,0.0870,641.0,38.0,0.2200,63.8,57.9,0.440,82,74,12,19,78.0,73.1,48.0,67.9,249,215,"[20-25,27,45-52,55,67-75,91-101,103,116-117,120-137,141-146,148-154,157,159-169]","[85-91,93-137,139-160]","[25,51,72,122,160,162-168]","[88-89,91,94,100,102-103,106,110,113-114,121-123,125-127,129-130]",ANP32A___HMGB1_unrelaxed_rank_001_alphafold2_multimer_v3_model_4_seed_000.pdb
ANP32A___HMGB1,2,1,A,B,0.0063,4.5,0.0,0.0000,0.2639,0.0092,0.0044,10.0,2.0,0.2100,64.4,57.1,0.430,7,4,2,2,76.4,37.4,78.5,36.2,249,215,"[50,121,127,144,148-149,153]","[89-91,93]","[50,121]","[89,91]",ANP32A___HMGB1_unrelaxed_rank_002_alphafold2_multimer_v3_model_1_seed_000.pdb
ANP32A___HMGB1,3,5,A,B,0.0623,63.7,4.0,0.0000,0.3183,0.0423,0.0918,254.0,16.0,0.1900,64.0,59.7,0.420,80,12,11,6,88.6,48.0,79.4,41.7,249,215,"[19-21,23,25,27,45-48,50-51,57-58,61,66-69,72-73,80,83,89-94,96-97,99-100,102-103,105-109,114-128,130-138,141-154,166-167]","[84-91,94,102,106,143]","[25,51,72-73,94,96-97,119,121-122,167]","[86-89,91,106]",ANP32A___HMGB1_unrelaxed_rank_003_alphafold2_multimer_v3_model_5_seed_000.pdb
ANP32A___HMGB1,4,3,A,B,0.0413,42.2,1.7,0.0117,0.3821,0.0371,0.0459,162.0,11.0,0.1900,61.0,58.7,0.410,18,58,3,7,58.3,78.1,33.9,75.1,249,215,"[23,46,92,126-127,131,144,146,149,162-170]","[87-90,98-99,101-117,120-121,123-137,139-156]","[163-164,167]","[99,103,106-107,110,125-126]",ANP32A___HMGB1_unrelaxed_rank_004_alphafold2_multimer_v3_model_3_seed_000.pdb
ANP32A___HMGB1,5,2,A,B,0.0000,0.0,0.0,0.0000,0.2764,0.0102,0.0000,5.0,0.0,0.1700,64.0,59.3,0.410,2,4,0,0,29.6,87.0,,,249,215,[167-168],"[105,124,133,144]",,,ANP32A___HMGB1_unrelaxed_rank_005_alphafold2_multimer_v3_model_2_seed_000.pdb
ANP32A___ZBTB33,1,5,A,B,0.3186,1775.2,565.6,0.2942,0.8655,0.2485,0.4085,18984.0,166.0,0.5200,63.6,39.9,0.350,170,118,36,38,84.8,69.4,74.9,67.3,249,672,[1-170],[480-597],"[21,23,25-26,48,50-51,70,72,94,96-97,119,121-122,126-127,131-132,146-148,151-154,157-159,161-164,166-168]","[486,488,493,495,501-505,508,510-512,514-515,519,521-522,533-536,538,550,561-563,578,582,584-586,588-589,591-592,594,597]",ANP32A___ZBTB33_unrelaxed_rank_001_alphafold2_multimer_v3_model_5_seed_000.pdb
ANP32A___ZBTB33,2,1,A,B,0.1697,694.7,117.9,0.0857,0.6836,0.1310,0.2199,7097.0,68.0,0.4400,60.7,38.2,0.330,147,64,21,14,85.2,66.9,74.8,69.4,249,672,"[3-10,16,18-28,32-34,37-160]","[480-488,490-544]","[50,70,72,94,96,119,121,126-132,146-148,152,157-159]","[502-508,511-512,522,534-535,538-539]",ANP32A___ZBTB33_unrelaxed_rank_002_alphafold2_multimer_v3_model_1_seed_000.pdb
ANP32A___ZBTB33,3,4,A,B,0.0000,0.0,0.0,0.0000,0.3526,0.0000,0.0000,0.0,0.0,0.2200,59.3,36.9,0.290,0,0,0,0,,,,,249,672,,,,,ANP32A___ZBTB33_unrelaxed_rank_003_alphafold2_multimer_v3_model_4_seed_000.pdb
ANP32A___ZBTB33,4,3,A,B,0.0000,0.0,0.0,0.0000,0.3276,0.0000,0.0000,0.0,0.0,0.2000,60.2,37.5,0.280,0,0,0,0,,,,,249,672,,,,,ANP32A___ZBTB33_unrelaxed_rank_004_alphafold2_multimer_v3_model_3_seed_000.pdb
ANP32A___ZBTB33,5,2,A,B,0.0000,0.0,0.0,0.0000,0.3566,0.0000,0.0000,0.0,0.0,0.2000,62.4,36.2,0.290,0,0,0,0,,,,,249,672,,,,,ANP32A___ZBTB33_unrelaxed_rank_005_alphafold2_multimer_v3_model_2_seed_000.pdb
ATP5PD___FAM50A,1,4,A,B,0.0000,0.0,0.0,0.0000,0.1576,0.0000,0.0000,0.0,0.0,0.1100,58.0,57.1,0.360,0,0,0,0,,,,,161,339,,,,,ATP5PD___FAM50A_unrelaxed_rank_001_alphafold2_multimer_v3_model_4_seed_000.pdb
ATP5PD___FAM50A,2,1,A,B,0.0000,0.0,0.0,0.0000,0.0998,0.0000,0.0000,0.0,0.0,0.1000,57.1,63.2,0.350,0,0,0,0,,,,,161,339,,,,,ATP5PD___FAM50A_unrelaxed_rank_002_alphafold2_multimer_v3_model_1_seed_000.pdb
ATP5PD___FAM50A,3,2,A,B,0.0000,0.0,0.0,0.0000,0.0989,0.0000,0.0000,0.0,0.0,0.0900,64.2,63.2,0.350,0,0,0,0,,,,,161,339,,,,,ATP5PD___FAM50A_unrelaxed_rank_003_alphafold2_multimer_v3_model_2_seed_000.pdb
ATP5PD___FAM50A,4,3,A,B,0.0000,0.0,0.0,0.0000,0.0971,0.0000,0.0000,0.0,0.0,0.1000,64.2,54.8,0.340,0,0,0,0,,,,,161,339,,,,,ATP5PD___FAM50A_unrelaxed_rank_004_alphafold2_multimer_v3_model_3_seed_000.pdb
ATP5PD___FAM50A,5,5,A,B,0.0000,0.0,0.0,0.0000,0.0869,0.0000,0.0000,0.0,0.0,0.0900,58.1,57.9,0.350,0,0,0,0,,,,,161,339,,,,,ATP5PD___FAM50A_unrelaxed_rank_005_alphafold2_multimer_v3_model_5_seed_000.pdb
ATP5PD___PRMT1,1,5,A,B,0.0000,0.0,0.0,0.0000,0.1601,0.0000,0.0000,0.0,0.0,0.1400,70.2,83.3,0.610,0,0,0,0,,,,,161,371,,,,,ATP5PD___PRMT1_unrelaxed_rank_001_alphafold2_multimer_v3_model_5_seed_000.pdb
ATP5PD___PRMT1,2,1,A,B,0.0000,0.0,0.0,0.0000,0.1524,0.0000,0.0000,0.0,0.0,0.1400,64.9,82.2,0.600,0,0,0,0,,,,,161,371,,,,,ATP5PD___PRMT1_unrelaxed_rank_002_alphafold2_multimer_v3_model_1_seed_000.pdb
ATP5PD___PRMT1,3,3,A,B,0.0000,0.0,0.0,0.0000,0.1395,0.0000,0.0000,0.0,0.0,0.1300,73.7,83.0,0.610,0,0,0,0,,,,,161,371,,,,,ATP5PD___PRMT1_unrelaxed_rank_003_alphafold2_multimer_v3_model_3_seed_000.pdb
ATP5PD___PRMT1,4,4,A,B,0.0000,0.0,0.0,0.0000,0.1207,0.0000,0.0000,0.0,0.0,0.1200,68.8,82.0,0.600,0,0,0,0,,,,,161,371,,,,,ATP5PD___PRMT1_unrelaxed_rank_004_alphafold2_multimer_v3_model_4_seed_000.pdb
ATP5PD___PRMT1,5,2,A,B,0.0000,0.0,0.0,0.0000,0.0911,0.0000,0.0000,0.0,0.0,0.1100,64.8,83.7,0.610,0,0,0,0,,,,,161,371,,,,,ATP5PD___PRMT1_unrelaxed_rank_005_alphafold2_multimer_v3_model_2_seed_000.pdb
ATP5PD___RB1,1,5,A,B,0.0000,0.0,0.0,0.0000,0.2337,0.0000,0.0000,0.0,0.0,0.1800,49.8,68.0,0.630,0,0,0,0,,,,,161,928,,,,,ATP5PD___RB1_unrelaxed_rank_001_alphafold2_multimer_v3_model_5_seed_000.pdb
ATP5PD___RB1,2,3,A,B,0.0000,0.0,0.0,0.0000,0.1579,0.0000,0.0000,0.0,0.0,0.1800,53.6,68.0,0.630,0,0,0,0,,,,,161,928,,,,,ATP5PD___RB1_unrelaxed_rank_002_alphafold2_multimer_v3_model_3_seed_000.pdb
ATP5PD___RB1,3,4,A,B,0.0000,0.0,0.0,0.0000,0.1625,0.0000,0.0000,0.0,0.0,0.1800,45.3,68.1,0.630,0,0,0,0,,,,,161,928,,,,,ATP5PD___RB1_unrelaxed_rank_003_alphafold2_multimer_v3_model_4_seed_000.pdb
ATP5PD___RB1,4,1,A,B,0.0000,0.0,0.0,0.0000,0.1662,0.0000,0.0000,0.0,0.0,0.1700,39.7,69.1,0.620,0,0,0,0,,,,,161,928,,,,,ATP5PD___RB1_unrelaxed_rank_004_alphafold2_multimer_v3_model_1_seed_000.pdb
ATP5PD___RB1,5,2,A,B,0.0000,0.0,0.0,0.0000,0.1489,0.0000,0.0000,0.0,0.0,0.1600,45.9,68.8,0.620,0,0,0,0,,,,,161,928,,,,,ATP5PD___RB1_unrelaxed_rank_005_alphafold2_multimer_v3_model_2_seed_000.pdb
ATXN2L___LUC7L2,1,3,A,B,0.0000,0.0,0.0,0.0000,0.1390,0.0000,0.0000,0.0,0.0,0.1800,27.1,60.6,0.290,0,0,0,0,,,,,1075,392,,,,,ATXN2L___LUC7L2_unrelaxed_rank_001_alphafold2_multimer_v3_model_3_seed_000.pdb
ATXN2L___LUC7L2,2,4,A,B,0.0000,0.0,0.0,0.0000,0.1592,0.0000,0.0000,0.0,0.0,0.1800,25.5,58.7,0.270,0,0,0,0,,,,,1075,392,,,,,ATXN2L___LUC7L2_unrelaxed_rank_002_alphafold2_multimer_v3_model_4_seed_000.pdb
ATXN2L___LUC7L2,3,5,A,B,0.0000,0.0,0.0,0.0000,0.1349,0.0000,0.0000,0.0,0.0,0.1700,26.8,61.8,0.280,0,0,0,0,,,,,1075,392,,,,,ATXN2L___LUC7L2_unrelaxed_rank_003_alphafold2_multimer_v3_model_5_seed_000.pdb
ATXN2L___LUC7L2,4,2,A,B,0.0000,0.0,0.0,0.0000,0.1376,0.0000,0.0000,0.0,0.0,0.1700,25.7,60.4,0.280,0,0,0,0,,,,,1075,392,,,,,ATXN2L___LUC7L2_unrelaxed_rank_004_alphafold2_multimer_v3_model_2_seed_000.pdb
ATXN2L___LUC7L2,5,1,A,B,0.0000,0.0,0.0,0.0000,0.1899,0.0000,0.0000,0.0,0.0,0.1700,26.1,59.0,0.270,0,0,0,0,,,,,1075,392,,,,,ATXN2L___LUC7L2_unrelaxed_rank_005_alphafold2_multimer_v3_model_1_seed_000.pdb
CCAR2___PTBP1,1,1,A,B,0.1727,100.0,17.3,0.0195,0.7161,0.1368,0.2180,294.0,34.0,0.2500,57.3,56.8,0.400,9,84,6,10,34.9,70.3,37.3,70.6,923,557,[138-146],"[183-188,190-208,210-218,220-260,267-269,271-276]",[140-145],"[202-203,206,240-241,244-248]",CCAR2___PTBP1_unrelaxed_rank_001_alphafold2_multimer_v3_model_1_seed_000.pdb
CCAR2___PTBP1,2,2,A,B,0.0321,1.4,0.0,0.0000,0.5264,0.0708,0.0146,2.0,1.0,0.2200,58.1,63.4,0.410,1,2,1,1,43.3,74.0,43.3,78.3,923,557,[26],"[245,247]",[26],[245],CCAR2___PTBP1_unrelaxed_rank_002_alphafold2_multimer_v3_model_2_seed_000.pdb
CCAR2___PTBP1,3,3,A,B,0.0000,0.0,0.0,0.0000,0.4322,0.0000,0.0000,0.0,0.0,0.2000,56.5,60.0,0.410,0,0,0,0,,,,,923,557,,,,,CCAR2___PTBP1_unrelaxed_rank_003_alphafold2_multimer_v3_model_3_seed_000.pdb
CCAR2___PTBP1,4,5,A,B,0.0000,0.0,0.0,0.0000,0.4085,0.0000,0.0000,0.0,0.0,0.2000,57.5,62.4,0.400,0,0,0,0,,,,,923,557,,,,,CCAR2___PTBP1_unrelaxed_rank_004_alphafold2_multimer_v3_model_5_seed_000.pdb
CCAR2___PTBP1,5,4,A,B,0.0000,0.0,0.0,0.0000,0.1821,0.0000,0.0000,0.0,0.0,0.1900,55.5,59.8,0.400,0,0,0,0,,,,,923,557,,,,,CCAR2___PTBP1_unrelaxed_rank_005_alphafold2_multimer_v3_model_4_seed_000.pdb
CCAR2___SMAP,1,5,A,B,0.0000,0.0,0.0,0.0000,0.1898,0.0000,0.0000,0.0,0.0,0.1600,60.4,22.5,0.480,0,0,0,0,,,,,923,183,,,,,CCAR2___SMAP_unrelaxed_rank_001_alphafold2_multimer_v3_model_5_seed_000.pdb
CCAR2___SMAP,2,3,A,B,0.0000,0.0,0.0,0.0000,0.1934,0.0000,0.0000,0.0,0.0,0.1600,59.8,23.5,0.460,0,0,0,0,,,,,923,183,,,,,CCAR2___SMAP_unrelaxed_rank_002_alphafold2_multimer_v3_model_3_seed_000.pdb
CCAR2___SMAP,3,2,A,B,0.0000,0.0,0.0,0.0000,0.1432,0.0000,0.0000,0.0,0.0,0.1600,60.1,26.2,0.470,0,0,0,0,,,,,923,183,,,,,CCAR2___SMAP_unrelaxed_rank_003_alphafold2_multimer_v3_model_2_seed_000.pdb
CCAR2___SMAP,4,4,A,B,0.0000,0.0,0.0,0.0000,0.1958,0.0000,0.0000,0.0,0.0,0.1500,59.3,23.1,0.460,0,0,0,0,,,,,923,183,,,,,CCAR2___SMAP_unrelaxed_rank_004_alphafold2_multimer_v3_model_4_seed_000.pdb
CCAR2___SMAP,5,1,A,B,0.0000,0.0,0.0,0.0000,0.1365,0.0000,0.0000,0.0,0.0,0.1300,60.0,22.8,0.450,0,0,0,0,,,,,923,183,,,,,CCAR2___SMAP_unrelaxed_rank_005_alphafold2_multimer_v3_model_1_seed_000.pdb
CDC37___SRSF11,1,4,A,B,0.6226,1269.9,790.7,0.5893,0.9591,0.4825,0.8034,28797.0,56.0,0.5000,73.7,35.1,0.400,208,104,11,11,89.5,87.7,94.9,93.7,378,484,"[137-325,328-346]",[27-130],"[161,164-167,170,202,204-205,207-208]","[52,55-56,87,91,94-96,98-100]",CDC37___SRSF11_unrelaxed_rank_001_alphafold2_multimer_v3_model_4_seed_000.pdb
CDC37___SRSF11,2,2,A,B,0.0000,0.0,0.0,0.0000,0.3020,0.0000,0.0000,0.0,0.0,0.1700,72.8,32.1,0.300,0,0,0,0,,,,,378,484,,,,,CDC37___SRSF11_unrelaxed_rank_002_alphafold2_multimer_v3_model_2_seed_000.pdb
CDC37___SRSF11,3,1,A,B,0.0000,0.0,0.0,0.0000,0.3182,0.0000,0.0000,0.0,0.0,0.1700,71.5,32.4,0.300,0,0,0,0,,,,,378,484,,,,,CDC37___SRSF11_unrelaxed_rank_003_alphafold2_multimer_v3_model_1_seed_000.pdb
CDC37___SRSF11,4,5,A,B,0.0000,0.0,0.0,0.0000,0.2517,0.0000,0.0000,0.0,0.0,0.1700,70.5,32.7,0.290,0,0,0,0,,,,,378,484,,,,,CDC37___SRSF11_unrelaxed_rank_004_alphafold2_multimer_v3_model_5_seed_000.pdb
CDC37___SRSF11,5,3,A,B,0.0000,0.0,0.0,0.0000,0.2995,0.0000,0.0000,0.0,0.0,0.1700,70.2,32.5,0.300,0,0,0,0,,,,,378,484,,,,,CDC37___SRSF11_unrelaxed_rank_005_alphafold2_multimer_v3_model_3_seed_000.pdb
CDK4___CHERP,1,4,A,B,0.0000,0.0,0.0,0.0000,0.4134,0.0083,0.0000,3.0,0.0,0.4600,77.0,46.4,0.340,2,2,0,0,94.9,56.5,,,303,916,"[197,283]",[907-908],,,CDK4___CHERP_unrelaxed_rank_001_alphafold2_multimer_v3_model_4_seed_000.pdb
CDK4___CHERP,2,2,A,B,0.0000,0.0,0.0,0.0000,0.3825,0.0000,0.0000,0.0,0.0,0.4100,78.4,47.0,0.340,0,0,0,0,,,,,303,916,,,,,CDK4___CHERP_unrelaxed_rank_002_alphafold2_multimer_v3_model_2_seed_000.pdb
CDK4___CHERP,3,3,A,B,0.0000,0.0,0.0,0.0000,0.2148,0.0000,0.0000,0.0,0.0,0.2000,75.3,45.7,0.320,0,0,0,0,,,,,303,916,,,,,CDK4___CHERP_unrelaxed_rank_003_alphafold2_multimer_v3_model_3_seed_000.pdb
CDK4___CHERP,4,1,A,B,0.0000,0.0,0.0,0.0000,0.2086,0.0000,0.0000,0.0,0.0,0.1900,80.4,45.1,0.340,0,0,0,0,,,,,303,916,,,,,CDK4___CHERP_unrelaxed_rank_004_alphafold2_multimer_v3_model_1_seed_000.pdb
CDK4___CHERP,5,5,A,B,0.0000,0.0,0.0,0.0000,0.1630,0.0000,0.0000,0.0,0.0,0.1900,76.1,45.7,0.330,0,0,0,0,,,,,303,916,,,,,CDK4___CHERP_unrelaxed_rank_005_alphafold2_multimer_v3_model_5_seed_000.pdb
CDK4___SRSF11,1,2,A,B,0.0000,0.0,0.0,0.0000,0.3040,0.0000,0.0000,0.0,0.0,0.2300,79.4,30.4,0.440,0,0,0,0,,,,,303,484,,,,,CDK4___SRSF11_unrelaxed_rank_001_alphafold2_multimer_v3_model_2_seed_000.pdb
CDK4___SRSF11,2,5,A,B,0.0000,0.0,0.0,0.0000,0.3218,0.0000,0.0000,0.0,0.0,0.2200,79.7,29.8,0.420,0,0,0,0,,,,,303,484,,,,,CDK4___SRSF11_unrelaxed_rank_002_alphafold2_multimer_v3_model_5_seed_000.pdb
CDK4___SRSF11,3,1,A,B,0.0000,0.0,0.0,0.0000,0.3343,0.0000,0.0000,0.0,0.0,0.2100,78.5,29.6,0.440,0,0,0,0,,,,,303,484,,,,,CDK4___SRSF11_unrelaxed_rank_003_alphafold2_multimer_v3_model_1_seed_000.pdb
CDK4___SRSF11,4,3,A,B,0.0000,0.0,0.0,0.0000,0.3019,0.0000,0.0000,0.0,0.0,0.2000,79.1,29.5,0.420,0,0,0,0,,,,,303,484,,,,,CDK4___SRSF11_unrelaxed_rank_004_alphafold2_multimer_v3_model_3_seed_000.pdb
CDK4___SRSF11,5,4,A,B,0.0000,0.0,0.0,0.0000,0.2404,0.0000,0.0000,0.0,0.0,0.1800,78.9,28.3,0.420,0,0,0,0,,,,,303,484,,,,,CDK4___SRSF11_unrelaxed_rank_005_alphafold2_multimer_v3_model_4_seed_000.pdb
CIZ1___CSTB,1,4,A,B,0.0000,0.0,0.0,0.0000,0.2233,0.0000,0.0000,0.0,0.0,0.2400,28.9,83.0,0.220,0,0,0,0,,,,,898,98,,,,,CIZ1___CSTB_unrelaxed_rank_001_alphafold2_multimer_v3_model_4_seed_000.pdb
CIZ1___CSTB,2,3,A,B,0.0000,0.0,0.0,0.0000,0.2321,0.0000,0.0000,0.0,0.0,0.2300,30.4,82.3,0.220,0,0,0,0,,,,,898,98,,,,,CIZ1___CSTB_unrelaxed_rank_002_alphafold2_multimer_v3_model_3_seed_000.pdb
CIZ1___CSTB,3,1,A,B,0.0000,0.0,0.0,0.0000,0.2315,0.0000,0.0000,0.0,0.0,0.2000,29.2,83.2,0.220,0,0,0,0,,,,,898,98,,,,,CIZ1___CSTB_unrelaxed_rank_003_alphafold2_multimer_v3_model_1_seed_000.pdb
CIZ1___CSTB,4,5,A,B,0.0000,0.0,0.0,0.0000,0.1707,0.0000,0.0000,0.0,0.0,0.2100,29.2,84.7,0.210,0,0,0,0,,,,,898,98,,,,,CIZ1___CSTB_unrelaxed_rank_004_alphafold2_multimer_v3_model_5_seed_000.pdb
CIZ1___CSTB,5,2,A,B,0.0000,0.0,0.0,0.0000,0.1978,0.0000,0.0000,0.0,0.0,0.1900,29.1,84.8,0.210,0,0,0,0,,,,,898,98,,,,,CIZ1___CSTB_unrelaxed_rank_005_alphafold2_multimer_v3_model_2_seed_000.pdb
CIZ1___DAZAP1,1,4,A,B,0.0000,0.0,0.0,0.0000,0.3002,0.0000,0.0000,0.0,0.0,0.1900,26.2,41.0,0.210,0,0,0,0,,,,,898,407,,,,,CIZ1___DAZAP1_unrelaxed_rank_001_alphafold2_multimer_v3_model_4_seed_000.pdb
CIZ1___DAZAP1,2,1,A,B,0.0000,0.0,0.0,0.0000,0.1955,0.0000,0.0000,0.0,0.0,0.1800,26.1,40.1,0.210,0,0,0,0,,,,,898,407,,,,,CIZ1___DAZAP1_unrelaxed_rank_002_alphafold2_multimer_v3_model_1_seed_000.pdb
CIZ1___DAZAP1,3,3,A,B,0.0000,0.0,0.0,0.0000,0.2331,0.0000,0.0000,0.0,0.0,0.1700,26.4,40.0,0.210,0,0,0,0,,,,,898,407,,,,,CIZ1___DAZAP1_unrelaxed_rank_003_alphafold2_multimer_v3_model_3_seed_000.pdb
CIZ1___DAZAP1,4,2,A,B,0.0000,0.0,0.0,0.0000,0.1716,0.0000,0.0000,0.0,0.0,0.1700,27.7,44.1,0.200,0,0,0,0,,,,,898,407,,,,,CIZ1___DAZAP1_unrelaxed_rank_004_alphafold2_multimer_v3_model_2_seed_000.pdb
CIZ1___DAZAP1,5,5,A,B,0.0000,0.0,0.0,0.0000,0.1627,0.0000,0.0000,0.0,0.0,0.1600,27.7,44.5,0.200,0,0,0,0,,,,,898,407,,,,,CIZ1___DAZAP1_unrelaxed_rank_005_alphafold2_multimer_v3_model_5_seed_000.pdb
CIZ1___DNAJA1,1,5,A,B,0.0256,6.0,0.2,0.0000,0.4586,0.0231,0.0283,12.0,3.0,0.2700,25.7,73.0,0.300,3,7,2,2,30.4,77.5,30.6,75.8,898,397,[732-734],"[123,125,127,130,224,239-240]",[733-734],"[127,239]",CIZ1___DNAJA1_unrelaxed_rank_001_alphafold2_multimer_v3_model_5_seed_000.pdb
CIZ1___DNAJA1,2,1,A,B,0.0000,0.0,0.0,0.0000,0.4510,0.0029,0.0000,1.0,0.0,0.2600,27.4,75.1,0.300,1,1,0,0,27.5,79.0,,,898,397,[733],[125],,,CIZ1___DNAJA1_unrelaxed_rank_002_alphafold2_multimer_v3_model_1_seed_000.pdb
CIZ1___DNAJA1,3,4,A,B,0.0267,7.4,0.2,0.0000,0.4971,0.0173,0.0412,55.0,1.0,0.2600,24.7,73.9,0.300,3,51,1,1,29.3,84.5,30.9,71.6,898,397,"[731-732,734]","[108-110,112-114,116-120,123-125,129-131,205,210-214,220-225,239-243,247,251-252,258-259,276,278,284-286,303,309,320-324]",[732],[109],CIZ1___DNAJA1_unrelaxed_rank_003_alphafold2_multimer_v3_model_4_seed_000.pdb
CIZ1___DNAJA1,4,3,A,B,0.0000,0.0,0.0,0.0000,0.3721,0.0000,0.0000,0.0,0.0,0.2200,26.4,73.6,0.300,0,0,0,0,,,,,898,397,,,,,CIZ1___DNAJA1_unrelaxed_rank_004_alphafold2_multimer_v3_model_3_seed_000.pdb
CIZ1___DNAJA1,5,2,A,B,0.0599,123.5,7.4,0.0143,0.5949,0.0519,0.0692,412.0,37.0,0.2200,27.2,75.5,0.300,8,122,7,18,29.6,89.0,30.2,81.5,898,397,[731-738],"[105-134,200-217,219-231,235-254,258-265,268,273-280,284-288,300-310,317-318,320-325]",[731-737],"[105,107,109,124-131,205-206,208,227-229,239]",CIZ1___DNAJA1_unrelaxed_rank_005_alphafold2_multimer_v3_model_2_seed_000.pdb
CIZ1___PRDX1,1,2,A,B,0.0000,0.0,0.0,0.0000,0.1789,0.0000,0.0000,0.0,0.0,0.2000,28.4,89.5,0.280,0,0,0,0,,,,,898,199,,,,,CIZ1___PRDX1_unrelaxed_rank_001_alphafold2_multimer_v3_model_2_seed_000.pdb
CIZ1___PRDX1,2,3,A,B,0.0000,0.0,0.0,0.0000,0.1713,0.0000,0.0000,0.0,0.0,0.1900,27.6,88.5,0.280,0,0,0,0,,,,,898,199,,,,,CIZ1___PRDX1_unrelaxed_rank_002_alphafold2_multimer_v3_model_3_seed_000.pdb
CIZ1___PRDX1,3,4,A,B,0.0000,0.0,0.0,0.0000,0.1789,0.0000,0.0000,0.0,0.0,0.1900,26.0,86.0,0.270,0,0,0,0,,,,,898,199,,,,,CIZ1___PRDX1_unrelaxed_rank_003_alphafold2_multimer_v3_model_4_seed_000.pdb
CIZ1___PRDX1,4,1,A,B,0.0000,0.0,0.0,0.0000,0.1569,0.0000,0.0000,0.0,0.0,0.1700,29.5,87.1,0.280,0,0,0,0,,,,,898,199,,,,,CIZ1___PRDX1_unrelaxed_rank_004_alphafold2_multimer_v3_model_1_seed_000.pdb
CIZ1___PRDX1,5,5,A,B,0.0000,0.0,0.0,0.0000,0.1613,0.0000,0.0000,0.0,0.0,0.1700,27.6,88.4,0.280,0,0,0,0,,,,,898,199,,,,,CIZ1___PRDX1_unrelaxed_rank_005_alphafold2_multimer_v3_model_5_seed_000.pdb
CSTB___ZBTB33,1,4,A,B,0.1607,697.9,112.2,0.0903,0.7855,0.1090,0.2371,6325.0,77.0,0.6200,86.2,39.4,0.300,96,105,13,18,86.2,87.7,65.2,84.9,98,672,"[1-60,63-98]",[12-116],"[1-5,46-50,73,76,97]","[54-56,58-60,64,68-72,105-110]",CSTB___ZBTB33_unrelaxed_rank_001_alphafold2_multimer_v3_model_4_seed_000.pdb
CSTB___ZBTB33,2,5,A,B,0.0675,50.1,3.4,0.0136,0.4592,0.0626,0.0728,109.0,23.0,0.4400,83.2,39.0,0.260,8,40,5,8,60.1,71.0,49.3,73.1,98,672,"[1-6,8,44]","[494,496,499,503,507-515,518-541,543-545]",[1-5],"[515,518,521,529-532,536]",CSTB___ZBTB33_unrelaxed_rank_002_alphafold2_multimer_v3_model_5_seed_000.pdb
CSTB___ZBTB33,3,2,A,B,0.0000,0.0,0.0,0.0000,0.2646,0.0000,0.0000,0.0,0.0,0.2500,82.6,38.4,0.260,0,0,0,0,,,,,98,672,,,,,CSTB___ZBTB33_unrelaxed_rank_003_alphafold2_multimer_v3_model_2_seed_000.pdb
CSTB___ZBTB33,4,1,A,B,0.0000,0.0,0.0,0.0000,0.2473,0.0000,0.0000,0.0,0.0,0.2500,81.3,38.0,0.250,0,0,0,0,,,,,98,672,,,,,CSTB___ZBTB33_unrelaxed_rank_004_alphafold2_multimer_v3_model_1_seed_000.pdb
CSTB___ZBTB33,5,3,A,B,0.0000,0.0,0.0,0.0000,0.2208,0.0000,0.0000,0.0,0.0,0.2100,81.4,39.2,0.250,0,0,0,0,,,,,98,672,,,,,CSTB___ZBTB33_unrelaxed_rank_005_alphafold2_multimer_v3_model_3_seed_000.pdb
DAZAP1___DNAJA1,1,4,A,B,0.0000,0.0,0.0,0.0000,0.1156,0.0000,0.0000,0.0,0.0,0.1200,38.1,77.2,0.360,0,0,0,0,,,,,407,397,,,,,DAZAP1___DNAJA1_unrelaxed_rank_001_alphafold2_multimer_v3_model_4_seed_000.pdb
DAZAP1___DNAJA1,2,1,A,B,0.0000,0.0,0.0,0.0000,0.1118,0.0000,0.0000,0.0,0.0,0.1200,41.1,76.8,0.350,0,0,0,0,,,,,407,397,,,,,DAZAP1___DNAJA1_unrelaxed_rank_002_alphafold2_multimer_v3_model_1_seed_000.pdb
DAZAP1___DNAJA1,3,2,A,B,0.0000,0.0,0.0,0.0000,0.1091,0.0000,0.0000,0.0,0.0,0.1200,42.4,77.1,0.350,0,0,0,0,,,,,407,397,,,,,DAZAP1___DNAJA1_unrelaxed_rank_003_alphafold2_multimer_v3_model_2_seed_000.pdb
DAZAP1___DNAJA1,4,5,A,B,0.0000,0.0,0.0,0.0000,0.1147,0.0000,0.0000,0.0,0.0,0.1200,40.1,76.4,0.340,0,0,0,0,,,,,407,397,,,,,DAZAP1___DNAJA1_unrelaxed_rank_004_alphafold2_multimer_v3_model_5_seed_000.pdb
DAZAP1___DNAJA1,5,3,A,B,0.0000,0.0,0.0,0.0000,0.1014,0.0000,0.0000,0.0,0.0,0.1200,39.5,75.1,0.340,0,0,0,0,,,,,407,397,,,,,DAZAP1___DNAJA1_unrelaxed_rank_005_alphafold2_multimer_v3_model_3_seed_000.pdb
DDX17___HMGB1,1,3,A,B,0.0000,0.0,0.0,0.0000,0.1486,0.0000,0.0000,0.0,0.0,0.1600,60.4,55.4,0.460,0,0,0,0,,,,,729,215,,,,,DDX17___HMGB1_unrelaxed_rank_001_alphafold2_multimer_v3_model_3_seed_000.pdb
DDX17___HMGB1,2,1,A,B,0.0000,0.0,0.0,0.0000,0.1500,0.0000,0.0000,0.0,0.0,0.1600,59.2,47.5,0.420,0,0,0,0,,,,,729,215,,,,,DDX17___HMGB1_unrelaxed_rank_002_alphafold2_multimer_v3_model_1_seed_000.pdb
DDX17___HMGB1,3,2,A,B,0.0000,0.0,0.0,0.0000,0.1476,0.0000,0.0000,0.0,0.0,0.1500,60.3,51.1,0.450,0,0,0,0,,,,,729,215,,,,,DDX17___HMGB1_unrelaxed_rank_003_alphafold2_multimer_v3_model_2_seed_000.pdb
DDX17___HMGB1,4,4,A,B,0.0000,0.0,0.0,0.0000,0.1602,0.0000,0.0000,0.0,0.0,0.1500,58.6,50.4,0.410,0,0,0,0,,,,,729,215,,,,,DDX17___HMGB1_unrelaxed_rank_004_alphafold2_multimer_v3_model_4_seed_000.pdb
DDX17___HMGB1,5,5,A,B,0.0000,0.0,0.0,0.0000,0.1220,0.0000,0.0000,0.0,0.0,0.1400,60.1,58.0,0.420,0,0,0,0,,,,,729,215,,,,,DDX17___HMGB1_unrelaxed_rank_005_alphafold2_multimer_v3_model_5_seed_000.pdb
DDX17___RB1,1,5,A,B,0.0000,0.0,0.0,0.0000,0.3054,0.0000,0.0000,0.0,0.0,0.2500,55.2,65.0,0.500,0,0,0,0,,,,,729,928,,,,,DDX17___RB1_unrelaxed_rank_001_alphafold2_multimer_v3_model_5_seed_000.pdb
DDX17___RB1,2,3,A,B,0.0000,0.0,0.0,0.0000,0.2000,0.0000,0.0000,0.0,0.0,0.2200,57.6,65.8,0.480,0,0,0,0,,,,,729,928,,,,,DDX17___RB1_unrelaxed_rank_002_alphafold2_multimer_v3_model_3_seed_000.pdb
DDX17___RB1,3,4,A,B,0.0000,0.0,0.0,0.0000,0.2557,0.0000,0.0000,0.0,0.0,0.2000,56.0,66.0,0.480,0,0,0,0,,,,,729,928,,,,,DDX17___RB1_unrelaxed_rank_003_alphafold2_multimer_v3_model_4_seed_000.pdb
DDX17___RB1,4,2,A,B,0.0000,0.0,0.0,0.0000,0.1928,0.0000,0.0000,0.0,0.0,0.1900,57.5,66.4,0.480,0,0,0,0,,,,,729,928,,,,,DDX17___RB1_unrelaxed_rank_004_alphafold2_multimer_v3_model_2_seed_000.pdb
DDX17___RB1,5,1,A,B,0.0000,0.0,0.0,0.0000,0.2040,0.0000,0.0000,0.0,0.0,0.1800,55.4,65.5,0.470,0,0,0,0,,,,,729,928,,,,,DDX17___RB1_unrelaxed_rank_005_alphafold2_multimer_v3_model_1_seed_000.pdb
DHX15___CDC5L,1,3,A,B,0.2175,494.7,107.6,0.1076,0.8078,0.1521,0.3109,3399.0,72.0,0.4800,78.2,50.9,0.500,387,20,21,12,89.1,42.5,87.3,44.8,795,802,"[124,126-161,163-178,187-222,224-228,230-246,251,253-281,286-293,299-304,307-312,315-450,452-505,507-509,511-516,526-529,534-545,558,560-562,572-573,576,592,665,692,733]","[204-218,225-229]","[317-318,320-326,328,334,337-338,341-342,344-345,480,482-484]","[207-215,217-218,225]",DHX15___CDC5L_unrelaxed_rank_001_alphafold2_multimer_v3_model_3_seed_000.pdb
DHX15___CDC5L,2,4,A,B,0.0157,16.1,0.3,0.0113,0.4929,0.0204,0.0121,258.0,1.0,0.3500,78.0,44.6,0.480,135,5,1,1,91.9,44.9,80.9,43.7,795,802,"[127,131,135,142-144,146-151,153,157-159,167-169,171-178,188,198,202-203,206,209-211,213,216-217,219,221,233,235,237,241-242,251,254,256-259,263,266,269,272,275-276,278-279,286-288,290,292,300,309-312,317-324,332-343,351-356,360,362-371,374,385-387,417-419,421,433,435-437,462-463,466,468-474,477,480,482,484,486,489,502]",[224-228],[318],[225],DHX15___CDC5L_unrelaxed_rank_002_alphafold2_multimer_v3_model_4_seed_000.pdb
DHX15___CDC5L,3,5,A,B,0.0344,32.0,1.1,0.0000,0.4981,0.0489,0.0243,256.0,4.0,0.3300,78.1,48.7,0.480,142,6,4,2,91.4,41.9,84.3,40.5,795,802,"[134,137,143-144,146-151,153-155,159,166-169,174-175,177,188-190,198,202,206,208,211,213,216-217,219-221,231-233,235-236,238,241,243-244,251,254,256-258,261,263,266,268-269,273,275-276,279,287,289,291,300,302-303,310-312,315,317-324,332,334-343,351-356,362-363,365-370,372-373,384-387,400,417,419,421,424,433-437,439,460,462-474,477-478,480-484,486,488-489]","[210,224-228]","[317-319,482]","[210,225]",DHX15___CDC5L_unrelaxed_rank_003_alphafold2_multimer_v3_model_5_seed_000.pdb
DHX15___CDC5L,4,2,A,B,0.0000,0.0,0.0,0.0000,0.4031,0.0000,0.0000,0.0,0.0,0.2300,79.0,48.0,0.480,0,0,0,0,,,,,795,802,,,,,DHX15___CDC5L_unrelaxed_rank_004_alphafold2_multimer_v3_model_2_seed_000.pdb
DHX15___CDC5L,5,1,A,B,0.0000,0.0,0.0,0.0000,0.1992,0.0000,0.0000,0.0,0.0,0.1800,78.2,44.9,0.470,0,0,0,0,,,,,795,802,,,,,DHX15___CDC5L_unrelaxed_rank_005_alphafold2_multimer_v3_model_1_seed_000.pdb
DHX15___PTBP1,1,1,A,B,0.0000,0.0,0.0,0.0000,0.2273,0.0000,0.0000,0.0,0.0,0.1900,79.2,56.8,0.520,0,0,0,0,,,,,795,557,,,,,DHX15___PTBP1_unrelaxed_rank_001_alphafold2_multimer_v3_model_1_seed_000.pdb
DHX15___PTBP1,2,3,A,B,0.0000,0.0,0.0,0.0000,0.2008,0.0000,0.0000,0.0,0.0,0.1700,79.4,60.2,0.530,0,0,0,0,,,,,795,557,,,,,DHX15___PTBP1_unrelaxed_rank_002_alphafold2_multimer_v3_model_3_seed_000.pdb
DHX15___PTBP1,3,4,A,B,0.0000,0.0,0.0,0.0000,0.1697,0.0000,0.0000,0.0,0.0,0.1700,78.9,58.2,0.520,0,0,0,0,,,,,795,557,,,,,DHX15___PTBP1_unrelaxed_rank_003_alphafold2_multimer_v3_model_4_seed_000.pdb
DHX15___PTBP1,4,2,A,B,0.0000,0.0,0.0,0.0000,0.1833,0.0000,0.0000,0.0,0.0,0.1700,79.4,60.7,0.520,0,0,0,0,,,,,795,557,,,,,DHX15___PTBP1_unrelaxed_rank_004_alphafold2_multimer_v3_model_2_seed_000.pdb
DHX15___PTBP1,5,5,A,B,0.0000,0.0,0.0,0.0000,0.1706,0.0000,0.0000,0.0,0.0,0.1700,79.4,59.9,0.530,0,0,0,0,,,,,795,557,,,,,DHX15___PTBP1_unrelaxed_rank_005_alphafold2_multimer_v3_model_5_seed_000.pdb
FAM50A___PTBP1,1,4,A,B,0.0000,0.0,0.0,0.0000,0.2061,0.0000,0.0000,0.0,0.0,0.1700,53.6,65.0,0.320,0,0,0,0,,,,,339,557,,,,,FAM50A___PTBP1_unrelaxed_rank_001_alphafold2_multimer_v3_model_4_seed_000.pdb
FAM50A___PTBP1,2,5,A,B,0.0000,0.0,0.0,0.0000,0.1839,0.0000,0.0000,0.0,0.0,0.1500,54.9,65.6,0.320,0,0,0,0,,,,,339,557,,,,,FAM50A___PTBP1_unrelaxed_rank_002_alphafold2_multimer_v3_model_5_seed_000.pdb
FAM50A___PTBP1,3,3,A,B,0.0000,0.0,0.0,0.0000,0.1976,0.0000,0.0000,0.0,0.0,0.1300,52.4,64.9,0.300,0,0,0,0,,,,,339,557,,,,,FAM50A___PTBP1_unrelaxed_rank_003_alphafold2_multimer_v3_model_3_seed_000.pdb
FAM50A___PTBP1,4,1,A,B,0.0000,0.0,0.0,0.0000,0.1209,0.0000,0.0000,0.0,0.0,0.1300,55.1,64.2,0.310,0,0,0,0,,,,,339,557,,,,,FAM50A___PTBP1_unrelaxed_rank_004_alphafold2_multimer_v3_model_1_seed_000.pdb
FAM50A___PTBP1,5,2,A,B,0.0000,0.0,0.0,0.0000,0.1197,0.0000,0.0000,0.0,0.0,0.1200,58.3,66.9,0.310,0,0,0,0,,,,,339,557,,,,,FAM50A___PTBP1_unrelaxed_rank_005_alphafold2_multimer_v3_model_2_seed_000.pdb
FUBP1___ATXN2L,1,1,A,B,0.0000,0.0,0.0,0.0000,0.2008,0.0000,0.0000,0.0,0.0,0.1900,41.7,23.8,0.230,0,0,0,0,,,,,644,1075,,,,,FUBP1___ATXN2L_unrelaxed_rank_001_alphafold2_multimer_v3_model_1_seed_000.pdb
FUBP1___ATXN2L,2,2,A,B,0.0000,0.0,0.0,0.0000,0.2239,0.0000,0.0000,0.0,0.0,0.1800,45.8,23.7,0.230,0,0,0,0,,,,,644,1075,,,,,FUBP1___ATXN2L_unrelaxed_rank_002_alphafold2_multimer_v3_model_2_seed_000.pdb
FUBP1___ATXN2L,3,4,A,B,0.0000,0.0,0.0,0.0000,0.2416,0.0000,0.0000,0.0,0.0,0.1800,40.4,22.8,0.220,0,0,0,0,,,,,644,1075,,,,,FUBP1___ATXN2L_unrelaxed_rank_003_alphafold2_multimer_v3_model_4_seed_000.pdb
FUBP1___ATXN2L,4,3,A,B,0.0000,0.0,0.0,0.0000,0.2516,0.0000,0.0000,0.0,0.0,0.1800,40.0,23.3,0.220,0,0,0,0,,,,,644,1075,,,,,FUBP1___ATXN2L_unrelaxed_rank_004_alphafold2_multimer_v3_model_3_seed_000.pdb
FUBP1___ATXN2L,5,5,A,B,0.0000,0.0,0.0,0.0000,0.1563,0.0000,0.0000,0.0,0.0,0.1700,43.5,25.3,0.220,0,0,0,0,,,,,644,1075,,,,,FUBP1___ATXN2L_unrelaxed_rank_005_alphafold2_multimer_v3_model_5_seed_000.pdb
FUBP1___FAM50A,1,2,A,B,0.0000,0.0,0.0,0.0000,0.1252,0.0000,0.0000,0.0,0.0,0.1800,45.3,63.5,0.270,0,0,0,0,,,,,644,339,,,,,FUBP1___FAM50A_unrelaxed_rank_001_alphafold2_multimer_v3_model_2_seed_000.pdb
FUBP1___FAM50A,2,3,A,B,0.0000,0.0,0.0,0.0000,0.1489,0.0000,0.0000,0.0,0.0,0.1700,42.7,55.0,0.260,0,0,0,0,,,,,644,339,,,,,FUBP1___FAM50A_unrelaxed_rank_002_alphafold2_multimer_v3_model_3_seed_000.pdb
FUBP1___FAM50A,3,5,A,B,0.0000,0.0,0.0,0.0000,0.1472,0.0000,0.0000,0.0,0.0,0.1600,46.1,58.8,0.260,0,0,0,0,,,,,644,339,,,,,FUBP1___FAM50A_unrelaxed_rank_003_alphafold2_multimer_v3_model_5_seed_000.pdb
FUBP1___FAM50A,4,4,A,B,0.0000,0.0,0.0,0.0000,0.1734,0.0000,0.0000,0.0,0.0,0.1500,42.4,54.8,0.270,0,0,0,0,,,,,644,339,,,,,FUBP1___FAM50A_unrelaxed_rank_004_alphafold2_multimer_v3_model_4_seed_000.pdb
FUBP1___FAM50A,5,1,A,B,0.0000,0.0,0.0,0.0000,0.1442,0.0000,0.0000,0.0,0.0,0.1400,44.4,62.0,0.270,0,0,0,0,,,,,644,339,,,,,FUBP1___FAM50A_unrelaxed_rank_005_alphafold2_multimer_v3_model_1_seed_000.pdb
FUBP1___STIP1,1,2,A,B,0.0598,75.4,4.5,0.0122,0.5233,0.0545,0.0656,474.0,12.0,0.2200,43.2,83.6,0.330,12,122,3,8,34.3,90.6,39.9,91.0,644,543,"[2-10,34,38-39]","[3-102,105-118,144,151-154,157-158,174]",[3-5],"[12,15-16,39,42-43,46,73]",FUBP1___STIP1_unrelaxed_rank_001_alphafold2_multimer_v3_model_2_seed_000.pdb
FUBP1___STIP1,2,4,A,B,0.0000,0.0,0.0,0.0000,0.2238,0.0000,0.0000,0.0,0.0,0.1700,39.5,80.3,0.320,0,0,0,0,,,,,644,543,,,,,FUBP1___STIP1_unrelaxed_rank_002_alphafold2_multimer_v3_model_4_seed_000.pdb
FUBP1___STIP1,3,3,A,B,0.0000,0.0,0.0,0.0000,0.2391,0.0000,0.0000,0.0,0.0,0.1600,39.9,81.4,0.320,0,0,0,0,,,,,644,543,,,,,FUBP1___STIP1_unrelaxed_rank_003_alphafold2_multimer_v3_model_3_seed_000.pdb
FUBP1___STIP1,4,1,A,B,0.0000,0.0,0.0,0.0000,0.1802,0.0000,0.0000,0.0,0.0,0.1600,41.8,80.9,0.320,0,0,0,0,,,,,644,543,,,,,FUBP1___STIP1_unrelaxed_rank_004_alphafold2_multimer_v3_model_1_seed_000.pdb
FUBP1___STIP1,5,5,A,B,0.0000,0.0,0.0,0.0000,0.1506,0.0000,0.0000,0.0,0.0,0.1400,40.8,83.0,0.320,0,0,0,0,,,,,644,543,,,,,FUBP1___STIP1_unrelaxed_rank_005_alphafold2_multimer_v3_model_5_seed_000.pdb
FUBP1___ZBTB33,1,3,A,B,0.2288,952.5,217.9,0.1346,0.7865,0.1407,0.3719,11783.0,77.0,0.3500,40.0,40.5,0.330,73,199,15,18,73.3,82.0,71.0,76.3,644,672,[277-349],"[14-90,96-115,476-553,557-572,584,586-592]","[289,292,296-297,300-301,303-304,338,341-342,345-346,348-349]","[39-40,71,498-501,512,515-520,531-533,536]",FUBP1___ZBTB33_unrelaxed_rank_001_alphafold2_multimer_v3_model_3_seed_000.pdb
FUBP1___ZBTB33,2,1,A,B,0.0000,0.0,0.0,0.0000,0.1975,0.0000,0.0000,0.0,0.0,0.1700,37.3,35.3,0.230,0,0,0,0,,,,,644,672,,,,,FUBP1___ZBTB33_unrelaxed_rank_002_alphafold2_multimer_v3_model_1_seed_000.pdb
FUBP1___ZBTB33,3,4,A,B,0.0000,0.0,0.0,0.0000,0.2449,0.0000,0.0000,0.0,0.0,0.1600,38.0,37.6,0.230,0,0,0,0,,,,,644,672,,,,,FUBP1___ZBTB33_unrelaxed_rank_003_alphafold2_multimer_v3_model_4_seed_000.pdb
FUBP1___ZBTB33,4,2,A,B,0.0000,0.0,0.0,0.0000,0.1764,0.0000,0.0000,0.0,0.0,0.1600,42.1,38.0,0.230,0,0,0,0,,,,,644,672,,,,,FUBP1___ZBTB33_unrelaxed_rank_004_alphafold2_multimer_v3_model_2_seed_000.pdb
FUBP1___ZBTB33,5,5,A,B,0.0000,0.0,0.0,0.0000,0.1649,0.0000,0.0000,0.0,0.0,0.1500,42.6,39.7,0.220,0,0,0,0,,,,,644,672,,,,,FUBP1___ZBTB33_unrelaxed_rank_005_alphafold2_multimer_v3_model_5_seed_000.pdb
FUS___RB1,1,3,A,B,0.0000,0.0,0.0,0.0000,0.2532,0.0000,0.0000,0.0,0.0,0.2000,26.4,68.7,0.530,0,0,0,0,,,,,526,928,,,,,FUS___RB1_unrelaxed_rank_001_alphafold2_multimer_v3_model_3_seed_000.pdb
FUS___RB1,2,4,A,B,0.0000,0.0,0.0,0.0000,0.1923,0.0000,0.0000,0.0,0.0,0.1700,26.1,68.8,0.520,0,0,0,0,,,,,526,928,,,,,FUS___RB1_unrelaxed_rank_002_alphafold2_multimer_v3_model_4_seed_000.pdb
FUS___RB1,3,5,A,B,0.0000,0.0,0.0,0.0000,0.1943,0.0000,0.0000,0.0,0.0,0.1700,27.1,69.2,0.530,0,0,0,0,,,,,526,928,,,,,FUS___RB1_unrelaxed_rank_003_alphafold2_multimer_v3_model_5_seed_000.pdb
FUS___RB1,4,1,A,B,0.0000,0.0,0.0,0.0000,0.1735,0.0000,0.0000,0.0,0.0,0.1700,26.9,68.4,0.510,0,0,0,0,,,,,526,928,,,,,FUS___RB1_unrelaxed_rank_004_alphafold2_multimer_v3_model_1_seed_000.pdb
FUS___RB1,5,2,A,B,0.0000,0.0,0.0,0.0000,0.2060,0.0000,0.0000,0.0,0.0,0.1700,27.6,68.8,0.520,0,0,0,0,,,,,526,928,,,,,FUS___RB1_unrelaxed_rank_005_alphafold2_multimer_v3_model_2_seed_000.pdb
FUS___SLC3A2,1,2,A,B,0.0000,0.0,0.0,0.0000,0.1327,0.0000,0.0000,0.0,0.0,0.1700,30.6,71.1,0.450,0,0,0,0,,,,,526,630,,,,,FUS___SLC3A2_unrelaxed_rank_001_alphafold2_multimer_v3_model_2_seed_000.pdb
FUS___SLC3A2,2,1,A,B,0.0000,0.0,0.0,0.0000,0.1544,0.0000,0.0000,0.0,0.0,0.1600,29.7,70.7,0.450,0,0,0,0,,,,,526,630,,,,,FUS___SLC3A2_unrelaxed_rank_002_alphafold2_multimer_v3_model_1_seed_000.pdb
FUS___SLC3A2,3,3,A,B,0.0000,0.0,0.0,0.0000,0.1224,0.0000,0.0000,0.0,0.0,0.1600,27.9,70.0,0.450,0,0,0,0,,,,,526,630,,,,,FUS___SLC3A2_unrelaxed_rank_003_alphafold2_multimer_v3_model_3_seed_000.pdb
FUS___SLC3A2,4,5,A,B,0.0000,0.0,0.0,0.0000,0.1240,0.0000,0.0000,0.0,0.0,0.1600,27.9,70.2,0.440,0,0,0,0,,,,,526,630,,,,,FUS___SLC3A2_unrelaxed_rank_004_alphafold2_multimer_v3_model_5_seed_000.pdb
FUS___SLC3A2,5,4,A,B,0.0000,0.0,0.0,0.0000,0.1373,0.0000,0.0000,0.0,0.0,0.1600,27.8,70.1,0.440,0,0,0,0,,,,,526,630,,,,,FUS___SLC3A2_unrelaxed_rank_005_alphafold2_multimer_v3_model_4_seed_000.pdb
FUS___ZBTB33,1,2,A,B,0.3191,1110.5,354.4,0.2102,0.9090,0.2217,0.4593,14681.0,84.0,0.2600,31.4,40.1,0.280,96,119,17,18,83.2,74.5,77.2,76.1,526,672,[278-373],[479-597],"[280,282-283,306-310,341-346,349,352-353]","[504-505,507-508,511,522,533-535,537-538,562,582,585-589]",FUS___ZBTB33_unrelaxed_rank_001_alphafold2_multimer_v3_model_2_seed_000.pdb
FUS___ZBTB33,2,1,A,B,0.0000,0.0,0.0,0.0000,0.2559,0.0000,0.0000,0.0,0.0,0.1800,28.5,36.6,0.230,0,0,0,0,,,,,526,672,,,,,FUS___ZBTB33_unrelaxed_rank_002_alphafold2_multimer_v3_model_1_seed_000.pdb
FUS___ZBTB33,3,4,A,B,0.0000,0.0,0.0,0.0000,0.3462,0.0000,0.0000,0.0,0.0,0.1700,29.6,38.5,0.230,0,0,0,0,,,,,526,672,,,,,FUS___ZBTB33_unrelaxed_rank_003_alphafold2_multimer_v3_model_4_seed_000.pdb
FUS___ZBTB33,4,3,A,B,0.0000,0.0,0.0,0.0000,0.2775,0.0000,0.0000,0.0,0.0,0.1700,28.3,38.1,0.230,0,0,0,0,,,,,526,672,,,,,FUS___ZBTB33_unrelaxed_rank_004_alphafold2_multimer_v3_model_3_seed_000.pdb
FUS___ZBTB33,5,5,A,B,0.0000,0.0,0.0,0.0000,0.1925,0.0000,0.0000,0.0,0.0,0.1500,29.2,38.9,0.230,0,0,0,0,,,,,526,672,,,,,FUS___ZBTB33_unrelaxed_rank_005_alphafold2_multimer_v3_model_5_seed_000.pdb
KHSRP___TXN,1,1,A,B,0.0000,0.0,0.0,0.0000,0.1698,0.0000,0.0000,0.0,0.0,0.2000,45.1,85.5,0.240,0,0,0,0,,,,,711,105,,,,,KHSRP___TXN_unrelaxed_rank_001_alphafold2_multimer_v3_model_1_seed_000.pdb
KHSRP___TXN,2,5,A,B,0.0000,0.0,0.0,0.0000,0.1646,0.0000,0.0000,0.0,0.0,0.1900,43.5,87.7,0.230,0,0,0,0,,,,,711,105,,,,,KHSRP___TXN_unrelaxed_rank_002_alphafold2_multimer_v3_model_5_seed_000.pdb
KHSRP___TXN,3,4,A,B,0.0000,0.0,0.0,0.0000,0.1579,0.0000,0.0000,0.0,0.0,0.1900,41.2,83.3,0.240,0,0,0,0,,,,,711,105,,,,,KHSRP___TXN_unrelaxed_rank_003_alphafold2_multimer_v3_model_4_seed_000.pdb
KHSRP___TXN,4,3,A,B,0.0000,0.0,0.0,0.0000,0.1657,0.0000,0.0000,0.0,0.0,0.1800,41.8,85.3,0.250,0,0,0,0,,,,,711,105,,,,,KHSRP___TXN_unrelaxed_rank_004_alphafold2_multimer_v3_model_3_seed_000.pdb
KHSRP___TXN,5,2,A,B,0.0000,0.0,0.0,0.0000,0.1831,0.0000,0.0000,0.0,0.0,0.1700,43.2,83.7,0.240,0,0,0,0,,,,,711,105,,,,,KHSRP___TXN_unrelaxed_rank_005_alphafold2_multimer_v3_model_2_seed_000.pdb
MATR3___CCAR2,1,2,A,B,0.0000,0.0,0.0,0.0000,0.2796,0.0000,0.0000,0.0,0.0,0.1900,39.6,58.5,0.380,0,0,0,0,,,,,847,923,,,,,MATR3___CCAR2_unrelaxed_rank_001_alphafold2_multimer_v3_model_2_seed_000.pdb
MATR3___CCAR2,2,1,A,B,0.0000,0.0,0.0,0.0000,0.3584,0.0000,0.0000,0.0,0.0,0.1900,35.2,56.3,0.370,0,0,0,0,,,,,847,923,,,,,MATR3___CCAR2_unrelaxed_rank_002_alphafold2_multimer_v3_model_1_seed_000.pdb
MATR3___CCAR2,3,3,A,B,0.0000,0.0,0.0,0.0000,0.2206,0.0000,0.0000,0.0,0.0,0.1900,37.0,56.6,0.380,0,0,0,0,,,,,847,923,,,,,MATR3___CCAR2_unrelaxed_rank_003_alphafold2_multimer_v3_model_3_seed_000.pdb
MATR3___CCAR2,4,4,A,B,0.0000,0.0,0.0,0.0000,0.2065,0.0000,0.0000,0.0,0.0,0.1800,35.0,55.6,0.370,0,0,0,0,,,,,847,923,,,,,MATR3___CCAR2_unrelaxed_rank_004_alphafold2_multimer_v3_model_4_seed_000.pdb
MATR3___CCAR2,5,5,A,B,0.0000,0.0,0.0,0.0000,0.1924,0.0000,0.0000,0.0,0.0,0.1800,38.1,58.3,0.380,0,0,0,0,,,,,847,923,,,,,MATR3___CCAR2_unrelaxed_rank_005_alphafold2_multimer_v3_model_5_seed_000.pdb
MRPL12___EDC3,1,3,A,B,0.1535,283.1,43.4,0.0206,0.5467,0.1229,0.1916,2055.0,39.0,0.3000,45.4,63.6,0.450,27,210,9,11,65.1,94.9,67.5,80.0,198,508,[62-88],"[261-263,270-273,277-320,335-401,403-434,437-445,453-467,471-506]","[70-76,78-79]","[343,370-373,416,418-419,422-424]",MRPL12___EDC3_unrelaxed_rank_001_alphafold2_multimer_v3_model_3_seed_000.pdb
MRPL12___EDC3,2,4,A,B,0.0000,0.0,0.0,0.0000,0.2191,0.0000,0.0000,0.0,0.0,0.1400,45.0,64.5,0.420,0,0,0,0,,,,,198,508,,,,,MRPL12___EDC3_unrelaxed_rank_002_alphafold2_multimer_v3_model_4_seed_000.pdb
MRPL12___EDC3,3,1,A,B,0.0000,0.0,0.0,0.0000,0.1932,0.0000,0.0000,0.0,0.0,0.1300,41.7,65.9,0.420,0,0,0,0,,,,,198,508,,,,,MRPL12___EDC3_unrelaxed_rank_003_alphafold2_multimer_v3_model_1_seed_000.pdb
MRPL12___EDC3,4,5,A,B,0.0000,0.0,0.0,0.0000,0.0807,0.0000,0.0000,0.0,0.0,0.1100,40.8,64.3,0.420,0,0,0,0,,,,,198,508,,,,,MRPL12___EDC3_unrelaxed_rank_004_alphafold2_multimer_v3_model_5_seed_000.pdb
MRPL12___EDC3,5,2,A,B,0.0000,0.0,0.0,0.0000,0.0900,0.0000,0.0000,0.0,0.0,0.1000,47.4,65.3,0.410,0,0,0,0,,,,,198,508,,,,,MRPL12___EDC3_unrelaxed_rank_005_alphafold2_multimer_v3_model_2_seed_000.pdb
NASP___SRSF11,1,4,A,B,0.5669,616.8,349.6,0.5511,0.9810,0.4617,0.6960,6236.0,61.0,0.3600,40.1,34.3,0.320,237,22,20,12,90.9,57.3,94.3,67.1,788,484,"[36-109,508-670]",[316-337],"[55,100,550,553-554,581-582,584-585,588-589,592,596,638,641-642,644-645,648,655]","[320,322,324-327,329-332,335-336]",NASP___SRSF11_unrelaxed_rank_001_alphafold2_multimer_v3_model_4_seed_000.pdb
NASP___SRSF11,2,3,A,B,0.0149,18.8,0.3,0.0000,0.4564,0.0313,0.0071,354.0,1.0,0.2400,39.4,32.8,0.320,135,12,1,1,94.6,57.1,95.2,60.3,788,484,"[40-56,58-63,65-66,68-78,80,82-83,86-87,90,92-97,99-101,514-516,518,521-522,524-525,527-530,532-539,541-554,556,558-576,580,583,585-586,588-590,592-594,596,599-600,602-603,606-610,613,615,617-619,639,650,653,656-657]","[225-235,237]",[524],[229],NASP___SRSF11_unrelaxed_rank_002_alphafold2_multimer_v3_model_3_seed_000.pdb
NASP___SRSF11,3,5,A,B,0.0966,36.8,3.6,0.0123,0.5813,0.0822,0.1136,169.0,8.0,0.2300,40.8,33.0,0.320,8,62,3,4,55.8,87.6,51.7,87.3,788,484,"[69,712-718]","[34-39,42,44-48,51-52,55-57,59-65,78-109,115,118-121,141]",[715-717],"[52,98-100]",NASP___SRSF11_unrelaxed_rank_003_alphafold2_multimer_v3_model_5_seed_000.pdb
NASP___SRSF11,4,2,A,B,0.0296,1.0,0.0,0.0000,0.4718,0.0296,0.0296,1.0,1.0,0.2200,41.5,32.8,0.320,1,1,1,1,38.5,85.2,38.5,85.2,788,484,[717],[100],[717],[100],NASP___SRSF11_unrelaxed_rank_004_alphafold2_multimer_v3_model_2_seed_000.pdb
NASP___SRSF11,5,1,A,B,0.0000,0.0,0.0,0.0000,0.4091,0.0000,0.0000,0.0,0.0,0.2000,39.6,30.3,0.320,0,0,0,0,,,,,788,484,,,,,NASP___SRSF11_unrelaxed_rank_005_alphafold2_multimer_v3_model_1_seed_000.pdb
NCL___PDK1,1,1,A,B,0.2342,2045.2,479.1,0.2186,0.8188,0.1673,0.3280,41008.0,102.0,0.6200,43.4,80.1,0.470,88,370,17,30,80.3,88.4,79.4,82.1,710,436,[386-473],"[41-345,347-411]","[401-403,408,411,414-415,447-448,450-453,455-458]","[143-144,146-147,150,196,199-200,203-206,208,213-215,218,220,227-228,230-231,234-235,269-274]",NCL___PDK1_unrelaxed_rank_001_alphafold2_multimer_v3_model_1_seed_000.pdb
NCL___PDK1,2,3,A,B,0.1015,598.0,60.7,0.0145,0.6279,0.0798,0.1290,8315.0,43.0,0.5000,44.3,79.1,0.460,86,287,14,10,83.1,90.9,72.2,70.8,710,436,[305-390],"[48-50,52-61,73-95,100-102,104-124,132-166,175-202,218-258,260,262-334,341,349,351-356,358-394,396-398,400]","[308,310,312,342,344,346,348-349,351,381-384,387]","[241,243-246,249,290,293-294,296]",NCL___PDK1_unrelaxed_rank_002_alphafold2_multimer_v3_model_3_seed_000.pdb
NCL___PDK1,3,2,A,B,0.0000,0.0,0.0,0.0000,0.2336,0.0000,0.0000,0.0,0.0,0.2900,39.5,78.8,0.430,0,0,0,0,,,,,710,436,,,,,NCL___PDK1_unrelaxed_rank_003_alphafold2_multimer_v3_model_2_seed_000.pdb
NCL___PDK1,4,4,A,B,0.0000,0.0,0.0,0.0000,0.2731,0.0000,0.0000,0.0,0.0,0.2600,38.3,76.5,0.420,0,0,0,0,,,,,710,436,,,,,NCL___PDK1_unrelaxed_rank_004_alphafold2_multimer_v3_model_4_seed_000.pdb
NCL___PDK1,5,5,A,B,0.0000,0.0,0.0,0.0000,0.2216,0.0000,0.0000,0.0,0.0,0.2100,41.5,77.7,0.420,0,0,0,0,,,,,710,436,,,,,NCL___PDK1_unrelaxed_rank_005_alphafold2_multimer_v3_model_5_seed_000.pdb
NCL___U2SURP,1,1,A,B,0.0000,0.0,0.0,0.0000,0.3881,0.0000,0.0000,0.0,0.0,0.2000,39.4,47.9,0.270,0,0,0,0,,,,,710,1029,,,,,NCL___U2SURP_unrelaxed_rank_001_alphafold2_multimer_v3_model_1_seed_000.pdb
NCL___U2SURP,2,2,A,B,0.0000,0.0,0.0,0.0000,0.4155,0.0000,0.0000,0.0,0.0,0.1900,42.0,50.0,0.280,0,0,0,0,,,,,710,1029,,,,,NCL___U2SURP_unrelaxed_rank_002_alphafold2_multimer_v3_model_2_seed_000.pdb
NCL___U2SURP,3,3,A,B,0.0000,0.0,0.0,0.0000,0.4273,0.0000,0.0000,0.0,0.0,0.1900,41.0,47.9,0.270,0,0,0,0,,,,,710,1029,,,,,NCL___U2SURP_unrelaxed_rank_003_alphafold2_multimer_v3_model_3_seed_000.pdb
NCL___U2SURP,4,4,A,B,0.0000,0.0,0.0,0.0000,0.3660,0.0000,0.0000,0.0,0.0,0.1800,41.0,45.4,0.260,0,0,0,0,,,,,710,1029,,,,,NCL___U2SURP_unrelaxed_rank_004_alphafold2_multimer_v3_model_4_seed_000.pdb
NCL___U2SURP,5,5,A,B,0.0000,0.0,0.0,0.0000,0.3660,0.0000,0.0000,0.0,0.0,0.1700,41.8,48.1,0.270,0,0,0,0,,,,,710,1029,,,,,NCL___U2SURP_unrelaxed_rank_005_alphafold2_multimer_v3_model_5_seed_000.pdb
NONO___CHERP,1,1,A,B,0.0000,0.0,0.0,0.0000,0.1551,0.0000,0.0000,0.0,0.0,0.1700,64.5,47.1,0.300,0,0,0,0,,,,,471,916,,,,,NONO___CHERP_unrelaxed_rank_001_alphafold2_multimer_v3_model_1_seed_000.pdb
NONO___CHERP,2,2,A,B,0.0000,0.0,0.0,0.0000,0.1624,0.0000,0.0000,0.0,0.0,0.1600,64.2,47.2,0.300,0,0,0,0,,,,,471,916,,,,,NONO___CHERP_unrelaxed_rank_002_alphafold2_multimer_v3_model_2_seed_000.pdb
NONO___CHERP,3,3,A,B,0.0000,0.0,0.0,0.0000,0.1465,0.0000,0.0000,0.0,0.0,0.1600,62.4,47.0,0.300,0,0,0,0,,,,,471,916,,,,,NONO___CHERP_unrelaxed_rank_003_alphafold2_multimer_v3_model_3_seed_000.pdb
NONO___CHERP,4,5,A,B,0.0000,0.0,0.0,0.0000,0.1391,0.0000,0.0000,0.0,0.0,0.1500,62.3,47.2,0.300,0,0,0,0,,,,,471,916,,,,,NONO___CHERP_unrelaxed_rank_004_alphafold2_multimer_v3_model_5_seed_000.pdb
NONO___CHERP,5,4,A,B,0.0000,0.0,0.0,0.0000,0.1555,0.0000,0.0000,0.0,0.0,0.1500,60.7,46.7,0.290,0,0,0,0,,,,,471,916,,,,,NONO___CHERP_unrelaxed_rank_005_alphafold2_multimer_v3_model_4_seed_000.pdb
NONO___HMGB1,1,3,A,B,0.0000,0.0,0.0,0.0000,0.2051,0.0000,0.0000,0.0,0.0,0.1300,64.9,63.2,0.420,0,0,0,0,,,,,471,215,,,,,NONO___HMGB1_unrelaxed_rank_001_alphafold2_multimer_v3_model_3_seed_000.pdb
NONO___HMGB1,2,1,A,B,0.0000,0.0,0.0,0.0000,0.1235,0.0000,0.0000,0.0,0.0,0.1100,66.0,61.9,0.400,0,0,0,0,,,,,471,215,,,,,NONO___HMGB1_unrelaxed_rank_002_alphafold2_multimer_v3_model_1_seed_000.pdb
NONO___HMGB1,3,5,A,B,0.0000,0.0,0.0,0.0000,0.1131,0.0000,0.0000,0.0,0.0,0.1100,63.0,61.5,0.400,0,0,0,0,,,,,471,215,,,,,NONO___HMGB1_unrelaxed_rank_003_alphafold2_multimer_v3_model_5_seed_000.pdb
NONO___HMGB1,4,2,A,B,0.0000,0.0,0.0,0.0000,0.1267,0.0000,0.0000,0.0,0.0,0.1100,64.7,62.0,0.390,0,0,0,0,,,,,471,215,,,,,NONO___HMGB1_unrelaxed_rank_004_alphafold2_multimer_v3_model_2_seed_000.pdb
NONO___HMGB1,5,4,A,B,0.0000,0.0,0.0,0.0000,0.1046,0.0000,0.0000,0.0,0.0,0.1000,61.1,60.4,0.370,0,0,0,0,,,,,471,215,,,,,NONO___HMGB1_unrelaxed_rank_005_alphafold2_multimer_v3_model_4_seed_000.pdb
NONO___RPS12,1,4,A,B,0.0000,0.0,0.0,0.0000,0.1149,0.0000,0.0000,0.0,0.0,0.1400,60.8,70.8,0.410,0,0,0,0,,,,,471,132,,,,,NONO___RPS12_unrelaxed_rank_001_alphafold2_multimer_v3_model_4_seed_000.pdb
NONO___RPS12,2,3,A,B,0.0000,0.0,0.0,0.0000,0.0888,0.0000,0.0000,0.0,0.0,0.1000,63.5,74.8,0.430,0,0,0,0,,,,,471,132,,,,,NONO___RPS12_unrelaxed_rank_002_alphafold2_multimer_v3_model_3_seed_000.pdb
NONO___RPS12,3,1,A,B,0.0000,0.0,0.0,0.0000,0.0829,0.0000,0.0000,0.0,0.0,0.1000,65.4,76.0,0.420,0,0,0,0,,,,,471,132,,,,,NONO___RPS12_unrelaxed_rank_003_alphafold2_multimer_v3_model_1_seed_000.pdb
NONO___RPS12,4,5,A,B,0.0000,0.0,0.0,0.0000,0.0938,0.0000,0.0000,0.0,0.0,0.1000,62.0,71.7,0.420,0,0,0,0,,,,,471,132,,,,,NONO___RPS12_unrelaxed_rank_004_alphafold2_multimer_v3_model_5_seed_000.pdb
NONO___RPS12,5,2,A,B,0.0000,0.0,0.0,0.0000,0.0000,0.0000,0.0000,0.0,0.0,0.0900,62.6,75.1,0.410,0,0,0,0,,,,,471,132,,,,,NONO___RPS12_unrelaxed_rank_005_alphafold2_multimer_v3_model_2_seed_000.pdb
PDK1___FUBP3,1,2,A,B,0.0000,0.0,0.0,0.0000,0.3741,0.0000,0.0000,0.0,0.0,0.2600,78.6,45.2,0.450,0,0,0,0,,,,,436,572,,,,,PDK1___FUBP3_unrelaxed_rank_001_alphafold2_multimer_v3_model_2_seed_000.pdb
PDK1___FUBP3,2,1,A,B,0.0192,26.7,0.5,0.0000,0.4671,0.0134,0.0277,89.0,8.0,0.2500,78.2,44.5,0.460,46,7,5,4,88.3,31.6,82.8,31.9,436,572,"[76,104-106,113,115,118,137-142,144-155,157,159,162-163,177,189,221,231,235,238-239,267,270-271,274-275,279,282,361,365,385]",[63-69],"[150-151,153-154,275]","[63-64,66-67]",PDK1___FUBP3_unrelaxed_rank_002_alphafold2_multimer_v3_model_1_seed_000.pdb
PDK1___FUBP3,3,3,A,B,0.0000,0.0,0.0,0.0000,0.3585,0.0000,0.0000,0.0,0.0,0.2500,77.8,45.3,0.450,0,0,0,0,,,,,436,572,,,,,PDK1___FUBP3_unrelaxed_rank_003_alphafold2_multimer_v3_model_3_seed_000.pdb
PDK1___FUBP3,4,5,A,B,0.0000,0.0,0.0,0.0000,0.2765,0.0000,0.0000,0.0,0.0,0.2400,78.4,45.4,0.450,0,0,0,0,,,,,436,572,,,,,PDK1___FUBP3_unrelaxed_rank_004_alphafold2_multimer_v3_model_5_seed_000.pdb
PDK1___FUBP3,5,4,A,B,0.0096,1.0,0.0,0.0000,0.3949,0.0096,0.0096,1.0,1.0,0.2300,77.9,41.2,0.460,1,1,1,1,88.2,31.4,88.2,31.4,436,572,[271],[551],[271],[551],PDK1___FUBP3_unrelaxed_rank_005_alphafold2_multimer_v3_model_4_seed_000.pdb
PRDX1___HMGB1,1,5,A,B,0.0000,0.0,0.0,0.0000,0.0863,0.0000,0.0000,0.0,0.0,0.1300,87.1,63.7,0.480,0,0,0,0,,,,,199,215,,,,,PRDX1___HMGB1_unrelaxed_rank_001_alphafold2_multimer_v3_model_5_seed_000.pdb
PRDX1___HMGB1,2,4,A,B,0.0000,0.0,0.0,0.0000,0.0833,0.0000,0.0000,0.0,0.0,0.1300,86.2,63.1,0.470,0,0,0,0,,,,,199,215,,,,,PRDX1___HMGB1_unrelaxed_rank_002_alphafold2_multimer_v3_model_4_seed_000.pdb
PRDX1___HMGB1,3,2,A,B,0.0000,0.0,0.0,0.0000,0.0854,0.0000,0.0000,0.0,0.0,0.1100,85.3,62.0,0.470,0,0,0,0,,,,,199,215,,,,,PRDX1___HMGB1_unrelaxed_rank_003_alphafold2_multimer_v3_model_2_seed_000.pdb
PRDX1___HMGB1,4,1,A,B,0.0000,0.0,0.0,0.0000,0.0803,0.0000,0.0000,0.0,0.0,0.1100,83.9,63.4,0.470,0,0,0,0,,,,,199,215,,,,,PRDX1___HMGB1_unrelaxed_rank_004_alphafold2_multimer_v3_model_1_seed_000.pdb
PRDX1___HMGB1,5,3,A,B,0.0000,0.0,0.0,0.0000,0.0662,0.0000,0.0000,0.0,0.0,0.1000,89.1,67.0,0.480,0,0,0,0,,,,,199,215,,,,,PRDX1___HMGB1_unrelaxed_rank_005_alphafold2_multimer_v3_model_3_seed_000.pdb
PRMT1___ATXN2L,1,2,A,B,0.0251,52.2,1.3,0.0000,0.5354,0.0213,0.0297,210.0,13.0,0.3800,85.5,24.6,0.360,141,4,10,4,96.2,48.3,92.3,48.3,371,1075,"[66-75,78-80,83-92,107,109,111,114,116,118,120,122-123,126-133,135-136,139,141-142,146-147,151,155-156,163-165,168-169,176-177,180-181,183-186,189,191,193-194,196,198,200-203,234,236-242,244-247,251-253,255,257,262,266,273,275,277-278,280-283,285-290,292-318,323-325,331,347,349,351,368]",[205-208],"[289,298-302,304,306-308]",[205-208],PRMT1___ATXN2L_unrelaxed_rank_001_alphafold2_multimer_v3_model_2_seed_000.pdb
PRMT1___ATXN2L,2,4,A,B,0.0000,0.0,0.0,0.0000,0.4139,0.0000,0.0000,0.0,0.0,0.3300,79.6,23.0,0.340,0,0,0,0,,,,,371,1075,,,,,PRMT1___ATXN2L_unrelaxed_rank_002_alphafold2_multimer_v3_model_4_seed_000.pdb
PRMT1___ATXN2L,3,3,A,B,0.0000,0.0,0.0,0.0000,0.4118,0.0067,0.0000,1.0,0.0,0.3100,83.1,25.2,0.350,1,1,0,0,98.3,36.0,,,371,1075,[135],[220],,,PRMT1___ATXN2L_unrelaxed_rank_003_alphafold2_multimer_v3_model_3_seed_000.pdb
PRMT1___ATXN2L,4,1,A,B,0.0000,0.0,0.0,0.0000,0.2937,0.0000,0.0000,0.0,0.0,0.2400,85.6,24.2,0.340,0,0,0,0,,,,,371,1075,,,,,PRMT1___ATXN2L_unrelaxed_rank_004_alphafold2_multimer_v3_model_1_seed_000.pdb
PRMT1___ATXN2L,5,5,A,B,0.0000,0.0,0.0,0.0000,0.2649,0.0000,0.0000,0.0,0.0,0.2400,85.4,24.4,0.340,0,0,0,0,,,,,371,1075,,,,,PRMT1___ATXN2L_unrelaxed_rank_005_alphafold2_multimer_v3_model_5_seed_000.pdb
PRMT1___DHX15,1,4,A,B,0.0000,0.0,0.0,0.0000,0.1627,0.0000,0.0000,0.0,0.0,0.1700,77.1,77.1,0.560,0,0,0,0,,,,,371,795,,,,,PRMT1___DHX15_unrelaxed_rank_001_alphafold2_multimer_v3_model_4_seed_000.pdb
PRMT1___DHX15,2,5,A,B,0.0000,0.0,0.0,0.0000,0.1780,0.0000,0.0000,0.0,0.0,0.1500,80.2,78.5,0.560,0,0,0,0,,,,,371,795,,,,,PRMT1___DHX15_unrelaxed_rank_002_alphafold2_multimer_v3_model_5_seed_000.pdb
PRMT1___DHX15,3,3,A,B,0.0000,0.0,0.0,0.0000,0.1482,0.0000,0.0000,0.0,0.0,0.1500,79.7,78.3,0.570,0,0,0,0,,,,,371,795,,,,,PRMT1___DHX15_unrelaxed_rank_003_alphafold2_multimer_v3_model_3_seed_000.pdb
PRMT1___DHX15,4,2,A,B,0.0000,0.0,0.0,0.0000,0.1683,0.0000,0.0000,0.0,0.0,0.1500,80.0,77.3,0.530,0,0,0,0,,,,,371,795,,,,,PRMT1___DHX15_unrelaxed_rank_004_alphafold2_multimer_v3_model_2_seed_000.pdb
PRMT1___DHX15,5,1,A,B,0.0000,0.0,0.0,0.0000,0.1547,0.0000,0.0000,0.0,0.0,0.1500,78.7,76.4,0.510,0,0,0,0,,,,,371,795,,,,,PRMT1___DHX15_unrelaxed_rank_005_alphafold2_multimer_v3_model_1_seed_000.pdb
PRMT1___RBM33,1,4,A,B,0.0202,32.2,0.7,0.0110,0.5082,0.0242,0.0169,520.0,2.0,0.3200,81.8,20.5,0.330,218,6,2,2,92.4,35.0,85.1,36.8,371,1170,"[60,62-80,82-84,86-87,90-95,98,101-109,111,114,116-118,125-133,135-136,138-139,141-142,145-147,149,156-160,162-164,169,174,176-186,190-204,206,209,211,213,215,218,220,222-223,227,230,233-262,264-265,267-268,270-271,273-275,277-278,280-282,287-295,298-301,303-305,307-308,310-325,327,331,334-340,344-355,362,365-370]",[219-224],"[238,313]",[222-223],PRMT1___RBM33_unrelaxed_rank_001_alphafold2_multimer_v3_model_4_seed_000.pdb
PRMT1___RBM33,2,1,A,B,0.0000,0.0,0.0,0.0000,0.3994,0.0000,0.0000,0.0,0.0,0.2900,82.9,21.0,0.340,0,0,0,0,,,,,371,1170,,,,,PRMT1___RBM33_unrelaxed_rank_002_alphafold2_multimer_v3_model_1_seed_000.pdb
PRMT1___RBM33,3,2,A,B,0.0314,107.2,3.4,0.0107,0.5748,0.0273,0.0361,821.0,14.0,0.2800,85.1,21.5,0.340,282,6,11,4,95.0,29.2,88.9,30.2,371,1170,"[54-84,86-87,90-109,111,114-133,135,138-149,155-156,158-185,190-220,222-275,279-295,297-325,329,331-355,362,364-370]",[386-391],"[56,59,61-62,65,165-166,170-171,237,345]",[387-390],PRMT1___RBM33_unrelaxed_rank_003_alphafold2_multimer_v3_model_2_seed_000.pdb
PRMT1___RBM33,4,3,A,B,0.0000,0.0,0.0,0.0000,0.4824,0.0096,0.0000,1.0,0.0,0.2800,82.5,22.2,0.340,1,1,0,0,98.8,25.8,,,371,1170,[156],[224],,,PRMT1___RBM33_unrelaxed_rank_004_alphafold2_multimer_v3_model_3_seed_000.pdb
PRMT1___RBM33,5,5,A,B,0.0000,0.0,0.0,0.0000,0.4332,0.0000,0.0000,0.0,0.0,0.2700,85.0,22.1,0.330,0,0,0,0,,,,,371,1170,,,,,PRMT1___RBM33_unrelaxed_rank_005_alphafold2_multimer_v3_model_5_seed_000.pdb
PRMT1___SF3A3,1,5,A,B,0.0000,0.0,0.0,0.0000,0.1321,0.0000,0.0000,0.0,0.0,0.1500,83.0,73.0,0.430,0,0,0,0,,,,,371,501,,,,,PRMT1___SF3A3_unrelaxed_rank_001_alphafold2_multimer_v3_model_5_seed_000.pdb
PRMT1___SF3A3,2,2,A,B,0.0000,0.0,0.0,0.0000,0.1363,0.0000,0.0000,0.0,0.0,0.1400,83.6,73.4,0.440,0,0,0,0,,,,,371,501,,,,,PRMT1___SF3A3_unrelaxed_rank_002_alphafold2_multimer_v3_model_2_seed_000.pdb
PRMT1___SF3A3,3,3,A,B,0.0000,0.0,0.0,0.0000,0.1133,0.0000,0.0000,0.0,0.0,0.1300,81.2,73.3,0.420,0,0,0,0,,,,,371,501,,,,,PRMT1___SF3A3_unrelaxed_rank_003_alphafold2_multimer_v3_model_3_seed_000.pdb
PRMT1___SF3A3,4,4,A,B,0.0000,0.0,0.0,0.0000,0.1400,0.0000,0.0000,0.0,0.0,0.1300,80.1,69.5,0.430,0,0,0,0,,,,,371,501,,,,,PRMT1___SF3A3_unrelaxed_rank_004_alphafold2_multimer_v3_model_4_seed_000.pdb
PRMT1___SF3A3,5,1,A,B,0.0000,0.0,0.0,0.0000,0.1379,0.0000,0.0000,0.0,0.0,0.1300,83.0,73.1,0.430,0,0,0,0,,,,,371,501,,,,,PRMT1___SF3A3_unrelaxed_rank_005_alphafold2_multimer_v3_model_1_seed_000.pdb
PTBP3___ATXN2L,1,4,A,B,0.0125,1.0,0.0,0.0000,0.5424,0.0125,0.0125,1.0,1.0,0.2500,60.1,22.6,0.260,1,1,1,1,65.3,56.2,65.3,56.2,552,1075,[245],[257],[245],[257],PTBP3___ATXN2L_unrelaxed_rank_001_alphafold2_multimer_v3_model_4_seed_000.pdb
PTBP3___ATXN2L,2,2,A,B,0.0000,0.0,0.0,0.0000,0.5031,0.0000,0.0000,0.0,0.0,0.2300,67.2,23.6,0.270,0,0,0,0,,,,,552,1075,,,,,PTBP3___ATXN2L_unrelaxed_rank_002_alphafold2_multimer_v3_model_2_seed_000.pdb
PTBP3___ATXN2L,3,3,A,B,0.0000,0.0,0.0,0.0000,0.4290,0.0000,0.0000,0.0,0.0,0.2300,63.1,23.5,0.260,0,0,0,0,,,,,552,1075,,,,,PTBP3___ATXN2L_unrelaxed_rank_003_alphafold2_multimer_v3_model_3_seed_000.pdb
PTBP3___ATXN2L,4,5,A,B,0.0000,0.0,0.0,0.0000,0.4612,0.0000,0.0000,0.0,0.0,0.2300,66.3,24.3,0.260,0,0,0,0,,,,,552,1075,,,,,PTBP3___ATXN2L_unrelaxed_rank_004_alphafold2_multimer_v3_model_5_seed_000.pdb
PTBP3___ATXN2L,5,1,A,B,0.0000,0.0,0.0,0.0000,0.2419,0.0000,0.0000,0.0,0.0,0.1900,63.0,23.2,0.260,0,0,0,0,,,,,552,1075,,,,,PTBP3___ATXN2L_unrelaxed_rank_005_alphafold2_multimer_v3_model_1_seed_000.pdb
PTBP3___FUBP3,1,1,A,B,0.0000,0.0,0.0,0.0000,0.1552,0.0000,0.0000,0.0,0.0,0.1500,63.1,42.8,0.290,0,0,0,0,,,,,552,572,,,,,PTBP3___FUBP3_unrelaxed_rank_001_alphafold2_multimer_v3_model_1_seed_000.pdb
PTBP3___FUBP3,2,2,A,B,0.0000,0.0,0.0,0.0000,0.1728,0.0000,0.0000,0.0,0.0,0.1500,67.3,47.3,0.290,0,0,0,0,,,,,552,572,,,,,PTBP3___FUBP3_unrelaxed_rank_002_alphafold2_multimer_v3_model_2_seed_000.pdb
PTBP3___FUBP3,3,5,A,B,0.0000,0.0,0.0,0.0000,0.1371,0.0000,0.0000,0.0,0.0,0.1500,68.0,45.0,0.280,0,0,0,0,,,,,552,572,,,,,PTBP3___FUBP3_unrelaxed_rank_003_alphafold2_multimer_v3_model_5_seed_000.pdb
PTBP3___FUBP3,4,3,A,B,0.0000,0.0,0.0,0.0000,0.1568,0.0000,0.0000,0.0,0.0,0.1400,66.0,43.4,0.290,0,0,0,0,,,,,552,572,,,,,PTBP3___FUBP3_unrelaxed_rank_004_alphafold2_multimer_v3_model_3_seed_000.pdb
PTBP3___FUBP3,5,4,A,B,0.0000,0.0,0.0,0.0000,0.1488,0.0000,0.0000,0.0,0.0,0.1400,64.8,42.9,0.280,0,0,0,0,,,,,552,572,,,,,PTBP3___FUBP3_unrelaxed_rank_005_alphafold2_multimer_v3_model_4_seed_000.pdb
PTBP3___KHSRP,1,3,A,B,0.0000,0.0,0.0,0.0000,0.2102,0.0000,0.0000,0.0,0.0,0.1800,64.6,37.0,0.280,0,0,0,0,,,,,552,711,,,,,PTBP3___KHSRP_unrelaxed_rank_001_alphafold2_multimer_v3_model_3_seed_000.pdb
PTBP3___KHSRP,2,2,A,B,0.0000,0.0,0.0,0.0000,0.1655,0.0000,0.0000,0.0,0.0,0.1700,66.9,42.0,0.280,0,0,0,0,,,,,552,711,,,,,PTBP3___KHSRP_unrelaxed_rank_002_alphafold2_multimer_v3_model_2_seed_000.pdb
PTBP3___KHSRP,3,4,A,B,0.0000,0.0,0.0,0.0000,0.1969,0.0000,0.0000,0.0,0.0,0.1700,63.7,37.8,0.270,0,0,0,0,,,,,552,711,,,,,PTBP3___KHSRP_unrelaxed_rank_003_alphafold2_multimer_v3_model_4_seed_000.pdb
PTBP3___KHSRP,4,1,A,B,0.0000,0.0,0.0,0.0000,0.1622,0.0000,0.0000,0.0,0.0,0.1700,62.6,37.9,0.280,0,0,0,0,,,,,552,711,,,,,PTBP3___KHSRP_unrelaxed_rank_004_alphafold2_multimer_v3_model_1_seed_000.pdb
PTBP3___KHSRP,5,5,A,B,0.0000,0.0,0.0,0.0000,0.1550,0.0000,0.0000,0.0,0.0,0.1500,68.1,40.4,0.270,0,0,0,0,,,,,552,711,,,,,PTBP3___KHSRP_unrelaxed_rank_005_alphafold2_multimer_v3_model_5_seed_000.pdb
RAVER1___DHX15,1,1,A,B,0.0000,0.0,0.0,0.0000,0.3868,0.0058,0.0000,1.0,0.0,0.3300,49.3,76.9,0.500,1,1,0,0,42.0,78.6,,,606,795,[346],[538],,,RAVER1___DHX15_unrelaxed_rank_001_alphafold2_multimer_v3_model_1_seed_000.pdb
RAVER1___DHX15,2,4,A,B,0.0000,0.0,0.0,0.0000,0.2728,0.0000,0.0000,0.0,0.0,0.2300,49.2,76.8,0.510,0,0,0,0,,,,,606,795,,,,,RAVER1___DHX15_unrelaxed_rank_002_alphafold2_multimer_v3_model_4_seed_000.pdb
RAVER1___DHX15,3,3,A,B,0.0000,0.0,0.0,0.0000,0.1735,0.0000,0.0000,0.0,0.0,0.1800,49.2,77.9,0.510,0,0,0,0,,,,,606,795,,,,,RAVER1___DHX15_unrelaxed_rank_003_alphafold2_multimer_v3_model_3_seed_000.pdb
RAVER1___DHX15,4,2,A,B,0.0000,0.0,0.0,0.0000,0.2052,0.0000,0.0000,0.0,0.0,0.1800,50.2,78.6,0.490,0,0,0,0,,,,,606,795,,,,,RAVER1___DHX15_unrelaxed_rank_004_alphafold2_multimer_v3_model_2_seed_000.pdb
RAVER1___DHX15,5,5,A,B,0.0000,0.0,0.0,0.0000,0.1772,0.0000,0.0000,0.0,0.0,0.1700,49.4,78.4,0.510,0,0,0,0,,,,,606,795,,,,,RAVER1___DHX15_unrelaxed_rank_005_alphafold2_multimer_v3_model_5_seed_000.pdb
RAVER1___FUBP3,1,1,A,B,0.1500,500.7,75.1,0.0166,0.7298,0.1204,0.1869,4044.0,62.0,0.3400,53.4,45.1,0.380,263,22,15,12,90.8,44.8,83.6,46.8,606,572,"[38-66,72-80,82-91,93-114,116,121-229,232-258,260-287,291-318]","[520,523-524,542-560]","[131,187,206-207,209,301-302,304-309,311-312]","[520,523,543,546-547,549-551,553-554,557-558]",RAVER1___FUBP3_unrelaxed_rank_001_alphafold2_multimer_v3_model_1_seed_000.pdb
RAVER1___FUBP3,2,5,A,B,0.0310,19.4,0.6,0.0000,0.4694,0.0406,0.0238,189.0,2.0,0.3200,52.9,45.4,0.370,79,10,2,2,94.6,52.4,87.5,52.3,606,572,"[43-44,46-48,51,54-55,135,137-138,143,145,147-152,155,158,161-165,172-175,185,189,195,201-209,214,222-225,249-251,253,266-268,270,272,275-280,292-299,301-305,307-309,311]",[546-555],"[206,309]","[550,554]",RAVER1___FUBP3_unrelaxed_rank_002_alphafold2_multimer_v3_model_5_seed_000.pdb
RAVER1___FUBP3,3,2,A,B,0.0315,24.6,0.8,0.0000,0.5213,0.0206,0.0482,151.0,4.0,0.2800,53.6,46.4,0.370,80,9,3,3,92.6,45.7,82.9,48.4,606,572,"[47-48,50,53-54,59,99-100,106,135,139,144-145,147-152,157,159,164-165,173,181,183,186-187,189,191,193-194,196-197,201-206,208,217,219,222,225,238,241,248-249,251-253,266,268,271,274,276-280,283,292-294,296-297,300,302,304-314]","[547-548,550-555,557]","[206,309,312]","[550-551,554]",RAVER1___FUBP3_unrelaxed_rank_003_alphafold2_multimer_v3_model_2_seed_000.pdb
RAVER1___FUBP3,4,4,A,B,0.0000,0.0,0.0,0.0000,0.2810,0.0000,0.0000,0.0,0.0,0.2100,52.7,42.0,0.360,0,0,0,0,,,,,606,572,,,,,RAVER1___FUBP3_unrelaxed_rank_004_alphafold2_multimer_v3_model_4_seed_000.pdb
RAVER1___FUBP3,5,3,A,B,0.0000,0.0,0.0,0.0000,0.1752,0.0000,0.0000,0.0,0.0,0.1800,52.9,42.5,0.360,0,0,0,0,,,,,606,572,,,,,RAVER1___FUBP3_unrelaxed_rank_005_alphafold2_multimer_v3_model_3_seed_000.pdb
RAVER1___GFP,1,3,A,B,0.0000,0.0,0.0,0.0000,0.1629,0.0000,0.0000,0.0,0.0,0.2400,52.1,86.4,0.440,0,0,0,0,,,,,606,238,,,,,RAVER1___GFP_unrelaxed_rank_001_alphafold2_multimer_v3_model_3_seed_000.pdb
RAVER1___GFP,2,4,A,B,0.0000,0.0,0.0,0.0000,0.1545,0.0000,0.0000,0.0,0.0,0.2300,52.4,86.3,0.440,0,0,0,0,,,,,606,238,,,,,RAVER1___GFP_unrelaxed_rank_002_alphafold2_multimer_v3_model_4_seed_000.pdb
RAVER1___GFP,3,5,A,B,0.0000,0.0,0.0,0.0000,0.1419,0.0000,0.0000,0.0,0.0,0.2100,51.9,87.0,0.430,0,0,0,0,,,,,606,238,,,,,RAVER1___GFP_unrelaxed_rank_003_alphafold2_multimer_v3_model_5_seed_000.pdb
RAVER1___GFP,4,1,A,B,0.0000,0.0,0.0,0.0000,0.1885,0.0000,0.0000,0.0,0.0,0.2000,51.5,85.5,0.420,0,0,0,0,,,,,606,238,,,,,RAVER1___GFP_unrelaxed_rank_004_alphafold2_multimer_v3_model_1_seed_000.pdb
RAVER1___GFP,5,2,A,B,0.0000,0.0,0.0,0.0000,0.1491,0.0000,0.0000,0.0,0.0,0.1500,51.7,87.0,0.420,0,0,0,0,,,,,606,238,,,,,RAVER1___GFP_unrelaxed_rank_005_alphafold2_multimer_v3_model_2_seed_000.pdb
RAVER1___RBM4,1,4,A,B,0.4284,1379.8,591.1,0.4410,0.9489,0.3249,0.5649,36612.0,52.0,0.4200,54.4,46.2,0.460,293,85,20,13,91.4,83.2,87.4,62.1,606,364,[30-322],[73-157],"[59,71-73,76,80,83-85,87,101-102,156-161,179,181]","[91,106,108-111,150-156]",RAVER1___RBM4_unrelaxed_rank_001_alphafold2_multimer_v3_model_4_seed_000.pdb
RAVER1___RBM4,2,1,A,B,0.0000,0.0,0.0,0.0000,0.2688,0.0000,0.0000,0.0,0.0,0.2000,52.2,41.4,0.400,0,0,0,0,,,,,606,364,,,,,RAVER1___RBM4_unrelaxed_rank_002_alphafold2_multimer_v3_model_1_seed_000.pdb
RAVER1___RBM4,3,3,A,B,0.0000,0.0,0.0,0.0000,0.1973,0.0000,0.0000,0.0,0.0,0.1800,51.8,38.3,0.390,0,0,0,0,,,,,606,364,,,,,RAVER1___RBM4_unrelaxed_rank_003_alphafold2_multimer_v3_model_3_seed_000.pdb
RAVER1___RBM4,4,2,A,B,0.0000,0.0,0.0,0.0000,0.2775,0.0000,0.0000,0.0,0.0,0.1800,53.1,44.1,0.400,0,0,0,0,,,,,606,364,,,,,RAVER1___RBM4_unrelaxed_rank_004_alphafold2_multimer_v3_model_2_seed_000.pdb
RAVER1___RBM4,5,5,A,B,0.0000,0.0,0.0,0.0000,0.1596,0.0000,0.0000,0.0,0.0,0.1500,52.9,41.8,0.390,0,0,0,0,,,,,606,364,,,,,RAVER1___RBM4_unrelaxed_rank_005_alphafold2_multimer_v3_model_5_seed_000.pdb
RBM4___HMGB1,1,1,A,B,0.0000,0.0,0.0,0.0000,0.2131,0.0000,0.0000,0.0,0.0,0.1400,48.5,66.5,0.260,0,0,0,0,,,,,364,215,,,,,RBM4___HMGB1_unrelaxed_rank_001_alphafold2_multimer_v3_model_1_seed_000.pdb
RBM4___HMGB1,2,2,A,B,0.0000,0.0,0.0,0.0000,0.2331,0.0000,0.0000,0.0,0.0,0.1400,48.8,66.1,0.250,0,0,0,0,,,,,364,215,,,,,RBM4___HMGB1_unrelaxed_rank_002_alphafold2_multimer_v3_model_2_seed_000.pdb
RBM4___HMGB1,3,4,A,B,0.0000,0.0,0.0,0.0000,0.2080,0.0000,0.0000,0.0,0.0,0.1300,47.1,66.3,0.270,0,0,0,0,,,,,364,215,,,,,RBM4___HMGB1_unrelaxed_rank_003_alphafold2_multimer_v3_model_4_seed_000.pdb
RBM4___HMGB1,4,3,A,B,0.0000,0.0,0.0,0.0000,0.1520,0.0000,0.0000,0.0,0.0,0.1200,45.2,64.3,0.240,0,0,0,0,,,,,364,215,,,,,RBM4___HMGB1_unrelaxed_rank_004_alphafold2_multimer_v3_model_3_seed_000.pdb
RBM4___HMGB1,5,5,A,B,0.0000,0.0,0.0,0.0000,0.1151,0.0000,0.0000,0.0,0.0,0.1100,46.8,65.6,0.250,0,0,0,0,,,,,364,215,,,,,RBM4___HMGB1_unrelaxed_rank_005_alphafold2_multimer_v3_model_5_seed_000.pdb
RBM4___SAFB,1,1,A,B,0.0000,0.0,0.0,0.0000,0.2550,0.0000,0.0000,0.0,0.0,0.2300,46.0,31.6,0.220,0,0,0,0,,,,,364,915,,,,,RBM4___SAFB_unrelaxed_rank_001_alphafold2_multimer_v3_model_1_seed_000.pdb
RBM4___SAFB,2,3,A,B,0.0000,0.0,0.0,0.0000,0.3406,0.0000,0.0000,0.0,0.0,0.1800,45.7,33.1,0.210,0,0,0,0,,,,,364,915,,,,,RBM4___SAFB_unrelaxed_rank_002_alphafold2_multimer_v3_model_3_seed_000.pdb
RBM4___SAFB,3,4,A,B,0.0000,0.0,0.0,0.0000,0.1866,0.0000,0.0000,0.0,0.0,0.1700,47.0,31.9,0.200,0,0,0,0,,,,,364,915,,,,,RBM4___SAFB_unrelaxed_rank_003_alphafold2_multimer_v3_model_4_seed_000.pdb
RBM4___SAFB,4,2,A,B,0.0000,0.0,0.0,0.0000,0.1875,0.0000,0.0000,0.0,0.0,0.1600,47.3,32.3,0.210,0,0,0,0,,,,,364,915,,,,,RBM4___SAFB_unrelaxed_rank_004_alphafold2_multimer_v3_model_2_seed_000.pdb
RBM4___SAFB,5,5,A,B,0.0000,0.0,0.0,0.0000,0.1844,0.0000,0.0000,0.0,0.0,0.1600,47.1,32.9,0.210,0,0,0,0,,,,,364,915,,,,,RBM4___SAFB_unrelaxed_rank_005_alphafold2_multimer_v3_model_5_seed_000.pdb
RPS12___PPP1R10,1,1,A,B,0.0000,0.0,0.0,0.0000,0.3071,0.0000,0.0000,0.0,0.0,0.3400,83.1,34.4,0.250,0,0,0,0,,,,,132,940,,,,,RPS12___PPP1R10_unrelaxed_rank_001_alphafold2_multimer_v3_model_1_seed_000.pdb
RPS12___PPP1R10,2,4,A,B,0.0000,0.0,0.0,0.0000,0.2887,0.0000,0.0000,0.0,0.0,0.3000,81.6,34.2,0.240,0,0,0,0,,,,,132,940,,,,,RPS12___PPP1R10_unrelaxed_rank_002_alphafold2_multimer_v3_model_4_seed_000.pdb
RPS12___PPP1R10,3,5,A,B,0.0000,0.0,0.0,0.0000,0.2114,0.0000,0.0000,0.0,0.0,0.2600,81.8,34.7,0.260,0,0,0,0,,,,,132,940,,,,,RPS12___PPP1R10_unrelaxed_rank_003_alphafold2_multimer_v3_model_5_seed_000.pdb
RPS12___PPP1R10,4,3,A,B,0.0000,0.0,0.0,0.0000,0.1115,0.0000,0.0000,0.0,0.0,0.1900,83.0,33.8,0.260,0,0,0,0,,,,,132,940,,,,,RPS12___PPP1R10_unrelaxed_rank_004_alphafold2_multimer_v3_model_3_seed_000.pdb
RPS12___PPP1R10,5,2,A,B,0.0000,0.0,0.0,0.0000,0.1434,0.0000,0.0000,0.0,0.0,0.1600,82.5,33.5,0.260,0,0,0,0,,,,,132,940,,,,,RPS12___PPP1R10_unrelaxed_rank_005_alphafold2_multimer_v3_model_2_seed_000.pdb
SAFB___CHERP,1,5,A,B,0.1636,366.3,59.9,0.0192,0.8103,0.1406,0.1903,2581.0,52.0,0.2400,29.7,47.1,0.280,15,200,11,18,40.0,92.4,41.7,89.6,915,916,[211-225],[116-315],"[212-218,220-221,223,225]","[167-170,173-174,212,216-217,219-220,222-223,259,262-263,266,270]",SAFB___CHERP_unrelaxed_rank_001_alphafold2_multimer_v3_model_5_seed_000.pdb
SAFB___CHERP,2,1,A,B,0.1605,237.9,38.2,0.0168,0.6197,0.1313,0.1962,1529.0,37.0,0.2300,28.4,46.2,0.290,12,187,7,14,32.1,92.6,33.3,91.0,915,916,[213-224],"[120,122-300,302-304,306-308,310]","[213-214,216-218,220-221]","[168,170,173,216,219-220,222-224,259,262-263,266,270]",SAFB___CHERP_unrelaxed_rank_002_alphafold2_multimer_v3_model_1_seed_000.pdb
SAFB___CHERP,3,4,A,B,0.1902,409.7,77.9,0.0222,0.7927,0.1678,0.2155,2707.0,62.0,0.2300,28.8,47.5,0.280,15,199,11,17,39.8,91.8,40.9,89.7,915,916,[210-224],[117-315],"[210,212-218,220-221,223]","[168,170,173-174,212,216,219-220,222-224,227,259,262-263,266,270]",SAFB___CHERP_unrelaxed_rank_003_alphafold2_multimer_v3_model_4_seed_000.pdb
SAFB___CHERP,4,3,A,B,0.1101,180.4,19.9,0.0136,0.7020,0.0880,0.1378,814.0,40.0,0.2100,29.3,48.9,0.280,79,16,12,8,76.7,53.3,66.0,53.0,915,916,[406-484],[891-906],"[407,409,436,438,441,443-445,449,451,453,482]","[893-894,897-898,901-902,905-906]",SAFB___CHERP_unrelaxed_rank_004_alphafold2_multimer_v3_model_3_seed_000.pdb
SAFB___CHERP,5,2,A,B,0.0000,0.0,0.0,0.0000,0.4908,0.0021,0.0000,1.0,0.0,0.1900,30.5,49.9,0.290,1,1,0,0,23.8,94.9,,,915,916,[130],[173],,,SAFB___CHERP_unrelaxed_rank_005_alphafold2_multimer_v3_model_2_seed_000.pdb
SAFB___PCCA,1,3,A,B,0.0000,0.0,0.0,0.0000,0.2871,0.0000,0.0000,0.0,0.0,0.2000,27.0,84.3,0.480,0,0,0,0,,,,,915,728,,,,,SAFB___PCCA_unrelaxed_rank_001_alphafold2_multimer_v3_model_3_seed_000.pdb
SAFB___PCCA,2,4,A,B,0.0000,0.0,0.0,0.0000,0.2589,0.0000,0.0000,0.0,0.0,0.2000,25.3,82.8,0.460,0,0,0,0,,,,,915,728,,,,,SAFB___PCCA_unrelaxed_rank_002_alphafold2_multimer_v3_model_4_seed_000.pdb
SAFB___PCCA,3,5,A,B,0.0000,0.0,0.0,0.0000,0.2544,0.0000,0.0000,0.0,0.0,0.1900,27.2,84.4,0.470,0,0,0,0,,,,,915,728,,,,,SAFB___PCCA_unrelaxed_rank_003_alphafold2_multimer_v3_model_5_seed_000.pdb
SAFB___PCCA,4,1,A,B,0.0000,0.0,0.0,0.0000,0.2006,0.0000,0.0000,0.0,0.0,0.1900,27.8,84.0,0.470,0,0,0,0,,,,,915,728,,,,,SAFB___PCCA_unrelaxed_rank_004_alphafold2_multimer_v3_model_1_seed_000.pdb
SAFB___PCCA,5,2,A,B,0.0000,0.0,0.0,0.0000,0.1646,0.0000,0.0000,0.0,0.0,0.1800,28.1,85.2,0.470,0,0,0,0,,,,,915,728,,,,,SAFB___PCCA_unrelaxed_rank_005_alphafold2_multimer_v3_model_2_seed_000.pdb
SAR1A___CHERP,1,1,A,B,0.0000,0.0,0.0,0.0000,0.3297,0.0000,0.0000,0.0,0.0,0.2500,66.6,46.4,0.320,0,0,0,0,,,,,198,916,,,,,SAR1A___CHERP_unrelaxed_rank_001_alphafold2_multimer_v3_model_1_seed_000.pdb
SAR1A___CHERP,2,4,A,B,0.0000,0.0,0.0,0.0000,0.1942,0.0000,0.0000,0.0,0.0,0.2500,66.8,45.6,0.320,0,0,0,0,,,,,198,916,,,,,SAR1A___CHERP_unrelaxed_rank_002_alphafold2_multimer_v3_model_4_seed_000.pdb
SAR1A___CHERP,3,2,A,B,0.0000,0.0,0.0,0.0000,0.2269,0.0000,0.0000,0.0,0.0,0.2100,70.1,47.6,0.320,0,0,0,0,,,,,198,916,,,,,SAR1A___CHERP_unrelaxed_rank_003_alphafold2_multimer_v3_model_2_seed_000.pdb
SAR1A___CHERP,4,3,A,B,0.0000,0.0,0.0,0.0000,0.1804,0.0000,0.0000,0.0,0.0,0.2100,64.6,47.2,0.320,0,0,0,0,,,,,198,916,,,,,SAR1A___CHERP_unrelaxed_rank_004_alphafold2_multimer_v3_model_3_seed_000.pdb
SAR1A___CHERP,5,5,A,B,0.0000,0.0,0.0,0.0000,0.1652,0.0000,0.0000,0.0,0.0,0.2000,70.9,47.9,0.320,0,0,0,0,,,,,198,916,,,,,SAR1A___CHERP_unrelaxed_rank_005_alphafold2_multimer_v3_model_5_seed_000.pdb
SAR1A___FUS,1,1,A,B,0.0000,0.0,0.0,0.0000,0.1915,0.0000,0.0000,0.0,0.0,0.2400,71.4,31.6,0.320,0,0,0,0,,,,,198,526,,,,,SAR1A___FUS_unrelaxed_rank_001_alphafold2_multimer_v3_model_1_seed_000.pdb
SAR1A___FUS,2,2,A,B,0.0000,0.0,0.0,0.0000,0.1804,0.0000,0.0000,0.0,0.0,0.2200,74.9,31.0,0.340,0,0,0,0,,,,,198,526,,,,,SAR1A___FUS_unrelaxed_rank_002_alphafold2_multimer_v3_model_2_seed_000.pdb
SAR1A___FUS,3,4,A,B,0.0000,0.0,0.0,0.0000,0.1946,0.0000,0.0000,0.0,0.0,0.2100,73.1,30.3,0.320,0,0,0,0,,,,,198,526,,,,,SAR1A___FUS_unrelaxed_rank_003_alphafold2_multimer_v3_model_4_seed_000.pdb
SAR1A___FUS,4,5,A,B,0.0000,0.0,0.0,0.0000,0.1423,0.0000,0.0000,0.0,0.0,0.1900,70.1,31.1,0.300,0,0,0,0,,,,,198,526,,,,,SAR1A___FUS_unrelaxed_rank_004_alphafold2_multimer_v3_model_5_seed_000.pdb
SAR1A___FUS,5,3,A,B,0.0000,0.0,0.0,0.0000,0.1325,0.0000,0.0000,0.0,0.0,0.1700,68.0,29.4,0.300,0,0,0,0,,,,,198,526,,,,,SAR1A___FUS_unrelaxed_rank_005_alphafold2_multimer_v3_model_3_seed_000.pdb
SAR1A___NONO,1,4,A,B,0.0000,0.0,0.0,0.0000,0.1381,0.0000,0.0000,0.0,0.0,0.1500,73.3,61.5,0.400,0,0,0,0,,,,,198,471,,,,,SAR1A___NONO_unrelaxed_rank_001_alphafold2_multimer_v3_model_4_seed_000.pdb
SAR1A___NONO,2,3,A,B,0.0000,0.0,0.0,0.0000,0.1056,0.0000,0.0000,0.0,0.0,0.1400,69.3,63.2,0.420,0,0,0,0,,,,,198,471,,,,,SAR1A___NONO_unrelaxed_rank_002_alphafold2_multimer_v3_model_3_seed_000.pdb
SAR1A___NONO,3,5,A,B,0.0000,0.0,0.0,0.0000,0.0989,0.0000,0.0000,0.0,0.0,0.1300,68.9,62.4,0.410,0,0,0,0,,,,,198,471,,,,,SAR1A___NONO_unrelaxed_rank_003_alphafold2_multimer_v3_model_5_seed_000.pdb
SAR1A___NONO,4,2,A,B,0.0000,0.0,0.0,0.0000,0.1320,0.0000,0.0000,0.0,0.0,0.1300,70.3,62.7,0.400,0,0,0,0,,,,,198,471,,,,,SAR1A___NONO_unrelaxed_rank_004_alphafold2_multimer_v3_model_2_seed_000.pdb
SAR1A___NONO,5,1,A,B,0.0000,0.0,0.0,0.0000,0.0919,0.0000,0.0000,0.0,0.0,0.1100,71.7,63.7,0.400,0,0,0,0,,,,,198,471,,,,,SAR1A___NONO_unrelaxed_rank_005_alphafold2_multimer_v3_model_1_seed_000.pdb
SET___ATXN2L,1,3,A,B,0.0355,47.4,1.7,0.0113,0.5839,0.0305,0.0412,250.0,9.0,0.2300,64.5,26.0,0.270,124,6,7,4,88.5,30.7,78.0,31.3,290,1075,"[42-83,85-91,93-101,104-106,108-109,113-114,117,120,122-129,132,135-142,147,149-159,163-169,171,173,203-206,216-217,219-220,222-229,231-233]",[660-665],"[63,66-67,70,127,132,223]",[662-665],SET___ATXN2L_unrelaxed_rank_001_alphafold2_multimer_v3_model_3_seed_000.pdb
SET___ATXN2L,2,1,A,B,0.0000,0.0,0.0,0.0000,0.2773,0.0000,0.0000,0.0,0.0,0.1900,65.5,24.9,0.260,0,0,0,0,,,,,290,1075,,,,,SET___ATXN2L_unrelaxed_rank_002_alphafold2_multimer_v3_model_1_seed_000.pdb
SET___ATXN2L,3,4,A,B,0.0000,0.0,0.0,0.0000,0.2150,0.0000,0.0000,0.0,0.0,0.1700,65.8,25.0,0.260,0,0,0,0,,,,,290,1075,,,,,SET___ATXN2L_unrelaxed_rank_003_alphafold2_multimer_v3_model_4_seed_000.pdb
SET___ATXN2L,4,5,A,B,0.0000,0.0,0.0,0.0000,0.1590,0.0000,0.0000,0.0,0.0,0.1600,66.9,26.2,0.260,0,0,0,0,,,,,290,1075,,,,,SET___ATXN2L_unrelaxed_rank_004_alphafold2_multimer_v3_model_5_seed_000.pdb
SET___ATXN2L,5,2,A,B,0.0000,0.0,0.0,0.0000,0.1499,0.0000,0.0000,0.0,0.0,0.1500,67.2,25.0,0.270,0,0,0,0,,,,,290,1075,,,,,SET___ATXN2L_unrelaxed_rank_005_alphafold2_multimer_v3_model_2_seed_000.pdb
SET___CCNT1,1,4,A,B,0.1140,200.2,22.8,0.0137,0.6089,0.0855,0.1519,954.0,42.0,0.4200,59.3,43.6,0.350,113,16,10,9,83.2,52.4,82.5,54.7,290,726,"[68-123,125-127,135-156,169,171-174,179,202-206,216-236]",[656-671],"[77,80,83-84,87-88,90-91,228,230]","[657,660-661,663-665,667-668,671]",SET___CCNT1_unrelaxed_rank_001_alphafold2_multimer_v3_model_4_seed_000.pdb
SET___CCNT1,2,3,A,B,0.1360,168.9,23.0,0.0184,0.5554,0.1238,0.1494,839.0,34.0,0.2400,61.8,44.1,0.360,6,206,6,12,55.3,91.4,55.3,84.8,290,726,[1-6],"[12-20,22-23,26,30-52,54-75,78,83-95,97-111,128-247]",[1-6],"[164-167,205,210-214,221,224]",SET___CCNT1_unrelaxed_rank_002_alphafold2_multimer_v3_model_3_seed_000.pdb
SET___CCNT1,3,1,A,B,0.0000,0.0,0.0,0.0000,0.1784,0.0000,0.0000,0.0,0.0,0.1800,61.2,43.6,0.350,0,0,0,0,,,,,290,726,,,,,SET___CCNT1_unrelaxed_rank_003_alphafold2_multimer_v3_model_1_seed_000.pdb
SET___CCNT1,4,2,A,B,0.0000,0.0,0.0,0.0000,0.2012,0.0000,0.0000,0.0,0.0,0.1700,64.4,44.6,0.360,0,0,0,0,,,,,290,726,,,,,SET___CCNT1_unrelaxed_rank_004_alphafold2_multimer_v3_model_2_seed_000.pdb
SET___CCNT1,5,5,A,B,0.0000,0.0,0.0,0.0000,0.1751,0.0000,0.0000,0.0,0.0,0.1600,62.0,44.4,0.350,0,0,0,0,,,,,290,726,,,,,SET___CCNT1_unrelaxed_rank_005_alphafold2_multimer_v3_model_5_seed_000.pdb
SET___SF1,1,4,A,B,0.0322,37.0,1.2,0.0107,0.4723,0.0266,0.0390,171.0,8.0,0.2000,60.0,35.3,0.300,54,9,3,5,75.1,46.4,66.1,46.7,290,639,"[45-76,78-84,86,88-89,94,99,122,126,135-136,140-141,220,223-224,229]","[84-87,91,93-96]","[66-67,70]","[85,87,91,93,96]",SET___SF1_unrelaxed_rank_001_alphafold2_multimer_v3_model_4_seed_000.pdb
SET___SF1,2,5,A,B,0.0000,0.0,0.0,0.0000,0.3708,0.0000,0.0000,0.0,0.0,0.1800,61.1,37.5,0.300,0,0,0,0,,,,,290,639,,,,,SET___SF1_unrelaxed_rank_002_alphafold2_multimer_v3_model_5_seed_000.pdb
SET___SF1,3,1,A,B,0.0170,7.7,0.1,0.0000,0.4347,0.0145,0.0200,15.0,4.0,0.1700,60.9,34.9,0.300,13,3,2,3,73.2,44.4,69.9,44.4,290,639,"[50-58,61-62,66,70]","[85,87,93]","[62,66]","[85,87,93]",SET___SF1_unrelaxed_rank_003_alphafold2_multimer_v3_model_1_seed_000.pdb
SET___SF1,4,3,A,B,0.0000,0.0,0.0,0.0000,0.3030,0.0000,0.0000,0.0,0.0,0.1600,60.5,36.4,0.290,0,0,0,0,,,,,290,639,,,,,SET___SF1_unrelaxed_rank_004_alphafold2_multimer_v3_model_3_seed_000.pdb
SET___SF1,5,2,A,B,0.0000,0.0,0.0,0.0000,0.2778,0.0000,0.0000,0.0,0.0,0.1500,62.3,35.5,0.300,0,0,0,0,,,,,290,639,,,,,SET___SF1_unrelaxed_rank_005_alphafold2_multimer_v3_model_2_seed_000.pdb
SF1___DNAJA1,1,4,A,B,0.0602,66.2,4.0,0.0124,0.5164,0.0509,0.0713,399.0,11.0,0.3700,33.9,70.8,0.370,42,69,5,5,68.3,79.1,59.4,65.8,639,397,"[140-148,150,152,154-156,158,160,164,168,205,214,217-237,240]","[106-130,205-213,216,220-224,228-229,238-245,248,251-253,258,260,268,273-276,284,303,308-309,317,320,322,324]","[229,231-233,236]","[112,125-127,205]",SF1___DNAJA1_unrelaxed_rank_001_alphafold2_multimer_v3_model_4_seed_000.pdb
SF1___DNAJA1,2,5,A,B,0.0000,0.0,0.0,0.0000,0.2211,0.0000,0.0000,0.0,0.0,0.2200,37.8,75.3,0.320,0,0,0,0,,,,,639,397,,,,,SF1___DNAJA1_unrelaxed_rank_002_alphafold2_multimer_v3_model_5_seed_000.pdb
SF1___DNAJA1,3,2,A,B,0.0000,0.0,0.0,0.0000,0.2575,0.0000,0.0000,0.0,0.0,0.1600,36.3,74.5,0.310,0,0,0,0,,,,,639,397,,,,,SF1___DNAJA1_unrelaxed_rank_003_alphafold2_multimer_v3_model_2_seed_000.pdb
SF1___DNAJA1,4,1,A,B,0.0000,0.0,0.0,0.0000,0.1972,0.0000,0.0000,0.0,0.0,0.1500,37.9,75.1,0.310,0,0,0,0,,,,,639,397,,,,,SF1___DNAJA1_unrelaxed_rank_004_alphafold2_multimer_v3_model_1_seed_000.pdb
SF1___DNAJA1,5,3,A,B,0.0000,0.0,0.0,0.0000,0.1254,0.0000,0.0000,0.0,0.0,0.1300,35.3,73.8,0.300,0,0,0,0,,,,,639,397,,,,,SF1___DNAJA1_unrelaxed_rank_005_alphafold2_multimer_v3_model_3_seed_000.pdb
SF1___FUBP3,1,3,A,B,0.2785,589.8,164.2,0.1467,0.8205,0.1798,0.4313,4969.0,70.0,0.2700,39.2,47.9,0.290,89,76,13,16,81.0,75.1,70.3,72.3,639,572,"[49-119,123,125-126,128-137,179,206,208-209,212]",[162-237],"[83-93,95,137]","[171-172,174-175,178-179,181-182,185,197-198,200,202-203,205,207]",SF1___FUBP3_unrelaxed_rank_001_alphafold2_multimer_v3_model_3_seed_000.pdb
SF1___FUBP3,2,5,A,B,0.2174,483.3,105.1,0.1231,0.7452,0.1442,0.3277,3650.0,64.0,0.2600,39.7,50.6,0.280,75,76,13,15,82.4,78.1,69.0,73.8,639,572,"[49,51-119,125,128,130-131,133]",[162-237],[83-95],"[171-172,174-175,178-179,181-182,185,197-198,200,203,205,207]",SF1___FUBP3_unrelaxed_rank_002_alphafold2_multimer_v3_model_5_seed_000.pdb
SF1___FUBP3,3,4,A,B,0.1989,421.2,83.8,0.0734,0.7351,0.1340,0.2950,2862.0,62.0,0.2400,39.5,47.5,0.270,68,74,12,14,80.8,77.0,66.0,70.9,639,572,"[51-67,70,72-73,79-119,123,125-126,128-131]",[163-236],"[83-87,89-95]","[171,174-175,178-179,181-182,185,197-198,200,203,205,207]",SF1___FUBP3_unrelaxed_rank_003_alphafold2_multimer_v3_model_4_seed_000.pdb
SF1___FUBP3,4,2,A,B,0.1812,408.1,73.9,0.0654,0.6993,0.1253,0.2620,2523.0,66.0,0.2400,38.9,51.1,0.270,55,74,13,16,80.3,75.5,65.3,68.0,639,572,"[53-66,70,72,79-117]",[163-236],[83-95],"[171,174-175,178-179,181-182,185,197-198,200,202-205,207]",SF1___FUBP3_unrelaxed_rank_004_alphafold2_multimer_v3_model_2_seed_000.pdb
SF1___FUBP3,5,1,A,B,0.0000,0.0,0.0,0.0000,0.1730,0.0000,0.0000,0.0,0.0,0.1600,38.0,47.0,0.240,0,0,0,0,,,,,639,572,,,,,SF1___FUBP3_unrelaxed_rank_005_alphafold2_multimer_v3_model_1_seed_000.pdb
SF3B2___RPS12,1,5,A,B,0.2478,290.9,72.1,0.0542,0.8245,0.1586,0.3872,2417.0,35.0,0.5900,46.3,82.0,0.290,58,116,9,9,74.4,87.2,59.3,77.3,895,132,"[504,506-549,553,566,568-571,573-579]","[12-55,58-129]",[514-522],"[23,26-27,90,92,94,96-98]",SF3B2___RPS12_unrelaxed_rank_001_alphafold2_multimer_v3_model_5_seed_000.pdb
SF3B2___RPS12,2,3,A,B,0.0000,0.0,0.0,0.0000,0.2473,0.0000,0.0000,0.0,0.0,0.2600,45.4,81.6,0.250,0,0,0,0,,,,,895,132,,,,,SF3B2___RPS12_unrelaxed_rank_002_alphafold2_multimer_v3_model_3_seed_000.pdb
SF3B2___RPS12,3,1,A,B,0.0000,0.0,0.0,0.0000,0.1474,0.0000,0.0000,0.0,0.0,0.1600,45.5,83.6,0.230,0,0,0,0,,,,,895,132,,,,,SF3B2___RPS12_unrelaxed_rank_003_alphafold2_multimer_v3_model_1_seed_000.pdb
SF3B2___RPS12,4,2,A,B,0.0000,0.0,0.0,0.0000,0.1187,0.0000,0.0000,0.0,0.0,0.1500,44.0,82.3,0.220,0,0,0,0,,,,,895,132,,,,,SF3B2___RPS12_unrelaxed_rank_004_alphafold2_multimer_v3_model_2_seed_000.pdb
SF3B2___RPS12,5,4,A,B,0.0000,0.0,0.0,0.0000,0.0000,0.0000,0.0000,0.0,0.0,0.1400,41.5,81.9,0.220,0,0,0,0,,,,,895,132,,,,,SF3B2___RPS12_unrelaxed_rank_005_alphafold2_multimer_v3_model_4_seed_000.pdb
SF3B2___SAFB,1,1,A,B,0.0000,0.0,0.0,0.0000,0.1881,0.0000,0.0000,0.0,0.0,0.1800,38.1,30.4,0.210,0,0,0,0,,,,,895,915,,,,,SF3B2___SAFB_unrelaxed_rank_001_alphafold2_multimer_v3_model_1_seed_000.pdb
SF3B2___SAFB,2,2,A,B,0.0000,0.0,0.0,0.0000,0.1735,0.0000,0.0000,0.0,0.0,0.1800,40.3,31.5,0.210,0,0,0,0,,,,,895,915,,,,,SF3B2___SAFB_unrelaxed_rank_002_alphafold2_multimer_v3_model_2_seed_000.pdb
SF3B2___SAFB,3,3,A,B,0.0000,0.0,0.0,0.0000,0.2084,0.0000,0.0000,0.0,0.0,0.1700,40.7,30.5,0.210,0,0,0,0,,,,,895,915,,,,,SF3B2___SAFB_unrelaxed_rank_003_alphafold2_multimer_v3_model_3_seed_000.pdb
SF3B2___SAFB,4,5,A,B,0.0000,0.0,0.0,0.0000,0.1688,0.0000,0.0000,0.0,0.0,0.1700,40.6,30.4,0.210,0,0,0,0,,,,,895,915,,,,,SF3B2___SAFB_unrelaxed_rank_004_alphafold2_multimer_v3_model_5_seed_000.pdb
SF3B2___SAFB,5,4,A,B,0.0000,0.0,0.0,0.0000,0.1615,0.0000,0.0000,0.0,0.0,0.1700,36.5,29.3,0.200,0,0,0,0,,,,,895,915,,,,,SF3B2___SAFB_unrelaxed_rank_005_alphafold2_multimer_v3_model_4_seed_000.pdb
SF3B2___STIP1,1,3,A,B,0.1431,134.6,19.3,0.0171,0.7081,0.1176,0.1741,1006.0,18.0,0.3000,40.2,78.6,0.310,10,155,5,9,44.2,90.3,48.9,91.4,895,543,[291-300],"[299-300,303,306-307,310,316-328,335-457,460,462-473]","[294,296-299]","[361,368,371-372,395,398-399,402,429]",SF3B2___STIP1_unrelaxed_rank_001_alphafold2_multimer_v3_model_3_seed_000.pdb
SF3B2___STIP1,2,1,A,B,0.0000,0.0,0.0,0.0000,0.1769,0.0000,0.0000,0.0,0.0,0.1700,40.1,79.2,0.300,0,0,0,0,,,,,895,543,,,,,SF3B2___STIP1_unrelaxed_rank_002_alphafold2_multimer_v3_model_1_seed_000.pdb
SF3B2___STIP1,3,2,A,B,0.0000,0.0,0.0,0.0000,0.1574,0.0000,0.0000,0.0,0.0,0.1700,38.3,81.7,0.300,0,0,0,0,,,,,895,543,,,,,SF3B2___STIP1_unrelaxed_rank_003_alphafold2_multimer_v3_model_2_seed_000.pdb
SF3B2___STIP1,4,4,A,B,0.0000,0.0,0.0,0.0000,0.1533,0.0000,0.0000,0.0,0.0,0.1700,34.4,77.9,0.300,0,0,0,0,,,,,895,543,,,,,SF3B2___STIP1_unrelaxed_rank_004_alphafold2_multimer_v3_model_4_seed_000.pdb
SF3B2___STIP1,5,5,A,B,0.0000,0.0,0.0,0.0000,0.1474,0.0000,0.0000,0.0,0.0,0.1600,38.5,79.0,0.300,0,0,0,0,,,,,895,543,,,,,SF3B2___STIP1_unrelaxed_rank_005_alphafold2_multimer_v3_model_5_seed_000.pdb
SFPQ___CDC5L,1,1,A,B,0.0000,0.0,0.0,0.0000,0.1619,0.0000,0.0000,0.0,0.0,0.2100,47.0,56.6,0.300,0,0,0,0,,,,,707,802,,,,,SFPQ___CDC5L_unrelaxed_rank_001_alphafold2_multimer_v3_model_1_seed_000.pdb
SFPQ___CDC5L,2,2,A,B,0.0000,0.0,0.0,0.0000,0.1637,0.0000,0.0000,0.0,0.0,0.1700,45.8,52.5,0.290,0,0,0,0,,,,,707,802,,,,,SFPQ___CDC5L_unrelaxed_rank_002_alphafold2_multimer_v3_model_2_seed_000.pdb
SFPQ___CDC5L,3,5,A,B,0.0000,0.0,0.0,0.0000,0.1449,0.0000,0.0000,0.0,0.0,0.1500,46.0,55.3,0.290,0,0,0,0,,,,,707,802,,,,,SFPQ___CDC5L_unrelaxed_rank_003_alphafold2_multimer_v3_model_5_seed_000.pdb
SFPQ___CDC5L,4,3,A,B,0.0000,0.0,0.0,0.0000,0.0000,0.0000,0.0000,0.0,0.0,0.1500,46.5,55.8,0.290,0,0,0,0,,,,,707,802,,,,,SFPQ___CDC5L_unrelaxed_rank_004_alphafold2_multimer_v3_model_3_seed_000.pdb
SFPQ___CDC5L,5,4,A,B,0.0000,0.0,0.0,0.0000,0.1382,0.0000,0.0000,0.0,0.0,0.1500,44.6,50.7,0.280,0,0,0,0,,,,,707,802,,,,,SFPQ___CDC5L_unrelaxed_rank_005_alphafold2_multimer_v3_model_4_seed_000.pdb
SFPQ___FAM50A,1,4,A,B,0.0000,0.0,0.0,0.0000,0.1815,0.0000,0.0000,0.0,0.0,0.1500,47.2,53.4,0.320,0,0,0,0,,,,,707,339,,,,,SFPQ___FAM50A_unrelaxed_rank_001_alphafold2_multimer_v3_model_4_seed_000.pdb
SFPQ___FAM50A,2,2,A,B,0.0000,0.0,0.0,0.0000,0.1164,0.0000,0.0000,0.0,0.0,0.1500,48.4,60.9,0.340,0,0,0,0,,,,,707,339,,,,,SFPQ___FAM50A_unrelaxed_rank_002_alphafold2_multimer_v3_model_2_seed_000.pdb
SFPQ___FAM50A,3,1,A,B,0.0000,0.0,0.0,0.0000,0.1614,0.0000,0.0000,0.0,0.0,0.1500,49.3,58.9,0.330,0,0,0,0,,,,,707,339,,,,,SFPQ___FAM50A_unrelaxed_rank_003_alphafold2_multimer_v3_model_1_seed_000.pdb
SFPQ___FAM50A,4,3,A,B,0.0000,0.0,0.0,0.0000,0.1570,0.0000,0.0000,0.0,0.0,0.1400,48.5,52.8,0.340,0,0,0,0,,,,,707,339,,,,,SFPQ___FAM50A_unrelaxed_rank_004_alphafold2_multimer_v3_model_3_seed_000.pdb
SFPQ___FAM50A,5,5,A,B,0.0000,0.0,0.0,0.0000,0.1092,0.0000,0.0000,0.0,0.0,0.1300,48.4,55.6,0.330,0,0,0,0,,,,,707,339,,,,,SFPQ___FAM50A_unrelaxed_rank_005_alphafold2_multimer_v3_model_5_seed_000.pdb
SFPQ___KHSRP,1,1,A,B,0.0000,0.0,0.0,0.0000,0.2133,0.0000,0.0000,0.0,0.0,0.1700,49.1,42.1,0.310,0,0,0,0,,,,,707,711,,,,,SFPQ___KHSRP_unrelaxed_rank_001_alphafold2_multimer_v3_model_1_seed_000.pdb
SFPQ___KHSRP,2,2,A,B,0.0000,0.0,0.0,0.0000,0.1511,0.0000,0.0000,0.0,0.0,0.1700,48.6,42.6,0.310,0,0,0,0,,,,,707,711,,,,,SFPQ___KHSRP_unrelaxed_rank_002_alphafold2_multimer_v3_model_2_seed_000.pdb
SFPQ___KHSRP,3,3,A,B,0.0000,0.0,0.0,0.0000,0.1869,0.0000,0.0000,0.0,0.0,0.1700,48.9,39.8,0.310,0,0,0,0,,,,,707,711,,,,,SFPQ___KHSRP_unrelaxed_rank_003_alphafold2_multimer_v3_model_3_seed_000.pdb
SFPQ___KHSRP,4,5,A,B,0.0000,0.0,0.0,0.0000,0.1388,0.0000,0.0000,0.0,0.0,0.1600,48.8,41.3,0.310,0,0,0,0,,,,,707,711,,,,,SFPQ___KHSRP_unrelaxed_rank_004_alphafold2_multimer_v3_model_5_seed_000.pdb
SFPQ___KHSRP,5,4,A,B,0.0000,0.0,0.0,0.0000,0.1591,0.0000,0.0000,0.0,0.0,0.1600,47.1,38.7,0.300,0,0,0,0,,,,,707,711,,,,,SFPQ___KHSRP_unrelaxed_rank_005_alphafold2_multimer_v3_model_4_seed_000.pdb
SFPQ___NASP,1,5,A,B,0.4489,367.6,165.0,0.3948,0.9678,0.3603,0.5593,3296.0,41.0,0.3400,48.1,38.5,0.300,15,224,8,12,45.4,90.0,55.8,90.4,707,788,[24-38],"[39-105,511-667]","[26-27,29-34]","[581-582,584-585,588,634,637-638,641,645,648-649]",SFPQ___NASP_unrelaxed_rank_001_alphafold2_multimer_v3_model_5_seed_000.pdb
SFPQ___NASP,2,1,A,B,0.2830,178.3,50.5,0.1055,0.7987,0.2041,0.3924,1325.0,24.0,0.3100,48.0,37.8,0.300,7,211,3,9,51.1,90.8,65.5,92.2,707,788,[701-707],"[39-104,514-627,631-661]",[705-707],"[581-582,584-585,588,641,645,648-649]",SFPQ___NASP_unrelaxed_rank_002_alphafold2_multimer_v3_model_1_seed_000.pdb
SFPQ___NASP,3,3,A,B,0.3253,190.1,61.8,0.1119,0.8889,0.2357,0.4491,1505.0,24.0,0.3100,48.0,38.1,0.300,7,211,3,9,50.8,90.8,64.9,91.3,707,788,[701-707],"[39-104,513-627,632-661]",[705-707],"[581-582,584-585,588,641,645,648-649]",SFPQ___NASP_unrelaxed_rank_003_alphafold2_multimer_v3_model_3_seed_000.pdb
SFPQ___NASP,4,2,A,B,0.3402,207.9,70.7,0.0790,0.8938,0.2439,0.4744,1801.0,24.0,0.3100,47.7,38.9,0.300,8,213,3,9,49.0,92.4,64.2,93.5,707,788,[700-707],"[39-104,513-627,631-662]",[705-707],"[581-582,584-585,588,641,645,648-649]",SFPQ___NASP_unrelaxed_rank_004_alphafold2_multimer_v3_model_2_seed_000.pdb
SFPQ___NASP,5,4,A,B,0.2522,278.4,70.2,0.0391,0.8059,0.1947,0.3266,2153.0,36.0,0.2900,46.2,38.0,0.300,13,209,7,13,38.3,90.4,42.2,89.7,707,788,[24-36],"[39-103,513-627,633-661]","[26-27,29,31-34]","[581-582,584-585,588,634,637-638,641,645,648-649,652]",SFPQ___NASP_unrelaxed_rank_005_alphafold2_multimer_v3_model_4_seed_000.pdb
SFPQ___PRMT1,1,4,A,B,0.0970,311.2,30.2,0.0151,0.5878,0.1003,0.0939,2690.0,36.0,0.3300,45.8,80.8,0.380,11,303,6,19,37.9,91.3,39.4,85.6,707,371,[1-11],"[67-186,189-371]","[1-2,6-9]","[162,165-166,170-171,208,211-212,231,234-239,311-313,370]",SFPQ___PRMT1_unrelaxed_rank_001_alphafold2_multimer_v3_model_4_seed_000.pdb
SFPQ___PRMT1,2,2,A,B,0.1131,279.0,31.6,0.0158,0.6532,0.1108,0.1154,2684.0,29.0,0.3100,46.7,84.9,0.380,10,321,8,14,36.1,94.2,36.5,87.7,707,371,[1-10],[51-371],"[1-4,6-9]","[56-57,62,65-66,165-166,170-171,212,236-238,311]",SFPQ___PRMT1_unrelaxed_rank_002_alphafold2_multimer_v3_model_2_seed_000.pdb
SFPQ___PRMT1,3,3,A,B,0.0874,236.0,20.6,0.0142,0.5948,0.1067,0.0715,2785.0,20.0,0.2900,47.6,83.4,0.380,10,318,8,14,32.6,93.1,32.6,86.9,707,371,[1-10],[54-371],"[1-4,6-9]","[56,63,65-66,165-166,170-171,208,212,236-239]",SFPQ___PRMT1_unrelaxed_rank_003_alphafold2_multimer_v3_model_3_seed_000.pdb
SFPQ___PRMT1,4,1,A,B,0.0244,52.0,1.3,0.0000,0.5171,0.0221,0.0269,451.0,6.0,0.2700,45.7,83.6,0.380,7,207,3,5,29.6,94.6,30.0,91.9,707,371,"[1-6,8]","[62,65-66,68-84,86-88,90-109,111,113-117,119-120,123-135,138-143,145-148,150-151,155-156,158-170,173-186,190-199,203,209,211,213,215-217,220,223,225-229,233,235-236,238-246,250,254-258,260-262,264-268,270-271,273,279-280,282-283,287-293,295,297-303,305,307-319,331,333-335,338,346-352,366-369]","[1-2,6]","[165-166,170,236,311]",SFPQ___PRMT1_unrelaxed_rank_004_alphafold2_multimer_v3_model_1_seed_000.pdb
SFPQ___PRMT1,5,5,A,B,0.0369,103.1,3.8,0.0125,0.5012,0.0413,0.0329,1182.0,9.0,0.2500,46.8,83.6,0.380,9,301,4,6,29.0,93.8,30.3,90.1,707,371,[1-9],"[54,58,60-136,138-170,173-186,189-207,209-211,214-220,222-343,345-359,362-370]","[2,4,6-7]","[165-166,170,236-238]",SFPQ___PRMT1_unrelaxed_rank_005_alphafold2_multimer_v3_model_5_seed_000.pdb
SFPQ___SLC3A2,1,2,A,B,0.0000,0.0,0.0,0.0000,0.2553,0.0000,0.0000,0.0,0.0,0.1500,45.7,68.7,0.410,0,0,0,0,,,,,707,630,,,,,SFPQ___SLC3A2_unrelaxed_rank_001_alphafold2_multimer_v3_model_2_seed_000.pdb
SFPQ___SLC3A2,2,4,A,B,0.0000,0.0,0.0,0.0000,0.1456,0.0000,0.0000,0.0,0.0,0.1500,43.1,67.5,0.400,0,0,0,0,,,,,707,630,,,,,SFPQ___SLC3A2_unrelaxed_rank_002_alphafold2_multimer_v3_model_4_seed_000.pdb
SFPQ___SLC3A2,3,1,A,B,0.0000,0.0,0.0,0.0000,0.1874,0.0000,0.0000,0.0,0.0,0.1500,46.1,68.5,0.410,0,0,0,0,,,,,707,630,,,,,SFPQ___SLC3A2_unrelaxed_rank_003_alphafold2_multimer_v3_model_1_seed_000.pdb
SFPQ___SLC3A2,4,5,A,B,0.0000,0.0,0.0,0.0000,0.1291,0.0000,0.0000,0.0,0.0,0.1500,45.8,67.8,0.400,0,0,0,0,,,,,707,630,,,,,SFPQ___SLC3A2_unrelaxed_rank_004_alphafold2_multimer_v3_model_5_seed_000.pdb
SFPQ___SLC3A2,5,3,A,B,0.0000,0.0,0.0,0.0000,0.1316,0.0000,0.0000,0.0,0.0,0.1400,45.9,68.0,0.410,0,0,0,0,,,,,707,630,,,,,SFPQ___SLC3A2_unrelaxed_rank_005_alphafold2_multimer_v3_model_3_seed_000.pdb
SLC3A2___RB1,1,2,A,B,0.0000,0.0,0.0,0.0000,0.4789,0.0000,0.0000,0.0,0.0,0.2200,66.7,67.1,0.500,0,0,0,0,,,,,630,928,,,,,SLC3A2___RB1_unrelaxed_rank_001_alphafold2_multimer_v3_model_2_seed_000.pdb
SLC3A2___RB1,2,1,A,B,0.0193,1.4,0.0,0.0000,0.5080,0.0183,0.0204,2.0,1.0,0.2200,66.6,66.7,0.490,1,2,1,1,30.5,87.6,30.5,87.2,630,928,[111],"[753,757]",[111],[753],SLC3A2___RB1_unrelaxed_rank_002_alphafold2_multimer_v3_model_1_seed_000.pdb
SLC3A2___RB1,3,4,A,B,0.0000,0.0,0.0,0.0000,0.3837,0.0000,0.0000,0.0,0.0,0.2000,65.4,66.1,0.490,0,0,0,0,,,,,630,928,,,,,SLC3A2___RB1_unrelaxed_rank_003_alphafold2_multimer_v3_model_4_seed_000.pdb
SLC3A2___RB1,4,3,A,B,0.0000,0.0,0.0,0.0000,0.3694,0.0000,0.0000,0.0,0.0,0.2000,66.1,65.9,0.500,0,0,0,0,,,,,630,928,,,,,SLC3A2___RB1_unrelaxed_rank_004_alphafold2_multimer_v3_model_3_seed_000.pdb
SLC3A2___RB1,5,5,A,B,0.0000,0.0,0.0,0.0000,0.1852,0.0000,0.0000,0.0,0.0,0.1900,65.8,66.4,0.500,0,0,0,0,,,,,630,928,,,,,SLC3A2___RB1_unrelaxed_rank_005_alphafold2_multimer_v3_model_5_seed_000.pdb
SMAP___AGAP3,1,3,A,B,0.0000,0.0,0.0,0.0000,0.4152,0.0103,0.0000,3.0,0.0,0.2400,23.4,62.1,0.330,3,1,0,0,26.2,69.3,,,183,875,[56-58],[113],,,SMAP___AGAP3_unrelaxed_rank_001_alphafold2_multimer_v3_model_3_seed_000.pdb
SMAP___AGAP3,2,2,A,B,0.0000,0.0,0.0,0.0000,0.4003,0.0000,0.0000,0.0,0.0,0.2300,22.8,61.9,0.320,0,0,0,0,,,,,183,875,,,,,SMAP___AGAP3_unrelaxed_rank_002_alphafold2_multimer_v3_model_2_seed_000.pdb
SMAP___AGAP3,3,1,A,B,0.0000,0.0,0.0,0.0000,0.3480,0.0000,0.0000,0.0,0.0,0.2200,20.6,59.9,0.320,0,0,0,0,,,,,183,875,,,,,SMAP___AGAP3_unrelaxed_rank_003_alphafold2_multimer_v3_model_1_seed_000.pdb
SMAP___AGAP3,4,4,A,B,0.0000,0.0,0.0,0.0000,0.3659,0.0000,0.0000,0.0,0.0,0.2000,22.2,60.5,0.320,0,0,0,0,,,,,183,875,,,,,SMAP___AGAP3_unrelaxed_rank_004_alphafold2_multimer_v3_model_4_seed_000.pdb
SMAP___AGAP3,5,5,A,B,0.0000,0.0,0.0,0.0000,0.3807,0.0000,0.0000,0.0,0.0,0.1900,21.1,61.5,0.330,0,0,0,0,,,,,183,875,,,,,SMAP___AGAP3_unrelaxed_rank_005_alphafold2_multimer_v3_model_5_seed_000.pdb
SMAP___CCNT1,1,5,A,B,0.2443,1399.3,341.8,0.0927,0.8295,0.1818,0.3283,11062.0,177.0,0.3400,30.1,45.4,0.410,52,242,31,42,53.5,91.5,54.0,80.6,183,726,"[35-62,70-93]","[11-116,118-119,121-250,252-254,257]","[37-38,41-47,50-59,61,73,76-77,80-81,83-85,88-89,92]","[50,55-57,154-155,158-159,162-167,169-173,175-177,179-180,205,207-216,221,224,242,245,253-254,257]",SMAP___CCNT1_unrelaxed_rank_001_alphafold2_multimer_v3_model_5_seed_000.pdb
SMAP___CCNT1,2,3,A,B,0.1282,486.8,62.4,0.0168,0.6363,0.1107,0.1485,4157.0,57.0,0.3200,28.8,44.9,0.400,25,229,15,20,55.4,90.0,54.3,81.3,183,726,"[10-14,73-92]","[12-114,121,124-248]","[11-14,73,76-77,80-81,83-85,88-89,92]","[50,55-57,154-155,158-159,162,165-167,171-172,175-176,179,210-211,213]",SMAP___CCNT1_unrelaxed_rank_002_alphafold2_multimer_v3_model_3_seed_000.pdb
SMAP___CCNT1,3,1,A,B,0.2060,896.2,184.6,0.0708,0.8145,0.1788,0.2373,7368.0,109.0,0.3100,27.7,45.0,0.400,45,235,25,33,46.5,90.9,47.1,79.1,183,726,"[38-58,69-92]","[12-116,118-119,121-248]","[38,41-42,44-45,47,51-56,58,73,76-78,80-81,83-85,88-89,92]","[50,55-57,154-155,158-159,162,164-167,169-173,175-177,179-180,205,207-212,221,242,245]",SMAP___CCNT1_unrelaxed_rank_003_alphafold2_multimer_v3_model_1_seed_000.pdb
SMAP___CCNT1,4,2,A,B,0.1303,701.1,91.3,0.0156,0.5870,0.1110,0.1529,4867.0,101.0,0.2900,27.0,45.8,0.400,34,234,20,33,48.1,91.5,47.1,78.4,183,726,"[39-58,76-89]","[12-113,125-256]","[41-42,44-47,50-58,80-81,83-84,87]","[57,154,157-158,164-170,172-173,175-177,179-180,204-205,207-213,215,221,245,253-254,256]",SMAP___CCNT1_unrelaxed_rank_004_alphafold2_multimer_v3_model_2_seed_000.pdb
SMAP___CCNT1,5,4,A,B,0.1034,359.3,37.1,0.0158,0.5542,0.1054,0.1014,3797.0,34.0,0.2900,27.7,45.0,0.390,26,232,12,16,48.2,90.3,49.9,79.5,183,726,"[32,35-49,79-88]","[12-115,125-215,218-250,252-254,256]","[37-38,40-41,44-45,80-81,83-84,86-87]","[55-57,154-155,158,171-173,175-176,207,242,245-246,253]",SMAP___CCNT1_unrelaxed_rank_005_alphafold2_multimer_v3_model_4_seed_000.pdb
SMAP___CDC37,1,4,A,B,0.3386,874.0,295.9,0.1979,0.8708,0.2823,0.4061,5831.0,131.0,0.3200,29.8,71.9,0.420,39,143,26,29,46.7,87.8,48.1,83.8,183,378,[22-60],"[141,143-284]","[25,27,30-34,37-38,40-42,44-49,51-54,56-59]","[187-188,191-192,195,213,217-218,220-222,224-227,237,240,244,247-248,251-252,254-255,258-259,262-263,266]",SMAP___CDC37_unrelaxed_rank_001_alphafold2_multimer_v3_model_4_seed_000.pdb
SMAP___CDC37,2,1,A,B,0.2001,549.1,109.8,0.0197,0.6365,0.1625,0.2463,3350.0,90.0,0.2300,24.1,73.1,0.420,33,137,19,26,40.8,89.9,43.6,84.4,183,378,[26-58],[143-279],"[30,32-34,37-38,40-42,44-49,52,54-56]","[184,187-188,191-192,217-218,220-222,224-226,237,240,244,247-248,251-252,254-255,258-259,262-263]",SMAP___CDC37_unrelaxed_rank_002_alphafold2_multimer_v3_model_1_seed_000.pdb
SMAP___CDC37,3,5,A,B,0.1114,380.8,42.4,0.0156,0.5294,0.0954,0.1300,2231.0,65.0,0.2000,24.4,69.3,0.400,29,127,15,23,41.7,87.0,45.7,80.9,183,378,"[25-50,55-57]","[148-200,202-244,246-275,277]","[27,30,32-34,37-38,40-42,44-45,47-49]","[188,192,213-214,218,221-222,225-226,237,240,244,247-248,251-252,254-255,258-259,262-263,266]",SMAP___CDC37_unrelaxed_rank_003_alphafold2_multimer_v3_model_5_seed_000.pdb
SMAP___CDC37,4,2,A,B,0.0000,0.0,0.0,0.0000,0.3211,0.0119,0.0000,7.0,0.0,0.1900,23.9,71.9,0.410,1,7,0,0,24.9,79.9,,,183,378,[56],"[225,251-252,254-255,270,273]",,,SMAP___CDC37_unrelaxed_rank_004_alphafold2_multimer_v3_model_2_seed_000.pdb
SMAP___CDC37,5,3,A,B,0.0000,0.0,0.0,0.0000,0.2728,0.0059,0.0000,6.0,0.0,0.1800,25.0,69.4,0.390,3,6,0,0,49.1,87.8,,,183,378,"[39,41-42]","[160,176,187,199,258,267]",,,SMAP___CDC37_unrelaxed_rank_005_alphafold2_multimer_v3_model_3_seed_000.pdb
SMAP___FUBP3,1,2,A,B,0.0000,0.0,0.0,0.0000,0.1578,0.0000,0.0000,0.0,0.0,0.1400,25.9,52.7,0.220,0,0,0,0,,,,,183,572,,,,,SMAP___FUBP3_unrelaxed_rank_001_alphafold2_multimer_v3_model_2_seed_000.pdb
SMAP___FUBP3,2,1,A,B,0.0000,0.0,0.0,0.0000,0.1577,0.0000,0.0000,0.0,0.0,0.1400,22.9,52.2,0.220,0,0,0,0,,,,,183,572,,,,,SMAP___FUBP3_unrelaxed_rank_002_alphafold2_multimer_v3_model_1_seed_000.pdb
SMAP___FUBP3,3,4,A,B,0.0000,0.0,0.0,0.0000,0.1725,0.0000,0.0000,0.0,0.0,0.1400,24.1,50.6,0.210,0,0,0,0,,,,,183,572,,,,,SMAP___FUBP3_unrelaxed_rank_003_alphafold2_multimer_v3_model_4_seed_000.pdb
SMAP___FUBP3,4,3,A,B,0.0000,0.0,0.0,0.0000,0.1374,0.0000,0.0000,0.0,0.0,0.1200,23.4,50.1,0.210,0,0,0,0,,,,,183,572,,,,,SMAP___FUBP3_unrelaxed_rank_004_alphafold2_multimer_v3_model_3_seed_000.pdb
SMAP___FUBP3,5,5,A,B,0.0000,0.0,0.0,0.0000,0.1182,0.0000,0.0000,0.0,0.0,0.1100,24.8,54.7,0.210,0,0,0,0,,,,,183,572,,,,,SMAP___FUBP3_unrelaxed_rank_005_alphafold2_multimer_v3_model_5_seed_000.pdb
SMAP___PTBP1,1,5,A,B,0.1188,57.3,6.8,0.0189,0.6092,0.0952,0.1481,164.0,20.0,0.2000,22.4,69.0,0.340,4,74,3,10,34.9,88.7,36.5,83.4,183,557,[101-104],"[183-189,193-200,202-218,221-229,231-250,252-257,265,268,272-276]",[102-104],"[199,202-203,241,244-248,253]",SMAP___PTBP1_unrelaxed_rank_001_alphafold2_multimer_v3_model_5_seed_000.pdb
SMAP___PTBP1,2,2,A,B,0.0000,0.0,0.0,0.0000,0.3387,0.0000,0.0000,0.0,0.0,0.1800,23.8,68.3,0.340,0,0,0,0,,,,,183,557,,,,,SMAP___PTBP1_unrelaxed_rank_002_alphafold2_multimer_v3_model_2_seed_000.pdb
SMAP___PTBP1,3,1,A,B,0.0000,0.0,0.0,0.0000,0.2002,0.0000,0.0000,0.0,0.0,0.1600,20.8,65.5,0.350,0,0,0,0,,,,,183,557,,,,,SMAP___PTBP1_unrelaxed_rank_003_alphafold2_multimer_v3_model_1_seed_000.pdb
SMAP___PTBP1,4,4,A,B,0.0000,0.0,0.0,0.0000,0.2099,0.0000,0.0000,0.0,0.0,0.1600,23.1,66.6,0.340,0,0,0,0,,,,,183,557,,,,,SMAP___PTBP1_unrelaxed_rank_004_alphafold2_multimer_v3_model_4_seed_000.pdb
SMAP___PTBP1,5,3,A,B,0.0000,0.0,0.0,0.0000,0.1946,0.0000,0.0000,0.0,0.0,0.1500,22.3,65.8,0.340,0,0,0,0,,,,,183,557,,,,,SMAP___PTBP1_unrelaxed_rank_005_alphafold2_multimer_v3_model_3_seed_000.pdb
SMAP___RPS12,1,2,A,B,0.1739,299.0,52.0,0.0165,0.4739,0.1385,0.2183,1788.0,50.0,0.3600,34.9,83.0,0.440,23,107,10,12,51.1,88.2,52.7,81.4,183,132,[27-49],"[13-94,103-116,119-129]","[27,30,32,36-37,40-41,44-46]","[35-36,39-40,43,58,60-61,63-64,67-68]",SMAP___RPS12_unrelaxed_rank_001_alphafold2_multimer_v3_model_2_seed_000.pdb
SMAP___RPS12,2,1,A,B,0.1031,194.0,20.0,0.0165,0.3505,0.0888,0.1198,965.0,39.0,0.2700,35.8,85.9,0.440,16,105,7,12,51.1,91.0,52.4,83.4,183,132,"[27,32,35,37-49]","[14-94,103-115,119-129]","[32,37,40-41,44-46]","[35-36,39-40,43,58,60-61,63-64,67-68]",SMAP___RPS12_unrelaxed_rank_002_alphafold2_multimer_v3_model_1_seed_000.pdb
SMAP___RPS12,3,4,A,B,0.0000,0.0,0.0,0.0000,0.1834,0.0000,0.0000,0.0,0.0,0.1700,34.8,83.4,0.420,0,0,0,0,,,,,183,132,,,,,SMAP___RPS12_unrelaxed_rank_003_alphafold2_multimer_v3_model_4_seed_000.pdb
SMAP___RPS12,4,3,A,B,0.0000,0.0,0.0,0.0000,0.1313,0.0000,0.0000,0.0,0.0,0.1500,29.8,80.5,0.420,0,0,0,0,,,,,183,132,,,,,SMAP___RPS12_unrelaxed_rank_004_alphafold2_multimer_v3_model_3_seed_000.pdb
SMAP___RPS12,5,5,A,B,0.0000,0.0,0.0,0.0000,0.1027,0.0000,0.0000,0.0,0.0,0.1300,30.9,78.5,0.400,0,0,0,0,,,,,183,132,,,,,SMAP___RPS12_unrelaxed_rank_005_alphafold2_multimer_v3_model_5_seed_000.pdb
SMAP___TLE3,1,4,A,B,0.5960,1027.4,612.3,0.7301,0.9719,0.5434,0.6536,10451.0,101.0,0.4500,27.7,57.3,0.430,21,335,14,26,69.6,94.8,72.0,94.8,183,772,[31-51],[438-772],"[31-34,37-38,40-42,44-47,49]","[488,490,532,534,536,552,577-578,596-598,618-620,622,638-639,661,663,679,702,704,720,743,745,761]",SMAP___TLE3_unrelaxed_rank_001_alphafold2_multimer_v3_model_4_seed_000.pdb
SMAP___TLE3,2,1,A,B,0.1048,447.1,46.8,0.0167,0.6241,0.1014,0.1082,3388.0,59.0,0.2400,21.9,57.2,0.430,21,305,13,22,34.4,94.8,34.2,90.5,183,772,"[38-50,52-59]","[447-452,458-464,466-468,471-515,521-562,566-648,652-670,672-687,689-772]","[38,40-41,44-47,54-59]","[488,490,533-534,536,552,577-578,580,596,620,622,638,661,663,679,702,704,720,743,745,761]",SMAP___TLE3_unrelaxed_rank_002_alphafold2_multimer_v3_model_1_seed_000.pdb
SMAP___TLE3,3,5,A,B,0.0715,547.0,39.1,0.0149,0.5679,0.0667,0.0766,4675.0,64.0,0.2300,22.1,58.5,0.440,27,309,14,23,29.3,95.5,28.8,90.1,183,772,"[39-59,175-180]","[447-452,458-468,471-515,522-562,565-670,672-687,689-772]","[41,44-45,52-56,58-59,176-177,179-180]","[488,490,534,536,552,578,580,596-598,619-620,622,638,661,663,679,702,704,720,743,745,761]",SMAP___TLE3_unrelaxed_rank_003_alphafold2_multimer_v3_model_5_seed_000.pdb
SMAP___TLE3,4,3,A,B,0.0773,323.8,25.0,0.0160,0.5997,0.0824,0.0725,2497.0,42.0,0.2200,24.6,58.6,0.440,14,308,9,22,29.5,95.3,30.1,91.5,183,772,"[52-61,176-179]","[447-452,458-464,466-469,471-515,522-562,565-670,673-687,689-772]","[52-56,58-59,177,179]","[488,490,534,536,578,580,596-597,619-620,622,637-638,661,663,679,702,704,720,745-746,761]",SMAP___TLE3_unrelaxed_rank_004_alphafold2_multimer_v3_model_3_seed_000.pdb
SMAP___TLE3,5,2,A,B,0.0580,163.9,9.5,0.0126,0.5228,0.0555,0.0605,1221.0,22.0,0.2000,24.3,57.4,0.430,7,293,5,13,32.2,96.4,32.0,95.1,183,772,[53-59],"[447-452,458-461,463,467-468,472-495,498-514,522-562,566-648,652-670,673-687,690,692-771]","[54-56,58-59]","[490,536,552,578,580,596,620,622,638,663,704,743,745]",SMAP___TLE3_unrelaxed_rank_005_alphafold2_multimer_v3_model_2_seed_000.pdb
SNRPC___HMGB1,1,1,A,B,0.0000,0.0,0.0,0.0000,0.1915,0.0144,0.0000,6.0,0.0,0.1400,33.5,69.6,0.350,2,4,0,0,58.6,80.7,,,159,215,[20-21],"[18-19,25,124]",,,SNRPC___HMGB1_unrelaxed_rank_001_alphafold2_multimer_v3_model_1_seed_000.pdb
SNRPC___HMGB1,2,5,A,B,0.0000,0.0,0.0,0.0000,0.1458,0.0000,0.0000,0.0,0.0,0.1200,38.8,71.3,0.380,0,0,0,0,,,,,159,215,,,,,SNRPC___HMGB1_unrelaxed_rank_002_alphafold2_multimer_v3_model_5_seed_000.pdb
SNRPC___HMGB1,3,4,A,B,0.0000,0.0,0.0,0.0000,0.1674,0.0000,0.0000,0.0,0.0,0.1100,34.8,69.9,0.380,0,0,0,0,,,,,159,215,,,,,SNRPC___HMGB1_unrelaxed_rank_003_alphafold2_multimer_v3_model_4_seed_000.pdb
SNRPC___HMGB1,4,3,A,B,0.0000,0.0,0.0,0.0000,0.1538,0.0000,0.0000,0.0,0.0,0.1200,36.3,71.4,0.350,0,0,0,0,,,,,159,215,,,,,SNRPC___HMGB1_unrelaxed_rank_004_alphafold2_multimer_v3_model_3_seed_000.pdb
SNRPC___HMGB1,5,2,A,B,0.0000,0.0,0.0,0.0000,0.1468,0.0000,0.0000,0.0,0.0,0.1200,35.6,69.5,0.330,0,0,0,0,,,,,159,215,,,,,SNRPC___HMGB1_unrelaxed_rank_005_alphafold2_multimer_v3_model_2_seed_000.pdb
SNRPC___ZFR,1,1,A,B,0.0000,0.0,0.0,0.0000,0.2233,0.0000,0.0000,0.0,0.0,0.1900,29.0,48.1,0.360,0,0,0,0,,,,,159,1074,,,,,SNRPC___ZFR_unrelaxed_rank_001_alphafold2_multimer_v3_model_1_seed_000.pdb
SNRPC___ZFR,2,4,A,B,0.0000,0.0,0.0,0.0000,0.2263,0.0000,0.0000,0.0,0.0,0.1800,29.1,45.7,0.370,0,0,0,0,,,,,159,1074,,,,,SNRPC___ZFR_unrelaxed_rank_002_alphafold2_multimer_v3_model_4_seed_000.pdb
SNRPC___ZFR,3,2,A,B,0.0000,0.0,0.0,0.0000,0.1558,0.0000,0.0000,0.0,0.0,0.1700,35.2,48.5,0.360,0,0,0,0,,,,,159,1074,,,,,SNRPC___ZFR_unrelaxed_rank_003_alphafold2_multimer_v3_model_2_seed_000.pdb
SNRPC___ZFR,4,3,A,B,0.0000,0.0,0.0,0.0000,0.1958,0.0000,0.0000,0.0,0.0,0.1600,29.7,46.9,0.360,0,0,0,0,,,,,159,1074,,,,,SNRPC___ZFR_unrelaxed_rank_004_alphafold2_multimer_v3_model_3_seed_000.pdb
SNRPC___ZFR,5,5,A,B,0.0000,0.0,0.0,0.0000,0.1984,0.0000,0.0000,0.0,0.0,0.1600,30.3,47.1,0.360,0,0,0,0,,,,,159,1074,,,,,SNRPC___ZFR_unrelaxed_rank_005_alphafold2_multimer_v3_model_5_seed_000.pdb
SUGP2___KHSRP,1,3,A,B,0.0000,0.0,0.0,0.0000,0.2981,0.0000,0.0000,0.0,0.0,0.2000,36.4,37.5,0.270,0,0,0,0,,,,,1082,711,,,,,SUGP2___KHSRP_unrelaxed_rank_001_alphafold2_multimer_v3_model_3_seed_000.pdb
SUGP2___KHSRP,2,1,A,B,0.0000,0.0,0.0,0.0000,0.3410,0.0000,0.0000,0.0,0.0,0.2000,33.3,37.6,0.260,0,0,0,0,,,,,1082,711,,,,,SUGP2___KHSRP_unrelaxed_rank_002_alphafold2_multimer_v3_model_1_seed_000.pdb
SUGP2___KHSRP,3,4,A,B,0.0000,0.0,0.0,0.0000,0.3125,0.0000,0.0000,0.0,0.0,0.2000,34.6,36.1,0.260,0,0,0,0,,,,,1082,711,,,,,SUGP2___KHSRP_unrelaxed_rank_003_alphafold2_multimer_v3_model_4_seed_000.pdb
SUGP2___KHSRP,4,2,A,B,0.0000,0.0,0.0,0.0000,0.2444,0.0000,0.0000,0.0,0.0,0.2000,39.8,41.1,0.280,0,0,0,0,,,,,1082,711,,,,,SUGP2___KHSRP_unrelaxed_rank_004_alphafold2_multimer_v3_model_2_seed_000.pdb
SUGP2___KHSRP,5,5,A,B,0.0000,0.0,0.0,0.0000,0.2051,0.0000,0.0000,0.0,0.0,0.1800,33.2,39.1,0.250,0,0,0,0,,,,,1082,711,,,,,SUGP2___KHSRP_unrelaxed_rank_005_alphafold2_multimer_v3_model_5_seed_000.pdb
SUGP2___SF3A3,1,5,A,B,0.0000,0.0,0.0,0.0000,0.2849,0.0000,0.0000,0.0,0.0,0.2200,34.6,72.9,0.310,0,0,0,0,,,,,1082,501,,,,,SUGP2___SF3A3_unrelaxed_rank_001_alphafold2_multimer_v3_model_5_seed_000.pdb
SUGP2___SF3A3,2,4,A,B,0.0000,0.0,0.0,0.0000,0.2608,0.0000,0.0000,0.0,0.0,0.2100,34.8,67.8,0.300,0,0,0,0,,,,,1082,501,,,,,SUGP2___SF3A3_unrelaxed_rank_002_alphafold2_multimer_v3_model_4_seed_000.pdb
SUGP2___SF3A3,3,1,A,B,0.0000,0.0,0.0,0.0000,0.2205,0.0000,0.0000,0.0,0.0,0.1900,36.4,72.0,0.300,0,0,0,0,,,,,1082,501,,,,,SUGP2___SF3A3_unrelaxed_rank_003_alphafold2_multimer_v3_model_1_seed_000.pdb
SUGP2___SF3A3,4,3,A,B,0.0000,0.0,0.0,0.0000,0.2105,0.0000,0.0000,0.0,0.0,0.1700,38.4,71.7,0.310,0,0,0,0,,,,,1082,501,,,,,SUGP2___SF3A3_unrelaxed_rank_004_alphafold2_multimer_v3_model_3_seed_000.pdb
SUGP2___SF3A3,5,2,A,B,0.0000,0.0,0.0,0.0000,0.1711,0.0000,0.0000,0.0,0.0,0.1700,35.4,73.3,0.300,0,0,0,0,,,,,1082,501,,,,,SUGP2___SF3A3_unrelaxed_rank_005_alphafold2_multimer_v3_model_2_seed_000.pdb
SUGP2___SNRPC,1,4,A,B,0.0000,0.0,0.0,0.0000,0.3170,0.0000,0.0000,0.0,0.0,0.2100,39.4,29.0,0.290,0,0,0,0,,,,,1082,159,,,,,SUGP2___SNRPC_unrelaxed_rank_001_alphafold2_multimer_v3_model_4_seed_000.pdb
SUGP2___SNRPC,2,2,A,B,0.0000,0.0,0.0,0.0000,0.1693,0.0000,0.0000,0.0,0.0,0.1900,39.0,30.7,0.280,0,0,0,0,,,,,1082,159,,,,,SUGP2___SNRPC_unrelaxed_rank_002_alphafold2_multimer_v3_model_2_seed_000.pdb
SUGP2___SNRPC,3,1,A,B,0.0000,0.0,0.0,0.0000,0.1874,0.0000,0.0000,0.0,0.0,0.1900,36.5,26.5,0.270,0,0,0,0,,,,,1082,159,,,,,SUGP2___SNRPC_unrelaxed_rank_003_alphafold2_multimer_v3_model_1_seed_000.pdb
SUGP2___SNRPC,4,3,A,B,0.0000,0.0,0.0,0.0000,0.2445,0.0000,0.0000,0.0,0.0,0.1800,39.3,28.9,0.280,0,0,0,0,,,,,1082,159,,,,,SUGP2___SNRPC_unrelaxed_rank_004_alphafold2_multimer_v3_model_3_seed_000.pdb
SUGP2___SNRPC,5,5,A,B,0.0000,0.0,0.0,0.0000,0.2270,0.0000,0.0000,0.0,0.0,0.1700,38.3,30.3,0.280,0,0,0,0,,,,,1082,159,,,,,SUGP2___SNRPC_unrelaxed_rank_005_alphafold2_multimer_v3_model_5_seed_000.pdb
SUPT5H___FAM50A,1,1,A,B,0.0000,0.0,0.0,0.0000,0.1665,0.0000,0.0000,0.0,0.0,0.1600,54.1,54.3,0.250,0,0,0,0,,,,,1087,339,,,,,SUPT5H___FAM50A_unrelaxed_rank_001_alphafold2_multimer_v3_model_1_seed_000.pdb
SUPT5H___FAM50A,2,3,A,B,0.0000,0.0,0.0,0.0000,0.1564,0.0000,0.0000,0.0,0.0,0.1600,53.8,52.5,0.250,0,0,0,0,,,,,1087,339,,,,,SUPT5H___FAM50A_unrelaxed_rank_002_alphafold2_multimer_v3_model_3_seed_000.pdb
SUPT5H___FAM50A,3,4,A,B,0.0000,0.0,0.0,0.0000,0.1730,0.0000,0.0000,0.0,0.0,0.1600,50.8,49.7,0.240,0,0,0,0,,,,,1087,339,,,,,SUPT5H___FAM50A_unrelaxed_rank_003_alphafold2_multimer_v3_model_4_seed_000.pdb
SUPT5H___FAM50A,4,2,A,B,0.0000,0.0,0.0,0.0000,0.0000,0.0000,0.0000,0.0,0.0,0.1600,54.0,57.4,0.240,0,0,0,0,,,,,1087,339,,,,,SUPT5H___FAM50A_unrelaxed_rank_004_alphafold2_multimer_v3_model_2_seed_000.pdb
SUPT5H___FAM50A,5,5,A,B,0.0000,0.0,0.0,0.0000,0.0000,0.0000,0.0000,0.0,0.0,0.1500,53.8,53.4,0.240,0,0,0,0,,,,,1087,339,,,,,SUPT5H___FAM50A_unrelaxed_rank_005_alphafold2_multimer_v3_model_5_seed_000.pdb
SUPT5H___PRDX1,1,1,A,B,0.0000,0.0,0.0,0.0000,0.2446,0.0000,0.0000,0.0,0.0,0.2800,52.5,82.6,0.270,0,0,0,0,,,,,1087,199,,,,,SUPT5H___PRDX1_unrelaxed_rank_001_alphafold2_multimer_v3_model_1_seed_000.pdb
SUPT5H___PRDX1,2,2,A,B,0.0000,0.0,0.0,0.0000,0.2068,0.0000,0.0000,0.0,0.0,0.2300,53.1,85.1,0.260,0,0,0,0,,,,,1087,199,,,,,SUPT5H___PRDX1_unrelaxed_rank_002_alphafold2_multimer_v3_model_2_seed_000.pdb
SUPT5H___PRDX1,3,4,A,B,0.0000,0.0,0.0,0.0000,0.1843,0.0000,0.0000,0.0,0.0,0.2100,50.7,83.8,0.260,0,0,0,0,,,,,1087,199,,,,,SUPT5H___PRDX1_unrelaxed_rank_003_alphafold2_multimer_v3_model_4_seed_000.pdb
SUPT5H___PRDX1,4,3,A,B,0.0000,0.0,0.0,0.0000,0.1528,0.0000,0.0000,0.0,0.0,0.1800,53.0,87.6,0.260,0,0,0,0,,,,,1087,199,,,,,SUPT5H___PRDX1_unrelaxed_rank_004_alphafold2_multimer_v3_model_3_seed_000.pdb
SUPT5H___PRDX1,5,5,A,B,0.0000,0.0,0.0,0.0000,0.1395,0.0000,0.0000,0.0,0.0,0.1600,53.1,86.8,0.260,0,0,0,0,,,,,1087,199,,,,,SUPT5H___PRDX1_unrelaxed_rank_005_alphafold2_multimer_v3_model_5_seed_000.pdb
SUPT5H___SRSF11,1,3,A,B,0.0000,0.0,0.0,0.0000,0.3953,0.0000,0.0000,0.0,0.0,0.2000,53.5,30.1,0.250,0,0,0,0,,,,,1087,484,,,,,SUPT5H___SRSF11_unrelaxed_rank_001_alphafold2_multimer_v3_model_3_seed_000.pdb
SUPT5H___SRSF11,2,1,A,B,0.0420,32.8,1.4,0.0000,0.5369,0.0396,0.0445,77.0,14.0,0.2100,52.8,30.1,0.240,33,9,7,6,79.0,36.1,71.2,35.9,1087,484,"[180-181,183,186,189-190,192,194-195,198-199,201-206,209,211-213,216,224,228-234,236-237,240]","[163-164,166-172]","[198-199,201-203,206,240]","[164,166-167,170-172]",SUPT5H___SRSF11_unrelaxed_rank_002_alphafold2_multimer_v3_model_1_seed_000.pdb
SUPT5H___SRSF11,3,5,A,B,0.0000,0.0,0.0,0.0000,0.3568,0.0000,0.0000,0.0,0.0,0.1800,54.5,30.4,0.240,0,0,0,0,,,,,1087,484,,,,,SUPT5H___SRSF11_unrelaxed_rank_003_alphafold2_multimer_v3_model_5_seed_000.pdb
SUPT5H___SRSF11,4,4,A,B,0.0000,0.0,0.0,0.0000,0.2650,0.0000,0.0000,0.0,0.0,0.1800,52.1,29.9,0.230,0,0,0,0,,,,,1087,484,,,,,SUPT5H___SRSF11_unrelaxed_rank_004_alphafold2_multimer_v3_model_4_seed_000.pdb
SUPT5H___SRSF11,5,2,A,B,0.0000,0.0,0.0,0.0000,0.1692,0.0000,0.0000,0.0,0.0,0.1700,54.6,31.6,0.240,0,0,0,0,,,,,1087,484,,,,,SUPT5H___SRSF11_unrelaxed_rank_005_alphafold2_multimer_v3_model_2_seed_000.pdb
TXN___PCCA,1,3,A,B,0.0000,0.0,0.0,0.0000,0.1539,0.0000,0.0000,0.0,0.0,0.1700,77.4,80.9,0.710,0,0,0,0,,,,,105,728,,,,,TXN___PCCA_unrelaxed_rank_001_alphafold2_multimer_v3_model_3_seed_000.pdb
TXN___PCCA,2,5,A,B,0.0000,0.0,0.0,0.0000,0.1495,0.0000,0.0000,0.0,0.0,0.1700,78.7,81.1,0.710,0,0,0,0,,,,,105,728,,,,,TXN___PCCA_unrelaxed_rank_002_alphafold2_multimer_v3_model_5_seed_000.pdb
TXN___PCCA,3,2,A,B,0.0000,0.0,0.0,0.0000,0.1467,0.0000,0.0000,0.0,0.0,0.1600,71.1,81.4,0.710,0,0,0,0,,,,,105,728,,,,,TXN___PCCA_unrelaxed_rank_003_alphafold2_multimer_v3_model_2_seed_000.pdb
TXN___PCCA,4,4,A,B,0.0000,0.0,0.0,0.0000,0.1698,0.0000,0.0000,0.0,0.0,0.1600,71.3,79.6,0.700,0,0,0,0,,,,,105,728,,,,,TXN___PCCA_unrelaxed_rank_004_alphafold2_multimer_v3_model_4_seed_000.pdb
TXN___PCCA,5,1,A,B,0.0000,0.0,0.0,0.0000,0.1416,0.0000,0.0000,0.0,0.0,0.1400,70.4,80.6,0.710,0,0,0,0,,,,,105,728,,,,,TXN___PCCA_unrelaxed_rank_005_alphafold2_multimer_v3_model_1_seed_000.pdb
TXN___STIP1,1,3,A,B,0.0000,0.0,0.0,0.0000,0.2043,0.0000,0.0000,0.0,0.0,0.3100,84.4,82.0,0.400,0,0,0,0,,,,,105,543,,,,,TXN___STIP1_unrelaxed_rank_001_alphafold2_multimer_v3_model_3_seed_000.pdb
TXN___STIP1,2,4,A,B,0.0000,0.0,0.0,0.0000,0.1657,0.0000,0.0000,0.0,0.0,0.1900,77.9,81.4,0.410,0,0,0,0,,,,,105,543,,,,,TXN___STIP1_unrelaxed_rank_002_alphafold2_multimer_v3_model_4_seed_000.pdb
TXN___STIP1,3,2,A,B,0.0000,0.0,0.0,0.0000,0.1490,0.0000,0.0000,0.0,0.0,0.1700,82.7,83.9,0.420,0,0,0,0,,,,,105,543,,,,,TXN___STIP1_unrelaxed_rank_003_alphafold2_multimer_v3_model_2_seed_000.pdb
TXN___STIP1,4,1,A,B,0.0000,0.0,0.0,0.0000,0.1396,0.0000,0.0000,0.0,0.0,0.1600,81.2,83.5,0.390,0,0,0,0,,,,,105,543,,,,,TXN___STIP1_unrelaxed_rank_004_alphafold2_multimer_v3_model_1_seed_000.pdb
TXN___STIP1,5,5,A,B,0.0000,0.0,0.0,0.0000,0.1181,0.0000,0.0000,0.0,0.0,0.1300,83.1,81.4,0.410,0,0,0,0,,,,,105,543,,,,,TXN___STIP1_unrelaxed_rank_005_alphafold2_multimer_v3_model_5_seed_000.pdb
TXN___U2SURP,1,1,A,B,0.0000,0.0,0.0,0.0000,0.1856,0.0000,0.0000,0.0,0.0,0.2200,84.2,50.0,0.290,0,0,0,0,,,,,105,1029,,,,,TXN___U2SURP_unrelaxed_rank_001_alphafold2_multimer_v3_model_1_seed_000.pdb
TXN___U2SURP,2,4,A,B,0.0000,0.0,0.0,0.0000,0.2245,0.0000,0.0000,0.0,0.0,0.2000,84.5,47.8,0.290,0,0,0,0,,,,,105,1029,,,,,TXN___U2SURP_unrelaxed_rank_002_alphafold2_multimer_v3_model_4_seed_000.pdb
TXN___U2SURP,3,3,A,B,0.0000,0.0,0.0,0.0000,0.1707,0.0000,0.0000,0.0,0.0,0.1800,86.2,49.3,0.290,0,0,0,0,,,,,105,1029,,,,,TXN___U2SURP_unrelaxed_rank_003_alphafold2_multimer_v3_model_3_seed_000.pdb
TXN___U2SURP,4,2,A,B,0.0000,0.0,0.0,0.0000,0.1590,0.0000,0.0000,0.0,0.0,0.1600,84.8,50.2,0.310,0,0,0,0,,,,,105,1029,,,,,TXN___U2SURP_unrelaxed_rank_004_alphafold2_multimer_v3_model_2_seed_000.pdb
TXN___U2SURP,5,5,A,B,0.0000,0.0,0.0,0.0000,0.1416,0.0000,0.0000,0.0,0.0,0.1500,86.6,49.3,0.290,0,0,0,0,,,,,105,1029,,,,,TXN___U2SURP_unrelaxed_rank_005_alphafold2_multimer_v3_model_5_seed_000.pdb
XRN2___CDC37,1,1,A,B,0.0000,0.0,0.0,0.0000,0.3691,0.0000,0.0000,0.0,0.0,0.2300,69.4,50.4,0.580,0,0,0,0,,,,,950,378,,,,,XRN2___CDC37_unrelaxed_rank_001_alphafold2_multimer_v3_model_1_seed_000.pdb
XRN2___CDC37,2,2,A,B,0.0000,0.0,0.0,0.0000,0.2940,0.0000,0.0000,0.0,0.0,0.2300,70.3,57.2,0.600,0,0,0,0,,,,,950,378,,,,,XRN2___CDC37_unrelaxed_rank_002_alphafold2_multimer_v3_model_2_seed_000.pdb
XRN2___CDC37,3,4,A,B,0.0000,0.0,0.0,0.0000,0.3537,0.0000,0.0000,0.0,0.0,0.2100,68.8,51.8,0.580,0,0,0,0,,,,,950,378,,,,,XRN2___CDC37_unrelaxed_rank_003_alphafold2_multimer_v3_model_4_seed_000.pdb
XRN2___CDC37,4,3,A,B,0.0000,0.0,0.0,0.0000,0.3535,0.0000,0.0000,0.0,0.0,0.2000,68.3,54.8,0.580,0,0,0,0,,,,,950,378,,,,,XRN2___CDC37_unrelaxed_rank_004_alphafold2_multimer_v3_model_3_seed_000.pdb
XRN2___CDC37,5,5,A,B,0.0000,0.0,0.0,0.0000,0.2236,0.0000,0.0000,0.0,0.0,0.1900,69.2,56.5,0.580,0,0,0,0,,,,,950,378,,,,,XRN2___CDC37_unrelaxed_rank_005_alphafold2_multimer_v3_model_5_seed_000.pdb
XRN2___CDK4,1,2,A,B,0.0000,0.0,0.0,0.0000,0.2624,0.0000,0.0000,0.0,0.0,0.2800,70.1,68.9,0.640,0,0,0,0,,,,,950,303,,,,,XRN2___CDK4_unrelaxed_rank_001_alphafold2_multimer_v3_model_2_seed_000.pdb
XRN2___CDK4,2,4,A,B,0.0000,0.0,0.0,0.0000,0.1588,0.0000,0.0000,0.0,0.0,0.2300,69.1,64.6,0.610,0,0,0,0,,,,,950,303,,,,,XRN2___CDK4_unrelaxed_rank_002_alphafold2_multimer_v3_model_4_seed_000.pdb
XRN2___CDK4,3,5,A,B,0.0000,0.0,0.0,0.0000,0.1751,0.0000,0.0000,0.0,0.0,0.2100,69.2,68.9,0.610,0,0,0,0,,,,,950,303,,,,,XRN2___CDK4_unrelaxed_rank_003_alphafold2_multimer_v3_model_5_seed_000.pdb
XRN2___CDK4,4,1,A,B,0.0000,0.0,0.0,0.0000,0.1822,0.0000,0.0000,0.0,0.0,0.2000,69.5,67.7,0.610,0,0,0,0,,,,,950,303,,,,,XRN2___CDK4_unrelaxed_rank_004_alphafold2_multimer_v3_model_1_seed_000.pdb
XRN2___CDK4,5,3,A,B,0.0000,0.0,0.0,0.0000,0.1528,0.0000,0.0000,0.0,0.0,0.1700,67.3,68.7,0.590,0,0,0,0,,,,,950,303,,,,,XRN2___CDK4_unrelaxed_rank_005_alphafold2_multimer_v3_model_3_seed_000.pdb
XRN2___FUBP3,1,2,A,B,0.0507,164.0,8.3,0.0122,0.5560,0.0430,0.0596,2070.0,13.0,0.3500,72.0,41.8,0.550,410,21,8,8,93.4,44.3,72.1,47.0,950,572,"[5,7-9,11-14,17,19,21-22,39,41-42,44,48-55,58-59,62,74-102,104-108,111-112,115-116,118-124,126-127,129-131,133,135-136,156,159,161,164-168,170-183,185,188,191-196,198-204,206-218,221-230,236-251,253,301,303-317,326-342,346-348,350-370,377-380,382-421,510,512-514,516-525,534-557,559-576,590-601,603-607,609-611,613-618,623,625,628-629,633-637,642-647,649,651-652,654-655,657-663,666,669-675,677,682-687,690,692-697,699-700,718,721-723,730,750-756,764-767,769,771,774]",[539-559],"[8,356,410,414,418,642,644-645]","[546,549-551,554,556-558]",XRN2___FUBP3_unrelaxed_rank_001_alphafold2_multimer_v3_model_2_seed_000.pdb
XRN2___FUBP3,2,5,A,B,0.0318,185.5,5.9,0.0121,0.5651,0.0308,0.0328,2295.0,15.0,0.3300,71.0,39.9,0.550,481,11,12,5,92.9,44.0,80.9,44.9,950,572,"[6-14,16-23,39,41-42,44,46-65,69,71-131,133-136,156-183,185,187-189,191-219,221-254,256,300-317,326-342,344-353,357,359-368,377-394,396,401,403-407,513,516-525,534-575,585,589-607,609-620,623-637,643-663,665,667-678,682-688,690-701,708-710,712,714,717-718,720-724,729-731,734-739,742,744-746,748-757,764-766,768-772,774]",[550-560],"[56-57,61,64,117,120-121,124,232-233,644-645]",[554-558],XRN2___FUBP3_unrelaxed_rank_002_alphafold2_multimer_v3_model_5_seed_000.pdb
XRN2___FUBP3,3,4,A,B,0.0151,60.5,0.9,0.0000,0.5230,0.0157,0.0146,610.0,6.0,0.3000,70.3,36.6,0.550,274,8,3,4,92.6,39.2,75.4,39.8,950,572,"[8-9,12-13,17-18,21,39,48-63,65,73,75-78,80-82,84-89,91-95,97-111,114-115,117-118,120-121,123-124,126-128,133,136,157-159,161-162,164,166-168,170-171,173,175-183,185,188,192-195,198-216,221,225-227,229,232-245,248,250-254,301-305,309-310,313-314,327-328,333,335-342,346-351,362-364,367,379,388-390,404,407,519-520,535,538-539,541-543,545-555,557,560-564,566-572,575,591-597,599,601,604,610-611,613-615,617-618,620,625,627-629,633-634,636,644,647-649,652,654-655,657-658,661-662,669,672-677,684-688,690,693,695-697,699,701,718,722,730,752-753,755,766]",[550-557],"[121,124,644]","[551-552,555-556]",XRN2___FUBP3_unrelaxed_rank_003_alphafold2_multimer_v3_model_4_seed_000.pdb
XRN2___FUBP3,4,3,A,B,0.0000,0.0,0.0,0.0000,0.3364,0.0000,0.0000,0.0,0.0,0.2400,70.6,39.0,0.540,0,0,0,0,,,,,950,572,,,,,XRN2___FUBP3_unrelaxed_rank_004_alphafold2_multimer_v3_model_3_seed_000.pdb
XRN2___FUBP3,5,1,A,B,0.0000,0.0,0.0,0.0000,0.1913,0.0000,0.0000,0.0,0.0,0.1800,70.7,38.0,0.530,0,0,0,0,,,,,950,572,,,,,XRN2___FUBP3_unrelaxed_rank_005_alphafold2_multimer_v3_model_1_seed_000.pdb
XRN2___SAFB,1,5,A,B,0.3315,1111.5,368.5,0.1383,0.9184,0.2394,0.4591,12113.0,102.0,0.5200,71.5,26.3,0.490,605,21,20,16,92.3,60.2,87.4,61.8,950,915,"[2-3,5-24,37-65,67-140,153,155-254,300-318,323-373,376-417,507-582,584-702,707-740,742-746,748-777,779-781]",[559-579],"[525-527,565-567,621,626-634,649-652]","[559-564,566-569,571-575,577]",XRN2___SAFB_unrelaxed_rank_001_alphafold2_multimer_v3_model_5_seed_000.pdb
XRN2___SAFB,2,4,A,B,0.2926,1024.1,299.7,0.0570,0.8990,0.2104,0.4071,10813.0,97.0,0.4700,71.0,25.1,0.480,583,21,20,14,91.9,57.0,86.0,60.8,950,915,"[5-23,38-44,46-65,70-140,155-231,233-254,301-318,324-373,376-416,507-582,584-701,707-714,716-731,733-740,742-746,748-774]",[559-579],"[525-527,565-567,621,626-634,649-652]","[560-564,566-569,571-575]",XRN2___SAFB_unrelaxed_rank_002_alphafold2_multimer_v3_model_4_seed_000.pdb
XRN2___SAFB,3,1,A,B,0.1599,806.2,128.9,0.0180,0.7924,0.1309,0.1954,6565.0,99.0,0.4000,70.8,26.6,0.480,515,18,19,15,91.5,52.1,86.3,53.2,950,915,"[6-14,16-19,21,47-63,74-136,157-183,185,187-188,191-230,235-251,301-317,326-371,376-410,509-579,581,584-680,682-688,690-701,708-710,717-725,728-731,733-739,744-745,750-762,764-772,774]",[560-577],"[525-527,565-567,626-634,649-652]","[561-569,571-575,577]",XRN2___SAFB_unrelaxed_rank_003_alphafold2_multimer_v3_model_1_seed_000.pdb
XRN2___SAFB,4,3,A,B,0.0000,0.0,0.0,0.0000,0.2416,0.0000,0.0000,0.0,0.0,0.2000,71.0,25.9,0.480,0,0,0,0,,,,,950,915,,,,,XRN2___SAFB_unrelaxed_rank_004_alphafold2_multimer_v3_model_3_seed_000.pdb
XRN2___SAFB,5,2,A,B,0.0000,0.0,0.0,0.0000,0.2784,0.0000,0.0000,0.0,0.0,0.1900,72.3,26.8,0.480,0,0,0,0,,,,,950,915,,,,,XRN2___SAFB_unrelaxed_rank_005_alphafold2_multimer_v3_model_2_seed_000.pdb
ZBTB33___HMGB1,1,5,A,B,0.1125,195.0,21.9,0.0153,0.5169,0.0968,0.1308,1028.0,37.0,0.3400,39.2,57.6,0.260,101,26,15,12,65.8,42.8,65.3,37.8,672,215,"[483-489,491-577,584-589,644]","[2-9,23,48,74,197-211]","[505,507-508,511,520,522,533-535,537-538,562,566,586,588]","[199-208,210-211]",ZBTB33___HMGB1_unrelaxed_rank_001_alphafold2_multimer_v3_model_5_seed_000.pdb
ZBTB33___HMGB1,2,3,A,B,0.0275,34.7,1.0,0.0107,0.4203,0.0473,0.0160,241.0,5.0,0.2100,37.9,58.2,0.260,67,15,4,3,68.4,37.1,72.2,34.9,672,215,"[492-500,502-503,511-512,516,518,521-536,538-541,543-545,548-559,561-562,564,567-573,584-585,587-588,640,643-644]","[23,197-210]","[511,534-535,562]","[198,201,206]",ZBTB33___HMGB1_unrelaxed_rank_002_alphafold2_multimer_v3_model_3_seed_000.pdb
ZBTB33___HMGB1,3,1,A,B,0.0000,0.0,0.0,0.0000,0.3757,0.0021,0.0000,1.0,0.0,0.2100,38.7,59.8,0.230,1,1,0,0,30.3,73.9,,,672,215,[645],[45],,,ZBTB33___HMGB1_unrelaxed_rank_003_alphafold2_multimer_v3_model_1_seed_000.pdb
ZBTB33___HMGB1,4,2,A,B,0.0000,0.0,0.0,0.0000,0.4113,0.0133,0.0000,3.0,0.0,0.2000,39.4,60.0,0.230,3,2,0,0,33.0,76.5,,,672,215,"[640,643-644]","[23,45]",,,ZBTB33___HMGB1_unrelaxed_rank_004_alphafold2_multimer_v3_model_2_seed_000.pdb
ZBTB33___HMGB1,5,4,A,B,0.0000,0.0,0.0,0.0000,0.3277,0.0000,0.0000,0.0,0.0,0.2000,38.0,58.6,0.230,0,0,0,0,,,,,672,215,,,,,ZBTB33___HMGB1_unrelaxed_rank_005_alphafold2_multimer_v3_model_4_seed_000.pdb
ZBTB33___PPP1R10,1,1,A,B,0.3700,252.0,93.3,0.1712,0.9205,0.2762,0.4958,2049.0,31.0,0.2400,36.7,29.2,0.250,13,143,5,11,46.2,85.9,53.8,81.5,672,940,[636-648],[8-150],"[637-638,640,643-644]","[105,108-109,114-115,118,137,141,144-145,148]",ZBTB33___PPP1R10_unrelaxed_rank_001_alphafold2_multimer_v3_model_1_seed_000.pdb
ZBTB33___PPP1R10,2,2,A,B,0.3535,258.8,91.5,0.1266,0.9221,0.2684,0.4656,2093.0,32.0,0.2400,39.5,31.5,0.250,14,144,5,11,50.6,91.1,58.4,87.2,672,940,[635-648],[7-150],"[637-638,640,643-644]","[105,108-109,114-115,118,137,141,144-145,148]",ZBTB33___PPP1R10_unrelaxed_rank_002_alphafold2_multimer_v3_model_2_seed_000.pdb
ZBTB33___PPP1R10,3,5,A,B,0.2435,211.0,51.4,0.0217,0.8342,0.1720,0.3449,1349.0,33.0,0.2300,38.7,31.0,0.240,10,140,7,11,46.7,91.7,49.2,87.7,672,940,[637-646],"[8-20,22-148]","[637-640,642-644]","[105,108-109,114-115,137,140-141,144-145,148]",ZBTB33___PPP1R10_unrelaxed_rank_003_alphafold2_multimer_v3_model_5_seed_000.pdb
ZBTB33___PPP1R10,4,4,A,B,0.2717,198.4,53.9,0.0330,0.8511,0.1986,0.3716,1406.0,28.0,0.2300,38.8,30.5,0.240,12,140,5,10,46.6,88.7,50.3,82.1,672,940,[636-647],"[8-20,22-148]","[637-638,640,643-644]","[105,108-109,114-115,118,141,144-145,148]",ZBTB33___PPP1R10_unrelaxed_rank_004_alphafold2_multimer_v3_model_4_seed_000.pdb
ZBTB33___PPP1R10,5,3,A,B,0.0317,21.2,0.7,0.0000,0.5479,0.0434,0.0232,45.0,10.0,0.2100,36.9,30.0,0.240,26,13,6,4,76.2,66.7,82.0,38.6,672,940,"[28,34-42,44,47,56-57,59-60,66-71,75,639,641,644]","[104,132-133,135-136,139-140,921-926]","[35,37,42,44,66-67]","[922-924,926]",ZBTB33___PPP1R10_unrelaxed_rank_005_alphafold2_multimer_v3_model_3_seed_000.pdb
ZBTB33___U2SURP,1,1,A,B,0.0000,0.0,0.0,0.0000,0.2413,0.0000,0.0000,0.0,0.0,0.1900,35.8,46.1,0.260,0,0,0,0,,,,,672,1029,,,,,ZBTB33___U2SURP_unrelaxed_rank_001_alphafold2_multimer_v3_model_1_seed_000.pdb
ZBTB33___U2SURP,2,4,A,B,0.0000,0.0,0.0,0.0000,0.4206,0.0000,0.0000,0.0,0.0,0.1800,36.0,45.0,0.270,0,0,0,0,,,,,672,1029,,,,,ZBTB33___U2SURP_unrelaxed_rank_002_alphafold2_multimer_v3_model_4_seed_000.pdb
ZBTB33___U2SURP,3,3,A,B,0.0000,0.0,0.0,0.0000,0.2424,0.0000,0.0000,0.0,0.0,0.1700,37.8,45.9,0.270,0,0,0,0,,,,,672,1029,,,,,ZBTB33___U2SURP_unrelaxed_rank_003_alphafold2_multimer_v3_model_3_seed_000.pdb
ZBTB33___U2SURP,4,2,A,B,0.0000,0.0,0.0,0.0000,0.1770,0.0000,0.0000,0.0,0.0,0.1700,36.6,48.9,0.270,0,0,0,0,,,,,672,1029,,,,,ZBTB33___U2SURP_unrelaxed_rank_004_alphafold2_multimer_v3_model_2_seed_000.pdb
ZBTB33___U2SURP,5,5,A,B,0.0000,0.0,0.0,0.0000,0.2107,0.0000,0.0000,0.0,0.0,0.1700,37.6,46.9,0.270,0,0,0,0,,,,,672,1029,,,,,ZBTB33___U2SURP_unrelaxed_rank_005_alphafold2_multimer_v3_model_5_seed_000.pdb
ZNF503___PCCA,1,5,A,B,0.0000,0.0,0.0,0.0000,0.3595,0.0000,0.0000,0.0,0.0,0.2400,18.8,84.2,0.520,0,0,0,0,,,,,646,728,,,,,ZNF503___PCCA_unrelaxed_rank_001_alphafold2_multimer_v3_model_5_seed_000.pdb
ZNF503___PCCA,2,3,A,B,0.0000,0.0,0.0,0.0000,0.2505,0.0000,0.0000,0.0,0.0,0.1900,19.1,84.6,0.520,0,0,0,0,,,,,646,728,,,,,ZNF503___PCCA_unrelaxed_rank_002_alphafold2_multimer_v3_model_3_seed_000.pdb
ZNF503___PCCA,3,4,A,B,0.0000,0.0,0.0,0.0000,0.2268,0.0000,0.0000,0.0,0.0,0.1800,17.6,81.9,0.510,0,0,0,0,,,,,646,728,,,,,ZNF503___PCCA_unrelaxed_rank_003_alphafold2_multimer_v3_model_4_seed_000.pdb
ZNF503___PCCA,4,2,A,B,0.0000,0.0,0.0,0.0000,0.2309,0.0000,0.0000,0.0,0.0,0.1700,19.8,85.6,0.520,0,0,0,0,,,,,646,728,,,,,ZNF503___PCCA_unrelaxed_rank_004_alphafold2_multimer_v3_model_2_seed_000.pdb
ZNF503___PCCA,5,1,A,B,0.0000,0.0,0.0,0.0000,0.1856,0.0000,0.0000,0.0,0.0,0.1700,22.2,84.4,0.520,0,0,0,0,,,,,646,728,,,,,ZNF503___PCCA_unrelaxed_rank_005_alphafold2_multimer_v3_model_1_seed_000.pdb
