name,rank,model,chain_i,chain_j,iLIS,iLIA,iLISA,ipSAE,actifpTM,LIS,cLIS,LIA,cLIA,ipTM,pLDDT_i,pLDDT_j,pTM,LIR_i,LIR_j,cLIR_i,cLIR_j,LIpLDDT_i,LIpLDDT_j,cLIpLDDT_i,cLIpLDDT_j,len_i,len_j,LIR_indices_i,LIR_indices_j,cLIR_indices_i,cLIR_indices_j,structure_file
ANP32A___PCCA,1,2,A,B,0.0000,0.0,0.0,0.0000,0.1665,0.0000,0.0000,0.0,0.0,0.1900,61.3,84.1,0.650,0,0,0,0,,,,,249,728,,,,,ANP32A___PCCA_unrelaxed_rank_001_alphafold2_multimer_v3_model_2_seed_000.pdb
ANP32A___PCCA,2,1,A,B,0.0000,0.0,0.0,0.0000,0.1280,0.0000,0.0000,0.0,0.0,0.1600,55.4,82.8,0.640,0,0,0,0,,,,,249,728,,,,,ANP32A___PCCA_unrelaxed_rank_002_alphafold2_multimer_v3_model_1_seed_000.pdb
ANP32A___PCCA,3,4,A,B,0.0000,0.0,0.0,0.0000,0.1519,0.0000,0.0000,0.0,0.0,0.1600,54.9,79.2,0.620,0,0,0,0,,,,,249,728,,,,,ANP32A___PCCA_unrelaxed_rank_003_alphafold2_multimer_v3_model_4_seed_000.pdb
ANP32A___PCCA,4,3,A,B,0.0000,0.0,0.0,0.0000,0.1465,0.0000,0.0000,0.0,0.0,0.1500,58.1,81.4,0.640,0,0,0,0,,,,,249,728,,,,,ANP32A___PCCA_unrelaxed_rank_004_alphafold2_multimer_v3_model_3_seed_000.pdb
ANP32A___PCCA,5,5,A,B,0.0000,0.0,0.0,0.0000,0.1469,0.0000,0.0000,0.0,0.0,0.1500,59.2,81.8,0.640,0,0,0,0,,,,,249,728,,,,,ANP32A___PCCA_unrelaxed_rank_005_alphafold2_multimer_v3_model_5_seed_000.pdb
ATP5PD___ATXN2L,1,3,A,B,0.1452,69.4,10.1,0.0182,0.6611,0.1156,0.1823,185.0,26.0,0.3800,75.0,27.8,0.220,47,9,6,5,79.2,53.8,76.8,53.1,161,1075,"[27-43,45-58,60-61,66-77,80,82]",[548-556],"[50-53,56-57]",[552-556],ATP5PD___ATXN2L_unrelaxed_rank_001_alphafold2_multimer_v3_model_3_seed_000.pdb
ATP5PD___ATXN2L,2,2,A,B,0.1978,214.8,42.5,0.0152,0.7156,0.1594,0.2455,887.0,52.0,0.3600,75.3,27.2,0.210,47,21,13,11,77.3,61.7,75.3,61.3,161,1075,"[30,33-43,45-79]",[536-556],"[50-53,56-57,60-63,66-67,70]","[540-541,544-545,547-548,551-555]",ATP5PD___ATXN2L_unrelaxed_rank_002_alphafold2_multimer_v3_model_2_seed_000.pdb
ATP5PD___ATXN2L,3,5,A,B,0.0292,9.6,0.3,0.0000,0.4878,0.0395,0.0215,31.0,3.0,0.3100,75.1,28.6,0.220,21,5,3,2,80.9,47.2,77.2,49.4,161,1075,"[33-34,36-40,49-53,56-57,67-71,73-74]",[552-556],"[50,53,56]",[553-554],ATP5PD___ATXN2L_unrelaxed_rank_003_alphafold2_multimer_v3_model_5_seed_000.pdb
ATP5PD___ATXN2L,4,1,A,B,0.0000,0.0,0.0,0.0000,0.3664,0.0000,0.0000,0.0,0.0,0.2600,73.6,26.5,0.220,0,0,0,0,,,,,161,1075,,,,,ATP5PD___ATXN2L_unrelaxed_rank_004_alphafold2_multimer_v3_model_1_seed_000.pdb
ATP5PD___ATXN2L,5,4,A,B,0.0000,0.0,0.0,0.0000,0.1804,0.0000,0.0000,0.0,0.0,0.1600,69.9,25.8,0.210,0,0,0,0,,,,,161,1075,,,,,ATP5PD___ATXN2L_unrelaxed_rank_005_alphafold2_multimer_v3_model_4_seed_000.pdb
ATP5PD___CDC5L,1,5,A,B,0.0000,0.0,0.0,0.0000,0.2790,0.0000,0.0000,0.0,0.0,0.2200,58.1,56.8,0.270,0,0,0,0,,,,,161,802,,,,,ATP5PD___CDC5L_unrelaxed_rank_001_alphafold2_multimer_v3_model_5_seed_000.pdb
ATP5PD___CDC5L,2,1,A,B,0.0000,0.0,0.0,0.0000,0.1228,0.0000,0.0000,0.0,0.0,0.1500,52.4,59.3,0.260,0,0,0,0,,,,,161,802,,,,,ATP5PD___CDC5L_unrelaxed_rank_002_alphafold2_multimer_v3_model_1_seed_000.pdb
ATP5PD___CDC5L,3,3,A,B,0.0000,0.0,0.0,0.0000,0.1169,0.0000,0.0000,0.0,0.0,0.1300,69.5,59.1,0.270,0,0,0,0,,,,,161,802,,,,,ATP5PD___CDC5L_unrelaxed_rank_003_alphafold2_multimer_v3_model_3_seed_000.pdb
ATP5PD___CDC5L,4,2,A,B,0.0000,0.0,0.0,0.0000,0.1128,0.0000,0.0000,0.0,0.0,0.1200,64.1,54.9,0.250,0,0,0,0,,,,,161,802,,,,,ATP5PD___CDC5L_unrelaxed_rank_004_alphafold2_multimer_v3_model_2_seed_000.pdb
ATP5PD___CDC5L,5,4,A,B,0.0000,0.0,0.0,0.0000,0.0000,0.0000,0.0000,0.0,0.0,0.1100,66.1,52.5,0.260,0,0,0,0,,,,,161,802,,,,,ATP5PD___CDC5L_unrelaxed_rank_005_alphafold2_multimer_v3_model_4_seed_000.pdb
ATP5PD___PPP1R10,1,3,A,B,0.0000,0.0,0.0,0.0000,0.2007,0.0000,0.0000,0.0,0.0,0.1700,75.7,31.8,0.250,0,0,0,0,,,,,161,940,,,,,ATP5PD___PPP1R10_unrelaxed_rank_001_alphafold2_multimer_v3_model_3_seed_000.pdb
ATP5PD___PPP1R10,2,1,A,B,0.0000,0.0,0.0,0.0000,0.1733,0.0000,0.0000,0.0,0.0,0.1600,72.1,31.9,0.240,0,0,0,0,,,,,161,940,,,,,ATP5PD___PPP1R10_unrelaxed_rank_002_alphafold2_multimer_v3_model_1_seed_000.pdb
ATP5PD___PPP1R10,3,2,A,B,0.0000,0.0,0.0,0.0000,0.2100,0.0000,0.0000,0.0,0.0,0.1500,74.5,33.7,0.250,0,0,0,0,,,,,161,940,,,,,ATP5PD___PPP1R10_unrelaxed_rank_003_alphafold2_multimer_v3_model_2_seed_000.pdb
ATP5PD___PPP1R10,4,5,A,B,0.0000,0.0,0.0,0.0000,0.1897,0.0000,0.0000,0.0,0.0,0.1400,76.1,32.6,0.240,0,0,0,0,,,,,161,940,,,,,ATP5PD___PPP1R10_unrelaxed_rank_004_alphafold2_multimer_v3_model_5_seed_000.pdb
ATP5PD___PPP1R10,5,4,A,B,0.0000,0.0,0.0,0.0000,0.1577,0.0000,0.0000,0.0,0.0,0.1300,75.2,32.4,0.250,0,0,0,0,,,,,161,940,,,,,ATP5PD___PPP1R10_unrelaxed_rank_005_alphafold2_multimer_v3_model_4_seed_000.pdb
ATP5PD___SUPT5H,1,1,A,B,0.0000,0.0,0.0,0.0000,0.1432,0.0000,0.0000,0.0,0.0,0.1700,49.4,53.8,0.240,0,0,0,0,,,,,161,1087,,,,,ATP5PD___SUPT5H_unrelaxed_rank_001_alphafold2_multimer_v3_model_1_seed_000.pdb
ATP5PD___SUPT5H,2,3,A,B,0.0000,0.0,0.0,0.0000,0.1516,0.0000,0.0000,0.0,0.0,0.1600,72.2,53.0,0.230,0,0,0,0,,,,,161,1087,,,,,ATP5PD___SUPT5H_unrelaxed_rank_002_alphafold2_multimer_v3_model_3_seed_000.pdb
ATP5PD___SUPT5H,3,2,A,B,0.0000,0.0,0.0,0.0000,0.1299,0.0000,0.0000,0.0,0.0,0.1600,60.5,53.8,0.230,0,0,0,0,,,,,161,1087,,,,,ATP5PD___SUPT5H_unrelaxed_rank_003_alphafold2_multimer_v3_model_2_seed_000.pdb
ATP5PD___SUPT5H,4,4,A,B,0.0000,0.0,0.0,0.0000,0.1376,0.0000,0.0000,0.0,0.0,0.1500,66.6,51.3,0.240,0,0,0,0,,,,,161,1087,,,,,ATP5PD___SUPT5H_unrelaxed_rank_004_alphafold2_multimer_v3_model_4_seed_000.pdb
ATP5PD___SUPT5H,5,5,A,B,0.0000,0.0,0.0,0.0000,0.1377,0.0000,0.0000,0.0,0.0,0.1400,67.4,53.4,0.240,0,0,0,0,,,,,161,1087,,,,,ATP5PD___SUPT5H_unrelaxed_rank_005_alphafold2_multimer_v3_model_5_seed_000.pdb
ATXN2L___HMGB1,1,4,A,B,0.0000,0.0,0.0,0.0000,0.3958,0.0000,0.0000,0.0,0.0,0.2600,26.7,65.9,0.210,0,0,0,0,,,,,1075,215,,,,,ATXN2L___HMGB1_unrelaxed_rank_001_alphafold2_multimer_v3_model_4_seed_000.pdb
ATXN2L___HMGB1,2,2,A,B,0.0000,0.0,0.0,0.0000,0.4410,0.0246,0.0000,1.0,0.0,0.2400,26.4,64.7,0.220,1,1,0,0,44.8,81.1,,,1075,215,[547],[45],,,ATXN2L___HMGB1_unrelaxed_rank_002_alphafold2_multimer_v3_model_2_seed_000.pdb
ATXN2L___HMGB1,3,1,A,B,0.0000,0.0,0.0,0.0000,0.2865,0.0000,0.0000,0.0,0.0,0.2300,26.1,65.5,0.220,0,0,0,0,,,,,1075,215,,,,,ATXN2L___HMGB1_unrelaxed_rank_003_alphafold2_multimer_v3_model_1_seed_000.pdb
ATXN2L___HMGB1,4,3,A,B,0.0000,0.0,0.0,0.0000,0.4061,0.0000,0.0000,0.0,0.0,0.2300,26.9,62.8,0.210,0,0,0,0,,,,,1075,215,,,,,ATXN2L___HMGB1_unrelaxed_rank_004_alphafold2_multimer_v3_model_3_seed_000.pdb
ATXN2L___HMGB1,5,5,A,B,0.0000,0.0,0.0,0.0000,0.1513,0.0000,0.0000,0.0,0.0,0.1700,27.8,66.0,0.220,0,0,0,0,,,,,1075,215,,,,,ATXN2L___HMGB1_unrelaxed_rank_005_alphafold2_multimer_v3_model_5_seed_000.pdb
ATXN2L___SF3A3,1,3,A,B,0.0000,0.0,0.0,0.0000,0.4273,0.0008,0.0000,1.0,0.0,0.2800,24.6,75.2,0.310,1,1,0,0,34.3,92.5,,,1075,501,[665],[46],,,ATXN2L___SF3A3_unrelaxed_rank_001_alphafold2_multimer_v3_model_3_seed_000.pdb
ATXN2L___SF3A3,2,2,A,B,0.0000,0.0,0.0,0.0000,0.4483,0.0000,0.0000,0.0,0.0,0.2800,24.6,77.9,0.310,0,0,0,0,,,,,1075,501,,,,,ATXN2L___SF3A3_unrelaxed_rank_002_alphafold2_multimer_v3_model_2_seed_000.pdb
ATXN2L___SF3A3,3,1,A,B,0.0000,0.0,0.0,0.0000,0.3918,0.0000,0.0000,0.0,0.0,0.2500,24.2,76.2,0.310,0,0,0,0,,,,,1075,501,,,,,ATXN2L___SF3A3_unrelaxed_rank_003_alphafold2_multimer_v3_model_1_seed_000.pdb
ATXN2L___SF3A3,4,4,A,B,0.0000,0.0,0.0,0.0000,0.3045,0.0000,0.0000,0.0,0.0,0.1800,23.4,72.2,0.300,0,0,0,0,,,,,1075,501,,,,,ATXN2L___SF3A3_unrelaxed_rank_004_alphafold2_multimer_v3_model_4_seed_000.pdb
ATXN2L___SF3A3,5,5,A,B,0.0000,0.0,0.0,0.0000,0.1464,0.0000,0.0000,0.0,0.0,0.1600,25.1,76.1,0.310,0,0,0,0,,,,,1075,501,,,,,ATXN2L___SF3A3_unrelaxed_rank_005_alphafold2_multimer_v3_model_5_seed_000.pdb
CCAR2___CDC37,1,2,A,B,0.0000,0.0,0.0,0.0000,0.4279,0.0000,0.0000,0.0,0.0,0.2500,58.0,65.4,0.420,0,0,0,0,,,,,923,378,,,,,CCAR2___CDC37_unrelaxed_rank_001_alphafold2_multimer_v3_model_2_seed_000.pdb
CCAR2___CDC37,2,4,A,B,0.0361,71.2,2.6,0.0122,0.5470,0.0349,0.0374,282.0,18.0,0.2500,55.7,60.5,0.410,6,97,6,10,32.5,80.2,32.5,82.8,923,378,"[648,650,652-655]","[157-162,168-170,172-200,202-215,217-229,231-232,236-240,242,247-264,266-271]","[648,650,652-655]","[187-188,191,195,217,255,258-259,262,266]",CCAR2___CDC37_unrelaxed_rank_002_alphafold2_multimer_v3_model_4_seed_000.pdb
CCAR2___CDC37,3,3,A,B,0.0000,0.0,0.0,0.0000,0.4584,0.0000,0.0000,0.0,0.0,0.2200,56.7,63.0,0.430,0,0,0,0,,,,,923,378,,,,,CCAR2___CDC37_unrelaxed_rank_003_alphafold2_multimer_v3_model_3_seed_000.pdb
CCAR2___CDC37,4,1,A,B,0.0000,0.0,0.0,0.0000,0.2408,0.0000,0.0000,0.0,0.0,0.1800,58.2,58.5,0.420,0,0,0,0,,,,,923,378,,,,,CCAR2___CDC37_unrelaxed_rank_004_alphafold2_multimer_v3_model_1_seed_000.pdb
CCAR2___CDC37,5,5,A,B,0.0000,0.0,0.0,0.0000,0.1691,0.0000,0.0000,0.0,0.0,0.1700,57.0,64.3,0.420,0,0,0,0,,,,,923,378,,,,,CCAR2___CDC37_unrelaxed_rank_005_alphafold2_multimer_v3_model_5_seed_000.pdb
CCAR2___SLC3A2,1,4,A,B,0.0000,0.0,0.0,0.0000,0.1681,0.0000,0.0000,0.0,0.0,0.1800,52.8,67.1,0.380,0,0,0,0,,,,,923,630,,,,,CCAR2___SLC3A2_unrelaxed_rank_001_alphafold2_multimer_v3_model_4_seed_000.pdb
CCAR2___SLC3A2,2,1,A,B,0.0000,0.0,0.0,0.0000,0.1865,0.0000,0.0000,0.0,0.0,0.1700,55.2,68.4,0.390,0,0,0,0,,,,,923,630,,,,,CCAR2___SLC3A2_unrelaxed_rank_002_alphafold2_multimer_v3_model_1_seed_000.pdb
CCAR2___SLC3A2,3,5,A,B,0.0000,0.0,0.0,0.0000,0.1621,0.0000,0.0000,0.0,0.0,0.1700,54.5,66.8,0.380,0,0,0,0,,,,,923,630,,,,,CCAR2___SLC3A2_unrelaxed_rank_003_alphafold2_multimer_v3_model_5_seed_000.pdb
CCAR2___SLC3A2,4,2,A,B,0.0000,0.0,0.0,0.0000,0.1572,0.0000,0.0000,0.0,0.0,0.1600,55.7,67.8,0.380,0,0,0,0,,,,,923,630,,,,,CCAR2___SLC3A2_unrelaxed_rank_004_alphafold2_multimer_v3_model_2_seed_000.pdb
CCAR2___SLC3A2,5,3,A,B,0.0000,0.0,0.0,0.0000,0.1515,0.0000,0.0000,0.0,0.0,0.1600,54.8,67.2,0.380,0,0,0,0,,,,,923,630,,,,,CCAR2___SLC3A2_unrelaxed_rank_005_alphafold2_multimer_v3_model_3_seed_000.pdb
CCNT1___FAM50A,1,1,A,B,0.1361,1427.4,194.3,0.1078,0.6701,0.0975,0.1900,21908.0,93.0,0.4200,44.5,59.6,0.420,230,150,34,30,90.9,78.7,83.3,61.6,726,339,"[10-113,121-246]","[46-53,195-293,295-337]","[55,57,90,93-100,137,141,146-149,155,158,161-165,168,171-172,175,212-213,215-217,221]","[47-49,51-52,204,206,208-210,275-277,285-286,288-290,293,297-298,300,302-305,319-320,323,337]",CCNT1___FAM50A_unrelaxed_rank_001_alphafold2_multimer_v3_model_1_seed_000.pdb
CCNT1___FAM50A,2,2,A,B,0.0318,45.3,1.4,0.0126,0.5190,0.0230,0.0441,205.0,10.0,0.2200,45.9,57.6,0.360,118,6,9,3,92.0,39.9,82.1,43.9,726,339,"[16,18-19,23-24,31-47,49-52,54-63,66-68,70,75,78,82,84-91,94-95,100,107,111,129-131,133-134,140-144,153-154,156-159,161,163-164,167-174,176-181,184-185,189-197,199-201,203-204,206-207,220-222,234,237-238,240-242,244-245]",[288-293],"[56,154,158,161,169-170,172-173,176]",[288-290],CCNT1___FAM50A_unrelaxed_rank_002_alphafold2_multimer_v3_model_2_seed_000.pdb
CCNT1___FAM50A,3,4,A,B,0.0000,0.0,0.0,0.0000,0.2661,0.0000,0.0000,0.0,0.0,0.1500,42.6,50.9,0.330,0,0,0,0,,,,,726,339,,,,,CCNT1___FAM50A_unrelaxed_rank_003_alphafold2_multimer_v3_model_4_seed_000.pdb
CCNT1___FAM50A,4,5,A,B,0.0000,0.0,0.0,0.0000,0.2212,0.0000,0.0000,0.0,0.0,0.1500,43.8,52.6,0.340,0,0,0,0,,,,,726,339,,,,,CCNT1___FAM50A_unrelaxed_rank_004_alphafold2_multimer_v3_model_5_seed_000.pdb
CCNT1___FAM50A,5,3,A,B,0.0000,0.0,0.0,0.0000,0.1349,0.0000,0.0000,0.0,0.0,0.1300,44.3,52.0,0.330,0,0,0,0,,,,,726,339,,,,,CCNT1___FAM50A_unrelaxed_rank_005_alphafold2_multimer_v3_model_3_seed_000.pdb
CDC37___FAM50A,1,3,A,B,0.3003,964.7,289.7,0.1402,0.8241,0.2117,0.4260,6647.0,140.0,0.3300,67.9,58.8,0.410,182,61,29,23,85.7,67.7,81.1,61.2,378,339,"[155-165,167-226,229-230,234-240,247-348]","[46,49-61,152-197,218]","[188,191-192,262,266,285-289,294-295,298,306,308-315,317,339-343,346]","[49,53,56-57,60,153-164,166-171]",CDC37___FAM50A_unrelaxed_rank_001_alphafold2_multimer_v3_model_3_seed_000.pdb
CDC37___FAM50A,2,4,A,B,0.0941,514.3,48.4,0.0139,0.5544,0.0774,0.1144,3778.0,70.0,0.2300,64.9,52.4,0.370,141,46,25,21,82.5,46.3,75.3,47.8,378,339,"[143-242,246-286]","[74,76-120]","[144-145,148,152,187-189,191-192,195-196,199-200,221,224-225,270-271,273-275,277-279,282]","[77,80-82,84-86,88-90,92-93,96-98,100-101,104,112,115,119]",CDC37___FAM50A_unrelaxed_rank_002_alphafold2_multimer_v3_model_4_seed_000.pdb
CDC37___FAM50A,3,5,A,B,0.0147,17.2,0.3,0.0000,0.4040,0.0127,0.0169,27.0,11.0,0.2300,66.2,53.4,0.340,10,10,6,5,73.2,57.5,70.9,57.9,378,339,"[199-200,258,267,270-275]","[28-33,35-37,39]","[199-200,270-271,274-275]","[28,31-32,35-36]",CDC37___FAM50A_unrelaxed_rank_003_alphafold2_multimer_v3_model_5_seed_000.pdb
CDC37___FAM50A,4,1,A,B,0.0070,2.2,0.0,0.0000,0.3471,0.0107,0.0046,5.0,1.0,0.1800,69.1,56.5,0.320,2,4,1,1,77.7,36.9,85.2,38.3,378,339,"[225,262]","[49-50,52-53]",[262],[53],CDC37___FAM50A_unrelaxed_rank_004_alphafold2_multimer_v3_model_1_seed_000.pdb
CDC37___FAM50A,5,2,A,B,0.0000,0.0,0.0,0.0000,0.3396,0.0021,0.0000,1.0,0.0,0.1600,68.7,55.6,0.340,1,1,0,0,92.9,44.4,,,378,339,[183],[37],,,CDC37___FAM50A_unrelaxed_rank_005_alphafold2_multimer_v3_model_2_seed_000.pdb
CDK4___DDX17,1,1,A,B,0.0000,0.0,0.0,0.0000,0.1698,0.0000,0.0000,0.0,0.0,0.1900,73.6,57.4,0.380,0,0,0,0,,,,,303,729,,,,,CDK4___DDX17_unrelaxed_rank_001_alphafold2_multimer_v3_model_1_seed_000.pdb
CDK4___DDX17,2,2,A,B,0.0000,0.0,0.0,0.0000,0.1543,0.0000,0.0000,0.0,0.0,0.1800,73.6,58.2,0.380,0,0,0,0,,,,,303,729,,,,,CDK4___DDX17_unrelaxed_rank_002_alphafold2_multimer_v3_model_2_seed_000.pdb
CDK4___DDX17,3,4,A,B,0.0000,0.0,0.0,0.0000,0.1389,0.0000,0.0000,0.0,0.0,0.1600,74.5,57.5,0.390,0,0,0,0,,,,,303,729,,,,,CDK4___DDX17_unrelaxed_rank_003_alphafold2_multimer_v3_model_4_seed_000.pdb
CDK4___DDX17,4,5,A,B,0.0000,0.0,0.0,0.0000,0.1450,0.0000,0.0000,0.0,0.0,0.1600,74.3,58.4,0.390,0,0,0,0,,,,,303,729,,,,,CDK4___DDX17_unrelaxed_rank_004_alphafold2_multimer_v3_model_5_seed_000.pdb
CDK4___DDX17,5,3,A,B,0.0000,0.0,0.0,0.0000,0.1485,0.0000,0.0000,0.0,0.0,0.1500,73.8,58.6,0.430,0,0,0,0,,,,,303,729,,,,,CDK4___DDX17_unrelaxed_rank_005_alphafold2_multimer_v3_model_3_seed_000.pdb
CDK4___RBM33,1,1,A,B,0.0517,49.9,2.6,0.0115,0.5465,0.0488,0.0547,131.0,19.0,0.4200,77.1,21.9,0.330,78,9,11,8,85.4,31.5,79.0,31.9,303,1170,"[32-33,75,92-93,98-102,104-106,114,116,118-120,126-127,133-134,136,139-148,154-155,170-172,176-181,189,191,193,196,202-203,205-215,217-219,222,227,229,249,258,260,267-269,273,275,281-283]","[218-223,229-231]","[101,142-144,171,177-179,189,212,215]","[218-223,229-230]",CDK4___RBM33_unrelaxed_rank_001_alphafold2_multimer_v3_model_1_seed_000.pdb
CDK4___RBM33,2,5,A,B,0.0000,0.0,0.0,0.0000,0.3465,0.0000,0.0000,0.0,0.0,0.2900,79.7,22.4,0.320,0,0,0,0,,,,,303,1170,,,,,CDK4___RBM33_unrelaxed_rank_002_alphafold2_multimer_v3_model_5_seed_000.pdb
CDK4___RBM33,3,4,A,B,0.0000,0.0,0.0,0.0000,0.4491,0.0000,0.0000,0.0,0.0,0.2900,77.3,20.8,0.320,0,0,0,0,,,,,303,1170,,,,,CDK4___RBM33_unrelaxed_rank_003_alphafold2_multimer_v3_model_4_seed_000.pdb
CDK4___RBM33,4,2,A,B,0.0000,0.0,0.0,0.0000,0.3472,0.0000,0.0000,0.0,0.0,0.2800,80.0,21.9,0.320,0,0,0,0,,,,,303,1170,,,,,CDK4___RBM33_unrelaxed_rank_004_alphafold2_multimer_v3_model_2_seed_000.pdb
CDK4___RBM33,5,3,A,B,0.0000,0.0,0.0,0.0000,0.3220,0.0000,0.0000,0.0,0.0,0.2600,77.1,22.5,0.310,0,0,0,0,,,,,303,1170,,,,,CDK4___RBM33_unrelaxed_rank_005_alphafold2_multimer_v3_model_3_seed_000.pdb
CDK4___SET,1,1,A,B,0.0000,0.0,0.0,0.0000,0.1210,0.0000,0.0000,0.0,0.0,0.1600,73.7,58.3,0.470,0,0,0,0,,,,,303,290,,,,,CDK4___SET_unrelaxed_rank_001_alphafold2_multimer_v3_model_1_seed_000.pdb
CDK4___SET,2,2,A,B,0.0000,0.0,0.0,0.0000,0.1206,0.0000,0.0000,0.0,0.0,0.1500,73.9,60.3,0.470,0,0,0,0,,,,,303,290,,,,,CDK4___SET_unrelaxed_rank_002_alphafold2_multimer_v3_model_2_seed_000.pdb
CDK4___SET,3,4,A,B,0.0000,0.0,0.0,0.0000,0.1042,0.0000,0.0000,0.0,0.0,0.1400,75.1,58.3,0.480,0,0,0,0,,,,,303,290,,,,,CDK4___SET_unrelaxed_rank_003_alphafold2_multimer_v3_model_4_seed_000.pdb
CDK4___SET,4,5,A,B,0.0000,0.0,0.0,0.0000,0.1094,0.0000,0.0000,0.0,0.0,0.1400,76.2,58.3,0.490,0,0,0,0,,,,,303,290,,,,,CDK4___SET_unrelaxed_rank_004_alphafold2_multimer_v3_model_5_seed_000.pdb
CDK4___SET,5,3,A,B,0.0000,0.0,0.0,0.0000,0.1021,0.0000,0.0000,0.0,0.0,0.1200,75.9,59.6,0.470,0,0,0,0,,,,,303,290,,,,,CDK4___SET_unrelaxed_rank_005_alphafold2_multimer_v3_model_3_seed_000.pdb
CHERP___DNAJA1,1,2,A,B,0.2190,393.3,86.1,0.0229,0.7674,0.1844,0.2601,2536.0,61.0,0.2300,46.7,75.1,0.320,200,14,17,8,92.0,43.0,86.7,44.1,916,397,"[114,117-315]",[81-94],"[168,170,173-174,212-213,216,219-220,223-224,259,262-263,266,269-270]","[81,83-85,87-88,91-92]",CHERP___DNAJA1_unrelaxed_rank_001_alphafold2_multimer_v3_model_2_seed_000.pdb
CHERP___DNAJA1,2,1,A,B,0.1574,237.8,37.4,0.0186,0.7037,0.1385,0.1789,1131.0,50.0,0.2200,47.2,75.3,0.300,189,10,18,7,91.7,39.0,88.0,41.5,916,397,"[122-300,302-311]",[376-385],"[164,167-173,212-213,215-217,219-220,259,262-263]",[377-383],CHERP___DNAJA1_unrelaxed_rank_002_alphafold2_multimer_v3_model_1_seed_000.pdb
CHERP___DNAJA1,3,3,A,B,0.0289,4.7,0.1,0.0000,0.4618,0.0387,0.0217,22.0,1.0,0.2000,45.4,72.8,0.300,18,2,1,1,89.3,34.0,92.6,33.6,916,397,"[162-163,165,169,181,189-190,201,209-210,216,248,255-256,258,260,267,291]",[380-381],[216],[381],CHERP___DNAJA1_unrelaxed_rank_003_alphafold2_multimer_v3_model_3_seed_000.pdb
CHERP___DNAJA1,4,4,A,B,0.0000,0.0,0.0,0.0000,0.1891,0.0000,0.0000,0.0,0.0,0.1600,44.9,71.4,0.290,0,0,0,0,,,,,916,397,,,,,CHERP___DNAJA1_unrelaxed_rank_004_alphafold2_multimer_v3_model_4_seed_000.pdb
CHERP___DNAJA1,5,5,A,B,0.0000,0.0,0.0,0.0000,0.1573,0.0000,0.0000,0.0,0.0,0.1600,45.2,73.5,0.290,0,0,0,0,,,,,916,397,,,,,CHERP___DNAJA1_unrelaxed_rank_005_alphafold2_multimer_v3_model_5_seed_000.pdb
CIZ1___TXN,1,4,A,B,0.0000,0.0,0.0,0.0000,0.2978,0.0000,0.0000,0.0,0.0,0.2500,28.7,87.2,0.230,0,0,0,0,,,,,898,105,,,,,CIZ1___TXN_unrelaxed_rank_001_alphafold2_multimer_v3_model_4_seed_000.pdb
CIZ1___TXN,2,3,A,B,0.0000,0.0,0.0,0.0000,0.3177,0.0000,0.0000,0.0,0.0,0.2500,31.1,88.1,0.230,0,0,0,0,,,,,898,105,,,,,CIZ1___TXN_unrelaxed_rank_002_alphafold2_multimer_v3_model_3_seed_000.pdb
CIZ1___TXN,3,2,A,B,0.0000,0.0,0.0,0.0000,0.2193,0.0000,0.0000,0.0,0.0,0.2100,29.5,89.5,0.220,0,0,0,0,,,,,898,105,,,,,CIZ1___TXN_unrelaxed_rank_003_alphafold2_multimer_v3_model_2_seed_000.pdb
CIZ1___TXN,4,1,A,B,0.0000,0.0,0.0,0.0000,0.2303,0.0000,0.0000,0.0,0.0,0.2000,29.2,89.0,0.230,0,0,0,0,,,,,898,105,,,,,CIZ1___TXN_unrelaxed_rank_004_alphafold2_multimer_v3_model_1_seed_000.pdb
CIZ1___TXN,5,5,A,B,0.0000,0.0,0.0,0.0000,0.1648,0.0000,0.0000,0.0,0.0,0.1700,29.8,91.1,0.220,0,0,0,0,,,,,898,105,,,,,CIZ1___TXN_unrelaxed_rank_005_alphafold2_multimer_v3_model_5_seed_000.pdb
CSTB___ANP32A,1,1,A,B,0.0358,100.8,3.6,0.0109,0.2670,0.0377,0.0340,847.0,12.0,0.3600,71.6,64.8,0.540,33,137,5,7,73.6,90.8,63.0,80.4,98,249,"[16-24,40,43,47-49,51-55,65-71,81-84,87,96,98]","[3-9,16-29,33-34,37-41,43-77,79-112,114-128,130-154]","[48-49,52,70,83]","[25-26,50-52,72-73]",CSTB___ANP32A_unrelaxed_rank_001_alphafold2_multimer_v3_model_1_seed_000.pdb
CSTB___ANP32A,2,4,A,B,0.0459,188.7,8.7,0.0142,0.2512,0.0629,0.0336,2094.0,17.0,0.3300,78.2,65.9,0.540,38,149,8,9,81.4,90.2,70.8,75.2,98,249,"[6,12,15-23,40-46,48,51-57,65-71,86,95-98]","[2-11,16-29,32-156]","[44,46,48,52,54,70,96-97]","[96-97,120-122,126,146,148,154]",CSTB___ANP32A_unrelaxed_rank_002_alphafold2_multimer_v3_model_4_seed_000.pdb
CSTB___ANP32A,3,5,A,B,0.0000,0.0,0.0,0.0000,0.1894,0.0212,0.0000,94.0,0.0,0.2400,71.5,64.5,0.520,4,69,0,0,82.9,89.7,,,98,249,"[20,54-55,67]","[19-24,27-28,43-47,49,52-55,65-71,74-77,87,89,91-93,95,98-100,103,105-107,114,116-118,120,123-128,130-131,133,135-138,143-145,148-153]",,,CSTB___ANP32A_unrelaxed_rank_003_alphafold2_multimer_v3_model_5_seed_000.pdb
CSTB___ANP32A,4,2,A,B,0.0000,0.0,0.0,0.0000,0.1382,0.0000,0.0000,0.0,0.0,0.1800,65.5,65.7,0.500,0,0,0,0,,,,,98,249,,,,,CSTB___ANP32A_unrelaxed_rank_004_alphafold2_multimer_v3_model_2_seed_000.pdb
CSTB___ANP32A,5,3,A,B,0.0000,0.0,0.0,0.0000,0.0997,0.0000,0.0000,0.0,0.0,0.1500,70.0,64.8,0.490,0,0,0,0,,,,,98,249,,,,,CSTB___ANP32A_unrelaxed_rank_005_alphafold2_multimer_v3_model_3_seed_000.pdb
DAZAP1___AGAP3,1,5,A,B,0.3016,362.9,109.4,0.2341,0.8363,0.2447,0.3717,2232.0,59.0,0.3100,38.9,61.5,0.300,8,231,8,17,55.2,85.4,55.2,82.0,407,875,[400-407],[27-257],[400-407],"[41,44-45,48,51,105,108-109,112-113,117,119,121,123-125,127]",DAZAP1___AGAP3_unrelaxed_rank_001_alphafold2_multimer_v3_model_5_seed_000.pdb
DAZAP1___AGAP3,2,4,A,B,0.1757,199.1,35.0,0.0225,0.7420,0.1341,0.2303,944.0,42.0,0.2800,34.4,58.6,0.300,6,183,5,16,45.8,82.6,47.6,75.8,407,875,[402-407],"[30-53,56,61,65,67-68,70-71,73-74,90-185,191-204,207-210,212,214-220,226-253]",[402-406],"[42,44-45,48,105,108-109,112-113,117,119,121,124-125,127,144]",DAZAP1___AGAP3_unrelaxed_rank_002_alphafold2_multimer_v3_model_4_seed_000.pdb
DAZAP1___AGAP3,3,2,A,B,0.0193,20.4,0.4,0.0108,0.4851,0.0188,0.0197,83.0,5.0,0.1900,37.2,62.4,0.300,4,72,2,4,33.3,89.4,34.5,84.2,407,875,[403-406],"[32,36-39,56,62,65,68,93,99,101,104-110,112-113,115,125-126,128-131,136-144,148,153-154,162,164-165,170-174,177-181,183,195,198,215,229-231,233,236-241,243-244,247-248,251]",[404-405],"[108,112,125-126]",DAZAP1___AGAP3_unrelaxed_rank_003_alphafold2_multimer_v3_model_2_seed_000.pdb
DAZAP1___AGAP3,4,1,A,B,0.0000,0.0,0.0,0.0000,0.3369,0.0000,0.0000,0.0,0.0,0.1800,33.5,58.9,0.300,0,0,0,0,,,,,407,875,,,,,DAZAP1___AGAP3_unrelaxed_rank_004_alphafold2_multimer_v3_model_1_seed_000.pdb
DAZAP1___AGAP3,5,3,A,B,0.0000,0.0,0.0,0.0000,0.3466,0.0000,0.0000,0.0,0.0,0.1700,36.9,59.3,0.300,0,0,0,0,,,,,407,875,,,,,DAZAP1___AGAP3_unrelaxed_rank_005_alphafold2_multimer_v3_model_3_seed_000.pdb
DAZAP1___FAM50A,1,1,A,B,0.0000,0.0,0.0,0.0000,0.1939,0.0000,0.0000,0.0,0.0,0.1700,43.9,64.4,0.310,0,0,0,0,,,,,407,339,,,,,DAZAP1___FAM50A_unrelaxed_rank_001_alphafold2_multimer_v3_model_1_seed_000.pdb
DAZAP1___FAM50A,2,4,A,B,0.0000,0.0,0.0,0.0000,0.2070,0.0000,0.0000,0.0,0.0,0.1500,42.0,58.0,0.310,0,0,0,0,,,,,407,339,,,,,DAZAP1___FAM50A_unrelaxed_rank_002_alphafold2_multimer_v3_model_4_seed_000.pdb
DAZAP1___FAM50A,3,2,A,B,0.0000,0.0,0.0,0.0000,0.1903,0.0000,0.0000,0.0,0.0,0.1500,43.6,65.3,0.310,0,0,0,0,,,,,407,339,,,,,DAZAP1___FAM50A_unrelaxed_rank_003_alphafold2_multimer_v3_model_2_seed_000.pdb
DAZAP1___FAM50A,4,3,A,B,0.0000,0.0,0.0,0.0000,0.1386,0.0000,0.0000,0.0,0.0,0.1100,41.6,59.0,0.280,0,0,0,0,,,,,407,339,,,,,DAZAP1___FAM50A_unrelaxed_rank_004_alphafold2_multimer_v3_model_3_seed_000.pdb
DAZAP1___FAM50A,5,5,A,B,0.0000,0.0,0.0,0.0000,0.1118,0.0000,0.0000,0.0,0.0,0.1100,43.2,59.8,0.280,0,0,0,0,,,,,407,339,,,,,DAZAP1___FAM50A_unrelaxed_rank_005_alphafold2_multimer_v3_model_5_seed_000.pdb
DAZAP1___LUC7L2,1,4,A,B,0.0637,82.0,5.2,0.0121,0.5123,0.0366,0.1107,560.0,12.0,0.3400,42.7,62.4,0.410,45,114,7,9,79.2,89.1,72.8,78.2,407,392,"[114-121,130-134,143,154-161,164-166,168-171,175-177,182-194]","[39,45-53,55,59,71,85-88,90-91,93-95,98-102,104-105,107,109,122,124-143,156-157,159,162-170,172-174,181-183,187-230]","[118,154,182,184,186,189,192]","[51,53,200-202,204-205,208,213]",DAZAP1___LUC7L2_unrelaxed_rank_001_alphafold2_multimer_v3_model_4_seed_000.pdb
DAZAP1___LUC7L2,2,3,A,B,0.0000,0.0,0.0,0.0000,0.1521,0.0000,0.0000,0.0,0.0,0.1600,41.9,61.1,0.370,0,0,0,0,,,,,407,392,,,,,DAZAP1___LUC7L2_unrelaxed_rank_002_alphafold2_multimer_v3_model_3_seed_000.pdb
DAZAP1___LUC7L2,3,2,A,B,0.0000,0.0,0.0,0.0000,0.1223,0.0000,0.0000,0.0,0.0,0.1300,44.0,61.9,0.350,0,0,0,0,,,,,407,392,,,,,DAZAP1___LUC7L2_unrelaxed_rank_003_alphafold2_multimer_v3_model_2_seed_000.pdb
DAZAP1___LUC7L2,4,1,A,B,0.0000,0.0,0.0,0.0000,0.1405,0.0000,0.0000,0.0,0.0,0.1300,44.5,63.0,0.360,0,0,0,0,,,,,407,392,,,,,DAZAP1___LUC7L2_unrelaxed_rank_004_alphafold2_multimer_v3_model_1_seed_000.pdb
DAZAP1___LUC7L2,5,5,A,B,0.0000,0.0,0.0,0.0000,0.1170,0.0000,0.0000,0.0,0.0,0.1200,44.3,61.7,0.350,0,0,0,0,,,,,407,392,,,,,DAZAP1___LUC7L2_unrelaxed_rank_005_alphafold2_multimer_v3_model_5_seed_000.pdb
EDC3___DAZAP1,1,1,A,B,0.0000,0.0,0.0,0.0000,0.3259,0.0155,0.0000,5.0,0.0,0.2700,64.5,42.5,0.400,5,1,0,0,92.4,85.1,,,508,407,"[317-318,405,425,431]",[53],,,EDC3___DAZAP1_unrelaxed_rank_001_alphafold2_multimer_v3_model_1_seed_000.pdb
EDC3___DAZAP1,2,4,A,B,0.0000,0.0,0.0,0.0000,0.3048,0.0000,0.0000,0.0,0.0,0.2400,63.3,42.4,0.390,0,0,0,0,,,,,508,407,,,,,EDC3___DAZAP1_unrelaxed_rank_002_alphafold2_multimer_v3_model_4_seed_000.pdb
EDC3___DAZAP1,3,3,A,B,0.0000,0.0,0.0,0.0000,0.2655,0.0000,0.0000,0.0,0.0,0.2300,63.6,40.4,0.400,0,0,0,0,,,,,508,407,,,,,EDC3___DAZAP1_unrelaxed_rank_003_alphafold2_multimer_v3_model_3_seed_000.pdb
EDC3___DAZAP1,4,5,A,B,0.0000,0.0,0.0,0.0000,0.2207,0.0000,0.0000,0.0,0.0,0.1900,63.6,43.3,0.380,0,0,0,0,,,,,508,407,,,,,EDC3___DAZAP1_unrelaxed_rank_004_alphafold2_multimer_v3_model_5_seed_000.pdb
EDC3___DAZAP1,5,2,A,B,0.0000,0.0,0.0,0.0000,0.2167,0.0000,0.0000,0.0,0.0,0.1800,64.4,42.4,0.380,0,0,0,0,,,,,508,407,,,,,EDC3___DAZAP1_unrelaxed_rank_005_alphafold2_multimer_v3_model_2_seed_000.pdb
EDC3___STIP1,1,2,A,B,0.0000,0.0,0.0,0.0000,0.3096,0.0000,0.0000,0.0,0.0,0.1800,59.7,79.4,0.340,0,0,0,0,,,,,508,543,,,,,EDC3___STIP1_unrelaxed_rank_001_alphafold2_multimer_v3_model_2_seed_000.pdb
EDC3___STIP1,2,1,A,B,0.0000,0.0,0.0,0.0000,0.2871,0.0000,0.0000,0.0,0.0,0.1800,60.5,77.9,0.330,0,0,0,0,,,,,508,543,,,,,EDC3___STIP1_unrelaxed_rank_002_alphafold2_multimer_v3_model_1_seed_000.pdb
EDC3___STIP1,3,4,A,B,0.0000,0.0,0.0,0.0000,0.2321,0.0000,0.0000,0.0,0.0,0.1600,58.4,77.8,0.330,0,0,0,0,,,,,508,543,,,,,EDC3___STIP1_unrelaxed_rank_003_alphafold2_multimer_v3_model_4_seed_000.pdb
EDC3___STIP1,4,3,A,B,0.0000,0.0,0.0,0.0000,0.1316,0.0000,0.0000,0.0,0.0,0.1400,59.1,78.6,0.330,0,0,0,0,,,,,508,543,,,,,EDC3___STIP1_unrelaxed_rank_004_alphafold2_multimer_v3_model_3_seed_000.pdb
EDC3___STIP1,5,5,A,B,0.0000,0.0,0.0,0.0000,0.1226,0.0000,0.0000,0.0,0.0,0.1300,59.6,79.5,0.330,0,0,0,0,,,,,508,543,,,,,EDC3___STIP1_unrelaxed_rank_005_alphafold2_multimer_v3_model_5_seed_000.pdb
EPB41___FAM50A,1,1,A,B,0.0000,0.0,0.0,0.0000,0.1956,0.0000,0.0000,0.0,0.0,0.1800,49.1,53.3,0.380,0,0,0,0,,,,,864,339,,,,,EPB41___FAM50A_unrelaxed_rank_001_alphafold2_multimer_v3_model_1_seed_000.pdb
EPB41___FAM50A,2,3,A,B,0.0000,0.0,0.0,0.0000,0.2381,0.0000,0.0000,0.0,0.0,0.1600,48.1,52.3,0.370,0,0,0,0,,,,,864,339,,,,,EPB41___FAM50A_unrelaxed_rank_002_alphafold2_multimer_v3_model_3_seed_000.pdb
EPB41___FAM50A,3,2,A,B,0.0000,0.0,0.0,0.0000,0.1560,0.0000,0.0000,0.0,0.0,0.1600,47.9,57.6,0.370,0,0,0,0,,,,,864,339,,,,,EPB41___FAM50A_unrelaxed_rank_003_alphafold2_multimer_v3_model_2_seed_000.pdb
EPB41___FAM50A,4,4,A,B,0.0000,0.0,0.0,0.0000,0.1674,0.0000,0.0000,0.0,0.0,0.1500,46.3,47.2,0.360,0,0,0,0,,,,,864,339,,,,,EPB41___FAM50A_unrelaxed_rank_004_alphafold2_multimer_v3_model_4_seed_000.pdb
EPB41___FAM50A,5,5,A,B,0.0000,0.0,0.0,0.0000,0.1506,0.0000,0.0000,0.0,0.0,0.1400,48.1,52.8,0.370,0,0,0,0,,,,,864,339,,,,,EPB41___FAM50A_unrelaxed_rank_005_alphafold2_multimer_v3_model_5_seed_000.pdb
EPB41___TLE3,1,2,A,B,0.3296,1369.1,451.2,0.1208,0.9256,0.2978,0.3648,10650.0,176.0,0.3700,47.9,54.5,0.360,338,333,37,41,84.5,89.9,69.1,79.1,864,772,"[210-277,279-341,349-357,359-374,377-455,459-495,502-533,657-690]","[241-254,447-454,456-515,521-563,565-772]","[434-435,437-444,452,474,477,481,484,488-489,502,504-507,658-660,662-664,666-668,670-671,682,685-686,689]","[242-252,254,488,490,534,536,552,577-578,580,596,619-620,622,638,661,663,679-681,697,700-702,704,720-721,742-743,745,761]",EPB41___TLE3_unrelaxed_rank_001_alphafold2_multimer_v3_model_2_seed_000.pdb
EPB41___TLE3,2,5,A,B,0.3629,1150.0,417.4,0.1881,0.9359,0.3183,0.4138,8876.0,149.0,0.3600,46.6,52.5,0.350,328,325,32,32,84.8,88.9,71.4,78.5,864,772,"[210-342,349-374,376-496,503-533,657-673]","[245-257,447-453,457-468,471-515,521-562,565-670,672-687,689-772]","[435,437-444,448,474,477,480-481,484-485,488,504-509,659-660,663-664,666-668,670-671]","[246-254,488,490,534,536,552,578,580,596,619-620,622,638,661,663,679,702,704,720,742-743,745,761-762]",EPB41___TLE3_unrelaxed_rank_002_alphafold2_multimer_v3_model_5_seed_000.pdb
EPB41___TLE3,3,3,A,B,0.2238,836.6,187.3,0.0204,0.8181,0.2189,0.2289,6140.0,114.0,0.3100,46.9,53.3,0.350,298,319,27,30,86.4,88.3,66.3,72.5,864,772,"[210-257,260-276,279-340,349-356,359-374,377-454,462-492,505-526,531,657-671]","[245-255,447-452,458-464,466-468,472-515,521-562,565-670,672-687,689-772]","[437-443,477,481,484,488-491,505,507-508,659-660,663-664,666-671]","[245-250,252-254,488,490,534,536,552,578,580,596,619-620,622,638,661,663,702,704,720,742-743,745,761]",EPB41___TLE3_unrelaxed_rank_003_alphafold2_multimer_v3_model_3_seed_000.pdb
EPB41___TLE3,4,4,A,B,0.2507,747.2,187.3,0.0242,0.8478,0.2212,0.2842,6069.0,92.0,0.3000,46.4,50.0,0.360,280,323,22,28,85.2,84.6,67.5,72.6,864,772,"[212-256,260,262-275,281-340,350,353-355,360-374,377-453,462-491,507-510,512-524,531,657-672]","[248-256,447-453,457-464,466-469,471-515,521-562,565-772]","[438-441,477,480-481,484-485,488-489,507-509,659-660,663-664,666-669]","[248-254,488,490,534,552,577-578,580,596,619-620,622,638,663,679,702,704,720,742-743,745,761]",EPB41___TLE3_unrelaxed_rank_004_alphafold2_multimer_v3_model_4_seed_000.pdb
EPB41___TLE3,5,1,A,B,0.1789,543.8,97.3,0.0204,0.8136,0.1445,0.2215,4051.0,73.0,0.2900,47.3,51.7,0.360,189,311,18,27,85.9,88.3,60.0,79.2,864,772,"[214-216,218,230-232,234-251,253-255,263-266,268-271,274,281-293,296-314,317,325-326,329-331,333,368,379-380,382-385,387-393,395-404,407,409-424,428-449,451,463,465-467,469,472-474,476-478,480-490,507-508,512-521,657-671]","[247-251,447-452,458-464,467-468,472-515,522-562,566-687,689-772]","[437-441,481,484,507,658-660,663-664,666-668,670-671]","[248-250,488,490,534,536,552,577-578,580,596,619-620,622,638,661,663,679,702,704,720,742-743,745,761-762]",EPB41___TLE3_unrelaxed_rank_005_alphafold2_multimer_v3_model_1_seed_000.pdb
FUBP1___ANP32A,1,5,A,B,0.4898,1535.8,752.3,0.4267,0.8963,0.4048,0.5928,22045.0,107.0,0.5700,45.9,66.4,0.340,77,162,21,22,80.8,91.8,83.6,86.0,644,249,[274-350],[1-162],"[284-289,291-296,298-299,308-311,313,316,321]","[25-26,48,50-51,53,68,70,72-73,75,92,94,96-97,99,119,121-122,157-159]",FUBP1___ANP32A_unrelaxed_rank_001_alphafold2_multimer_v3_model_5_seed_000.pdb
FUBP1___ANP32A,2,3,A,B,0.1608,735.5,118.3,0.0997,0.6719,0.1099,0.2354,11760.0,46.0,0.4700,44.2,63.7,0.340,78,159,11,12,74.9,89.0,73.5,81.9,644,249,"[178,180,183-258]","[1-158,160]","[178,187,189,191,222-224,231-232,234,236]","[1,5-6,9-10,21,23,25-27,48,50]",FUBP1___ANP32A_unrelaxed_rank_002_alphafold2_multimer_v3_model_3_seed_000.pdb
FUBP1___ANP32A,3,4,A,B,0.0168,17.8,0.3,0.0000,0.3725,0.0159,0.0177,79.0,4.0,0.3200,38.4,62.1,0.320,9,53,2,4,60.1,86.8,59.4,69.8,644,249,"[281,287-288,290-291,293,295,297-298]","[5,8,20,23-27,30,33,35,38-39,41,45-47,50,52-53,55-56,58-59,61-65,67,69,72-73,75,77,81-82,84,91,99,105,108,110,116,121,125-126,143-145,148-149,153]","[291,295]","[25,50,72-73]",FUBP1___ANP32A_unrelaxed_rank_003_alphafold2_multimer_v3_model_4_seed_000.pdb
FUBP1___ANP32A,4,2,A,B,0.0000,0.0,0.0,0.0000,0.2737,0.0000,0.0000,0.0,0.0,0.2200,42.6,62.6,0.300,0,0,0,0,,,,,644,249,,,,,FUBP1___ANP32A_unrelaxed_rank_004_alphafold2_multimer_v3_model_2_seed_000.pdb
FUBP1___ANP32A,5,1,A,B,0.0000,0.0,0.0,0.0000,0.2747,0.0000,0.0000,0.0,0.0,0.2100,42.6,62.1,0.310,0,0,0,0,,,,,644,249,,,,,FUBP1___ANP32A_unrelaxed_rank_005_alphafold2_multimer_v3_model_1_seed_000.pdb
FUBP1___GFP,1,5,A,B,0.0000,0.0,0.0,0.0000,0.3714,0.0158,0.0000,6.0,0.0,0.4500,43.6,83.6,0.370,4,5,0,0,43.6,79.3,,,644,238,"[582-583,586,589]","[38,63,67,151,205]",,,FUBP1___GFP_unrelaxed_rank_001_alphafold2_multimer_v3_model_5_seed_000.pdb
FUBP1___GFP,2,3,A,B,0.0000,0.0,0.0,0.0000,0.2214,0.0000,0.0000,0.0,0.0,0.2900,42.1,82.6,0.360,0,0,0,0,,,,,644,238,,,,,FUBP1___GFP_unrelaxed_rank_002_alphafold2_multimer_v3_model_3_seed_000.pdb
FUBP1___GFP,3,1,A,B,0.0000,0.0,0.0,0.0000,0.2233,0.0000,0.0000,0.0,0.0,0.2700,43.8,81.0,0.370,0,0,0,0,,,,,644,238,,,,,FUBP1___GFP_unrelaxed_rank_003_alphafold2_multimer_v3_model_1_seed_000.pdb
FUBP1___GFP,4,4,A,B,0.0000,0.0,0.0,0.0000,0.1918,0.0000,0.0000,0.0,0.0,0.2400,39.6,81.8,0.360,0,0,0,0,,,,,644,238,,,,,FUBP1___GFP_unrelaxed_rank_004_alphafold2_multimer_v3_model_4_seed_000.pdb
FUBP1___GFP,5,2,A,B,0.0000,0.0,0.0,0.0000,0.1464,0.0000,0.0000,0.0,0.0,0.1900,41.5,83.8,0.360,0,0,0,0,,,,,644,238,,,,,FUBP1___GFP_unrelaxed_rank_005_alphafold2_multimer_v3_model_2_seed_000.pdb
FUBP3___GFP,1,5,A,B,0.0000,0.0,0.0,0.0000,0.2029,0.0000,0.0000,0.0,0.0,0.2800,45.6,85.9,0.370,0,0,0,0,,,,,572,238,,,,,FUBP3___GFP_unrelaxed_rank_001_alphafold2_multimer_v3_model_5_seed_000.pdb
FUBP3___GFP,2,1,A,B,0.0000,0.0,0.0,0.0000,0.2311,0.0000,0.0000,0.0,0.0,0.2600,45.3,84.1,0.390,0,0,0,0,,,,,572,238,,,,,FUBP3___GFP_unrelaxed_rank_002_alphafold2_multimer_v3_model_1_seed_000.pdb
FUBP3___GFP,3,2,A,B,0.0000,0.0,0.0,0.0000,0.1992,0.0000,0.0000,0.0,0.0,0.2400,44.5,84.3,0.380,0,0,0,0,,,,,572,238,,,,,FUBP3___GFP_unrelaxed_rank_003_alphafold2_multimer_v3_model_2_seed_000.pdb
FUBP3___GFP,4,4,A,B,0.0000,0.0,0.0,0.0000,0.1846,0.0000,0.0000,0.0,0.0,0.2400,42.9,82.0,0.370,0,0,0,0,,,,,572,238,,,,,FUBP3___GFP_unrelaxed_rank_004_alphafold2_multimer_v3_model_4_seed_000.pdb
FUBP3___GFP,5,3,A,B,0.0000,0.0,0.0,0.0000,0.1457,0.0000,0.0000,0.0,0.0,0.2000,44.6,84.3,0.360,0,0,0,0,,,,,572,238,,,,,FUBP3___GFP_unrelaxed_rank_005_alphafold2_multimer_v3_model_3_seed_000.pdb
FUS___ZNF503,1,1,A,B,0.0000,0.0,0.0,0.0000,0.1525,0.0000,0.0000,0.0,0.0,0.1600,33.2,21.8,0.220,0,0,0,0,,,,,526,646,,,,,FUS___ZNF503_unrelaxed_rank_001_alphafold2_multimer_v3_model_1_seed_000.pdb
FUS___ZNF503,2,2,A,B,0.0000,0.0,0.0,0.0000,0.1696,0.0000,0.0000,0.0,0.0,0.1500,34.1,20.5,0.220,0,0,0,0,,,,,526,646,,,,,FUS___ZNF503_unrelaxed_rank_002_alphafold2_multimer_v3_model_2_seed_000.pdb
FUS___ZNF503,3,3,A,B,0.0000,0.0,0.0,0.0000,0.2277,0.0000,0.0000,0.0,0.0,0.1500,32.0,20.4,0.220,0,0,0,0,,,,,526,646,,,,,FUS___ZNF503_unrelaxed_rank_003_alphafold2_multimer_v3_model_3_seed_000.pdb
FUS___ZNF503,4,4,A,B,0.0000,0.0,0.0,0.0000,0.1601,0.0000,0.0000,0.0,0.0,0.1400,36.1,22.5,0.210,0,0,0,0,,,,,526,646,,,,,FUS___ZNF503_unrelaxed_rank_004_alphafold2_multimer_v3_model_4_seed_000.pdb
FUS___ZNF503,5,5,A,B,0.0000,0.0,0.0,0.0000,0.1266,0.0000,0.0000,0.0,0.0,0.1300,34.4,22.8,0.210,0,0,0,0,,,,,526,646,,,,,FUS___ZNF503_unrelaxed_rank_005_alphafold2_multimer_v3_model_5_seed_000.pdb
KHSRP___DDX17,1,3,A,B,0.1102,224.0,24.7,0.0147,0.7178,0.0853,0.1423,1568.0,32.0,0.3900,39.3,60.2,0.410,20,178,8,17,47.4,88.6,49.0,86.5,711,729,"[75,77-82,573-585]","[222,249,251,253,255-257,259-260,263-264,275,279,284,286-288,290,298-301,305-309,323-324,329-330,333,336,352,354-355,389-416,418-496,498,500-510,515-524,526,528-539]","[77-78,81,576,580,583-585]","[391,393,395,412,435-436,438-440,445-446,456,459-460,463,517,519]",KHSRP___DDX17_unrelaxed_rank_001_alphafold2_multimer_v3_model_3_seed_000.pdb
KHSRP___DDX17,2,2,A,B,0.1361,182.1,24.8,0.0188,0.6930,0.1022,0.1814,1382.0,24.0,0.3900,40.8,61.2,0.390,14,138,5,9,51.3,87.8,51.4,85.5,711,729,[572-585],"[247,249,297,333,390-416,418-480,482-496,500-511,515-523,529-530,532-537]","[576,580,583-585]","[435-436,439-440,445-446,456,459-460]",KHSRP___DDX17_unrelaxed_rank_002_alphafold2_multimer_v3_model_2_seed_000.pdb
KHSRP___DDX17,3,5,A,B,0.1364,169.3,23.1,0.0174,0.7253,0.1030,0.1806,1303.0,22.0,0.3700,39.1,59.9,0.370,13,130,5,9,50.6,86.5,51.0,86.1,711,729,[574-586],"[390-416,418-480,482-496,500-510,516-523,530,532-534,536-537]","[576,580,583-585]","[435-436,438-440,445-446,456,460]",KHSRP___DDX17_unrelaxed_rank_003_alphafold2_multimer_v3_model_5_seed_000.pdb
KHSRP___DDX17,4,1,A,B,0.1505,228.7,34.4,0.0157,0.7573,0.1251,0.1809,1494.0,35.0,0.3200,39.3,59.8,0.390,16,146,10,10,46.9,84.6,47.8,78.6,711,729,[644-659],"[388-417,420-441,443-450,453,456-475,487-510,514-554]","[644,647-648,650-652,654-655,658-659]","[391,393,541-546,549-550]",KHSRP___DDX17_unrelaxed_rank_004_alphafold2_multimer_v3_model_1_seed_000.pdb
KHSRP___DDX17,5,4,A,B,0.0000,0.0,0.0,0.0000,0.2357,0.0000,0.0000,0.0,0.0,0.2000,37.1,60.0,0.390,0,0,0,0,,,,,711,729,,,,,KHSRP___DDX17_unrelaxed_rank_005_alphafold2_multimer_v3_model_4_seed_000.pdb
KHSRP___HMGB1,1,4,A,B,0.0000,0.0,0.0,0.0000,0.2869,0.0000,0.0000,0.0,0.0,0.2100,42.4,59.3,0.230,0,0,0,0,,,,,711,215,,,,,KHSRP___HMGB1_unrelaxed_rank_001_alphafold2_multimer_v3_model_4_seed_000.pdb
KHSRP___HMGB1,2,1,A,B,0.0000,0.0,0.0,0.0000,0.2592,0.0000,0.0000,0.0,0.0,0.1900,44.8,61.1,0.230,0,0,0,0,,,,,711,215,,,,,KHSRP___HMGB1_unrelaxed_rank_002_alphafold2_multimer_v3_model_1_seed_000.pdb
KHSRP___HMGB1,3,5,A,B,0.0000,0.0,0.0,0.0000,0.1805,0.0000,0.0000,0.0,0.0,0.1800,43.4,61.3,0.230,0,0,0,0,,,,,711,215,,,,,KHSRP___HMGB1_unrelaxed_rank_003_alphafold2_multimer_v3_model_5_seed_000.pdb
KHSRP___HMGB1,4,2,A,B,0.0000,0.0,0.0,0.0000,0.2533,0.0000,0.0000,0.0,0.0,0.1900,44.5,56.5,0.210,0,0,0,0,,,,,711,215,,,,,KHSRP___HMGB1_unrelaxed_rank_004_alphafold2_multimer_v3_model_2_seed_000.pdb
KHSRP___HMGB1,5,3,A,B,0.0000,0.0,0.0,0.0000,0.1281,0.0000,0.0000,0.0,0.0,0.1500,41.3,61.3,0.220,0,0,0,0,,,,,711,215,,,,,KHSRP___HMGB1_unrelaxed_rank_005_alphafold2_multimer_v3_model_3_seed_000.pdb
KHSRP___PTBP1,1,4,A,B,0.0000,0.0,0.0,0.0000,0.2522,0.0000,0.0000,0.0,0.0,0.1900,38.7,63.2,0.280,0,0,0,0,,,,,711,557,,,,,KHSRP___PTBP1_unrelaxed_rank_001_alphafold2_multimer_v3_model_4_seed_000.pdb
KHSRP___PTBP1,2,2,A,B,0.0000,0.0,0.0,0.0000,0.1581,0.0000,0.0000,0.0,0.0,0.1900,41.5,66.3,0.280,0,0,0,0,,,,,711,557,,,,,KHSRP___PTBP1_unrelaxed_rank_002_alphafold2_multimer_v3_model_2_seed_000.pdb
KHSRP___PTBP1,3,3,A,B,0.0000,0.0,0.0,0.0000,0.1858,0.0000,0.0000,0.0,0.0,0.1800,37.3,64.4,0.280,0,0,0,0,,,,,711,557,,,,,KHSRP___PTBP1_unrelaxed_rank_003_alphafold2_multimer_v3_model_3_seed_000.pdb
KHSRP___PTBP1,4,1,A,B,0.0000,0.0,0.0,0.0000,0.1643,0.0000,0.0000,0.0,0.0,0.1700,38.3,62.0,0.280,0,0,0,0,,,,,711,557,,,,,KHSRP___PTBP1_unrelaxed_rank_004_alphafold2_multimer_v3_model_1_seed_000.pdb
KHSRP___PTBP1,5,5,A,B,0.0000,0.0,0.0,0.0000,0.1517,0.0000,0.0000,0.0,0.0,0.1600,40.1,67.4,0.270,0,0,0,0,,,,,711,557,,,,,KHSRP___PTBP1_unrelaxed_rank_005_alphafold2_multimer_v3_model_5_seed_000.pdb
KHSRP___ZFR,1,4,A,B,0.3834,853.7,327.3,0.4070,0.9322,0.2895,0.5077,8098.0,90.0,0.3500,40.2,44.4,0.330,23,298,16,20,62.0,86.7,65.0,85.3,711,1074,[68-90],"[719-767,781-878,888-1038]","[69-71,73-78,80-82,84-85,88-89]","[953-954,956-957,970,972-974,976-979,984-985,988,1015,1018-1019,1022-1023]",KHSRP___ZFR_unrelaxed_rank_001_alphafold2_multimer_v3_model_4_seed_000.pdb
KHSRP___ZFR,2,1,A,B,0.3350,694.1,232.5,0.1342,0.9471,0.2640,0.4251,4967.0,97.0,0.3100,39.9,46.4,0.330,20,285,15,32,47.2,91.3,50.5,91.2,711,1074,"[540-558,576]","[721-768,780-874,892-958,960-982,984-1035]","[540,542,544-549,551-556,576]","[728,731-732,735-736,741,744,748,752,756,759,783,785-787,789-790,794-799,811,909-911,913-914,917,923-924]",KHSRP___ZFR_unrelaxed_rank_002_alphafold2_multimer_v3_model_1_seed_000.pdb
KHSRP___ZFR,3,2,A,B,0.1239,398.9,49.4,0.0161,0.7207,0.1111,0.1382,3182.0,50.0,0.3000,42.4,46.1,0.340,17,262,11,18,49.3,92.5,50.1,90.0,711,1074,[674-690],"[722-762,784-835,838-872,893-958,960-981,987-993,996-1034]","[674-676,678-679,681-683,685-686,689]","[728,732,735-736,738,741-742,744-746,748,752,790,794,797,799,923-924]",KHSRP___ZFR_unrelaxed_rank_003_alphafold2_multimer_v3_model_2_seed_000.pdb
KHSRP___ZFR,4,5,A,B,0.0691,33.6,2.3,0.0131,0.6409,0.0566,0.0843,188.0,6.0,0.2500,39.4,44.6,0.320,4,123,2,3,28.7,92.2,28.6,91.9,711,1074,[545-548],"[730,734-736,738-744,746-762,784-786,788,790-796,798-801,803-810,812-813,815,817-819,821-826,830-831,841-846,849-854,861-865,867-871,896-902,904-912,914-916,922-923,926-928,931,948,952,967,989,991,1007,1013-1014,1017,1020,1029]",[546-547],"[756,759-760]",KHSRP___ZFR_unrelaxed_rank_004_alphafold2_multimer_v3_model_5_seed_000.pdb
KHSRP___ZFR,5,3,A,B,0.0000,0.0,0.0,0.0000,0.3497,0.0000,0.0000,0.0,0.0,0.2100,37.6,44.7,0.330,0,0,0,0,,,,,711,1074,,,,,KHSRP___ZFR_unrelaxed_rank_005_alphafold2_multimer_v3_model_3_seed_000.pdb
KHSRP___ZNF503,1,2,A,B,0.0000,0.0,0.0,0.0000,0.1623,0.0000,0.0000,0.0,0.0,0.1700,47.2,21.0,0.220,0,0,0,0,,,,,711,646,,,,,KHSRP___ZNF503_unrelaxed_rank_001_alphafold2_multimer_v3_model_2_seed_000.pdb
KHSRP___ZNF503,2,1,A,B,0.0000,0.0,0.0,0.0000,0.1671,0.0000,0.0000,0.0,0.0,0.1600,44.4,21.3,0.210,0,0,0,0,,,,,711,646,,,,,KHSRP___ZNF503_unrelaxed_rank_002_alphafold2_multimer_v3_model_1_seed_000.pdb
KHSRP___ZNF503,3,3,A,B,0.0000,0.0,0.0,0.0000,0.1731,0.0000,0.0000,0.0,0.0,0.1600,42.4,19.0,0.200,0,0,0,0,,,,,711,646,,,,,KHSRP___ZNF503_unrelaxed_rank_003_alphafold2_multimer_v3_model_3_seed_000.pdb
KHSRP___ZNF503,4,4,A,B,0.0000,0.0,0.0,0.0000,0.1801,0.0000,0.0000,0.0,0.0,0.1500,46.2,20.0,0.200,0,0,0,0,,,,,711,646,,,,,KHSRP___ZNF503_unrelaxed_rank_004_alphafold2_multimer_v3_model_4_seed_000.pdb
KHSRP___ZNF503,5,5,A,B,0.0000,0.0,0.0,0.0000,0.1461,0.0000,0.0000,0.0,0.0,0.1500,46.4,20.9,0.200,0,0,0,0,,,,,711,646,,,,,KHSRP___ZNF503_unrelaxed_rank_005_alphafold2_multimer_v3_model_5_seed_000.pdb
LUC7L2___CDC5L,1,1,A,B,0.1559,222.8,34.7,0.0147,0.6806,0.1015,0.2397,2482.0,20.0,0.3300,56.6,61.8,0.330,87,80,6,6,83.0,78.0,66.4,65.1,392,802,"[45-50,52-54,85-111,181-229,231-232]","[1,3-4,6,11-27,30-54,136-169]","[183,202-205,208]","[3,146-147,149-150,162]",LUC7L2___CDC5L_unrelaxed_rank_001_alphafold2_multimer_v3_model_1_seed_000.pdb
LUC7L2___CDC5L,2,5,A,B,0.0000,0.0,0.0,0.0000,0.4505,0.0214,0.0000,80.0,0.0,0.3100,57.1,59.4,0.340,33,20,0,0,84.5,70.8,,,392,802,"[100,103-104,107,136-137,140-142,152,156,160-168,170,174,187,196-198,201,205,207-209,216,220]","[13,37-38,141-143,145-155,158,163-164]",,,LUC7L2___CDC5L_unrelaxed_rank_002_alphafold2_multimer_v3_model_5_seed_000.pdb
LUC7L2___CDC5L,3,3,A,B,0.0000,0.0,0.0,0.0000,0.1511,0.0000,0.0000,0.0,0.0,0.1600,58.0,60.2,0.290,0,0,0,0,,,,,392,802,,,,,LUC7L2___CDC5L_unrelaxed_rank_003_alphafold2_multimer_v3_model_3_seed_000.pdb
LUC7L2___CDC5L,4,2,A,B,0.0000,0.0,0.0,0.0000,0.1904,0.0000,0.0000,0.0,0.0,0.1500,54.4,54.7,0.270,0,0,0,0,,,,,392,802,,,,,LUC7L2___CDC5L_unrelaxed_rank_004_alphafold2_multimer_v3_model_2_seed_000.pdb
LUC7L2___CDC5L,5,4,A,B,0.0000,0.0,0.0,0.0000,0.1225,0.0000,0.0000,0.0,0.0,0.1400,57.5,54.3,0.280,0,0,0,0,,,,,392,802,,,,,LUC7L2___CDC5L_unrelaxed_rank_005_alphafold2_multimer_v3_model_4_seed_000.pdb
LUC7L2___PTBP1,1,3,A,B,0.0000,0.0,0.0,0.0000,0.2135,0.0000,0.0000,0.0,0.0,0.1800,59.2,64.7,0.340,0,0,0,0,,,,,392,557,,,,,LUC7L2___PTBP1_unrelaxed_rank_001_alphafold2_multimer_v3_model_3_seed_000.pdb
LUC7L2___PTBP1,2,5,A,B,0.0000,0.0,0.0,0.0000,0.1714,0.0000,0.0000,0.0,0.0,0.1500,58.8,66.3,0.330,0,0,0,0,,,,,392,557,,,,,LUC7L2___PTBP1_unrelaxed_rank_002_alphafold2_multimer_v3_model_5_seed_000.pdb
LUC7L2___PTBP1,3,1,A,B,0.0000,0.0,0.0,0.0000,0.1423,0.0000,0.0000,0.0,0.0,0.1500,55.3,62.6,0.310,0,0,0,0,,,,,392,557,,,,,LUC7L2___PTBP1_unrelaxed_rank_003_alphafold2_multimer_v3_model_1_seed_000.pdb
LUC7L2___PTBP1,4,2,A,B,0.0000,0.0,0.0,0.0000,0.1151,0.0000,0.0000,0.0,0.0,0.1400,56.0,66.8,0.300,0,0,0,0,,,,,392,557,,,,,LUC7L2___PTBP1_unrelaxed_rank_004_alphafold2_multimer_v3_model_2_seed_000.pdb
LUC7L2___PTBP1,5,4,A,B,0.0000,0.0,0.0,0.0000,0.1421,0.0000,0.0000,0.0,0.0,0.1300,57.8,64.0,0.320,0,0,0,0,,,,,392,557,,,,,LUC7L2___PTBP1_unrelaxed_rank_005_alphafold2_multimer_v3_model_4_seed_000.pdb
MRPL12___ANP32A,1,4,A,B,0.6804,1687.2,1148.0,0.7121,0.9627,0.6293,0.7358,24124.0,118.0,0.6200,57.9,72.5,0.550,75,174,20,27,90.2,93.1,91.8,87.3,198,249,[124-198],[1-174],"[143-144,146-147,150,155-160,162-163,167,169-171,173-175]","[25-26,48,50-51,72-73,94,96-97,119,121-122,124,146-148,154-155,157,159-160,163-164,166-167,170]",MRPL12___ANP32A_unrelaxed_rank_001_alphafold2_multimer_v3_model_4_seed_000.pdb
MRPL12___ANP32A,2,3,A,B,0.4196,1426.1,598.3,0.3906,0.8775,0.3442,0.5114,21407.0,95.0,0.5200,53.5,68.9,0.520,73,172,15,24,86.0,89.4,85.5,79.2,198,249,[126-198],[1-172],"[143-144,146-147,156-160,162-163,166-168,170]","[25-26,50-51,70,72-73,94,96,119,121,146-148,154-155,157,159-160,163-164,166-167,170]",MRPL12___ANP32A_unrelaxed_rank_002_alphafold2_multimer_v3_model_3_seed_000.pdb
MRPL12___ANP32A,3,1,A,B,0.3238,1328.2,430.1,0.2848,0.8065,0.2630,0.3986,19821.0,89.0,0.4900,54.3,69.1,0.510,72,170,15,24,84.5,90.7,81.6,79.0,198,249,[127-198],[1-170],"[143,146-147,155-160,162-163,167,169-171]","[25-26,50-51,70,72-73,94,96,119,121-122,146-148,154-155,157,159-160,163-164,166-167]",MRPL12___ANP32A_unrelaxed_rank_003_alphafold2_multimer_v3_model_1_seed_000.pdb
MRPL12___ANP32A,4,5,A,B,0.2379,1214.9,289.0,0.2125,0.6813,0.1719,0.3291,14908.0,99.0,0.4500,51.5,69.9,0.500,71,171,17,25,82.1,91.5,81.4,80.3,198,249,[128-198],[1-171],"[143-144,146-147,156-160,162-163,166-171]","[25-26,50-51,70,72-73,94,96,119,121-122,146-148,154-155,157,159-160,163-164,166-167,170]",MRPL12___ANP32A_unrelaxed_rank_004_alphafold2_multimer_v3_model_5_seed_000.pdb
MRPL12___ANP32A,5,2,A,B,0.0000,0.0,0.0,0.0000,0.1852,0.0000,0.0000,0.0,0.0,0.1200,52.4,66.9,0.400,0,0,0,0,,,,,198,249,,,,,MRPL12___ANP32A_unrelaxed_rank_005_alphafold2_multimer_v3_model_2_seed_000.pdb
MRPL12___PRMT1,1,3,A,B,0.0625,111.4,7.0,0.0149,0.3743,0.0681,0.0573,955.0,13.0,0.2800,47.4,85.9,0.610,8,268,3,11,45.4,96.7,46.2,95.7,198,371,[47-54],"[60,62-63,65-120,122-136,138-149,151,153,155-169,174-204,206,222-224,233-320,322-339,346-357,359-370]","[47-48,50]","[71,74-75,289-290,298-299,301-302,307-308]",MRPL12___PRMT1_unrelaxed_rank_001_alphafold2_multimer_v3_model_3_seed_000.pdb
MRPL12___PRMT1,2,5,A,B,0.0502,143.9,7.2,0.0154,0.3846,0.0574,0.0440,1035.0,20.0,0.2600,46.6,86.4,0.600,7,279,4,13,43.7,96.8,42.8,95.6,198,371,[46-52],"[60-136,138-151,153-169,173-204,222-223,231,233-341,343,345-370]","[46-48,50]","[71,74-75,289-290,298-302,306-308]",MRPL12___PRMT1_unrelaxed_rank_002_alphafold2_multimer_v3_model_5_seed_000.pdb
MRPL12___PRMT1,3,1,A,B,0.0141,33.5,0.5,0.0000,0.3314,0.0130,0.0153,280.0,4.0,0.2000,46.1,85.6,0.600,6,124,3,3,30.3,95.5,30.1,93.2,198,371,[31-36],"[69,72-76,87,91-95,100,102-103,106,111,113-117,122-131,133,136,138-143,145-147,150-151,159-163,165-169,174-178,190-191,195-196,198,216,223,225-230,233-234,236-241,250,255,257,260,262-269,271,284,286,288,290,292-293,298-299,308,310-311,314-315,317,319-320,336,338-339,341,346-352,366-367,369]","[32,35-36]","[165-166,237]",MRPL12___PRMT1_unrelaxed_rank_003_alphafold2_multimer_v3_model_1_seed_000.pdb
MRPL12___PRMT1,4,4,A,B,0.0000,0.0,0.0,0.0000,0.2544,0.0000,0.0000,0.0,0.0,0.1500,42.5,84.2,0.590,0,0,0,0,,,,,198,371,,,,,MRPL12___PRMT1_unrelaxed_rank_004_alphafold2_multimer_v3_model_4_seed_000.pdb
MRPL12___PRMT1,5,2,A,B,0.0092,12.8,0.1,0.0000,0.3277,0.0171,0.0050,164.0,1.0,0.1400,45.3,86.0,0.590,4,135,1,1,26.3,96.2,25.3,92.6,198,371,[35-38],"[69,71-77,79,92-96,98-106,111,114-118,123-130,133,135,138-139,141-143,145-147,156,159-161,163,165,167-169,174-178,180,190-192,195,216-217,219,223-230,233-242,247,250,255,257,260,262,264-269,271,273,281,288,291-292,299,303,307-308,310-312,314-317,319-320,336-339,341,346-352,366-370]",[38],[311],MRPL12___PRMT1_unrelaxed_rank_005_alphafold2_multimer_v3_model_2_seed_000.pdb
MRPL12___SF3B2,1,2,A,B,0.0000,0.0,0.0,0.0000,0.1434,0.0000,0.0000,0.0,0.0,0.1500,50.1,46.0,0.210,0,0,0,0,,,,,198,895,,,,,MRPL12___SF3B2_unrelaxed_rank_001_alphafold2_multimer_v3_model_2_seed_000.pdb
MRPL12___SF3B2,2,3,A,B,0.0000,0.0,0.0,0.0000,0.1717,0.0000,0.0000,0.0,0.0,0.1400,46.6,47.1,0.220,0,0,0,0,,,,,198,895,,,,,MRPL12___SF3B2_unrelaxed_rank_002_alphafold2_multimer_v3_model_3_seed_000.pdb
MRPL12___SF3B2,3,1,A,B,0.0000,0.0,0.0,0.0000,0.1316,0.0000,0.0000,0.0,0.0,0.1500,43.6,45.9,0.200,0,0,0,0,,,,,198,895,,,,,MRPL12___SF3B2_unrelaxed_rank_003_alphafold2_multimer_v3_model_1_seed_000.pdb
MRPL12___SF3B2,4,4,A,B,0.0000,0.0,0.0,0.0000,0.0000,0.0000,0.0000,0.0,0.0,0.1400,45.1,41.6,0.210,0,0,0,0,,,,,198,895,,,,,MRPL12___SF3B2_unrelaxed_rank_004_alphafold2_multimer_v3_model_4_seed_000.pdb
MRPL12___SF3B2,5,5,A,B,0.0000,0.0,0.0,0.0000,0.1128,0.0000,0.0000,0.0,0.0,0.1400,45.5,44.8,0.220,0,0,0,0,,,,,198,895,,,,,MRPL12___SF3B2_unrelaxed_rank_005_alphafold2_multimer_v3_model_5_seed_000.pdb
NASP___PCCA,1,2,A,B,0.0000,0.0,0.0,0.0000,0.2924,0.0000,0.0000,0.0,0.0,0.2100,36.9,85.0,0.500,0,0,0,0,,,,,788,728,,,,,NASP___PCCA_unrelaxed_rank_001_alphafold2_multimer_v3_model_2_seed_000.pdb
NASP___PCCA,2,5,A,B,0.0000,0.0,0.0,0.0000,0.2559,0.0000,0.0000,0.0,0.0,0.1900,36.5,82.5,0.490,0,0,0,0,,,,,788,728,,,,,NASP___PCCA_unrelaxed_rank_002_alphafold2_multimer_v3_model_5_seed_000.pdb
NASP___PCCA,3,3,A,B,0.0000,0.0,0.0,0.0000,0.2821,0.0000,0.0000,0.0,0.0,0.1900,35.9,83.8,0.500,0,0,0,0,,,,,788,728,,,,,NASP___PCCA_unrelaxed_rank_003_alphafold2_multimer_v3_model_3_seed_000.pdb
NASP___PCCA,4,1,A,B,0.0000,0.0,0.0,0.0000,0.1839,0.0000,0.0000,0.0,0.0,0.1800,35.9,84.0,0.490,0,0,0,0,,,,,788,728,,,,,NASP___PCCA_unrelaxed_rank_004_alphafold2_multimer_v3_model_1_seed_000.pdb
NASP___PCCA,5,4,A,B,0.0000,0.0,0.0,0.0000,0.1905,0.0000,0.0000,0.0,0.0,0.1800,35.0,81.6,0.480,0,0,0,0,,,,,788,728,,,,,NASP___PCCA_unrelaxed_rank_005_alphafold2_multimer_v3_model_4_seed_000.pdb
NASP___RBM4,1,2,A,B,0.4816,626.2,301.6,0.4501,0.9726,0.3958,0.5862,5942.0,66.0,0.3400,38.6,45.4,0.360,232,27,28,15,87.5,48.4,89.9,57.6,788,364,"[37-108,510-669]",[297-323],"[51,55,86,103-104,532,534,536-537,539-540,543,553-554,581,584-585,588-589,592,596,610,614,638,641,645,648,652]","[303,305-307,309-314,317-321]",NASP___RBM4_unrelaxed_rank_001_alphafold2_multimer_v3_model_2_seed_000.pdb
NASP___RBM4,2,1,A,B,0.4849,490.5,237.8,0.3890,0.9506,0.3779,0.6222,4811.0,50.0,0.3300,37.5,44.0,0.340,228,18,18,10,86.7,50.9,90.0,60.4,788,364,"[37-106,510-667]",[303-320],"[44,51,55,553-554,581,584-585,588-589,592,610,614,638,641,645,648,652]","[306-307,309-314,317,320]",NASP___RBM4_unrelaxed_rank_002_alphafold2_multimer_v3_model_1_seed_000.pdb
NASP___RBM4,3,3,A,B,0.4626,570.9,264.1,0.4127,0.9581,0.3908,0.5477,5174.0,63.0,0.3300,37.5,41.4,0.340,229,23,28,16,85.5,48.0,89.3,51.6,788,364,"[37-107,510-667]","[151-154,303-321]","[44,48,51,55,63,67,86,91,95,104,536,539-540,553-554,581,584-585,588-589,592,610,614,638,641,645,648,652]","[153-154,305-307,309-314,317-321]",NASP___RBM4_unrelaxed_rank_003_alphafold2_multimer_v3_model_3_seed_000.pdb
NASP___RBM4,4,4,A,B,0.3615,1403.5,507.4,0.4086,0.9715,0.2947,0.4434,12708.0,155.0,0.3200,38.3,42.6,0.360,230,54,54,30,86.7,43.1,86.4,45.8,788,364,"[38-107,508-667]","[150-182,302-322]","[44,51,55,63,67,79,86,88,95,100,104,512-521,523-524,534,536-537,539-540,543,548,550-555,557,559-560,563-564,581,584-585,588-589,592,610,614,638,641,645,648,652]","[150-157,162-166,171-173,305-307,309-314,317-321]",NASP___RBM4_unrelaxed_rank_004_alphafold2_multimer_v3_model_4_seed_000.pdb
NASP___RBM4,5,5,A,B,0.4366,543.9,237.4,0.3789,0.9557,0.3631,0.5249,4771.0,62.0,0.3200,38.2,45.6,0.340,226,21,26,14,87.9,50.9,88.2,53.0,788,364,"[39-107,510-666]","[172,174,303-321]","[44,47-48,51,55,100,103-104,536,539-540,553-554,581,584-585,588-589,592,610,614,638,641,645,648,652]","[303,305-307,309-314,317-320]",NASP___RBM4_unrelaxed_rank_005_alphafold2_multimer_v3_model_5_seed_000.pdb
NASP___ZBTB33,1,5,A,B,0.1650,199.8,33.0,0.0191,0.7290,0.1344,0.2025,1536.0,26.0,0.3000,36.5,36.5,0.300,206,10,9,7,87.7,40.7,85.1,38.7,788,672,"[39-102,513-532,534-626,633-661]",[637-646],"[584-585,588-589,641-642,644-645,648]","[637-640,643-644,646]",NASP___ZBTB33_unrelaxed_rank_001_alphafold2_multimer_v3_model_5_seed_000.pdb
NASP___ZBTB33,2,1,A,B,0.1027,210.3,21.6,0.0171,0.6544,0.0917,0.1150,1427.0,31.0,0.2700,36.2,33.6,0.310,201,14,16,8,86.6,33.0,86.6,35.5,788,672,"[40-77,81-102,514-626,633-660]",[167-180],"[51,55,100,550,581-582,584-585,588-589,610,614,638,641,645,648]","[170-175,178,180]",NASP___ZBTB33_unrelaxed_rank_002_alphafold2_multimer_v3_model_1_seed_000.pdb
NASP___ZBTB33,3,4,A,B,0.0074,1.7,0.0,0.0000,0.4448,0.0082,0.0067,3.0,1.0,0.2200,36.0,35.4,0.310,3,3,1,1,90.6,34.4,86.1,30.9,788,672,"[581,609,617]","[640-641,644]",[581],[644],NASP___ZBTB33_unrelaxed_rank_003_alphafold2_multimer_v3_model_4_seed_000.pdb
NASP___ZBTB33,4,2,A,B,0.0000,0.0,0.0,0.0000,0.2606,0.0000,0.0000,0.0,0.0,0.1900,37.4,34.7,0.310,0,0,0,0,,,,,788,672,,,,,NASP___ZBTB33_unrelaxed_rank_004_alphafold2_multimer_v3_model_2_seed_000.pdb
NASP___ZBTB33,5,3,A,B,0.0000,0.0,0.0,0.0000,0.3375,0.0000,0.0000,0.0,0.0,0.1900,36.6,35.2,0.300,0,0,0,0,,,,,788,672,,,,,NASP___ZBTB33_unrelaxed_rank_005_alphafold2_multimer_v3_model_3_seed_000.pdb
NASP___ZNF503,1,2,A,B,0.3029,797.6,241.6,0.1079,0.8753,0.2599,0.3530,7397.0,86.0,0.3200,41.1,21.4,0.320,230,31,24,17,91.6,51.6,90.9,50.2,788,646,"[39-107,512-628,631-674]",[55-85],"[580-586,588,610,614,638,641,644-645,648,650-652,654-656,658-659,662]","[55-56,58,61-63,67,71-72,74,76-77,79-83]",NASP___ZNF503_unrelaxed_rank_001_alphafold2_multimer_v3_model_2_seed_000.pdb
NASP___ZNF503,2,3,A,B,0.2277,661.1,150.5,0.0220,0.8229,0.1855,0.2795,6156.0,71.0,0.3000,39.1,21.3,0.320,219,33,24,18,89.1,50.8,86.6,47.6,788,646,"[39-105,512-627,632-666,669]","[55-84,632-634]","[55,70-71,520,581-582,584-585,588,592,614,641-642,644-645,648,650-651,654-656,658-659,662]","[56,58,61-63,71-72,74,76-81,83-84,632-633]",NASP___ZNF503_unrelaxed_rank_002_alphafold2_multimer_v3_model_3_seed_000.pdb
NASP___ZNF503,3,1,A,B,0.2819,759.9,214.2,0.0620,0.8347,0.2528,0.3143,6346.0,91.0,0.3000,39.1,21.8,0.320,222,30,23,17,90.1,48.3,87.4,47.8,788,646,"[39-105,512-627,633-671]",[55-84],"[581-582,584-585,588-589,592,614,638,641-642,644-645,648,650-652,654-656,658-659,662]","[56,58,61-63,67,71-72,74,76-83]",NASP___ZNF503_unrelaxed_rank_003_alphafold2_multimer_v3_model_1_seed_000.pdb
NASP___ZNF503,4,4,A,B,0.2818,666.4,187.8,0.0347,0.8598,0.2480,0.3202,5844.0,76.0,0.2900,39.9,21.3,0.310,225,27,21,14,90.6,52.1,87.2,52.2,788,646,"[39-108,512-628,633-667,669-671]",[58-84],"[581-582,584-585,588-589,592,638,641,644-645,648-649,651-652,654-656,658-659,662]","[58,61-63,67,71-72,74,76-81]",NASP___ZNF503_unrelaxed_rank_004_alphafold2_multimer_v3_model_4_seed_000.pdb
NASP___ZNF503,5,5,A,B,0.0000,0.0,0.0,0.0000,0.3434,0.0000,0.0000,0.0,0.0,0.2000,39.8,20.1,0.300,0,0,0,0,,,,,788,646,,,,,NASP___ZNF503_unrelaxed_rank_005_alphafold2_multimer_v3_model_5_seed_000.pdb
NCL___PPP1R10,1,3,A,B,0.0000,0.0,0.0,0.0000,0.4715,0.0000,0.0000,0.0,0.0,0.2100,41.3,30.3,0.250,0,0,0,0,,,,,710,940,,,,,NCL___PPP1R10_unrelaxed_rank_001_alphafold2_multimer_v3_model_3_seed_000.pdb
NCL___PPP1R10,2,2,A,B,0.0000,0.0,0.0,0.0000,0.3926,0.0000,0.0000,0.0,0.0,0.2100,44.1,31.6,0.250,0,0,0,0,,,,,710,940,,,,,NCL___PPP1R10_unrelaxed_rank_002_alphafold2_multimer_v3_model_2_seed_000.pdb
NCL___PPP1R10,3,1,A,B,0.0000,0.0,0.0,0.0000,0.3295,0.0000,0.0000,0.0,0.0,0.1900,42.9,30.4,0.250,0,0,0,0,,,,,710,940,,,,,NCL___PPP1R10_unrelaxed_rank_003_alphafold2_multimer_v3_model_1_seed_000.pdb
NCL___PPP1R10,4,4,A,B,0.0000,0.0,0.0,0.0000,0.2732,0.0000,0.0000,0.0,0.0,0.1800,43.2,32.1,0.250,0,0,0,0,,,,,710,940,,,,,NCL___PPP1R10_unrelaxed_rank_004_alphafold2_multimer_v3_model_4_seed_000.pdb
NCL___PPP1R10,5,5,A,B,0.0000,0.0,0.0,0.0000,0.2136,0.0000,0.0000,0.0,0.0,0.1700,44.8,32.5,0.250,0,0,0,0,,,,,710,940,,,,,NCL___PPP1R10_unrelaxed_rank_005_alphafold2_multimer_v3_model_5_seed_000.pdb
NCL___ZBTB33,1,2,A,B,0.0000,0.0,0.0,0.0000,0.2070,0.0000,0.0000,0.0,0.0,0.1700,43.1,38.0,0.230,0,0,0,0,,,,,710,672,,,,,NCL___ZBTB33_unrelaxed_rank_001_alphafold2_multimer_v3_model_2_seed_000.pdb
NCL___ZBTB33,2,1,A,B,0.0000,0.0,0.0,0.0000,0.1759,0.0000,0.0000,0.0,0.0,0.1700,41.2,34.0,0.230,0,0,0,0,,,,,710,672,,,,,NCL___ZBTB33_unrelaxed_rank_002_alphafold2_multimer_v3_model_1_seed_000.pdb
NCL___ZBTB33,3,3,A,B,0.0000,0.0,0.0,0.0000,0.2548,0.0000,0.0000,0.0,0.0,0.1600,42.6,35.9,0.220,0,0,0,0,,,,,710,672,,,,,NCL___ZBTB33_unrelaxed_rank_003_alphafold2_multimer_v3_model_3_seed_000.pdb
NCL___ZBTB33,4,4,A,B,0.0000,0.0,0.0,0.0000,0.1915,0.0000,0.0000,0.0,0.0,0.1600,42.2,36.8,0.220,0,0,0,0,,,,,710,672,,,,,NCL___ZBTB33_unrelaxed_rank_004_alphafold2_multimer_v3_model_4_seed_000.pdb
NCL___ZBTB33,5,5,A,B,0.0000,0.0,0.0,0.0000,0.1557,0.0000,0.0000,0.0,0.0,0.1500,44.3,38.5,0.220,0,0,0,0,,,,,710,672,,,,,NCL___ZBTB33_unrelaxed_rank_005_alphafold2_multimer_v3_model_5_seed_000.pdb
NONO___CIZ1,1,1,A,B,0.1152,607.5,70.0,0.0983,0.7245,0.0836,0.1586,4793.0,77.0,0.4400,64.8,28.3,0.350,201,72,21,25,87.7,69.5,74.3,69.0,471,898,"[55-79,87-100,102-105,111-130,132-133,138-238,267-275,277-279,281-300,302-304]","[651,653-713,731-735,737-741]","[55,57,60-69,120,124,127,160,162-163,165-166,169]","[654,657-658,666-668,671,679-681,683-686,694,696-697,700-701,704-705,732,734,739-740]",NONO___CIZ1_unrelaxed_rank_001_alphafold2_multimer_v3_model_1_seed_000.pdb
NONO___CIZ1,2,4,A,B,0.1919,570.5,109.5,0.1637,0.8468,0.1277,0.2883,5812.0,56.0,0.4300,61.1,26.7,0.320,209,65,15,16,84.2,71.8,64.6,72.2,471,898,"[55-209,213-215,220-242,247-248,250-251,257-258,265,267-272,274-276,278-287,290,293]","[654-664,667-720]","[55-58,61-62,64-66,120,123-124,126-128]","[658,660,679,682-686,688-689,697-698,700-701,704,713]",NONO___CIZ1_unrelaxed_rank_002_alphafold2_multimer_v3_model_4_seed_000.pdb
NONO___CIZ1,3,2,A,B,0.0000,0.0,0.0,0.0000,0.3272,0.0000,0.0000,0.0,0.0,0.2500,64.3,27.8,0.310,0,0,0,0,,,,,471,898,,,,,NONO___CIZ1_unrelaxed_rank_003_alphafold2_multimer_v3_model_2_seed_000.pdb
NONO___CIZ1,4,3,A,B,0.0000,0.0,0.0,0.0000,0.3049,0.0000,0.0000,0.0,0.0,0.2200,63.7,26.6,0.310,0,0,0,0,,,,,471,898,,,,,NONO___CIZ1_unrelaxed_rank_004_alphafold2_multimer_v3_model_3_seed_000.pdb
NONO___CIZ1,5,5,A,B,0.0000,0.0,0.0,0.0000,0.1598,0.0000,0.0000,0.0,0.0,0.1500,63.2,26.1,0.300,0,0,0,0,,,,,471,898,,,,,NONO___CIZ1_unrelaxed_rank_005_alphafold2_multimer_v3_model_5_seed_000.pdb
NONO___PPP1R10,1,2,A,B,0.0416,62.4,2.6,0.0136,0.5500,0.0368,0.0470,486.0,8.0,0.2700,65.4,31.4,0.320,180,6,4,4,91.9,38.1,86.6,39.3,471,940,"[68-82,86-97,99,102-135,137-156,158-181,186-211,214-216,220-233,236-240,242-244,250,265,267,270,272,274,276-279,281,283,285-286,288-289,292-298]",[522-527],"[144-145,147,229]","[522,524-526]",NONO___PPP1R10_unrelaxed_rank_001_alphafold2_multimer_v3_model_2_seed_000.pdb
NONO___PPP1R10,2,1,A,B,0.0000,0.0,0.0,0.0000,0.4487,0.0086,0.0000,3.0,0.0,0.2600,65.5,32.2,0.310,2,2,0,0,90.4,32.6,,,471,940,"[114,138]",[524-525],,,NONO___PPP1R10_unrelaxed_rank_002_alphafold2_multimer_v3_model_1_seed_000.pdb
NONO___PPP1R10,3,3,A,B,0.0000,0.0,0.0,0.0000,0.3922,0.0060,0.0000,2.0,0.0,0.2300,63.7,30.4,0.310,2,1,0,0,92.9,33.1,,,471,940,"[201,271]",[525],,,NONO___PPP1R10_unrelaxed_rank_003_alphafold2_multimer_v3_model_3_seed_000.pdb
NONO___PPP1R10,4,4,A,B,0.0000,0.0,0.0,0.0000,0.1838,0.0000,0.0000,0.0,0.0,0.1700,61.8,31.3,0.290,0,0,0,0,,,,,471,940,,,,,NONO___PPP1R10_unrelaxed_rank_004_alphafold2_multimer_v3_model_4_seed_000.pdb
NONO___PPP1R10,5,5,A,B,0.0000,0.0,0.0,0.0000,0.1835,0.0000,0.0000,0.0,0.0,0.1500,63.7,30.6,0.300,0,0,0,0,,,,,471,940,,,,,NONO___PPP1R10_unrelaxed_rank_005_alphafold2_multimer_v3_model_5_seed_000.pdb
PCBP2___DNAJA1,1,2,A,B,0.0000,0.0,0.0,0.0000,0.1471,0.0000,0.0000,0.0,0.0,0.1500,58.4,73.8,0.370,0,0,0,0,,,,,365,397,,,,,PCBP2___DNAJA1_unrelaxed_rank_001_alphafold2_multimer_v3_model_2_seed_000.pdb
PCBP2___DNAJA1,2,4,A,B,0.0000,0.0,0.0,0.0000,0.1195,0.0000,0.0000,0.0,0.0,0.1300,57.7,74.5,0.370,0,0,0,0,,,,,365,397,,,,,PCBP2___DNAJA1_unrelaxed_rank_002_alphafold2_multimer_v3_model_4_seed_000.pdb
PCBP2___DNAJA1,3,1,A,B,0.0000,0.0,0.0,0.0000,0.1108,0.0000,0.0000,0.0,0.0,0.1200,57.6,75.2,0.350,0,0,0,0,,,,,365,397,,,,,PCBP2___DNAJA1_unrelaxed_rank_003_alphafold2_multimer_v3_model_1_seed_000.pdb
PCBP2___DNAJA1,4,5,A,B,0.0000,0.0,0.0,0.0000,0.1241,0.0000,0.0000,0.0,0.0,0.1200,57.9,74.5,0.350,0,0,0,0,,,,,365,397,,,,,PCBP2___DNAJA1_unrelaxed_rank_004_alphafold2_multimer_v3_model_5_seed_000.pdb
PCBP2___DNAJA1,5,3,A,B,0.0000,0.0,0.0,0.0000,0.1130,0.0000,0.0000,0.0,0.0,0.1200,56.0,73.4,0.350,0,0,0,0,,,,,365,397,,,,,PCBP2___DNAJA1_unrelaxed_rank_005_alphafold2_multimer_v3_model_3_seed_000.pdb
PCCA___LUC7L2,1,3,A,B,0.0000,0.0,0.0,0.0000,0.2668,0.0000,0.0000,0.0,0.0,0.1700,82.8,53.9,0.590,0,0,0,0,,,,,728,392,,,,,PCCA___LUC7L2_unrelaxed_rank_001_alphafold2_multimer_v3_model_3_seed_000.pdb
PCCA___LUC7L2,2,5,A,B,0.0000,0.0,0.0,0.0000,0.1532,0.0000,0.0000,0.0,0.0,0.1600,82.8,51.2,0.590,0,0,0,0,,,,,728,392,,,,,PCCA___LUC7L2_unrelaxed_rank_002_alphafold2_multimer_v3_model_5_seed_000.pdb
PCCA___LUC7L2,3,2,A,B,0.0000,0.0,0.0,0.0000,0.1517,0.0000,0.0000,0.0,0.0,0.1600,83.8,51.8,0.590,0,0,0,0,,,,,728,392,,,,,PCCA___LUC7L2_unrelaxed_rank_003_alphafold2_multimer_v3_model_2_seed_000.pdb
PCCA___LUC7L2,4,1,A,B,0.0000,0.0,0.0,0.0000,0.1482,0.0000,0.0000,0.0,0.0,0.1600,83.7,46.9,0.590,0,0,0,0,,,,,728,392,,,,,PCCA___LUC7L2_unrelaxed_rank_004_alphafold2_multimer_v3_model_1_seed_000.pdb
PCCA___LUC7L2,5,4,A,B,0.0000,0.0,0.0,0.0000,0.1597,0.0000,0.0000,0.0,0.0,0.1600,81.9,50.4,0.580,0,0,0,0,,,,,728,392,,,,,PCCA___LUC7L2_unrelaxed_rank_005_alphafold2_multimer_v3_model_4_seed_000.pdb
PDK1___FAM50A,1,3,A,B,0.0472,280.6,13.3,0.0172,0.4463,0.0495,0.0451,2624.0,30.0,0.3800,78.9,53.6,0.570,279,30,21,14,92.7,42.3,89.9,43.4,436,339,"[44-66,71-97,101-102,104-163,175-202,216-241,243,248-254,256-258,262-291,299-319,322,324-325,328,331-332,334,359-379,381-403]","[34,36-39,42-55,157-167]","[52-53,55-56,58,61,77-78,81-82,85,150,196,200,228,232,269-271,273-274]","[46,48-49,51-54,158-160,162-164,167]",PDK1___FAM50A_unrelaxed_rank_001_alphafold2_multimer_v3_model_3_seed_000.pdb
PDK1___FAM50A,2,4,A,B,0.0000,0.0,0.0,0.0000,0.3567,0.0113,0.0000,19.0,0.0,0.2400,78.0,48.6,0.530,15,4,0,0,94.7,34.1,,,436,339,"[143,180,182-183,220,264,287,304-306,312-313,315,370,372]",[50-53],,,PDK1___FAM50A_unrelaxed_rank_002_alphafold2_multimer_v3_model_4_seed_000.pdb
PDK1___FAM50A,3,1,A,B,0.0308,92.5,2.8,0.0146,0.4663,0.0238,0.0398,285.0,30.0,0.2300,78.2,48.6,0.540,144,13,13,10,91.0,30.2,90.5,30.6,436,339,"[58,60-61,63-64,72-74,76-77,79-81,83-85,104-106,109-117,119-124,132-151,153-155,157-158,162,189,192-193,195-202,216-232,234-236,238-240,254,256,262-265,267-272,274-275,277-279,281-282,284-285,288,299-300,302-307,310-315,362,369-372,374,383-385,387-389,394,397]","[48-58,60-61]","[193,196,200,218-220,223,228,269-271,274-275]",[48-57],PDK1___FAM50A_unrelaxed_rank_003_alphafold2_multimer_v3_model_1_seed_000.pdb
PDK1___FAM50A,4,5,A,B,0.0000,0.0,0.0,0.0000,0.1972,0.0000,0.0000,0.0,0.0,0.2300,78.3,50.1,0.520,0,0,0,0,,,,,436,339,,,,,PDK1___FAM50A_unrelaxed_rank_004_alphafold2_multimer_v3_model_5_seed_000.pdb
PDK1___FAM50A,5,2,A,B,0.0451,270.2,12.2,0.0131,0.4890,0.0339,0.0601,2213.0,33.0,0.2300,78.2,54.0,0.540,263,18,19,10,92.4,31.4,91.8,32.1,436,339,"[46,48-50,52-64,72-95,101-102,104-125,132-163,176-202,216-244,247-257,262-291,299-320,323,327-328,330-331,333-334,358,360-379,381-399]",[45-62],"[196,200,217-220,223,231-232,235,269-275,278-279]","[45,48-49,52-57,60]",PDK1___FAM50A_unrelaxed_rank_005_alphafold2_multimer_v3_model_2_seed_000.pdb
PDK1___LUC7L2,1,4,A,B,0.4957,3124.9,1549.0,0.6541,0.9639,0.3882,0.6330,133766.0,73.0,0.7100,80.7,62.3,0.700,380,228,20,18,87.8,88.7,81.0,85.2,436,392,[36-415],[24-251],"[120,123,131-133,136-137,139-141,143-144,147,199,203-206,209,211]","[51-58,185,187,195-196,198,202,204-205,208,214]",PDK1___LUC7L2_unrelaxed_rank_001_alphafold2_multimer_v3_model_4_seed_000.pdb
PDK1___LUC7L2,2,2,A,B,0.0000,0.0,0.0,0.0000,0.3839,0.0282,0.0000,18.0,0.0,0.2600,78.1,56.5,0.520,8,10,0,0,69.5,79.5,,,436,392,"[231-232,271,417-421]","[10-11,148-149,160-161,163-164,166-167]",,,PDK1___LUC7L2_unrelaxed_rank_002_alphafold2_multimer_v3_model_2_seed_000.pdb
PDK1___LUC7L2,3,3,A,B,0.0000,0.0,0.0,0.0000,0.2426,0.0000,0.0000,0.0,0.0,0.2100,76.3,55.0,0.490,0,0,0,0,,,,,436,392,,,,,PDK1___LUC7L2_unrelaxed_rank_003_alphafold2_multimer_v3_model_3_seed_000.pdb
PDK1___LUC7L2,4,1,A,B,0.0000,0.0,0.0,0.0000,0.2187,0.0000,0.0000,0.0,0.0,0.1700,77.5,54.1,0.500,0,0,0,0,,,,,436,392,,,,,PDK1___LUC7L2_unrelaxed_rank_004_alphafold2_multimer_v3_model_1_seed_000.pdb
PDK1___LUC7L2,5,5,A,B,0.0000,0.0,0.0,0.0000,0.1397,0.0000,0.0000,0.0,0.0,0.1400,77.3,55.9,0.490,0,0,0,0,,,,,436,392,,,,,PDK1___LUC7L2_unrelaxed_rank_005_alphafold2_multimer_v3_model_5_seed_000.pdb
PDK1___PCCA,1,2,A,B,0.0000,0.0,0.0,0.0000,0.3314,0.0000,0.0000,0.0,0.0,0.3000,75.6,83.1,0.620,0,0,0,0,,,,,436,728,,,,,PDK1___PCCA_unrelaxed_rank_001_alphafold2_multimer_v3_model_2_seed_000.pdb
PDK1___PCCA,2,5,A,B,0.0000,0.0,0.0,0.0000,0.2929,0.0000,0.0000,0.0,0.0,0.2700,73.6,81.8,0.610,0,0,0,0,,,,,436,728,,,,,PDK1___PCCA_unrelaxed_rank_002_alphafold2_multimer_v3_model_5_seed_000.pdb
PDK1___PCCA,3,4,A,B,0.0000,0.0,0.0,0.0000,0.2459,0.0000,0.0000,0.0,0.0,0.2400,72.5,79.7,0.590,0,0,0,0,,,,,436,728,,,,,PDK1___PCCA_unrelaxed_rank_003_alphafold2_multimer_v3_model_4_seed_000.pdb
PDK1___PCCA,4,1,A,B,0.0000,0.0,0.0,0.0000,0.1917,0.0000,0.0000,0.0,0.0,0.2100,73.8,81.6,0.590,0,0,0,0,,,,,436,728,,,,,PDK1___PCCA_unrelaxed_rank_004_alphafold2_multimer_v3_model_1_seed_000.pdb
PDK1___PCCA,5,3,A,B,0.0000,0.0,0.0,0.0000,0.1769,0.0000,0.0000,0.0,0.0,0.2100,71.6,81.3,0.590,0,0,0,0,,,,,436,728,,,,,PDK1___PCCA_unrelaxed_rank_005_alphafold2_multimer_v3_model_3_seed_000.pdb
PDK1___PRDX1,1,2,A,B,0.0000,0.0,0.0,0.0000,0.1294,0.0000,0.0000,0.0,0.0,0.1800,78.4,85.1,0.610,0,0,0,0,,,,,436,199,,,,,PDK1___PRDX1_unrelaxed_rank_001_alphafold2_multimer_v3_model_2_seed_000.pdb
PDK1___PRDX1,2,5,A,B,0.0000,0.0,0.0,0.0000,0.1127,0.0000,0.0000,0.0,0.0,0.1400,78.2,84.2,0.610,0,0,0,0,,,,,436,199,,,,,PDK1___PRDX1_unrelaxed_rank_002_alphafold2_multimer_v3_model_5_seed_000.pdb
PDK1___PRDX1,3,1,A,B,0.0000,0.0,0.0,0.0000,0.1118,0.0000,0.0000,0.0,0.0,0.1400,78.2,82.6,0.610,0,0,0,0,,,,,436,199,,,,,PDK1___PRDX1_unrelaxed_rank_003_alphafold2_multimer_v3_model_1_seed_000.pdb
PDK1___PRDX1,4,3,A,B,0.0000,0.0,0.0,0.0000,0.1077,0.0000,0.0000,0.0,0.0,0.1400,76.5,86.5,0.600,0,0,0,0,,,,,436,199,,,,,PDK1___PRDX1_unrelaxed_rank_004_alphafold2_multimer_v3_model_3_seed_000.pdb
PDK1___PRDX1,5,4,A,B,0.0000,0.0,0.0,0.0000,0.1055,0.0000,0.0000,0.0,0.0,0.1200,76.8,83.7,0.590,0,0,0,0,,,,,436,199,,,,,PDK1___PRDX1_unrelaxed_rank_005_alphafold2_multimer_v3_model_4_seed_000.pdb
PPP1R10___LUC7L2,1,4,A,B,0.0463,48.9,2.3,0.0000,0.5272,0.0358,0.0598,171.0,14.0,0.2700,32.4,57.3,0.280,12,69,7,10,40.8,80.3,39.8,72.8,940,392,"[412-415,419-426]","[85,90-91,93,95-96,98-125,128,163-165,167-175,185-192,196-200,206-207,210,214-215,218,220,222-223]","[413,415,420-424]","[112,115-116,119,186,188,197,199,206,210]",PPP1R10___LUC7L2_unrelaxed_rank_001_alphafold2_multimer_v3_model_4_seed_000.pdb
PPP1R10___LUC7L2,2,2,A,B,0.0000,0.0,0.0,0.0000,0.4737,0.0050,0.0000,1.0,0.0,0.2400,33.0,59.6,0.280,1,1,0,0,37.6,74.7,,,940,392,[429],[123],,,PPP1R10___LUC7L2_unrelaxed_rank_002_alphafold2_multimer_v3_model_2_seed_000.pdb
PPP1R10___LUC7L2,3,5,A,B,0.0000,0.0,0.0,0.0000,0.2190,0.0000,0.0000,0.0,0.0,0.1800,33.1,60.8,0.290,0,0,0,0,,,,,940,392,,,,,PPP1R10___LUC7L2_unrelaxed_rank_003_alphafold2_multimer_v3_model_5_seed_000.pdb
PPP1R10___LUC7L2,4,3,A,B,0.0000,0.0,0.0,0.0000,0.1978,0.0000,0.0000,0.0,0.0,0.1700,31.8,59.6,0.290,0,0,0,0,,,,,940,392,,,,,PPP1R10___LUC7L2_unrelaxed_rank_004_alphafold2_multimer_v3_model_3_seed_000.pdb
PPP1R10___LUC7L2,5,1,A,B,0.0000,0.0,0.0,0.0000,0.1671,0.0000,0.0000,0.0,0.0,0.1600,32.8,57.2,0.260,0,0,0,0,,,,,940,392,,,,,PPP1R10___LUC7L2_unrelaxed_rank_005_alphafold2_multimer_v3_model_1_seed_000.pdb
PPP1R10___PCCA,1,3,A,B,0.0000,0.0,0.0,0.0000,0.4527,0.0000,0.0000,0.0,0.0,0.2300,30.8,82.8,0.480,0,0,0,0,,,,,940,728,,,,,PPP1R10___PCCA_unrelaxed_rank_001_alphafold2_multimer_v3_model_3_seed_000.pdb
PPP1R10___PCCA,2,4,A,B,0.0000,0.0,0.0,0.0000,0.3507,0.0000,0.0000,0.0,0.0,0.2300,30.5,81.9,0.470,0,0,0,0,,,,,940,728,,,,,PPP1R10___PCCA_unrelaxed_rank_002_alphafold2_multimer_v3_model_4_seed_000.pdb
PPP1R10___PCCA,3,5,A,B,0.0000,0.0,0.0,0.0000,0.2848,0.0000,0.0000,0.0,0.0,0.2000,29.3,83.9,0.470,0,0,0,0,,,,,940,728,,,,,PPP1R10___PCCA_unrelaxed_rank_003_alphafold2_multimer_v3_model_5_seed_000.pdb
PPP1R10___PCCA,4,1,A,B,0.0000,0.0,0.0,0.0000,0.2309,0.0000,0.0000,0.0,0.0,0.1900,28.8,84.1,0.470,0,0,0,0,,,,,940,728,,,,,PPP1R10___PCCA_unrelaxed_rank_004_alphafold2_multimer_v3_model_1_seed_000.pdb
PPP1R10___PCCA,5,2,A,B,0.0000,0.0,0.0,0.0000,0.1995,0.0000,0.0000,0.0,0.0,0.1800,30.1,84.9,0.470,0,0,0,0,,,,,940,728,,,,,PPP1R10___PCCA_unrelaxed_rank_005_alphafold2_multimer_v3_model_2_seed_000.pdb
PRDX1___PPP1R10,1,4,A,B,0.0000,0.0,0.0,0.0000,0.2209,0.0000,0.0000,0.0,0.0,0.2100,87.6,32.0,0.270,0,0,0,0,,,,,199,940,,,,,PRDX1___PPP1R10_unrelaxed_rank_001_alphafold2_multimer_v3_model_4_seed_000.pdb
PRDX1___PPP1R10,2,3,A,B,0.0000,0.0,0.0,0.0000,0.1810,0.0000,0.0000,0.0,0.0,0.2000,88.5,32.3,0.270,0,0,0,0,,,,,199,940,,,,,PRDX1___PPP1R10_unrelaxed_rank_002_alphafold2_multimer_v3_model_3_seed_000.pdb
PRDX1___PPP1R10,3,5,A,B,0.0000,0.0,0.0,0.0000,0.1909,0.0000,0.0000,0.0,0.0,0.2000,87.3,31.7,0.270,0,0,0,0,,,,,199,940,,,,,PRDX1___PPP1R10_unrelaxed_rank_003_alphafold2_multimer_v3_model_5_seed_000.pdb
PRDX1___PPP1R10,4,2,A,B,0.0000,0.0,0.0,0.0000,0.1846,0.0000,0.0000,0.0,0.0,0.1900,89.6,31.6,0.280,0,0,0,0,,,,,199,940,,,,,PRDX1___PPP1R10_unrelaxed_rank_004_alphafold2_multimer_v3_model_2_seed_000.pdb
PRDX1___PPP1R10,5,1,A,B,0.0000,0.0,0.0,0.0000,0.1442,0.0000,0.0000,0.0,0.0,0.1700,89.0,32.4,0.280,0,0,0,0,,,,,199,940,,,,,PRDX1___PPP1R10_unrelaxed_rank_005_alphafold2_multimer_v3_model_1_seed_000.pdb
PRDX1___SF3A3,1,5,A,B,0.0000,0.0,0.0,0.0000,0.0885,0.0000,0.0000,0.0,0.0,0.1300,86.5,75.4,0.440,0,0,0,0,,,,,199,501,,,,,PRDX1___SF3A3_unrelaxed_rank_001_alphafold2_multimer_v3_model_5_seed_000.pdb
PRDX1___SF3A3,2,1,A,B,0.0000,0.0,0.0,0.0000,0.1121,0.0000,0.0000,0.0,0.0,0.1200,83.6,75.9,0.430,0,0,0,0,,,,,199,501,,,,,PRDX1___SF3A3_unrelaxed_rank_002_alphafold2_multimer_v3_model_1_seed_000.pdb
PRDX1___SF3A3,3,3,A,B,0.0000,0.0,0.0,0.0000,0.0000,0.0000,0.0000,0.0,0.0,0.1200,87.9,76.4,0.440,0,0,0,0,,,,,199,501,,,,,PRDX1___SF3A3_unrelaxed_rank_003_alphafold2_multimer_v3_model_3_seed_000.pdb
PRDX1___SF3A3,4,2,A,B,0.0000,0.0,0.0,0.0000,0.0991,0.0000,0.0000,0.0,0.0,0.1200,85.3,76.0,0.430,0,0,0,0,,,,,199,501,,,,,PRDX1___SF3A3_unrelaxed_rank_004_alphafold2_multimer_v3_model_2_seed_000.pdb
PRDX1___SF3A3,5,4,A,B,0.0000,0.0,0.0,0.0000,0.0000,0.0000,0.0000,0.0,0.0,0.1200,85.9,73.8,0.430,0,0,0,0,,,,,199,501,,,,,PRDX1___SF3A3_unrelaxed_rank_005_alphafold2_multimer_v3_model_4_seed_000.pdb
PRMT1___ZBTB33,1,3,A,B,0.0000,0.0,0.0,0.0000,0.3178,0.0000,0.0000,0.0,0.0,0.2900,79.4,35.8,0.400,0,0,0,0,,,,,371,672,,,,,PRMT1___ZBTB33_unrelaxed_rank_001_alphafold2_multimer_v3_model_3_seed_000.pdb
PRMT1___ZBTB33,2,2,A,B,0.0000,0.0,0.0,0.0000,0.2221,0.0000,0.0000,0.0,0.0,0.2500,81.6,34.6,0.400,0,0,0,0,,,,,371,672,,,,,PRMT1___ZBTB33_unrelaxed_rank_002_alphafold2_multimer_v3_model_2_seed_000.pdb
PRMT1___ZBTB33,3,5,A,B,0.0000,0.0,0.0,0.0000,0.2474,0.0000,0.0000,0.0,0.0,0.2400,81.4,36.1,0.390,0,0,0,0,,,,,371,672,,,,,PRMT1___ZBTB33_unrelaxed_rank_003_alphafold2_multimer_v3_model_5_seed_000.pdb
PRMT1___ZBTB33,4,4,A,B,0.0000,0.0,0.0,0.0000,0.2240,0.0000,0.0000,0.0,0.0,0.2200,77.3,35.5,0.390,0,0,0,0,,,,,371,672,,,,,PRMT1___ZBTB33_unrelaxed_rank_004_alphafold2_multimer_v3_model_4_seed_000.pdb
PRMT1___ZBTB33,5,1,A,B,0.0000,0.0,0.0,0.0000,0.2117,0.0000,0.0000,0.0,0.0,0.2100,80.1,34.9,0.400,0,0,0,0,,,,,371,672,,,,,PRMT1___ZBTB33_unrelaxed_rank_005_alphafold2_multimer_v3_model_1_seed_000.pdb
PTBP3___SMAP,1,2,A,B,0.0192,1.0,0.0,0.0000,0.3296,0.0192,0.0192,1.0,1.0,0.1700,68.5,23.5,0.340,1,1,1,1,77.6,28.5,77.6,28.5,552,183,[244],[56],[244],[56],PTBP3___SMAP_unrelaxed_rank_001_alphafold2_multimer_v3_model_2_seed_000.pdb
PTBP3___SMAP,2,4,A,B,0.0380,4.9,0.2,0.0000,0.4093,0.0343,0.0422,6.0,4.0,0.1700,66.8,23.3,0.340,5,2,3,2,77.7,33.4,80.3,33.4,552,183,"[234,239,243-244,246]",[102-103],"[239,243-244]",[102-103],PTBP3___SMAP_unrelaxed_rank_002_alphafold2_multimer_v3_model_4_seed_000.pdb
PTBP3___SMAP,3,1,A,B,0.0000,0.0,0.0,0.0000,0.1966,0.0000,0.0000,0.0,0.0,0.1500,66.1,20.6,0.350,0,0,0,0,,,,,552,183,,,,,PTBP3___SMAP_unrelaxed_rank_003_alphafold2_multimer_v3_model_1_seed_000.pdb
PTBP3___SMAP,4,3,A,B,0.0000,0.0,0.0,0.0000,0.2485,0.0000,0.0000,0.0,0.0,0.1500,65.9,22.2,0.340,0,0,0,0,,,,,552,183,,,,,PTBP3___SMAP_unrelaxed_rank_004_alphafold2_multimer_v3_model_3_seed_000.pdb
PTBP3___SMAP,5,5,A,B,0.0000,0.0,0.0,0.0000,0.2337,0.0000,0.0000,0.0,0.0,0.1400,68.8,20.7,0.340,0,0,0,0,,,,,552,183,,,,,PTBP3___SMAP_unrelaxed_rank_005_alphafold2_multimer_v3_model_5_seed_000.pdb
RAVER1___ANP32A,1,1,A,B,0.0000,0.0,0.0,0.0000,0.2356,0.0000,0.0000,0.0,0.0,0.2300,53.1,61.2,0.430,0,0,0,0,,,,,606,249,,,,,RAVER1___ANP32A_unrelaxed_rank_001_alphafold2_multimer_v3_model_1_seed_000.pdb
RAVER1___ANP32A,2,4,A,B,0.0000,0.0,0.0,0.0000,0.2926,0.0000,0.0000,0.0,0.0,0.2200,53.4,61.1,0.440,0,0,0,0,,,,,606,249,,,,,RAVER1___ANP32A_unrelaxed_rank_002_alphafold2_multimer_v3_model_4_seed_000.pdb
RAVER1___ANP32A,3,2,A,B,0.0000,0.0,0.0,0.0000,0.2014,0.0000,0.0000,0.0,0.0,0.1900,53.2,62.5,0.430,0,0,0,0,,,,,606,249,,,,,RAVER1___ANP32A_unrelaxed_rank_003_alphafold2_multimer_v3_model_2_seed_000.pdb
RAVER1___ANP32A,4,3,A,B,0.0000,0.0,0.0,0.0000,0.1915,0.0000,0.0000,0.0,0.0,0.2000,52.3,60.2,0.430,0,0,0,0,,,,,606,249,,,,,RAVER1___ANP32A_unrelaxed_rank_004_alphafold2_multimer_v3_model_3_seed_000.pdb
RAVER1___ANP32A,5,5,A,B,0.0000,0.0,0.0,0.0000,0.1680,0.0000,0.0000,0.0,0.0,0.1700,52.6,62.1,0.420,0,0,0,0,,,,,606,249,,,,,RAVER1___ANP32A_unrelaxed_rank_005_alphafold2_multimer_v3_model_5_seed_000.pdb
RBM33___PTBP1,1,2,A,B,0.1555,135.2,21.0,0.0180,0.7647,0.1280,0.1889,571.0,32.0,0.2600,23.0,67.2,0.270,9,89,5,10,37.9,84.2,41.2,80.2,1170,557,[385-393],"[183-260,263,265,268-276]","[385,387-388,390-391]","[199,202-203,206,241,244-248]",RBM33___PTBP1_unrelaxed_rank_001_alphafold2_multimer_v3_model_2_seed_000.pdb
RBM33___PTBP1,2,3,A,B,0.0000,0.0,0.0,0.0000,0.4004,0.0000,0.0000,0.0,0.0,0.2300,22.5,62.7,0.260,0,0,0,0,,,,,1170,557,,,,,RBM33___PTBP1_unrelaxed_rank_002_alphafold2_multimer_v3_model_3_seed_000.pdb
RBM33___PTBP1,3,1,A,B,0.0000,0.0,0.0,0.0000,0.2563,0.0000,0.0000,0.0,0.0,0.2200,20.9,62.8,0.260,0,0,0,0,,,,,1170,557,,,,,RBM33___PTBP1_unrelaxed_rank_003_alphafold2_multimer_v3_model_1_seed_000.pdb
RBM33___PTBP1,4,4,A,B,0.0000,0.0,0.0,0.0000,0.3186,0.0000,0.0000,0.0,0.0,0.2000,21.4,64.6,0.260,0,0,0,0,,,,,1170,557,,,,,RBM33___PTBP1_unrelaxed_rank_004_alphafold2_multimer_v3_model_4_seed_000.pdb
RBM33___PTBP1,5,5,A,B,0.0000,0.0,0.0,0.0000,0.2090,0.0000,0.0000,0.0,0.0,0.1900,22.5,67.5,0.260,0,0,0,0,,,,,1170,557,,,,,RBM33___PTBP1_unrelaxed_rank_005_alphafold2_multimer_v3_model_5_seed_000.pdb
RBM4___FUBP3,1,2,A,B,0.0000,0.0,0.0,0.0000,0.3906,0.0142,0.0000,1.0,0.0,0.2200,46.6,49.3,0.230,1,1,0,0,87.9,40.8,,,364,572,[48],[522],,,RBM4___FUBP3_unrelaxed_rank_001_alphafold2_multimer_v3_model_2_seed_000.pdb
RBM4___FUBP3,2,1,A,B,0.0000,0.0,0.0,0.0000,0.1418,0.0000,0.0000,0.0,0.0,0.1400,45.2,47.0,0.220,0,0,0,0,,,,,364,572,,,,,RBM4___FUBP3_unrelaxed_rank_002_alphafold2_multimer_v3_model_1_seed_000.pdb
RBM4___FUBP3,3,4,A,B,0.0000,0.0,0.0,0.0000,0.1559,0.0000,0.0000,0.0,0.0,0.1400,44.9,46.0,0.220,0,0,0,0,,,,,364,572,,,,,RBM4___FUBP3_unrelaxed_rank_003_alphafold2_multimer_v3_model_4_seed_000.pdb
RBM4___FUBP3,4,5,A,B,0.0000,0.0,0.0,0.0000,0.1356,0.0000,0.0000,0.0,0.0,0.1400,47.0,49.3,0.220,0,0,0,0,,,,,364,572,,,,,RBM4___FUBP3_unrelaxed_rank_004_alphafold2_multimer_v3_model_5_seed_000.pdb
RBM4___FUBP3,5,3,A,B,0.0000,0.0,0.0,0.0000,0.1490,0.0000,0.0000,0.0,0.0,0.1300,43.2,44.6,0.210,0,0,0,0,,,,,364,572,,,,,RBM4___FUBP3_unrelaxed_rank_005_alphafold2_multimer_v3_model_3_seed_000.pdb
RBM4___RBM33,1,1,A,B,0.0000,0.0,0.0,0.0000,0.3334,0.0000,0.0000,0.0,0.0,0.2000,45.1,22.0,0.220,0,0,0,0,,,,,364,1170,,,,,RBM4___RBM33_unrelaxed_rank_001_alphafold2_multimer_v3_model_1_seed_000.pdb
RBM4___RBM33,2,2,A,B,0.0000,0.0,0.0,0.0000,0.1653,0.0000,0.0000,0.0,0.0,0.1800,47.0,23.6,0.210,0,0,0,0,,,,,364,1170,,,,,RBM4___RBM33_unrelaxed_rank_002_alphafold2_multimer_v3_model_2_seed_000.pdb
RBM4___RBM33,3,3,A,B,0.0000,0.0,0.0,0.0000,0.1892,0.0000,0.0000,0.0,0.0,0.1800,44.2,24.0,0.200,0,0,0,0,,,,,364,1170,,,,,RBM4___RBM33_unrelaxed_rank_003_alphafold2_multimer_v3_model_3_seed_000.pdb
RBM4___RBM33,4,5,A,B,0.0000,0.0,0.0,0.0000,0.1494,0.0000,0.0000,0.0,0.0,0.1700,47.2,24.2,0.210,0,0,0,0,,,,,364,1170,,,,,RBM4___RBM33_unrelaxed_rank_004_alphafold2_multimer_v3_model_5_seed_000.pdb
RBM4___RBM33,5,4,A,B,0.0000,0.0,0.0,0.0000,0.1700,0.0000,0.0000,0.0,0.0,0.1700,46.3,22.3,0.200,0,0,0,0,,,,,364,1170,,,,,RBM4___RBM33_unrelaxed_rank_005_alphafold2_multimer_v3_model_4_seed_000.pdb
RPS12___NCL,1,2,A,B,0.0000,0.0,0.0,0.0000,0.1225,0.0000,0.0000,0.0,0.0,0.1700,80.4,47.6,0.250,0,0,0,0,,,,,132,710,,,,,RPS12___NCL_unrelaxed_rank_001_alphafold2_multimer_v3_model_2_seed_000.pdb
RPS12___NCL,2,4,A,B,0.0000,0.0,0.0,0.0000,0.1412,0.0000,0.0000,0.0,0.0,0.1700,75.3,45.4,0.240,0,0,0,0,,,,,132,710,,,,,RPS12___NCL_unrelaxed_rank_002_alphafold2_multimer_v3_model_4_seed_000.pdb
RPS12___NCL,3,1,A,B,0.0000,0.0,0.0,0.0000,0.0000,0.0000,0.0000,0.0,0.0,0.1600,81.1,47.7,0.250,0,0,0,0,,,,,132,710,,,,,RPS12___NCL_unrelaxed_rank_003_alphafold2_multimer_v3_model_1_seed_000.pdb
RPS12___NCL,4,5,A,B,0.0000,0.0,0.0,0.0000,0.0000,0.0000,0.0000,0.0,0.0,0.1500,77.6,47.1,0.240,0,0,0,0,,,,,132,710,,,,,RPS12___NCL_unrelaxed_rank_004_alphafold2_multimer_v3_model_5_seed_000.pdb
RPS12___NCL,5,3,A,B,0.0000,0.0,0.0,0.0000,0.0000,0.0000,0.0000,0.0,0.0,0.1500,79.6,47.1,0.240,0,0,0,0,,,,,132,710,,,,,RPS12___NCL_unrelaxed_rank_005_alphafold2_multimer_v3_model_3_seed_000.pdb
SAFB___FUBP3,1,2,A,B,0.0000,0.0,0.0,0.0000,0.1662,0.0000,0.0000,0.0,0.0,0.1900,32.8,52.0,0.210,0,0,0,0,,,,,915,572,,,,,SAFB___FUBP3_unrelaxed_rank_001_alphafold2_multimer_v3_model_2_seed_000.pdb
SAFB___FUBP3,2,1,A,B,0.0000,0.0,0.0,0.0000,0.1622,0.0000,0.0000,0.0,0.0,0.1800,31.6,48.7,0.210,0,0,0,0,,,,,915,572,,,,,SAFB___FUBP3_unrelaxed_rank_002_alphafold2_multimer_v3_model_1_seed_000.pdb
SAFB___FUBP3,3,3,A,B,0.0000,0.0,0.0,0.0000,0.2007,0.0000,0.0000,0.0,0.0,0.1700,32.2,48.5,0.210,0,0,0,0,,,,,915,572,,,,,SAFB___FUBP3_unrelaxed_rank_003_alphafold2_multimer_v3_model_3_seed_000.pdb
SAFB___FUBP3,4,5,A,B,0.0000,0.0,0.0,0.0000,0.1482,0.0000,0.0000,0.0,0.0,0.1600,32.0,51.0,0.200,0,0,0,0,,,,,915,572,,,,,SAFB___FUBP3_unrelaxed_rank_004_alphafold2_multimer_v3_model_5_seed_000.pdb
SAFB___FUBP3,5,4,A,B,0.0000,0.0,0.0,0.0000,0.1377,0.0000,0.0000,0.0,0.0,0.1600,30.5,48.2,0.200,0,0,0,0,,,,,915,572,,,,,SAFB___FUBP3_unrelaxed_rank_005_alphafold2_multimer_v3_model_4_seed_000.pdb
SAFB___SRSF11,1,1,A,B,0.0634,18.2,1.2,0.0139,0.5834,0.0682,0.0590,33.0,10.0,0.1900,34.0,34.1,0.220,16,5,5,4,85.2,46.4,83.2,47.5,915,484,"[408,418-421,435-440,452,456,458-459,465]",[480-484],"[419,436-439]",[481-484],SAFB___SRSF11_unrelaxed_rank_001_alphafold2_multimer_v3_model_1_seed_000.pdb
SAFB___SRSF11,2,2,A,B,0.0000,0.0,0.0,0.0000,0.4349,0.0000,0.0000,0.0,0.0,0.1800,34.6,35.5,0.210,0,0,0,0,,,,,915,484,,,,,SAFB___SRSF11_unrelaxed_rank_002_alphafold2_multimer_v3_model_2_seed_000.pdb
SAFB___SRSF11,3,3,A,B,0.0000,0.0,0.0,0.0000,0.2324,0.0000,0.0000,0.0,0.0,0.1600,34.4,33.9,0.210,0,0,0,0,,,,,915,484,,,,,SAFB___SRSF11_unrelaxed_rank_003_alphafold2_multimer_v3_model_3_seed_000.pdb
SAFB___SRSF11,4,4,A,B,0.0000,0.0,0.0,0.0000,0.1411,0.0000,0.0000,0.0,0.0,0.1500,33.7,34.7,0.210,0,0,0,0,,,,,915,484,,,,,SAFB___SRSF11_unrelaxed_rank_004_alphafold2_multimer_v3_model_4_seed_000.pdb
SAFB___SRSF11,5,5,A,B,0.0000,0.0,0.0,0.0000,0.1331,0.0000,0.0000,0.0,0.0,0.1500,34.1,34.0,0.210,0,0,0,0,,,,,915,484,,,,,SAFB___SRSF11_unrelaxed_rank_005_alphafold2_multimer_v3_model_5_seed_000.pdb
SAR1A___DHX15,1,3,A,B,0.0000,0.0,0.0,0.0000,0.3299,0.0000,0.0000,0.0,0.0,0.3500,67.5,80.2,0.680,0,0,0,0,,,,,198,795,,,,,SAR1A___DHX15_unrelaxed_rank_001_alphafold2_multimer_v3_model_3_seed_000.pdb
SAR1A___DHX15,2,2,A,B,0.0000,0.0,0.0,0.0000,0.3576,0.0000,0.0000,0.0,0.0,0.3600,66.1,79.7,0.670,0,0,0,0,,,,,198,795,,,,,SAR1A___DHX15_unrelaxed_rank_002_alphafold2_multimer_v3_model_2_seed_000.pdb
SAR1A___DHX15,3,4,A,B,0.0000,0.0,0.0,0.0000,0.2480,0.0000,0.0000,0.0,0.0,0.3100,63.5,79.9,0.670,0,0,0,0,,,,,198,795,,,,,SAR1A___DHX15_unrelaxed_rank_003_alphafold2_multimer_v3_model_4_seed_000.pdb
SAR1A___DHX15,4,5,A,B,0.0000,0.0,0.0,0.0000,0.1986,0.0000,0.0000,0.0,0.0,0.2400,65.9,79.7,0.660,0,0,0,0,,,,,198,795,,,,,SAR1A___DHX15_unrelaxed_rank_004_alphafold2_multimer_v3_model_5_seed_000.pdb
SAR1A___DHX15,5,1,A,B,0.0000,0.0,0.0,0.0000,0.2140,0.0000,0.0000,0.0,0.0,0.2500,65.5,78.1,0.610,0,0,0,0,,,,,198,795,,,,,SAR1A___DHX15_unrelaxed_rank_005_alphafold2_multimer_v3_model_1_seed_000.pdb
SAR1A___PRDX1,1,1,A,B,0.0000,0.0,0.0,0.0000,0.1396,0.0000,0.0000,0.0,0.0,0.1800,70.7,81.4,0.520,0,0,0,0,,,,,198,199,,,,,SAR1A___PRDX1_unrelaxed_rank_001_alphafold2_multimer_v3_model_1_seed_000.pdb
SAR1A___PRDX1,2,4,A,B,0.0000,0.0,0.0,0.0000,0.1491,0.0000,0.0000,0.0,0.0,0.1700,75.0,83.4,0.520,0,0,0,0,,,,,198,199,,,,,SAR1A___PRDX1_unrelaxed_rank_002_alphafold2_multimer_v3_model_4_seed_000.pdb
SAR1A___PRDX1,3,2,A,B,0.0000,0.0,0.0,0.0000,0.1438,0.0000,0.0000,0.0,0.0,0.1600,72.2,83.2,0.520,0,0,0,0,,,,,198,199,,,,,SAR1A___PRDX1_unrelaxed_rank_003_alphafold2_multimer_v3_model_2_seed_000.pdb
SAR1A___PRDX1,4,5,A,B,0.0000,0.0,0.0,0.0000,0.1059,0.0000,0.0000,0.0,0.0,0.1400,71.6,83.4,0.510,0,0,0,0,,,,,198,199,,,,,SAR1A___PRDX1_unrelaxed_rank_004_alphafold2_multimer_v3_model_5_seed_000.pdb
SAR1A___PRDX1,5,3,A,B,0.0000,0.0,0.0,0.0000,0.0891,0.0000,0.0000,0.0,0.0,0.1300,71.6,84.4,0.510,0,0,0,0,,,,,198,199,,,,,SAR1A___PRDX1_unrelaxed_rank_005_alphafold2_multimer_v3_model_3_seed_000.pdb
SAR1A___SET,1,4,A,B,0.0000,0.0,0.0,0.0000,0.1605,0.0000,0.0000,0.0,0.0,0.2000,69.6,60.5,0.430,0,0,0,0,,,,,198,290,,,,,SAR1A___SET_unrelaxed_rank_001_alphafold2_multimer_v3_model_4_seed_000.pdb
SAR1A___SET,2,1,A,B,0.0000,0.0,0.0,0.0000,0.1992,0.0000,0.0000,0.0,0.0,0.1800,68.3,61.0,0.430,0,0,0,0,,,,,198,290,,,,,SAR1A___SET_unrelaxed_rank_002_alphafold2_multimer_v3_model_1_seed_000.pdb
SAR1A___SET,3,2,A,B,0.0000,0.0,0.0,0.0000,0.1949,0.0000,0.0000,0.0,0.0,0.1800,64.4,60.5,0.420,0,0,0,0,,,,,198,290,,,,,SAR1A___SET_unrelaxed_rank_003_alphafold2_multimer_v3_model_2_seed_000.pdb
SAR1A___SET,4,3,A,B,0.0000,0.0,0.0,0.0000,0.1418,0.0000,0.0000,0.0,0.0,0.1600,66.6,61.2,0.420,0,0,0,0,,,,,198,290,,,,,SAR1A___SET_unrelaxed_rank_004_alphafold2_multimer_v3_model_3_seed_000.pdb
SAR1A___SET,5,5,A,B,0.0000,0.0,0.0,0.0000,0.1642,0.0000,0.0000,0.0,0.0,0.1500,64.6,61.3,0.410,0,0,0,0,,,,,198,290,,,,,SAR1A___SET_unrelaxed_rank_005_alphafold2_multimer_v3_model_5_seed_000.pdb
SAR1A___SRSF11,1,4,A,B,0.0000,0.0,0.0,0.0000,0.2618,0.0051,0.0000,11.0,0.0,0.2600,68.2,31.7,0.330,2,9,0,0,85.7,78.4,,,198,484,"[97,99]","[42,47,50-51,53,58,60,83,87]",,,SAR1A___SRSF11_unrelaxed_rank_001_alphafold2_multimer_v3_model_4_seed_000.pdb
SAR1A___SRSF11,2,3,A,B,0.0000,0.0,0.0,0.0000,0.1875,0.0000,0.0000,0.0,0.0,0.1800,77.3,32.6,0.340,0,0,0,0,,,,,198,484,,,,,SAR1A___SRSF11_unrelaxed_rank_002_alphafold2_multimer_v3_model_3_seed_000.pdb
SAR1A___SRSF11,3,5,A,B,0.0000,0.0,0.0,0.0000,0.1514,0.0000,0.0000,0.0,0.0,0.1700,75.4,32.4,0.330,0,0,0,0,,,,,198,484,,,,,SAR1A___SRSF11_unrelaxed_rank_003_alphafold2_multimer_v3_model_5_seed_000.pdb
SAR1A___SRSF11,4,1,A,B,0.0000,0.0,0.0,0.0000,0.1453,0.0000,0.0000,0.0,0.0,0.1700,72.2,32.9,0.330,0,0,0,0,,,,,198,484,,,,,SAR1A___SRSF11_unrelaxed_rank_004_alphafold2_multimer_v3_model_1_seed_000.pdb
SAR1A___SRSF11,5,2,A,B,0.0000,0.0,0.0,0.0000,0.1504,0.0000,0.0000,0.0,0.0,0.1600,73.9,32.8,0.340,0,0,0,0,,,,,198,484,,,,,SAR1A___SRSF11_unrelaxed_rank_005_alphafold2_multimer_v3_model_2_seed_000.pdb
SF1___STIP1,1,2,A,B,0.0877,38.8,3.4,0.0129,0.5799,0.0702,0.1095,188.0,8.0,0.2700,35.5,82.2,0.340,11,78,4,6,45.6,92.0,46.2,88.8,639,543,"[261-266,313-317]","[356,359-389,395-396,399-413,415-418,420-422,427-429,431-433,437,440-444,446-450,452-454,464,471]","[263,265-266,317]","[372,376-377,407,409,412]",SF1___STIP1_unrelaxed_rank_001_alphafold2_multimer_v3_model_2_seed_000.pdb
SF1___STIP1,2,1,A,B,0.2521,495.1,124.8,0.1155,0.7701,0.1993,0.3188,3452.0,71.0,0.2700,37.2,80.7,0.310,21,120,14,18,51.0,86.8,52.6,84.6,639,543,[302-322],[1-120],"[304-305,308-309,311-313,315-317,319-322]","[12-13,15-16,42-43,46,49-50,73,76-77,80,83-84,107,111,114]",SF1___STIP1_unrelaxed_rank_002_alphafold2_multimer_v3_model_1_seed_000.pdb
SF1___STIP1,3,3,A,B,0.1305,337.4,44.0,0.0155,0.6206,0.1086,0.1570,2323.0,49.0,0.2600,35.3,80.1,0.310,22,119,11,14,51.6,87.6,54.0,85.5,639,543,[302-323],[2-120],"[305,308-309,312-313,315-317,320-322]","[12,15-16,43,46,49-50,76-77,80,83-84,107,114]",SF1___STIP1_unrelaxed_rank_003_alphafold2_multimer_v3_model_3_seed_000.pdb
SF1___STIP1,4,5,A,B,0.1661,336.0,55.8,0.0176,0.6833,0.1337,0.2064,2213.0,51.0,0.2600,37.2,81.2,0.320,20,120,10,15,51.6,88.5,56.3,86.7,639,543,[303-322],[1-120],"[305,308-309,312-313,315-317,319-320]","[12,15-16,43,46,49-50,73,76-77,80,83-84,107,114]",SF1___STIP1_unrelaxed_rank_004_alphafold2_multimer_v3_model_5_seed_000.pdb
SF1___STIP1,5,4,A,B,0.0000,0.0,0.0,0.0000,0.3825,0.0126,0.0000,14.0,0.0,0.2300,33.9,79.2,0.320,5,10,0,0,45.6,90.8,,,639,543,"[313-314,316-318]","[367,377,381,384-385,388-389,422,427,453]",,,SF1___STIP1_unrelaxed_rank_005_alphafold2_multimer_v3_model_4_seed_000.pdb
SF3B2___DDX17,1,5,A,B,0.0254,26.1,0.7,0.0109,0.5979,0.0188,0.0344,62.0,11.0,0.2400,38.2,59.8,0.380,7,26,4,8,44.4,86.7,44.1,85.2,895,729,[514-520],"[403,410,423,425,427-429,432-441,444,446-447,449,453,456,459,463,473]",[515-518],"[432,435-436,439,446-447,456,459]",SF3B2___DDX17_unrelaxed_rank_001_alphafold2_multimer_v3_model_5_seed_000.pdb
SF3B2___DDX17,2,3,A,B,0.0000,0.0,0.0,0.0000,0.4484,0.0000,0.0000,0.0,0.0,0.2300,37.5,59.9,0.390,0,0,0,0,,,,,895,729,,,,,SF3B2___DDX17_unrelaxed_rank_002_alphafold2_multimer_v3_model_3_seed_000.pdb
SF3B2___DDX17,3,2,A,B,0.0000,0.0,0.0,0.0000,0.3266,0.0000,0.0000,0.0,0.0,0.2000,35.6,61.4,0.380,0,0,0,0,,,,,895,729,,,,,SF3B2___DDX17_unrelaxed_rank_003_alphafold2_multimer_v3_model_2_seed_000.pdb
SF3B2___DDX17,4,1,A,B,0.0000,0.0,0.0,0.0000,0.2163,0.0000,0.0000,0.0,0.0,0.1800,35.9,59.6,0.360,0,0,0,0,,,,,895,729,,,,,SF3B2___DDX17_unrelaxed_rank_004_alphafold2_multimer_v3_model_1_seed_000.pdb
SF3B2___DDX17,5,4,A,B,0.0000,0.0,0.0,0.0000,0.2521,0.0000,0.0000,0.0,0.0,0.1800,32.8,59.9,0.360,0,0,0,0,,,,,895,729,,,,,SF3B2___DDX17_unrelaxed_rank_005_alphafold2_multimer_v3_model_4_seed_000.pdb
SF3B2___DHX15,1,1,A,B,0.0176,91.0,1.6,0.0109,0.5898,0.0215,0.0144,1381.0,6.0,0.2500,34.6,78.4,0.460,9,369,4,5,30.6,91.7,29.9,82.8,895,795,[715-723],"[142-143,146-147,149-150,153-159,166-176,188-191,193,195,199-209,212,215,217,219-221,225-226,228,231,233-245,247,250-259,263,265-281,286-291,299-304,307,309-311,319,321-323,332-342,350-354,356-357,366-372,383-386,399,401-402,415-423,433-437,441-442,444-445,449-450,455,459-470,473,480-489,491,494-497,499-500,503,506-519,527-532,534-546,548-550,556,558-566,568-579,581,583-593,596-597,608,612-613,615-617,619-622,624-630,632-633,635-636,641-642,644,646-648,650,652,654-656,658-671,686-705,710-713,716-722,726,731-737,743-746,749-754,756-758,762,766]",[719-722],"[421-423,445,597]",SF3B2___DHX15_unrelaxed_rank_001_alphafold2_multimer_v3_model_1_seed_000.pdb
SF3B2___DHX15,2,2,A,B,0.0000,0.0,0.0,0.0000,0.5188,0.0036,0.0000,10.0,0.0,0.2300,33.1,79.9,0.460,2,10,0,0,30.0,93.7,,,895,795,[718-719],"[423,571,628,646-647,652,689,692,734-735]",,,SF3B2___DHX15_unrelaxed_rank_002_alphafold2_multimer_v3_model_2_seed_000.pdb
SF3B2___DHX15,3,4,A,B,0.0000,0.0,0.0,0.0000,0.2070,0.0000,0.0000,0.0,0.0,0.2100,30.6,78.8,0.460,0,0,0,0,,,,,895,795,,,,,SF3B2___DHX15_unrelaxed_rank_003_alphafold2_multimer_v3_model_4_seed_000.pdb
SF3B2___DHX15,4,5,A,B,0.0000,0.0,0.0,0.0000,0.2269,0.0000,0.0000,0.0,0.0,0.2000,32.7,79.6,0.470,0,0,0,0,,,,,895,795,,,,,SF3B2___DHX15_unrelaxed_rank_004_alphafold2_multimer_v3_model_5_seed_000.pdb
SF3B2___DHX15,5,3,A,B,0.0000,0.0,0.0,0.0000,0.2934,0.0000,0.0000,0.0,0.0,0.2000,33.6,79.1,0.470,0,0,0,0,,,,,895,795,,,,,SF3B2___DHX15_unrelaxed_rank_005_alphafold2_multimer_v3_model_3_seed_000.pdb
SF3B2___FUS,1,2,A,B,0.0000,0.0,0.0,0.0000,0.1643,0.0000,0.0000,0.0,0.0,0.1700,40.2,32.3,0.220,0,0,0,0,,,,,895,526,,,,,SF3B2___FUS_unrelaxed_rank_001_alphafold2_multimer_v3_model_2_seed_000.pdb
SF3B2___FUS,2,1,A,B,0.0000,0.0,0.0,0.0000,0.2100,0.0000,0.0000,0.0,0.0,0.1700,40.3,31.1,0.220,0,0,0,0,,,,,895,526,,,,,SF3B2___FUS_unrelaxed_rank_002_alphafold2_multimer_v3_model_1_seed_000.pdb
SF3B2___FUS,3,3,A,B,0.0000,0.0,0.0,0.0000,0.1844,0.0000,0.0000,0.0,0.0,0.1600,41.7,29.6,0.210,0,0,0,0,,,,,895,526,,,,,SF3B2___FUS_unrelaxed_rank_003_alphafold2_multimer_v3_model_3_seed_000.pdb
SF3B2___FUS,4,5,A,B,0.0000,0.0,0.0,0.0000,0.1541,0.0000,0.0000,0.0,0.0,0.1500,40.8,31.1,0.210,0,0,0,0,,,,,895,526,,,,,SF3B2___FUS_unrelaxed_rank_004_alphafold2_multimer_v3_model_5_seed_000.pdb
SF3B2___FUS,5,4,A,B,0.0000,0.0,0.0,0.0000,0.1780,0.0000,0.0000,0.0,0.0,0.1500,38.5,31.6,0.210,0,0,0,0,,,,,895,526,,,,,SF3B2___FUS_unrelaxed_rank_005_alphafold2_multimer_v3_model_4_seed_000.pdb
SFPQ___DHX15,1,1,A,B,0.0000,0.0,0.0,0.0000,0.3720,0.0000,0.0000,0.0,0.0,0.2500,41.6,78.8,0.470,0,0,0,0,,,,,707,795,,,,,SFPQ___DHX15_unrelaxed_rank_001_alphafold2_multimer_v3_model_1_seed_000.pdb
SFPQ___DHX15,2,5,A,B,0.0000,0.0,0.0,0.0000,0.2752,0.0000,0.0000,0.0,0.0,0.2100,43.3,80.1,0.490,0,0,0,0,,,,,707,795,,,,,SFPQ___DHX15_unrelaxed_rank_002_alphafold2_multimer_v3_model_5_seed_000.pdb
SFPQ___DHX15,3,2,A,B,0.0000,0.0,0.0,0.0000,0.2268,0.0000,0.0000,0.0,0.0,0.1900,38.1,78.8,0.470,0,0,0,0,,,,,707,795,,,,,SFPQ___DHX15_unrelaxed_rank_003_alphafold2_multimer_v3_model_2_seed_000.pdb
SFPQ___DHX15,4,4,A,B,0.0000,0.0,0.0,0.0000,0.1569,0.0000,0.0000,0.0,0.0,0.1600,41.6,79.3,0.490,0,0,0,0,,,,,707,795,,,,,SFPQ___DHX15_unrelaxed_rank_004_alphafold2_multimer_v3_model_4_seed_000.pdb
SFPQ___DHX15,5,3,A,B,0.0000,0.0,0.0,0.0000,0.1580,0.0000,0.0000,0.0,0.0,0.1500,43.5,79.6,0.490,0,0,0,0,,,,,707,795,,,,,SFPQ___DHX15_unrelaxed_rank_005_alphafold2_multimer_v3_model_3_seed_000.pdb
SFPQ___EDC3,1,3,A,B,0.0000,0.0,0.0,0.0000,0.1196,0.0000,0.0000,0.0,0.0,0.1700,48.6,61.6,0.330,0,0,0,0,,,,,707,508,,,,,SFPQ___EDC3_unrelaxed_rank_001_alphafold2_multimer_v3_model_3_seed_000.pdb
SFPQ___EDC3,2,5,A,B,0.0000,0.0,0.0,0.0000,0.1292,0.0000,0.0000,0.0,0.0,0.1600,48.3,61.1,0.330,0,0,0,0,,,,,707,508,,,,,SFPQ___EDC3_unrelaxed_rank_002_alphafold2_multimer_v3_model_5_seed_000.pdb
SFPQ___EDC3,3,4,A,B,0.0000,0.0,0.0,0.0000,0.1461,0.0000,0.0000,0.0,0.0,0.1400,45.8,60.6,0.310,0,0,0,0,,,,,707,508,,,,,SFPQ___EDC3_unrelaxed_rank_003_alphafold2_multimer_v3_model_4_seed_000.pdb
SFPQ___EDC3,4,2,A,B,0.0000,0.0,0.0,0.0000,0.1332,0.0000,0.0000,0.0,0.0,0.1400,47.6,62.6,0.310,0,0,0,0,,,,,707,508,,,,,SFPQ___EDC3_unrelaxed_rank_004_alphafold2_multimer_v3_model_2_seed_000.pdb
SFPQ___EDC3,5,1,A,B,0.0000,0.0,0.0,0.0000,0.1410,0.0000,0.0000,0.0,0.0,0.1400,47.8,62.3,0.310,0,0,0,0,,,,,707,508,,,,,SFPQ___EDC3_unrelaxed_rank_005_alphafold2_multimer_v3_model_1_seed_000.pdb
SFPQ___SAR1A,1,4,A,B,0.0000,0.0,0.0,0.0000,0.1454,0.0000,0.0000,0.0,0.0,0.1800,46.2,70.4,0.340,0,0,0,0,,,,,707,198,,,,,SFPQ___SAR1A_unrelaxed_rank_001_alphafold2_multimer_v3_model_4_seed_000.pdb
SFPQ___SAR1A,2,1,A,B,0.0000,0.0,0.0,0.0000,0.1629,0.0000,0.0000,0.0,0.0,0.1600,48.1,68.8,0.350,0,0,0,0,,,,,707,198,,,,,SFPQ___SAR1A_unrelaxed_rank_002_alphafold2_multimer_v3_model_1_seed_000.pdb
SFPQ___SAR1A,3,2,A,B,0.0000,0.0,0.0,0.0000,0.1867,0.0000,0.0000,0.0,0.0,0.1600,47.4,67.0,0.350,0,0,0,0,,,,,707,198,,,,,SFPQ___SAR1A_unrelaxed_rank_003_alphafold2_multimer_v3_model_2_seed_000.pdb
SFPQ___SAR1A,4,5,A,B,0.0000,0.0,0.0,0.0000,0.1008,0.0000,0.0000,0.0,0.0,0.1500,47.8,65.0,0.350,0,0,0,0,,,,,707,198,,,,,SFPQ___SAR1A_unrelaxed_rank_004_alphafold2_multimer_v3_model_5_seed_000.pdb
SFPQ___SAR1A,5,3,A,B,0.0000,0.0,0.0,0.0000,0.1109,0.0000,0.0000,0.0,0.0,0.1400,48.0,64.5,0.360,0,0,0,0,,,,,707,198,,,,,SFPQ___SAR1A_unrelaxed_rank_005_alphafold2_multimer_v3_model_3_seed_000.pdb
SLC3A2___LUC7L2,1,4,A,B,0.0000,0.0,0.0,0.0000,0.1780,0.0000,0.0000,0.0,0.0,0.1700,68.3,53.5,0.490,0,0,0,0,,,,,630,392,,,,,SLC3A2___LUC7L2_unrelaxed_rank_001_alphafold2_multimer_v3_model_4_seed_000.pdb
SLC3A2___LUC7L2,2,1,A,B,0.0000,0.0,0.0,0.0000,0.1679,0.0000,0.0000,0.0,0.0,0.1600,70.1,51.0,0.490,0,0,0,0,,,,,630,392,,,,,SLC3A2___LUC7L2_unrelaxed_rank_002_alphafold2_multimer_v3_model_1_seed_000.pdb
SLC3A2___LUC7L2,3,5,A,B,0.0000,0.0,0.0,0.0000,0.1062,0.0000,0.0000,0.0,0.0,0.1500,68.3,55.7,0.470,0,0,0,0,,,,,630,392,,,,,SLC3A2___LUC7L2_unrelaxed_rank_003_alphafold2_multimer_v3_model_5_seed_000.pdb
SLC3A2___LUC7L2,4,3,A,B,0.0000,0.0,0.0,0.0000,0.1093,0.0000,0.0000,0.0,0.0,0.1400,68.4,56.0,0.480,0,0,0,0,,,,,630,392,,,,,SLC3A2___LUC7L2_unrelaxed_rank_004_alphafold2_multimer_v3_model_3_seed_000.pdb
SLC3A2___LUC7L2,5,2,A,B,0.0000,0.0,0.0,0.0000,0.1485,0.0000,0.0000,0.0,0.0,0.1400,69.3,50.9,0.480,0,0,0,0,,,,,630,392,,,,,SLC3A2___LUC7L2_unrelaxed_rank_005_alphafold2_multimer_v3_model_2_seed_000.pdb
SMAP___ATXN2L,1,3,A,B,0.0000,0.0,0.0,0.0000,0.3166,0.0000,0.0000,0.0,0.0,0.2000,25.9,26.4,0.220,0,0,0,0,,,,,183,1075,,,,,SMAP___ATXN2L_unrelaxed_rank_001_alphafold2_multimer_v3_model_3_seed_000.pdb
SMAP___ATXN2L,2,1,A,B,0.0000,0.0,0.0,0.0000,0.2089,0.0000,0.0000,0.0,0.0,0.2000,25.8,25.6,0.220,0,0,0,0,,,,,183,1075,,,,,SMAP___ATXN2L_unrelaxed_rank_002_alphafold2_multimer_v3_model_1_seed_000.pdb
SMAP___ATXN2L,3,4,A,B,0.0000,0.0,0.0,0.0000,0.3405,0.0000,0.0000,0.0,0.0,0.2000,28.3,26.4,0.220,0,0,0,0,,,,,183,1075,,,,,SMAP___ATXN2L_unrelaxed_rank_003_alphafold2_multimer_v3_model_4_seed_000.pdb
SMAP___ATXN2L,4,2,A,B,0.0000,0.0,0.0,0.0000,0.1674,0.0000,0.0000,0.0,0.0,0.1700,28.6,26.5,0.210,0,0,0,0,,,,,183,1075,,,,,SMAP___ATXN2L_unrelaxed_rank_004_alphafold2_multimer_v3_model_2_seed_000.pdb
SMAP___ATXN2L,5,5,A,B,0.0000,0.0,0.0,0.0000,0.1366,0.0000,0.0000,0.0,0.0,0.1600,26.4,27.9,0.220,0,0,0,0,,,,,183,1075,,,,,SMAP___ATXN2L_unrelaxed_rank_005_alphafold2_multimer_v3_model_5_seed_000.pdb
SMAP___FAM50A,1,5,A,B,0.0647,27.7,1.8,0.0147,0.4752,0.0511,0.0818,77.0,10.0,0.1800,25.9,64.7,0.370,9,28,3,6,54.3,76.0,55.7,67.8,183,339,"[38,40-47]","[171-173,175-191,200,214,216,218,265,268-269,311]","[41,44-45]","[176,179-180,183-184,187]",SMAP___FAM50A_unrelaxed_rank_001_alphafold2_multimer_v3_model_5_seed_000.pdb
SMAP___FAM50A,2,2,A,B,0.0753,52.2,3.9,0.0116,0.3830,0.0632,0.0899,170.0,16.0,0.1800,28.3,70.6,0.370,12,30,5,7,52.1,83.6,53.1,78.8,183,339,[36-47],"[171-193,195,213,215-216,218,270,324]","[37,40-41,44-45]","[176,179-180,183-184,186-187]",SMAP___FAM50A_unrelaxed_rank_002_alphafold2_multimer_v3_model_2_seed_000.pdb
SMAP___FAM50A,3,1,A,B,0.0890,75.2,6.7,0.0125,0.4264,0.0760,0.1042,246.0,23.0,0.1700,24.9,69.9,0.380,19,24,9,10,47.0,80.1,46.6,79.3,183,339,"[28-33,35,37-48]",[171-194],"[30-33,37,40-41,44-45]","[176,179-180,183-184,186-187,190-191,194]",SMAP___FAM50A_unrelaxed_rank_003_alphafold2_multimer_v3_model_1_seed_000.pdb
SMAP___FAM50A,4,3,A,B,0.0000,0.0,0.0,0.0000,0.2505,0.0033,0.0000,1.0,0.0,0.1600,27.5,65.8,0.370,1,1,0,0,52.8,66.8,,,183,339,[42],[179],,,SMAP___FAM50A_unrelaxed_rank_004_alphafold2_multimer_v3_model_3_seed_000.pdb
SMAP___FAM50A,5,4,A,B,0.0686,78.1,5.4,0.0132,0.3768,0.0596,0.0789,254.0,24.0,0.1500,27.9,64.0,0.370,20,53,8,9,49.5,90.3,51.0,78.5,183,339,[30-49],"[175-198,202,205-206,213-214,216-217,222,226-227,230-231,234,249,251-252,254,256,263,265,306-312,323-324]","[30,32-33,37,40-41,44-45]","[176,179-180,183-184,186-187,190-191]",SMAP___FAM50A_unrelaxed_rank_005_alphafold2_multimer_v3_model_4_seed_000.pdb
SMAP___RB1,1,5,A,B,0.3895,479.7,186.8,0.2044,0.9267,0.2600,0.5836,5753.0,40.0,0.4400,24.1,70.0,0.640,13,541,6,13,50.3,93.7,63.1,93.9,183,928,[97-109],"[55-84,95-173,188-207,211-230,234-236,239-240,273-301,316-329,331-343,375-389,395-469,472-498,512-578,601-607,645-784]","[100-104,106]","[709-710,713-714,716,721,753,756-757,761,765,768-769]",SMAP___RB1_unrelaxed_rank_001_alphafold2_multimer_v3_model_5_seed_000.pdb
SMAP___RB1,2,3,A,B,0.3252,427.3,138.9,0.1182,0.8525,0.2342,0.4516,4564.0,40.0,0.4100,23.3,70.1,0.640,12,534,6,14,49.6,94.5,59.5,93.3,183,928,[98-109],"[55-82,95-173,188-207,211-230,235-236,239-240,273-301,316-329,331-343,375-389,395-468,472-498,513-577,601-607,645-783]","[100-104,106]","[709-710,713-714,716,721,753,756-757,761,765,768-769,772]",SMAP___RB1_unrelaxed_rank_002_alphafold2_multimer_v3_model_3_seed_000.pdb
SMAP___RB1,3,4,A,B,0.1029,188.1,19.4,0.0163,0.6129,0.0940,0.1126,1684.0,21.0,0.2700,23.0,70.3,0.640,7,389,6,14,42.8,94.5,44.1,91.2,183,928,[173-179],"[57,60-61,64,66-67,69-80,97-109,115-124,127-135,137-138,141-148,150-169,191-192,194-203,205,212-227,288-289,291-292,296,298-300,320-325,332-337,378-379,382-386,400-401,403-404,412,414-435,439-461,479-498,514-537,543-575,646-647,649-772]","[173,175-179]","[709-710,713-715,720-721,753,756-757,761,765,768-769]",SMAP___RB1_unrelaxed_rank_003_alphafold2_multimer_v3_model_4_seed_000.pdb
SMAP___RB1,4,2,A,B,0.0422,67.9,2.9,0.0130,0.4793,0.0474,0.0376,577.0,8.0,0.2500,22.3,69.5,0.630,6,225,3,6,35.8,95.1,38.8,91.1,183,928,[174-179],"[77,102,105,134,195,198,201,213-214,218-222,288,321,378,382,385-386,400,403-404,414-434,439-458,460,480-481,483-497,516-521,523-525,527-528,531-532,535-536,543-547,549-557,559,561-564,567-570,572-573,649-670,673-715,717-718,720-731,735,737-738,741-744,749-754,756-764,768,770]","[175,177-178]","[709,714,720-721,753,757]",SMAP___RB1_unrelaxed_rank_004_alphafold2_multimer_v3_model_2_seed_000.pdb
SMAP___RB1,5,1,A,B,0.0000,0.0,0.0,0.0000,0.3224,0.0223,0.0000,2.0,0.0,0.1900,21.0,69.6,0.610,1,2,0,0,36.5,95.4,,,183,928,[178],"[699,712]",,,SMAP___RB1_unrelaxed_rank_005_alphafold2_multimer_v3_model_1_seed_000.pdb
SMAP___RBM4,1,4,A,B,0.3095,345.9,107.1,0.0911,0.7462,0.2193,0.4366,2992.0,40.0,0.2500,32.2,50.7,0.290,29,78,8,8,63.1,88.6,70.9,88.9,183,364,[22-50],[74-151],"[26-27,29-33,37]","[87,90-91,107-111]",SMAP___RBM4_unrelaxed_rank_001_alphafold2_multimer_v3_model_4_seed_000.pdb
SMAP___RBM4,2,1,A,B,0.0210,10.7,0.2,0.0000,0.3154,0.0157,0.0281,38.0,3.0,0.1700,24.1,48.0,0.270,6,31,3,2,35.4,88.9,36.7,66.6,183,364,"[41-42,44-45,58-59]","[6,8,10,17-24,27,34,36-37,39-40,46-47,50,52-55,61,63-64,100,110,120,140]","[41-42,58]","[34,110]",SMAP___RBM4_unrelaxed_rank_002_alphafold2_multimer_v3_model_1_seed_000.pdb
SMAP___RBM4,3,3,A,B,0.0000,0.0,0.0,0.0000,0.2091,0.0000,0.0000,0.0,0.0,0.1400,24.4,47.8,0.250,0,0,0,0,,,,,183,364,,,,,SMAP___RBM4_unrelaxed_rank_003_alphafold2_multimer_v3_model_3_seed_000.pdb
SMAP___RBM4,4,2,A,B,0.0000,0.0,0.0,0.0000,0.2454,0.0000,0.0000,0.0,0.0,0.1400,25.2,48.1,0.260,0,0,0,0,,,,,183,364,,,,,SMAP___RBM4_unrelaxed_rank_004_alphafold2_multimer_v3_model_2_seed_000.pdb
SMAP___RBM4,5,5,A,B,0.0133,1.7,0.0,0.0000,0.2739,0.0113,0.0158,3.0,1.0,0.1200,26.8,49.3,0.250,1,3,1,1,30.5,87.3,30.5,85.5,183,364,[58],"[100,108,111]",[58],[108],SMAP___RBM4_unrelaxed_rank_005_alphafold2_multimer_v3_model_5_seed_000.pdb
SNRPC___CHERP,1,1,A,B,0.2750,396.7,109.1,0.0797,0.8481,0.1858,0.4069,4036.0,39.0,0.3300,32.6,51.4,0.320,50,89,15,10,56.1,74.0,58.6,69.4,159,916,[1-50],"[634-662,667-726]","[2,7-8,21-22,25-27,30-31,34,38,41-42,45]","[651-653,679,681-682,690,694,706-707]",SNRPC___CHERP_unrelaxed_rank_001_alphafold2_multimer_v3_model_1_seed_000.pdb
SNRPC___CHERP,2,2,A,B,0.1546,243.6,37.7,0.0144,0.6828,0.1104,0.2165,1522.0,39.0,0.3100,35.4,51.8,0.320,50,66,10,11,62.9,67.4,62.9,59.5,159,916,"[1-49,53]","[641-661,667-680,682-695,717,720-721,725,891-903]","[3,5,7,11-12,14,37-38,41,49]","[648,651-652,679,892-894,897-898,901-902]",SNRPC___CHERP_unrelaxed_rank_002_alphafold2_multimer_v3_model_2_seed_000.pdb
SNRPC___CHERP,3,5,A,B,0.0000,0.0,0.0,0.0000,0.2024,0.0000,0.0000,0.0,0.0,0.1900,31.4,51.7,0.330,0,0,0,0,,,,,159,916,,,,,SNRPC___CHERP_unrelaxed_rank_003_alphafold2_multimer_v3_model_5_seed_000.pdb
SNRPC___CHERP,4,4,A,B,0.0000,0.0,0.0,0.0000,0.2561,0.0000,0.0000,0.0,0.0,0.1900,31.0,50.5,0.320,0,0,0,0,,,,,159,916,,,,,SNRPC___CHERP_unrelaxed_rank_004_alphafold2_multimer_v3_model_4_seed_000.pdb
SNRPC___CHERP,5,3,A,B,0.0000,0.0,0.0,0.0000,0.2140,0.0000,0.0000,0.0,0.0,0.1700,31.8,50.9,0.320,0,0,0,0,,,,,159,916,,,,,SNRPC___CHERP_unrelaxed_rank_005_alphafold2_multimer_v3_model_3_seed_000.pdb
SNRPC___NCL,1,3,A,B,0.0000,0.0,0.0,0.0000,0.1967,0.0000,0.0000,0.0,0.0,0.1700,31.7,46.4,0.240,0,0,0,0,,,,,159,710,,,,,SNRPC___NCL_unrelaxed_rank_001_alphafold2_multimer_v3_model_3_seed_000.pdb
SNRPC___NCL,2,2,A,B,0.0000,0.0,0.0,0.0000,0.3175,0.0000,0.0000,0.0,0.0,0.1600,34.6,47.2,0.240,0,0,0,0,,,,,159,710,,,,,SNRPC___NCL_unrelaxed_rank_002_alphafold2_multimer_v3_model_2_seed_000.pdb
SNRPC___NCL,3,1,A,B,0.0000,0.0,0.0,0.0000,0.1517,0.0000,0.0000,0.0,0.0,0.1400,31.2,49.5,0.310,0,0,0,0,,,,,159,710,,,,,SNRPC___NCL_unrelaxed_rank_003_alphafold2_multimer_v3_model_1_seed_000.pdb
SNRPC___NCL,4,4,A,B,0.0000,0.0,0.0,0.0000,0.1733,0.0000,0.0000,0.0,0.0,0.1600,32.5,46.8,0.250,0,0,0,0,,,,,159,710,,,,,SNRPC___NCL_unrelaxed_rank_004_alphafold2_multimer_v3_model_4_seed_000.pdb
SNRPC___NCL,5,5,A,B,0.0000,0.0,0.0,0.0000,0.1616,0.0000,0.0000,0.0,0.0,0.1400,32.5,47.4,0.260,0,0,0,0,,,,,159,710,,,,,SNRPC___NCL_unrelaxed_rank_005_alphafold2_multimer_v3_model_5_seed_000.pdb
SNRPC___RPS12,1,1,A,B,0.1243,237.9,29.6,0.0136,0.4008,0.0936,0.1651,1572.0,36.0,0.2900,40.1,82.2,0.470,38,101,10,12,65.5,87.3,64.1,79.5,159,132,"[5-11,13,18,20-26,28-49]","[13-55,58-89,91-92,103-115,119-129]","[6-8,34,37-38,41-42,45,49]","[34,36-37,39-40,43,60-61,64,67-68,71]",SNRPC___RPS12_unrelaxed_rank_001_alphafold2_multimer_v3_model_1_seed_000.pdb
SNRPC___RPS12,2,2,A,B,0.0627,47.4,3.0,0.0113,0.2941,0.0465,0.0844,150.0,15.0,0.2200,41.3,82.6,0.460,14,49,5,8,65.2,87.3,61.9,79.4,159,132,"[7,24,29,34-43,45]","[16-17,19,22-23,26-28,31,35-36,38-46,48-49,52,59-78,88,110-113,123]","[37-38,41-42,45]","[36,39,43,60-61,64,67-68]",SNRPC___RPS12_unrelaxed_rank_002_alphafold2_multimer_v3_model_2_seed_000.pdb
SNRPC___RPS12,3,3,A,B,0.0000,0.0,0.0,0.0000,0.2132,0.0000,0.0000,0.0,0.0,0.1900,39.6,83.3,0.450,0,0,0,0,,,,,159,132,,,,,SNRPC___RPS12_unrelaxed_rank_003_alphafold2_multimer_v3_model_3_seed_000.pdb
SNRPC___RPS12,4,4,A,B,0.0000,0.0,0.0,0.0000,0.1910,0.0000,0.0000,0.0,0.0,0.1600,41.2,84.1,0.450,0,0,0,0,,,,,159,132,,,,,SNRPC___RPS12_unrelaxed_rank_004_alphafold2_multimer_v3_model_4_seed_000.pdb
SNRPC___RPS12,5,5,A,B,0.0000,0.0,0.0,0.0000,0.1324,0.0000,0.0000,0.0,0.0,0.1400,37.4,78.0,0.430,0,0,0,0,,,,,159,132,,,,,SNRPC___RPS12_unrelaxed_rank_005_alphafold2_multimer_v3_model_5_seed_000.pdb
SNRPC___SF3A3,1,3,A,B,0.0000,0.0,0.0,0.0000,0.2313,0.0000,0.0000,0.0,0.0,0.1600,30.0,77.1,0.480,0,0,0,0,,,,,159,501,,,,,SNRPC___SF3A3_unrelaxed_rank_001_alphafold2_multimer_v3_model_3_seed_000.pdb
SNRPC___SF3A3,2,2,A,B,0.0000,0.0,0.0,0.0000,0.1317,0.0000,0.0000,0.0,0.0,0.1400,30.5,77.1,0.470,0,0,0,0,,,,,159,501,,,,,SNRPC___SF3A3_unrelaxed_rank_002_alphafold2_multimer_v3_model_2_seed_000.pdb
SNRPC___SF3A3,3,4,A,B,0.0000,0.0,0.0,0.0000,0.1701,0.0000,0.0000,0.0,0.0,0.1300,29.0,75.9,0.460,0,0,0,0,,,,,159,501,,,,,SNRPC___SF3A3_unrelaxed_rank_003_alphafold2_multimer_v3_model_4_seed_000.pdb
SNRPC___SF3A3,4,5,A,B,0.0000,0.0,0.0,0.0000,0.1297,0.0000,0.0000,0.0,0.0,0.1200,30.3,77.5,0.480,0,0,0,0,,,,,159,501,,,,,SNRPC___SF3A3_unrelaxed_rank_004_alphafold2_multimer_v3_model_5_seed_000.pdb
SNRPC___SF3A3,5,1,A,B,0.0000,0.0,0.0,0.0000,0.1248,0.0000,0.0000,0.0,0.0,0.1100,29.8,78.4,0.470,0,0,0,0,,,,,159,501,,,,,SNRPC___SF3A3_unrelaxed_rank_005_alphafold2_multimer_v3_model_1_seed_000.pdb
STIP1___RBM33,1,2,A,B,0.2422,362.1,87.7,0.0879,0.7969,0.2070,0.2833,1928.0,68.0,0.3200,83.8,23.2,0.300,122,13,21,11,90.5,41.6,90.3,42.9,543,1170,[1-122],[67-79],"[8,11-12,15-16,39,42-43,46,49-50,71,73,76-77,80,83-84,107,110-111]","[67-68,70-78]",STIP1___RBM33_unrelaxed_rank_001_alphafold2_multimer_v3_model_2_seed_000.pdb
STIP1___RBM33,2,1,A,B,0.0619,78.1,4.8,0.0131,0.6331,0.0598,0.0641,277.0,22.0,0.2900,81.9,22.3,0.290,105,8,12,5,89.8,37.1,90.2,39.6,543,1170,"[4-8,10-30,32-57,59-61,63-101,104-105,107-112,114-115,118]",[69-76],"[8,11,15,39,42-43,46-47,49,73,77,80]",[71-75],STIP1___RBM33_unrelaxed_rank_002_alphafold2_multimer_v3_model_1_seed_000.pdb
STIP1___RBM33,3,3,A,B,0.0000,0.0,0.0,0.0000,0.3721,0.0000,0.0000,0.0,0.0,0.2300,78.9,22.7,0.290,0,0,0,0,,,,,543,1170,,,,,STIP1___RBM33_unrelaxed_rank_003_alphafold2_multimer_v3_model_3_seed_000.pdb
STIP1___RBM33,4,5,A,B,0.0000,0.0,0.0,0.0000,0.3828,0.0000,0.0000,0.0,0.0,0.2300,81.8,22.4,0.290,0,0,0,0,,,,,543,1170,,,,,STIP1___RBM33_unrelaxed_rank_004_alphafold2_multimer_v3_model_5_seed_000.pdb
STIP1___RBM33,5,4,A,B,0.0000,0.0,0.0,0.0000,0.4813,0.0083,0.0000,2.0,0.0,0.2200,78.2,20.3,0.290,2,2,0,0,84.0,24.8,,,543,1170,"[237,297]","[178,180]",,,STIP1___RBM33_unrelaxed_rank_005_alphafold2_multimer_v3_model_4_seed_000.pdb
SUGP2___DHX15,1,5,A,B,0.5643,4570.3,2579.2,0.7611,0.9922,0.4123,0.7725,64269.0,325.0,0.7800,37.3,78.3,0.480,68,683,45,59,74.5,88.6,80.7,89.2,1082,795,[991-1058],[113-795],"[991,993,997,1002-1004,1007-1009,1012-1016,1018-1019,1021-1024,1027-1032,1034-1041,1043-1044,1046-1054]","[327-332,334,439-441,444,446,448-451,457-460,484-486,488-489,493-494,499,503-504,520-527,529-538,540-541,544-545,549,551-553,715,743,770]",SUGP2___DHX15_unrelaxed_rank_001_alphafold2_multimer_v3_model_5_seed_000.pdb
SUGP2___DHX15,2,4,A,B,0.5164,5287.6,2730.7,0.7653,0.9925,0.3917,0.6809,70426.0,397.0,0.7700,38.0,77.6,0.480,95,682,60,76,67.3,87.8,72.7,87.8,1082,795,[986-1080],[114-795],"[987,989-990,1002,1004,1007-1009,1012-1016,1018-1019,1021-1024,1027-1032,1034-1041,1043-1047,1049-1054,1056,1059-1065,1067-1068,1070-1072,1074-1075,1078]","[322-332,334,341-342,344-345,360-361,379,439-441,444,446-451,455,457-460,482-489,493-494,499,503-504,520-527,529-538,540-541,544-545,549,551-553,715,741,770]",SUGP2___DHX15_unrelaxed_rank_002_alphafold2_multimer_v3_model_4_seed_000.pdb
SUGP2___DHX15,3,3,A,B,0.5420,4589.8,2487.8,0.7468,0.9920,0.3914,0.7506,63452.0,332.0,0.7700,35.2,77.6,0.470,75,683,48,62,68.8,87.8,77.0,88.0,1082,795,[984-1058],[113-795],"[985-990,1001,1004-1005,1007-1009,1012-1016,1018-1019,1021-1024,1027-1032,1034-1041,1043-1044,1046-1054]","[327-332,334,360-361,364,439-441,444,446,448-451,457-460,484-486,488-489,493-494,499,503-504,520-527,529-538,540-541,544-545,549,551-553,742-743,770]",SUGP2___DHX15_unrelaxed_rank_003_alphafold2_multimer_v3_model_3_seed_000.pdb
SUGP2___DHX15,4,1,A,B,0.5304,4590.4,2434.8,0.7165,0.9916,0.3811,0.7382,60378.0,349.0,0.7600,37.8,78.1,0.470,70,681,49,62,70.6,88.5,76.7,87.3,1082,795,"[987-990,992,994-1058]",[114-794],"[987,989-990,1000-1001,1004-1005,1007-1009,1012-1016,1018-1019,1021-1024,1027-1032,1034-1055]","[327-332,334,360-361,439-441,444,446-451,455,457-460,484-486,488-489,493-494,499,503-504,520-527,529-538,540-541,544-545,549,551-553,741,770]",SUGP2___DHX15_unrelaxed_rank_004_alphafold2_multimer_v3_model_1_seed_000.pdb
SUGP2___DHX15,5,2,A,B,0.5193,4392.6,2281.0,0.7109,0.9918,0.3753,0.7186,58469.0,330.0,0.7500,38.8,78.3,0.470,62,682,42,60,74.3,88.6,80.4,87.6,1082,795,[996-1057],[114-795],"[1002-1005,1007-1009,1012-1016,1018-1019,1021-1024,1027-1032,1034-1041,1043-1044,1046-1047,1049-1054]","[327-332,334,439-441,446,448-451,455,457-460,484-486,488-489,493-494,499,503-504,520-527,529-538,540-541,544-545,549,551-553,715,741-742,770]",SUGP2___DHX15_unrelaxed_rank_005_alphafold2_multimer_v3_model_2_seed_000.pdb
SUGP2___EDC3,1,2,A,B,0.0000,0.0,0.0,0.0000,0.4670,0.0000,0.0000,0.0,0.0,0.2100,38.1,61.4,0.290,0,0,0,0,,,,,1082,508,,,,,SUGP2___EDC3_unrelaxed_rank_001_alphafold2_multimer_v3_model_2_seed_000.pdb
SUGP2___EDC3,2,3,A,B,0.0000,0.0,0.0,0.0000,0.2129,0.0000,0.0000,0.0,0.0,0.1900,35.1,58.2,0.300,0,0,0,0,,,,,1082,508,,,,,SUGP2___EDC3_unrelaxed_rank_002_alphafold2_multimer_v3_model_3_seed_000.pdb
SUGP2___EDC3,3,4,A,B,0.0000,0.0,0.0,0.0000,0.1919,0.0000,0.0000,0.0,0.0,0.1900,38.1,57.4,0.290,0,0,0,0,,,,,1082,508,,,,,SUGP2___EDC3_unrelaxed_rank_003_alphafold2_multimer_v3_model_4_seed_000.pdb
SUGP2___EDC3,4,5,A,B,0.0000,0.0,0.0,0.0000,0.1987,0.0000,0.0000,0.0,0.0,0.1900,37.2,59.8,0.290,0,0,0,0,,,,,1082,508,,,,,SUGP2___EDC3_unrelaxed_rank_004_alphafold2_multimer_v3_model_5_seed_000.pdb
SUGP2___EDC3,5,1,A,B,0.0000,0.0,0.0,0.0000,0.1956,0.0000,0.0000,0.0,0.0,0.1900,35.1,58.8,0.290,0,0,0,0,,,,,1082,508,,,,,SUGP2___EDC3_unrelaxed_rank_005_alphafold2_multimer_v3_model_1_seed_000.pdb
SUGP2___PSPC1,1,1,A,B,0.0000,0.0,0.0,0.0000,0.2704,0.0000,0.0000,0.0,0.0,0.2100,38.8,57.5,0.280,0,0,0,0,,,,,1082,523,,,,,SUGP2___PSPC1_unrelaxed_rank_001_alphafold2_multimer_v3_model_1_seed_000.pdb
SUGP2___PSPC1,2,2,A,B,0.0000,0.0,0.0,0.0000,0.3588,0.0000,0.0000,0.0,0.0,0.2100,35.9,57.8,0.290,0,0,0,0,,,,,1082,523,,,,,SUGP2___PSPC1_unrelaxed_rank_002_alphafold2_multimer_v3_model_2_seed_000.pdb
SUGP2___PSPC1,3,5,A,B,0.0000,0.0,0.0,0.0000,0.1617,0.0000,0.0000,0.0,0.0,0.1800,36.4,56.5,0.290,0,0,0,0,,,,,1082,523,,,,,SUGP2___PSPC1_unrelaxed_rank_003_alphafold2_multimer_v3_model_5_seed_000.pdb
SUGP2___PSPC1,4,4,A,B,0.0000,0.0,0.0,0.0000,0.1995,0.0000,0.0000,0.0,0.0,0.1800,36.7,53.9,0.270,0,0,0,0,,,,,1082,523,,,,,SUGP2___PSPC1_unrelaxed_rank_004_alphafold2_multimer_v3_model_4_seed_000.pdb
SUGP2___PSPC1,5,3,A,B,0.0000,0.0,0.0,0.0000,0.1784,0.0000,0.0000,0.0,0.0,0.1700,34.5,55.9,0.280,0,0,0,0,,,,,1082,523,,,,,SUGP2___PSPC1_unrelaxed_rank_005_alphafold2_multimer_v3_model_3_seed_000.pdb
SUGP2___SRSF11,1,1,A,B,0.0412,18.6,0.8,0.0000,0.5711,0.0324,0.0523,69.0,5.0,0.2100,40.8,30.3,0.280,68,2,5,1,86.6,40.0,83.6,40.1,1082,484,"[332,375,378-379,381-382,394-401,403-405,407-408,414,416-417,419-422,426-439,441-442,444-448,475-476,485-486,488-494,496-502,523,528,531]",[425-426],"[426-428,430-431]",[425],SUGP2___SRSF11_unrelaxed_rank_001_alphafold2_multimer_v3_model_1_seed_000.pdb
SUGP2___SRSF11,2,2,A,B,0.0000,0.0,0.0,0.0000,0.4564,0.0038,0.0000,1.0,0.0,0.2100,40.1,30.9,0.280,1,1,0,0,79.4,43.3,,,1082,484,[801],[230],,,SUGP2___SRSF11_unrelaxed_rank_002_alphafold2_multimer_v3_model_2_seed_000.pdb
SUGP2___SRSF11,3,4,A,B,0.0000,0.0,0.0,0.0000,0.4027,0.0000,0.0000,0.0,0.0,0.1800,37.5,31.1,0.260,0,0,0,0,,,,,1082,484,,,,,SUGP2___SRSF11_unrelaxed_rank_003_alphafold2_multimer_v3_model_4_seed_000.pdb
SUGP2___SRSF11,4,3,A,B,0.0000,0.0,0.0,0.0000,0.2855,0.0000,0.0000,0.0,0.0,0.1800,35.7,29.7,0.250,0,0,0,0,,,,,1082,484,,,,,SUGP2___SRSF11_unrelaxed_rank_004_alphafold2_multimer_v3_model_3_seed_000.pdb
SUGP2___SRSF11,5,5,A,B,0.0000,0.0,0.0,0.0000,0.1775,0.0000,0.0000,0.0,0.0,0.1600,39.7,31.1,0.270,0,0,0,0,,,,,1082,484,,,,,SUGP2___SRSF11_unrelaxed_rank_005_alphafold2_multimer_v3_model_5_seed_000.pdb
SUGP2___ZBTB33,1,4,A,B,0.0753,118.2,8.9,0.0141,0.6294,0.0677,0.0838,451.0,31.0,0.2200,33.9,35.6,0.250,45,26,11,10,72.3,39.4,66.9,39.1,1082,672,"[782,785-798,800-810,815-821,826-837]","[414-418,421-435,442-447]","[787,790-791,794,797-798,801-802,804-806]","[414,416,418,423,426-427,431,444,446-447]",SUGP2___ZBTB33_unrelaxed_rank_001_alphafold2_multimer_v3_model_4_seed_000.pdb
SUGP2___ZBTB33,2,1,A,B,0.0000,0.0,0.0,0.0000,0.2396,0.0000,0.0000,0.0,0.0,0.2000,38.1,34.1,0.280,0,0,0,0,,,,,1082,672,,,,,SUGP2___ZBTB33_unrelaxed_rank_002_alphafold2_multimer_v3_model_1_seed_000.pdb
SUGP2___ZBTB33,3,2,A,B,0.0000,0.0,0.0,0.0000,0.2617,0.0000,0.0000,0.0,0.0,0.1900,40.1,36.0,0.280,0,0,0,0,,,,,1082,672,,,,,SUGP2___ZBTB33_unrelaxed_rank_003_alphafold2_multimer_v3_model_2_seed_000.pdb
SUGP2___ZBTB33,4,5,A,B,0.0000,0.0,0.0,0.0000,0.2508,0.0000,0.0000,0.0,0.0,0.1800,33.6,34.9,0.260,0,0,0,0,,,,,1082,672,,,,,SUGP2___ZBTB33_unrelaxed_rank_004_alphafold2_multimer_v3_model_5_seed_000.pdb
SUGP2___ZBTB33,5,3,A,B,0.0000,0.0,0.0,0.0000,0.4329,0.0000,0.0000,0.0,0.0,0.1800,33.7,34.4,0.250,0,0,0,0,,,,,1082,672,,,,,SUGP2___ZBTB33_unrelaxed_rank_005_alphafold2_multimer_v3_model_3_seed_000.pdb
SUPT5H___RBM4,1,4,A,B,0.1484,213.5,31.7,0.0176,0.7358,0.1046,0.2105,735.0,62.0,0.2900,51.5,42.2,0.280,57,41,15,16,75.4,58.6,68.0,49.7,1087,364,"[424,428,463-464,469-521]","[80-82,115-116,118,125-127,129,143-145,147-168,170-175]","[483-486,488,501,504-512]","[115,148-157,162,164,171-173]",SUPT5H___RBM4_unrelaxed_rank_001_alphafold2_multimer_v3_model_4_seed_000.pdb
SUPT5H___RBM4,2,1,A,B,0.0000,0.0,0.0,0.0000,0.1914,0.0000,0.0000,0.0,0.0,0.1800,51.1,38.7,0.240,0,0,0,0,,,,,1087,364,,,,,SUPT5H___RBM4_unrelaxed_rank_002_alphafold2_multimer_v3_model_1_seed_000.pdb
SUPT5H___RBM4,3,2,A,B,0.0000,0.0,0.0,0.0000,0.2082,0.0000,0.0000,0.0,0.0,0.1800,52.5,40.2,0.240,0,0,0,0,,,,,1087,364,,,,,SUPT5H___RBM4_unrelaxed_rank_003_alphafold2_multimer_v3_model_2_seed_000.pdb
SUPT5H___RBM4,4,5,A,B,0.0000,0.0,0.0,0.0000,0.1902,0.0000,0.0000,0.0,0.0,0.1700,52.8,40.9,0.250,0,0,0,0,,,,,1087,364,,,,,SUPT5H___RBM4_unrelaxed_rank_004_alphafold2_multimer_v3_model_5_seed_000.pdb
SUPT5H___RBM4,5,3,A,B,0.0000,0.0,0.0,0.0000,0.1991,0.0000,0.0000,0.0,0.0,0.1700,51.8,40.3,0.240,0,0,0,0,,,,,1087,364,,,,,SUPT5H___RBM4_unrelaxed_rank_005_alphafold2_multimer_v3_model_3_seed_000.pdb
TXN___EDC3,1,2,A,B,0.0000,0.0,0.0,0.0000,0.1678,0.0000,0.0000,0.0,0.0,0.2100,84.8,60.7,0.460,0,0,0,0,,,,,105,508,,,,,TXN___EDC3_unrelaxed_rank_001_alphafold2_multimer_v3_model_2_seed_000.pdb
TXN___EDC3,2,3,A,B,0.0000,0.0,0.0,0.0000,0.1402,0.0000,0.0000,0.0,0.0,0.1900,85.6,61.3,0.470,0,0,0,0,,,,,105,508,,,,,TXN___EDC3_unrelaxed_rank_002_alphafold2_multimer_v3_model_3_seed_000.pdb
TXN___EDC3,3,1,A,B,0.0000,0.0,0.0,0.0000,0.1237,0.0000,0.0000,0.0,0.0,0.1400,81.7,61.2,0.450,0,0,0,0,,,,,105,508,,,,,TXN___EDC3_unrelaxed_rank_003_alphafold2_multimer_v3_model_1_seed_000.pdb
TXN___EDC3,4,5,A,B,0.0000,0.0,0.0,0.0000,0.1201,0.0000,0.0000,0.0,0.0,0.1300,84.9,61.0,0.460,0,0,0,0,,,,,105,508,,,,,TXN___EDC3_unrelaxed_rank_004_alphafold2_multimer_v3_model_5_seed_000.pdb
TXN___EDC3,5,4,A,B,0.0000,0.0,0.0,0.0000,0.1438,0.0000,0.0000,0.0,0.0,0.1300,82.7,60.6,0.450,0,0,0,0,,,,,105,508,,,,,TXN___EDC3_unrelaxed_rank_005_alphafold2_multimer_v3_model_4_seed_000.pdb
TXN___RBM33,1,4,A,B,0.0000,0.0,0.0,0.0000,0.2831,0.0000,0.0000,0.0,0.0,0.2500,91.0,24.0,0.210,0,0,0,0,,,,,105,1170,,,,,TXN___RBM33_unrelaxed_rank_001_alphafold2_multimer_v3_model_4_seed_000.pdb
TXN___RBM33,2,1,A,B,0.0000,0.0,0.0,0.0000,0.2479,0.0000,0.0000,0.0,0.0,0.2400,90.5,22.9,0.220,0,0,0,0,,,,,105,1170,,,,,TXN___RBM33_unrelaxed_rank_002_alphafold2_multimer_v3_model_1_seed_000.pdb
TXN___RBM33,3,2,A,B,0.0000,0.0,0.0,0.0000,0.2263,0.0000,0.0000,0.0,0.0,0.2100,91.1,23.5,0.220,0,0,0,0,,,,,105,1170,,,,,TXN___RBM33_unrelaxed_rank_003_alphafold2_multimer_v3_model_2_seed_000.pdb
TXN___RBM33,4,3,A,B,0.0000,0.0,0.0,0.0000,0.1793,0.0000,0.0000,0.0,0.0,0.2100,91.4,26.2,0.210,0,0,0,0,,,,,105,1170,,,,,TXN___RBM33_unrelaxed_rank_004_alphafold2_multimer_v3_model_3_seed_000.pdb
TXN___RBM33,5,5,A,B,0.0000,0.0,0.0,0.0000,0.1910,0.0000,0.0000,0.0,0.0,0.1800,93.7,25.8,0.200,0,0,0,0,,,,,105,1170,,,,,TXN___RBM33_unrelaxed_rank_005_alphafold2_multimer_v3_model_5_seed_000.pdb
XRN2___CIZ1,1,4,A,B,0.0000,0.0,0.0,0.0000,0.4761,0.0000,0.0000,0.0,0.0,0.3100,68.8,21.3,0.480,0,0,0,0,,,,,950,898,,,,,XRN2___CIZ1_unrelaxed_rank_001_alphafold2_multimer_v3_model_4_seed_000.pdb
XRN2___CIZ1,2,1,A,B,0.0000,0.0,0.0,0.0000,0.4549,0.0000,0.0000,0.0,0.0,0.2500,68.9,23.4,0.480,0,0,0,0,,,,,950,898,,,,,XRN2___CIZ1_unrelaxed_rank_002_alphafold2_multimer_v3_model_1_seed_000.pdb
XRN2___CIZ1,3,3,A,B,0.0000,0.0,0.0,0.0000,0.4099,0.0000,0.0000,0.0,0.0,0.2300,70.5,22.5,0.480,0,0,0,0,,,,,950,898,,,,,XRN2___CIZ1_unrelaxed_rank_003_alphafold2_multimer_v3_model_3_seed_000.pdb
XRN2___CIZ1,4,5,A,B,0.0000,0.0,0.0,0.0000,0.2441,0.0000,0.0000,0.0,0.0,0.2100,71.3,22.0,0.480,0,0,0,0,,,,,950,898,,,,,XRN2___CIZ1_unrelaxed_rank_004_alphafold2_multimer_v3_model_5_seed_000.pdb
XRN2___CIZ1,5,2,A,B,0.0000,0.0,0.0,0.0000,0.2635,0.0000,0.0000,0.0,0.0,0.2100,71.3,22.9,0.480,0,0,0,0,,,,,950,898,,,,,XRN2___CIZ1_unrelaxed_rank_005_alphafold2_multimer_v3_model_2_seed_000.pdb
XRN2___DNAJA1,1,5,A,B,0.0000,0.0,0.0,0.0000,0.1797,0.0000,0.0000,0.0,0.0,0.1800,69.8,64.8,0.580,0,0,0,0,,,,,950,397,,,,,XRN2___DNAJA1_unrelaxed_rank_001_alphafold2_multimer_v3_model_5_seed_000.pdb
XRN2___DNAJA1,2,1,A,B,0.0000,0.0,0.0,0.0000,0.1605,0.0000,0.0000,0.0,0.0,0.1800,70.1,60.0,0.570,0,0,0,0,,,,,950,397,,,,,XRN2___DNAJA1_unrelaxed_rank_002_alphafold2_multimer_v3_model_1_seed_000.pdb
XRN2___DNAJA1,3,3,A,B,0.0000,0.0,0.0,0.0000,0.1655,0.0000,0.0000,0.0,0.0,0.1800,68.1,59.7,0.560,0,0,0,0,,,,,950,397,,,,,XRN2___DNAJA1_unrelaxed_rank_003_alphafold2_multimer_v3_model_3_seed_000.pdb
XRN2___DNAJA1,4,4,A,B,0.0000,0.0,0.0,0.0000,0.1575,0.0000,0.0000,0.0,0.0,0.1700,69.5,58.9,0.580,0,0,0,0,,,,,950,397,,,,,XRN2___DNAJA1_unrelaxed_rank_004_alphafold2_multimer_v3_model_4_seed_000.pdb
XRN2___DNAJA1,5,2,A,B,0.0000,0.0,0.0,0.0000,0.1634,0.0000,0.0000,0.0,0.0,0.1700,70.2,61.8,0.580,0,0,0,0,,,,,950,397,,,,,XRN2___DNAJA1_unrelaxed_rank_005_alphafold2_multimer_v3_model_2_seed_000.pdb
XRN2___PRMT1,1,5,A,B,0.0000,0.0,0.0,0.0120,0.4513,0.0362,0.0000,638.0,0.0,0.4200,70.9,79.4,0.650,166,30,0,0,93.5,90.1,,,950,371,"[5-18,21,41,43,46-54,76-78,80-82,85-89,91-103,166-168,170-183,188,192-196,205,207-215,217,221,223-230,236-253,301-317,329-339,362,366-367,390,418-419,422,547,550-551,554-555,683-686,695-697,718,721-722,751,753-755,779]","[72,181,200-205,244-247,273-275,277,280-286,314-317,326,329,331]",,,XRN2___PRMT1_unrelaxed_rank_001_alphafold2_multimer_v3_model_5_seed_000.pdb
XRN2___PRMT1,2,3,A,B,0.0000,0.0,0.0,0.0000,0.2932,0.0000,0.0000,0.0,0.0,0.2900,68.9,77.9,0.600,0,0,0,0,,,,,950,371,,,,,XRN2___PRMT1_unrelaxed_rank_002_alphafold2_multimer_v3_model_3_seed_000.pdb
XRN2___PRMT1,3,4,A,B,0.0000,0.0,0.0,0.0000,0.2087,0.0000,0.0000,0.0,0.0,0.2200,69.9,72.4,0.600,0,0,0,0,,,,,950,371,,,,,XRN2___PRMT1_unrelaxed_rank_003_alphafold2_multimer_v3_model_4_seed_000.pdb
XRN2___PRMT1,4,2,A,B,0.0000,0.0,0.0,0.0000,0.2107,0.0000,0.0000,0.0,0.0,0.2000,70.1,78.5,0.600,0,0,0,0,,,,,950,371,,,,,XRN2___PRMT1_unrelaxed_rank_004_alphafold2_multimer_v3_model_2_seed_000.pdb
XRN2___PRMT1,5,1,A,B,0.0000,0.0,0.0,0.0000,0.1933,0.0000,0.0000,0.0,0.0,0.1900,69.5,77.4,0.580,0,0,0,0,,,,,950,371,,,,,XRN2___PRMT1_unrelaxed_rank_005_alphafold2_multimer_v3_model_1_seed_000.pdb
XRN2___RPS12,1,4,A,B,0.0000,0.0,0.0,0.0000,0.2237,0.0000,0.0000,0.0,0.0,0.3100,71.6,51.2,0.690,0,0,0,0,,,,,950,132,,,,,XRN2___RPS12_unrelaxed_rank_001_alphafold2_multimer_v3_model_4_seed_000.pdb
XRN2___RPS12,2,2,A,B,0.0000,0.0,0.0,0.0000,0.2388,0.0000,0.0000,0.0,0.0,0.2800,72.1,57.1,0.700,0,0,0,0,,,,,950,132,,,,,XRN2___RPS12_unrelaxed_rank_002_alphafold2_multimer_v3_model_2_seed_000.pdb
XRN2___RPS12,3,5,A,B,0.0000,0.0,0.0,0.0000,0.1986,0.0000,0.0000,0.0,0.0,0.2800,71.7,65.6,0.690,0,0,0,0,,,,,950,132,,,,,XRN2___RPS12_unrelaxed_rank_003_alphafold2_multimer_v3_model_5_seed_000.pdb
XRN2___RPS12,4,3,A,B,0.0000,0.0,0.0,0.0000,0.1971,0.0000,0.0000,0.0,0.0,0.2800,70.7,63.8,0.680,0,0,0,0,,,,,950,132,,,,,XRN2___RPS12_unrelaxed_rank_004_alphafold2_multimer_v3_model_3_seed_000.pdb
XRN2___RPS12,5,1,A,B,0.0000,0.0,0.0,0.0000,0.1658,0.0000,0.0000,0.0,0.0,0.2100,71.5,57.5,0.680,0,0,0,0,,,,,950,132,,,,,XRN2___RPS12_unrelaxed_rank_005_alphafold2_multimer_v3_model_1_seed_000.pdb
ZBTB33___FAM50A,1,4,A,B,0.1047,67.1,7.0,0.0135,0.5548,0.0891,0.1230,225.0,20.0,0.2000,37.9,52.2,0.260,52,15,8,10,68.3,47.8,62.9,48.5,672,339,"[41,521-544,548-573,585]","[157-168,294,297-298]","[41,533-535,538-539,549,562]","[160-166,168,297-298]",ZBTB33___FAM50A_unrelaxed_rank_001_alphafold2_multimer_v3_model_4_seed_000.pdb
ZBTB33___FAM50A,2,1,A,B,0.0000,0.0,0.0,0.0000,0.2217,0.0000,0.0000,0.0,0.0,0.1900,37.5,57.3,0.270,0,0,0,0,,,,,672,339,,,,,ZBTB33___FAM50A_unrelaxed_rank_002_alphafold2_multimer_v3_model_1_seed_000.pdb
ZBTB33___FAM50A,3,3,A,B,0.0000,0.0,0.0,0.0000,0.1928,0.0000,0.0000,0.0,0.0,0.1500,39.0,54.8,0.260,0,0,0,0,,,,,672,339,,,,,ZBTB33___FAM50A_unrelaxed_rank_003_alphafold2_multimer_v3_model_3_seed_000.pdb
ZBTB33___FAM50A,4,5,A,B,0.0000,0.0,0.0,0.0000,0.1507,0.0000,0.0000,0.0,0.0,0.1500,40.1,56.9,0.250,0,0,0,0,,,,,672,339,,,,,ZBTB33___FAM50A_unrelaxed_rank_004_alphafold2_multimer_v3_model_5_seed_000.pdb
ZBTB33___FAM50A,5,2,A,B,0.0000,0.0,0.0,0.0000,0.1421,0.0000,0.0000,0.0,0.0,0.1400,38.2,61.6,0.260,0,0,0,0,,,,,672,339,,,,,ZBTB33___FAM50A_unrelaxed_rank_005_alphafold2_multimer_v3_model_2_seed_000.pdb
ZBTB33___PTBP1,1,4,A,B,0.0000,0.0,0.0,0.0000,0.1886,0.0000,0.0000,0.0,0.0,0.1800,35.4,56.9,0.270,0,0,0,0,,,,,672,557,,,,,ZBTB33___PTBP1_unrelaxed_rank_001_alphafold2_multimer_v3_model_4_seed_000.pdb
ZBTB33___PTBP1,2,3,A,B,0.0000,0.0,0.0,0.0000,0.2968,0.0000,0.0000,0.0,0.0,0.1800,35.8,60.9,0.270,0,0,0,0,,,,,672,557,,,,,ZBTB33___PTBP1_unrelaxed_rank_002_alphafold2_multimer_v3_model_3_seed_000.pdb
ZBTB33___PTBP1,3,5,A,B,0.0000,0.0,0.0,0.0000,0.1817,0.0000,0.0000,0.0,0.0,0.1700,36.9,63.0,0.280,0,0,0,0,,,,,672,557,,,,,ZBTB33___PTBP1_unrelaxed_rank_003_alphafold2_multimer_v3_model_5_seed_000.pdb
ZBTB33___PTBP1,4,1,A,B,0.0000,0.0,0.0,0.0000,0.1777,0.0000,0.0000,0.0,0.0,0.1700,33.4,58.0,0.280,0,0,0,0,,,,,672,557,,,,,ZBTB33___PTBP1_unrelaxed_rank_004_alphafold2_multimer_v3_model_1_seed_000.pdb
ZBTB33___PTBP1,5,2,A,B,0.0000,0.0,0.0,0.0000,0.1629,0.0000,0.0000,0.0,0.0,0.1600,36.6,65.3,0.280,0,0,0,0,,,,,672,557,,,,,ZBTB33___PTBP1_unrelaxed_rank_005_alphafold2_multimer_v3_model_2_seed_000.pdb
ZFR___PCCA,1,2,A,B,0.0000,0.0,0.0,0.0000,0.2804,0.0000,0.0000,0.0,0.0,0.2700,44.4,84.4,0.470,0,0,0,0,,,,,1074,728,,,,,ZFR___PCCA_unrelaxed_rank_001_alphafold2_multimer_v3_model_2_seed_000.pdb
ZFR___PCCA,2,4,A,B,0.0000,0.0,0.0,0.0000,0.1611,0.0000,0.0000,0.0,0.0,0.2600,42.2,82.6,0.460,0,0,0,0,,,,,1074,728,,,,,ZFR___PCCA_unrelaxed_rank_002_alphafold2_multimer_v3_model_4_seed_000.pdb
ZFR___PCCA,3,3,A,B,0.0000,0.0,0.0,0.0000,0.4366,0.0000,0.0000,0.0,0.0,0.2500,43.4,82.4,0.470,0,0,0,0,,,,,1074,728,,,,,ZFR___PCCA_unrelaxed_rank_003_alphafold2_multimer_v3_model_3_seed_000.pdb
ZFR___PCCA,4,5,A,B,0.0000,0.0,0.0,0.0000,0.2459,0.0000,0.0000,0.0,0.0,0.2400,42.0,83.7,0.470,0,0,0,0,,,,,1074,728,,,,,ZFR___PCCA_unrelaxed_rank_004_alphafold2_multimer_v3_model_5_seed_000.pdb
ZFR___PCCA,5,1,A,B,0.0000,0.0,0.0,0.0000,0.2621,0.0000,0.0000,0.0,0.0,0.2300,44.5,83.4,0.460,0,0,0,0,,,,,1074,728,,,,,ZFR___PCCA_unrelaxed_rank_005_alphafold2_multimer_v3_model_1_seed_000.pdb
ZNF503___RBM33,1,1,A,B,0.1821,263.4,48.0,0.0173,0.7953,0.1401,0.2366,878.0,79.0,0.2300,20.2,21.9,0.220,47,51,16,16,44.6,43.1,43.8,41.3,646,1170,"[65-79,514-545]","[241-258,785-816,818]","[67-68,70-74,77,517-519,523-524,539,542-543]","[242-248,789-790,793-794,797-798,800-801,804]",ZNF503___RBM33_unrelaxed_rank_001_alphafold2_multimer_v3_model_1_seed_000.pdb
ZNF503___RBM33,2,4,A,B,0.0998,93.8,9.4,0.0146,0.7125,0.0879,0.1135,284.0,31.0,0.2200,21.2,22.9,0.210,29,24,10,9,58.0,57.5,54.6,57.2,646,1170,"[116-119,121,516-521,523-530,533-534,536-543]","[785-807,809]","[116,118-119,517-519,524,536,539,543]","[790-791,793-795,797,800-801,804]",ZNF503___RBM33_unrelaxed_rank_002_alphafold2_multimer_v3_model_4_seed_000.pdb
ZNF503___RBM33,3,2,A,B,0.2166,105.1,22.8,0.0182,0.7722,0.1664,0.2818,240.0,46.0,0.2100,21.4,24.3,0.210,21,23,8,8,43.9,45.9,45.7,41.4,646,1170,[61-81],"[241-258,260-263,265]","[67-68,70-74,77]","[242-248,256]",ZNF503___RBM33_unrelaxed_rank_003_alphafold2_multimer_v3_model_2_seed_000.pdb
ZNF503___RBM33,4,3,A,B,0.2896,177.2,51.3,0.0334,0.8993,0.2027,0.4138,532.0,59.0,0.2100,19.4,23.8,0.210,26,25,11,9,40.7,46.0,43.0,41.9,646,1170,[57-82],[241-265],"[58,62,67-68,70-75,77]","[242-248,253,256]",ZNF503___RBM33_unrelaxed_rank_004_alphafold2_multimer_v3_model_3_seed_000.pdb
ZNF503___RBM33,5,5,A,B,0.1682,67.3,11.3,0.0183,0.7323,0.1407,0.2010,126.0,36.0,0.1900,21.2,24.7,0.200,15,19,9,7,41.1,46.7,40.7,41.2,646,1170,[65-79],"[241-256,260-261,265]","[67-68,70-75,77]","[242,244-248,252]",ZNF503___RBM33_unrelaxed_rank_005_alphafold2_multimer_v3_model_5_seed_000.pdb
ZNF503___SRSF11,1,1,A,B,0.0492,4.1,0.2,0.0000,0.4401,0.0399,0.0608,17.0,1.0,0.2100,22.5,32.4,0.250,6,11,1,1,57.5,77.9,64.6,74.4,646,484,"[516-517,519,538-540]","[37,51-52,55,58,95,97-99,106-107]",[539],[95],ZNF503___SRSF11_unrelaxed_rank_001_alphafold2_multimer_v3_model_1_seed_000.pdb
ZNF503___SRSF11,2,4,A,B,0.0000,0.0,0.0,0.0000,0.3608,0.0000,0.0000,0.0,0.0,0.1900,23.2,35.8,0.220,0,0,0,0,,,,,646,484,,,,,ZNF503___SRSF11_unrelaxed_rank_002_alphafold2_multimer_v3_model_4_seed_000.pdb
ZNF503___SRSF11,3,2,A,B,0.0000,0.0,0.0,0.0000,0.3071,0.0000,0.0000,0.0,0.0,0.1700,21.3,34.9,0.240,0,0,0,0,,,,,646,484,,,,,ZNF503___SRSF11_unrelaxed_rank_003_alphafold2_multimer_v3_model_2_seed_000.pdb
ZNF503___SRSF11,4,3,A,B,0.0000,0.0,0.0,0.0000,0.3428,0.0000,0.0000,0.0,0.0,0.1600,21.1,35.1,0.220,0,0,0,0,,,,,646,484,,,,,ZNF503___SRSF11_unrelaxed_rank_004_alphafold2_multimer_v3_model_3_seed_000.pdb
ZNF503___SRSF11,5,5,A,B,0.0000,0.0,0.0,0.0000,0.2136,0.0000,0.0000,0.0,0.0,0.1500,22.9,35.7,0.210,0,0,0,0,,,,,646,484,,,,,ZNF503___SRSF11_unrelaxed_rank_005_alphafold2_multimer_v3_model_5_seed_000.pdb
