name,rank,model,chain_i,chain_j,iLIS,iLIA,iLISA,ipSAE,actifpTM,LIS,cLIS,LIA,cLIA,ipTM,pLDDT_i,pLDDT_j,pTM,LIR_i,LIR_j,cLIR_i,cLIR_j,LIpLDDT_i,LIpLDDT_j,cLIpLDDT_i,cLIpLDDT_j,len_i,len_j,LIR_indices_i,LIR_indices_j,cLIR_indices_i,cLIR_indices_j,structure_file
ANP32A___PRDX1,1,1,A,B,0.0000,0.0,0.0,0.0000,0.1087,0.0000,0.0000,0.0,0.0,0.1700,63.5,81.8,0.430,0,0,0,0,,,,,249,199,,,,,ANP32A___PRDX1_unrelaxed_rank_001_alphafold2_multimer_v3_model_1_seed_000.pdb
ANP32A___PRDX1,2,2,A,B,0.0000,0.0,0.0,0.0000,0.0938,0.0000,0.0000,0.0,0.0,0.1500,63.6,81.6,0.430,0,0,0,0,,,,,249,199,,,,,ANP32A___PRDX1_unrelaxed_rank_002_alphafold2_multimer_v3_model_2_seed_000.pdb
ANP32A___PRDX1,3,5,A,B,0.0000,0.0,0.0,0.0000,0.0963,0.0000,0.0000,0.0,0.0,0.1400,63.9,84.3,0.440,0,0,0,0,,,,,249,199,,,,,ANP32A___PRDX1_unrelaxed_rank_003_alphafold2_multimer_v3_model_5_seed_000.pdb
ANP32A___PRDX1,4,4,A,B,0.0000,0.0,0.0,0.0000,0.0929,0.0000,0.0000,0.0,0.0,0.1400,65.3,86.4,0.450,0,0,0,0,,,,,249,199,,,,,ANP32A___PRDX1_unrelaxed_rank_004_alphafold2_multimer_v3_model_4_seed_000.pdb
ANP32A___PRDX1,5,3,A,B,0.0000,0.0,0.0,0.0000,0.0884,0.0000,0.0000,0.0,0.0,0.1200,63.2,84.7,0.440,0,0,0,0,,,,,249,199,,,,,ANP32A___PRDX1_unrelaxed_rank_005_alphafold2_multimer_v3_model_3_seed_000.pdb
ANP32A___SAFB,1,5,A,B,0.1098,528.5,58.0,0.0136,0.6411,0.0956,0.1260,4579.0,61.0,0.4200,65.9,33.1,0.280,158,41,16,13,91.8,66.8,87.0,64.9,249,915,"[1-29,32-160]","[664-703,705]","[6,9-10,12,23,25-27,48,50-51,72-73,96,121-122]","[669,672-673,676-677,679-680,683-684,687,690-691,694]",ANP32A___SAFB_unrelaxed_rank_001_alphafold2_multimer_v3_model_5_seed_000.pdb
ANP32A___SAFB,2,4,A,B,0.0651,218.1,14.2,0.0132,0.5857,0.0481,0.0881,1699.0,28.0,0.3700,65.6,32.3,0.280,147,37,16,10,90.6,72.8,79.1,67.8,249,915,"[3-11,16-30,33-34,37-58,60-84,86-128,130-160]","[408-422,426,435-452,454,482,485]","[23,25-26,48,50,72,96,119,121-122,146-148,154,157,160]","[415,418-419,436,438,440-442,451,485]",ANP32A___SAFB_unrelaxed_rank_002_alphafold2_multimer_v3_model_4_seed_000.pdb
ANP32A___SAFB,3,1,A,B,0.0000,0.0,0.0,0.0000,0.2513,0.0000,0.0000,0.0,0.0,0.2200,65.4,33.2,0.270,0,0,0,0,,,,,249,915,,,,,ANP32A___SAFB_unrelaxed_rank_003_alphafold2_multimer_v3_model_1_seed_000.pdb
ANP32A___SAFB,4,3,A,B,0.0000,0.0,0.0,0.0000,0.2554,0.0000,0.0000,0.0,0.0,0.2200,64.4,33.1,0.260,0,0,0,0,,,,,249,915,,,,,ANP32A___SAFB_unrelaxed_rank_004_alphafold2_multimer_v3_model_3_seed_000.pdb
ANP32A___SAFB,5,2,A,B,0.0000,0.0,0.0,0.0000,0.1447,0.0000,0.0000,0.0,0.0,0.1700,66.6,33.6,0.260,0,0,0,0,,,,,249,915,,,,,ANP32A___SAFB_unrelaxed_rank_005_alphafold2_multimer_v3_model_2_seed_000.pdb
ATP5PD___PTBP1,1,5,A,B,0.0000,0.0,0.0,0.0000,0.1463,0.0000,0.0000,0.0,0.0,0.1600,64.7,66.2,0.340,0,0,0,0,,,,,161,557,,,,,ATP5PD___PTBP1_unrelaxed_rank_001_alphafold2_multimer_v3_model_5_seed_000.pdb
ATP5PD___PTBP1,2,1,A,B,0.0000,0.0,0.0,0.0000,0.1636,0.0000,0.0000,0.0,0.0,0.1300,42.5,64.3,0.340,0,0,0,0,,,,,161,557,,,,,ATP5PD___PTBP1_unrelaxed_rank_002_alphafold2_multimer_v3_model_1_seed_000.pdb
ATP5PD___PTBP1,3,3,A,B,0.0000,0.0,0.0,0.0000,0.1829,0.0000,0.0000,0.0,0.0,0.1200,71.3,64.8,0.340,0,0,0,0,,,,,161,557,,,,,ATP5PD___PTBP1_unrelaxed_rank_003_alphafold2_multimer_v3_model_3_seed_000.pdb
ATP5PD___PTBP1,4,2,A,B,0.0000,0.0,0.0,0.0000,0.1225,0.0000,0.0000,0.0,0.0,0.1100,63.6,66.4,0.340,0,0,0,0,,,,,161,557,,,,,ATP5PD___PTBP1_unrelaxed_rank_004_alphafold2_multimer_v3_model_2_seed_000.pdb
ATP5PD___PTBP1,5,4,A,B,0.0000,0.0,0.0,0.0000,0.1188,0.0000,0.0000,0.0,0.0,0.1100,67.9,64.8,0.330,0,0,0,0,,,,,161,557,,,,,ATP5PD___PTBP1_unrelaxed_rank_005_alphafold2_multimer_v3_model_4_seed_000.pdb
ATP5PD___RPS12,1,5,A,B,0.0118,2.4,0.0,0.0000,0.2009,0.0099,0.0142,3.0,2.0,0.2200,36.4,59.4,0.410,2,3,1,2,43.4,54.8,44.4,54.4,161,132,[111-112],"[43,63-64]",[112],[63-64],ATP5PD___RPS12_unrelaxed_rank_001_alphafold2_multimer_v3_model_5_seed_000.pdb
ATP5PD___RPS12,2,4,A,B,0.0220,4.5,0.1,0.0000,0.1845,0.0151,0.0321,20.0,1.0,0.1600,38.5,67.3,0.430,4,12,1,1,40.9,74.6,39.5,58.1,161,132,"[115,117-119]","[19,22,49,51,64,66-69,77,110-111]",[115],[64],ATP5PD___RPS12_unrelaxed_rank_002_alphafold2_multimer_v3_model_4_seed_000.pdb
ATP5PD___RPS12,3,3,A,B,0.0000,0.0,0.0,0.0000,0.1753,0.0000,0.0000,0.0,0.0,0.1600,35.9,63.2,0.420,0,0,0,0,,,,,161,132,,,,,ATP5PD___RPS12_unrelaxed_rank_003_alphafold2_multimer_v3_model_3_seed_000.pdb
ATP5PD___RPS12,4,1,A,B,0.0000,0.0,0.0,0.0000,0.1541,0.0000,0.0000,0.0,0.0,0.1400,38.9,71.5,0.420,0,0,0,0,,,,,161,132,,,,,ATP5PD___RPS12_unrelaxed_rank_004_alphafold2_multimer_v3_model_1_seed_000.pdb
ATP5PD___RPS12,5,2,A,B,0.0000,0.0,0.0,0.0000,0.0520,0.0000,0.0000,0.0,0.0,0.0700,52.4,70.4,0.380,0,0,0,0,,,,,161,132,,,,,ATP5PD___RPS12_unrelaxed_rank_005_alphafold2_multimer_v3_model_2_seed_000.pdb
ATP5PD___SF1,1,4,A,B,0.0000,0.0,0.0,0.0000,0.1270,0.0000,0.0000,0.0,0.0,0.1200,67.4,36.7,0.230,0,0,0,0,,,,,161,639,,,,,ATP5PD___SF1_unrelaxed_rank_001_alphafold2_multimer_v3_model_4_seed_000.pdb
ATP5PD___SF1,2,1,A,B,0.0000,0.0,0.0,0.0000,0.1233,0.0000,0.0000,0.0,0.0,0.1200,64.3,39.0,0.230,0,0,0,0,,,,,161,639,,,,,ATP5PD___SF1_unrelaxed_rank_002_alphafold2_multimer_v3_model_1_seed_000.pdb
ATP5PD___SF1,3,5,A,B,0.0000,0.0,0.0,0.0000,0.0000,0.0000,0.0000,0.0,0.0,0.1100,66.8,38.8,0.250,0,0,0,0,,,,,161,639,,,,,ATP5PD___SF1_unrelaxed_rank_003_alphafold2_multimer_v3_model_5_seed_000.pdb
ATP5PD___SF1,4,3,A,B,0.0000,0.0,0.0,0.0000,0.0000,0.0000,0.0000,0.0,0.0,0.1100,70.1,39.0,0.240,0,0,0,0,,,,,161,639,,,,,ATP5PD___SF1_unrelaxed_rank_004_alphafold2_multimer_v3_model_3_seed_000.pdb
ATP5PD___SF1,5,2,A,B,0.0000,0.0,0.0,0.0000,0.1034,0.0000,0.0000,0.0,0.0,0.1100,66.1,37.5,0.230,0,0,0,0,,,,,161,639,,,,,ATP5PD___SF1_unrelaxed_rank_005_alphafold2_multimer_v3_model_2_seed_000.pdb
ATP5PD___XRN2,1,2,A,B,0.0000,0.0,0.0,0.0000,0.2337,0.0000,0.0000,0.0,0.0,0.2000,45.8,72.0,0.670,0,0,0,0,,,,,161,950,,,,,ATP5PD___XRN2_unrelaxed_rank_001_alphafold2_multimer_v3_model_2_seed_000.pdb
ATP5PD___XRN2,2,4,A,B,0.0000,0.0,0.0,0.0000,0.2156,0.0000,0.0000,0.0,0.0,0.2000,45.6,71.5,0.660,0,0,0,0,,,,,161,950,,,,,ATP5PD___XRN2_unrelaxed_rank_002_alphafold2_multimer_v3_model_4_seed_000.pdb
ATP5PD___XRN2,3,1,A,B,0.0000,0.0,0.0,0.0000,0.2246,0.0000,0.0000,0.0,0.0,0.1900,41.0,71.2,0.660,0,0,0,0,,,,,161,950,,,,,ATP5PD___XRN2_unrelaxed_rank_003_alphafold2_multimer_v3_model_1_seed_000.pdb
ATP5PD___XRN2,4,3,A,B,0.0000,0.0,0.0,0.0000,0.2101,0.0000,0.0000,0.0,0.0,0.1800,51.9,70.2,0.650,0,0,0,0,,,,,161,950,,,,,ATP5PD___XRN2_unrelaxed_rank_004_alphafold2_multimer_v3_model_3_seed_000.pdb
ATP5PD___XRN2,5,5,A,B,0.0000,0.0,0.0,0.0000,0.1625,0.0000,0.0000,0.0,0.0,0.1700,50.2,71.4,0.670,0,0,0,0,,,,,161,950,,,,,ATP5PD___XRN2_unrelaxed_rank_005_alphafold2_multimer_v3_model_5_seed_000.pdb
ATXN2L___CDC5L,1,3,A,B,0.1750,185.7,32.5,0.0168,0.7800,0.1247,0.2456,1149.0,30.0,0.2800,24.8,58.2,0.260,18,90,7,8,62.2,83.9,63.3,75.1,1075,802,[538-555],"[537-542,545,566-588,612-616,623-671,677-679,689,693,696]","[542,545-546,548-549,552,554]","[643,646-649,656,659-660]",ATXN2L___CDC5L_unrelaxed_rank_001_alphafold2_multimer_v3_model_3_seed_000.pdb
ATXN2L___CDC5L,2,1,A,B,0.1758,116.9,20.6,0.0169,0.7798,0.1402,0.2204,526.0,26.0,0.2500,25.5,56.5,0.250,13,88,8,8,46.1,82.0,47.3,77.8,1075,802,[653-665],"[541-542,545-546,570-578,580-585,588,615,628,630-632,634-644,653-704]","[654-659,663,665]","[659-660,663-664,667-668,678-679]",ATXN2L___CDC5L_unrelaxed_rank_002_alphafold2_multimer_v3_model_1_seed_000.pdb
ATXN2L___CDC5L,3,2,A,B,0.0000,0.0,0.0,0.0000,0.5285,0.0000,0.0000,0.0,0.0,0.1900,24.4,56.7,0.240,0,0,0,0,,,,,1075,802,,,,,ATXN2L___CDC5L_unrelaxed_rank_003_alphafold2_multimer_v3_model_2_seed_000.pdb
ATXN2L___CDC5L,4,5,A,B,0.0000,0.0,0.0,0.0000,0.1982,0.0000,0.0000,0.0,0.0,0.1800,24.4,57.1,0.250,0,0,0,0,,,,,1075,802,,,,,ATXN2L___CDC5L_unrelaxed_rank_004_alphafold2_multimer_v3_model_5_seed_000.pdb
ATXN2L___CDC5L,5,4,A,B,0.0000,0.0,0.0,0.0000,0.2373,0.0000,0.0000,0.0,0.0,0.1700,22.6,54.4,0.240,0,0,0,0,,,,,1075,802,,,,,ATXN2L___CDC5L_unrelaxed_rank_005_alphafold2_multimer_v3_model_4_seed_000.pdb
ATXN2L___GFP,1,3,A,B,0.2159,934.1,201.7,0.1104,0.8312,0.1724,0.2704,8232.0,106.0,0.6500,26.3,89.1,0.320,39,228,21,23,60.6,91.4,60.6,87.6,1075,238,[512-550],[2-229],"[514-515,517-518,523,526-534,538-539,541-542,545-546,549]","[3,6-7,9-13,15,32-34,88-90,114-118,120,122,191]",ATXN2L___GFP_unrelaxed_rank_001_alphafold2_multimer_v3_model_3_seed_000.pdb
ATXN2L___GFP,2,5,A,B,0.0000,0.0,0.0,0.0000,0.2361,0.0000,0.0000,0.0,0.0,0.2200,24.8,90.9,0.290,0,0,0,0,,,,,1075,238,,,,,ATXN2L___GFP_unrelaxed_rank_002_alphafold2_multimer_v3_model_5_seed_000.pdb
ATXN2L___GFP,3,1,A,B,0.0000,0.0,0.0,0.0000,0.1768,0.0000,0.0000,0.0,0.0,0.1800,24.5,89.9,0.290,0,0,0,0,,,,,1075,238,,,,,ATXN2L___GFP_unrelaxed_rank_003_alphafold2_multimer_v3_model_1_seed_000.pdb
ATXN2L___GFP,4,4,A,B,0.0000,0.0,0.0,0.0000,0.2009,0.0000,0.0000,0.0,0.0,0.1800,22.9,88.0,0.290,0,0,0,0,,,,,1075,238,,,,,ATXN2L___GFP_unrelaxed_rank_004_alphafold2_multimer_v3_model_4_seed_000.pdb
ATXN2L___GFP,5,2,A,B,0.0000,0.0,0.0,0.0000,0.2178,0.0000,0.0000,0.0,0.0,0.1700,23.2,91.5,0.300,0,0,0,0,,,,,1075,238,,,,,ATXN2L___GFP_unrelaxed_rank_005_alphafold2_multimer_v3_model_2_seed_000.pdb
ATXN2L___PCCA,1,4,A,B,0.0000,0.0,0.0,0.0000,0.3612,0.0000,0.0000,0.0,0.0,0.2300,21.9,81.7,0.450,0,0,0,0,,,,,1075,728,,,,,ATXN2L___PCCA_unrelaxed_rank_001_alphafold2_multimer_v3_model_4_seed_000.pdb
ATXN2L___PCCA,2,5,A,B,0.0000,0.0,0.0,0.0000,0.2589,0.0000,0.0000,0.0,0.0,0.2000,24.3,83.8,0.450,0,0,0,0,,,,,1075,728,,,,,ATXN2L___PCCA_unrelaxed_rank_002_alphafold2_multimer_v3_model_5_seed_000.pdb
ATXN2L___PCCA,3,3,A,B,0.0000,0.0,0.0,0.0000,0.2970,0.0000,0.0000,0.0,0.0,0.2000,23.6,83.9,0.460,0,0,0,0,,,,,1075,728,,,,,ATXN2L___PCCA_unrelaxed_rank_003_alphafold2_multimer_v3_model_3_seed_000.pdb
ATXN2L___PCCA,4,1,A,B,0.0000,0.0,0.0,0.0000,0.1862,0.0000,0.0000,0.0,0.0,0.1900,23.8,83.9,0.450,0,0,0,0,,,,,1075,728,,,,,ATXN2L___PCCA_unrelaxed_rank_004_alphafold2_multimer_v3_model_1_seed_000.pdb
ATXN2L___PCCA,5,2,A,B,0.0000,0.0,0.0,0.0000,0.1987,0.0000,0.0000,0.0,0.0,0.1800,22.8,84.8,0.450,0,0,0,0,,,,,1075,728,,,,,ATXN2L___PCCA_unrelaxed_rank_005_alphafold2_multimer_v3_model_2_seed_000.pdb
CCAR2___PCCA,1,4,A,B,0.0000,0.0,0.0,0.0000,0.1971,0.0000,0.0000,0.0,0.0,0.2000,50.1,80.8,0.470,0,0,0,0,,,,,923,728,,,,,CCAR2___PCCA_unrelaxed_rank_001_alphafold2_multimer_v3_model_4_seed_000.pdb
CCAR2___PCCA,2,1,A,B,0.0000,0.0,0.0,0.0000,0.1847,0.0000,0.0000,0.0,0.0,0.1900,51.2,83.2,0.480,0,0,0,0,,,,,923,728,,,,,CCAR2___PCCA_unrelaxed_rank_002_alphafold2_multimer_v3_model_1_seed_000.pdb
CCAR2___PCCA,3,5,A,B,0.0000,0.0,0.0,0.0000,0.1904,0.0000,0.0000,0.0,0.0,0.1900,51.4,82.3,0.470,0,0,0,0,,,,,923,728,,,,,CCAR2___PCCA_unrelaxed_rank_003_alphafold2_multimer_v3_model_5_seed_000.pdb
CCAR2___PCCA,4,3,A,B,0.0000,0.0,0.0,0.0000,0.2098,0.0000,0.0000,0.0,0.0,0.1900,51.1,82.9,0.480,0,0,0,0,,,,,923,728,,,,,CCAR2___PCCA_unrelaxed_rank_004_alphafold2_multimer_v3_model_3_seed_000.pdb
CCAR2___PCCA,5,2,A,B,0.0000,0.0,0.0,0.0000,0.2009,0.0000,0.0000,0.0,0.0,0.1800,53.1,83.7,0.470,0,0,0,0,,,,,923,728,,,,,CCAR2___PCCA_unrelaxed_rank_005_alphafold2_multimer_v3_model_2_seed_000.pdb
CCAR2___RB1,1,5,A,B,0.2745,641.5,176.1,0.1526,0.9080,0.2066,0.3648,7095.0,58.0,0.4800,53.0,66.8,0.470,19,501,12,20,46.0,90.7,48.1,88.8,923,928,[648-666],"[56-82,96-172,190-206,211-228,275-278,287-300,317-329,331-337,339-343,375-388,396-436,438-467,473-498,513-539,542-577,602-607,645-783]","[648,650,652-655,659-660,662-665]","[709-710,713-714,721-722,725,739-740,751-754,756-757,761,765,768-769,772]",CCAR2___RB1_unrelaxed_rank_001_alphafold2_multimer_v3_model_5_seed_000.pdb
CCAR2___RB1,2,3,A,B,0.2520,544.5,137.2,0.1349,0.8666,0.1793,0.3542,5702.0,52.0,0.4800,52.9,66.2,0.480,17,482,11,19,42.6,90.6,44.3,88.1,923,928,[648-664],"[57-81,97-111,113-124,126-138,140-169,190-206,211-227,276-278,287-300,317-328,332-337,339-342,375-387,396-397,399-407,409-436,438-467,473-498,513-539,542-577,603-606,645-783]","[648,650,652-655,659-660,662-664]","[709-710,713-714,721-722,725,739-740,751-753,756-757,761,765,768-769,772]",CCAR2___RB1_unrelaxed_rank_002_alphafold2_multimer_v3_model_3_seed_000.pdb
CCAR2___RB1,3,4,A,B,0.2806,661.6,185.6,0.1602,0.9222,0.2037,0.3865,6948.0,63.0,0.4700,51.3,66.6,0.470,21,472,13,21,45.1,89.8,47.2,86.2,923,928,[646-666],"[57-64,66-82,96-169,172,190-203,205-206,212-228,277,287-300,317-328,331-337,375,377-379,381-389,396-397,399-405,409-435,439-465,474-498,513-539,542-577,605-606,645-783]","[646,648,650,652-655,659-660,662-665]","[709-710,713-714,721-722,739-741,750-754,756-757,761,765,768-769,772]",CCAR2___RB1_unrelaxed_rank_003_alphafold2_multimer_v3_model_4_seed_000.pdb
CCAR2___RB1,4,1,A,B,0.2640,489.1,129.1,0.1779,0.8984,0.2084,0.3344,3797.0,63.0,0.4500,51.7,66.1,0.470,17,308,11,20,46.8,89.1,48.6,85.7,923,928,[648-664],"[102,105,131,152,154,156-157,160-161,195,198-199,201,213-215,217-224,379,381-382,384-386,400-401,403-404,412,414-434,439-465,475-498,514-538,542-577,605-606,646-783]","[648,650,652-655,659-660,662-664]","[709-710,713-714,721-722,725,739-740,751-754,756-757,761,765,768-769,772]",CCAR2___RB1_unrelaxed_rank_004_alphafold2_multimer_v3_model_1_seed_000.pdb
CCAR2___RB1,5,2,A,B,0.2877,668.0,192.2,0.1520,0.9254,0.2132,0.3884,7082.0,63.0,0.4500,54.5,67.0,0.470,20,474,12,21,48.3,90.6,51.3,88.2,923,928,[647-666],"[57-58,60-62,64,67-81,97-111,115-124,126-138,141-169,190-206,212-228,276-278,285-300,317-328,331-337,339,341-342,375-389,395-407,409-436,438-465,473-498,513-539,542-577,646-783]","[648,650,652-655,659-660,662-665]","[709-710,713-714,721-722,725,739-740,750-754,756-757,761,765,768-769,772]",CCAR2___RB1_unrelaxed_rank_005_alphafold2_multimer_v3_model_2_seed_000.pdb
CCAR2___SAR1A,1,4,A,B,0.0000,0.0,0.0,0.0000,0.1911,0.0000,0.0000,0.0,0.0,0.2500,55.1,62.0,0.460,0,0,0,0,,,,,923,198,,,,,CCAR2___SAR1A_unrelaxed_rank_001_alphafold2_multimer_v3_model_4_seed_000.pdb
CCAR2___SAR1A,2,1,A,B,0.0000,0.0,0.0,0.0000,0.2677,0.0000,0.0000,0.0,0.0,0.2300,57.0,62.8,0.450,0,0,0,0,,,,,923,198,,,,,CCAR2___SAR1A_unrelaxed_rank_002_alphafold2_multimer_v3_model_1_seed_000.pdb
CCAR2___SAR1A,3,3,A,B,0.0000,0.0,0.0,0.0000,0.1581,0.0000,0.0000,0.0,0.0,0.2000,56.3,62.1,0.460,0,0,0,0,,,,,923,198,,,,,CCAR2___SAR1A_unrelaxed_rank_003_alphafold2_multimer_v3_model_3_seed_000.pdb
CCAR2___SAR1A,4,5,A,B,0.0000,0.0,0.0,0.0000,0.1489,0.0000,0.0000,0.0,0.0,0.1900,57.2,70.9,0.460,0,0,0,0,,,,,923,198,,,,,CCAR2___SAR1A_unrelaxed_rank_004_alphafold2_multimer_v3_model_5_seed_000.pdb
CCAR2___SAR1A,5,2,A,B,0.0000,0.0,0.0,0.0000,0.1549,0.0000,0.0000,0.0,0.0,0.1700,57.4,66.0,0.460,0,0,0,0,,,,,923,198,,,,,CCAR2___SAR1A_unrelaxed_rank_005_alphafold2_multimer_v3_model_2_seed_000.pdb
CCNT1___PSPC1,1,2,A,B,0.0861,106.7,9.2,0.0127,0.5903,0.0728,0.1019,495.0,23.0,0.2300,44.4,59.0,0.330,174,6,10,5,92.0,43.4,80.8,44.0,726,523,"[13-16,18-19,23-26,30-35,37-52,54-68,70,72,74-75,78,83-88,90-92,94-95,101-111,130,133,136-137,139-140,143-144,147,149-174,177-180,182-217,219-238,240,242-245]",[5-10],"[164-167,170,209-213]",[6-10],CCNT1___PSPC1_unrelaxed_rank_001_alphafold2_multimer_v3_model_2_seed_000.pdb
CCNT1___PSPC1,2,1,A,B,0.0683,27.0,1.8,0.0108,0.5449,0.0520,0.0897,52.0,14.0,0.2100,43.2,59.2,0.320,28,5,8,5,81.1,38.0,75.1,38.0,726,523,"[152,154,158,160-161,163-168,170,192,194-195,206,208,210-214,220-221,223-224,236,243]",[6-10],"[164-167,170,210-211,213]",[6-10],CCNT1___PSPC1_unrelaxed_rank_002_alphafold2_multimer_v3_model_1_seed_000.pdb
CCNT1___PSPC1,3,4,A,B,0.0477,123.3,5.9,0.0114,0.5496,0.0444,0.0514,950.0,16.0,0.2100,41.8,58.3,0.320,198,16,11,7,88.6,33.2,74.7,35.6,726,523,"[12-26,29-95,99-112,129-131,133-144,148-211,213,221-226,229-244]","[10,12-15,18-19,34-42]","[167,173,176-177,180,205-206,208-211]","[12-14,19,37-38,41]",CCNT1___PSPC1_unrelaxed_rank_003_alphafold2_multimer_v3_model_4_seed_000.pdb
CCNT1___PSPC1,4,5,A,B,0.0414,38.7,1.6,0.0119,0.5660,0.0362,0.0473,166.0,9.0,0.2100,43.5,58.5,0.310,92,5,6,3,90.1,37.7,81.8,40.4,726,523,"[18,34,37-39,41-42,45,48,55,59-61,63,86,91,103-105,107-108,137,140,143,152-176,179-180,187,192-208,211-216,219-227,229-230,234,236-238,240-241]",[6-10],"[165-167,170,211,213]",[7-9],CCNT1___PSPC1_unrelaxed_rank_004_alphafold2_multimer_v3_model_5_seed_000.pdb
CCNT1___PSPC1,5,3,A,B,0.0603,16.6,1.0,0.0112,0.4883,0.0574,0.0632,46.0,6.0,0.2100,43.6,58.4,0.320,32,4,4,4,86.6,39.7,79.1,39.7,726,523,"[34,156-157,160-163,165-168,172-173,193,196-202,204-206,208,210-212,214,220-222]",[7-10],"[166-167,210-211]",[7-10],CCNT1___PSPC1_unrelaxed_rank_005_alphafold2_multimer_v3_model_3_seed_000.pdb
CCNT1___PTBP1,1,3,A,B,0.0279,1.0,0.0,0.0000,0.4153,0.0279,0.0279,1.0,1.0,0.2000,42.5,62.9,0.330,1,1,1,1,77.2,38.7,77.2,38.7,726,557,[211],[11],[211],[11],CCNT1___PTBP1_unrelaxed_rank_001_alphafold2_multimer_v3_model_3_seed_000.pdb
CCNT1___PTBP1,2,1,A,B,0.0000,0.0,0.0,0.0000,0.2416,0.0000,0.0000,0.0,0.0,0.1900,42.1,60.6,0.320,0,0,0,0,,,,,726,557,,,,,CCNT1___PTBP1_unrelaxed_rank_002_alphafold2_multimer_v3_model_1_seed_000.pdb
CCNT1___PTBP1,3,5,A,B,0.0000,0.0,0.0,0.0000,0.3008,0.0000,0.0000,0.0,0.0,0.1700,42.5,64.4,0.320,0,0,0,0,,,,,726,557,,,,,CCNT1___PTBP1_unrelaxed_rank_003_alphafold2_multimer_v3_model_5_seed_000.pdb
CCNT1___PTBP1,4,2,A,B,0.0000,0.0,0.0,0.0000,0.1663,0.0000,0.0000,0.0,0.0,0.1600,44.8,65.1,0.330,0,0,0,0,,,,,726,557,,,,,CCNT1___PTBP1_unrelaxed_rank_004_alphafold2_multimer_v3_model_2_seed_000.pdb
CCNT1___PTBP1,5,4,A,B,0.0000,0.0,0.0,0.0000,0.1801,0.0000,0.0000,0.0,0.0,0.1600,41.8,61.5,0.310,0,0,0,0,,,,,726,557,,,,,CCNT1___PTBP1_unrelaxed_rank_005_alphafold2_multimer_v3_model_4_seed_000.pdb
CCNT1___U2SURP,1,3,A,B,0.2061,162.5,33.5,0.0211,0.7925,0.1508,0.2816,978.0,27.0,0.3000,42.8,47.2,0.290,214,8,10,4,90.7,42.5,85.9,49.2,726,1029,"[12-20,22-26,29-52,54-76,78-79,82-95,97-112,126,128-247]",[757-764],"[163-165,212-213,215-217,221,224]",[759-762],CCNT1___U2SURP_unrelaxed_rank_001_alphafold2_multimer_v3_model_3_seed_000.pdb
CCNT1___U2SURP,2,5,A,B,0.1519,98.4,14.9,0.0252,0.6678,0.1090,0.2117,461.0,21.0,0.2900,43.4,47.7,0.290,194,5,9,4,92.2,41.2,86.4,43.8,726,1029,"[13-20,22-27,29-42,44-46,48-49,51-52,54-75,78,83-95,100-108,130-144,147-245]",[229-233],"[163-165,212-213,215-217,221]",[229-232],CCNT1___U2SURP_unrelaxed_rank_002_alphafold2_multimer_v3_model_5_seed_000.pdb
CCNT1___U2SURP,3,2,A,B,0.0250,14.0,0.3,0.0108,0.5848,0.0243,0.0258,39.0,5.0,0.2200,44.5,49.2,0.300,36,2,5,2,91.3,37.7,88.2,37.7,726,1029,"[13,18,34,51,54,86,101,103,105,107,130,134,159-164,170,172,201,211-214,216-217,219-221,223-225,237,240-241]",[760-761],"[163-164,212-213,221]",[760-761],CCNT1___U2SURP_unrelaxed_rank_003_alphafold2_multimer_v3_model_2_seed_000.pdb
CCNT1___U2SURP,4,1,A,B,0.0000,0.0,0.0,0.0000,0.3077,0.0000,0.0000,0.0,0.0,0.2000,42.8,46.4,0.300,0,0,0,0,,,,,726,1029,,,,,CCNT1___U2SURP_unrelaxed_rank_004_alphafold2_multimer_v3_model_1_seed_000.pdb
CCNT1___U2SURP,5,4,A,B,0.0000,0.0,0.0,0.0000,0.4012,0.0000,0.0000,0.0,0.0,0.1900,41.8,45.2,0.290,0,0,0,0,,,,,726,1029,,,,,CCNT1___U2SURP_unrelaxed_rank_005_alphafold2_multimer_v3_model_4_seed_000.pdb
CDC37___DNAJA1,1,3,A,B,0.0277,9.2,0.3,0.0000,0.3735,0.0238,0.0322,28.0,3.0,0.2600,61.8,67.3,0.330,14,6,3,2,74.9,58.7,71.8,58.2,378,397,"[197,199-200,206,267-271,273-276,279]","[24-27,29-30]","[199-200,275]",[29-30],CDC37___DNAJA1_unrelaxed_rank_001_alphafold2_multimer_v3_model_3_seed_000.pdb
CDC37___DNAJA1,2,1,A,B,0.0976,135.7,13.2,0.0147,0.5316,0.0756,0.1260,449.0,41.0,0.1900,65.5,72.1,0.340,110,10,14,9,85.4,39.0,78.0,39.2,378,397,"[151-152,155-162,164,167-182,184-200,202-243,246-267,269-270]",[84-93],"[214,217-218,221-222,225-226,237,240,248,251-252,254-255]","[84-85,87-93]",CDC37___DNAJA1_unrelaxed_rank_002_alphafold2_multimer_v3_model_1_seed_000.pdb
CDC37___DNAJA1,3,5,A,B,0.0200,2.4,0.0,0.0000,0.3801,0.0206,0.0194,3.0,2.0,0.1600,62.6,71.2,0.340,3,2,2,1,70.6,31.3,70.1,30.8,378,397,"[221,225,251]",[87-88],"[221,225]",[87],CDC37___DNAJA1_unrelaxed_rank_003_alphafold2_multimer_v3_model_5_seed_000.pdb
CDC37___DNAJA1,4,4,A,B,0.0000,0.0,0.0,0.0000,0.1863,0.0000,0.0000,0.0,0.0,0.1300,62.4,71.2,0.350,0,0,0,0,,,,,378,397,,,,,CDC37___DNAJA1_unrelaxed_rank_004_alphafold2_multimer_v3_model_4_seed_000.pdb
CDC37___DNAJA1,5,2,A,B,0.0000,0.0,0.0,0.0000,0.1211,0.0000,0.0000,0.0,0.0,0.1200,64.3,72.2,0.330,0,0,0,0,,,,,378,397,,,,,CDC37___DNAJA1_unrelaxed_rank_005_alphafold2_multimer_v3_model_2_seed_000.pdb
CDC37___HMGB1,1,4,A,B,0.0000,0.0,0.0,0.0000,0.1265,0.0000,0.0000,0.0,0.0,0.1300,67.4,57.3,0.370,0,0,0,0,,,,,378,215,,,,,CDC37___HMGB1_unrelaxed_rank_001_alphafold2_multimer_v3_model_4_seed_000.pdb
CDC37___HMGB1,2,2,A,B,0.0000,0.0,0.0,0.0000,0.0994,0.0000,0.0000,0.0,0.0,0.1100,68.4,57.0,0.360,0,0,0,0,,,,,378,215,,,,,CDC37___HMGB1_unrelaxed_rank_002_alphafold2_multimer_v3_model_2_seed_000.pdb
CDC37___HMGB1,3,3,A,B,0.0000,0.0,0.0,0.0000,0.1357,0.0000,0.0000,0.0,0.0,0.1100,66.2,57.7,0.360,0,0,0,0,,,,,378,215,,,,,CDC37___HMGB1_unrelaxed_rank_003_alphafold2_multimer_v3_model_3_seed_000.pdb
CDC37___HMGB1,4,5,A,B,0.0000,0.0,0.0,0.0000,0.0989,0.0000,0.0000,0.0,0.0,0.1100,65.3,59.2,0.350,0,0,0,0,,,,,378,215,,,,,CDC37___HMGB1_unrelaxed_rank_004_alphafold2_multimer_v3_model_5_seed_000.pdb
CDC37___HMGB1,5,1,A,B,0.0000,0.0,0.0,0.0000,0.1053,0.0000,0.0000,0.0,0.0,0.1000,68.4,59.7,0.340,0,0,0,0,,,,,378,215,,,,,CDC37___HMGB1_unrelaxed_rank_005_alphafold2_multimer_v3_model_1_seed_000.pdb
CDK4___ZNF503,1,2,A,B,0.2476,1262.9,312.7,0.0680,0.8486,0.2234,0.2744,6845.0,233.0,0.5200,80.6,20.7,0.420,274,28,48,22,83.7,46.7,68.5,49.5,303,646,"[6-41,48-81,85-165,168,170-173,175-239,242,244-295]",[103-130],"[10,12-18,20,22,33,35-39,52-53,55-57,60,72,89,91,93-99,102,140,144-145,147,157-164,170-172]","[106-109,111-128]",CDK4___ZNF503_unrelaxed_rank_001_alphafold2_multimer_v3_model_2_seed_000.pdb
CDK4___ZNF503,2,5,A,B,0.1300,902.3,117.3,0.0156,0.6433,0.1204,0.1404,4652.0,175.0,0.4400,78.0,20.2,0.400,261,23,42,19,82.5,42.6,66.2,43.9,303,646,"[6-40,48-80,85-109,112-164,178-239,243-295]",[105-127],"[12-20,33,35,37-39,52-53,56-57,59-60,72,89,91,93,95-99,102,139-140,142,144-145,147,157-162]","[107-108,110-126]",CDK4___ZNF503_unrelaxed_rank_002_alphafold2_multimer_v3_model_5_seed_000.pdb
CDK4___ZNF503,3,4,A,B,0.0000,0.0,0.0,0.0000,0.3720,0.0000,0.0000,0.0,0.0,0.3500,73.9,20.5,0.400,0,0,0,0,,,,,303,646,,,,,CDK4___ZNF503_unrelaxed_rank_003_alphafold2_multimer_v3_model_4_seed_000.pdb
CDK4___ZNF503,4,3,A,B,0.0000,0.0,0.0,0.0000,0.3147,0.0000,0.0000,0.0,0.0,0.2400,76.0,19.6,0.400,0,0,0,0,,,,,303,646,,,,,CDK4___ZNF503_unrelaxed_rank_004_alphafold2_multimer_v3_model_3_seed_000.pdb
CDK4___ZNF503,5,1,A,B,0.0000,0.0,0.0,0.0000,0.3672,0.0000,0.0000,0.0,0.0,0.2000,77.7,22.4,0.400,0,0,0,0,,,,,303,646,,,,,CDK4___ZNF503_unrelaxed_rank_005_alphafold2_multimer_v3_model_1_seed_000.pdb
CHERP___FUBP3,1,5,A,B,0.0054,2.6,0.0,0.0000,0.4836,0.0140,0.0021,7.0,1.0,0.2200,48.0,46.3,0.300,6,4,1,1,86.1,33.1,90.0,28.1,916,572,"[169-170,210,258,260,262]","[546,549-551]",[262],[551],CHERP___FUBP3_unrelaxed_rank_001_alphafold2_multimer_v3_model_5_seed_000.pdb
CHERP___FUBP3,2,1,A,B,0.0000,0.0,0.0,0.0000,0.3600,0.0000,0.0000,0.0,0.0,0.2100,46.5,43.6,0.300,0,0,0,0,,,,,916,572,,,,,CHERP___FUBP3_unrelaxed_rank_002_alphafold2_multimer_v3_model_1_seed_000.pdb
CHERP___FUBP3,3,2,A,B,0.0000,0.0,0.0,0.0000,0.4024,0.0000,0.0000,0.0,0.0,0.1900,48.9,48.1,0.300,0,0,0,0,,,,,916,572,,,,,CHERP___FUBP3_unrelaxed_rank_003_alphafold2_multimer_v3_model_2_seed_000.pdb
CHERP___FUBP3,4,4,A,B,0.0000,0.0,0.0,0.0000,0.2600,0.0000,0.0000,0.0,0.0,0.1900,45.7,44.1,0.290,0,0,0,0,,,,,916,572,,,,,CHERP___FUBP3_unrelaxed_rank_004_alphafold2_multimer_v3_model_4_seed_000.pdb
CHERP___FUBP3,5,3,A,B,0.0000,0.0,0.0,0.0000,0.3340,0.0000,0.0000,0.0,0.0,0.1800,47.0,44.5,0.290,0,0,0,0,,,,,916,572,,,,,CHERP___FUBP3_unrelaxed_rank_005_alphafold2_multimer_v3_model_3_seed_000.pdb
CIZ1___CDC37,1,4,A,B,0.3393,940.9,319.2,0.2283,0.8908,0.2357,0.4884,9519.0,93.0,0.4200,26.4,66.9,0.300,52,141,17,20,70.1,79.5,64.5,77.6,898,378,"[590-640,700]",[139-279],"[595-597,599,624-625,627-629,631-637,639]","[179,218,221-222,225-226,228-229,231-233,236-237,239-240,244,248,251,255,258]",CIZ1___CDC37_unrelaxed_rank_001_alphafold2_multimer_v3_model_4_seed_000.pdb
CIZ1___CDC37,2,5,A,B,0.0788,113.8,9.0,0.0182,0.6210,0.0779,0.0797,719.0,18.0,0.3400,27.0,69.8,0.270,12,124,7,11,39.1,86.6,40.3,87.1,898,378,"[146-154,158-160]","[149-232,234-242,246-276]","[147,149-151,158-160]","[184,187-188,191,217,221,251,259,262-263,266]",CIZ1___CDC37_unrelaxed_rank_002_alphafold2_multimer_v3_model_5_seed_000.pdb
CIZ1___CDC37,3,3,A,B,0.0000,0.0,0.0,0.0000,0.3413,0.0000,0.0000,0.0,0.0,0.2300,25.2,68.0,0.280,0,0,0,0,,,,,898,378,,,,,CIZ1___CDC37_unrelaxed_rank_003_alphafold2_multimer_v3_model_3_seed_000.pdb
CIZ1___CDC37,4,1,A,B,0.0000,0.0,0.0,0.0000,0.3719,0.0000,0.0000,0.0,0.0,0.2200,27.1,67.3,0.270,0,0,0,0,,,,,898,378,,,,,CIZ1___CDC37_unrelaxed_rank_004_alphafold2_multimer_v3_model_1_seed_000.pdb
CIZ1___CDC37,5,2,A,B,0.0000,0.0,0.0,0.0000,0.1400,0.0000,0.0000,0.0,0.0,0.1600,26.7,71.6,0.260,0,0,0,0,,,,,898,378,,,,,CIZ1___CDC37_unrelaxed_rank_005_alphafold2_multimer_v3_model_2_seed_000.pdb
CIZ1___FAM50A,1,5,A,B,0.0000,0.0,0.0,0.0000,0.3582,0.0000,0.0000,0.0,0.0,0.2600,29.6,59.9,0.260,0,0,0,0,,,,,898,339,,,,,CIZ1___FAM50A_unrelaxed_rank_001_alphafold2_multimer_v3_model_5_seed_000.pdb
CIZ1___FAM50A,2,4,A,B,0.0000,0.0,0.0,0.0000,0.3683,0.0000,0.0000,0.0,0.0,0.1900,26.8,54.0,0.240,0,0,0,0,,,,,898,339,,,,,CIZ1___FAM50A_unrelaxed_rank_002_alphafold2_multimer_v3_model_4_seed_000.pdb
CIZ1___FAM50A,3,1,A,B,0.0000,0.0,0.0,0.0000,0.2036,0.0000,0.0000,0.0,0.0,0.1800,27.8,62.1,0.250,0,0,0,0,,,,,898,339,,,,,CIZ1___FAM50A_unrelaxed_rank_003_alphafold2_multimer_v3_model_1_seed_000.pdb
CIZ1___FAM50A,4,3,A,B,0.0000,0.0,0.0,0.0000,0.2575,0.0000,0.0000,0.0,0.0,0.1800,28.4,58.2,0.250,0,0,0,0,,,,,898,339,,,,,CIZ1___FAM50A_unrelaxed_rank_004_alphafold2_multimer_v3_model_3_seed_000.pdb
CIZ1___FAM50A,5,2,A,B,0.0000,0.0,0.0,0.0000,0.0000,0.0000,0.0000,0.0,0.0,0.1500,29.0,65.0,0.240,0,0,0,0,,,,,898,339,,,,,CIZ1___FAM50A_unrelaxed_rank_005_alphafold2_multimer_v3_model_2_seed_000.pdb
CIZ1___SRSF11,1,4,A,B,0.0378,11.0,0.4,0.0000,0.4852,0.0459,0.0311,30.0,4.0,0.2400,26.9,31.2,0.240,13,14,3,2,68.1,80.7,70.3,71.2,898,484,"[687,693,696-697,699-705,710-711]","[37,40,56,63,79,82-83,85-88,90-91,103]","[701,704-705]","[56,91]",CIZ1___SRSF11_unrelaxed_rank_001_alphafold2_multimer_v3_model_4_seed_000.pdb
CIZ1___SRSF11,2,3,A,B,0.0000,0.0,0.0,0.0000,0.4333,0.0000,0.0000,0.0,0.0,0.2200,26.7,30.6,0.240,0,0,0,0,,,,,898,484,,,,,CIZ1___SRSF11_unrelaxed_rank_002_alphafold2_multimer_v3_model_3_seed_000.pdb
CIZ1___SRSF11,3,1,A,B,0.0000,0.0,0.0,0.0000,0.3327,0.0000,0.0000,0.0,0.0,0.1900,25.5,30.5,0.230,0,0,0,0,,,,,898,484,,,,,CIZ1___SRSF11_unrelaxed_rank_003_alphafold2_multimer_v3_model_1_seed_000.pdb
CIZ1___SRSF11,4,2,A,B,0.0000,0.0,0.0,0.0000,0.2888,0.0000,0.0000,0.0,0.0,0.1800,27.3,32.7,0.220,0,0,0,0,,,,,898,484,,,,,CIZ1___SRSF11_unrelaxed_rank_004_alphafold2_multimer_v3_model_2_seed_000.pdb
CIZ1___SRSF11,5,5,A,B,0.0000,0.0,0.0,0.0000,0.2230,0.0000,0.0000,0.0,0.0,0.1600,29.2,32.7,0.220,0,0,0,0,,,,,898,484,,,,,CIZ1___SRSF11_unrelaxed_rank_005_alphafold2_multimer_v3_model_5_seed_000.pdb
DHX15___GFP,1,5,A,B,0.0446,68.8,3.1,0.0127,0.4698,0.0419,0.0475,430.0,11.0,0.3200,79.7,85.5,0.640,170,5,8,3,91.3,36.0,85.4,36.0,795,238,"[512,516,542-544,546,548,555-556,558-567,569-596,599-601,609-614,616-618,620-621,623-628,630-632,634-677,681-685,687-702,704,710-712,719,721,725-726,731-736,747-755,757-759,761-763,765-766,776-777,780,783]",[234-238],"[585,588-589,632,635-636,665,675]","[234,236-237]",DHX15___GFP_unrelaxed_rank_001_alphafold2_multimer_v3_model_5_seed_000.pdb
DHX15___GFP,2,3,A,B,0.0000,0.0,0.0,0.0000,0.3575,0.0050,0.0000,2.0,0.0,0.2800,79.3,86.5,0.620,2,2,0,0,96.7,40.7,,,795,238,[590-591],"[235,238]",,,DHX15___GFP_unrelaxed_rank_002_alphafold2_multimer_v3_model_3_seed_000.pdb
DHX15___GFP,3,1,A,B,0.0000,0.0,0.0,0.0000,0.3282,0.0000,0.0000,0.0,0.0,0.2500,77.3,84.3,0.580,0,0,0,0,,,,,795,238,,,,,DHX15___GFP_unrelaxed_rank_003_alphafold2_multimer_v3_model_1_seed_000.pdb
DHX15___GFP,4,2,A,B,0.0000,0.0,0.0,0.0000,0.3514,0.0000,0.0000,0.0,0.0,0.2100,78.2,84.2,0.610,0,0,0,0,,,,,795,238,,,,,DHX15___GFP_unrelaxed_rank_004_alphafold2_multimer_v3_model_2_seed_000.pdb
DHX15___GFP,5,4,A,B,0.0000,0.0,0.0,0.0000,0.2705,0.0000,0.0000,0.0,0.0,0.2100,77.7,82.5,0.610,0,0,0,0,,,,,795,238,,,,,DHX15___GFP_unrelaxed_rank_005_alphafold2_multimer_v3_model_4_seed_000.pdb
EDC3___PTBP1,1,1,A,B,0.0000,0.0,0.0,0.0000,0.2858,0.0000,0.0000,0.0,0.0,0.1900,61.4,60.2,0.360,0,0,0,0,,,,,508,557,,,,,EDC3___PTBP1_unrelaxed_rank_001_alphafold2_multimer_v3_model_1_seed_000.pdb
EDC3___PTBP1,2,2,A,B,0.0000,0.0,0.0,0.0000,0.2203,0.0000,0.0000,0.0,0.0,0.1700,60.8,63.7,0.350,0,0,0,0,,,,,508,557,,,,,EDC3___PTBP1_unrelaxed_rank_002_alphafold2_multimer_v3_model_2_seed_000.pdb
EDC3___PTBP1,3,3,A,B,0.0000,0.0,0.0,0.0000,0.1899,0.0000,0.0000,0.0,0.0,0.1700,60.0,62.5,0.350,0,0,0,0,,,,,508,557,,,,,EDC3___PTBP1_unrelaxed_rank_003_alphafold2_multimer_v3_model_3_seed_000.pdb
EDC3___PTBP1,4,5,A,B,0.0000,0.0,0.0,0.0000,0.1954,0.0000,0.0000,0.0,0.0,0.1700,61.5,64.5,0.350,0,0,0,0,,,,,508,557,,,,,EDC3___PTBP1_unrelaxed_rank_004_alphafold2_multimer_v3_model_5_seed_000.pdb
EDC3___PTBP1,5,4,A,B,0.0000,0.0,0.0,0.0000,0.1541,0.0000,0.0000,0.0,0.0,0.1600,60.6,61.2,0.340,0,0,0,0,,,,,508,557,,,,,EDC3___PTBP1_unrelaxed_rank_005_alphafold2_multimer_v3_model_4_seed_000.pdb
EDC3___RPS12,1,3,A,B,0.0000,0.0,0.0,0.0000,0.1612,0.0000,0.0000,0.0,0.0,0.2500,63.4,72.8,0.460,0,0,0,0,,,,,508,132,,,,,EDC3___RPS12_unrelaxed_rank_001_alphafold2_multimer_v3_model_3_seed_000.pdb
EDC3___RPS12,2,2,A,B,0.0000,0.0,0.0,0.0000,0.1920,0.0000,0.0000,0.0,0.0,0.2300,63.4,69.0,0.460,0,0,0,0,,,,,508,132,,,,,EDC3___RPS12_unrelaxed_rank_002_alphafold2_multimer_v3_model_2_seed_000.pdb
EDC3___RPS12,3,4,A,B,0.0000,0.0,0.0,0.0000,0.1467,0.0000,0.0000,0.0,0.0,0.2100,62.3,63.1,0.460,0,0,0,0,,,,,508,132,,,,,EDC3___RPS12_unrelaxed_rank_003_alphafold2_multimer_v3_model_4_seed_000.pdb
EDC3___RPS12,4,5,A,B,0.0000,0.0,0.0,0.0000,0.1389,0.0000,0.0000,0.0,0.0,0.2000,62.6,69.7,0.460,0,0,0,0,,,,,508,132,,,,,EDC3___RPS12_unrelaxed_rank_004_alphafold2_multimer_v3_model_5_seed_000.pdb
EDC3___RPS12,5,1,A,B,0.0000,0.0,0.0,0.0000,0.1128,0.0000,0.0000,0.0,0.0,0.1600,63.7,66.7,0.450,0,0,0,0,,,,,508,132,,,,,EDC3___RPS12_unrelaxed_rank_005_alphafold2_multimer_v3_model_1_seed_000.pdb
FUBP1___EDC3,1,5,A,B,0.0455,11.3,0.5,0.0134,0.5344,0.0495,0.0419,32.0,4.0,0.3300,43.7,62.8,0.350,19,12,3,2,78.9,90.5,80.4,67.1,644,508,"[282,286,288,290-293,296-304,325,335,339]","[316,341,345,353,366,368,371-372,387,420,426,431]","[297,300-301]",[371-372],FUBP1___EDC3_unrelaxed_rank_001_alphafold2_multimer_v3_model_5_seed_000.pdb
FUBP1___EDC3,2,2,A,B,0.0000,0.0,0.0,0.0000,0.2207,0.0000,0.0000,0.0,0.0,0.1700,43.0,62.6,0.330,0,0,0,0,,,,,644,508,,,,,FUBP1___EDC3_unrelaxed_rank_002_alphafold2_multimer_v3_model_2_seed_000.pdb
FUBP1___EDC3,3,3,A,B,0.0000,0.0,0.0,0.0000,0.3534,0.0000,0.0000,0.0,0.0,0.1700,43.3,62.5,0.340,0,0,0,0,,,,,644,508,,,,,FUBP1___EDC3_unrelaxed_rank_003_alphafold2_multimer_v3_model_3_seed_000.pdb
FUBP1___EDC3,4,1,A,B,0.0000,0.0,0.0,0.0000,0.2627,0.0000,0.0000,0.0,0.0,0.1700,41.0,62.9,0.340,0,0,0,0,,,,,644,508,,,,,FUBP1___EDC3_unrelaxed_rank_004_alphafold2_multimer_v3_model_1_seed_000.pdb
FUBP1___EDC3,5,4,A,B,0.0000,0.0,0.0,0.0000,0.1939,0.0000,0.0000,0.0,0.0,0.1600,39.0,61.2,0.320,0,0,0,0,,,,,644,508,,,,,FUBP1___EDC3_unrelaxed_rank_005_alphafold2_multimer_v3_model_4_seed_000.pdb
FUBP1___ZNF503,1,2,A,B,0.0000,0.0,0.0,0.0000,0.1600,0.0000,0.0000,0.0,0.0,0.1600,50.3,20.7,0.210,0,0,0,0,,,,,644,646,,,,,FUBP1___ZNF503_unrelaxed_rank_001_alphafold2_multimer_v3_model_2_seed_000.pdb
FUBP1___ZNF503,2,1,A,B,0.0000,0.0,0.0,0.0000,0.1718,0.0000,0.0000,0.0,0.0,0.1600,46.9,21.3,0.210,0,0,0,0,,,,,644,646,,,,,FUBP1___ZNF503_unrelaxed_rank_002_alphafold2_multimer_v3_model_1_seed_000.pdb
FUBP1___ZNF503,3,3,A,B,0.0000,0.0,0.0,0.0000,0.1709,0.0000,0.0000,0.0,0.0,0.1600,45.5,19.0,0.200,0,0,0,0,,,,,644,646,,,,,FUBP1___ZNF503_unrelaxed_rank_003_alphafold2_multimer_v3_model_3_seed_000.pdb
FUBP1___ZNF503,4,4,A,B,0.0000,0.0,0.0,0.0000,0.1743,0.0000,0.0000,0.0,0.0,0.1500,48.9,19.8,0.200,0,0,0,0,,,,,644,646,,,,,FUBP1___ZNF503_unrelaxed_rank_004_alphafold2_multimer_v3_model_4_seed_000.pdb
FUBP1___ZNF503,5,5,A,B,0.0000,0.0,0.0,0.0000,0.1341,0.0000,0.0000,0.0,0.0,0.1400,50.2,20.8,0.200,0,0,0,0,,,,,644,646,,,,,FUBP1___ZNF503_unrelaxed_rank_005_alphafold2_multimer_v3_model_5_seed_000.pdb
FUBP3___LUC7L2,1,4,A,B,0.0000,0.0,0.0,0.0000,0.3906,0.0000,0.0000,0.0,0.0,0.2400,44.8,58.7,0.340,0,0,0,0,,,,,572,392,,,,,FUBP3___LUC7L2_unrelaxed_rank_001_alphafold2_multimer_v3_model_4_seed_000.pdb
FUBP3___LUC7L2,2,5,A,B,0.0000,0.0,0.0,0.0000,0.3811,0.0000,0.0000,0.0,0.0,0.2400,48.8,60.2,0.340,0,0,0,0,,,,,572,392,,,,,FUBP3___LUC7L2_unrelaxed_rank_002_alphafold2_multimer_v3_model_5_seed_000.pdb
FUBP3___LUC7L2,3,2,A,B,0.0000,0.0,0.0,0.0000,0.0000,0.0000,0.0000,0.0,0.0,0.1500,48.9,59.2,0.310,0,0,0,0,,,,,572,392,,,,,FUBP3___LUC7L2_unrelaxed_rank_003_alphafold2_multimer_v3_model_2_seed_000.pdb
FUBP3___LUC7L2,4,3,A,B,0.0000,0.0,0.0,0.0000,0.1456,0.0000,0.0000,0.0,0.0,0.1400,45.5,59.5,0.320,0,0,0,0,,,,,572,392,,,,,FUBP3___LUC7L2_unrelaxed_rank_004_alphafold2_multimer_v3_model_3_seed_000.pdb
FUBP3___LUC7L2,5,1,A,B,0.0000,0.0,0.0,0.0000,0.1281,0.0000,0.0000,0.0,0.0,0.1300,47.6,60.1,0.320,0,0,0,0,,,,,572,392,,,,,FUBP3___LUC7L2_unrelaxed_rank_005_alphafold2_multimer_v3_model_1_seed_000.pdb
KHSRP___ATXN2L,1,2,A,B,0.0000,0.0,0.0,0.0000,0.2443,0.0000,0.0000,0.0,0.0,0.1900,42.9,23.7,0.230,0,0,0,0,,,,,711,1075,,,,,KHSRP___ATXN2L_unrelaxed_rank_001_alphafold2_multimer_v3_model_2_seed_000.pdb
KHSRP___ATXN2L,2,1,A,B,0.0000,0.0,0.0,0.0000,0.2173,0.0000,0.0000,0.0,0.0,0.1900,39.4,23.6,0.230,0,0,0,0,,,,,711,1075,,,,,KHSRP___ATXN2L_unrelaxed_rank_002_alphafold2_multimer_v3_model_1_seed_000.pdb
KHSRP___ATXN2L,3,3,A,B,0.0000,0.0,0.0,0.0000,0.3390,0.0000,0.0000,0.0,0.0,0.1900,38.7,23.7,0.220,0,0,0,0,,,,,711,1075,,,,,KHSRP___ATXN2L_unrelaxed_rank_003_alphafold2_multimer_v3_model_3_seed_000.pdb
KHSRP___ATXN2L,4,4,A,B,0.0000,0.0,0.0,0.0000,0.2628,0.0000,0.0000,0.0,0.0,0.1800,38.1,22.8,0.220,0,0,0,0,,,,,711,1075,,,,,KHSRP___ATXN2L_unrelaxed_rank_004_alphafold2_multimer_v3_model_4_seed_000.pdb
KHSRP___ATXN2L,5,5,A,B,0.0000,0.0,0.0,0.0000,0.1793,0.0000,0.0000,0.0,0.0,0.1700,41.1,25.0,0.220,0,0,0,0,,,,,711,1075,,,,,KHSRP___ATXN2L_unrelaxed_rank_005_alphafold2_multimer_v3_model_5_seed_000.pdb
MATR3___DDX17,1,4,A,B,0.0000,0.0,0.0,0.0000,0.3202,0.0000,0.0000,0.0,0.0,0.2300,34.9,58.2,0.380,0,0,0,0,,,,,847,729,,,,,MATR3___DDX17_unrelaxed_rank_001_alphafold2_multimer_v3_model_4_seed_000.pdb
MATR3___DDX17,2,3,A,B,0.0000,0.0,0.0,0.0000,0.2842,0.0000,0.0000,0.0,0.0,0.2200,38.0,59.2,0.390,0,0,0,0,,,,,847,729,,,,,MATR3___DDX17_unrelaxed_rank_002_alphafold2_multimer_v3_model_3_seed_000.pdb
MATR3___DDX17,3,2,A,B,0.0000,0.0,0.0,0.0000,0.2546,0.0000,0.0000,0.0,0.0,0.2100,39.6,59.5,0.360,0,0,0,0,,,,,847,729,,,,,MATR3___DDX17_unrelaxed_rank_003_alphafold2_multimer_v3_model_2_seed_000.pdb
MATR3___DDX17,4,5,A,B,0.0000,0.0,0.0,0.0000,0.2672,0.0000,0.0000,0.0,0.0,0.2000,36.5,59.7,0.360,0,0,0,0,,,,,847,729,,,,,MATR3___DDX17_unrelaxed_rank_004_alphafold2_multimer_v3_model_5_seed_000.pdb
MATR3___DDX17,5,1,A,B,0.0000,0.0,0.0,0.0000,0.2172,0.0000,0.0000,0.0,0.0,0.1900,35.6,58.1,0.340,0,0,0,0,,,,,847,729,,,,,MATR3___DDX17_unrelaxed_rank_005_alphafold2_multimer_v3_model_1_seed_000.pdb
MATR3___PSPC1,1,2,A,B,0.2432,419.0,101.9,0.0255,0.8318,0.1809,0.3270,3512.0,50.0,0.3500,41.7,58.9,0.320,17,234,11,17,51.5,88.6,52.4,87.5,847,523,[657-673],"[76-267,270-311]","[657-660,662-663,665-666,668-670]","[85,87-88,112,114,117-121,146,148,150,152-153,155,206]",MATR3___PSPC1_unrelaxed_rank_001_alphafold2_multimer_v3_model_2_seed_000.pdb
MATR3___PSPC1,2,1,A,B,0.1918,361.0,69.3,0.0202,0.7784,0.1428,0.2577,2459.0,53.0,0.3300,40.6,58.5,0.320,15,224,10,15,49.1,87.3,49.7,86.8,847,523,[657-671],"[76-254,256-259,264-265,271-309]","[657-658,660,662-663,665-666,668-670]","[85,87-88,112,114,117-121,150,152-153,155,206]",MATR3___PSPC1_unrelaxed_rank_002_alphafold2_multimer_v3_model_1_seed_000.pdb
MATR3___PSPC1,3,5,A,B,0.0767,197.0,15.1,0.0133,0.6232,0.0633,0.0930,1553.0,25.0,0.3000,41.5,58.0,0.320,12,220,8,13,45.9,87.5,45.6,88.2,847,523,[659-670],"[76-108,111-190,194-240,243-249,251-253,255-259,263-267,270-309]","[659-660,662-663,665-666,668-669]","[85,87,112,114,117-121,150,152-153,155]",MATR3___PSPC1_unrelaxed_rank_003_alphafold2_multimer_v3_model_5_seed_000.pdb
MATR3___PSPC1,4,4,A,B,0.0630,135.7,8.5,0.0140,0.6187,0.0552,0.0719,767.0,24.0,0.2800,39.5,56.2,0.300,10,144,8,12,44.4,87.6,44.3,85.9,847,523,[660-669],"[77-90,94,96-105,107-108,110-137,140-141,145-163,165,167-190,196-216,218,221-224,228-235,238,240,245-246,255,265,275-276,279]","[660,662-666,668-669]","[85,87,112,114,117-121,152-153,155]",MATR3___PSPC1_unrelaxed_rank_004_alphafold2_multimer_v3_model_4_seed_000.pdb
MATR3___PSPC1,5,3,A,B,0.0439,90.0,3.9,0.0157,0.5889,0.0494,0.0389,506.0,16.0,0.2700,39.7,57.4,0.330,21,186,6,12,46.2,86.8,44.0,84.0,847,523,"[660,662-669,794-800,808,810-813]","[82-87,96-102,105,107,111-136,140,146,148-151,153,155-191,194-218,220-236,238-239,244-246,255,258-259,263-266,268,270-314,318]","[660,665-666,668,798-799]","[85,114,117,119-121,153,155,293,296-297,300]",MATR3___PSPC1_unrelaxed_rank_005_alphafold2_multimer_v3_model_3_seed_000.pdb
MRPL12___DHX15,1,5,A,B,0.0000,0.0,0.0,0.0000,0.3876,0.0000,0.0000,0.0,0.0,0.2400,39.9,81.4,0.670,0,0,0,0,,,,,198,795,,,,,MRPL12___DHX15_unrelaxed_rank_001_alphafold2_multimer_v3_model_5_seed_000.pdb
MRPL12___DHX15,2,1,A,B,0.0000,0.0,0.0,0.0000,0.3714,0.0000,0.0000,0.0,0.0,0.2400,36.4,79.8,0.640,0,0,0,0,,,,,198,795,,,,,MRPL12___DHX15_unrelaxed_rank_002_alphafold2_multimer_v3_model_1_seed_000.pdb
MRPL12___DHX15,3,3,A,B,0.0000,0.0,0.0,0.0000,0.3200,0.0000,0.0000,0.0,0.0,0.2200,38.3,81.5,0.670,0,0,0,0,,,,,198,795,,,,,MRPL12___DHX15_unrelaxed_rank_003_alphafold2_multimer_v3_model_3_seed_000.pdb
MRPL12___DHX15,4,4,A,B,0.0000,0.0,0.0,0.0000,0.2600,0.0000,0.0000,0.0,0.0,0.2000,41.1,81.4,0.670,0,0,0,0,,,,,198,795,,,,,MRPL12___DHX15_unrelaxed_rank_004_alphafold2_multimer_v3_model_4_seed_000.pdb
MRPL12___DHX15,5,2,A,B,0.0000,0.0,0.0,0.0000,0.3058,0.0000,0.0000,0.0,0.0,0.2000,40.7,81.2,0.650,0,0,0,0,,,,,198,795,,,,,MRPL12___DHX15_unrelaxed_rank_005_alphafold2_multimer_v3_model_2_seed_000.pdb
MRPL12___SET,1,4,A,B,0.0000,0.0,0.0,0.0000,0.2905,0.0158,0.0000,175.0,0.0,0.1500,44.8,67.7,0.430,7,82,0,0,29.4,91.7,,,198,290,[18-24],"[48,51-52,54-55,58-59,62-63,66-67,70-77,80-84,86-89,93,95-96,98-101,105-106,108-109,113-124,135-136,138-142,144,146-147,149-154,156,169,171,173,203-206,226-230,232-233]",,,MRPL12___SET_unrelaxed_rank_001_alphafold2_multimer_v3_model_4_seed_000.pdb
MRPL12___SET,2,2,A,B,0.0548,66.5,3.6,0.0120,0.4075,0.0458,0.0655,1107.0,4.0,0.1400,50.6,69.3,0.430,11,160,2,4,29.8,93.2,30.9,86.4,198,290,[18-28],"[42-128,135-174,177-180,201-209,213,216-234]","[21,23]","[63,156,158,164]",MRPL12___SET_unrelaxed_rank_002_alphafold2_multimer_v3_model_2_seed_000.pdb
MRPL12___SET,3,3,A,B,0.0220,25.8,0.6,0.0000,0.3090,0.0230,0.0210,333.0,2.0,0.1400,48.6,67.6,0.420,7,113,2,2,32.3,91.4,33.9,84.4,198,290,[15-21],"[44-63,65-68,70-73,75-76,80-89,91,94-102,104-106,108-109,111,113-114,116-117,119-126,135-142,144,146-147,149-156,164-173,202-207,220,222-227,229,232-233]",[17-18],"[70,223]",MRPL12___SET_unrelaxed_rank_003_alphafold2_multimer_v3_model_3_seed_000.pdb
MRPL12___SET,4,1,A,B,0.0000,0.0,0.0,0.0000,0.2818,0.0000,0.0000,0.0,0.0,0.1300,47.8,69.3,0.430,0,0,0,0,,,,,198,290,,,,,MRPL12___SET_unrelaxed_rank_004_alphafold2_multimer_v3_model_1_seed_000.pdb
MRPL12___SET,5,5,A,B,0.0000,0.0,0.0,0.0000,0.1048,0.0000,0.0000,0.0,0.0,0.1100,46.2,67.3,0.420,0,0,0,0,,,,,198,290,,,,,MRPL12___SET_unrelaxed_rank_005_alphafold2_multimer_v3_model_5_seed_000.pdb
MRPL12___SLC3A2,1,2,A,B,0.0000,0.0,0.0,0.0000,0.0000,0.0000,0.0000,0.0,0.0,0.1500,45.5,71.0,0.560,0,0,0,0,,,,,198,630,,,,,MRPL12___SLC3A2_unrelaxed_rank_001_alphafold2_multimer_v3_model_2_seed_000.pdb
MRPL12___SLC3A2,2,4,A,B,0.0000,0.0,0.0,0.0000,0.1222,0.0000,0.0000,0.0,0.0,0.1500,40.9,70.2,0.550,0,0,0,0,,,,,198,630,,,,,MRPL12___SLC3A2_unrelaxed_rank_002_alphafold2_multimer_v3_model_4_seed_000.pdb
MRPL12___SLC3A2,3,5,A,B,0.0000,0.0,0.0,0.0000,0.1165,0.0000,0.0000,0.0,0.0,0.1500,39.8,70.0,0.550,0,0,0,0,,,,,198,630,,,,,MRPL12___SLC3A2_unrelaxed_rank_003_alphafold2_multimer_v3_model_5_seed_000.pdb
MRPL12___SLC3A2,4,3,A,B,0.0000,0.0,0.0,0.0000,0.0000,0.0000,0.0000,0.0,0.0,0.1400,41.2,70.6,0.560,0,0,0,0,,,,,198,630,,,,,MRPL12___SLC3A2_unrelaxed_rank_004_alphafold2_multimer_v3_model_3_seed_000.pdb
MRPL12___SLC3A2,5,1,A,B,0.0000,0.0,0.0,0.0000,0.1107,0.0000,0.0000,0.0,0.0,0.1400,40.7,71.1,0.550,0,0,0,0,,,,,198,630,,,,,MRPL12___SLC3A2_unrelaxed_rank_005_alphafold2_multimer_v3_model_1_seed_000.pdb
MRPL12___SRSF11,1,1,A,B,0.0000,0.0,0.0,0.0000,0.1272,0.0000,0.0000,0.0,0.0,0.1200,51.6,37.0,0.240,0,0,0,0,,,,,198,484,,,,,MRPL12___SRSF11_unrelaxed_rank_001_alphafold2_multimer_v3_model_1_seed_000.pdb
MRPL12___SRSF11,2,2,A,B,0.0000,0.0,0.0,0.0000,0.1002,0.0000,0.0000,0.0,0.0,0.1200,56.7,38.4,0.240,0,0,0,0,,,,,198,484,,,,,MRPL12___SRSF11_unrelaxed_rank_002_alphafold2_multimer_v3_model_2_seed_000.pdb
MRPL12___SRSF11,3,3,A,B,0.0000,0.0,0.0,0.0000,0.0000,0.0000,0.0000,0.0,0.0,0.1100,55.1,37.5,0.230,0,0,0,0,,,,,198,484,,,,,MRPL12___SRSF11_unrelaxed_rank_003_alphafold2_multimer_v3_model_3_seed_000.pdb
MRPL12___SRSF11,4,4,A,B,0.0000,0.0,0.0,0.0000,0.0000,0.0000,0.0000,0.0,0.0,0.1000,54.3,36.8,0.230,0,0,0,0,,,,,198,484,,,,,MRPL12___SRSF11_unrelaxed_rank_004_alphafold2_multimer_v3_model_4_seed_000.pdb
MRPL12___SRSF11,5,5,A,B,0.0000,0.0,0.0,0.0000,0.0912,0.0000,0.0000,0.0,0.0,0.1000,52.2,37.3,0.230,0,0,0,0,,,,,198,484,,,,,MRPL12___SRSF11_unrelaxed_rank_005_alphafold2_multimer_v3_model_5_seed_000.pdb
NASP___CDC5L,1,2,A,B,0.3546,414.3,146.9,0.2612,0.9252,0.2531,0.4969,3652.0,47.0,0.3300,38.7,53.2,0.300,218,18,12,9,90.6,50.3,90.1,59.8,788,802,"[39-104,513-664]",[217-234],"[581-582,584-585,588,634,637-638,641,644-645,648]","[218,221-228]",NASP___CDC5L_unrelaxed_rank_001_alphafold2_multimer_v3_model_2_seed_000.pdb
NASP___CDC5L,2,4,A,B,0.1684,580.3,97.7,0.0168,0.7844,0.1293,0.2192,5520.0,61.0,0.2900,37.4,52.2,0.300,210,31,19,17,88.8,56.6,83.9,57.6,788,802,"[39-104,512-626,633-661]",[164-194],"[51,55,100,103,550,553-554,556,581-582,584-585,588-589,592,596,641,645,648]","[165,168-169,172-173,175-176,178-179,182-183,185-188,191,194]",NASP___CDC5L_unrelaxed_rank_002_alphafold2_multimer_v3_model_4_seed_000.pdb
NASP___CDC5L,3,1,A,B,0.0000,0.0,0.0,0.0000,0.4426,0.0000,0.0000,0.0,0.0,0.2000,37.7,53.6,0.300,0,0,0,0,,,,,788,802,,,,,NASP___CDC5L_unrelaxed_rank_003_alphafold2_multimer_v3_model_1_seed_000.pdb
NASP___CDC5L,4,3,A,B,0.0000,0.0,0.0,0.0000,0.4690,0.0062,0.0000,2.0,0.0,0.2000,38.0,58.7,0.290,2,1,0,0,95.0,41.9,,,788,802,"[564,609]",[198],,,NASP___CDC5L_unrelaxed_rank_004_alphafold2_multimer_v3_model_3_seed_000.pdb
NASP___CDC5L,5,5,A,B,0.0000,0.0,0.0,0.0000,0.2392,0.0000,0.0000,0.0,0.0,0.1700,38.1,54.8,0.290,0,0,0,0,,,,,788,802,,,,,NASP___CDC5L_unrelaxed_rank_005_alphafold2_multimer_v3_model_5_seed_000.pdb
NASP___DDX17,1,5,A,B,0.1359,935.4,127.1,0.1121,0.7202,0.0990,0.1864,16204.0,54.0,0.3600,37.9,58.7,0.390,223,148,17,16,88.1,84.2,70.9,75.8,788,729,"[40-111,147,511-625,627-628,633-665]","[10,390-530,532-537]","[100,103-106,147,553-554,556,596,641,651,654-655,658,661-662]","[10,412,432,436,439-440,442,450,454-459,477-478]",NASP___DDX17_unrelaxed_rank_001_alphafold2_multimer_v3_model_5_seed_000.pdb
NASP___DDX17,2,3,A,B,0.1903,303.3,57.7,0.0195,0.7641,0.1548,0.2340,2244.0,41.0,0.2700,36.2,59.5,0.400,209,12,12,7,87.1,38.1,83.0,41.1,788,729,"[39-103,513-627,633-661]",[7-18],"[581-582,584-585,588-589,641-642,644-645,648-649]","[7,9-10,12-15]",NASP___DDX17_unrelaxed_rank_002_alphafold2_multimer_v3_model_3_seed_000.pdb
NASP___DDX17,3,2,A,B,0.0202,8.9,0.2,0.0000,0.5088,0.0122,0.0335,40.0,2.0,0.2800,37.2,59.7,0.360,34,6,2,2,91.0,29.6,88.0,30.3,788,729,"[50-51,54,61-62,65-66,69,73,87,89,99,516,520,524-525,528-529,535,538,543,546,550,580-582,584-585,589,614,638,641-642,648]",[7-12],"[581,641]",[10-11],NASP___DDX17_unrelaxed_rank_003_alphafold2_multimer_v3_model_2_seed_000.pdb
NASP___DDX17,4,1,A,B,0.0095,5.3,0.1,0.0000,0.5214,0.0116,0.0077,14.0,2.0,0.2400,36.1,57.7,0.350,11,3,2,1,90.3,25.8,88.7,26.1,788,729,"[67,520,546,580-581,584,607,614,638,641,646]",[8-10],"[584,641]",[10],NASP___DDX17_unrelaxed_rank_004_alphafold2_multimer_v3_model_1_seed_000.pdb
NASP___DDX17,5,4,A,B,0.0461,159.7,7.4,0.0118,0.6103,0.0375,0.0567,1160.0,22.0,0.2200,36.1,57.8,0.340,197,9,13,7,87.1,29.4,85.6,29.1,788,729,"[40,42-74,76-77,81-101,514-532,534-626,633-660]",[7-15],"[581-582,584-585,588-589,614,638,641-642,644-645,648]","[8-11,13-15]",NASP___DDX17_unrelaxed_rank_005_alphafold2_multimer_v3_model_4_seed_000.pdb
NASP___NONO,1,5,A,B,0.3515,172.3,60.6,0.0845,0.9108,0.2600,0.4752,1291.0,23.0,0.2900,38.1,62.4,0.310,208,7,9,4,91.8,46.2,90.6,53.5,788,471,"[39-102,513-627,633-661]",[465-471],"[581-582,584-585,588,641,644-645,648]","[466,469-471]",NASP___NONO_unrelaxed_rank_001_alphafold2_multimer_v3_model_5_seed_000.pdb
NASP___NONO,2,4,A,B,0.3211,180.1,57.8,0.0563,0.8795,0.2403,0.4291,1622.0,20.0,0.2700,38.3,59.9,0.310,209,8,10,4,90.1,48.1,89.8,49.1,788,471,"[39-103,513-627,633-661]",[464-471],"[57,100,581-582,584-585,588,644-645,648]","[465-466,469,471]",NASP___NONO_unrelaxed_rank_002_alphafold2_multimer_v3_model_4_seed_000.pdb
NASP___NONO,3,3,A,B,0.2605,133.4,34.7,0.0268,0.8397,0.1908,0.3555,1047.0,17.0,0.2600,38.0,63.3,0.320,207,7,9,2,91.1,42.7,90.6,52.6,788,471,"[39-102,514-627,633-661]",[465-471],"[581-582,584-585,588,641,644-645,648]","[469,471]",NASP___NONO_unrelaxed_rank_003_alphafold2_multimer_v3_model_3_seed_000.pdb
NASP___NONO,4,2,A,B,0.3074,172.9,53.2,0.0298,0.8705,0.2222,0.4255,1495.0,20.0,0.2600,38.6,63.1,0.320,209,7,9,3,92.4,45.9,92.3,56.6,788,471,"[39-103,513-627,633-661]",[465-471],"[581-582,584-585,588,641,644-645,648]",[469-471],NASP___NONO_unrelaxed_rank_004_alphafold2_multimer_v3_model_2_seed_000.pdb
NASP___NONO,5,1,A,B,0.2271,120.5,27.4,0.0219,0.7562,0.1842,0.2800,726.0,20.0,0.2600,37.9,64.0,0.310,205,6,9,3,91.1,44.4,91.3,53.8,788,471,"[40-102,514-626,633-661]",[466-471],"[581-582,584-585,588,641,644-645,648]",[469-471],NASP___NONO_unrelaxed_rank_005_alphafold2_multimer_v3_model_1_seed_000.pdb
NASP___U2SURP,1,1,A,B,0.2869,594.6,170.6,0.1898,0.9028,0.2141,0.3846,3972.0,89.0,0.2800,39.0,47.4,0.310,35,126,17,20,57.6,83.2,56.3,83.6,788,1029,"[104-113,130,132-155]","[370,373-392,406-510]","[104-110,113,132,143,146-148,150-153]","[428-429,432-433,435-437,439-440,443-444,446-448,450-451,476,480-481,486]",NASP___U2SURP_unrelaxed_rank_001_alphafold2_multimer_v3_model_1_seed_000.pdb
NASP___U2SURP,2,2,A,B,0.1560,201.1,31.4,0.0178,0.7848,0.1421,0.1713,1839.0,22.0,0.2600,39.0,49.0,0.300,209,12,9,6,92.6,38.0,92.4,40.5,788,1029,"[39-103,513-626,633-662]",[76-87],"[581-582,584-585,588,641,644-645,648]","[77,80-81,83-85]",NASP___U2SURP_unrelaxed_rank_002_alphafold2_multimer_v3_model_2_seed_000.pdb
NASP___U2SURP,3,3,A,B,0.0359,81.8,2.9,0.0143,0.5738,0.0369,0.0349,744.0,9.0,0.2500,37.7,47.2,0.300,193,8,6,4,91.2,34.8,88.8,36.3,788,1029,"[42-47,49-74,76-77,81-102,514-532,534-624,626,634-659]",[78-85],"[585,588,641,644-645,648]","[80-81,83-84]",NASP___U2SURP_unrelaxed_rank_003_alphafold2_multimer_v3_model_3_seed_000.pdb
NASP___U2SURP,4,4,A,B,0.0000,0.0,0.0,0.0000,0.3970,0.0000,0.0000,0.0,0.0,0.2000,37.8,44.8,0.290,0,0,0,0,,,,,788,1029,,,,,NASP___U2SURP_unrelaxed_rank_004_alphafold2_multimer_v3_model_4_seed_000.pdb
NASP___U2SURP,5,5,A,B,0.0000,0.0,0.0,0.0000,0.2909,0.0000,0.0000,0.0,0.0,0.2000,38.1,47.2,0.290,0,0,0,0,,,,,788,1029,,,,,NASP___U2SURP_unrelaxed_rank_005_alphafold2_multimer_v3_model_5_seed_000.pdb
NCL___RB1,1,1,A,B,0.0000,0.0,0.0,0.0000,0.3344,0.0000,0.0000,0.0,0.0,0.2300,37.4,67.7,0.500,0,0,0,0,,,,,710,928,,,,,NCL___RB1_unrelaxed_rank_001_alphafold2_multimer_v3_model_1_seed_000.pdb
NCL___RB1,2,3,A,B,0.0000,0.0,0.0,0.0000,0.3154,0.0000,0.0000,0.0,0.0,0.2200,40.3,68.2,0.500,0,0,0,0,,,,,710,928,,,,,NCL___RB1_unrelaxed_rank_002_alphafold2_multimer_v3_model_3_seed_000.pdb
NCL___RB1,3,5,A,B,0.0000,0.0,0.0,0.0000,0.2802,0.0000,0.0000,0.0,0.0,0.2000,38.8,68.1,0.500,0,0,0,0,,,,,710,928,,,,,NCL___RB1_unrelaxed_rank_003_alphafold2_multimer_v3_model_5_seed_000.pdb
NCL___RB1,4,4,A,B,0.0000,0.0,0.0,0.0000,0.2210,0.0000,0.0000,0.0,0.0,0.1900,37.6,67.8,0.490,0,0,0,0,,,,,710,928,,,,,NCL___RB1_unrelaxed_rank_004_alphafold2_multimer_v3_model_4_seed_000.pdb
NCL___RB1,5,2,A,B,0.0000,0.0,0.0,0.0000,0.1872,0.0000,0.0000,0.0,0.0,0.1800,38.8,68.6,0.490,0,0,0,0,,,,,710,928,,,,,NCL___RB1_unrelaxed_rank_005_alphafold2_multimer_v3_model_2_seed_000.pdb
NCL___SRSF11,1,1,A,B,0.0000,0.0,0.0,0.0000,0.3270,0.0000,0.0000,0.0,0.0,0.1700,46.2,31.9,0.240,0,0,0,0,,,,,710,484,,,,,NCL___SRSF11_unrelaxed_rank_001_alphafold2_multimer_v3_model_1_seed_000.pdb
NCL___SRSF11,2,3,A,B,0.0000,0.0,0.0,0.0000,0.3554,0.0000,0.0000,0.0,0.0,0.1600,46.8,32.5,0.240,0,0,0,0,,,,,710,484,,,,,NCL___SRSF11_unrelaxed_rank_002_alphafold2_multimer_v3_model_3_seed_000.pdb
NCL___SRSF11,3,2,A,B,0.0000,0.0,0.0,0.0000,0.1514,0.0000,0.0000,0.0,0.0,0.1600,47.6,31.8,0.230,0,0,0,0,,,,,710,484,,,,,NCL___SRSF11_unrelaxed_rank_003_alphafold2_multimer_v3_model_2_seed_000.pdb
NCL___SRSF11,4,5,A,B,0.0000,0.0,0.0,0.0000,0.1427,0.0000,0.0000,0.0,0.0,0.1400,48.2,32.7,0.240,0,0,0,0,,,,,710,484,,,,,NCL___SRSF11_unrelaxed_rank_004_alphafold2_multimer_v3_model_5_seed_000.pdb
NCL___SRSF11,5,4,A,B,0.0000,0.0,0.0,0.0000,0.1555,0.0000,0.0000,0.0,0.0,0.1400,46.0,32.3,0.230,0,0,0,0,,,,,710,484,,,,,NCL___SRSF11_unrelaxed_rank_005_alphafold2_multimer_v3_model_4_seed_000.pdb
NONO___CSTB,1,2,A,B,0.0000,0.0,0.0,0.0000,0.1695,0.0000,0.0000,0.0,0.0,0.2100,64.2,72.8,0.460,0,0,0,0,,,,,471,98,,,,,NONO___CSTB_unrelaxed_rank_001_alphafold2_multimer_v3_model_2_seed_000.pdb
NONO___CSTB,2,4,A,B,0.0000,0.0,0.0,0.0000,0.1195,0.0000,0.0000,0.0,0.0,0.1600,62.3,73.2,0.430,0,0,0,0,,,,,471,98,,,,,NONO___CSTB_unrelaxed_rank_002_alphafold2_multimer_v3_model_4_seed_000.pdb
NONO___CSTB,3,1,A,B,0.0000,0.0,0.0,0.0000,0.1170,0.0000,0.0000,0.0,0.0,0.1300,64.8,69.7,0.450,0,0,0,0,,,,,471,98,,,,,NONO___CSTB_unrelaxed_rank_003_alphafold2_multimer_v3_model_1_seed_000.pdb
NONO___CSTB,4,3,A,B,0.0000,0.0,0.0,0.0000,0.1069,0.0000,0.0000,0.0,0.0,0.1300,65.6,75.4,0.480,0,0,0,0,,,,,471,98,,,,,NONO___CSTB_unrelaxed_rank_004_alphafold2_multimer_v3_model_3_seed_000.pdb
NONO___CSTB,5,5,A,B,0.0000,0.0,0.0,0.0000,0.0990,0.0000,0.0000,0.0,0.0,0.1100,64.7,81.5,0.470,0,0,0,0,,,,,471,98,,,,,NONO___CSTB_unrelaxed_rank_005_alphafold2_multimer_v3_model_5_seed_000.pdb
NONO___FAM50A,1,1,A,B,0.0000,0.0,0.0,0.0000,0.2063,0.0000,0.0000,0.0,0.0,0.1300,65.2,56.9,0.380,0,0,0,0,,,,,471,339,,,,,NONO___FAM50A_unrelaxed_rank_001_alphafold2_multimer_v3_model_1_seed_000.pdb
NONO___FAM50A,2,2,A,B,0.0000,0.0,0.0,0.0000,0.1927,0.0000,0.0000,0.0,0.0,0.1300,64.0,59.6,0.370,0,0,0,0,,,,,471,339,,,,,NONO___FAM50A_unrelaxed_rank_002_alphafold2_multimer_v3_model_2_seed_000.pdb
NONO___FAM50A,3,3,A,B,0.0000,0.0,0.0,0.0000,0.1336,0.0000,0.0000,0.0,0.0,0.1200,63.5,53.7,0.380,0,0,0,0,,,,,471,339,,,,,NONO___FAM50A_unrelaxed_rank_003_alphafold2_multimer_v3_model_3_seed_000.pdb
NONO___FAM50A,4,4,A,B,0.0000,0.0,0.0,0.0000,0.1504,0.0000,0.0000,0.0,0.0,0.1300,61.7,52.9,0.360,0,0,0,0,,,,,471,339,,,,,NONO___FAM50A_unrelaxed_rank_004_alphafold2_multimer_v3_model_4_seed_000.pdb
NONO___FAM50A,5,5,A,B,0.0000,0.0,0.0,0.0000,0.1122,0.0000,0.0000,0.0,0.0,0.1200,62.6,54.4,0.370,0,0,0,0,,,,,471,339,,,,,NONO___FAM50A_unrelaxed_rank_005_alphafold2_multimer_v3_model_5_seed_000.pdb
NONO___FUBP3,1,1,A,B,0.0000,0.0,0.0,0.0000,0.1590,0.0000,0.0000,0.0,0.0,0.1600,64.9,47.5,0.330,0,0,0,0,,,,,471,572,,,,,NONO___FUBP3_unrelaxed_rank_001_alphafold2_multimer_v3_model_1_seed_000.pdb
NONO___FUBP3,2,3,A,B,0.0000,0.0,0.0,0.0000,0.1363,0.0000,0.0000,0.0,0.0,0.1400,64.6,46.3,0.340,0,0,0,0,,,,,471,572,,,,,NONO___FUBP3_unrelaxed_rank_002_alphafold2_multimer_v3_model_3_seed_000.pdb
NONO___FUBP3,3,2,A,B,0.0000,0.0,0.0,0.0000,0.1527,0.0000,0.0000,0.0,0.0,0.1300,64.1,48.3,0.330,0,0,0,0,,,,,471,572,,,,,NONO___FUBP3_unrelaxed_rank_003_alphafold2_multimer_v3_model_2_seed_000.pdb
NONO___FUBP3,4,5,A,B,0.0000,0.0,0.0,0.0000,0.1250,0.0000,0.0000,0.0,0.0,0.1300,64.3,47.5,0.330,0,0,0,0,,,,,471,572,,,,,NONO___FUBP3_unrelaxed_rank_004_alphafold2_multimer_v3_model_5_seed_000.pdb
NONO___FUBP3,5,4,A,B,0.0000,0.0,0.0,0.0000,0.1530,0.0000,0.0000,0.0,0.0,0.1300,61.8,45.4,0.320,0,0,0,0,,,,,471,572,,,,,NONO___FUBP3_unrelaxed_rank_005_alphafold2_multimer_v3_model_4_seed_000.pdb
NONO___KHSRP,1,3,A,B,0.0000,0.0,0.0,0.0000,0.2509,0.0000,0.0000,0.0,0.0,0.1700,64.6,39.8,0.330,0,0,0,0,,,,,471,711,,,,,NONO___KHSRP_unrelaxed_rank_001_alphafold2_multimer_v3_model_3_seed_000.pdb
NONO___KHSRP,2,1,A,B,0.0000,0.0,0.0,0.0000,0.1749,0.0000,0.0000,0.0,0.0,0.1500,65.4,41.5,0.320,0,0,0,0,,,,,471,711,,,,,NONO___KHSRP_unrelaxed_rank_002_alphafold2_multimer_v3_model_1_seed_000.pdb
NONO___KHSRP,3,5,A,B,0.0000,0.0,0.0,0.0000,0.1192,0.0000,0.0000,0.0,0.0,0.1500,64.6,41.3,0.320,0,0,0,0,,,,,471,711,,,,,NONO___KHSRP_unrelaxed_rank_003_alphafold2_multimer_v3_model_5_seed_000.pdb
NONO___KHSRP,4,2,A,B,0.0000,0.0,0.0,0.0000,0.1305,0.0000,0.0000,0.0,0.0,0.1500,64.3,41.9,0.320,0,0,0,0,,,,,471,711,,,,,NONO___KHSRP_unrelaxed_rank_004_alphafold2_multimer_v3_model_2_seed_000.pdb
NONO___KHSRP,5,4,A,B,0.0000,0.0,0.0,0.0000,0.1437,0.0000,0.0000,0.0,0.0,0.1400,62.1,39.7,0.310,0,0,0,0,,,,,471,711,,,,,NONO___KHSRP_unrelaxed_rank_005_alphafold2_multimer_v3_model_4_seed_000.pdb
NONO___RB1,1,1,A,B,0.0000,0.0,0.0,0.0000,0.2122,0.0000,0.0000,0.0,0.0,0.1700,53.0,68.2,0.520,0,0,0,0,,,,,471,928,,,,,NONO___RB1_unrelaxed_rank_001_alphafold2_multimer_v3_model_1_seed_000.pdb
NONO___RB1,2,4,A,B,0.0000,0.0,0.0,0.0000,0.1674,0.0000,0.0000,0.0,0.0,0.1700,50.5,67.4,0.530,0,0,0,0,,,,,471,928,,,,,NONO___RB1_unrelaxed_rank_002_alphafold2_multimer_v3_model_4_seed_000.pdb
NONO___RB1,3,3,A,B,0.0000,0.0,0.0,0.0000,0.1595,0.0000,0.0000,0.0,0.0,0.1600,58.9,66.9,0.530,0,0,0,0,,,,,471,928,,,,,NONO___RB1_unrelaxed_rank_003_alphafold2_multimer_v3_model_3_seed_000.pdb
NONO___RB1,4,5,A,B,0.0000,0.0,0.0,0.0000,0.1575,0.0000,0.0000,0.0,0.0,0.1600,57.3,67.3,0.530,0,0,0,0,,,,,471,928,,,,,NONO___RB1_unrelaxed_rank_004_alphafold2_multimer_v3_model_5_seed_000.pdb
NONO___RB1,5,2,A,B,0.0000,0.0,0.0,0.0000,0.1382,0.0000,0.0000,0.0,0.0,0.1600,56.7,67.9,0.530,0,0,0,0,,,,,471,928,,,,,NONO___RB1_unrelaxed_rank_005_alphafold2_multimer_v3_model_2_seed_000.pdb
NONO___SLC3A2,1,2,A,B,0.0618,94.6,5.8,0.0114,0.5404,0.0458,0.0833,447.0,20.0,0.2900,60.0,69.7,0.450,113,10,10,7,86.1,49.1,82.2,48.8,471,630,"[71-73,75-82,87-95,97,103-129,132-133,137-153,159-168,170-171,175-181,190-195,197-199,201-210,214,221-223,225-227,270]",[109-118],"[77,79,106,109,111,113,140,144-145,147]","[110-111,113-115,117-118]",NONO___SLC3A2_unrelaxed_rank_001_alphafold2_multimer_v3_model_2_seed_000.pdb
NONO___SLC3A2,2,1,A,B,0.0112,3.0,0.0,0.0000,0.4320,0.0111,0.0113,9.0,1.0,0.2400,60.4,69.5,0.460,5,5,1,1,82.8,45.6,84.2,42.0,471,630,"[106,108,111,114,138]","[110,112-115]",[111],[110],NONO___SLC3A2_unrelaxed_rank_002_alphafold2_multimer_v3_model_1_seed_000.pdb
NONO___SLC3A2,3,4,A,B,0.0000,0.0,0.0,0.0000,0.2461,0.0000,0.0000,0.0,0.0,0.1700,57.4,67.7,0.450,0,0,0,0,,,,,471,630,,,,,NONO___SLC3A2_unrelaxed_rank_003_alphafold2_multimer_v3_model_4_seed_000.pdb
NONO___SLC3A2,4,5,A,B,0.0000,0.0,0.0,0.0000,0.1141,0.0000,0.0000,0.0,0.0,0.1300,59.1,67.4,0.450,0,0,0,0,,,,,471,630,,,,,NONO___SLC3A2_unrelaxed_rank_004_alphafold2_multimer_v3_model_5_seed_000.pdb
NONO___SLC3A2,5,3,A,B,0.0000,0.0,0.0,0.0000,0.1165,0.0000,0.0000,0.0,0.0,0.1300,61.5,67.9,0.450,0,0,0,0,,,,,471,630,,,,,NONO___SLC3A2_unrelaxed_rank_005_alphafold2_multimer_v3_model_3_seed_000.pdb
PCBP2___ANP32A,1,4,A,B,0.0000,0.0,0.0,0.0000,0.2163,0.0171,0.0000,19.0,0.0,0.1800,58.1,61.8,0.370,1,19,0,0,90.8,86.3,,,365,249,[102],"[20,22,24,27,45-46,49,52,67,116,124,133,135-136,143,145,149-151]",,,PCBP2___ANP32A_unrelaxed_rank_001_alphafold2_multimer_v3_model_4_seed_000.pdb
PCBP2___ANP32A,2,1,A,B,0.0000,0.0,0.0,0.0000,0.1825,0.0000,0.0000,0.0,0.0,0.1700,54.7,60.7,0.360,0,0,0,0,,,,,365,249,,,,,PCBP2___ANP32A_unrelaxed_rank_002_alphafold2_multimer_v3_model_1_seed_000.pdb
PCBP2___ANP32A,3,2,A,B,0.0000,0.0,0.0,0.0000,0.1474,0.0000,0.0000,0.0,0.0,0.1700,57.1,61.0,0.360,0,0,0,0,,,,,365,249,,,,,PCBP2___ANP32A_unrelaxed_rank_003_alphafold2_multimer_v3_model_2_seed_000.pdb
PCBP2___ANP32A,4,5,A,B,0.0000,0.0,0.0,0.0000,0.1598,0.0000,0.0000,0.0,0.0,0.1600,56.9,62.2,0.360,0,0,0,0,,,,,365,249,,,,,PCBP2___ANP32A_unrelaxed_rank_004_alphafold2_multimer_v3_model_5_seed_000.pdb
PCBP2___ANP32A,5,3,A,B,0.0000,0.0,0.0,0.0000,0.1179,0.0000,0.0000,0.0,0.0,0.1200,57.3,60.4,0.340,0,0,0,0,,,,,365,249,,,,,PCBP2___ANP32A_unrelaxed_rank_005_alphafold2_multimer_v3_model_3_seed_000.pdb
PCBP2___PCCA,1,4,A,B,0.0669,89.1,6.0,0.0149,0.5260,0.0678,0.0660,1983.0,4.0,0.3700,45.2,81.6,0.640,49,312,3,1,54.6,92.8,54.1,73.9,365,728,"[16-20,72,75,99-104,112-113,117-118,120-131,145-149,151-163,165-166]","[64,66-70,73-82,84-91,93-94,101-108,110-112,116,121-122,124,127-129,131-132,137-139,141,153-157,161-164,269-276,284-285,287-289,291-293,298-305,310,312-323,325,335-339,346-347,355-357,360-378,380,386,393-402,405,414,416-424,426-432,435-441,443,448,450-497,501,503,505-506,515-543,560-564,570,572-573,581-584,590-593,595-608,610-620,622-646]","[118,122-123]",[599],PCBP2___PCCA_unrelaxed_rank_001_alphafold2_multimer_v3_model_4_seed_000.pdb
PCBP2___PCCA,2,3,A,B,0.0000,0.0,0.0,0.0000,0.2045,0.0000,0.0000,0.0,0.0,0.2000,50.9,83.1,0.610,0,0,0,0,,,,,365,728,,,,,PCBP2___PCCA_unrelaxed_rank_002_alphafold2_multimer_v3_model_3_seed_000.pdb
PCBP2___PCCA,3,2,A,B,0.0000,0.0,0.0,0.0000,0.1618,0.0000,0.0000,0.0,0.0,0.2000,54.1,83.7,0.610,0,0,0,0,,,,,365,728,,,,,PCBP2___PCCA_unrelaxed_rank_003_alphafold2_multimer_v3_model_2_seed_000.pdb
PCBP2___PCCA,4,5,A,B,0.0000,0.0,0.0,0.0000,0.1897,0.0000,0.0000,0.0,0.0,0.1900,51.4,83.1,0.610,0,0,0,0,,,,,365,728,,,,,PCBP2___PCCA_unrelaxed_rank_004_alphafold2_multimer_v3_model_5_seed_000.pdb
PCBP2___PCCA,5,1,A,B,0.0000,0.0,0.0,0.0000,0.1688,0.0000,0.0000,0.0,0.0,0.1800,50.7,83.5,0.610,0,0,0,0,,,,,365,728,,,,,PCBP2___PCCA_unrelaxed_rank_005_alphafold2_multimer_v3_model_1_seed_000.pdb
PCBP2___ZNF503,1,4,A,B,0.0000,0.0,0.0,0.0000,0.3866,0.0000,0.0000,0.0,0.0,0.2200,64.3,20.4,0.290,0,0,0,0,,,,,365,646,,,,,PCBP2___ZNF503_unrelaxed_rank_001_alphafold2_multimer_v3_model_4_seed_000.pdb
PCBP2___ZNF503,2,3,A,B,0.0000,0.0,0.0,0.0000,0.2958,0.0000,0.0000,0.0,0.0,0.1900,62.4,19.8,0.300,0,0,0,0,,,,,365,646,,,,,PCBP2___ZNF503_unrelaxed_rank_002_alphafold2_multimer_v3_model_3_seed_000.pdb
PCBP2___ZNF503,3,5,A,B,0.0000,0.0,0.0,0.0000,0.1987,0.0000,0.0000,0.0,0.0,0.1600,65.3,19.4,0.280,0,0,0,0,,,,,365,646,,,,,PCBP2___ZNF503_unrelaxed_rank_003_alphafold2_multimer_v3_model_5_seed_000.pdb
PCBP2___ZNF503,4,1,A,B,0.0000,0.0,0.0,0.0000,0.1594,0.0000,0.0000,0.0,0.0,0.1500,63.5,22.3,0.280,0,0,0,0,,,,,365,646,,,,,PCBP2___ZNF503_unrelaxed_rank_004_alphafold2_multimer_v3_model_1_seed_000.pdb
PCBP2___ZNF503,5,2,A,B,0.0000,0.0,0.0,0.0000,0.1590,0.0000,0.0000,0.0,0.0,0.1400,66.7,20.2,0.280,0,0,0,0,,,,,365,646,,,,,PCBP2___ZNF503_unrelaxed_rank_005_alphafold2_multimer_v3_model_2_seed_000.pdb
PCCA___SF3A3,1,2,A,B,0.0000,0.0,0.0,0.0000,0.1825,0.0000,0.0000,0.0,0.0,0.1900,83.8,70.4,0.570,0,0,0,0,,,,,728,501,,,,,PCCA___SF3A3_unrelaxed_rank_001_alphafold2_multimer_v3_model_2_seed_000.pdb
PCCA___SF3A3,2,5,A,B,0.0000,0.0,0.0,0.0000,0.1364,0.0000,0.0000,0.0,0.0,0.1900,82.8,68.1,0.560,0,0,0,0,,,,,728,501,,,,,PCCA___SF3A3_unrelaxed_rank_002_alphafold2_multimer_v3_model_5_seed_000.pdb
PCCA___SF3A3,3,3,A,B,0.0000,0.0,0.0,0.0000,0.2062,0.0000,0.0000,0.0,0.0,0.1900,82.8,69.0,0.570,0,0,0,0,,,,,728,501,,,,,PCCA___SF3A3_unrelaxed_rank_003_alphafold2_multimer_v3_model_3_seed_000.pdb
PCCA___SF3A3,4,1,A,B,0.0000,0.0,0.0,0.0000,0.1559,0.0000,0.0000,0.0,0.0,0.1800,83.1,67.4,0.560,0,0,0,0,,,,,728,501,,,,,PCCA___SF3A3_unrelaxed_rank_004_alphafold2_multimer_v3_model_1_seed_000.pdb
PCCA___SF3A3,5,4,A,B,0.0000,0.0,0.0,0.0000,0.1501,0.0000,0.0000,0.0,0.0,0.1700,81.9,66.5,0.550,0,0,0,0,,,,,728,501,,,,,PCCA___SF3A3_unrelaxed_rank_005_alphafold2_multimer_v3_model_4_seed_000.pdb
PDK1___SF1,1,5,A,B,0.1668,372.2,62.1,0.1417,0.7183,0.1354,0.2056,2770.0,50.0,0.5700,78.7,34.0,0.440,330,11,21,10,89.7,37.9,87.6,38.7,436,639,"[45-97,100-127,129-166,173-206,208,211-212,214-293,296,298-338,351,353-403]",[262-272],"[146,150,153,192,195-196,199-200,212,215,217-218,228,231,269-275]",[263-272],PDK1___SF1_unrelaxed_rank_001_alphafold2_multimer_v3_model_5_seed_000.pdb
PDK1___SF1,2,4,A,B,0.0480,55.5,2.7,0.0131,0.4759,0.0438,0.0526,514.0,6.0,0.4000,78.0,33.0,0.450,205,7,5,4,91.5,34.9,83.4,35.3,436,639,"[49,52,54,56-58,60-61,64,73,75-86,88-89,91-93,106-107,110-124,133-141,143-149,151-153,155-163,177-187,189-191,193-195,197-202,218-220,224-229,231,236,238,242-244,251,253,255-257,262-264,267,270-272,274,277,280-281,283-291,298-320,322-325,328,330-333,359-360,362-364,366-395,397-399]",[262-268],"[200,231,270-272]","[263,265-267]",PDK1___SF1_unrelaxed_rank_002_alphafold2_multimer_v3_model_4_seed_000.pdb
PDK1___SF1,3,1,A,B,0.0462,58.5,2.7,0.0113,0.5012,0.0402,0.0532,342.0,10.0,0.3600,78.0,32.7,0.440,155,7,5,6,91.2,32.6,86.8,32.6,436,639,"[54,57-58,60-62,64,72-80,82-86,88-91,93,114,116,118,120-122,124,132,134-151,153-162,182-183,192-193,195-202,216-228,231,234,238-240,242-243,251,253-254,256,262-264,266,268-272,275,283-284,286-290,299-300,302-308,310-312,315,317-319,367,369-376,378,381-386,388-390,392,394-395,397,399]",[262-268],"[200,227-228,231,271]",[263-268],PDK1___SF1_unrelaxed_rank_003_alphafold2_multimer_v3_model_1_seed_000.pdb
PDK1___SF1,4,3,A,B,0.0128,42.4,0.5,0.0000,0.4294,0.0188,0.0087,299.0,6.0,0.2700,77.6,34.8,0.430,138,7,4,4,93.2,35.4,83.6,34.8,436,639,"[77,86,91,94,105-106,110-124,134-135,137-141,143-146,149-151,153-155,157,160,162,180,183,185,189,193,195-196,221,223,225-229,231-232,235-236,238-240,248,250-252,263,265,267,269-282,285-290,299-307,310-319,323,327,330,357,360-362,364-379,382-388]",[314-320],"[150-151,154,275]","[316,318-320]",PDK1___SF1_unrelaxed_rank_004_alphafold2_multimer_v3_model_3_seed_000.pdb
PDK1___SF1,5,2,A,B,0.0000,0.0,0.0,0.0000,0.1839,0.0000,0.0000,0.0,0.0,0.1600,80.3,34.2,0.420,0,0,0,0,,,,,436,639,,,,,PDK1___SF1_unrelaxed_rank_005_alphafold2_multimer_v3_model_2_seed_000.pdb
PDK1___ZNF503,1,5,A,B,0.0289,85.2,2.5,0.0137,0.4767,0.0313,0.0267,807.0,9.0,0.3700,79.6,19.6,0.450,246,13,8,5,92.6,34.8,82.6,34.4,436,646,"[45-49,51,54,56-65,71-88,90-94,97-99,101-102,104-127,130-150,152-163,175-184,186-201,216-217,219-233,235-236,238-240,248-254,256,263-279,281-282,284,286-290,299-307,310-316,318-320,323,325,332-334,357,360-373,376-378,381-391,393-401,403]","[209-214,218-219,627-631]","[51,71,150,153-154,271,275,278]","[209,219,629-631]",PDK1___ZNF503_unrelaxed_rank_001_alphafold2_multimer_v3_model_5_seed_000.pdb
PDK1___ZNF503,2,1,A,B,0.0000,0.0,0.0,0.0000,0.4158,0.0158,0.0000,1.0,0.0,0.3600,76.3,21.2,0.450,1,1,0,0,73.1,27.6,,,436,646,[52],[177],,,PDK1___ZNF503_unrelaxed_rank_002_alphafold2_multimer_v3_model_1_seed_000.pdb
PDK1___ZNF503,3,3,A,B,0.0000,0.0,0.0,0.0000,0.3902,0.0000,0.0000,0.0,0.0,0.3400,77.2,19.0,0.450,0,0,0,0,,,,,436,646,,,,,PDK1___ZNF503_unrelaxed_rank_003_alphafold2_multimer_v3_model_3_seed_000.pdb
PDK1___ZNF503,4,4,A,B,0.0000,0.0,0.0,0.0000,0.4005,0.0000,0.0000,0.0,0.0,0.3100,77.4,18.9,0.440,0,0,0,0,,,,,436,646,,,,,PDK1___ZNF503_unrelaxed_rank_004_alphafold2_multimer_v3_model_4_seed_000.pdb
PDK1___ZNF503,5,2,A,B,0.0577,235.1,13.6,0.0131,0.5864,0.0449,0.0741,1783.0,31.0,0.2700,79.7,20.0,0.440,289,14,16,8,92.2,31.7,89.0,31.1,436,646,"[46-64,72-125,132-165,176-202,216-256,262-292,298-335,357-401]","[76-78,80-81,84,87-94]","[146,150,153-154,189,192,196,228,231,270-272,274-275,278,365]",[87-94],PDK1___ZNF503_unrelaxed_rank_005_alphafold2_multimer_v3_model_2_seed_000.pdb
PPP1R10___PSPC1,1,4,A,B,0.0000,0.0,0.0,0.0000,0.3760,0.0000,0.0000,0.0,0.0,0.2500,31.3,58.5,0.300,0,0,0,0,,,,,940,523,,,,,PPP1R10___PSPC1_unrelaxed_rank_001_alphafold2_multimer_v3_model_4_seed_000.pdb
PPP1R10___PSPC1,2,5,A,B,0.0000,0.0,0.0,0.0000,0.3125,0.0000,0.0000,0.0,0.0,0.2300,31.1,58.9,0.310,0,0,0,0,,,,,940,523,,,,,PPP1R10___PSPC1_unrelaxed_rank_002_alphafold2_multimer_v3_model_5_seed_000.pdb
PPP1R10___PSPC1,3,1,A,B,0.0000,0.0,0.0,0.0000,0.2258,0.0000,0.0000,0.0,0.0,0.1900,32.3,60.7,0.300,0,0,0,0,,,,,940,523,,,,,PPP1R10___PSPC1_unrelaxed_rank_003_alphafold2_multimer_v3_model_1_seed_000.pdb
PPP1R10___PSPC1,4,2,A,B,0.0000,0.0,0.0,0.0000,0.2730,0.0000,0.0000,0.0,0.0,0.1800,31.8,60.3,0.310,0,0,0,0,,,,,940,523,,,,,PPP1R10___PSPC1_unrelaxed_rank_004_alphafold2_multimer_v3_model_2_seed_000.pdb
PPP1R10___PSPC1,5,3,A,B,0.0000,0.0,0.0,0.0000,0.2158,0.0000,0.0000,0.0,0.0,0.1700,30.4,58.9,0.300,0,0,0,0,,,,,940,523,,,,,PPP1R10___PSPC1_unrelaxed_rank_005_alphafold2_multimer_v3_model_3_seed_000.pdb
PRMT1___CDC37,1,2,A,B,0.1395,313.3,43.7,0.0180,0.6578,0.1154,0.1685,1636.0,60.0,0.2400,84.4,64.1,0.480,18,124,12,22,46.8,81.7,47.9,82.8,371,378,[3-20],"[151-242,246-277]","[3-4,6-7,10-12,14-16,18-19]","[187-188,191,217-218,221-222,224-226,237,240,248,251-252,254-255,258-259,262-263,266]",PRMT1___CDC37_unrelaxed_rank_001_alphafold2_multimer_v3_model_2_seed_000.pdb
PRMT1___CDC37,2,4,A,B,0.0995,167.8,16.7,0.0153,0.6059,0.0864,0.1146,640.0,44.0,0.2300,81.6,61.0,0.480,12,120,10,15,43.3,78.6,43.7,75.8,371,378,"[7-8,10-19]","[151-153,155-242,246-274]","[7,10-12,14-19]","[217-218,221-222,224-226,240,248,251-252,254-255,258,262]",PRMT1___CDC37_unrelaxed_rank_002_alphafold2_multimer_v3_model_4_seed_000.pdb
PRMT1___CDC37,3,3,A,B,0.0000,0.0,0.0,0.0000,0.2456,0.0000,0.0000,0.0,0.0,0.1800,80.6,64.0,0.480,0,0,0,0,,,,,371,378,,,,,PRMT1___CDC37_unrelaxed_rank_003_alphafold2_multimer_v3_model_3_seed_000.pdb
PRMT1___CDC37,4,1,A,B,0.0000,0.0,0.0,0.0000,0.2868,0.0000,0.0000,0.0,0.0,0.1600,81.4,62.0,0.480,0,0,0,0,,,,,371,378,,,,,PRMT1___CDC37_unrelaxed_rank_004_alphafold2_multimer_v3_model_1_seed_000.pdb
PRMT1___CDC37,5,5,A,B,0.0000,0.0,0.0,0.0000,0.2058,0.0000,0.0000,0.0,0.0,0.1400,81.3,64.3,0.480,0,0,0,0,,,,,371,378,,,,,PRMT1___CDC37_unrelaxed_rank_005_alphafold2_multimer_v3_model_5_seed_000.pdb
PRMT1___CIZ1,1,2,A,B,0.0000,0.0,0.0,0.0000,0.3940,0.0000,0.0000,0.0,0.0,0.2800,85.2,25.1,0.360,0,0,0,0,,,,,371,898,,,,,PRMT1___CIZ1_unrelaxed_rank_001_alphafold2_multimer_v3_model_2_seed_000.pdb
PRMT1___CIZ1,2,1,A,B,0.0000,0.0,0.0,0.0000,0.3878,0.0000,0.0000,0.0,0.0,0.2700,82.5,26.3,0.370,0,0,0,0,,,,,371,898,,,,,PRMT1___CIZ1_unrelaxed_rank_002_alphafold2_multimer_v3_model_1_seed_000.pdb
PRMT1___CIZ1,3,4,A,B,0.0000,0.0,0.0,0.0000,0.3884,0.0000,0.0000,0.0,0.0,0.2700,79.5,22.7,0.370,0,0,0,0,,,,,371,898,,,,,PRMT1___CIZ1_unrelaxed_rank_003_alphafold2_multimer_v3_model_4_seed_000.pdb
PRMT1___CIZ1,4,5,A,B,0.0000,0.0,0.0,0.0000,0.3281,0.0000,0.0000,0.0,0.0,0.2400,84.5,24.7,0.360,0,0,0,0,,,,,371,898,,,,,PRMT1___CIZ1_unrelaxed_rank_004_alphafold2_multimer_v3_model_5_seed_000.pdb
PRMT1___CIZ1,5,3,A,B,0.0000,0.0,0.0,0.0000,0.3150,0.0000,0.0000,0.0,0.0,0.2300,82.2,24.8,0.360,0,0,0,0,,,,,371,898,,,,,PRMT1___CIZ1_unrelaxed_rank_005_alphafold2_multimer_v3_model_3_seed_000.pdb
PRMT1___LUC7L2,1,2,A,B,0.0000,0.0,0.0,0.0000,0.2031,0.0000,0.0000,0.0,0.0,0.1500,83.6,56.7,0.480,0,0,0,0,,,,,371,392,,,,,PRMT1___LUC7L2_unrelaxed_rank_001_alphafold2_multimer_v3_model_2_seed_000.pdb
PRMT1___LUC7L2,2,1,A,B,0.0000,0.0,0.0,0.0000,0.1450,0.0000,0.0000,0.0,0.0,0.1500,82.7,54.7,0.470,0,0,0,0,,,,,371,392,,,,,PRMT1___LUC7L2_unrelaxed_rank_002_alphafold2_multimer_v3_model_1_seed_000.pdb
PRMT1___LUC7L2,3,3,A,B,0.0000,0.0,0.0,0.0000,0.1429,0.0000,0.0000,0.0,0.0,0.1400,82.8,57.3,0.470,0,0,0,0,,,,,371,392,,,,,PRMT1___LUC7L2_unrelaxed_rank_003_alphafold2_multimer_v3_model_3_seed_000.pdb
PRMT1___LUC7L2,4,4,A,B,0.0000,0.0,0.0,0.0000,0.1519,0.0000,0.0000,0.0,0.0,0.1300,80.6,55.9,0.460,0,0,0,0,,,,,371,392,,,,,PRMT1___LUC7L2_unrelaxed_rank_004_alphafold2_multimer_v3_model_4_seed_000.pdb
PRMT1___LUC7L2,5,5,A,B,0.0000,0.0,0.0,0.0000,0.1145,0.0000,0.0000,0.0,0.0,0.1100,83.0,56.7,0.470,0,0,0,0,,,,,371,392,,,,,PRMT1___LUC7L2_unrelaxed_rank_005_alphafold2_multimer_v3_model_5_seed_000.pdb
PRMT1___SET,1,4,A,B,0.0000,0.0,0.0,0.0000,0.2751,0.0000,0.0000,0.0,0.0,0.2200,80.8,60.8,0.520,0,0,0,0,,,,,371,290,,,,,PRMT1___SET_unrelaxed_rank_001_alphafold2_multimer_v3_model_4_seed_000.pdb
PRMT1___SET,2,2,A,B,0.0000,0.0,0.0,0.0000,0.1804,0.0000,0.0000,0.0,0.0,0.1700,82.0,62.0,0.520,0,0,0,0,,,,,371,290,,,,,PRMT1___SET_unrelaxed_rank_002_alphafold2_multimer_v3_model_2_seed_000.pdb
PRMT1___SET,3,1,A,B,0.0000,0.0,0.0,0.0000,0.1343,0.0000,0.0000,0.0,0.0,0.1400,80.6,60.5,0.510,0,0,0,0,,,,,371,290,,,,,PRMT1___SET_unrelaxed_rank_003_alphafold2_multimer_v3_model_1_seed_000.pdb
PRMT1___SET,4,3,A,B,0.0000,0.0,0.0,0.0000,0.1985,0.0000,0.0000,0.0,0.0,0.1200,83.2,61.4,0.520,0,0,0,0,,,,,371,290,,,,,PRMT1___SET_unrelaxed_rank_004_alphafold2_multimer_v3_model_3_seed_000.pdb
PRMT1___SET,5,5,A,B,0.0000,0.0,0.0,0.0000,0.1589,0.0000,0.0000,0.0,0.0,0.1200,84.2,62.1,0.520,0,0,0,0,,,,,371,290,,,,,PRMT1___SET_unrelaxed_rank_005_alphafold2_multimer_v3_model_5_seed_000.pdb
PRMT1___SRSF11,1,1,A,B,0.0143,56.5,0.8,0.0000,0.4129,0.0125,0.0164,319.0,10.0,0.2500,84.9,30.5,0.460,143,8,7,5,94.2,30.8,88.4,31.2,371,484,"[62,69,71-73,75-80,92,94-95,98-100,102-107,111,114,116-120,122-123,125-127,129-130,139,141,146,156,160-161,166-169,172,174-178,180,190-192,195-201,203,210,213,215-220,222-224,226-230,232-241,243-244,246-247,250-251,253-255,257,265,271-273,279-280,290-292,298-300,302,307-311,313,316,318-322,324,331,334-335,338-340,346,348-352,366-369]",[327-334],"[236-239,241,311,313]","[329-332,334]",PRMT1___SRSF11_unrelaxed_rank_001_alphafold2_multimer_v3_model_1_seed_000.pdb
PRMT1___SRSF11,2,4,A,B,0.0000,0.0,0.0,0.0000,0.3362,0.0000,0.0000,0.0,0.0,0.2200,83.1,29.0,0.440,0,0,0,0,,,,,371,484,,,,,PRMT1___SRSF11_unrelaxed_rank_002_alphafold2_multimer_v3_model_4_seed_000.pdb
PRMT1___SRSF11,3,3,A,B,0.0103,12.7,0.1,0.0000,0.4143,0.0111,0.0096,161.0,1.0,0.1800,84.9,30.5,0.460,102,4,1,1,94.4,26.3,88.8,26.0,371,484,"[69,72,75,77,79,87,92-95,101,104-107,109,111,114,116,118,122,125-133,135,139,141,143,146,156,160,191,195,197-198,201,203-204,206,209,215-220,222-230,233-237,241-244,250,252-255,262,268,271,273,280-283,299,308,315-316,320-321,331,335,338,349-353,355,366-369]",[328-331],[236],[330],PRMT1___SRSF11_unrelaxed_rank_003_alphafold2_multimer_v3_model_3_seed_000.pdb
PRMT1___SRSF11,4,5,A,B,0.0000,0.0,0.0,0.0000,0.2133,0.0000,0.0000,0.0,0.0,0.1700,85.4,30.5,0.440,0,0,0,0,,,,,371,484,,,,,PRMT1___SRSF11_unrelaxed_rank_004_alphafold2_multimer_v3_model_5_seed_000.pdb
PRMT1___SRSF11,5,2,A,B,0.0000,0.0,0.0,0.0000,0.1879,0.0000,0.0000,0.0,0.0,0.1500,86.4,30.3,0.440,0,0,0,0,,,,,371,484,,,,,PRMT1___SRSF11_unrelaxed_rank_005_alphafold2_multimer_v3_model_2_seed_000.pdb
PSPC1___LUC7L2,1,2,A,B,0.0000,0.0,0.0,0.0000,0.0978,0.0000,0.0000,0.0,0.0,0.1200,58.5,57.7,0.330,0,0,0,0,,,,,523,392,,,,,PSPC1___LUC7L2_unrelaxed_rank_001_alphafold2_multimer_v3_model_2_seed_000.pdb
PSPC1___LUC7L2,2,3,A,B,0.0000,0.0,0.0,0.0000,0.1100,0.0000,0.0000,0.0,0.0,0.1200,58.2,58.2,0.330,0,0,0,0,,,,,523,392,,,,,PSPC1___LUC7L2_unrelaxed_rank_002_alphafold2_multimer_v3_model_3_seed_000.pdb
PSPC1___LUC7L2,3,4,A,B,0.0000,0.0,0.0,0.0000,0.1146,0.0000,0.0000,0.0,0.0,0.1200,56.3,59.9,0.320,0,0,0,0,,,,,523,392,,,,,PSPC1___LUC7L2_unrelaxed_rank_003_alphafold2_multimer_v3_model_4_seed_000.pdb
PSPC1___LUC7L2,4,5,A,B,0.0000,0.0,0.0,0.0000,0.1001,0.0000,0.0000,0.0,0.0,0.1100,58.3,58.7,0.340,0,0,0,0,,,,,523,392,,,,,PSPC1___LUC7L2_unrelaxed_rank_004_alphafold2_multimer_v3_model_5_seed_000.pdb
PSPC1___LUC7L2,5,1,A,B,0.0000,0.0,0.0,0.0000,0.0000,0.0000,0.0000,0.0,0.0,0.1200,60.0,58.9,0.340,0,0,0,0,,,,,523,392,,,,,PSPC1___LUC7L2_unrelaxed_rank_005_alphafold2_multimer_v3_model_1_seed_000.pdb
PSPC1___RB1,1,1,A,B,0.0000,0.0,0.0,0.0000,0.3417,0.0000,0.0000,0.0,0.0,0.2000,50.8,68.1,0.510,0,0,0,0,,,,,523,928,,,,,PSPC1___RB1_unrelaxed_rank_001_alphafold2_multimer_v3_model_1_seed_000.pdb
PSPC1___RB1,2,4,A,B,0.0000,0.0,0.0,0.0000,0.1817,0.0000,0.0000,0.0,0.0,0.1700,48.6,67.1,0.520,0,0,0,0,,,,,523,928,,,,,PSPC1___RB1_unrelaxed_rank_002_alphafold2_multimer_v3_model_4_seed_000.pdb
PSPC1___RB1,3,2,A,B,0.0000,0.0,0.0,0.0000,0.1397,0.0000,0.0000,0.0,0.0,0.1600,51.4,67.9,0.520,0,0,0,0,,,,,523,928,,,,,PSPC1___RB1_unrelaxed_rank_003_alphafold2_multimer_v3_model_2_seed_000.pdb
PSPC1___RB1,4,3,A,B,0.0000,0.0,0.0,0.0000,0.1602,0.0000,0.0000,0.0,0.0,0.1600,53.8,66.6,0.520,0,0,0,0,,,,,523,928,,,,,PSPC1___RB1_unrelaxed_rank_004_alphafold2_multimer_v3_model_3_seed_000.pdb
PSPC1___RB1,5,5,A,B,0.0000,0.0,0.0,0.0000,0.1344,0.0000,0.0000,0.0,0.0,0.1600,52.8,67.2,0.520,0,0,0,0,,,,,523,928,,,,,PSPC1___RB1_unrelaxed_rank_005_alphafold2_multimer_v3_model_5_seed_000.pdb
PTBP3___DHX15,1,1,A,B,0.0000,0.0,0.0,0.0000,0.2064,0.0000,0.0000,0.0,0.0,0.1900,57.4,79.2,0.520,0,0,0,0,,,,,552,795,,,,,PTBP3___DHX15_unrelaxed_rank_001_alphafold2_multimer_v3_model_1_seed_000.pdb
PTBP3___DHX15,2,5,A,B,0.0000,0.0,0.0,0.0000,0.1818,0.0000,0.0000,0.0,0.0,0.1800,60.4,79.4,0.530,0,0,0,0,,,,,552,795,,,,,PTBP3___DHX15_unrelaxed_rank_002_alphafold2_multimer_v3_model_5_seed_000.pdb
PTBP3___DHX15,3,3,A,B,0.0000,0.0,0.0,0.0000,0.1689,0.0000,0.0000,0.0,0.0,0.1700,59.7,79.3,0.520,0,0,0,0,,,,,552,795,,,,,PTBP3___DHX15_unrelaxed_rank_003_alphafold2_multimer_v3_model_3_seed_000.pdb
PTBP3___DHX15,4,4,A,B,0.0000,0.0,0.0,0.0000,0.1609,0.0000,0.0000,0.0,0.0,0.1600,58.0,78.8,0.520,0,0,0,0,,,,,552,795,,,,,PTBP3___DHX15_unrelaxed_rank_004_alphafold2_multimer_v3_model_4_seed_000.pdb
PTBP3___DHX15,5,2,A,B,0.0000,0.0,0.0,0.0000,0.1701,0.0000,0.0000,0.0,0.0,0.1600,61.5,79.2,0.510,0,0,0,0,,,,,552,795,,,,,PTBP3___DHX15_unrelaxed_rank_005_alphafold2_multimer_v3_model_2_seed_000.pdb
PTBP3___SET,1,1,A,B,0.0000,0.0,0.0,0.0000,0.2003,0.0000,0.0000,0.0,0.0,0.1700,60.9,60.9,0.320,0,0,0,0,,,,,552,290,,,,,PTBP3___SET_unrelaxed_rank_001_alphafold2_multimer_v3_model_1_seed_000.pdb
PTBP3___SET,2,4,A,B,0.0000,0.0,0.0,0.0000,0.1565,0.0000,0.0000,0.0,0.0,0.1500,61.5,59.1,0.320,0,0,0,0,,,,,552,290,,,,,PTBP3___SET_unrelaxed_rank_002_alphafold2_multimer_v3_model_4_seed_000.pdb
PTBP3___SET,3,2,A,B,0.0000,0.0,0.0,0.0000,0.1409,0.0000,0.0000,0.0,0.0,0.1500,64.9,62.0,0.310,0,0,0,0,,,,,552,290,,,,,PTBP3___SET_unrelaxed_rank_003_alphafold2_multimer_v3_model_2_seed_000.pdb
PTBP3___SET,4,3,A,B,0.0000,0.0,0.0,0.0000,0.1297,0.0000,0.0000,0.0,0.0,0.1400,62.8,60.2,0.310,0,0,0,0,,,,,552,290,,,,,PTBP3___SET_unrelaxed_rank_004_alphafold2_multimer_v3_model_3_seed_000.pdb
PTBP3___SET,5,5,A,B,0.0000,0.0,0.0,0.0000,0.1223,0.0000,0.0000,0.0,0.0,0.1300,65.6,61.9,0.310,0,0,0,0,,,,,552,290,,,,,PTBP3___SET_unrelaxed_rank_005_alphafold2_multimer_v3_model_5_seed_000.pdb
PTBP3___SF3A3,1,3,A,B,0.0000,0.0,0.0,0.0000,0.1976,0.0000,0.0000,0.0,0.0,0.1600,61.8,74.2,0.370,0,0,0,0,,,,,552,501,,,,,PTBP3___SF3A3_unrelaxed_rank_001_alphafold2_multimer_v3_model_3_seed_000.pdb
PTBP3___SF3A3,2,1,A,B,0.0000,0.0,0.0,0.0000,0.1598,0.0000,0.0000,0.0,0.0,0.1500,60.4,71.7,0.350,0,0,0,0,,,,,552,501,,,,,PTBP3___SF3A3_unrelaxed_rank_002_alphafold2_multimer_v3_model_1_seed_000.pdb
PTBP3___SF3A3,3,5,A,B,0.0000,0.0,0.0,0.0000,0.1446,0.0000,0.0000,0.0,0.0,0.1300,62.8,73.7,0.350,0,0,0,0,,,,,552,501,,,,,PTBP3___SF3A3_unrelaxed_rank_003_alphafold2_multimer_v3_model_5_seed_000.pdb
PTBP3___SF3A3,4,2,A,B,0.0000,0.0,0.0,0.0000,0.1441,0.0000,0.0000,0.0,0.0,0.1400,64.3,73.2,0.350,0,0,0,0,,,,,552,501,,,,,PTBP3___SF3A3_unrelaxed_rank_004_alphafold2_multimer_v3_model_2_seed_000.pdb
PTBP3___SF3A3,5,4,A,B,0.0000,0.0,0.0,0.0000,0.1304,0.0000,0.0000,0.0,0.0,0.1300,61.0,69.9,0.340,0,0,0,0,,,,,552,501,,,,,PTBP3___SF3A3_unrelaxed_rank_005_alphafold2_multimer_v3_model_4_seed_000.pdb
PTBP3___XRN2,1,3,A,B,0.0000,0.0,0.0,0.0000,0.1972,0.0000,0.0000,0.0,0.0,0.2000,56.5,69.1,0.540,0,0,0,0,,,,,552,950,,,,,PTBP3___XRN2_unrelaxed_rank_001_alphafold2_multimer_v3_model_3_seed_000.pdb
PTBP3___XRN2,2,2,A,B,0.0000,0.0,0.0,0.0000,0.2082,0.0000,0.0000,0.0,0.0,0.1900,58.2,70.8,0.550,0,0,0,0,,,,,552,950,,,,,PTBP3___XRN2_unrelaxed_rank_002_alphafold2_multimer_v3_model_2_seed_000.pdb
PTBP3___XRN2,3,4,A,B,0.0000,0.0,0.0,0.0000,0.1828,0.0000,0.0000,0.0,0.0,0.1900,53.0,70.2,0.550,0,0,0,0,,,,,552,950,,,,,PTBP3___XRN2_unrelaxed_rank_003_alphafold2_multimer_v3_model_4_seed_000.pdb
PTBP3___XRN2,4,5,A,B,0.0000,0.0,0.0,0.0000,0.1916,0.0000,0.0000,0.0,0.0,0.1900,56.8,70.2,0.550,0,0,0,0,,,,,552,950,,,,,PTBP3___XRN2_unrelaxed_rank_004_alphafold2_multimer_v3_model_5_seed_000.pdb
PTBP3___XRN2,5,1,A,B,0.0000,0.0,0.0,0.0000,0.2005,0.0000,0.0000,0.0,0.0,0.1800,53.6,70.4,0.540,0,0,0,0,,,,,552,950,,,,,PTBP3___XRN2_unrelaxed_rank_005_alphafold2_multimer_v3_model_1_seed_000.pdb
RAVER1___CCNT1,1,4,A,B,0.0000,0.0,0.0,0.0000,0.3896,0.0000,0.0000,0.0,0.0,0.2000,52.3,40.7,0.340,0,0,0,0,,,,,606,726,,,,,RAVER1___CCNT1_unrelaxed_rank_001_alphafold2_multimer_v3_model_4_seed_000.pdb
RAVER1___CCNT1,2,5,A,B,0.0000,0.0,0.0,0.0000,0.2455,0.0000,0.0000,0.0,0.0,0.1800,52.2,42.5,0.350,0,0,0,0,,,,,606,726,,,,,RAVER1___CCNT1_unrelaxed_rank_002_alphafold2_multimer_v3_model_5_seed_000.pdb
RAVER1___CCNT1,3,1,A,B,0.0000,0.0,0.0,0.0000,0.2772,0.0000,0.0000,0.0,0.0,0.1800,51.2,41.9,0.340,0,0,0,0,,,,,606,726,,,,,RAVER1___CCNT1_unrelaxed_rank_003_alphafold2_multimer_v3_model_1_seed_000.pdb
RAVER1___CCNT1,4,3,A,B,0.0000,0.0,0.0,0.0000,0.1940,0.0000,0.0000,0.0,0.0,0.1700,51.4,42.4,0.340,0,0,0,0,,,,,606,726,,,,,RAVER1___CCNT1_unrelaxed_rank_004_alphafold2_multimer_v3_model_3_seed_000.pdb
RAVER1___CCNT1,5,2,A,B,0.0000,0.0,0.0,0.0000,0.2702,0.0000,0.0000,0.0,0.0,0.1700,52.1,43.8,0.340,0,0,0,0,,,,,606,726,,,,,RAVER1___CCNT1_unrelaxed_rank_005_alphafold2_multimer_v3_model_2_seed_000.pdb
RAVER1___DNAJA1,1,1,A,B,0.0000,0.0,0.0,0.0000,0.3057,0.0000,0.0000,0.0,0.0,0.1800,51.8,70.1,0.380,0,0,0,0,,,,,606,397,,,,,RAVER1___DNAJA1_unrelaxed_rank_001_alphafold2_multimer_v3_model_1_seed_000.pdb
RAVER1___DNAJA1,2,2,A,B,0.0000,0.0,0.0,0.0000,0.1622,0.0000,0.0000,0.0,0.0,0.1500,51.3,71.8,0.380,0,0,0,0,,,,,606,397,,,,,RAVER1___DNAJA1_unrelaxed_rank_002_alphafold2_multimer_v3_model_2_seed_000.pdb
RAVER1___DNAJA1,3,4,A,B,0.0000,0.0,0.0,0.0000,0.1559,0.0000,0.0000,0.0,0.0,0.1500,51.8,71.1,0.380,0,0,0,0,,,,,606,397,,,,,RAVER1___DNAJA1_unrelaxed_rank_003_alphafold2_multimer_v3_model_4_seed_000.pdb
RAVER1___DNAJA1,4,3,A,B,0.0000,0.0,0.0,0.0000,0.1540,0.0000,0.0000,0.0,0.0,0.1500,51.0,69.8,0.370,0,0,0,0,,,,,606,397,,,,,RAVER1___DNAJA1_unrelaxed_rank_004_alphafold2_multimer_v3_model_3_seed_000.pdb
RAVER1___DNAJA1,5,5,A,B,0.0000,0.0,0.0,0.0000,0.1486,0.0000,0.0000,0.0,0.0,0.1400,51.7,71.5,0.380,0,0,0,0,,,,,606,397,,,,,RAVER1___DNAJA1_unrelaxed_rank_005_alphafold2_multimer_v3_model_5_seed_000.pdb
RAVER1___RB1,1,5,A,B,0.1240,187.9,23.3,0.0180,0.6594,0.1184,0.1298,1103.0,32.0,0.3500,51.0,67.7,0.530,6,357,4,14,41.7,92.5,43.6,87.7,606,928,[323-328],"[61,71-80,98-99,101-107,109,117-122,133,141-150,152,154,156-157,160-165,168-169,192,194-198,201-202,214,216-225,292,320-322,332,334,336-337,382,399-404,412-434,439,441-465,474-498,514-538,543-576,603-605,645-774,777-783]",[323-326],"[709-710,713-714,721,753,756-757,760-761,764-765,768-769]",RAVER1___RB1_unrelaxed_rank_001_alphafold2_multimer_v3_model_5_seed_000.pdb
RAVER1___RB1,2,2,A,B,0.0159,16.8,0.3,0.0000,0.4864,0.0238,0.0106,94.0,3.0,0.3000,50.5,67.8,0.510,4,69,1,3,44.2,93.5,44.4,87.0,606,928,[324-327],"[421,423,425,427,458,521,524-525,552,554,556-557,559,562-563,570,572,649-658,660-662,664-665,667-669,675,677-680,682,685-687,692-693,696,698-699,701-703,705-707,709,713-715,720,724,726-727,737-738,742,749,751,753]",[324],"[709,713-714]",RAVER1___RB1_unrelaxed_rank_002_alphafold2_multimer_v3_model_2_seed_000.pdb
RAVER1___RB1,3,3,A,B,0.0000,0.0,0.0,0.0000,0.4090,0.0000,0.0000,0.0,0.0,0.2500,50.6,67.2,0.520,0,0,0,0,,,,,606,928,,,,,RAVER1___RB1_unrelaxed_rank_003_alphafold2_multimer_v3_model_3_seed_000.pdb
RAVER1___RB1,4,4,A,B,0.0000,0.0,0.0,0.0000,0.2020,0.0000,0.0000,0.0,0.0,0.1800,49.5,67.2,0.500,0,0,0,0,,,,,606,928,,,,,RAVER1___RB1_unrelaxed_rank_004_alphafold2_multimer_v3_model_4_seed_000.pdb
RAVER1___RB1,5,1,A,B,0.0000,0.0,0.0,0.0000,0.1761,0.0000,0.0000,0.0,0.0,0.1800,49.1,66.2,0.490,0,0,0,0,,,,,606,928,,,,,RAVER1___RB1_unrelaxed_rank_005_alphafold2_multimer_v3_model_1_seed_000.pdb
RB1___SRSF11,1,1,A,B,0.1259,222.6,28.0,0.0154,0.6892,0.0966,0.1641,1548.0,32.0,0.2800,69.3,28.1,0.530,302,8,11,6,93.0,42.3,87.8,42.7,928,484,"[101-103,105-106,116,118,120-121,130-131,134,143-144,146,150-151,154-155,157-158,161-162,165,191,194-202,214,216-222,224,292,337,379,381-386,400,403,414-434,439-461,477-498,514,516-537,543-575,646-745,747-772]",[423-430],"[713,720-722,725,751-754,756-757]","[424-426,428-430]",RB1___SRSF11_unrelaxed_rank_001_alphafold2_multimer_v3_model_1_seed_000.pdb
RB1___SRSF11,2,5,A,B,0.0516,127.9,6.6,0.0128,0.5772,0.0385,0.0690,1090.0,15.0,0.2500,69.6,29.2,0.540,265,7,8,4,94.8,38.3,89.2,39.8,928,484,"[57,60-61,71-72,102,105,116-122,128,143,192,194-198,201,217-218,221-222,224,321,334,336-337,382,404,412,414-432,434,441-460,477,480-494,497,514,516-518,520-532,534-536,543,545-553,555-573,575,646-671,673-735,737-745,747-771]",[424-430],"[720-722,725,751,753-754,757]","[425-426,428-429]",RB1___SRSF11_unrelaxed_rank_002_alphafold2_multimer_v3_model_5_seed_000.pdb
RB1___SRSF11,3,2,A,B,0.0478,112.7,5.4,0.0115,0.5944,0.0370,0.0618,907.0,14.0,0.2300,69.5,28.7,0.540,232,7,8,4,94.2,40.9,89.0,41.9,928,484,"[102,131,154,195,197-198,201,221,321,379,382,384-386,403,415-423,425-431,441-461,479-497,517-518,520-521,523-525,527-528,531-532,534-536,543-564,567-570,572-573,649-671,673-745,747-764,767-771]",[424-430],"[720-722,725,751,753-754,757]","[425-426,428-429]",RB1___SRSF11_unrelaxed_rank_003_alphafold2_multimer_v3_model_2_seed_000.pdb
RB1___SRSF11,4,4,A,B,0.0631,146.3,9.2,0.0133,0.6092,0.0502,0.0794,1426.0,15.0,0.2300,69.3,27.7,0.530,336,8,8,5,93.5,42.2,88.6,41.9,928,484,"[57,60-61,64,69-80,97-107,109,111,115-124,127-128,130-132,134-135,142-145,147-165,191,194-201,213-219,221-222,224-226,292,320-322,324-325,332-337,382,384-386,415,417-419,421-423,425-434,441-458,479-498,514-533,535-536,543-565,567-573,575,647,649-671,673-745,747-771]",[424-431],"[720-722,725,751,753-754,757]","[425-426,428-429,431]",RB1___SRSF11_unrelaxed_rank_004_alphafold2_multimer_v3_model_4_seed_000.pdb
RB1___SRSF11,5,3,A,B,0.0779,179.2,14.0,0.0138,0.6403,0.0599,0.1014,1784.0,18.0,0.2300,69.4,28.3,0.540,390,8,8,4,94.4,36.9,89.6,39.2,928,484,"[57-64,66,68-81,96-111,115-124,127-165,168,191-192,194-203,205-206,213-226,288,291-292,296,299,318,320-322,324-325,332-337,340-342,382,384-386,400,403-404,412,414-435,439,441-461,476,479-498,514-533,535-536,542-575,646-647,649-745,747-771]",[424-431],"[720-722,725,751,753-754,757]","[425-426,428-429]",RB1___SRSF11_unrelaxed_rank_005_alphafold2_multimer_v3_model_3_seed_000.pdb
RBM33___DNAJA1,1,1,A,B,0.1196,185.9,22.2,0.0141,0.6303,0.0995,0.1437,640.0,54.0,0.3600,23.0,77.3,0.290,11,144,8,15,35.5,89.0,36.8,84.0,1170,397,"[89-91,175-182]","[105-137,193,195,199-232,234-265,268-269,271,273-288,290,294,300-310,312-313,316-318,320-324,326]","[91,175-181]","[107,109,111,124-129,205,207-208,239,288,290]",RBM33___DNAJA1_unrelaxed_rank_001_alphafold2_multimer_v3_model_1_seed_000.pdb
RBM33___DNAJA1,2,5,A,B,0.0815,93.5,7.6,0.0155,0.5803,0.0760,0.0873,416.0,21.0,0.3000,23.4,77.2,0.280,5,149,4,8,34.3,90.0,33.8,82.6,1170,397,[179-183],"[105-136,193,195,200-232,235-247,249-270,272-289,295,297,299-313,315-326]",[179-182],"[109,111,126-130,208]",RBM33___DNAJA1_unrelaxed_rank_002_alphafold2_multimer_v3_model_5_seed_000.pdb
RBM33___DNAJA1,3,2,A,B,0.0850,100.9,8.6,0.0125,0.6030,0.0768,0.0941,424.0,24.0,0.2800,22.8,77.7,0.290,6,145,5,9,31.8,92.1,32.1,84.3,1170,397,[176-181],"[106-134,136,195,199-228,230-232,235-270,272-282,284-289,295,297-311,313,316-318,320-327]",[177-181],"[107,109,111,126-130,239]",RBM33___DNAJA1_unrelaxed_rank_003_alphafold2_multimer_v3_model_2_seed_000.pdb
RBM33___DNAJA1,4,4,A,B,0.0173,6.8,0.1,0.0000,0.5051,0.0129,0.0233,23.0,2.0,0.2400,21.5,76.3,0.280,3,19,1,2,31.5,87.8,33.5,82.2,1170,397,[178-180],"[116,120,123,125,127,129,208,214,217,221,223-224,239-240,247,251-252,278,309]",[178],"[127,129]",RBM33___DNAJA1_unrelaxed_rank_004_alphafold2_multimer_v3_model_4_seed_000.pdb
RBM33___DNAJA1,5,3,A,B,0.0190,16.7,0.3,0.0000,0.5312,0.0158,0.0229,35.0,8.0,0.2300,23.8,74.5,0.280,4,24,3,6,27.9,80.2,28.1,76.9,1170,397,[178-181],"[109,124-132,201-202,204-207,210,221-224,238-240]",[178-180],"[109,125-129]",RBM33___DNAJA1_unrelaxed_rank_005_alphafold2_multimer_v3_model_3_seed_000.pdb
SAFB___DAZAP1,1,2,A,B,0.0000,0.0,0.0,0.0000,0.1751,0.0000,0.0000,0.0,0.0,0.1700,34.3,46.4,0.210,0,0,0,0,,,,,915,407,,,,,SAFB___DAZAP1_unrelaxed_rank_001_alphafold2_multimer_v3_model_2_seed_000.pdb
SAFB___DAZAP1,2,1,A,B,0.0000,0.0,0.0,0.0000,0.1694,0.0000,0.0000,0.0,0.0,0.1700,33.0,43.0,0.210,0,0,0,0,,,,,915,407,,,,,SAFB___DAZAP1_unrelaxed_rank_002_alphafold2_multimer_v3_model_1_seed_000.pdb
SAFB___DAZAP1,3,3,A,B,0.0000,0.0,0.0,0.0000,0.1735,0.0000,0.0000,0.0,0.0,0.1600,33.3,42.8,0.200,0,0,0,0,,,,,915,407,,,,,SAFB___DAZAP1_unrelaxed_rank_003_alphafold2_multimer_v3_model_3_seed_000.pdb
SAFB___DAZAP1,4,5,A,B,0.0000,0.0,0.0,0.0000,0.1489,0.0000,0.0000,0.0,0.0,0.1600,33.9,45.3,0.200,0,0,0,0,,,,,915,407,,,,,SAFB___DAZAP1_unrelaxed_rank_004_alphafold2_multimer_v3_model_5_seed_000.pdb
SAFB___DAZAP1,5,4,A,B,0.0000,0.0,0.0,0.0000,0.1868,0.0000,0.0000,0.0,0.0,0.1600,32.7,44.2,0.200,0,0,0,0,,,,,915,407,,,,,SAFB___DAZAP1_unrelaxed_rank_005_alphafold2_multimer_v3_model_4_seed_000.pdb
SAFB___HMGB1,1,3,A,B,0.0309,39.9,1.2,0.0112,0.5197,0.0252,0.0379,177.0,9.0,0.2600,35.5,63.3,0.230,7,47,3,7,34.3,83.9,34.5,78.7,915,215,[129-135],"[101-114,116,120-136,140-152,154-155]","[131-132,134]","[106-107,110,122-123,125-126]",SAFB___HMGB1_unrelaxed_rank_001_alphafold2_multimer_v3_model_3_seed_000.pdb
SAFB___HMGB1,2,4,A,B,0.0763,115.0,8.8,0.0136,0.6374,0.0719,0.0809,601.0,22.0,0.2600,34.0,63.8,0.230,13,70,8,10,36.4,81.7,37.2,78.7,915,215,[123-135],"[17,94-118,120-163]","[123,126,128,130-132,134-135]","[103,106-107,110,122-123,125-126,129-130]",SAFB___HMGB1_unrelaxed_rank_002_alphafold2_multimer_v3_model_4_seed_000.pdb
SAFB___HMGB1,3,5,A,B,0.0000,0.0,0.0,0.0000,0.3205,0.0000,0.0000,0.0,0.0,0.2000,34.9,66.5,0.220,0,0,0,0,,,,,915,215,,,,,SAFB___HMGB1_unrelaxed_rank_003_alphafold2_multimer_v3_model_5_seed_000.pdb
SAFB___HMGB1,4,1,A,B,0.0000,0.0,0.0,0.0000,0.2369,0.0000,0.0000,0.0,0.0,0.1700,33.2,65.8,0.220,0,0,0,0,,,,,915,215,,,,,SAFB___HMGB1_unrelaxed_rank_004_alphafold2_multimer_v3_model_1_seed_000.pdb
SAFB___HMGB1,5,2,A,B,0.0000,0.0,0.0,0.0000,0.3035,0.0000,0.0000,0.0,0.0,0.1800,34.5,67.3,0.210,0,0,0,0,,,,,915,215,,,,,SAFB___HMGB1_unrelaxed_rank_005_alphafold2_multimer_v3_model_2_seed_000.pdb
SAR1A___PCCA,1,4,A,B,0.0000,0.0,0.0,0.0000,0.2081,0.0000,0.0000,0.0,0.0,0.2600,56.9,80.5,0.680,0,0,0,0,,,,,198,728,,,,,SAR1A___PCCA_unrelaxed_rank_001_alphafold2_multimer_v3_model_4_seed_000.pdb
SAR1A___PCCA,2,3,A,B,0.0000,0.0,0.0,0.0000,0.1927,0.0000,0.0000,0.0,0.0,0.2500,62.0,82.4,0.690,0,0,0,0,,,,,198,728,,,,,SAR1A___PCCA_unrelaxed_rank_002_alphafold2_multimer_v3_model_3_seed_000.pdb
SAR1A___PCCA,3,5,A,B,0.0000,0.0,0.0,0.0000,0.1563,0.0000,0.0000,0.0,0.0,0.2200,63.8,81.7,0.680,0,0,0,0,,,,,198,728,,,,,SAR1A___PCCA_unrelaxed_rank_003_alphafold2_multimer_v3_model_5_seed_000.pdb
SAR1A___PCCA,4,2,A,B,0.0000,0.0,0.0,0.0000,0.1437,0.0000,0.0000,0.0,0.0,0.2200,60.9,82.6,0.680,0,0,0,0,,,,,198,728,,,,,SAR1A___PCCA_unrelaxed_rank_004_alphafold2_multimer_v3_model_2_seed_000.pdb
SAR1A___PCCA,5,1,A,B,0.0000,0.0,0.0,0.0000,0.1735,0.0000,0.0000,0.0,0.0,0.2100,59.2,82.6,0.680,0,0,0,0,,,,,198,728,,,,,SAR1A___PCCA_unrelaxed_rank_005_alphafold2_multimer_v3_model_1_seed_000.pdb
SET___SAFB,1,2,A,B,0.3638,600.4,218.5,0.2711,0.9001,0.2594,0.5102,8012.0,45.0,0.4500,67.7,34.3,0.310,155,87,10,15,90.1,84.1,77.2,81.7,290,915,"[32-91,93-102,104-105,109,113-114,116-142,146-147,149-159,161-173,203-206,208,212-233]",[401-487],"[32,34,38,41-43,45-46,49-50]","[403,407,409,411-412,436,438,447,449,451,453,478,482-484]",SET___SAFB_unrelaxed_rank_001_alphafold2_multimer_v3_model_2_seed_000.pdb
SET___SAFB,2,5,A,B,0.0658,153.4,10.1,0.0137,0.5130,0.0572,0.0758,1239.0,19.0,0.4300,65.2,33.2,0.300,95,65,6,8,91.5,82.7,68.3,81.5,290,915,"[76-108,113-126,135-142,144-148,150-154,171,173,179,202-206,216-237]","[407-428,431-454,459,462-464,468-471,473-483]","[97,233-237]","[418-419,436-439,450-451]",SET___SAFB_unrelaxed_rank_002_alphafold2_multimer_v3_model_5_seed_000.pdb
SET___SAFB,3,3,A,B,0.0000,0.0,0.0,0.0000,0.2674,0.0000,0.0000,0.0,0.0,0.2100,63.6,32.5,0.280,0,0,0,0,,,,,290,915,,,,,SET___SAFB_unrelaxed_rank_003_alphafold2_multimer_v3_model_3_seed_000.pdb
SET___SAFB,4,4,A,B,0.0000,0.0,0.0,0.0000,0.2424,0.0000,0.0000,0.0,0.0,0.2000,63.0,30.3,0.270,0,0,0,0,,,,,290,915,,,,,SET___SAFB_unrelaxed_rank_004_alphafold2_multimer_v3_model_4_seed_000.pdb
SET___SAFB,5,1,A,B,0.0000,0.0,0.0,0.0000,0.2092,0.0000,0.0000,0.0,0.0,0.1800,64.3,31.9,0.280,0,0,0,0,,,,,290,915,,,,,SET___SAFB_unrelaxed_rank_005_alphafold2_multimer_v3_model_1_seed_000.pdb
SET___ZNF503,1,1,A,B,0.0533,33.1,1.8,0.0115,0.4760,0.0483,0.0588,73.0,15.0,0.2700,65.0,24.4,0.320,60,4,9,4,89.8,39.7,80.5,39.7,290,646,"[83,87,93-94,96-97,99-109,111-116,119-120,138-139,142,145-150,152-156,172,174,203-207,215-225,231-233]","[71-72,74,77]","[103-108,216-217,220]","[71-72,74,77]",SET___ZNF503_unrelaxed_rank_001_alphafold2_multimer_v3_model_1_seed_000.pdb
SET___ZNF503,2,4,A,B,0.1145,218.6,25.0,0.0161,0.6308,0.1072,0.1222,1911.0,25.0,0.2400,65.8,21.7,0.300,171,17,13,10,86.0,43.4,75.6,43.4,290,646,"[41-174,177-180,201-210,212-234]",[68-84],"[60,63-64,66-67,70,131-132,219,222-224,227]","[70-73,76-77,79-80,82-83]",SET___ZNF503_unrelaxed_rank_002_alphafold2_multimer_v3_model_4_seed_000.pdb
SET___ZNF503,3,5,A,B,0.0505,144.6,7.3,0.0124,0.5412,0.0500,0.0510,1393.0,15.0,0.2300,66.6,22.7,0.310,158,12,12,7,89.4,42.1,79.1,42.9,290,646,"[44-129,132,134-158,164-174,177-180,201-209,211-213,215-233]",[72-83],"[63,66-67,70,132,134,164,213,219,222-224]","[72,75-77,79-80,82]",SET___ZNF503_unrelaxed_rank_003_alphafold2_multimer_v3_model_5_seed_000.pdb
SET___ZNF503,4,3,A,B,0.0000,0.0,0.0,0.0000,0.3093,0.0038,0.0000,1.0,0.0,0.2000,65.1,21.6,0.310,1,1,0,0,79.9,34.3,,,290,646,[54],[78],,,SET___ZNF503_unrelaxed_rank_004_alphafold2_multimer_v3_model_3_seed_000.pdb
SET___ZNF503,5,2,A,B,0.0000,0.0,0.0,0.0000,0.3627,0.0000,0.0000,0.0,0.0,0.1900,66.5,20.8,0.310,0,0,0,0,,,,,290,646,,,,,SET___ZNF503_unrelaxed_rank_005_alphafold2_multimer_v3_model_2_seed_000.pdb
SF1___SF3A3,1,1,A,B,0.0401,14.8,0.6,0.0110,0.5219,0.0348,0.0463,109.0,2.0,0.2300,36.9,75.1,0.350,11,37,2,2,58.8,84.7,59.0,78.1,639,501,"[309-310,312-320]","[5,7-8,10-13,17-19,57,67,69-75,80-97]","[312,316]","[81,84]",SF1___SF3A3_unrelaxed_rank_001_alphafold2_multimer_v3_model_1_seed_000.pdb
SF1___SF3A3,2,2,A,B,0.0000,0.0,0.0,0.0000,0.1254,0.0000,0.0000,0.0,0.0,0.1400,35.3,75.9,0.340,0,0,0,0,,,,,639,501,,,,,SF1___SF3A3_unrelaxed_rank_002_alphafold2_multimer_v3_model_2_seed_000.pdb
SF1___SF3A3,3,5,A,B,0.0000,0.0,0.0,0.0000,0.1493,0.0000,0.0000,0.0,0.0,0.1400,36.8,75.3,0.340,0,0,0,0,,,,,639,501,,,,,SF1___SF3A3_unrelaxed_rank_003_alphafold2_multimer_v3_model_5_seed_000.pdb
SF1___SF3A3,4,3,A,B,0.0000,0.0,0.0,0.0000,0.1442,0.0000,0.0000,0.0,0.0,0.1300,35.7,75.8,0.340,0,0,0,0,,,,,639,501,,,,,SF1___SF3A3_unrelaxed_rank_004_alphafold2_multimer_v3_model_3_seed_000.pdb
SF1___SF3A3,5,4,A,B,0.0000,0.0,0.0,0.0000,0.1295,0.0000,0.0000,0.0,0.0,0.1400,33.9,72.0,0.330,0,0,0,0,,,,,639,501,,,,,SF1___SF3A3_unrelaxed_rank_005_alphafold2_multimer_v3_model_4_seed_000.pdb
SF1___U2SURP,1,5,A,B,0.2847,335.8,95.6,0.1467,0.8595,0.2095,0.3870,2451.0,46.0,0.2800,39.1,48.8,0.290,21,123,9,12,67.3,87.3,74.9,89.6,639,1029,[303-323],"[322,371-387,389,408-511]","[308-310,312-313,315-316,319-320]","[430,433-434,437,440-441,444-445,448-449,452,458]",SF1___U2SURP_unrelaxed_rank_001_alphafold2_multimer_v3_model_5_seed_000.pdb
SF1___U2SURP,2,3,A,B,0.2823,321.8,90.8,0.1527,0.8426,0.2068,0.3853,2526.0,41.0,0.2800,38.0,47.9,0.290,22,120,7,12,63.7,85.2,69.7,86.4,639,1029,[303-324],"[370-388,411-511]","[305,309,312-313,316,319-320]","[429-430,433-434,437,441,444-445,448-449,452,458]",SF1___U2SURP_unrelaxed_rank_002_alphafold2_multimer_v3_model_3_seed_000.pdb
SF1___U2SURP,3,1,A,B,0.2650,292.2,77.4,0.1010,0.8521,0.2084,0.3370,1940.0,44.0,0.2600,37.0,49.9,0.290,17,106,7,13,59.4,88.3,62.3,86.7,639,1029,[307-323],"[376,378-379,381-387,411-498,500-507]","[308-309,312-313,316,319-320]","[429-430,433-434,437,440-441,444-445,448-449,452,458]",SF1___U2SURP_unrelaxed_rank_003_alphafold2_multimer_v3_model_1_seed_000.pdb
SF1___U2SURP,4,4,A,B,0.1062,113.3,12.0,0.0126,0.6650,0.0796,0.1417,494.0,26.0,0.2400,35.3,46.1,0.280,13,80,5,12,53.3,85.8,55.3,83.1,639,1029,[310-322],"[381,383,385,416-454,456-480,482,487-490,493-495,497,502-505]","[312-313,316,319-320]","[426,429-430,433-434,437,441,445,448-449,452,458]",SF1___U2SURP_unrelaxed_rank_004_alphafold2_multimer_v3_model_4_seed_000.pdb
SF1___U2SURP,5,2,A,B,0.0000,0.0,0.0,0.0000,0.1963,0.0000,0.0000,0.0,0.0,0.1800,37.5,50.6,0.290,0,0,0,0,,,,,639,1029,,,,,SF1___U2SURP_unrelaxed_rank_005_alphafold2_multimer_v3_model_2_seed_000.pdb
SF3A3___LUC7L2,1,1,A,B,0.1020,78.7,8.0,0.0129,0.5550,0.0796,0.1306,688.0,9.0,0.3000,77.3,59.6,0.430,60,37,3,3,89.9,86.8,83.1,79.6,501,392,"[4-19,21-24,46-47,49-50,53-54,56,59-61,66-75,79-97,108]","[129,131-163,207,210-211]","[81,84,88]","[147,149-150]",SF3A3___LUC7L2_unrelaxed_rank_001_alphafold2_multimer_v3_model_1_seed_000.pdb
SF3A3___LUC7L2,2,5,A,B,0.0000,0.0,0.0,0.0000,0.1116,0.0000,0.0000,0.0,0.0,0.1300,74.5,57.0,0.380,0,0,0,0,,,,,501,392,,,,,SF3A3___LUC7L2_unrelaxed_rank_002_alphafold2_multimer_v3_model_5_seed_000.pdb
SF3A3___LUC7L2,3,2,A,B,0.0000,0.0,0.0,0.0000,0.1310,0.0000,0.0000,0.0,0.0,0.1200,75.4,54.6,0.370,0,0,0,0,,,,,501,392,,,,,SF3A3___LUC7L2_unrelaxed_rank_003_alphafold2_multimer_v3_model_2_seed_000.pdb
SF3A3___LUC7L2,4,4,A,B,0.0000,0.0,0.0,0.0000,0.1217,0.0000,0.0000,0.0,0.0,0.1200,72.3,56.9,0.370,0,0,0,0,,,,,501,392,,,,,SF3A3___LUC7L2_unrelaxed_rank_004_alphafold2_multimer_v3_model_4_seed_000.pdb
SF3A3___LUC7L2,5,3,A,B,0.0000,0.0,0.0,0.0000,0.1171,0.0000,0.0000,0.0,0.0,0.1200,74.3,55.8,0.380,0,0,0,0,,,,,501,392,,,,,SF3A3___LUC7L2_unrelaxed_rank_005_alphafold2_multimer_v3_model_3_seed_000.pdb
SF3B2___DAZAP1,1,2,A,B,0.0000,0.0,0.0,0.0000,0.1525,0.0000,0.0000,0.0,0.0,0.1600,41.3,43.8,0.200,0,0,0,0,,,,,895,407,,,,,SF3B2___DAZAP1_unrelaxed_rank_001_alphafold2_multimer_v3_model_2_seed_000.pdb
SF3B2___DAZAP1,2,1,A,B,0.0000,0.0,0.0,0.0000,0.1623,0.0000,0.0000,0.0,0.0,0.1600,42.1,42.1,0.200,0,0,0,0,,,,,895,407,,,,,SF3B2___DAZAP1_unrelaxed_rank_002_alphafold2_multimer_v3_model_1_seed_000.pdb
SF3B2___DAZAP1,3,5,A,B,0.0000,0.0,0.0,0.0000,0.1426,0.0000,0.0000,0.0,0.0,0.1500,42.4,41.5,0.230,0,0,0,0,,,,,895,407,,,,,SF3B2___DAZAP1_unrelaxed_rank_003_alphafold2_multimer_v3_model_5_seed_000.pdb
SF3B2___DAZAP1,4,4,A,B,0.0000,0.0,0.0,0.0000,0.1633,0.0000,0.0000,0.0,0.0,0.1500,38.2,41.3,0.200,0,0,0,0,,,,,895,407,,,,,SF3B2___DAZAP1_unrelaxed_rank_004_alphafold2_multimer_v3_model_4_seed_000.pdb
SF3B2___DAZAP1,5,3,A,B,0.0000,0.0,0.0,0.0000,0.1761,0.0000,0.0000,0.0,0.0,0.1500,43.0,40.7,0.210,0,0,0,0,,,,,895,407,,,,,SF3B2___DAZAP1_unrelaxed_rank_005_alphafold2_multimer_v3_model_3_seed_000.pdb
SF3B2___NCL,1,1,A,B,0.0000,0.0,0.0,0.0000,0.2269,0.0000,0.0000,0.0,0.0,0.1700,37.9,43.0,0.220,0,0,0,0,,,,,895,710,,,,,SF3B2___NCL_unrelaxed_rank_001_alphafold2_multimer_v3_model_1_seed_000.pdb
SF3B2___NCL,2,2,A,B,0.0000,0.0,0.0,0.0000,0.1961,0.0000,0.0000,0.0,0.0,0.1700,38.4,44.6,0.220,0,0,0,0,,,,,895,710,,,,,SF3B2___NCL_unrelaxed_rank_002_alphafold2_multimer_v3_model_2_seed_000.pdb
SF3B2___NCL,3,5,A,B,0.0000,0.0,0.0,0.0000,0.1621,0.0000,0.0000,0.0,0.0,0.1600,40.4,43.5,0.220,0,0,0,0,,,,,895,710,,,,,SF3B2___NCL_unrelaxed_rank_003_alphafold2_multimer_v3_model_5_seed_000.pdb
SF3B2___NCL,4,4,A,B,0.0000,0.0,0.0,0.0000,0.1812,0.0000,0.0000,0.0,0.0,0.1600,35.1,42.6,0.220,0,0,0,0,,,,,895,710,,,,,SF3B2___NCL_unrelaxed_rank_004_alphafold2_multimer_v3_model_4_seed_000.pdb
SF3B2___NCL,5,3,A,B,0.0000,0.0,0.0,0.0000,0.1533,0.0000,0.0000,0.0,0.0,0.1600,41.0,41.6,0.220,0,0,0,0,,,,,895,710,,,,,SF3B2___NCL_unrelaxed_rank_005_alphafold2_multimer_v3_model_3_seed_000.pdb
SFPQ___PRDX1,1,2,A,B,0.0000,0.0,0.0,0.0000,0.1440,0.0000,0.0000,0.0,0.0,0.1800,47.6,86.2,0.360,0,0,0,0,,,,,707,199,,,,,SFPQ___PRDX1_unrelaxed_rank_001_alphafold2_multimer_v3_model_2_seed_000.pdb
SFPQ___PRDX1,2,3,A,B,0.0000,0.0,0.0,0.0000,0.1211,0.0000,0.0000,0.0,0.0,0.1500,48.8,86.6,0.360,0,0,0,0,,,,,707,199,,,,,SFPQ___PRDX1_unrelaxed_rank_002_alphafold2_multimer_v3_model_3_seed_000.pdb
SFPQ___PRDX1,3,5,A,B,0.0000,0.0,0.0,0.0000,0.1171,0.0000,0.0000,0.0,0.0,0.1500,48.0,85.2,0.350,0,0,0,0,,,,,707,199,,,,,SFPQ___PRDX1_unrelaxed_rank_003_alphafold2_multimer_v3_model_5_seed_000.pdb
SFPQ___PRDX1,4,1,A,B,0.0000,0.0,0.0,0.0000,0.1150,0.0000,0.0000,0.0,0.0,0.1500,49.2,84.3,0.350,0,0,0,0,,,,,707,199,,,,,SFPQ___PRDX1_unrelaxed_rank_004_alphafold2_multimer_v3_model_1_seed_000.pdb
SFPQ___PRDX1,5,4,A,B,0.0000,0.0,0.0,0.0000,0.1225,0.0000,0.0000,0.0,0.0,0.1500,46.9,85.8,0.330,0,0,0,0,,,,,707,199,,,,,SFPQ___PRDX1_unrelaxed_rank_005_alphafold2_multimer_v3_model_4_seed_000.pdb
SLC3A2___PCCA,1,4,A,B,0.0222,15.4,0.3,0.0000,0.5038,0.0362,0.0136,59.0,4.0,0.3500,67.3,80.6,0.530,7,44,3,4,37.1,86.5,41.1,66.4,630,728,[140-146],"[77,128,145,293-294,298,312-314,316,320,323,357,368,373,375,394-395,397,399,406-407,416,418,420,436,453,459,463,466,474,476,529,682-686,689,696-699,706]",[144-146],"[407,696-698]",SLC3A2___PCCA_unrelaxed_rank_001_alphafold2_multimer_v3_model_4_seed_000.pdb
SLC3A2___PCCA,2,3,A,B,0.0000,0.0,0.0,0.0000,0.3172,0.0000,0.0000,0.0,0.0,0.2500,66.1,81.7,0.520,0,0,0,0,,,,,630,728,,,,,SLC3A2___PCCA_unrelaxed_rank_002_alphafold2_multimer_v3_model_3_seed_000.pdb
SLC3A2___PCCA,3,1,A,B,0.0000,0.0,0.0,0.0000,0.1577,0.0000,0.0000,0.0,0.0,0.1800,65.8,81.9,0.510,0,0,0,0,,,,,630,728,,,,,SLC3A2___PCCA_unrelaxed_rank_003_alphafold2_multimer_v3_model_1_seed_000.pdb
SLC3A2___PCCA,4,2,A,B,0.0000,0.0,0.0,0.0000,0.1612,0.0000,0.0000,0.0,0.0,0.1700,66.6,82.4,0.510,0,0,0,0,,,,,630,728,,,,,SLC3A2___PCCA_unrelaxed_rank_004_alphafold2_multimer_v3_model_2_seed_000.pdb
SLC3A2___PCCA,5,5,A,B,0.0000,0.0,0.0,0.0000,0.1479,0.0000,0.0000,0.0,0.0,0.1700,66.1,82.1,0.510,0,0,0,0,,,,,630,728,,,,,SLC3A2___PCCA_unrelaxed_rank_005_alphafold2_multimer_v3_model_5_seed_000.pdb
SMAP___DHX15,1,4,A,B,0.5336,6530.6,3484.6,0.7252,0.9894,0.4104,0.6937,103016.0,414.0,0.7000,51.9,82.3,0.750,109,684,66,86,72.1,92.7,75.3,90.9,183,795,"[20-111,167-183]",[112-795],"[23-24,26-27,30-32,37,40-47,49,52-59,61,63-68,73,76-77,79-80,83-84,86-88,90-92,96,98-105,169-170,173-181,183]","[249-250,275,278-279,281-282,302-303,305,318-325,327-334,337-338,340-341,344-345,361,376,439-441,444,446,448,457-460,482,484-487,489,493-495,499,503-504,517-530,532-534,536-537,540-541,544,549,551-554,741-743]",SMAP___DHX15_unrelaxed_rank_001_alphafold2_multimer_v3_model_4_seed_000.pdb
SMAP___DHX15,2,1,A,B,0.4739,7086.0,3358.3,0.7115,0.9850,0.3660,0.6137,105709.0,475.0,0.6900,52.3,81.9,0.740,126,682,79,116,65.6,92.5,68.3,89.8,183,795,"[20-112,117-131,166-183]",[113-794],"[23-24,26-27,30-32,37,40-49,52-61,63-68,73,76-77,79-80,83-84,86-88,90-92,96,98-105,120,122-131,169-170,173-181,183]","[192-196,198,221-222,236-240,249-250,268,275,277-279,281-282,299,302-303,305,318,320-325,327-334,337-338,340-341,344-345,358-361,376,389-391,421,423,439-441,443-444,446,448,456-460,482,484-487,489,493-495,499,503-504,517-527,529-530,532-534,536-537,540-541,544,549,551-553,597-598,602,722-724,740-743]",SMAP___DHX15_unrelaxed_rank_002_alphafold2_multimer_v3_model_1_seed_000.pdb
SMAP___DHX15,3,2,A,B,0.5051,6507.6,3286.7,0.6825,0.9890,0.3793,0.6725,97803.0,433.0,0.6800,50.5,82.0,0.720,109,683,66,87,70.2,92.5,73.9,90.1,183,795,"[20-111,167-183]",[113-795],"[23-24,26-27,30,32,37,40-49,52-59,61,63-68,73,76-77,79-80,83-84,86-88,90-92,96,98-105,169-170,173-181,183]","[249-250,275,277-279,281-282,299,302-303,305,318,320-325,327-334,337-338,340-341,344-345,361,372,375-376,439-441,446,448,457-460,482,484-487,489,493-495,499,503-504,517-530,532-534,536-537,540-541,544,549,551-553,741-743]",SMAP___DHX15_unrelaxed_rank_003_alphafold2_multimer_v3_model_2_seed_000.pdb
SMAP___DHX15,4,5,A,B,0.5216,6719.6,3505.1,0.6853,0.9896,0.3881,0.7010,98160.0,460.0,0.6800,51.3,81.4,0.720,113,683,71,89,69.2,91.8,73.2,88.5,183,795,"[19-111,122-125,168-183]",[113-795],"[20,23-24,26-27,30-32,37,40-49,52-59,61,63-68,73,76-77,79-81,83-88,90-92,96,98-105,124-125,169-170,173-181]","[249-250,275,277-279,281-282,302-303,305,320-325,327-334,337-338,340-341,344-345,360-361,376,439-441,446-450,455,457-460,482,484-487,489,493-495,499,503-504,517-530,532-534,536-537,540-541,544,549,551-554,741-743]",SMAP___DHX15_unrelaxed_rank_004_alphafold2_multimer_v3_model_5_seed_000.pdb
SMAP___DHX15,5,3,A,B,0.5093,6467.6,3293.9,0.6652,0.9859,0.3743,0.6929,92339.0,453.0,0.6600,50.8,81.2,0.700,108,683,67,88,71.4,91.7,75.9,88.9,183,795,"[20-110,167-183]",[112-794],"[23-24,26-27,30-32,37,40-49,52-59,61,63-65,67-68,73,76-77,79-81,83-88,90-92,96,98-105,169-170,173-181]","[249-250,275,278-279,281-282,302-303,305,320-325,327-334,337-338,340-341,344-345,361,375-376,439-441,446-450,455,457-460,482,484-487,489,493-495,499,503-504,517-530,532-534,536-537,540-541,544,549,551-554,741-743]",SMAP___DHX15_unrelaxed_rank_005_alphafold2_multimer_v3_model_3_seed_000.pdb
SMAP___HMGB1,1,1,A,B,0.4284,727.7,311.8,0.3537,0.9001,0.4109,0.4466,6305.0,84.0,0.4400,39.9,71.3,0.410,70,158,24,22,63.1,85.7,63.7,82.4,183,215,"[26-48,61-107]","[8-77,83-170]","[27,29-33,37-38,41,44-45,77,80-81,84,88,91-92,94,96-99,102]","[20,24,35-39,41-42,92,96,98-99,103-104,106-107,110,114,119,121-122]",SMAP___HMGB1_unrelaxed_rank_001_alphafold2_multimer_v3_model_1_seed_000.pdb
SMAP___HMGB1,2,5,A,B,0.4366,417.6,182.3,0.1772,0.8029,0.3541,0.5382,4056.0,43.0,0.3500,33.7,69.6,0.340,35,81,11,13,65.8,84.7,67.6,83.6,183,215,[65-99],[87-167],"[74,77,80-81,84,88,91-92,94,96,98]","[92,95-96,99,103-104,106-107,110,114,119,121-122]",SMAP___HMGB1_unrelaxed_rank_002_alphafold2_multimer_v3_model_5_seed_000.pdb
SMAP___HMGB1,3,2,A,B,0.3352,359.3,120.4,0.1113,0.6944,0.2619,0.4290,3586.0,36.0,0.3100,31.9,69.2,0.340,35,79,10,11,60.2,85.7,62.9,83.3,183,215,"[66-99,101]",[89-167],"[77,80-81,84,88,91-92,94,96,98]","[92,96,99,103-104,106-107,110,114,121-122]",SMAP___HMGB1_unrelaxed_rank_003_alphafold2_multimer_v3_model_2_seed_000.pdb
SMAP___HMGB1,4,3,A,B,0.0472,62.0,2.9,0.0112,0.3256,0.0401,0.0556,349.0,11.0,0.2500,30.8,68.3,0.320,23,60,6,9,61.7,89.3,62.0,86.1,183,215,[73-95],"[94-95,97-117,120-139,141-155,157,160]","[77,80-81,88,91-92]","[99,103-104,106-107,110,114,121-122]",SMAP___HMGB1_unrelaxed_rank_004_alphafold2_multimer_v3_model_3_seed_000.pdb
SMAP___HMGB1,5,4,A,B,0.0499,21.7,1.1,0.0000,0.2960,0.0514,0.0485,118.0,4.0,0.1800,29.1,67.6,0.310,8,42,3,4,50.5,86.7,50.9,83.3,183,215,[40-47],"[12-16,18-28,38-41,43,45,47-51,53-55,60-61,64,66-74]","[41,44-45]","[19,22-23,26]",SMAP___HMGB1_unrelaxed_rank_005_alphafold2_multimer_v3_model_4_seed_000.pdb
SMAP___PCBP2,1,1,A,B,0.0127,4.0,0.1,0.0000,0.3136,0.0122,0.0133,16.0,1.0,0.2000,23.0,60.3,0.380,1,16,1,1,29.7,85.3,29.7,73.5,183,365,[58],"[37-38,41-42,61,65,69,76-77,105,118,148,155-156,158,162]",[58],[105],SMAP___PCBP2_unrelaxed_rank_001_alphafold2_multimer_v3_model_1_seed_000.pdb
SMAP___PCBP2,2,5,A,B,0.0744,93.9,7.0,0.0165,0.4406,0.0636,0.0870,353.0,25.0,0.1800,26.6,64.8,0.390,5,144,5,16,32.0,87.2,32.0,81.5,183,365,[56-60],"[12-30,32-49,55-84,97-134,136-172,179,181]",[56-60],"[13-17,62,102-105,108,162-163,166-167,170]",SMAP___PCBP2_unrelaxed_rank_002_alphafold2_multimer_v3_model_5_seed_000.pdb
SMAP___PCBP2,3,4,A,B,0.0217,8.3,0.2,0.0000,0.2937,0.0156,0.0301,23.0,3.0,0.1700,26.5,63.2,0.390,2,21,2,2,33.3,83.2,33.3,79.2,183,365,[57-58],"[13,15,37,41,60-62,64-65,69,76-77,103-105,108,123,125,155-156,167]",[57-58],"[15,105]",SMAP___PCBP2_unrelaxed_rank_003_alphafold2_multimer_v3_model_4_seed_000.pdb
SMAP___PCBP2,4,3,A,B,0.0149,2.2,0.0,0.0000,0.2905,0.0132,0.0167,5.0,1.0,0.1600,25.8,62.1,0.390,1,5,1,1,27.2,76.5,27.2,84.0,183,365,[58],"[13,65,104-105,125]",[58],[104],SMAP___PCBP2_unrelaxed_rank_004_alphafold2_multimer_v3_model_3_seed_000.pdb
SMAP___PCBP2,5,2,A,B,0.0000,0.0,0.0,0.0000,0.1882,0.0000,0.0000,0.0,0.0,0.1400,25.2,62.5,0.370,0,0,0,0,,,,,183,365,,,,,SMAP___PCBP2_unrelaxed_rank_005_alphafold2_multimer_v3_model_2_seed_000.pdb
SNRPC___EPB41,1,3,A,B,0.0857,61.0,5.2,0.0142,0.4871,0.0700,0.1049,143.0,26.0,0.2600,28.8,50.4,0.410,30,13,9,7,50.6,46.2,51.2,46.3,159,864,"[4-11,13,20-25,28-42]","[659-668,671,689,692]","[4,7-8,25,30-31,34-35,38]","[660-661,663-664,667-668,692]",SNRPC___EPB41_unrelaxed_rank_001_alphafold2_multimer_v3_model_3_seed_000.pdb
SNRPC___EPB41,2,1,A,B,0.0000,0.0,0.0,0.0000,0.2633,0.0000,0.0000,0.0,0.0,0.1700,26.4,50.2,0.410,0,0,0,0,,,,,159,864,,,,,SNRPC___EPB41_unrelaxed_rank_002_alphafold2_multimer_v3_model_1_seed_000.pdb
SNRPC___EPB41,3,4,A,B,0.0000,0.0,0.0,0.0000,0.2465,0.0000,0.0000,0.0,0.0,0.1700,29.2,48.7,0.410,0,0,0,0,,,,,159,864,,,,,SNRPC___EPB41_unrelaxed_rank_003_alphafold2_multimer_v3_model_4_seed_000.pdb
SNRPC___EPB41,4,5,A,B,0.0000,0.0,0.0,0.0000,0.2114,0.0000,0.0000,0.0,0.0,0.1700,29.1,49.1,0.410,0,0,0,0,,,,,159,864,,,,,SNRPC___EPB41_unrelaxed_rank_004_alphafold2_multimer_v3_model_5_seed_000.pdb
SNRPC___EPB41,5,2,A,B,0.0000,0.0,0.0,0.0000,0.2117,0.0000,0.0000,0.0,0.0,0.1700,28.8,48.5,0.410,0,0,0,0,,,,,159,864,,,,,SNRPC___EPB41_unrelaxed_rank_005_alphafold2_multimer_v3_model_2_seed_000.pdb
SNRPC___KHSRP,1,2,A,B,0.0000,0.0,0.0,0.0000,0.2410,0.0000,0.0000,0.0,0.0,0.1800,32.5,46.7,0.210,0,0,0,0,,,,,159,711,,,,,SNRPC___KHSRP_unrelaxed_rank_001_alphafold2_multimer_v3_model_2_seed_000.pdb
SNRPC___KHSRP,2,5,A,B,0.0000,0.0,0.0,0.0000,0.1953,0.0000,0.0000,0.0,0.0,0.1700,32.7,47.1,0.200,0,0,0,0,,,,,159,711,,,,,SNRPC___KHSRP_unrelaxed_rank_002_alphafold2_multimer_v3_model_5_seed_000.pdb
SNRPC___KHSRP,3,3,A,B,0.0000,0.0,0.0,0.0000,0.1486,0.0000,0.0000,0.0,0.0,0.1600,31.0,43.9,0.200,0,0,0,0,,,,,159,711,,,,,SNRPC___KHSRP_unrelaxed_rank_003_alphafold2_multimer_v3_model_3_seed_000.pdb
SNRPC___KHSRP,4,4,A,B,0.0000,0.0,0.0,0.0000,0.1827,0.0000,0.0000,0.0,0.0,0.1600,30.1,45.2,0.200,0,0,0,0,,,,,159,711,,,,,SNRPC___KHSRP_unrelaxed_rank_004_alphafold2_multimer_v3_model_4_seed_000.pdb
SNRPC___KHSRP,5,1,A,B,0.0000,0.0,0.0,0.0000,0.1864,0.0000,0.0000,0.0,0.0,0.1500,28.9,45.5,0.210,0,0,0,0,,,,,159,711,,,,,SNRPC___KHSRP_unrelaxed_rank_005_alphafold2_multimer_v3_model_1_seed_000.pdb
SNRPC___RBM4,1,3,A,B,0.0740,147.4,10.9,0.0137,0.3768,0.0621,0.0881,587.0,37.0,0.1600,33.9,47.9,0.270,32,87,9,11,55.6,79.3,52.1,47.3,159,364,"[4-14,16-18,20-21,23-25,28-39,42]","[78-87,89-136,139-157,163-165,170-176]","[4-5,7,9-13,17]","[106,150-156,163,172-173]",SNRPC___RBM4_unrelaxed_rank_001_alphafold2_multimer_v3_model_3_seed_000.pdb
SNRPC___RBM4,2,5,A,B,0.0388,52.4,2.0,0.0000,0.3427,0.0462,0.0326,183.0,15.0,0.1500,33.9,48.3,0.270,26,72,6,5,55.4,78.2,55.2,42.0,159,364,"[4-10,13,18-26,28-34,36,42]","[80-82,84-86,90-113,115-119,121-129,131-133,136,140-145,149-156,164-165,167,170-176]","[8-10,32-33,36]","[151,154-156,172]",SNRPC___RBM4_unrelaxed_rank_002_alphafold2_multimer_v3_model_5_seed_000.pdb
SNRPC___RBM4,3,1,A,B,0.0000,0.0,0.0,0.0000,0.2558,0.0135,0.0000,26.0,0.0,0.1400,32.2,48.0,0.260,2,22,0,0,51.5,88.4,,,159,364,"[6,9]","[82,84-85,95,98,103-104,107,109-110,112,115,118,122,125-129,131,133,143]",,,SNRPC___RBM4_unrelaxed_rank_003_alphafold2_multimer_v3_model_1_seed_000.pdb
SNRPC___RBM4,4,4,A,B,0.0337,14.3,0.5,0.0000,0.2717,0.0339,0.0335,68.0,3.0,0.1300,34.9,47.1,0.260,4,49,1,3,52.7,82.0,52.8,45.2,159,364,"[6,8-9,33]","[80,82,84,93-106,108-113,116,118-120,122-129,131-133,140,142-145,150,156,164,172-174]",[8],"[156,172-173]",SNRPC___RBM4_unrelaxed_rank_004_alphafold2_multimer_v3_model_4_seed_000.pdb
SNRPC___RBM4,5,2,A,B,0.0000,0.0,0.0,0.0000,0.1641,0.0000,0.0000,0.0,0.0,0.1300,33.2,49.5,0.270,0,0,0,0,,,,,159,364,,,,,SNRPC___RBM4_unrelaxed_rank_005_alphafold2_multimer_v3_model_2_seed_000.pdb
SNRPC___STIP1,1,5,A,B,0.1028,109.2,11.2,0.0260,0.4909,0.0997,0.1060,459.0,26.0,0.2600,31.2,84.3,0.450,6,136,5,13,40.4,93.8,42.0,94.9,159,543,[154-159],"[300,310,318-321,325,328,342-343,347-399,401-413,415-474]",[155-159],"[367-368,371-372,379,395,398-399,402-403,429,433,436]",SNRPC___STIP1_unrelaxed_rank_001_alphafold2_multimer_v3_model_5_seed_000.pdb
SNRPC___STIP1,2,2,A,B,0.1304,34.6,4.5,0.0199,0.4999,0.1045,0.1627,75.0,16.0,0.2100,29.9,85.7,0.420,25,5,7,4,49.6,37.8,48.4,38.6,159,543,"[4-9,11-13,24,28-30,32-34,36-43,45]",[200-204],"[6-8,34,37-38,41]",[201-204],SNRPC___STIP1_unrelaxed_rank_002_alphafold2_multimer_v3_model_2_seed_000.pdb
SNRPC___STIP1,3,4,A,B,0.0000,0.0,0.0,0.0000,0.3288,0.0000,0.0000,0.0,0.0,0.1600,28.4,83.4,0.400,0,0,0,0,,,,,159,543,,,,,SNRPC___STIP1_unrelaxed_rank_003_alphafold2_multimer_v3_model_4_seed_000.pdb
SNRPC___STIP1,4,1,A,B,0.0000,0.0,0.0,0.0000,0.2854,0.0000,0.0000,0.0,0.0,0.1600,29.6,86.0,0.410,0,0,0,0,,,,,159,543,,,,,SNRPC___STIP1_unrelaxed_rank_004_alphafold2_multimer_v3_model_1_seed_000.pdb
SNRPC___STIP1,5,3,A,B,0.0000,0.0,0.0,0.0000,0.2325,0.0000,0.0000,0.0,0.0,0.1400,29.1,83.0,0.400,0,0,0,0,,,,,159,543,,,,,SNRPC___STIP1_unrelaxed_rank_005_alphafold2_multimer_v3_model_3_seed_000.pdb
STIP1___FAM50A,1,5,A,B,0.0000,0.0,0.0,0.0000,0.1975,0.0000,0.0000,0.0,0.0,0.1700,81.7,51.8,0.380,0,0,0,0,,,,,543,339,,,,,STIP1___FAM50A_unrelaxed_rank_001_alphafold2_multimer_v3_model_5_seed_000.pdb
STIP1___FAM50A,2,1,A,B,0.0000,0.0,0.0,0.0000,0.1894,0.0000,0.0000,0.0,0.0,0.1700,82.2,52.2,0.370,0,0,0,0,,,,,543,339,,,,,STIP1___FAM50A_unrelaxed_rank_002_alphafold2_multimer_v3_model_1_seed_000.pdb
STIP1___FAM50A,3,4,A,B,0.0000,0.0,0.0,0.0000,0.1583,0.0000,0.0000,0.0,0.0,0.1600,81.3,48.6,0.370,0,0,0,0,,,,,543,339,,,,,STIP1___FAM50A_unrelaxed_rank_003_alphafold2_multimer_v3_model_4_seed_000.pdb
STIP1___FAM50A,4,2,A,B,0.0000,0.0,0.0,0.0000,0.1611,0.0000,0.0000,0.0,0.0,0.1300,83.7,55.6,0.360,0,0,0,0,,,,,543,339,,,,,STIP1___FAM50A_unrelaxed_rank_004_alphafold2_multimer_v3_model_2_seed_000.pdb
STIP1___FAM50A,5,3,A,B,0.0000,0.0,0.0,0.0000,0.1388,0.0000,0.0000,0.0,0.0,0.1300,81.7,50.2,0.360,0,0,0,0,,,,,543,339,,,,,STIP1___FAM50A_unrelaxed_rank_005_alphafold2_multimer_v3_model_3_seed_000.pdb
STIP1___SLC3A2,1,2,A,B,0.0000,0.0,0.0,0.0000,0.3390,0.0000,0.0000,0.0,0.0,0.1900,79.9,69.1,0.450,0,0,0,0,,,,,543,630,,,,,STIP1___SLC3A2_unrelaxed_rank_001_alphafold2_multimer_v3_model_2_seed_000.pdb
STIP1___SLC3A2,2,1,A,B,0.0000,0.0,0.0,0.0000,0.2492,0.0000,0.0000,0.0,0.0,0.1700,77.0,69.3,0.450,0,0,0,0,,,,,543,630,,,,,STIP1___SLC3A2_unrelaxed_rank_002_alphafold2_multimer_v3_model_1_seed_000.pdb
STIP1___SLC3A2,3,3,A,B,0.0000,0.0,0.0,0.0000,0.1727,0.0000,0.0000,0.0,0.0,0.1700,78.4,68.0,0.450,0,0,0,0,,,,,543,630,,,,,STIP1___SLC3A2_unrelaxed_rank_003_alphafold2_multimer_v3_model_3_seed_000.pdb
STIP1___SLC3A2,4,4,A,B,0.0000,0.0,0.0,0.0000,0.1883,0.0000,0.0000,0.0,0.0,0.1700,76.8,67.7,0.430,0,0,0,0,,,,,543,630,,,,,STIP1___SLC3A2_unrelaxed_rank_004_alphafold2_multimer_v3_model_4_seed_000.pdb
STIP1___SLC3A2,5,5,A,B,0.0000,0.0,0.0,0.0000,0.1239,0.0000,0.0000,0.0,0.0,0.1500,79.0,67.9,0.440,0,0,0,0,,,,,543,630,,,,,STIP1___SLC3A2_unrelaxed_rank_005_alphafold2_multimer_v3_model_5_seed_000.pdb
STIP1___ZBTB33,1,1,A,B,0.0000,0.0,0.0,0.0000,0.2399,0.0000,0.0000,0.0,0.0,0.1600,78.3,34.1,0.300,0,0,0,0,,,,,543,672,,,,,STIP1___ZBTB33_unrelaxed_rank_001_alphafold2_multimer_v3_model_1_seed_000.pdb
STIP1___ZBTB33,2,3,A,B,0.0000,0.0,0.0,0.0000,0.1852,0.0000,0.0000,0.0,0.0,0.1600,79.3,35.8,0.310,0,0,0,0,,,,,543,672,,,,,STIP1___ZBTB33_unrelaxed_rank_002_alphafold2_multimer_v3_model_3_seed_000.pdb
STIP1___ZBTB33,3,2,A,B,0.0000,0.0,0.0,0.0000,0.1989,0.0000,0.0000,0.0,0.0,0.1500,82.0,34.7,0.310,0,0,0,0,,,,,543,672,,,,,STIP1___ZBTB33_unrelaxed_rank_003_alphafold2_multimer_v3_model_2_seed_000.pdb
STIP1___ZBTB33,4,4,A,B,0.0000,0.0,0.0,0.0000,0.1739,0.0000,0.0000,0.0,0.0,0.1500,79.0,34.2,0.310,0,0,0,0,,,,,543,672,,,,,STIP1___ZBTB33_unrelaxed_rank_004_alphafold2_multimer_v3_model_4_seed_000.pdb
STIP1___ZBTB33,5,5,A,B,0.0000,0.0,0.0,0.0000,0.1605,0.0000,0.0000,0.0,0.0,0.1500,80.5,36.6,0.310,0,0,0,0,,,,,543,672,,,,,STIP1___ZBTB33_unrelaxed_rank_005_alphafold2_multimer_v3_model_5_seed_000.pdb
SUGP2___FAM50A,1,4,A,B,0.0075,1.7,0.0,0.0000,0.4650,0.0112,0.0050,3.0,1.0,0.2300,37.5,51.7,0.280,3,2,1,1,69.3,40.1,76.1,39.6,1082,339,"[414,417,426]","[287,289]",[426],[289],SUGP2___FAM50A_unrelaxed_rank_001_alphafold2_multimer_v3_model_4_seed_000.pdb
SUGP2___FAM50A,2,5,A,B,0.0000,0.0,0.0,0.0000,0.2110,0.0000,0.0000,0.0,0.0,0.1900,35.7,54.7,0.260,0,0,0,0,,,,,1082,339,,,,,SUGP2___FAM50A_unrelaxed_rank_002_alphafold2_multimer_v3_model_5_seed_000.pdb
SUGP2___FAM50A,3,2,A,B,0.0000,0.0,0.0,0.0000,0.1885,0.0000,0.0000,0.0,0.0,0.1700,41.7,59.4,0.290,0,0,0,0,,,,,1082,339,,,,,SUGP2___FAM50A_unrelaxed_rank_003_alphafold2_multimer_v3_model_2_seed_000.pdb
SUGP2___FAM50A,4,1,A,B,0.0000,0.0,0.0,0.0000,0.2085,0.0000,0.0000,0.0,0.0,0.1700,40.7,55.8,0.280,0,0,0,0,,,,,1082,339,,,,,SUGP2___FAM50A_unrelaxed_rank_004_alphafold2_multimer_v3_model_1_seed_000.pdb
SUGP2___FAM50A,5,3,A,B,0.0000,0.0,0.0,0.0000,0.1733,0.0000,0.0000,0.0,0.0,0.1700,35.4,54.1,0.250,0,0,0,0,,,,,1082,339,,,,,SUGP2___FAM50A_unrelaxed_rank_005_alphafold2_multimer_v3_model_3_seed_000.pdb
SUGP2___LUC7L2,1,4,A,B,0.1615,379.8,61.3,0.0167,0.7649,0.1284,0.2032,1826.0,79.0,0.3900,32.4,55.6,0.290,15,187,11,25,43.2,81.7,45.8,79.2,1082,392,"[979-990,1067,1070-1071]","[30-74,81-112,119-175,183-235]","[980-988,1067,1071]","[51-53,104,107-108,111,140-141,144-145,152,187,195-196,198,205,207-209,211-215]",SUGP2___LUC7L2_unrelaxed_rank_001_alphafold2_multimer_v3_model_4_seed_000.pdb
SUGP2___LUC7L2,2,2,A,B,0.0807,68.0,5.5,0.0128,0.6304,0.0685,0.0950,185.0,25.0,0.2700,38.8,55.1,0.270,14,72,6,7,47.6,83.2,47.1,72.8,1082,392,[1064-1077],"[35-36,39-41,44-48,52,55,63,84,86-96,98-106,188-190,192-197,201-216,219-231]","[1067-1068,1071-1072,1074-1075]","[203,206-207,209-211,219]",SUGP2___LUC7L2_unrelaxed_rank_002_alphafold2_multimer_v3_model_2_seed_000.pdb
SUGP2___LUC7L2,3,1,A,B,0.0000,0.0,0.0,0.0000,0.3646,0.0000,0.0000,0.0,0.0,0.2400,39.8,55.7,0.280,0,0,0,0,,,,,1082,392,,,,,SUGP2___LUC7L2_unrelaxed_rank_003_alphafold2_multimer_v3_model_1_seed_000.pdb
SUGP2___LUC7L2,4,5,A,B,0.0000,0.0,0.0,0.0000,0.3915,0.0000,0.0000,0.0,0.0,0.2000,37.8,56.1,0.270,0,0,0,0,,,,,1082,392,,,,,SUGP2___LUC7L2_unrelaxed_rank_004_alphafold2_multimer_v3_model_5_seed_000.pdb
SUGP2___LUC7L2,5,3,A,B,0.0000,0.0,0.0,0.0000,0.2294,0.0000,0.0000,0.0,0.0,0.1900,38.2,56.3,0.280,0,0,0,0,,,,,1082,392,,,,,SUGP2___LUC7L2_unrelaxed_rank_005_alphafold2_multimer_v3_model_3_seed_000.pdb
SUGP2___NONO,1,1,A,B,0.0260,24.1,0.6,0.0000,0.5526,0.0267,0.0253,97.0,6.0,0.3200,39.4,62.3,0.300,10,50,4,4,53.2,91.4,53.6,90.8,1082,471,"[12-20,22]","[124-125,150-152,156,158-172,174,178-181,188,192-193,195,199-209,212,214-215,218,220,222-223,225,292]","[14-15,18,22]","[162,166,169-170]",SUGP2___NONO_unrelaxed_rank_001_alphafold2_multimer_v3_model_1_seed_000.pdb
SUGP2___NONO,2,2,A,B,0.0119,3.5,0.0,0.0000,0.4795,0.0088,0.0163,12.0,1.0,0.2400,35.0,62.1,0.300,2,12,1,1,46.8,91.1,47.6,85.5,1082,471,[1071-1072],"[77,104,118,120-121,124,150,152,164-165,174,179]",[1071],[124],SUGP2___NONO_unrelaxed_rank_002_alphafold2_multimer_v3_model_2_seed_000.pdb
SUGP2___NONO,3,3,A,B,0.0000,0.0,0.0,0.0000,0.2150,0.0000,0.0000,0.0,0.0,0.2000,34.8,60.8,0.290,0,0,0,0,,,,,1082,471,,,,,SUGP2___NONO_unrelaxed_rank_003_alphafold2_multimer_v3_model_3_seed_000.pdb
SUGP2___NONO,4,5,A,B,0.0000,0.0,0.0,0.0000,0.1900,0.0000,0.0000,0.0,0.0,0.2000,37.1,60.5,0.290,0,0,0,0,,,,,1082,471,,,,,SUGP2___NONO_unrelaxed_rank_004_alphafold2_multimer_v3_model_5_seed_000.pdb
SUGP2___NONO,5,4,A,B,0.0000,0.0,0.0,0.0000,0.1808,0.0000,0.0000,0.0,0.0,0.1800,36.4,58.3,0.270,0,0,0,0,,,,,1082,471,,,,,SUGP2___NONO_unrelaxed_rank_005_alphafold2_multimer_v3_model_4_seed_000.pdb
SUGP2___STIP1,1,2,A,B,0.0000,0.0,0.0,0.0000,0.2950,0.0000,0.0000,0.0,0.0,0.2000,33.5,81.3,0.290,0,0,0,0,,,,,1082,543,,,,,SUGP2___STIP1_unrelaxed_rank_001_alphafold2_multimer_v3_model_2_seed_000.pdb
SUGP2___STIP1,2,1,A,B,0.0000,0.0,0.0,0.0000,0.2918,0.0000,0.0000,0.0,0.0,0.2000,37.1,77.4,0.270,0,0,0,0,,,,,1082,543,,,,,SUGP2___STIP1_unrelaxed_rank_002_alphafold2_multimer_v3_model_1_seed_000.pdb
SUGP2___STIP1,3,4,A,B,0.0000,0.0,0.0,0.0000,0.3330,0.0000,0.0000,0.0,0.0,0.1900,32.2,75.3,0.280,0,0,0,0,,,,,1082,543,,,,,SUGP2___STIP1_unrelaxed_rank_003_alphafold2_multimer_v3_model_4_seed_000.pdb
SUGP2___STIP1,4,5,A,B,0.0000,0.0,0.0,0.0000,0.2593,0.0000,0.0000,0.0,0.0,0.1800,35.9,78.6,0.290,0,0,0,0,,,,,1082,543,,,,,SUGP2___STIP1_unrelaxed_rank_004_alphafold2_multimer_v3_model_5_seed_000.pdb
SUGP2___STIP1,5,3,A,B,0.0000,0.0,0.0,0.0000,0.2298,0.0000,0.0000,0.0,0.0,0.1800,33.1,77.3,0.280,0,0,0,0,,,,,1082,543,,,,,SUGP2___STIP1_unrelaxed_rank_005_alphafold2_multimer_v3_model_3_seed_000.pdb
SUGP2___ZNF503,1,3,A,B,0.2788,223.2,62.2,0.1207,0.8540,0.2016,0.3856,1311.0,38.0,0.2600,36.3,18.3,0.260,138,11,12,4,74.7,36.2,81.5,40.5,1082,646,"[391-451,468,470-538,540-546]",[426-436],"[394-395,397-398,403,415-416,419,426-427,430,434]","[428,430-431,433]",SUGP2___ZNF503_unrelaxed_rank_001_alphafold2_multimer_v3_model_3_seed_000.pdb
SUGP2___ZNF503,2,2,A,B,0.0000,0.0,0.0,0.0000,0.4563,0.0000,0.0000,0.0,0.0,0.2100,42.7,19.1,0.290,0,0,0,0,,,,,1082,646,,,,,SUGP2___ZNF503_unrelaxed_rank_002_alphafold2_multimer_v3_model_2_seed_000.pdb
SUGP2___ZNF503,3,4,A,B,0.0000,0.0,0.0,0.0000,0.4194,0.0000,0.0000,0.0,0.0,0.1900,39.3,18.8,0.270,0,0,0,0,,,,,1082,646,,,,,SUGP2___ZNF503_unrelaxed_rank_003_alphafold2_multimer_v3_model_4_seed_000.pdb
SUGP2___ZNF503,4,5,A,B,0.0000,0.0,0.0,0.0000,0.2856,0.0000,0.0000,0.0,0.0,0.1800,36.5,18.4,0.260,0,0,0,0,,,,,1082,646,,,,,SUGP2___ZNF503_unrelaxed_rank_004_alphafold2_multimer_v3_model_5_seed_000.pdb
SUGP2___ZNF503,5,1,A,B,0.0000,0.0,0.0,0.0000,0.2287,0.0000,0.0000,0.0,0.0,0.1800,38.0,18.5,0.260,0,0,0,0,,,,,1082,646,,,,,SUGP2___ZNF503_unrelaxed_rank_005_alphafold2_multimer_v3_model_1_seed_000.pdb
SUPT5H___RAVER1,1,1,A,B,0.0000,0.0,0.0,0.0000,0.2048,0.0000,0.0000,0.0,0.0,0.1900,49.1,51.0,0.320,0,0,0,0,,,,,1087,606,,,,,SUPT5H___RAVER1_unrelaxed_rank_001_alphafold2_multimer_v3_model_1_seed_000.pdb
SUPT5H___RAVER1,2,2,A,B,0.0000,0.0,0.0,0.0000,0.1971,0.0000,0.0000,0.0,0.0,0.1800,51.9,52.1,0.310,0,0,0,0,,,,,1087,606,,,,,SUPT5H___RAVER1_unrelaxed_rank_002_alphafold2_multimer_v3_model_2_seed_000.pdb
SUPT5H___RAVER1,3,3,A,B,0.0000,0.0,0.0,0.0000,0.2049,0.0000,0.0000,0.0,0.0,0.1800,50.3,51.2,0.310,0,0,0,0,,,,,1087,606,,,,,SUPT5H___RAVER1_unrelaxed_rank_003_alphafold2_multimer_v3_model_3_seed_000.pdb
SUPT5H___RAVER1,4,4,A,B,0.0000,0.0,0.0,0.0000,0.2031,0.0000,0.0000,0.0,0.0,0.1800,47.6,51.9,0.310,0,0,0,0,,,,,1087,606,,,,,SUPT5H___RAVER1_unrelaxed_rank_004_alphafold2_multimer_v3_model_4_seed_000.pdb
SUPT5H___RAVER1,5,5,A,B,0.0000,0.0,0.0,0.0000,0.1983,0.0000,0.0000,0.0,0.0,0.1800,50.7,50.7,0.310,0,0,0,0,,,,,1087,606,,,,,SUPT5H___RAVER1_unrelaxed_rank_005_alphafold2_multimer_v3_model_5_seed_000.pdb
TXN___ANP32A,1,4,A,B,0.1025,684.8,70.2,0.0143,0.3650,0.0842,0.1248,6252.0,75.0,0.4100,88.5,67.9,0.560,97,152,14,15,88.4,93.2,74.9,78.4,105,249,"[1-17,21-49,52-81,84-104]","[1-101,103-153]","[29,31-34,72-74,76,89-93]","[4-5,7-8,11,15-17,34-40]",TXN___ANP32A_unrelaxed_rank_001_alphafold2_multimer_v3_model_4_seed_000.pdb
TXN___ANP32A,2,2,A,B,0.0542,265.2,14.4,0.0128,0.3068,0.0595,0.0495,2132.0,33.0,0.3600,89.4,67.2,0.540,90,134,10,12,89.1,93.1,73.0,77.3,105,249,"[3-5,8-16,21-49,52-81,84-102]","[2-11,14-77,80-101,103-105,107-108,110-112,114-116,118-121,123-128,131-139,141,143,145-150]","[31-34,72-74,89-91]","[4,7-8,11,15-16,35-40]",TXN___ANP32A_unrelaxed_rank_002_alphafold2_multimer_v3_model_2_seed_000.pdb
TXN___ANP32A,3,1,A,B,0.0554,120.3,6.7,0.0119,0.3040,0.0497,0.0618,851.0,17.0,0.3200,87.2,66.4,0.530,78,103,4,9,85.9,91.5,68.9,75.3,105,249,"[4-5,8,11-12,14,22-45,52-81,85-102]","[2-10,16-29,32-77,80-101,105,108-109,111-112,114,119-120,123-126]","[31,73-74,90]","[4-5,7-8,35-38,40]",TXN___ANP32A_unrelaxed_rank_003_alphafold2_multimer_v3_model_1_seed_000.pdb
TXN___ANP32A,4,5,A,B,0.0104,13.3,0.1,0.0000,0.2388,0.0216,0.0050,59.0,3.0,0.3100,87.1,66.5,0.530,22,17,2,3,83.7,86.5,66.2,73.2,105,249,"[11,26-28,30-31,36,40,59,66-67,69,71,73-74,76-79,88,94,100]","[4-8,22-24,26,28,36-37,41,47-49,62]","[31,74]","[5,8,36]",TXN___ANP32A_unrelaxed_rank_004_alphafold2_multimer_v3_model_5_seed_000.pdb
TXN___ANP32A,5,3,A,B,0.0290,85.3,2.5,0.0000,0.2664,0.0298,0.0282,404.0,18.0,0.3000,88.3,66.1,0.520,48,75,6,7,86.6,91.4,77.6,72.9,105,249,"[11,23-31,34,36,41-42,54,56-61,64-71,73-80,85-86,88-92,94,98,100-101]","[7-8,16,19-26,33-56,58,60-77,81-86,88,90-91,93-94,99,101,109,116,119,123-126,136]","[29,73-74,76,89-90]","[8,16,35-38,40]",TXN___ANP32A_unrelaxed_rank_005_alphafold2_multimer_v3_model_3_seed_000.pdb
TXN___SLC3A2,1,2,A,B,0.0000,0.0,0.0,0.0000,0.2578,0.0000,0.0000,0.0,0.0,0.3400,82.2,69.7,0.630,0,0,0,0,,,,,105,630,,,,,TXN___SLC3A2_unrelaxed_rank_001_alphafold2_multimer_v3_model_2_seed_000.pdb
TXN___SLC3A2,2,5,A,B,0.0000,0.0,0.0,0.0000,0.1632,0.0000,0.0000,0.0,0.0,0.2200,82.9,68.0,0.610,0,0,0,0,,,,,105,630,,,,,TXN___SLC3A2_unrelaxed_rank_002_alphafold2_multimer_v3_model_5_seed_000.pdb
TXN___SLC3A2,3,4,A,B,0.0000,0.0,0.0,0.0000,0.1420,0.0000,0.0000,0.0,0.0,0.2000,72.6,67.6,0.600,0,0,0,0,,,,,105,630,,,,,TXN___SLC3A2_unrelaxed_rank_003_alphafold2_multimer_v3_model_4_seed_000.pdb
TXN___SLC3A2,4,3,A,B,0.0000,0.0,0.0,0.0000,0.0000,0.0000,0.0000,0.0,0.0,0.1500,83.1,68.5,0.600,0,0,0,0,,,,,105,630,,,,,TXN___SLC3A2_unrelaxed_rank_004_alphafold2_multimer_v3_model_3_seed_000.pdb
TXN___SLC3A2,5,1,A,B,0.0000,0.0,0.0,0.0000,0.1175,0.0000,0.0000,0.0,0.0,0.1400,80.0,68.8,0.600,0,0,0,0,,,,,105,630,,,,,TXN___SLC3A2_unrelaxed_rank_005_alphafold2_multimer_v3_model_1_seed_000.pdb
XRN2___SRSF11,1,1,A,B,0.0843,378.1,31.9,0.0141,0.6358,0.0713,0.0996,3665.0,39.0,0.3100,71.7,27.2,0.560,549,12,17,10,91.2,39.0,68.9,40.2,950,484,"[1-24,39-44,46-65,67-137,156-183,185,187-189,191-258,300-318,324-372,376-411,413,512-513,515-527,533-576,578,585-586,589-637,639-663,665-678,682-688,690-701,708-711,714,717-724,729-731,733-739,742-746,748-761,764-775]",[424-435],"[2-5,8,61,117,232,255,257-258,355-356,640,642,644-645]","[425-433,435]",XRN2___SRSF11_unrelaxed_rank_001_alphafold2_multimer_v3_model_1_seed_000.pdb
XRN2___SRSF11,2,5,A,B,0.0089,24.6,0.2,0.0000,0.5161,0.0106,0.0075,201.0,3.0,0.2500,72.4,27.8,0.560,145,6,3,2,94.0,33.0,72.7,34.0,950,484,"[4-6,8-9,11,13-14,17,21,39,50,62,94,96,111-112,121,124,166,178-179,181-182,192-193,201,209-210,212-214,217,220,222,224-225,234,236-239,242-243,302,306,308,310-311,313-314,317,327,330-332,334,337-338,340-342,346-348,351,357,361-368,378-379,384,388-390,393-394,404,406-407,410,516,537-538,540,543-544,547-549,551,553-554,556-557,561-564,566,569-570,572,574-575,594,596,614,617,633,635,644-645,649,651-652,654,658-660,662,672,684-686,694-700,718,722,751-753,755,766]",[424-429],"[4-5,8]","[425,429]",XRN2___SRSF11_unrelaxed_rank_002_alphafold2_multimer_v3_model_5_seed_000.pdb
XRN2___SRSF11,3,4,A,B,0.0160,41.7,0.7,0.0000,0.4868,0.0129,0.0199,249.0,7.0,0.2500,71.3,26.1,0.560,134,7,3,4,93.3,31.9,68.5,31.1,950,484,"[4-9,21-22,48,50-51,75-76,79-80,82-84,87,89,92,94,97,99,110-111,117,124,128,130-131,133,166-168,170,172-175,177-178,181-182,188,192-193,209-211,213-214,225-227,229,234,236-239,242-245,248-249,251-252,301,304-307,309-311,314,333,335,337-341,346,348,356-357,362-363,366-367,406,541,545,547-556,561-564,570-572,575,591,593-594,596-597,599,601,609-610,614-615,633,636,644,649,651,654,658,673,753]",[424-430],"[4-5,644]","[424,428-430]",XRN2___SRSF11_unrelaxed_rank_003_alphafold2_multimer_v3_model_4_seed_000.pdb
XRN2___SRSF11,4,2,A,B,0.0000,0.0,0.0,0.0000,0.4755,0.0120,0.0000,128.0,0.0,0.2400,72.5,27.1,0.570,107,5,0,0,95.3,32.8,,,950,484,"[8-9,12-14,49-52,75,78-79,82,87,97,99,111,117,168,171-175,178,192,200,210-211,214,227-229,238-239,241-245,248,305-311,313-314,316,327,329-330,333-338,340-341,347,350,357,362-364,366-367,384-385,389-390,393,406,541,543-548,550-551,554-555,557,559-563,566,596,614,636,652,659,675,694-695,697,752-753,755,766]",[424-428],,,XRN2___SRSF11_unrelaxed_rank_004_alphafold2_multimer_v3_model_2_seed_000.pdb
XRN2___SRSF11,5,3,A,B,0.0171,107.6,1.8,0.0000,0.5216,0.0193,0.0152,1448.0,8.0,0.2300,71.6,27.6,0.560,432,6,7,3,93.8,32.2,74.4,32.5,950,484,"[4-22,39,41,44,48-55,60-63,73-102,104-112,114-133,135-136,158-159,161-183,185,187-188,191-196,199-218,221,223-231,234-245,247-254,301-317,326-344,346-369,377-399,402-407,409-411,516-517,520-521,523-525,534-575,585,590-606,609-619,625-630,633-636,644-663,666,669,672-677,682-688,690,693-701,718,720-722,729,734-735,738-739,742,745,750-757,765-772,774]",[424-429],"[4-8,644-645]","[425,428-429]",XRN2___SRSF11_unrelaxed_rank_005_alphafold2_multimer_v3_model_3_seed_000.pdb
ZFR___SF1,1,5,A,B,0.0420,71.6,3.0,0.0123,0.6251,0.0273,0.0646,640.0,8.0,0.2400,46.0,38.1,0.330,166,11,5,4,93.0,49.7,88.2,50.0,1074,639,"[724-734,740-741,743-745,747-748,750-752,754-755,757-758,785-786,788-791,793-796,798-801,803,806-813,815,817-818,820-825,828,831-832,842,850-853,861-863,865-871,895,897-916,919-920,922-936,938-939,944-955,965-976,979,988-993,998-999,1002,1006-1007,1009-1011,1013-1014,1016-1022,1026-1027,1029]","[310,312-320,322]","[907,910-911,914,991]","[312-313,316-317]",ZFR___SF1_unrelaxed_rank_001_alphafold2_multimer_v3_model_5_seed_000.pdb
ZFR___SF1,2,1,A,B,0.0000,0.0,0.0,0.0000,0.4994,0.0000,0.0000,0.0,0.0,0.2200,46.5,35.5,0.320,0,0,0,0,,,,,1074,639,,,,,ZFR___SF1_unrelaxed_rank_002_alphafold2_multimer_v3_model_1_seed_000.pdb
ZFR___SF1,3,4,A,B,0.0461,172.4,7.9,0.0143,0.6802,0.0375,0.0566,1351.0,22.0,0.2200,44.6,35.7,0.320,224,23,13,9,91.2,47.6,84.9,47.6,1074,639,"[723-736,738-748,750-755,757-758,785-786,788-801,804-813,815-825,828-829,831-832,841-843,846-854,861-872,895-936,938-958,963-981,985,987-1000,1002-1030]","[279,281,284,286-291,310-323]","[870,903,906-907,910-911,914,953,957,977-979,985]","[286-287,289,312-313,316-317,320,322]",ZFR___SF1_unrelaxed_rank_003_alphafold2_multimer_v3_model_4_seed_000.pdb
ZFR___SF1,4,2,A,B,0.0000,0.0,0.0,0.0000,0.1877,0.0000,0.0000,0.0,0.0,0.1900,47.2,37.1,0.320,0,0,0,0,,,,,1074,639,,,,,ZFR___SF1_unrelaxed_rank_004_alphafold2_multimer_v3_model_2_seed_000.pdb
ZFR___SF1,5,3,A,B,0.0000,0.0,0.0,0.0000,0.2441,0.0000,0.0000,0.0,0.0,0.1800,46.0,37.3,0.320,0,0,0,0,,,,,1074,639,,,,,ZFR___SF1_unrelaxed_rank_005_alphafold2_multimer_v3_model_3_seed_000.pdb
ZNF503___DHX15,1,3,A,B,0.0477,23.2,1.1,0.0110,0.5013,0.0494,0.0461,134.0,4.0,0.3900,19.6,78.5,0.530,4,88,2,4,36.4,92.3,39.9,87.2,646,795,[499-502],"[558,561-563,571-579,581-592,594-596,600-601,610,613-614,617,623,626-630,632-635,639,641-643,645-646,648-649,651,653-657,660-661,663-664,666-667,670-671,673-674,688-695,697-698,701,721,733-736,747,750,757,761]",[500-501],"[585-586,632,635]",ZNF503___DHX15_unrelaxed_rank_001_alphafold2_multimer_v3_model_3_seed_000.pdb
ZNF503___DHX15,2,4,A,B,0.0790,137.0,10.8,0.0185,0.6717,0.0688,0.0907,647.0,29.0,0.3600,20.0,77.9,0.530,15,240,10,18,39.7,89.8,40.2,82.9,646,795,"[113,115-120,630-637]","[143,146-147,149-150,157-158,171-172,189,198,202,206,221,239,241-243,256-258,263,265-269,271-272,274-276,279,287-290,300-302,304,309-310,317-344,346,349-357,359-369,371-373,382,384-388,400,404,414-421,423-424,432-443,445,457-473,477-493,495-497,500-501,503,511-513,515-517,521,523,528,533-543,545-547,553,557-558,560-563,565,567,570-573,575,629,631-634,648,656-657,660,663,667,689,692,694-695,698,700-703,710,718,734-736,747,756-761,763,765-766,779-780]","[116-117,119,630,632-637]","[321-325,334,337-338,482-484,487,521,523,533,536-537,540]",ZNF503___DHX15_unrelaxed_rank_002_alphafold2_multimer_v3_model_4_seed_000.pdb
ZNF503___DHX15,3,2,A,B,0.0298,4.6,0.1,0.0000,0.4654,0.0318,0.0279,21.0,1.0,0.3400,18.6,80.2,0.520,3,21,1,1,32.1,95.5,29.9,84.5,646,795,[603-605],"[558-559,561-563,569,577,589,619,632-633,641,680,689,691,694,733,735,756-757,760]",[603],[680],ZNF503___DHX15_unrelaxed_rank_003_alphafold2_multimer_v3_model_2_seed_000.pdb
ZNF503___DHX15,4,1,A,B,0.0904,209.4,18.9,0.0145,0.6572,0.0787,0.1039,1185.0,37.0,0.3400,21.2,77.2,0.520,14,251,9,21,34.2,88.2,33.8,80.0,646,795,"[116,429-432,599-607]","[143-151,153-154,157-158,168,170-177,188-189,195,202-210,216,220,228,233-234,240-241,243-244,255-258,263,266,268-269,271-272,275,287-290,300-304,308-311,317-346,349-375,381-405,413-426,432-446,454-502,506,541,553,603-604,606-608,610-612,619,630,646,664,689-692,698,733,751,753-754]","[430,600-607]","[326-332,439-441,458,460,484-486,488-490,493-494,607]",ZNF503___DHX15_unrelaxed_rank_004_alphafold2_multimer_v3_model_1_seed_000.pdb
ZNF503___DHX15,5,5,A,B,0.0722,847.1,61.2,0.0143,0.6727,0.0607,0.0859,8155.0,88.0,0.3200,19.6,78.8,0.540,37,593,22,41,32.7,90.0,33.7,75.6,646,795,"[74,88-96,101-120,600-606]","[127-131,135,137-140,142-159,167-179,187-292,299-312,318-344,349-374,382-394,396-405,413-425,433-473,478-601,603,607-621,623-675,677-680,682-727,729-787]","[92-96,104,106,110-113,115-117,119-120,601-606]","[327-332,440-441,444-451,457-458,460,486,489,493,499,503-505,521-524,532-534,536-538,540-541,544,551,553]",ZNF503___DHX15_unrelaxed_rank_005_alphafold2_multimer_v3_model_5_seed_000.pdb
