name,rank,model,chain_i,chain_j,iLIS,iLIA,iLISA,ipSAE,actifpTM,LIS,cLIS,LIA,cLIA,ipTM,pLDDT_i,pLDDT_j,pTM,LIR_i,LIR_j,cLIR_i,cLIR_j,LIpLDDT_i,LIpLDDT_j,cLIpLDDT_i,cLIpLDDT_j,len_i,len_j,LIR_indices_i,LIR_indices_j,cLIR_indices_i,cLIR_indices_j,structure_file
ATP5PD___FUS,1,4,A,B,0.0000,0.0,0.0,0.0000,0.1245,0.0000,0.0000,0.0,0.0,0.1200,71.6,31.6,0.230,0,0,0,0,,,,,161,526,,,,,ATP5PD___FUS_unrelaxed_rank_001_alphafold2_multimer_v3_model_4_seed_000.pdb
ATP5PD___FUS,2,1,A,B,0.0000,0.0,0.0,0.0000,0.1511,0.0000,0.0000,0.0,0.0,0.1200,70.9,31.5,0.220,0,0,0,0,,,,,161,526,,,,,ATP5PD___FUS_unrelaxed_rank_002_alphafold2_multimer_v3_model_1_seed_000.pdb
ATP5PD___FUS,3,3,A,B,0.0000,0.0,0.0,0.0000,0.1088,0.0000,0.0000,0.0,0.0,0.1200,67.6,30.3,0.230,0,0,0,0,,,,,161,526,,,,,ATP5PD___FUS_unrelaxed_rank_003_alphafold2_multimer_v3_model_3_seed_000.pdb
ATP5PD___FUS,4,5,A,B,0.0000,0.0,0.0,0.0000,0.1176,0.0000,0.0000,0.0,0.0,0.1200,66.1,31.5,0.230,0,0,0,0,,,,,161,526,,,,,ATP5PD___FUS_unrelaxed_rank_004_alphafold2_multimer_v3_model_5_seed_000.pdb
ATP5PD___FUS,5,2,A,B,0.0000,0.0,0.0,0.0000,0.1005,0.0000,0.0000,0.0,0.0,0.1000,68.0,31.3,0.220,0,0,0,0,,,,,161,526,,,,,ATP5PD___FUS_unrelaxed_rank_005_alphafold2_multimer_v3_model_2_seed_000.pdb
ATP5PD___HMGB1,1,4,A,B,0.0000,0.0,0.0,0.0000,0.1504,0.0000,0.0000,0.0,0.0,0.1300,35.6,57.5,0.300,0,0,0,0,,,,,161,215,,,,,ATP5PD___HMGB1_unrelaxed_rank_001_alphafold2_multimer_v3_model_4_seed_000.pdb
ATP5PD___HMGB1,2,1,A,B,0.0000,0.0,0.0,0.0000,0.1582,0.0000,0.0000,0.0,0.0,0.1200,36.5,59.9,0.300,0,0,0,0,,,,,161,215,,,,,ATP5PD___HMGB1_unrelaxed_rank_002_alphafold2_multimer_v3_model_1_seed_000.pdb
ATP5PD___HMGB1,3,3,A,B,0.0000,0.0,0.0,0.0000,0.1211,0.0000,0.0000,0.0,0.0,0.1100,57.3,61.0,0.280,0,0,0,0,,,,,161,215,,,,,ATP5PD___HMGB1_unrelaxed_rank_003_alphafold2_multimer_v3_model_3_seed_000.pdb
ATP5PD___HMGB1,4,5,A,B,0.0000,0.0,0.0,0.0000,0.1126,0.0000,0.0000,0.0,0.0,0.1000,39.0,60.9,0.300,0,0,0,0,,,,,161,215,,,,,ATP5PD___HMGB1_unrelaxed_rank_004_alphafold2_multimer_v3_model_5_seed_000.pdb
ATP5PD___HMGB1,5,2,A,B,0.0000,0.0,0.0,0.0000,0.1075,0.0000,0.0000,0.0,0.0,0.1000,50.5,57.0,0.260,0,0,0,0,,,,,161,215,,,,,ATP5PD___HMGB1_unrelaxed_rank_005_alphafold2_multimer_v3_model_2_seed_000.pdb
CCAR2___FUBP3,1,3,A,B,0.0000,0.0,0.0,0.0000,0.1929,0.0000,0.0000,0.0,0.0,0.1800,57.5,42.5,0.410,0,0,0,0,,,,,923,572,,,,,CCAR2___FUBP3_unrelaxed_rank_001_alphafold2_multimer_v3_model_3_seed_000.pdb
CCAR2___FUBP3,2,2,A,B,0.0000,0.0,0.0,0.0000,0.1684,0.0000,0.0000,0.0,0.0,0.1800,59.4,45.7,0.410,0,0,0,0,,,,,923,572,,,,,CCAR2___FUBP3_unrelaxed_rank_002_alphafold2_multimer_v3_model_2_seed_000.pdb
CCAR2___FUBP3,3,1,A,B,0.0000,0.0,0.0,0.0000,0.1726,0.0000,0.0000,0.0,0.0,0.1800,58.1,42.2,0.400,0,0,0,0,,,,,923,572,,,,,CCAR2___FUBP3_unrelaxed_rank_003_alphafold2_multimer_v3_model_1_seed_000.pdb
CCAR2___FUBP3,4,5,A,B,0.0000,0.0,0.0,0.0000,0.1835,0.0000,0.0000,0.0,0.0,0.1700,58.3,43.8,0.400,0,0,0,0,,,,,923,572,,,,,CCAR2___FUBP3_unrelaxed_rank_004_alphafold2_multimer_v3_model_5_seed_000.pdb
CCAR2___FUBP3,5,4,A,B,0.0000,0.0,0.0,0.0000,0.1868,0.0000,0.0000,0.0,0.0,0.1700,56.7,41.4,0.390,0,0,0,0,,,,,923,572,,,,,CCAR2___FUBP3_unrelaxed_rank_005_alphafold2_multimer_v3_model_4_seed_000.pdb
CCNT1___PCCA,1,3,A,B,0.0000,0.0,0.0,0.0000,0.3412,0.0000,0.0000,0.0,0.0,0.2100,41.6,84.0,0.520,0,0,0,0,,,,,726,728,,,,,CCNT1___PCCA_unrelaxed_rank_001_alphafold2_multimer_v3_model_3_seed_000.pdb
CCNT1___PCCA,2,2,A,B,0.0000,0.0,0.0,0.0000,0.1851,0.0000,0.0000,0.0,0.0,0.2100,42.3,84.5,0.520,0,0,0,0,,,,,726,728,,,,,CCNT1___PCCA_unrelaxed_rank_002_alphafold2_multimer_v3_model_2_seed_000.pdb
CCNT1___PCCA,3,1,A,B,0.0000,0.0,0.0,0.0000,0.2334,0.0000,0.0000,0.0,0.0,0.2000,41.2,83.6,0.510,0,0,0,0,,,,,726,728,,,,,CCNT1___PCCA_unrelaxed_rank_003_alphafold2_multimer_v3_model_1_seed_000.pdb
CCNT1___PCCA,4,5,A,B,0.0000,0.0,0.0,0.0000,0.2339,0.0000,0.0000,0.0,0.0,0.1900,41.0,83.8,0.510,0,0,0,0,,,,,726,728,,,,,CCNT1___PCCA_unrelaxed_rank_004_alphafold2_multimer_v3_model_5_seed_000.pdb
CCNT1___PCCA,5,4,A,B,0.0000,0.0,0.0,0.0000,0.2219,0.0000,0.0000,0.0,0.0,0.1800,40.0,82.1,0.500,0,0,0,0,,,,,726,728,,,,,CCNT1___PCCA_unrelaxed_rank_005_alphafold2_multimer_v3_model_4_seed_000.pdb
CDC37___DDX17,1,2,A,B,0.0243,63.0,1.5,0.0000,0.5176,0.0226,0.0261,331.0,12.0,0.2400,62.7,60.5,0.370,102,9,10,3,83.2,30.5,85.3,31.8,378,729,"[152,156-162,164-193,195-214,216-226,228-230,234-242,247-264,266,270-271]",[64-72],"[187,191,195,217-218,220-221,255,262,266]","[67,69,71]",CDC37___DDX17_unrelaxed_rank_001_alphafold2_multimer_v3_model_2_seed_000.pdb
CDC37___DDX17,2,3,A,B,0.0000,0.0,0.0,0.0000,0.4276,0.0167,0.0000,34.0,0.0,0.2000,62.7,58.4,0.400,24,2,0,0,85.5,28.8,,,378,729,"[158,161,174,178-179,185,187-188,193,196,200,202,205-206,208-210,213,250-253,256,260]",[9-10],,,CDC37___DDX17_unrelaxed_rank_002_alphafold2_multimer_v3_model_3_seed_000.pdb
CDC37___DDX17,3,1,A,B,0.0000,0.0,0.0,0.0000,0.2777,0.0000,0.0000,0.0,0.0,0.1700,56.9,59.0,0.380,0,0,0,0,,,,,378,729,,,,,CDC37___DDX17_unrelaxed_rank_003_alphafold2_multimer_v3_model_1_seed_000.pdb
CDC37___DDX17,4,4,A,B,0.0000,0.0,0.0,0.0000,0.3848,0.0000,0.0000,0.0,0.0,0.1700,58.9,58.5,0.360,0,0,0,0,,,,,378,729,,,,,CDC37___DDX17_unrelaxed_rank_004_alphafold2_multimer_v3_model_4_seed_000.pdb
CDC37___DDX17,5,5,A,B,0.0000,0.0,0.0,0.0000,0.2400,0.0000,0.0000,0.0,0.0,0.1500,63.8,58.5,0.350,0,0,0,0,,,,,378,729,,,,,CDC37___DDX17_unrelaxed_rank_005_alphafold2_multimer_v3_model_5_seed_000.pdb
CDC37___RB1,1,4,A,B,0.0676,46.3,3.1,0.0148,0.6557,0.0549,0.0832,306.0,7.0,0.3100,53.9,67.0,0.570,6,141,2,5,41.8,91.1,45.1,86.2,378,928,[6-11],"[418,426,445,449,451-453,455-459,484-486,488,490,517-518,520,525,529,547,552-564,569-573,650-664,666-668,671,675,677-717,719-730,735,737-738,740,742-745,749-755,757-759,761-765,767-770]",[9-10],"[709,721,753,757,761]",CDC37___RB1_unrelaxed_rank_001_alphafold2_multimer_v3_model_4_seed_000.pdb
CDC37___RB1,2,3,A,B,0.0685,177.3,12.1,0.0145,0.6017,0.0698,0.0671,1655.0,19.0,0.2800,58.8,67.3,0.570,26,308,8,11,61.5,91.7,37.5,84.4,378,928,"[9-19,160,162,169,175,177,186,192,196,199,205-206,209-211,226]","[61-62,70,72-77,79,98-99,102-107,116-118,120-122,131,134,143-144,147-149,151,153-154,194-199,201,218,220-222,224,318,321,332,335-337,382,386,403-404,412,414-434,441-463,475-498,514-521,523-532,534-538,545-575,646-771,773,845,848]","[10-16,19]","[709,713-714,720-722,753-754,756-757,768]",CDC37___RB1_unrelaxed_rank_002_alphafold2_multimer_v3_model_3_seed_000.pdb
CDC37___RB1,3,5,A,B,0.0000,0.0,0.0,0.0000,0.4297,0.0021,0.0000,1.0,0.0,0.2700,57.8,67.1,0.560,1,1,0,0,80.4,41.7,,,378,928,[196],[845],,,CDC37___RB1_unrelaxed_rank_003_alphafold2_multimer_v3_model_5_seed_000.pdb
CDC37___RB1,4,1,A,B,0.0078,4.5,0.0,0.0000,0.4476,0.0090,0.0069,10.0,2.0,0.2200,54.9,68.1,0.560,3,10,2,2,35.2,89.0,35.1,81.5,378,928,[13-15],"[657,682,696-697,706,715,717,720,749,753]",[14-15],"[720,753]",CDC37___RB1_unrelaxed_rank_004_alphafold2_multimer_v3_model_1_seed_000.pdb
CDC37___RB1,5,2,A,B,0.0000,0.0,0.0,0.0000,0.1714,0.0000,0.0000,0.0,0.0,0.1700,59.5,67.9,0.560,0,0,0,0,,,,,378,928,,,,,CDC37___RB1_unrelaxed_rank_005_alphafold2_multimer_v3_model_2_seed_000.pdb
CDK4___SUPT5H,1,4,A,B,0.0000,0.0,0.0,0.0000,0.4145,0.0000,0.0000,0.0,0.0,0.3700,75.6,48.3,0.330,0,0,0,0,,,,,303,1087,,,,,CDK4___SUPT5H_unrelaxed_rank_001_alphafold2_multimer_v3_model_4_seed_000.pdb
CDK4___SUPT5H,2,1,A,B,0.0165,5.1,0.1,0.0000,0.4612,0.0146,0.0185,13.0,2.0,0.3600,76.9,49.2,0.340,4,6,2,1,58.0,71.2,58.5,69.4,303,1087,"[53-54,56-57]","[1062,1064,1075-1077,1079]","[54,57]",[1064],CDK4___SUPT5H_unrelaxed_rank_002_alphafold2_multimer_v3_model_1_seed_000.pdb
CDK4___SUPT5H,3,3,A,B,0.0000,0.0,0.0,0.0000,0.4104,0.0000,0.0000,0.0,0.0,0.3500,74.8,49.9,0.330,0,0,0,0,,,,,303,1087,,,,,CDK4___SUPT5H_unrelaxed_rank_003_alphafold2_multimer_v3_model_3_seed_000.pdb
CDK4___SUPT5H,4,2,A,B,0.0000,0.0,0.0,0.0000,0.3940,0.0000,0.0000,0.0,0.0,0.3200,76.9,50.6,0.330,0,0,0,0,,,,,303,1087,,,,,CDK4___SUPT5H_unrelaxed_rank_004_alphafold2_multimer_v3_model_2_seed_000.pdb
CDK4___SUPT5H,5,5,A,B,0.0000,0.0,0.0,0.0000,0.2490,0.0000,0.0000,0.0,0.0,0.2500,73.6,51.1,0.320,0,0,0,0,,,,,303,1087,,,,,CDK4___SUPT5H_unrelaxed_rank_005_alphafold2_multimer_v3_model_5_seed_000.pdb
CIZ1___ANP32A,1,4,A,B,0.2832,559.8,158.5,0.1268,0.8395,0.1985,0.4042,6963.0,45.0,0.4600,27.6,63.9,0.280,41,158,7,11,51.2,89.1,51.4,78.5,898,249,"[650-686,693-696]","[2-11,14-161]","[666-669,671-672,695]","[96-97,120-123,126-127,131,146,159]",CIZ1___ANP32A_unrelaxed_rank_001_alphafold2_multimer_v3_model_4_seed_000.pdb
CIZ1___ANP32A,2,3,A,B,0.1016,388.6,39.5,0.0135,0.6250,0.0818,0.1263,3595.0,42.0,0.4300,28.9,64.4,0.290,55,153,14,15,69.8,89.3,67.0,72.7,898,249,"[653-689,691-705,709-710,712]","[2-12,15-29,33-34,37-77,79-162]","[654,667-668,671-672,676-677,680-681,695-699]","[21,23,46,121-122,126,146-148,154-155,157,159-160,162]",CIZ1___ANP32A_unrelaxed_rank_002_alphafold2_multimer_v3_model_3_seed_000.pdb
CIZ1___ANP32A,3,5,A,B,0.0136,12.6,0.2,0.0000,0.4667,0.0404,0.0046,159.0,1.0,0.3500,29.0,63.8,0.270,27,61,1,1,63.6,86.6,62.7,43.8,898,249,"[655-664,669-671,673-685,693]","[7,18-24,39,44-47,49-50,62,66-71,81,84,91-95,97,107-108,110,114,116-118,120,124,130,133,135-136,140-141,143-147,149-154,157-161]",[677],[159],CIZ1___ANP32A_unrelaxed_rank_003_alphafold2_multimer_v3_model_5_seed_000.pdb
CIZ1___ANP32A,4,2,A,B,0.0000,0.0,0.0,0.0000,0.3242,0.0000,0.0000,0.0,0.0,0.2700,28.3,64.7,0.270,0,0,0,0,,,,,898,249,,,,,CIZ1___ANP32A_unrelaxed_rank_004_alphafold2_multimer_v3_model_2_seed_000.pdb
CIZ1___ANP32A,5,1,A,B,0.0000,0.0,0.0,0.0000,0.3762,0.0000,0.0000,0.0,0.0,0.2700,28.6,63.3,0.280,0,0,0,0,,,,,898,249,,,,,CIZ1___ANP32A_unrelaxed_rank_005_alphafold2_multimer_v3_model_1_seed_000.pdb
CIZ1___SET,1,5,A,B,0.3462,1122.4,388.6,0.3161,0.8780,0.2409,0.4977,19684.0,64.0,0.5700,29.3,64.4,0.320,76,193,17,17,78.4,84.0,80.5,69.2,898,290,[649-724],"[39-183,197-244]","[667-668,671-672,674,677,681,692-693,695-699,701,704-705]","[63,66-67,69-70,131,223-224,227,231,234-235,237-239,241,243]",CIZ1___SET_unrelaxed_rank_001_alphafold2_multimer_v3_model_5_seed_000.pdb
CIZ1___SET,2,1,A,B,0.2963,993.9,294.5,0.2988,0.8787,0.1922,0.4570,16194.0,61.0,0.5600,28.7,63.9,0.310,71,188,16,15,76.3,83.5,77.6,70.7,898,290,[651-721],"[40-181,198-243]","[667-668,671-672,677,680-681,695-701,704-705]","[59,63,66-67,69-70,131,223-224,231,234-235,237,239,241]",CIZ1___SET_unrelaxed_rank_002_alphafold2_multimer_v3_model_1_seed_000.pdb
CIZ1___SET,3,4,A,B,0.2951,734.2,216.7,0.1804,0.8922,0.1876,0.4641,9802.0,55.0,0.5100,27.3,63.4,0.300,69,180,16,16,72.3,82.9,72.2,71.7,898,290,"[654-663,666-724]","[40-159,163-180,201-207,209,211-244]","[667-669,671-672,677,681,695-701,704-705]","[59,63,66-67,69-70,131,223-224,227,231,234-235,237,239-240]",CIZ1___SET_unrelaxed_rank_003_alphafold2_multimer_v3_model_4_seed_000.pdb
CIZ1___SET,4,3,A,B,0.1792,326.3,58.5,0.0170,0.7310,0.1180,0.2724,2730.0,39.0,0.4300,28.8,62.2,0.300,44,154,8,9,73.7,85.8,73.4,77.0,898,290,"[662,668,670,676-716]","[40-144,146-158,164-174,179,202-207,216-233]","[695-699,701,704-705]","[63,66-67,69-70,131,219,223-224]",CIZ1___SET_unrelaxed_rank_004_alphafold2_multimer_v3_model_3_seed_000.pdb
CIZ1___SET,5,2,A,B,0.0130,10.3,0.1,0.0000,0.4793,0.0167,0.0102,53.0,2.0,0.3700,28.4,63.8,0.290,18,17,1,2,69.9,75.6,64.1,84.4,898,290,"[656,659-660,662,667-673,675-676,678-679,685,697,700]","[95,98,125,221-222,224-226,229,233-237,239-241]",[668],[233-234],CIZ1___SET_unrelaxed_rank_005_alphafold2_multimer_v3_model_2_seed_000.pdb
CIZ1___SF3B2,1,1,A,B,0.0000,0.0,0.0,0.0000,0.2291,0.0000,0.0000,0.0,0.0,0.1800,27.6,40.3,0.220,0,0,0,0,,,,,898,895,,,,,CIZ1___SF3B2_unrelaxed_rank_001_alphafold2_multimer_v3_model_1_seed_000.pdb
CIZ1___SF3B2,2,3,A,B,0.0000,0.0,0.0,0.0000,0.3352,0.0000,0.0000,0.0,0.0,0.1800,26.1,43.1,0.230,0,0,0,0,,,,,898,895,,,,,CIZ1___SF3B2_unrelaxed_rank_002_alphafold2_multimer_v3_model_3_seed_000.pdb
CIZ1___SF3B2,3,5,A,B,0.0000,0.0,0.0,0.0000,0.2467,0.0000,0.0000,0.0,0.0,0.1800,27.6,40.9,0.230,0,0,0,0,,,,,898,895,,,,,CIZ1___SF3B2_unrelaxed_rank_003_alphafold2_multimer_v3_model_5_seed_000.pdb
CIZ1___SF3B2,4,4,A,B,0.0000,0.0,0.0,0.0000,0.2430,0.0000,0.0000,0.0,0.0,0.1700,25.7,39.0,0.240,0,0,0,0,,,,,898,895,,,,,CIZ1___SF3B2_unrelaxed_rank_004_alphafold2_multimer_v3_model_4_seed_000.pdb
CIZ1___SF3B2,5,2,A,B,0.0000,0.0,0.0,0.0000,0.2247,0.0000,0.0000,0.0,0.0,0.1700,27.8,42.5,0.220,0,0,0,0,,,,,898,895,,,,,CIZ1___SF3B2_unrelaxed_rank_005_alphafold2_multimer_v3_model_2_seed_000.pdb
CSTB___PDK1,1,2,A,B,0.0000,0.0,0.0,0.0000,0.2070,0.0000,0.0000,0.0,0.0,0.2500,77.7,77.9,0.700,0,0,0,0,,,,,98,436,,,,,CSTB___PDK1_unrelaxed_rank_001_alphafold2_multimer_v3_model_2_seed_000.pdb
CSTB___PDK1,2,3,A,B,0.0000,0.0,0.0,0.0000,0.1685,0.0000,0.0000,0.0,0.0,0.1800,79.1,77.8,0.700,0,0,0,0,,,,,98,436,,,,,CSTB___PDK1_unrelaxed_rank_002_alphafold2_multimer_v3_model_3_seed_000.pdb
CSTB___PDK1,3,5,A,B,0.0000,0.0,0.0,0.0000,0.1190,0.0000,0.0000,0.0,0.0,0.1400,79.8,78.7,0.690,0,0,0,0,,,,,98,436,,,,,CSTB___PDK1_unrelaxed_rank_003_alphafold2_multimer_v3_model_5_seed_000.pdb
CSTB___PDK1,4,4,A,B,0.0000,0.0,0.0,0.0000,0.1300,0.0000,0.0000,0.0,0.0,0.1400,76.1,78.0,0.690,0,0,0,0,,,,,98,436,,,,,CSTB___PDK1_unrelaxed_rank_004_alphafold2_multimer_v3_model_4_seed_000.pdb
CSTB___PDK1,5,1,A,B,0.0000,0.0,0.0,0.0000,0.1339,0.0000,0.0000,0.0,0.0,0.1200,72.2,77.1,0.690,0,0,0,0,,,,,98,436,,,,,CSTB___PDK1_unrelaxed_rank_005_alphafold2_multimer_v3_model_1_seed_000.pdb
DAZAP1___PCCA,1,3,A,B,0.0000,0.0,0.0,0.0000,0.4010,0.0047,0.0000,3.0,0.0,0.2000,36.2,83.5,0.590,1,3,0,0,29.4,97.7,,,407,728,[406],"[271,316,357]",,,DAZAP1___PCCA_unrelaxed_rank_001_alphafold2_multimer_v3_model_3_seed_000.pdb
DAZAP1___PCCA,2,5,A,B,0.0000,0.0,0.0,0.0000,0.3666,0.0000,0.0000,0.0,0.0,0.1900,36.5,83.5,0.580,0,0,0,0,,,,,407,728,,,,,DAZAP1___PCCA_unrelaxed_rank_002_alphafold2_multimer_v3_model_5_seed_000.pdb
DAZAP1___PCCA,3,4,A,B,0.0000,0.0,0.0,0.0000,0.2430,0.0000,0.0000,0.0,0.0,0.1700,33.8,82.0,0.580,0,0,0,0,,,,,407,728,,,,,DAZAP1___PCCA_unrelaxed_rank_003_alphafold2_multimer_v3_model_4_seed_000.pdb
DAZAP1___PCCA,4,2,A,B,0.0000,0.0,0.0,0.0000,0.2081,0.0000,0.0000,0.0,0.0,0.1600,36.7,83.6,0.580,0,0,0,0,,,,,407,728,,,,,DAZAP1___PCCA_unrelaxed_rank_004_alphafold2_multimer_v3_model_2_seed_000.pdb
DAZAP1___PCCA,5,1,A,B,0.0000,0.0,0.0,0.0000,0.2174,0.0000,0.0000,0.0,0.0,0.1600,36.0,83.6,0.590,0,0,0,0,,,,,407,728,,,,,DAZAP1___PCCA_unrelaxed_rank_005_alphafold2_multimer_v3_model_1_seed_000.pdb
EDC3___PDK1,1,1,A,B,0.2930,244.2,71.6,0.0672,0.8539,0.2380,0.3606,1193.0,50.0,0.3200,61.1,77.4,0.470,71,13,16,7,74.3,57.1,74.3,60.8,508,436,[1-71],"[1-12,14]","[1-2,5,10,28,30,33-35,56-57,59,61-64]","[2-4,6-7,10-11]",EDC3___PDK1_unrelaxed_rank_001_alphafold2_multimer_v3_model_1_seed_000.pdb
EDC3___PDK1,2,2,A,B,0.4767,300.0,143.0,0.1947,0.9348,0.3988,0.5699,1607.0,56.0,0.2600,62.0,79.7,0.470,72,15,16,7,75.7,61.4,75.0,69.9,508,436,[1-72],[1-15],"[1-2,5,10,28,30,33-35,56-57,59,62-64,67]","[2-4,6-7,10-11]",EDC3___PDK1_unrelaxed_rank_002_alphafold2_multimer_v3_model_2_seed_000.pdb
EDC3___PDK1,3,3,A,B,0.3090,259.1,80.1,0.0796,0.8486,0.2452,0.3896,1243.0,54.0,0.2100,60.7,77.3,0.460,71,13,17,7,75.7,56.2,74.7,61.5,508,436,[1-71],[1-13],"[1-2,5,10,28,30,33-35,56-57,59,61-64,67]","[2-4,6-7,10-11]",EDC3___PDK1_unrelaxed_rank_003_alphafold2_multimer_v3_model_3_seed_000.pdb
EDC3___PDK1,4,5,A,B,0.4760,333.3,158.6,0.2053,0.9464,0.4046,0.5599,1587.0,70.0,0.2100,60.4,78.0,0.460,71,15,18,10,73.4,57.7,73.2,63.0,508,436,[1-71],[1-15],"[1-2,5,10,28-30,33-35,56-57,59,61-64,67]","[1-4,6-7,9-11,13]",EDC3___PDK1_unrelaxed_rank_004_alphafold2_multimer_v3_model_5_seed_000.pdb
EDC3___PDK1,5,4,A,B,0.0908,88.0,8.0,0.0158,0.6439,0.0889,0.0927,298.0,26.0,0.1800,58.9,76.2,0.450,61,10,14,7,73.1,35.9,70.0,35.6,508,436,"[4-16,18-65]",[1-10],"[4-5,28-30,33-35,56-57,59,62-64]","[2-4,6-7,9-10]",EDC3___PDK1_unrelaxed_rank_005_alphafold2_multimer_v3_model_4_seed_000.pdb
EDC3___PRDX1,1,2,A,B,0.0000,0.0,0.0,0.0000,0.1248,0.0000,0.0000,0.0,0.0,0.1900,62.4,84.8,0.430,0,0,0,0,,,,,508,199,,,,,EDC3___PRDX1_unrelaxed_rank_001_alphafold2_multimer_v3_model_2_seed_000.pdb
EDC3___PRDX1,2,4,A,B,0.0000,0.0,0.0,0.0000,0.0000,0.0000,0.0000,0.0,0.0,0.1900,61.9,82.9,0.430,0,0,0,0,,,,,508,199,,,,,EDC3___PRDX1_unrelaxed_rank_002_alphafold2_multimer_v3_model_4_seed_000.pdb
EDC3___PRDX1,3,3,A,B,0.0000,0.0,0.0,0.0000,0.1075,0.0000,0.0000,0.0,0.0,0.1800,62.3,83.9,0.430,0,0,0,0,,,,,508,199,,,,,EDC3___PRDX1_unrelaxed_rank_003_alphafold2_multimer_v3_model_3_seed_000.pdb
EDC3___PRDX1,4,1,A,B,0.0000,0.0,0.0,0.0000,0.1220,0.0000,0.0000,0.0,0.0,0.1800,62.7,81.7,0.420,0,0,0,0,,,,,508,199,,,,,EDC3___PRDX1_unrelaxed_rank_004_alphafold2_multimer_v3_model_1_seed_000.pdb
EDC3___PRDX1,5,5,A,B,0.0000,0.0,0.0,0.0000,0.1263,0.0000,0.0000,0.0,0.0,0.1700,62.0,84.2,0.430,0,0,0,0,,,,,508,199,,,,,EDC3___PRDX1_unrelaxed_rank_005_alphafold2_multimer_v3_model_5_seed_000.pdb
EDC3___RBM33,1,1,A,B,0.0154,2.0,0.0,0.0000,0.5337,0.0154,0.0154,2.0,2.0,0.2400,61.7,21.6,0.290,2,1,2,1,69.7,34.7,69.7,34.7,508,1170,[56-57],[242],[56-57],[242],EDC3___RBM33_unrelaxed_rank_001_alphafold2_multimer_v3_model_1_seed_000.pdb
EDC3___RBM33,2,4,A,B,0.0000,0.0,0.0,0.0000,0.2400,0.0000,0.0000,0.0,0.0,0.2100,61.4,20.9,0.280,0,0,0,0,,,,,508,1170,,,,,EDC3___RBM33_unrelaxed_rank_002_alphafold2_multimer_v3_model_4_seed_000.pdb
EDC3___RBM33,3,2,A,B,0.0000,0.0,0.0,0.0000,0.4441,0.0000,0.0000,0.0,0.0,0.2100,63.3,22.8,0.300,0,0,0,0,,,,,508,1170,,,,,EDC3___RBM33_unrelaxed_rank_003_alphafold2_multimer_v3_model_2_seed_000.pdb
EDC3___RBM33,4,3,A,B,0.0000,0.0,0.0,0.0000,0.3360,0.0000,0.0000,0.0,0.0,0.2100,61.1,22.3,0.290,0,0,0,0,,,,,508,1170,,,,,EDC3___RBM33_unrelaxed_rank_004_alphafold2_multimer_v3_model_3_seed_000.pdb
EDC3___RBM33,5,5,A,B,0.0000,0.0,0.0,0.0000,0.2471,0.0000,0.0000,0.0,0.0,0.2100,63.0,22.2,0.290,0,0,0,0,,,,,508,1170,,,,,EDC3___RBM33_unrelaxed_rank_005_alphafold2_multimer_v3_model_5_seed_000.pdb
EPB41___AGAP3,1,1,A,B,0.0000,0.0,0.0,0.0000,0.3273,0.0000,0.0000,0.0,0.0,0.2400,45.2,52.8,0.350,0,0,0,0,,,,,864,875,,,,,EPB41___AGAP3_unrelaxed_rank_001_alphafold2_multimer_v3_model_1_seed_000.pdb
EPB41___AGAP3,2,5,A,B,0.0000,0.0,0.0,0.0000,0.2359,0.0000,0.0000,0.0,0.0,0.2000,44.3,56.8,0.340,0,0,0,0,,,,,864,875,,,,,EPB41___AGAP3_unrelaxed_rank_002_alphafold2_multimer_v3_model_5_seed_000.pdb
EPB41___AGAP3,3,2,A,B,0.0000,0.0,0.0,0.0000,0.2317,0.0000,0.0000,0.0,0.0,0.2000,46.3,58.4,0.340,0,0,0,0,,,,,864,875,,,,,EPB41___AGAP3_unrelaxed_rank_003_alphafold2_multimer_v3_model_2_seed_000.pdb
EPB41___AGAP3,4,4,A,B,0.0000,0.0,0.0,0.0000,0.3412,0.0000,0.0000,0.0,0.0,0.2000,43.2,55.2,0.330,0,0,0,0,,,,,864,875,,,,,EPB41___AGAP3_unrelaxed_rank_004_alphafold2_multimer_v3_model_4_seed_000.pdb
EPB41___AGAP3,5,3,A,B,0.0000,0.0,0.0,0.0000,0.2520,0.0000,0.0000,0.0,0.0,0.2000,46.0,57.6,0.340,0,0,0,0,,,,,864,875,,,,,EPB41___AGAP3_unrelaxed_rank_005_alphafold2_multimer_v3_model_3_seed_000.pdb
EPB41___CDC37,1,1,A,B,0.1317,312.3,41.1,0.0192,0.7667,0.1078,0.1608,1682.0,58.0,0.2700,47.8,61.2,0.370,29,128,15,22,41.0,79.5,41.7,76.2,864,378,"[659-672,678-679,681-682,684-694]","[146-243,246-275]","[660,662-663,666-667,669,671,685-686,688-693]","[184,187-188,191-192,195,217-218,221-222,225-226,240,248,251,255,258-259,262-263,266,269]",EPB41___CDC37_unrelaxed_rank_001_alphafold2_multimer_v3_model_1_seed_000.pdb
EPB41___CDC37,2,2,A,B,0.1339,489.7,65.6,0.0184,0.7656,0.1166,0.1537,2756.0,87.0,0.2600,48.5,64.1,0.370,32,136,20,30,40.2,82.9,40.9,79.6,864,378,"[658-673,678,681-695]","[142-243,246-279]","[659-664,666-667,670,681,684-686,688-693,695]","[144-145,149,184,187-192,194-195,217-218,221-222,225-226,240,247-248,251-252,254-255,258-259,262-263,266]",EPB41___CDC37_unrelaxed_rank_002_alphafold2_multimer_v3_model_2_seed_000.pdb
EPB41___CDC37,3,3,A,B,0.1292,215.2,27.8,0.0188,0.7887,0.1175,0.1419,1077.0,43.0,0.2500,48.0,63.0,0.370,17,130,10,20,38.2,80.9,38.1,81.2,864,378,"[660-672,685-686,688-689]","[144,146-242,246-277]","[660,662-664,666-667,669,671,688-689]","[184,187-195,213,217,225,251,259,262-263,265-266,269]",EPB41___CDC37_unrelaxed_rank_003_alphafold2_multimer_v3_model_3_seed_000.pdb
EPB41___CDC37,4,5,A,B,0.0000,0.0,0.0,0.0000,0.4578,0.0095,0.0000,5.0,0.0,0.2100,47.3,62.5,0.370,2,5,0,0,29.3,84.3,,,864,378,[667-668],"[213,255,258,260,262]",,,EPB41___CDC37_unrelaxed_rank_004_alphafold2_multimer_v3_model_5_seed_000.pdb
EPB41___CDC37,5,4,A,B,0.0000,0.0,0.0,0.0000,0.3720,0.0000,0.0000,0.0,0.0,0.2000,46.1,60.6,0.370,0,0,0,0,,,,,864,378,,,,,EPB41___CDC37_unrelaxed_rank_005_alphafold2_multimer_v3_model_4_seed_000.pdb
EPB41___SF3A3,1,3,A,B,0.1853,782.7,145.1,0.0308,0.8380,0.1319,0.2603,8393.0,73.0,0.3400,47.3,73.5,0.370,285,40,20,13,87.0,71.2,74.5,74.2,864,501,"[211-258,260-276,280-340,353-356,360-374,377-424,426-496,504-524]",[462-501],"[435,438-442,477,481,484-485,488-490,493,504-509]","[469,471,473,476-482,486,488,492]",EPB41___SF3A3_unrelaxed_rank_001_alphafold2_multimer_v3_model_3_seed_000.pdb
EPB41___SF3A3,2,1,A,B,0.1251,94.0,11.8,0.0135,0.6373,0.0948,0.1652,679.0,13.0,0.3400,47.6,68.7,0.350,9,135,5,7,44.2,84.5,45.3,78.6,864,501,[702-710],"[4-28,32-62,67-73,87-88,90-93,95,104-118,128-131,138,145,148,184,186-204,206,208-216,323-324,326-327,329-331,333-334,337-338,340-341]","[702-704,707-708]","[14,45,49,109-110,112-113]",EPB41___SF3A3_unrelaxed_rank_002_alphafold2_multimer_v3_model_1_seed_000.pdb
EPB41___SF3A3,3,2,A,B,0.0944,189.8,17.9,0.0156,0.7224,0.0914,0.0975,1715.0,21.0,0.2500,47.2,72.1,0.350,12,214,6,14,36.1,86.7,37.9,79.5,864,501,[77-88],"[4-63,67-74,83-97,102-150,159-165,167,169-170,177,180-221,318-346]","[79,81-83,85-86]","[14,45,49,52-53,104,106,109-110,112-113,123-124,127]",EPB41___SF3A3_unrelaxed_rank_003_alphafold2_multimer_v3_model_2_seed_000.pdb
EPB41___SF3A3,4,4,A,B,0.0000,0.0,0.0,0.0000,0.3615,0.0000,0.0000,0.0,0.0,0.2000,45.6,67.4,0.340,0,0,0,0,,,,,864,501,,,,,EPB41___SF3A3_unrelaxed_rank_004_alphafold2_multimer_v3_model_4_seed_000.pdb
EPB41___SF3A3,5,5,A,B,0.0000,0.0,0.0,0.0000,0.1641,0.0000,0.0000,0.0,0.0,0.1600,47.1,71.8,0.340,0,0,0,0,,,,,864,501,,,,,EPB41___SF3A3_unrelaxed_rank_005_alphafold2_multimer_v3_model_5_seed_000.pdb
FAM50A___RBM33,1,1,A,B,0.4927,1146.3,564.8,0.4251,0.9529,0.3926,0.6184,22270.0,59.0,0.5100,66.8,23.6,0.280,169,78,18,12,85.5,89.5,80.4,88.7,339,1170,[169-337],[1093-1170],"[190,193-194,196-197,219,265,268-269,271,280-281,283,285,288-289,292,299]","[1106-1108,1134,1151,1154-1155,1157,1159-1162]",FAM50A___RBM33_unrelaxed_rank_001_alphafold2_multimer_v3_model_1_seed_000.pdb
FAM50A___RBM33,2,4,A,B,0.0540,55.5,3.0,0.0128,0.5451,0.0385,0.0756,220.0,14.0,0.3500,57.6,23.0,0.270,85,40,7,7,87.6,76.6,77.7,69.3,339,1170,"[190-198,200-209,211,213-229,232-233,242,248,250-252,254-259,262-270,280-282,300,302-303,306-316,318-326]","[783-793,1101-1102,1104-1110,1130,1134,1140,1145-1153,1155,1158-1164]","[194,197,219,282,302,319-320]","[787,790,793,1106,1160-1162]",FAM50A___RBM33_unrelaxed_rank_002_alphafold2_multimer_v3_model_4_seed_000.pdb
FAM50A___RBM33,3,5,A,B,0.0000,0.0,0.0,0.0000,0.2272,0.0000,0.0000,0.0,0.0,0.2300,60.1,24.0,0.240,0,0,0,0,,,,,339,1170,,,,,FAM50A___RBM33_unrelaxed_rank_003_alphafold2_multimer_v3_model_5_seed_000.pdb
FAM50A___RBM33,4,3,A,B,0.0000,0.0,0.0,0.0000,0.2088,0.0000,0.0000,0.0,0.0,0.1900,58.7,24.0,0.240,0,0,0,0,,,,,339,1170,,,,,FAM50A___RBM33_unrelaxed_rank_004_alphafold2_multimer_v3_model_3_seed_000.pdb
FAM50A___RBM33,5,2,A,B,0.0000,0.0,0.0,0.0000,0.0000,0.0000,0.0000,0.0,0.0,0.1800,64.6,24.0,0.240,0,0,0,0,,,,,339,1170,,,,,FAM50A___RBM33_unrelaxed_rank_005_alphafold2_multimer_v3_model_2_seed_000.pdb
FUBP1___CDC5L,1,5,A,B,0.0000,0.0,0.0,0.0000,0.4769,0.0038,0.0000,1.0,0.0,0.1800,43.0,54.0,0.260,1,1,0,0,39.8,67.4,,,644,802,[541],[707],,,FUBP1___CDC5L_unrelaxed_rank_001_alphafold2_multimer_v3_model_5_seed_000.pdb
FUBP1___CDC5L,2,3,A,B,0.0067,2.0,0.0,0.0000,0.4939,0.0067,0.0067,2.0,2.0,0.1800,42.4,57.2,0.260,2,1,2,1,41.0,72.8,41.0,72.8,644,802,"[537,541]",[707],"[537,541]",[707],FUBP1___CDC5L_unrelaxed_rank_002_alphafold2_multimer_v3_model_3_seed_000.pdb
FUBP1___CDC5L,3,1,A,B,0.0000,0.0,0.0,0.0000,0.4734,0.0271,0.0000,2.0,0.0,0.1800,42.3,55.8,0.250,2,2,0,0,39.7,71.9,,,644,802,[537-538],[706-707],,,FUBP1___CDC5L_unrelaxed_rank_003_alphafold2_multimer_v3_model_1_seed_000.pdb
FUBP1___CDC5L,4,2,A,B,0.0000,0.0,0.0,0.0000,0.4202,0.0000,0.0000,0.0,0.0,0.1800,45.6,52.7,0.240,0,0,0,0,,,,,644,802,,,,,FUBP1___CDC5L_unrelaxed_rank_004_alphafold2_multimer_v3_model_2_seed_000.pdb
FUBP1___CDC5L,5,4,A,B,0.0000,0.0,0.0,0.0000,0.2153,0.0000,0.0000,0.0,0.0,0.1600,42.3,51.5,0.240,0,0,0,0,,,,,644,802,,,,,FUBP1___CDC5L_unrelaxed_rank_005_alphafold2_multimer_v3_model_4_seed_000.pdb
FUBP1___CIZ1,1,2,A,B,0.0942,85.7,8.1,0.0207,0.6011,0.0972,0.0913,350.0,21.0,0.1900,47.0,26.6,0.210,14,36,6,6,40.2,57.5,41.4,58.9,644,898,"[531-542,544-545]",[591-626],"[532-533,536,539-540,544]","[593-594,605,608-609,612]",FUBP1___CIZ1_unrelaxed_rank_001_alphafold2_multimer_v3_model_2_seed_000.pdb
FUBP1___CIZ1,2,1,A,B,0.0000,0.0,0.0,0.0000,0.2074,0.0000,0.0000,0.0,0.0,0.1900,39.5,23.6,0.210,0,0,0,0,,,,,644,898,,,,,FUBP1___CIZ1_unrelaxed_rank_002_alphafold2_multimer_v3_model_1_seed_000.pdb
FUBP1___CIZ1,3,4,A,B,0.0156,7.0,0.1,0.0119,0.5288,0.0264,0.0092,49.0,1.0,0.1900,41.2,24.5,0.210,4,24,1,1,30.8,55.1,31.1,57.9,644,898,"[618-619,621-622]","[593-601,603,607-617,619-620,623]",[621],[608],FUBP1___CIZ1_unrelaxed_rank_003_alphafold2_multimer_v3_model_4_seed_000.pdb
FUBP1___CIZ1,4,3,A,B,0.0000,0.0,0.0,0.0000,0.3212,0.0000,0.0000,0.0,0.0,0.1800,40.4,24.4,0.210,0,0,0,0,,,,,644,898,,,,,FUBP1___CIZ1_unrelaxed_rank_004_alphafold2_multimer_v3_model_3_seed_000.pdb
FUBP1___CIZ1,5,5,A,B,0.0000,0.0,0.0,0.0000,0.1816,0.0000,0.0000,0.0,0.0,0.1800,46.2,27.0,0.210,0,0,0,0,,,,,644,898,,,,,FUBP1___CIZ1_unrelaxed_rank_005_alphafold2_multimer_v3_model_5_seed_000.pdb
FUBP3___CDC5L,1,1,A,B,0.0000,0.0,0.0,0.0000,0.2328,0.0000,0.0000,0.0,0.0,0.1700,45.9,57.7,0.240,0,0,0,0,,,,,572,802,,,,,FUBP3___CDC5L_unrelaxed_rank_001_alphafold2_multimer_v3_model_1_seed_000.pdb
FUBP3___CDC5L,2,5,A,B,0.0000,0.0,0.0,0.0000,0.1417,0.0000,0.0000,0.0,0.0,0.1600,45.3,58.5,0.250,0,0,0,0,,,,,572,802,,,,,FUBP3___CDC5L_unrelaxed_rank_002_alphafold2_multimer_v3_model_5_seed_000.pdb
FUBP3___CDC5L,3,3,A,B,0.0000,0.0,0.0,0.0000,0.2356,0.0000,0.0000,0.0,0.0,0.1600,44.9,60.4,0.260,0,0,0,0,,,,,572,802,,,,,FUBP3___CDC5L_unrelaxed_rank_003_alphafold2_multimer_v3_model_3_seed_000.pdb
FUBP3___CDC5L,4,2,A,B,0.0000,0.0,0.0,0.0000,0.0000,0.0000,0.0000,0.0,0.0,0.1600,47.9,56.2,0.230,0,0,0,0,,,,,572,802,,,,,FUBP3___CDC5L_unrelaxed_rank_004_alphafold2_multimer_v3_model_2_seed_000.pdb
FUBP3___CDC5L,5,4,A,B,0.0000,0.0,0.0,0.0000,0.1695,0.0000,0.0000,0.0,0.0,0.1400,44.2,53.8,0.240,0,0,0,0,,,,,572,802,,,,,FUBP3___CDC5L_unrelaxed_rank_005_alphafold2_multimer_v3_model_4_seed_000.pdb
FUS___CDC5L,1,4,A,B,0.0000,0.0,0.0,0.0000,0.1802,0.0000,0.0000,0.0,0.0,0.1600,29.9,54.9,0.260,0,0,0,0,,,,,526,802,,,,,FUS___CDC5L_unrelaxed_rank_001_alphafold2_multimer_v3_model_4_seed_000.pdb
FUS___CDC5L,2,1,A,B,0.0000,0.0,0.0,0.0000,0.1608,0.0000,0.0000,0.0,0.0,0.1600,30.3,58.7,0.250,0,0,0,0,,,,,526,802,,,,,FUS___CDC5L_unrelaxed_rank_002_alphafold2_multimer_v3_model_1_seed_000.pdb
FUS___CDC5L,3,3,A,B,0.0000,0.0,0.0,0.0000,0.1357,0.0000,0.0000,0.0,0.0,0.1500,29.6,60.6,0.260,0,0,0,0,,,,,526,802,,,,,FUS___CDC5L_unrelaxed_rank_003_alphafold2_multimer_v3_model_3_seed_000.pdb
FUS___CDC5L,4,2,A,B,0.0000,0.0,0.0,0.0000,0.1641,0.0000,0.0000,0.0,0.0,0.1500,30.2,53.4,0.240,0,0,0,0,,,,,526,802,,,,,FUS___CDC5L_unrelaxed_rank_004_alphafold2_multimer_v3_model_2_seed_000.pdb
FUS___CDC5L,5,5,A,B,0.0000,0.0,0.0,0.0000,0.1285,0.0000,0.0000,0.0,0.0,0.1500,29.3,58.9,0.260,0,0,0,0,,,,,526,802,,,,,FUS___CDC5L_unrelaxed_rank_005_alphafold2_multimer_v3_model_5_seed_000.pdb
FUS___PRDX1,1,2,A,B,0.0000,0.0,0.0,0.0000,0.1632,0.0000,0.0000,0.0,0.0,0.2000,32.6,87.8,0.340,0,0,0,0,,,,,526,199,,,,,FUS___PRDX1_unrelaxed_rank_001_alphafold2_multimer_v3_model_2_seed_000.pdb
FUS___PRDX1,2,1,A,B,0.0000,0.0,0.0,0.0000,0.1555,0.0000,0.0000,0.0,0.0,0.1900,33.7,87.0,0.340,0,0,0,0,,,,,526,199,,,,,FUS___PRDX1_unrelaxed_rank_002_alphafold2_multimer_v3_model_1_seed_000.pdb
FUS___PRDX1,3,4,A,B,0.0000,0.0,0.0,0.0000,0.1639,0.0000,0.0000,0.0,0.0,0.1800,31.4,85.8,0.330,0,0,0,0,,,,,526,199,,,,,FUS___PRDX1_unrelaxed_rank_003_alphafold2_multimer_v3_model_4_seed_000.pdb
FUS___PRDX1,4,5,A,B,0.0000,0.0,0.0,0.0000,0.1451,0.0000,0.0000,0.0,0.0,0.1800,31.8,87.5,0.340,0,0,0,0,,,,,526,199,,,,,FUS___PRDX1_unrelaxed_rank_004_alphafold2_multimer_v3_model_5_seed_000.pdb
FUS___PRDX1,5,3,A,B,0.0000,0.0,0.0,0.0000,0.1131,0.0000,0.0000,0.0,0.0,0.1400,30.3,87.4,0.330,0,0,0,0,,,,,526,199,,,,,FUS___PRDX1_unrelaxed_rank_005_alphafold2_multimer_v3_model_3_seed_000.pdb
FUS___SF3A3,1,3,A,B,0.0000,0.0,0.0,0.0000,0.2406,0.0000,0.0000,0.0,0.0,0.2500,29.2,75.1,0.370,0,0,0,0,,,,,526,501,,,,,FUS___SF3A3_unrelaxed_rank_001_alphafold2_multimer_v3_model_3_seed_000.pdb
FUS___SF3A3,2,1,A,B,0.0000,0.0,0.0,0.0000,0.1868,0.0000,0.0000,0.0,0.0,0.1400,29.6,75.7,0.360,0,0,0,0,,,,,526,501,,,,,FUS___SF3A3_unrelaxed_rank_002_alphafold2_multimer_v3_model_1_seed_000.pdb
FUS___SF3A3,3,2,A,B,0.0000,0.0,0.0,0.0000,0.2857,0.0000,0.0000,0.0,0.0,0.1400,29.3,76.0,0.360,0,0,0,0,,,,,526,501,,,,,FUS___SF3A3_unrelaxed_rank_003_alphafold2_multimer_v3_model_2_seed_000.pdb
FUS___SF3A3,4,4,A,B,0.0000,0.0,0.0,0.0000,0.1508,0.0000,0.0000,0.0,0.0,0.1300,28.7,73.2,0.350,0,0,0,0,,,,,526,501,,,,,FUS___SF3A3_unrelaxed_rank_004_alphafold2_multimer_v3_model_4_seed_000.pdb
FUS___SF3A3,5,5,A,B,0.0000,0.0,0.0,0.0000,0.1843,0.0000,0.0000,0.0,0.0,0.1300,29.8,76.5,0.360,0,0,0,0,,,,,526,501,,,,,FUS___SF3A3_unrelaxed_rank_005_alphafold2_multimer_v3_model_5_seed_000.pdb
KHSRP___CDC37,1,4,A,B,0.1686,763.9,128.8,0.0492,0.7267,0.1126,0.2525,6707.0,87.0,0.3500,40.1,63.8,0.330,79,150,17,17,71.1,83.0,69.9,71.5,711,378,[425-503],"[144,147-231,234-242,247-288,292-300,331,334,336,338]","[434-438,440-444,447,457,459-460,462-463,473]","[196,199-201,270-271,273-275,277-279,282,285-286,295,299]",KHSRP___CDC37_unrelaxed_rank_001_alphafold2_multimer_v3_model_4_seed_000.pdb
KHSRP___CDC37,2,5,A,B,0.0000,0.0,0.0,0.0000,0.3105,0.0000,0.0000,0.0,0.0,0.2500,40.8,65.0,0.300,0,0,0,0,,,,,711,378,,,,,KHSRP___CDC37_unrelaxed_rank_002_alphafold2_multimer_v3_model_5_seed_000.pdb
KHSRP___CDC37,3,1,A,B,0.0000,0.0,0.0,0.0000,0.3209,0.0000,0.0000,0.0,0.0,0.2500,39.8,65.4,0.270,0,0,0,0,,,,,711,378,,,,,KHSRP___CDC37_unrelaxed_rank_003_alphafold2_multimer_v3_model_1_seed_000.pdb
KHSRP___CDC37,4,3,A,B,0.0000,0.0,0.0,0.0000,0.3257,0.0000,0.0000,0.0,0.0,0.1900,37.9,64.0,0.290,0,0,0,0,,,,,711,378,,,,,KHSRP___CDC37_unrelaxed_rank_004_alphafold2_multimer_v3_model_3_seed_000.pdb
KHSRP___CDC37,5,2,A,B,0.0000,0.0,0.0,0.0000,0.3519,0.0000,0.0000,0.0,0.0,0.1900,41.7,67.7,0.290,0,0,0,0,,,,,711,378,,,,,KHSRP___CDC37_unrelaxed_rank_005_alphafold2_multimer_v3_model_2_seed_000.pdb
KHSRP___RAVER1,1,1,A,B,0.0000,0.0,0.0,0.0000,0.4468,0.0100,0.0000,1.0,0.0,0.2800,38.4,52.4,0.350,1,1,0,0,41.9,89.8,,,711,606,[681],[194],,,KHSRP___RAVER1_unrelaxed_rank_001_alphafold2_multimer_v3_model_1_seed_000.pdb
KHSRP___RAVER1,2,2,A,B,0.0187,8.1,0.2,0.0000,0.5026,0.0172,0.0202,33.0,2.0,0.2700,40.6,53.1,0.360,6,21,1,2,40.3,87.6,42.9,83.3,711,606,[680-685],"[145,183,187,191,194,197,201,205-206,276,279,293,298,302,304,306,308-311,313]",[681],"[306,309]",KHSRP___RAVER1_unrelaxed_rank_002_alphafold2_multimer_v3_model_2_seed_000.pdb
KHSRP___RAVER1,3,5,A,B,0.0000,0.0,0.0,0.0000,0.3376,0.0000,0.0000,0.0,0.0,0.2500,40.1,52.7,0.350,0,0,0,0,,,,,711,606,,,,,KHSRP___RAVER1_unrelaxed_rank_003_alphafold2_multimer_v3_model_5_seed_000.pdb
KHSRP___RAVER1,4,3,A,B,0.0000,0.0,0.0,0.0000,0.3477,0.0000,0.0000,0.0,0.0,0.2400,37.3,52.2,0.350,0,0,0,0,,,,,711,606,,,,,KHSRP___RAVER1_unrelaxed_rank_004_alphafold2_multimer_v3_model_3_seed_000.pdb
KHSRP___RAVER1,5,4,A,B,0.0000,0.0,0.0,0.0000,0.3586,0.0000,0.0000,0.0,0.0,0.2200,38.0,52.6,0.340,0,0,0,0,,,,,711,606,,,,,KHSRP___RAVER1_unrelaxed_rank_005_alphafold2_multimer_v3_model_4_seed_000.pdb
MATR3___ATP5PD,1,4,A,B,0.0000,0.0,0.0,0.0000,0.2599,0.0000,0.0000,0.0,0.0,0.2500,41.0,70.0,0.230,0,0,0,0,,,,,847,161,,,,,MATR3___ATP5PD_unrelaxed_rank_001_alphafold2_multimer_v3_model_4_seed_000.pdb
MATR3___ATP5PD,2,5,A,B,0.0000,0.0,0.0,0.0000,0.1806,0.0000,0.0000,0.0,0.0,0.1800,42.7,69.8,0.220,0,0,0,0,,,,,847,161,,,,,MATR3___ATP5PD_unrelaxed_rank_002_alphafold2_multimer_v3_model_5_seed_000.pdb
MATR3___ATP5PD,3,3,A,B,0.0000,0.0,0.0,0.0000,0.1856,0.0000,0.0000,0.0,0.0,0.1700,41.9,70.1,0.220,0,0,0,0,,,,,847,161,,,,,MATR3___ATP5PD_unrelaxed_rank_003_alphafold2_multimer_v3_model_3_seed_000.pdb
MATR3___ATP5PD,4,1,A,B,0.0000,0.0,0.0,0.0000,0.1501,0.0000,0.0000,0.0,0.0,0.1500,40.6,68.7,0.220,0,0,0,0,,,,,847,161,,,,,MATR3___ATP5PD_unrelaxed_rank_004_alphafold2_multimer_v3_model_1_seed_000.pdb
MATR3___ATP5PD,5,2,A,B,0.0000,0.0,0.0,0.0000,0.1545,0.0000,0.0000,0.0,0.0,0.1500,43.1,71.0,0.220,0,0,0,0,,,,,847,161,,,,,MATR3___ATP5PD_unrelaxed_rank_005_alphafold2_multimer_v3_model_2_seed_000.pdb
MATR3___RBM4,1,1,A,B,0.0000,0.0,0.0,0.0000,0.1766,0.0000,0.0000,0.0,0.0,0.1700,39.6,42.4,0.230,0,0,0,0,,,,,847,364,,,,,MATR3___RBM4_unrelaxed_rank_001_alphafold2_multimer_v3_model_1_seed_000.pdb
MATR3___RBM4,2,4,A,B,0.0000,0.0,0.0,0.0000,0.1821,0.0000,0.0000,0.0,0.0,0.1700,40.1,42.3,0.210,0,0,0,0,,,,,847,364,,,,,MATR3___RBM4_unrelaxed_rank_002_alphafold2_multimer_v3_model_4_seed_000.pdb
MATR3___RBM4,3,3,A,B,0.0000,0.0,0.0,0.0000,0.1846,0.0000,0.0000,0.0,0.0,0.1700,40.2,41.0,0.220,0,0,0,0,,,,,847,364,,,,,MATR3___RBM4_unrelaxed_rank_003_alphafold2_multimer_v3_model_3_seed_000.pdb
MATR3___RBM4,4,2,A,B,0.0000,0.0,0.0,0.0000,0.1600,0.0000,0.0000,0.0,0.0,0.1600,42.8,46.4,0.220,0,0,0,0,,,,,847,364,,,,,MATR3___RBM4_unrelaxed_rank_004_alphafold2_multimer_v3_model_2_seed_000.pdb
MATR3___RBM4,5,5,A,B,0.0000,0.0,0.0,0.0000,0.1419,0.0000,0.0000,0.0,0.0,0.1500,43.3,44.8,0.220,0,0,0,0,,,,,847,364,,,,,MATR3___RBM4_unrelaxed_rank_005_alphafold2_multimer_v3_model_5_seed_000.pdb
MRPL12___CDK4,1,4,A,B,0.0000,0.0,0.0,0.0000,0.1711,0.0000,0.0000,0.0,0.0,0.1500,41.1,81.4,0.580,0,0,0,0,,,,,198,303,,,,,MRPL12___CDK4_unrelaxed_rank_001_alphafold2_multimer_v3_model_4_seed_000.pdb
MRPL12___CDK4,2,1,A,B,0.0000,0.0,0.0,0.0000,0.1425,0.0000,0.0000,0.0,0.0,0.1300,37.6,80.3,0.570,0,0,0,0,,,,,198,303,,,,,MRPL12___CDK4_unrelaxed_rank_002_alphafold2_multimer_v3_model_1_seed_000.pdb
MRPL12___CDK4,3,2,A,B,0.0000,0.0,0.0,0.0000,0.1239,0.0000,0.0000,0.0,0.0,0.1300,39.0,77.1,0.540,0,0,0,0,,,,,198,303,,,,,MRPL12___CDK4_unrelaxed_rank_003_alphafold2_multimer_v3_model_2_seed_000.pdb
MRPL12___CDK4,4,3,A,B,0.0000,0.0,0.0,0.0000,0.1559,0.0000,0.0000,0.0,0.0,0.1300,40.1,79.1,0.550,0,0,0,0,,,,,198,303,,,,,MRPL12___CDK4_unrelaxed_rank_004_alphafold2_multimer_v3_model_3_seed_000.pdb
MRPL12___CDK4,5,5,A,B,0.0000,0.0,0.0,0.0000,0.1313,0.0000,0.0000,0.0,0.0,0.1200,38.5,81.1,0.570,0,0,0,0,,,,,198,303,,,,,MRPL12___CDK4_unrelaxed_rank_005_alphafold2_multimer_v3_model_5_seed_000.pdb
MRPL12___KHSRP,1,1,A,B,0.0000,0.0,0.0,0.0000,0.1338,0.0000,0.0000,0.0,0.0,0.1500,41.7,46.5,0.210,0,0,0,0,,,,,198,711,,,,,MRPL12___KHSRP_unrelaxed_rank_001_alphafold2_multimer_v3_model_1_seed_000.pdb
MRPL12___KHSRP,2,2,A,B,0.0000,0.0,0.0,0.0000,0.1265,0.0000,0.0000,0.0,0.0,0.1400,47.3,47.2,0.210,0,0,0,0,,,,,198,711,,,,,MRPL12___KHSRP_unrelaxed_rank_002_alphafold2_multimer_v3_model_2_seed_000.pdb
MRPL12___KHSRP,3,4,A,B,0.0000,0.0,0.0,0.0000,0.1346,0.0000,0.0000,0.0,0.0,0.1400,44.8,43.8,0.200,0,0,0,0,,,,,198,711,,,,,MRPL12___KHSRP_unrelaxed_rank_003_alphafold2_multimer_v3_model_4_seed_000.pdb
MRPL12___KHSRP,4,5,A,B,0.0000,0.0,0.0,0.0000,0.1017,0.0000,0.0000,0.0,0.0,0.1300,44.7,47.0,0.200,0,0,0,0,,,,,198,711,,,,,MRPL12___KHSRP_unrelaxed_rank_004_alphafold2_multimer_v3_model_5_seed_000.pdb
MRPL12___KHSRP,5,3,A,B,0.0000,0.0,0.0,0.0000,0.1028,0.0000,0.0000,0.0,0.0,0.1200,45.6,44.8,0.200,0,0,0,0,,,,,198,711,,,,,MRPL12___KHSRP_unrelaxed_rank_005_alphafold2_multimer_v3_model_3_seed_000.pdb
MRPL12___NONO,1,3,A,B,0.0000,0.0,0.0,0.0000,0.1001,0.0000,0.0000,0.0,0.0,0.1200,44.6,66.3,0.420,0,0,0,0,,,,,198,471,,,,,MRPL12___NONO_unrelaxed_rank_001_alphafold2_multimer_v3_model_3_seed_000.pdb
MRPL12___NONO,2,4,A,B,0.0000,0.0,0.0,0.0000,0.1091,0.0000,0.0000,0.0,0.0,0.1100,42.8,64.6,0.400,0,0,0,0,,,,,198,471,,,,,MRPL12___NONO_unrelaxed_rank_002_alphafold2_multimer_v3_model_4_seed_000.pdb
MRPL12___NONO,3,1,A,B,0.0000,0.0,0.0,0.0000,0.1024,0.0000,0.0000,0.0,0.0,0.1100,43.1,67.0,0.410,0,0,0,0,,,,,198,471,,,,,MRPL12___NONO_unrelaxed_rank_003_alphafold2_multimer_v3_model_1_seed_000.pdb
MRPL12___NONO,4,2,A,B,0.0000,0.0,0.0,0.0000,0.1089,0.0000,0.0000,0.0,0.0,0.1100,47.6,65.2,0.400,0,0,0,0,,,,,198,471,,,,,MRPL12___NONO_unrelaxed_rank_004_alphafold2_multimer_v3_model_2_seed_000.pdb
MRPL12___NONO,5,5,A,B,0.0000,0.0,0.0,0.0000,0.0000,0.0000,0.0000,0.0,0.0,0.1000,42.6,65.9,0.420,0,0,0,0,,,,,198,471,,,,,MRPL12___NONO_unrelaxed_rank_005_alphafold2_multimer_v3_model_5_seed_000.pdb
MRPL12___PTBP1,1,1,A,B,0.0000,0.0,0.0,0.0000,0.2223,0.0000,0.0000,0.0,0.0,0.1600,36.9,67.0,0.340,0,0,0,0,,,,,198,557,,,,,MRPL12___PTBP1_unrelaxed_rank_001_alphafold2_multimer_v3_model_1_seed_000.pdb
MRPL12___PTBP1,2,2,A,B,0.0000,0.0,0.0,0.0000,0.2263,0.0000,0.0000,0.0,0.0,0.1500,42.5,68.8,0.330,0,0,0,0,,,,,198,557,,,,,MRPL12___PTBP1_unrelaxed_rank_002_alphafold2_multimer_v3_model_2_seed_000.pdb
MRPL12___PTBP1,3,4,A,B,0.0000,0.0,0.0,0.0000,0.2786,0.0000,0.0000,0.0,0.0,0.1400,41.8,67.3,0.330,0,0,0,0,,,,,198,557,,,,,MRPL12___PTBP1_unrelaxed_rank_003_alphafold2_multimer_v3_model_4_seed_000.pdb
MRPL12___PTBP1,4,5,A,B,0.0000,0.0,0.0,0.0000,0.1290,0.0000,0.0000,0.0,0.0,0.1300,40.3,68.8,0.330,0,0,0,0,,,,,198,557,,,,,MRPL12___PTBP1_unrelaxed_rank_004_alphafold2_multimer_v3_model_5_seed_000.pdb
MRPL12___PTBP1,5,3,A,B,0.0000,0.0,0.0,0.0000,0.1430,0.0000,0.0000,0.0,0.0,0.1200,40.4,66.9,0.330,0,0,0,0,,,,,198,557,,,,,MRPL12___PTBP1_unrelaxed_rank_005_alphafold2_multimer_v3_model_3_seed_000.pdb
MRPL12___RBM4,1,4,A,B,0.0000,0.0,0.0,0.0000,0.0976,0.0000,0.0000,0.0,0.0,0.1000,51.4,50.0,0.240,0,0,0,0,,,,,198,364,,,,,MRPL12___RBM4_unrelaxed_rank_001_alphafold2_multimer_v3_model_4_seed_000.pdb
MRPL12___RBM4,2,1,A,B,0.0000,0.0,0.0,0.0000,0.0917,0.0000,0.0000,0.0,0.0,0.1000,47.7,49.7,0.240,0,0,0,0,,,,,198,364,,,,,MRPL12___RBM4_unrelaxed_rank_002_alphafold2_multimer_v3_model_1_seed_000.pdb
MRPL12___RBM4,3,2,A,B,0.0000,0.0,0.0,0.0000,0.0975,0.0000,0.0000,0.0,0.0,0.1000,50.7,48.5,0.240,0,0,0,0,,,,,198,364,,,,,MRPL12___RBM4_unrelaxed_rank_003_alphafold2_multimer_v3_model_2_seed_000.pdb
MRPL12___RBM4,4,3,A,B,0.0000,0.0,0.0,0.0000,0.1075,0.0000,0.0000,0.0,0.0,0.1000,48.7,47.3,0.230,0,0,0,0,,,,,198,364,,,,,MRPL12___RBM4_unrelaxed_rank_004_alphafold2_multimer_v3_model_3_seed_000.pdb
MRPL12___RBM4,5,5,A,B,0.0000,0.0,0.0,0.0000,0.0000,0.0000,0.0000,0.0,0.0,0.0900,48.8,49.2,0.240,0,0,0,0,,,,,198,364,,,,,MRPL12___RBM4_unrelaxed_rank_005_alphafold2_multimer_v3_model_5_seed_000.pdb
NASP___CDC37,1,2,A,B,0.3655,1094.8,400.2,0.2001,0.9415,0.3056,0.4372,8266.0,145.0,0.4100,39.6,67.9,0.390,249,157,39,37,85.4,80.7,75.8,72.2,788,378,"[39-104,142-151,512-628,630-685]","[1-16,28-29,31-33,36,144,146-279]","[48,51-52,54-55,67,100,103,143,147,517,520,550,553,581,585,588-589,592,638,641,644-645,648,662,665-667,669-675,677-678,681-682]","[1-2,4,6-7,9-10,12-13,15,28,32,187,189-192,217-218,221-222,225-226,233,236-237,240-241,244,247-248,250-252,254-255,258]",NASP___CDC37_unrelaxed_rank_001_alphafold2_multimer_v3_model_2_seed_000.pdb
NASP___CDC37,2,4,A,B,0.2732,1167.5,318.9,0.1589,0.8714,0.2319,0.3219,8311.0,164.0,0.3900,39.3,64.8,0.370,250,152,38,42,84.0,80.1,70.3,76.7,788,378,"[39-103,136-152,513-627,633-685]","[1-13,145,147-284]","[48,51,54-55,143-144,146-147,149-151,550,553,581,585,588-589,592,641,645,659,662-663,665-675,677-678,681-682]","[2,4,6-7,9-10,12,145,188,191-192,194-195,217-218,221-222,225-226,228,233,235-237,239-241,244,247-248,251-252,254-255,258-259,262-263,265-266,269-270]",NASP___CDC37_unrelaxed_rank_002_alphafold2_multimer_v3_model_4_seed_000.pdb
NASP___CDC37,3,1,A,B,0.3161,822.5,260.0,0.1125,0.9053,0.2555,0.3910,5987.0,113.0,0.3600,38.8,64.5,0.370,235,138,29,26,86.3,78.6,71.2,68.5,788,378,"[39-104,513-627,631-684]","[1-14,148-271]","[55,100,550,581-582,584-585,588,638,641,644-645,655,659,662-663,665-667,669-675,677-678,682]","[1,4,6-7,9-10,12,217-218,221-222,225-226,233,236-237,239-241,244,247-248,251-252,254-255]",NASP___CDC37_unrelaxed_rank_003_alphafold2_multimer_v3_model_1_seed_000.pdb
NASP___CDC37,4,5,A,B,0.0851,790.1,67.3,0.0142,0.6006,0.0728,0.0996,7344.0,85.0,0.3400,39.3,64.9,0.380,228,128,26,26,85.4,83.0,58.9,79.2,788,378,"[40-78,81-110,142-152,514-532,534-576,578,580-622,635-676]","[146,148-243,246-276]","[103-106,110,143,146-147,149,592,596,598,651,655,658-659,661-663,665-667,669-670,673-674]","[161,164-167,170-171,176,179-180,191-192,195,222,225-226,228,231-233,235-236,240,248,262,266]",NASP___CDC37_unrelaxed_rank_004_alphafold2_multimer_v3_model_5_seed_000.pdb
NASP___CDC37,5,3,A,B,0.1834,448.0,82.2,0.1535,0.8593,0.1915,0.1757,3461.0,58.0,0.3200,38.3,63.7,0.360,226,138,22,17,86.3,77.5,76.3,67.8,788,378,"[39-105,142-152,513-628,630-661]","[1-14,16,29,33,152-168,170-242,247-277]","[48,51-52,54-55,100,143-144,146-147,149-151,550,553,585,588-589,592,641,644-645]","[1-2,4,6-7,10,12-13,188,191-192,195,217,259,262-263,266]",NASP___CDC37_unrelaxed_rank_005_alphafold2_multimer_v3_model_3_seed_000.pdb
NASP___DHX15,1,1,A,B,0.0131,8.9,0.1,0.0000,0.5673,0.0119,0.0144,16.0,5.0,0.3200,35.7,77.2,0.470,4,11,3,5,40.5,84.5,40.5,77.7,788,795,"[128-130,147]","[323,448-449,503,516,531-533,545,558,561]","[128,130,147]","[448-449,503,532-533]",NASP___DHX15_unrelaxed_rank_001_alphafold2_multimer_v3_model_1_seed_000.pdb
NASP___DHX15,2,3,A,B,0.0000,0.0,0.0,0.0000,0.2943,0.0000,0.0000,0.0,0.0,0.2600,35.8,78.5,0.480,0,0,0,0,,,,,788,795,,,,,NASP___DHX15_unrelaxed_rank_002_alphafold2_multimer_v3_model_3_seed_000.pdb
NASP___DHX15,3,4,A,B,0.0000,0.0,0.0,0.0000,0.3039,0.0000,0.0000,0.0,0.0,0.2400,35.2,77.7,0.480,0,0,0,0,,,,,788,795,,,,,NASP___DHX15_unrelaxed_rank_003_alphafold2_multimer_v3_model_4_seed_000.pdb
NASP___DHX15,4,5,A,B,0.0000,0.0,0.0,0.0000,0.2195,0.0000,0.0000,0.0,0.0,0.2100,35.5,78.8,0.480,0,0,0,0,,,,,788,795,,,,,NASP___DHX15_unrelaxed_rank_004_alphafold2_multimer_v3_model_5_seed_000.pdb
NASP___DHX15,5,2,A,B,0.0000,0.0,0.0,0.0000,0.2332,0.0000,0.0000,0.0,0.0,0.2100,35.7,78.9,0.470,0,0,0,0,,,,,788,795,,,,,NASP___DHX15_unrelaxed_rank_005_alphafold2_multimer_v3_model_2_seed_000.pdb
NASP___SAFB,1,5,A,B,0.3185,338.1,107.7,0.1569,0.8803,0.2597,0.3907,2659.0,43.0,0.3200,39.8,31.6,0.300,214,12,16,8,93.3,49.5,93.4,52.7,788,915,"[39-103,513-628,630-662]",[904-915],"[539,550,553,581-582,584-585,588-589,592,638,641-642,644-645,648]","[905,907-908,910-913,915]",NASP___SAFB_unrelaxed_rank_001_alphafold2_multimer_v3_model_5_seed_000.pdb
NASP___SAFB,2,2,A,B,0.2400,589.0,141.3,0.0786,0.9655,0.1928,0.2987,4447.0,78.0,0.3100,40.4,33.5,0.310,233,111,30,23,89.7,69.9,78.1,55.4,788,915,"[39-103,105,135-152,512-627,632-663,665]","[404-487,602-616,619,905-915]","[67,70-71,74,79,100,139-140,143-148,150-151,512,517,520,581-582,584-585,588,592,596,641,644-645,648]","[409,436,438,440,449,451,482,485-486,602-606,608-609,908,910-915]",NASP___SAFB_unrelaxed_rank_002_alphafold2_multimer_v3_model_2_seed_000.pdb
NASP___SAFB,3,1,A,B,0.0445,113.6,5.1,0.0114,0.6128,0.0422,0.0470,806.0,16.0,0.2600,38.9,32.0,0.300,169,21,11,10,92.0,52.3,85.8,46.3,788,915,"[40-47,49-56,58-102,146-148,150,514-532,534-556,558-576,578-579,582-584,586-587,589-592,594-596,598-600,602-621,639,644-646,650,653]","[409,437-439,450,465,601-613,914-915]","[67,70-71,74,79-80,150,517,520,524,645]","[438,602-606,608-609,612,915]",NASP___SAFB_unrelaxed_rank_003_alphafold2_multimer_v3_model_1_seed_000.pdb
NASP___SAFB,4,4,A,B,0.1393,387.5,54.0,0.0180,0.6949,0.1228,0.1582,1532.0,98.0,0.2600,39.9,29.6,0.300,222,82,20,26,87.4,73.7,62.9,67.5,788,915,"[40-48,50-74,76-77,80-102,104-114,132,135-149,151,514-532,534-567,569-624,626,634-658]","[406-443,446-483,485,911-915]","[104-113,143-144,146-147,581-582,584-585,588,641]","[413-420,423,433-440,446,448-451,482,913-915]",NASP___SAFB_unrelaxed_rank_004_alphafold2_multimer_v3_model_4_seed_000.pdb
NASP___SAFB,5,3,A,B,0.1287,218.4,28.1,0.0190,0.7528,0.1150,0.1440,1084.0,44.0,0.2400,39.0,30.5,0.300,215,56,18,16,89.8,68.3,73.3,55.5,788,915,"[39-102,104-111,514-627,633-661]","[407-427,431-442,448-455,460,473,475-480,909-915]","[100,105-110,550,553,581-582,584-585,588-589,592,645,648]","[419,436-441,449-451,910-915]",NASP___SAFB_unrelaxed_rank_005_alphafold2_multimer_v3_model_3_seed_000.pdb
NASP___SET,1,1,A,B,0.0000,0.0,0.0,0.0000,0.1824,0.0000,0.0000,0.0,0.0,0.1800,39.4,63.1,0.330,0,0,0,0,,,,,788,290,,,,,NASP___SET_unrelaxed_rank_001_alphafold2_multimer_v3_model_1_seed_000.pdb
NASP___SET,2,3,A,B,0.0000,0.0,0.0,0.0000,0.1835,0.0000,0.0000,0.0,0.0,0.1600,38.8,63.6,0.330,0,0,0,0,,,,,788,290,,,,,NASP___SET_unrelaxed_rank_002_alphafold2_multimer_v3_model_3_seed_000.pdb
NASP___SET,3,4,A,B,0.0000,0.0,0.0,0.0000,0.1640,0.0000,0.0000,0.0,0.0,0.1600,38.8,63.1,0.320,0,0,0,0,,,,,788,290,,,,,NASP___SET_unrelaxed_rank_003_alphafold2_multimer_v3_model_4_seed_000.pdb
NASP___SET,4,2,A,B,0.0000,0.0,0.0,0.0000,0.1371,0.0000,0.0000,0.0,0.0,0.1500,40.1,65.8,0.330,0,0,0,0,,,,,788,290,,,,,NASP___SET_unrelaxed_rank_004_alphafold2_multimer_v3_model_2_seed_000.pdb
NASP___SET,5,5,A,B,0.0000,0.0,0.0,0.0000,0.0000,0.0000,0.0000,0.0,0.0,0.1300,39.4,64.7,0.320,0,0,0,0,,,,,788,290,,,,,NASP___SET_unrelaxed_rank_005_alphafold2_multimer_v3_model_5_seed_000.pdb
NCL___PCCA,1,1,A,B,0.0000,0.0,0.0,0.0000,0.1883,0.0000,0.0000,0.0,0.0,0.1800,38.6,83.5,0.510,0,0,0,0,,,,,710,728,,,,,NCL___PCCA_unrelaxed_rank_001_alphafold2_multimer_v3_model_1_seed_000.pdb
NCL___PCCA,2,4,A,B,0.0000,0.0,0.0,0.0000,0.2016,0.0000,0.0000,0.0,0.0,0.1800,38.3,81.6,0.500,0,0,0,0,,,,,710,728,,,,,NCL___PCCA_unrelaxed_rank_002_alphafold2_multimer_v3_model_4_seed_000.pdb
NCL___PCCA,3,3,A,B,0.0000,0.0,0.0,0.0000,0.2210,0.0000,0.0000,0.0,0.0,0.1800,39.2,83.5,0.510,0,0,0,0,,,,,710,728,,,,,NCL___PCCA_unrelaxed_rank_003_alphafold2_multimer_v3_model_3_seed_000.pdb
NCL___PCCA,4,2,A,B,0.0000,0.0,0.0,0.0000,0.1766,0.0000,0.0000,0.0,0.0,0.1700,39.1,83.9,0.500,0,0,0,0,,,,,710,728,,,,,NCL___PCCA_unrelaxed_rank_004_alphafold2_multimer_v3_model_2_seed_000.pdb
NCL___PCCA,5,5,A,B,0.0000,0.0,0.0,0.0000,0.1900,0.0000,0.0000,0.0,0.0,0.1700,39.5,82.8,0.500,0,0,0,0,,,,,710,728,,,,,NCL___PCCA_unrelaxed_rank_005_alphafold2_multimer_v3_model_5_seed_000.pdb
NCL___PSPC1,1,2,A,B,0.0000,0.0,0.0,0.0000,0.1428,0.0000,0.0000,0.0,0.0,0.1600,43.6,59.7,0.310,0,0,0,0,,,,,710,523,,,,,NCL___PSPC1_unrelaxed_rank_001_alphafold2_multimer_v3_model_2_seed_000.pdb
NCL___PSPC1,2,1,A,B,0.0000,0.0,0.0,0.0000,0.1472,0.0000,0.0000,0.0,0.0,0.1500,42.5,59.9,0.310,0,0,0,0,,,,,710,523,,,,,NCL___PSPC1_unrelaxed_rank_002_alphafold2_multimer_v3_model_1_seed_000.pdb
NCL___PSPC1,3,3,A,B,0.0000,0.0,0.0,0.0000,0.1479,0.0000,0.0000,0.0,0.0,0.1500,42.1,58.7,0.310,0,0,0,0,,,,,710,523,,,,,NCL___PSPC1_unrelaxed_rank_003_alphafold2_multimer_v3_model_3_seed_000.pdb
NCL___PSPC1,4,5,A,B,0.0000,0.0,0.0,0.0000,0.1299,0.0000,0.0000,0.0,0.0,0.1400,43.7,59.6,0.320,0,0,0,0,,,,,710,523,,,,,NCL___PSPC1_unrelaxed_rank_004_alphafold2_multimer_v3_model_5_seed_000.pdb
NCL___PSPC1,5,4,A,B,0.0000,0.0,0.0,0.0000,0.1458,0.0000,0.0000,0.0,0.0,0.1400,42.2,57.6,0.300,0,0,0,0,,,,,710,523,,,,,NCL___PSPC1_unrelaxed_rank_005_alphafold2_multimer_v3_model_4_seed_000.pdb
NCL___STIP1,1,2,A,B,0.0067,2.4,0.0,0.0000,0.4336,0.0106,0.0042,6.0,1.0,0.2100,42.3,84.5,0.330,2,5,1,1,26.4,95.3,28.5,96.3,710,543,[211-212],"[372-373,376,453,456]",[211],[372],NCL___STIP1_unrelaxed_rank_001_alphafold2_multimer_v3_model_2_seed_000.pdb
NCL___STIP1,2,5,A,B,0.0000,0.0,0.0,0.0000,0.3598,0.0000,0.0000,0.0,0.0,0.2000,42.2,82.1,0.320,0,0,0,0,,,,,710,543,,,,,NCL___STIP1_unrelaxed_rank_002_alphafold2_multimer_v3_model_5_seed_000.pdb
NCL___STIP1,3,1,A,B,0.0000,0.0,0.0,0.0000,0.1850,0.0000,0.0000,0.0,0.0,0.1600,41.9,80.8,0.310,0,0,0,0,,,,,710,543,,,,,NCL___STIP1_unrelaxed_rank_003_alphafold2_multimer_v3_model_1_seed_000.pdb
NCL___STIP1,4,4,A,B,0.0000,0.0,0.0,0.0000,0.1426,0.0000,0.0000,0.0,0.0,0.1500,41.3,80.1,0.310,0,0,0,0,,,,,710,543,,,,,NCL___STIP1_unrelaxed_rank_004_alphafold2_multimer_v3_model_4_seed_000.pdb
NCL___STIP1,5,3,A,B,0.0000,0.0,0.0,0.0000,0.1405,0.0000,0.0000,0.0,0.0,0.1500,41.7,80.8,0.310,0,0,0,0,,,,,710,543,,,,,NCL___STIP1_unrelaxed_rank_005_alphafold2_multimer_v3_model_3_seed_000.pdb
PCBP2___CIZ1,1,4,A,B,0.0000,0.0,0.0,0.0000,0.3061,0.0000,0.0000,0.0,0.0,0.2100,54.8,24.6,0.270,0,0,0,0,,,,,365,898,,,,,PCBP2___CIZ1_unrelaxed_rank_001_alphafold2_multimer_v3_model_4_seed_000.pdb
PCBP2___CIZ1,2,2,A,B,0.0000,0.0,0.0,0.0000,0.2740,0.0000,0.0000,0.0,0.0,0.2000,60.4,27.5,0.260,0,0,0,0,,,,,365,898,,,,,PCBP2___CIZ1_unrelaxed_rank_002_alphafold2_multimer_v3_model_2_seed_000.pdb
PCBP2___CIZ1,3,1,A,B,0.0000,0.0,0.0,0.0000,0.2603,0.0000,0.0000,0.0,0.0,0.1900,53.3,26.4,0.260,0,0,0,0,,,,,365,898,,,,,PCBP2___CIZ1_unrelaxed_rank_003_alphafold2_multimer_v3_model_1_seed_000.pdb
PCBP2___CIZ1,4,3,A,B,0.0000,0.0,0.0,0.0000,0.2905,0.0000,0.0000,0.0,0.0,0.1900,55.0,25.6,0.270,0,0,0,0,,,,,365,898,,,,,PCBP2___CIZ1_unrelaxed_rank_004_alphafold2_multimer_v3_model_3_seed_000.pdb
PCBP2___CIZ1,5,5,A,B,0.0000,0.0,0.0,0.0000,0.2170,0.0000,0.0000,0.0,0.0,0.1800,59.7,26.3,0.260,0,0,0,0,,,,,365,898,,,,,PCBP2___CIZ1_unrelaxed_rank_005_alphafold2_multimer_v3_model_5_seed_000.pdb
PCBP2___EDC3,1,1,A,B,0.0000,0.0,0.0,0.0000,0.2442,0.0000,0.0000,0.0,0.0,0.2200,56.4,61.7,0.400,0,0,0,0,,,,,365,508,,,,,PCBP2___EDC3_unrelaxed_rank_001_alphafold2_multimer_v3_model_1_seed_000.pdb
PCBP2___EDC3,2,2,A,B,0.0000,0.0,0.0,0.0000,0.1903,0.0000,0.0000,0.0,0.0,0.1800,59.0,61.3,0.390,0,0,0,0,,,,,365,508,,,,,PCBP2___EDC3_unrelaxed_rank_002_alphafold2_multimer_v3_model_2_seed_000.pdb
PCBP2___EDC3,3,4,A,B,0.0000,0.0,0.0,0.0000,0.1775,0.0000,0.0000,0.0,0.0,0.1700,54.7,60.3,0.380,0,0,0,0,,,,,365,508,,,,,PCBP2___EDC3_unrelaxed_rank_003_alphafold2_multimer_v3_model_4_seed_000.pdb
PCBP2___EDC3,4,3,A,B,0.0000,0.0,0.0,0.0000,0.1356,0.0000,0.0000,0.0,0.0,0.1400,57.7,60.6,0.370,0,0,0,0,,,,,365,508,,,,,PCBP2___EDC3_unrelaxed_rank_004_alphafold2_multimer_v3_model_3_seed_000.pdb
PCBP2___EDC3,5,5,A,B,0.0000,0.0,0.0,0.0000,0.1267,0.0000,0.0000,0.0,0.0,0.1300,59.5,61.1,0.370,0,0,0,0,,,,,365,508,,,,,PCBP2___EDC3_unrelaxed_rank_005_alphafold2_multimer_v3_model_5_seed_000.pdb
PCBP2___GFP,1,1,A,B,0.0000,0.0,0.0,0.0000,0.1860,0.0000,0.0000,0.0,0.0,0.1700,52.7,86.3,0.470,0,0,0,0,,,,,365,238,,,,,PCBP2___GFP_unrelaxed_rank_001_alphafold2_multimer_v3_model_1_seed_000.pdb
PCBP2___GFP,2,5,A,B,0.0000,0.0,0.0,0.0000,0.1270,0.0000,0.0000,0.0,0.0,0.1700,58.4,88.3,0.430,0,0,0,0,,,,,365,238,,,,,PCBP2___GFP_unrelaxed_rank_002_alphafold2_multimer_v3_model_5_seed_000.pdb
PCBP2___GFP,3,2,A,B,0.0000,0.0,0.0,0.0000,0.1549,0.0052,0.0000,7.0,0.0,0.1600,55.4,87.6,0.460,1,7,0,0,87.8,88.8,,,365,238,[102],"[42,99,152,171,177,179,219]",,,PCBP2___GFP_unrelaxed_rank_003_alphafold2_multimer_v3_model_2_seed_000.pdb
PCBP2___GFP,4,3,A,B,0.0000,0.0,0.0,0.0000,0.1341,0.0000,0.0000,0.0,0.0,0.1700,58.5,86.3,0.440,0,0,0,0,,,,,365,238,,,,,PCBP2___GFP_unrelaxed_rank_004_alphafold2_multimer_v3_model_3_seed_000.pdb
PCBP2___GFP,5,4,A,B,0.0000,0.0,0.0,0.0000,0.1535,0.0000,0.0000,0.0,0.0,0.1500,57.1,86.8,0.460,0,0,0,0,,,,,365,238,,,,,PCBP2___GFP_unrelaxed_rank_005_alphafold2_multimer_v3_model_4_seed_000.pdb
PCBP2___HMGB1,1,4,A,B,0.0000,0.0,0.0,0.0000,0.0974,0.0000,0.0000,0.0,0.0,0.1100,61.6,64.4,0.350,0,0,0,0,,,,,365,215,,,,,PCBP2___HMGB1_unrelaxed_rank_001_alphafold2_multimer_v3_model_4_seed_000.pdb
PCBP2___HMGB1,2,1,A,B,0.0000,0.0,0.0,0.0000,0.0919,0.0000,0.0000,0.0,0.0,0.1000,60.8,63.7,0.340,0,0,0,0,,,,,365,215,,,,,PCBP2___HMGB1_unrelaxed_rank_002_alphafold2_multimer_v3_model_1_seed_000.pdb
PCBP2___HMGB1,3,3,A,B,0.0000,0.0,0.0,0.0000,0.0970,0.0000,0.0000,0.0,0.0,0.1000,59.3,63.9,0.340,0,0,0,0,,,,,365,215,,,,,PCBP2___HMGB1_unrelaxed_rank_003_alphafold2_multimer_v3_model_3_seed_000.pdb
PCBP2___HMGB1,4,2,A,B,0.0000,0.0,0.0,0.0000,0.0861,0.0000,0.0000,0.0,0.0,0.1000,61.9,64.4,0.340,0,0,0,0,,,,,365,215,,,,,PCBP2___HMGB1_unrelaxed_rank_004_alphafold2_multimer_v3_model_2_seed_000.pdb
PCBP2___HMGB1,5,5,A,B,0.0000,0.0,0.0,0.0000,0.0933,0.0000,0.0000,0.0,0.0,0.1000,61.9,64.5,0.350,0,0,0,0,,,,,365,215,,,,,PCBP2___HMGB1_unrelaxed_rank_005_alphafold2_multimer_v3_model_5_seed_000.pdb
PCBP2___ZBTB33,1,5,A,B,0.0000,0.0,0.0,0.0000,0.2559,0.0000,0.0000,0.0,0.0,0.2200,56.1,38.6,0.280,0,0,0,0,,,,,365,672,,,,,PCBP2___ZBTB33_unrelaxed_rank_001_alphafold2_multimer_v3_model_5_seed_000.pdb
PCBP2___ZBTB33,2,4,A,B,0.0000,0.0,0.0,0.0000,0.1891,0.0000,0.0000,0.0,0.0,0.1900,53.9,36.3,0.280,0,0,0,0,,,,,365,672,,,,,PCBP2___ZBTB33_unrelaxed_rank_002_alphafold2_multimer_v3_model_4_seed_000.pdb
PCBP2___ZBTB33,3,1,A,B,0.0000,0.0,0.0,0.0000,0.1884,0.0000,0.0000,0.0,0.0,0.1800,51.8,35.1,0.280,0,0,0,0,,,,,365,672,,,,,PCBP2___ZBTB33_unrelaxed_rank_003_alphafold2_multimer_v3_model_1_seed_000.pdb
PCBP2___ZBTB33,4,3,A,B,0.0000,0.0,0.0,0.0000,0.1875,0.0000,0.0000,0.0,0.0,0.1800,55.6,36.6,0.280,0,0,0,0,,,,,365,672,,,,,PCBP2___ZBTB33_unrelaxed_rank_004_alphafold2_multimer_v3_model_3_seed_000.pdb
PCBP2___ZBTB33,5,2,A,B,0.0000,0.0,0.0,0.0000,0.1704,0.0000,0.0000,0.0,0.0,0.1700,58.9,36.5,0.280,0,0,0,0,,,,,365,672,,,,,PCBP2___ZBTB33_unrelaxed_rank_005_alphafold2_multimer_v3_model_2_seed_000.pdb
PCCA___DNAJA1,1,3,A,B,0.0000,0.0,0.0,0.0000,0.3339,0.0000,0.0000,0.0,0.0,0.3000,82.0,69.8,0.610,0,0,0,0,,,,,728,397,,,,,PCCA___DNAJA1_unrelaxed_rank_001_alphafold2_multimer_v3_model_3_seed_000.pdb
PCCA___DNAJA1,2,5,A,B,0.0000,0.0,0.0,0.0000,0.2201,0.0000,0.0000,0.0,0.0,0.1900,82.0,68.1,0.590,0,0,0,0,,,,,728,397,,,,,PCCA___DNAJA1_unrelaxed_rank_002_alphafold2_multimer_v3_model_5_seed_000.pdb
PCCA___DNAJA1,3,2,A,B,0.0000,0.0,0.0,0.0000,0.1926,0.0000,0.0000,0.0,0.0,0.1900,83.1,67.8,0.590,0,0,0,0,,,,,728,397,,,,,PCCA___DNAJA1_unrelaxed_rank_003_alphafold2_multimer_v3_model_2_seed_000.pdb
PCCA___DNAJA1,4,4,A,B,0.0000,0.0,0.0,0.0000,0.1972,0.0000,0.0000,0.0,0.0,0.1700,81.3,62.5,0.580,0,0,0,0,,,,,728,397,,,,,PCCA___DNAJA1_unrelaxed_rank_004_alphafold2_multimer_v3_model_4_seed_000.pdb
PCCA___DNAJA1,5,1,A,B,0.0000,0.0,0.0,0.0000,0.1564,0.0000,0.0000,0.0,0.0,0.1700,82.7,62.9,0.590,0,0,0,0,,,,,728,397,,,,,PCCA___DNAJA1_unrelaxed_rank_005_alphafold2_multimer_v3_model_1_seed_000.pdb
PDK1___CHERP,1,1,A,B,0.0496,113.3,5.6,0.0119,0.5977,0.0436,0.0563,713.0,18.0,0.4300,76.7,45.8,0.400,219,14,14,9,90.8,35.6,86.7,35.8,436,916,"[54,56-58,60,62,73-75,77,79-80,82-89,91-92,104-122,124,134-164,176-178,180-197,199-202,216-232,234-251,253,262-291,299-300,302-307,310-314,316-317,319,323-324,332-334,355,357-371,373-379,381,383-390,392,397]","[881-885,888,890,892,894-899]","[150-151,153-154,218,227-228,231,239,270-271,274-275,278]","[882-885,892,894-895,897-898]",PDK1___CHERP_unrelaxed_rank_001_alphafold2_multimer_v3_model_1_seed_000.pdb
PDK1___CHERP,2,4,A,B,0.0000,0.0,0.0,0.0000,0.4758,0.0142,0.0000,13.0,0.0,0.3400,76.0,45.9,0.390,11,3,0,0,94.6,42.8,,,436,916,"[183,226-227,250,272,287,303,305,315,372,376]","[901-902,905]",,,PDK1___CHERP_unrelaxed_rank_002_alphafold2_multimer_v3_model_4_seed_000.pdb
PDK1___CHERP,3,2,A,B,0.0101,11.8,0.1,0.0000,0.4994,0.0094,0.0108,35.0,4.0,0.3200,78.7,45.2,0.400,27,5,3,3,94.0,39.9,91.9,38.8,436,916,"[137,224,227,230-231,235-236,238,249,251,271,274-277,282,285,300,302-306,314,373,384,387]",[898-902],"[271,274-275]","[898,901-902]",PDK1___CHERP_unrelaxed_rank_003_alphafold2_multimer_v3_model_2_seed_000.pdb
PDK1___CHERP,4,5,A,B,0.0000,0.0,0.0,0.0000,0.3720,0.0000,0.0000,0.0,0.0,0.2600,76.6,45.7,0.380,0,0,0,0,,,,,436,916,,,,,PDK1___CHERP_unrelaxed_rank_004_alphafold2_multimer_v3_model_5_seed_000.pdb
PDK1___CHERP,5,3,A,B,0.0000,0.0,0.0,0.0000,0.4259,0.0000,0.0000,0.0,0.0,0.2600,75.8,45.5,0.380,0,0,0,0,,,,,436,916,,,,,PDK1___CHERP_unrelaxed_rank_005_alphafold2_multimer_v3_model_3_seed_000.pdb
PRMT1___CCNT1,1,2,A,B,0.0000,0.0,0.0,0.0000,0.3545,0.0000,0.0000,0.0,0.0,0.2000,84.3,43.2,0.380,0,0,0,0,,,,,371,726,,,,,PRMT1___CCNT1_unrelaxed_rank_001_alphafold2_multimer_v3_model_2_seed_000.pdb
PRMT1___CCNT1,2,1,A,B,0.0000,0.0,0.0,0.0000,0.2774,0.0000,0.0000,0.0,0.0,0.1900,82.3,41.0,0.380,0,0,0,0,,,,,371,726,,,,,PRMT1___CCNT1_unrelaxed_rank_002_alphafold2_multimer_v3_model_1_seed_000.pdb
PRMT1___CCNT1,3,3,A,B,0.0000,0.0,0.0,0.0000,0.2098,0.0000,0.0000,0.0,0.0,0.1800,81.7,41.3,0.390,0,0,0,0,,,,,371,726,,,,,PRMT1___CCNT1_unrelaxed_rank_003_alphafold2_multimer_v3_model_3_seed_000.pdb
PRMT1___CCNT1,4,4,A,B,0.0000,0.0,0.0,0.0000,0.2438,0.0000,0.0000,0.0,0.0,0.1700,80.2,40.0,0.370,0,0,0,0,,,,,371,726,,,,,PRMT1___CCNT1_unrelaxed_rank_004_alphafold2_multimer_v3_model_4_seed_000.pdb
PRMT1___CCNT1,5,5,A,B,0.0000,0.0,0.0,0.0000,0.1991,0.0000,0.0000,0.0,0.0,0.1600,82.7,41.5,0.380,0,0,0,0,,,,,371,726,,,,,PRMT1___CCNT1_unrelaxed_rank_005_alphafold2_multimer_v3_model_5_seed_000.pdb
PRMT1___FUS,1,4,A,B,0.1655,353.2,58.5,0.0247,0.8205,0.1766,0.1551,2712.0,46.0,0.2700,82.4,27.0,0.430,321,10,23,9,91.6,38.8,84.1,39.6,371,526,[51-371],[517-526],"[56-57,59,62,164-166,170-171,208,234,236-241,311-313,316,370-371]",[518-526],PRMT1___FUS_unrelaxed_rank_001_alphafold2_multimer_v3_model_4_seed_000.pdb
PRMT1___FUS,2,1,A,B,0.0722,272.1,19.6,0.0145,0.5782,0.0735,0.0710,2116.0,35.0,0.2700,84.2,29.3,0.440,319,11,21,10,93.4,36.8,87.2,37.0,371,526,[53-371],[516-526],"[56-57,62,65-66,165-166,170-171,208,234,236-241,311-313,370]",[517-526],PRMT1___FUS_unrelaxed_rank_002_alphafold2_multimer_v3_model_1_seed_000.pdb
PRMT1___FUS,3,5,A,B,0.0256,67.8,1.7,0.0109,0.4463,0.0260,0.0251,574.0,8.0,0.2700,85.0,29.5,0.430,262,5,6,4,95.4,34.3,90.4,34.9,371,526,"[59-62,64-87,89-102,105-109,111,114,116-133,135-136,138-146,149,151,156,158-186,190-204,206,215-216,218,220,222-257,259-276,279-296,298-319,321-322,324-325,329-339,341-344,346-355,362-370]","[521,523-526]","[62,65,166,170,237,370]",[523-526],PRMT1___FUS_unrelaxed_rank_003_alphafold2_multimer_v3_model_5_seed_000.pdb
PRMT1___FUS,4,3,A,B,0.0924,270.8,25.0,0.0164,0.6430,0.0844,0.1010,2292.0,32.0,0.2500,83.5,28.4,0.440,321,9,20,9,92.9,35.0,86.1,35.0,371,526,[51-371],[518-526],"[53,56-57,62,65-66,165-166,170-171,236-241,311-313,370]",[518-526],PRMT1___FUS_unrelaxed_rank_004_alphafold2_multimer_v3_model_3_seed_000.pdb
PRMT1___FUS,5,2,A,B,0.0338,90.9,3.1,0.0113,0.4703,0.0255,0.0449,635.0,13.0,0.2500,85.4,29.2,0.440,259,7,10,4,95.2,33.7,92.4,34.2,371,526,"[55-56,58-80,82-88,90-92,94-109,111-112,114,116-133,135,138-139,141,143-148,150,155-170,172-178,180-181,183,185,189-191,193-202,204,206-211,213-220,222-244,246-247,249-273,279-282,284,286-295,298-305,307-323,325,331,333-354,365-371]",[520-526],"[65,165-166,237-239,311-313,315]",[523-526],PRMT1___FUS_unrelaxed_rank_005_alphafold2_multimer_v3_model_2_seed_000.pdb
PRMT1___SAFB,1,1,A,B,0.0000,0.0,0.0,0.0000,0.3845,0.0000,0.0000,0.0,0.0,0.2900,85.7,30.3,0.360,0,0,0,0,,,,,371,915,,,,,PRMT1___SAFB_unrelaxed_rank_001_alphafold2_multimer_v3_model_1_seed_000.pdb
PRMT1___SAFB,2,4,A,B,0.0000,0.0,0.0,0.0000,0.3070,0.0000,0.0000,0.0,0.0,0.2500,82.3,27.8,0.350,0,0,0,0,,,,,371,915,,,,,PRMT1___SAFB_unrelaxed_rank_002_alphafold2_multimer_v3_model_4_seed_000.pdb
PRMT1___SAFB,3,3,A,B,0.0000,0.0,0.0,0.0000,0.2576,0.0000,0.0000,0.0,0.0,0.2100,84.2,29.5,0.360,0,0,0,0,,,,,371,915,,,,,PRMT1___SAFB_unrelaxed_rank_003_alphafold2_multimer_v3_model_3_seed_000.pdb
PRMT1___SAFB,4,2,A,B,0.0000,0.0,0.0,0.0000,0.2237,0.0000,0.0000,0.0,0.0,0.2000,86.5,31.1,0.350,0,0,0,0,,,,,371,915,,,,,PRMT1___SAFB_unrelaxed_rank_004_alphafold2_multimer_v3_model_2_seed_000.pdb
PRMT1___SAFB,5,5,A,B,0.0000,0.0,0.0,0.0000,0.1832,0.0000,0.0000,0.0,0.0,0.1800,85.4,29.9,0.350,0,0,0,0,,,,,371,915,,,,,PRMT1___SAFB_unrelaxed_rank_005_alphafold2_multimer_v3_model_5_seed_000.pdb
PSPC1___FAM50A,1,2,A,B,0.0000,0.0,0.0,0.0000,0.0000,0.0000,0.0000,0.0,0.0,0.1300,59.6,61.5,0.350,0,0,0,0,,,,,523,339,,,,,PSPC1___FAM50A_unrelaxed_rank_001_alphafold2_multimer_v3_model_2_seed_000.pdb
PSPC1___FAM50A,2,1,A,B,0.0000,0.0,0.0,0.0000,0.1086,0.0000,0.0000,0.0,0.0,0.1300,60.7,59.5,0.360,0,0,0,0,,,,,523,339,,,,,PSPC1___FAM50A_unrelaxed_rank_002_alphafold2_multimer_v3_model_1_seed_000.pdb
PSPC1___FAM50A,3,5,A,B,0.0000,0.0,0.0,0.0000,0.0923,0.0000,0.0000,0.0,0.0,0.1200,58.5,56.5,0.360,0,0,0,0,,,,,523,339,,,,,PSPC1___FAM50A_unrelaxed_rank_003_alphafold2_multimer_v3_model_5_seed_000.pdb
PSPC1___FAM50A,4,4,A,B,0.0000,0.0,0.0,0.0000,0.1162,0.0000,0.0000,0.0,0.0,0.1100,58.5,53.6,0.350,0,0,0,0,,,,,523,339,,,,,PSPC1___FAM50A_unrelaxed_rank_004_alphafold2_multimer_v3_model_4_seed_000.pdb
PSPC1___FAM50A,5,3,A,B,0.0000,0.0,0.0,0.0000,0.1042,0.0000,0.0000,0.0,0.0,0.1100,58.8,54.4,0.360,0,0,0,0,,,,,523,339,,,,,PSPC1___FAM50A_unrelaxed_rank_005_alphafold2_multimer_v3_model_3_seed_000.pdb
PTBP3___CDC37,1,1,A,B,0.2495,384.3,95.9,0.0646,0.7874,0.2091,0.2978,1996.0,74.0,0.3300,61.3,64.1,0.300,21,137,15,25,43.6,85.2,44.3,84.3,552,378,[1-21],"[143-244,246-280]","[1-2,4-5,7-9,11-13,15,17-18,20-21]","[144-145,148,187-188,191-192,194-195,213,217-218,221-222,225,240,247-248,251,255,258-259,262-263,266]",PTBP3___CDC37_unrelaxed_rank_001_alphafold2_multimer_v3_model_1_seed_000.pdb
PTBP3___CDC37,2,2,A,B,0.2001,252.1,50.5,0.0209,0.7222,0.1648,0.2430,1550.0,41.0,0.3100,65.9,65.3,0.300,13,140,8,12,48.2,85.1,50.3,89.3,552,378,[1-13],"[143-243,246-284]","[2,4-5,7-9,11-12]","[148,187-188,191-192,195,217,258-259,262-263,266]",PTBP3___CDC37_unrelaxed_rank_002_alphafold2_multimer_v3_model_2_seed_000.pdb
PTBP3___CDC37,3,4,A,B,0.1725,184.4,31.8,0.0198,0.7127,0.1435,0.2073,1173.0,29.0,0.3100,62.5,63.9,0.290,11,135,5,10,46.7,82.3,50.1,88.0,552,378,[1-11],"[147-242,246-284]","[2,4-5,8-9]","[187-188,191-192,195,217,259,262-263,266]",PTBP3___CDC37_unrelaxed_rank_003_alphafold2_multimer_v3_model_4_seed_000.pdb
PTBP3___CDC37,4,5,A,B,0.1469,160.1,23.5,0.0177,0.6435,0.1211,0.1782,949.0,27.0,0.2800,63.0,63.8,0.300,11,131,4,10,42.6,83.3,49.0,88.8,552,378,[2-12],"[148-243,246-280]","[4-5,8-9]","[187-188,191-192,195,217,259,262-263,266]",PTBP3___CDC37_unrelaxed_rank_004_alphafold2_multimer_v3_model_5_seed_000.pdb
PTBP3___CDC37,5,3,A,B,0.0000,0.0,0.0,0.0000,0.1818,0.0000,0.0000,0.0,0.0,0.1400,60.6,65.2,0.290,0,0,0,0,,,,,552,378,,,,,PTBP3___CDC37_unrelaxed_rank_005_alphafold2_multimer_v3_model_3_seed_000.pdb
PTBP3___CSTB,1,3,A,B,0.0000,0.0,0.0,0.0000,0.2501,0.0000,0.0000,0.0,0.0,0.2700,62.6,77.2,0.350,0,0,0,0,,,,,552,98,,,,,PTBP3___CSTB_unrelaxed_rank_001_alphafold2_multimer_v3_model_3_seed_000.pdb
PTBP3___CSTB,2,2,A,B,0.0000,0.0,0.0,0.0000,0.1902,0.0000,0.0000,0.0,0.0,0.2000,64.4,79.1,0.360,0,0,0,0,,,,,552,98,,,,,PTBP3___CSTB_unrelaxed_rank_002_alphafold2_multimer_v3_model_2_seed_000.pdb
PTBP3___CSTB,3,1,A,B,0.0000,0.0,0.0,0.0000,0.1868,0.0000,0.0000,0.0,0.0,0.1800,61.7,77.4,0.360,0,0,0,0,,,,,552,98,,,,,PTBP3___CSTB_unrelaxed_rank_003_alphafold2_multimer_v3_model_1_seed_000.pdb
PTBP3___CSTB,4,4,A,B,0.0000,0.0,0.0,0.0000,0.1764,0.0000,0.0000,0.0,0.0,0.1700,62.1,77.2,0.350,0,0,0,0,,,,,552,98,,,,,PTBP3___CSTB_unrelaxed_rank_004_alphafold2_multimer_v3_model_4_seed_000.pdb
PTBP3___CSTB,5,5,A,B,0.0000,0.0,0.0,0.0000,0.1307,0.0000,0.0000,0.0,0.0,0.1500,62.8,78.3,0.360,0,0,0,0,,,,,552,98,,,,,PTBP3___CSTB_unrelaxed_rank_005_alphafold2_multimer_v3_model_5_seed_000.pdb
PTBP3___RB1,1,4,A,B,0.0000,0.0,0.0,0.0000,0.1904,0.0000,0.0000,0.0,0.0,0.1900,55.1,68.3,0.530,0,0,0,0,,,,,552,928,,,,,PTBP3___RB1_unrelaxed_rank_001_alphafold2_multimer_v3_model_4_seed_000.pdb
PTBP3___RB1,2,3,A,B,0.0000,0.0,0.0,0.0000,0.1941,0.0000,0.0000,0.0,0.0,0.1800,57.9,66.8,0.520,0,0,0,0,,,,,552,928,,,,,PTBP3___RB1_unrelaxed_rank_002_alphafold2_multimer_v3_model_3_seed_000.pdb
PTBP3___RB1,3,1,A,B,0.0000,0.0,0.0,0.0000,0.1832,0.0000,0.0000,0.0,0.0,0.1800,54.4,67.9,0.520,0,0,0,0,,,,,552,928,,,,,PTBP3___RB1_unrelaxed_rank_003_alphafold2_multimer_v3_model_1_seed_000.pdb
PTBP3___RB1,4,2,A,B,0.0000,0.0,0.0,0.0000,0.1769,0.0000,0.0000,0.0,0.0,0.1800,59.5,67.9,0.520,0,0,0,0,,,,,552,928,,,,,PTBP3___RB1_unrelaxed_rank_004_alphafold2_multimer_v3_model_2_seed_000.pdb
PTBP3___RB1,5,5,A,B,0.0000,0.0,0.0,0.0000,0.1721,0.0000,0.0000,0.0,0.0,0.1800,59.5,67.2,0.520,0,0,0,0,,,,,552,928,,,,,PTBP3___RB1_unrelaxed_rank_005_alphafold2_multimer_v3_model_5_seed_000.pdb
PTBP3___SAFB,1,2,A,B,0.0000,0.0,0.0,0.0000,0.2214,0.0000,0.0000,0.0,0.0,0.1800,69.7,32.3,0.270,0,0,0,0,,,,,552,915,,,,,PTBP3___SAFB_unrelaxed_rank_001_alphafold2_multimer_v3_model_2_seed_000.pdb
PTBP3___SAFB,2,1,A,B,0.0000,0.0,0.0,0.0000,0.2710,0.0000,0.0000,0.0,0.0,0.1800,65.9,30.7,0.260,0,0,0,0,,,,,552,915,,,,,PTBP3___SAFB_unrelaxed_rank_002_alphafold2_multimer_v3_model_1_seed_000.pdb
PTBP3___SAFB,3,3,A,B,0.0000,0.0,0.0,0.0000,0.2533,0.0000,0.0000,0.0,0.0,0.1800,67.1,31.3,0.260,0,0,0,0,,,,,552,915,,,,,PTBP3___SAFB_unrelaxed_rank_003_alphafold2_multimer_v3_model_3_seed_000.pdb
PTBP3___SAFB,4,4,A,B,0.0000,0.0,0.0,0.0000,0.1695,0.0000,0.0000,0.0,0.0,0.1700,66.7,28.6,0.260,0,0,0,0,,,,,552,915,,,,,PTBP3___SAFB_unrelaxed_rank_004_alphafold2_multimer_v3_model_4_seed_000.pdb
PTBP3___SAFB,5,5,A,B,0.0000,0.0,0.0,0.0000,0.1886,0.0000,0.0000,0.0,0.0,0.1700,68.7,31.3,0.260,0,0,0,0,,,,,552,915,,,,,PTBP3___SAFB_unrelaxed_rank_005_alphafold2_multimer_v3_model_5_seed_000.pdb
PTBP3___ZNF503,1,3,A,B,0.0000,0.0,0.0,0.0000,0.3814,0.0000,0.0000,0.0,0.0,0.1800,66.9,18.6,0.280,0,0,0,0,,,,,552,646,,,,,PTBP3___ZNF503_unrelaxed_rank_001_alphafold2_multimer_v3_model_3_seed_000.pdb
PTBP3___ZNF503,2,1,A,B,0.0000,0.0,0.0,0.0000,0.2003,0.0000,0.0000,0.0,0.0,0.1600,68.3,19.2,0.270,0,0,0,0,,,,,552,646,,,,,PTBP3___ZNF503_unrelaxed_rank_002_alphafold2_multimer_v3_model_1_seed_000.pdb
PTBP3___ZNF503,3,4,A,B,0.0000,0.0,0.0,0.0000,0.1681,0.0000,0.0000,0.0,0.0,0.1600,68.8,18.5,0.270,0,0,0,0,,,,,552,646,,,,,PTBP3___ZNF503_unrelaxed_rank_003_alphafold2_multimer_v3_model_4_seed_000.pdb
PTBP3___ZNF503,4,2,A,B,0.0000,0.0,0.0,0.0000,0.2152,0.0000,0.0000,0.0,0.0,0.1500,70.9,19.3,0.280,0,0,0,0,,,,,552,646,,,,,PTBP3___ZNF503_unrelaxed_rank_004_alphafold2_multimer_v3_model_2_seed_000.pdb
PTBP3___ZNF503,5,5,A,B,0.0000,0.0,0.0,0.0000,0.1881,0.0000,0.0000,0.0,0.0,0.1500,70.2,18.9,0.270,0,0,0,0,,,,,552,646,,,,,PTBP3___ZNF503_unrelaxed_rank_005_alphafold2_multimer_v3_model_5_seed_000.pdb
RAVER1___CDC37,1,3,A,B,0.0000,0.0,0.0,0.0000,0.2457,0.0000,0.0000,0.0,0.0,0.1800,52.4,62.8,0.380,0,0,0,0,,,,,606,378,,,,,RAVER1___CDC37_unrelaxed_rank_001_alphafold2_multimer_v3_model_3_seed_000.pdb
RAVER1___CDC37,2,1,A,B,0.0000,0.0,0.0,0.0000,0.2250,0.0000,0.0000,0.0,0.0,0.1800,51.9,58.8,0.390,0,0,0,0,,,,,606,378,,,,,RAVER1___CDC37_unrelaxed_rank_002_alphafold2_multimer_v3_model_1_seed_000.pdb
RAVER1___CDC37,3,4,A,B,0.0000,0.0,0.0,0.0000,0.1866,0.0000,0.0000,0.0,0.0,0.1600,51.8,58.8,0.390,0,0,0,0,,,,,606,378,,,,,RAVER1___CDC37_unrelaxed_rank_003_alphafold2_multimer_v3_model_4_seed_000.pdb
RAVER1___CDC37,4,2,A,B,0.0000,0.0,0.0,0.0000,0.1577,0.0000,0.0000,0.0,0.0,0.1500,52.2,65.5,0.380,0,0,0,0,,,,,606,378,,,,,RAVER1___CDC37_unrelaxed_rank_004_alphafold2_multimer_v3_model_2_seed_000.pdb
RAVER1___CDC37,5,5,A,B,0.0000,0.0,0.0,0.0000,0.1397,0.0000,0.0000,0.0,0.0,0.1500,51.9,62.7,0.380,0,0,0,0,,,,,606,378,,,,,RAVER1___CDC37_unrelaxed_rank_005_alphafold2_multimer_v3_model_5_seed_000.pdb
RAVER1___HMGB1,1,3,A,B,0.0000,0.0,0.0,0.0000,0.1936,0.0000,0.0000,0.0,0.0,0.1800,54.4,60.4,0.430,0,0,0,0,,,,,606,215,,,,,RAVER1___HMGB1_unrelaxed_rank_001_alphafold2_multimer_v3_model_3_seed_000.pdb
RAVER1___HMGB1,2,1,A,B,0.0000,0.0,0.0,0.0000,0.2024,0.0000,0.0000,0.0,0.0,0.1800,54.1,54.8,0.430,0,0,0,0,,,,,606,215,,,,,RAVER1___HMGB1_unrelaxed_rank_002_alphafold2_multimer_v3_model_1_seed_000.pdb
RAVER1___HMGB1,3,5,A,B,0.0000,0.0,0.0,0.0000,0.1922,0.0000,0.0000,0.0,0.0,0.1700,53.6,58.8,0.430,0,0,0,0,,,,,606,215,,,,,RAVER1___HMGB1_unrelaxed_rank_003_alphafold2_multimer_v3_model_5_seed_000.pdb
RAVER1___HMGB1,4,4,A,B,0.0000,0.0,0.0,0.0000,0.2130,0.0000,0.0000,0.0,0.0,0.1700,54.4,57.0,0.430,0,0,0,0,,,,,606,215,,,,,RAVER1___HMGB1_unrelaxed_rank_004_alphafold2_multimer_v3_model_4_seed_000.pdb
RAVER1___HMGB1,5,2,A,B,0.0000,0.0,0.0,0.0000,0.1531,0.0000,0.0000,0.0,0.0,0.1500,54.5,59.4,0.430,0,0,0,0,,,,,606,215,,,,,RAVER1___HMGB1_unrelaxed_rank_005_alphafold2_multimer_v3_model_2_seed_000.pdb
RBM4___PTBP1,1,3,A,B,0.0449,5.0,0.2,0.0000,0.4426,0.0449,0.0449,5.0,5.0,0.1700,41.1,64.0,0.310,4,3,4,3,31.5,58.4,31.5,58.4,364,557,"[151,153-155]",[246-248],"[151,153-155]",[246-248],RBM4___PTBP1_unrelaxed_rank_001_alphafold2_multimer_v3_model_3_seed_000.pdb
RBM4___PTBP1,2,1,A,B,0.0000,0.0,0.0,0.0000,0.1450,0.0000,0.0000,0.0,0.0,0.1500,42.7,63.3,0.310,0,0,0,0,,,,,364,557,,,,,RBM4___PTBP1_unrelaxed_rank_002_alphafold2_multimer_v3_model_1_seed_000.pdb
RBM4___PTBP1,3,2,A,B,0.0000,0.0,0.0,0.0000,0.1583,0.0000,0.0000,0.0,0.0,0.1400,43.9,66.2,0.310,0,0,0,0,,,,,364,557,,,,,RBM4___PTBP1_unrelaxed_rank_003_alphafold2_multimer_v3_model_2_seed_000.pdb
RBM4___PTBP1,4,5,A,B,0.0000,0.0,0.0,0.0000,0.1801,0.0000,0.0000,0.0,0.0,0.1400,43.3,66.1,0.300,0,0,0,0,,,,,364,557,,,,,RBM4___PTBP1_unrelaxed_rank_004_alphafold2_multimer_v3_model_5_seed_000.pdb
RBM4___PTBP1,5,4,A,B,0.0000,0.0,0.0,0.0000,0.1581,0.0000,0.0000,0.0,0.0,0.1400,41.8,63.8,0.310,0,0,0,0,,,,,364,557,,,,,RBM4___PTBP1_unrelaxed_rank_005_alphafold2_multimer_v3_model_4_seed_000.pdb
SAFB___PRDX1,1,5,A,B,0.0000,0.0,0.0,0.0115,0.1360,0.0477,0.0000,596.0,0.0,0.5800,33.6,92.1,0.300,25,109,0,0,90.0,94.3,,,915,199,"[32-43,51-63]","[2-4,8,17-21,26,28,30,39-44,46-52,55,57-67,72-80,83-88,90,92,95,97-98,102-107,110,112-118,123,125,127-133,139-163,165,176-178]",,,SAFB___PRDX1_unrelaxed_rank_001_alphafold2_multimer_v3_model_5_seed_000.pdb
SAFB___PRDX1,2,1,A,B,0.0000,0.0,0.0,0.0117,0.1381,0.0453,0.0000,288.0,0.0,0.5800,33.4,91.2,0.300,25,87,0,0,89.9,93.9,,,915,199,"[33-42,44,46,49,52-60,62-64]","[3-4,6,19-21,26,39-40,42-47,49,51-53,58-60,62-63,65,73-77,79-81,85,88,90,92,96-97,100,102-106,110,112-114,116-119,121,124,126,128-132,134,138-150,152-160,175-176,178]",,,SAFB___PRDX1_unrelaxed_rank_002_alphafold2_multimer_v3_model_1_seed_000.pdb
SAFB___PRDX1,3,4,A,B,0.0000,0.0,0.0,0.0000,0.1631,0.0000,0.0000,0.0,0.0,0.2300,32.3,88.1,0.270,0,0,0,0,,,,,915,199,,,,,SAFB___PRDX1_unrelaxed_rank_003_alphafold2_multimer_v3_model_4_seed_000.pdb
SAFB___PRDX1,4,3,A,B,0.0000,0.0,0.0,0.0000,0.0000,0.0000,0.0000,0.0,0.0,0.1700,33.6,92.6,0.280,0,0,0,0,,,,,915,199,,,,,SAFB___PRDX1_unrelaxed_rank_004_alphafold2_multimer_v3_model_3_seed_000.pdb
SAFB___PRDX1,5,2,A,B,0.0000,0.0,0.0,0.0000,0.1327,0.0000,0.0000,0.0,0.0,0.1500,33.9,92.0,0.280,0,0,0,0,,,,,915,199,,,,,SAFB___PRDX1_unrelaxed_rank_005_alphafold2_multimer_v3_model_2_seed_000.pdb
SAR1A___FUBP3,1,1,A,B,0.0000,0.0,0.0,0.0000,0.1694,0.0000,0.0000,0.0,0.0,0.2200,69.7,47.0,0.320,0,0,0,0,,,,,198,572,,,,,SAR1A___FUBP3_unrelaxed_rank_001_alphafold2_multimer_v3_model_1_seed_000.pdb
SAR1A___FUBP3,2,2,A,B,0.0000,0.0,0.0,0.0000,0.1746,0.0000,0.0000,0.0,0.0,0.2000,65.2,48.2,0.300,0,0,0,0,,,,,198,572,,,,,SAR1A___FUBP3_unrelaxed_rank_002_alphafold2_multimer_v3_model_2_seed_000.pdb
SAR1A___FUBP3,3,3,A,B,0.0000,0.0,0.0,0.0000,0.1576,0.0000,0.0000,0.0,0.0,0.1900,62.2,44.0,0.300,0,0,0,0,,,,,198,572,,,,,SAR1A___FUBP3_unrelaxed_rank_003_alphafold2_multimer_v3_model_3_seed_000.pdb
SAR1A___FUBP3,4,4,A,B,0.0000,0.0,0.0,0.0000,0.1372,0.0000,0.0000,0.0,0.0,0.1700,67.3,42.2,0.310,0,0,0,0,,,,,198,572,,,,,SAR1A___FUBP3_unrelaxed_rank_004_alphafold2_multimer_v3_model_4_seed_000.pdb
SAR1A___FUBP3,5,5,A,B,0.0000,0.0,0.0,0.0000,0.1199,0.0000,0.0000,0.0,0.0,0.1700,65.2,47.7,0.290,0,0,0,0,,,,,198,572,,,,,SAR1A___FUBP3_unrelaxed_rank_005_alphafold2_multimer_v3_model_5_seed_000.pdb
SAR1A___RAVER1,1,4,A,B,0.0000,0.0,0.0,0.0000,0.2726,0.0159,0.0000,103.0,0.0,0.3800,73.1,53.6,0.470,10,44,0,0,91.3,85.5,,,198,606,"[30,41,97-100,130-132,134]","[59-64,66,74-79,82-85,89,95-107,109-110,124-127,155,179-180,187-190]",,,SAR1A___RAVER1_unrelaxed_rank_001_alphafold2_multimer_v3_model_4_seed_000.pdb
SAR1A___RAVER1,2,1,A,B,0.0000,0.0,0.0,0.0000,0.2728,0.0171,0.0000,115.0,0.0,0.3400,67.9,52.2,0.460,7,48,0,0,87.9,83.2,,,198,606,"[30,97-99,130-132]","[59-64,66,74-79,82-85,89,93,95-102,105-106,109,124-128,133,148-149,152,160,179-180,186-190,192]",,,SAR1A___RAVER1_unrelaxed_rank_002_alphafold2_multimer_v3_model_1_seed_000.pdb
SAR1A___RAVER1,3,2,A,B,0.0000,0.0,0.0,0.0000,0.2363,0.0083,0.0000,18.0,0.0,0.2500,68.7,51.7,0.450,3,15,0,0,88.9,84.2,,,198,606,"[97-98,130]","[61-63,75,77,82,89,95-96,98,105,107,152,186,190]",,,SAR1A___RAVER1_unrelaxed_rank_003_alphafold2_multimer_v3_model_2_seed_000.pdb
SAR1A___RAVER1,4,5,A,B,0.0000,0.0,0.0,0.0000,0.1934,0.0075,0.0000,3.0,0.0,0.2500,62.8,51.5,0.450,1,3,0,0,82.8,81.9,,,198,606,[97],"[61,63,89]",,,SAR1A___RAVER1_unrelaxed_rank_004_alphafold2_multimer_v3_model_5_seed_000.pdb
SAR1A___RAVER1,5,3,A,B,0.0000,0.0,0.0,0.0000,0.1853,0.0000,0.0000,0.0,0.0,0.2400,66.6,51.9,0.450,0,0,0,0,,,,,198,606,,,,,SAR1A___RAVER1_unrelaxed_rank_005_alphafold2_multimer_v3_model_3_seed_000.pdb
SAR1A___STIP1,1,5,A,B,0.0000,0.0,0.0,0.0000,0.1998,0.0000,0.0000,0.0,0.0,0.2500,66.8,80.7,0.420,0,0,0,0,,,,,198,543,,,,,SAR1A___STIP1_unrelaxed_rank_001_alphafold2_multimer_v3_model_5_seed_000.pdb
SAR1A___STIP1,2,1,A,B,0.0000,0.0,0.0,0.0000,0.1568,0.0067,0.0000,1.0,0.0,0.2300,67.4,80.0,0.400,1,1,0,0,86.8,86.2,,,198,543,[97],[301],,,SAR1A___STIP1_unrelaxed_rank_002_alphafold2_multimer_v3_model_1_seed_000.pdb
SAR1A___STIP1,3,4,A,B,0.0000,0.0,0.0,0.0000,0.1667,0.0000,0.0000,0.0,0.0,0.2200,67.5,79.1,0.400,0,0,0,0,,,,,198,543,,,,,SAR1A___STIP1_unrelaxed_rank_003_alphafold2_multimer_v3_model_4_seed_000.pdb
SAR1A___STIP1,4,3,A,B,0.0000,0.0,0.0,0.0000,0.1394,0.0000,0.0000,0.0,0.0,0.2100,62.0,79.8,0.400,0,0,0,0,,,,,198,543,,,,,SAR1A___STIP1_unrelaxed_rank_004_alphafold2_multimer_v3_model_3_seed_000.pdb
SAR1A___STIP1,5,2,A,B,0.0000,0.0,0.0,0.0000,0.1450,0.0000,0.0000,0.0,0.0,0.1900,66.0,79.8,0.390,0,0,0,0,,,,,198,543,,,,,SAR1A___STIP1_unrelaxed_rank_005_alphafold2_multimer_v3_model_2_seed_000.pdb
SAR1A___TLE3,1,3,A,B,0.0295,201.0,5.9,0.0114,0.4670,0.0313,0.0277,1303.0,31.0,0.3000,63.8,55.8,0.440,8,267,6,15,31.7,92.3,31.6,83.3,198,772,[3-10],"[448-451,460-461,463,473,478-495,500-504,506-513,522-561,568-573,575-614,617-627,629-630,632-636,638-648,652-669,673-687,692-729,731-772]","[3-5,7-9]","[488,490,506,533-534,536,552,577-578,580,596,704,743,745,761]",SAR1A___TLE3_unrelaxed_rank_001_alphafold2_multimer_v3_model_3_seed_000.pdb
SAR1A___TLE3,2,2,A,B,0.1657,322.5,53.4,0.0199,0.6704,0.1521,0.1806,2971.0,35.0,0.2900,71.2,54.7,0.440,11,312,8,20,41.4,93.8,42.1,87.2,198,772,[1-11],"[447-452,458-464,466-468,471-515,521-563,565-772]","[2-5,7-9,11]","[488,490,533-534,536,551-552,578,580,596,622,638,663,679,701-702,704,720,743,745]",SAR1A___TLE3_unrelaxed_rank_002_alphafold2_multimer_v3_model_2_seed_000.pdb
SAR1A___TLE3,3,1,A,B,0.0000,0.0,0.0,0.0000,0.3054,0.0000,0.0000,0.0,0.0,0.2900,63.6,54.8,0.440,0,0,0,0,,,,,198,772,,,,,SAR1A___TLE3_unrelaxed_rank_003_alphafold2_multimer_v3_model_1_seed_000.pdb
SAR1A___TLE3,4,4,A,B,0.0370,241.5,8.9,0.0125,0.5169,0.0297,0.0460,1190.0,49.0,0.2900,67.6,53.7,0.440,10,264,9,23,36.2,91.8,36.0,80.9,198,772,[1-10],"[448-450,460-461,463,473,475,478-483,485-495,498-504,506-514,523-562,567-573,575-615,617-627,629-648,654-668,673-679,682-687,692-700,702-728,731,733-748,750-772]",[1-9],"[488,490,532-536,551-552,578,580,596,620,622-623,638,663,702,704,720,743,745,761]",SAR1A___TLE3_unrelaxed_rank_004_alphafold2_multimer_v3_model_4_seed_000.pdb
SAR1A___TLE3,5,5,A,B,0.0287,122.8,3.5,0.0117,0.4653,0.0309,0.0266,1160.0,13.0,0.2700,65.1,55.7,0.440,8,271,3,11,31.3,92.4,32.4,85.0,198,772,[2-9],"[448-451,460-461,463,472-473,475,478-495,500-513,522-529,531-562,568-573,575-615,617-627,629-636,638-648,652-670,673-687,692-718,720-729,731,733-772]","[4-5,9]","[488,490,534,536,551-552,578,580,596,622,704]",SAR1A___TLE3_unrelaxed_rank_005_alphafold2_multimer_v3_model_5_seed_000.pdb
SAR1A___ZFR,1,1,A,B,0.0000,0.0,0.0,0.0000,0.2294,0.0000,0.0000,0.0,0.0,0.2800,68.4,45.5,0.360,0,0,0,0,,,,,198,1074,,,,,SAR1A___ZFR_unrelaxed_rank_001_alphafold2_multimer_v3_model_1_seed_000.pdb
SAR1A___ZFR,2,2,A,B,0.0000,0.0,0.0,0.0000,0.2348,0.0000,0.0000,0.0,0.0,0.2400,68.6,45.9,0.350,0,0,0,0,,,,,198,1074,,,,,SAR1A___ZFR_unrelaxed_rank_002_alphafold2_multimer_v3_model_2_seed_000.pdb
SAR1A___ZFR,3,5,A,B,0.0000,0.0,0.0,0.0000,0.1801,0.0000,0.0000,0.0,0.0,0.2300,64.7,45.6,0.360,0,0,0,0,,,,,198,1074,,,,,SAR1A___ZFR_unrelaxed_rank_003_alphafold2_multimer_v3_model_5_seed_000.pdb
SAR1A___ZFR,4,3,A,B,0.0000,0.0,0.0,0.0000,0.1688,0.0000,0.0000,0.0,0.0,0.1900,65.9,45.4,0.350,0,0,0,0,,,,,198,1074,,,,,SAR1A___ZFR_unrelaxed_rank_004_alphafold2_multimer_v3_model_3_seed_000.pdb
SAR1A___ZFR,5,4,A,B,0.0000,0.0,0.0,0.0000,0.1657,0.0000,0.0000,0.0,0.0,0.1900,69.0,43.2,0.340,0,0,0,0,,,,,198,1074,,,,,SAR1A___ZFR_unrelaxed_rank_005_alphafold2_multimer_v3_model_4_seed_000.pdb
SET___STIP1,1,5,A,B,0.3307,323.0,106.8,0.1095,0.8620,0.2625,0.4168,1932.0,54.0,0.3100,61.4,81.0,0.370,14,157,9,16,40.4,91.9,47.5,94.2,290,543,[251-264],"[218-364,368,384-385,387-389,400,411,415,418]",[253-261],"[229-230,233,236,260,263-264,266-267,270-271,278,298,301,305,308]",SET___STIP1_unrelaxed_rank_001_alphafold2_multimer_v3_model_5_seed_000.pdb
SET___STIP1,2,2,A,B,0.3671,300.3,110.3,0.1795,0.9090,0.2726,0.4944,2050.0,44.0,0.3000,63.7,81.4,0.370,15,137,8,14,42.5,91.6,51.6,93.2,290,543,[251-265],[218-354],[254-261],"[233,236,260,263-264,266-267,270-271,298,301,305,308,334]",SET___STIP1_unrelaxed_rank_002_alphafold2_multimer_v3_model_2_seed_000.pdb
SET___STIP1,3,4,A,B,0.1788,194.2,34.7,0.0205,0.7690,0.1448,0.2207,1077.0,35.0,0.2700,60.4,79.7,0.360,13,132,7,13,39.9,88.0,45.9,90.9,290,543,[252-264],[221-352],[255-261],"[229,233,236,260,263-264,267,270-271,298,301,305,308]",SET___STIP1_unrelaxed_rank_003_alphafold2_multimer_v3_model_4_seed_000.pdb
SET___STIP1,4,1,A,B,0.1634,209.4,34.2,0.0180,0.7531,0.1377,0.1940,1044.0,42.0,0.2700,61.3,79.3,0.350,12,131,7,16,38.6,90.7,43.3,92.5,290,543,[253-264],[220-350],"[255-260,262]","[229,233,236,260,263-264,266-267,270-271,278,297-298,301,305,308]",SET___STIP1_unrelaxed_rank_004_alphafold2_multimer_v3_model_1_seed_000.pdb
SET___STIP1,5,3,A,B,0.0369,50.0,1.8,0.0113,0.4764,0.0390,0.0349,192.0,13.0,0.2100,59.5,80.3,0.360,6,101,4,11,29.3,88.5,29.9,87.3,290,543,[256-261],"[222-236,238-255,257-264,267-269,273-280,283-289,291-293,296-301,303-304,306,309-310,313-316,318-327,329-332,335-336,343-350]",[257-260],"[229,232,236,244,260-261,263-264,267,298,301]",SET___STIP1_unrelaxed_rank_005_alphafold2_multimer_v3_model_3_seed_000.pdb
SF1___ANP32A,1,3,A,B,0.3290,1210.6,398.3,0.3044,0.8573,0.2737,0.3955,18551.0,79.0,0.5200,37.9,63.1,0.350,85,168,20,18,69.3,84.8,53.2,54.8,639,249,"[48-119,121,123-134]",[1-168],"[74,76,80-87,91-97,99-100,103]","[12,20-21,25-26,50-51,73,157,159-167]",SF1___ANP32A_unrelaxed_rank_001_alphafold2_multimer_v3_model_3_seed_000.pdb
SF1___ANP32A,2,5,A,B,0.0114,3.0,0.0,0.0000,0.3745,0.0194,0.0067,9.0,1.0,0.2900,39.7,64.2,0.290,3,7,1,1,57.3,87.9,56.2,82.8,639,249,"[87-88,91]","[23,25,50-51,75,124,149]",[91],[51],SF1___ANP32A_unrelaxed_rank_002_alphafold2_multimer_v3_model_5_seed_000.pdb
SF1___ANP32A,3,1,A,B,0.0000,0.0,0.0,0.0000,0.3752,0.0000,0.0000,0.0,0.0,0.2500,38.7,63.0,0.300,0,0,0,0,,,,,639,249,,,,,SF1___ANP32A_unrelaxed_rank_003_alphafold2_multimer_v3_model_1_seed_000.pdb
SF1___ANP32A,4,4,A,B,0.0000,0.0,0.0,0.0000,0.3194,0.0000,0.0000,0.0,0.0,0.2200,36.8,62.1,0.300,0,0,0,0,,,,,639,249,,,,,SF1___ANP32A_unrelaxed_rank_004_alphafold2_multimer_v3_model_4_seed_000.pdb
SF1___ANP32A,5,2,A,B,0.0000,0.0,0.0,0.0000,0.2757,0.0000,0.0000,0.0,0.0,0.1800,36.5,63.6,0.280,0,0,0,0,,,,,639,249,,,,,SF1___ANP32A_unrelaxed_rank_005_alphafold2_multimer_v3_model_2_seed_000.pdb
SF1___CDC37,1,4,A,B,0.1108,404.5,44.8,0.0154,0.6485,0.0932,0.1317,2338.0,70.0,0.2800,38.1,67.7,0.290,26,130,17,23,51.9,82.2,52.4,82.5,639,378,[270-295],"[143-232,234-242,246-276]","[270,272-274,277,282-289,291-294]","[144-145,148,184,187-189,191-192,195-196,213-214,217-218,221,254-255,258-259,262,266,270]",SF1___CDC37_unrelaxed_rank_001_alphafold2_multimer_v3_model_4_seed_000.pdb
SF1___CDC37,2,1,A,B,0.0000,0.0,0.0,0.0000,0.3634,0.0000,0.0000,0.0,0.0,0.1600,36.6,69.7,0.280,0,0,0,0,,,,,639,378,,,,,SF1___CDC37_unrelaxed_rank_002_alphafold2_multimer_v3_model_1_seed_000.pdb
SF1___CDC37,3,3,A,B,0.0000,0.0,0.0,0.0000,0.3701,0.0000,0.0000,0.0,0.0,0.1500,36.5,68.6,0.280,0,0,0,0,,,,,639,378,,,,,SF1___CDC37_unrelaxed_rank_003_alphafold2_multimer_v3_model_3_seed_000.pdb
SF1___CDC37,4,5,A,B,0.0000,0.0,0.0,0.0000,0.2513,0.0000,0.0000,0.0,0.0,0.1500,37.9,68.3,0.270,0,0,0,0,,,,,639,378,,,,,SF1___CDC37_unrelaxed_rank_004_alphafold2_multimer_v3_model_5_seed_000.pdb
SF1___CDC37,5,2,A,B,0.0000,0.0,0.0,0.0000,0.2464,0.0000,0.0000,0.0,0.0,0.1500,35.3,69.1,0.270,0,0,0,0,,,,,639,378,,,,,SF1___CDC37_unrelaxed_rank_005_alphafold2_multimer_v3_model_2_seed_000.pdb
SF3A3___PTBP1,1,3,A,B,0.0000,0.0,0.0,0.0000,0.1898,0.0000,0.0000,0.0,0.0,0.1600,75.0,62.6,0.370,0,0,0,0,,,,,501,557,,,,,SF3A3___PTBP1_unrelaxed_rank_001_alphafold2_multimer_v3_model_3_seed_000.pdb
SF3A3___PTBP1,2,1,A,B,0.0000,0.0,0.0,0.0000,0.1479,0.0000,0.0000,0.0,0.0,0.1500,71.1,59.3,0.350,0,0,0,0,,,,,501,557,,,,,SF3A3___PTBP1_unrelaxed_rank_002_alphafold2_multimer_v3_model_1_seed_000.pdb
SF3A3___PTBP1,3,5,A,B,0.0000,0.0,0.0,0.0000,0.1508,0.0000,0.0000,0.0,0.0,0.1400,72.9,62.8,0.350,0,0,0,0,,,,,501,557,,,,,SF3A3___PTBP1_unrelaxed_rank_003_alphafold2_multimer_v3_model_5_seed_000.pdb
SF3A3___PTBP1,4,2,A,B,0.0000,0.0,0.0,0.0000,0.1388,0.0000,0.0000,0.0,0.0,0.1300,73.2,64.1,0.350,0,0,0,0,,,,,501,557,,,,,SF3A3___PTBP1_unrelaxed_rank_004_alphafold2_multimer_v3_model_2_seed_000.pdb
SF3A3___PTBP1,5,4,A,B,0.0000,0.0,0.0,0.0000,0.1379,0.0000,0.0000,0.0,0.0,0.1300,70.4,62.1,0.340,0,0,0,0,,,,,501,557,,,,,SF3A3___PTBP1_unrelaxed_rank_005_alphafold2_multimer_v3_model_4_seed_000.pdb
SF3B2___AGAP3,1,2,A,B,0.0000,0.0,0.0,0.0000,0.4161,0.0000,0.0000,0.0,0.0,0.2300,34.6,62.5,0.290,0,0,0,0,,,,,895,875,,,,,SF3B2___AGAP3_unrelaxed_rank_001_alphafold2_multimer_v3_model_2_seed_000.pdb
SF3B2___AGAP3,2,3,A,B,0.0000,0.0,0.0,0.0000,0.2969,0.0000,0.0000,0.0,0.0,0.1900,34.5,59.1,0.280,0,0,0,0,,,,,895,875,,,,,SF3B2___AGAP3_unrelaxed_rank_002_alphafold2_multimer_v3_model_3_seed_000.pdb
SF3B2___AGAP3,3,1,A,B,0.0000,0.0,0.0,0.0000,0.3140,0.0000,0.0000,0.0,0.0,0.1900,33.7,59.1,0.280,0,0,0,0,,,,,895,875,,,,,SF3B2___AGAP3_unrelaxed_rank_003_alphafold2_multimer_v3_model_1_seed_000.pdb
SF3B2___AGAP3,4,4,A,B,0.0000,0.0,0.0,0.0000,0.2663,0.0000,0.0000,0.0,0.0,0.1700,32.3,60.0,0.280,0,0,0,0,,,,,895,875,,,,,SF3B2___AGAP3_unrelaxed_rank_004_alphafold2_multimer_v3_model_4_seed_000.pdb
SF3B2___AGAP3,5,5,A,B,0.0000,0.0,0.0,0.0000,0.1689,0.0000,0.0000,0.0,0.0,0.1700,34.5,60.8,0.280,0,0,0,0,,,,,895,875,,,,,SF3B2___AGAP3_unrelaxed_rank_005_alphafold2_multimer_v3_model_5_seed_000.pdb
SF3B2___CHERP,1,4,A,B,0.2224,326.6,72.6,0.0508,0.8753,0.1864,0.2653,1839.0,58.0,0.2100,33.3,48.0,0.270,48,37,13,17,67.6,53.8,68.2,53.4,895,916,[459-506],[877-913],"[463,466-467,470-473,475,493-496,499]","[878,880-885,888,895,898-899,902-903,905-906,909-910]",SF3B2___CHERP_unrelaxed_rank_001_alphafold2_multimer_v3_model_4_seed_000.pdb
SF3B2___CHERP,2,1,A,B,0.0000,0.0,0.0,0.0000,0.4794,0.0000,0.0000,0.0,0.0,0.2000,34.4,46.9,0.290,0,0,0,0,,,,,895,916,,,,,SF3B2___CHERP_unrelaxed_rank_002_alphafold2_multimer_v3_model_1_seed_000.pdb
SF3B2___CHERP,3,3,A,B,0.0461,4.6,0.2,0.0000,0.5421,0.0439,0.0483,21.0,1.0,0.2000,37.0,46.5,0.280,2,18,1,1,50.2,67.6,49.6,69.3,895,916,"[273,276]","[652,661,686-697,716-717,720-721]",[273],[690],SF3B2___CHERP_unrelaxed_rank_003_alphafold2_multimer_v3_model_3_seed_000.pdb
SF3B2___CHERP,4,2,A,B,0.0000,0.0,0.0,0.0000,0.4046,0.0000,0.0000,0.0,0.0,0.1900,35.0,49.6,0.280,0,0,0,0,,,,,895,916,,,,,SF3B2___CHERP_unrelaxed_rank_004_alphafold2_multimer_v3_model_2_seed_000.pdb
SF3B2___CHERP,5,5,A,B,0.0000,0.0,0.0,0.0000,0.1746,0.0000,0.0000,0.0,0.0,0.1800,35.2,48.2,0.280,0,0,0,0,,,,,895,916,,,,,SF3B2___CHERP_unrelaxed_rank_005_alphafold2_multimer_v3_model_5_seed_000.pdb
SF3B2___PPP1R10,1,3,A,B,0.3192,114.5,36.5,0.0566,0.8746,0.2229,0.4571,819.0,16.0,0.2400,39.4,31.1,0.240,6,141,2,8,39.7,88.7,46.3,86.8,895,940,[890-895],[8-148],"[893,895]","[105,108,114-115,118,137,140,144]",SF3B2___PPP1R10_unrelaxed_rank_001_alphafold2_multimer_v3_model_3_seed_000.pdb
SF3B2___PPP1R10,2,1,A,B,0.1080,162.0,17.5,0.0134,0.6640,0.0882,0.1324,847.0,31.0,0.2300,38.8,31.5,0.250,12,119,6,9,45.9,88.3,45.5,83.5,895,940,"[859-869,872]","[13,18,24-25,29-40,42,44-57,59-146]","[859-861,863-864,867]","[105,108-109,114-115,118,140-141,144]",SF3B2___PPP1R10_unrelaxed_rank_002_alphafold2_multimer_v3_model_1_seed_000.pdb
SF3B2___PPP1R10,3,4,A,B,0.2701,327.1,88.3,0.0382,0.9388,0.2017,0.3616,2058.0,52.0,0.2200,36.9,32.7,0.230,53,39,15,12,69.8,53.7,62.3,52.3,895,940,[460-512],[413-451],"[462,466-467,472,476-477,501-503,505-510]","[413,419-420,423-424,426,429-430,432-433,435-436]",SF3B2___PPP1R10_unrelaxed_rank_003_alphafold2_multimer_v3_model_4_seed_000.pdb
SF3B2___PPP1R10,4,2,A,B,0.0000,0.0,0.0,0.0000,0.4649,0.0000,0.0000,0.0,0.0,0.2100,39.1,32.1,0.240,0,0,0,0,,,,,895,940,,,,,SF3B2___PPP1R10_unrelaxed_rank_004_alphafold2_multimer_v3_model_2_seed_000.pdb
SF3B2___PPP1R10,5,5,A,B,0.0000,0.0,0.0,0.0000,0.1844,0.0000,0.0000,0.0,0.0,0.1700,38.2,31.8,0.230,0,0,0,0,,,,,895,940,,,,,SF3B2___PPP1R10_unrelaxed_rank_005_alphafold2_multimer_v3_model_5_seed_000.pdb
SFPQ___ANP32A,1,1,A,B,0.0025,3.5,0.0,0.0000,0.4274,0.0076,0.0008,12.0,1.0,0.1800,49.6,62.7,0.360,10,3,1,1,87.7,33.2,89.2,32.7,707,249,"[296-297,315,334-336,361,388,426,429]","[164,166-167]",[336],[167],SFPQ___ANP32A_unrelaxed_rank_001_alphafold2_multimer_v3_model_1_seed_000.pdb
SFPQ___ANP32A,2,4,A,B,0.0000,0.0,0.0,0.0000,0.3594,0.0000,0.0000,0.0,0.0,0.1800,47.3,63.3,0.340,0,0,0,0,,,,,707,249,,,,,SFPQ___ANP32A_unrelaxed_rank_002_alphafold2_multimer_v3_model_4_seed_000.pdb
SFPQ___ANP32A,3,2,A,B,0.0000,0.0,0.0,0.0000,0.3084,0.0000,0.0000,0.0,0.0,0.1600,48.0,63.5,0.350,0,0,0,0,,,,,707,249,,,,,SFPQ___ANP32A_unrelaxed_rank_003_alphafold2_multimer_v3_model_2_seed_000.pdb
SFPQ___ANP32A,4,3,A,B,0.0000,0.0,0.0,0.0000,0.2843,0.0000,0.0000,0.0,0.0,0.1600,48.3,62.1,0.360,0,0,0,0,,,,,707,249,,,,,SFPQ___ANP32A_unrelaxed_rank_004_alphafold2_multimer_v3_model_3_seed_000.pdb
SFPQ___ANP32A,5,5,A,B,0.0000,0.0,0.0,0.0000,0.1630,0.0000,0.0000,0.0,0.0,0.1300,48.2,63.9,0.340,0,0,0,0,,,,,707,249,,,,,SFPQ___ANP32A_unrelaxed_rank_005_alphafold2_multimer_v3_model_5_seed_000.pdb
SFPQ___EPB41,1,4,A,B,0.0000,0.0,0.0,0.0000,0.2576,0.0000,0.0000,0.0,0.0,0.1800,43.6,46.2,0.330,0,0,0,0,,,,,707,864,,,,,SFPQ___EPB41_unrelaxed_rank_001_alphafold2_multimer_v3_model_4_seed_000.pdb
SFPQ___EPB41,2,2,A,B,0.0000,0.0,0.0,0.0000,0.1529,0.0000,0.0000,0.0,0.0,0.1700,46.6,49.0,0.330,0,0,0,0,,,,,707,864,,,,,SFPQ___EPB41_unrelaxed_rank_002_alphafold2_multimer_v3_model_2_seed_000.pdb
SFPQ___EPB41,3,1,A,B,0.0000,0.0,0.0,0.0000,0.2179,0.0000,0.0000,0.0,0.0,0.1700,46.3,48.2,0.330,0,0,0,0,,,,,707,864,,,,,SFPQ___EPB41_unrelaxed_rank_003_alphafold2_multimer_v3_model_1_seed_000.pdb
SFPQ___EPB41,4,3,A,B,0.0000,0.0,0.0,0.0000,0.2200,0.0000,0.0000,0.0,0.0,0.1600,46.2,48.8,0.330,0,0,0,0,,,,,707,864,,,,,SFPQ___EPB41_unrelaxed_rank_004_alphafold2_multimer_v3_model_3_seed_000.pdb
SFPQ___EPB41,5,5,A,B,0.0000,0.0,0.0,0.0000,0.1956,0.0000,0.0000,0.0,0.0,0.1600,46.2,48.1,0.330,0,0,0,0,,,,,707,864,,,,,SFPQ___EPB41_unrelaxed_rank_005_alphafold2_multimer_v3_model_5_seed_000.pdb
SFPQ___NONO,1,1,A,B,0.6149,8603.1,5290.0,0.7407,0.9897,0.4794,0.7887,126953.0,583.0,0.5900,50.0,66.7,0.510,288,283,104,105,91.2,91.0,90.1,89.9,707,471,[277-564],[54-336],"[278-280,282,284-288,319-321,343,346-347,350-351,353-354,368,377,379,381-386,389-390,393,401-406,408,410-411,414-415,430,434-444,446,451-461,463-464,469-470,472-476,478-481,486-488,490-495,497-498,500-501,504-505,508,511-512,515-516,519,523,526-527,530]","[55-59,62-65,96-98,120,123-124,127-128,130-131,145,154,156-163,166-167,170,178-183,185,187-188,191-192,207,211-221,223,228-238,240-241,246-247,249-253,255-258,263-265,267-272,274-275,277-278,281-282,285,288-289,292-293,296,300,303-304,307]",SFPQ___NONO_unrelaxed_rank_001_alphafold2_multimer_v3_model_1_seed_000.pdb
SFPQ___NONO,2,3,A,B,0.5936,8433.1,5005.9,0.7147,0.9887,0.4552,0.7741,123041.0,578.0,0.5900,49.9,65.5,0.510,281,278,104,107,89.9,89.7,88.5,88.2,707,471,[277-557],[53-330],"[278-283,285-288,319-321,343,346-347,350-351,353-354,368,377,379,381-386,389-390,393,401-406,408,410-411,414-415,430,434-444,446,452-461,463-464,469-470,472-476,478-481,486-488,490-495,497-498,500-501,504-505,508-509,512,515-516,519,523,526-527,530]","[54-59,61-65,96-98,120,123-124,127-128,130-131,145,153-154,156,158-163,166-167,170,178-183,185,187-188,191-192,207,211-221,223,228-238,240-241,246-247,249-253,255-258,263-265,267-272,274-275,277-278,281-282,285,288-289,292-293,296,300,303-304,307]",SFPQ___NONO_unrelaxed_rank_002_alphafold2_multimer_v3_model_3_seed_000.pdb
SFPQ___NONO,3,5,A,B,0.6279,8378.4,5260.9,0.7448,0.9905,0.4892,0.8060,126940.0,553.0,0.5900,49.2,64.8,0.510,278,276,103,103,90.1,89.7,88.8,89.0,707,471,"[277-553,557]",[54-329],"[278-280,282,284-288,319-321,343,346-347,350-351,353-354,368,377,379,381-386,389-390,393,401-406,408,410-411,414-415,430,434-444,446,452-461,463-464,469-470,472-476,478-481,486-488,490-495,497-498,500-501,504-505,508,511-512,515-516,519,523,526-527,530]","[55-57,61-65,96-98,120,123-124,127-128,130-131,145,154,156,158-163,166-167,170,178-183,185,187-188,191-192,207,211-221,223,228-238,240-241,246-247,249-253,255-258,263-265,267-272,274-275,277-278,281-282,285,288-289,292-293,296,300,303-304,307]",SFPQ___NONO_unrelaxed_rank_003_alphafold2_multimer_v3_model_5_seed_000.pdb
SFPQ___NONO,4,4,A,B,0.6307,8368.6,5278.3,0.7591,0.9894,0.5028,0.7913,122651.0,571.0,0.5900,49.3,65.8,0.500,270,272,105,103,90.2,89.7,88.6,89.3,707,471,"[278-546,549]",[53-324],"[278-283,285-288,319-321,343-344,346-347,350-351,353-354,368,377,379,381-386,389-390,393,401-406,408,410-411,414-415,430,434-444,446,452-461,463-464,469-470,472-476,478-481,486-488,490-495,497-498,500-501,504-505,508,511-512,515-516,519,523,526-527,530]","[54-57,59,62,64-65,96-97,118,120,123-124,127-128,130-131,145,154,156,158-163,166-167,170,178-183,185,187-188,191-192,207,211-221,223,228-238,240-241,246-247,249-253,255-258,263-265,267-272,274-275,277-278,281-282,285,288-289,292-293,296,300,303-304,307]",SFPQ___NONO_unrelaxed_rank_004_alphafold2_multimer_v3_model_4_seed_000.pdb
SFPQ___NONO,5,2,A,B,0.5791,8420.5,4876.2,0.7029,0.9882,0.4432,0.7566,120998.0,586.0,0.5700,48.7,64.7,0.500,281,278,107,107,89.4,89.0,87.4,87.2,707,471,"[276-554,557-558]",[53-330],"[277-282,284-288,319-321,343-344,346-347,350-351,353-354,368,377,379,381-386,389-390,393,401-406,408,410-411,414-415,430,434-444,446,451-461,463-464,469-470,472-476,478-481,486-488,490-495,497-498,500-501,504-505,508,511-512,515-516,519,523,526-527,530]","[54-59,61-65,96-98,120,123-124,127-128,130-131,145,154,156-163,166-167,170,178-183,185,187-188,191-192,207,211-221,223,228-238,240-241,246-247,249-253,255-258,263-265,267-272,274-275,277-278,281-282,285,288-289,292-293,296,300,303-304,307]",SFPQ___NONO_unrelaxed_rank_005_alphafold2_multimer_v3_model_2_seed_000.pdb
SFPQ___PCBP2,1,3,A,B,0.0000,0.0,0.0,0.0000,0.1355,0.0000,0.0000,0.0,0.0,0.1500,48.3,55.9,0.330,0,0,0,0,,,,,707,365,,,,,SFPQ___PCBP2_unrelaxed_rank_001_alphafold2_multimer_v3_model_3_seed_000.pdb
SFPQ___PCBP2,2,1,A,B,0.0000,0.0,0.0,0.0000,0.1226,0.0000,0.0000,0.0,0.0,0.1500,48.7,58.7,0.330,0,0,0,0,,,,,707,365,,,,,SFPQ___PCBP2_unrelaxed_rank_002_alphafold2_multimer_v3_model_1_seed_000.pdb
SFPQ___PCBP2,3,2,A,B,0.0000,0.0,0.0,0.0000,0.1172,0.0000,0.0000,0.0,0.0,0.1400,47.7,61.1,0.330,0,0,0,0,,,,,707,365,,,,,SFPQ___PCBP2_unrelaxed_rank_003_alphafold2_multimer_v3_model_2_seed_000.pdb
SFPQ___PCBP2,4,4,A,B,0.0000,0.0,0.0,0.0000,0.1485,0.0000,0.0000,0.0,0.0,0.1400,46.2,57.9,0.310,0,0,0,0,,,,,707,365,,,,,SFPQ___PCBP2_unrelaxed_rank_004_alphafold2_multimer_v3_model_4_seed_000.pdb
SFPQ___PCBP2,5,5,A,B,0.0000,0.0,0.0,0.0000,0.1339,0.0000,0.0000,0.0,0.0,0.1300,47.8,59.3,0.330,0,0,0,0,,,,,707,365,,,,,SFPQ___PCBP2_unrelaxed_rank_005_alphafold2_multimer_v3_model_5_seed_000.pdb
SFPQ___SET,1,1,A,B,0.0000,0.0,0.0,0.0000,0.1537,0.0000,0.0000,0.0,0.0,0.1500,48.5,62.3,0.340,0,0,0,0,,,,,707,290,,,,,SFPQ___SET_unrelaxed_rank_001_alphafold2_multimer_v3_model_1_seed_000.pdb
SFPQ___SET,2,4,A,B,0.0000,0.0,0.0,0.0000,0.2132,0.0000,0.0000,0.0,0.0,0.1400,46.1,59.8,0.320,0,0,0,0,,,,,707,290,,,,,SFPQ___SET_unrelaxed_rank_002_alphafold2_multimer_v3_model_4_seed_000.pdb
SFPQ___SET,3,3,A,B,0.0000,0.0,0.0,0.0000,0.2032,0.0000,0.0000,0.0,0.0,0.1300,48.0,62.4,0.340,0,0,0,0,,,,,707,290,,,,,SFPQ___SET_unrelaxed_rank_003_alphafold2_multimer_v3_model_3_seed_000.pdb
SFPQ___SET,4,2,A,B,0.0000,0.0,0.0,0.0000,0.1178,0.0000,0.0000,0.0,0.0,0.1200,46.5,63.4,0.320,0,0,0,0,,,,,707,290,,,,,SFPQ___SET_unrelaxed_rank_004_alphafold2_multimer_v3_model_2_seed_000.pdb
SFPQ___SET,5,5,A,B,0.0000,0.0,0.0,0.0000,0.1026,0.0000,0.0000,0.0,0.0,0.1100,47.9,62.8,0.330,0,0,0,0,,,,,707,290,,,,,SFPQ___SET_unrelaxed_rank_005_alphafold2_multimer_v3_model_5_seed_000.pdb
SFPQ___XRN2,1,5,A,B,0.0000,0.0,0.0,0.0000,0.2092,0.0000,0.0000,0.0,0.0,0.1800,42.1,71.1,0.510,0,0,0,0,,,,,707,950,,,,,SFPQ___XRN2_unrelaxed_rank_001_alphafold2_multimer_v3_model_5_seed_000.pdb
SFPQ___XRN2,2,1,A,B,0.0000,0.0,0.0,0.0000,0.1871,0.0000,0.0000,0.0,0.0,0.1800,38.6,69.7,0.500,0,0,0,0,,,,,707,950,,,,,SFPQ___XRN2_unrelaxed_rank_002_alphafold2_multimer_v3_model_1_seed_000.pdb
SFPQ___XRN2,3,2,A,B,0.0000,0.0,0.0,0.0000,0.1791,0.0000,0.0000,0.0,0.0,0.1800,36.4,70.7,0.510,0,0,0,0,,,,,707,950,,,,,SFPQ___XRN2_unrelaxed_rank_003_alphafold2_multimer_v3_model_2_seed_000.pdb
SFPQ___XRN2,4,4,A,B,0.0000,0.0,0.0,0.0000,0.1855,0.0000,0.0000,0.0,0.0,0.1800,37.4,70.5,0.510,0,0,0,0,,,,,707,950,,,,,SFPQ___XRN2_unrelaxed_rank_004_alphafold2_multimer_v3_model_4_seed_000.pdb
SFPQ___XRN2,5,3,A,B,0.0000,0.0,0.0,0.0000,0.1806,0.0000,0.0000,0.0,0.0,0.1700,41.0,69.6,0.500,0,0,0,0,,,,,707,950,,,,,SFPQ___XRN2_unrelaxed_rank_005_alphafold2_multimer_v3_model_3_seed_000.pdb
SMAP___EPB41,1,5,A,B,0.4267,942.9,402.4,0.5170,0.9433,0.3244,0.5615,12885.0,69.0,0.4000,28.4,48.7,0.430,34,339,15,22,61.2,88.9,61.3,86.3,183,864,"[54-59,68-95]",[206-544],"[56-59,68,76-77,79-81,83-84,87-88,91]","[319-324,392-394,405,409,411,422,424-430,432,463]",SMAP___EPB41_unrelaxed_rank_001_alphafold2_multimer_v3_model_5_seed_000.pdb
SMAP___EPB41,2,4,A,B,0.0255,98.4,2.5,0.0111,0.4982,0.0263,0.0248,692.0,14.0,0.2400,25.1,49.0,0.420,10,197,6,8,41.5,92.5,42.5,82.7,183,864,[38-47],"[213-218,221-222,232,235-236,238-243,245,249-254,264-265,271,281-293,296,299-337,353-354,362-372,378-407,409-418,420-452,462-489,514-516]",[40-45],"[405-407,422,430,463-465]",SMAP___EPB41_unrelaxed_rank_002_alphafold2_multimer_v3_model_4_seed_000.pdb
SMAP___EPB41,3,1,A,B,0.0000,0.0,0.0,0.0000,0.3037,0.0000,0.0000,0.0,0.0,0.2400,24.1,48.7,0.410,0,0,0,0,,,,,183,864,,,,,SMAP___EPB41_unrelaxed_rank_003_alphafold2_multimer_v3_model_1_seed_000.pdb
SMAP___EPB41,4,3,A,B,0.0000,0.0,0.0,0.0000,0.3148,0.0000,0.0000,0.0,0.0,0.2200,23.8,49.4,0.410,0,0,0,0,,,,,183,864,,,,,SMAP___EPB41_unrelaxed_rank_004_alphafold2_multimer_v3_model_3_seed_000.pdb
SMAP___EPB41,5,2,A,B,0.0000,0.0,0.0,0.0000,0.3162,0.0000,0.0000,0.0,0.0,0.2000,23.9,48.7,0.410,0,0,0,0,,,,,183,864,,,,,SMAP___EPB41_unrelaxed_rank_005_alphafold2_multimer_v3_model_2_seed_000.pdb
SMAP___GFP,1,2,A,B,0.2664,626.4,166.9,0.0705,0.6994,0.2213,0.3206,6433.0,61.0,0.4900,25.9,92.0,0.610,28,227,13,14,53.5,94.1,54.9,87.8,183,238,[69-96],[4-230],"[69-70,73,76-77,80-81,83-84,87-88,91-92]","[39,41,43,75,202,204,206,208,211,219,221,223,225,227]",SMAP___GFP_unrelaxed_rank_001_alphafold2_multimer_v3_model_2_seed_000.pdb
SMAP___GFP,2,5,A,B,0.0227,34.6,0.8,0.0000,0.2886,0.0263,0.0196,300.0,4.0,0.3000,25.0,90.3,0.590,9,135,3,4,52.2,92.8,52.0,82.8,183,238,"[78-85,88]","[8,11-19,21-23,25-28,30,32-34,36,38-39,41,43-46,48-50,53,55,61-63,73,75,82-83,85,87-90,92-94,97-99,101,103-105,107-108,110-123,125,127-128,130,134,136-137,144,146,149-155,159,161-168,170,174,176-183,185,187-188,194-195,198-200,202-210,212-213,215,217-221,224-225,227]","[80-81,84]","[39,204,221,225]",SMAP___GFP_unrelaxed_rank_002_alphafold2_multimer_v3_model_5_seed_000.pdb
SMAP___GFP,3,1,A,B,0.0525,68.2,3.6,0.0155,0.2998,0.0443,0.0621,423.0,11.0,0.2800,24.9,90.8,0.590,10,198,4,7,46.6,93.6,48.4,81.1,183,238,"[78-85,87-88]","[6-8,11-34,36-51,53-64,70-75,77-78,80-90,92-131,134-139,141-155,157-158,160-172,176-189,192,194-213,215-227]","[80-81,83-84]","[147,202,204-205,221,223,225]",SMAP___GFP_unrelaxed_rank_003_alphafold2_multimer_v3_model_1_seed_000.pdb
SMAP___GFP,4,3,A,B,0.0000,0.0,0.0,0.0000,0.1753,0.0000,0.0000,0.0,0.0,0.2000,24.3,88.3,0.570,0,0,0,0,,,,,183,238,,,,,SMAP___GFP_unrelaxed_rank_004_alphafold2_multimer_v3_model_3_seed_000.pdb
SMAP___GFP,5,4,A,B,0.0000,0.0,0.0,0.0000,0.2018,0.0000,0.0000,0.0,0.0,0.1900,24.1,90.4,0.580,0,0,0,0,,,,,183,238,,,,,SMAP___GFP_unrelaxed_rank_005_alphafold2_multimer_v3_model_4_seed_000.pdb
SNRPC___SLC3A2,1,2,A,B,0.0000,0.0,0.0,0.0000,0.2751,0.0000,0.0000,0.0,0.0,0.1800,32.9,70.4,0.580,0,0,0,0,,,,,159,630,,,,,SNRPC___SLC3A2_unrelaxed_rank_001_alphafold2_multimer_v3_model_2_seed_000.pdb
SNRPC___SLC3A2,2,5,A,B,0.0000,0.0,0.0,0.0000,0.0000,0.0000,0.0000,0.0,0.0,0.1600,30.9,70.0,0.580,0,0,0,0,,,,,159,630,,,,,SNRPC___SLC3A2_unrelaxed_rank_002_alphafold2_multimer_v3_model_5_seed_000.pdb
SNRPC___SLC3A2,3,3,A,B,0.0000,0.0,0.0,0.0000,0.2200,0.0000,0.0000,0.0,0.0,0.1600,32.9,70.2,0.580,0,0,0,0,,,,,159,630,,,,,SNRPC___SLC3A2_unrelaxed_rank_003_alphafold2_multimer_v3_model_3_seed_000.pdb
SNRPC___SLC3A2,4,1,A,B,0.0000,0.0,0.0,0.0000,0.1868,0.0000,0.0000,0.0,0.0,0.1600,32.4,70.8,0.570,0,0,0,0,,,,,159,630,,,,,SNRPC___SLC3A2_unrelaxed_rank_004_alphafold2_multimer_v3_model_1_seed_000.pdb
SNRPC___SLC3A2,5,4,A,B,0.0000,0.0,0.0,0.0000,0.1014,0.0000,0.0000,0.0,0.0,0.1600,31.5,70.0,0.570,0,0,0,0,,,,,159,630,,,,,SNRPC___SLC3A2_unrelaxed_rank_005_alphafold2_multimer_v3_model_4_seed_000.pdb
STIP1___DHX15,1,3,A,B,0.0000,0.0,0.0,0.0000,0.2794,0.0000,0.0000,0.0,0.0,0.3300,77.5,79.7,0.550,0,0,0,0,,,,,543,795,,,,,STIP1___DHX15_unrelaxed_rank_001_alphafold2_multimer_v3_model_3_seed_000.pdb
STIP1___DHX15,2,4,A,B,0.0070,1.4,0.0,0.0000,0.4993,0.0069,0.0071,2.0,1.0,0.2100,74.2,78.4,0.530,2,1,1,1,87.8,27.3,86.1,27.3,543,795,"[367,371]",[7],[371],[7],STIP1___DHX15_unrelaxed_rank_002_alphafold2_multimer_v3_model_4_seed_000.pdb
STIP1___DHX15,3,1,A,B,0.0000,0.0,0.0,0.0000,0.2168,0.0000,0.0000,0.0,0.0,0.2100,73.7,78.5,0.520,0,0,0,0,,,,,543,795,,,,,STIP1___DHX15_unrelaxed_rank_003_alphafold2_multimer_v3_model_1_seed_000.pdb
STIP1___DHX15,4,2,A,B,0.0000,0.0,0.0,0.0000,0.1944,0.0000,0.0000,0.0,0.0,0.2000,77.9,78.9,0.520,0,0,0,0,,,,,543,795,,,,,STIP1___DHX15_unrelaxed_rank_004_alphafold2_multimer_v3_model_2_seed_000.pdb
STIP1___DHX15,5,5,A,B,0.0000,0.0,0.0,0.0000,0.1690,0.0000,0.0000,0.0,0.0,0.1900,76.5,78.7,0.530,0,0,0,0,,,,,543,795,,,,,STIP1___DHX15_unrelaxed_rank_005_alphafold2_multimer_v3_model_5_seed_000.pdb
SUPT5H___FUS,1,2,A,B,0.0000,0.0,0.0,0.0000,0.1715,0.0000,0.0000,0.0,0.0,0.1800,53.7,29.4,0.240,0,0,0,0,,,,,1087,526,,,,,SUPT5H___FUS_unrelaxed_rank_001_alphafold2_multimer_v3_model_2_seed_000.pdb
SUPT5H___FUS,2,1,A,B,0.0000,0.0,0.0,0.0000,0.1903,0.0000,0.0000,0.0,0.0,0.1800,53.0,27.0,0.230,0,0,0,0,,,,,1087,526,,,,,SUPT5H___FUS_unrelaxed_rank_002_alphafold2_multimer_v3_model_1_seed_000.pdb
SUPT5H___FUS,3,3,A,B,0.0000,0.0,0.0,0.0000,0.1957,0.0000,0.0000,0.0,0.0,0.1700,53.9,27.7,0.250,0,0,0,0,,,,,1087,526,,,,,SUPT5H___FUS_unrelaxed_rank_003_alphafold2_multimer_v3_model_3_seed_000.pdb
SUPT5H___FUS,4,5,A,B,0.0000,0.0,0.0,0.0000,0.1887,0.0000,0.0000,0.0,0.0,0.1600,54.9,28.7,0.250,0,0,0,0,,,,,1087,526,,,,,SUPT5H___FUS_unrelaxed_rank_004_alphafold2_multimer_v3_model_5_seed_000.pdb
SUPT5H___FUS,5,4,A,B,0.0000,0.0,0.0,0.0000,0.1972,0.0000,0.0000,0.0,0.0,0.1600,51.7,28.2,0.230,0,0,0,0,,,,,1087,526,,,,,SUPT5H___FUS_unrelaxed_rank_005_alphafold2_multimer_v3_model_4_seed_000.pdb
SUPT5H___PDK1,1,4,A,B,0.0460,30.3,1.4,0.0117,0.5036,0.0501,0.0423,307.0,3.0,0.4700,48.3,76.6,0.370,11,131,3,3,46.4,92.6,51.1,89.2,1087,436,"[130,132-133,136-143]","[46,49,58,60,76,78-79,85-86,88,106-107,113-115,118,120-122,124,135,138-145,147,151,153,155-157,178,180-183,185,189-193,195,197-201,218-219,224-231,233-236,238,247,250-252,256,266-267,269-270,272,275-277,280-281,284-290,300-308,311-319,360-370,372-376,383-390]","[138-139,141]","[200,228,269]",SUPT5H___PDK1_unrelaxed_rank_001_alphafold2_multimer_v3_model_4_seed_000.pdb
SUPT5H___PDK1,2,1,A,B,0.0520,115.3,6.0,0.0170,0.5767,0.0579,0.0467,738.0,18.0,0.4200,48.3,77.3,0.380,15,240,6,12,37.9,91.8,40.2,88.1,1087,436,"[819-832,835]","[44-66,72-94,97,101,104,106-107,109-125,127,131-149,152-162,164,177-202,216-230,232,234-240,248,250,256,263-289,299-319,334,360-378,382-394,396-400,404-405]","[819-821,823,827-828]","[53,55,57-58,61,65,74-75,77-78,81,85]",SUPT5H___PDK1_unrelaxed_rank_002_alphafold2_multimer_v3_model_1_seed_000.pdb
SUPT5H___PDK1,3,5,A,B,0.0000,0.0,0.0,0.0000,0.4077,0.0199,0.0000,56.0,0.0,0.4100,50.6,76.5,0.370,5,47,0,0,38.8,92.9,,,1087,436,"[820-822,829,831]","[78,88,91-93,110,113,115-118,120,141,145-149,153,156-157,180-181,183-185,189,192,219,228,232-233,236,272,274-276,360-366,371,373,387]",,,SUPT5H___PDK1_unrelaxed_rank_003_alphafold2_multimer_v3_model_5_seed_000.pdb
SUPT5H___PDK1,4,3,A,B,0.0000,0.0,0.0,0.0000,0.4240,0.0000,0.0000,0.0,0.0,0.3300,50.9,74.9,0.370,0,0,0,0,,,,,1087,436,,,,,SUPT5H___PDK1_unrelaxed_rank_004_alphafold2_multimer_v3_model_3_seed_000.pdb
SUPT5H___PDK1,5,2,A,B,0.0000,0.0,0.0,0.0000,0.3994,0.0000,0.0000,0.0,0.0,0.2900,50.1,77.0,0.370,0,0,0,0,,,,,1087,436,,,,,SUPT5H___PDK1_unrelaxed_rank_005_alphafold2_multimer_v3_model_2_seed_000.pdb
SUPT5H___PTBP1,1,3,A,B,0.0000,0.0,0.0,0.0000,0.3390,0.0000,0.0000,0.0,0.0,0.1900,50.9,60.7,0.260,0,0,0,0,,,,,1087,557,,,,,SUPT5H___PTBP1_unrelaxed_rank_001_alphafold2_multimer_v3_model_3_seed_000.pdb
SUPT5H___PTBP1,2,1,A,B,0.0000,0.0,0.0,0.0000,0.1837,0.0000,0.0000,0.0,0.0,0.1800,49.7,56.5,0.270,0,0,0,0,,,,,1087,557,,,,,SUPT5H___PTBP1_unrelaxed_rank_002_alphafold2_multimer_v3_model_1_seed_000.pdb
SUPT5H___PTBP1,3,2,A,B,0.0000,0.0,0.0,0.0000,0.2181,0.0000,0.0000,0.0,0.0,0.1800,51.5,61.7,0.270,0,0,0,0,,,,,1087,557,,,,,SUPT5H___PTBP1_unrelaxed_rank_003_alphafold2_multimer_v3_model_2_seed_000.pdb
SUPT5H___PTBP1,4,4,A,B,0.0000,0.0,0.0,0.0000,0.1797,0.0000,0.0000,0.0,0.0,0.1700,48.5,59.9,0.260,0,0,0,0,,,,,1087,557,,,,,SUPT5H___PTBP1_unrelaxed_rank_004_alphafold2_multimer_v3_model_4_seed_000.pdb
SUPT5H___PTBP1,5,5,A,B,0.0000,0.0,0.0,0.0000,0.1819,0.0000,0.0000,0.0,0.0,0.1700,51.4,62.2,0.260,0,0,0,0,,,,,1087,557,,,,,SUPT5H___PTBP1_unrelaxed_rank_005_alphafold2_multimer_v3_model_5_seed_000.pdb
SUPT5H___RPS12,1,1,A,B,0.0974,334.2,32.6,0.0133,0.5912,0.0722,0.1314,2327.0,48.0,0.6300,54.8,78.1,0.270,83,93,10,10,89.4,84.2,83.9,79.2,1087,132,"[979-989,1000,1002-1006,1012-1016,1022,1024-1027,1029-1084]","[14-25,31-32,34-89,91-92,103-114,120-126,128,131]","[1056-1057,1059,1062-1064,1066,1071,1073,1075]","[39-40,43,60,63-64,67-68,70-71]",SUPT5H___RPS12_unrelaxed_rank_001_alphafold2_multimer_v3_model_1_seed_000.pdb
SUPT5H___RPS12,2,2,A,B,0.0625,52.9,3.3,0.0121,0.4969,0.0448,0.0870,311.0,9.0,0.5200,54.7,76.5,0.260,48,28,4,4,84.7,80.9,74.9,76.4,1087,132,"[984,986-987,1003-1004,1014,1032-1033,1035-1036,1038-1041,1043-1044,1048-1059,1061-1068,1070-1081]","[35,38-39,42-43,50-53,56,58-69,74,107-111]","[1056,1064,1073,1075]","[39,63-64,68]",SUPT5H___RPS12_unrelaxed_rank_002_alphafold2_multimer_v3_model_2_seed_000.pdb
SUPT5H___RPS12,3,5,A,B,0.0000,0.0,0.0,0.0000,0.3150,0.0000,0.0000,0.0,0.0,0.3700,54.6,74.8,0.250,0,0,0,0,,,,,1087,132,,,,,SUPT5H___RPS12_unrelaxed_rank_003_alphafold2_multimer_v3_model_5_seed_000.pdb
SUPT5H___RPS12,4,4,A,B,0.0000,0.0,0.0,0.0000,0.2754,0.0000,0.0000,0.0,0.0,0.3400,51.3,69.3,0.250,0,0,0,0,,,,,1087,132,,,,,SUPT5H___RPS12_unrelaxed_rank_004_alphafold2_multimer_v3_model_4_seed_000.pdb
SUPT5H___RPS12,5,3,A,B,0.0000,0.0,0.0,0.0000,0.2383,0.0000,0.0000,0.0,0.0,0.3100,53.8,74.2,0.240,0,0,0,0,,,,,1087,132,,,,,SUPT5H___RPS12_unrelaxed_rank_005_alphafold2_multimer_v3_model_3_seed_000.pdb
SUPT5H___STIP1,1,2,A,B,0.0000,0.0,0.0,0.0000,0.3676,0.0000,0.0000,0.0,0.0,0.2100,51.7,78.0,0.300,0,0,0,0,,,,,1087,543,,,,,SUPT5H___STIP1_unrelaxed_rank_001_alphafold2_multimer_v3_model_2_seed_000.pdb
SUPT5H___STIP1,2,3,A,B,0.0000,0.0,0.0,0.0000,0.2926,0.0000,0.0000,0.0,0.0,0.1800,50.8,77.3,0.300,0,0,0,0,,,,,1087,543,,,,,SUPT5H___STIP1_unrelaxed_rank_002_alphafold2_multimer_v3_model_3_seed_000.pdb
SUPT5H___STIP1,3,1,A,B,0.0000,0.0,0.0,0.0000,0.2049,0.0000,0.0000,0.0,0.0,0.1800,50.2,75.6,0.280,0,0,0,0,,,,,1087,543,,,,,SUPT5H___STIP1_unrelaxed_rank_003_alphafold2_multimer_v3_model_1_seed_000.pdb
SUPT5H___STIP1,4,5,A,B,0.0000,0.0,0.0,0.0000,0.1931,0.0000,0.0000,0.0,0.0,0.1700,50.8,78.0,0.290,0,0,0,0,,,,,1087,543,,,,,SUPT5H___STIP1_unrelaxed_rank_004_alphafold2_multimer_v3_model_5_seed_000.pdb
SUPT5H___STIP1,5,4,A,B,0.0000,0.0,0.0,0.0000,0.2066,0.0000,0.0000,0.0,0.0,0.1700,48.0,76.2,0.290,0,0,0,0,,,,,1087,543,,,,,SUPT5H___STIP1_unrelaxed_rank_005_alphafold2_multimer_v3_model_4_seed_000.pdb
TLE3___EDC3,1,4,A,B,0.0324,63.7,2.1,0.0117,0.5158,0.0454,0.0232,508.0,8.0,0.2800,51.1,61.2,0.370,182,10,8,5,88.8,41.4,86.3,41.5,772,508,"[448-452,460,473-475,479,482-483,485,487-490,492-495,500,502,508-513,524-527,534,538-543,545-549,552,554-561,568,570-573,580,583-588,590-592,596-597,599-606,608,610,614,623,625-627,630-634,638-648,654-669,673-676,682-687,694-700,702,704,706-715,720-728,733-738,740,742-744,749-756,762-764,766-770]",[213-222],"[488,534,552,580,661,663,702,720]","[213,215-216,218-219]",TLE3___EDC3_unrelaxed_rank_001_alphafold2_multimer_v3_model_4_seed_000.pdb
TLE3___EDC3,2,5,A,B,0.0000,0.0,0.0,0.0000,0.4773,0.0188,0.0000,62.0,0.0,0.2500,52.8,60.3,0.360,51,6,0,0,90.9,36.3,,,772,508,"[449-450,479,483,488-489,492,495,510-513,524-526,535,541,546,552,560,568,579,596,602-604,610,638,641,645-646,660,662,678,686,701-702,709,717,720,734-736,740,743-745,766-767,769-770]","[215-219,221]",,,TLE3___EDC3_unrelaxed_rank_002_alphafold2_multimer_v3_model_5_seed_000.pdb
TLE3___EDC3,3,1,A,B,0.0255,58.5,1.5,0.0109,0.5539,0.0217,0.0300,263.0,13.0,0.2300,51.4,60.7,0.370,90,9,10,4,87.3,32.8,84.7,32.8,772,508,"[448,450,487-491,506,510,526,532-537,546,550-554,557,559,576-581,583,590-592,595-598,601,603-604,617,619-622,632,634,638-641,643,645-646,654-655,658-664,673,676,683-684,686,694,699,701-704,706,717,720-723,740,742-746,758,761,763]","[206-207,209-215]","[580,596,638,663,701-702,704,720,743,745]","[206-207,210,215]",TLE3___EDC3_unrelaxed_rank_003_alphafold2_multimer_v3_model_1_seed_000.pdb
TLE3___EDC3,4,2,A,B,0.0360,113.2,4.1,0.0128,0.5683,0.0283,0.0459,675.0,19.0,0.2200,52.6,61.2,0.370,252,11,14,5,90.8,33.8,89.4,33.9,772,508,"[448-450,473-474,478-485,487-495,499-504,506-513,524-529,531-537,539-543,545-561,568-573,575-587,589-606,608-614,617-627,629,631-636,638-647,652-664,666-669,672-687,692-704,706-729,733-771]",[209-219],"[488,490,534,536,551-552,578,580,622,638,661,663,743,745]","[213-216,218]",TLE3___EDC3_unrelaxed_rank_004_alphafold2_multimer_v3_model_2_seed_000.pdb
TLE3___EDC3,5,3,A,B,0.0000,0.0,0.0,0.0000,0.3123,0.0000,0.0000,0.0,0.0,0.2100,53.1,60.3,0.370,0,0,0,0,,,,,772,508,,,,,TLE3___EDC3_unrelaxed_rank_005_alphafold2_multimer_v3_model_3_seed_000.pdb
TLE3___PSPC1,1,2,A,B,0.0235,117.9,2.8,0.0113,0.5075,0.0245,0.0225,869.0,16.0,0.2300,55.2,57.2,0.370,223,9,13,6,94.6,38.6,91.4,38.3,772,523,"[448-450,461,463,473,478-480,482-483,485,487-495,498-502,506,508-513,522,524-527,529,531-536,540-542,545-554,556-561,568-572,576-581,584-586,588-606,608-614,617,619-624,626-627,632-635,638-648,652-662,668,673-679,682-687,693-704,708-718,721-729,731,733-745,748-771]",[18-26],"[488,490,536,578,596,620,704,742-743,745,760-761,763]","[18-19,22-23,25-26]",TLE3___PSPC1_unrelaxed_rank_001_alphafold2_multimer_v3_model_2_seed_000.pdb
TLE3___PSPC1,2,4,A,B,0.0205,77.9,1.6,0.0000,0.4895,0.0164,0.0257,467.0,13.0,0.2300,53.2,56.9,0.360,131,12,8,3,92.5,30.1,88.1,25.4,772,523,"[448-450,479,487-490,494,500,502,508-512,522,525-527,532-536,540-541,546-549,552,554-555,557-560,568,570-572,575,577-579,583,590,592,596-597,599,601-604,608-610,612,614,618-620,622-623,626-627,632-635,638-641,643-646,655-657,659-663,667,673-674,684-686,693-698,700,702,704,708-709,711,714-716,721-724,726-728,734-736,742-745,755,761,763-764,766-768,770]","[19,21-26,34-38]","[490,534,536,552,577-579,596]",[36-38],TLE3___PSPC1_unrelaxed_rank_002_alphafold2_multimer_v3_model_4_seed_000.pdb
TLE3___PSPC1,3,5,A,B,0.0000,0.0,0.0,0.0000,0.3995,0.0000,0.0000,0.0,0.0,0.2000,54.6,57.2,0.360,0,0,0,0,,,,,772,523,,,,,TLE3___PSPC1_unrelaxed_rank_003_alphafold2_multimer_v3_model_5_seed_000.pdb
TLE3___PSPC1,4,3,A,B,0.0000,0.0,0.0,0.0000,0.3731,0.0000,0.0000,0.0,0.0,0.2000,55.2,58.4,0.360,0,0,0,0,,,,,772,523,,,,,TLE3___PSPC1_unrelaxed_rank_004_alphafold2_multimer_v3_model_3_seed_000.pdb
TLE3___PSPC1,5,1,A,B,0.0693,177.2,12.3,0.0143,0.5971,0.0586,0.0819,1163.0,27.0,0.1800,55.1,57.4,0.360,290,8,19,5,93.1,26.6,90.8,26.9,772,523,"[448-452,458-461,463,472-495,498-514,522-561,567-648,651-670,672-687,689,692-771]",[34-41],"[490,534,552,580,596,622-623,638,661-663,679,702,704-705,719-720,743,745]","[35,37-40]",TLE3___PSPC1_unrelaxed_rank_005_alphafold2_multimer_v3_model_1_seed_000.pdb
TLE3___SLC3A2,1,2,A,B,0.0000,0.0,0.0,0.0000,0.4530,0.0067,0.0000,4.0,0.0,0.1900,54.4,68.3,0.410,4,2,0,0,91.3,29.6,,,772,630,"[552,590,595,641]","[6,8]",,,TLE3___SLC3A2_unrelaxed_rank_001_alphafold2_multimer_v3_model_2_seed_000.pdb
TLE3___SLC3A2,2,4,A,B,0.0000,0.0,0.0,0.0000,0.2579,0.0000,0.0000,0.0,0.0,0.1900,52.0,66.7,0.410,0,0,0,0,,,,,772,630,,,,,TLE3___SLC3A2_unrelaxed_rank_002_alphafold2_multimer_v3_model_4_seed_000.pdb
TLE3___SLC3A2,3,3,A,B,0.0000,0.0,0.0,0.0000,0.3454,0.0000,0.0000,0.0,0.0,0.1800,53.8,67.7,0.400,0,0,0,0,,,,,772,630,,,,,TLE3___SLC3A2_unrelaxed_rank_003_alphafold2_multimer_v3_model_3_seed_000.pdb
TLE3___SLC3A2,4,1,A,B,0.0000,0.0,0.0,0.0000,0.1682,0.0000,0.0000,0.0,0.0,0.1700,53.4,68.6,0.410,0,0,0,0,,,,,772,630,,,,,TLE3___SLC3A2_unrelaxed_rank_004_alphafold2_multimer_v3_model_1_seed_000.pdb
TLE3___SLC3A2,5,5,A,B,0.0000,0.0,0.0,0.0000,0.2007,0.0000,0.0000,0.0,0.0,0.1800,53.6,67.3,0.400,0,0,0,0,,,,,772,630,,,,,TLE3___SLC3A2_unrelaxed_rank_005_alphafold2_multimer_v3_model_5_seed_000.pdb
TLE3___ZNF503,1,4,A,B,0.2510,1389.3,348.8,0.1486,0.8426,0.2078,0.3033,11698.0,165.0,0.3400,53.3,20.5,0.370,325,39,53,26,89.5,49.5,85.8,49.9,772,646,"[447-454,456-772]","[52-74,108-123]","[488,490,507,510,521-532,534,536,552,555,557-558,560,565-571,577-578,580-581,596,607-608,619-620,622,638,661,663,679,701-702,704,719-721,743,745,761]","[53,55-58,60-63,67-68,70-72,74,108,111-114,116-117,119-121,123]",TLE3___ZNF503_unrelaxed_rank_001_alphafold2_multimer_v3_model_4_seed_000.pdb
TLE3___ZNF503,2,1,A,B,0.1917,553.1,106.0,0.0217,0.8221,0.1747,0.2103,4249.0,72.0,0.2700,54.4,19.9,0.360,315,16,24,11,92.1,37.3,85.2,38.0,772,646,"[447-453,457-469,471-515,521-562,565-772]",[109-124],"[488,490,534,536,551-552,577-578,580,596,619-620,622,638,663,679,701-702,704,719-720,743,745,761]","[111-114,116-117,119-121,123-124]",TLE3___ZNF503_unrelaxed_rank_002_alphafold2_multimer_v3_model_1_seed_000.pdb
TLE3___ZNF503,3,2,A,B,0.1837,595.4,109.4,0.0219,0.7713,0.1737,0.1944,4604.0,77.0,0.2600,56.7,19.3,0.360,320,16,26,13,95.1,38.4,89.9,38.7,772,646,"[447-454,456-515,521-772]",[108-123],"[488,490,532,534,536,551-552,577-578,580,596,619-620,622,637-638,661,663,679,702,704,719-720,743,745,761]","[108,111-117,119-123]",TLE3___ZNF503_unrelaxed_rank_003_alphafold2_multimer_v3_model_2_seed_000.pdb
TLE3___ZNF503,4,5,A,B,0.0536,425.9,22.8,0.0131,0.6360,0.0459,0.0626,3359.0,54.0,0.2300,56.5,19.0,0.360,294,20,24,13,94.2,31.1,87.8,31.6,772,646,"[448-452,458-464,472-475,477-514,522-562,566-615,617-648,651-670,672-687,692-772]","[113-124,175-179,603-605]","[488,490,534,536,551-552,578-580,596,619-620,622,638,661,663,679,702,704,720,743,745-746,761]","[113-114,116-117,119-121,123-124,175,177-178,604]",TLE3___ZNF503_unrelaxed_rank_004_alphafold2_multimer_v3_model_5_seed_000.pdb
TLE3___ZNF503,5,3,A,B,0.0473,143.1,6.8,0.0130,0.5919,0.0383,0.0583,975.0,21.0,0.2300,56.5,18.7,0.360,265,8,14,5,94.0,27.2,89.2,27.6,772,646,"[448-452,460-461,463,473-475,477-495,500-513,522-529,531-544,546-561,568-573,576-588,590-606,608-615,617,619-628,630-636,638-647,650,652-669,673-687,692-729,733-753,755-772]","[175-178,602-605]","[488,490,622,638,663-664,679,702,704,719-720,743,745,761]","[177-178,602,604-605]",TLE3___ZNF503_unrelaxed_rank_005_alphafold2_multimer_v3_model_3_seed_000.pdb
TXN___HMGB1,1,3,A,B,0.0000,0.0,0.0,0.0000,0.2153,0.0092,0.0000,2.0,0.0,0.1500,87.0,65.6,0.400,2,1,0,0,84.8,37.8,,,105,215,"[68,88]",[89],,,TXN___HMGB1_unrelaxed_rank_001_alphafold2_multimer_v3_model_3_seed_000.pdb
TXN___HMGB1,2,4,A,B,0.0000,0.0,0.0,0.0000,0.0784,0.0000,0.0000,0.0,0.0,0.1300,85.4,67.5,0.370,0,0,0,0,,,,,105,215,,,,,TXN___HMGB1_unrelaxed_rank_002_alphafold2_multimer_v3_model_4_seed_000.pdb
TXN___HMGB1,3,1,A,B,0.0000,0.0,0.0,0.0000,0.0992,0.0000,0.0000,0.0,0.0,0.1200,85.7,64.6,0.380,0,0,0,0,,,,,105,215,,,,,TXN___HMGB1_unrelaxed_rank_003_alphafold2_multimer_v3_model_1_seed_000.pdb
TXN___HMGB1,4,2,A,B,0.0000,0.0,0.0,0.0000,0.0827,0.0000,0.0000,0.0,0.0,0.1100,90.0,67.6,0.380,0,0,0,0,,,,,105,215,,,,,TXN___HMGB1_unrelaxed_rank_004_alphafold2_multimer_v3_model_2_seed_000.pdb
TXN___HMGB1,5,5,A,B,0.0000,0.0,0.0,0.0000,0.0849,0.0000,0.0000,0.0,0.0,0.1100,88.7,67.2,0.370,0,0,0,0,,,,,105,215,,,,,TXN___HMGB1_unrelaxed_rank_005_alphafold2_multimer_v3_model_5_seed_000.pdb
TXN___PSPC1,1,4,A,B,0.0000,0.0,0.0,0.0000,0.1534,0.0000,0.0000,0.0,0.0,0.1900,79.4,60.0,0.430,0,0,0,0,,,,,105,523,,,,,TXN___PSPC1_unrelaxed_rank_001_alphafold2_multimer_v3_model_4_seed_000.pdb
TXN___PSPC1,2,1,A,B,0.0000,0.0,0.0,0.0000,0.1186,0.0000,0.0000,0.0,0.0,0.1400,81.8,61.9,0.440,0,0,0,0,,,,,105,523,,,,,TXN___PSPC1_unrelaxed_rank_002_alphafold2_multimer_v3_model_1_seed_000.pdb
TXN___PSPC1,3,3,A,B,0.0000,0.0,0.0,0.0000,0.1080,0.0000,0.0000,0.0,0.0,0.1400,83.6,60.4,0.430,0,0,0,0,,,,,105,523,,,,,TXN___PSPC1_unrelaxed_rank_003_alphafold2_multimer_v3_model_3_seed_000.pdb
TXN___PSPC1,4,5,A,B,0.0000,0.0,0.0,0.0000,0.1123,0.0000,0.0000,0.0,0.0,0.1300,85.3,60.3,0.440,0,0,0,0,,,,,105,523,,,,,TXN___PSPC1_unrelaxed_rank_004_alphafold2_multimer_v3_model_5_seed_000.pdb
TXN___PSPC1,5,2,A,B,0.0000,0.0,0.0,0.0000,0.0970,0.0000,0.0000,0.0,0.0,0.1100,83.4,59.9,0.420,0,0,0,0,,,,,105,523,,,,,TXN___PSPC1_unrelaxed_rank_005_alphafold2_multimer_v3_model_2_seed_000.pdb
TXN___RBM4,1,2,A,B,0.0495,14.7,0.7,0.0000,0.2646,0.0510,0.0480,31.0,7.0,0.3200,88.0,46.0,0.310,27,3,5,3,84.3,41.4,69.1,41.4,105,364,"[3,12,16,23,30-32,36-37,43,52-53,55,59-61,72-73,80-81,88,90,93,95-96,99-100]","[153,163-164]","[31-32,59-60,72]","[153,163-164]",TXN___RBM4_unrelaxed_rank_001_alphafold2_multimer_v3_model_2_seed_000.pdb
TXN___RBM4,2,1,A,B,0.0000,0.0,0.0,0.0000,0.1945,0.0000,0.0000,0.0,0.0,0.2100,86.3,46.8,0.320,0,0,0,0,,,,,105,364,,,,,TXN___RBM4_unrelaxed_rank_002_alphafold2_multimer_v3_model_1_seed_000.pdb
TXN___RBM4,3,3,A,B,0.0199,10.2,0.2,0.0000,0.2710,0.0196,0.0202,21.0,5.0,0.2000,84.9,44.3,0.310,15,2,4,2,73.7,30.7,72.6,30.7,105,364,"[11,31,34,60-61,63,66-67,72-75,78,88,90]",[152-153],"[63,66-67,72]",[152-153],TXN___RBM4_unrelaxed_rank_003_alphafold2_multimer_v3_model_3_seed_000.pdb
TXN___RBM4,4,4,A,B,0.0000,0.0,0.0,0.0000,0.1334,0.0000,0.0000,0.0,0.0,0.1500,85.6,45.1,0.300,0,0,0,0,,,,,105,364,,,,,TXN___RBM4_unrelaxed_rank_004_alphafold2_multimer_v3_model_4_seed_000.pdb
TXN___RBM4,5,5,A,B,0.0000,0.0,0.0,0.0000,0.1191,0.0000,0.0000,0.0,0.0,0.1200,85.7,43.7,0.300,0,0,0,0,,,,,105,364,,,,,TXN___RBM4_unrelaxed_rank_005_alphafold2_multimer_v3_model_5_seed_000.pdb
U2SURP___DNAJA1,1,1,A,B,0.0999,10.2,1.0,0.0126,0.5236,0.0926,0.1077,15.0,7.0,0.3100,48.1,69.9,0.280,3,11,2,5,37.7,82.5,40.2,81.7,1029,397,[230-232],"[107-110,127-129,205,208,224,239]",[230-231],"[109,127-129,208]",U2SURP___DNAJA1_unrelaxed_rank_001_alphafold2_multimer_v3_model_1_seed_000.pdb
U2SURP___DNAJA1,2,4,A,B,0.0000,0.0,0.0,0.0000,0.3508,0.0000,0.0000,0.0,0.0,0.2000,44.9,70.4,0.270,0,0,0,0,,,,,1029,397,,,,,U2SURP___DNAJA1_unrelaxed_rank_002_alphafold2_multimer_v3_model_4_seed_000.pdb
U2SURP___DNAJA1,3,3,A,B,0.0000,0.0,0.0,0.0000,0.1864,0.0000,0.0000,0.0,0.0,0.1700,46.9,70.9,0.280,0,0,0,0,,,,,1029,397,,,,,U2SURP___DNAJA1_unrelaxed_rank_003_alphafold2_multimer_v3_model_3_seed_000.pdb
U2SURP___DNAJA1,4,2,A,B,0.0000,0.0,0.0,0.0000,0.1566,0.0000,0.0000,0.0,0.0,0.1600,48.5,72.1,0.280,0,0,0,0,,,,,1029,397,,,,,U2SURP___DNAJA1_unrelaxed_rank_004_alphafold2_multimer_v3_model_2_seed_000.pdb
U2SURP___DNAJA1,5,5,A,B,0.0000,0.0,0.0,0.0000,0.1542,0.0000,0.0000,0.0,0.0,0.1600,47.2,72.3,0.270,0,0,0,0,,,,,1029,397,,,,,U2SURP___DNAJA1_unrelaxed_rank_005_alphafold2_multimer_v3_model_5_seed_000.pdb
XRN2___CHERP,1,1,A,B,0.0000,0.0,0.0,0.0000,0.4073,0.0000,0.0000,0.0,0.0,0.2800,70.2,40.4,0.480,0,0,0,0,,,,,950,916,,,,,XRN2___CHERP_unrelaxed_rank_001_alphafold2_multimer_v3_model_1_seed_000.pdb
XRN2___CHERP,2,2,A,B,0.0000,0.0,0.0,0.0000,0.3292,0.0000,0.0000,0.0,0.0,0.2600,71.6,42.9,0.490,0,0,0,0,,,,,950,916,,,,,XRN2___CHERP_unrelaxed_rank_002_alphafold2_multimer_v3_model_2_seed_000.pdb
XRN2___CHERP,3,5,A,B,0.0000,0.0,0.0,0.0000,0.3047,0.0000,0.0000,0.0,0.0,0.2400,70.9,40.8,0.480,0,0,0,0,,,,,950,916,,,,,XRN2___CHERP_unrelaxed_rank_003_alphafold2_multimer_v3_model_5_seed_000.pdb
XRN2___CHERP,4,4,A,B,0.0000,0.0,0.0,0.0000,0.2917,0.0000,0.0000,0.0,0.0,0.2200,70.1,41.4,0.480,0,0,0,0,,,,,950,916,,,,,XRN2___CHERP_unrelaxed_rank_004_alphafold2_multimer_v3_model_4_seed_000.pdb
XRN2___CHERP,5,3,A,B,0.0000,0.0,0.0,0.0000,0.3718,0.0000,0.0000,0.0,0.0,0.2000,70.1,40.9,0.480,0,0,0,0,,,,,950,916,,,,,XRN2___CHERP_unrelaxed_rank_005_alphafold2_multimer_v3_model_3_seed_000.pdb
ZBTB33___SRSF11,1,2,A,B,0.4029,326.0,131.3,0.1977,0.9227,0.3107,0.5224,1932.0,55.0,0.2400,40.7,32.7,0.240,109,17,19,10,71.4,50.3,72.9,57.1,672,484,"[483-485,492-597]",[419-435],"[505,507-508,511,521-523,525,534-535,537-539,541,549,562,586,588-589]","[421,423-426,428-432]",ZBTB33___SRSF11_unrelaxed_rank_001_alphafold2_multimer_v3_model_2_seed_000.pdb
ZBTB33___SRSF11,2,3,A,B,0.0659,118.3,7.8,0.0119,0.5299,0.0602,0.0720,304.0,46.0,0.2200,40.0,31.1,0.240,105,14,18,13,67.0,39.6,53.3,39.4,672,484,"[414-418,432-438,441-442,444,483,485-486,492-500,502-569,571-573,575,584-589]",[419-432],"[414-418,433-438,442,535,539,549,562,586-587]","[419-425,427-432]",ZBTB33___SRSF11_unrelaxed_rank_002_alphafold2_multimer_v3_model_3_seed_000.pdb
ZBTB33___SRSF11,3,5,A,B,0.0317,30.9,1.0,0.0110,0.5026,0.0296,0.0340,87.0,11.0,0.1700,41.1,32.6,0.220,47,5,7,4,76.7,34.9,69.4,34.7,672,484,"[522,524,526-544,548-555,557-568,571-572,584-587]","[425,427-430]","[533-536,538-539,586]",[427-430],ZBTB33___SRSF11_unrelaxed_rank_003_alphafold2_multimer_v3_model_5_seed_000.pdb
ZBTB33___SRSF11,4,1,A,B,0.0143,4.9,0.1,0.0000,0.4797,0.0128,0.0158,6.0,4.0,0.1600,37.3,30.2,0.230,5,2,4,1,56.8,34.1,55.7,33.4,672,484,"[533-535,538,540]",[428-429],"[533-535,538]",[429],ZBTB33___SRSF11_unrelaxed_rank_004_alphafold2_multimer_v3_model_1_seed_000.pdb
ZBTB33___SRSF11,5,4,A,B,0.0418,51.4,2.1,0.0119,0.5555,0.0334,0.0523,240.0,11.0,0.1600,39.7,31.2,0.230,53,8,7,4,73.1,32.7,64.1,33.4,672,484,"[523-527,529-546,548-555,557-573,584-588]",[424-431],"[533-536,538-539,586]","[427-429,431]",ZBTB33___SRSF11_unrelaxed_rank_005_alphafold2_multimer_v3_model_4_seed_000.pdb
ZFR___PSPC1,1,3,A,B,0.0000,0.0,0.0,0.0000,0.3782,0.0000,0.0000,0.0,0.0,0.2500,44.9,57.8,0.320,0,0,0,0,,,,,1074,523,,,,,ZFR___PSPC1_unrelaxed_rank_001_alphafold2_multimer_v3_model_3_seed_000.pdb
ZFR___PSPC1,2,2,A,B,0.0000,0.0,0.0,0.0000,0.1656,0.0000,0.0000,0.0,0.0,0.1700,46.6,58.1,0.320,0,0,0,0,,,,,1074,523,,,,,ZFR___PSPC1_unrelaxed_rank_002_alphafold2_multimer_v3_model_2_seed_000.pdb
ZFR___PSPC1,3,4,A,B,0.0000,0.0,0.0,0.0000,0.1788,0.0000,0.0000,0.0,0.0,0.1700,44.2,55.8,0.310,0,0,0,0,,,,,1074,523,,,,,ZFR___PSPC1_unrelaxed_rank_003_alphafold2_multimer_v3_model_4_seed_000.pdb
ZFR___PSPC1,4,1,A,B,0.0000,0.0,0.0,0.0000,0.1790,0.0000,0.0000,0.0,0.0,0.1600,45.8,59.3,0.320,0,0,0,0,,,,,1074,523,,,,,ZFR___PSPC1_unrelaxed_rank_004_alphafold2_multimer_v3_model_1_seed_000.pdb
ZFR___PSPC1,5,5,A,B,0.0000,0.0,0.0,0.0000,0.1613,0.0000,0.0000,0.0,0.0,0.1600,45.2,56.9,0.320,0,0,0,0,,,,,1074,523,,,,,ZFR___PSPC1_unrelaxed_rank_005_alphafold2_multimer_v3_model_5_seed_000.pdb
ZFR___SRSF11,1,5,A,B,0.1067,75.4,8.0,0.0158,0.5897,0.0936,0.1216,569.0,10.0,0.2600,47.2,32.2,0.330,209,6,7,4,94.1,46.8,91.6,50.3,1074,484,"[723-724,726-730,732-764,784-836,840-856,860-872,893-917,919,921-924,926-935,939,942-944,946-956,964,967,969-971,973-974,976,987-991,997-998,1002-1011,1015-1017,1019-1020,1030]",[479-484],"[756,786-789,795,811]",[480-483],ZFR___SRSF11_unrelaxed_rank_001_alphafold2_multimer_v3_model_5_seed_000.pdb
ZFR___SRSF11,2,3,A,B,0.0000,0.0,0.0,0.0000,0.3966,0.0146,0.0000,8.0,0.0,0.2200,46.9,31.0,0.330,8,1,0,0,94.6,39.8,,,1074,484,"[740,744,793,806-807,863,948,952]",[481],,,ZFR___SRSF11_unrelaxed_rank_002_alphafold2_multimer_v3_model_3_seed_000.pdb
ZFR___SRSF11,3,1,A,B,0.0000,0.0,0.0,0.0000,0.4039,0.0000,0.0000,0.0,0.0,0.2100,47.0,31.6,0.330,0,0,0,0,,,,,1074,484,,,,,ZFR___SRSF11_unrelaxed_rank_003_alphafold2_multimer_v3_model_1_seed_000.pdb
ZFR___SRSF11,4,2,A,B,0.0000,0.0,0.0,0.0000,0.3482,0.0000,0.0000,0.0,0.0,0.1900,47.4,32.2,0.330,0,0,0,0,,,,,1074,484,,,,,ZFR___SRSF11_unrelaxed_rank_004_alphafold2_multimer_v3_model_2_seed_000.pdb
ZFR___SRSF11,5,4,A,B,0.0000,0.0,0.0,0.0000,0.2540,0.0000,0.0000,0.0,0.0,0.1800,45.9,29.9,0.320,0,0,0,0,,,,,1074,484,,,,,ZFR___SRSF11_unrelaxed_rank_005_alphafold2_multimer_v3_model_4_seed_000.pdb
ZFR___ZNF503,1,2,A,B,0.5142,1158.6,595.8,0.5960,0.9838,0.4430,0.5969,9387.0,143.0,0.3800,48.1,21.7,0.340,312,25,35,17,90.0,59.9,92.1,65.6,1074,646,"[718-772,778-879,886-1040]",[104-128],"[728,731,735-736,741,744-745,748-749,752-753,755-756,759,783,785-790,794-799,810,913,917-918,921-924]","[106,108-109,111-114,116-124,127]",ZFR___ZNF503_unrelaxed_rank_001_alphafold2_multimer_v3_model_2_seed_000.pdb
ZFR___ZNF503,2,4,A,B,0.0916,76.3,7.0,0.0152,0.6547,0.0745,0.1127,364.0,16.0,0.2700,44.3,20.0,0.330,169,5,8,3,87.2,39.8,82.1,42.4,1074,646,"[725,727-747,749-754,756-758,787-802,804-812,818,820-821,823-825,831-832,840,842,845-846,848-849,851-853,860,862-868,894-928,930-936,938-939,943,945-955,964,967-976,989,992,997-999,1003,1005-1007,1009-1011,1013-1014,1016-1018,1020-1021,1027,1029]",[498-502],"[738,741-742,744-745,794,797,799]","[498,500-501]",ZFR___ZNF503_unrelaxed_rank_002_alphafold2_multimer_v3_model_4_seed_000.pdb
ZFR___ZNF503,3,5,A,B,0.1113,169.6,18.9,0.0171,0.6784,0.1047,0.1183,1106.0,26.0,0.2700,46.1,19.3,0.330,254,8,15,5,91.1,34.8,86.4,37.4,1074,646,"[722-762,785-813,815-835,840-856,859-872,893-957,960-981,987-992,996-1034]",[498-505],"[736,738,741-742,744-745,797,799,917-918,920-924]","[498-501,505]",ZFR___ZNF503_unrelaxed_rank_003_alphafold2_multimer_v3_model_5_seed_000.pdb
ZFR___ZNF503,4,3,A,B,0.0000,0.0,0.0,0.0000,0.4444,0.0000,0.0000,0.0,0.0,0.2300,45.5,19.0,0.330,0,0,0,0,,,,,1074,646,,,,,ZFR___ZNF503_unrelaxed_rank_004_alphafold2_multimer_v3_model_3_seed_000.pdb
ZFR___ZNF503,5,1,A,B,0.0384,48.5,1.9,0.0130,0.5962,0.0302,0.0489,235.0,10.0,0.2200,46.3,20.9,0.330,151,5,9,2,91.2,33.5,88.9,34.9,1074,646,"[726-730,732-734,737,739-740,743-763,784-796,798-801,805-819,821-835,840-848,851-854,860-872,894-901,906-911,913-915,924-930,932-933,935,943,946,948,950-951,954-955,967,969,971,974-975,988,991,1006-1007,1009-1010,1020]",[173-177],"[752,755-756,759,786-789,811]",[175-176],ZFR___ZNF503_unrelaxed_rank_005_alphafold2_multimer_v3_model_1_seed_000.pdb
ZNF503___PRDX1,1,3,A,B,0.0000,0.0,0.0,0.0000,0.3291,0.0000,0.0000,0.0,0.0,0.3200,23.4,92.1,0.320,0,0,0,0,,,,,646,199,,,,,ZNF503___PRDX1_unrelaxed_rank_001_alphafold2_multimer_v3_model_3_seed_000.pdb
ZNF503___PRDX1,2,4,A,B,0.0000,0.0,0.0,0.0000,0.0000,0.0000,0.0000,0.0,0.0,0.2600,22.7,90.7,0.300,0,0,0,0,,,,,646,199,,,,,ZNF503___PRDX1_unrelaxed_rank_002_alphafold2_multimer_v3_model_4_seed_000.pdb
ZNF503___PRDX1,3,2,A,B,0.0000,0.0,0.0,0.0000,0.1953,0.0000,0.0000,0.0,0.0,0.2300,22.1,91.6,0.320,0,0,0,0,,,,,646,199,,,,,ZNF503___PRDX1_unrelaxed_rank_003_alphafold2_multimer_v3_model_2_seed_000.pdb
ZNF503___PRDX1,4,5,A,B,0.0000,0.0,0.0,0.0000,0.1796,0.0000,0.0000,0.0,0.0,0.2200,22.9,89.4,0.310,0,0,0,0,,,,,646,199,,,,,ZNF503___PRDX1_unrelaxed_rank_004_alphafold2_multimer_v3_model_5_seed_000.pdb
ZNF503___PRDX1,5,1,A,B,0.0000,0.0,0.0,0.0000,0.1538,0.0000,0.0000,0.0,0.0,0.1800,26.7,90.0,0.320,0,0,0,0,,,,,646,199,,,,,ZNF503___PRDX1_unrelaxed_rank_005_alphafold2_multimer_v3_model_1_seed_000.pdb
