name,rank,model,chain_i,chain_j,iLIS,iLIA,iLISA,ipSAE,actifpTM,LIS,cLIS,LIA,cLIA,ipTM,pLDDT_i,pLDDT_j,pTM,LIR_i,LIR_j,cLIR_i,cLIR_j,LIpLDDT_i,LIpLDDT_j,cLIpLDDT_i,cLIpLDDT_j,len_i,len_j,LIR_indices_i,LIR_indices_j,cLIR_indices_i,cLIR_indices_j,structure_file
AGAP3___HMGB1,1,4,A,B,0.0000,0.0,0.0,0.0000,0.2068,0.0000,0.0000,0.0,0.0,0.2000,59.3,49.2,0.320,0,0,0,0,,,,,875,215,,,,,AGAP3___HMGB1_unrelaxed_rank_001_alphafold2_multimer_v3_model_4_seed_000.pdb
AGAP3___HMGB1,2,5,A,B,0.0000,0.0,0.0,0.0000,0.1429,0.0000,0.0000,0.0,0.0,0.1700,60.7,56.3,0.320,0,0,0,0,,,,,875,215,,,,,AGAP3___HMGB1_unrelaxed_rank_002_alphafold2_multimer_v3_model_5_seed_000.pdb
AGAP3___HMGB1,3,1,A,B,0.0000,0.0,0.0,0.0000,0.1440,0.0000,0.0000,0.0,0.0,0.1700,59.3,47.6,0.310,0,0,0,0,,,,,875,215,,,,,AGAP3___HMGB1_unrelaxed_rank_003_alphafold2_multimer_v3_model_1_seed_000.pdb
AGAP3___HMGB1,4,2,A,B,0.0000,0.0,0.0,0.0000,0.1493,0.0000,0.0000,0.0,0.0,0.1600,60.9,50.0,0.310,0,0,0,0,,,,,875,215,,,,,AGAP3___HMGB1_unrelaxed_rank_004_alphafold2_multimer_v3_model_2_seed_000.pdb
AGAP3___HMGB1,5,3,A,B,0.0000,0.0,0.0,0.0000,0.1511,0.0000,0.0000,0.0,0.0,0.1500,60.4,55.7,0.310,0,0,0,0,,,,,875,215,,,,,AGAP3___HMGB1_unrelaxed_rank_005_alphafold2_multimer_v3_model_3_seed_000.pdb
ATXN2L___SRSF11,1,4,A,B,0.0000,0.0,0.0,0.0000,0.4902,0.0000,0.0000,0.0,0.0,0.2200,25.2,31.6,0.230,0,0,0,0,,,,,1075,484,,,,,ATXN2L___SRSF11_unrelaxed_rank_001_alphafold2_multimer_v3_model_4_seed_000.pdb
ATXN2L___SRSF11,2,1,A,B,0.0000,0.0,0.0,0.0000,0.2154,0.0000,0.0000,0.0,0.0,0.1800,25.4,32.3,0.220,0,0,0,0,,,,,1075,484,,,,,ATXN2L___SRSF11_unrelaxed_rank_002_alphafold2_multimer_v3_model_1_seed_000.pdb
ATXN2L___SRSF11,3,2,A,B,0.0000,0.0,0.0,0.0000,0.2444,0.0000,0.0000,0.0,0.0,0.1700,25.3,34.1,0.220,0,0,0,0,,,,,1075,484,,,,,ATXN2L___SRSF11_unrelaxed_rank_003_alphafold2_multimer_v3_model_2_seed_000.pdb
ATXN2L___SRSF11,4,3,A,B,0.0000,0.0,0.0,0.0000,0.2214,0.0000,0.0000,0.0,0.0,0.1700,26.0,31.9,0.210,0,0,0,0,,,,,1075,484,,,,,ATXN2L___SRSF11_unrelaxed_rank_004_alphafold2_multimer_v3_model_3_seed_000.pdb
ATXN2L___SRSF11,5,5,A,B,0.0000,0.0,0.0,0.0000,0.1440,0.0000,0.0000,0.0,0.0,0.1600,27.8,33.0,0.220,0,0,0,0,,,,,1075,484,,,,,ATXN2L___SRSF11_unrelaxed_rank_005_alphafold2_multimer_v3_model_5_seed_000.pdb
ATXN2L___STIP1,1,2,A,B,0.0000,0.0,0.0,0.0000,0.2483,0.0000,0.0000,0.0,0.0,0.1800,24.0,83.2,0.300,0,0,0,0,,,,,1075,543,,,,,ATXN2L___STIP1_unrelaxed_rank_001_alphafold2_multimer_v3_model_2_seed_000.pdb
ATXN2L___STIP1,2,1,A,B,0.0000,0.0,0.0,0.0000,0.1919,0.0000,0.0000,0.0,0.0,0.1800,24.5,81.5,0.290,0,0,0,0,,,,,1075,543,,,,,ATXN2L___STIP1_unrelaxed_rank_002_alphafold2_multimer_v3_model_1_seed_000.pdb
ATXN2L___STIP1,3,3,A,B,0.0000,0.0,0.0,0.0000,0.2220,0.0000,0.0000,0.0,0.0,0.1700,24.0,79.6,0.290,0,0,0,0,,,,,1075,543,,,,,ATXN2L___STIP1_unrelaxed_rank_003_alphafold2_multimer_v3_model_3_seed_000.pdb
ATXN2L___STIP1,4,5,A,B,0.0000,0.0,0.0,0.0000,0.0000,0.0000,0.0000,0.0,0.0,0.1700,24.6,81.5,0.300,0,0,0,0,,,,,1075,543,,,,,ATXN2L___STIP1_unrelaxed_rank_004_alphafold2_multimer_v3_model_5_seed_000.pdb
ATXN2L___STIP1,5,4,A,B,0.0000,0.0,0.0,0.0000,0.1864,0.0000,0.0000,0.0,0.0,0.1600,22.5,78.1,0.280,0,0,0,0,,,,,1075,543,,,,,ATXN2L___STIP1_unrelaxed_rank_005_alphafold2_multimer_v3_model_4_seed_000.pdb
CCAR2___PSPC1,1,1,A,B,0.0000,0.0,0.0,0.0000,0.1765,0.0000,0.0000,0.0,0.0,0.1800,57.1,56.5,0.400,0,0,0,0,,,,,923,523,,,,,CCAR2___PSPC1_unrelaxed_rank_001_alphafold2_multimer_v3_model_1_seed_000.pdb
CCAR2___PSPC1,2,2,A,B,0.0000,0.0,0.0,0.0000,0.1556,0.0000,0.0000,0.0,0.0,0.1600,58.1,56.8,0.400,0,0,0,0,,,,,923,523,,,,,CCAR2___PSPC1_unrelaxed_rank_002_alphafold2_multimer_v3_model_2_seed_000.pdb
CCAR2___PSPC1,3,4,A,B,0.0000,0.0,0.0,0.0000,0.1899,0.0000,0.0000,0.0,0.0,0.1700,53.5,52.8,0.380,0,0,0,0,,,,,923,523,,,,,CCAR2___PSPC1_unrelaxed_rank_003_alphafold2_multimer_v3_model_4_seed_000.pdb
CCAR2___PSPC1,4,5,A,B,0.0000,0.0,0.0,0.0000,0.1497,0.0000,0.0000,0.0,0.0,0.1600,57.2,56.1,0.400,0,0,0,0,,,,,923,523,,,,,CCAR2___PSPC1_unrelaxed_rank_004_alphafold2_multimer_v3_model_5_seed_000.pdb
CCAR2___PSPC1,5,3,A,B,0.0000,0.0,0.0,0.0000,0.1417,0.0000,0.0000,0.0,0.0,0.1600,55.7,57.0,0.390,0,0,0,0,,,,,923,523,,,,,CCAR2___PSPC1_unrelaxed_rank_005_alphafold2_multimer_v3_model_3_seed_000.pdb
CCAR2___TXN,1,4,A,B,0.0000,0.0,0.0,0.0000,0.2112,0.0000,0.0000,0.0,0.0,0.2600,56.7,74.5,0.480,0,0,0,0,,,,,923,105,,,,,CCAR2___TXN_unrelaxed_rank_001_alphafold2_multimer_v3_model_4_seed_000.pdb
CCAR2___TXN,2,3,A,B,0.0000,0.0,0.0,0.0000,0.2009,0.0000,0.0000,0.0,0.0,0.2400,57.4,82.6,0.480,0,0,0,0,,,,,923,105,,,,,CCAR2___TXN_unrelaxed_rank_002_alphafold2_multimer_v3_model_3_seed_000.pdb
CCAR2___TXN,3,5,A,B,0.0000,0.0,0.0,0.0000,0.1876,0.0000,0.0000,0.0,0.0,0.2200,58.1,83.0,0.490,0,0,0,0,,,,,923,105,,,,,CCAR2___TXN_unrelaxed_rank_003_alphafold2_multimer_v3_model_5_seed_000.pdb
CCAR2___TXN,4,1,A,B,0.0000,0.0,0.0,0.0000,0.1658,0.0000,0.0000,0.0,0.0,0.1700,57.6,79.2,0.470,0,0,0,0,,,,,923,105,,,,,CCAR2___TXN_unrelaxed_rank_004_alphafold2_multimer_v3_model_1_seed_000.pdb
CCAR2___TXN,5,2,A,B,0.0000,0.0,0.0,0.0000,0.1514,0.0000,0.0000,0.0,0.0,0.1600,58.9,83.5,0.490,0,0,0,0,,,,,923,105,,,,,CCAR2___TXN_unrelaxed_rank_005_alphafold2_multimer_v3_model_2_seed_000.pdb
CDK4___STIP1,1,3,A,B,0.0000,0.0,0.0,0.0000,0.2418,0.0000,0.0000,0.0,0.0,0.2600,71.9,78.1,0.390,0,0,0,0,,,,,303,543,,,,,CDK4___STIP1_unrelaxed_rank_001_alphafold2_multimer_v3_model_3_seed_000.pdb
CDK4___STIP1,2,1,A,B,0.0000,0.0,0.0,0.0000,0.1429,0.0000,0.0000,0.0,0.0,0.1900,72.5,78.9,0.380,0,0,0,0,,,,,303,543,,,,,CDK4___STIP1_unrelaxed_rank_002_alphafold2_multimer_v3_model_1_seed_000.pdb
CDK4___STIP1,3,4,A,B,0.0000,0.0,0.0,0.0000,0.1500,0.0000,0.0000,0.0,0.0,0.1900,71.6,77.5,0.380,0,0,0,0,,,,,303,543,,,,,CDK4___STIP1_unrelaxed_rank_003_alphafold2_multimer_v3_model_4_seed_000.pdb
CDK4___STIP1,4,2,A,B,0.0000,0.0,0.0,0.0000,0.1404,0.0000,0.0000,0.0,0.0,0.1800,72.6,80.5,0.370,0,0,0,0,,,,,303,543,,,,,CDK4___STIP1_unrelaxed_rank_004_alphafold2_multimer_v3_model_2_seed_000.pdb
CDK4___STIP1,5,5,A,B,0.0000,0.0,0.0,0.0000,0.1259,0.0000,0.0000,0.0,0.0,0.1600,71.1,78.9,0.370,0,0,0,0,,,,,303,543,,,,,CDK4___STIP1_unrelaxed_rank_005_alphafold2_multimer_v3_model_5_seed_000.pdb
CHERP___LUC7L2,1,4,A,B,0.0000,0.0,0.0,0.0000,0.2936,0.0000,0.0000,0.0,0.0,0.2100,47.5,58.1,0.310,0,0,0,0,,,,,916,392,,,,,CHERP___LUC7L2_unrelaxed_rank_001_alphafold2_multimer_v3_model_4_seed_000.pdb
CHERP___LUC7L2,2,1,A,B,0.0000,0.0,0.0,0.0000,0.2438,0.0000,0.0000,0.0,0.0,0.2000,47.2,55.6,0.310,0,0,0,0,,,,,916,392,,,,,CHERP___LUC7L2_unrelaxed_rank_002_alphafold2_multimer_v3_model_1_seed_000.pdb
CHERP___LUC7L2,3,2,A,B,0.0000,0.0,0.0,0.0000,0.1997,0.0000,0.0000,0.0,0.0,0.2000,47.2,60.5,0.310,0,0,0,0,,,,,916,392,,,,,CHERP___LUC7L2_unrelaxed_rank_003_alphafold2_multimer_v3_model_2_seed_000.pdb
CHERP___LUC7L2,4,3,A,B,0.0000,0.0,0.0,0.0000,0.2003,0.0000,0.0000,0.0,0.0,0.1900,46.6,57.6,0.300,0,0,0,0,,,,,916,392,,,,,CHERP___LUC7L2_unrelaxed_rank_004_alphafold2_multimer_v3_model_3_seed_000.pdb
CHERP___LUC7L2,5,5,A,B,0.0000,0.0,0.0,0.0000,0.2419,0.0000,0.0000,0.0,0.0,0.1900,45.8,57.3,0.300,0,0,0,0,,,,,916,392,,,,,CHERP___LUC7L2_unrelaxed_rank_005_alphafold2_multimer_v3_model_5_seed_000.pdb
CHERP___PCCA,1,4,A,B,0.2758,865.1,238.6,0.2193,0.9524,0.1639,0.4639,25808.0,29.0,0.5000,44.1,82.3,0.490,92,477,10,10,71.2,90.6,71.3,61.5,916,728,[634-725],"[63-141,151-157,161-164,268-276,279,281,284-294,296-326,329,331-340,342-348,350-351,353-381,386,388,391-665,720-727]","[644-646,648,671-672,694-697]","[540,546,548-549,551-552,651,653-654,656]",CHERP___PCCA_unrelaxed_rank_001_alphafold2_multimer_v3_model_4_seed_000.pdb
CHERP___PCCA,2,3,A,B,0.2803,384.4,107.7,0.0868,0.9263,0.1382,0.5684,6716.0,22.0,0.4700,44.3,83.4,0.500,74,394,5,6,72.2,92.2,72.7,69.8,916,728,"[641-659,670-724]","[65-69,71,73-85,87-94,96-97,100-108,110-111,114,116-117,121,126-131,138-139,162-163,268-275,287-293,298,300-305,308,312-321,335-339,357-365,368-378,380,386,393-407,412-433,435-445,448-498,500-541,558-575,580-671,673,677,689-690,697-704,706-707,710,712-713,717-728]","[690,694-697]",[651-656],CHERP___PCCA_unrelaxed_rank_002_alphafold2_multimer_v3_model_3_seed_000.pdb
CHERP___PCCA,3,5,A,B,0.2641,325.5,86.0,0.0674,0.9065,0.1398,0.4989,6621.0,16.0,0.4600,43.6,83.5,0.490,76,366,4,5,66.3,92.8,67.8,65.9,916,728,"[639-659,668-722]","[65-69,71,73-85,87-94,100-108,110-111,114,116,120-122,126-128,130-131,138-140,152-153,162-164,268-275,285,287-293,298,300-305,308,310,312-325,332,335-337,339,344,347,357-365,368-378,380,386,393-407,413-426,428-432,436-441,443-444,449-498,500-541,543,547-549,552,556,558-575,580-663]","[690,694,696-697]","[651-654,656]",CHERP___PCCA_unrelaxed_rank_003_alphafold2_multimer_v3_model_5_seed_000.pdb
CHERP___PCCA,4,2,A,B,0.0000,0.0,0.0,0.0000,0.2475,0.0000,0.0000,0.0,0.0,0.2000,44.3,84.5,0.480,0,0,0,0,,,,,916,728,,,,,CHERP___PCCA_unrelaxed_rank_004_alphafold2_multimer_v3_model_2_seed_000.pdb
CHERP___PCCA,5,1,A,B,0.0000,0.0,0.0,0.0000,0.2203,0.0000,0.0000,0.0,0.0,0.1900,40.2,83.7,0.480,0,0,0,0,,,,,916,728,,,,,CHERP___PCCA_unrelaxed_rank_005_alphafold2_multimer_v3_model_1_seed_000.pdb
CIZ1___FUBP3,1,1,A,B,0.0000,0.0,0.0,0.0000,0.2818,0.0000,0.0000,0.0,0.0,0.1900,26.1,44.6,0.210,0,0,0,0,,,,,898,572,,,,,CIZ1___FUBP3_unrelaxed_rank_001_alphafold2_multimer_v3_model_1_seed_000.pdb
CIZ1___FUBP3,2,2,A,B,0.0000,0.0,0.0,0.0000,0.3081,0.0000,0.0000,0.0,0.0,0.1900,28.4,51.0,0.210,0,0,0,0,,,,,898,572,,,,,CIZ1___FUBP3_unrelaxed_rank_002_alphafold2_multimer_v3_model_2_seed_000.pdb
CIZ1___FUBP3,3,4,A,B,0.0475,21.0,1.0,0.0123,0.5483,0.0687,0.0329,220.0,2.0,0.1900,25.4,45.3,0.210,36,10,2,1,56.4,38.3,60.7,36.8,898,572,"[593-626,634,637]",[546-555],"[609,612]",[554],CIZ1___FUBP3_unrelaxed_rank_003_alphafold2_multimer_v3_model_4_seed_000.pdb
CIZ1___FUBP3,4,3,A,B,0.0000,0.0,0.0,0.0000,0.3523,0.0000,0.0000,0.0,0.0,0.1900,24.9,45.6,0.210,0,0,0,0,,,,,898,572,,,,,CIZ1___FUBP3_unrelaxed_rank_004_alphafold2_multimer_v3_model_3_seed_000.pdb
CIZ1___FUBP3,5,5,A,B,0.0000,0.0,0.0,0.0000,0.1885,0.0000,0.0000,0.0,0.0,0.1800,27.0,50.2,0.210,0,0,0,0,,,,,898,572,,,,,CIZ1___FUBP3_unrelaxed_rank_005_alphafold2_multimer_v3_model_5_seed_000.pdb
CIZ1___PPP1R10,1,5,A,B,0.0000,0.0,0.0,0.0000,0.2983,0.0000,0.0000,0.0,0.0,0.1900,26.5,31.0,0.240,0,0,0,0,,,,,898,940,,,,,CIZ1___PPP1R10_unrelaxed_rank_001_alphafold2_multimer_v3_model_5_seed_000.pdb
CIZ1___PPP1R10,2,1,A,B,0.0000,0.0,0.0,0.0000,0.2410,0.0000,0.0000,0.0,0.0,0.1900,25.3,30.8,0.240,0,0,0,0,,,,,898,940,,,,,CIZ1___PPP1R10_unrelaxed_rank_002_alphafold2_multimer_v3_model_1_seed_000.pdb
CIZ1___PPP1R10,3,2,A,B,0.0000,0.0,0.0,0.0000,0.2329,0.0000,0.0000,0.0,0.0,0.1900,27.3,32.4,0.250,0,0,0,0,,,,,898,940,,,,,CIZ1___PPP1R10_unrelaxed_rank_003_alphafold2_multimer_v3_model_2_seed_000.pdb
CIZ1___PPP1R10,4,3,A,B,0.0000,0.0,0.0,0.0000,0.4011,0.0000,0.0000,0.0,0.0,0.1900,24.9,30.4,0.240,0,0,0,0,,,,,898,940,,,,,CIZ1___PPP1R10_unrelaxed_rank_004_alphafold2_multimer_v3_model_3_seed_000.pdb
CIZ1___PPP1R10,5,4,A,B,0.0000,0.0,0.0,0.0000,0.3537,0.0000,0.0000,0.0,0.0,0.1900,24.9,31.7,0.230,0,0,0,0,,,,,898,940,,,,,CIZ1___PPP1R10_unrelaxed_rank_005_alphafold2_multimer_v3_model_4_seed_000.pdb
CIZ1___PTBP1,1,5,A,B,0.4928,369.8,182.2,0.3405,0.9723,0.3890,0.6242,1899.0,72.0,0.3000,25.5,66.8,0.270,14,106,11,15,45.3,84.4,49.3,79.8,898,557,[154-167],[178-283],"[155-164,167]","[192-194,199,202-203,241,244-250,253]",CIZ1___PTBP1_unrelaxed_rank_001_alphafold2_multimer_v3_model_5_seed_000.pdb
CIZ1___PTBP1,2,3,A,B,0.3346,292.3,97.8,0.1218,0.9154,0.2517,0.4449,1356.0,63.0,0.2900,25.9,63.1,0.270,14,102,9,14,45.2,80.9,50.5,77.3,898,557,[154-167],[180-281],"[156,158-164,167]","[192-193,199,202-203,241,244-250,253]",CIZ1___PTBP1_unrelaxed_rank_002_alphafold2_multimer_v3_model_3_seed_000.pdb
CIZ1___PTBP1,3,2,A,B,0.2573,250.8,64.5,0.0883,0.8232,0.2010,0.3295,1048.0,60.0,0.2800,28.0,66.8,0.270,10,98,9,15,47.5,84.1,49.3,79.9,898,557,[156-165],"[181-277,280]",[156-164],"[192-193,199,202-203,241,243-250,253]",CIZ1___PTBP1_unrelaxed_rank_003_alphafold2_multimer_v3_model_2_seed_000.pdb
CIZ1___PTBP1,4,1,A,B,0.1886,150.3,28.3,0.0271,0.7380,0.1497,0.2377,502.0,45.0,0.2700,25.5,59.4,0.270,8,92,7,13,37.4,72.9,38.5,65.7,898,557,[157-164],"[182-218,220-260,262-263,265,267-277]",[158-164],"[192-193,199,202-203,241,244-249,253]",CIZ1___PTBP1_unrelaxed_rank_004_alphafold2_multimer_v3_model_1_seed_000.pdb
CIZ1___PTBP1,5,4,A,B,0.1544,125.5,19.4,0.0163,0.6920,0.1347,0.1769,384.0,41.0,0.2500,25.4,61.4,0.270,8,92,6,13,37.4,74.6,39.8,69.4,898,557,[157-164],"[183-218,220-268,271-277]",[158-163],"[193,199,202-203,206,240-241,244-248,251]",CIZ1___PTBP1_unrelaxed_rank_005_alphafold2_multimer_v3_model_4_seed_000.pdb
CIZ1___SAFB,1,2,A,B,0.6591,505.1,332.9,0.5896,0.9931,0.5316,0.8172,2501.0,102.0,0.2500,30.2,32.9,0.230,22,88,12,21,57.0,81.4,72.8,84.2,898,915,[724-745],[400-487],[730-741],"[418-420,422-423,432-442,444-445,448-449,453]",CIZ1___SAFB_unrelaxed_rank_001_alphafold2_multimer_v3_model_2_seed_000.pdb
CIZ1___SAFB,2,3,A,B,0.6506,518.0,337.0,0.5806,0.9925,0.5235,0.8086,2555.0,105.0,0.2500,28.7,32.1,0.230,23,87,13,23,55.0,79.7,68.9,81.5,898,915,[723-745],[401-487],"[724,730-741]","[409,418-420,422-423,432-442,444-445,448-449,451,453]",CIZ1___SAFB_unrelaxed_rank_002_alphafold2_multimer_v3_model_3_seed_000.pdb
CIZ1___SAFB,3,1,A,B,0.6304,493.8,311.3,0.5297,0.9922,0.5141,0.7731,2258.0,108.0,0.2500,27.4,31.2,0.230,20,87,13,22,50.3,74.8,59.6,72.9,898,915,[725-744],[401-487],"[727,730-741]","[418-420,422-423,432-442,444-445,448-449,453,486]",CIZ1___SAFB_unrelaxed_rank_003_alphafold2_multimer_v3_model_1_seed_000.pdb
CIZ1___SAFB,4,5,A,B,0.6652,515.7,343.0,0.5949,0.9935,0.5534,0.7996,2440.0,109.0,0.2400,28.9,31.9,0.230,22,85,14,21,54.9,82.9,66.3,83.3,898,915,[724-745],[401-485],"[727,729-740,743]","[418-420,422-423,432-442,444-445,448-449,453]",CIZ1___SAFB_unrelaxed_rank_004_alphafold2_multimer_v3_model_5_seed_000.pdb
CIZ1___SAFB,5,4,A,B,0.6619,500.0,330.9,0.5903,0.9932,0.5460,0.8023,2315.0,108.0,0.2400,28.9,30.1,0.220,21,86,13,22,55.6,80.2,68.8,81.5,898,915,[725-745],[401-486],[729-741],"[418-420,422-423,432-442,444-445,448-449,451,453]",CIZ1___SAFB_unrelaxed_rank_005_alphafold2_multimer_v3_model_4_seed_000.pdb
CSTB___FUBP3,1,4,A,B,0.0000,0.0,0.0,0.0000,0.2395,0.0000,0.0000,0.0,0.0,0.2900,78.7,45.6,0.270,0,0,0,0,,,,,98,572,,,,,CSTB___FUBP3_unrelaxed_rank_001_alphafold2_multimer_v3_model_4_seed_000.pdb
CSTB___FUBP3,2,1,A,B,0.0000,0.0,0.0,0.0000,0.1762,0.0000,0.0000,0.0,0.0,0.2200,76.3,49.7,0.240,0,0,0,0,,,,,98,572,,,,,CSTB___FUBP3_unrelaxed_rank_002_alphafold2_multimer_v3_model_1_seed_000.pdb
CSTB___FUBP3,3,5,A,B,0.0000,0.0,0.0,0.0000,0.1473,0.0000,0.0000,0.0,0.0,0.2000,79.1,47.9,0.240,0,0,0,0,,,,,98,572,,,,,CSTB___FUBP3_unrelaxed_rank_003_alphafold2_multimer_v3_model_5_seed_000.pdb
CSTB___FUBP3,4,3,A,B,0.0000,0.0,0.0,0.0000,0.1453,0.0000,0.0000,0.0,0.0,0.1700,73.0,46.6,0.230,0,0,0,0,,,,,98,572,,,,,CSTB___FUBP3_unrelaxed_rank_004_alphafold2_multimer_v3_model_3_seed_000.pdb
CSTB___FUBP3,5,2,A,B,0.0000,0.0,0.0,0.0000,0.1425,0.0000,0.0000,0.0,0.0,0.1600,75.9,49.5,0.230,0,0,0,0,,,,,98,572,,,,,CSTB___FUBP3_unrelaxed_rank_005_alphafold2_multimer_v3_model_2_seed_000.pdb
CSTB___RPS12,1,2,A,B,0.2405,1064.3,255.9,0.1895,0.5928,0.1712,0.3379,10204.0,111.0,0.4300,76.0,74.6,0.620,97,120,18,23,76.0,78.5,61.7,68.2,98,132,"[1-60,62-98]",[12-131],"[3-6,46-52,70,73-75,83,96-97]","[19-20,22-24,26-29,84,86-94,97-100]",CSTB___RPS12_unrelaxed_rank_001_alphafold2_multimer_v3_model_2_seed_000.pdb
CSTB___RPS12,2,1,A,B,0.0168,8.9,0.1,0.0000,0.1791,0.0177,0.0158,40.0,2.0,0.2200,71.7,74.1,0.550,21,12,2,2,79.1,74.9,63.2,68.1,98,132,"[17,19-20,25,42-45,48,51-55,57,64-65,67,69-70,82]","[22,26,82,86,88-92,106,108-109]","[48,70]","[26,90]",CSTB___RPS12_unrelaxed_rank_002_alphafold2_multimer_v3_model_1_seed_000.pdb
CSTB___RPS12,3,3,A,B,0.0450,13.6,0.6,0.0115,0.1742,0.0426,0.0474,46.0,4.0,0.2100,70.4,70.8,0.530,10,21,2,4,69.6,77.4,59.3,67.9,98,132,"[45,48-49,51-55,65,69]","[24,32,48,50-55,66,75-76,78-81,83,109-112]","[48,52]","[54,78-80]",CSTB___RPS12_unrelaxed_rank_003_alphafold2_multimer_v3_model_3_seed_000.pdb
CSTB___RPS12,4,4,A,B,0.0593,61.4,3.6,0.0111,0.2130,0.0479,0.0733,236.0,16.0,0.1900,75.0,74.2,0.530,42,49,5,7,79.9,78.4,54.6,68.8,98,132,"[11,14,16-22,24-26,28-29,39-56,58,65-72,81]","[14-28,31-33,49,51-52,54,63,66,70,75-79,81,83-94,106,108-112]",[46-50],"[26,86,89-92,106]",CSTB___RPS12_unrelaxed_rank_004_alphafold2_multimer_v3_model_4_seed_000.pdb
CSTB___RPS12,5,5,A,B,0.0000,0.0,0.0,0.0000,0.1158,0.0000,0.0000,0.0,0.0,0.1600,72.5,65.1,0.480,0,0,0,0,,,,,98,132,,,,,CSTB___RPS12_unrelaxed_rank_005_alphafold2_multimer_v3_model_5_seed_000.pdb
CSTB___SRSF11,1,4,A,B,0.0262,8.8,0.2,0.0000,0.3206,0.0239,0.0287,13.0,6.0,0.2200,83.7,35.5,0.260,7,5,2,3,74.8,77.5,61.9,73.2,98,484,"[42,47-49,51,54,71]","[37,96-97,105-106]",[48-49],"[96-97,106]",CSTB___SRSF11_unrelaxed_rank_001_alphafold2_multimer_v3_model_4_seed_000.pdb
CSTB___SRSF11,2,1,A,B,0.0000,0.0,0.0,0.0000,0.2630,0.0000,0.0000,0.0,0.0,0.2100,84.9,35.4,0.260,0,0,0,0,,,,,98,484,,,,,CSTB___SRSF11_unrelaxed_rank_002_alphafold2_multimer_v3_model_1_seed_000.pdb
CSTB___SRSF11,3,3,A,B,0.0000,0.0,0.0,0.0000,0.2520,0.0000,0.0000,0.0,0.0,0.2000,82.2,36.1,0.260,0,0,0,0,,,,,98,484,,,,,CSTB___SRSF11_unrelaxed_rank_003_alphafold2_multimer_v3_model_3_seed_000.pdb
CSTB___SRSF11,4,2,A,B,0.0000,0.0,0.0,0.0000,0.2387,0.0000,0.0000,0.0,0.0,0.1800,84.2,36.1,0.260,0,0,0,0,,,,,98,484,,,,,CSTB___SRSF11_unrelaxed_rank_004_alphafold2_multimer_v3_model_2_seed_000.pdb
CSTB___SRSF11,5,5,A,B,0.0000,0.0,0.0,0.0000,0.2617,0.0000,0.0000,0.0,0.0,0.1800,83.8,35.0,0.250,0,0,0,0,,,,,98,484,,,,,CSTB___SRSF11_unrelaxed_rank_005_alphafold2_multimer_v3_model_5_seed_000.pdb
DDX17___DAZAP1,1,5,A,B,0.1311,153.9,20.2,0.0182,0.7229,0.1193,0.1440,789.0,30.0,0.2200,60.7,39.8,0.390,157,6,12,6,87.5,35.2,86.4,35.2,729,407,"[388-479,484,486-509,511,514-552]",[402-407],"[391,393,395,408-413,415,517,519]",[402-407],DDX17___DAZAP1_unrelaxed_rank_001_alphafold2_multimer_v3_model_5_seed_000.pdb
DDX17___DAZAP1,2,3,A,B,0.0000,0.0,0.0,0.0000,0.1946,0.0000,0.0000,0.0,0.0,0.1600,61.5,38.6,0.440,0,0,0,0,,,,,729,407,,,,,DDX17___DAZAP1_unrelaxed_rank_002_alphafold2_multimer_v3_model_3_seed_000.pdb
DDX17___DAZAP1,3,2,A,B,0.0000,0.0,0.0,0.0000,0.2450,0.0000,0.0000,0.0,0.0,0.1600,61.5,38.0,0.410,0,0,0,0,,,,,729,407,,,,,DDX17___DAZAP1_unrelaxed_rank_003_alphafold2_multimer_v3_model_2_seed_000.pdb
DDX17___DAZAP1,4,4,A,B,0.0000,0.0,0.0,0.0000,0.2363,0.0000,0.0000,0.0,0.0,0.1500,60.3,35.8,0.420,0,0,0,0,,,,,729,407,,,,,DDX17___DAZAP1_unrelaxed_rank_004_alphafold2_multimer_v3_model_4_seed_000.pdb
DDX17___DAZAP1,5,1,A,B,0.0000,0.0,0.0,0.0000,0.1711,0.0000,0.0000,0.0,0.0,0.1500,60.6,37.0,0.400,0,0,0,0,,,,,729,407,,,,,DDX17___DAZAP1_unrelaxed_rank_005_alphafold2_multimer_v3_model_1_seed_000.pdb
DDX17___DHX15,1,5,A,B,0.0000,0.0,0.0,0.0000,0.4371,0.0130,0.0000,13.0,0.0,0.3000,58.3,78.5,0.520,3,12,0,0,49.9,94.3,,,729,795,"[445,716-717]","[562,583,595,623-624,648,657,660,673,693-694,698]",,,DDX17___DHX15_unrelaxed_rank_001_alphafold2_multimer_v3_model_5_seed_000.pdb
DDX17___DHX15,2,3,A,B,0.0000,0.0,0.0,0.0000,0.3593,0.0000,0.0000,0.0,0.0,0.2300,58.7,78.5,0.490,0,0,0,0,,,,,729,795,,,,,DDX17___DHX15_unrelaxed_rank_002_alphafold2_multimer_v3_model_3_seed_000.pdb
DDX17___DHX15,3,1,A,B,0.0000,0.0,0.0,0.0000,0.3452,0.0000,0.0000,0.0,0.0,0.2200,56.5,77.2,0.470,0,0,0,0,,,,,729,795,,,,,DDX17___DHX15_unrelaxed_rank_003_alphafold2_multimer_v3_model_1_seed_000.pdb
DDX17___DHX15,4,2,A,B,0.0000,0.0,0.0,0.0000,0.2118,0.0000,0.0000,0.0,0.0,0.2000,56.9,77.8,0.470,0,0,0,0,,,,,729,795,,,,,DDX17___DHX15_unrelaxed_rank_004_alphafold2_multimer_v3_model_2_seed_000.pdb
DDX17___DHX15,5,4,A,B,0.0000,0.0,0.0,0.0000,0.2175,0.0000,0.0000,0.0,0.0,0.1900,57.0,78.1,0.480,0,0,0,0,,,,,729,795,,,,,DDX17___DHX15_unrelaxed_rank_005_alphafold2_multimer_v3_model_4_seed_000.pdb
DDX17___PTBP1,1,1,A,B,0.0590,16.7,1.0,0.0125,0.5158,0.0564,0.0616,35.0,8.0,0.2400,59.7,58.6,0.360,5,20,2,5,36.9,67.8,40.9,64.9,729,557,[691-695],"[199,201-203,207,211,232,240-241,243-250,252,256,274]",[692-693],"[241,244-247]",DDX17___PTBP1_unrelaxed_rank_001_alphafold2_multimer_v3_model_1_seed_000.pdb
DDX17___PTBP1,2,3,A,B,0.0000,0.0,0.0,0.0000,0.3084,0.0000,0.0000,0.0,0.0,0.1900,60.0,62.3,0.410,0,0,0,0,,,,,729,557,,,,,DDX17___PTBP1_unrelaxed_rank_002_alphafold2_multimer_v3_model_3_seed_000.pdb
DDX17___PTBP1,3,5,A,B,0.0000,0.0,0.0,0.0000,0.2925,0.0000,0.0000,0.0,0.0,0.1800,59.7,62.5,0.370,0,0,0,0,,,,,729,557,,,,,DDX17___PTBP1_unrelaxed_rank_003_alphafold2_multimer_v3_model_5_seed_000.pdb
DDX17___PTBP1,4,2,A,B,0.0000,0.0,0.0,0.0000,0.2518,0.0000,0.0000,0.0,0.0,0.1700,61.2,62.5,0.400,0,0,0,0,,,,,729,557,,,,,DDX17___PTBP1_unrelaxed_rank_004_alphafold2_multimer_v3_model_2_seed_000.pdb
DDX17___PTBP1,5,4,A,B,0.0000,0.0,0.0,0.0000,0.1689,0.0000,0.0000,0.0,0.0,0.1700,59.1,59.6,0.360,0,0,0,0,,,,,729,557,,,,,DDX17___PTBP1_unrelaxed_rank_005_alphafold2_multimer_v3_model_4_seed_000.pdb
EDC3___SF3A3,1,3,A,B,0.0000,0.0,0.0,0.0000,0.1640,0.0000,0.0000,0.0,0.0,0.1600,61.2,74.3,0.370,0,0,0,0,,,,,508,501,,,,,EDC3___SF3A3_unrelaxed_rank_001_alphafold2_multimer_v3_model_3_seed_000.pdb
EDC3___SF3A3,2,2,A,B,0.0000,0.0,0.0,0.0000,0.1225,0.0000,0.0000,0.0,0.0,0.1500,62.7,73.6,0.360,0,0,0,0,,,,,508,501,,,,,EDC3___SF3A3_unrelaxed_rank_002_alphafold2_multimer_v3_model_2_seed_000.pdb
EDC3___SF3A3,3,4,A,B,0.0000,0.0,0.0,0.0000,0.1481,0.0000,0.0000,0.0,0.0,0.1500,61.8,72.2,0.360,0,0,0,0,,,,,508,501,,,,,EDC3___SF3A3_unrelaxed_rank_003_alphafold2_multimer_v3_model_4_seed_000.pdb
EDC3___SF3A3,4,1,A,B,0.0000,0.0,0.0,0.0000,0.1823,0.0000,0.0000,0.0,0.0,0.1600,62.3,71.3,0.340,0,0,0,0,,,,,508,501,,,,,EDC3___SF3A3_unrelaxed_rank_004_alphafold2_multimer_v3_model_1_seed_000.pdb
EDC3___SF3A3,5,5,A,B,0.0000,0.0,0.0,0.0000,0.1164,0.0000,0.0000,0.0,0.0,0.1400,61.1,73.2,0.360,0,0,0,0,,,,,508,501,,,,,EDC3___SF3A3_unrelaxed_rank_005_alphafold2_multimer_v3_model_5_seed_000.pdb
EPB41___FUS,1,3,A,B,0.0000,0.0,0.0,0.0000,0.2416,0.0000,0.0000,0.0,0.0,0.1900,48.2,27.7,0.350,0,0,0,0,,,,,864,526,,,,,EPB41___FUS_unrelaxed_rank_001_alphafold2_multimer_v3_model_3_seed_000.pdb
EPB41___FUS,2,1,A,B,0.0000,0.0,0.0,0.0000,0.1997,0.0000,0.0000,0.0,0.0,0.1700,48.5,28.1,0.350,0,0,0,0,,,,,864,526,,,,,EPB41___FUS_unrelaxed_rank_002_alphafold2_multimer_v3_model_1_seed_000.pdb
EPB41___FUS,3,4,A,B,0.0000,0.0,0.0,0.0000,0.2009,0.0000,0.0000,0.0,0.0,0.1700,46.4,27.8,0.350,0,0,0,0,,,,,864,526,,,,,EPB41___FUS_unrelaxed_rank_003_alphafold2_multimer_v3_model_4_seed_000.pdb
EPB41___FUS,4,2,A,B,0.0000,0.0,0.0,0.0000,0.1893,0.0000,0.0000,0.0,0.0,0.1600,48.7,29.8,0.360,0,0,0,0,,,,,864,526,,,,,EPB41___FUS_unrelaxed_rank_004_alphafold2_multimer_v3_model_2_seed_000.pdb
EPB41___FUS,5,5,A,B,0.0000,0.0,0.0,0.0000,0.2532,0.0000,0.0000,0.0,0.0,0.1600,48.8,28.9,0.350,0,0,0,0,,,,,864,526,,,,,EPB41___FUS_unrelaxed_rank_005_alphafold2_multimer_v3_model_5_seed_000.pdb
EPB41___ZNF503,1,1,A,B,0.0735,55.4,4.1,0.0120,0.5975,0.0580,0.0931,219.0,14.0,0.2800,46.4,20.0,0.360,136,2,9,2,87.3,38.9,78.5,38.9,864,646,"[213-216,231,234-243,245-251,253,255,264-266,268,270-271,273,281-286,288-289,298-313,323,326,333,368,379,382-383,388-393,395,398-399,401,404,409-412,415,419-424,429-446,448-451,462,466,469,471-491,510,512-513,516-517,520]",[92-93],"[437-440,450,480-481,484-485]",[92-93],EPB41___ZNF503_unrelaxed_rank_001_alphafold2_multimer_v3_model_1_seed_000.pdb
EPB41___ZNF503,2,3,A,B,0.0000,0.0,0.0,0.0000,0.4469,0.0000,0.0000,0.0,0.0,0.2100,49.1,19.0,0.350,0,0,0,0,,,,,864,646,,,,,EPB41___ZNF503_unrelaxed_rank_002_alphafold2_multimer_v3_model_3_seed_000.pdb
EPB41___ZNF503,3,2,A,B,0.0000,0.0,0.0,0.0000,0.2688,0.0000,0.0000,0.0,0.0,0.1900,49.3,19.3,0.350,0,0,0,0,,,,,864,646,,,,,EPB41___ZNF503_unrelaxed_rank_003_alphafold2_multimer_v3_model_2_seed_000.pdb
EPB41___ZNF503,4,4,A,B,0.0000,0.0,0.0,0.0000,0.4274,0.0000,0.0000,0.0,0.0,0.1900,45.2,19.1,0.340,0,0,0,0,,,,,864,646,,,,,EPB41___ZNF503_unrelaxed_rank_004_alphafold2_multimer_v3_model_4_seed_000.pdb
EPB41___ZNF503,5,5,A,B,0.0000,0.0,0.0,0.0000,0.3060,0.0000,0.0000,0.0,0.0,0.1900,47.9,19.0,0.340,0,0,0,0,,,,,864,646,,,,,EPB41___ZNF503_unrelaxed_rank_005_alphafold2_multimer_v3_model_5_seed_000.pdb
FUBP1___PSPC1,1,1,A,B,0.0000,0.0,0.0,0.0000,0.1461,0.0000,0.0000,0.0,0.0,0.1500,44.3,61.0,0.320,0,0,0,0,,,,,644,523,,,,,FUBP1___PSPC1_unrelaxed_rank_001_alphafold2_multimer_v3_model_1_seed_000.pdb
FUBP1___PSPC1,2,3,A,B,0.0000,0.0,0.0,0.0000,0.1577,0.0000,0.0000,0.0,0.0,0.1500,42.3,59.9,0.330,0,0,0,0,,,,,644,523,,,,,FUBP1___PSPC1_unrelaxed_rank_002_alphafold2_multimer_v3_model_3_seed_000.pdb
FUBP1___PSPC1,3,2,A,B,0.0000,0.0,0.0,0.0000,0.1339,0.0000,0.0000,0.0,0.0,0.1500,44.7,60.2,0.320,0,0,0,0,,,,,644,523,,,,,FUBP1___PSPC1_unrelaxed_rank_003_alphafold2_multimer_v3_model_2_seed_000.pdb
FUBP1___PSPC1,4,4,A,B,0.0000,0.0,0.0,0.0000,0.1408,0.0000,0.0000,0.0,0.0,0.1400,42.0,58.7,0.310,0,0,0,0,,,,,644,523,,,,,FUBP1___PSPC1_unrelaxed_rank_004_alphafold2_multimer_v3_model_4_seed_000.pdb
FUBP1___PSPC1,5,5,A,B,0.0000,0.0,0.0,0.0000,0.1194,0.0000,0.0000,0.0,0.0,0.1400,44.2,60.1,0.320,0,0,0,0,,,,,644,523,,,,,FUBP1___PSPC1_unrelaxed_rank_005_alphafold2_multimer_v3_model_5_seed_000.pdb
FUS___FUBP3,1,1,A,B,0.0000,0.0,0.0,0.0000,0.1813,0.0000,0.0000,0.0,0.0,0.1600,30.1,49.7,0.220,0,0,0,0,,,,,526,572,,,,,FUS___FUBP3_unrelaxed_rank_001_alphafold2_multimer_v3_model_1_seed_000.pdb
FUS___FUBP3,2,4,A,B,0.0000,0.0,0.0,0.0000,0.1804,0.0000,0.0000,0.0,0.0,0.1500,30.9,47.1,0.220,0,0,0,0,,,,,526,572,,,,,FUS___FUBP3_unrelaxed_rank_002_alphafold2_multimer_v3_model_4_seed_000.pdb
FUS___FUBP3,3,2,A,B,0.0000,0.0,0.0,0.0000,0.1670,0.0000,0.0000,0.0,0.0,0.1500,30.5,49.4,0.220,0,0,0,0,,,,,526,572,,,,,FUS___FUBP3_unrelaxed_rank_003_alphafold2_multimer_v3_model_2_seed_000.pdb
FUS___FUBP3,4,3,A,B,0.0000,0.0,0.0,0.0000,0.1589,0.0000,0.0000,0.0,0.0,0.1500,29.4,45.5,0.220,0,0,0,0,,,,,526,572,,,,,FUS___FUBP3_unrelaxed_rank_004_alphafold2_multimer_v3_model_3_seed_000.pdb
FUS___FUBP3,5,5,A,B,0.0000,0.0,0.0,0.0000,0.1412,0.0000,0.0000,0.0,0.0,0.1400,31.7,51.5,0.210,0,0,0,0,,,,,526,572,,,,,FUS___FUBP3_unrelaxed_rank_005_alphafold2_multimer_v3_model_5_seed_000.pdb
KHSRP___PSPC1,1,5,A,B,0.0000,0.0,0.0,0.0000,0.1985,0.0000,0.0000,0.0,0.0,0.1600,41.6,60.3,0.320,0,0,0,0,,,,,711,523,,,,,KHSRP___PSPC1_unrelaxed_rank_001_alphafold2_multimer_v3_model_5_seed_000.pdb
KHSRP___PSPC1,2,3,A,B,0.0000,0.0,0.0,0.0000,0.1359,0.0000,0.0000,0.0,0.0,0.1500,39.1,59.8,0.320,0,0,0,0,,,,,711,523,,,,,KHSRP___PSPC1_unrelaxed_rank_002_alphafold2_multimer_v3_model_3_seed_000.pdb
KHSRP___PSPC1,3,1,A,B,0.0000,0.0,0.0,0.0000,0.1395,0.0000,0.0000,0.0,0.0,0.1500,42.1,60.9,0.320,0,0,0,0,,,,,711,523,,,,,KHSRP___PSPC1_unrelaxed_rank_003_alphafold2_multimer_v3_model_1_seed_000.pdb
KHSRP___PSPC1,4,2,A,B,0.0000,0.0,0.0,0.0000,0.0000,0.0000,0.0000,0.0,0.0,0.1500,42.8,59.9,0.310,0,0,0,0,,,,,711,523,,,,,KHSRP___PSPC1_unrelaxed_rank_004_alphafold2_multimer_v3_model_2_seed_000.pdb
KHSRP___PSPC1,5,4,A,B,0.0000,0.0,0.0,0.0000,0.1869,0.0000,0.0000,0.0,0.0,0.1500,39.4,58.9,0.310,0,0,0,0,,,,,711,523,,,,,KHSRP___PSPC1_unrelaxed_rank_005_alphafold2_multimer_v3_model_4_seed_000.pdb
KHSRP___STIP1,1,2,A,B,0.0000,0.0,0.0,0.0000,0.4258,0.0000,0.0000,0.0,0.0,0.1900,39.9,83.0,0.320,0,0,0,0,,,,,711,543,,,,,KHSRP___STIP1_unrelaxed_rank_001_alphafold2_multimer_v3_model_2_seed_000.pdb
KHSRP___STIP1,2,4,A,B,0.0000,0.0,0.0,0.0000,0.2154,0.0000,0.0000,0.0,0.0,0.1700,37.7,79.9,0.320,0,0,0,0,,,,,711,543,,,,,KHSRP___STIP1_unrelaxed_rank_002_alphafold2_multimer_v3_model_4_seed_000.pdb
KHSRP___STIP1,3,5,A,B,0.0000,0.0,0.0,0.0000,0.1430,0.0000,0.0000,0.0,0.0,0.1600,38.8,82.7,0.320,0,0,0,0,,,,,711,543,,,,,KHSRP___STIP1_unrelaxed_rank_003_alphafold2_multimer_v3_model_5_seed_000.pdb
KHSRP___STIP1,4,1,A,B,0.0000,0.0,0.0,0.0000,0.1735,0.0000,0.0000,0.0,0.0,0.1600,39.5,80.6,0.310,0,0,0,0,,,,,711,543,,,,,KHSRP___STIP1_unrelaxed_rank_004_alphafold2_multimer_v3_model_1_seed_000.pdb
KHSRP___STIP1,5,3,A,B,0.0000,0.0,0.0,0.0000,0.1708,0.0000,0.0000,0.0,0.0,0.1500,37.5,81.5,0.320,0,0,0,0,,,,,711,543,,,,,KHSRP___STIP1_unrelaxed_rank_005_alphafold2_multimer_v3_model_3_seed_000.pdb
LUC7L2___DNAJA1,1,2,A,B,0.0000,0.0,0.0,0.0000,0.3604,0.0194,0.0000,2.0,0.0,0.2000,58.1,73.0,0.350,2,2,0,0,55.9,77.9,,,392,397,"[5,9]","[44,64]",,,LUC7L2___DNAJA1_unrelaxed_rank_001_alphafold2_multimer_v3_model_2_seed_000.pdb
LUC7L2___DNAJA1,2,1,A,B,0.0000,0.0,0.0,0.0000,0.2298,0.0000,0.0000,0.0,0.0,0.1500,60.8,74.6,0.350,0,0,0,0,,,,,392,397,,,,,LUC7L2___DNAJA1_unrelaxed_rank_002_alphafold2_multimer_v3_model_1_seed_000.pdb
LUC7L2___DNAJA1,3,4,A,B,0.0000,0.0,0.0,0.0000,0.1213,0.0000,0.0000,0.0,0.0,0.1200,57.8,72.2,0.350,0,0,0,0,,,,,392,397,,,,,LUC7L2___DNAJA1_unrelaxed_rank_003_alphafold2_multimer_v3_model_4_seed_000.pdb
LUC7L2___DNAJA1,4,5,A,B,0.0000,0.0,0.0,0.0000,0.1233,0.0000,0.0000,0.0,0.0,0.1200,58.1,74.3,0.350,0,0,0,0,,,,,392,397,,,,,LUC7L2___DNAJA1_unrelaxed_rank_004_alphafold2_multimer_v3_model_5_seed_000.pdb
LUC7L2___DNAJA1,5,3,A,B,0.0000,0.0,0.0,0.0000,0.1224,0.0000,0.0000,0.0,0.0,0.1200,57.6,72.8,0.340,0,0,0,0,,,,,392,397,,,,,LUC7L2___DNAJA1_unrelaxed_rank_005_alphafold2_multimer_v3_model_3_seed_000.pdb
MATR3___CSTB,1,1,A,B,0.0000,0.0,0.0,0.0000,0.1917,0.0000,0.0000,0.0,0.0,0.2100,41.8,80.0,0.240,0,0,0,0,,,,,847,98,,,,,MATR3___CSTB_unrelaxed_rank_001_alphafold2_multimer_v3_model_1_seed_000.pdb
MATR3___CSTB,2,3,A,B,0.0000,0.0,0.0,0.0000,0.1486,0.0000,0.0000,0.0,0.0,0.1900,42.0,74.3,0.230,0,0,0,0,,,,,847,98,,,,,MATR3___CSTB_unrelaxed_rank_002_alphafold2_multimer_v3_model_3_seed_000.pdb
MATR3___CSTB,3,4,A,B,0.0000,0.0,0.0,0.0000,0.1606,0.0000,0.0000,0.0,0.0,0.1900,41.8,80.3,0.220,0,0,0,0,,,,,847,98,,,,,MATR3___CSTB_unrelaxed_rank_003_alphafold2_multimer_v3_model_4_seed_000.pdb
MATR3___CSTB,4,2,A,B,0.0000,0.0,0.0,0.0000,0.1911,0.0000,0.0000,0.0,0.0,0.1700,42.9,81.6,0.220,0,0,0,0,,,,,847,98,,,,,MATR3___CSTB_unrelaxed_rank_004_alphafold2_multimer_v3_model_2_seed_000.pdb
MATR3___CSTB,5,5,A,B,0.0000,0.0,0.0,0.0000,0.1366,0.0000,0.0000,0.0,0.0,0.1700,43.3,81.0,0.230,0,0,0,0,,,,,847,98,,,,,MATR3___CSTB_unrelaxed_rank_005_alphafold2_multimer_v3_model_5_seed_000.pdb
MATR3___PTBP1,1,5,A,B,0.4673,356.3,166.5,0.3325,0.9621,0.3737,0.5844,1895.0,67.0,0.3000,40.0,65.9,0.270,15,106,11,15,45.8,83.4,52.4,83.3,847,557,[348-362],[178-283],"[348,350-359]","[190,193,199,202-203,241,243-250,252]",MATR3___PTBP1_unrelaxed_rank_001_alphafold2_multimer_v3_model_5_seed_000.pdb
MATR3___PTBP1,2,4,A,B,0.3865,522.6,202.0,0.2469,0.9444,0.3069,0.4868,2483.0,110.0,0.2900,38.3,63.5,0.270,20,103,17,18,47.7,81.7,50.7,79.6,847,557,[344-363],[180-282],"[344-345,347-360,362]","[189-190,192-193,199,202-203,241,243-252]",MATR3___PTBP1_unrelaxed_rank_002_alphafold2_multimer_v3_model_4_seed_000.pdb
MATR3___PTBP1,3,1,A,B,0.3364,281.8,94.8,0.2135,0.8988,0.2574,0.4396,1281.0,62.0,0.2800,36.9,60.7,0.270,13,101,9,12,36.8,74.7,41.5,72.0,847,557,[350-362],[180-280],[351-359],"[193,199,202-203,241,244-250]",MATR3___PTBP1_unrelaxed_rank_003_alphafold2_multimer_v3_model_1_seed_000.pdb
MATR3___PTBP1,4,3,A,B,0.2989,221.0,66.1,0.0993,0.8901,0.2213,0.4039,997.0,49.0,0.2800,38.3,62.9,0.270,11,99,8,11,36.8,79.9,41.3,76.6,847,557,[351-361],"[181-278,280]",[352-359],"[193,199,202-203,206,241,244-248]",MATR3___PTBP1_unrelaxed_rank_004_alphafold2_multimer_v3_model_3_seed_000.pdb
MATR3___PTBP1,5,2,A,B,0.1922,127.7,24.6,0.0227,0.7747,0.1571,0.2352,480.0,34.0,0.2600,42.2,66.3,0.280,8,91,6,10,40.9,83.4,44.4,80.7,847,557,[353-360],"[182-217,220-260,263,265-277]",[354-359],"[199,202-203,206,241,244-248]",MATR3___PTBP1_unrelaxed_rank_005_alphafold2_multimer_v3_model_2_seed_000.pdb
MATR3___RB1,1,1,A,B,0.0613,112.8,6.9,0.0143,0.6348,0.0630,0.0596,748.0,17.0,0.3500,34.8,66.7,0.470,5,255,4,9,36.5,91.4,37.0,90.4,847,928,[198-202],"[169,197,214,216,218-222,224-225,278,287-288,290-292,378-389,396-397,399-401,403-405,407,410-431,433,441-466,468,473-498,515-539,541-564,568-575,605-606,646-669,675-676,679-683,685-691,693-699,701-715,723-727,729-732,735-736,738-740,742-743,752,754,756,760,764,768]",[199-202],"[533,536-537,547,551,653,656-657,660]",MATR3___RB1_unrelaxed_rank_001_alphafold2_multimer_v3_model_1_seed_000.pdb
MATR3___RB1,2,3,A,B,0.0000,0.0,0.0,0.0000,0.2310,0.0000,0.0000,0.0,0.0,0.1900,35.0,67.6,0.480,0,0,0,0,,,,,847,928,,,,,MATR3___RB1_unrelaxed_rank_002_alphafold2_multimer_v3_model_3_seed_000.pdb
MATR3___RB1,3,4,A,B,0.0000,0.0,0.0,0.0000,0.2739,0.0000,0.0000,0.0,0.0,0.1900,33.1,67.3,0.470,0,0,0,0,,,,,847,928,,,,,MATR3___RB1_unrelaxed_rank_003_alphafold2_multimer_v3_model_4_seed_000.pdb
MATR3___RB1,4,5,A,B,0.0000,0.0,0.0,0.0000,0.1935,0.0000,0.0000,0.0,0.0,0.1900,35.0,68.1,0.470,0,0,0,0,,,,,847,928,,,,,MATR3___RB1_unrelaxed_rank_004_alphafold2_multimer_v3_model_5_seed_000.pdb
MATR3___RB1,5,2,A,B,0.0000,0.0,0.0,0.0000,0.1981,0.0000,0.0000,0.0,0.0,0.1900,36.6,68.4,0.470,0,0,0,0,,,,,847,928,,,,,MATR3___RB1_unrelaxed_rank_005_alphafold2_multimer_v3_model_2_seed_000.pdb
MATR3___SF3B2,1,1,A,B,0.0946,68.6,6.5,0.0126,0.6704,0.0820,0.1090,181.0,26.0,0.1900,39.2,38.5,0.220,35,13,7,7,53.9,50.5,52.9,51.9,847,895,"[111-115,117,120-148]",[268-280],"[111,125,130,133-135,138]","[270-273,275-277]",MATR3___SF3B2_unrelaxed_rank_001_alphafold2_multimer_v3_model_1_seed_000.pdb
MATR3___SF3B2,2,2,A,B,0.1161,88.1,10.2,0.0145,0.6747,0.0920,0.1465,277.0,28.0,0.1900,43.6,40.5,0.220,38,14,7,7,57.2,47.9,57.6,47.8,847,895,"[110-118,120-148]",[268-281],"[125-126,130,133-135,138]","[269-273,275-276]",MATR3___SF3B2_unrelaxed_rank_002_alphafold2_multimer_v3_model_2_seed_000.pdb
MATR3___SF3B2,3,3,A,B,0.0969,88.5,8.6,0.0143,0.7267,0.0860,0.1093,280.0,28.0,0.1800,40.8,41.5,0.230,39,12,7,6,55.5,53.7,57.1,54.0,847,895,[109-147],[269-280],"[122,125,130,133-135,138]","[270,272-273,275-276,279]",MATR3___SF3B2_unrelaxed_rank_003_alphafold2_multimer_v3_model_3_seed_000.pdb
MATR3___SF3B2,4,5,A,B,0.0000,0.0,0.0,0.0000,0.2134,0.0000,0.0000,0.0,0.0,0.1700,42.0,40.6,0.220,0,0,0,0,,,,,847,895,,,,,MATR3___SF3B2_unrelaxed_rank_004_alphafold2_multimer_v3_model_5_seed_000.pdb
MATR3___SF3B2,5,4,A,B,0.0000,0.0,0.0,0.0000,0.1794,0.0000,0.0000,0.0,0.0,0.1600,39.7,37.8,0.240,0,0,0,0,,,,,847,895,,,,,MATR3___SF3B2_unrelaxed_rank_005_alphafold2_multimer_v3_model_4_seed_000.pdb
MATR3___XRN2,1,4,A,B,0.3268,1624.6,530.9,0.3341,0.9039,0.2040,0.5235,32991.0,80.0,0.5600,35.6,70.0,0.500,64,644,14,17,71.7,88.8,72.3,83.4,847,950,[781-844],"[1-23,37-142,144-277,298-318,324-374,376-416,504-702,707-746,748-775,777]","[796,798-800,802,804,806-813]","[526,565,567,621,626-627,629-634,649-652,654]",MATR3___XRN2_unrelaxed_rank_001_alphafold2_multimer_v3_model_4_seed_000.pdb
MATR3___XRN2,2,2,A,B,0.2676,1404.8,375.9,0.2063,0.8517,0.1732,0.4134,25300.0,78.0,0.5400,37.6,70.7,0.510,59,584,14,16,77.2,91.7,73.5,85.1,847,950,[780-838],"[3,5-23,38-44,46-65,71,73-140,154-253,301-318,324-373,376-414,416,506-701,707-725,728-731,733-740,742,744-746,748-776]","[796,798-800,802,804,806-813]","[526,567,621,626-627,629-634,649-652,654]",MATR3___XRN2_unrelaxed_rank_002_alphafold2_multimer_v3_model_2_seed_000.pdb
MATR3___XRN2,3,1,A,B,0.2492,1261.7,314.4,0.1511,0.8347,0.1546,0.4015,18510.0,86.0,0.5100,36.4,68.9,0.500,55,537,15,16,73.4,89.6,71.6,81.7,847,950,[783-837],"[6-14,16-22,39,42,44,47-63,73-136,138-139,153-185,187-188,191-231,235-252,301-318,325-372,376-410,508-579,581,583-679,682-688,690-701,708-711,714,717-725,728-731,733-739,742,744-745,750-762,764-772,774]","[796,798-800,802,804,806-814]","[526,567,621,626-627,629-634,649-652,654]",MATR3___XRN2_unrelaxed_rank_003_alphafold2_multimer_v3_model_1_seed_000.pdb
MATR3___XRN2,4,5,A,B,0.0000,0.0,0.0,0.0000,0.2883,0.0000,0.0000,0.0,0.0,0.2200,34.3,70.2,0.490,0,0,0,0,,,,,847,950,,,,,MATR3___XRN2_unrelaxed_rank_004_alphafold2_multimer_v3_model_5_seed_000.pdb
MATR3___XRN2,5,3,A,B,0.0000,0.0,0.0,0.0000,0.2586,0.0000,0.0000,0.0,0.0,0.2200,34.6,69.1,0.490,0,0,0,0,,,,,847,950,,,,,MATR3___XRN2_unrelaxed_rank_005_alphafold2_multimer_v3_model_3_seed_000.pdb
MRPL12___AGAP3,1,3,A,B,0.0000,0.0,0.0,0.0000,0.2649,0.0000,0.0000,0.0,0.0,0.1900,40.6,62.9,0.330,0,0,0,0,,,,,198,875,,,,,MRPL12___AGAP3_unrelaxed_rank_001_alphafold2_multimer_v3_model_3_seed_000.pdb
MRPL12___AGAP3,2,2,A,B,0.0000,0.0,0.0,0.0000,0.4007,0.0000,0.0000,0.0,0.0,0.1700,45.6,64.1,0.320,0,0,0,0,,,,,198,875,,,,,MRPL12___AGAP3_unrelaxed_rank_002_alphafold2_multimer_v3_model_2_seed_000.pdb
MRPL12___AGAP3,3,1,A,B,0.0000,0.0,0.0,0.0000,0.3207,0.0000,0.0000,0.0,0.0,0.1600,36.1,62.3,0.320,0,0,0,0,,,,,198,875,,,,,MRPL12___AGAP3_unrelaxed_rank_003_alphafold2_multimer_v3_model_1_seed_000.pdb
MRPL12___AGAP3,4,4,A,B,0.0000,0.0,0.0,0.0000,0.3542,0.0000,0.0000,0.0,0.0,0.1600,41.8,61.6,0.310,0,0,0,0,,,,,198,875,,,,,MRPL12___AGAP3_unrelaxed_rank_004_alphafold2_multimer_v3_model_4_seed_000.pdb
MRPL12___AGAP3,5,5,A,B,0.0000,0.0,0.0,0.0000,0.2348,0.0000,0.0000,0.0,0.0,0.1400,38.0,63.3,0.320,0,0,0,0,,,,,198,875,,,,,MRPL12___AGAP3_unrelaxed_rank_005_alphafold2_multimer_v3_model_5_seed_000.pdb
MRPL12___STIP1,1,5,A,B,0.0340,40.5,1.4,0.0143,0.4027,0.0486,0.0238,234.0,7.0,0.2200,39.2,84.3,0.410,6,105,3,6,28.0,92.5,28.6,94.6,198,543,[113-118],"[319,348,350,352,354-355,357-370,372-394,397,399,401-404,407-431,434-444,446-454,456-457,460-461,463-464,466-468,470-471]",[116-118],"[364,379,383,399,402,429]",MRPL12___STIP1_unrelaxed_rank_001_alphafold2_multimer_v3_model_5_seed_000.pdb
MRPL12___STIP1,2,2,A,B,0.0383,51.0,2.0,0.0135,0.4174,0.0442,0.0333,200.0,13.0,0.2200,40.3,84.6,0.400,6,97,4,10,31.1,92.1,32.1,93.2,198,543,[114-119],"[352-353,355-395,397-399,403-404,406-413,415-420,422-429,431-436,438-439,441,443-444,446-447,449-454,456,460,463-464,466-467,470-471]",[116-119],"[364,367-368,371,379,383,394,398-399,429]",MRPL12___STIP1_unrelaxed_rank_002_alphafold2_multimer_v3_model_2_seed_000.pdb
MRPL12___STIP1,3,1,A,B,0.0000,0.0,0.0,0.0000,0.3480,0.0083,0.0000,1.0,0.0,0.1900,36.3,83.4,0.390,1,1,0,0,26.8,78.5,,,198,543,[116],[372],,,MRPL12___STIP1_unrelaxed_rank_003_alphafold2_multimer_v3_model_1_seed_000.pdb
MRPL12___STIP1,4,3,A,B,0.0212,36.7,0.8,0.0121,0.3882,0.0327,0.0138,225.0,6.0,0.1700,39.6,83.4,0.400,6,100,3,5,30.3,91.6,31.2,92.3,198,543,[114-119],"[319,323,348,350,352,354-355,357-377,379-389,391-397,401-428,430-432,434,436-438,441,443-444,446-447,449-454,456-457,463-464,466-468,471]",[115-117],"[364,367-368,371,402]",MRPL12___STIP1_unrelaxed_rank_004_alphafold2_multimer_v3_model_3_seed_000.pdb
MRPL12___STIP1,5,4,A,B,0.0000,0.0,0.0,0.0000,0.2815,0.0000,0.0000,0.0,0.0,0.1700,41.9,83.3,0.400,0,0,0,0,,,,,198,543,,,,,MRPL12___STIP1_unrelaxed_rank_005_alphafold2_multimer_v3_model_4_seed_000.pdb
NASP___CHERP,1,5,A,B,0.2250,368.0,82.8,0.1996,0.8587,0.1829,0.2768,2656.0,51.0,0.3400,37.6,47.2,0.310,221,128,15,16,89.2,85.4,80.3,63.9,788,916,"[39-111,513-628,630-661]","[135,142,146,156-179,181-182,187-195,197-202,208-224,227,232,235-237,239-250,254-270,273-275,277-293,296,544,546-556]","[55,106,109-110,581-582,584-585,588-589,638,641,645,648-649]","[168,170,216,259,262-263,266,546,548-554,556]",NASP___CHERP_unrelaxed_rank_001_alphafold2_multimer_v3_model_5_seed_000.pdb
NASP___CHERP,2,4,A,B,0.2416,484.7,117.1,0.1801,0.8724,0.2027,0.2880,3560.0,66.0,0.3300,37.8,46.6,0.310,221,175,23,21,87.4,84.0,74.2,66.5,788,916,"[39-102,105-113,513-628,630-661]","[128,130-148,150,154-184,187-203,206-230,232-250,252,254-297,299,303,544-558]","[55,105-110,113,581-582,584-585,588-589,592,595-596,638,641,645,648-649,652]","[168-170,173,212,216,219-220,259,262-263,266,544-545,548-554]",NASP___CHERP_unrelaxed_rank_002_alphafold2_multimer_v3_model_4_seed_000.pdb
NASP___CHERP,3,1,A,B,0.1623,374.7,60.8,0.0191,0.7129,0.1418,0.1858,2006.0,70.0,0.2900,37.5,46.7,0.330,211,176,19,23,88.2,86.0,65.4,71.4,788,916,"[40-77,81-113,514-626,633-659]","[131,134-299,547-555]","[55,104-111,113,581-582,584-585,588,638,641,645,649]","[168-170,173,209,212-213,215-216,219-220,223,259,262-263,266-267,549-554]",NASP___CHERP_unrelaxed_rank_003_alphafold2_multimer_v3_model_1_seed_000.pdb
NASP___CHERP,4,3,A,B,0.2008,362.8,72.8,0.0220,0.8442,0.1717,0.2348,2801.0,47.0,0.2900,37.0,45.1,0.320,208,21,21,12,88.9,37.3,85.5,39.7,788,916,"[39-102,513-627,633-661]","[532-535,541-557]","[100,536,539,550,553-556,581-582,584-585,588-589,592,638,641-642,644-645,648]","[535,542,544-545,547-548,550-553,555-556]",NASP___CHERP_unrelaxed_rank_004_alphafold2_multimer_v3_model_3_seed_000.pdb
NASP___CHERP,5,2,A,B,0.0999,159.7,16.0,0.0141,0.6871,0.0809,0.1234,879.0,29.0,0.2200,39.3,48.0,0.310,9,176,7,13,40.0,91.4,41.2,86.1,788,916,[105-113],"[124,126,128-147,149-150,152,154-185,187-203,205-300,303-304,306-308,310]","[105-110,113]","[168,170,173,215-217,219-220,223,259,262-263,266]",NASP___CHERP_unrelaxed_rank_005_alphafold2_multimer_v3_model_2_seed_000.pdb
NASP___EDC3,1,3,A,B,0.0000,0.0,0.0,0.0000,0.2427,0.0000,0.0000,0.0,0.0,0.2200,37.0,60.9,0.320,0,0,0,0,,,,,788,508,,,,,NASP___EDC3_unrelaxed_rank_001_alphafold2_multimer_v3_model_3_seed_000.pdb
NASP___EDC3,2,5,A,B,0.0000,0.0,0.0,0.0000,0.4334,0.0000,0.0000,0.0,0.0,0.2000,37.4,61.4,0.320,0,0,0,0,,,,,788,508,,,,,NASP___EDC3_unrelaxed_rank_002_alphafold2_multimer_v3_model_5_seed_000.pdb
NASP___EDC3,3,1,A,B,0.0000,0.0,0.0,0.0000,0.1856,0.0000,0.0000,0.0,0.0,0.1800,36.6,59.7,0.310,0,0,0,0,,,,,788,508,,,,,NASP___EDC3_unrelaxed_rank_003_alphafold2_multimer_v3_model_1_seed_000.pdb
NASP___EDC3,4,4,A,B,0.0000,0.0,0.0,0.0000,0.2090,0.0000,0.0000,0.0,0.0,0.1800,36.8,59.1,0.300,0,0,0,0,,,,,788,508,,,,,NASP___EDC3_unrelaxed_rank_004_alphafold2_multimer_v3_model_4_seed_000.pdb
NASP___EDC3,5,2,A,B,0.0000,0.0,0.0,0.0000,0.1979,0.0000,0.0000,0.0,0.0,0.1700,37.7,62.0,0.310,0,0,0,0,,,,,788,508,,,,,NASP___EDC3_unrelaxed_rank_005_alphafold2_multimer_v3_model_2_seed_000.pdb
NASP___PDK1,1,4,A,B,0.5601,490.4,274.7,0.5061,0.9549,0.4520,0.6941,4625.0,52.0,0.3500,36.4,77.0,0.390,232,19,16,8,83.3,61.6,87.5,68.4,788,436,"[35-106,149,509-667]","[1-16,226,272,301]","[100,581-582,584-585,588-589,592,610,614,638,641,645,648-649,652]","[1,3-4,6-9,11]",NASP___PDK1_unrelaxed_rank_001_alphafold2_multimer_v3_model_4_seed_000.pdb
NASP___PDK1,2,5,A,B,0.5676,456.2,259.0,0.4764,0.9556,0.4528,0.7114,4429.0,47.0,0.3400,37.0,79.0,0.400,230,14,15,7,85.1,57.5,88.5,71.7,788,436,"[36-106,509-667]",[1-14],"[100,581-582,584-585,588-589,610,614,638,641,644-645,648-649]","[1,3-4,6-9]",NASP___PDK1_unrelaxed_rank_002_alphafold2_multimer_v3_model_5_seed_000.pdb
NASP___PDK1,3,2,A,B,0.4383,447.3,196.1,0.3158,0.9113,0.3349,0.5737,4168.0,48.0,0.3300,37.8,78.8,0.420,225,18,15,8,86.6,64.7,87.9,64.1,788,436,"[39-105,147-148,152,511-665]","[1-14,274-275,300,303]","[100,581-582,584-585,588-589,610,614,638,641,644-645,648-649]","[1,3-4,6-9,11]",NASP___PDK1_unrelaxed_rank_003_alphafold2_multimer_v3_model_2_seed_000.pdb
NASP___PDK1,4,1,A,B,0.4439,448.9,199.3,0.3472,0.9113,0.3524,0.5592,4031.0,50.0,0.3300,36.8,77.7,0.400,227,18,17,9,84.0,65.0,81.0,73.6,788,436,"[39-105,148,150-152,510-665]","[1-14,271,274-275,376]","[100,150-151,581-582,584-585,588-589,610,614,638,641,644-645,648-649]","[1,3-4,6-9,271,275]",NASP___PDK1_unrelaxed_rank_004_alphafold2_multimer_v3_model_1_seed_000.pdb
NASP___PDK1,5,3,A,B,0.3648,429.8,156.8,0.2283,0.8802,0.2755,0.4830,3694.0,50.0,0.3100,36.3,77.5,0.390,219,13,15,8,85.6,53.9,86.9,60.1,788,436,"[39-105,512-662,665]",[1-13],"[100,581-582,584-585,588-589,610,614,638,641,644-645,648-649]","[1,3-4,6-9,11]",NASP___PDK1_unrelaxed_rank_005_alphafold2_multimer_v3_model_3_seed_000.pdb
NASP___PRMT1,1,4,A,B,0.5012,529.9,265.6,0.4650,0.9579,0.4167,0.6028,5200.0,54.0,0.3400,37.4,81.4,0.370,231,20,19,10,85.4,51.8,90.4,60.0,788,371,"[35-106,509-667]",[7-26],"[51,55,86,539-540,543,581-582,584-585,588-589,592,610,614,638,641,645,648]","[11,14-15,17-20,22,24-25]",NASP___PRMT1_unrelaxed_rank_001_alphafold2_multimer_v3_model_4_seed_000.pdb
NASP___PRMT1,2,1,A,B,0.0436,100.8,4.4,0.0125,0.5848,0.0349,0.0545,847.0,12.0,0.3100,37.6,83.6,0.380,192,14,8,6,89.5,29.3,86.1,28.8,788,371,"[40-74,76-77,81-100,514-532,534-625,633-654,656-657]",[6-19],"[581-582,585,588,641,645,648-649]","[7,11,14-15,18-19]",NASP___PRMT1_unrelaxed_rank_002_alphafold2_multimer_v3_model_1_seed_000.pdb
NASP___PRMT1,3,5,A,B,0.1197,342.7,41.0,0.0170,0.6869,0.1000,0.1434,1654.0,71.0,0.3100,38.1,83.8,0.390,8,289,8,20,42.4,93.9,42.4,87.2,788,371,[104-111],"[54,57-58,60-170,172-206,215-216,231-320,322-341,343-370]",[104-111],"[71,74-75,78-79,82,289-292,295-302,307-308]",NASP___PRMT1_unrelaxed_rank_003_alphafold2_multimer_v3_model_5_seed_000.pdb
NASP___PRMT1,4,3,A,B,0.0000,0.0,0.0,0.0000,0.3494,0.0000,0.0000,0.0,0.0,0.2800,38.1,83.1,0.380,0,0,0,0,,,,,788,371,,,,,NASP___PRMT1_unrelaxed_rank_004_alphafold2_multimer_v3_model_3_seed_000.pdb
NASP___PRMT1,5,2,A,B,0.2199,364.6,80.2,0.0250,0.8008,0.1758,0.2749,3243.0,41.0,0.2800,37.7,85.4,0.380,212,17,12,9,88.9,41.3,88.0,45.5,788,371,"[39-103,512-627,631-661]",[8-24],"[543,581-582,584-585,588-589,592,641,644-645,648]","[11,14-15,17-22]",NASP___PRMT1_unrelaxed_rank_005_alphafold2_multimer_v3_model_2_seed_000.pdb
NASP___SF1,1,5,A,B,0.2224,1218.4,271.0,0.1862,0.8233,0.1505,0.3288,16680.0,89.0,0.3300,39.6,39.4,0.350,233,84,24,18,88.1,79.0,76.7,68.3,788,639,"[39-118,511-663]","[48-119,124-135]","[55,100,103-110,581-582,584-585,588-589,592,610,641-642,645,648-649,652]","[74,77-81,83-85,87-88,90-94,96,99]",NASP___SF1_unrelaxed_rank_001_alphafold2_multimer_v3_model_5_seed_000.pdb
NASP___SF1,2,3,A,B,0.1714,363.7,62.3,0.0186,0.7955,0.1368,0.2146,3150.0,42.0,0.2300,37.7,37.2,0.310,208,19,16,10,90.0,35.4,86.5,37.1,788,639,"[39-102,513-627,633-661]",[256-274],"[52,55,57,97,581-582,584-585,588,634,637-638,641-642,644-645]","[260,262-268,271,273]",NASP___SF1_unrelaxed_rank_002_alphafold2_multimer_v3_model_3_seed_000.pdb
NASP___SF1,3,1,A,B,0.0000,0.0,0.0,0.0000,0.3237,0.0000,0.0000,0.0,0.0,0.1900,37.5,35.3,0.300,0,0,0,0,,,,,788,639,,,,,NASP___SF1_unrelaxed_rank_003_alphafold2_multimer_v3_model_1_seed_000.pdb
NASP___SF1,4,4,A,B,0.0000,0.0,0.0,0.0000,0.3719,0.0000,0.0000,0.0,0.0,0.1900,37.4,34.7,0.300,0,0,0,0,,,,,788,639,,,,,NASP___SF1_unrelaxed_rank_004_alphafold2_multimer_v3_model_4_seed_000.pdb
NASP___SF1,5,2,A,B,0.0000,0.0,0.0,0.0000,0.2337,0.0000,0.0000,0.0,0.0,0.1800,39.5,35.7,0.310,0,0,0,0,,,,,788,639,,,,,NASP___SF1_unrelaxed_rank_005_alphafold2_multimer_v3_model_2_seed_000.pdb
NASP___SMAP,1,4,A,B,0.5111,623.7,318.8,0.6529,0.9860,0.4250,0.6146,6484.0,60.0,0.3600,41.7,32.6,0.380,245,37,24,13,91.9,51.0,92.5,58.9,788,183,"[35-112,508-674]","[40,42-77]","[44-45,48,51,54-55,100,103-104,554,581-582,584-585,588,596,610,614,638,641,645,648-649,655]","[40,43-44,50,52,56-59,61,64,68,76]",NASP___SMAP_unrelaxed_rank_001_alphafold2_multimer_v3_model_4_seed_000.pdb
NASP___SMAP,2,2,A,B,0.4547,592.1,269.2,0.5163,0.9783,0.3787,0.5460,5942.0,59.0,0.3400,41.7,29.0,0.380,239,31,26,15,92.2,48.0,91.6,52.0,788,183,"[36-111,509-671]","[48-77,80]","[48,51-52,86,100,103-104,107,536,539-540,543,553,581-582,584-585,588,592,610,614,638,641,645,648-649]","[50,52-53,56-59,61,64-65,67-68,73,76,80]",NASP___SMAP_unrelaxed_rank_002_alphafold2_multimer_v3_model_2_seed_000.pdb
NASP___SMAP,3,3,A,B,0.3526,559.8,197.4,0.2986,0.9434,0.2720,0.4572,5403.0,58.0,0.3000,41.4,29.4,0.370,223,30,23,15,93.2,47.4,91.2,54.4,788,183,"[39-106,512-666]","[37-48,50,167-183]","[55,67,70-71,74,79,100,512,516-517,520-521,581-582,584-585,588,596,638,641,645,648-649]","[40-41,44-46,168,172-173,175-181]",NASP___SMAP_unrelaxed_rank_003_alphafold2_multimer_v3_model_3_seed_000.pdb
NASP___SMAP,4,1,A,B,0.3462,475.3,164.6,0.1817,0.9267,0.2647,0.4529,4807.0,47.0,0.2700,40.5,25.7,0.360,214,26,20,11,93.1,41.1,88.1,47.1,788,183,"[39-104,512-627,632-663]",[87-112],"[97,100-101,103-104,543,550,553,581-582,584-585,588-589,592,596,610,614,645,655]","[89-90,95-96,98-99,101-104,106]",NASP___SMAP_unrelaxed_rank_004_alphafold2_multimer_v3_model_1_seed_000.pdb
NASP___SMAP,5,5,A,B,0.3065,406.4,124.5,0.0769,0.8981,0.2533,0.3709,3590.0,46.0,0.2600,41.5,27.6,0.370,217,26,19,11,94.5,44.8,92.5,50.5,788,183,"[39-103,512-627,631-666]","[39-48,168-183]","[70-71,74,79,100,516-517,520,524,581-582,584-585,588,638,641,644-645,648]","[40-41,44-45,169,171,173,176-179]",NASP___SMAP_unrelaxed_rank_005_alphafold2_multimer_v3_model_5_seed_000.pdb
NCL___AGAP3,1,3,A,B,0.0000,0.0,0.0,0.0000,0.3753,0.0000,0.0000,0.0,0.0,0.2000,39.5,59.5,0.290,0,0,0,0,,,,,710,875,,,,,NCL___AGAP3_unrelaxed_rank_001_alphafold2_multimer_v3_model_3_seed_000.pdb
NCL___AGAP3,2,4,A,B,0.0000,0.0,0.0,0.0000,0.2365,0.0000,0.0000,0.0,0.0,0.1900,38.0,56.7,0.280,0,0,0,0,,,,,710,875,,,,,NCL___AGAP3_unrelaxed_rank_002_alphafold2_multimer_v3_model_4_seed_000.pdb
NCL___AGAP3,3,1,A,B,0.0000,0.0,0.0,0.0000,0.2121,0.0000,0.0000,0.0,0.0,0.1800,36.3,56.0,0.290,0,0,0,0,,,,,710,875,,,,,NCL___AGAP3_unrelaxed_rank_003_alphafold2_multimer_v3_model_1_seed_000.pdb
NCL___AGAP3,4,5,A,B,0.0000,0.0,0.0,0.0000,0.1895,0.0000,0.0000,0.0,0.0,0.1800,41.0,59.9,0.280,0,0,0,0,,,,,710,875,,,,,NCL___AGAP3_unrelaxed_rank_004_alphafold2_multimer_v3_model_5_seed_000.pdb
NCL___AGAP3,5,2,A,B,0.0000,0.0,0.0,0.0000,0.1961,0.0000,0.0000,0.0,0.0,0.1700,39.8,61.2,0.290,0,0,0,0,,,,,710,875,,,,,NCL___AGAP3_unrelaxed_rank_005_alphafold2_multimer_v3_model_2_seed_000.pdb
NCL___SLC3A2,1,2,A,B,0.0000,0.0,0.0,0.0000,0.2555,0.0000,0.0000,0.0,0.0,0.1900,41.3,69.9,0.430,0,0,0,0,,,,,710,630,,,,,NCL___SLC3A2_unrelaxed_rank_001_alphafold2_multimer_v3_model_2_seed_000.pdb
NCL___SLC3A2,2,1,A,B,0.0000,0.0,0.0,0.0000,0.1707,0.0000,0.0000,0.0,0.0,0.1700,39.7,69.2,0.420,0,0,0,0,,,,,710,630,,,,,NCL___SLC3A2_unrelaxed_rank_002_alphafold2_multimer_v3_model_1_seed_000.pdb
NCL___SLC3A2,3,3,A,B,0.0000,0.0,0.0,0.0000,0.1834,0.0000,0.0000,0.0,0.0,0.1700,40.5,69.0,0.420,0,0,0,0,,,,,710,630,,,,,NCL___SLC3A2_unrelaxed_rank_003_alphafold2_multimer_v3_model_3_seed_000.pdb
NCL___SLC3A2,4,4,A,B,0.0000,0.0,0.0,0.0000,0.1627,0.0000,0.0000,0.0,0.0,0.1700,38.9,67.3,0.410,0,0,0,0,,,,,710,630,,,,,NCL___SLC3A2_unrelaxed_rank_004_alphafold2_multimer_v3_model_4_seed_000.pdb
NCL___SLC3A2,5,5,A,B,0.0000,0.0,0.0,0.0000,0.1611,0.0000,0.0000,0.0,0.0,0.1600,40.1,68.5,0.410,0,0,0,0,,,,,710,630,,,,,NCL___SLC3A2_unrelaxed_rank_005_alphafold2_multimer_v3_model_5_seed_000.pdb
NONO___LUC7L2,1,2,A,B,0.0000,0.0,0.0,0.0000,0.0938,0.0000,0.0000,0.0,0.0,0.1100,63.1,58.4,0.350,0,0,0,0,,,,,471,392,,,,,NONO___LUC7L2_unrelaxed_rank_001_alphafold2_multimer_v3_model_2_seed_000.pdb
NONO___LUC7L2,2,1,A,B,0.0000,0.0,0.0,0.0000,0.1115,0.0000,0.0000,0.0,0.0,0.1100,64.5,58.4,0.350,0,0,0,0,,,,,471,392,,,,,NONO___LUC7L2_unrelaxed_rank_002_alphafold2_multimer_v3_model_1_seed_000.pdb
NONO___LUC7L2,3,3,A,B,0.0000,0.0,0.0,0.0000,0.1089,0.0000,0.0000,0.0,0.0,0.1100,63.0,57.8,0.350,0,0,0,0,,,,,471,392,,,,,NONO___LUC7L2_unrelaxed_rank_003_alphafold2_multimer_v3_model_3_seed_000.pdb
NONO___LUC7L2,4,5,A,B,0.0000,0.0,0.0,0.0000,0.1144,0.0000,0.0000,0.0,0.0,0.1100,62.0,58.2,0.350,0,0,0,0,,,,,471,392,,,,,NONO___LUC7L2_unrelaxed_rank_004_alphafold2_multimer_v3_model_5_seed_000.pdb
NONO___LUC7L2,5,4,A,B,0.0000,0.0,0.0,0.0000,0.1204,0.0000,0.0000,0.0,0.0,0.1100,60.6,59.6,0.330,0,0,0,0,,,,,471,392,,,,,NONO___LUC7L2_unrelaxed_rank_005_alphafold2_multimer_v3_model_4_seed_000.pdb
NONO___PCCA,1,3,A,B,0.0000,0.0,0.0,0.0000,0.1454,0.0000,0.0000,0.0,0.0,0.1600,55.2,82.6,0.560,0,0,0,0,,,,,471,728,,,,,NONO___PCCA_unrelaxed_rank_001_alphafold2_multimer_v3_model_3_seed_000.pdb
NONO___PCCA,2,5,A,B,0.0000,0.0,0.0,0.0000,0.1540,0.0000,0.0000,0.0,0.0,0.1600,52.6,82.3,0.560,0,0,0,0,,,,,471,728,,,,,NONO___PCCA_unrelaxed_rank_002_alphafold2_multimer_v3_model_5_seed_000.pdb
NONO___PCCA,3,4,A,B,0.0000,0.0,0.0,0.0000,0.1601,0.0000,0.0000,0.0,0.0,0.1600,51.4,81.8,0.560,0,0,0,0,,,,,471,728,,,,,NONO___PCCA_unrelaxed_rank_003_alphafold2_multimer_v3_model_4_seed_000.pdb
NONO___PCCA,4,1,A,B,0.0000,0.0,0.0,0.0000,0.1395,0.0000,0.0000,0.0,0.0,0.1500,52.2,83.0,0.560,0,0,0,0,,,,,471,728,,,,,NONO___PCCA_unrelaxed_rank_004_alphafold2_multimer_v3_model_1_seed_000.pdb
NONO___PCCA,5,2,A,B,0.0000,0.0,0.0,0.0000,0.1313,0.0000,0.0000,0.0,0.0,0.1500,54.2,83.2,0.560,0,0,0,0,,,,,471,728,,,,,NONO___PCCA_unrelaxed_rank_005_alphafold2_multimer_v3_model_2_seed_000.pdb
NONO___RBM4,1,3,A,B,0.0000,0.0,0.0,0.0000,0.1322,0.0000,0.0000,0.0,0.0,0.1300,64.3,41.6,0.370,0,0,0,0,,,,,471,364,,,,,NONO___RBM4_unrelaxed_rank_001_alphafold2_multimer_v3_model_3_seed_000.pdb
NONO___RBM4,2,2,A,B,0.0000,0.0,0.0,0.0000,0.0000,0.0000,0.0000,0.0,0.0,0.1300,64.6,47.5,0.360,0,0,0,0,,,,,471,364,,,,,NONO___RBM4_unrelaxed_rank_002_alphafold2_multimer_v3_model_2_seed_000.pdb
NONO___RBM4,3,4,A,B,0.0000,0.0,0.0,0.0000,0.1556,0.0000,0.0000,0.0,0.0,0.1300,62.2,42.6,0.360,0,0,0,0,,,,,471,364,,,,,NONO___RBM4_unrelaxed_rank_003_alphafold2_multimer_v3_model_4_seed_000.pdb
NONO___RBM4,4,1,A,B,0.0000,0.0,0.0,0.0000,0.1204,0.0000,0.0000,0.0,0.0,0.1200,64.8,43.9,0.360,0,0,0,0,,,,,471,364,,,,,NONO___RBM4_unrelaxed_rank_004_alphafold2_multimer_v3_model_1_seed_000.pdb
NONO___RBM4,5,5,A,B,0.0000,0.0,0.0,0.0000,0.1243,0.0000,0.0000,0.0,0.0,0.1200,64.0,43.8,0.370,0,0,0,0,,,,,471,364,,,,,NONO___RBM4_unrelaxed_rank_005_alphafold2_multimer_v3_model_5_seed_000.pdb
NONO___SF3B2,1,3,A,B,0.0000,0.0,0.0,0.0000,0.3307,0.0000,0.0000,0.0,0.0,0.1800,62.2,39.0,0.300,0,0,0,0,,,,,471,895,,,,,NONO___SF3B2_unrelaxed_rank_001_alphafold2_multimer_v3_model_3_seed_000.pdb
NONO___SF3B2,2,2,A,B,0.0000,0.0,0.0,0.0000,0.0000,0.0000,0.0000,0.0,0.0,0.1600,63.3,36.4,0.300,0,0,0,0,,,,,471,895,,,,,NONO___SF3B2_unrelaxed_rank_002_alphafold2_multimer_v3_model_2_seed_000.pdb
NONO___SF3B2,3,1,A,B,0.0000,0.0,0.0,0.0000,0.1558,0.0000,0.0000,0.0,0.0,0.1500,64.8,38.3,0.300,0,0,0,0,,,,,471,895,,,,,NONO___SF3B2_unrelaxed_rank_003_alphafold2_multimer_v3_model_1_seed_000.pdb
NONO___SF3B2,4,5,A,B,0.0000,0.0,0.0,0.0000,0.1292,0.0000,0.0000,0.0,0.0,0.1400,62.4,37.1,0.290,0,0,0,0,,,,,471,895,,,,,NONO___SF3B2_unrelaxed_rank_004_alphafold2_multimer_v3_model_5_seed_000.pdb
NONO___SF3B2,5,4,A,B,0.0000,0.0,0.0,0.0000,0.1329,0.0000,0.0000,0.0,0.0,0.1400,60.9,34.1,0.290,0,0,0,0,,,,,471,895,,,,,NONO___SF3B2_unrelaxed_rank_005_alphafold2_multimer_v3_model_4_seed_000.pdb
NONO___SMAP,1,1,A,B,0.2272,438.7,99.7,0.1439,0.6456,0.1818,0.2838,3377.0,57.0,0.3700,68.0,26.3,0.450,226,21,14,12,91.5,58.5,88.9,59.9,471,183,"[61-243,246-250,257,264-300]","[27,30-49]","[72,75,102,104,106,113,115,144,147-148,196-199]","[30,32,37,40-41,43-49]",NONO___SMAP_unrelaxed_rank_001_alphafold2_multimer_v3_model_1_seed_000.pdb
NONO___SMAP,2,3,A,B,0.0274,26.9,0.7,0.0000,0.4079,0.0188,0.0400,121.0,6.0,0.1700,67.8,27.2,0.450,41,7,3,4,90.6,35.3,89.0,36.2,471,183,"[208,221,223,226,264-266,268-278,280-301,303]",[53-59],"[288-289,292]","[54-56,58]",NONO___SMAP_unrelaxed_rank_002_alphafold2_multimer_v3_model_3_seed_000.pdb
NONO___SMAP,3,4,A,B,0.0000,0.0,0.0,0.0000,0.3412,0.0000,0.0000,0.0,0.0,0.1600,67.1,25.7,0.440,0,0,0,0,,,,,471,183,,,,,NONO___SMAP_unrelaxed_rank_003_alphafold2_multimer_v3_model_4_seed_000.pdb
NONO___SMAP,4,5,A,B,0.0000,0.0,0.0,0.0000,0.3320,0.0154,0.0000,1.0,0.0,0.1500,67.4,25.9,0.450,1,1,0,0,92.8,33.8,,,471,183,[274],[58],,,NONO___SMAP_unrelaxed_rank_004_alphafold2_multimer_v3_model_5_seed_000.pdb
NONO___SMAP,5,2,A,B,0.0000,0.0,0.0,0.0000,0.2626,0.0000,0.0000,0.0,0.0,0.1500,66.8,25.1,0.430,0,0,0,0,,,,,471,183,,,,,NONO___SMAP_unrelaxed_rank_005_alphafold2_multimer_v3_model_2_seed_000.pdb
PCBP2___PSPC1,1,3,A,B,0.0000,0.0,0.0,0.0000,0.1164,0.0000,0.0000,0.0,0.0,0.1200,56.2,59.0,0.350,0,0,0,0,,,,,365,523,,,,,PCBP2___PSPC1_unrelaxed_rank_001_alphafold2_multimer_v3_model_3_seed_000.pdb
PCBP2___PSPC1,2,1,A,B,0.0000,0.0,0.0,0.0000,0.1124,0.0000,0.0000,0.0,0.0,0.1200,57.5,60.2,0.350,0,0,0,0,,,,,365,523,,,,,PCBP2___PSPC1_unrelaxed_rank_002_alphafold2_multimer_v3_model_1_seed_000.pdb
PCBP2___PSPC1,3,4,A,B,0.0000,0.0,0.0,0.0000,0.1242,0.0000,0.0000,0.0,0.0,0.1200,58.2,58.3,0.340,0,0,0,0,,,,,365,523,,,,,PCBP2___PSPC1_unrelaxed_rank_003_alphafold2_multimer_v3_model_4_seed_000.pdb
PCBP2___PSPC1,4,2,A,B,0.0000,0.0,0.0,0.0000,0.1082,0.0000,0.0000,0.0,0.0,0.1200,61.7,58.7,0.340,0,0,0,0,,,,,365,523,,,,,PCBP2___PSPC1_unrelaxed_rank_004_alphafold2_multimer_v3_model_2_seed_000.pdb
PCBP2___PSPC1,5,5,A,B,0.0000,0.0,0.0,0.0000,0.1047,0.0000,0.0000,0.0,0.0,0.1200,59.7,59.4,0.360,0,0,0,0,,,,,365,523,,,,,PCBP2___PSPC1_unrelaxed_rank_005_alphafold2_multimer_v3_model_5_seed_000.pdb
PCBP2___TXN,1,1,A,B,0.0000,0.0,0.0,0.0000,0.1375,0.0000,0.0000,0.0,0.0,0.1600,58.0,82.8,0.390,0,0,0,0,,,,,365,105,,,,,PCBP2___TXN_unrelaxed_rank_001_alphafold2_multimer_v3_model_1_seed_000.pdb
PCBP2___TXN,2,5,A,B,0.0000,0.0,0.0,0.0000,0.1507,0.0000,0.0000,0.0,0.0,0.1400,58.5,84.0,0.400,0,0,0,0,,,,,365,105,,,,,PCBP2___TXN_unrelaxed_rank_002_alphafold2_multimer_v3_model_5_seed_000.pdb
PCBP2___TXN,3,2,A,B,0.0000,0.0,0.0,0.0000,0.1015,0.0000,0.0000,0.0,0.0,0.1300,56.7,84.1,0.390,0,0,0,0,,,,,365,105,,,,,PCBP2___TXN_unrelaxed_rank_003_alphafold2_multimer_v3_model_2_seed_000.pdb
PCBP2___TXN,4,4,A,B,0.0000,0.0,0.0,0.0000,0.1219,0.0000,0.0000,0.0,0.0,0.1300,59.2,83.1,0.400,0,0,0,0,,,,,365,105,,,,,PCBP2___TXN_unrelaxed_rank_004_alphafold2_multimer_v3_model_4_seed_000.pdb
PCBP2___TXN,5,3,A,B,0.0000,0.0,0.0,0.0000,0.1181,0.0000,0.0000,0.0,0.0,0.1300,58.0,84.8,0.390,0,0,0,0,,,,,365,105,,,,,PCBP2___TXN_unrelaxed_rank_005_alphafold2_multimer_v3_model_3_seed_000.pdb
PDK1___PPP1R10,1,1,A,B,0.0000,0.0,0.0,0.0000,0.4531,0.0147,0.0000,9.0,0.0,0.4100,78.5,30.4,0.390,9,3,0,0,91.8,33.5,,,436,940,"[124,135,139,141,143,200,235,312,364]","[504,506-507]",,,PDK1___PPP1R10_unrelaxed_rank_001_alphafold2_multimer_v3_model_1_seed_000.pdb
PDK1___PPP1R10,2,3,A,B,0.0000,0.0,0.0,0.0000,0.3686,0.0000,0.0000,0.0,0.0,0.4000,75.7,31.1,0.390,0,0,0,0,,,,,436,940,,,,,PDK1___PPP1R10_unrelaxed_rank_002_alphafold2_multimer_v3_model_3_seed_000.pdb
PDK1___PPP1R10,3,5,A,B,0.0000,0.0,0.0,0.0000,0.3851,0.0000,0.0000,0.0,0.0,0.3400,77.5,30.0,0.380,0,0,0,0,,,,,436,940,,,,,PDK1___PPP1R10_unrelaxed_rank_003_alphafold2_multimer_v3_model_5_seed_000.pdb
PDK1___PPP1R10,4,2,A,B,0.0000,0.0,0.0,0.0000,0.3783,0.0000,0.0000,0.0,0.0,0.3100,77.8,29.7,0.380,0,0,0,0,,,,,436,940,,,,,PDK1___PPP1R10_unrelaxed_rank_004_alphafold2_multimer_v3_model_2_seed_000.pdb
PDK1___PPP1R10,5,4,A,B,0.0000,0.0,0.0,0.0000,0.3572,0.0000,0.0000,0.0,0.0,0.3000,75.9,29.4,0.380,0,0,0,0,,,,,436,940,,,,,PDK1___PPP1R10_unrelaxed_rank_005_alphafold2_multimer_v3_model_4_seed_000.pdb
PDK1___PSPC1,1,2,A,B,0.0791,58.1,4.6,0.0131,0.4750,0.0896,0.0698,422.0,8.0,0.3500,77.4,57.0,0.440,162,6,3,5,92.0,51.4,84.0,52.5,436,523,"[45-54,56-63,72-80,82-92,94-98,101-102,106-124,127,132-135,137-147,149,152-153,155-160,162,175-179,181-184,187-189,192-201,219-221,225,229,232,235-236,263,265-267,269,272-273,275-276,280,284,300,303,305,307,311-314,316,360-367,371-375,377,382-389]",[518-523],[51-53],[519-523],PDK1___PSPC1_unrelaxed_rank_001_alphafold2_multimer_v3_model_2_seed_000.pdb
PDK1___PSPC1,2,3,A,B,0.0000,0.0,0.0,0.0000,0.2099,0.0000,0.0000,0.0,0.0,0.1800,77.1,57.1,0.440,0,0,0,0,,,,,436,523,,,,,PDK1___PSPC1_unrelaxed_rank_002_alphafold2_multimer_v3_model_3_seed_000.pdb
PDK1___PSPC1,3,1,A,B,0.0000,0.0,0.0,0.0000,0.2319,0.0000,0.0000,0.0,0.0,0.1700,77.9,56.8,0.440,0,0,0,0,,,,,436,523,,,,,PDK1___PSPC1_unrelaxed_rank_003_alphafold2_multimer_v3_model_1_seed_000.pdb
PDK1___PSPC1,4,4,A,B,0.0000,0.0,0.0,0.0000,0.1343,0.0000,0.0000,0.0,0.0,0.1400,77.0,55.6,0.440,0,0,0,0,,,,,436,523,,,,,PDK1___PSPC1_unrelaxed_rank_004_alphafold2_multimer_v3_model_4_seed_000.pdb
PDK1___PSPC1,5,5,A,B,0.0000,0.0,0.0,0.0000,0.1114,0.0000,0.0000,0.0,0.0,0.1200,77.8,55.9,0.440,0,0,0,0,,,,,436,523,,,,,PDK1___PSPC1_unrelaxed_rank_005_alphafold2_multimer_v3_model_5_seed_000.pdb
PRDX1___PTBP1,1,2,A,B,0.0000,0.0,0.0,0.0000,0.2054,0.0000,0.0000,0.0,0.0,0.2400,82.1,65.6,0.340,0,0,0,0,,,,,199,557,,,,,PRDX1___PTBP1_unrelaxed_rank_001_alphafold2_multimer_v3_model_2_seed_000.pdb
PRDX1___PTBP1,2,1,A,B,0.0000,0.0,0.0,0.0000,0.1941,0.0000,0.0000,0.0,0.0,0.2000,80.6,63.3,0.330,0,0,0,0,,,,,199,557,,,,,PRDX1___PTBP1_unrelaxed_rank_002_alphafold2_multimer_v3_model_1_seed_000.pdb
PRDX1___PTBP1,3,4,A,B,0.0000,0.0,0.0,0.0000,0.1601,0.0000,0.0000,0.0,0.0,0.1800,83.4,63.9,0.330,0,0,0,0,,,,,199,557,,,,,PRDX1___PTBP1_unrelaxed_rank_003_alphafold2_multimer_v3_model_4_seed_000.pdb
PRDX1___PTBP1,4,5,A,B,0.0000,0.0,0.0,0.0000,0.1334,0.0000,0.0000,0.0,0.0,0.1700,83.8,64.9,0.340,0,0,0,0,,,,,199,557,,,,,PRDX1___PTBP1_unrelaxed_rank_004_alphafold2_multimer_v3_model_5_seed_000.pdb
PRDX1___PTBP1,5,3,A,B,0.0000,0.0,0.0,0.0000,0.1408,0.0000,0.0000,0.0,0.0,0.1600,85.8,64.1,0.330,0,0,0,0,,,,,199,557,,,,,PRDX1___PTBP1_unrelaxed_rank_005_alphafold2_multimer_v3_model_3_seed_000.pdb
PRMT1___ZNF503,1,3,A,B,0.0286,32.5,0.9,0.0114,0.4145,0.0224,0.0367,1055.0,1.0,0.3300,83.5,19.8,0.420,271,13,1,1,93.9,39.0,85.6,44.1,371,646,"[58,60-61,63-66,71-88,90,92-93,95-100,102-119,121-143,145-151,153,155-161,163-169,173-186,189-191,193-204,206-207,209-211,214-231,233-262,264-273,275-295,298-300,302-304,306,308,310,312-327,329-338,340-341,344,346-357,359-369]",[108-120],[237],[114],PRMT1___ZNF503_unrelaxed_rank_001_alphafold2_multimer_v3_model_3_seed_000.pdb
PRMT1___ZNF503,2,4,A,B,0.0373,135.7,5.1,0.0123,0.4842,0.0400,0.0349,2046.0,9.0,0.3200,80.4,19.8,0.420,305,11,7,6,89.9,43.6,79.5,44.5,371,646,"[58,60-171,173-186,189-207,209-210,212-342,344-357,359-370]",[110-120],"[63-66,237,311,346]","[111-114,117,120]",PRMT1___ZNF503_unrelaxed_rank_002_alphafold2_multimer_v3_model_4_seed_000.pdb
PRMT1___ZNF503,3,1,A,B,0.0343,59.3,2.0,0.0108,0.4003,0.0319,0.0368,587.0,6.0,0.3100,83.7,22.1,0.430,240,7,4,4,93.7,29.5,84.4,29.9,371,646,"[60,62-83,87,91-103,105-109,111,113-132,135,138-150,156,158-164,166-183,185,190-193,195-201,203-204,207,210,213,216-218,223-231,233-244,246,249-273,275,279-284,286-295,299,301-303,305-325,331,334-354,365-370]","[174-178,601-602]","[62,237-239]","[175,177,601-602]",PRMT1___ZNF503_unrelaxed_rank_003_alphafold2_multimer_v3_model_1_seed_000.pdb
PRMT1___ZNF503,4,5,A,B,0.0073,13.9,0.1,0.0000,0.3971,0.0108,0.0050,193.0,1.0,0.2800,83.9,20.3,0.420,105,9,1,1,94.5,37.6,86.8,37.0,371,646,"[62,69,71-72,74-75,84,86,93-95,101-103,106-107,109,111,116-117,123-127,129-133,139,141-143,145,156-157,160,164,174,176-178,180-181,198,203,215,219-220,222-224,226,228-230,233-235,237,240,251,255-256,265,268,271,278,283,288,299,303,310,314-317,319,322-325,327,331,333-335,337-338,346-347,349-352,355,359,361-362,365-369]","[111,113-120]",[346],[120],PRMT1___ZNF503_unrelaxed_rank_004_alphafold2_multimer_v3_model_5_seed_000.pdb
PRMT1___ZNF503,5,2,A,B,0.0090,13.5,0.1,0.0000,0.3371,0.0160,0.0050,182.0,1.0,0.2300,85.5,19.4,0.420,128,3,1,1,96.2,25.8,85.2,26.0,371,646,"[62,69,71,75,77-80,92-97,100,102-103,105-106,111,114,116-120,123-127,129-130,139,141-143,145-148,156,159-161,169,174-181,191,196-200,202,225-230,232-234,237,241,246-247,250-255,257,260,262,265-269,271,273,280-284,289-292,299-300,302,307-308,319-322,331,334-339,341-344,348-352,365-368]",[175-177],[62],[177],PRMT1___ZNF503_unrelaxed_rank_005_alphafold2_multimer_v3_model_2_seed_000.pdb
PTBP3___EDC3,1,2,A,B,0.0000,0.0,0.0,0.0000,0.2836,0.0000,0.0000,0.0,0.0,0.1800,64.5,60.8,0.340,0,0,0,0,,,,,552,508,,,,,PTBP3___EDC3_unrelaxed_rank_001_alphafold2_multimer_v3_model_2_seed_000.pdb
PTBP3___EDC3,2,3,A,B,0.0000,0.0,0.0,0.0000,0.1690,0.0000,0.0000,0.0,0.0,0.1700,63.1,60.0,0.350,0,0,0,0,,,,,552,508,,,,,PTBP3___EDC3_unrelaxed_rank_002_alphafold2_multimer_v3_model_3_seed_000.pdb
PTBP3___EDC3,3,1,A,B,0.0000,0.0,0.0,0.0000,0.1917,0.0000,0.0000,0.0,0.0,0.1700,61.6,61.1,0.350,0,0,0,0,,,,,552,508,,,,,PTBP3___EDC3_unrelaxed_rank_003_alphafold2_multimer_v3_model_1_seed_000.pdb
PTBP3___EDC3,4,4,A,B,0.0000,0.0,0.0,0.0000,0.1610,0.0000,0.0000,0.0,0.0,0.1600,61.3,60.3,0.340,0,0,0,0,,,,,552,508,,,,,PTBP3___EDC3_unrelaxed_rank_004_alphafold2_multimer_v3_model_4_seed_000.pdb
PTBP3___EDC3,5,5,A,B,0.0000,0.0,0.0,0.0000,0.1629,0.0000,0.0000,0.0,0.0,0.1500,63.4,60.8,0.340,0,0,0,0,,,,,552,508,,,,,PTBP3___EDC3_unrelaxed_rank_005_alphafold2_multimer_v3_model_5_seed_000.pdb
RAVER1___LUC7L2,1,3,A,B,0.0000,0.0,0.0,0.0000,0.2294,0.0000,0.0000,0.0,0.0,0.1700,52.4,57.3,0.390,0,0,0,0,,,,,606,392,,,,,RAVER1___LUC7L2_unrelaxed_rank_001_alphafold2_multimer_v3_model_3_seed_000.pdb
RAVER1___LUC7L2,2,1,A,B,0.0000,0.0,0.0,0.0000,0.1723,0.0000,0.0000,0.0,0.0,0.1700,52.5,52.9,0.380,0,0,0,0,,,,,606,392,,,,,RAVER1___LUC7L2_unrelaxed_rank_002_alphafold2_multimer_v3_model_1_seed_000.pdb
RAVER1___LUC7L2,3,4,A,B,0.0000,0.0,0.0,0.0000,0.1747,0.0000,0.0000,0.0,0.0,0.1700,51.8,54.8,0.380,0,0,0,0,,,,,606,392,,,,,RAVER1___LUC7L2_unrelaxed_rank_003_alphafold2_multimer_v3_model_4_seed_000.pdb
RAVER1___LUC7L2,4,5,A,B,0.0000,0.0,0.0,0.0000,0.1526,0.0000,0.0000,0.0,0.0,0.1600,52.2,56.3,0.380,0,0,0,0,,,,,606,392,,,,,RAVER1___LUC7L2_unrelaxed_rank_004_alphafold2_multimer_v3_model_5_seed_000.pdb
RAVER1___LUC7L2,5,2,A,B,0.0000,0.0,0.0,0.0000,0.1493,0.0000,0.0000,0.0,0.0,0.1600,52.8,55.4,0.390,0,0,0,0,,,,,606,392,,,,,RAVER1___LUC7L2_unrelaxed_rank_005_alphafold2_multimer_v3_model_2_seed_000.pdb
RAVER1___SF3A3,1,5,A,B,0.0157,10.9,0.2,0.0000,0.4704,0.0191,0.0129,59.0,2.0,0.2600,51.5,69.7,0.360,5,34,1,2,39.3,85.5,40.8,85.9,606,501,"[495-497,499-500]","[6,8-11,13-17,19-20,22,24,36-37,40-42,45-50,52-54,56,111-112,114,194,340]",[496],"[45,49]",RAVER1___SF3A3_unrelaxed_rank_001_alphafold2_multimer_v3_model_5_seed_000.pdb
RAVER1___SF3A3,2,3,A,B,0.0000,0.0,0.0,0.0000,0.2149,0.0000,0.0000,0.0,0.0,0.1800,50.7,70.8,0.370,0,0,0,0,,,,,606,501,,,,,RAVER1___SF3A3_unrelaxed_rank_002_alphafold2_multimer_v3_model_3_seed_000.pdb
RAVER1___SF3A3,3,4,A,B,0.0000,0.0,0.0,0.0000,0.3154,0.0000,0.0000,0.0,0.0,0.1700,52.1,67.0,0.360,0,0,0,0,,,,,606,501,,,,,RAVER1___SF3A3_unrelaxed_rank_003_alphafold2_multimer_v3_model_4_seed_000.pdb
RAVER1___SF3A3,4,1,A,B,0.0000,0.0,0.0,0.0000,0.1559,0.0000,0.0000,0.0,0.0,0.1600,51.2,70.9,0.350,0,0,0,0,,,,,606,501,,,,,RAVER1___SF3A3_unrelaxed_rank_004_alphafold2_multimer_v3_model_1_seed_000.pdb
RAVER1___SF3A3,5,2,A,B,0.0000,0.0,0.0,0.0000,0.1620,0.0000,0.0000,0.0,0.0,0.1500,51.4,73.4,0.360,0,0,0,0,,,,,606,501,,,,,RAVER1___SF3A3_unrelaxed_rank_005_alphafold2_multimer_v3_model_2_seed_000.pdb
RBM4___CHERP,1,1,A,B,0.0770,118.4,9.1,0.0145,0.6209,0.0600,0.0989,467.0,30.0,0.2300,45.0,47.0,0.320,11,133,9,16,31.0,90.5,31.5,83.7,364,916,"[222,227-236]","[127,131,135,138,141,144-148,153-183,185-186,188-193,195-203,205-225,227-229,232-237,239-240,242-244,246-248,250,255-270,272-274,277-281,283-293,296]","[222,228-232,234-236]","[164,167-170,172-173,209,212-213,216,219-220,259,262-263]",RBM4___CHERP_unrelaxed_rank_001_alphafold2_multimer_v3_model_1_seed_000.pdb
RBM4___CHERP,2,4,A,B,0.0000,0.0,0.0,0.0000,0.4612,0.0000,0.0000,0.0,0.0,0.2100,44.2,47.8,0.310,0,0,0,0,,,,,364,916,,,,,RBM4___CHERP_unrelaxed_rank_002_alphafold2_multimer_v3_model_4_seed_000.pdb
RBM4___CHERP,3,2,A,B,0.0000,0.0,0.0,0.0000,0.4241,0.0438,0.0000,2.0,0.0,0.2000,45.9,48.5,0.310,1,2,0,0,27.7,90.3,,,364,916,[205],"[163,166]",,,RBM4___CHERP_unrelaxed_rank_003_alphafold2_multimer_v3_model_2_seed_000.pdb
RBM4___CHERP,4,3,A,B,0.0000,0.0,0.0,0.0000,0.2489,0.0000,0.0000,0.0,0.0,0.1900,43.2,48.0,0.310,0,0,0,0,,,,,364,916,,,,,RBM4___CHERP_unrelaxed_rank_004_alphafold2_multimer_v3_model_3_seed_000.pdb
RBM4___CHERP,5,5,A,B,0.0000,0.0,0.0,0.0000,0.2788,0.0000,0.0000,0.0,0.0,0.1900,45.1,47.7,0.310,0,0,0,0,,,,,364,916,,,,,RBM4___CHERP_unrelaxed_rank_005_alphafold2_multimer_v3_model_5_seed_000.pdb
RBM4___PRDX1,1,5,A,B,0.0000,0.0,0.0,0.0000,0.1263,0.0000,0.0000,0.0,0.0,0.1800,43.0,80.6,0.380,0,0,0,0,,,,,364,199,,,,,RBM4___PRDX1_unrelaxed_rank_001_alphafold2_multimer_v3_model_5_seed_000.pdb
RBM4___PRDX1,2,2,A,B,0.0000,0.0,0.0,0.0000,0.1286,0.0000,0.0000,0.0,0.0,0.1700,43.3,78.3,0.370,0,0,0,0,,,,,364,199,,,,,RBM4___PRDX1_unrelaxed_rank_002_alphafold2_multimer_v3_model_2_seed_000.pdb
RBM4___PRDX1,3,3,A,B,0.0000,0.0,0.0,0.0000,0.1267,0.0000,0.0000,0.0,0.0,0.1600,41.6,81.9,0.380,0,0,0,0,,,,,364,199,,,,,RBM4___PRDX1_unrelaxed_rank_003_alphafold2_multimer_v3_model_3_seed_000.pdb
RBM4___PRDX1,4,4,A,B,0.0000,0.0,0.0,0.0000,0.1301,0.0000,0.0000,0.0,0.0,0.1600,42.5,80.8,0.380,0,0,0,0,,,,,364,199,,,,,RBM4___PRDX1_unrelaxed_rank_004_alphafold2_multimer_v3_model_4_seed_000.pdb
RBM4___PRDX1,5,1,A,B,0.0000,0.0,0.0,0.0000,0.1234,0.0000,0.0000,0.0,0.0,0.1500,44.5,79.4,0.380,0,0,0,0,,,,,364,199,,,,,RBM4___PRDX1_unrelaxed_rank_005_alphafold2_multimer_v3_model_1_seed_000.pdb
RPS12___ANP32A,1,4,A,B,0.1224,570.6,69.8,0.0238,0.4765,0.0955,0.1567,6384.0,51.0,0.3800,79.2,65.0,0.540,79,157,11,15,83.2,90.2,69.7,77.9,132,249,"[15-26,31-35,37-43,49-54,61-66,68-69,72,74-79,81-112,123-124]",[2-158],"[33-34,90-91,93,95-96,101-102,104,107]","[26,50-51,72-73,96,119,121-122,146-148,152,154,157]",RPS12___ANP32A_unrelaxed_rank_001_alphafold2_multimer_v3_model_4_seed_000.pdb
RPS12___ANP32A,2,2,A,B,0.0395,122.6,4.8,0.0114,0.2774,0.0420,0.0372,835.0,18.0,0.3000,78.9,65.4,0.520,60,114,10,10,83.1,87.4,70.7,64.3,132,249,"[18-22,24-26,34,36,38-45,49,51-52,59-70,80-95,99-106,108-110]","[19-27,41,44-58,63,65-76,80-84,87-100,102-103,107-112,114-128,130-156,159-165]","[91-94,101-102,104-106,108]","[72-73,96,121,146-147,159,162,164-165]",RPS12___ANP32A_unrelaxed_rank_002_alphafold2_multimer_v3_model_2_seed_000.pdb
RPS12___ANP32A,3,1,A,B,0.0513,92.9,4.8,0.0000,0.2961,0.0384,0.0684,616.0,14.0,0.2900,79.8,64.7,0.510,81,88,7,9,83.6,83.2,72.2,55.5,132,249,"[14,16-28,34-45,49-50,52,54,58-70,72,75-78,80-97,99-111,113,123]","[19-26,44-52,54-55,63,66-76,81,83,89-93,95-97,99-100,103,106,109,114-122,124-128,132,135-136,141-156,160-168]","[36,91,93,102,104-106]","[96,121,146-147,160,163,166-168]",RPS12___ANP32A_unrelaxed_rank_003_alphafold2_multimer_v3_model_1_seed_000.pdb
RPS12___ANP32A,4,5,A,B,0.0283,101.8,2.9,0.0127,0.2834,0.0301,0.0266,691.0,15.0,0.2600,75.6,64.3,0.500,18,137,4,8,73.8,90.1,64.0,75.6,132,249,"[51,83-92,102-106,108-109]","[4-9,17-31,33-35,38-39,41,43-59,61-86,88-112,114-155]","[91,102,104-105]","[50-51,72-73,96-97,121-122]",RPS12___ANP32A_unrelaxed_rank_004_alphafold2_multimer_v3_model_5_seed_000.pdb
RPS12___ANP32A,5,3,A,B,0.0000,0.0,0.0,0.0000,0.2336,0.0069,0.0000,3.0,0.0,0.2300,79.2,61.8,0.470,1,3,0,0,67.9,94.3,,,132,249,[103],"[143-144,149]",,,RPS12___ANP32A_unrelaxed_rank_005_alphafold2_multimer_v3_model_3_seed_000.pdb
RPS12___PTBP1,1,4,A,B,0.0000,0.0,0.0,0.0000,0.1349,0.0000,0.0000,0.0,0.0,0.1800,74.3,64.0,0.350,0,0,0,0,,,,,132,557,,,,,RPS12___PTBP1_unrelaxed_rank_001_alphafold2_multimer_v3_model_4_seed_000.pdb
RPS12___PTBP1,2,1,A,B,0.0000,0.0,0.0,0.0000,0.1512,0.0000,0.0000,0.0,0.0,0.1700,75.8,64.9,0.350,0,0,0,0,,,,,132,557,,,,,RPS12___PTBP1_unrelaxed_rank_002_alphafold2_multimer_v3_model_1_seed_000.pdb
RPS12___PTBP1,3,3,A,B,0.0000,0.0,0.0,0.0000,0.1364,0.0000,0.0000,0.0,0.0,0.1600,76.0,65.2,0.340,0,0,0,0,,,,,132,557,,,,,RPS12___PTBP1_unrelaxed_rank_003_alphafold2_multimer_v3_model_3_seed_000.pdb
RPS12___PTBP1,4,5,A,B,0.0000,0.0,0.0,0.0000,0.1230,0.0000,0.0000,0.0,0.0,0.1400,76.1,66.7,0.350,0,0,0,0,,,,,132,557,,,,,RPS12___PTBP1_unrelaxed_rank_004_alphafold2_multimer_v3_model_5_seed_000.pdb
RPS12___PTBP1,5,2,A,B,0.0000,0.0,0.0,0.0000,0.1111,0.0000,0.0000,0.0,0.0,0.1300,77.1,66.5,0.350,0,0,0,0,,,,,132,557,,,,,RPS12___PTBP1_unrelaxed_rank_005_alphafold2_multimer_v3_model_2_seed_000.pdb
RPS12___SF1,1,4,A,B,0.0000,0.0,0.0,0.0000,0.1476,0.0000,0.0000,0.0,0.0,0.1900,80.9,41.0,0.270,0,0,0,0,,,,,132,639,,,,,RPS12___SF1_unrelaxed_rank_001_alphafold2_multimer_v3_model_4_seed_000.pdb
RPS12___SF1,2,3,A,B,0.0000,0.0,0.0,0.0000,0.0000,0.0000,0.0000,0.0,0.0,0.1500,82.3,40.9,0.260,0,0,0,0,,,,,132,639,,,,,RPS12___SF1_unrelaxed_rank_002_alphafold2_multimer_v3_model_3_seed_000.pdb
RPS12___SF1,3,2,A,B,0.0000,0.0,0.0,0.0000,0.0000,0.0000,0.0000,0.0,0.0,0.1400,84.2,41.3,0.260,0,0,0,0,,,,,132,639,,,,,RPS12___SF1_unrelaxed_rank_003_alphafold2_multimer_v3_model_2_seed_000.pdb
RPS12___SF1,4,5,A,B,0.0000,0.0,0.0,0.0000,0.1208,0.0000,0.0000,0.0,0.0,0.1300,82.3,41.5,0.270,0,0,0,0,,,,,132,639,,,,,RPS12___SF1_unrelaxed_rank_004_alphafold2_multimer_v3_model_5_seed_000.pdb
RPS12___SF1,5,1,A,B,0.0000,0.0,0.0,0.0000,0.0000,0.0000,0.0000,0.0,0.0,0.1200,85.0,43.0,0.260,0,0,0,0,,,,,132,639,,,,,RPS12___SF1_unrelaxed_rank_005_alphafold2_multimer_v3_model_1_seed_000.pdb
SAFB___PSPC1,1,5,A,B,0.1846,482.3,89.0,0.0437,0.7545,0.1431,0.2381,3943.0,59.0,0.3300,31.4,59.6,0.320,58,110,17,17,75.5,87.3,77.1,80.8,915,523,[617-674],"[159-160,162,168,170-172,174-175,187,209-210,212,214-216,221-232,277-279,281-359]","[627,631,634,638,641-642,645,648-649,652,655-656,659,662-663,666,670]","[310,313-314,317,320-321,324,327-328,331,334-335,338,342,345,349,352]",SAFB___PSPC1_unrelaxed_rank_001_alphafold2_multimer_v3_model_5_seed_000.pdb
SAFB___PSPC1,2,2,A,B,0.1982,416.2,82.5,0.0386,0.7384,0.1539,0.2552,3849.0,45.0,0.3200,31.7,59.2,0.320,58,91,13,13,75.6,84.8,77.3,80.1,915,523,[619-676],"[159,162,168,211-212,214-216,222,231,284-364]","[634,638,641,645,648-649,652,655-656,659,662-663,666]","[313,317,320-321,324,327-328,331,334-335,338,342,345]",SAFB___PSPC1_unrelaxed_rank_002_alphafold2_multimer_v3_model_2_seed_000.pdb
SAFB___PSPC1,3,3,A,B,0.0000,0.0,0.0,0.0000,0.4121,0.0017,0.0000,2.0,0.0,0.2700,31.4,59.9,0.320,2,2,0,0,77.3,86.3,,,915,523,[649-650],"[308,318]",,,SAFB___PSPC1_unrelaxed_rank_003_alphafold2_multimer_v3_model_3_seed_000.pdb
SAFB___PSPC1,4,1,A,B,0.0000,0.0,0.0,0.0000,0.3129,0.0000,0.0000,0.0,0.0,0.2100,31.4,60.3,0.300,0,0,0,0,,,,,915,523,,,,,SAFB___PSPC1_unrelaxed_rank_004_alphafold2_multimer_v3_model_1_seed_000.pdb
SAFB___PSPC1,5,4,A,B,0.0000,0.0,0.0,0.0000,0.1486,0.0000,0.0000,0.0,0.0,0.1800,29.5,59.1,0.290,0,0,0,0,,,,,915,523,,,,,SAFB___PSPC1_unrelaxed_rank_005_alphafold2_multimer_v3_model_4_seed_000.pdb
SAFB___SLC3A2,1,4,A,B,0.0000,0.0,0.0,0.0000,0.2350,0.0000,0.0000,0.0,0.0,0.1900,25.4,69.1,0.380,0,0,0,0,,,,,915,630,,,,,SAFB___SLC3A2_unrelaxed_rank_001_alphafold2_multimer_v3_model_4_seed_000.pdb
SAFB___SLC3A2,2,5,A,B,0.0000,0.0,0.0,0.0000,0.1492,0.0000,0.0000,0.0,0.0,0.1800,28.3,69.7,0.380,0,0,0,0,,,,,915,630,,,,,SAFB___SLC3A2_unrelaxed_rank_002_alphafold2_multimer_v3_model_5_seed_000.pdb
SAFB___SLC3A2,3,2,A,B,0.0000,0.0,0.0,0.0000,0.1684,0.0000,0.0000,0.0,0.0,0.1700,30.1,70.6,0.400,0,0,0,0,,,,,915,630,,,,,SAFB___SLC3A2_unrelaxed_rank_003_alphafold2_multimer_v3_model_2_seed_000.pdb
SAFB___SLC3A2,4,3,A,B,0.0000,0.0,0.0,0.0000,0.1795,0.0000,0.0000,0.0,0.0,0.1700,28.4,69.9,0.390,0,0,0,0,,,,,915,630,,,,,SAFB___SLC3A2_unrelaxed_rank_004_alphafold2_multimer_v3_model_3_seed_000.pdb
SAFB___SLC3A2,5,1,A,B,0.0000,0.0,0.0,0.0000,0.1754,0.0000,0.0000,0.0,0.0,0.1600,29.1,69.9,0.380,0,0,0,0,,,,,915,630,,,,,SAFB___SLC3A2_unrelaxed_rank_005_alphafold2_multimer_v3_model_1_seed_000.pdb
SAR1A___DAZAP1,1,4,A,B,0.0000,0.0,0.0,0.0000,0.1452,0.0000,0.0000,0.0,0.0,0.1800,72.5,38.3,0.360,0,0,0,0,,,,,198,407,,,,,SAR1A___DAZAP1_unrelaxed_rank_001_alphafold2_multimer_v3_model_4_seed_000.pdb
SAR1A___DAZAP1,2,1,A,B,0.0000,0.0,0.0,0.0000,0.1295,0.0000,0.0000,0.0,0.0,0.1900,63.1,42.3,0.340,0,0,0,0,,,,,198,407,,,,,SAR1A___DAZAP1_unrelaxed_rank_002_alphafold2_multimer_v3_model_1_seed_000.pdb
SAR1A___DAZAP1,3,2,A,B,0.0000,0.0,0.0,0.0000,0.1186,0.0000,0.0000,0.0,0.0,0.1500,69.4,40.1,0.350,0,0,0,0,,,,,198,407,,,,,SAR1A___DAZAP1_unrelaxed_rank_003_alphafold2_multimer_v3_model_2_seed_000.pdb
SAR1A___DAZAP1,4,5,A,B,0.0000,0.0,0.0,0.0000,0.1117,0.0000,0.0000,0.0,0.0,0.1500,66.2,41.0,0.330,0,0,0,0,,,,,198,407,,,,,SAR1A___DAZAP1_unrelaxed_rank_004_alphafold2_multimer_v3_model_5_seed_000.pdb
SAR1A___DAZAP1,5,3,A,B,0.0000,0.0,0.0,0.0000,0.1044,0.0000,0.0000,0.0,0.0,0.1300,66.4,39.6,0.340,0,0,0,0,,,,,198,407,,,,,SAR1A___DAZAP1_unrelaxed_rank_005_alphafold2_multimer_v3_model_3_seed_000.pdb
SAR1A___FAM50A,1,1,A,B,0.0000,0.0,0.0,0.0000,0.1748,0.0000,0.0000,0.0,0.0,0.2200,69.9,56.5,0.390,0,0,0,0,,,,,198,339,,,,,SAR1A___FAM50A_unrelaxed_rank_001_alphafold2_multimer_v3_model_1_seed_000.pdb
SAR1A___FAM50A,2,4,A,B,0.0000,0.0,0.0,0.0000,0.1797,0.0067,0.0000,1.0,0.0,0.2100,74.4,54.3,0.400,1,1,0,0,93.5,70.7,,,198,339,[97],[315],,,SAR1A___FAM50A_unrelaxed_rank_002_alphafold2_multimer_v3_model_4_seed_000.pdb
SAR1A___FAM50A,3,2,A,B,0.0000,0.0,0.0,0.0000,0.1576,0.0000,0.0000,0.0,0.0,0.2000,72.5,55.7,0.390,0,0,0,0,,,,,198,339,,,,,SAR1A___FAM50A_unrelaxed_rank_003_alphafold2_multimer_v3_model_2_seed_000.pdb
SAR1A___FAM50A,4,5,A,B,0.0000,0.0,0.0,0.0000,0.1289,0.0000,0.0000,0.0,0.0,0.1700,69.2,56.5,0.370,0,0,0,0,,,,,198,339,,,,,SAR1A___FAM50A_unrelaxed_rank_004_alphafold2_multimer_v3_model_5_seed_000.pdb
SAR1A___FAM50A,5,3,A,B,0.0000,0.0,0.0,0.0000,0.1109,0.0000,0.0000,0.0,0.0,0.1300,67.1,54.6,0.360,0,0,0,0,,,,,198,339,,,,,SAR1A___FAM50A_unrelaxed_rank_005_alphafold2_multimer_v3_model_3_seed_000.pdb
SAR1A___KHSRP,1,1,A,B,0.0674,27.3,1.8,0.0117,0.4958,0.0536,0.0848,93.0,8.0,0.4000,61.0,42.3,0.310,45,4,4,3,76.6,40.7,73.0,41.2,198,711,"[30,33-41,43-45,97,99-102,104-105,109,113,116,128,130,135-139,145,149-151,175-176,179-183,190-193]",[109-112],"[35,40,135,181]","[109-110,112]",SAR1A___KHSRP_unrelaxed_rank_001_alphafold2_multimer_v3_model_1_seed_000.pdb
SAR1A___KHSRP,2,4,A,B,0.0000,0.0,0.0,0.0000,0.3421,0.0090,0.0000,11.0,0.0,0.3500,63.1,36.9,0.310,11,1,0,0,73.4,36.1,,,198,711,"[30,34,40,103,107,114,136,148,182-183,192]",[110],,,SAR1A___KHSRP_unrelaxed_rank_002_alphafold2_multimer_v3_model_4_seed_000.pdb
SAR1A___KHSRP,3,2,A,B,0.0000,0.0,0.0,0.0000,0.2770,0.0000,0.0000,0.0,0.0,0.3200,67.5,43.5,0.300,0,0,0,0,,,,,198,711,,,,,SAR1A___KHSRP_unrelaxed_rank_003_alphafold2_multimer_v3_model_2_seed_000.pdb
SAR1A___KHSRP,4,3,A,B,0.0000,0.0,0.0,0.0000,0.3664,0.0000,0.0000,0.0,0.0,0.3200,60.9,38.6,0.290,0,0,0,0,,,,,198,711,,,,,SAR1A___KHSRP_unrelaxed_rank_004_alphafold2_multimer_v3_model_3_seed_000.pdb
SAR1A___KHSRP,5,5,A,B,0.0000,0.0,0.0,0.0000,0.2282,0.0000,0.0000,0.0,0.0,0.2800,63.1,41.5,0.280,0,0,0,0,,,,,198,711,,,,,SAR1A___KHSRP_unrelaxed_rank_005_alphafold2_multimer_v3_model_5_seed_000.pdb
SAR1A___RB1,1,3,A,B,0.0000,0.0,0.0,0.0000,0.2057,0.0000,0.0000,0.0,0.0,0.2000,65.6,66.5,0.610,0,0,0,0,,,,,198,928,,,,,SAR1A___RB1_unrelaxed_rank_001_alphafold2_multimer_v3_model_3_seed_000.pdb
SAR1A___RB1,2,4,A,B,0.0000,0.0,0.0,0.0000,0.1584,0.0000,0.0000,0.0,0.0,0.2100,59.0,66.0,0.610,0,0,0,0,,,,,198,928,,,,,SAR1A___RB1_unrelaxed_rank_002_alphafold2_multimer_v3_model_4_seed_000.pdb
SAR1A___RB1,3,2,A,B,0.0000,0.0,0.0,0.0000,0.1649,0.0000,0.0000,0.0,0.0,0.2000,64.0,66.6,0.610,0,0,0,0,,,,,198,928,,,,,SAR1A___RB1_unrelaxed_rank_003_alphafold2_multimer_v3_model_2_seed_000.pdb
SAR1A___RB1,4,5,A,B,0.0000,0.0,0.0,0.0000,0.1506,0.0000,0.0000,0.0,0.0,0.1900,68.8,66.3,0.610,0,0,0,0,,,,,198,928,,,,,SAR1A___RB1_unrelaxed_rank_004_alphafold2_multimer_v3_model_5_seed_000.pdb
SAR1A___RB1,5,1,A,B,0.0000,0.0,0.0,0.0000,0.1556,0.0000,0.0000,0.0,0.0,0.1800,62.5,67.0,0.600,0,0,0,0,,,,,198,928,,,,,SAR1A___RB1_unrelaxed_rank_005_alphafold2_multimer_v3_model_1_seed_000.pdb
SAR1A___RPS12,1,4,A,B,0.0000,0.0,0.0,0.0000,0.1169,0.0000,0.0000,0.0,0.0,0.1400,72.8,75.4,0.540,0,0,0,0,,,,,198,132,,,,,SAR1A___RPS12_unrelaxed_rank_001_alphafold2_multimer_v3_model_4_seed_000.pdb
SAR1A___RPS12,2,2,A,B,0.0000,0.0,0.0,0.0000,0.1428,0.0000,0.0000,0.0,0.0,0.1300,72.9,76.8,0.530,0,0,0,0,,,,,198,132,,,,,SAR1A___RPS12_unrelaxed_rank_002_alphafold2_multimer_v3_model_2_seed_000.pdb
SAR1A___RPS12,3,1,A,B,0.0000,0.0,0.0,0.0000,0.1020,0.0000,0.0000,0.0,0.0,0.1300,67.2,75.0,0.500,0,0,0,0,,,,,198,132,,,,,SAR1A___RPS12_unrelaxed_rank_003_alphafold2_multimer_v3_model_1_seed_000.pdb
SAR1A___RPS12,4,3,A,B,0.0000,0.0,0.0,0.0000,0.0896,0.0000,0.0000,0.0,0.0,0.1200,74.8,78.0,0.530,0,0,0,0,,,,,198,132,,,,,SAR1A___RPS12_unrelaxed_rank_004_alphafold2_multimer_v3_model_3_seed_000.pdb
SAR1A___RPS12,5,5,A,B,0.0000,0.0,0.0,0.0000,0.0936,0.0000,0.0000,0.0,0.0,0.1200,67.7,70.7,0.500,0,0,0,0,,,,,198,132,,,,,SAR1A___RPS12_unrelaxed_rank_005_alphafold2_multimer_v3_model_5_seed_000.pdb
SET___PDK1,1,3,A,B,0.1024,1114.9,114.2,0.1167,0.5597,0.1101,0.0952,25896.0,48.0,0.4800,61.4,80.3,0.670,171,349,24,18,84.1,88.4,76.6,55.2,290,436,"[36-158,165-174,177-180,197-208,214-235]","[1-10,40-66,70-202,216-241,244,247-257,259-260,262-292,299-336,356-425]","[63-64,66-67,70,102-104,108,131-132,134-135,156,158,205,214,216-217,219-220,222-224]","[1-4,6-7,98,170-173,175-176,414-415,417-418,422]",SET___PDK1_unrelaxed_rank_001_alphafold2_multimer_v3_model_3_seed_000.pdb
SET___PDK1,2,1,A,B,0.0000,0.0,0.0,0.0000,0.3079,0.0000,0.0000,0.0,0.0,0.2200,59.3,77.8,0.570,0,0,0,0,,,,,290,436,,,,,SET___PDK1_unrelaxed_rank_002_alphafold2_multimer_v3_model_1_seed_000.pdb
SET___PDK1,3,2,A,B,0.0226,34.1,0.8,0.0000,0.4038,0.0208,0.0245,129.0,9.0,0.1600,60.9,77.0,0.540,47,6,5,3,81.8,29.5,65.7,29.7,290,436,"[45,48-63,65-77,81-83,86,93,100,124,126,138,140,151-153,155-156,205,224]",[2-7],"[63,66-67,70-71]","[3,6-7]",SET___PDK1_unrelaxed_rank_003_alphafold2_multimer_v3_model_2_seed_000.pdb
SET___PDK1,4,4,A,B,0.0000,0.0,0.0,0.0000,0.1430,0.0000,0.0000,0.0,0.0,0.1500,58.3,77.5,0.540,0,0,0,0,,,,,290,436,,,,,SET___PDK1_unrelaxed_rank_004_alphafold2_multimer_v3_model_4_seed_000.pdb
SET___PDK1,5,5,A,B,0.0000,0.0,0.0,0.0000,0.1539,0.0000,0.0000,0.0,0.0,0.1400,59.9,77.8,0.540,0,0,0,0,,,,,290,436,,,,,SET___PDK1_unrelaxed_rank_005_alphafold2_multimer_v3_model_5_seed_000.pdb
SF3A3___SRSF11,1,3,A,B,0.0000,0.0,0.0,0.0000,0.1371,0.0000,0.0000,0.0,0.0,0.1500,78.8,31.8,0.380,0,0,0,0,,,,,501,484,,,,,SF3A3___SRSF11_unrelaxed_rank_001_alphafold2_multimer_v3_model_3_seed_000.pdb
SF3A3___SRSF11,2,5,A,B,0.0000,0.0,0.0,0.0000,0.1222,0.0000,0.0000,0.0,0.0,0.1400,78.4,32.4,0.370,0,0,0,0,,,,,501,484,,,,,SF3A3___SRSF11_unrelaxed_rank_002_alphafold2_multimer_v3_model_5_seed_000.pdb
SF3A3___SRSF11,3,1,A,B,0.0000,0.0,0.0,0.0000,0.0000,0.0000,0.0000,0.0,0.0,0.1300,77.8,32.2,0.360,0,0,0,0,,,,,501,484,,,,,SF3A3___SRSF11_unrelaxed_rank_003_alphafold2_multimer_v3_model_1_seed_000.pdb
SF3A3___SRSF11,4,4,A,B,0.0000,0.0,0.0,0.0000,0.0000,0.0000,0.0000,0.0,0.0,0.1300,76.3,31.6,0.360,0,0,0,0,,,,,501,484,,,,,SF3A3___SRSF11_unrelaxed_rank_004_alphafold2_multimer_v3_model_4_seed_000.pdb
SF3A3___SRSF11,5,2,A,B,0.0000,0.0,0.0,0.0000,0.0000,0.0000,0.0000,0.0,0.0,0.1300,78.7,32.8,0.370,0,0,0,0,,,,,501,484,,,,,SF3A3___SRSF11_unrelaxed_rank_005_alphafold2_multimer_v3_model_2_seed_000.pdb
SF3B2___CDC37,1,2,A,B,0.2365,128.1,30.3,0.0218,0.7757,0.1833,0.3051,400.0,41.0,0.2800,37.5,69.8,0.260,11,69,6,14,41.5,74.7,45.4,75.2,895,378,"[860,863-865,889-895]","[191,193,225-226,281-289,291-346]","[864,890,892-895]","[191,294-295,298,309-310,312,314,317,336,340-343]",SF3B2___CDC37_unrelaxed_rank_001_alphafold2_multimer_v3_model_2_seed_000.pdb
SF3B2___CDC37,2,4,A,B,0.0489,3.7,0.2,0.0000,0.4693,0.0546,0.0438,7.0,2.0,0.2600,34.6,69.1,0.250,3,6,1,2,36.4,72.3,36.2,67.7,895,378,[893-895],"[308,310,313,336,341,343]",[895],"[341,343]",SF3B2___CDC37_unrelaxed_rank_002_alphafold2_multimer_v3_model_4_seed_000.pdb
SF3B2___CDC37,3,1,A,B,0.1276,47.5,6.1,0.0165,0.5970,0.1058,0.1538,94.0,24.0,0.2400,37.7,71.0,0.250,4,31,3,11,43.8,75.9,45.9,74.0,895,378,[892-895],"[293-295,297-299,305,307-314,322,327-328,330-331,333,335-344]",[893-895],"[294,298,309-310,312,314,336,340-343]",SF3B2___CDC37_unrelaxed_rank_003_alphafold2_multimer_v3_model_1_seed_000.pdb
SF3B2___CDC37,4,3,A,B,0.0000,0.0,0.0,0.0000,0.3497,0.0000,0.0000,0.0,0.0,0.1900,38.1,69.9,0.260,0,0,0,0,,,,,895,378,,,,,SF3B2___CDC37_unrelaxed_rank_004_alphafold2_multimer_v3_model_3_seed_000.pdb
SF3B2___CDC37,5,5,A,B,0.0000,0.0,0.0,0.0000,0.1672,0.0000,0.0000,0.0,0.0,0.1500,38.7,69.2,0.250,0,0,0,0,,,,,895,378,,,,,SF3B2___CDC37_unrelaxed_rank_005_alphafold2_multimer_v3_model_5_seed_000.pdb
SF3B2___PSPC1,1,2,A,B,0.0000,0.0,0.0,0.0000,0.1567,0.0000,0.0000,0.0,0.0,0.1600,37.5,59.3,0.300,0,0,0,0,,,,,895,523,,,,,SF3B2___PSPC1_unrelaxed_rank_001_alphafold2_multimer_v3_model_2_seed_000.pdb
SF3B2___PSPC1,2,1,A,B,0.0000,0.0,0.0,0.0000,0.1598,0.0000,0.0000,0.0,0.0,0.1600,38.8,60.6,0.300,0,0,0,0,,,,,895,523,,,,,SF3B2___PSPC1_unrelaxed_rank_002_alphafold2_multimer_v3_model_1_seed_000.pdb
SF3B2___PSPC1,3,5,A,B,0.0000,0.0,0.0,0.0000,0.1352,0.0000,0.0000,0.0,0.0,0.1400,36.1,58.8,0.300,0,0,0,0,,,,,895,523,,,,,SF3B2___PSPC1_unrelaxed_rank_003_alphafold2_multimer_v3_model_5_seed_000.pdb
SF3B2___PSPC1,4,3,A,B,0.0000,0.0,0.0,0.0000,0.1397,0.0000,0.0000,0.0,0.0,0.1400,37.8,58.4,0.300,0,0,0,0,,,,,895,523,,,,,SF3B2___PSPC1_unrelaxed_rank_004_alphafold2_multimer_v3_model_3_seed_000.pdb
SF3B2___PSPC1,5,4,A,B,0.0000,0.0,0.0,0.0000,0.1319,0.0000,0.0000,0.0,0.0,0.1400,34.5,57.2,0.280,0,0,0,0,,,,,895,523,,,,,SF3B2___PSPC1_unrelaxed_rank_005_alphafold2_multimer_v3_model_4_seed_000.pdb
SFPQ___HMGB1,1,1,A,B,0.0155,34.8,0.5,0.0000,0.4620,0.0160,0.0151,173.0,7.0,0.1700,49.6,63.3,0.360,71,8,6,5,90.6,37.4,89.3,37.5,707,215,"[292,294,296-297,299,303,309,311-312,314-317,320,322,326-342,346,349,352,355-356,361,363,365-366,368,371,374,376,383-385,389-390,398,400-404,411,414,418,420-422,425-426,429-431,439,445-446,448]",[195-202],"[327,329,334,336,368,421]","[197-198,200-202]",SFPQ___HMGB1_unrelaxed_rank_001_alphafold2_multimer_v3_model_1_seed_000.pdb
SFPQ___HMGB1,2,2,A,B,0.0000,0.0,0.0,0.0000,0.1573,0.0000,0.0000,0.0,0.0,0.1300,49.0,61.2,0.350,0,0,0,0,,,,,707,215,,,,,SFPQ___HMGB1_unrelaxed_rank_002_alphafold2_multimer_v3_model_2_seed_000.pdb
SFPQ___HMGB1,3,5,A,B,0.0000,0.0,0.0,0.0000,0.1293,0.0000,0.0000,0.0,0.0,0.1300,48.2,60.5,0.350,0,0,0,0,,,,,707,215,,,,,SFPQ___HMGB1_unrelaxed_rank_003_alphafold2_multimer_v3_model_5_seed_000.pdb
SFPQ___HMGB1,4,3,A,B,0.0000,0.0,0.0,0.0000,0.1672,0.0000,0.0000,0.0,0.0,0.1300,48.8,62.3,0.350,0,0,0,0,,,,,707,215,,,,,SFPQ___HMGB1_unrelaxed_rank_004_alphafold2_multimer_v3_model_3_seed_000.pdb
SFPQ___HMGB1,5,4,A,B,0.0000,0.0,0.0,0.0000,0.1243,0.0000,0.0000,0.0,0.0,0.1200,46.5,59.2,0.320,0,0,0,0,,,,,707,215,,,,,SFPQ___HMGB1_unrelaxed_rank_005_alphafold2_multimer_v3_model_4_seed_000.pdb
SLC3A2___DAZAP1,1,2,A,B,0.0000,0.0,0.0,0.0000,0.1395,0.0000,0.0000,0.0,0.0,0.1600,70.5,39.0,0.480,0,0,0,0,,,,,630,407,,,,,SLC3A2___DAZAP1_unrelaxed_rank_001_alphafold2_multimer_v3_model_2_seed_000.pdb
SLC3A2___DAZAP1,2,3,A,B,0.0000,0.0,0.0,0.0000,0.1130,0.0000,0.0000,0.0,0.0,0.1500,69.3,37.5,0.480,0,0,0,0,,,,,630,407,,,,,SLC3A2___DAZAP1_unrelaxed_rank_002_alphafold2_multimer_v3_model_3_seed_000.pdb
SLC3A2___DAZAP1,3,4,A,B,0.0000,0.0,0.0,0.0000,0.1550,0.0000,0.0000,0.0,0.0,0.1500,69.1,35.7,0.470,0,0,0,0,,,,,630,407,,,,,SLC3A2___DAZAP1_unrelaxed_rank_003_alphafold2_multimer_v3_model_4_seed_000.pdb
SLC3A2___DAZAP1,4,1,A,B,0.0000,0.0,0.0,0.0000,0.1306,0.0000,0.0000,0.0,0.0,0.1500,70.3,37.9,0.480,0,0,0,0,,,,,630,407,,,,,SLC3A2___DAZAP1_unrelaxed_rank_004_alphafold2_multimer_v3_model_1_seed_000.pdb
SLC3A2___DAZAP1,5,5,A,B,0.0000,0.0,0.0,0.0000,0.1221,0.0000,0.0000,0.0,0.0,0.1500,69.1,38.0,0.470,0,0,0,0,,,,,630,407,,,,,SLC3A2___DAZAP1_unrelaxed_rank_005_alphafold2_multimer_v3_model_5_seed_000.pdb
SLC3A2___SRSF11,1,2,A,B,0.0000,0.0,0.0,0.0000,0.1324,0.0000,0.0000,0.0,0.0,0.1700,70.9,31.5,0.470,0,0,0,0,,,,,630,484,,,,,SLC3A2___SRSF11_unrelaxed_rank_001_alphafold2_multimer_v3_model_2_seed_000.pdb
SLC3A2___SRSF11,2,1,A,B,0.0000,0.0,0.0,0.0000,0.1504,0.0000,0.0000,0.0,0.0,0.1500,70.4,30.6,0.460,0,0,0,0,,,,,630,484,,,,,SLC3A2___SRSF11_unrelaxed_rank_002_alphafold2_multimer_v3_model_1_seed_000.pdb
SLC3A2___SRSF11,3,4,A,B,0.0000,0.0,0.0,0.0000,0.1418,0.0000,0.0000,0.0,0.0,0.1500,69.7,28.6,0.450,0,0,0,0,,,,,630,484,,,,,SLC3A2___SRSF11_unrelaxed_rank_003_alphafold2_multimer_v3_model_4_seed_000.pdb
SLC3A2___SRSF11,4,5,A,B,0.0000,0.0,0.0,0.0000,0.1261,0.0000,0.0000,0.0,0.0,0.1500,69.8,30.8,0.450,0,0,0,0,,,,,630,484,,,,,SLC3A2___SRSF11_unrelaxed_rank_004_alphafold2_multimer_v3_model_5_seed_000.pdb
SLC3A2___SRSF11,5,3,A,B,0.0000,0.0,0.0,0.0000,0.1355,0.0000,0.0000,0.0,0.0,0.1500,69.9,30.2,0.460,0,0,0,0,,,,,630,484,,,,,SLC3A2___SRSF11_unrelaxed_rank_005_alphafold2_multimer_v3_model_3_seed_000.pdb
SMAP___ANP32A,1,4,A,B,0.4381,937.0,410.5,0.4471,0.9346,0.4143,0.4633,7769.0,113.0,0.5000,34.2,70.0,0.480,39,164,17,31,58.3,93.5,59.7,91.5,183,249,[23-61],[1-164],"[25,27,40-41,43-46,49,52-59]","[6,9-12,14,18-25,43,46,48,50-51,70,72-73,94,96-97,119,121-122,146-147,159]",SMAP___ANP32A_unrelaxed_rank_001_alphafold2_multimer_v3_model_4_seed_000.pdb
SMAP___ANP32A,2,1,A,B,0.1130,299.5,33.9,0.0174,0.4309,0.1127,0.1133,2893.0,31.0,0.2300,27.5,70.1,0.450,29,155,11,12,40.2,96.6,38.0,94.1,183,249,"[34-58,64-67]",[2-156],"[39,43,48-50,52-57]","[23,25,50,70,72-73,94,96-97,119,121-122]",SMAP___ANP32A_unrelaxed_rank_002_alphafold2_multimer_v3_model_1_seed_000.pdb
SMAP___ANP32A,3,2,A,B,0.0185,43.8,0.8,0.0000,0.3091,0.0214,0.0161,384.0,5.0,0.1600,29.1,69.9,0.440,9,123,4,4,42.7,96.9,42.8,94.9,183,249,"[39-45,49-50]","[5-10,16,18-28,33-34,39,41,43-58,61-76,80-84,86-96,98-100,103-123,125-128,130-139,141-155]","[40,43-44,50]","[50,72,121,146]",SMAP___ANP32A_unrelaxed_rank_003_alphafold2_multimer_v3_model_2_seed_000.pdb
SMAP___ANP32A,4,3,A,B,0.0587,68.4,4.0,0.0121,0.3359,0.0489,0.0705,234.0,20.0,0.1600,29.6,68.7,0.440,6,117,5,8,34.2,94.9,31.3,90.7,183,249,"[41,55-59]","[7-10,15-28,30,33-35,37-59,61-68,70,74-76,79-93,95-96,98-101,103,105-106,108-121,123-127,131,135-136,139,141-146,148-154]",[55-59],"[10,19-24,48]",SMAP___ANP32A_unrelaxed_rank_004_alphafold2_multimer_v3_model_3_seed_000.pdb
SMAP___ANP32A,5,5,A,B,0.0575,83.0,4.8,0.0122,0.3269,0.0538,0.0615,405.0,17.0,0.1400,29.9,70.0,0.430,5,147,4,10,33.0,96.8,32.4,92.8,183,249,[55-59],"[2-35,37-50,52-77,80-101,103-121,123-128,130-155]",[56-59],"[6,9-12,14,19,21-23]",SMAP___ANP32A_unrelaxed_rank_005_alphafold2_multimer_v3_model_5_seed_000.pdb
SMAP___FUS,1,1,A,B,0.0000,0.0,0.0,0.0000,0.3504,0.0000,0.0000,0.0,0.0,0.1600,26.2,33.6,0.240,0,0,0,0,,,,,183,526,,,,,SMAP___FUS_unrelaxed_rank_001_alphafold2_multimer_v3_model_1_seed_000.pdb
SMAP___FUS,2,2,A,B,0.0000,0.0,0.0,0.0000,0.3283,0.0000,0.0000,0.0,0.0,0.1600,28.5,33.6,0.250,0,0,0,0,,,,,183,526,,,,,SMAP___FUS_unrelaxed_rank_002_alphafold2_multimer_v3_model_2_seed_000.pdb
SMAP___FUS,3,3,A,B,0.0000,0.0,0.0,0.0000,0.2247,0.0000,0.0000,0.0,0.0,0.1400,24.7,33.6,0.240,0,0,0,0,,,,,183,526,,,,,SMAP___FUS_unrelaxed_rank_003_alphafold2_multimer_v3_model_3_seed_000.pdb
SMAP___FUS,4,4,A,B,0.0000,0.0,0.0,0.0000,0.1800,0.0000,0.0000,0.0,0.0,0.1400,26.5,35.6,0.230,0,0,0,0,,,,,183,526,,,,,SMAP___FUS_unrelaxed_rank_004_alphafold2_multimer_v3_model_4_seed_000.pdb
SMAP___FUS,5,5,A,B,0.0000,0.0,0.0,0.0000,0.1817,0.0000,0.0000,0.0,0.0,0.1200,26.1,36.0,0.230,0,0,0,0,,,,,183,526,,,,,SMAP___FUS_unrelaxed_rank_005_alphafold2_multimer_v3_model_5_seed_000.pdb
SMAP___RBM33,1,1,A,B,0.0000,0.0,0.0,0.0000,0.2162,0.0000,0.0000,0.0,0.0,0.2000,24.3,22.9,0.200,0,0,0,0,,,,,183,1170,,,,,SMAP___RBM33_unrelaxed_rank_001_alphafold2_multimer_v3_model_1_seed_000.pdb
SMAP___RBM33,2,4,A,B,0.0000,0.0,0.0,0.0000,0.1970,0.0000,0.0000,0.0,0.0,0.1900,28.1,24.6,0.190,0,0,0,0,,,,,183,1170,,,,,SMAP___RBM33_unrelaxed_rank_002_alphafold2_multimer_v3_model_4_seed_000.pdb
SMAP___RBM33,3,2,A,B,0.0000,0.0,0.0,0.0000,0.1617,0.0000,0.0000,0.0,0.0,0.1800,29.8,25.1,0.200,0,0,0,0,,,,,183,1170,,,,,SMAP___RBM33_unrelaxed_rank_003_alphafold2_multimer_v3_model_2_seed_000.pdb
SMAP___RBM33,4,3,A,B,0.0000,0.0,0.0,0.0000,0.1935,0.0000,0.0000,0.0,0.0,0.1800,26.0,25.6,0.190,0,0,0,0,,,,,183,1170,,,,,SMAP___RBM33_unrelaxed_rank_004_alphafold2_multimer_v3_model_3_seed_000.pdb
SMAP___RBM33,5,5,A,B,0.0000,0.0,0.0,0.0000,0.1323,0.0000,0.0000,0.0,0.0,0.1600,27.6,26.2,0.190,0,0,0,0,,,,,183,1170,,,,,SMAP___RBM33_unrelaxed_rank_005_alphafold2_multimer_v3_model_5_seed_000.pdb
SMAP___SF1,1,4,A,B,0.0000,0.0,0.0,0.0000,0.3080,0.0000,0.0000,0.0,0.0,0.1800,24.8,41.4,0.280,0,0,0,0,,,,,183,639,,,,,SMAP___SF1_unrelaxed_rank_001_alphafold2_multimer_v3_model_4_seed_000.pdb
SMAP___SF1,2,5,A,B,0.0000,0.0,0.0,0.0000,0.2203,0.0000,0.0000,0.0,0.0,0.1600,23.3,42.3,0.290,0,0,0,0,,,,,183,639,,,,,SMAP___SF1_unrelaxed_rank_002_alphafold2_multimer_v3_model_5_seed_000.pdb
SMAP___SF1,3,1,A,B,0.0000,0.0,0.0,0.0000,0.2396,0.0000,0.0000,0.0,0.0,0.1600,24.4,40.5,0.260,0,0,0,0,,,,,183,639,,,,,SMAP___SF1_unrelaxed_rank_003_alphafold2_multimer_v3_model_1_seed_000.pdb
SMAP___SF1,4,3,A,B,0.0000,0.0,0.0,0.0000,0.2132,0.0000,0.0000,0.0,0.0,0.1500,24.5,40.5,0.270,0,0,0,0,,,,,183,639,,,,,SMAP___SF1_unrelaxed_rank_004_alphafold2_multimer_v3_model_3_seed_000.pdb
SMAP___SF1,5,2,A,B,0.0000,0.0,0.0,0.0000,0.1699,0.0000,0.0000,0.0,0.0,0.1300,27.9,39.8,0.250,0,0,0,0,,,,,183,639,,,,,SMAP___SF1_unrelaxed_rank_005_alphafold2_multimer_v3_model_2_seed_000.pdb
SMAP___U2SURP,1,4,A,B,0.0786,222.2,17.5,0.0126,0.5726,0.0698,0.0884,1234.0,40.0,0.3000,26.8,48.7,0.330,20,113,12,20,49.5,82.6,47.6,80.6,183,1029,"[55-59,75-89]","[320,328,355,376-377,380-387,408-507]","[56-59,76-77,79-81,83-84,87]","[382-383,428-429,432,435-436,443,465,474,476,478,480-481,486-487,496-498,500]",SMAP___U2SURP_unrelaxed_rank_001_alphafold2_multimer_v3_model_4_seed_000.pdb
SMAP___U2SURP,2,5,A,B,0.0000,0.0,0.0,0.0000,0.4232,0.0000,0.0000,0.0,0.0,0.2800,27.1,49.5,0.310,0,0,0,0,,,,,183,1029,,,,,SMAP___U2SURP_unrelaxed_rank_002_alphafold2_multimer_v3_model_5_seed_000.pdb
SMAP___U2SURP,3,2,A,B,0.0000,0.0,0.0,0.0000,0.3299,0.0000,0.0000,0.0,0.0,0.2200,24.7,50.7,0.300,0,0,0,0,,,,,183,1029,,,,,SMAP___U2SURP_unrelaxed_rank_003_alphafold2_multimer_v3_model_2_seed_000.pdb
SMAP___U2SURP,4,1,A,B,0.0000,0.0,0.0,0.0000,0.3120,0.0000,0.0000,0.0,0.0,0.2200,22.5,50.5,0.290,0,0,0,0,,,,,183,1029,,,,,SMAP___U2SURP_unrelaxed_rank_004_alphafold2_multimer_v3_model_1_seed_000.pdb
SMAP___U2SURP,5,3,A,B,0.0000,0.0,0.0,0.0000,0.2903,0.0000,0.0000,0.0,0.0,0.2200,24.5,48.9,0.290,0,0,0,0,,,,,183,1029,,,,,SMAP___U2SURP_unrelaxed_rank_005_alphafold2_multimer_v3_model_3_seed_000.pdb
SNRPC___NONO,1,3,A,B,0.0000,0.0,0.0,0.0000,0.1415,0.0000,0.0000,0.0,0.0,0.1300,33.3,66.7,0.450,0,0,0,0,,,,,159,471,,,,,SNRPC___NONO_unrelaxed_rank_001_alphafold2_multimer_v3_model_3_seed_000.pdb
SNRPC___NONO,2,5,A,B,0.0000,0.0,0.0,0.0000,0.0791,0.0000,0.0000,0.0,0.0,0.1100,33.9,65.7,0.450,0,0,0,0,,,,,159,471,,,,,SNRPC___NONO_unrelaxed_rank_002_alphafold2_multimer_v3_model_5_seed_000.pdb
SNRPC___NONO,3,2,A,B,0.0000,0.0,0.0,0.0000,0.0892,0.0000,0.0000,0.0,0.0,0.1100,35.2,65.8,0.440,0,0,0,0,,,,,159,471,,,,,SNRPC___NONO_unrelaxed_rank_003_alphafold2_multimer_v3_model_2_seed_000.pdb
SNRPC___NONO,4,1,A,B,0.0000,0.0,0.0,0.0000,0.0977,0.0000,0.0000,0.0,0.0,0.1000,31.6,67.3,0.440,0,0,0,0,,,,,159,471,,,,,SNRPC___NONO_unrelaxed_rank_004_alphafold2_multimer_v3_model_1_seed_000.pdb
SNRPC___NONO,5,4,A,B,0.0000,0.0,0.0,0.0000,0.0000,0.0000,0.0000,0.0,0.0,0.1000,35.3,64.6,0.420,0,0,0,0,,,,,159,471,,,,,SNRPC___NONO_unrelaxed_rank_005_alphafold2_multimer_v3_model_4_seed_000.pdb
SNRPC___TLE3,1,5,A,B,0.0751,570.7,42.9,0.0164,0.5763,0.0743,0.0759,5616.0,58.0,0.2700,30.3,55.7,0.450,25,316,12,25,46.2,94.4,42.4,85.2,159,772,"[1-22,24-25,30]","[447-453,456-515,521-562,565-687,689-772]","[1-3,5,10-12,14-17,20]","[488,490,534,536,551-552,578,580,596,619-620,622,638,661-663,679,701-702,704,720,742-743,745,761]",SNRPC___TLE3_unrelaxed_rank_001_alphafold2_multimer_v3_model_5_seed_000.pdb
SNRPC___TLE3,2,4,A,B,0.1653,683.7,113.0,0.0193,0.6754,0.1459,0.1872,7791.0,60.0,0.2600,32.2,54.2,0.450,29,319,11,23,51.6,94.6,49.5,87.2,159,772,"[1-26,30,33-34]","[447-454,456-515,521-670,672-772]","[1,3,11-15,17,19-20,23]","[488,490,534,536,551-552,578,580,596,619-620,622,638,661,663,679,702,704,720,742-743,745,761]",SNRPC___TLE3_unrelaxed_rank_002_alphafold2_multimer_v3_model_4_seed_000.pdb
SNRPC___TLE3,3,3,A,B,0.0474,425.0,20.2,0.0143,0.5006,0.0509,0.0442,4201.0,43.0,0.2500,30.1,56.1,0.450,23,306,11,21,48.1,94.6,44.4,87.7,159,772,"[1-18,20-21,24-25,30]","[447-452,458-464,467-468,471-515,522-562,565-615,617-670,672-687,689-772]","[1-3,5,11-12,14-17,20]","[488,490,534,536,552,578,580,596,620,622,638,661,663,679,701-702,704,720,743,745,761]",SNRPC___TLE3_unrelaxed_rank_003_alphafold2_multimer_v3_model_3_seed_000.pdb
SNRPC___TLE3,4,1,A,B,0.0522,252.3,13.2,0.0132,0.5256,0.0535,0.0509,3031.0,21.0,0.2200,29.5,56.5,0.440,22,299,5,13,44.8,95.1,43.8,89.9,159,772,"[3-9,11-25]","[448-452,458-461,463-464,466-468,472-514,522-562,565-615,617-648,650-670,672-687,692-772]","[12,14-17]","[488,490,533-534,536,552,578,702,704,720,743,745,761]",SNRPC___TLE3_unrelaxed_rank_004_alphafold2_multimer_v3_model_1_seed_000.pdb
SNRPC___TLE3,5,2,A,B,0.0213,26.5,0.6,0.0133,0.4132,0.0405,0.0113,704.0,1.0,0.2200,30.7,56.2,0.440,10,276,1,1,50.9,96.5,47.9,92.1,159,772,"[4-6,8-9,13,16,21,24-25]","[448-451,460-461,463,472-475,477-495,497-504,506-513,522-527,529,531-562,568-573,575-614,617-648,652-670,673-687,692-718,721-772]",[5],[488],SNRPC___TLE3_unrelaxed_rank_005_alphafold2_multimer_v3_model_2_seed_000.pdb
SNRPC___U2SURP,1,4,A,B,0.2490,862.4,214.7,0.0965,0.8143,0.1971,0.3145,6146.0,121.0,0.3300,35.1,49.5,0.330,49,155,23,26,62.6,83.3,61.2,74.8,159,1029,"[5-12,20-60]","[294,298-301,322-326,328,330-334,362,364-366,373-392,394,397-509,511]","[5-8,25,30-31,34-35,37-40,42-43,45-46,49-50,53-54,56-57]","[380-383,401-402,405,408-409,412,439-440,442-444,465,474,477-478,481-483,496-498,500]",SNRPC___U2SURP_unrelaxed_rank_001_alphafold2_multimer_v3_model_4_seed_000.pdb
SNRPC___U2SURP,2,1,A,B,0.0000,0.0,0.0,0.0000,0.3370,0.0000,0.0000,0.0,0.0,0.2100,27.6,50.8,0.300,0,0,0,0,,,,,159,1029,,,,,SNRPC___U2SURP_unrelaxed_rank_002_alphafold2_multimer_v3_model_1_seed_000.pdb
SNRPC___U2SURP,3,2,A,B,0.0000,0.0,0.0,0.0000,0.1745,0.0000,0.0000,0.0,0.0,0.1800,31.9,50.7,0.300,0,0,0,0,,,,,159,1029,,,,,SNRPC___U2SURP_unrelaxed_rank_003_alphafold2_multimer_v3_model_2_seed_000.pdb
SNRPC___U2SURP,4,5,A,B,0.0000,0.0,0.0,0.0000,0.2021,0.0000,0.0000,0.0,0.0,0.1700,29.8,49.9,0.300,0,0,0,0,,,,,159,1029,,,,,SNRPC___U2SURP_unrelaxed_rank_004_alphafold2_multimer_v3_model_5_seed_000.pdb
SNRPC___U2SURP,5,3,A,B,0.0000,0.0,0.0,0.0000,0.1759,0.0000,0.0000,0.0,0.0,0.1700,29.6,49.6,0.290,0,0,0,0,,,,,159,1029,,,,,SNRPC___U2SURP_unrelaxed_rank_005_alphafold2_multimer_v3_model_3_seed_000.pdb
SNRPC___ZNF503,1,5,A,B,0.0344,10.1,0.3,0.0000,0.4096,0.0369,0.0321,17.0,6.0,0.2000,37.4,24.6,0.200,11,3,5,2,66.6,45.1,66.5,47.8,159,646,"[4-6,8,18,20-21,23-24,30,34]","[428,430-431]","[4-6,21,24]","[428,430]",SNRPC___ZNF503_unrelaxed_rank_001_alphafold2_multimer_v3_model_5_seed_000.pdb
SNRPC___ZNF503,2,3,A,B,0.0000,0.0,0.0,0.0000,0.3458,0.0000,0.0000,0.0,0.0,0.1800,35.6,22.6,0.200,0,0,0,0,,,,,159,646,,,,,SNRPC___ZNF503_unrelaxed_rank_002_alphafold2_multimer_v3_model_3_seed_000.pdb
SNRPC___ZNF503,3,1,A,B,0.0000,0.0,0.0,0.0000,0.2761,0.0000,0.0000,0.0,0.0,0.1800,34.6,23.8,0.190,0,0,0,0,,,,,159,646,,,,,SNRPC___ZNF503_unrelaxed_rank_003_alphafold2_multimer_v3_model_1_seed_000.pdb
SNRPC___ZNF503,4,2,A,B,0.0000,0.0,0.0,0.0000,0.2903,0.0000,0.0000,0.0,0.0,0.1600,38.5,21.3,0.210,0,0,0,0,,,,,159,646,,,,,SNRPC___ZNF503_unrelaxed_rank_004_alphafold2_multimer_v3_model_2_seed_000.pdb
SNRPC___ZNF503,5,4,A,B,0.0000,0.0,0.0,0.0000,0.3005,0.0000,0.0000,0.0,0.0,0.1600,42.4,24.8,0.190,0,0,0,0,,,,,159,646,,,,,SNRPC___ZNF503_unrelaxed_rank_005_alphafold2_multimer_v3_model_4_seed_000.pdb
SRSF11___LUC7L2,1,5,A,B,0.2726,1225.5,334.1,0.2136,0.8259,0.1700,0.4373,23104.0,65.0,0.4300,34.7,63.0,0.400,100,204,11,16,84.7,88.2,79.8,76.6,484,392,[30-129],"[30-74,79-237]","[38-39,41,76,97,99,102-104,106,127]","[107-108,111-112,179-180,183-185,187,196-198,200-202]",SRSF11___LUC7L2_unrelaxed_rank_001_alphafold2_multimer_v3_model_5_seed_000.pdb
SRSF11___LUC7L2,2,2,A,B,0.0000,0.0,0.0,0.0000,0.1536,0.0000,0.0000,0.0,0.0,0.1400,35.3,60.3,0.290,0,0,0,0,,,,,484,392,,,,,SRSF11___LUC7L2_unrelaxed_rank_002_alphafold2_multimer_v3_model_2_seed_000.pdb
SRSF11___LUC7L2,3,1,A,B,0.0000,0.0,0.0,0.0000,0.1388,0.0000,0.0000,0.0,0.0,0.1300,34.4,62.2,0.290,0,0,0,0,,,,,484,392,,,,,SRSF11___LUC7L2_unrelaxed_rank_003_alphafold2_multimer_v3_model_1_seed_000.pdb
SRSF11___LUC7L2,4,3,A,B,0.0000,0.0,0.0,0.0000,0.1189,0.0000,0.0000,0.0,0.0,0.1200,32.7,61.9,0.330,0,0,0,0,,,,,484,392,,,,,SRSF11___LUC7L2_unrelaxed_rank_004_alphafold2_multimer_v3_model_3_seed_000.pdb
SRSF11___LUC7L2,5,4,A,B,0.0000,0.0,0.0,0.0000,0.1200,0.0000,0.0000,0.0,0.0,0.1200,33.4,62.5,0.320,0,0,0,0,,,,,484,392,,,,,SRSF11___LUC7L2_unrelaxed_rank_005_alphafold2_multimer_v3_model_4_seed_000.pdb
STIP1___U2SURP,1,3,A,B,0.0912,199.8,18.2,0.0127,0.6464,0.0644,0.1292,2102.0,19.0,0.3500,77.7,46.5,0.310,127,41,5,7,89.2,77.4,80.3,78.5,543,1029,"[217-237,241-272,274-313,315-348]","[838-865,871,873-883,886]","[219,292-295]","[845-846,849,852-853,856,863]",STIP1___U2SURP_unrelaxed_rank_001_alphafold2_multimer_v3_model_3_seed_000.pdb
STIP1___U2SURP,2,1,A,B,0.0569,83.4,4.7,0.0120,0.5979,0.0437,0.0741,580.0,12.0,0.3200,75.9,47.9,0.300,85,29,5,6,88.4,77.7,81.2,78.7,543,1029,"[218,222,224,226,236,243-244,247-251,253-255,257-260,262-263,265-266,268-270,274-311,318-329,331-332,335-340,342]","[841-861,863,873,875,878-880,882-883]",[292-296],"[845-846,849,852-853,856]",STIP1___U2SURP_unrelaxed_rank_002_alphafold2_multimer_v3_model_1_seed_000.pdb
STIP1___U2SURP,3,2,A,B,0.0000,0.0,0.0,0.0000,0.4091,0.0000,0.0000,0.0,0.0,0.2100,79.0,48.4,0.290,0,0,0,0,,,,,543,1029,,,,,STIP1___U2SURP_unrelaxed_rank_003_alphafold2_multimer_v3_model_2_seed_000.pdb
STIP1___U2SURP,4,4,A,B,0.0000,0.0,0.0,0.0000,0.1879,0.0000,0.0000,0.0,0.0,0.1700,75.9,44.8,0.280,0,0,0,0,,,,,543,1029,,,,,STIP1___U2SURP_unrelaxed_rank_004_alphafold2_multimer_v3_model_4_seed_000.pdb
STIP1___U2SURP,5,5,A,B,0.0000,0.0,0.0,0.0000,0.1503,0.0000,0.0000,0.0,0.0,0.1600,78.2,45.8,0.290,0,0,0,0,,,,,543,1029,,,,,STIP1___U2SURP_unrelaxed_rank_005_alphafold2_multimer_v3_model_5_seed_000.pdb
SUGP2___ATP5PD,1,3,A,B,0.3056,578.9,176.9,0.1993,0.8707,0.1867,0.5002,6205.0,54.0,0.4800,37.0,76.0,0.290,145,55,12,10,76.0,80.6,83.2,75.5,1082,161,"[389-453,468-547]",[93-147],"[394,397-398,400,403,414-416,419,427,430,520]","[123-127,129-132,135]",SUGP2___ATP5PD_unrelaxed_rank_001_alphafold2_multimer_v3_model_3_seed_000.pdb
SUGP2___ATP5PD,2,5,A,B,0.1841,274.6,50.6,0.0166,0.7365,0.1150,0.2948,1478.0,51.0,0.4400,39.1,74.2,0.310,94,44,12,9,81.9,77.8,77.2,71.8,1082,161,"[332-333,335,362-369,374,382-383,393-439,442-448,472,474-478,480-483,485-487,489-490,492-494,496-501,522,527]","[101-102,104-145]","[397-398,400,403,407,414-416,419,423,427,430]","[123-127,129-130,132,135]",SUGP2___ATP5PD_unrelaxed_rank_002_alphafold2_multimer_v3_model_5_seed_000.pdb
SUGP2___ATP5PD,3,4,A,B,0.1435,215.8,31.0,0.0162,0.7027,0.0920,0.2238,1012.0,46.0,0.4100,39.4,69.9,0.300,117,39,11,9,84.6,76.4,79.6,71.2,1082,161,"[332-333,335,338,362,364-370,374-376,378-379,381-384,392-440,442-448,450,470,472-499,501-502,517,521-524,527-528,531]","[104-133,135-142,144]","[397-398,400,403,414-416,419,423,427,430]","[123-127,129-130,132,135]",SUGP2___ATP5PD_unrelaxed_rank_003_alphafold2_multimer_v3_model_4_seed_000.pdb
SUGP2___ATP5PD,4,2,A,B,0.1231,243.7,30.0,0.0152,0.6507,0.0822,0.1844,1264.0,47.0,0.3900,39.9,72.1,0.310,143,36,11,10,85.1,77.5,84.5,72.2,1082,161,"[332-333,335-336,338,360,362-370,376,378-385,390,393-440,443-445,471-472,474-507,509-516,518-537,540,542-543]","[105,107-141]","[397-398,400,403,414-416,419,423,427,430]","[123-127,129-132,135]",SUGP2___ATP5PD_unrelaxed_rank_004_alphafold2_multimer_v3_model_2_seed_000.pdb
SUGP2___ATP5PD,5,1,A,B,0.0081,3.5,0.0,0.0000,0.4506,0.0185,0.0035,6.0,2.0,0.3300,39.7,69.9,0.290,4,3,2,2,75.6,65.6,76.2,67.0,1082,161,"[414,416-417,419]","[124,126,130]","[416,419]","[124,130]",SUGP2___ATP5PD_unrelaxed_rank_005_alphafold2_multimer_v3_model_1_seed_000.pdb
SUGP2___SF1,1,2,A,B,0.4801,363.4,174.5,0.2199,0.9290,0.3845,0.5994,2446.0,54.0,0.2200,40.6,38.3,0.280,70,26,13,9,78.4,55.8,80.6,62.5,1082,639,[776-845],[299-324],"[787,790-791,794,798,801-802,805-806,809,813,815-816]","[309,312-313,316-317,319-322]",SUGP2___SF1_unrelaxed_rank_001_alphafold2_multimer_v3_model_2_seed_000.pdb
SUGP2___SF1,2,1,A,B,0.3674,314.0,115.4,0.1341,0.8820,0.2937,0.4597,1860.0,53.0,0.2000,37.5,35.4,0.250,68,21,13,10,75.0,50.1,76.8,54.7,1082,639,[777-844],[304-324],"[786-787,790-791,794,798,802,805-806,809,813,815-816]","[309-310,312-313,316-317,319-322]",SUGP2___SF1_unrelaxed_rank_002_alphafold2_multimer_v3_model_1_seed_000.pdb
SUGP2___SF1,3,4,A,B,0.0000,0.0,0.0,0.0000,0.3213,0.0000,0.0000,0.0,0.0,0.1900,34.2,32.4,0.250,0,0,0,0,,,,,1082,639,,,,,SUGP2___SF1_unrelaxed_rank_003_alphafold2_multimer_v3_model_4_seed_000.pdb
SUGP2___SF1,4,5,A,B,0.0000,0.0,0.0,0.0000,0.2054,0.0000,0.0000,0.0,0.0,0.1800,37.2,35.9,0.270,0,0,0,0,,,,,1082,639,,,,,SUGP2___SF1_unrelaxed_rank_004_alphafold2_multimer_v3_model_5_seed_000.pdb
SUGP2___SF1,5,3,A,B,0.0000,0.0,0.0,0.0000,0.2253,0.0000,0.0000,0.0,0.0,0.1700,34.7,36.0,0.250,0,0,0,0,,,,,1082,639,,,,,SUGP2___SF1_unrelaxed_rank_005_alphafold2_multimer_v3_model_3_seed_000.pdb
SUGP2___SMAP,1,2,A,B,0.4771,402.9,192.2,0.2950,0.9453,0.4350,0.5232,2618.0,62.0,0.2800,38.3,27.0,0.260,74,27,16,14,80.4,55.8,82.5,57.4,1082,183,[775-848],[25-51],"[787,790-791,794,797-798,801-802,805-806,808-810,813,815-816]","[25-27,29-30,32-33,37,40-41,44-47]",SUGP2___SMAP_unrelaxed_rank_001_alphafold2_multimer_v3_model_2_seed_000.pdb
SUGP2___SMAP,2,1,A,B,0.2487,293.6,73.0,0.0388,0.7943,0.2069,0.2990,1567.0,55.0,0.2500,39.2,23.1,0.280,64,22,15,11,79.9,43.1,75.5,43.1,1082,183,[780-843],[27-48],"[787,790-791,794,797-798,801-802,805-806,809-810,813,815-816]","[27,30,32-33,37,40-41,44-47]",SUGP2___SMAP_unrelaxed_rank_002_alphafold2_multimer_v3_model_1_seed_000.pdb
SUGP2___SMAP,3,4,A,B,0.0706,71.0,5.0,0.0134,0.4966,0.0764,0.0653,420.0,12.0,0.2200,37.7,23.1,0.270,57,11,6,4,77.4,40.5,71.0,36.2,1082,183,"[782-809,811-839]",[37-47],"[794-795,802,805-806,809]",[44-47],SUGP2___SMAP_unrelaxed_rank_003_alphafold2_multimer_v3_model_4_seed_000.pdb
SUGP2___SMAP,4,5,A,B,0.0000,0.0,0.0,0.0000,0.3141,0.0000,0.0000,0.0,0.0,0.1800,39.1,23.0,0.280,0,0,0,0,,,,,1082,183,,,,,SUGP2___SMAP_unrelaxed_rank_004_alphafold2_multimer_v3_model_5_seed_000.pdb
SUGP2___SMAP,5,3,A,B,0.0000,0.0,0.0,0.0000,0.1851,0.0000,0.0000,0.0,0.0,0.1600,37.9,21.7,0.260,0,0,0,0,,,,,1082,183,,,,,SUGP2___SMAP_unrelaxed_rank_005_alphafold2_multimer_v3_model_3_seed_000.pdb
SUPT5H___FUBP3,1,5,A,B,0.0000,0.0,0.0,0.0000,0.2975,0.0000,0.0000,0.0,0.0,0.2000,52.7,40.1,0.250,0,0,0,0,,,,,1087,572,,,,,SUPT5H___FUBP3_unrelaxed_rank_001_alphafold2_multimer_v3_model_5_seed_000.pdb
SUPT5H___FUBP3,2,4,A,B,0.0000,0.0,0.0,0.0000,0.2070,0.0000,0.0000,0.0,0.0,0.1800,49.6,38.2,0.240,0,0,0,0,,,,,1087,572,,,,,SUPT5H___FUBP3_unrelaxed_rank_002_alphafold2_multimer_v3_model_4_seed_000.pdb
SUPT5H___FUBP3,3,3,A,B,0.0000,0.0,0.0,0.0000,0.2037,0.0000,0.0000,0.0,0.0,0.1800,53.1,41.4,0.250,0,0,0,0,,,,,1087,572,,,,,SUPT5H___FUBP3_unrelaxed_rank_003_alphafold2_multimer_v3_model_3_seed_000.pdb
SUPT5H___FUBP3,4,1,A,B,0.0000,0.0,0.0,0.0000,0.1985,0.0000,0.0000,0.0,0.0,0.1800,51.4,40.4,0.240,0,0,0,0,,,,,1087,572,,,,,SUPT5H___FUBP3_unrelaxed_rank_004_alphafold2_multimer_v3_model_1_seed_000.pdb
SUPT5H___FUBP3,5,2,A,B,0.0000,0.0,0.0,0.0000,0.1664,0.0000,0.0000,0.0,0.0,0.1700,53.2,44.5,0.240,0,0,0,0,,,,,1087,572,,,,,SUPT5H___FUBP3_unrelaxed_rank_005_alphafold2_multimer_v3_model_2_seed_000.pdb
TLE3___CCNT1,1,1,A,B,0.1635,797.5,130.4,0.0461,0.7463,0.1240,0.2156,6838.0,93.0,0.3300,56.1,42.7,0.350,326,224,34,19,88.9,86.2,78.4,66.4,772,726,"[43-78,371,447-452,459-461,472-495,498-514,522-562,567-648,651-670,672-687,692-771]","[10-113,121,123-166,168-206,211,214,216,220-245,719-725]","[54-55,58-59,62-63,65-66,69-70,73,371,488,490,534,536,552,578,580,596,598,620,622,638,661,663,679,701-702,704,720,743,745,761]","[93-94,131,134,137-138,141,146-149,214,216,719,721-725]",TLE3___CCNT1_unrelaxed_rank_001_alphafold2_multimer_v3_model_1_seed_000.pdb
TLE3___CCNT1,2,2,A,B,0.1307,381.2,49.8,0.0197,0.6660,0.1176,0.1453,2271.0,64.0,0.2600,55.7,43.3,0.350,316,179,31,19,93.1,87.6,81.0,63.0,772,726,"[370-376,447-453,458-464,467-468,472-515,522-562,565-772]","[13-16,18-20,22-25,29-41,44,48-49,51-52,54-69,71-72,74,78,83,86-87,90-95,100-108,111,130,133-137,139-144,147-150,152-156,158-174,177-181,185-187,189-245,718-725]","[370-374,376,488,490,534,536,551-553,576,578-580,596,619-620,622,638,663-664,679,702,704,720,743,745,761]","[163-167,210-213,215-216,221,718-719,721-725]",TLE3___CCNT1_unrelaxed_rank_002_alphafold2_multimer_v3_model_2_seed_000.pdb
TLE3___CCNT1,3,3,A,B,0.1528,351.6,53.7,0.0198,0.7660,0.1450,0.1610,2333.0,53.0,0.2300,55.1,42.1,0.350,311,10,26,7,92.4,31.7,89.0,33.2,772,726,"[447-452,458-464,466-468,471-515,521-562,564-670,672-772]",[716-725],"[488,490,534,536,552,578,580,596,619-620,622,637-639,661,663,702,704,720,742-745,759-761]","[716-719,721-722,724]",TLE3___CCNT1_unrelaxed_rank_003_alphafold2_multimer_v3_model_3_seed_000.pdb
TLE3___CCNT1,4,5,A,B,0.1344,285.4,38.4,0.0186,0.7755,0.1240,0.1457,2144.0,38.0,0.2200,55.7,42.2,0.340,313,9,24,7,93.8,29.4,91.4,29.5,772,726,"[447-452,457-468,471-515,521-562,565-772]",[717-725],"[488,490,534,536,552,578,580,596,619-620,622,637-638,661,663,702,704,720,742-745,760-761]","[717-719,721-722,724-725]",TLE3___CCNT1_unrelaxed_rank_004_alphafold2_multimer_v3_model_5_seed_000.pdb
TLE3___CCNT1,5,4,A,B,0.0517,184.5,9.5,0.0130,0.5896,0.0490,0.0545,1361.0,25.0,0.2000,51.9,41.3,0.340,281,8,13,6,92.5,30.0,90.0,30.2,772,726,"[448-452,458-461,463,473-495,499-514,522-561,567-573,575-636,638-647,652,654-670,672-687,692-728,730-771]","[716-722,724]","[488,490,534,536,552,578,663,702,704,720,743-745]","[717-718,720-722,724]",TLE3___CCNT1_unrelaxed_rank_005_alphafold2_multimer_v3_model_4_seed_000.pdb
TLE3___PTBP1,1,3,A,B,0.0476,195.9,9.3,0.0147,0.5901,0.0511,0.0444,1323.0,29.0,0.2300,55.2,61.6,0.380,301,10,23,6,92.6,29.3,90.3,30.5,772,557,"[447-452,458-464,467-468,472-496,498-514,522-562,566-648,650-670,672-687,690-772]",[11-20],"[487-490,505,534,536,552,578,580-581,596,622-623,638,663,702,704,720,742-743,745,761]","[12-16,19]",TLE3___PTBP1_unrelaxed_rank_001_alphafold2_multimer_v3_model_3_seed_000.pdb
TLE3___PTBP1,2,1,A,B,0.0000,0.0,0.0,0.0000,0.1964,0.0000,0.0000,0.0,0.0,0.2000,54.4,57.9,0.370,0,0,0,0,,,,,772,557,,,,,TLE3___PTBP1_unrelaxed_rank_002_alphafold2_multimer_v3_model_1_seed_000.pdb
TLE3___PTBP1,3,2,A,B,0.0000,0.0,0.0,0.0000,0.4072,0.0000,0.0000,0.0,0.0,0.2000,55.1,62.9,0.380,0,0,0,0,,,,,772,557,,,,,TLE3___PTBP1_unrelaxed_rank_003_alphafold2_multimer_v3_model_2_seed_000.pdb
TLE3___PTBP1,4,4,A,B,0.0000,0.0,0.0,0.0000,0.4088,0.0000,0.0000,0.0,0.0,0.2000,53.9,60.3,0.370,0,0,0,0,,,,,772,557,,,,,TLE3___PTBP1_unrelaxed_rank_004_alphafold2_multimer_v3_model_4_seed_000.pdb
TLE3___PTBP1,5,5,A,B,0.0154,29.6,0.5,0.0000,0.4887,0.0153,0.0155,175.0,5.0,0.1900,54.6,63.7,0.360,123,4,5,2,94.1,28.7,88.6,27.4,772,557,"[449-450,479,483,485,487-495,509-513,524-527,532-535,538,541,546,548-550,552-553,557-558,560-561,568-571,573,576-579,581,585,590,593,595-598,602,604,608-612,619-620,623-626,634-635,638,640-647,654-658,660-662,676-679,683,694,699,703-704,714-715,718,720-724,735-736,742-745,747,750,753,755,757,762-764,766-768,770]",[12-15],"[552,578,596,620,638]","[12,15]",TLE3___PTBP1_unrelaxed_rank_005_alphafold2_multimer_v3_model_5_seed_000.pdb
TXN___DHX15,1,3,A,B,0.0000,0.0,0.0,0.0000,0.1965,0.0000,0.0000,0.0,0.0,0.2300,80.1,79.9,0.690,0,0,0,0,,,,,105,795,,,,,TXN___DHX15_unrelaxed_rank_001_alphafold2_multimer_v3_model_3_seed_000.pdb
TXN___DHX15,2,5,A,B,0.0000,0.0,0.0,0.0000,0.2004,0.0000,0.0000,0.0,0.0,0.2200,80.5,79.6,0.690,0,0,0,0,,,,,105,795,,,,,TXN___DHX15_unrelaxed_rank_002_alphafold2_multimer_v3_model_5_seed_000.pdb
TXN___DHX15,3,4,A,B,0.0000,0.0,0.0,0.0000,0.1870,0.0000,0.0000,0.0,0.0,0.2100,73.5,79.7,0.700,0,0,0,0,,,,,105,795,,,,,TXN___DHX15_unrelaxed_rank_003_alphafold2_multimer_v3_model_4_seed_000.pdb
TXN___DHX15,4,2,A,B,0.0000,0.0,0.0,0.0000,0.2026,0.0000,0.0000,0.0,0.0,0.2100,79.0,78.9,0.670,0,0,0,0,,,,,105,795,,,,,TXN___DHX15_unrelaxed_rank_004_alphafold2_multimer_v3_model_2_seed_000.pdb
TXN___DHX15,5,1,A,B,0.0000,0.0,0.0,0.0000,0.1741,0.0000,0.0000,0.0,0.0,0.1900,76.2,78.5,0.650,0,0,0,0,,,,,105,795,,,,,TXN___DHX15_unrelaxed_rank_005_alphafold2_multimer_v3_model_1_seed_000.pdb
TXN___DNAJA1,1,4,A,B,0.3606,1310.6,472.6,0.2563,0.8300,0.2328,0.5585,25260.0,68.0,0.7200,91.4,80.6,0.600,105,177,16,9,91.4,92.2,88.8,88.6,105,397,[1-105],"[103-133,201-231,235-349]","[29,31-35,37-38,72-75,90-93]","[276,278-279,281-286]",TXN___DNAJA1_unrelaxed_rank_001_alphafold2_multimer_v3_model_4_seed_000.pdb
TXN___DNAJA1,2,1,A,B,0.0000,0.0,0.0,0.0000,0.1406,0.0000,0.0000,0.0,0.0,0.1500,84.3,78.4,0.470,0,0,0,0,,,,,105,397,,,,,TXN___DNAJA1_unrelaxed_rank_002_alphafold2_multimer_v3_model_1_seed_000.pdb
TXN___DNAJA1,3,3,A,B,0.0000,0.0,0.0,0.0000,0.1287,0.0000,0.0000,0.0,0.0,0.1300,85.4,75.7,0.450,0,0,0,0,,,,,105,397,,,,,TXN___DNAJA1_unrelaxed_rank_003_alphafold2_multimer_v3_model_3_seed_000.pdb
TXN___DNAJA1,4,2,A,B,0.0000,0.0,0.0,0.0000,0.1210,0.0000,0.0000,0.0,0.0,0.1200,84.7,77.1,0.450,0,0,0,0,,,,,105,397,,,,,TXN___DNAJA1_unrelaxed_rank_004_alphafold2_multimer_v3_model_2_seed_000.pdb
TXN___DNAJA1,5,5,A,B,0.0000,0.0,0.0,0.0000,0.1330,0.0000,0.0000,0.0,0.0,0.1200,86.1,75.1,0.450,0,0,0,0,,,,,105,397,,,,,TXN___DNAJA1_unrelaxed_rank_005_alphafold2_multimer_v3_model_5_seed_000.pdb
XRN2___CSTB,1,2,A,B,0.0629,233.0,14.6,0.0116,0.5348,0.0501,0.0788,1086.0,50.0,0.4600,72.4,75.8,0.720,229,24,16,9,91.4,66.8,79.2,53.7,950,98,"[49-51,53,55,75,79,82-83,86-87,89-91,93,96-98,101-102,104-125,127-128,131,159-160,162,166,173,175,178-179,181-183,192-194,200,202,204-206,208,212,214-215,225,227-228,240,245,251,303,305,307-308,311,314,329-330,332-333,338-340,346-350,384,386,388-389,393,517-525,533-551,553-556,558-575,590-637,646-663,665-667,670-673,675-676,684-686,695,753,755,766]","[2-7,42-55,66-69]","[566,603-604,626-634,649-652]","[3-5,46-50,52]",XRN2___CSTB_unrelaxed_rank_001_alphafold2_multimer_v3_model_2_seed_000.pdb
XRN2___CSTB,2,4,A,B,0.0665,318.8,21.2,0.0129,0.5251,0.0531,0.0834,2310.0,44.0,0.4500,72.2,74.8,0.710,345,24,11,11,92.9,64.4,77.2,55.1,950,98,"[48-55,58-59,74-128,130-131,134,158-183,188,191-198,200-216,221-222,225-230,236-245,247-251,302-306,308-313,329-330,332-340,346-352,363,384-386,388-390,393,395,403-404,407,515-525,532-557,559-575,589-639,645-677,682-687,690,693,695-696,699,722,729-730,735,750-756,766]","[2-7,43-55,67-70,97]","[119,627,630-634,649-652]","[3-6,46-50,52,97]",XRN2___CSTB_unrelaxed_rank_002_alphafold2_multimer_v3_model_4_seed_000.pdb
XRN2___CSTB,3,5,A,B,0.0393,30.9,1.2,0.0000,0.4297,0.0331,0.0468,136.0,7.0,0.4100,72.9,79.0,0.720,81,10,6,3,89.8,70.3,76.2,61.1,950,98,"[78,81,87,108,111,113-114,116-120,123-124,194,517,519-520,524,535-536,539-544,546,548,550,560,562-564,568,570,594-606,613-618,624-634,647-648,650-653,655-656,658-662,665,673]","[45-49,51-55]","[627,630,633-634,650-651]","[48-49,52]",XRN2___CSTB_unrelaxed_rank_003_alphafold2_multimer_v3_model_5_seed_000.pdb
XRN2___CSTB,4,3,A,B,0.0197,53.5,1.1,0.0000,0.4581,0.0156,0.0249,220.0,13.0,0.4100,71.7,76.4,0.700,100,9,7,4,90.6,66.1,77.2,58.4,950,98,"[52,79,82,86-87,93,110-121,123,175-176,178-179,208,211-212,227,534,537-545,547-548,560-561,563-564,567-568,571-572,592-603,605,609,611-615,617-618,621,623-634,636,647-652,654-655,658-659,661-663,665,672,675,685,693]","[45-49,51-53,55]","[627,630,632-633,649-651]","[47-49,52]",XRN2___CSTB_unrelaxed_rank_004_alphafold2_multimer_v3_model_3_seed_000.pdb
XRN2___CSTB,5,1,A,B,0.0000,0.0,0.0,0.0000,0.3721,0.0000,0.0000,0.0,0.0,0.3500,71.8,71.0,0.700,0,0,0,0,,,,,950,98,,,,,XRN2___CSTB_unrelaxed_rank_005_alphafold2_multimer_v3_model_1_seed_000.pdb
XRN2___DDX17,1,4,A,B,0.1218,241.3,29.4,0.0319,0.6901,0.0811,0.1829,8317.0,7.0,0.4700,69.8,52.4,0.570,426,109,4,4,90.8,63.7,69.3,58.4,950,729,"[3-24,39-55,57-60,62-63,74-105,107-111,114-120,160-183,188,191-231,233-254,300-319,323-341,344,346-348,350-351,354-371,373,377-397,399,404-407,519,521,535-566,568-575,591-602,610-611,613-615,617,629,656-662,670-676,682-687,690-701,708-711,714,718-723,729,750-760,764-790,792-804,807-808,810]","[392-394,398-415,420-483,487,489-496,501-506,508,517-522,524,534]","[12-13,15,797]","[436,439,442,444]",XRN2___DDX17_unrelaxed_rank_001_alphafold2_multimer_v3_model_4_seed_000.pdb
XRN2___DDX17,2,3,A,B,0.0687,113.9,7.8,0.0141,0.6052,0.0551,0.0856,4321.0,3.0,0.4500,69.0,54.6,0.580,332,85,1,2,91.8,69.5,67.0,56.2,950,729,"[5-23,41,43-55,58-59,74-105,107-111,115,118-119,161-162,164-183,188,192-196,199-230,234-253,301-318,326-342,346,351,355,357-370,378-380,383-395,536-544,546-560,562-564,566,568,571,593-599,614,617,655-661,671-676,683-686,691-700,718-723,751-757,760,764-785,795-801]","[392,394,402-415,421-450,452,455-483,489-493,502,505-506,508]",[12],"[439,442]",XRN2___DDX17_unrelaxed_rank_002_alphafold2_multimer_v3_model_3_seed_000.pdb
XRN2___DDX17,3,2,A,B,0.0000,0.0,0.0,0.0000,0.3685,0.0555,0.0000,11.0,0.0,0.3600,70.0,53.7,0.550,8,6,0,0,83.9,59.1,,,950,729,"[14,310-312,315-316,781,796]","[437-439,442-443,445]",,,XRN2___DDX17_unrelaxed_rank_003_alphafold2_multimer_v3_model_2_seed_000.pdb
XRN2___DDX17,4,5,A,B,0.0000,0.0,0.0,0.0000,0.4389,0.0000,0.0000,0.0,0.0,0.2700,69.4,54.2,0.540,0,0,0,0,,,,,950,729,,,,,XRN2___DDX17_unrelaxed_rank_004_alphafold2_multimer_v3_model_5_seed_000.pdb
XRN2___DDX17,5,1,A,B,0.0000,0.0,0.0,0.0000,0.2381,0.0000,0.0000,0.0,0.0,0.2100,69.9,54.5,0.520,0,0,0,0,,,,,950,729,,,,,XRN2___DDX17_unrelaxed_rank_005_alphafold2_multimer_v3_model_1_seed_000.pdb
ZBTB33___DAZAP1,1,4,A,B,0.0000,0.0,0.0,0.0000,0.3012,0.0000,0.0000,0.0,0.0,0.2100,37.1,33.8,0.240,0,0,0,0,,,,,672,407,,,,,ZBTB33___DAZAP1_unrelaxed_rank_001_alphafold2_multimer_v3_model_4_seed_000.pdb
ZBTB33___DAZAP1,2,3,A,B,0.0000,0.0,0.0,0.0000,0.1874,0.0000,0.0000,0.0,0.0,0.1600,39.0,37.1,0.270,0,0,0,0,,,,,672,407,,,,,ZBTB33___DAZAP1_unrelaxed_rank_002_alphafold2_multimer_v3_model_3_seed_000.pdb
ZBTB33___DAZAP1,3,1,A,B,0.0000,0.0,0.0,0.0000,0.1825,0.0000,0.0000,0.0,0.0,0.1600,37.5,36.1,0.240,0,0,0,0,,,,,672,407,,,,,ZBTB33___DAZAP1_unrelaxed_rank_003_alphafold2_multimer_v3_model_1_seed_000.pdb
ZBTB33___DAZAP1,4,2,A,B,0.0000,0.0,0.0,0.0000,0.1465,0.0000,0.0000,0.0,0.0,0.1500,38.5,39.7,0.220,0,0,0,0,,,,,672,407,,,,,ZBTB33___DAZAP1_unrelaxed_rank_004_alphafold2_multimer_v3_model_2_seed_000.pdb
ZBTB33___DAZAP1,5,5,A,B,0.0000,0.0,0.0,0.0000,0.1372,0.0000,0.0000,0.0,0.0,0.1400,39.6,40.6,0.220,0,0,0,0,,,,,672,407,,,,,ZBTB33___DAZAP1_unrelaxed_rank_005_alphafold2_multimer_v3_model_5_seed_000.pdb
ZBTB33___RB1,1,5,A,B,0.0000,0.0,0.0,0.0000,0.4664,0.0064,0.0000,5.0,0.0,0.3200,34.0,67.2,0.510,3,5,0,0,29.1,94.3,,,672,928,[668-670],"[654,664,668,687,691]",,,ZBTB33___RB1_unrelaxed_rank_001_alphafold2_multimer_v3_model_5_seed_000.pdb
ZBTB33___RB1,2,4,A,B,0.0385,6.3,0.2,0.0000,0.4874,0.0555,0.0267,20.0,2.0,0.3100,32.5,66.7,0.500,3,17,1,2,28.6,88.2,31.5,79.0,672,928,[165-167],"[426,525,679-680,684,697,699,701-702,712,720-721,740,753-754,757-758]",[167],"[721,757]",ZBTB33___RB1_unrelaxed_rank_002_alphafold2_multimer_v3_model_4_seed_000.pdb
ZBTB33___RB1,3,1,A,B,0.0000,0.0,0.0,0.0000,0.4251,0.0000,0.0000,0.0,0.0,0.2600,31.2,66.6,0.500,0,0,0,0,,,,,672,928,,,,,ZBTB33___RB1_unrelaxed_rank_003_alphafold2_multimer_v3_model_1_seed_000.pdb
ZBTB33___RB1,4,3,A,B,0.0000,0.0,0.0,0.0000,0.3059,0.0000,0.0000,0.0,0.0,0.2400,34.1,66.8,0.510,0,0,0,0,,,,,672,928,,,,,ZBTB33___RB1_unrelaxed_rank_004_alphafold2_multimer_v3_model_3_seed_000.pdb
ZBTB33___RB1,5,2,A,B,0.0000,0.0,0.0,0.0000,0.1817,0.0000,0.0000,0.0,0.0,0.1900,32.6,67.9,0.500,0,0,0,0,,,,,672,928,,,,,ZBTB33___RB1_unrelaxed_rank_005_alphafold2_multimer_v3_model_2_seed_000.pdb
ZBTB33___ZNF503,1,4,A,B,0.4008,912.5,365.8,0.2698,0.9771,0.3103,0.5178,5108.0,163.0,0.3000,41.1,21.6,0.280,121,48,47,31,62.9,53.8,65.3,57.3,672,646,"[407-450,476-545,549-550,559-562,565]","[51-93,429-433]","[408,410,415-420,422-424,432-439,441-445,476,478,481-482,484,486,495,497-498,500,516-519,529-533,536,539-540,562]","[53,55-58,61-63,65,67-77,79-80,83,86-88,90-93,431]",ZBTB33___ZNF503_unrelaxed_rank_001_alphafold2_multimer_v3_model_4_seed_000.pdb
ZBTB33___ZNF503,2,2,A,B,0.1465,312.3,45.8,0.0212,0.7037,0.1080,0.1987,1711.0,57.0,0.2600,40.0,19.8,0.250,104,21,15,11,89.7,48.4,86.4,53.4,672,646,"[12-88,90-93,95-117]",[61-81],"[37,40,56-57,59-60,62-65,67-70,107]","[63,65-66,68-71,73-76]",ZBTB33___ZNF503_unrelaxed_rank_002_alphafold2_multimer_v3_model_2_seed_000.pdb
ZBTB33___ZNF503,3,5,A,B,0.4142,346.5,143.5,0.1166,0.9572,0.3374,0.5085,1277.0,94.0,0.1900,40.4,20.1,0.220,64,30,27,18,61.6,46.4,60.1,48.6,672,646,"[412-449,524,530-531,533-535,537-544,550,552,555,557-561,566,584-586]","[56-80,427,429-432]","[415-417,419,421,424-427,429,431-439,441-443,535,538-539,560-561]","[56,58,61-63,67-68,70-76,78,430-432]",ZBTB33___ZNF503_unrelaxed_rank_003_alphafold2_multimer_v3_model_5_seed_000.pdb
ZBTB33___ZNF503,4,1,A,B,0.0597,16.2,1.0,0.0111,0.4680,0.0552,0.0645,22.0,12.0,0.1900,37.1,19.8,0.230,6,7,4,6,46.1,31.4,47.0,32.2,672,646,[432-437],[70-76],[433-436],[70-75],ZBTB33___ZNF503_unrelaxed_rank_004_alphafold2_multimer_v3_model_1_seed_000.pdb
ZBTB33___ZNF503,5,3,A,B,0.0000,0.0,0.0,0.0000,0.4570,0.0312,0.0000,1.0,0.0,0.1800,38.0,18.8,0.240,1,1,0,0,62.4,29.5,,,672,646,[532],[432],,,ZBTB33___ZNF503_unrelaxed_rank_005_alphafold2_multimer_v3_model_3_seed_000.pdb
ZFR___DAZAP1,1,3,A,B,0.1736,350.8,60.9,0.0213,0.8131,0.1342,0.2245,2461.0,50.0,0.2700,45.4,39.0,0.350,261,16,17,9,91.3,33.6,87.3,38.1,1074,407,"[723-765,782-856,859-872,892-957,963-981,987-1030]",[225-240],"[736,741,752,756,759,783,785-790,795,797,811,813,913]","[226,228,230,233-237,239]",ZFR___DAZAP1_unrelaxed_rank_001_alphafold2_multimer_v3_model_3_seed_000.pdb
ZFR___DAZAP1,2,2,A,B,0.0000,0.0,0.0,0.0000,0.4090,0.0000,0.0000,0.0,0.0,0.2000,47.7,42.6,0.340,0,0,0,0,,,,,1074,407,,,,,ZFR___DAZAP1_unrelaxed_rank_002_alphafold2_multimer_v3_model_2_seed_000.pdb
ZFR___DAZAP1,3,4,A,B,0.0000,0.0,0.0,0.0000,0.3498,0.0000,0.0000,0.0,0.0,0.2000,45.8,39.0,0.340,0,0,0,0,,,,,1074,407,,,,,ZFR___DAZAP1_unrelaxed_rank_003_alphafold2_multimer_v3_model_4_seed_000.pdb
ZFR___DAZAP1,4,1,A,B,0.0000,0.0,0.0,0.0000,0.2118,0.0000,0.0000,0.0,0.0,0.1800,47.7,39.0,0.330,0,0,0,0,,,,,1074,407,,,,,ZFR___DAZAP1_unrelaxed_rank_004_alphafold2_multimer_v3_model_1_seed_000.pdb
ZFR___DAZAP1,5,5,A,B,0.0000,0.0,0.0,0.0000,0.3056,0.0000,0.0000,0.0,0.0,0.1800,47.2,41.6,0.330,0,0,0,0,,,,,1074,407,,,,,ZFR___DAZAP1_unrelaxed_rank_005_alphafold2_multimer_v3_model_5_seed_000.pdb
ZFR___DHX15,1,4,A,B,0.3677,4854.3,1785.0,0.6141,0.9636,0.2602,0.5196,204903.0,115.0,0.7000,44.3,79.5,0.560,321,671,27,29,86.8,90.0,72.1,85.3,1074,795,"[500-506,644-656,716-766,782-877,888-1041]","[115-376,381-406,413-795]","[502-505,718-722,973-974,976-978,1011-1012,1015,1018-1019,1021-1025,1037-1038,1040]","[322-325,334,337,341,482,523-524,530,532-534,537-538,540-541,544,551,553,769-770,772-774,777,781,785]",ZFR___DHX15_unrelaxed_rank_001_alphafold2_multimer_v3_model_4_seed_000.pdb
ZFR___DHX15,2,5,A,B,0.3051,5789.9,1766.6,0.5112,0.9309,0.1944,0.4789,161167.0,208.0,0.6700,44.5,80.1,0.550,301,679,38,47,88.4,90.6,74.5,86.5,1074,795,"[497-515,718-761,784-874,893-1039]",[116-794],"[499-513,718-719,721-723,972-974,976-978,1011-1012,1015,1018-1019,1021-1025,1037-1038]","[138,313-325,328,334,337-338,340-341,344-345,467,470-471,482,484,487,523-524,530,532-534,537-538,540-541,544,551,553,769-770,772-774,777]",ZFR___DHX15_unrelaxed_rank_002_alphafold2_multimer_v3_model_5_seed_000.pdb
ZFR___DHX15,3,3,A,B,0.1784,4534.7,808.8,0.4078,0.9347,0.1172,0.2714,76162.0,270.0,0.6300,45.4,79.8,0.540,257,663,61,81,83.8,90.4,64.7,84.4,1074,795,"[497-513,648-674,719-756,758,788-811,824,852,861,863-867,896-1037]","[118,122-180,186-788]","[499-508,510-512,651-674,719,721-723,969,972-974,976-978,1008,1011-1012,1015-1016,1018-1019,1021-1025,1037]","[194-195,221-223,237,239-240,243,266,268,320-325,328,334,337-338,340-341,344-347,357-361,389-391,443,445,454-456,480,482,484,487,509,521-524,530,532-534,536-538,540-541,544,551,553,566,568,595-598,660,722-724,738,740,742-744,746,748,769-770,772]",ZFR___DHX15_unrelaxed_rank_003_alphafold2_multimer_v3_model_3_seed_000.pdb
ZFR___DHX15,4,1,A,B,0.1007,832.2,83.8,0.0137,0.7126,0.0743,0.1366,8551.0,81.0,0.5100,45.3,79.5,0.500,142,376,26,22,84.8,91.3,59.5,85.6,1074,795,"[267-280,723-733,740,793,796,798,800,905,907-916,919,921-958,962-982,984-988,990,997-999,1002-1033]","[140,143-153,157-158,169-176,188,190,194-199,201-208,216-217,221,233,235,237-246,250-252,254-258,263-279,282,286-287,289-291,300-302,304,307,309-310,445-456,463-464,472,499-603,606-705,710-715,717-727,729-740,745-769,771,775-784]","[267-269,271-277,279-280,973-974,976-978,1011,1015-1016,1018-1019,1021-1023,1025]","[523,530,532-534,537-538,540-541,544,551,553,585,616,629,632-633,635-636,677,679-680]",ZFR___DHX15_unrelaxed_rank_004_alphafold2_multimer_v3_model_1_seed_000.pdb
ZFR___DHX15,5,2,A,B,0.1990,586.8,116.8,0.1153,0.8019,0.1608,0.2462,4148.0,83.0,0.5200,44.2,79.2,0.440,14,402,11,21,54.9,89.8,60.0,89.7,1074,795,[499-512],"[124-179,187-228,230-246,248-282,285-294,298-377,379-408,410-450,453-503,505-509,511-516,525-546,548,558-559,562-563,572-573]",[501-511],"[316,318-325,328,334,337-338,341,467,470-471,481-482,484,487]",ZFR___DHX15_unrelaxed_rank_005_alphafold2_multimer_v3_model_2_seed_000.pdb
ZFR___PTBP1,1,3,A,B,0.0758,62.6,4.7,0.0129,0.5982,0.0693,0.0829,206.0,19.0,0.2700,45.0,62.7,0.360,6,67,5,9,30.8,84.7,30.8,76.8,1074,557,[1-6],"[183-189,191,194-217,222-229,232-248,251-257,269,274-275]",[1-5],"[199,202-203,241,245-248,251]",ZFR___PTBP1_unrelaxed_rank_001_alphafold2_multimer_v3_model_3_seed_000.pdb
ZFR___PTBP1,2,1,A,B,0.0000,0.0,0.0,0.0000,0.3393,0.0000,0.0000,0.0,0.0,0.2400,45.3,60.6,0.330,0,0,0,0,,,,,1074,557,,,,,ZFR___PTBP1_unrelaxed_rank_002_alphafold2_multimer_v3_model_1_seed_000.pdb
ZFR___PTBP1,3,2,A,B,0.0000,0.0,0.0,0.0000,0.3417,0.0000,0.0000,0.0,0.0,0.2300,45.7,64.6,0.340,0,0,0,0,,,,,1074,557,,,,,ZFR___PTBP1_unrelaxed_rank_003_alphafold2_multimer_v3_model_2_seed_000.pdb
ZFR___PTBP1,4,5,A,B,0.0000,0.0,0.0,0.0000,0.3307,0.0000,0.0000,0.0,0.0,0.2100,44.3,63.6,0.330,0,0,0,0,,,,,1074,557,,,,,ZFR___PTBP1_unrelaxed_rank_004_alphafold2_multimer_v3_model_5_seed_000.pdb
ZFR___PTBP1,5,4,A,B,0.0000,0.0,0.0,0.0000,0.1986,0.0000,0.0000,0.0,0.0,0.2000,43.9,60.3,0.330,0,0,0,0,,,,,1074,557,,,,,ZFR___PTBP1_unrelaxed_rank_005_alphafold2_multimer_v3_model_4_seed_000.pdb
ZFR___TXN,1,3,A,B,0.4438,1921.7,852.9,0.4102,0.9319,0.2994,0.6578,48593.0,76.0,0.8600,48.3,92.4,0.440,300,105,15,13,91.9,92.4,90.3,89.8,1074,105,"[718-766,780-877,887-1039]",[1-105],"[976-978,981,983,1004-1005,1008-1009,1011-1013,1015-1016,1019]","[32-34,37,72-74,90-93,95-96]",ZFR___TXN_unrelaxed_rank_001_alphafold2_multimer_v3_model_3_seed_000.pdb
ZFR___TXN,2,5,A,B,0.4180,1802.7,753.5,0.3953,0.9251,0.2788,0.6265,49240.0,66.0,0.8500,48.0,92.6,0.430,306,105,14,12,91.8,92.6,89.5,88.0,1074,105,"[717-769,780-878,886-1039]",[1-105],"[976-978,981,983,1004-1005,1008,1011-1013,1015-1016,1019]","[31-34,37,72-74,90-93]",ZFR___TXN_unrelaxed_rank_002_alphafold2_multimer_v3_model_5_seed_000.pdb
ZFR___TXN,3,2,A,B,0.2200,1133.6,249.4,0.1268,0.7889,0.1364,0.3548,18357.0,70.0,0.7200,48.1,91.8,0.410,262,105,12,13,94.4,91.8,87.2,84.5,1074,105,"[721-760,785,787-835,840-855,860-872,893-1035]",[1-105],"[973,976-978,981,1008,1011-1013,1015-1016,1019]","[29,31-34,37,72-74,90-93]",ZFR___TXN_unrelaxed_rank_003_alphafold2_multimer_v3_model_2_seed_000.pdb
ZFR___TXN,4,1,A,B,0.1582,876.7,138.7,0.0575,0.7083,0.1075,0.2330,10528.0,73.0,0.6700,48.3,90.7,0.410,243,102,13,12,93.6,90.7,84.7,81.4,1074,105,"[722-758,760,788-812,818-828,831-833,840-854,860-870,894-958,961-1035]","[1-18,21-104]","[976-978,981,983,1008,1011-1016,1019]","[29,31-34,37,72-74,90-92]",ZFR___TXN_unrelaxed_rank_004_alphafold2_multimer_v3_model_1_seed_000.pdb
ZFR___TXN,5,4,A,B,0.0801,265.6,21.3,0.0140,0.6353,0.0669,0.0960,1959.0,36.0,0.6000,46.3,88.8,0.390,158,94,11,11,92.8,88.9,86.0,78.2,1074,105,"[723-732,734,736,740,742-744,746-747,750,753-754,757-758,789,792-795,798-801,810,820-825,831,851,853,862-866,901-912,914-916,919,922-940,942-956,964-985,987-992,996,998-999,1002-1031]","[3-6,8-17,21-49,52-81,84-104]","[973,976-978,981,1008,1011-1012,1014-1015,1019]","[29,31-34,37,59,72-74,91]",ZFR___TXN_unrelaxed_rank_005_alphafold2_multimer_v3_model_4_seed_000.pdb
ZNF503___SF3A3,1,3,A,B,0.0483,153.1,7.4,0.0117,0.5491,0.0436,0.0536,937.0,25.0,0.2600,21.0,77.1,0.370,14,167,8,12,46.0,89.1,46.8,83.9,646,501,"[66-77,79-80]","[4-29,32-62,67-74,106,109-110,112,114,128,130-149,160-164,181-222,318-346]","[69-74,76-77]","[19,22,43,46-48,50-52,54,203,205]",ZNF503___SF3A3_unrelaxed_rank_001_alphafold2_multimer_v3_model_3_seed_000.pdb
ZNF503___SF3A3,2,4,A,B,0.0239,49.8,1.2,0.0000,0.4795,0.0251,0.0228,310.0,8.0,0.2100,19.6,75.0,0.350,10,108,4,5,37.9,88.8,38.6,87.2,646,501,[72-81],"[4-20,22-27,33-61,67-68,71,91,95,107-112,114-115,117,129-131,134,138-140,142,145-149,160,163,182,184-186,188-197,199,203,208-210,213-214,323,326,329,334,340-341]","[72,76-77,81]","[42,45,48-49,52]",ZNF503___SF3A3_unrelaxed_rank_002_alphafold2_multimer_v3_model_4_seed_000.pdb
ZNF503___SF3A3,3,5,A,B,0.0000,0.0,0.0,0.0000,0.2790,0.0000,0.0000,0.0,0.0,0.1800,20.6,78.0,0.350,0,0,0,0,,,,,646,501,,,,,ZNF503___SF3A3_unrelaxed_rank_003_alphafold2_multimer_v3_model_5_seed_000.pdb
ZNF503___SF3A3,4,2,A,B,0.0000,0.0,0.0,0.0000,0.2831,0.0000,0.0000,0.0,0.0,0.1700,20.7,78.4,0.350,0,0,0,0,,,,,646,501,,,,,ZNF503___SF3A3_unrelaxed_rank_004_alphafold2_multimer_v3_model_2_seed_000.pdb
ZNF503___SF3A3,5,1,A,B,0.0000,0.0,0.0,0.0000,0.2892,0.0000,0.0000,0.0,0.0,0.1700,23.4,77.4,0.350,0,0,0,0,,,,,646,501,,,,,ZNF503___SF3A3_unrelaxed_rank_005_alphafold2_multimer_v3_model_1_seed_000.pdb
