name,rank,model,chain_i,chain_j,iLIS,iLIA,iLISA,ipSAE,actifpTM,LIS,cLIS,LIA,cLIA,ipTM,pLDDT_i,pLDDT_j,pTM,LIR_i,LIR_j,cLIR_i,cLIR_j,LIpLDDT_i,LIpLDDT_j,cLIpLDDT_i,cLIpLDDT_j,len_i,len_j,LIR_indices_i,LIR_indices_j,cLIR_indices_i,cLIR_indices_j,structure_file
ANP32A___CHERP,1,2,A,B,0.5225,2371.5,1239.1,0.6683,0.9811,0.4730,0.5771,65395.0,86.0,0.6700,68.9,49.4,0.430,172,233,18,21,91.5,94.9,76.1,94.1,249,916,[1-172],[103-335],"[121-122,126,131-132,146-148,152,154,159,161-165,167-168]","[168,170,173-174,181,212,216,219-220,223-224,226-229,259,262-263,266,270-271]",ANP32A___CHERP_unrelaxed_rank_001_alphafold2_multimer_v3_model_2_seed_000.pdb
ANP32A___CHERP,2,3,A,B,0.4881,2200.5,1074.1,0.6181,0.9753,0.4439,0.5367,60528.0,80.0,0.6500,66.5,49.4,0.420,172,224,18,23,88.7,93.3,73.4,92.4,249,916,[1-172],[106-329],"[121-122,126,131-132,146-148,152,154,159,161-164,167-168,170]","[168,170,173-174,181,212,216,219-220,223-224,226-229,255,258-259,262-263,266,270-271]",ANP32A___CHERP_unrelaxed_rank_002_alphafold2_multimer_v3_model_3_seed_000.pdb
ANP32A___CHERP,3,1,A,B,0.4820,2351.8,1133.6,0.6090,0.9692,0.4324,0.5373,62148.0,89.0,0.6500,67.8,48.5,0.420,171,226,20,21,90.7,94.5,70.7,92.8,249,916,[1-171],[106-331],"[121-122,126,131-132,146-148,152,154,160-165,167-169,171]","[168,170,173,181,212,216,219-220,223-224,226-229,255,259,262-263,266,270-271]",ANP32A___CHERP_unrelaxed_rank_003_alphafold2_multimer_v3_model_1_seed_000.pdb
ANP32A___CHERP,4,4,A,B,0.0232,80.9,1.9,0.0111,0.5259,0.0199,0.0270,262.0,25.0,0.2600,62.7,47.5,0.330,8,103,7,16,33.3,88.4,33.3,81.9,249,916,[162-169],"[143,156-157,160-165,169-174,176-189,191-192,197-199,201-202,208-217,219-224,226-229,231-238,241-250,256-268,270,272-274,277-282,284-285,290-292,296]","[162-167,169]","[169-171,173-174,177-178,212-213,216-217,219-220,259,262-263]",ANP32A___CHERP_unrelaxed_rank_004_alphafold2_multimer_v3_model_4_seed_000.pdb
ANP32A___CHERP,5,5,A,B,0.0707,161.5,11.4,0.0137,0.6429,0.0549,0.0911,1242.0,21.0,0.2600,64.1,48.2,0.330,11,189,6,12,34.4,91.8,35.1,84.0,249,916,[160-170],"[120,122-150,152-300,302-310,313]","[160-164,167]","[168-170,172-174,216,219-220,259,262-263]",ANP32A___CHERP_unrelaxed_rank_005_alphafold2_multimer_v3_model_5_seed_000.pdb
ATP5PD___LUC7L2,1,4,A,B,0.0000,0.0,0.0,0.0000,0.1153,0.0000,0.0000,0.0,0.0,0.1100,62.3,59.7,0.420,0,0,0,0,,,,,161,392,,,,,ATP5PD___LUC7L2_unrelaxed_rank_001_alphafold2_multimer_v3_model_4_seed_000.pdb
ATP5PD___LUC7L2,2,5,A,B,0.0000,0.0,0.0,0.0000,0.0882,0.0000,0.0000,0.0,0.0,0.1000,64.2,59.1,0.420,0,0,0,0,,,,,161,392,,,,,ATP5PD___LUC7L2_unrelaxed_rank_002_alphafold2_multimer_v3_model_5_seed_000.pdb
ATP5PD___LUC7L2,3,1,A,B,0.0000,0.0,0.0,0.0000,0.1156,0.0000,0.0000,0.0,0.0,0.1100,59.8,56.4,0.380,0,0,0,0,,,,,161,392,,,,,ATP5PD___LUC7L2_unrelaxed_rank_003_alphafold2_multimer_v3_model_1_seed_000.pdb
ATP5PD___LUC7L2,4,2,A,B,0.0000,0.0,0.0,0.0000,0.0951,0.0000,0.0000,0.0,0.0,0.1000,63.1,58.4,0.390,0,0,0,0,,,,,161,392,,,,,ATP5PD___LUC7L2_unrelaxed_rank_004_alphafold2_multimer_v3_model_2_seed_000.pdb
ATP5PD___LUC7L2,5,3,A,B,0.0000,0.0,0.0,0.0000,0.0963,0.0000,0.0000,0.0,0.0,0.0900,66.1,57.9,0.400,0,0,0,0,,,,,161,392,,,,,ATP5PD___LUC7L2_unrelaxed_rank_005_alphafold2_multimer_v3_model_3_seed_000.pdb
ATP5PD___PSPC1,1,1,A,B,0.0000,0.0,0.0,0.0000,0.1367,0.0000,0.0000,0.0,0.0,0.1200,41.6,61.7,0.410,0,0,0,0,,,,,161,523,,,,,ATP5PD___PSPC1_unrelaxed_rank_001_alphafold2_multimer_v3_model_1_seed_000.pdb
ATP5PD___PSPC1,2,4,A,B,0.0000,0.0,0.0,0.0000,0.1356,0.0000,0.0000,0.0,0.0,0.1300,44.7,56.2,0.390,0,0,0,0,,,,,161,523,,,,,ATP5PD___PSPC1_unrelaxed_rank_002_alphafold2_multimer_v3_model_4_seed_000.pdb
ATP5PD___PSPC1,3,3,A,B,0.0000,0.0,0.0,0.0000,0.1288,0.0000,0.0000,0.0,0.0,0.1200,56.0,58.1,0.400,0,0,0,0,,,,,161,523,,,,,ATP5PD___PSPC1_unrelaxed_rank_003_alphafold2_multimer_v3_model_3_seed_000.pdb
ATP5PD___PSPC1,4,5,A,B,0.0000,0.0,0.0,0.0000,0.1056,0.0000,0.0000,0.0,0.0,0.1100,56.9,58.7,0.410,0,0,0,0,,,,,161,523,,,,,ATP5PD___PSPC1_unrelaxed_rank_004_alphafold2_multimer_v3_model_5_seed_000.pdb
ATP5PD___PSPC1,5,2,A,B,0.0000,0.0,0.0,0.0000,0.1021,0.0000,0.0000,0.0,0.0,0.1100,44.6,57.6,0.380,0,0,0,0,,,,,161,523,,,,,ATP5PD___PSPC1_unrelaxed_rank_005_alphafold2_multimer_v3_model_2_seed_000.pdb
ATP5PD___RBM4,1,1,A,B,0.0000,0.0,0.0,0.0000,0.1164,0.0000,0.0000,0.0,0.0,0.1200,37.4,44.0,0.230,0,0,0,0,,,,,161,364,,,,,ATP5PD___RBM4_unrelaxed_rank_001_alphafold2_multimer_v3_model_1_seed_000.pdb
ATP5PD___RBM4,2,4,A,B,0.0000,0.0,0.0,0.0000,0.1347,0.0000,0.0000,0.0,0.0,0.1200,41.7,44.7,0.230,0,0,0,0,,,,,161,364,,,,,ATP5PD___RBM4_unrelaxed_rank_002_alphafold2_multimer_v3_model_4_seed_000.pdb
ATP5PD___RBM4,3,3,A,B,0.0000,0.0,0.0,0.0000,0.1350,0.0000,0.0000,0.0,0.0,0.1200,54.2,40.7,0.220,0,0,0,0,,,,,161,364,,,,,ATP5PD___RBM4_unrelaxed_rank_003_alphafold2_multimer_v3_model_3_seed_000.pdb
ATP5PD___RBM4,4,2,A,B,0.0000,0.0,0.0,0.0000,0.1042,0.0000,0.0000,0.0,0.0,0.1100,55.8,44.9,0.220,0,0,0,0,,,,,161,364,,,,,ATP5PD___RBM4_unrelaxed_rank_004_alphafold2_multimer_v3_model_2_seed_000.pdb
ATP5PD___RBM4,5,5,A,B,0.0000,0.0,0.0,0.0000,0.0975,0.0000,0.0000,0.0,0.0,0.1000,49.3,44.1,0.230,0,0,0,0,,,,,161,364,,,,,ATP5PD___RBM4_unrelaxed_rank_005_alphafold2_multimer_v3_model_5_seed_000.pdb
ATP5PD___STIP1,1,5,A,B,0.0000,0.0,0.0,0.0000,0.1231,0.0000,0.0000,0.0,0.0,0.1400,58.4,80.8,0.380,0,0,0,0,,,,,161,543,,,,,ATP5PD___STIP1_unrelaxed_rank_001_alphafold2_multimer_v3_model_5_seed_000.pdb
ATP5PD___STIP1,2,2,A,B,0.0000,0.0,0.0,0.0000,0.1271,0.0000,0.0000,0.0,0.0,0.1300,60.1,81.4,0.370,0,0,0,0,,,,,161,543,,,,,ATP5PD___STIP1_unrelaxed_rank_002_alphafold2_multimer_v3_model_2_seed_000.pdb
ATP5PD___STIP1,3,3,A,B,0.0000,0.0,0.0,0.0000,0.1319,0.0000,0.0000,0.0,0.0,0.1300,68.9,80.9,0.390,0,0,0,0,,,,,161,543,,,,,ATP5PD___STIP1_unrelaxed_rank_003_alphafold2_multimer_v3_model_3_seed_000.pdb
ATP5PD___STIP1,4,1,A,B,0.0000,0.0,0.0,0.0000,0.1113,0.0000,0.0000,0.0,0.0,0.1200,52.0,82.1,0.380,0,0,0,0,,,,,161,543,,,,,ATP5PD___STIP1_unrelaxed_rank_004_alphafold2_multimer_v3_model_1_seed_000.pdb
ATP5PD___STIP1,5,4,A,B,0.0000,0.0,0.0,0.0000,0.1180,0.0000,0.0000,0.0,0.0,0.1200,64.2,81.6,0.380,0,0,0,0,,,,,161,543,,,,,ATP5PD___STIP1_unrelaxed_rank_005_alphafold2_multimer_v3_model_4_seed_000.pdb
ATXN2L___DDX17,1,4,A,B,0.0210,31.7,0.7,0.0110,0.5656,0.0185,0.0239,252.0,4.0,0.3200,21.9,58.7,0.370,10,140,2,4,38.4,89.5,40.0,76.9,1075,729,"[323-325,327,349-354]","[141,152,158,160,169,173,182,197-198,200,202,204-206,209-212,214,221-233,245-246,249-251,253-254,256-266,274-276,279,281,284,287-291,293-294,296-299,301,303-305,307-308,315,317,319-321,323-343,345-346,350-355,357,359,362-365,367-368,370-371,374-377,392,406,433,435,437,454,456-465,475,490,503]","[324,351]","[281,303,331,334]",ATXN2L___DDX17_unrelaxed_rank_001_alphafold2_multimer_v3_model_4_seed_000.pdb
ATXN2L___DDX17,2,2,A,B,0.0241,69.7,1.7,0.0000,0.5727,0.0366,0.0158,256.0,19.0,0.3000,23.5,60.5,0.370,13,120,7,11,39.2,93.3,38.8,83.6,1075,729,"[324-330,349-354]","[137,141,149-150,152-153,156,158,160,168-170,173,175-176,178,182-183,185-186,194-195,207,209-212,221-222,224,228-229,231-232,246-249,251-254,256-258,260-261,263-264,266,275,277-278,280-281,284,287-288,290,292,296-299,301-305,308-309,313,316-317,319-326,329-334,336,339,342-347,349-356,360-363,365-371,374-377,449]","[327-330,349,351-352]","[280-281,303-304,331-334,362,365-366]",ATXN2L___DDX17_unrelaxed_rank_002_alphafold2_multimer_v3_model_2_seed_000.pdb
ATXN2L___DDX17,3,3,A,B,0.0105,6.9,0.1,0.0000,0.5564,0.0099,0.0111,16.0,3.0,0.2900,24.1,58.8,0.370,5,12,3,3,39.0,86.1,38.9,79.5,1075,729,"[323-324,350-352]","[210,252-253,305,328-329,331-333,336,353,428]","[323,351-352]","[331-332,428]",ATXN2L___DDX17_unrelaxed_rank_003_alphafold2_multimer_v3_model_3_seed_000.pdb
ATXN2L___DDX17,4,5,A,B,0.0000,0.0,0.0,0.0000,0.4823,0.0000,0.0000,0.0,0.0,0.2700,23.6,59.5,0.360,0,0,0,0,,,,,1075,729,,,,,ATXN2L___DDX17_unrelaxed_rank_004_alphafold2_multimer_v3_model_5_seed_000.pdb
ATXN2L___DDX17,5,1,A,B,0.0000,0.0,0.0,0.0000,0.4465,0.0000,0.0000,0.0,0.0,0.2700,23.8,59.7,0.360,0,0,0,0,,,,,1075,729,,,,,ATXN2L___DDX17_unrelaxed_rank_005_alphafold2_multimer_v3_model_1_seed_000.pdb
ATXN2L___RPS12,1,3,A,B,0.0000,0.0,0.0,0.0000,0.4015,0.0000,0.0000,0.0,0.0,0.3500,28.9,82.0,0.240,0,0,0,0,,,,,1075,132,,,,,ATXN2L___RPS12_unrelaxed_rank_001_alphafold2_multimer_v3_model_3_seed_000.pdb
ATXN2L___RPS12,2,4,A,B,0.0000,0.0,0.0,0.0000,0.3062,0.0000,0.0000,0.0,0.0,0.3400,27.4,83.5,0.220,0,0,0,0,,,,,1075,132,,,,,ATXN2L___RPS12_unrelaxed_rank_002_alphafold2_multimer_v3_model_4_seed_000.pdb
ATXN2L___RPS12,3,1,A,B,0.0000,0.0,0.0,0.0000,0.1895,0.0000,0.0000,0.0,0.0,0.2100,26.3,85.0,0.230,0,0,0,0,,,,,1075,132,,,,,ATXN2L___RPS12_unrelaxed_rank_003_alphafold2_multimer_v3_model_1_seed_000.pdb
ATXN2L___RPS12,4,5,A,B,0.0000,0.0,0.0,0.0000,0.1790,0.0000,0.0000,0.0,0.0,0.1900,29.0,85.0,0.220,0,0,0,0,,,,,1075,132,,,,,ATXN2L___RPS12_unrelaxed_rank_004_alphafold2_multimer_v3_model_5_seed_000.pdb
ATXN2L___RPS12,5,2,A,B,0.0000,0.0,0.0,0.0000,0.1912,0.0000,0.0000,0.0,0.0,0.1700,25.9,85.7,0.220,0,0,0,0,,,,,1075,132,,,,,ATXN2L___RPS12_unrelaxed_rank_005_alphafold2_multimer_v3_model_2_seed_000.pdb
CCAR2___DDX17,1,3,A,B,0.0793,136.2,10.8,0.0153,0.6492,0.0692,0.0909,530.0,35.0,0.3800,54.7,59.0,0.380,9,180,6,16,39.4,88.7,42.2,89.2,923,729,"[25-28,670-674]","[211-212,222,260,262,275-276,287,290,299,308,317,324,327,329-336,340-342,352-355,362-364,366-368,371,376,389-441,443-452,455-480,487-510,515-524,526-540,542,544-545,547-548]","[25-28,670,672]","[393,395,405,409,412-413,426-428,449-450,475-477,517,519]",CCAR2___DDX17_unrelaxed_rank_001_alphafold2_multimer_v3_model_3_seed_000.pdb
CCAR2___DDX17,2,4,A,B,0.0000,0.0,0.0,0.0000,0.2083,0.0000,0.0000,0.0,0.0,0.2000,52.5,58.3,0.380,0,0,0,0,,,,,923,729,,,,,CCAR2___DDX17_unrelaxed_rank_002_alphafold2_multimer_v3_model_4_seed_000.pdb
CCAR2___DDX17,3,1,A,B,0.0000,0.0,0.0,0.0000,0.1947,0.0000,0.0000,0.0,0.0,0.1900,54.1,56.8,0.370,0,0,0,0,,,,,923,729,,,,,CCAR2___DDX17_unrelaxed_rank_003_alphafold2_multimer_v3_model_1_seed_000.pdb
CCAR2___DDX17,4,2,A,B,0.0000,0.0,0.0,0.0000,0.2156,0.0000,0.0000,0.0,0.0,0.1900,55.9,59.7,0.380,0,0,0,0,,,,,923,729,,,,,CCAR2___DDX17_unrelaxed_rank_004_alphafold2_multimer_v3_model_2_seed_000.pdb
CCAR2___DDX17,5,5,A,B,0.0000,0.0,0.0,0.0000,0.2042,0.0000,0.0000,0.0,0.0,0.1800,54.8,58.7,0.380,0,0,0,0,,,,,923,729,,,,,CCAR2___DDX17_unrelaxed_rank_005_alphafold2_multimer_v3_model_5_seed_000.pdb
CCAR2___FUBP1,1,2,A,B,0.0000,0.0,0.0,0.0000,0.1774,0.0000,0.0000,0.0,0.0,0.1800,59.8,41.7,0.410,0,0,0,0,,,,,923,644,,,,,CCAR2___FUBP1_unrelaxed_rank_001_alphafold2_multimer_v3_model_2_seed_000.pdb
CCAR2___FUBP1,2,3,A,B,0.0000,0.0,0.0,0.0000,0.1972,0.0000,0.0000,0.0,0.0,0.1800,57.7,39.4,0.400,0,0,0,0,,,,,923,644,,,,,CCAR2___FUBP1_unrelaxed_rank_002_alphafold2_multimer_v3_model_3_seed_000.pdb
CCAR2___FUBP1,3,4,A,B,0.0000,0.0,0.0,0.0000,0.2083,0.0000,0.0000,0.0,0.0,0.1800,56.3,37.5,0.390,0,0,0,0,,,,,923,644,,,,,CCAR2___FUBP1_unrelaxed_rank_003_alphafold2_multimer_v3_model_4_seed_000.pdb
CCAR2___FUBP1,4,5,A,B,0.0000,0.0,0.0,0.0000,0.1925,0.0000,0.0000,0.0,0.0,0.1800,58.5,40.0,0.400,0,0,0,0,,,,,923,644,,,,,CCAR2___FUBP1_unrelaxed_rank_004_alphafold2_multimer_v3_model_5_seed_000.pdb
CCAR2___FUBP1,5,1,A,B,0.0000,0.0,0.0,0.0000,0.1936,0.0000,0.0000,0.0,0.0,0.1800,58.1,39.1,0.390,0,0,0,0,,,,,923,644,,,,,CCAR2___FUBP1_unrelaxed_rank_005_alphafold2_multimer_v3_model_1_seed_000.pdb
CCAR2___PDK1,1,3,A,B,0.0000,0.0,0.0,0.0000,0.2386,0.0000,0.0000,0.0,0.0,0.2700,55.2,75.7,0.410,0,0,0,0,,,,,923,436,,,,,CCAR2___PDK1_unrelaxed_rank_001_alphafold2_multimer_v3_model_3_seed_000.pdb
CCAR2___PDK1,2,4,A,B,0.0000,0.0,0.0,0.0000,0.2702,0.0000,0.0000,0.0,0.0,0.2500,51.9,76.2,0.400,0,0,0,0,,,,,923,436,,,,,CCAR2___PDK1_unrelaxed_rank_002_alphafold2_multimer_v3_model_4_seed_000.pdb
CCAR2___PDK1,3,5,A,B,0.0000,0.0,0.0,0.0000,0.1887,0.0000,0.0000,0.0,0.0,0.2100,54.1,77.0,0.410,0,0,0,0,,,,,923,436,,,,,CCAR2___PDK1_unrelaxed_rank_003_alphafold2_multimer_v3_model_5_seed_000.pdb
CCAR2___PDK1,4,2,A,B,0.0000,0.0,0.0,0.0000,0.2135,0.0000,0.0000,0.0,0.0,0.1900,55.4,76.7,0.410,0,0,0,0,,,,,923,436,,,,,CCAR2___PDK1_unrelaxed_rank_004_alphafold2_multimer_v3_model_2_seed_000.pdb
CCAR2___PDK1,5,1,A,B,0.0000,0.0,0.0,0.0000,0.2686,0.0000,0.0000,0.0,0.0,0.1900,54.6,76.8,0.400,0,0,0,0,,,,,923,436,,,,,CCAR2___PDK1_unrelaxed_rank_005_alphafold2_multimer_v3_model_1_seed_000.pdb
CCAR2___PRDX1,1,4,A,B,0.0000,0.0,0.0,0.0000,0.1638,0.0000,0.0000,0.0,0.0,0.2100,54.9,83.2,0.440,0,0,0,0,,,,,923,199,,,,,CCAR2___PRDX1_unrelaxed_rank_001_alphafold2_multimer_v3_model_4_seed_000.pdb
CCAR2___PRDX1,2,5,A,B,0.0000,0.0,0.0,0.0000,0.1399,0.0000,0.0000,0.0,0.0,0.1600,57.2,84.7,0.450,0,0,0,0,,,,,923,199,,,,,CCAR2___PRDX1_unrelaxed_rank_002_alphafold2_multimer_v3_model_5_seed_000.pdb
CCAR2___PRDX1,3,3,A,B,0.0000,0.0,0.0,0.0000,0.1328,0.0000,0.0000,0.0,0.0,0.1600,57.1,86.2,0.450,0,0,0,0,,,,,923,199,,,,,CCAR2___PRDX1_unrelaxed_rank_003_alphafold2_multimer_v3_model_3_seed_000.pdb
CCAR2___PRDX1,4,1,A,B,0.0000,0.0,0.0,0.0000,0.1387,0.0000,0.0000,0.0,0.0,0.1600,57.3,85.7,0.440,0,0,0,0,,,,,923,199,,,,,CCAR2___PRDX1_unrelaxed_rank_004_alphafold2_multimer_v3_model_1_seed_000.pdb
CCAR2___PRDX1,5,2,A,B,0.0000,0.0,0.0,0.0000,0.0000,0.0000,0.0000,0.0,0.0,0.1500,57.9,85.8,0.450,0,0,0,0,,,,,923,199,,,,,CCAR2___PRDX1_unrelaxed_rank_005_alphafold2_multimer_v3_model_2_seed_000.pdb
CCAR2___RPS12,1,5,A,B,0.0000,0.0,0.0,0.0000,0.1639,0.0000,0.0000,0.0,0.0,0.2100,58.2,73.7,0.480,0,0,0,0,,,,,923,132,,,,,CCAR2___RPS12_unrelaxed_rank_001_alphafold2_multimer_v3_model_5_seed_000.pdb
CCAR2___RPS12,2,4,A,B,0.0000,0.0,0.0,0.0000,0.1579,0.0000,0.0000,0.0,0.0,0.1900,56.5,68.4,0.460,0,0,0,0,,,,,923,132,,,,,CCAR2___RPS12_unrelaxed_rank_002_alphafold2_multimer_v3_model_4_seed_000.pdb
CCAR2___RPS12,3,3,A,B,0.0000,0.0,0.0,0.0000,0.1477,0.0000,0.0000,0.0,0.0,0.1800,57.2,74.2,0.470,0,0,0,0,,,,,923,132,,,,,CCAR2___RPS12_unrelaxed_rank_003_alphafold2_multimer_v3_model_3_seed_000.pdb
CCAR2___RPS12,4,2,A,B,0.0000,0.0,0.0,0.0000,0.1317,0.0000,0.0000,0.0,0.0,0.1500,58.8,75.8,0.470,0,0,0,0,,,,,923,132,,,,,CCAR2___RPS12_unrelaxed_rank_004_alphafold2_multimer_v3_model_2_seed_000.pdb
CCAR2___RPS12,5,1,A,B,0.0000,0.0,0.0,0.0000,0.1401,0.0000,0.0000,0.0,0.0,0.1500,57.9,72.1,0.460,0,0,0,0,,,,,923,132,,,,,CCAR2___RPS12_unrelaxed_rank_005_alphafold2_multimer_v3_model_1_seed_000.pdb
CCAR2___TLE3,1,5,A,B,0.0128,12.4,0.2,0.0000,0.5515,0.0198,0.0083,77.0,2.0,0.2600,56.2,53.3,0.380,4,68,2,2,31.6,94.4,32.9,94.4,923,772,[156-159],"[449-450,479,487-488,492,503-504,511,513,532-533,546,560,578-581,590,592,596,599,602,604,610,621-623,632,635,638,641,644-646,655,657,659,662-664,668,676,679,694-696,703,709,714-715,718,720,734-736,742-745,750,753,759-760,763,767,769-770]",[158-159],"[743,745]",CCAR2___TLE3_unrelaxed_rank_001_alphafold2_multimer_v3_model_5_seed_000.pdb
CCAR2___TLE3,2,1,A,B,0.0121,7.7,0.1,0.0000,0.5674,0.0091,0.0161,15.0,4.0,0.2600,55.2,52.2,0.380,3,12,2,4,29.5,90.4,29.6,90.3,923,772,"[155-156,158]","[487,512,552,580,596,622,661,663,703-704,721,744]",[155-156],"[596,622,663,704]",CCAR2___TLE3_unrelaxed_rank_002_alphafold2_multimer_v3_model_1_seed_000.pdb
CCAR2___TLE3,3,4,A,B,0.1300,540.8,70.3,0.0136,0.7203,0.0989,0.1710,1950.0,150.0,0.2200,53.5,52.9,0.370,64,64,31,35,65.2,56.4,64.6,54.6,923,772,"[824-886,889]","[36-97,104,111]","[829,832-833,836,839-840,843-844,846-847,850-851,853-854,857-858,860-861,864-865,867-868,871-872,874-875,878,881-882,885,889]","[36,39-40,43-44,46-47,50-51,53-54,57-58,60-61,64-65,67-68,71-72,74-75,78-79,81-82,85,88-89,92,95-96,104,111]",CCAR2___TLE3_unrelaxed_rank_003_alphafold2_multimer_v3_model_4_seed_000.pdb
CCAR2___TLE3,4,2,A,B,0.0000,0.0,0.0,0.0000,0.2155,0.0000,0.0000,0.0,0.0,0.1900,57.2,54.5,0.390,0,0,0,0,,,,,923,772,,,,,CCAR2___TLE3_unrelaxed_rank_004_alphafold2_multimer_v3_model_2_seed_000.pdb
CCAR2___TLE3,5,3,A,B,0.0000,0.0,0.0,0.0000,0.3133,0.0000,0.0000,0.0,0.0,0.1900,56.2,53.6,0.390,0,0,0,0,,,,,923,772,,,,,CCAR2___TLE3_unrelaxed_rank_005_alphafold2_multimer_v3_model_3_seed_000.pdb
CDC37___DHX15,1,3,A,B,0.0349,68.9,2.4,0.0108,0.5068,0.0334,0.0363,396.0,12.0,0.2500,63.6,78.5,0.590,5,205,3,10,37.8,90.6,40.5,83.1,378,795,[126-130],"[127,130,137,139,142-143,145-147,149-153,155-159,170-178,188,194-195,198-199,201-209,211-214,216-217,219,221,225-226,232-254,256-259,263,266,268-276,278-290,300-304,306-311,501,508-522,524,527-529,535,539-541,543,545-546,549,551-552,554-556,558-565,567,571-572,574-579,584,586,617,619,629-636,641,648-650,660,663-664,666-667,669-671,674,677,684-686,688-690,692,702-703,718-719,733-735,757]",[127-129],"[245,249-250,275,279,281-282,517-519]",CDC37___DHX15_unrelaxed_rank_001_alphafold2_multimer_v3_model_3_seed_000.pdb
CDC37___DHX15,2,4,A,B,0.0000,0.0,0.0,0.0000,0.3039,0.0000,0.0000,0.0,0.0,0.2100,60.9,78.5,0.590,0,0,0,0,,,,,378,795,,,,,CDC37___DHX15_unrelaxed_rank_002_alphafold2_multimer_v3_model_4_seed_000.pdb
CDC37___DHX15,3,5,A,B,0.0000,0.0,0.0,0.0000,0.1815,0.0000,0.0000,0.0,0.0,0.1800,62.9,77.9,0.570,0,0,0,0,,,,,378,795,,,,,CDC37___DHX15_unrelaxed_rank_003_alphafold2_multimer_v3_model_5_seed_000.pdb
CDC37___DHX15,4,1,A,B,0.0000,0.0,0.0,0.0000,0.2389,0.0000,0.0000,0.0,0.0,0.1800,58.2,78.4,0.560,0,0,0,0,,,,,378,795,,,,,CDC37___DHX15_unrelaxed_rank_004_alphafold2_multimer_v3_model_1_seed_000.pdb
CDC37___DHX15,5,2,A,B,0.0000,0.0,0.0,0.0000,0.2081,0.0000,0.0000,0.0,0.0,0.1700,61.1,79.1,0.570,0,0,0,0,,,,,378,795,,,,,CDC37___DHX15_unrelaxed_rank_005_alphafold2_multimer_v3_model_2_seed_000.pdb
CDC37___FUBP3,1,4,A,B,0.0041,1.4,0.0,0.0000,0.4021,0.0037,0.0046,2.0,1.0,0.2800,63.7,43.6,0.280,2,2,1,1,81.9,51.9,81.1,48.8,378,572,"[220,258]","[26,30]",[258],[30],CDC37___FUBP3_unrelaxed_rank_001_alphafold2_multimer_v3_model_4_seed_000.pdb
CDC37___FUBP3,2,2,A,B,0.0305,23.6,0.7,0.0000,0.4521,0.0252,0.0370,111.0,5.0,0.2400,67.9,46.7,0.300,62,10,2,3,87.4,35.6,87.0,34.0,378,572,"[151,153,157-161,165,170-172,174-175,177-181,183-185,187-188,190-193,195,200,205-206,208-211,213,217-218,220-222,225,231,254-256,258-260,262-263,265-266,269-277]","[26,28-36]","[192,195]","[29,32-33]",CDC37___FUBP3_unrelaxed_rank_002_alphafold2_multimer_v3_model_2_seed_000.pdb
CDC37___FUBP3,3,1,A,B,0.0000,0.0,0.0,0.0000,0.3101,0.0000,0.0000,0.0,0.0,0.2300,67.3,44.8,0.280,0,0,0,0,,,,,378,572,,,,,CDC37___FUBP3_unrelaxed_rank_003_alphafold2_multimer_v3_model_1_seed_000.pdb
CDC37___FUBP3,4,3,A,B,0.0000,0.0,0.0,0.0000,0.3677,0.0000,0.0000,0.0,0.0,0.2000,64.4,44.5,0.300,0,0,0,0,,,,,378,572,,,,,CDC37___FUBP3_unrelaxed_rank_004_alphafold2_multimer_v3_model_3_seed_000.pdb
CDC37___FUBP3,5,5,A,B,0.0000,0.0,0.0,0.0000,0.3190,0.0000,0.0000,0.0,0.0,0.1700,65.8,46.1,0.290,0,0,0,0,,,,,378,572,,,,,CDC37___FUBP3_unrelaxed_rank_005_alphafold2_multimer_v3_model_5_seed_000.pdb
CDK4___FAM50A,1,3,A,B,0.0000,0.0,0.0,0.0000,0.1934,0.0000,0.0000,0.0,0.0,0.1900,75.3,51.7,0.460,0,0,0,0,,,,,303,339,,,,,CDK4___FAM50A_unrelaxed_rank_001_alphafold2_multimer_v3_model_3_seed_000.pdb
CDK4___FAM50A,2,1,A,B,0.0000,0.0,0.0,0.0000,0.1465,0.0000,0.0000,0.0,0.0,0.1500,77.3,49.3,0.480,0,0,0,0,,,,,303,339,,,,,CDK4___FAM50A_unrelaxed_rank_002_alphafold2_multimer_v3_model_1_seed_000.pdb
CDK4___FAM50A,3,2,A,B,0.0000,0.0,0.0,0.0000,0.1318,0.0000,0.0000,0.0,0.0,0.1500,77.2,55.6,0.470,0,0,0,0,,,,,303,339,,,,,CDK4___FAM50A_unrelaxed_rank_003_alphafold2_multimer_v3_model_2_seed_000.pdb
CDK4___FAM50A,4,4,A,B,0.0000,0.0,0.0,0.0000,0.1200,0.0000,0.0000,0.0,0.0,0.1300,78.0,49.2,0.470,0,0,0,0,,,,,303,339,,,,,CDK4___FAM50A_unrelaxed_rank_004_alphafold2_multimer_v3_model_4_seed_000.pdb
CDK4___FAM50A,5,5,A,B,0.0000,0.0,0.0,0.0000,0.1085,0.0000,0.0000,0.0,0.0,0.1200,75.8,52.4,0.450,0,0,0,0,,,,,303,339,,,,,CDK4___FAM50A_unrelaxed_rank_005_alphafold2_multimer_v3_model_5_seed_000.pdb
CDK4___FUS,1,3,A,B,0.0199,37.0,0.7,0.0000,0.4163,0.0166,0.0238,152.0,9.0,0.2900,77.9,28.3,0.410,84,9,8,4,92.0,32.4,86.5,31.7,303,526,"[68-69,71-72,76-77,90,93-94,96-103,112,115-130,138,142-144,146-150,153,155,180-184,194-198,200-201,203-212,219,246,254,256,258,260,264,269,272,277,280,283,286-287,289,292,294]","[517-522,524-526]","[96-99,101,142,144,147]","[518,522,524-525]",CDK4___FUS_unrelaxed_rank_001_alphafold2_multimer_v3_model_3_seed_000.pdb
CDK4___FUS,2,1,A,B,0.0000,0.0,0.0,0.0000,0.1754,0.0000,0.0000,0.0,0.0,0.1900,80.8,29.6,0.410,0,0,0,0,,,,,303,526,,,,,CDK4___FUS_unrelaxed_rank_002_alphafold2_multimer_v3_model_1_seed_000.pdb
CDK4___FUS,3,5,A,B,0.0000,0.0,0.0,0.0000,0.2714,0.0000,0.0000,0.0,0.0,0.1800,80.0,28.5,0.410,0,0,0,0,,,,,303,526,,,,,CDK4___FUS_unrelaxed_rank_003_alphafold2_multimer_v3_model_5_seed_000.pdb
CDK4___FUS,4,4,A,B,0.0000,0.0,0.0,0.0000,0.1804,0.0000,0.0000,0.0,0.0,0.1800,78.9,27.5,0.410,0,0,0,0,,,,,303,526,,,,,CDK4___FUS_unrelaxed_rank_004_alphafold2_multimer_v3_model_4_seed_000.pdb
CDK4___FUS,5,2,A,B,0.0000,0.0,0.0,0.0000,0.1724,0.0000,0.0000,0.0,0.0,0.1700,79.4,29.3,0.400,0,0,0,0,,,,,303,526,,,,,CDK4___FUS_unrelaxed_rank_005_alphafold2_multimer_v3_model_2_seed_000.pdb
CDK4___NCL,1,1,A,B,0.0152,2.4,0.0,0.0000,0.4109,0.0102,0.0225,6.0,1.0,0.2500,77.0,40.7,0.380,5,3,1,1,82.9,29.2,86.2,28.0,303,710,"[99,122,142,211,218]",[473-475],[142],[474],CDK4___NCL_unrelaxed_rank_001_alphafold2_multimer_v3_model_1_seed_000.pdb
CDK4___NCL,2,4,A,B,0.0000,0.0,0.0,0.0000,0.1498,0.0000,0.0000,0.0,0.0,0.1900,76.1,39.4,0.360,0,0,0,0,,,,,303,710,,,,,CDK4___NCL_unrelaxed_rank_002_alphafold2_multimer_v3_model_4_seed_000.pdb
CDK4___NCL,3,3,A,B,0.0000,0.0,0.0,0.0000,0.1732,0.0000,0.0000,0.0,0.0,0.1700,76.5,41.3,0.360,0,0,0,0,,,,,303,710,,,,,CDK4___NCL_unrelaxed_rank_003_alphafold2_multimer_v3_model_3_seed_000.pdb
CDK4___NCL,4,2,A,B,0.0000,0.0,0.0,0.0000,0.1513,0.0000,0.0000,0.0,0.0,0.1600,76.9,40.7,0.360,0,0,0,0,,,,,303,710,,,,,CDK4___NCL_unrelaxed_rank_004_alphafold2_multimer_v3_model_2_seed_000.pdb
CDK4___NCL,5,5,A,B,0.0000,0.0,0.0,0.0000,0.1474,0.0000,0.0000,0.0,0.0,0.1600,77.6,42.0,0.360,0,0,0,0,,,,,303,710,,,,,CDK4___NCL_unrelaxed_rank_005_alphafold2_multimer_v3_model_5_seed_000.pdb
CDK4___TXN,1,5,A,B,0.2781,1745.0,485.3,0.2910,0.7042,0.1759,0.4397,24757.0,123.0,0.6200,82.9,89.9,0.780,280,105,22,19,85.5,89.9,67.5,81.2,303,105,"[2-166,176-238,244-295]",[1-105],"[2,42,44-51,54-55,57-58,61,76-81,87]","[29,31-34,59-60,63,66,71-75,89-93]",CDK4___TXN_unrelaxed_rank_001_alphafold2_multimer_v3_model_5_seed_000.pdb
CDK4___TXN,2,3,A,B,0.1806,1025.0,185.1,0.1134,0.5790,0.1243,0.2625,9216.0,114.0,0.5100,81.8,88.4,0.740,243,102,21,22,86.0,88.5,65.1,78.8,303,105,"[16-23,25,31-106,112-166,179-216,218-238,245-246,249,254-261,263-295]","[2-18,20-104]","[42,44-51,54-55,57-58,61,76-81,87]","[29,31-35,59-60,63,66,71-76,89-93,96]",CDK4___TXN_unrelaxed_rank_002_alphafold2_multimer_v3_model_3_seed_000.pdb
CDK4___TXN,3,1,A,B,0.0000,0.0,0.0,0.0000,0.1535,0.0000,0.0000,0.0,0.0,0.1600,76.8,81.5,0.650,0,0,0,0,,,,,303,105,,,,,CDK4___TXN_unrelaxed_rank_003_alphafold2_multimer_v3_model_1_seed_000.pdb
CDK4___TXN,4,2,A,B,0.0000,0.0,0.0,0.0000,0.1325,0.0000,0.0000,0.0,0.0,0.1500,76.2,84.0,0.630,0,0,0,0,,,,,303,105,,,,,CDK4___TXN_unrelaxed_rank_004_alphafold2_multimer_v3_model_2_seed_000.pdb
CDK4___TXN,5,4,A,B,0.0000,0.0,0.0,0.0000,0.1143,0.0000,0.0000,0.0,0.0,0.1400,78.7,80.8,0.660,0,0,0,0,,,,,303,105,,,,,CDK4___TXN_unrelaxed_rank_005_alphafold2_multimer_v3_model_4_seed_000.pdb
CIZ1___PCCA,1,1,A,B,0.0226,39.2,0.9,0.0111,0.5322,0.0356,0.0143,307.0,5.0,0.3700,25.7,83.7,0.490,12,98,4,5,63.7,91.9,61.2,76.3,898,728,"[792-801,807-808]","[78,81,419,421-422,458-459,462,466,469,471-475,486,493-494,515,517-518,520-538,560-565,569-570,572-573,581-584,590-592,602,604-607,612-619,621-624,626-628,630-650]","[794,796-798]","[621-623,639,646]",CIZ1___PCCA_unrelaxed_rank_001_alphafold2_multimer_v3_model_1_seed_000.pdb
CIZ1___PCCA,2,2,A,B,0.0000,0.0,0.0,0.0000,0.5014,0.0000,0.0000,0.0,0.0,0.2700,24.3,85.1,0.480,0,0,0,0,,,,,898,728,,,,,CIZ1___PCCA_unrelaxed_rank_002_alphafold2_multimer_v3_model_2_seed_000.pdb
CIZ1___PCCA,3,4,A,B,0.0000,0.0,0.0,0.0000,0.4137,0.0000,0.0000,0.0,0.0,0.2500,22.2,81.3,0.470,0,0,0,0,,,,,898,728,,,,,CIZ1___PCCA_unrelaxed_rank_003_alphafold2_multimer_v3_model_4_seed_000.pdb
CIZ1___PCCA,4,5,A,B,0.0000,0.0,0.0,0.0000,0.3324,0.0000,0.0000,0.0,0.0,0.2400,23.7,83.4,0.480,0,0,0,0,,,,,898,728,,,,,CIZ1___PCCA_unrelaxed_rank_004_alphafold2_multimer_v3_model_5_seed_000.pdb
CIZ1___PCCA,5,3,A,B,0.0000,0.0,0.0,0.0000,0.3349,0.0000,0.0000,0.0,0.0,0.2300,24.4,84.3,0.490,0,0,0,0,,,,,898,728,,,,,CIZ1___PCCA_unrelaxed_rank_005_alphafold2_multimer_v3_model_3_seed_000.pdb
CIZ1___TLE3,1,1,A,B,0.0949,289.6,27.5,0.0145,0.7105,0.0778,0.1156,2046.0,41.0,0.2600,24.4,53.0,0.340,10,294,7,23,32.6,91.2,32.8,86.4,898,772,[732-741],"[447-452,459-461,463,472-514,522-562,566-648,652-670,672-687,690,692-772]","[732-734,736-737,739-740]","[488,490,534,536,552,580-581,596,619-620,622-623,638,661,663,702,704,720,742-743,745-746,761]",CIZ1___TLE3_unrelaxed_rank_001_alphafold2_multimer_v3_model_1_seed_000.pdb
CIZ1___TLE3,2,3,A,B,0.0000,0.0,0.0,0.0000,0.4771,0.0049,0.0000,8.0,0.0,0.2500,23.3,54.6,0.340,3,7,0,0,28.0,91.4,,,898,772,"[550,552,736]","[450,493,602-604,638,645]",,,CIZ1___TLE3_unrelaxed_rank_002_alphafold2_multimer_v3_model_3_seed_000.pdb
CIZ1___TLE3,3,5,A,B,0.0000,0.0,0.0,0.0000,0.5038,0.0092,0.0000,1.0,0.0,0.2300,23.2,55.2,0.340,1,1,0,0,27.8,96.9,,,898,772,[736],[546],,,CIZ1___TLE3_unrelaxed_rank_003_alphafold2_multimer_v3_model_5_seed_000.pdb
CIZ1___TLE3,4,2,A,B,0.0000,0.0,0.0,0.0000,0.3895,0.0000,0.0000,0.0,0.0,0.2200,25.1,55.6,0.340,0,0,0,0,,,,,898,772,,,,,CIZ1___TLE3_unrelaxed_rank_004_alphafold2_multimer_v3_model_2_seed_000.pdb
CIZ1___TLE3,5,4,A,B,0.0000,0.0,0.0,0.0000,0.3711,0.0000,0.0000,0.0,0.0,0.2200,22.8,52.6,0.330,0,0,0,0,,,,,898,772,,,,,CIZ1___TLE3_unrelaxed_rank_005_alphafold2_multimer_v3_model_4_seed_000.pdb
CSTB___DHX15,1,3,A,B,0.0290,19.0,0.6,0.0000,0.3889,0.0374,0.0225,90.0,4.0,0.4200,79.5,80.4,0.710,6,61,2,3,65.8,91.8,61.4,85.8,98,795,"[46-48,50-52]","[574,581,583,586,591-596,600-601,612-619,621,623-624,627-630,632,635,638,641-643,645,647-648,650-651,653-654,657,660-661,675,687-690,692,694,702-703,719,726,735,747,750,753,755,757,780]","[48,50]","[619,629,632]",CSTB___DHX15_unrelaxed_rank_001_alphafold2_multimer_v3_model_3_seed_000.pdb
CSTB___DHX15,2,5,A,B,0.0153,13.0,0.2,0.0000,0.3903,0.0284,0.0082,56.0,3.0,0.3900,79.3,79.9,0.700,7,34,3,2,62.7,88.8,57.2,86.8,98,795,[46-52],"[581,585-586,592,595-596,613,616-617,623-624,627-629,632,639,641,643,648,650-651,653,657,660,675,679,683,685,688-689,692,724,747,750]",[48-50],"[628,632]",CSTB___DHX15_unrelaxed_rank_002_alphafold2_multimer_v3_model_5_seed_000.pdb
CSTB___DHX15,3,1,A,B,0.0000,0.0,0.0,0.0000,0.2410,0.0000,0.0000,0.0,0.0,0.2700,73.7,79.0,0.660,0,0,0,0,,,,,98,795,,,,,CSTB___DHX15_unrelaxed_rank_003_alphafold2_multimer_v3_model_1_seed_000.pdb
CSTB___DHX15,4,2,A,B,0.0000,0.0,0.0,0.0000,0.1956,0.0000,0.0000,0.0,0.0,0.2400,75.8,79.5,0.680,0,0,0,0,,,,,98,795,,,,,CSTB___DHX15_unrelaxed_rank_004_alphafold2_multimer_v3_model_2_seed_000.pdb
CSTB___DHX15,5,4,A,B,0.0000,0.0,0.0,0.0000,0.1434,0.0000,0.0000,0.0,0.0,0.1600,72.0,79.3,0.690,0,0,0,0,,,,,98,795,,,,,CSTB___DHX15_unrelaxed_rank_005_alphafold2_multimer_v3_model_4_seed_000.pdb
CSTB___DNAJA1,1,4,A,B,0.0000,0.0,0.0,0.0000,0.1220,0.0000,0.0000,0.0,0.0,0.1400,60.9,77.5,0.480,0,0,0,0,,,,,98,397,,,,,CSTB___DNAJA1_unrelaxed_rank_001_alphafold2_multimer_v3_model_4_seed_000.pdb
CSTB___DNAJA1,2,2,A,B,0.0000,0.0,0.0,0.0000,0.1049,0.0000,0.0000,0.0,0.0,0.1400,57.6,76.6,0.460,0,0,0,0,,,,,98,397,,,,,CSTB___DNAJA1_unrelaxed_rank_002_alphafold2_multimer_v3_model_2_seed_000.pdb
CSTB___DNAJA1,3,3,A,B,0.0000,0.0,0.0,0.0000,0.1089,0.0000,0.0000,0.0,0.0,0.1300,63.1,75.2,0.460,0,0,0,0,,,,,98,397,,,,,CSTB___DNAJA1_unrelaxed_rank_003_alphafold2_multimer_v3_model_3_seed_000.pdb
CSTB___DNAJA1,4,5,A,B,0.0000,0.0,0.0,0.0000,0.1115,0.0000,0.0000,0.0,0.0,0.1300,75.7,75.8,0.470,0,0,0,0,,,,,98,397,,,,,CSTB___DNAJA1_unrelaxed_rank_004_alphafold2_multimer_v3_model_5_seed_000.pdb
CSTB___DNAJA1,5,1,A,B,0.0000,0.0,0.0,0.0000,0.1132,0.0000,0.0000,0.0,0.0,0.1100,60.5,77.7,0.460,0,0,0,0,,,,,98,397,,,,,CSTB___DNAJA1_unrelaxed_rank_005_alphafold2_multimer_v3_model_1_seed_000.pdb
CSTB___PRDX1,1,3,A,B,0.2546,1094.2,278.6,0.1496,0.6599,0.1706,0.3799,15965.0,75.0,0.5000,89.1,90.3,0.750,97,167,13,17,89.1,92.4,68.3,79.8,98,199,"[1-60,62-98]",[3-169],"[1-5,47-50,73-76]","[46-50,52-54,79,82-83,86,90,93-96]",CSTB___PRDX1_unrelaxed_rank_001_alphafold2_multimer_v3_model_3_seed_000.pdb
CSTB___PRDX1,2,2,A,B,0.0000,0.0,0.0,0.0000,0.1584,0.0146,0.0000,13.0,0.0,0.1800,83.9,84.9,0.630,11,3,0,0,81.1,91.4,,,98,199,"[45,50-53,55,66-67,69,71-72]","[42,128,130]",,,CSTB___PRDX1_unrelaxed_rank_002_alphafold2_multimer_v3_model_2_seed_000.pdb
CSTB___PRDX1,3,4,A,B,0.0000,0.0,0.0,0.0000,0.1119,0.0000,0.0000,0.0,0.0,0.1500,82.1,85.1,0.630,0,0,0,0,,,,,98,199,,,,,CSTB___PRDX1_unrelaxed_rank_003_alphafold2_multimer_v3_model_4_seed_000.pdb
CSTB___PRDX1,4,5,A,B,0.0000,0.0,0.0,0.0000,0.1232,0.0000,0.0000,0.0,0.0,0.1400,83.3,85.4,0.630,0,0,0,0,,,,,98,199,,,,,CSTB___PRDX1_unrelaxed_rank_004_alphafold2_multimer_v3_model_5_seed_000.pdb
CSTB___PRDX1,5,1,A,B,0.0000,0.0,0.0,0.0000,0.1190,0.0000,0.0000,0.0,0.0,0.1300,77.0,80.7,0.600,0,0,0,0,,,,,98,199,,,,,CSTB___PRDX1_unrelaxed_rank_005_alphafold2_multimer_v3_model_1_seed_000.pdb
CSTB___SF1,1,4,A,B,0.3052,1125.0,343.4,0.2174,0.9129,0.2106,0.4424,15248.0,83.0,0.7300,85.9,41.0,0.340,98,119,20,21,85.9,81.2,74.9,75.4,98,639,[1-98],"[132-189,194-254]","[2-5,46-50,52,70,72-73,76,81,83-84,96-98]","[144-145,147-154,157,181-182,184-185,234-235,240,244,247-248]",CSTB___SF1_unrelaxed_rank_001_alphafold2_multimer_v3_model_4_seed_000.pdb
CSTB___SF1,2,3,A,B,0.0000,0.0,0.0,0.0000,0.1246,0.0000,0.0000,0.0,0.0,0.1600,77.3,39.8,0.260,0,0,0,0,,,,,98,639,,,,,CSTB___SF1_unrelaxed_rank_002_alphafold2_multimer_v3_model_3_seed_000.pdb
CSTB___SF1,3,2,A,B,0.0000,0.0,0.0,0.0000,0.1304,0.0000,0.0000,0.0,0.0,0.1600,81.9,39.7,0.250,0,0,0,0,,,,,98,639,,,,,CSTB___SF1_unrelaxed_rank_003_alphafold2_multimer_v3_model_2_seed_000.pdb
CSTB___SF1,4,1,A,B,0.0000,0.0,0.0,0.0000,0.1542,0.0000,0.0000,0.0,0.0,0.1600,80.3,39.8,0.250,0,0,0,0,,,,,98,639,,,,,CSTB___SF1_unrelaxed_rank_004_alphafold2_multimer_v3_model_1_seed_000.pdb
CSTB___SF1,5,5,A,B,0.0000,0.0,0.0,0.0000,0.1328,0.0000,0.0000,0.0,0.0,0.1400,80.5,39.3,0.260,0,0,0,0,,,,,98,639,,,,,CSTB___SF1_unrelaxed_rank_005_alphafold2_multimer_v3_model_5_seed_000.pdb
CSTB___SUPT5H,1,3,A,B,0.2202,664.1,146.2,0.0652,0.7808,0.1466,0.3306,5189.0,85.0,0.6600,75.0,53.2,0.270,94,95,16,13,74.8,79.0,55.2,67.1,98,1087,"[1-35,37-60,63-87,89-98]","[418-481,485-496,499-504,509-521]","[2-5,47-52,71-76]","[431-433,435-436,452-457,459,461]",CSTB___SUPT5H_unrelaxed_rank_001_alphafold2_multimer_v3_model_3_seed_000.pdb
CSTB___SUPT5H,2,4,A,B,0.2586,721.3,186.5,0.0636,0.8635,0.1657,0.4036,6423.0,81.0,0.6600,73.1,52.3,0.270,96,93,15,13,73.0,74.6,51.4,60.5,98,1087,"[1-60,63-98]","[418-482,485-486,488-496,498-503,510-520]","[1-6,46-51,73-75]","[428,431-436,452,454-457,461]",CSTB___SUPT5H_unrelaxed_rank_002_alphafold2_multimer_v3_model_4_seed_000.pdb
CSTB___SUPT5H,3,5,A,B,0.0000,0.0,0.0,0.0000,0.2605,0.0000,0.0000,0.0,0.0,0.2600,79.4,54.8,0.260,0,0,0,0,,,,,98,1087,,,,,CSTB___SUPT5H_unrelaxed_rank_003_alphafold2_multimer_v3_model_5_seed_000.pdb
CSTB___SUPT5H,4,1,A,B,0.0000,0.0,0.0,0.0000,0.2518,0.0000,0.0000,0.0,0.0,0.2500,75.5,54.0,0.240,0,0,0,0,,,,,98,1087,,,,,CSTB___SUPT5H_unrelaxed_rank_004_alphafold2_multimer_v3_model_1_seed_000.pdb
CSTB___SUPT5H,5,2,A,B,0.0000,0.0,0.0,0.0000,0.1592,0.0000,0.0000,0.0,0.0,0.2100,79.0,54.0,0.250,0,0,0,0,,,,,98,1087,,,,,CSTB___SUPT5H_unrelaxed_rank_005_alphafold2_multimer_v3_model_2_seed_000.pdb
EDC3___CHERP,1,1,A,B,0.1543,516.4,79.7,0.0814,0.7466,0.1161,0.2052,4445.0,60.0,0.2400,62.1,44.0,0.310,69,65,14,15,76.2,79.5,78.5,81.1,508,916,[1-69],[4-68],"[14,17-18,34,42,45,47-49,51-53,55,58]","[11,14-15,18-19,21-22,25-26,29-30,32-33,36-37]",EDC3___CHERP_unrelaxed_rank_001_alphafold2_multimer_v3_model_1_seed_000.pdb
EDC3___CHERP,2,2,A,B,0.0550,57.9,3.2,0.0132,0.5313,0.0412,0.0733,279.0,12.0,0.2200,61.9,46.2,0.300,56,36,9,7,76.3,76.2,75.5,72.7,508,916,"[4,6-14,16,18-20,22-43,45-47,49-56,58-59,61-67]","[13-35,38,46,55-57,59-60,62-63,845,848-850]","[18,33-34,47,49,51-53,56]","[22,25-26,29-30,33,849]",EDC3___CHERP_unrelaxed_rank_002_alphafold2_multimer_v3_model_2_seed_000.pdb
EDC3___CHERP,3,4,A,B,0.0000,0.0,0.0,0.0000,0.4755,0.0189,0.0000,19.0,0.0,0.2000,61.0,46.3,0.310,13,5,0,0,78.3,43.3,,,508,916,"[9,11,21,24-25,27,34,38,41,50,53-55]","[845-846,848-849,852]",,,EDC3___CHERP_unrelaxed_rank_003_alphafold2_multimer_v3_model_4_seed_000.pdb
EDC3___CHERP,4,3,A,B,0.0000,0.0,0.0,0.0000,0.3455,0.0000,0.0000,0.0,0.0,0.2000,60.6,46.0,0.300,0,0,0,0,,,,,508,916,,,,,EDC3___CHERP_unrelaxed_rank_004_alphafold2_multimer_v3_model_3_seed_000.pdb
EDC3___CHERP,5,5,A,B,0.0000,0.0,0.0,0.0000,0.1653,0.0000,0.0000,0.0,0.0,0.1700,61.9,45.8,0.300,0,0,0,0,,,,,508,916,,,,,EDC3___CHERP_unrelaxed_rank_005_alphafold2_multimer_v3_model_5_seed_000.pdb
EPB41___DDX17,1,4,A,B,0.0148,18.6,0.3,0.0000,0.5346,0.0230,0.0096,69.0,5.0,0.3000,44.4,57.7,0.370,11,46,5,5,40.0,81.3,39.2,55.6,864,729,"[660,662-664,688-689,835,839,852-854]","[10-11,392-394,396,402-403,405,407-409,411-413,424-429,432,435-436,439,445,456,459-461,463,473,475,491-492,500-501,505,517-522,532,537]","[662-664,835,853]","[10-11,412-413,517]",EPB41___DDX17_unrelaxed_rank_001_alphafold2_multimer_v3_model_4_seed_000.pdb
EPB41___DDX17,2,3,A,B,0.0000,0.0,0.0,0.0000,0.3680,0.0000,0.0000,0.0,0.0,0.2400,45.5,58.3,0.380,0,0,0,0,,,,,864,729,,,,,EPB41___DDX17_unrelaxed_rank_002_alphafold2_multimer_v3_model_3_seed_000.pdb
EPB41___DDX17,3,5,A,B,0.0806,128.3,10.3,0.0134,0.6435,0.0647,0.1004,658.0,25.0,0.2200,45.3,58.4,0.350,17,133,11,14,38.5,82.6,38.5,67.1,864,729,"[659-668,814-818,853-854]","[9-13,388-441,443-448,457,459-461,463-465,470-475,487-496,500-509,514-524,526,529-551]","[660,662-664,666-668,816,818,853-854]","[10-13,391,393-397,412,517,543,545]",EPB41___DDX17_unrelaxed_rank_003_alphafold2_multimer_v3_model_5_seed_000.pdb
EPB41___DDX17,4,1,A,B,0.0000,0.0,0.0,0.0000,0.3613,0.0000,0.0000,0.0,0.0,0.2200,45.5,57.3,0.350,0,0,0,0,,,,,864,729,,,,,EPB41___DDX17_unrelaxed_rank_004_alphafold2_multimer_v3_model_1_seed_000.pdb
EPB41___DDX17,5,2,A,B,0.0006,2.0,0.0,0.0000,0.5113,0.0006,0.0006,2.0,2.0,0.2100,45.9,58.8,0.350,2,2,2,2,45.7,26.1,45.7,26.1,864,729,"[820,854]",[10-11],"[820,854]",[10-11],EPB41___DDX17_unrelaxed_rank_005_alphafold2_multimer_v3_model_2_seed_000.pdb
EPB41___FUBP3,1,5,A,B,0.0000,0.0,0.0,0.0000,0.2806,0.0000,0.0000,0.0,0.0,0.2000,47.7,43.4,0.360,0,0,0,0,,,,,864,572,,,,,EPB41___FUBP3_unrelaxed_rank_001_alphafold2_multimer_v3_model_5_seed_000.pdb
EPB41___FUBP3,2,3,A,B,0.0000,0.0,0.0,0.0000,0.2574,0.0000,0.0000,0.0,0.0,0.1900,48.0,41.5,0.360,0,0,0,0,,,,,864,572,,,,,EPB41___FUBP3_unrelaxed_rank_002_alphafold2_multimer_v3_model_3_seed_000.pdb
EPB41___FUBP3,3,2,A,B,0.0000,0.0,0.0,0.0000,0.2759,0.0000,0.0000,0.0,0.0,0.1900,48.6,45.6,0.350,0,0,0,0,,,,,864,572,,,,,EPB41___FUBP3_unrelaxed_rank_003_alphafold2_multimer_v3_model_2_seed_000.pdb
EPB41___FUBP3,4,1,A,B,0.0000,0.0,0.0,0.0000,0.2007,0.0000,0.0000,0.0,0.0,0.1800,47.7,40.4,0.360,0,0,0,0,,,,,864,572,,,,,EPB41___FUBP3_unrelaxed_rank_004_alphafold2_multimer_v3_model_1_seed_000.pdb
EPB41___FUBP3,5,4,A,B,0.0000,0.0,0.0,0.0000,0.2291,0.0000,0.0000,0.0,0.0,0.1800,46.0,39.5,0.340,0,0,0,0,,,,,864,572,,,,,EPB41___FUBP3_unrelaxed_rank_005_alphafold2_multimer_v3_model_4_seed_000.pdb
EPB41___ZBTB33,1,4,A,B,0.0000,0.0,0.0,0.0000,0.4542,0.0000,0.0000,0.0,0.0,0.2400,45.6,34.8,0.360,0,0,0,0,,,,,864,672,,,,,EPB41___ZBTB33_unrelaxed_rank_001_alphafold2_multimer_v3_model_4_seed_000.pdb
EPB41___ZBTB33,2,1,A,B,0.0000,0.0,0.0,0.0000,0.2428,0.0000,0.0000,0.0,0.0,0.1800,45.1,32.6,0.350,0,0,0,0,,,,,864,672,,,,,EPB41___ZBTB33_unrelaxed_rank_002_alphafold2_multimer_v3_model_1_seed_000.pdb
EPB41___ZBTB33,3,3,A,B,0.0000,0.0,0.0,0.0000,0.2778,0.0000,0.0000,0.0,0.0,0.1800,46.3,34.6,0.340,0,0,0,0,,,,,864,672,,,,,EPB41___ZBTB33_unrelaxed_rank_003_alphafold2_multimer_v3_model_3_seed_000.pdb
EPB41___ZBTB33,4,2,A,B,0.0000,0.0,0.0,0.0000,0.2647,0.0000,0.0000,0.0,0.0,0.1700,46.9,35.2,0.340,0,0,0,0,,,,,864,672,,,,,EPB41___ZBTB33_unrelaxed_rank_004_alphafold2_multimer_v3_model_2_seed_000.pdb
EPB41___ZBTB33,5,5,A,B,0.0000,0.0,0.0,0.0000,0.1842,0.0000,0.0000,0.0,0.0,0.1600,46.3,36.2,0.330,0,0,0,0,,,,,864,672,,,,,EPB41___ZBTB33_unrelaxed_rank_005_alphafold2_multimer_v3_model_5_seed_000.pdb
FUBP1___HMGB1,1,2,A,B,0.0541,29.4,1.6,0.0113,0.4481,0.0446,0.0657,72.0,12.0,0.3000,47.5,59.5,0.220,7,38,3,6,41.1,78.1,41.2,71.7,644,215,[585-591],"[95,101-107,109-116,121-122,124-127,129-135,139-140,142-144,146-147,150,154]","[586,589-590]","[102,106-107,122,126,130]",FUBP1___HMGB1_unrelaxed_rank_001_alphafold2_multimer_v3_model_2_seed_000.pdb
FUBP1___HMGB1,2,4,A,B,0.0000,0.0,0.0,0.0000,0.3043,0.0000,0.0000,0.0,0.0,0.2200,45.0,59.5,0.240,0,0,0,0,,,,,644,215,,,,,FUBP1___HMGB1_unrelaxed_rank_002_alphafold2_multimer_v3_model_4_seed_000.pdb
FUBP1___HMGB1,3,5,A,B,0.0000,0.0,0.0,0.0000,0.2744,0.0000,0.0000,0.0,0.0,0.2200,47.2,63.0,0.240,0,0,0,0,,,,,644,215,,,,,FUBP1___HMGB1_unrelaxed_rank_003_alphafold2_multimer_v3_model_5_seed_000.pdb
FUBP1___HMGB1,4,1,A,B,0.0000,0.0,0.0,0.0000,0.2080,0.0000,0.0000,0.0,0.0,0.1700,46.7,60.9,0.230,0,0,0,0,,,,,644,215,,,,,FUBP1___HMGB1_unrelaxed_rank_004_alphafold2_multimer_v3_model_1_seed_000.pdb
FUBP1___HMGB1,5,3,A,B,0.0000,0.0,0.0,0.0000,0.1577,0.0000,0.0000,0.0,0.0,0.1600,43.0,60.8,0.230,0,0,0,0,,,,,644,215,,,,,FUBP1___HMGB1_unrelaxed_rank_005_alphafold2_multimer_v3_model_3_seed_000.pdb
FUBP1___PCCA,1,4,A,B,0.0000,0.0,0.0,0.0000,0.2614,0.0000,0.0000,0.0,0.0,0.2100,37.3,81.6,0.520,0,0,0,0,,,,,644,728,,,,,FUBP1___PCCA_unrelaxed_rank_001_alphafold2_multimer_v3_model_4_seed_000.pdb
FUBP1___PCCA,2,3,A,B,0.0000,0.0,0.0,0.0000,0.3084,0.0000,0.0000,0.0,0.0,0.2000,39.0,83.8,0.540,0,0,0,0,,,,,644,728,,,,,FUBP1___PCCA_unrelaxed_rank_002_alphafold2_multimer_v3_model_3_seed_000.pdb
FUBP1___PCCA,3,5,A,B,0.0000,0.0,0.0,0.0000,0.2459,0.0000,0.0000,0.0,0.0,0.2000,37.9,83.2,0.520,0,0,0,0,,,,,644,728,,,,,FUBP1___PCCA_unrelaxed_rank_003_alphafold2_multimer_v3_model_5_seed_000.pdb
FUBP1___PCCA,4,1,A,B,0.0000,0.0,0.0,0.0000,0.2000,0.0000,0.0000,0.0,0.0,0.1900,38.7,83.2,0.520,0,0,0,0,,,,,644,728,,,,,FUBP1___PCCA_unrelaxed_rank_004_alphafold2_multimer_v3_model_1_seed_000.pdb
FUBP1___PCCA,5,2,A,B,0.0000,0.0,0.0,0.0000,0.1881,0.0000,0.0000,0.0,0.0,0.1900,38.8,83.8,0.520,0,0,0,0,,,,,644,728,,,,,FUBP1___PCCA_unrelaxed_rank_005_alphafold2_multimer_v3_model_2_seed_000.pdb
FUBP1___SUPT5H,1,4,A,B,0.0000,0.0,0.0,0.0000,0.2189,0.0000,0.0000,0.0,0.0,0.1800,36.2,50.1,0.260,0,0,0,0,,,,,644,1087,,,,,FUBP1___SUPT5H_unrelaxed_rank_001_alphafold2_multimer_v3_model_4_seed_000.pdb
FUBP1___SUPT5H,2,3,A,B,0.0000,0.0,0.0,0.0000,0.2023,0.0000,0.0000,0.0,0.0,0.1800,37.9,53.1,0.250,0,0,0,0,,,,,644,1087,,,,,FUBP1___SUPT5H_unrelaxed_rank_002_alphafold2_multimer_v3_model_3_seed_000.pdb
FUBP1___SUPT5H,3,1,A,B,0.0000,0.0,0.0,0.0000,0.2399,0.0000,0.0000,0.0,0.0,0.1800,37.5,51.5,0.240,0,0,0,0,,,,,644,1087,,,,,FUBP1___SUPT5H_unrelaxed_rank_003_alphafold2_multimer_v3_model_1_seed_000.pdb
FUBP1___SUPT5H,4,2,A,B,0.0000,0.0,0.0,0.0000,0.2596,0.0000,0.0000,0.0,0.0,0.1800,41.2,52.8,0.240,0,0,0,0,,,,,644,1087,,,,,FUBP1___SUPT5H_unrelaxed_rank_004_alphafold2_multimer_v3_model_2_seed_000.pdb
FUBP1___SUPT5H,5,5,A,B,0.0000,0.0,0.0,0.0000,0.1830,0.0000,0.0000,0.0,0.0,0.1700,38.3,53.3,0.250,0,0,0,0,,,,,644,1087,,,,,FUBP1___SUPT5H_unrelaxed_rank_005_alphafold2_multimer_v3_model_5_seed_000.pdb
FUBP1___TLE3,1,4,A,B,0.5959,2295.7,1368.0,0.6856,0.9742,0.4796,0.7403,47913.0,110.0,0.4600,42.6,54.8,0.390,81,335,18,21,82.6,93.4,80.7,89.9,644,772,[96-176],[438-772],"[110-114,116-120,136,138-140,170-173]","[490,536,554,575,577-578,580,596-598,618-620,622,638-639,661,663,679,702,704]",FUBP1___TLE3_unrelaxed_rank_001_alphafold2_multimer_v3_model_4_seed_000.pdb
FUBP1___TLE3,2,5,A,B,0.0757,280.2,21.2,0.0144,0.6292,0.0694,0.0826,2453.0,32.0,0.2700,42.3,56.2,0.360,18,305,8,20,35.4,94.1,37.6,86.6,644,772,"[513-517,611-623]","[447-452,458-464,467-468,472-514,522-562,565-670,672-687,689-772]","[514,517,615-616,619-620,622-623]","[578,580,590,596,619-620,622,638,647-650,661,663,679,702,704,720,743,745]",FUBP1___TLE3_unrelaxed_rank_002_alphafold2_multimer_v3_model_5_seed_000.pdb
FUBP1___TLE3,3,2,A,B,0.1154,405.0,46.7,0.0201,0.7016,0.1149,0.1159,3348.0,49.0,0.2500,44.0,55.5,0.360,15,317,10,22,37.5,95.0,38.0,89.1,644,772,"[586,610-623]","[447-453,457-515,521-563,565-772]","[610-613,615-616,618-620,622]","[534,552,577-578,580,596,619-620,622,638,661,663,679,701-704,719-720,743,745,761]",FUBP1___TLE3_unrelaxed_rank_003_alphafold2_multimer_v3_model_2_seed_000.pdb
FUBP1___TLE3,4,3,A,B,0.0777,254.7,19.8,0.0153,0.6838,0.0706,0.0856,2495.0,26.0,0.2400,40.1,56.0,0.380,14,303,8,14,33.4,92.9,33.7,85.5,644,772,"[514,517,612-623]","[447-452,458-464,467-468,472-495,498-514,522-562,565-670,672-687,689-772]","[514,612,614-616,619-620,622]","[596,622,638,648,661,663,679,701-702,704,719-721,743]",FUBP1___TLE3_unrelaxed_rank_004_alphafold2_multimer_v3_model_3_seed_000.pdb
FUBP1___TLE3,5,1,A,B,0.0832,308.3,25.6,0.0182,0.7082,0.0774,0.0894,2112.0,45.0,0.2400,41.4,54.8,0.370,15,310,10,20,34.0,93.4,34.2,85.6,644,772,"[586,589-590,611-622]","[447-452,458-464,466-468,471-515,522-562,565-772]","[586,589,611-612,614-616,619-620,622]","[488,490,534,580,596,619-620,622,637-638,660-661,663,679,702,704,720,743,745,761]",FUBP1___TLE3_unrelaxed_rank_005_alphafold2_multimer_v3_model_1_seed_000.pdb
FUBP3___PSPC1,1,1,A,B,0.0790,50.2,4.0,0.0144,0.5438,0.0649,0.0961,229.0,11.0,0.3000,49.0,60.6,0.330,11,47,5,3,54.2,86.4,55.8,81.2,572,523,"[544,546-555]","[174,176,239-241,244-250,252-268,270-282,284-286,288-289]","[547-548,550-551,554]","[259,262-263]",FUBP3___PSPC1_unrelaxed_rank_001_alphafold2_multimer_v3_model_1_seed_000.pdb
FUBP3___PSPC1,2,3,A,B,0.0000,0.0,0.0,0.0000,0.1449,0.0000,0.0000,0.0,0.0,0.1500,45.4,60.0,0.330,0,0,0,0,,,,,572,523,,,,,FUBP3___PSPC1_unrelaxed_rank_002_alphafold2_multimer_v3_model_3_seed_000.pdb
FUBP3___PSPC1,3,2,A,B,0.0000,0.0,0.0,0.0000,0.1555,0.0000,0.0000,0.0,0.0,0.1400,49.4,59.9,0.320,0,0,0,0,,,,,572,523,,,,,FUBP3___PSPC1_unrelaxed_rank_003_alphafold2_multimer_v3_model_2_seed_000.pdb
FUBP3___PSPC1,4,5,A,B,0.0000,0.0,0.0,0.0000,0.1145,0.0000,0.0000,0.0,0.0,0.1300,47.4,60.2,0.330,0,0,0,0,,,,,572,523,,,,,FUBP3___PSPC1_unrelaxed_rank_004_alphafold2_multimer_v3_model_5_seed_000.pdb
FUBP3___PSPC1,5,4,A,B,0.0000,0.0,0.0,0.0000,0.1453,0.0000,0.0000,0.0,0.0,0.1300,45.5,59.1,0.320,0,0,0,0,,,,,572,523,,,,,FUBP3___PSPC1_unrelaxed_rank_005_alphafold2_multimer_v3_model_4_seed_000.pdb
FUS___LUC7L2,1,1,A,B,0.0000,0.0,0.0,0.0000,0.1309,0.0000,0.0000,0.0,0.0,0.1500,32.5,62.4,0.330,0,0,0,0,,,,,526,392,,,,,FUS___LUC7L2_unrelaxed_rank_001_alphafold2_multimer_v3_model_1_seed_000.pdb
FUS___LUC7L2,2,3,A,B,0.0000,0.0,0.0,0.0000,0.2037,0.0000,0.0000,0.0,0.0,0.1400,30.4,60.3,0.340,0,0,0,0,,,,,526,392,,,,,FUS___LUC7L2_unrelaxed_rank_002_alphafold2_multimer_v3_model_3_seed_000.pdb
FUS___LUC7L2,3,5,A,B,0.0000,0.0,0.0,0.0000,0.1584,0.0000,0.0000,0.0,0.0,0.1500,31.6,61.2,0.330,0,0,0,0,,,,,526,392,,,,,FUS___LUC7L2_unrelaxed_rank_003_alphafold2_multimer_v3_model_5_seed_000.pdb
FUS___LUC7L2,4,4,A,B,0.0000,0.0,0.0,0.0000,0.1496,0.0000,0.0000,0.0,0.0,0.1400,30.4,61.6,0.330,0,0,0,0,,,,,526,392,,,,,FUS___LUC7L2_unrelaxed_rank_004_alphafold2_multimer_v3_model_4_seed_000.pdb
FUS___LUC7L2,5,2,A,B,0.0000,0.0,0.0,0.0000,0.1012,0.0000,0.0000,0.0,0.0,0.1400,32.6,60.8,0.330,0,0,0,0,,,,,526,392,,,,,FUS___LUC7L2_unrelaxed_rank_005_alphafold2_multimer_v3_model_2_seed_000.pdb
FUS___RAVER1,1,1,A,B,0.0000,0.0,0.0,0.0000,0.2219,0.0000,0.0000,0.0,0.0,0.1700,29.7,53.4,0.360,0,0,0,0,,,,,526,606,,,,,FUS___RAVER1_unrelaxed_rank_001_alphafold2_multimer_v3_model_1_seed_000.pdb
FUS___RAVER1,2,2,A,B,0.0000,0.0,0.0,0.0000,0.1982,0.0000,0.0000,0.0,0.0,0.1500,30.3,54.1,0.360,0,0,0,0,,,,,526,606,,,,,FUS___RAVER1_unrelaxed_rank_002_alphafold2_multimer_v3_model_2_seed_000.pdb
FUS___RAVER1,3,3,A,B,0.0000,0.0,0.0,0.0000,0.2124,0.0000,0.0000,0.0,0.0,0.1500,28.2,53.6,0.360,0,0,0,0,,,,,526,606,,,,,FUS___RAVER1_unrelaxed_rank_003_alphafold2_multimer_v3_model_3_seed_000.pdb
FUS___RAVER1,4,4,A,B,0.0000,0.0,0.0,0.0000,0.1794,0.0000,0.0000,0.0,0.0,0.1500,28.4,54.1,0.360,0,0,0,0,,,,,526,606,,,,,FUS___RAVER1_unrelaxed_rank_004_alphafold2_multimer_v3_model_4_seed_000.pdb
FUS___RAVER1,5,5,A,B,0.0000,0.0,0.0,0.0000,0.1920,0.0000,0.0000,0.0,0.0,0.1400,29.9,54.0,0.360,0,0,0,0,,,,,526,606,,,,,FUS___RAVER1_unrelaxed_rank_005_alphafold2_multimer_v3_model_5_seed_000.pdb
FUS___SAFB,1,2,A,B,0.0000,0.0,0.0,0.0000,0.1512,0.0000,0.0000,0.0,0.0,0.1700,33.0,33.5,0.220,0,0,0,0,,,,,526,915,,,,,FUS___SAFB_unrelaxed_rank_001_alphafold2_multimer_v3_model_2_seed_000.pdb
FUS___SAFB,2,1,A,B,0.0000,0.0,0.0,0.0000,0.1830,0.0000,0.0000,0.0,0.0,0.1600,31.7,32.5,0.220,0,0,0,0,,,,,526,915,,,,,FUS___SAFB_unrelaxed_rank_002_alphafold2_multimer_v3_model_1_seed_000.pdb
FUS___SAFB,3,3,A,B,0.0000,0.0,0.0,0.0000,0.2016,0.0000,0.0000,0.0,0.0,0.1600,30.8,33.0,0.220,0,0,0,0,,,,,526,915,,,,,FUS___SAFB_unrelaxed_rank_003_alphafold2_multimer_v3_model_3_seed_000.pdb
FUS___SAFB,4,4,A,B,0.0000,0.0,0.0,0.0000,0.1729,0.0000,0.0000,0.0,0.0,0.1600,33.6,32.2,0.210,0,0,0,0,,,,,526,915,,,,,FUS___SAFB_unrelaxed_rank_004_alphafold2_multimer_v3_model_4_seed_000.pdb
FUS___SAFB,5,5,A,B,0.0000,0.0,0.0,0.0000,0.1399,0.0000,0.0000,0.0,0.0,0.1500,32.3,33.1,0.210,0,0,0,0,,,,,526,915,,,,,FUS___SAFB_unrelaxed_rank_005_alphafold2_multimer_v3_model_5_seed_000.pdb
FUS___U2SURP,1,5,A,B,0.3167,188.5,59.7,0.0322,0.9290,0.2561,0.3916,867.0,41.0,0.2300,30.2,49.5,0.280,6,145,5,15,48.7,92.4,51.7,93.9,526,1029,[521-526],[534-678],[522-526],"[551,553,556,592,595-596,599,603,649,652-653,655-656,659-660]",FUS___U2SURP_unrelaxed_rank_001_alphafold2_multimer_v3_model_5_seed_000.pdb
FUS___U2SURP,2,1,A,B,0.2070,199.8,41.4,0.0202,0.7810,0.1715,0.2499,753.0,53.0,0.2300,29.1,49.2,0.270,6,145,5,16,46.2,88.3,48.7,90.9,526,1029,[521-526],[534-678],[522-526],"[551,553,556,592,595-596,599-600,603,649,652-653,655-656,659-660]",FUS___U2SURP_unrelaxed_rank_002_alphafold2_multimer_v3_model_1_seed_000.pdb
FUS___U2SURP,3,3,A,B,0.2096,163.3,34.2,0.0242,0.8643,0.1786,0.2459,702.0,38.0,0.2200,28.9,48.6,0.270,6,143,5,13,46.5,91.5,48.9,93.0,526,1029,[521-526],"[534-637,640-678]",[522-526],"[551,553,556,592,596,599,649,652-653,655-656,659-660]",FUS___U2SURP_unrelaxed_rank_003_alphafold2_multimer_v3_model_3_seed_000.pdb
FUS___U2SURP,4,2,A,B,0.0636,62.4,4.0,0.0120,0.6020,0.0635,0.0638,260.0,15.0,0.2100,30.8,49.9,0.280,4,121,3,9,48.0,92.8,51.1,94.7,526,1029,[523-526],"[534-547,549-559,561,563-583,586-596,599,601,603,605,611,613-635,637,640-660,663-675]",[524-526],"[551,553,592,596,599,603,649,655-656]",FUS___U2SURP_unrelaxed_rank_004_alphafold2_multimer_v3_model_2_seed_000.pdb
FUS___U2SURP,5,4,A,B,0.0000,0.0,0.0,0.0000,0.2390,0.0000,0.0000,0.0,0.0,0.1700,29.4,47.4,0.270,0,0,0,0,,,,,526,1029,,,,,FUS___U2SURP_unrelaxed_rank_005_alphafold2_multimer_v3_model_4_seed_000.pdb
HMGB1___GFP,1,3,A,B,0.0000,0.0,0.0,0.0000,0.1280,0.0000,0.0000,0.0,0.0,0.2400,57.8,85.1,0.540,0,0,0,0,,,,,215,238,,,,,HMGB1___GFP_unrelaxed_rank_001_alphafold2_multimer_v3_model_3_seed_000.pdb
HMGB1___GFP,2,4,A,B,0.0000,0.0,0.0,0.0000,0.1619,0.0172,0.0000,20.0,0.0,0.2200,58.3,84.8,0.550,14,3,0,0,68.1,91.8,,,215,238,"[101,104-105,121,124-125,127-129,131-133,144-145]",[61-63],,,HMGB1___GFP_unrelaxed_rank_002_alphafold2_multimer_v3_model_4_seed_000.pdb
HMGB1___GFP,3,5,A,B,0.0000,0.0,0.0,0.0000,0.0868,0.0000,0.0000,0.0,0.0,0.1500,58.2,85.9,0.530,0,0,0,0,,,,,215,238,,,,,HMGB1___GFP_unrelaxed_rank_003_alphafold2_multimer_v3_model_5_seed_000.pdb
HMGB1___GFP,4,2,A,B,0.0000,0.0,0.0,0.0000,0.0885,0.0000,0.0000,0.0,0.0,0.1300,59.0,86.1,0.530,0,0,0,0,,,,,215,238,,,,,HMGB1___GFP_unrelaxed_rank_004_alphafold2_multimer_v3_model_2_seed_000.pdb
HMGB1___GFP,5,1,A,B,0.0000,0.0,0.0,0.0000,0.0933,0.0000,0.0000,0.0,0.0,0.1200,58.9,87.0,0.530,0,0,0,0,,,,,215,238,,,,,HMGB1___GFP_unrelaxed_rank_005_alphafold2_multimer_v3_model_1_seed_000.pdb
HMGB1___RBM33,1,2,A,B,0.0028,2.4,0.0,0.0000,0.4696,0.0093,0.0008,6.0,1.0,0.2700,63.0,25.2,0.210,6,2,1,1,82.9,31.5,84.5,31.7,215,1170,"[14,26,48,51,59,70]",[43-44],[14],[44],HMGB1___RBM33_unrelaxed_rank_001_alphafold2_multimer_v3_model_2_seed_000.pdb
HMGB1___RBM33,2,4,A,B,0.0410,58.9,2.4,0.0116,0.5907,0.0325,0.0518,289.0,12.0,0.2700,60.6,23.5,0.220,62,9,8,4,80.6,34.0,79.8,34.6,215,1170,"[95,98-117,120-137,139-160,162]",[40-48],"[99,102-103,106-107,110,126,129]","[43-44,46-47]",HMGB1___RBM33_unrelaxed_rank_002_alphafold2_multimer_v3_model_4_seed_000.pdb
HMGB1___RBM33,3,1,A,B,0.0000,0.0,0.0,0.0000,0.3140,0.0000,0.0000,0.0,0.0,0.2500,61.4,23.4,0.230,0,0,0,0,,,,,215,1170,,,,,HMGB1___RBM33_unrelaxed_rank_003_alphafold2_multimer_v3_model_1_seed_000.pdb
HMGB1___RBM33,4,3,A,B,0.0194,6.7,0.1,0.0000,0.4691,0.0169,0.0223,9.0,5.0,0.2500,55.9,25.5,0.220,8,3,4,3,76.1,31.5,74.1,31.5,215,1170,"[16-17,19-20,100,102,106,148]","[44,71-72]","[16-17,20,100]","[44,71-72]",HMGB1___RBM33_unrelaxed_rank_004_alphafold2_multimer_v3_model_3_seed_000.pdb
HMGB1___RBM33,5,5,A,B,0.0000,0.0,0.0,0.0000,0.3541,0.0000,0.0000,0.0,0.0,0.2400,65.1,25.2,0.220,0,0,0,0,,,,,215,1170,,,,,HMGB1___RBM33_unrelaxed_rank_005_alphafold2_multimer_v3_model_5_seed_000.pdb
KHSRP___FUBP3,1,1,A,B,0.0000,0.0,0.0,0.0000,0.1621,0.0000,0.0000,0.0,0.0,0.1600,39.1,45.4,0.210,0,0,0,0,,,,,711,572,,,,,KHSRP___FUBP3_unrelaxed_rank_001_alphafold2_multimer_v3_model_1_seed_000.pdb
KHSRP___FUBP3,2,2,A,B,0.0000,0.0,0.0,0.0000,0.1850,0.0000,0.0000,0.0,0.0,0.1600,42.8,48.8,0.210,0,0,0,0,,,,,711,572,,,,,KHSRP___FUBP3_unrelaxed_rank_002_alphafold2_multimer_v3_model_2_seed_000.pdb
KHSRP___FUBP3,3,4,A,B,0.0000,0.0,0.0,0.0000,0.1647,0.0000,0.0000,0.0,0.0,0.1500,39.1,44.5,0.200,0,0,0,0,,,,,711,572,,,,,KHSRP___FUBP3_unrelaxed_rank_003_alphafold2_multimer_v3_model_4_seed_000.pdb
KHSRP___FUBP3,4,5,A,B,0.0000,0.0,0.0,0.0000,0.1319,0.0000,0.0000,0.0,0.0,0.1400,41.8,48.1,0.200,0,0,0,0,,,,,711,572,,,,,KHSRP___FUBP3_unrelaxed_rank_004_alphafold2_multimer_v3_model_5_seed_000.pdb
KHSRP___FUBP3,5,3,A,B,0.0000,0.0,0.0,0.0000,0.1397,0.0000,0.0000,0.0,0.0,0.1400,38.5,44.2,0.190,0,0,0,0,,,,,711,572,,,,,KHSRP___FUBP3_unrelaxed_rank_005_alphafold2_multimer_v3_model_3_seed_000.pdb
KHSRP___LUC7L2,1,5,A,B,0.0241,17.3,0.4,0.0000,0.4792,0.0196,0.0296,25.0,12.0,0.2900,42.9,58.9,0.330,7,12,4,7,70.3,78.6,69.1,70.7,711,392,"[160-165,167]","[137-138,141,144-145,149,161,163,165,168,204,207]","[162-164,167]","[137,141,144-145,149,204,207]",KHSRP___LUC7L2_unrelaxed_rank_001_alphafold2_multimer_v3_model_5_seed_000.pdb
KHSRP___LUC7L2,2,4,A,B,0.0000,0.0,0.0,0.0000,0.4186,0.0000,0.0000,0.0,0.0,0.2400,39.8,58.3,0.330,0,0,0,0,,,,,711,392,,,,,KHSRP___LUC7L2_unrelaxed_rank_002_alphafold2_multimer_v3_model_4_seed_000.pdb
KHSRP___LUC7L2,3,3,A,B,0.0000,0.0,0.0,0.0000,0.1780,0.0000,0.0000,0.0,0.0,0.1600,40.0,59.1,0.320,0,0,0,0,,,,,711,392,,,,,KHSRP___LUC7L2_unrelaxed_rank_003_alphafold2_multimer_v3_model_3_seed_000.pdb
KHSRP___LUC7L2,4,1,A,B,0.0000,0.0,0.0,0.0000,0.1443,0.0000,0.0000,0.0,0.0,0.1600,43.0,59.4,0.300,0,0,0,0,,,,,711,392,,,,,KHSRP___LUC7L2_unrelaxed_rank_004_alphafold2_multimer_v3_model_1_seed_000.pdb
KHSRP___LUC7L2,5,2,A,B,0.0000,0.0,0.0,0.0000,0.1454,0.0000,0.0000,0.0,0.0,0.1500,44.5,55.4,0.270,0,0,0,0,,,,,711,392,,,,,KHSRP___LUC7L2_unrelaxed_rank_005_alphafold2_multimer_v3_model_2_seed_000.pdb
KHSRP___RB1,1,5,A,B,0.0000,0.0,0.0,0.0000,0.3843,0.0000,0.0000,0.0,0.0,0.2800,36.0,68.3,0.500,0,0,0,0,,,,,711,928,,,,,KHSRP___RB1_unrelaxed_rank_001_alphafold2_multimer_v3_model_5_seed_000.pdb
KHSRP___RB1,2,3,A,B,0.0000,0.0,0.0,0.0000,0.2790,0.0000,0.0000,0.0,0.0,0.2200,36.0,68.3,0.500,0,0,0,0,,,,,711,928,,,,,KHSRP___RB1_unrelaxed_rank_002_alphafold2_multimer_v3_model_3_seed_000.pdb
KHSRP___RB1,3,4,A,B,0.0000,0.0,0.0,0.0000,0.3019,0.0000,0.0000,0.0,0.0,0.2200,33.9,67.4,0.490,0,0,0,0,,,,,711,928,,,,,KHSRP___RB1_unrelaxed_rank_003_alphafold2_multimer_v3_model_4_seed_000.pdb
KHSRP___RB1,4,1,A,B,0.0000,0.0,0.0,0.0000,0.1888,0.0000,0.0000,0.0,0.0,0.2000,35.6,68.2,0.480,0,0,0,0,,,,,711,928,,,,,KHSRP___RB1_unrelaxed_rank_004_alphafold2_multimer_v3_model_1_seed_000.pdb
KHSRP___RB1,5,2,A,B,0.0000,0.0,0.0,0.0000,0.1749,0.0000,0.0000,0.0,0.0,0.1800,36.9,68.9,0.490,0,0,0,0,,,,,711,928,,,,,KHSRP___RB1_unrelaxed_rank_005_alphafold2_multimer_v3_model_2_seed_000.pdb
KHSRP___SRSF11,1,2,A,B,0.6479,587.5,380.7,0.5765,0.9766,0.5495,0.7639,4159.0,83.0,0.3300,47.9,34.3,0.240,30,103,13,19,68.2,83.3,78.9,90.1,711,484,[65-94],[27-129],"[70,74,77-78,80-82,84-86,88-89,92]","[43,48,51-57,87,91,94-95,98-102,105]",KHSRP___SRSF11_unrelaxed_rank_001_alphafold2_multimer_v3_model_2_seed_000.pdb
KHSRP___SRSF11,2,5,A,B,0.5809,518.5,301.2,0.4266,0.9565,0.4873,0.6925,3787.0,71.0,0.3100,45.6,33.4,0.230,26,102,11,17,45.8,83.8,51.5,88.8,711,484,[68-93],"[28-128,130]","[70,73-74,77-78,80-82,84-85,88]","[48,51-53,55-56,87,90-95,98-101]",KHSRP___SRSF11_unrelaxed_rank_002_alphafold2_multimer_v3_model_5_seed_000.pdb
KHSRP___SRSF11,3,4,A,B,0.4113,546.5,224.7,0.2478,0.9070,0.3482,0.4857,3211.0,93.0,0.2800,44.8,32.9,0.230,24,99,13,21,60.0,82.8,64.4,86.8,711,484,[68-91],[29-127],"[70,74,77-78,80-82,84-86,88-90]","[48,51-57,87-88,90-92,94-95,98-102,105]",KHSRP___SRSF11_unrelaxed_rank_003_alphafold2_multimer_v3_model_4_seed_000.pdb
KHSRP___SRSF11,4,1,A,B,0.1132,207.6,23.5,0.0130,0.6040,0.0914,0.1402,743.0,58.0,0.2300,43.3,31.5,0.240,16,71,13,12,44.5,82.6,44.6,80.0,711,484,[73-88],"[33-66,77-101,103-111,114-116]","[73-74,76-78,80-85,87-88]","[51-56,87,91-92,94-95,98]",KHSRP___SRSF11_unrelaxed_rank_004_alphafold2_multimer_v3_model_1_seed_000.pdb
KHSRP___SRSF11,5,3,A,B,0.0000,0.0,0.0,0.0000,0.2563,0.0000,0.0000,0.0,0.0,0.1700,41.1,31.3,0.220,0,0,0,0,,,,,711,484,,,,,KHSRP___SRSF11_unrelaxed_rank_005_alphafold2_multimer_v3_model_3_seed_000.pdb
MATR3___MRPL12,1,1,A,B,0.0000,0.0,0.0,0.0000,0.1355,0.0000,0.0000,0.0,0.0,0.1500,44.3,46.5,0.230,0,0,0,0,,,,,847,198,,,,,MATR3___MRPL12_unrelaxed_rank_001_alphafold2_multimer_v3_model_1_seed_000.pdb
MATR3___MRPL12,2,2,A,B,0.0000,0.0,0.0,0.0000,0.1282,0.0000,0.0000,0.0,0.0,0.1500,45.5,51.9,0.220,0,0,0,0,,,,,847,198,,,,,MATR3___MRPL12_unrelaxed_rank_002_alphafold2_multimer_v3_model_2_seed_000.pdb
MATR3___MRPL12,3,3,A,B,0.0000,0.0,0.0,0.0000,0.2015,0.0000,0.0000,0.0,0.0,0.1500,43.7,46.9,0.230,0,0,0,0,,,,,847,198,,,,,MATR3___MRPL12_unrelaxed_rank_003_alphafold2_multimer_v3_model_3_seed_000.pdb
MATR3___MRPL12,4,5,A,B,0.0000,0.0,0.0,0.0000,0.1308,0.0000,0.0000,0.0,0.0,0.1400,45.8,47.8,0.220,0,0,0,0,,,,,847,198,,,,,MATR3___MRPL12_unrelaxed_rank_004_alphafold2_multimer_v3_model_5_seed_000.pdb
MATR3___MRPL12,5,4,A,B,0.0000,0.0,0.0,0.0000,0.1567,0.0000,0.0000,0.0,0.0,0.1500,43.7,49.3,0.210,0,0,0,0,,,,,847,198,,,,,MATR3___MRPL12_unrelaxed_rank_005_alphafold2_multimer_v3_model_4_seed_000.pdb
MATR3___PRMT1,1,1,A,B,0.0048,9.4,0.0,0.0000,0.4755,0.0138,0.0017,89.0,1.0,0.3500,38.7,82.5,0.370,4,75,1,1,32.0,93.2,34.7,86.5,847,371,[595-598],"[71,73-79,99,101,103,106,114,122,125-127,129-131,133,135,141,145-146,174,176-181,197,199,216,223,225-226,229-231,233,236,238-241,248,251,254,256-257,260-262,270,272-273,275,290-292,324-325,334-335,338,346-347,349,351,355,367-369]",[597],[231],MATR3___PRMT1_unrelaxed_rank_001_alphafold2_multimer_v3_model_1_seed_000.pdb
MATR3___PRMT1,2,4,A,B,0.0000,0.0,0.0,0.0000,0.2107,0.0000,0.0000,0.0,0.0,0.1900,34.8,80.1,0.360,0,0,0,0,,,,,847,371,,,,,MATR3___PRMT1_unrelaxed_rank_002_alphafold2_multimer_v3_model_4_seed_000.pdb
MATR3___PRMT1,3,3,A,B,0.0000,0.0,0.0,0.0000,0.1903,0.0000,0.0000,0.0,0.0,0.1900,37.3,81.2,0.370,0,0,0,0,,,,,847,371,,,,,MATR3___PRMT1_unrelaxed_rank_003_alphafold2_multimer_v3_model_3_seed_000.pdb
MATR3___PRMT1,4,2,A,B,0.0000,0.0,0.0,0.0000,0.2972,0.0000,0.0000,0.0,0.0,0.1900,39.3,83.4,0.370,0,0,0,0,,,,,847,371,,,,,MATR3___PRMT1_unrelaxed_rank_004_alphafold2_multimer_v3_model_2_seed_000.pdb
MATR3___PRMT1,5,5,A,B,0.0000,0.0,0.0,0.0000,0.1774,0.0000,0.0000,0.0,0.0,0.1700,38.1,83.3,0.360,0,0,0,0,,,,,847,371,,,,,MATR3___PRMT1_unrelaxed_rank_005_alphafold2_multimer_v3_model_5_seed_000.pdb
MATR3___SF3A3,1,3,A,B,0.0540,166.8,9.0,0.0140,0.5605,0.0499,0.0584,1159.0,24.0,0.4000,40.0,74.6,0.370,46,110,10,15,78.2,88.1,60.6,84.4,847,501,"[495-503,514,517,523-539,545-547,566-580]","[11,18,21-22,34-56,130-131,134,138,140,145-146,148-149,160,163-164,171,178,180-221,223,226,316-335,337-341]","[530-531,571-572,575-580]","[187,190,194-195,199,202,206-207,210-211,213-214,319,323,326]",MATR3___SF3A3_unrelaxed_rank_001_alphafold2_multimer_v3_model_3_seed_000.pdb
MATR3___SF3A3,2,1,A,B,0.0000,0.0,0.0,0.0000,0.3358,0.0000,0.0000,0.0,0.0,0.2100,38.9,74.5,0.330,0,0,0,0,,,,,847,501,,,,,MATR3___SF3A3_unrelaxed_rank_002_alphafold2_multimer_v3_model_1_seed_000.pdb
MATR3___SF3A3,3,4,A,B,0.0000,0.0,0.0,0.0000,0.2147,0.0000,0.0000,0.0,0.0,0.1800,36.9,70.3,0.320,0,0,0,0,,,,,847,501,,,,,MATR3___SF3A3_unrelaxed_rank_003_alphafold2_multimer_v3_model_4_seed_000.pdb
MATR3___SF3A3,4,2,A,B,0.0000,0.0,0.0,0.0000,0.1576,0.0000,0.0000,0.0,0.0,0.1600,39.7,76.2,0.320,0,0,0,0,,,,,847,501,,,,,MATR3___SF3A3_unrelaxed_rank_004_alphafold2_multimer_v3_model_2_seed_000.pdb
MATR3___SF3A3,5,5,A,B,0.0000,0.0,0.0,0.0000,0.1479,0.0000,0.0000,0.0,0.0,0.1600,39.6,75.0,0.320,0,0,0,0,,,,,847,501,,,,,MATR3___SF3A3_unrelaxed_rank_005_alphafold2_multimer_v3_model_5_seed_000.pdb
MATR3___ZBTB33,1,4,A,B,0.0000,0.0,0.0,0.0000,0.4800,0.0141,0.0000,28.0,0.0,0.2300,37.8,36.4,0.260,5,15,0,0,31.6,65.9,,,847,672,[661-665],"[516,531,538,541-542,544,549-552,559-560,564-565,568]",,,MATR3___ZBTB33_unrelaxed_rank_001_alphafold2_multimer_v3_model_4_seed_000.pdb
MATR3___ZBTB33,2,3,A,B,0.0000,0.0,0.0,0.0000,0.4879,0.0096,0.0000,6.0,0.0,0.2100,37.5,36.4,0.240,3,5,0,0,33.0,66.8,,,847,672,[663-665],"[549,551,585,587-588]",,,MATR3___ZBTB33_unrelaxed_rank_002_alphafold2_multimer_v3_model_3_seed_000.pdb
MATR3___ZBTB33,3,2,A,B,0.0000,0.0,0.0,0.0000,0.4326,0.0000,0.0000,0.0,0.0,0.2100,40.8,37.1,0.240,0,0,0,0,,,,,847,672,,,,,MATR3___ZBTB33_unrelaxed_rank_003_alphafold2_multimer_v3_model_2_seed_000.pdb
MATR3___ZBTB33,4,5,A,B,0.0000,0.0,0.0,0.0000,0.3499,0.0000,0.0000,0.0,0.0,0.2000,38.5,35.5,0.240,0,0,0,0,,,,,847,672,,,,,MATR3___ZBTB33_unrelaxed_rank_004_alphafold2_multimer_v3_model_5_seed_000.pdb
MATR3___ZBTB33,5,1,A,B,0.0000,0.0,0.0,0.0000,0.2729,0.0000,0.0000,0.0,0.0,0.2000,35.5,33.6,0.230,0,0,0,0,,,,,847,672,,,,,MATR3___ZBTB33_unrelaxed_rank_005_alphafold2_multimer_v3_model_1_seed_000.pdb
MRPL12___SAFB,1,2,A,B,0.0000,0.0,0.0,0.0000,0.1250,0.0000,0.0000,0.0,0.0,0.1600,54.9,35.5,0.200,0,0,0,0,,,,,198,915,,,,,MRPL12___SAFB_unrelaxed_rank_001_alphafold2_multimer_v3_model_2_seed_000.pdb
MRPL12___SAFB,2,1,A,B,0.0000,0.0,0.0,0.0000,0.0000,0.0000,0.0000,0.0,0.0,0.1500,53.3,35.4,0.200,0,0,0,0,,,,,198,915,,,,,MRPL12___SAFB_unrelaxed_rank_002_alphafold2_multimer_v3_model_1_seed_000.pdb
MRPL12___SAFB,3,3,A,B,0.0000,0.0,0.0,0.0000,0.1157,0.0000,0.0000,0.0,0.0,0.1500,50.8,35.9,0.190,0,0,0,0,,,,,198,915,,,,,MRPL12___SAFB_unrelaxed_rank_003_alphafold2_multimer_v3_model_3_seed_000.pdb
MRPL12___SAFB,4,4,A,B,0.0000,0.0,0.0,0.0000,0.1086,0.0000,0.0000,0.0,0.0,0.1500,52.3,34.6,0.190,0,0,0,0,,,,,198,915,,,,,MRPL12___SAFB_unrelaxed_rank_004_alphafold2_multimer_v3_model_4_seed_000.pdb
MRPL12___SAFB,5,5,A,B,0.0000,0.0,0.0,0.0000,0.1251,0.0000,0.0000,0.0,0.0,0.1400,50.6,35.6,0.190,0,0,0,0,,,,,198,915,,,,,MRPL12___SAFB_unrelaxed_rank_005_alphafold2_multimer_v3_model_5_seed_000.pdb
NASP___CSTB,1,1,A,B,0.0000,0.0,0.0,0.0000,0.2236,0.0000,0.0000,0.0,0.0,0.2400,39.0,76.1,0.360,0,0,0,0,,,,,788,98,,,,,NASP___CSTB_unrelaxed_rank_001_alphafold2_multimer_v3_model_1_seed_000.pdb
NASP___CSTB,2,4,A,B,0.0000,0.0,0.0,0.0000,0.3631,0.0000,0.0000,0.0,0.0,0.2300,39.2,76.6,0.360,0,0,0,0,,,,,788,98,,,,,NASP___CSTB_unrelaxed_rank_002_alphafold2_multimer_v3_model_4_seed_000.pdb
NASP___CSTB,3,5,A,B,0.0000,0.0,0.0,0.0000,0.1570,0.0000,0.0000,0.0,0.0,0.2300,39.7,80.6,0.360,0,0,0,0,,,,,788,98,,,,,NASP___CSTB_unrelaxed_rank_003_alphafold2_multimer_v3_model_5_seed_000.pdb
NASP___CSTB,4,3,A,B,0.0000,0.0,0.0,0.0000,0.2464,0.0000,0.0000,0.0,0.0,0.2200,39.8,79.7,0.360,0,0,0,0,,,,,788,98,,,,,NASP___CSTB_unrelaxed_rank_004_alphafold2_multimer_v3_model_3_seed_000.pdb
NASP___CSTB,5,2,A,B,0.0000,0.0,0.0,0.0000,0.2018,0.0000,0.0000,0.0,0.0,0.2000,40.5,80.7,0.370,0,0,0,0,,,,,788,98,,,,,NASP___CSTB_unrelaxed_rank_005_alphafold2_multimer_v3_model_2_seed_000.pdb
NASP___FUS,1,5,A,B,0.4181,365.2,152.7,0.2077,0.9752,0.3415,0.5119,2963.0,45.0,0.3000,39.0,31.5,0.320,217,12,18,8,91.5,49.8,91.3,53.6,788,526,"[39-105,512-628,630-662]",[515-526],"[97,100,103,550,553,581,584-585,587-589,592,596,610,614,641,645,652]","[517-518,520-522,524-526]",NASP___FUS_unrelaxed_rank_001_alphafold2_multimer_v3_model_5_seed_000.pdb
NASP___FUS,2,4,A,B,0.3811,391.1,149.0,0.0655,0.9712,0.3187,0.4556,3059.0,50.0,0.2800,38.2,29.6,0.320,215,15,20,7,89.2,47.7,88.0,55.2,788,526,"[39-104,512-628,632-663]",[512-526],"[100,103-104,550,553-554,581-582,584-585,588-589,592,596,610,614,641,645,648,652]","[517-518,520-521,524-526]",NASP___FUS_unrelaxed_rank_002_alphafold2_multimer_v3_model_4_seed_000.pdb
NASP___FUS,3,3,A,B,0.3350,335.2,112.3,0.0451,0.9439,0.2828,0.3968,3036.0,37.0,0.2500,38.4,29.7,0.320,212,15,14,8,90.3,45.9,86.0,51.9,788,526,"[39-104,512-627,633-662]",[512-526],"[100,103-104,550,553,581-582,584-585,588,592,596,645,652]","[517-518,520-522,524-526]",NASP___FUS_unrelaxed_rank_003_alphafold2_multimer_v3_model_3_seed_000.pdb
NASP___FUS,4,1,A,B,0.2975,294.4,87.6,0.0331,0.8806,0.2392,0.3700,1844.0,47.0,0.2500,38.9,29.4,0.320,211,10,18,8,91.2,36.5,90.2,37.4,788,526,"[39-103,512-627,633-662]",[517-526],"[100,553-554,581,584-585,588-589,592,596,610,614,642,644-645,648-649,652]","[517-518,521-526]",NASP___FUS_unrelaxed_rank_004_alphafold2_multimer_v3_model_1_seed_000.pdb
NASP___FUS,5,2,A,B,0.2585,231.2,59.8,0.0290,0.8727,0.2179,0.3067,1782.0,30.0,0.2300,39.9,31.2,0.320,212,10,13,7,93.3,42.1,88.8,44.4,788,526,"[39-103,512-627,632-662]",[517-526],"[100,103,553-554,581,584-585,588,592,596,645,648-649]","[518,521-526]",NASP___FUS_unrelaxed_rank_005_alphafold2_multimer_v3_model_2_seed_000.pdb
NCL___DHX15,1,3,A,B,0.0000,0.0,0.0,0.0000,0.2346,0.0000,0.0000,0.0,0.0,0.2000,38.5,80.4,0.500,0,0,0,0,,,,,710,795,,,,,NCL___DHX15_unrelaxed_rank_001_alphafold2_multimer_v3_model_3_seed_000.pdb
NCL___DHX15,2,4,A,B,0.0000,0.0,0.0,0.0000,0.1901,0.0000,0.0000,0.0,0.0,0.1800,36.7,78.6,0.500,0,0,0,0,,,,,710,795,,,,,NCL___DHX15_unrelaxed_rank_002_alphafold2_multimer_v3_model_4_seed_000.pdb
NCL___DHX15,3,1,A,B,0.0000,0.0,0.0,0.0000,0.2108,0.0000,0.0000,0.0,0.0,0.1800,37.7,78.2,0.480,0,0,0,0,,,,,710,795,,,,,NCL___DHX15_unrelaxed_rank_003_alphafold2_multimer_v3_model_1_seed_000.pdb
NCL___DHX15,4,5,A,B,0.0000,0.0,0.0,0.0000,0.1725,0.0000,0.0000,0.0,0.0,0.1700,39.1,80.1,0.500,0,0,0,0,,,,,710,795,,,,,NCL___DHX15_unrelaxed_rank_004_alphafold2_multimer_v3_model_5_seed_000.pdb
NCL___DHX15,5,2,A,B,0.0000,0.0,0.0,0.0000,0.1784,0.0000,0.0000,0.0,0.0,0.1700,38.2,80.3,0.490,0,0,0,0,,,,,710,795,,,,,NCL___DHX15_unrelaxed_rank_005_alphafold2_multimer_v3_model_2_seed_000.pdb
NONO___EDC3,1,3,A,B,0.0000,0.0,0.0,0.0000,0.2398,0.0000,0.0000,0.0,0.0,0.2000,65.0,61.6,0.380,0,0,0,0,,,,,471,508,,,,,NONO___EDC3_unrelaxed_rank_001_alphafold2_multimer_v3_model_3_seed_000.pdb
NONO___EDC3,2,1,A,B,0.0000,0.0,0.0,0.0000,0.1277,0.0000,0.0000,0.0,0.0,0.1400,63.0,61.0,0.340,0,0,0,0,,,,,471,508,,,,,NONO___EDC3_unrelaxed_rank_002_alphafold2_multimer_v3_model_1_seed_000.pdb
NONO___EDC3,3,5,A,B,0.0000,0.0,0.0,0.0000,0.1267,0.0000,0.0000,0.0,0.0,0.1300,62.7,61.5,0.350,0,0,0,0,,,,,471,508,,,,,NONO___EDC3_unrelaxed_rank_003_alphafold2_multimer_v3_model_5_seed_000.pdb
NONO___EDC3,4,4,A,B,0.0000,0.0,0.0,0.0000,0.1329,0.0000,0.0000,0.0,0.0,0.1300,60.9,61.4,0.340,0,0,0,0,,,,,471,508,,,,,NONO___EDC3_unrelaxed_rank_004_alphafold2_multimer_v3_model_4_seed_000.pdb
NONO___EDC3,5,2,A,B,0.0000,0.0,0.0,0.0000,0.1224,0.0000,0.0000,0.0,0.0,0.1300,63.4,62.1,0.340,0,0,0,0,,,,,471,508,,,,,NONO___EDC3_unrelaxed_rank_005_alphafold2_multimer_v3_model_2_seed_000.pdb
NONO___ZBTB33,1,3,A,B,0.0000,0.0,0.0,0.0000,0.2222,0.0000,0.0000,0.0,0.0,0.1700,62.2,36.5,0.330,0,0,0,0,,,,,471,672,,,,,NONO___ZBTB33_unrelaxed_rank_001_alphafold2_multimer_v3_model_3_seed_000.pdb
NONO___ZBTB33,2,1,A,B,0.0000,0.0,0.0,0.0000,0.1533,0.0000,0.0000,0.0,0.0,0.1500,63.1,36.1,0.320,0,0,0,0,,,,,471,672,,,,,NONO___ZBTB33_unrelaxed_rank_002_alphafold2_multimer_v3_model_1_seed_000.pdb
NONO___ZBTB33,3,4,A,B,0.0000,0.0,0.0,0.0000,0.1637,0.0000,0.0000,0.0,0.0,0.1500,60.0,37.6,0.310,0,0,0,0,,,,,471,672,,,,,NONO___ZBTB33_unrelaxed_rank_003_alphafold2_multimer_v3_model_4_seed_000.pdb
NONO___ZBTB33,4,5,A,B,0.0000,0.0,0.0,0.0000,0.1346,0.0000,0.0000,0.0,0.0,0.1400,61.8,39.3,0.320,0,0,0,0,,,,,471,672,,,,,NONO___ZBTB33_unrelaxed_rank_004_alphafold2_multimer_v3_model_5_seed_000.pdb
NONO___ZBTB33,5,2,A,B,0.0000,0.0,0.0,0.0000,0.0000,0.0000,0.0000,0.0,0.0,0.1300,63.7,38.2,0.320,0,0,0,0,,,,,471,672,,,,,NONO___ZBTB33_unrelaxed_rank_005_alphafold2_multimer_v3_model_2_seed_000.pdb
PCBP2___KHSRP,1,2,A,B,0.0000,0.0,0.0,0.0000,0.2182,0.0000,0.0000,0.0,0.0,0.2000,58.1,42.9,0.280,0,0,0,0,,,,,365,711,,,,,PCBP2___KHSRP_unrelaxed_rank_001_alphafold2_multimer_v3_model_2_seed_000.pdb
PCBP2___KHSRP,2,4,A,B,0.0000,0.0,0.0,0.0000,0.2252,0.0000,0.0000,0.0,0.0,0.1900,58.3,39.1,0.290,0,0,0,0,,,,,365,711,,,,,PCBP2___KHSRP_unrelaxed_rank_002_alphafold2_multimer_v3_model_4_seed_000.pdb
PCBP2___KHSRP,3,3,A,B,0.0000,0.0,0.0,0.0000,0.1897,0.0000,0.0000,0.0,0.0,0.1800,57.3,38.6,0.280,0,0,0,0,,,,,365,711,,,,,PCBP2___KHSRP_unrelaxed_rank_003_alphafold2_multimer_v3_model_3_seed_000.pdb
PCBP2___KHSRP,4,1,A,B,0.0000,0.0,0.0,0.0000,0.1503,0.0000,0.0000,0.0,0.0,0.1600,56.3,40.4,0.280,0,0,0,0,,,,,365,711,,,,,PCBP2___KHSRP_unrelaxed_rank_004_alphafold2_multimer_v3_model_1_seed_000.pdb
PCBP2___KHSRP,5,5,A,B,0.0000,0.0,0.0,0.0000,0.1421,0.0000,0.0000,0.0,0.0,0.1600,62.0,42.9,0.280,0,0,0,0,,,,,365,711,,,,,PCBP2___KHSRP_unrelaxed_rank_005_alphafold2_multimer_v3_model_5_seed_000.pdb
PCBP2___PDK1,1,3,A,B,0.0206,19.8,0.4,0.0000,0.3595,0.0176,0.0242,197.0,2.0,0.3300,57.8,77.2,0.530,12,101,2,2,37.2,93.7,34.5,90.8,365,436,[236-247],"[61,78,89,93,110,112,115-116,118,120-121,124,134-136,138-141,143-145,147,149,152-153,159-160,180,183,195,199-200,202,219,222,225-232,236,248-253,257,262-264,266-267,269-274,276-277,279,284,299-306,308,310-315,317-319,330,333,370-373,376-378,383-386,388,394,397]",[236-237],"[271,274]",PCBP2___PDK1_unrelaxed_rank_001_alphafold2_multimer_v3_model_3_seed_000.pdb
PCBP2___PDK1,2,1,A,B,0.0000,0.0,0.0,0.0000,0.2764,0.0000,0.0000,0.0,0.0,0.2100,55.1,78.1,0.520,0,0,0,0,,,,,365,436,,,,,PCBP2___PDK1_unrelaxed_rank_002_alphafold2_multimer_v3_model_1_seed_000.pdb
PCBP2___PDK1,3,2,A,B,0.0000,0.0,0.0,0.0000,0.1414,0.0000,0.0000,0.0,0.0,0.1400,59.2,77.6,0.510,0,0,0,0,,,,,365,436,,,,,PCBP2___PDK1_unrelaxed_rank_003_alphafold2_multimer_v3_model_2_seed_000.pdb
PCBP2___PDK1,4,4,A,B,0.0000,0.0,0.0,0.0000,0.1355,0.0000,0.0000,0.0,0.0,0.1400,55.2,78.1,0.520,0,0,0,0,,,,,365,436,,,,,PCBP2___PDK1_unrelaxed_rank_004_alphafold2_multimer_v3_model_4_seed_000.pdb
PCBP2___PDK1,5,5,A,B,0.0000,0.0,0.0,0.0000,0.1256,0.0000,0.0000,0.0,0.0,0.1300,57.3,78.6,0.510,0,0,0,0,,,,,365,436,,,,,PCBP2___PDK1_unrelaxed_rank_005_alphafold2_multimer_v3_model_5_seed_000.pdb
PCBP2___SF1,1,4,A,B,0.0000,0.0,0.0,0.0000,0.1735,0.0000,0.0000,0.0,0.0,0.1500,60.9,37.4,0.270,0,0,0,0,,,,,365,639,,,,,PCBP2___SF1_unrelaxed_rank_001_alphafold2_multimer_v3_model_4_seed_000.pdb
PCBP2___SF1,2,3,A,B,0.0000,0.0,0.0,0.0000,0.1689,0.0000,0.0000,0.0,0.0,0.1500,58.4,36.9,0.270,0,0,0,0,,,,,365,639,,,,,PCBP2___SF1_unrelaxed_rank_002_alphafold2_multimer_v3_model_3_seed_000.pdb
PCBP2___SF1,3,1,A,B,0.0000,0.0,0.0,0.0000,0.1404,0.0000,0.0000,0.0,0.0,0.1500,59.1,37.9,0.270,0,0,0,0,,,,,365,639,,,,,PCBP2___SF1_unrelaxed_rank_003_alphafold2_multimer_v3_model_1_seed_000.pdb
PCBP2___SF1,4,5,A,B,0.0000,0.0,0.0,0.0000,0.1550,0.0000,0.0000,0.0,0.0,0.1500,62.0,38.3,0.270,0,0,0,0,,,,,365,639,,,,,PCBP2___SF1_unrelaxed_rank_004_alphafold2_multimer_v3_model_5_seed_000.pdb
PCBP2___SF1,5,2,A,B,0.0000,0.0,0.0,0.0000,0.1439,0.0000,0.0000,0.0,0.0,0.1400,62.9,37.6,0.270,0,0,0,0,,,,,365,639,,,,,PCBP2___SF1_unrelaxed_rank_005_alphafold2_multimer_v3_model_2_seed_000.pdb
PCBP2___SF3B2,1,4,A,B,0.0000,0.0,0.0,0.0000,0.3644,0.0000,0.0000,0.0,0.0,0.2700,61.3,37.6,0.270,0,0,0,0,,,,,365,895,,,,,PCBP2___SF3B2_unrelaxed_rank_001_alphafold2_multimer_v3_model_4_seed_000.pdb
PCBP2___SF3B2,2,5,A,B,0.0000,0.0,0.0,0.0000,0.1854,0.0000,0.0000,0.0,0.0,0.1700,59.8,40.9,0.260,0,0,0,0,,,,,365,895,,,,,PCBP2___SF3B2_unrelaxed_rank_002_alphafold2_multimer_v3_model_5_seed_000.pdb
PCBP2___SF3B2,3,3,A,B,0.0000,0.0,0.0,0.0000,0.1606,0.0000,0.0000,0.0,0.0,0.1600,58.8,42.3,0.260,0,0,0,0,,,,,365,895,,,,,PCBP2___SF3B2_unrelaxed_rank_003_alphafold2_multimer_v3_model_3_seed_000.pdb
PCBP2___SF3B2,4,1,A,B,0.0000,0.0,0.0,0.0000,0.1614,0.0000,0.0000,0.0,0.0,0.1500,60.4,40.5,0.260,0,0,0,0,,,,,365,895,,,,,PCBP2___SF3B2_unrelaxed_rank_004_alphafold2_multimer_v3_model_1_seed_000.pdb
PCBP2___SF3B2,5,2,A,B,0.0000,0.0,0.0,0.0000,0.1462,0.0000,0.0000,0.0,0.0,0.1400,64.4,40.2,0.260,0,0,0,0,,,,,365,895,,,,,PCBP2___SF3B2_unrelaxed_rank_005_alphafold2_multimer_v3_model_2_seed_000.pdb
PCCA___FAM50A,1,2,A,B,0.0000,0.0,0.0,0.0000,0.2090,0.0000,0.0000,0.0,0.0,0.1800,83.7,50.1,0.610,0,0,0,0,,,,,728,339,,,,,PCCA___FAM50A_unrelaxed_rank_001_alphafold2_multimer_v3_model_2_seed_000.pdb
PCCA___FAM50A,2,3,A,B,0.0000,0.0,0.0,0.0000,0.1630,0.0000,0.0000,0.0,0.0,0.1700,83.0,46.0,0.610,0,0,0,0,,,,,728,339,,,,,PCCA___FAM50A_unrelaxed_rank_002_alphafold2_multimer_v3_model_3_seed_000.pdb
PCCA___FAM50A,3,1,A,B,0.0000,0.0,0.0,0.0000,0.1578,0.0000,0.0000,0.0,0.0,0.1700,83.5,44.9,0.620,0,0,0,0,,,,,728,339,,,,,PCCA___FAM50A_unrelaxed_rank_003_alphafold2_multimer_v3_model_1_seed_000.pdb
PCCA___FAM50A,4,4,A,B,0.0000,0.0,0.0,0.0000,0.1611,0.0000,0.0000,0.0,0.0,0.1700,81.8,41.1,0.610,0,0,0,0,,,,,728,339,,,,,PCCA___FAM50A_unrelaxed_rank_004_alphafold2_multimer_v3_model_4_seed_000.pdb
PCCA___FAM50A,5,5,A,B,0.0000,0.0,0.0,0.0000,0.1513,0.0000,0.0000,0.0,0.0,0.1600,82.6,45.1,0.610,0,0,0,0,,,,,728,339,,,,,PCCA___FAM50A_unrelaxed_rank_005_alphafold2_multimer_v3_model_5_seed_000.pdb
PCCA___GFP,1,5,A,B,0.0000,0.0,0.0,0.0000,0.1413,0.0000,0.0000,0.0,0.0,0.2100,82.0,85.0,0.650,0,0,0,0,,,,,728,238,,,,,PCCA___GFP_unrelaxed_rank_001_alphafold2_multimer_v3_model_5_seed_000.pdb
PCCA___GFP,2,4,A,B,0.0000,0.0,0.0,0.0000,0.1501,0.0000,0.0000,0.0,0.0,0.2100,80.5,83.0,0.640,0,0,0,0,,,,,728,238,,,,,PCCA___GFP_unrelaxed_rank_002_alphafold2_multimer_v3_model_4_seed_000.pdb
PCCA___GFP,3,1,A,B,0.0000,0.0,0.0,0.0000,0.1551,0.0000,0.0000,0.0,0.0,0.2000,82.4,84.4,0.650,0,0,0,0,,,,,728,238,,,,,PCCA___GFP_unrelaxed_rank_003_alphafold2_multimer_v3_model_1_seed_000.pdb
PCCA___GFP,4,2,A,B,0.0000,0.0,0.0,0.0000,0.1434,0.0000,0.0000,0.0,0.0,0.1900,83.3,86.2,0.660,0,0,0,0,,,,,728,238,,,,,PCCA___GFP_unrelaxed_rank_004_alphafold2_multimer_v3_model_2_seed_000.pdb
PCCA___GFP,5,3,A,B,0.0000,0.0,0.0,0.0000,0.1491,0.0000,0.0000,0.0,0.0,0.1900,80.9,84.1,0.640,0,0,0,0,,,,,728,238,,,,,PCCA___GFP_unrelaxed_rank_005_alphafold2_multimer_v3_model_3_seed_000.pdb
PDK1___CDC5L,1,4,A,B,0.0000,0.0,0.0,0.0000,0.1945,0.0000,0.0000,0.0,0.0,0.1900,77.8,48.2,0.380,0,0,0,0,,,,,436,802,,,,,PDK1___CDC5L_unrelaxed_rank_001_alphafold2_multimer_v3_model_4_seed_000.pdb
PDK1___CDC5L,2,2,A,B,0.0000,0.0,0.0,0.0000,0.1376,0.0000,0.0000,0.0,0.0,0.1800,79.1,51.4,0.390,0,0,0,0,,,,,436,802,,,,,PDK1___CDC5L_unrelaxed_rank_002_alphafold2_multimer_v3_model_2_seed_000.pdb
PDK1___CDC5L,3,3,A,B,0.0000,0.0,0.0,0.0000,0.1822,0.0000,0.0000,0.0,0.0,0.1700,77.1,54.1,0.380,0,0,0,0,,,,,436,802,,,,,PDK1___CDC5L_unrelaxed_rank_003_alphafold2_multimer_v3_model_3_seed_000.pdb
PDK1___CDC5L,4,1,A,B,0.0000,0.0,0.0,0.0000,0.1424,0.0000,0.0000,0.0,0.0,0.1600,79.3,51.9,0.390,0,0,0,0,,,,,436,802,,,,,PDK1___CDC5L_unrelaxed_rank_004_alphafold2_multimer_v3_model_1_seed_000.pdb
PDK1___CDC5L,5,5,A,B,0.0000,0.0,0.0,0.0000,0.1278,0.0000,0.0000,0.0,0.0,0.1500,77.6,50.5,0.380,0,0,0,0,,,,,436,802,,,,,PDK1___CDC5L_unrelaxed_rank_005_alphafold2_multimer_v3_model_5_seed_000.pdb
PDK1___DAZAP1,1,4,A,B,0.0322,155.0,5.0,0.0117,0.4475,0.0301,0.0345,1092.0,22.0,0.2800,77.4,37.7,0.520,268,11,13,7,90.2,30.2,87.2,30.6,436,407,"[46,48-50,52-62,64,72-124,132-164,173,175-186,189-202,219-244,247-256,263-291,298-320,322-324,327-328,330-333,358-379,381-399,401]",[346-356],"[150-151,153-154,189,192,196,270-272,274-275,278]",[349-355],PDK1___DAZAP1_unrelaxed_rank_001_alphafold2_multimer_v3_model_4_seed_000.pdb
PDK1___DAZAP1,2,1,A,B,0.0000,0.0,0.0,0.0000,0.3546,0.0000,0.0000,0.0,0.0,0.2600,77.8,38.4,0.500,0,0,0,0,,,,,436,407,,,,,PDK1___DAZAP1_unrelaxed_rank_002_alphafold2_multimer_v3_model_1_seed_000.pdb
PDK1___DAZAP1,3,3,A,B,0.0000,0.0,0.0,0.0000,0.3787,0.0067,0.0000,17.0,0.0,0.2000,78.6,39.8,0.510,14,2,0,0,95.0,26.0,,,436,407,"[80,118,135,137-138,141,263,287,290,303,305,310-312]",[352-353],,,PDK1___DAZAP1_unrelaxed_rank_003_alphafold2_multimer_v3_model_3_seed_000.pdb
PDK1___DAZAP1,4,5,A,B,0.0000,0.0,0.0,0.0000,0.2427,0.0000,0.0000,0.0,0.0,0.1700,79.1,42.2,0.490,0,0,0,0,,,,,436,407,,,,,PDK1___DAZAP1_unrelaxed_rank_004_alphafold2_multimer_v3_model_5_seed_000.pdb
PDK1___DAZAP1,5,2,A,B,0.0000,0.0,0.0,0.0000,0.1782,0.0000,0.0000,0.0,0.0,0.1500,78.6,39.1,0.480,0,0,0,0,,,,,436,407,,,,,PDK1___DAZAP1_unrelaxed_rank_005_alphafold2_multimer_v3_model_2_seed_000.pdb
PPP1R10___CHERP,1,2,A,B,0.1066,180.5,19.2,0.0144,0.7313,0.0843,0.1349,1051.0,31.0,0.2300,31.7,48.8,0.290,9,185,6,11,39.1,93.8,39.0,92.2,940,916,[289-297],"[122,124-126,128-203,205-300,302-310]","[289-292,294-295]","[168,170,173,216,219-220,223,259,262-263,266]",PPP1R10___CHERP_unrelaxed_rank_001_alphafold2_multimer_v3_model_2_seed_000.pdb
PPP1R10___CHERP,2,1,A,B,0.1083,76.5,8.3,0.0146,0.6796,0.0897,0.1308,136.0,43.0,0.2200,30.3,47.0,0.280,15,12,10,8,40.5,42.4,42.4,42.5,940,916,"[481-482,484-496]",[891-902],"[482,485-493]","[892-898,901]",PPP1R10___CHERP_unrelaxed_rank_002_alphafold2_multimer_v3_model_1_seed_000.pdb
PPP1R10___CHERP,3,3,A,B,0.0298,24.5,0.7,0.0000,0.6092,0.0240,0.0370,75.0,8.0,0.2100,31.8,46.9,0.280,5,35,3,7,36.6,85.9,36.8,82.2,940,916,[495-499],"[156-157,163-164,167-170,173-174,177,179,181,198,201,208-209,211-212,216-217,227,258-259,261-270,281]","[496-497,499]","[168,170,173,216,259,262,266]",PPP1R10___CHERP_unrelaxed_rank_003_alphafold2_multimer_v3_model_3_seed_000.pdb
PPP1R10___CHERP,4,4,A,B,0.0000,0.0,0.0,0.0000,0.3761,0.0000,0.0000,0.0,0.0,0.2000,31.4,47.8,0.270,0,0,0,0,,,,,940,916,,,,,PPP1R10___CHERP_unrelaxed_rank_004_alphafold2_multimer_v3_model_4_seed_000.pdb
PPP1R10___CHERP,5,5,A,B,0.0000,0.0,0.0,0.0000,0.3119,0.0000,0.0000,0.0,0.0,0.1900,31.1,48.1,0.280,0,0,0,0,,,,,940,916,,,,,PPP1R10___CHERP_unrelaxed_rank_005_alphafold2_multimer_v3_model_5_seed_000.pdb
PRDX1___DHX15,1,2,A,B,0.0000,0.0,0.0,0.0000,0.1965,0.0000,0.0000,0.0,0.0,0.2400,81.1,79.2,0.630,0,0,0,0,,,,,199,795,,,,,PRDX1___DHX15_unrelaxed_rank_001_alphafold2_multimer_v3_model_2_seed_000.pdb
PRDX1___DHX15,2,1,A,B,0.0000,0.0,0.0,0.0000,0.1563,0.0000,0.0000,0.0,0.0,0.1600,76.7,78.0,0.590,0,0,0,0,,,,,199,795,,,,,PRDX1___DHX15_unrelaxed_rank_002_alphafold2_multimer_v3_model_1_seed_000.pdb
PRDX1___DHX15,3,5,A,B,0.0000,0.0,0.0,0.0000,0.1424,0.0000,0.0000,0.0,0.0,0.1500,83.5,79.0,0.620,0,0,0,0,,,,,199,795,,,,,PRDX1___DHX15_unrelaxed_rank_003_alphafold2_multimer_v3_model_5_seed_000.pdb
PRDX1___DHX15,4,4,A,B,0.0000,0.0,0.0,0.0000,0.1311,0.0000,0.0000,0.0,0.0,0.1400,80.1,78.5,0.620,0,0,0,0,,,,,199,795,,,,,PRDX1___DHX15_unrelaxed_rank_004_alphafold2_multimer_v3_model_4_seed_000.pdb
PRDX1___DHX15,5,3,A,B,0.0000,0.0,0.0,0.0000,0.1314,0.0000,0.0000,0.0,0.0,0.1400,81.7,79.1,0.630,0,0,0,0,,,,,199,795,,,,,PRDX1___DHX15_unrelaxed_rank_005_alphafold2_multimer_v3_model_3_seed_000.pdb
PRMT1___U2SURP,1,3,A,B,0.0000,0.0,0.0,0.0000,0.2840,0.0000,0.0000,0.0,0.0,0.3000,82.3,46.2,0.340,0,0,0,0,,,,,371,1029,,,,,PRMT1___U2SURP_unrelaxed_rank_001_alphafold2_multimer_v3_model_3_seed_000.pdb
PRMT1___U2SURP,2,4,A,B,0.0000,0.0,0.0,0.0000,0.2617,0.0000,0.0000,0.0,0.0,0.2100,78.3,43.0,0.340,0,0,0,0,,,,,371,1029,,,,,PRMT1___U2SURP_unrelaxed_rank_002_alphafold2_multimer_v3_model_4_seed_000.pdb
PRMT1___U2SURP,3,1,A,B,0.0000,0.0,0.0,0.0000,0.2216,0.0000,0.0000,0.0,0.0,0.2100,83.2,45.1,0.350,0,0,0,0,,,,,371,1029,,,,,PRMT1___U2SURP_unrelaxed_rank_003_alphafold2_multimer_v3_model_1_seed_000.pdb
PRMT1___U2SURP,4,5,A,B,0.0000,0.0,0.0,0.0000,0.1783,0.0000,0.0000,0.0,0.0,0.1800,83.1,46.0,0.330,0,0,0,0,,,,,371,1029,,,,,PRMT1___U2SURP_unrelaxed_rank_004_alphafold2_multimer_v3_model_5_seed_000.pdb
PRMT1___U2SURP,5,2,A,B,0.0000,0.0,0.0,0.0000,0.1677,0.0000,0.0000,0.0,0.0,0.1700,84.1,47.2,0.340,0,0,0,0,,,,,371,1029,,,,,PRMT1___U2SURP_unrelaxed_rank_005_alphafold2_multimer_v3_model_2_seed_000.pdb
PSPC1___PCCA,1,5,A,B,0.0000,0.0,0.0,0.0000,0.2069,0.0000,0.0000,0.0,0.0,0.1800,51.6,82.1,0.550,0,0,0,0,,,,,523,728,,,,,PSPC1___PCCA_unrelaxed_rank_001_alphafold2_multimer_v3_model_5_seed_000.pdb
PSPC1___PCCA,2,3,A,B,0.0000,0.0,0.0,0.0000,0.1817,0.0000,0.0000,0.0,0.0,0.1700,52.6,82.7,0.550,0,0,0,0,,,,,523,728,,,,,PSPC1___PCCA_unrelaxed_rank_002_alphafold2_multimer_v3_model_3_seed_000.pdb
PSPC1___PCCA,3,1,A,B,0.0000,0.0,0.0,0.0000,0.1394,0.0000,0.0000,0.0,0.0,0.1600,50.1,83.3,0.550,0,0,0,0,,,,,523,728,,,,,PSPC1___PCCA_unrelaxed_rank_003_alphafold2_multimer_v3_model_1_seed_000.pdb
PSPC1___PCCA,4,4,A,B,0.0000,0.0,0.0,0.0000,0.1677,0.0000,0.0000,0.0,0.0,0.1600,48.9,81.4,0.540,0,0,0,0,,,,,523,728,,,,,PSPC1___PCCA_unrelaxed_rank_004_alphafold2_multimer_v3_model_4_seed_000.pdb
PSPC1___PCCA,5,2,A,B,0.0000,0.0,0.0,0.0000,0.1407,0.0000,0.0000,0.0,0.0,0.1600,50.1,83.4,0.550,0,0,0,0,,,,,523,728,,,,,PSPC1___PCCA_unrelaxed_rank_005_alphafold2_multimer_v3_model_2_seed_000.pdb
PSPC1___SF3A3,1,5,A,B,0.1000,241.4,24.1,0.0150,0.5880,0.0695,0.1438,1388.0,42.0,0.3200,56.6,74.7,0.340,149,26,14,10,86.8,67.4,82.1,67.6,523,501,"[77-92,94,96-105,107-108,111-162,165,167-190,198-218,221-224,228-239,245-246,253,256,271,278]","[473,475-497,500-501]","[85,87-88,114,117-119,148,150,152-153,155,236-237]","[476-484,486]",PSPC1___SF3A3_unrelaxed_rank_001_alphafold2_multimer_v3_model_5_seed_000.pdb
PSPC1___SF3A3,2,1,A,B,0.0000,0.0,0.0,0.0000,0.0000,0.0000,0.0000,0.0,0.0,0.1500,58.5,73.2,0.340,0,0,0,0,,,,,523,501,,,,,PSPC1___SF3A3_unrelaxed_rank_002_alphafold2_multimer_v3_model_1_seed_000.pdb
PSPC1___SF3A3,3,2,A,B,0.0000,0.0,0.0,0.0000,0.1299,0.0000,0.0000,0.0,0.0,0.1400,57.0,74.2,0.350,0,0,0,0,,,,,523,501,,,,,PSPC1___SF3A3_unrelaxed_rank_003_alphafold2_multimer_v3_model_2_seed_000.pdb
PSPC1___SF3A3,4,3,A,B,0.0000,0.0,0.0,0.0000,0.1231,0.0000,0.0000,0.0,0.0,0.1300,57.4,74.5,0.350,0,0,0,0,,,,,523,501,,,,,PSPC1___SF3A3_unrelaxed_rank_004_alphafold2_multimer_v3_model_3_seed_000.pdb
PSPC1___SF3A3,5,4,A,B,0.0000,0.0,0.0,0.0000,0.1536,0.0000,0.0000,0.0,0.0,0.1300,56.1,71.4,0.340,0,0,0,0,,,,,523,501,,,,,PSPC1___SF3A3_unrelaxed_rank_005_alphafold2_multimer_v3_model_4_seed_000.pdb
PTBP3___HMGB1,1,2,A,B,0.0000,0.0,0.0,0.0000,0.1257,0.0000,0.0000,0.0,0.0,0.1200,67.0,62.1,0.330,0,0,0,0,,,,,552,215,,,,,PTBP3___HMGB1_unrelaxed_rank_001_alphafold2_multimer_v3_model_2_seed_000.pdb
PTBP3___HMGB1,2,4,A,B,0.0000,0.0,0.0,0.0000,0.1441,0.0000,0.0000,0.0,0.0,0.1200,63.9,63.2,0.320,0,0,0,0,,,,,552,215,,,,,PTBP3___HMGB1_unrelaxed_rank_002_alphafold2_multimer_v3_model_4_seed_000.pdb
PTBP3___HMGB1,3,1,A,B,0.0000,0.0,0.0,0.0000,0.1330,0.0000,0.0000,0.0,0.0,0.1200,63.3,63.2,0.320,0,0,0,0,,,,,552,215,,,,,PTBP3___HMGB1_unrelaxed_rank_003_alphafold2_multimer_v3_model_1_seed_000.pdb
PTBP3___HMGB1,4,3,A,B,0.0000,0.0,0.0,0.0000,0.1165,0.0000,0.0000,0.0,0.0,0.1200,64.5,63.0,0.320,0,0,0,0,,,,,552,215,,,,,PTBP3___HMGB1_unrelaxed_rank_004_alphafold2_multimer_v3_model_3_seed_000.pdb
PTBP3___HMGB1,5,5,A,B,0.0000,0.0,0.0,0.0000,0.1145,0.0000,0.0000,0.0,0.0,0.1200,65.3,62.3,0.330,0,0,0,0,,,,,552,215,,,,,PTBP3___HMGB1_unrelaxed_rank_005_alphafold2_multimer_v3_model_5_seed_000.pdb
PTBP3___PPP1R10,1,4,A,B,0.3412,388.4,132.5,0.1560,0.8887,0.2419,0.4813,2219.0,68.0,0.2700,64.2,31.0,0.260,98,21,15,9,83.7,57.9,81.3,58.9,552,940,[178-275],[481-501],"[190-191,197,200-201,204,238-239,242-248]","[487,490-495,497,499]",PTBP3___PPP1R10_unrelaxed_rank_001_alphafold2_multimer_v3_model_4_seed_000.pdb
PTBP3___PPP1R10,2,1,A,B,0.2610,230.5,60.2,0.0334,0.8753,0.1886,0.3612,1155.0,46.0,0.2600,64.8,29.9,0.260,97,17,12,6,82.8,44.2,79.3,44.7,552,940,[179-275],[484-500],"[197,200-201,239,241-247,251]","[489,492-494,497,499]",PTBP3___PPP1R10_unrelaxed_rank_002_alphafold2_multimer_v3_model_1_seed_000.pdb
PTBP3___PPP1R10,3,2,A,B,0.1824,175.3,32.0,0.0181,0.7776,0.1430,0.2326,788.0,39.0,0.2500,67.3,31.4,0.270,95,15,13,5,85.9,45.6,81.0,43.3,552,940,"[180-216,218-275]",[485-499],"[197,200-201,204,239,241-247,251]","[492-494,497,499]",PTBP3___PPP1R10_unrelaxed_rank_003_alphafold2_multimer_v3_model_2_seed_000.pdb
PTBP3___PPP1R10,4,5,A,B,0.0626,80.0,5.0,0.0117,0.5943,0.0586,0.0668,256.0,25.0,0.2200,66.7,31.3,0.260,76,6,10,5,86.9,36.6,83.8,37.2,552,940,"[181-187,190-215,218,220-256,261,263,272-274]",[494-499],"[197,200-201,204,239,242-245,250]","[494-497,499]",PTBP3___PPP1R10_unrelaxed_rank_004_alphafold2_multimer_v3_model_5_seed_000.pdb
PTBP3___PPP1R10,5,3,A,B,0.0000,0.0,0.0,0.0000,0.4904,0.0000,0.0000,0.0,0.0,0.2100,64.7,30.4,0.260,0,0,0,0,,,,,552,940,,,,,PTBP3___PPP1R10_unrelaxed_rank_005_alphafold2_multimer_v3_model_3_seed_000.pdb
PTBP3___SAR1A,1,2,A,B,0.0000,0.0,0.0,0.0000,0.1790,0.0000,0.0000,0.0,0.0,0.2100,64.7,69.1,0.340,0,0,0,0,,,,,552,198,,,,,PTBP3___SAR1A_unrelaxed_rank_001_alphafold2_multimer_v3_model_2_seed_000.pdb
PTBP3___SAR1A,2,1,A,B,0.0000,0.0,0.0,0.0000,0.2210,0.0000,0.0000,0.0,0.0,0.2000,62.5,72.8,0.330,0,0,0,0,,,,,552,198,,,,,PTBP3___SAR1A_unrelaxed_rank_002_alphafold2_multimer_v3_model_1_seed_000.pdb
PTBP3___SAR1A,3,3,A,B,0.0000,0.0,0.0,0.0000,0.1507,0.0000,0.0000,0.0,0.0,0.1900,63.1,70.3,0.330,0,0,0,0,,,,,552,198,,,,,PTBP3___SAR1A_unrelaxed_rank_003_alphafold2_multimer_v3_model_3_seed_000.pdb
PTBP3___SAR1A,4,5,A,B,0.0000,0.0,0.0,0.0000,0.1435,0.0000,0.0000,0.0,0.0,0.1800,64.0,65.8,0.330,0,0,0,0,,,,,552,198,,,,,PTBP3___SAR1A_unrelaxed_rank_004_alphafold2_multimer_v3_model_5_seed_000.pdb
PTBP3___SAR1A,5,4,A,B,0.0000,0.0,0.0,0.0000,0.1408,0.0000,0.0000,0.0,0.0,0.1600,60.6,71.0,0.330,0,0,0,0,,,,,552,198,,,,,PTBP3___SAR1A_unrelaxed_rank_005_alphafold2_multimer_v3_model_4_seed_000.pdb
PTBP3___TLE3,1,4,A,B,0.2886,580.8,167.6,0.1465,0.9170,0.2443,0.3409,4889.0,69.0,0.3600,62.1,53.5,0.370,15,319,12,25,43.5,91.9,42.7,87.9,552,772,[1-15],"[447-454,456-515,521-670,672-772]","[1-2,4-6,8-9,11-15]","[488,490,534,536,552,577-578,580,596,619-620,622,638,661,663,679,702,704,720,742-743,745,761-763]",PTBP3___TLE3_unrelaxed_rank_001_alphafold2_multimer_v3_model_4_seed_000.pdb
PTBP3___TLE3,2,2,A,B,0.3303,580.7,191.8,0.1195,0.8898,0.2814,0.3878,5188.0,65.0,0.3500,65.1,55.0,0.380,15,320,11,24,44.2,93.7,44.6,90.6,552,772,[1-15],"[447-454,456-515,521-772]","[1-2,4-6,8-9,11-13,15]","[488,490,534,536,552,577-578,580,596,619-620,622,638,661,663,702,704,720,742-743,745,761-763]",PTBP3___TLE3_unrelaxed_rank_002_alphafold2_multimer_v3_model_2_seed_000.pdb
PTBP3___TLE3,3,5,A,B,0.1631,280.9,45.8,0.0189,0.7463,0.1330,0.2001,2922.0,27.0,0.2600,64.6,55.4,0.360,12,312,6,15,31.8,93.3,34.7,91.9,552,772,[2-13],"[447-453,458-469,471-515,521-562,565-670,672-687,689-772]","[4-5,8-9,11-12]","[488,490,534,552,596,620,638,663,702,704,720,742-743,745,761]",PTBP3___TLE3_unrelaxed_rank_003_alphafold2_multimer_v3_model_5_seed_000.pdb
PTBP3___TLE3,4,3,A,B,0.1264,313.8,39.7,0.0170,0.7286,0.1167,0.1368,2813.0,35.0,0.2600,62.2,55.9,0.380,11,308,7,20,31.5,92.5,32.1,87.8,552,772,[3-13],"[447-452,458-464,466-468,471-515,521-562,565-670,673-687,689-772]","[4-5,8-9,11-13]","[488,490,534,536,552,578,580,596,619-620,622,638,663,702,704,720,742-743,745,761]",PTBP3___TLE3_unrelaxed_rank_004_alphafold2_multimer_v3_model_3_seed_000.pdb
PTBP3___TLE3,5,1,A,B,0.0483,191.4,9.2,0.0123,0.5815,0.0383,0.0609,1309.0,28.0,0.2400,58.5,54.5,0.380,10,277,7,17,33.9,93.9,34.4,91.3,552,772,[2-11],"[448-452,459-461,463,472-495,498-513,522-561,567-573,575-585,587-614,617-627,631-648,652-670,673-687,692-728,731-772]","[2,4-5,7-9,11]","[488,490,534,536,552,580,596,622,638,663,702,704,720,742-743,745,761]",PTBP3___TLE3_unrelaxed_rank_005_alphafold2_multimer_v3_model_1_seed_000.pdb
RAVER1___DDX17,1,3,A,B,0.0000,0.0,0.0,0.0000,0.3798,0.0000,0.0000,0.0,0.0,0.2600,50.7,58.3,0.360,0,0,0,0,,,,,606,729,,,,,RAVER1___DDX17_unrelaxed_rank_001_alphafold2_multimer_v3_model_3_seed_000.pdb
RAVER1___DDX17,2,5,A,B,0.0000,0.0,0.0,0.0000,0.3270,0.0000,0.0000,0.0,0.0,0.2000,50.8,58.3,0.340,0,0,0,0,,,,,606,729,,,,,RAVER1___DDX17_unrelaxed_rank_002_alphafold2_multimer_v3_model_5_seed_000.pdb
RAVER1___DDX17,3,1,A,B,0.0000,0.0,0.0,0.0000,0.1978,0.0000,0.0000,0.0,0.0,0.2000,50.9,56.6,0.340,0,0,0,0,,,,,606,729,,,,,RAVER1___DDX17_unrelaxed_rank_003_alphafold2_multimer_v3_model_1_seed_000.pdb
RAVER1___DDX17,4,4,A,B,0.0000,0.0,0.0,0.0000,0.1923,0.0000,0.0000,0.0,0.0,0.1900,50.1,57.0,0.350,0,0,0,0,,,,,606,729,,,,,RAVER1___DDX17_unrelaxed_rank_004_alphafold2_multimer_v3_model_4_seed_000.pdb
RAVER1___DDX17,5,2,A,B,0.0000,0.0,0.0,0.0000,0.1890,0.0000,0.0000,0.0,0.0,0.1800,50.9,58.7,0.340,0,0,0,0,,,,,606,729,,,,,RAVER1___DDX17_unrelaxed_rank_005_alphafold2_multimer_v3_model_2_seed_000.pdb
RAVER1___ZBTB33,1,1,A,B,0.0000,0.0,0.0,0.0000,0.2580,0.0000,0.0000,0.0,0.0,0.1900,50.7,33.7,0.350,0,0,0,0,,,,,606,672,,,,,RAVER1___ZBTB33_unrelaxed_rank_001_alphafold2_multimer_v3_model_1_seed_000.pdb
RAVER1___ZBTB33,2,5,A,B,0.0000,0.0,0.0,0.0000,0.2521,0.0000,0.0000,0.0,0.0,0.1900,51.2,35.8,0.350,0,0,0,0,,,,,606,672,,,,,RAVER1___ZBTB33_unrelaxed_rank_002_alphafold2_multimer_v3_model_5_seed_000.pdb
RAVER1___ZBTB33,3,4,A,B,0.0000,0.0,0.0,0.0000,0.4167,0.0000,0.0000,0.0,0.0,0.1800,51.0,35.8,0.350,0,0,0,0,,,,,606,672,,,,,RAVER1___ZBTB33_unrelaxed_rank_003_alphafold2_multimer_v3_model_4_seed_000.pdb
RAVER1___ZBTB33,4,2,A,B,0.0000,0.0,0.0,0.0000,0.2259,0.0000,0.0000,0.0,0.0,0.1700,51.7,37.2,0.340,0,0,0,0,,,,,606,672,,,,,RAVER1___ZBTB33_unrelaxed_rank_004_alphafold2_multimer_v3_model_2_seed_000.pdb
RAVER1___ZBTB33,5,3,A,B,0.0000,0.0,0.0,0.0000,0.2834,0.0000,0.0000,0.0,0.0,0.1700,51.1,35.4,0.340,0,0,0,0,,,,,606,672,,,,,RAVER1___ZBTB33_unrelaxed_rank_005_alphafold2_multimer_v3_model_3_seed_000.pdb
RBM4___RB1,1,3,A,B,0.0000,0.0,0.0,0.0000,0.1977,0.0000,0.0000,0.0,0.0,0.1900,36.9,68.2,0.570,0,0,0,0,,,,,364,928,,,,,RBM4___RB1_unrelaxed_rank_001_alphafold2_multimer_v3_model_3_seed_000.pdb
RBM4___RB1,2,1,A,B,0.0000,0.0,0.0,0.0000,0.3123,0.0000,0.0000,0.0,0.0,0.1800,38.8,67.8,0.550,0,0,0,0,,,,,364,928,,,,,RBM4___RB1_unrelaxed_rank_002_alphafold2_multimer_v3_model_1_seed_000.pdb
RBM4___RB1,3,4,A,B,0.0000,0.0,0.0,0.0000,0.2030,0.0000,0.0000,0.0,0.0,0.1800,34.3,68.0,0.570,0,0,0,0,,,,,364,928,,,,,RBM4___RB1_unrelaxed_rank_003_alphafold2_multimer_v3_model_4_seed_000.pdb
RBM4___RB1,4,2,A,B,0.0000,0.0,0.0,0.0000,0.1782,0.0000,0.0000,0.0,0.0,0.1800,38.8,68.7,0.560,0,0,0,0,,,,,364,928,,,,,RBM4___RB1_unrelaxed_rank_004_alphafold2_multimer_v3_model_2_seed_000.pdb
RBM4___RB1,5,5,A,B,0.0000,0.0,0.0,0.0000,0.1755,0.0000,0.0000,0.0,0.0,0.1700,38.6,68.6,0.570,0,0,0,0,,,,,364,928,,,,,RBM4___RB1_unrelaxed_rank_005_alphafold2_multimer_v3_model_5_seed_000.pdb
RBM4___STIP1,1,5,A,B,0.1814,1147.8,208.2,0.1742,0.6650,0.1417,0.2322,14165.0,93.0,0.3700,37.5,80.7,0.420,78,212,16,26,55.5,86.1,53.0,70.9,364,543,[75-152],"[218-391,394,396-397,399-413,415-420,423,431,433-434,436-440,444,447,450-451,454]","[76,78-79,81,106,108,110-111,113,115,145-150]","[259,283,286-287,289-290,293-303,320-321,324-330]",RBM4___STIP1_unrelaxed_rank_001_alphafold2_multimer_v3_model_5_seed_000.pdb
RBM4___STIP1,2,3,A,B,0.0000,0.0,0.0,0.0000,0.2993,0.0000,0.0000,0.0,0.0,0.2500,37.8,81.2,0.380,0,0,0,0,,,,,364,543,,,,,RBM4___STIP1_unrelaxed_rank_002_alphafold2_multimer_v3_model_3_seed_000.pdb
RBM4___STIP1,3,1,A,B,0.0000,0.0,0.0,0.0000,0.1356,0.0000,0.0000,0.0,0.0,0.1500,43.0,82.1,0.350,0,0,0,0,,,,,364,543,,,,,RBM4___STIP1_unrelaxed_rank_003_alphafold2_multimer_v3_model_1_seed_000.pdb
RBM4___STIP1,4,4,A,B,0.0000,0.0,0.0,0.0000,0.1396,0.0000,0.0000,0.0,0.0,0.1400,41.0,81.5,0.360,0,0,0,0,,,,,364,543,,,,,RBM4___STIP1_unrelaxed_rank_004_alphafold2_multimer_v3_model_4_seed_000.pdb
RBM4___STIP1,5,2,A,B,0.0000,0.0,0.0,0.0000,0.1391,0.0000,0.0000,0.0,0.0,0.1300,42.0,83.3,0.350,0,0,0,0,,,,,364,543,,,,,RBM4___STIP1_unrelaxed_rank_005_alphafold2_multimer_v3_model_2_seed_000.pdb
RPS12___RBM33,1,4,A,B,0.0000,0.0,0.0,0.0000,0.3197,0.0000,0.0000,0.0,0.0,0.3600,79.8,23.4,0.220,0,0,0,0,,,,,132,1170,,,,,RPS12___RBM33_unrelaxed_rank_001_alphafold2_multimer_v3_model_4_seed_000.pdb
RPS12___RBM33,2,3,A,B,0.0000,0.0,0.0,0.0000,0.3676,0.0000,0.0000,0.0,0.0,0.3100,74.5,25.0,0.230,0,0,0,0,,,,,132,1170,,,,,RPS12___RBM33_unrelaxed_rank_002_alphafold2_multimer_v3_model_3_seed_000.pdb
RPS12___RBM33,3,1,A,B,0.0000,0.0,0.0,0.0000,0.3152,0.0000,0.0000,0.0,0.0,0.2800,79.6,23.9,0.230,0,0,0,0,,,,,132,1170,,,,,RPS12___RBM33_unrelaxed_rank_003_alphafold2_multimer_v3_model_1_seed_000.pdb
RPS12___RBM33,4,5,A,B,0.0000,0.0,0.0,0.0000,0.2116,0.0000,0.0000,0.0,0.0,0.2300,83.7,25.7,0.220,0,0,0,0,,,,,132,1170,,,,,RPS12___RBM33_unrelaxed_rank_004_alphafold2_multimer_v3_model_5_seed_000.pdb
RPS12___RBM33,5,2,A,B,0.0000,0.0,0.0,0.0000,0.1502,0.0000,0.0000,0.0,0.0,0.2000,82.5,23.8,0.220,0,0,0,0,,,,,132,1170,,,,,RPS12___RBM33_unrelaxed_rank_005_alphafold2_multimer_v3_model_2_seed_000.pdb
RPS12___ZNF503,1,1,A,B,0.0000,0.0,0.0,0.0000,0.2873,0.0000,0.0000,0.0,0.0,0.3700,87.2,24.9,0.260,0,0,0,0,,,,,132,646,,,,,RPS12___ZNF503_unrelaxed_rank_001_alphafold2_multimer_v3_model_1_seed_000.pdb
RPS12___ZNF503,2,3,A,B,0.0000,0.0,0.0,0.0000,0.2898,0.0000,0.0000,0.0,0.0,0.3100,85.5,24.8,0.250,0,0,0,0,,,,,132,646,,,,,RPS12___ZNF503_unrelaxed_rank_002_alphafold2_multimer_v3_model_3_seed_000.pdb
RPS12___ZNF503,3,2,A,B,0.0000,0.0,0.0,0.0000,0.1613,0.0000,0.0000,0.0,0.0,0.1700,88.0,22.3,0.250,0,0,0,0,,,,,132,646,,,,,RPS12___ZNF503_unrelaxed_rank_003_alphafold2_multimer_v3_model_2_seed_000.pdb
RPS12___ZNF503,4,5,A,B,0.0000,0.0,0.0,0.0000,0.2119,0.0000,0.0000,0.0,0.0,0.1700,87.3,24.4,0.240,0,0,0,0,,,,,132,646,,,,,RPS12___ZNF503_unrelaxed_rank_004_alphafold2_multimer_v3_model_5_seed_000.pdb
RPS12___ZNF503,5,4,A,B,0.0000,0.0,0.0,0.0000,0.1333,0.0000,0.0000,0.0,0.0,0.1500,87.2,24.1,0.240,0,0,0,0,,,,,132,646,,,,,RPS12___ZNF503_unrelaxed_rank_005_alphafold2_multimer_v3_model_4_seed_000.pdb
SAR1A___CDC37,1,3,A,B,0.0065,3.0,0.0,0.0000,0.3234,0.0077,0.0054,9.0,1.0,0.1700,62.5,63.1,0.370,1,9,1,1,31.8,89.7,31.8,87.5,198,378,[4],"[158,170,174,176,180,187,209,260,263]",[4],[187],SAR1A___CDC37_unrelaxed_rank_001_alphafold2_multimer_v3_model_3_seed_000.pdb
SAR1A___CDC37,2,2,A,B,0.0021,1.0,0.0,0.0000,0.3111,0.0021,0.0021,1.0,1.0,0.1700,66.8,64.8,0.380,1,1,1,1,38.8,79.4,38.8,79.4,198,378,[5],[188],[5],[188],SAR1A___CDC37_unrelaxed_rank_002_alphafold2_multimer_v3_model_2_seed_000.pdb
SAR1A___CDC37,3,1,A,B,0.0000,0.0,0.0,0.0000,0.2751,0.0000,0.0000,0.0,0.0,0.1700,65.1,62.5,0.350,0,0,0,0,,,,,198,378,,,,,SAR1A___CDC37_unrelaxed_rank_003_alphafold2_multimer_v3_model_1_seed_000.pdb
SAR1A___CDC37,4,4,A,B,0.0000,0.0,0.0,0.0000,0.1778,0.0000,0.0000,0.0,0.0,0.1400,72.2,63.1,0.370,0,0,0,0,,,,,198,378,,,,,SAR1A___CDC37_unrelaxed_rank_004_alphafold2_multimer_v3_model_4_seed_000.pdb
SAR1A___CDC37,5,5,A,B,0.0286,24.2,0.7,0.0000,0.3502,0.0205,0.0398,73.0,8.0,0.1400,60.0,61.8,0.350,6,41,3,7,31.8,81.1,31.8,79.4,198,378,[3-8],"[158-159,170,174,183-200,205-206,208-213,222,226,250,254,260,262-263,266-267,269-270]","[4-5,7]","[184,187-188,191-192,195,266]",SAR1A___CDC37_unrelaxed_rank_005_alphafold2_multimer_v3_model_5_seed_000.pdb
SAR1A___DDX17,1,2,A,B,0.0000,0.0,0.0,0.0000,0.2223,0.0000,0.0000,0.0,0.0,0.2700,69.1,59.8,0.410,0,0,0,0,,,,,198,729,,,,,SAR1A___DDX17_unrelaxed_rank_001_alphafold2_multimer_v3_model_2_seed_000.pdb
SAR1A___DDX17,2,4,A,B,0.0000,0.0,0.0,0.0000,0.2100,0.0000,0.0000,0.0,0.0,0.2600,67.7,58.5,0.400,0,0,0,0,,,,,198,729,,,,,SAR1A___DDX17_unrelaxed_rank_002_alphafold2_multimer_v3_model_4_seed_000.pdb
SAR1A___DDX17,3,5,A,B,0.0000,0.0,0.0,0.0000,0.1817,0.0000,0.0000,0.0,0.0,0.2200,65.0,59.1,0.400,0,0,0,0,,,,,198,729,,,,,SAR1A___DDX17_unrelaxed_rank_003_alphafold2_multimer_v3_model_5_seed_000.pdb
SAR1A___DDX17,4,3,A,B,0.0000,0.0,0.0,0.0000,0.1956,0.0000,0.0000,0.0,0.0,0.2100,63.0,59.2,0.410,0,0,0,0,,,,,198,729,,,,,SAR1A___DDX17_unrelaxed_rank_004_alphafold2_multimer_v3_model_3_seed_000.pdb
SAR1A___DDX17,5,1,A,B,0.0000,0.0,0.0,0.0000,0.1648,0.0000,0.0000,0.0,0.0,0.2000,62.9,59.0,0.410,0,0,0,0,,,,,198,729,,,,,SAR1A___DDX17_unrelaxed_rank_005_alphafold2_multimer_v3_model_1_seed_000.pdb
SAR1A___PSPC1,1,4,A,B,0.0000,0.0,0.0,0.0000,0.1373,0.0000,0.0000,0.0,0.0,0.1600,72.2,57.7,0.390,0,0,0,0,,,,,198,523,,,,,SAR1A___PSPC1_unrelaxed_rank_001_alphafold2_multimer_v3_model_4_seed_000.pdb
SAR1A___PSPC1,2,3,A,B,0.0000,0.0,0.0,0.0000,0.1013,0.0000,0.0000,0.0,0.0,0.1300,63.4,58.1,0.390,0,0,0,0,,,,,198,523,,,,,SAR1A___PSPC1_unrelaxed_rank_002_alphafold2_multimer_v3_model_3_seed_000.pdb
SAR1A___PSPC1,3,5,A,B,0.0000,0.0,0.0,0.0000,0.1017,0.0000,0.0000,0.0,0.0,0.1300,64.7,58.3,0.390,0,0,0,0,,,,,198,523,,,,,SAR1A___PSPC1_unrelaxed_rank_003_alphafold2_multimer_v3_model_5_seed_000.pdb
SAR1A___PSPC1,4,2,A,B,0.0000,0.0,0.0,0.0000,0.1256,0.0000,0.0000,0.0,0.0,0.1200,70.5,57.5,0.370,0,0,0,0,,,,,198,523,,,,,SAR1A___PSPC1_unrelaxed_rank_004_alphafold2_multimer_v3_model_2_seed_000.pdb
SAR1A___PSPC1,5,1,A,B,0.0000,0.0,0.0,0.0000,0.0918,0.0000,0.0000,0.0,0.0,0.1100,67.3,59.2,0.380,0,0,0,0,,,,,198,523,,,,,SAR1A___PSPC1_unrelaxed_rank_005_alphafold2_multimer_v3_model_1_seed_000.pdb
SAR1A___ZBTB33,1,4,A,B,0.0000,0.0,0.0,0.0000,0.1978,0.0000,0.0000,0.0,0.0,0.2600,61.6,35.3,0.300,0,0,0,0,,,,,198,672,,,,,SAR1A___ZBTB33_unrelaxed_rank_001_alphafold2_multimer_v3_model_4_seed_000.pdb
SAR1A___ZBTB33,2,2,A,B,0.0000,0.0,0.0,0.0000,0.2145,0.0000,0.0000,0.0,0.0,0.2500,67.7,35.5,0.300,0,0,0,0,,,,,198,672,,,,,SAR1A___ZBTB33_unrelaxed_rank_002_alphafold2_multimer_v3_model_2_seed_000.pdb
SAR1A___ZBTB33,3,1,A,B,0.0000,0.0,0.0,0.0000,0.1828,0.0000,0.0000,0.0,0.0,0.2500,61.3,36.3,0.300,0,0,0,0,,,,,198,672,,,,,SAR1A___ZBTB33_unrelaxed_rank_003_alphafold2_multimer_v3_model_1_seed_000.pdb
SAR1A___ZBTB33,4,3,A,B,0.0000,0.0,0.0,0.0000,0.2022,0.0000,0.0000,0.0,0.0,0.2200,58.4,36.6,0.280,0,0,0,0,,,,,198,672,,,,,SAR1A___ZBTB33_unrelaxed_rank_004_alphafold2_multimer_v3_model_3_seed_000.pdb
SAR1A___ZBTB33,5,5,A,B,0.0000,0.0,0.0,0.0000,0.1678,0.0000,0.0000,0.0,0.0,0.2000,67.9,37.2,0.300,0,0,0,0,,,,,198,672,,,,,SAR1A___ZBTB33_unrelaxed_rank_005_alphafold2_multimer_v3_model_5_seed_000.pdb
SET___DHX15,1,1,A,B,0.0000,0.0,0.0,0.0000,0.1699,0.0000,0.0000,0.0,0.0,0.1900,55.4,78.6,0.580,0,0,0,0,,,,,290,795,,,,,SET___DHX15_unrelaxed_rank_001_alphafold2_multimer_v3_model_1_seed_000.pdb
SET___DHX15,2,4,A,B,0.0000,0.0,0.0,0.0000,0.1645,0.0000,0.0000,0.0,0.0,0.1500,54.2,78.7,0.590,0,0,0,0,,,,,290,795,,,,,SET___DHX15_unrelaxed_rank_002_alphafold2_multimer_v3_model_4_seed_000.pdb
SET___DHX15,3,5,A,B,0.0000,0.0,0.0,0.0000,0.1415,0.0000,0.0000,0.0,0.0,0.1500,54.4,79.7,0.600,0,0,0,0,,,,,290,795,,,,,SET___DHX15_unrelaxed_rank_003_alphafold2_multimer_v3_model_5_seed_000.pdb
SET___DHX15,4,3,A,B,0.0000,0.0,0.0,0.0000,0.1508,0.0000,0.0000,0.0,0.0,0.1500,55.6,79.9,0.600,0,0,0,0,,,,,290,795,,,,,SET___DHX15_unrelaxed_rank_004_alphafold2_multimer_v3_model_3_seed_000.pdb
SET___DHX15,5,2,A,B,0.0000,0.0,0.0,0.0000,0.1590,0.0000,0.0000,0.0,0.0,0.1600,55.6,78.9,0.580,0,0,0,0,,,,,290,795,,,,,SET___DHX15_unrelaxed_rank_005_alphafold2_multimer_v3_model_2_seed_000.pdb
SF3B2___EPB41,1,3,A,B,0.2774,656.6,182.1,0.1917,0.9245,0.2208,0.3484,4355.0,99.0,0.3700,35.8,47.6,0.340,28,323,18,27,46.2,85.4,51.6,72.7,895,864,"[366-375,700-717]","[210-257,260-276,279-340,349-357,359-374,377-499,503-525,528-529,531,533,818,832-837,839,848-860]","[367-374,701,704,706-712,714]","[438-443,452,477,480-481,484-485,493,504-508,834,851-858]",SF3B2___EPB41_unrelaxed_rank_001_alphafold2_multimer_v3_model_3_seed_000.pdb
SF3B2___EPB41,2,5,A,B,0.2327,582.0,135.4,0.0932,0.8906,0.1794,0.3018,5212.0,65.0,0.3500,36.0,47.6,0.340,24,292,14,20,47.9,89.2,53.1,82.6,895,864,[700-723],"[211-257,260-276,279-340,349-356,359-374,377-455,459-498,503-524,531]","[701,704,706-713,715,718-719,722]","[438-444,452,470,474,477,480-481,484-485,493,504-506,508]",SF3B2___EPB41_unrelaxed_rank_002_alphafold2_multimer_v3_model_5_seed_000.pdb
SF3B2___EPB41,3,2,A,B,0.2686,444.2,119.3,0.1025,0.9230,0.2126,0.3394,3462.0,57.0,0.3400,35.0,48.9,0.340,14,300,9,16,47.8,90.1,52.5,83.3,895,864,[701-714],"[210-276,279-341,349-374,377-455,459-497,503-526,528,531]","[704,706-712,714]","[438-443,448,477,480-481,484-485,493,504-505,508]",SF3B2___EPB41_unrelaxed_rank_003_alphafold2_multimer_v3_model_2_seed_000.pdb
SF3B2___EPB41,4,4,A,B,0.0478,64.0,3.1,0.0126,0.5976,0.0557,0.0410,409.0,10.0,0.2600,31.6,46.2,0.330,6,181,3,8,45.3,89.5,47.2,87.3,895,864,[705-710],"[213-217,221-223,231,234-243,247-255,264,266,270-271,274,282-286,288-294,296,300-315,317-329,331-333,363-364,366-368,379-393,395-396,398,400-402,404,407,409-417,420-424,427-452,463,465-491,513,515-516,518-521]",[708-710],"[439-441,477,480-481,484-485]",SF3B2___EPB41_unrelaxed_rank_004_alphafold2_multimer_v3_model_4_seed_000.pdb
SF3B2___EPB41,5,1,A,B,0.0000,0.0,0.0,0.0000,0.3548,0.0000,0.0000,0.0,0.0,0.2300,33.1,48.0,0.330,0,0,0,0,,,,,895,864,,,,,SF3B2___EPB41_unrelaxed_rank_005_alphafold2_multimer_v3_model_1_seed_000.pdb
SF3B2___KHSRP,1,3,A,B,0.0000,0.0,0.0,0.0000,0.2837,0.0000,0.0000,0.0,0.0,0.1800,40.2,39.4,0.220,0,0,0,0,,,,,895,711,,,,,SF3B2___KHSRP_unrelaxed_rank_001_alphafold2_multimer_v3_model_3_seed_000.pdb
SF3B2___KHSRP,2,1,A,B,0.0000,0.0,0.0,0.0000,0.2307,0.0000,0.0000,0.0,0.0,0.1700,38.2,40.7,0.210,0,0,0,0,,,,,895,711,,,,,SF3B2___KHSRP_unrelaxed_rank_002_alphafold2_multimer_v3_model_1_seed_000.pdb
SF3B2___KHSRP,3,2,A,B,0.0000,0.0,0.0,0.0000,0.1624,0.0000,0.0000,0.0,0.0,0.1700,38.5,43.6,0.210,0,0,0,0,,,,,895,711,,,,,SF3B2___KHSRP_unrelaxed_rank_003_alphafold2_multimer_v3_model_2_seed_000.pdb
SF3B2___KHSRP,4,5,A,B,0.0000,0.0,0.0,0.0000,0.2193,0.0000,0.0000,0.0,0.0,0.1600,40.5,40.7,0.210,0,0,0,0,,,,,895,711,,,,,SF3B2___KHSRP_unrelaxed_rank_004_alphafold2_multimer_v3_model_5_seed_000.pdb
SF3B2___KHSRP,5,4,A,B,0.0000,0.0,0.0,0.0000,0.2177,0.0000,0.0000,0.0,0.0,0.1600,35.3,39.0,0.200,0,0,0,0,,,,,895,711,,,,,SF3B2___KHSRP_unrelaxed_rank_005_alphafold2_multimer_v3_model_4_seed_000.pdb
SF3B2___RB1,1,2,A,B,0.0000,0.0,0.0,0.0000,0.4284,0.0000,0.0000,0.0,0.0,0.2200,31.6,68.2,0.470,0,0,0,0,,,,,895,928,,,,,SF3B2___RB1_unrelaxed_rank_001_alphafold2_multimer_v3_model_2_seed_000.pdb
SF3B2___RB1,2,1,A,B,0.0000,0.0,0.0,0.0000,0.2087,0.0000,0.0000,0.0,0.0,0.1900,30.2,68.0,0.460,0,0,0,0,,,,,895,928,,,,,SF3B2___RB1_unrelaxed_rank_002_alphafold2_multimer_v3_model_1_seed_000.pdb
SF3B2___RB1,3,3,A,B,0.0000,0.0,0.0,0.0000,0.2165,0.0000,0.0000,0.0,0.0,0.1800,30.5,67.5,0.470,0,0,0,0,,,,,895,928,,,,,SF3B2___RB1_unrelaxed_rank_003_alphafold2_multimer_v3_model_3_seed_000.pdb
SF3B2___RB1,4,5,A,B,0.0000,0.0,0.0,0.0000,0.1925,0.0000,0.0000,0.0,0.0,0.1800,28.5,67.9,0.460,0,0,0,0,,,,,895,928,,,,,SF3B2___RB1_unrelaxed_rank_004_alphafold2_multimer_v3_model_5_seed_000.pdb
SF3B2___RB1,5,4,A,B,0.0000,0.0,0.0,0.0000,0.1928,0.0000,0.0000,0.0,0.0,0.1800,29.2,67.5,0.460,0,0,0,0,,,,,895,928,,,,,SF3B2___RB1_unrelaxed_rank_005_alphafold2_multimer_v3_model_4_seed_000.pdb
SFPQ___PSPC1,1,1,A,B,0.6097,8623.4,5257.5,0.7353,0.9895,0.4767,0.7798,127551.0,583.0,0.5500,50.2,61.8,0.500,289,288,105,105,91.1,90.8,89.9,89.6,707,523,[276-564],"[61-347,349]","[278-282,284-288,319-321,343,346-347,350-351,353-354,368,376-377,379,381-386,389-390,393,401-406,408,410-411,414-415,430,434-444,446,451-461,464,469-470,472-476,478-481,486-488,490-495,497-498,500-501,504-505,508,511-512,515-516,519,523,526-527,530]","[63-67,69-73,104-106,128-129,131-132,135-136,138,153,161-162,164,166-171,174-175,178,186-191,193,195-196,199-200,215,219-229,231,236-246,249,254-255,257-261,263-266,271-273,275-280,282-283,285-286,289-290,293,296-297,300-301,304,308,311-312,315]",SFPQ___PSPC1_unrelaxed_rank_001_alphafold2_multimer_v3_model_1_seed_000.pdb
SFPQ___PSPC1,2,5,A,B,0.6349,8406.5,5337.4,0.7539,0.9912,0.5028,0.8017,127331.0,555.0,0.5500,49.5,60.8,0.500,277,276,104,104,90.4,90.0,89.3,88.8,707,523,[277-553],[62-337],"[278-281,284-288,319-321,343,346-347,350-351,353-354,368,376-377,379,381-386,389-390,393,401-406,408,410-411,414-415,430,434-444,446,452-461,463-464,469-470,472-476,478-481,486-488,490-495,497-498,500-501,504-505,508,511-512,515-516,519,523,526-527,530]","[63-67,69-73,104-106,128,131-132,135-136,138,153,161-162,164,166-171,174-175,178,186-191,193,195-196,199-200,215,219-229,231,237-246,248-249,254-255,257-261,263-266,271-273,275-280,282-283,285-286,289-290,293,296-297,300-301,304,308,311-312,315]",SFPQ___PSPC1_unrelaxed_rank_002_alphafold2_multimer_v3_model_5_seed_000.pdb
SFPQ___PSPC1,3,3,A,B,0.5830,8344.0,4864.8,0.6959,0.9886,0.4424,0.7683,120664.0,577.0,0.5500,49.9,60.7,0.490,280,278,105,103,89.5,88.9,88.2,88.2,707,523,"[277-555,557]",[61-338],"[278-282,284-288,319-321,343,346-347,350-351,353-354,368,376-377,379,381-386,389-390,393,401-406,408,410-411,414-415,430,434-444,446,452-461,463-464,469-470,472-476,478-481,486-488,490-495,497-498,500-501,504-505,508,511-512,515-516,519,523,526-527,530]","[63-67,69-73,104-106,128,131-132,135-136,138,153,161-162,164,166-171,174-175,178,186-191,193,195-196,199-200,215,219-229,231,237-246,249,254-255,257-261,263-266,271-273,275-280,282-283,285-286,289-290,293,296-297,300-301,304,308,311-312,315]",SFPQ___PSPC1_unrelaxed_rank_003_alphafold2_multimer_v3_model_3_seed_000.pdb
SFPQ___PSPC1,4,4,A,B,0.6268,8335.4,5224.5,0.7542,0.9904,0.4956,0.7927,122322.0,568.0,0.5400,49.2,61.0,0.490,271,274,104,105,89.7,89.4,88.2,88.4,707,523,"[277-546,549]",[62-335],"[278-282,284-288,319-321,343,346-347,350-351,353-354,368,377,379,381-386,389-390,393,401-406,408,410-411,414-415,430,434-444,446,452-461,463-464,469-470,472-476,478-481,486-488,490-495,497-498,500-501,504-505,508,511-512,515-516,519,523,526-527,530]","[63-67,70-73,104-106,128,131-132,134-136,138-139,153,161-162,164,166-171,174-175,178,186-191,193,195-196,199-200,215,219-229,231,237-246,248-249,254-255,257-261,263-266,271-273,275-280,282-283,285-286,289-290,293,296-297,300-301,304,308,311-312,315]",SFPQ___PSPC1_unrelaxed_rank_004_alphafold2_multimer_v3_model_4_seed_000.pdb
SFPQ___PSPC1,5,2,A,B,0.5808,8387.4,4871.7,0.6944,0.9878,0.4413,0.7645,121290.0,580.0,0.5300,49.0,60.1,0.480,285,281,106,107,89.5,89.0,88.1,87.7,707,523,"[277-558,560-561,564]",[62-342],"[278-280,282,284-288,290,319-321,343,346-347,349-351,353-354,368,376-377,379,381-386,389-390,393,401-406,408,410-411,414-415,430,434-444,446,451-461,464,469-470,472-476,478-481,486-488,490-495,497-498,500-501,504-505,508,511-512,515-516,519,523,526-527,530]","[63-65,67,69-73,75,104-106,128-129,131-132,134-136,138-139,153,161-162,164,166-171,174-175,178,186-191,193,195-196,199-200,215,219-229,231,236-246,249,254-255,257-261,263-266,271-273,275-280,282-283,285-286,289-290,293,296-297,300-301,304,308,311-312,315]",SFPQ___PSPC1_unrelaxed_rank_005_alphafold2_multimer_v3_model_2_seed_000.pdb
SFPQ___SUGP2,1,2,A,B,0.0000,0.0,0.0,0.0000,0.4214,0.0000,0.0000,0.0,0.0,0.2100,46.6,39.8,0.290,0,0,0,0,,,,,707,1082,,,,,SFPQ___SUGP2_unrelaxed_rank_001_alphafold2_multimer_v3_model_2_seed_000.pdb
SFPQ___SUGP2,2,4,A,B,0.0000,0.0,0.0,0.0000,0.2502,0.0000,0.0000,0.0,0.0,0.1900,43.1,37.5,0.270,0,0,0,0,,,,,707,1082,,,,,SFPQ___SUGP2_unrelaxed_rank_002_alphafold2_multimer_v3_model_4_seed_000.pdb
SFPQ___SUGP2,3,1,A,B,0.0000,0.0,0.0,0.0000,0.1918,0.0000,0.0000,0.0,0.0,0.1800,46.9,38.9,0.280,0,0,0,0,,,,,707,1082,,,,,SFPQ___SUGP2_unrelaxed_rank_003_alphafold2_multimer_v3_model_1_seed_000.pdb
SFPQ___SUGP2,4,3,A,B,0.0000,0.0,0.0,0.0000,0.1954,0.0000,0.0000,0.0,0.0,0.1700,45.9,34.8,0.280,0,0,0,0,,,,,707,1082,,,,,SFPQ___SUGP2_unrelaxed_rank_004_alphafold2_multimer_v3_model_3_seed_000.pdb
SFPQ___SUGP2,5,5,A,B,0.0000,0.0,0.0,0.0000,0.1789,0.0000,0.0000,0.0,0.0,0.1700,45.9,37.2,0.280,0,0,0,0,,,,,707,1082,,,,,SFPQ___SUGP2_unrelaxed_rank_005_alphafold2_multimer_v3_model_5_seed_000.pdb
SLC3A2___PSPC1,1,4,A,B,0.0000,0.0,0.0,0.0000,0.1400,0.0000,0.0000,0.0,0.0,0.1500,67.6,53.6,0.440,0,0,0,0,,,,,630,523,,,,,SLC3A2___PSPC1_unrelaxed_rank_001_alphafold2_multimer_v3_model_4_seed_000.pdb
SLC3A2___PSPC1,2,1,A,B,0.0000,0.0,0.0,0.0000,0.1719,0.0000,0.0000,0.0,0.0,0.1500,68.7,57.1,0.440,0,0,0,0,,,,,630,523,,,,,SLC3A2___PSPC1_unrelaxed_rank_002_alphafold2_multimer_v3_model_1_seed_000.pdb
SLC3A2___PSPC1,3,5,A,B,0.0000,0.0,0.0,0.0000,0.1214,0.0000,0.0000,0.0,0.0,0.1400,67.9,55.8,0.440,0,0,0,0,,,,,630,523,,,,,SLC3A2___PSPC1_unrelaxed_rank_003_alphafold2_multimer_v3_model_5_seed_000.pdb
SLC3A2___PSPC1,4,2,A,B,0.0000,0.0,0.0,0.0000,0.1561,0.0000,0.0000,0.0,0.0,0.1400,68.7,55.7,0.440,0,0,0,0,,,,,630,523,,,,,SLC3A2___PSPC1_unrelaxed_rank_004_alphafold2_multimer_v3_model_2_seed_000.pdb
SLC3A2___PSPC1,5,3,A,B,0.0000,0.0,0.0,0.0000,0.1314,0.0000,0.0000,0.0,0.0,0.1300,67.9,56.8,0.440,0,0,0,0,,,,,630,523,,,,,SLC3A2___PSPC1_unrelaxed_rank_005_alphafold2_multimer_v3_model_3_seed_000.pdb
SMAP___PDK1,1,5,A,B,0.0849,452.5,38.4,0.0131,0.4630,0.0834,0.0864,4096.0,50.0,0.2800,25.0,81.1,0.660,23,306,14,29,38.5,93.6,38.8,90.2,183,436,"[27,74-88,99,101-106]","[45-64,72-127,129-166,172-202,215-259,262-293,297-334,357-402]","[27,76-77,79-81,83-86,101-104]","[91,150-151,153-154,231,235,239,271,274-275,278-280,283-284,286-287,318,322-323,327,331,358-359,375,377,383,385]",SMAP___PDK1_unrelaxed_rank_001_alphafold2_multimer_v3_model_5_seed_000.pdb
SMAP___PDK1,2,4,A,B,0.1078,265.7,28.7,0.0163,0.5371,0.0951,0.1223,3923.0,18.0,0.2200,24.4,82.8,0.660,18,324,9,10,40.5,94.0,40.1,91.0,183,436,"[41-42,73-88]","[44-64,72-167,170-203,215-294,297-336,356-404,407-408,410-411]","[77-78,80-81,83-85,87-88]","[150-151,153-154,235,239,271,274-275,278]",SMAP___PDK1_unrelaxed_rank_002_alphafold2_multimer_v3_model_4_seed_000.pdb
SMAP___PDK1,3,1,A,B,0.0551,187.6,10.3,0.0121,0.3880,0.0421,0.0720,2513.0,14.0,0.2200,22.3,80.9,0.650,16,301,8,9,33.3,93.1,33.5,84.7,183,436,"[62,67,73-86]","[45-64,72-127,131-166,173-202,216-257,262-292,298-336,356-402]","[73,75-77,79-80,83-84]","[150-151,153-154,239,271,274-275,278]",SMAP___PDK1_unrelaxed_rank_003_alphafold2_multimer_v3_model_1_seed_000.pdb
SMAP___PDK1,4,2,A,B,0.0795,180.1,14.3,0.0133,0.4955,0.0678,0.0931,2316.0,14.0,0.2100,21.8,79.9,0.650,12,302,5,8,34.9,92.3,34.1,83.2,183,436,[76-87],"[45-64,72-127,129,131-166,175-202,216-258,262-294,298-335,356-402]","[77,80-81,84,87]","[150-151,153-154,271,275,358,361]",SMAP___PDK1_unrelaxed_rank_004_alphafold2_multimer_v3_model_2_seed_000.pdb
SMAP___PDK1,5,3,A,B,0.0709,128.7,9.1,0.0132,0.4332,0.0661,0.0761,2368.0,7.0,0.1900,22.5,80.5,0.640,12,305,4,6,35.2,92.5,35.8,85.9,183,436,[76-87],"[45-64,72-127,129-166,173-202,216-258,262-294,298-336,357-402]","[78,81,83-84]","[150,239,271,274-275,278]",SMAP___PDK1_unrelaxed_rank_005_alphafold2_multimer_v3_model_3_seed_000.pdb
SMAP___SLC3A2,1,4,A,B,0.0000,0.0,0.0,0.0000,0.1238,0.0000,0.0000,0.0,0.0,0.1500,24.1,70.9,0.550,0,0,0,0,,,,,183,630,,,,,SMAP___SLC3A2_unrelaxed_rank_001_alphafold2_multimer_v3_model_4_seed_000.pdb
SMAP___SLC3A2,2,5,A,B,0.0000,0.0,0.0,0.0000,0.0935,0.0000,0.0000,0.0,0.0,0.1500,22.6,70.8,0.560,0,0,0,0,,,,,183,630,,,,,SMAP___SLC3A2_unrelaxed_rank_002_alphafold2_multimer_v3_model_5_seed_000.pdb
SMAP___SLC3A2,3,2,A,B,0.0000,0.0,0.0,0.0000,0.1281,0.0000,0.0000,0.0,0.0,0.1500,27.4,71.2,0.560,0,0,0,0,,,,,183,630,,,,,SMAP___SLC3A2_unrelaxed_rank_003_alphafold2_multimer_v3_model_2_seed_000.pdb
SMAP___SLC3A2,4,3,A,B,0.0000,0.0,0.0,0.0000,0.1302,0.0000,0.0000,0.0,0.0,0.1500,24.6,71.0,0.560,0,0,0,0,,,,,183,630,,,,,SMAP___SLC3A2_unrelaxed_rank_004_alphafold2_multimer_v3_model_3_seed_000.pdb
SMAP___SLC3A2,5,1,A,B,0.0000,0.0,0.0,0.0000,0.0000,0.0000,0.0000,0.0,0.0,0.1400,26.3,71.4,0.560,0,0,0,0,,,,,183,630,,,,,SMAP___SLC3A2_unrelaxed_rank_005_alphafold2_multimer_v3_model_1_seed_000.pdb
SMAP___SUPT5H,1,4,A,B,0.2808,533.7,149.9,0.1996,0.8585,0.2217,0.3557,4188.0,68.0,0.3100,27.3,52.7,0.240,36,102,13,20,50.8,75.2,52.8,77.0,183,1087,"[68,70-104]",[168-269],"[76-77,80-81,83-84,88,91-92,99-102]","[176-177,190,193-194,196-198,201,212-217,219,227-228,264,266]",SMAP___SUPT5H_unrelaxed_rank_001_alphafold2_multimer_v3_model_4_seed_000.pdb
SMAP___SUPT5H,2,2,A,B,0.0594,60.3,3.6,0.0118,0.5044,0.0589,0.0599,260.0,14.0,0.2200,25.5,55.2,0.250,17,74,5,6,42.4,87.7,43.2,82.3,183,1087,"[31,33-46,102-103]","[177,180-181,183,186,189,196,212,217,224-225,229,232,257,259-261,985-988,1000,1002-1005,1014,1022,1025,1029,1031,1033-1036,1038-1044,1048-1050,1052-1068,1071-1082]","[40-41,44-45,102]","[260,1057,1062,1064,1073,1075]",SMAP___SUPT5H_unrelaxed_rank_002_alphafold2_multimer_v3_model_2_seed_000.pdb
SMAP___SUPT5H,3,1,A,B,0.0283,14.8,0.4,0.0000,0.4703,0.0389,0.0206,73.0,3.0,0.2200,22.3,54.8,0.250,9,32,1,2,36.7,84.0,35.1,75.3,183,1087,"[31,38-45]","[986,988,1033,1036,1039,1041,1043-1044,1054-1067,1071-1080]",[44],"[1059,1064]",SMAP___SUPT5H_unrelaxed_rank_003_alphafold2_multimer_v3_model_1_seed_000.pdb
SMAP___SUPT5H,4,3,A,B,0.0000,0.0,0.0,0.0000,0.3831,0.0000,0.0000,0.0,0.0,0.2100,24.0,54.2,0.250,0,0,0,0,,,,,183,1087,,,,,SMAP___SUPT5H_unrelaxed_rank_004_alphafold2_multimer_v3_model_3_seed_000.pdb
SMAP___SUPT5H,5,5,A,B,0.0000,0.0,0.0,0.0000,0.3983,0.0000,0.0000,0.0,0.0,0.2000,23.0,55.5,0.260,0,0,0,0,,,,,183,1087,,,,,SMAP___SUPT5H_unrelaxed_rank_005_alphafold2_multimer_v3_model_5_seed_000.pdb
SNRPC___AGAP3,1,1,A,B,0.0281,41.4,1.2,0.0000,0.4948,0.0245,0.0322,245.0,7.0,0.2300,25.7,61.4,0.340,7,128,2,6,42.4,91.0,41.8,82.9,159,875,"[6-9,33-34,38]","[632,634-696,699-708,721-739,754,761,763-771,789,791,795,798-807,811,821-822,824-825,833-834,836-839]",[7-8],"[665-666,668-669,678-679]",SNRPC___AGAP3_unrelaxed_rank_001_alphafold2_multimer_v3_model_1_seed_000.pdb
SNRPC___AGAP3,2,2,A,B,0.0000,0.0,0.0,0.0000,0.3701,0.0000,0.0000,0.0,0.0,0.2200,26.8,62.1,0.330,0,0,0,0,,,,,159,875,,,,,SNRPC___AGAP3_unrelaxed_rank_002_alphafold2_multimer_v3_model_2_seed_000.pdb
SNRPC___AGAP3,3,4,A,B,0.0000,0.0,0.0,0.0000,0.3501,0.0096,0.0000,1.0,0.0,0.2000,28.0,60.7,0.330,1,1,0,0,44.0,76.4,,,159,875,[8],[670],,,SNRPC___AGAP3_unrelaxed_rank_003_alphafold2_multimer_v3_model_4_seed_000.pdb
SNRPC___AGAP3,4,5,A,B,0.0000,0.0,0.0,0.0000,0.3681,0.0000,0.0000,0.0,0.0,0.2000,26.4,61.6,0.340,0,0,0,0,,,,,159,875,,,,,SNRPC___AGAP3_unrelaxed_rank_004_alphafold2_multimer_v3_model_5_seed_000.pdb
SNRPC___AGAP3,5,3,A,B,0.0000,0.0,0.0,0.0000,0.3479,0.0000,0.0000,0.0,0.0,0.1900,26.5,60.9,0.330,0,0,0,0,,,,,159,875,,,,,SNRPC___AGAP3_unrelaxed_rank_005_alphafold2_multimer_v3_model_3_seed_000.pdb
SNRPC___EDC3,1,3,A,B,0.0000,0.0,0.0,0.0000,0.1790,0.0000,0.0000,0.0,0.0,0.1300,31.1,64.1,0.440,0,0,0,0,,,,,159,508,,,,,SNRPC___EDC3_unrelaxed_rank_001_alphafold2_multimer_v3_model_3_seed_000.pdb
SNRPC___EDC3,2,2,A,B,0.0000,0.0,0.0,0.0000,0.1544,0.0000,0.0000,0.0,0.0,0.1300,29.0,64.9,0.430,0,0,0,0,,,,,159,508,,,,,SNRPC___EDC3_unrelaxed_rank_002_alphafold2_multimer_v3_model_2_seed_000.pdb
SNRPC___EDC3,3,1,A,B,0.0000,0.0,0.0,0.0000,0.1790,0.0000,0.0000,0.0,0.0,0.1300,28.0,65.7,0.430,0,0,0,0,,,,,159,508,,,,,SNRPC___EDC3_unrelaxed_rank_003_alphafold2_multimer_v3_model_1_seed_000.pdb
SNRPC___EDC3,4,5,A,B,0.0000,0.0,0.0,0.0000,0.1183,0.0000,0.0000,0.0,0.0,0.1200,31.2,64.0,0.430,0,0,0,0,,,,,159,508,,,,,SNRPC___EDC3_unrelaxed_rank_004_alphafold2_multimer_v3_model_5_seed_000.pdb
SNRPC___EDC3,5,4,A,B,0.0000,0.0,0.0,0.0000,0.1259,0.0000,0.0000,0.0,0.0,0.1200,31.0,64.3,0.430,0,0,0,0,,,,,159,508,,,,,SNRPC___EDC3_unrelaxed_rank_005_alphafold2_multimer_v3_model_4_seed_000.pdb
SNRPC___PDK1,1,1,A,B,0.0299,19.8,0.6,0.0110,0.3148,0.0246,0.0362,394.0,1.0,0.2200,29.0,80.7,0.660,7,192,1,1,41.8,92.5,38.7,73.7,159,436,"[6-11,13]","[62,75-76,78,83,86,90,100,104-122,124,133-154,156-166,174,176-187,189-191,193-198,200-202,216,218-236,238-245,247-253,263-264,267-272,274-276,278,281-291,299-307,310-314,316-320,324,330,332-334,357,360-369,372-373,375-376,378,381-387,389]",[8],[239],SNRPC___PDK1_unrelaxed_rank_001_alphafold2_multimer_v3_model_1_seed_000.pdb
SNRPC___PDK1,2,3,A,B,0.0000,0.0,0.0,0.0000,0.1351,0.0000,0.0000,0.0,0.0,0.1700,28.9,79.8,0.640,0,0,0,0,,,,,159,436,,,,,SNRPC___PDK1_unrelaxed_rank_002_alphafold2_multimer_v3_model_3_seed_000.pdb
SNRPC___PDK1,3,4,A,B,0.0000,0.0,0.0,0.0000,0.1993,0.0000,0.0000,0.0,0.0,0.1600,28.4,80.0,0.650,0,0,0,0,,,,,159,436,,,,,SNRPC___PDK1_unrelaxed_rank_003_alphafold2_multimer_v3_model_4_seed_000.pdb
SNRPC___PDK1,4,2,A,B,0.0000,0.0,0.0,0.0000,0.2036,0.0000,0.0000,0.0,0.0,0.1600,27.5,80.0,0.650,0,0,0,0,,,,,159,436,,,,,SNRPC___PDK1_unrelaxed_rank_004_alphafold2_multimer_v3_model_2_seed_000.pdb
SNRPC___PDK1,5,5,A,B,0.0000,0.0,0.0,0.0000,0.1099,0.0000,0.0000,0.0,0.0,0.1400,28.3,80.8,0.640,0,0,0,0,,,,,159,436,,,,,SNRPC___PDK1_unrelaxed_rank_005_alphafold2_multimer_v3_model_5_seed_000.pdb
SNRPC___PRDX1,1,4,A,B,0.0000,0.0,0.0,0.0000,0.1145,0.0000,0.0000,0.0,0.0,0.1700,37.4,88.5,0.550,0,0,0,0,,,,,159,199,,,,,SNRPC___PRDX1_unrelaxed_rank_001_alphafold2_multimer_v3_model_4_seed_000.pdb
SNRPC___PRDX1,2,2,A,B,0.0000,0.0,0.0,0.0000,0.1011,0.0000,0.0000,0.0,0.0,0.1200,37.5,85.5,0.520,0,0,0,0,,,,,159,199,,,,,SNRPC___PRDX1_unrelaxed_rank_002_alphafold2_multimer_v3_model_2_seed_000.pdb
SNRPC___PRDX1,3,5,A,B,0.0000,0.0,0.0,0.0000,0.0763,0.0000,0.0000,0.0,0.0,0.1200,35.9,88.2,0.530,0,0,0,0,,,,,159,199,,,,,SNRPC___PRDX1_unrelaxed_rank_003_alphafold2_multimer_v3_model_5_seed_000.pdb
SNRPC___PRDX1,4,3,A,B,0.0000,0.0,0.0,0.0000,0.0834,0.0000,0.0000,0.0,0.0,0.1200,36.4,88.1,0.540,0,0,0,0,,,,,159,199,,,,,SNRPC___PRDX1_unrelaxed_rank_004_alphafold2_multimer_v3_model_3_seed_000.pdb
SNRPC___PRDX1,5,1,A,B,0.0000,0.0,0.0,0.0000,0.0863,0.0000,0.0000,0.0,0.0,0.1100,36.7,86.3,0.520,0,0,0,0,,,,,159,199,,,,,SNRPC___PRDX1_unrelaxed_rank_005_alphafold2_multimer_v3_model_1_seed_000.pdb
STIP1___DNAJA1,1,1,A,B,0.0000,0.0,0.0,0.0000,0.2983,0.0000,0.0000,0.0,0.0,0.1700,80.1,71.9,0.320,0,0,0,0,,,,,543,397,,,,,STIP1___DNAJA1_unrelaxed_rank_001_alphafold2_multimer_v3_model_1_seed_000.pdb
STIP1___DNAJA1,2,4,A,B,0.0000,0.0,0.0,0.0000,0.3702,0.0000,0.0000,0.0,0.0,0.1600,79.0,70.2,0.340,0,0,0,0,,,,,543,397,,,,,STIP1___DNAJA1_unrelaxed_rank_002_alphafold2_multimer_v3_model_4_seed_000.pdb
STIP1___DNAJA1,3,2,A,B,0.0000,0.0,0.0,0.0000,0.3702,0.0000,0.0000,0.0,0.0,0.1600,81.2,70.7,0.340,0,0,0,0,,,,,543,397,,,,,STIP1___DNAJA1_unrelaxed_rank_003_alphafold2_multimer_v3_model_2_seed_000.pdb
STIP1___DNAJA1,4,3,A,B,0.0000,0.0,0.0,0.0000,0.2030,0.0000,0.0000,0.0,0.0,0.1400,78.3,69.2,0.340,0,0,0,0,,,,,543,397,,,,,STIP1___DNAJA1_unrelaxed_rank_004_alphafold2_multimer_v3_model_3_seed_000.pdb
STIP1___DNAJA1,5,5,A,B,0.0000,0.0,0.0,0.0000,0.1904,0.0000,0.0000,0.0,0.0,0.1300,80.1,70.9,0.340,0,0,0,0,,,,,543,397,,,,,STIP1___DNAJA1_unrelaxed_rank_005_alphafold2_multimer_v3_model_5_seed_000.pdb
SUPT5H___SLC3A2,1,1,A,B,0.0000,0.0,0.0,0.0000,0.0000,0.0000,0.0000,0.0,0.0,0.1800,49.1,68.7,0.380,0,0,0,0,,,,,1087,630,,,,,SUPT5H___SLC3A2_unrelaxed_rank_001_alphafold2_multimer_v3_model_1_seed_000.pdb
SUPT5H___SLC3A2,2,4,A,B,0.0000,0.0,0.0,0.0000,0.1897,0.0000,0.0000,0.0,0.0,0.1800,47.1,67.6,0.370,0,0,0,0,,,,,1087,630,,,,,SUPT5H___SLC3A2_unrelaxed_rank_002_alphafold2_multimer_v3_model_4_seed_000.pdb
SUPT5H___SLC3A2,3,2,A,B,0.0000,0.0,0.0,0.0000,0.1690,0.0000,0.0000,0.0,0.0,0.1800,49.3,69.1,0.370,0,0,0,0,,,,,1087,630,,,,,SUPT5H___SLC3A2_unrelaxed_rank_003_alphafold2_multimer_v3_model_2_seed_000.pdb
SUPT5H___SLC3A2,4,5,A,B,0.0000,0.0,0.0,0.0000,0.1636,0.0000,0.0000,0.0,0.0,0.1700,48.3,67.5,0.360,0,0,0,0,,,,,1087,630,,,,,SUPT5H___SLC3A2_unrelaxed_rank_004_alphafold2_multimer_v3_model_5_seed_000.pdb
SUPT5H___SLC3A2,5,3,A,B,0.0000,0.0,0.0,0.0000,0.1560,0.0000,0.0000,0.0,0.0,0.1700,48.6,67.4,0.370,0,0,0,0,,,,,1087,630,,,,,SUPT5H___SLC3A2_unrelaxed_rank_005_alphafold2_multimer_v3_model_3_seed_000.pdb
XRN2___FUS,1,5,A,B,0.0000,0.0,0.0,0.0000,0.4730,0.0179,0.0000,16.0,0.0,0.2800,71.8,27.3,0.550,11,3,0,0,96.5,33.4,,,950,526,"[111,114,118,166,597-598,601,614-617]","[522-523,525]",,,XRN2___FUS_unrelaxed_rank_001_alphafold2_multimer_v3_model_5_seed_000.pdb
XRN2___FUS,2,3,A,B,0.0000,0.0,0.0,0.0000,0.2529,0.0000,0.0000,0.0,0.0,0.2100,70.5,25.4,0.550,0,0,0,0,,,,,950,526,,,,,XRN2___FUS_unrelaxed_rank_002_alphafold2_multimer_v3_model_3_seed_000.pdb
XRN2___FUS,3,4,A,B,0.0000,0.0,0.0,0.0000,0.2634,0.0000,0.0000,0.0,0.0,0.2100,71.0,24.5,0.550,0,0,0,0,,,,,950,526,,,,,XRN2___FUS_unrelaxed_rank_003_alphafold2_multimer_v3_model_4_seed_000.pdb
XRN2___FUS,4,1,A,B,0.0000,0.0,0.0,0.0000,0.2744,0.0000,0.0000,0.0,0.0,0.2000,70.2,24.2,0.540,0,0,0,0,,,,,950,526,,,,,XRN2___FUS_unrelaxed_rank_004_alphafold2_multimer_v3_model_1_seed_000.pdb
XRN2___FUS,5,2,A,B,0.0000,0.0,0.0,0.0000,0.2380,0.0000,0.0000,0.0,0.0,0.1800,71.2,25.4,0.550,0,0,0,0,,,,,950,526,,,,,XRN2___FUS_unrelaxed_rank_005_alphafold2_multimer_v3_model_2_seed_000.pdb
XRN2___SLC3A2,1,2,A,B,0.0000,0.0,0.0,0.0000,0.3688,0.0000,0.0000,0.0,0.0,0.2100,70.0,66.7,0.510,0,0,0,0,,,,,950,630,,,,,XRN2___SLC3A2_unrelaxed_rank_001_alphafold2_multimer_v3_model_2_seed_000.pdb
XRN2___SLC3A2,2,1,A,B,0.0000,0.0,0.0,0.0000,0.2957,0.0000,0.0000,0.0,0.0,0.1900,68.1,66.1,0.510,0,0,0,0,,,,,950,630,,,,,XRN2___SLC3A2_unrelaxed_rank_002_alphafold2_multimer_v3_model_1_seed_000.pdb
XRN2___SLC3A2,3,4,A,B,0.0000,0.0,0.0,0.0000,0.2289,0.0000,0.0000,0.0,0.0,0.1800,69.0,65.5,0.510,0,0,0,0,,,,,950,630,,,,,XRN2___SLC3A2_unrelaxed_rank_003_alphafold2_multimer_v3_model_4_seed_000.pdb
XRN2___SLC3A2,4,5,A,B,0.0000,0.0,0.0,0.0000,0.1695,0.0000,0.0000,0.0,0.0,0.1800,69.8,65.4,0.520,0,0,0,0,,,,,950,630,,,,,XRN2___SLC3A2_unrelaxed_rank_004_alphafold2_multimer_v3_model_5_seed_000.pdb
XRN2___SLC3A2,5,3,A,B,0.0000,0.0,0.0,0.0000,0.1634,0.0000,0.0000,0.0,0.0,0.1600,68.3,65.3,0.510,0,0,0,0,,,,,950,630,,,,,XRN2___SLC3A2_unrelaxed_rank_005_alphafold2_multimer_v3_model_3_seed_000.pdb
ZFR___CDC37,1,3,A,B,0.0000,0.0,0.0,0.0000,0.3525,0.0000,0.0000,0.0,0.0,0.2200,44.9,68.0,0.340,0,0,0,0,,,,,1074,378,,,,,ZFR___CDC37_unrelaxed_rank_001_alphafold2_multimer_v3_model_3_seed_000.pdb
ZFR___CDC37,2,1,A,B,0.0000,0.0,0.0,0.0000,0.3100,0.0000,0.0000,0.0,0.0,0.2100,46.3,65.7,0.330,0,0,0,0,,,,,1074,378,,,,,ZFR___CDC37_unrelaxed_rank_002_alphafold2_multimer_v3_model_1_seed_000.pdb
ZFR___CDC37,3,5,A,B,0.0000,0.0,0.0,0.0000,0.3010,0.0000,0.0000,0.0,0.0,0.2000,45.4,65.3,0.330,0,0,0,0,,,,,1074,378,,,,,ZFR___CDC37_unrelaxed_rank_003_alphafold2_multimer_v3_model_5_seed_000.pdb
ZFR___CDC37,4,4,A,B,0.0000,0.0,0.0,0.0000,0.2566,0.0000,0.0000,0.0,0.0,0.1800,43.5,63.6,0.320,0,0,0,0,,,,,1074,378,,,,,ZFR___CDC37_unrelaxed_rank_004_alphafold2_multimer_v3_model_4_seed_000.pdb
ZFR___CDC37,5,2,A,B,0.0000,0.0,0.0,0.0000,0.1584,0.0000,0.0000,0.0,0.0,0.1800,45.7,67.5,0.330,0,0,0,0,,,,,1074,378,,,,,ZFR___CDC37_unrelaxed_rank_005_alphafold2_multimer_v3_model_2_seed_000.pdb
ZFR___LUC7L2,1,4,A,B,0.0961,182.9,17.6,0.0131,0.6399,0.0607,0.1522,2788.0,12.0,0.4400,45.3,56.7,0.320,55,159,6,4,75.6,83.7,78.1,75.5,1074,392,"[563-565,568-573,580-593,595-625,627]","[30-31,34-73,81-109,124-147,149-150,153-157,159-161,163-168,185,187-233]","[587-588,590,605,608-609]","[51,55,208,213]",ZFR___LUC7L2_unrelaxed_rank_001_alphafold2_multimer_v3_model_4_seed_000.pdb
ZFR___LUC7L2,2,3,A,B,0.0000,0.0,0.0,0.0000,0.3783,0.0000,0.0000,0.0,0.0,0.2800,46.4,57.2,0.330,0,0,0,0,,,,,1074,392,,,,,ZFR___LUC7L2_unrelaxed_rank_002_alphafold2_multimer_v3_model_3_seed_000.pdb
ZFR___LUC7L2,3,1,A,B,0.0000,0.0,0.0,0.0000,0.3320,0.0000,0.0000,0.0,0.0,0.2500,47.2,54.7,0.330,0,0,0,0,,,,,1074,392,,,,,ZFR___LUC7L2_unrelaxed_rank_003_alphafold2_multimer_v3_model_1_seed_000.pdb
ZFR___LUC7L2,4,2,A,B,0.0000,0.0,0.0,0.0000,0.3408,0.0000,0.0000,0.0,0.0,0.2500,46.9,56.1,0.330,0,0,0,0,,,,,1074,392,,,,,ZFR___LUC7L2_unrelaxed_rank_004_alphafold2_multimer_v3_model_2_seed_000.pdb
ZFR___LUC7L2,5,5,A,B,0.0000,0.0,0.0,0.0000,0.1738,0.0000,0.0000,0.0,0.0,0.1800,46.0,56.2,0.330,0,0,0,0,,,,,1074,392,,,,,ZFR___LUC7L2_unrelaxed_rank_005_alphafold2_multimer_v3_model_5_seed_000.pdb
