name,rank,model,chain_i,chain_j,iLIS,iLIA,iLISA,ipSAE,actifpTM,LIS,cLIS,LIA,cLIA,ipTM,pLDDT_i,pLDDT_j,pTM,LIR_i,LIR_j,cLIR_i,cLIR_j,LIpLDDT_i,LIpLDDT_j,cLIpLDDT_i,cLIpLDDT_j,len_i,len_j,LIR_indices_i,LIR_indices_j,cLIR_indices_i,cLIR_indices_j,structure_file
AGAP3___PTBP1,1,4,A,B,0.2790,806.8,225.1,0.1962,0.9037,0.1785,0.4363,8036.0,81.0,0.2900,58.3,58.9,0.300,98,105,16,17,74.6,75.9,72.5,76.4,875,557,"[363-378,383-426,569-578,581-608]",[179-283],"[363-368,371-373,390,392,405-406,408-409,411]","[193-194,199,201-206,241,244-249,253]",AGAP3___PTBP1_unrelaxed_rank_001_alphafold2_multimer_v3_model_4_seed_000.pdb
AGAP3___PTBP1,2,1,A,B,0.0000,0.0,0.0,0.0000,0.2830,0.0000,0.0000,0.0,0.0,0.2000,56.7,56.0,0.310,0,0,0,0,,,,,875,557,,,,,AGAP3___PTBP1_unrelaxed_rank_002_alphafold2_multimer_v3_model_1_seed_000.pdb
AGAP3___PTBP1,3,5,A,B,0.0000,0.0,0.0,0.0000,0.2159,0.0000,0.0000,0.0,0.0,0.1800,58.8,60.8,0.300,0,0,0,0,,,,,875,557,,,,,AGAP3___PTBP1_unrelaxed_rank_003_alphafold2_multimer_v3_model_5_seed_000.pdb
AGAP3___PTBP1,4,2,A,B,0.0000,0.0,0.0,0.0000,0.1717,0.0000,0.0000,0.0,0.0,0.1800,59.6,61.7,0.290,0,0,0,0,,,,,875,557,,,,,AGAP3___PTBP1_unrelaxed_rank_004_alphafold2_multimer_v3_model_2_seed_000.pdb
AGAP3___PTBP1,5,3,A,B,0.0000,0.0,0.0,0.0000,0.1847,0.0000,0.0000,0.0,0.0,0.1700,58.9,60.1,0.290,0,0,0,0,,,,,875,557,,,,,AGAP3___PTBP1_unrelaxed_rank_005_alphafold2_multimer_v3_model_3_seed_000.pdb
ANP32A___PSPC1,1,3,A,B,0.0000,0.0,0.0,0.0000,0.3202,0.0000,0.0000,0.0,0.0,0.1700,61.8,59.5,0.390,0,0,0,0,,,,,249,523,,,,,ANP32A___PSPC1_unrelaxed_rank_001_alphafold2_multimer_v3_model_3_seed_000.pdb
ANP32A___PSPC1,2,4,A,B,0.0000,0.0,0.0,0.0000,0.2767,0.0000,0.0000,0.0,0.0,0.1700,63.1,58.3,0.380,0,0,0,0,,,,,249,523,,,,,ANP32A___PSPC1_unrelaxed_rank_002_alphafold2_multimer_v3_model_4_seed_000.pdb
ANP32A___PSPC1,3,1,A,B,0.0000,0.0,0.0,0.0000,0.3372,0.0000,0.0000,0.0,0.0,0.1700,62.6,59.8,0.380,0,0,0,0,,,,,249,523,,,,,ANP32A___PSPC1_unrelaxed_rank_003_alphafold2_multimer_v3_model_1_seed_000.pdb
ANP32A___PSPC1,4,2,A,B,0.0000,0.0,0.0,0.0000,0.2981,0.0000,0.0000,0.0,0.0,0.1500,63.0,58.7,0.370,0,0,0,0,,,,,249,523,,,,,ANP32A___PSPC1_unrelaxed_rank_004_alphafold2_multimer_v3_model_2_seed_000.pdb
ANP32A___PSPC1,5,5,A,B,0.0000,0.0,0.0,0.0000,0.1736,0.0000,0.0000,0.0,0.0,0.1400,63.6,58.6,0.380,0,0,0,0,,,,,249,523,,,,,ANP32A___PSPC1_unrelaxed_rank_005_alphafold2_multimer_v3_model_5_seed_000.pdb
ANP32A___SLC3A2,1,4,A,B,0.0000,0.0,0.0,0.0000,0.1745,0.0000,0.0000,0.0,0.0,0.1900,59.4,68.2,0.540,0,0,0,0,,,,,249,630,,,,,ANP32A___SLC3A2_unrelaxed_rank_001_alphafold2_multimer_v3_model_4_seed_000.pdb
ANP32A___SLC3A2,2,1,A,B,0.0000,0.0,0.0,0.0000,0.1411,0.0000,0.0000,0.0,0.0,0.1700,62.0,69.4,0.530,0,0,0,0,,,,,249,630,,,,,ANP32A___SLC3A2_unrelaxed_rank_002_alphafold2_multimer_v3_model_1_seed_000.pdb
ANP32A___SLC3A2,3,2,A,B,0.0000,0.0,0.0,0.0000,0.1172,0.0000,0.0000,0.0,0.0,0.1500,63.3,69.3,0.530,0,0,0,0,,,,,249,630,,,,,ANP32A___SLC3A2_unrelaxed_rank_003_alphafold2_multimer_v3_model_2_seed_000.pdb
ANP32A___SLC3A2,4,3,A,B,0.0000,0.0,0.0,0.0000,0.0990,0.0000,0.0000,0.0,0.0,0.1400,61.6,68.2,0.530,0,0,0,0,,,,,249,630,,,,,ANP32A___SLC3A2_unrelaxed_rank_004_alphafold2_multimer_v3_model_3_seed_000.pdb
ANP32A___SLC3A2,5,5,A,B,0.0000,0.0,0.0,0.0000,0.1367,0.0000,0.0000,0.0,0.0,0.1400,61.4,67.8,0.520,0,0,0,0,,,,,249,630,,,,,ANP32A___SLC3A2_unrelaxed_rank_005_alphafold2_multimer_v3_model_5_seed_000.pdb
ATP5PD___CDC37,1,1,A,B,0.0000,0.0,0.0,0.0000,0.1877,0.0000,0.0000,0.0,0.0,0.1700,35.1,66.7,0.380,0,0,0,0,,,,,161,378,,,,,ATP5PD___CDC37_unrelaxed_rank_001_alphafold2_multimer_v3_model_1_seed_000.pdb
ATP5PD___CDC37,2,4,A,B,0.0000,0.0,0.0,0.0000,0.1565,0.0000,0.0000,0.0,0.0,0.1500,38.7,62.7,0.380,0,0,0,0,,,,,161,378,,,,,ATP5PD___CDC37_unrelaxed_rank_002_alphafold2_multimer_v3_model_4_seed_000.pdb
ATP5PD___CDC37,3,3,A,B,0.0000,0.0,0.0,0.0000,0.1523,0.0000,0.0000,0.0,0.0,0.1300,64.3,65.3,0.370,0,0,0,0,,,,,161,378,,,,,ATP5PD___CDC37_unrelaxed_rank_003_alphafold2_multimer_v3_model_3_seed_000.pdb
ATP5PD___CDC37,4,5,A,B,0.0000,0.0,0.0,0.0000,0.1683,0.0000,0.0000,0.0,0.0,0.1300,52.3,63.1,0.370,0,0,0,0,,,,,161,378,,,,,ATP5PD___CDC37_unrelaxed_rank_004_alphafold2_multimer_v3_model_5_seed_000.pdb
ATP5PD___CDC37,5,2,A,B,0.0000,0.0,0.0,0.0000,0.0989,0.0000,0.0000,0.0,0.0,0.1000,54.5,68.7,0.360,0,0,0,0,,,,,161,378,,,,,ATP5PD___CDC37_unrelaxed_rank_005_alphafold2_multimer_v3_model_2_seed_000.pdb
ATP5PD___ZFR,1,4,A,B,0.4424,931.7,412.2,0.4211,0.9628,0.2926,0.6690,15229.0,57.0,0.4500,77.9,46.2,0.390,50,306,8,16,80.6,90.5,76.3,87.0,161,1074,"[110-111,114-161]","[719-770,779-879,886-1038]","[151-154,157-159,161]","[786,789,811,870,873,877,903,906-907,910-911,914,990-993]",ATP5PD___ZFR_unrelaxed_rank_001_alphafold2_multimer_v3_model_4_seed_000.pdb
ATP5PD___ZFR,2,5,A,B,0.0000,0.0,0.0,0.0000,0.2219,0.0000,0.0000,0.0,0.0,0.1900,70.1,46.6,0.360,0,0,0,0,,,,,161,1074,,,,,ATP5PD___ZFR_unrelaxed_rank_002_alphafold2_multimer_v3_model_5_seed_000.pdb
ATP5PD___ZFR,3,1,A,B,0.0000,0.0,0.0,0.0000,0.1987,0.0000,0.0000,0.0,0.0,0.1800,66.4,47.3,0.360,0,0,0,0,,,,,161,1074,,,,,ATP5PD___ZFR_unrelaxed_rank_003_alphafold2_multimer_v3_model_1_seed_000.pdb
ATP5PD___ZFR,4,3,A,B,0.0000,0.0,0.0,0.0000,0.1894,0.0000,0.0000,0.0,0.0,0.1600,73.9,46.5,0.350,0,0,0,0,,,,,161,1074,,,,,ATP5PD___ZFR_unrelaxed_rank_004_alphafold2_multimer_v3_model_3_seed_000.pdb
ATP5PD___ZFR,5,2,A,B,0.0000,0.0,0.0,0.0000,0.1709,0.0000,0.0000,0.0,0.0,0.1600,68.2,47.1,0.350,0,0,0,0,,,,,161,1074,,,,,ATP5PD___ZFR_unrelaxed_rank_005_alphafold2_multimer_v3_model_2_seed_000.pdb
ATP5PD___ZNF503,1,5,A,B,0.0000,0.0,0.0,0.0000,0.3806,0.0139,0.0000,3.0,0.0,0.2100,73.8,24.2,0.240,2,2,0,0,62.4,50.5,,,161,646,"[127,129]",[77-78],,,ATP5PD___ZNF503_unrelaxed_rank_001_alphafold2_multimer_v3_model_5_seed_000.pdb
ATP5PD___ZNF503,2,3,A,B,0.0000,0.0,0.0,0.0000,0.3100,0.0000,0.0000,0.0,0.0,0.2000,69.4,23.4,0.230,0,0,0,0,,,,,161,646,,,,,ATP5PD___ZNF503_unrelaxed_rank_002_alphafold2_multimer_v3_model_3_seed_000.pdb
ATP5PD___ZNF503,3,4,A,B,0.0000,0.0,0.0,0.0000,0.2847,0.0000,0.0000,0.0,0.0,0.1600,70.0,23.6,0.220,0,0,0,0,,,,,161,646,,,,,ATP5PD___ZNF503_unrelaxed_rank_003_alphafold2_multimer_v3_model_4_seed_000.pdb
ATP5PD___ZNF503,4,2,A,B,0.0000,0.0,0.0,0.0000,0.1760,0.0000,0.0000,0.0,0.0,0.1400,75.8,22.6,0.230,0,0,0,0,,,,,161,646,,,,,ATP5PD___ZNF503_unrelaxed_rank_004_alphafold2_multimer_v3_model_2_seed_000.pdb
ATP5PD___ZNF503,5,1,A,B,0.0000,0.0,0.0,0.0000,0.1614,0.0000,0.0000,0.0,0.0,0.1400,74.3,24.4,0.230,0,0,0,0,,,,,161,646,,,,,ATP5PD___ZNF503_unrelaxed_rank_005_alphafold2_multimer_v3_model_1_seed_000.pdb
CCAR2___DNAJA1,1,2,A,B,0.0116,7.1,0.1,0.0000,0.4966,0.0127,0.0106,17.0,3.0,0.2400,57.8,71.8,0.420,3,15,2,3,33.0,87.4,32.6,80.2,923,397,"[644-645,648]","[110,114,117,123-125,129,212,258,276-277,279,284-285,320]","[644,648]","[124-125,129]",CCAR2___DNAJA1_unrelaxed_rank_001_alphafold2_multimer_v3_model_2_seed_000.pdb
CCAR2___DNAJA1,2,1,A,B,0.0000,0.0,0.0,0.0000,0.3698,0.0000,0.0000,0.0,0.0,0.2200,56.4,69.6,0.410,0,0,0,0,,,,,923,397,,,,,CCAR2___DNAJA1_unrelaxed_rank_002_alphafold2_multimer_v3_model_1_seed_000.pdb
CCAR2___DNAJA1,3,5,A,B,0.0000,0.0,0.0,0.0000,0.2777,0.0000,0.0000,0.0,0.0,0.1900,56.7,70.0,0.420,0,0,0,0,,,,,923,397,,,,,CCAR2___DNAJA1_unrelaxed_rank_003_alphafold2_multimer_v3_model_5_seed_000.pdb
CCAR2___DNAJA1,4,3,A,B,0.0000,0.0,0.0,0.0000,0.2599,0.0000,0.0000,0.0,0.0,0.1800,55.9,68.6,0.420,0,0,0,0,,,,,923,397,,,,,CCAR2___DNAJA1_unrelaxed_rank_004_alphafold2_multimer_v3_model_3_seed_000.pdb
CCAR2___DNAJA1,5,4,A,B,0.0000,0.0,0.0,0.0000,0.1898,0.0000,0.0000,0.0,0.0,0.1700,54.6,71.4,0.410,0,0,0,0,,,,,923,397,,,,,CCAR2___DNAJA1_unrelaxed_rank_005_alphafold2_multimer_v3_model_4_seed_000.pdb
CCAR2___KHSRP,1,2,A,B,0.0000,0.0,0.0,0.0000,0.1817,0.0000,0.0000,0.0,0.0,0.1900,59.9,39.3,0.400,0,0,0,0,,,,,923,711,,,,,CCAR2___KHSRP_unrelaxed_rank_001_alphafold2_multimer_v3_model_2_seed_000.pdb
CCAR2___KHSRP,2,3,A,B,0.0000,0.0,0.0,0.0000,0.1952,0.0000,0.0000,0.0,0.0,0.1800,57.5,36.6,0.390,0,0,0,0,,,,,923,711,,,,,CCAR2___KHSRP_unrelaxed_rank_002_alphafold2_multimer_v3_model_3_seed_000.pdb
CCAR2___KHSRP,3,1,A,B,0.0000,0.0,0.0,0.0000,0.1970,0.0000,0.0000,0.0,0.0,0.1800,58.2,36.9,0.390,0,0,0,0,,,,,923,711,,,,,CCAR2___KHSRP_unrelaxed_rank_003_alphafold2_multimer_v3_model_1_seed_000.pdb
CCAR2___KHSRP,4,4,A,B,0.0000,0.0,0.0,0.0000,0.2042,0.0000,0.0000,0.0,0.0,0.1800,57.2,36.4,0.390,0,0,0,0,,,,,923,711,,,,,CCAR2___KHSRP_unrelaxed_rank_004_alphafold2_multimer_v3_model_4_seed_000.pdb
CCAR2___KHSRP,5,5,A,B,0.0000,0.0,0.0,0.0000,0.1941,0.0000,0.0000,0.0,0.0,0.1700,59.2,37.9,0.400,0,0,0,0,,,,,923,711,,,,,CCAR2___KHSRP_unrelaxed_rank_005_alphafold2_multimer_v3_model_5_seed_000.pdb
CCAR2___NONO,1,1,A,B,0.0000,0.0,0.0,0.0000,0.1636,0.0000,0.0000,0.0,0.0,0.1800,57.0,60.8,0.400,0,0,0,0,,,,,923,471,,,,,CCAR2___NONO_unrelaxed_rank_001_alphafold2_multimer_v3_model_1_seed_000.pdb
CCAR2___NONO,2,4,A,B,0.0000,0.0,0.0,0.0000,0.1631,0.0000,0.0000,0.0,0.0,0.1600,54.0,56.5,0.400,0,0,0,0,,,,,923,471,,,,,CCAR2___NONO_unrelaxed_rank_002_alphafold2_multimer_v3_model_4_seed_000.pdb
CCAR2___NONO,3,2,A,B,0.0000,0.0,0.0,0.0000,0.1859,0.0000,0.0000,0.0,0.0,0.1600,57.7,60.9,0.410,0,0,0,0,,,,,923,471,,,,,CCAR2___NONO_unrelaxed_rank_003_alphafold2_multimer_v3_model_2_seed_000.pdb
CCAR2___NONO,4,5,A,B,0.0000,0.0,0.0,0.0000,0.1472,0.0000,0.0000,0.0,0.0,0.1600,56.9,58.9,0.410,0,0,0,0,,,,,923,471,,,,,CCAR2___NONO_unrelaxed_rank_004_alphafold2_multimer_v3_model_5_seed_000.pdb
CCAR2___NONO,5,3,A,B,0.0000,0.0,0.0,0.0000,0.1501,0.0000,0.0000,0.0,0.0,0.1500,56.3,60.1,0.400,0,0,0,0,,,,,923,471,,,,,CCAR2___NONO_unrelaxed_rank_005_alphafold2_multimer_v3_model_3_seed_000.pdb
CCAR2___PCBP2,1,4,A,B,0.0000,0.0,0.0,0.0000,0.2026,0.0000,0.0000,0.0,0.0,0.2000,55.8,54.5,0.420,0,0,0,0,,,,,923,365,,,,,CCAR2___PCBP2_unrelaxed_rank_001_alphafold2_multimer_v3_model_4_seed_000.pdb
CCAR2___PCBP2,2,1,A,B,0.0000,0.0,0.0,0.0000,0.1756,0.0000,0.0000,0.0,0.0,0.1800,57.4,52.5,0.430,0,0,0,0,,,,,923,365,,,,,CCAR2___PCBP2_unrelaxed_rank_002_alphafold2_multimer_v3_model_1_seed_000.pdb
CCAR2___PCBP2,3,3,A,B,0.0000,0.0,0.0,0.0000,0.1648,0.0000,0.0000,0.0,0.0,0.1800,56.7,55.2,0.430,0,0,0,0,,,,,923,365,,,,,CCAR2___PCBP2_unrelaxed_rank_003_alphafold2_multimer_v3_model_3_seed_000.pdb
CCAR2___PCBP2,4,5,A,B,0.0000,0.0,0.0,0.0000,0.1805,0.0000,0.0000,0.0,0.0,0.1800,57.9,57.2,0.430,0,0,0,0,,,,,923,365,,,,,CCAR2___PCBP2_unrelaxed_rank_004_alphafold2_multimer_v3_model_5_seed_000.pdb
CCAR2___PCBP2,5,2,A,B,0.0000,0.0,0.0,0.0000,0.1628,0.0000,0.0000,0.0,0.0,0.1700,58.6,58.7,0.430,0,0,0,0,,,,,923,365,,,,,CCAR2___PCBP2_unrelaxed_rank_005_alphafold2_multimer_v3_model_2_seed_000.pdb
CCAR2___RAVER1,1,1,A,B,0.0000,0.0,0.0,0.0000,0.3495,0.0000,0.0000,0.0,0.0,0.2400,55.3,50.5,0.380,0,0,0,0,,,,,923,606,,,,,CCAR2___RAVER1_unrelaxed_rank_001_alphafold2_multimer_v3_model_1_seed_000.pdb
CCAR2___RAVER1,2,4,A,B,0.0000,0.0,0.0,0.0000,0.2668,0.0000,0.0000,0.0,0.0,0.2100,54.2,50.3,0.390,0,0,0,0,,,,,923,606,,,,,CCAR2___RAVER1_unrelaxed_rank_002_alphafold2_multimer_v3_model_4_seed_000.pdb
CCAR2___RAVER1,3,2,A,B,0.0000,0.0,0.0,0.0000,0.1673,0.0000,0.0000,0.0,0.0,0.1700,57.2,51.0,0.390,0,0,0,0,,,,,923,606,,,,,CCAR2___RAVER1_unrelaxed_rank_003_alphafold2_multimer_v3_model_2_seed_000.pdb
CCAR2___RAVER1,4,3,A,B,0.0000,0.0,0.0,0.0000,0.1843,0.0000,0.0000,0.0,0.0,0.1700,56.1,50.7,0.390,0,0,0,0,,,,,923,606,,,,,CCAR2___RAVER1_unrelaxed_rank_004_alphafold2_multimer_v3_model_3_seed_000.pdb
CCAR2___RAVER1,5,5,A,B,0.0000,0.0,0.0,0.0000,0.2041,0.0000,0.0000,0.0,0.0,0.1700,57.0,51.2,0.390,0,0,0,0,,,,,923,606,,,,,CCAR2___RAVER1_unrelaxed_rank_005_alphafold2_multimer_v3_model_5_seed_000.pdb
CCAR2___SET,1,4,A,B,0.0000,0.0,0.0,0.0000,0.2739,0.0000,0.0000,0.0,0.0,0.2200,54.9,56.3,0.430,0,0,0,0,,,,,923,290,,,,,CCAR2___SET_unrelaxed_rank_001_alphafold2_multimer_v3_model_4_seed_000.pdb
CCAR2___SET,2,1,A,B,0.0000,0.0,0.0,0.0000,0.2041,0.0000,0.0000,0.0,0.0,0.2000,57.4,58.8,0.440,0,0,0,0,,,,,923,290,,,,,CCAR2___SET_unrelaxed_rank_002_alphafold2_multimer_v3_model_1_seed_000.pdb
CCAR2___SET,3,2,A,B,0.0000,0.0,0.0,0.0000,0.1682,0.0000,0.0000,0.0,0.0,0.1700,58.4,61.9,0.450,0,0,0,0,,,,,923,290,,,,,CCAR2___SET_unrelaxed_rank_003_alphafold2_multimer_v3_model_2_seed_000.pdb
CCAR2___SET,4,3,A,B,0.0000,0.0,0.0,0.0000,0.1677,0.0000,0.0000,0.0,0.0,0.1700,57.9,59.3,0.440,0,0,0,0,,,,,923,290,,,,,CCAR2___SET_unrelaxed_rank_004_alphafold2_multimer_v3_model_3_seed_000.pdb
CCAR2___SET,5,5,A,B,0.0000,0.0,0.0,0.0000,0.1574,0.0000,0.0000,0.0,0.0,0.1700,57.6,59.0,0.440,0,0,0,0,,,,,923,290,,,,,CCAR2___SET_unrelaxed_rank_005_alphafold2_multimer_v3_model_5_seed_000.pdb
CDC37___U2SURP,1,2,A,B,0.0947,318.4,30.1,0.0151,0.6728,0.0724,0.1238,1662.0,61.0,0.3600,66.5,49.1,0.280,131,21,16,10,86.0,58.4,85.1,61.2,378,1029,"[145-146,148-242,247-279,282]",[104-124],"[145,148,187-189,191-192,195-196,217,258-259,262-263,266,270]","[109-110,112-114,116-117,119-121]",CDC37___U2SURP_unrelaxed_rank_001_alphafold2_multimer_v3_model_2_seed_000.pdb
CDC37___U2SURP,2,1,A,B,0.0000,0.0,0.0,0.0000,0.3438,0.0000,0.0000,0.0,0.0,0.2300,66.3,48.1,0.270,0,0,0,0,,,,,378,1029,,,,,CDC37___U2SURP_unrelaxed_rank_002_alphafold2_multimer_v3_model_1_seed_000.pdb
CDC37___U2SURP,3,4,A,B,0.0000,0.0,0.0,0.0000,0.3912,0.0000,0.0000,0.0,0.0,0.2100,65.4,45.9,0.270,0,0,0,0,,,,,378,1029,,,,,CDC37___U2SURP_unrelaxed_rank_003_alphafold2_multimer_v3_model_4_seed_000.pdb
CDC37___U2SURP,4,3,A,B,0.0000,0.0,0.0,0.0000,0.3100,0.0000,0.0000,0.0,0.0,0.2000,67.3,46.8,0.270,0,0,0,0,,,,,378,1029,,,,,CDC37___U2SURP_unrelaxed_rank_004_alphafold2_multimer_v3_model_3_seed_000.pdb
CDC37___U2SURP,5,5,A,B,0.0000,0.0,0.0,0.0000,0.2792,0.0000,0.0000,0.0,0.0,0.1900,66.4,47.2,0.270,0,0,0,0,,,,,378,1029,,,,,CDC37___U2SURP_unrelaxed_rank_005_alphafold2_multimer_v3_model_5_seed_000.pdb
CDK4___PSPC1,1,1,A,B,0.0000,0.0,0.0,0.0000,0.1695,0.0000,0.0000,0.0,0.0,0.1500,76.7,57.1,0.390,0,0,0,0,,,,,303,523,,,,,CDK4___PSPC1_unrelaxed_rank_001_alphafold2_multimer_v3_model_1_seed_000.pdb
CDK4___PSPC1,2,3,A,B,0.0000,0.0,0.0,0.0000,0.1382,0.0000,0.0000,0.0,0.0,0.1400,75.9,55.5,0.380,0,0,0,0,,,,,303,523,,,,,CDK4___PSPC1_unrelaxed_rank_002_alphafold2_multimer_v3_model_3_seed_000.pdb
CDK4___PSPC1,3,2,A,B,0.0000,0.0,0.0,0.0000,0.1538,0.0000,0.0000,0.0,0.0,0.1400,75.9,56.2,0.390,0,0,0,0,,,,,303,523,,,,,CDK4___PSPC1_unrelaxed_rank_003_alphafold2_multimer_v3_model_2_seed_000.pdb
CDK4___PSPC1,4,4,A,B,0.0000,0.0,0.0,0.0000,0.1235,0.0000,0.0000,0.0,0.0,0.1300,78.2,56.0,0.400,0,0,0,0,,,,,303,523,,,,,CDK4___PSPC1_unrelaxed_rank_004_alphafold2_multimer_v3_model_4_seed_000.pdb
CDK4___PSPC1,5,5,A,B,0.0000,0.0,0.0,0.0000,0.1162,0.0000,0.0000,0.0,0.0,0.1200,77.1,56.2,0.390,0,0,0,0,,,,,303,523,,,,,CDK4___PSPC1_unrelaxed_rank_005_alphafold2_multimer_v3_model_5_seed_000.pdb
CHERP___FAM50A,1,4,A,B,0.1573,299.3,47.1,0.0193,0.8204,0.1336,0.1853,2133.0,42.0,0.2500,48.8,53.5,0.320,197,18,19,10,92.1,49.8,86.3,50.6,916,339,"[117,120-315]","[282-298,300]","[168,170,173-174,177,212-213,215-216,219-220,223-224,227,259,262-263,266,270]","[283-289,294,298,300]",CHERP___FAM50A_unrelaxed_rank_001_alphafold2_multimer_v3_model_4_seed_000.pdb
CHERP___FAM50A,2,2,A,B,0.1272,220.2,28.0,0.0159,0.7007,0.1078,0.1501,1347.0,36.0,0.2400,49.1,61.2,0.320,202,10,16,6,94.1,43.4,88.7,43.7,916,339,"[114,117-315,317-318]",[284-293],"[167-170,172-173,209,212-213,215-216,219,259,262-263,266]","[286,288-291,293]",CHERP___FAM50A_unrelaxed_rank_002_alphafold2_multimer_v3_model_2_seed_000.pdb
CHERP___FAM50A,3,5,A,B,0.0000,0.0,0.0,0.0000,0.3786,0.0000,0.0000,0.0,0.0,0.2100,48.4,55.7,0.320,0,0,0,0,,,,,916,339,,,,,CHERP___FAM50A_unrelaxed_rank_003_alphafold2_multimer_v3_model_5_seed_000.pdb
CHERP___FAM50A,4,1,A,B,0.0000,0.0,0.0,0.0000,0.3155,0.0000,0.0000,0.0,0.0,0.2000,49.2,58.6,0.310,0,0,0,0,,,,,916,339,,,,,CHERP___FAM50A_unrelaxed_rank_004_alphafold2_multimer_v3_model_1_seed_000.pdb
CHERP___FAM50A,5,3,A,B,0.0000,0.0,0.0,0.0000,0.1637,0.0000,0.0000,0.0,0.0,0.1700,47.6,55.4,0.300,0,0,0,0,,,,,916,339,,,,,CHERP___FAM50A_unrelaxed_rank_005_alphafold2_multimer_v3_model_3_seed_000.pdb
CHERP___RB1,1,2,A,B,0.0322,71.6,2.3,0.0118,0.6149,0.0261,0.0396,233.0,22.0,0.2100,43.6,68.9,0.460,114,5,14,4,87.8,27.0,83.7,27.4,916,928,"[156-165,167-184,187,189-202,208-228,232-250,256-274,277-285,288,291-292]",[43-47],"[216,219-220,222-223,259-260,262-263,265-267,269-270]",[44-47],CHERP___RB1_unrelaxed_rank_001_alphafold2_multimer_v3_model_2_seed_000.pdb
CHERP___RB1,2,4,A,B,0.0123,4.0,0.0,0.0000,0.5823,0.0084,0.0179,8.0,2.0,0.2100,40.1,67.5,0.460,6,3,2,2,82.9,26.4,78.1,26.1,916,928,"[197,216,266-267,273,281]","[44-45,47]","[216,266]","[44,47]",CHERP___RB1_unrelaxed_rank_002_alphafold2_multimer_v3_model_4_seed_000.pdb
CHERP___RB1,3,3,A,B,0.0000,0.0,0.0,0.0000,0.3663,0.0000,0.0000,0.0,0.0,0.2100,41.9,67.9,0.470,0,0,0,0,,,,,916,928,,,,,CHERP___RB1_unrelaxed_rank_003_alphafold2_multimer_v3_model_3_seed_000.pdb
CHERP___RB1,4,5,A,B,0.0000,0.0,0.0,0.0000,0.4757,0.0000,0.0000,0.0,0.0,0.2100,41.7,67.8,0.470,0,0,0,0,,,,,916,928,,,,,CHERP___RB1_unrelaxed_rank_004_alphafold2_multimer_v3_model_5_seed_000.pdb
CHERP___RB1,5,1,A,B,0.0011,1.4,0.0,0.0000,0.5079,0.0015,0.0008,2.0,1.0,0.2100,41.3,67.1,0.450,2,1,1,1,81.3,25.5,79.1,25.5,916,928,"[216,266]",[45],[266],[45],CHERP___RB1_unrelaxed_rank_005_alphafold2_multimer_v3_model_1_seed_000.pdb
CSTB___AGAP3,1,5,A,B,0.0000,0.0,0.0,0.0000,0.2291,0.0000,0.0000,0.0,0.0,0.2400,74.6,59.5,0.340,0,0,0,0,,,,,98,875,,,,,CSTB___AGAP3_unrelaxed_rank_001_alphafold2_multimer_v3_model_5_seed_000.pdb
CSTB___AGAP3,2,4,A,B,0.0000,0.0,0.0,0.0000,0.2358,0.0000,0.0000,0.0,0.0,0.2400,70.3,58.8,0.330,0,0,0,0,,,,,98,875,,,,,CSTB___AGAP3_unrelaxed_rank_002_alphafold2_multimer_v3_model_4_seed_000.pdb
CSTB___AGAP3,3,1,A,B,0.0000,0.0,0.0,0.0000,0.2087,0.0000,0.0000,0.0,0.0,0.2300,68.6,58.7,0.330,0,0,0,0,,,,,98,875,,,,,CSTB___AGAP3_unrelaxed_rank_003_alphafold2_multimer_v3_model_1_seed_000.pdb
CSTB___AGAP3,4,2,A,B,0.0000,0.0,0.0,0.0000,0.1953,0.0000,0.0000,0.0,0.0,0.1900,75.6,61.3,0.330,0,0,0,0,,,,,98,875,,,,,CSTB___AGAP3_unrelaxed_rank_004_alphafold2_multimer_v3_model_2_seed_000.pdb
CSTB___AGAP3,5,3,A,B,0.0000,0.0,0.0,0.0000,0.1793,0.0000,0.0000,0.0,0.0,0.1900,76.0,61.1,0.330,0,0,0,0,,,,,98,875,,,,,CSTB___AGAP3_unrelaxed_rank_005_alphafold2_multimer_v3_model_3_seed_000.pdb
CSTB___PTBP1,1,1,A,B,0.0000,0.0,0.0,0.0000,0.3032,0.0000,0.0000,0.0,0.0,0.3100,74.0,63.4,0.360,0,0,0,0,,,,,98,557,,,,,CSTB___PTBP1_unrelaxed_rank_001_alphafold2_multimer_v3_model_1_seed_000.pdb
CSTB___PTBP1,2,3,A,B,0.0000,0.0,0.0,0.0000,0.2101,0.0000,0.0000,0.0,0.0,0.2100,76.7,62.8,0.360,0,0,0,0,,,,,98,557,,,,,CSTB___PTBP1_unrelaxed_rank_002_alphafold2_multimer_v3_model_3_seed_000.pdb
CSTB___PTBP1,3,2,A,B,0.0000,0.0,0.0,0.0000,0.1554,0.0000,0.0000,0.0,0.0,0.1900,80.0,65.2,0.360,0,0,0,0,,,,,98,557,,,,,CSTB___PTBP1_unrelaxed_rank_003_alphafold2_multimer_v3_model_2_seed_000.pdb
CSTB___PTBP1,4,5,A,B,0.0000,0.0,0.0,0.0000,0.1355,0.0000,0.0000,0.0,0.0,0.1600,78.5,63.8,0.360,0,0,0,0,,,,,98,557,,,,,CSTB___PTBP1_unrelaxed_rank_004_alphafold2_multimer_v3_model_5_seed_000.pdb
CSTB___PTBP1,5,4,A,B,0.0000,0.0,0.0,0.0000,0.1325,0.0000,0.0000,0.0,0.0,0.1400,76.8,62.8,0.360,0,0,0,0,,,,,98,557,,,,,CSTB___PTBP1_unrelaxed_rank_005_alphafold2_multimer_v3_model_4_seed_000.pdb
EDC3___PPP1R10,1,3,A,B,0.0557,79.5,4.4,0.0135,0.6529,0.0521,0.0596,316.0,20.0,0.3000,61.7,31.7,0.320,70,18,13,7,78.6,42.4,75.9,42.3,508,940,"[5-14,16,18-47,49-56,58-65,315,335-338,381-382,425,430,438-439,474,503]","[289-296,493-496,930-932,934-936]","[5,8,10,28,30,33,35,52,56,59,61-62,64]","[291-292,294-296,931,934]",EDC3___PPP1R10_unrelaxed_rank_001_alphafold2_multimer_v3_model_3_seed_000.pdb
EDC3___PPP1R10,2,2,A,B,0.0784,185.6,14.5,0.0141,0.6782,0.0634,0.0970,1076.0,32.0,0.3000,63.4,31.1,0.310,254,22,16,9,90.0,43.7,74.8,43.8,508,940,"[2-16,18-66,261-263,270-326,335-369,376,378-389,391-394,398-399,403-411,422-432,437-442,444,454-467,471-489,491-506]","[287-296,429-440]","[2,4-5,8,28,30,33,35,56,62,64,318,322-323,500,502]","[288,291-292,294-296,432-433,436]",EDC3___PPP1R10_unrelaxed_rank_002_alphafold2_multimer_v3_model_2_seed_000.pdb
EDC3___PPP1R10,3,1,A,B,0.1553,235.4,36.6,0.0217,0.7530,0.1079,0.2234,1131.0,49.0,0.2800,63.6,30.8,0.310,182,131,16,15,91.2,85.1,75.9,69.3,508,940,"[187-195,261-262,270-280,282-295,297,299-326,335-338,340-342,344-345,348-366,368,378-389,391-393,398-399,403-411,424-432,434,437-441,444,454-460,462,464-467,470-479,481-486,488-489,491-506]","[12,18-19,22,24-25,28-40,42-147,494-499]","[188,190-194,314-315,317-319,473,475,500,502,504]","[105,108-109,114-115,118,137,140-141,144,495-499]",EDC3___PPP1R10_unrelaxed_rank_003_alphafold2_multimer_v3_model_1_seed_000.pdb
EDC3___PPP1R10,4,4,A,B,0.0000,0.0,0.0,0.0000,0.3217,0.0000,0.0000,0.0,0.0,0.2100,61.6,31.2,0.300,0,0,0,0,,,,,508,940,,,,,EDC3___PPP1R10_unrelaxed_rank_004_alphafold2_multimer_v3_model_4_seed_000.pdb
EDC3___PPP1R10,5,5,A,B,0.0000,0.0,0.0,0.0000,0.3566,0.0000,0.0000,0.0,0.0,0.2000,62.6,30.7,0.300,0,0,0,0,,,,,508,940,,,,,EDC3___PPP1R10_unrelaxed_rank_005_alphafold2_multimer_v3_model_5_seed_000.pdb
EPB41___NCL,1,3,A,B,0.2774,553.7,153.6,0.0836,0.8561,0.2152,0.3575,3982.0,77.0,0.3600,47.8,43.8,0.350,305,17,24,10,89.0,47.3,83.3,57.2,864,710,"[210-257,260-277,279-342,349-357,359-374,376-495,504-533]",[200-216],"[434-435,437-444,470-471,474,477,480-481,484,488-490,504-507]","[204,206-214]",EPB41___NCL_unrelaxed_rank_001_alphafold2_multimer_v3_model_3_seed_000.pdb
EPB41___NCL,2,1,A,B,0.0000,0.0,0.0,0.0000,0.3770,0.0000,0.0000,0.0,0.0,0.2000,47.2,38.6,0.350,0,0,0,0,,,,,864,710,,,,,EPB41___NCL_unrelaxed_rank_002_alphafold2_multimer_v3_model_1_seed_000.pdb
EPB41___NCL,3,5,A,B,0.0000,0.0,0.0,0.0000,0.2756,0.0000,0.0000,0.0,0.0,0.1900,47.5,43.1,0.340,0,0,0,0,,,,,864,710,,,,,EPB41___NCL_unrelaxed_rank_003_alphafold2_multimer_v3_model_5_seed_000.pdb
EPB41___NCL,4,2,A,B,0.0000,0.0,0.0,0.0000,0.2867,0.0000,0.0000,0.0,0.0,0.1800,48.8,41.8,0.340,0,0,0,0,,,,,864,710,,,,,EPB41___NCL_unrelaxed_rank_004_alphafold2_multimer_v3_model_2_seed_000.pdb
EPB41___NCL,5,4,A,B,0.0000,0.0,0.0,0.0000,0.1953,0.0000,0.0000,0.0,0.0,0.1700,45.6,39.8,0.330,0,0,0,0,,,,,864,710,,,,,EPB41___NCL_unrelaxed_rank_005_alphafold2_multimer_v3_model_4_seed_000.pdb
FAM50A___LUC7L2,1,1,A,B,0.0000,0.0,0.0,0.0000,0.1520,0.0000,0.0000,0.0,0.0,0.1500,60.7,59.6,0.360,0,0,0,0,,,,,339,392,,,,,FAM50A___LUC7L2_unrelaxed_rank_001_alphafold2_multimer_v3_model_1_seed_000.pdb
FAM50A___LUC7L2,2,3,A,B,0.0000,0.0,0.0,0.0000,0.1694,0.0000,0.0000,0.0,0.0,0.1200,59.2,59.8,0.370,0,0,0,0,,,,,339,392,,,,,FAM50A___LUC7L2_unrelaxed_rank_002_alphafold2_multimer_v3_model_3_seed_000.pdb
FAM50A___LUC7L2,3,4,A,B,0.0000,0.0,0.0,0.0000,0.1191,0.0000,0.0000,0.0,0.0,0.1100,56.8,58.8,0.320,0,0,0,0,,,,,339,392,,,,,FAM50A___LUC7L2_unrelaxed_rank_003_alphafold2_multimer_v3_model_4_seed_000.pdb
FAM50A___LUC7L2,4,5,A,B,0.0000,0.0,0.0,0.0000,0.0987,0.0000,0.0000,0.0,0.0,0.1100,60.1,59.1,0.320,0,0,0,0,,,,,339,392,,,,,FAM50A___LUC7L2_unrelaxed_rank_004_alphafold2_multimer_v3_model_5_seed_000.pdb
FAM50A___LUC7L2,5,2,A,B,0.0000,0.0,0.0,0.0000,0.1016,0.0000,0.0000,0.0,0.0,0.1000,62.7,61.0,0.320,0,0,0,0,,,,,339,392,,,,,FAM50A___LUC7L2_unrelaxed_rank_005_alphafold2_multimer_v3_model_2_seed_000.pdb
FUBP1___CDK4,1,5,A,B,0.4130,593.4,245.1,0.4089,0.9210,0.3005,0.5676,7043.0,50.0,0.7100,41.6,77.3,0.400,22,278,8,14,42.5,79.8,48.0,85.9,644,303,[607-628],"[11,14-15,17-25,30-42,48-300]","[608-609,611,614-615,617-618,621]","[129,132-133,135,137,190-194,280-281,285,287]",FUBP1___CDK4_unrelaxed_rank_001_alphafold2_multimer_v3_model_5_seed_000.pdb
FUBP1___CDK4,2,2,A,B,0.1014,211.2,21.4,0.0147,0.5430,0.0892,0.1153,1593.0,28.0,0.4700,40.7,78.0,0.400,14,191,5,11,37.4,89.1,39.4,82.4,644,303,[609-622],"[60,62,64,66,68-75,91,93-94,96,98-106,112-150,152-157,159-160,162-164,177-240,244-295]","[611,614-615,617-618]","[132-133,190-194,280-281,285,287]",FUBP1___CDK4_unrelaxed_rank_002_alphafold2_multimer_v3_model_2_seed_000.pdb
FUBP1___CDK4,3,3,A,B,0.0401,20.3,0.8,0.0000,0.4324,0.0408,0.0394,103.0,4.0,0.3600,40.1,75.7,0.400,6,80,2,3,35.0,91.6,34.4,78.7,644,303,"[611-612,614-616,618]","[71-72,99-101,103,117-118,124-125,128-139,147-148,155-156,179,191-195,197,199-203,205-207,212,219-220,222-223,225-230,233,235-237,249,254,257,264,267-270,272,274-275,277-289]","[615,618]","[135,192-193]",FUBP1___CDK4_unrelaxed_rank_003_alphafold2_multimer_v3_model_3_seed_000.pdb
FUBP1___CDK4,4,1,A,B,0.0092,6.3,0.1,0.0000,0.4120,0.0099,0.0085,10.0,4.0,0.3000,40.1,76.4,0.400,4,9,2,4,30.7,80.1,30.4,82.6,644,303,"[64-65,67-68]","[99,101,144,178,211-212,215,217-218]","[64,67]","[144,178,212,215]",FUBP1___CDK4_unrelaxed_rank_004_alphafold2_multimer_v3_model_1_seed_000.pdb
FUBP1___CDK4,5,4,A,B,0.0000,0.0,0.0,0.0000,0.1804,0.0000,0.0000,0.0,0.0,0.2000,38.7,76.9,0.390,0,0,0,0,,,,,644,303,,,,,FUBP1___CDK4_unrelaxed_rank_005_alphafold2_multimer_v3_model_4_seed_000.pdb
FUBP1___DHX15,1,1,A,B,0.0494,148.6,7.3,0.0134,0.5545,0.0426,0.0573,761.0,29.0,0.3600,41.4,78.4,0.510,15,249,12,17,37.1,91.2,37.3,82.5,644,795,"[30-39,63-67]","[143-144,147-151,153,157-158,171-172,174-176,188,200,202-204,206-208,216,233,245,248,251,256,258,271-276,278-279,287,289,300-302,309-310,507,510-525,527,529-569,571-597,600,613,615,617,619-621,623-636,642,645-648,653-674,684-699,701-704,709,711-712,717-722,731-738,740,746-747,749,751-769,772-773,775-780,782-783]","[31-35,37-39,63-66]","[523,533,536-537,540-541,544,551-553,568,594-597,737-738]",FUBP1___DHX15_unrelaxed_rank_001_alphafold2_multimer_v3_model_1_seed_000.pdb
FUBP1___DHX15,2,4,A,B,0.0000,0.0,0.0,0.0000,0.3222,0.0000,0.0000,0.0,0.0,0.2700,39.5,78.9,0.520,0,0,0,0,,,,,644,795,,,,,FUBP1___DHX15_unrelaxed_rank_002_alphafold2_multimer_v3_model_4_seed_000.pdb
FUBP1___DHX15,3,5,A,B,0.0000,0.0,0.0,0.0000,0.3572,0.0000,0.0000,0.0,0.0,0.2700,40.2,80.5,0.520,0,0,0,0,,,,,644,795,,,,,FUBP1___DHX15_unrelaxed_rank_003_alphafold2_multimer_v3_model_5_seed_000.pdb
FUBP1___DHX15,4,3,A,B,0.0000,0.0,0.0,0.0000,0.3663,0.0000,0.0000,0.0,0.0,0.2600,40.8,80.3,0.530,0,0,0,0,,,,,644,795,,,,,FUBP1___DHX15_unrelaxed_rank_004_alphafold2_multimer_v3_model_3_seed_000.pdb
FUBP1___DHX15,5,2,A,B,0.0000,0.0,0.0,0.0000,0.3571,0.0000,0.0000,0.0,0.0,0.2200,40.8,80.7,0.510,0,0,0,0,,,,,644,795,,,,,FUBP1___DHX15_unrelaxed_rank_005_alphafold2_multimer_v3_model_2_seed_000.pdb
FUBP1___DNAJA1,1,3,A,B,0.0000,0.0,0.0,0.0000,0.2289,0.0000,0.0000,0.0,0.0,0.1600,40.8,75.5,0.320,0,0,0,0,,,,,644,397,,,,,FUBP1___DNAJA1_unrelaxed_rank_001_alphafold2_multimer_v3_model_3_seed_000.pdb
FUBP1___DNAJA1,2,1,A,B,0.0000,0.0,0.0,0.0000,0.1480,0.0000,0.0000,0.0,0.0,0.1400,42.8,76.7,0.320,0,0,0,0,,,,,644,397,,,,,FUBP1___DNAJA1_unrelaxed_rank_002_alphafold2_multimer_v3_model_1_seed_000.pdb
FUBP1___DNAJA1,3,2,A,B,0.0000,0.0,0.0,0.0000,0.1339,0.0000,0.0000,0.0,0.0,0.1400,44.3,76.1,0.320,0,0,0,0,,,,,644,397,,,,,FUBP1___DNAJA1_unrelaxed_rank_003_alphafold2_multimer_v3_model_2_seed_000.pdb
FUBP1___DNAJA1,4,5,A,B,0.0000,0.0,0.0,0.0000,0.1246,0.0000,0.0000,0.0,0.0,0.1300,43.2,77.6,0.310,0,0,0,0,,,,,644,397,,,,,FUBP1___DNAJA1_unrelaxed_rank_004_alphafold2_multimer_v3_model_5_seed_000.pdb
FUBP1___DNAJA1,5,4,A,B,0.0000,0.0,0.0,0.0000,0.1294,0.0000,0.0000,0.0,0.0,0.1300,40.3,75.7,0.320,0,0,0,0,,,,,644,397,,,,,FUBP1___DNAJA1_unrelaxed_rank_005_alphafold2_multimer_v3_model_4_seed_000.pdb
FUBP1___KHSRP,1,1,A,B,0.0000,0.0,0.0,0.0000,0.1714,0.0000,0.0000,0.0,0.0,0.1700,40.2,38.5,0.220,0,0,0,0,,,,,644,711,,,,,FUBP1___KHSRP_unrelaxed_rank_001_alphafold2_multimer_v3_model_1_seed_000.pdb
FUBP1___KHSRP,2,2,A,B,0.0000,0.0,0.0,0.0000,0.2136,0.0000,0.0000,0.0,0.0,0.1600,44.0,41.6,0.210,0,0,0,0,,,,,644,711,,,,,FUBP1___KHSRP_unrelaxed_rank_002_alphafold2_multimer_v3_model_2_seed_000.pdb
FUBP1___KHSRP,3,4,A,B,0.0000,0.0,0.0,0.0000,0.1913,0.0000,0.0000,0.0,0.0,0.1500,40.4,38.3,0.200,0,0,0,0,,,,,644,711,,,,,FUBP1___KHSRP_unrelaxed_rank_003_alphafold2_multimer_v3_model_4_seed_000.pdb
FUBP1___KHSRP,4,3,A,B,0.0000,0.0,0.0,0.0000,0.1682,0.0000,0.0000,0.0,0.0,0.1500,40.3,37.3,0.200,0,0,0,0,,,,,644,711,,,,,FUBP1___KHSRP_unrelaxed_rank_004_alphafold2_multimer_v3_model_3_seed_000.pdb
FUBP1___KHSRP,5,5,A,B,0.0000,0.0,0.0,0.0000,0.1515,0.0000,0.0000,0.0,0.0,0.1500,45.1,41.7,0.200,0,0,0,0,,,,,644,711,,,,,FUBP1___KHSRP_unrelaxed_rank_005_alphafold2_multimer_v3_model_5_seed_000.pdb
FUBP1___PTBP1,1,5,A,B,0.0000,0.0,0.0,0.0000,0.3622,0.0000,0.0000,0.0,0.0,0.2300,43.0,66.9,0.280,0,0,0,0,,,,,644,557,,,,,FUBP1___PTBP1_unrelaxed_rank_001_alphafold2_multimer_v3_model_5_seed_000.pdb
FUBP1___PTBP1,2,3,A,B,0.0000,0.0,0.0,0.0000,0.2268,0.0000,0.0000,0.0,0.0,0.1900,39.8,64.3,0.290,0,0,0,0,,,,,644,557,,,,,FUBP1___PTBP1_unrelaxed_rank_002_alphafold2_multimer_v3_model_3_seed_000.pdb
FUBP1___PTBP1,3,4,A,B,0.0000,0.0,0.0,0.0000,0.2611,0.0000,0.0000,0.0,0.0,0.1800,40.7,64.2,0.280,0,0,0,0,,,,,644,557,,,,,FUBP1___PTBP1_unrelaxed_rank_003_alphafold2_multimer_v3_model_4_seed_000.pdb
FUBP1___PTBP1,4,2,A,B,0.0000,0.0,0.0,0.0000,0.2167,0.0000,0.0000,0.0,0.0,0.1800,43.5,66.6,0.290,0,0,0,0,,,,,644,557,,,,,FUBP1___PTBP1_unrelaxed_rank_004_alphafold2_multimer_v3_model_2_seed_000.pdb
FUBP1___PTBP1,5,1,A,B,0.0000,0.0,0.0,0.0000,0.1671,0.0000,0.0000,0.0,0.0,0.1700,39.4,62.8,0.290,0,0,0,0,,,,,644,557,,,,,FUBP1___PTBP1_unrelaxed_rank_005_alphafold2_multimer_v3_model_1_seed_000.pdb
FUBP1___SET,1,4,A,B,0.1778,573.9,102.0,0.1294,0.6735,0.1130,0.2799,8033.0,41.0,0.4600,41.4,62.8,0.340,71,151,11,10,76.9,84.1,79.1,65.2,644,290,[277-347],"[65-157,165-181,200-209,211-241]","[294-295,298-300,302-303,306,308-310]","[91-92,231,233-238,240]",FUBP1___SET_unrelaxed_rank_001_alphafold2_multimer_v3_model_4_seed_000.pdb
FUBP1___SET,2,1,A,B,0.0000,0.0,0.0,0.0000,0.3406,0.0000,0.0000,0.0,0.0,0.1800,42.4,61.4,0.310,0,0,0,0,,,,,644,290,,,,,FUBP1___SET_unrelaxed_rank_002_alphafold2_multimer_v3_model_1_seed_000.pdb
FUBP1___SET,3,5,A,B,0.0000,0.0,0.0,0.0000,0.1942,0.0000,0.0000,0.0,0.0,0.1700,42.5,62.8,0.300,0,0,0,0,,,,,644,290,,,,,FUBP1___SET_unrelaxed_rank_003_alphafold2_multimer_v3_model_5_seed_000.pdb
FUBP1___SET,4,2,A,B,0.0000,0.0,0.0,0.0000,0.2697,0.0000,0.0000,0.0,0.0,0.1700,44.1,62.9,0.300,0,0,0,0,,,,,644,290,,,,,FUBP1___SET_unrelaxed_rank_004_alphafold2_multimer_v3_model_2_seed_000.pdb
FUBP1___SET,5,3,A,B,0.0000,0.0,0.0,0.0000,0.2467,0.0000,0.0000,0.0,0.0,0.1600,40.6,62.0,0.310,0,0,0,0,,,,,644,290,,,,,FUBP1___SET_unrelaxed_rank_005_alphafold2_multimer_v3_model_3_seed_000.pdb
FUS___ATXN2L,1,4,A,B,0.0413,6.2,0.3,0.0115,0.6330,0.0307,0.0556,13.0,3.0,0.1900,30.9,25.5,0.230,10,3,3,1,62.6,47.7,62.3,48.2,526,1075,"[426-427,436-440,443,446-447]","[209-210,212]",[436-438],[210],FUS___ATXN2L_unrelaxed_rank_001_alphafold2_multimer_v3_model_4_seed_000.pdb
FUS___ATXN2L,2,3,A,B,0.0000,0.0,0.0,0.0000,0.4754,0.0000,0.0000,0.0,0.0,0.1800,29.5,25.4,0.220,0,0,0,0,,,,,526,1075,,,,,FUS___ATXN2L_unrelaxed_rank_002_alphafold2_multimer_v3_model_3_seed_000.pdb
FUS___ATXN2L,3,2,A,B,0.0000,0.0,0.0,0.0000,0.1624,0.0000,0.0000,0.0,0.0,0.1700,31.8,24.8,0.220,0,0,0,0,,,,,526,1075,,,,,FUS___ATXN2L_unrelaxed_rank_003_alphafold2_multimer_v3_model_2_seed_000.pdb
FUS___ATXN2L,4,1,A,B,0.0000,0.0,0.0,0.0000,0.2493,0.0000,0.0000,0.0,0.0,0.1700,29.9,24.6,0.220,0,0,0,0,,,,,526,1075,,,,,FUS___ATXN2L_unrelaxed_rank_004_alphafold2_multimer_v3_model_1_seed_000.pdb
FUS___ATXN2L,5,5,A,B,0.0000,0.0,0.0,0.0000,0.1669,0.0000,0.0000,0.0,0.0,0.1600,31.6,26.8,0.220,0,0,0,0,,,,,526,1075,,,,,FUS___ATXN2L_unrelaxed_rank_005_alphafold2_multimer_v3_model_5_seed_000.pdb
FUS___CDC37,1,4,A,B,0.0000,0.0,0.0,0.0000,0.2969,0.0000,0.0000,0.0,0.0,0.1600,30.0,69.3,0.320,0,0,0,0,,,,,526,378,,,,,FUS___CDC37_unrelaxed_rank_001_alphafold2_multimer_v3_model_4_seed_000.pdb
FUS___CDC37,2,3,A,B,0.0000,0.0,0.0,0.0000,0.1531,0.0000,0.0000,0.0,0.0,0.1400,28.7,66.9,0.300,0,0,0,0,,,,,526,378,,,,,FUS___CDC37_unrelaxed_rank_002_alphafold2_multimer_v3_model_3_seed_000.pdb
FUS___CDC37,3,1,A,B,0.0000,0.0,0.0,0.0000,0.1120,0.0000,0.0000,0.0,0.0,0.1400,30.1,71.2,0.290,0,0,0,0,,,,,526,378,,,,,FUS___CDC37_unrelaxed_rank_003_alphafold2_multimer_v3_model_1_seed_000.pdb
FUS___CDC37,4,2,A,B,0.0000,0.0,0.0,0.0000,0.1226,0.0000,0.0000,0.0,0.0,0.1200,30.1,71.5,0.290,0,0,0,0,,,,,526,378,,,,,FUS___CDC37_unrelaxed_rank_004_alphafold2_multimer_v3_model_2_seed_000.pdb
FUS___CDC37,5,5,A,B,0.0000,0.0,0.0,0.0000,0.1244,0.0000,0.0000,0.0,0.0,0.1200,30.0,68.3,0.290,0,0,0,0,,,,,526,378,,,,,FUS___CDC37_unrelaxed_rank_005_alphafold2_multimer_v3_model_5_seed_000.pdb
HMGB1___LUC7L2,1,1,A,B,0.0000,0.0,0.0,0.0000,0.1219,0.0000,0.0000,0.0,0.0,0.1400,65.6,63.2,0.420,0,0,0,0,,,,,215,392,,,,,HMGB1___LUC7L2_unrelaxed_rank_001_alphafold2_multimer_v3_model_1_seed_000.pdb
HMGB1___LUC7L2,2,4,A,B,0.0000,0.0,0.0,0.0000,0.0769,0.0000,0.0000,0.0,0.0,0.1300,63.6,61.7,0.410,0,0,0,0,,,,,215,392,,,,,HMGB1___LUC7L2_unrelaxed_rank_002_alphafold2_multimer_v3_model_4_seed_000.pdb
HMGB1___LUC7L2,3,3,A,B,0.0000,0.0,0.0,0.0000,0.1007,0.0000,0.0000,0.0,0.0,0.1300,65.9,61.5,0.410,0,0,0,0,,,,,215,392,,,,,HMGB1___LUC7L2_unrelaxed_rank_003_alphafold2_multimer_v3_model_3_seed_000.pdb
HMGB1___LUC7L2,4,5,A,B,0.0000,0.0,0.0,0.0000,0.0000,0.0000,0.0000,0.0,0.0,0.1100,65.1,61.9,0.410,0,0,0,0,,,,,215,392,,,,,HMGB1___LUC7L2_unrelaxed_rank_004_alphafold2_multimer_v3_model_5_seed_000.pdb
HMGB1___LUC7L2,5,2,A,B,0.0000,0.0,0.0,0.0000,0.0780,0.0000,0.0000,0.0,0.0,0.1000,66.2,61.7,0.410,0,0,0,0,,,,,215,392,,,,,HMGB1___LUC7L2_unrelaxed_rank_005_alphafold2_multimer_v3_model_2_seed_000.pdb
KHSRP___FAM50A,1,3,A,B,0.0000,0.0,0.0,0.0000,0.2178,0.0000,0.0000,0.0,0.0,0.2000,40.7,55.8,0.260,0,0,0,0,,,,,711,339,,,,,KHSRP___FAM50A_unrelaxed_rank_001_alphafold2_multimer_v3_model_3_seed_000.pdb
KHSRP___FAM50A,2,2,A,B,0.0000,0.0,0.0,0.0000,0.2001,0.0000,0.0000,0.0,0.0,0.1800,43.6,62.0,0.260,0,0,0,0,,,,,711,339,,,,,KHSRP___FAM50A_unrelaxed_rank_002_alphafold2_multimer_v3_model_2_seed_000.pdb
KHSRP___FAM50A,3,4,A,B,0.0000,0.0,0.0,0.0000,0.2128,0.0000,0.0000,0.0,0.0,0.1600,39.9,54.5,0.260,0,0,0,0,,,,,711,339,,,,,KHSRP___FAM50A_unrelaxed_rank_003_alphafold2_multimer_v3_model_4_seed_000.pdb
KHSRP___FAM50A,4,5,A,B,0.0000,0.0,0.0,0.0000,0.1453,0.0000,0.0000,0.0,0.0,0.1600,43.9,59.5,0.260,0,0,0,0,,,,,711,339,,,,,KHSRP___FAM50A_unrelaxed_rank_004_alphafold2_multimer_v3_model_5_seed_000.pdb
KHSRP___FAM50A,5,1,A,B,0.0000,0.0,0.0,0.0000,0.1495,0.0000,0.0000,0.0,0.0,0.1500,42.4,60.5,0.260,0,0,0,0,,,,,711,339,,,,,KHSRP___FAM50A_unrelaxed_rank_005_alphafold2_multimer_v3_model_1_seed_000.pdb
MATR3___DNAJA1,1,1,A,B,0.0000,0.0,0.0,0.0000,0.3098,0.0000,0.0000,0.0,0.0,0.2000,38.6,74.8,0.300,0,0,0,0,,,,,847,397,,,,,MATR3___DNAJA1_unrelaxed_rank_001_alphafold2_multimer_v3_model_1_seed_000.pdb
MATR3___DNAJA1,2,3,A,B,0.0000,0.0,0.0,0.0000,0.1637,0.0000,0.0000,0.0,0.0,0.1600,39.7,72.7,0.300,0,0,0,0,,,,,847,397,,,,,MATR3___DNAJA1_unrelaxed_rank_002_alphafold2_multimer_v3_model_3_seed_000.pdb
MATR3___DNAJA1,3,4,A,B,0.0000,0.0,0.0,0.0000,0.1448,0.0000,0.0000,0.0,0.0,0.1600,37.8,73.3,0.290,0,0,0,0,,,,,847,397,,,,,MATR3___DNAJA1_unrelaxed_rank_003_alphafold2_multimer_v3_model_4_seed_000.pdb
MATR3___DNAJA1,4,2,A,B,0.0000,0.0,0.0,0.0000,0.1498,0.0000,0.0000,0.0,0.0,0.1500,41.2,76.4,0.300,0,0,0,0,,,,,847,397,,,,,MATR3___DNAJA1_unrelaxed_rank_004_alphafold2_multimer_v3_model_2_seed_000.pdb
MATR3___DNAJA1,5,5,A,B,0.0000,0.0,0.0,0.0000,0.1461,0.0000,0.0000,0.0,0.0,0.1500,40.3,74.8,0.290,0,0,0,0,,,,,847,397,,,,,MATR3___DNAJA1_unrelaxed_rank_005_alphafold2_multimer_v3_model_5_seed_000.pdb
MATR3___EPB41,1,4,A,B,0.0000,0.0,0.0,0.0000,0.3254,0.0000,0.0000,0.0,0.0,0.2100,36.0,42.5,0.330,0,0,0,0,,,,,847,864,,,,,MATR3___EPB41_unrelaxed_rank_001_alphafold2_multimer_v3_model_4_seed_000.pdb
MATR3___EPB41,2,1,A,B,0.0000,0.0,0.0,0.0000,0.2117,0.0000,0.0000,0.0,0.0,0.1900,36.0,44.5,0.330,0,0,0,0,,,,,847,864,,,,,MATR3___EPB41_unrelaxed_rank_002_alphafold2_multimer_v3_model_1_seed_000.pdb
MATR3___EPB41,3,5,A,B,0.0000,0.0,0.0,0.0000,0.2159,0.0000,0.0000,0.0,0.0,0.1900,38.1,45.5,0.330,0,0,0,0,,,,,847,864,,,,,MATR3___EPB41_unrelaxed_rank_003_alphafold2_multimer_v3_model_5_seed_000.pdb
MATR3___EPB41,4,2,A,B,0.0000,0.0,0.0,0.0000,0.2101,0.0000,0.0000,0.0,0.0,0.1800,40.1,46.9,0.340,0,0,0,0,,,,,847,864,,,,,MATR3___EPB41_unrelaxed_rank_004_alphafold2_multimer_v3_model_2_seed_000.pdb
MATR3___EPB41,5,3,A,B,0.0000,0.0,0.0,0.0000,0.2194,0.0000,0.0000,0.0,0.0,0.1800,36.0,42.2,0.310,0,0,0,0,,,,,847,864,,,,,MATR3___EPB41_unrelaxed_rank_005_alphafold2_multimer_v3_model_3_seed_000.pdb
MATR3___HMGB1,1,4,A,B,0.3259,831.2,270.9,0.1812,0.8739,0.2205,0.4817,7272.0,95.0,0.4300,42.0,63.0,0.280,81,83,19,14,77.7,78.0,81.3,75.3,847,215,"[249-251,260-337]","[85-116,120-170]","[264-267,269,273-274,276-277,294-295,297,317-318,321-322,324-326]","[95,154,156-167]",MATR3___HMGB1_unrelaxed_rank_001_alphafold2_multimer_v3_model_4_seed_000.pdb
MATR3___HMGB1,2,2,A,B,0.0000,0.0,0.0,0.0000,0.3014,0.0000,0.0000,0.0,0.0,0.2100,44.3,63.7,0.210,0,0,0,0,,,,,847,215,,,,,MATR3___HMGB1_unrelaxed_rank_002_alphafold2_multimer_v3_model_2_seed_000.pdb
MATR3___HMGB1,3,3,A,B,0.0000,0.0,0.0,0.0000,0.1630,0.0000,0.0000,0.0,0.0,0.1700,40.9,60.0,0.220,0,0,0,0,,,,,847,215,,,,,MATR3___HMGB1_unrelaxed_rank_003_alphafold2_multimer_v3_model_3_seed_000.pdb
MATR3___HMGB1,4,5,A,B,0.0000,0.0,0.0,0.0000,0.1394,0.0000,0.0000,0.0,0.0,0.1600,42.8,64.1,0.220,0,0,0,0,,,,,847,215,,,,,MATR3___HMGB1_unrelaxed_rank_004_alphafold2_multimer_v3_model_5_seed_000.pdb
MATR3___HMGB1,5,1,A,B,0.0000,0.0,0.0,0.0000,0.1415,0.0000,0.0000,0.0,0.0,0.1600,40.9,62.4,0.220,0,0,0,0,,,,,847,215,,,,,MATR3___HMGB1_unrelaxed_rank_005_alphafold2_multimer_v3_model_1_seed_000.pdb
MATR3___SMAP,1,2,A,B,0.0893,69.6,6.2,0.0143,0.5412,0.0749,0.1063,255.0,19.0,0.2000,44.1,26.3,0.220,38,11,6,6,56.6,48.1,57.7,47.5,847,183,[111-148],[36-46],"[122,125-126,133,135,138]","[37,40-41,44-46]",MATR3___SMAP_unrelaxed_rank_001_alphafold2_multimer_v3_model_2_seed_000.pdb
MATR3___SMAP,2,1,A,B,0.0000,0.0,0.0,0.0000,0.3497,0.0000,0.0000,0.0,0.0,0.1800,42.7,22.8,0.230,0,0,0,0,,,,,847,183,,,,,MATR3___SMAP_unrelaxed_rank_002_alphafold2_multimer_v3_model_1_seed_000.pdb
MATR3___SMAP,3,4,A,B,0.0464,16.7,0.8,0.0113,0.4772,0.0423,0.0508,93.0,3.0,0.1900,44.0,25.1,0.210,32,7,2,1,58.9,45.5,55.9,44.3,847,183,"[111-115,117-125,127,129,132-147]",[39-45],"[135,138]",[44],MATR3___SMAP_unrelaxed_rank_003_alphafold2_multimer_v3_model_4_seed_000.pdb
MATR3___SMAP,4,3,A,B,0.0000,0.0,0.0,0.0000,0.3672,0.0090,0.0000,2.0,0.0,0.1800,42.5,24.4,0.230,2,2,0,0,58.3,41.2,,,847,183,"[115,121]",[40-41],,,MATR3___SMAP_unrelaxed_rank_004_alphafold2_multimer_v3_model_3_seed_000.pdb
MATR3___SMAP,5,5,A,B,0.0000,0.0,0.0,0.0000,0.2322,0.0000,0.0000,0.0,0.0,0.1500,46.1,23.4,0.220,0,0,0,0,,,,,847,183,,,,,MATR3___SMAP_unrelaxed_rank_005_alphafold2_multimer_v3_model_5_seed_000.pdb
MRPL12___ATXN2L,1,1,A,B,0.0000,0.0,0.0,0.0000,0.2201,0.0000,0.0000,0.0,0.0,0.1800,47.6,26.7,0.220,0,0,0,0,,,,,198,1075,,,,,MRPL12___ATXN2L_unrelaxed_rank_001_alphafold2_multimer_v3_model_1_seed_000.pdb
MRPL12___ATXN2L,2,3,A,B,0.0000,0.0,0.0,0.0000,0.2218,0.0000,0.0000,0.0,0.0,0.1700,47.5,28.1,0.230,0,0,0,0,,,,,198,1075,,,,,MRPL12___ATXN2L_unrelaxed_rank_002_alphafold2_multimer_v3_model_3_seed_000.pdb
MRPL12___ATXN2L,3,5,A,B,0.0000,0.0,0.0,0.0000,0.2168,0.0000,0.0000,0.0,0.0,0.1600,47.1,28.9,0.230,0,0,0,0,,,,,198,1075,,,,,MRPL12___ATXN2L_unrelaxed_rank_003_alphafold2_multimer_v3_model_5_seed_000.pdb
MRPL12___ATXN2L,4,4,A,B,0.0000,0.0,0.0,0.0000,0.2582,0.0000,0.0000,0.0,0.0,0.1600,49.6,27.0,0.220,0,0,0,0,,,,,198,1075,,,,,MRPL12___ATXN2L_unrelaxed_rank_004_alphafold2_multimer_v3_model_4_seed_000.pdb
MRPL12___ATXN2L,5,2,A,B,0.0000,0.0,0.0,0.0000,0.2141,0.0000,0.0000,0.0,0.0,0.1600,53.6,26.9,0.220,0,0,0,0,,,,,198,1075,,,,,MRPL12___ATXN2L_unrelaxed_rank_005_alphafold2_multimer_v3_model_2_seed_000.pdb
MRPL12___CDC5L,1,2,A,B,0.0000,0.0,0.0,0.0000,0.1215,0.0000,0.0000,0.0,0.0,0.1500,47.2,61.8,0.250,0,0,0,0,,,,,198,802,,,,,MRPL12___CDC5L_unrelaxed_rank_001_alphafold2_multimer_v3_model_2_seed_000.pdb
MRPL12___CDC5L,2,1,A,B,0.0000,0.0,0.0,0.0000,0.1249,0.0000,0.0000,0.0,0.0,0.1400,42.9,64.2,0.260,0,0,0,0,,,,,198,802,,,,,MRPL12___CDC5L_unrelaxed_rank_002_alphafold2_multimer_v3_model_1_seed_000.pdb
MRPL12___CDC5L,3,3,A,B,0.0000,0.0,0.0,0.0000,0.1385,0.0000,0.0000,0.0,0.0,0.1400,43.5,62.2,0.280,0,0,0,0,,,,,198,802,,,,,MRPL12___CDC5L_unrelaxed_rank_003_alphafold2_multimer_v3_model_3_seed_000.pdb
MRPL12___CDC5L,4,5,A,B,0.0000,0.0,0.0,0.0000,0.0000,0.0000,0.0000,0.0,0.0,0.1300,42.7,61.5,0.280,0,0,0,0,,,,,198,802,,,,,MRPL12___CDC5L_unrelaxed_rank_004_alphafold2_multimer_v3_model_5_seed_000.pdb
MRPL12___CDC5L,5,4,A,B,0.0000,0.0,0.0,0.0000,0.1299,0.0000,0.0000,0.0,0.0,0.1200,43.0,59.3,0.260,0,0,0,0,,,,,198,802,,,,,MRPL12___CDC5L_unrelaxed_rank_005_alphafold2_multimer_v3_model_4_seed_000.pdb
MRPL12___PPP1R10,1,1,A,B,0.0000,0.0,0.0,0.0000,0.1542,0.0000,0.0000,0.0,0.0,0.1600,46.4,33.8,0.250,0,0,0,0,,,,,198,940,,,,,MRPL12___PPP1R10_unrelaxed_rank_001_alphafold2_multimer_v3_model_1_seed_000.pdb
MRPL12___PPP1R10,2,3,A,B,0.0000,0.0,0.0,0.0000,0.1629,0.0000,0.0000,0.0,0.0,0.1400,49.1,34.5,0.260,0,0,0,0,,,,,198,940,,,,,MRPL12___PPP1R10_unrelaxed_rank_002_alphafold2_multimer_v3_model_3_seed_000.pdb
MRPL12___PPP1R10,3,2,A,B,0.0000,0.0,0.0,0.0000,0.1561,0.0000,0.0000,0.0,0.0,0.1400,52.7,35.5,0.260,0,0,0,0,,,,,198,940,,,,,MRPL12___PPP1R10_unrelaxed_rank_003_alphafold2_multimer_v3_model_2_seed_000.pdb
MRPL12___PPP1R10,4,5,A,B,0.0000,0.0,0.0,0.0000,0.1288,0.0000,0.0000,0.0,0.0,0.1400,47.0,35.6,0.260,0,0,0,0,,,,,198,940,,,,,MRPL12___PPP1R10_unrelaxed_rank_004_alphafold2_multimer_v3_model_5_seed_000.pdb
MRPL12___PPP1R10,5,4,A,B,0.0000,0.0,0.0,0.0000,0.1221,0.0000,0.0000,0.0,0.0,0.1300,49.4,35.6,0.250,0,0,0,0,,,,,198,940,,,,,MRPL12___PPP1R10_unrelaxed_rank_005_alphafold2_multimer_v3_model_4_seed_000.pdb
NASP___AGAP3,1,1,A,B,0.2745,257.2,70.6,0.2363,0.8629,0.2036,0.3701,2067.0,32.0,0.3300,34.9,53.7,0.310,216,12,12,8,82.7,37.2,85.4,38.5,788,875,"[40-103,513-664]",[332-343],"[553,581-582,584-585,588,596,638,641,645,648-649]","[332-333,335,337-339,341-342]",NASP___AGAP3_unrelaxed_rank_001_alphafold2_multimer_v3_model_1_seed_000.pdb
NASP___AGAP3,2,2,A,B,0.2809,344.3,96.7,0.2076,0.9005,0.2242,0.3519,2822.0,42.0,0.3300,37.4,60.4,0.300,214,15,17,8,88.8,39.5,87.6,44.2,788,875,"[39-102,513-662]",[331-345],"[100,550,553-554,556,581-582,584-585,588,596,634,637-638,641,645,648]","[332,334,337-339,341-343]",NASP___AGAP3_unrelaxed_rank_002_alphafold2_multimer_v3_model_2_seed_000.pdb
NASP___AGAP3,3,4,A,B,0.0000,0.0,0.0,0.0000,0.3814,0.0000,0.0000,0.0,0.0,0.2200,35.6,56.5,0.300,0,0,0,0,,,,,788,875,,,,,NASP___AGAP3_unrelaxed_rank_003_alphafold2_multimer_v3_model_4_seed_000.pdb
NASP___AGAP3,4,3,A,B,0.0000,0.0,0.0,0.0000,0.2979,0.0000,0.0000,0.0,0.0,0.2100,36.1,58.0,0.300,0,0,0,0,,,,,788,875,,,,,NASP___AGAP3_unrelaxed_rank_004_alphafold2_multimer_v3_model_3_seed_000.pdb
NASP___AGAP3,5,5,A,B,0.0000,0.0,0.0,0.0000,0.2050,0.0000,0.0000,0.0,0.0,0.1800,36.5,59.1,0.290,0,0,0,0,,,,,788,875,,,,,NASP___AGAP3_unrelaxed_rank_005_alphafold2_multimer_v3_model_5_seed_000.pdb
NASP___CIZ1,1,3,A,B,0.4565,424.6,193.8,0.4133,0.9682,0.3625,0.5748,3919.0,46.0,0.3600,37.2,25.6,0.300,228,17,18,10,86.0,46.1,87.4,52.6,788,898,"[37-107,511-667]",[546-562],"[55,97,100,581-582,584-585,588-589,592,610,614,638,641,645,648-649,652]","[548,550-554,556,558-559,561]",NASP___CIZ1_unrelaxed_rank_001_alphafold2_multimer_v3_model_3_seed_000.pdb
NASP___CIZ1,2,2,A,B,0.1801,559.7,100.8,0.0199,0.8147,0.1590,0.2041,3966.0,79.0,0.2900,38.5,27.8,0.320,214,47,28,17,89.3,55.7,87.1,46.8,788,898,"[39-103,508-627,633-661]","[142-163,655-656,659-663,665-682]","[91,97,99-100,517,521,546-547,550,553-554,556,581,584-586,588-589,592,596,641-642,644-645,647-649,655]","[143-144,146-147,149-151,153-154,156-160,162-163,668]",NASP___CIZ1_unrelaxed_rank_002_alphafold2_multimer_v3_model_2_seed_000.pdb
NASP___CIZ1,3,1,A,B,0.0084,15.1,0.1,0.0000,0.5373,0.0120,0.0058,76.0,3.0,0.2300,36.7,24.7,0.310,63,5,3,3,89.8,28.5,84.3,27.8,788,898,"[52,62-63,65,67-72,87,90,97,516-518,520-522,524-525,527-529,531,535-537,539-543,545-547,550,553-554,572,580-586,593,611,613-615,617,621,639-641,643-646,649,653]",[855-859],"[585,641,645]","[855-856,859]",NASP___CIZ1_unrelaxed_rank_003_alphafold2_multimer_v3_model_1_seed_000.pdb
NASP___CIZ1,4,4,A,B,0.0000,0.0,0.0,0.0000,0.4485,0.0000,0.0000,0.0,0.0,0.2000,37.2,24.4,0.300,0,0,0,0,,,,,788,898,,,,,NASP___CIZ1_unrelaxed_rank_004_alphafold2_multimer_v3_model_4_seed_000.pdb
NASP___CIZ1,5,5,A,B,0.0000,0.0,0.0,0.0000,0.4731,0.0082,0.0000,3.0,0.0,0.2000,38.0,26.2,0.290,3,1,0,0,85.6,30.1,,,788,898,"[641-642,645]",[158],,,NASP___CIZ1_unrelaxed_rank_005_alphafold2_multimer_v3_model_5_seed_000.pdb
NASP___LUC7L2,1,5,A,B,0.0000,0.0,0.0,0.0000,0.3976,0.0000,0.0000,0.0,0.0,0.3100,39.1,59.5,0.360,0,0,0,0,,,,,788,392,,,,,NASP___LUC7L2_unrelaxed_rank_001_alphafold2_multimer_v3_model_5_seed_000.pdb
NASP___LUC7L2,2,1,A,B,0.0000,0.0,0.0,0.0000,0.2904,0.0000,0.0000,0.0,0.0,0.1900,37.8,54.8,0.320,0,0,0,0,,,,,788,392,,,,,NASP___LUC7L2_unrelaxed_rank_002_alphafold2_multimer_v3_model_1_seed_000.pdb
NASP___LUC7L2,3,4,A,B,0.0000,0.0,0.0,0.0000,0.2368,0.0000,0.0000,0.0,0.0,0.1900,37.4,57.5,0.310,0,0,0,0,,,,,788,392,,,,,NASP___LUC7L2_unrelaxed_rank_003_alphafold2_multimer_v3_model_4_seed_000.pdb
NASP___LUC7L2,4,3,A,B,0.0164,17.4,0.3,0.0113,0.4765,0.0268,0.0100,152.0,2.0,0.1800,38.0,58.1,0.310,112,3,2,2,91.7,30.9,91.1,32.9,788,392,"[43-44,46-47,49,51,53-54,59,62,66,68-70,73-74,77,81-84,89-90,94,97,514,516,518-522,524-532,534,538-540,542-543,547,549,551,555-556,558,560,562-569,572-576,579-581,592-593,599-600,602-611,613-619,621-622,635-646,648-653,657]",[390-392],"[581,645]",[391-392],NASP___LUC7L2_unrelaxed_rank_004_alphafold2_multimer_v3_model_3_seed_000.pdb
NASP___LUC7L2,5,2,A,B,0.0000,0.0,0.0,0.0000,0.1980,0.0000,0.0000,0.0,0.0,0.1700,38.9,52.1,0.320,0,0,0,0,,,,,788,392,,,,,NASP___LUC7L2_unrelaxed_rank_005_alphafold2_multimer_v3_model_2_seed_000.pdb
NASP___PRDX1,1,4,A,B,0.0000,0.0,0.0,0.0000,0.2429,0.0000,0.0000,0.0,0.0,0.2500,38.1,79.7,0.350,0,0,0,0,,,,,788,199,,,,,NASP___PRDX1_unrelaxed_rank_001_alphafold2_multimer_v3_model_4_seed_000.pdb
NASP___PRDX1,2,2,A,B,0.0000,0.0,0.0,0.0000,0.1757,0.0000,0.0000,0.0,0.0,0.2200,39.1,84.3,0.350,0,0,0,0,,,,,788,199,,,,,NASP___PRDX1_unrelaxed_rank_002_alphafold2_multimer_v3_model_2_seed_000.pdb
NASP___PRDX1,3,1,A,B,0.0000,0.0,0.0,0.0000,0.1551,0.0000,0.0000,0.0,0.0,0.2000,39.0,84.5,0.340,0,0,0,0,,,,,788,199,,,,,NASP___PRDX1_unrelaxed_rank_003_alphafold2_multimer_v3_model_1_seed_000.pdb
NASP___PRDX1,4,5,A,B,0.0000,0.0,0.0,0.0000,0.1475,0.0000,0.0000,0.0,0.0,0.1700,38.5,87.6,0.330,0,0,0,0,,,,,788,199,,,,,NASP___PRDX1_unrelaxed_rank_004_alphafold2_multimer_v3_model_5_seed_000.pdb
NASP___PRDX1,5,3,A,B,0.0000,0.0,0.0,0.0000,0.1371,0.0000,0.0000,0.0,0.0,0.1700,38.5,88.4,0.340,0,0,0,0,,,,,788,199,,,,,NASP___PRDX1_unrelaxed_rank_005_alphafold2_multimer_v3_model_3_seed_000.pdb
NASP___PTBP1,1,1,A,B,0.0943,41.4,3.9,0.0136,0.5503,0.0714,0.1245,114.0,15.0,0.2500,37.7,56.9,0.320,8,50,5,8,39.6,72.4,41.3,66.1,788,557,[710-717],"[183,185-187,197-210,213-214,225-228,232-242,244-256,258,274]","[711-713,715-716]","[199,202-203,206,241,245,247-248]",NASP___PTBP1_unrelaxed_rank_001_alphafold2_multimer_v3_model_1_seed_000.pdb
NASP___PTBP1,2,3,A,B,0.1143,268.1,30.6,0.0154,0.6593,0.0987,0.1323,2114.0,34.0,0.2400,37.0,59.2,0.330,210,69,18,15,86.8,69.4,77.2,48.6,788,557,"[40-77,79-102,514-626,633-661,711-716]","[7,9,12-23,183-188,197-199,202-204,206-216,221-223,225-228,232-248,252-257,274,276]","[100,550,581-582,584-585,588-589,592,638,641,644-645,648-649,712-713,715]","[14-16,18-23,203,206,240-241,245,248]",NASP___PTBP1_unrelaxed_rank_002_alphafold2_multimer_v3_model_3_seed_000.pdb
NASP___PTBP1,3,5,A,B,0.0847,50.4,4.3,0.0175,0.6052,0.0702,0.1021,231.0,11.0,0.2400,37.7,62.4,0.320,7,74,4,8,39.9,81.5,43.1,77.7,788,557,[711-717],"[183-189,191,194-204,206-217,221-229,231-249,252-257,259,263,265,268,272-276]","[712-713,715-716]","[199,202-203,206,241,245-246,248]",NASP___PTBP1_unrelaxed_rank_003_alphafold2_multimer_v3_model_5_seed_000.pdb
NASP___PTBP1,4,2,A,B,0.0602,14.1,0.8,0.0122,0.4681,0.0570,0.0635,33.0,6.0,0.2300,38.5,63.5,0.320,5,24,4,4,49.3,81.8,48.7,79.5,788,557,[711-715],"[183,185-187,202-203,207,210,213,215,240-241,243-248,251-254,256,274]","[711-713,715]","[202-203,245,247]",NASP___PTBP1_unrelaxed_rank_004_alphafold2_multimer_v3_model_2_seed_000.pdb
NASP___PTBP1,5,4,A,B,0.0000,0.0,0.0,0.0000,0.4290,0.0000,0.0000,0.0,0.0,0.2100,37.3,58.3,0.320,0,0,0,0,,,,,788,557,,,,,NASP___PTBP1_unrelaxed_rank_005_alphafold2_multimer_v3_model_4_seed_000.pdb
NASP___STIP1,1,4,A,B,0.3272,3290.4,1076.7,0.3812,0.9068,0.2523,0.4245,61867.0,175.0,0.3900,37.3,78.6,0.390,241,192,41,47,83.5,80.7,70.3,75.5,788,543,"[37-119,509-666]",[3-194],"[44-45,47-49,51-52,55-57,100-101,103-106,108-113,115-116,118,550,553-554,581-582,584-585,588-589,592,596,634,637-638,641,645]","[8-9,12,15,39,42-43,45-46,49-50,73,76-77,80,83-84,86,107,110-111,113-114,116-118,120-121,123-125,127,129,131,133-134,160,166-167,170,176,179,183,185-187,190]",NASP___STIP1_unrelaxed_rank_001_alphafold2_multimer_v3_model_4_seed_000.pdb
NASP___STIP1,2,3,A,B,0.0000,0.0,0.0,0.0000,0.4476,0.0229,0.0000,4.0,0.0,0.2600,37.2,78.2,0.310,1,4,0,0,50.7,87.0,,,788,543,[147],"[375,389,404,450]",,,NASP___STIP1_unrelaxed_rank_002_alphafold2_multimer_v3_model_3_seed_000.pdb
NASP___STIP1,3,1,A,B,0.0654,35.1,2.3,0.0115,0.5609,0.0601,0.0712,112.0,11.0,0.2500,37.7,75.5,0.310,6,60,4,8,33.4,86.2,35.7,86.4,788,543,[183-188],"[355-356,358,362,365-373,375-378,380,382,384,387-389,395-396,398-399,402-404,407-412,417,419,422,426-427,429,434,438,441,443-444,446-447,449-453,456-457,465-466,471-472]","[184,186-188]","[368,371-372,395,398-399,402,429]",NASP___STIP1_unrelaxed_rank_003_alphafold2_multimer_v3_model_1_seed_000.pdb
NASP___STIP1,4,2,A,B,0.0401,3.9,0.2,0.0000,0.4777,0.0416,0.0388,5.0,3.0,0.2300,37.9,79.0,0.310,3,3,2,2,28.6,87.9,28.9,89.2,788,543,[114-116],"[8,39,43]",[115-116],"[39,43]",NASP___STIP1_unrelaxed_rank_004_alphafold2_multimer_v3_model_2_seed_000.pdb
NASP___STIP1,5,5,A,B,0.0579,24.5,1.4,0.0000,0.5609,0.0516,0.0651,75.0,8.0,0.2300,37.0,79.0,0.310,5,46,4,6,28.8,88.4,28.6,88.6,788,543,[114-118],"[4,6-13,16-17,21-23,25-30,32-37,39,43-44,47,53-57,59,63,66,81,84,90-91,93-95,98]",[115-118],"[8-9,11-12,39,43]",NASP___STIP1_unrelaxed_rank_005_alphafold2_multimer_v3_model_5_seed_000.pdb
NASP___SUPT5H,1,3,A,B,0.0076,6.6,0.1,0.0000,0.5425,0.0138,0.0042,44.0,1.0,0.2400,36.7,51.2,0.310,37,3,1,1,89.3,53.0,86.1,36.4,788,1087,"[43,46,50,53,59,62-63,65-66,68-69,72,75-77,81-83,86-87,90-91,94,96,98-99,518-519,524-525,529,540,544-545,547,551,559]","[225,326,329]",[524],[326],NASP___SUPT5H_unrelaxed_rank_001_alphafold2_multimer_v3_model_3_seed_000.pdb
NASP___SUPT5H,2,1,A,B,0.0000,0.0,0.0,0.0000,0.4230,0.0000,0.0000,0.0,0.0,0.2300,37.0,50.2,0.310,0,0,0,0,,,,,788,1087,,,,,NASP___SUPT5H_unrelaxed_rank_002_alphafold2_multimer_v3_model_1_seed_000.pdb
NASP___SUPT5H,3,4,A,B,0.0000,0.0,0.0,0.0000,0.5259,0.0085,0.0000,6.0,0.0,0.2200,36.4,48.2,0.300,6,2,0,0,85.9,35.0,,,788,1087,"[53,90-91,95,99,558]","[326,329]",,,NASP___SUPT5H_unrelaxed_rank_003_alphafold2_multimer_v3_model_4_seed_000.pdb
NASP___SUPT5H,4,2,A,B,0.0000,0.0,0.0,0.0000,0.3560,0.0000,0.0000,0.0,0.0,0.2200,37.9,51.7,0.300,0,0,0,0,,,,,788,1087,,,,,NASP___SUPT5H_unrelaxed_rank_004_alphafold2_multimer_v3_model_2_seed_000.pdb
NASP___SUPT5H,5,5,A,B,0.0000,0.0,0.0,0.0000,0.3694,0.0000,0.0000,0.0,0.0,0.2200,36.6,51.0,0.300,0,0,0,0,,,,,788,1087,,,,,NASP___SUPT5H_unrelaxed_rank_005_alphafold2_multimer_v3_model_5_seed_000.pdb
NCL___DAZAP1,1,4,A,B,0.0000,0.0,0.0,0.0000,0.3279,0.0000,0.0000,0.0,0.0,0.2000,44.2,37.7,0.230,0,0,0,0,,,,,710,407,,,,,NCL___DAZAP1_unrelaxed_rank_001_alphafold2_multimer_v3_model_4_seed_000.pdb
NCL___DAZAP1,2,1,A,B,0.0000,0.0,0.0,0.0000,0.1557,0.0000,0.0000,0.0,0.0,0.1600,46.9,40.4,0.240,0,0,0,0,,,,,710,407,,,,,NCL___DAZAP1_unrelaxed_rank_002_alphafold2_multimer_v3_model_1_seed_000.pdb
NCL___DAZAP1,3,2,A,B,0.0000,0.0,0.0,0.0000,0.1545,0.0000,0.0000,0.0,0.0,0.1500,47.1,42.5,0.230,0,0,0,0,,,,,710,407,,,,,NCL___DAZAP1_unrelaxed_rank_003_alphafold2_multimer_v3_model_2_seed_000.pdb
NCL___DAZAP1,4,3,A,B,0.0000,0.0,0.0,0.0000,0.1741,0.0000,0.0000,0.0,0.0,0.1500,44.6,38.6,0.230,0,0,0,0,,,,,710,407,,,,,NCL___DAZAP1_unrelaxed_rank_004_alphafold2_multimer_v3_model_3_seed_000.pdb
NCL___DAZAP1,5,5,A,B,0.0000,0.0,0.0,0.0000,0.1580,0.0000,0.0000,0.0,0.0,0.1500,46.6,40.3,0.240,0,0,0,0,,,,,710,407,,,,,NCL___DAZAP1_unrelaxed_rank_005_alphafold2_multimer_v3_model_5_seed_000.pdb
NONO___U2SURP,1,2,A,B,0.0951,308.3,29.3,0.0155,0.6893,0.0767,0.1179,2160.0,44.0,0.3200,62.4,49.4,0.300,213,19,17,12,88.9,44.0,83.8,46.7,471,1029,"[68-83,85-97,99-100,102-135,137-182,186-217,220-253,255-258,264-283,285-286,288-296,298]",[763-781],"[77,79,104,106,109,111-113,140,142,144-145,147,229,231,236,240]","[766,768-776,778-779]",NONO___U2SURP_unrelaxed_rank_001_alphafold2_multimer_v3_model_2_seed_000.pdb
NONO___U2SURP,2,4,A,B,0.0317,17.9,0.6,0.0121,0.5873,0.0310,0.0324,107.0,3.0,0.3100,60.7,46.5,0.290,65,5,3,2,91.1,39.6,89.5,37.0,471,1029,"[94,124,127,138,143,148-154,159-168,170-171,173-176,178-181,190-195,197-210,213-214,216,220-226,267-268,271]",[775-779],"[198,201,226]","[777,779]",NONO___U2SURP_unrelaxed_rank_002_alphafold2_multimer_v3_model_4_seed_000.pdb
NONO___U2SURP,3,1,A,B,0.0000,0.0,0.0,0.0000,0.4962,0.0075,0.0000,3.0,0.0,0.2900,62.8,48.5,0.300,3,2,0,0,87.9,46.2,,,471,1029,"[105,114,138]",[772-773],,,NONO___U2SURP_unrelaxed_rank_003_alphafold2_multimer_v3_model_1_seed_000.pdb
NONO___U2SURP,4,3,A,B,0.0000,0.0,0.0,0.0000,0.3130,0.0000,0.0000,0.0,0.0,0.1800,62.7,47.1,0.290,0,0,0,0,,,,,471,1029,,,,,NONO___U2SURP_unrelaxed_rank_004_alphafold2_multimer_v3_model_3_seed_000.pdb
NONO___U2SURP,5,5,A,B,0.0000,0.0,0.0,0.0000,0.1379,0.0000,0.0000,0.0,0.0,0.1500,61.8,46.9,0.290,0,0,0,0,,,,,471,1029,,,,,NONO___U2SURP_unrelaxed_rank_005_alphafold2_multimer_v3_model_5_seed_000.pdb
PCBP2___CDC37,1,1,A,B,0.0893,195.0,17.4,0.0133,0.5118,0.0686,0.1162,792.0,48.0,0.2300,54.7,65.2,0.310,16,116,12,17,40.3,85.1,42.0,81.6,365,378,[238-253],"[151-152,155-200,202-244,246-270]","[241-243,245-253]","[214,217-218,221-222,225,237,240,244,247-248,251-252,254-255,258-259]",PCBP2___CDC37_unrelaxed_rank_001_alphafold2_multimer_v3_model_1_seed_000.pdb
PCBP2___CDC37,2,2,A,B,0.0367,1.0,0.0,0.0000,0.3638,0.0367,0.0367,1.0,1.0,0.1600,58.3,66.7,0.330,1,1,1,1,36.4,81.1,36.4,81.1,365,378,[246],[251],[246],[251],PCBP2___CDC37_unrelaxed_rank_002_alphafold2_multimer_v3_model_2_seed_000.pdb
PCBP2___CDC37,3,3,A,B,0.0000,0.0,0.0,0.0000,0.2349,0.0000,0.0000,0.0,0.0,0.1500,53.8,64.7,0.310,0,0,0,0,,,,,365,378,,,,,PCBP2___CDC37_unrelaxed_rank_003_alphafold2_multimer_v3_model_3_seed_000.pdb
PCBP2___CDC37,4,4,A,B,0.0000,0.0,0.0,0.0000,0.2081,0.0000,0.0000,0.0,0.0,0.1400,55.2,63.7,0.310,0,0,0,0,,,,,365,378,,,,,PCBP2___CDC37_unrelaxed_rank_004_alphafold2_multimer_v3_model_4_seed_000.pdb
PCBP2___CDC37,5,5,A,B,0.0000,0.0,0.0,0.0000,0.1104,0.0000,0.0000,0.0,0.0,0.1100,57.0,65.0,0.310,0,0,0,0,,,,,365,378,,,,,PCBP2___CDC37_unrelaxed_rank_005_alphafold2_multimer_v3_model_5_seed_000.pdb
PCBP2___SF3A3,1,4,A,B,0.0599,7.3,0.4,0.0000,0.3666,0.0628,0.0571,18.0,3.0,0.2800,56.6,71.5,0.410,12,5,3,2,78.5,44.8,76.9,45.1,365,501,"[25,29,31-34,37-38,40-42,74]","[477-480,486]","[25,29,33]","[479,486]",PCBP2___SF3A3_unrelaxed_rank_001_alphafold2_multimer_v3_model_4_seed_000.pdb
PCBP2___SF3A3,2,3,A,B,0.0120,3.0,0.0,0.0000,0.3771,0.0128,0.0113,9.0,1.0,0.2900,56.3,74.0,0.390,5,5,1,1,76.3,45.7,70.8,44.4,365,501,"[22,31-33,37]","[478-480,485,487]",[32],[479],PCBP2___SF3A3_unrelaxed_rank_002_alphafold2_multimer_v3_model_3_seed_000.pdb
PCBP2___SF3A3,3,5,A,B,0.0000,0.0,0.0,0.0000,0.3466,0.0000,0.0000,0.0,0.0,0.2700,58.1,74.6,0.380,0,0,0,0,,,,,365,501,,,,,PCBP2___SF3A3_unrelaxed_rank_003_alphafold2_multimer_v3_model_5_seed_000.pdb
PCBP2___SF3A3,4,2,A,B,0.0000,0.0,0.0,0.0000,0.1710,0.0000,0.0000,0.0,0.0,0.1700,60.2,74.1,0.400,0,0,0,0,,,,,365,501,,,,,PCBP2___SF3A3_unrelaxed_rank_004_alphafold2_multimer_v3_model_2_seed_000.pdb
PCBP2___SF3A3,5,1,A,B,0.0000,0.0,0.0,0.0000,0.1189,0.0000,0.0000,0.0,0.0,0.1200,55.1,73.4,0.380,0,0,0,0,,,,,365,501,,,,,PCBP2___SF3A3_unrelaxed_rank_005_alphafold2_multimer_v3_model_1_seed_000.pdb
PCBP2___SRSF11,1,4,A,B,0.0000,0.0,0.0,0.0000,0.1982,0.0000,0.0000,0.0,0.0,0.1600,63.3,32.1,0.300,0,0,0,0,,,,,365,484,,,,,PCBP2___SRSF11_unrelaxed_rank_001_alphafold2_multimer_v3_model_4_seed_000.pdb
PCBP2___SRSF11,2,3,A,B,0.0000,0.0,0.0,0.0000,0.2222,0.0000,0.0000,0.0,0.0,0.1500,60.0,32.0,0.300,0,0,0,0,,,,,365,484,,,,,PCBP2___SRSF11_unrelaxed_rank_002_alphafold2_multimer_v3_model_3_seed_000.pdb
PCBP2___SRSF11,3,1,A,B,0.0000,0.0,0.0,0.0000,0.1479,0.0000,0.0000,0.0,0.0,0.1400,61.3,32.5,0.300,0,0,0,0,,,,,365,484,,,,,PCBP2___SRSF11_unrelaxed_rank_003_alphafold2_multimer_v3_model_1_seed_000.pdb
PCBP2___SRSF11,4,2,A,B,0.0000,0.0,0.0,0.0000,0.1481,0.0000,0.0000,0.0,0.0,0.1400,64.2,33.1,0.300,0,0,0,0,,,,,365,484,,,,,PCBP2___SRSF11_unrelaxed_rank_004_alphafold2_multimer_v3_model_2_seed_000.pdb
PCBP2___SRSF11,5,5,A,B,0.0000,0.0,0.0,0.0000,0.1427,0.0000,0.0000,0.0,0.0,0.1400,64.2,33.2,0.300,0,0,0,0,,,,,365,484,,,,,PCBP2___SRSF11_unrelaxed_rank_005_alphafold2_multimer_v3_model_5_seed_000.pdb
PDK1___AGAP3,1,1,A,B,0.0000,0.0,0.0,0.0000,0.1956,0.0000,0.0000,0.0,0.0,0.2100,75.2,55.8,0.390,0,0,0,0,,,,,436,875,,,,,PDK1___AGAP3_unrelaxed_rank_001_alphafold2_multimer_v3_model_1_seed_000.pdb
PDK1___AGAP3,2,3,A,B,0.0000,0.0,0.0,0.0000,0.3281,0.0000,0.0000,0.0,0.0,0.2000,74.1,57.8,0.380,0,0,0,0,,,,,436,875,,,,,PDK1___AGAP3_unrelaxed_rank_002_alphafold2_multimer_v3_model_3_seed_000.pdb
PDK1___AGAP3,3,5,A,B,0.0000,0.0,0.0,0.0000,0.1691,0.0000,0.0000,0.0,0.0,0.1900,74.6,57.4,0.380,0,0,0,0,,,,,436,875,,,,,PDK1___AGAP3_unrelaxed_rank_003_alphafold2_multimer_v3_model_5_seed_000.pdb
PDK1___AGAP3,4,4,A,B,0.0000,0.0,0.0,0.0000,0.3072,0.0000,0.0000,0.0,0.0,0.1900,73.6,56.6,0.370,0,0,0,0,,,,,436,875,,,,,PDK1___AGAP3_unrelaxed_rank_004_alphafold2_multimer_v3_model_4_seed_000.pdb
PDK1___AGAP3,5,2,A,B,0.0155,8.7,0.1,0.0000,0.4799,0.0143,0.0169,38.0,2.0,0.1800,76.1,58.8,0.380,4,23,2,2,31.1,86.6,30.1,69.8,436,875,"[2-4,6]","[48,105,109,113-114,127,131-132,138,141,143,153,163,174,178,196,198,229-231,237-238,242]","[2,6]","[48,113]",PDK1___AGAP3_unrelaxed_rank_005_alphafold2_multimer_v3_model_2_seed_000.pdb
PRDX1___GFP,1,1,A,B,0.0302,124.0,3.7,0.0118,0.2920,0.0432,0.0210,1922.0,8.0,0.2800,78.6,87.1,0.620,42,203,6,4,81.7,90.5,66.7,68.5,199,238,"[18,20-22,26,28,41-49,66,75-79,83-84,87-89,97-98,101-104,106-107,110,122,124,126,128-131]","[6-8,11-23,25-50,52-63,70-87,89-115,117-131,133-143,146-188,192-226]","[45-46,48,79,83,124]","[147,202,204,223]",PRDX1___GFP_unrelaxed_rank_001_alphafold2_multimer_v3_model_1_seed_000.pdb
PRDX1___GFP,2,2,A,B,0.0000,0.0,0.0,0.0000,0.2292,0.0109,0.0000,50.0,0.0,0.2200,81.3,87.7,0.590,6,37,0,0,88.7,91.9,,,199,238,"[42-43,46,75-77]","[13-16,29,42-43,45-46,55-57,60,76,86,100-101,112,119,123,135,140,150,152,170-171,176-179,181,199,207-209,217,219]",,,PRDX1___GFP_unrelaxed_rank_002_alphafold2_multimer_v3_model_2_seed_000.pdb
PRDX1___GFP,3,5,A,B,0.0000,0.0,0.0,0.0000,0.1422,0.0000,0.0000,0.0,0.0,0.1700,82.4,88.1,0.580,0,0,0,0,,,,,199,238,,,,,PRDX1___GFP_unrelaxed_rank_003_alphafold2_multimer_v3_model_5_seed_000.pdb
PRDX1___GFP,4,4,A,B,0.0000,0.0,0.0,0.0000,0.1006,0.0000,0.0000,0.0,0.0,0.1500,84.1,89.3,0.570,0,0,0,0,,,,,199,238,,,,,PRDX1___GFP_unrelaxed_rank_004_alphafold2_multimer_v3_model_4_seed_000.pdb
PRDX1___GFP,5,3,A,B,0.0000,0.0,0.0,0.0000,0.0666,0.0000,0.0000,0.0,0.0,0.0900,89.0,91.2,0.540,0,0,0,0,,,,,199,238,,,,,PRDX1___GFP_unrelaxed_rank_005_alphafold2_multimer_v3_model_3_seed_000.pdb
PRDX1___RB1,1,5,A,B,0.0000,0.0,0.0,0.0000,0.1700,0.0000,0.0000,0.0,0.0,0.2200,81.6,67.1,0.610,0,0,0,0,,,,,199,928,,,,,PRDX1___RB1_unrelaxed_rank_001_alphafold2_multimer_v3_model_5_seed_000.pdb
PRDX1___RB1,2,2,A,B,0.0000,0.0,0.0,0.0000,0.1806,0.0000,0.0000,0.0,0.0,0.2100,81.7,67.7,0.610,0,0,0,0,,,,,199,928,,,,,PRDX1___RB1_unrelaxed_rank_002_alphafold2_multimer_v3_model_2_seed_000.pdb
PRDX1___RB1,3,4,A,B,0.0000,0.0,0.0,0.0000,0.1477,0.0000,0.0000,0.0,0.0,0.1800,77.6,67.0,0.610,0,0,0,0,,,,,199,928,,,,,PRDX1___RB1_unrelaxed_rank_003_alphafold2_multimer_v3_model_4_seed_000.pdb
PRDX1___RB1,4,3,A,B,0.0000,0.0,0.0,0.0000,0.1458,0.0000,0.0000,0.0,0.0,0.1700,82.6,66.7,0.610,0,0,0,0,,,,,199,928,,,,,PRDX1___RB1_unrelaxed_rank_004_alphafold2_multimer_v3_model_3_seed_000.pdb
PRDX1___RB1,5,1,A,B,0.0000,0.0,0.0,0.0000,0.1494,0.0000,0.0000,0.0,0.0,0.1600,75.9,67.1,0.590,0,0,0,0,,,,,199,928,,,,,PRDX1___RB1_unrelaxed_rank_005_alphafold2_multimer_v3_model_1_seed_000.pdb
PRMT1___NCL,1,4,A,B,0.0000,0.0,0.0,0.0000,0.3178,0.0021,0.0000,1.0,0.0,0.3500,76.5,41.1,0.400,1,1,0,0,94.8,79.8,,,371,710,[285],[615],,,PRMT1___NCL_unrelaxed_rank_001_alphafold2_multimer_v3_model_4_seed_000.pdb
PRMT1___NCL,2,5,A,B,0.0000,0.0,0.0,0.0000,0.2829,0.0000,0.0000,0.0,0.0,0.2100,82.4,42.7,0.390,0,0,0,0,,,,,371,710,,,,,PRMT1___NCL_unrelaxed_rank_002_alphafold2_multimer_v3_model_5_seed_000.pdb
PRMT1___NCL,3,3,A,B,0.0000,0.0,0.0,0.0000,0.3250,0.0000,0.0000,0.0,0.0,0.2000,80.7,42.5,0.400,0,0,0,0,,,,,371,710,,,,,PRMT1___NCL_unrelaxed_rank_003_alphafold2_multimer_v3_model_3_seed_000.pdb
PRMT1___NCL,4,1,A,B,0.0000,0.0,0.0,0.0000,0.2310,0.0000,0.0000,0.0,0.0,0.1900,82.0,41.4,0.390,0,0,0,0,,,,,371,710,,,,,PRMT1___NCL_unrelaxed_rank_004_alphafold2_multimer_v3_model_1_seed_000.pdb
PRMT1___NCL,5,2,A,B,0.0000,0.0,0.0,0.0000,0.3078,0.0000,0.0000,0.0,0.0,0.1900,82.0,40.8,0.390,0,0,0,0,,,,,371,710,,,,,PRMT1___NCL_unrelaxed_rank_005_alphafold2_multimer_v3_model_2_seed_000.pdb
PRMT1___RB1,1,1,A,B,0.0000,0.0,0.0,0.0000,0.2887,0.0000,0.0000,0.0,0.0,0.2900,78.5,66.6,0.550,0,0,0,0,,,,,371,928,,,,,PRMT1___RB1_unrelaxed_rank_001_alphafold2_multimer_v3_model_1_seed_000.pdb
PRMT1___RB1,2,3,A,B,0.0000,0.0,0.0,0.0000,0.2748,0.0000,0.0000,0.0,0.0,0.1900,79.5,65.9,0.560,0,0,0,0,,,,,371,928,,,,,PRMT1___RB1_unrelaxed_rank_002_alphafold2_multimer_v3_model_3_seed_000.pdb
PRMT1___RB1,3,4,A,B,0.0000,0.0,0.0,0.0000,0.1724,0.0000,0.0000,0.0,0.0,0.1800,76.9,66.2,0.560,0,0,0,0,,,,,371,928,,,,,PRMT1___RB1_unrelaxed_rank_003_alphafold2_multimer_v3_model_4_seed_000.pdb
PRMT1___RB1,4,2,A,B,0.0000,0.0,0.0,0.0000,0.1582,0.0000,0.0000,0.0,0.0,0.1600,81.7,66.9,0.550,0,0,0,0,,,,,371,928,,,,,PRMT1___RB1_unrelaxed_rank_004_alphafold2_multimer_v3_model_2_seed_000.pdb
PRMT1___RB1,5,5,A,B,0.0000,0.0,0.0,0.0000,0.1500,0.0000,0.0000,0.0,0.0,0.1600,81.9,66.5,0.550,0,0,0,0,,,,,371,928,,,,,PRMT1___RB1_unrelaxed_rank_005_alphafold2_multimer_v3_model_5_seed_000.pdb
PRMT1___SF1,1,1,A,B,0.0000,0.0,0.0,0.0000,0.2098,0.0000,0.0000,0.0,0.0,0.1700,83.3,34.2,0.400,0,0,0,0,,,,,371,639,,,,,PRMT1___SF1_unrelaxed_rank_001_alphafold2_multimer_v3_model_1_seed_000.pdb
PRMT1___SF1,2,3,A,B,0.0000,0.0,0.0,0.0000,0.2316,0.0000,0.0000,0.0,0.0,0.1700,82.5,34.4,0.400,0,0,0,0,,,,,371,639,,,,,PRMT1___SF1_unrelaxed_rank_002_alphafold2_multimer_v3_model_3_seed_000.pdb
PRMT1___SF1,3,4,A,B,0.0000,0.0,0.0,0.0000,0.1989,0.0000,0.0000,0.0,0.0,0.1600,80.8,31.8,0.390,0,0,0,0,,,,,371,639,,,,,PRMT1___SF1_unrelaxed_rank_003_alphafold2_multimer_v3_model_4_seed_000.pdb
PRMT1___SF1,4,2,A,B,0.0000,0.0,0.0,0.0000,0.2057,0.0000,0.0000,0.0,0.0,0.1600,84.5,34.4,0.400,0,0,0,0,,,,,371,639,,,,,PRMT1___SF1_unrelaxed_rank_004_alphafold2_multimer_v3_model_2_seed_000.pdb
PRMT1___SF1,5,5,A,B,0.0000,0.0,0.0,0.0000,0.1660,0.0000,0.0000,0.0,0.0,0.1600,83.8,35.3,0.400,0,0,0,0,,,,,371,639,,,,,PRMT1___SF1_unrelaxed_rank_005_alphafold2_multimer_v3_model_5_seed_000.pdb
PRMT1___TXN,1,2,A,B,0.0000,0.0,0.0,0.0000,0.1496,0.0000,0.0000,0.0,0.0,0.1600,83.2,85.1,0.680,0,0,0,0,,,,,371,105,,,,,PRMT1___TXN_unrelaxed_rank_001_alphafold2_multimer_v3_model_2_seed_000.pdb
PRMT1___TXN,2,5,A,B,0.0000,0.0,0.0,0.0000,0.1614,0.0000,0.0000,0.0,0.0,0.1400,82.0,84.6,0.670,0,0,0,0,,,,,371,105,,,,,PRMT1___TXN_unrelaxed_rank_002_alphafold2_multimer_v3_model_5_seed_000.pdb
PRMT1___TXN,3,4,A,B,0.0000,0.0,0.0,0.0000,0.1254,0.0000,0.0000,0.0,0.0,0.1400,81.9,82.3,0.670,0,0,0,0,,,,,371,105,,,,,PRMT1___TXN_unrelaxed_rank_003_alphafold2_multimer_v3_model_4_seed_000.pdb
PRMT1___TXN,4,1,A,B,0.0000,0.0,0.0,0.0000,0.1226,0.0000,0.0000,0.0,0.0,0.1400,81.9,81.7,0.670,0,0,0,0,,,,,371,105,,,,,PRMT1___TXN_unrelaxed_rank_004_alphafold2_multimer_v3_model_1_seed_000.pdb
PRMT1___TXN,5,3,A,B,0.0000,0.0,0.0,0.0000,0.1132,0.0000,0.0000,0.0,0.0,0.1300,81.5,85.2,0.670,0,0,0,0,,,,,371,105,,,,,PRMT1___TXN_unrelaxed_rank_005_alphafold2_multimer_v3_model_3_seed_000.pdb
PSPC1___GFP,1,4,A,B,0.0000,0.0,0.0,0.0000,0.1155,0.0000,0.0000,0.0,0.0,0.1700,57.4,87.6,0.380,0,0,0,0,,,,,523,238,,,,,PSPC1___GFP_unrelaxed_rank_001_alphafold2_multimer_v3_model_4_seed_000.pdb
PSPC1___GFP,2,2,A,B,0.0000,0.0,0.0,0.0000,0.1186,0.0000,0.0000,0.0,0.0,0.1300,57.0,88.1,0.360,0,0,0,0,,,,,523,238,,,,,PSPC1___GFP_unrelaxed_rank_002_alphafold2_multimer_v3_model_2_seed_000.pdb
PSPC1___GFP,3,5,A,B,0.0000,0.0,0.0,0.0000,0.1094,0.0000,0.0000,0.0,0.0,0.1200,57.7,88.2,0.370,0,0,0,0,,,,,523,238,,,,,PSPC1___GFP_unrelaxed_rank_003_alphafold2_multimer_v3_model_5_seed_000.pdb
PSPC1___GFP,4,1,A,B,0.0000,0.0,0.0,0.0000,0.1052,0.0000,0.0000,0.0,0.0,0.1200,56.8,87.2,0.370,0,0,0,0,,,,,523,238,,,,,PSPC1___GFP_unrelaxed_rank_004_alphafold2_multimer_v3_model_1_seed_000.pdb
PSPC1___GFP,5,3,A,B,0.0000,0.0,0.0,0.0000,0.1034,0.0000,0.0000,0.0,0.0,0.1200,57.2,87.5,0.360,0,0,0,0,,,,,523,238,,,,,PSPC1___GFP_unrelaxed_rank_005_alphafold2_multimer_v3_model_3_seed_000.pdb
PTBP3___DDX17,1,3,A,B,0.1312,44.9,5.9,0.0131,0.6129,0.1090,0.1581,126.0,16.0,0.2400,62.8,60.3,0.400,66,5,9,3,79.8,40.8,72.3,45.2,552,729,"[181-188,196-197,200-202,205-215,219-221,223-247,250-255,257-258,261,263,270,272-274]",[691-695],"[197,201,239,242-246,251]",[691-693],PTBP3___DDX17_unrelaxed_rank_001_alphafold2_multimer_v3_model_3_seed_000.pdb
PTBP3___DDX17,2,2,A,B,0.1244,37.8,4.7,0.0153,0.6603,0.0893,0.1732,119.0,12.0,0.2500,63.5,60.9,0.370,56,5,6,3,79.7,40.1,72.4,43.9,552,729,"[181-183,185-186,196-202,204-205,207-213,215,221,223-226,230-252,254-255,257,271-273]",[690-694],"[201,239,242-245]",[691-693],PTBP3___DDX17_unrelaxed_rank_002_alphafold2_multimer_v3_model_2_seed_000.pdb
PTBP3___DDX17,3,1,A,B,0.0453,3.2,0.1,0.0000,0.4704,0.0557,0.0369,5.0,2.0,0.2200,59.4,59.7,0.360,5,2,2,1,71.2,37.8,74.6,40.1,552,729,"[201,205,239,242,245]",[692-693],"[201,239]",[692],PTBP3___DDX17_unrelaxed_rank_003_alphafold2_multimer_v3_model_1_seed_000.pdb
PTBP3___DDX17,4,5,A,B,0.0000,0.0,0.0,0.0000,0.2430,0.0000,0.0000,0.0,0.0,0.1700,63.2,59.5,0.360,0,0,0,0,,,,,552,729,,,,,PTBP3___DDX17_unrelaxed_rank_004_alphafold2_multimer_v3_model_5_seed_000.pdb
PTBP3___DDX17,5,4,A,B,0.0000,0.0,0.0,0.0000,0.1672,0.0000,0.0000,0.0,0.0,0.1700,59.2,59.0,0.350,0,0,0,0,,,,,552,729,,,,,PTBP3___DDX17_unrelaxed_rank_005_alphafold2_multimer_v3_model_4_seed_000.pdb
PTBP3___SNRPC,1,3,A,B,0.0000,0.0,0.0,0.0000,0.1689,0.0000,0.0000,0.0,0.0,0.1400,67.0,30.6,0.350,0,0,0,0,,,,,552,159,,,,,PTBP3___SNRPC_unrelaxed_rank_001_alphafold2_multimer_v3_model_3_seed_000.pdb
PTBP3___SNRPC,2,2,A,B,0.0000,0.0,0.0,0.0000,0.1401,0.0000,0.0000,0.0,0.0,0.1300,67.0,28.8,0.340,0,0,0,0,,,,,552,159,,,,,PTBP3___SNRPC_unrelaxed_rank_002_alphafold2_multimer_v3_model_2_seed_000.pdb
PTBP3___SNRPC,3,4,A,B,0.0000,0.0,0.0,0.0000,0.1579,0.0000,0.0000,0.0,0.0,0.1300,67.0,31.4,0.340,0,0,0,0,,,,,552,159,,,,,PTBP3___SNRPC_unrelaxed_rank_003_alphafold2_multimer_v3_model_4_seed_000.pdb
PTBP3___SNRPC,4,1,A,B,0.0000,0.0,0.0,0.0000,0.1371,0.0000,0.0000,0.0,0.0,0.1300,66.2,27.0,0.340,0,0,0,0,,,,,552,159,,,,,PTBP3___SNRPC_unrelaxed_rank_004_alphafold2_multimer_v3_model_1_seed_000.pdb
PTBP3___SNRPC,5,5,A,B,0.0000,0.0,0.0,0.0000,0.1161,0.0000,0.0000,0.0,0.0,0.1200,69.2,31.1,0.340,0,0,0,0,,,,,552,159,,,,,PTBP3___SNRPC_unrelaxed_rank_005_alphafold2_multimer_v3_model_5_seed_000.pdb
RAVER1___PPP1R10,1,3,A,B,0.0000,0.0,0.0,0.0000,0.2868,0.0000,0.0000,0.0,0.0,0.1900,51.5,30.6,0.320,0,0,0,0,,,,,606,940,,,,,RAVER1___PPP1R10_unrelaxed_rank_001_alphafold2_multimer_v3_model_3_seed_000.pdb
RAVER1___PPP1R10,2,4,A,B,0.0000,0.0,0.0,0.0000,0.2986,0.0000,0.0000,0.0,0.0,0.1900,52.3,29.9,0.320,0,0,0,0,,,,,606,940,,,,,RAVER1___PPP1R10_unrelaxed_rank_002_alphafold2_multimer_v3_model_4_seed_000.pdb
RAVER1___PPP1R10,3,1,A,B,0.0000,0.0,0.0,0.0000,0.2317,0.0000,0.0000,0.0,0.0,0.1800,53.0,30.5,0.320,0,0,0,0,,,,,606,940,,,,,RAVER1___PPP1R10_unrelaxed_rank_003_alphafold2_multimer_v3_model_1_seed_000.pdb
RAVER1___PPP1R10,4,5,A,B,0.0000,0.0,0.0,0.0000,0.2610,0.0000,0.0000,0.0,0.0,0.1800,52.4,31.3,0.320,0,0,0,0,,,,,606,940,,,,,RAVER1___PPP1R10_unrelaxed_rank_004_alphafold2_multimer_v3_model_5_seed_000.pdb
RAVER1___PPP1R10,5,2,A,B,0.0000,0.0,0.0,0.0000,0.2089,0.0000,0.0000,0.0,0.0,0.1700,53.5,32.1,0.320,0,0,0,0,,,,,606,940,,,,,RAVER1___PPP1R10_unrelaxed_rank_005_alphafold2_multimer_v3_model_2_seed_000.pdb
RAVER1___STIP1,1,3,A,B,0.2389,1529.0,365.3,0.2569,0.8015,0.1566,0.3646,38965.0,60.0,0.3900,52.1,81.3,0.450,258,143,17,16,91.1,88.6,85.1,72.8,606,543,"[36,38-228,235-241,243,246-254,264-286,291-314,316-317]",[210-352],"[71-73,76,85-89,150,153-154,156-159,181]","[211,213,217-220,257,292-296,328-331]",RAVER1___STIP1_unrelaxed_rank_001_alphafold2_multimer_v3_model_3_seed_000.pdb
RAVER1___STIP1,2,5,A,B,0.0867,634.1,55.0,0.0312,0.6073,0.0702,0.1070,9139.0,44.0,0.3400,52.2,80.9,0.430,226,128,15,13,91.5,90.4,84.7,75.7,606,543,"[41-119,121-199,201-225,248,250-251,253,265-283,292-299,302-313]","[215-237,241-272,274-313,315-345,347-348]","[71-73,76,85,87,89,150,153-154,156-159,181]","[217-220,257,292-296,328-329,331]",RAVER1___STIP1_unrelaxed_rank_002_alphafold2_multimer_v3_model_5_seed_000.pdb
RAVER1___STIP1,3,1,A,B,0.1038,654.1,67.9,0.0136,0.6327,0.0732,0.1471,8227.0,52.0,0.3300,52.0,80.2,0.430,214,135,17,14,90.8,88.7,81.9,67.7,606,543,"[41-119,121-199,201-211,213-215,217-225,250-251,253,266-269,271-280,292-298,302,304-311]","[212-238,240-347]","[71-73,76,85-89,101,153-154,156-159,181]","[212,214,217-219,257,291-296,328-329]",RAVER1___STIP1_unrelaxed_rank_003_alphafold2_multimer_v3_model_1_seed_000.pdb
RAVER1___STIP1,4,2,A,B,0.0000,0.0,0.0,0.0000,0.1449,0.0000,0.0000,0.0,0.0,0.1600,50.8,79.3,0.350,0,0,0,0,,,,,606,543,,,,,RAVER1___STIP1_unrelaxed_rank_004_alphafold2_multimer_v3_model_2_seed_000.pdb
RAVER1___STIP1,5,4,A,B,0.0000,0.0,0.0,0.0000,0.1543,0.0000,0.0000,0.0,0.0,0.1500,51.0,77.3,0.350,0,0,0,0,,,,,606,543,,,,,RAVER1___STIP1_unrelaxed_rank_005_alphafold2_multimer_v3_model_4_seed_000.pdb
RB1___DHX15,1,1,A,B,0.0000,0.0,0.0,0.0000,0.4853,0.0000,0.0000,0.0,0.0,0.2800,65.7,75.2,0.460,0,0,0,0,,,,,928,795,,,,,RB1___DHX15_unrelaxed_rank_001_alphafold2_multimer_v3_model_1_seed_000.pdb
RB1___DHX15,2,3,A,B,0.0000,0.0,0.0,0.0000,0.3295,0.0000,0.0000,0.0,0.0,0.2700,65.4,76.4,0.470,0,0,0,0,,,,,928,795,,,,,RB1___DHX15_unrelaxed_rank_002_alphafold2_multimer_v3_model_3_seed_000.pdb
RB1___DHX15,3,5,A,B,0.0000,0.0,0.0,0.0000,0.3381,0.0000,0.0000,0.0,0.0,0.2600,65.1,76.9,0.470,0,0,0,0,,,,,928,795,,,,,RB1___DHX15_unrelaxed_rank_003_alphafold2_multimer_v3_model_5_seed_000.pdb
RB1___DHX15,4,2,A,B,0.0000,0.0,0.0,0.0000,0.2953,0.0000,0.0000,0.0,0.0,0.2300,65.7,77.6,0.460,0,0,0,0,,,,,928,795,,,,,RB1___DHX15_unrelaxed_rank_004_alphafold2_multimer_v3_model_2_seed_000.pdb
RB1___DHX15,5,4,A,B,0.0000,0.0,0.0,0.0000,0.2586,0.0000,0.0000,0.0,0.0,0.2200,65.8,75.4,0.480,0,0,0,0,,,,,928,795,,,,,RB1___DHX15_unrelaxed_rank_005_alphafold2_multimer_v3_model_4_seed_000.pdb
RBM4___NCL,1,1,A,B,0.0000,0.0,0.0,0.0000,0.1444,0.0000,0.0000,0.0,0.0,0.1600,42.8,45.5,0.240,0,0,0,0,,,,,364,710,,,,,RBM4___NCL_unrelaxed_rank_001_alphafold2_multimer_v3_model_1_seed_000.pdb
RBM4___NCL,2,2,A,B,0.0000,0.0,0.0,0.0000,0.1380,0.0000,0.0000,0.0,0.0,0.1600,44.6,46.2,0.230,0,0,0,0,,,,,364,710,,,,,RBM4___NCL_unrelaxed_rank_002_alphafold2_multimer_v3_model_2_seed_000.pdb
RBM4___NCL,3,4,A,B,0.0000,0.0,0.0,0.0000,0.1598,0.0000,0.0000,0.0,0.0,0.1500,41.9,44.5,0.230,0,0,0,0,,,,,364,710,,,,,RBM4___NCL_unrelaxed_rank_003_alphafold2_multimer_v3_model_4_seed_000.pdb
RBM4___NCL,4,3,A,B,0.0000,0.0,0.0,0.0000,0.1788,0.0000,0.0000,0.0,0.0,0.1500,40.7,44.4,0.220,0,0,0,0,,,,,364,710,,,,,RBM4___NCL_unrelaxed_rank_004_alphafold2_multimer_v3_model_3_seed_000.pdb
RBM4___NCL,5,5,A,B,0.0000,0.0,0.0,0.0000,0.1594,0.0000,0.0000,0.0,0.0,0.1500,45.0,46.1,0.230,0,0,0,0,,,,,364,710,,,,,RBM4___NCL_unrelaxed_rank_005_alphafold2_multimer_v3_model_5_seed_000.pdb
RPS12___SF3A3,1,2,A,B,0.2306,521.6,120.3,0.1158,0.6565,0.1524,0.3488,3887.0,70.0,0.5900,71.5,78.0,0.450,115,40,14,10,76.0,73.1,75.1,73.6,132,501,"[13-125,127-128]","[461-498,500-501]","[32-37,82,86,91,102,104-107]","[475-476,478,480,484-488,491]",RPS12___SF3A3_unrelaxed_rank_001_alphafold2_multimer_v3_model_2_seed_000.pdb
RPS12___SF3A3,2,3,A,B,0.0000,0.0,0.0,0.0000,0.0000,0.0000,0.0000,0.0,0.0,0.1300,78.2,77.0,0.470,0,0,0,0,,,,,132,501,,,,,RPS12___SF3A3_unrelaxed_rank_002_alphafold2_multimer_v3_model_3_seed_000.pdb
RPS12___SF3A3,3,1,A,B,0.0000,0.0,0.0,0.0000,0.0856,0.0000,0.0000,0.0,0.0,0.1100,70.6,76.3,0.460,0,0,0,0,,,,,132,501,,,,,RPS12___SF3A3_unrelaxed_rank_003_alphafold2_multimer_v3_model_1_seed_000.pdb
RPS12___SF3A3,4,5,A,B,0.0000,0.0,0.0,0.0000,0.0000,0.0000,0.0000,0.0,0.0,0.1100,75.3,75.7,0.470,0,0,0,0,,,,,132,501,,,,,RPS12___SF3A3_unrelaxed_rank_004_alphafold2_multimer_v3_model_5_seed_000.pdb
RPS12___SF3A3,5,4,A,B,0.0000,0.0,0.0,0.0000,0.0000,0.0000,0.0000,0.0,0.0,0.1000,70.1,73.3,0.460,0,0,0,0,,,,,132,501,,,,,RPS12___SF3A3_unrelaxed_rank_005_alphafold2_multimer_v3_model_4_seed_000.pdb
RPS12___STIP1,1,1,A,B,0.0277,13.6,0.4,0.0000,0.3663,0.0220,0.0350,185.0,1.0,0.3500,72.5,84.4,0.450,10,77,1,1,78.2,91.0,68.9,74.0,132,543,"[34-35,37-39,42,65,108-110]","[245,248,251,256-257,260-264,267-269,271,275,278-292,295-310,312,315-337,339-344,347]",[35],[328],RPS12___STIP1_unrelaxed_rank_001_alphafold2_multimer_v3_model_1_seed_000.pdb
RPS12___STIP1,2,4,A,B,0.0000,0.0,0.0,0.0000,0.1626,0.0000,0.0000,0.0,0.0,0.2300,58.5,82.2,0.430,0,0,0,0,,,,,132,543,,,,,RPS12___STIP1_unrelaxed_rank_002_alphafold2_multimer_v3_model_4_seed_000.pdb
RPS12___STIP1,3,3,A,B,0.0000,0.0,0.0,0.0000,0.1387,0.0000,0.0000,0.0,0.0,0.1800,74.7,82.3,0.420,0,0,0,0,,,,,132,543,,,,,RPS12___STIP1_unrelaxed_rank_003_alphafold2_multimer_v3_model_3_seed_000.pdb
RPS12___STIP1,4,5,A,B,0.0000,0.0,0.0,0.0000,0.1118,0.0000,0.0000,0.0,0.0,0.1400,73.0,83.0,0.430,0,0,0,0,,,,,132,543,,,,,RPS12___STIP1_unrelaxed_rank_004_alphafold2_multimer_v3_model_5_seed_000.pdb
RPS12___STIP1,5,2,A,B,0.0000,0.0,0.0,0.0000,0.1232,0.0000,0.0000,0.0,0.0,0.1400,71.9,84.3,0.420,0,0,0,0,,,,,132,543,,,,,RPS12___STIP1_unrelaxed_rank_005_alphafold2_multimer_v3_model_2_seed_000.pdb
RPS12___U2SURP,1,5,A,B,0.1078,146.6,15.8,0.0141,0.5969,0.0880,0.1320,448.0,48.0,0.6200,81.4,50.1,0.300,106,7,20,6,87.7,46.8,86.9,48.1,132,1029,"[14-39,41-45,47-56,58-96,99-100,103-115,119-129]",[694-700],"[33-38,56,82,86,89,91-93,103-109]",[694-699],RPS12___U2SURP_unrelaxed_rank_001_alphafold2_multimer_v3_model_5_seed_000.pdb
RPS12___U2SURP,2,3,A,B,0.1155,118.3,13.7,0.0144,0.5945,0.0935,0.1427,424.0,33.0,0.5700,79.9,50.3,0.290,108,6,14,5,86.1,43.3,85.3,43.8,132,1029,"[14-56,58-95,99-100,102-115,119-129]",[711-716],"[33-37,86,89-91,104-108]",[712-716],RPS12___U2SURP_unrelaxed_rank_002_alphafold2_multimer_v3_model_3_seed_000.pdb
RPS12___U2SURP,3,4,A,B,0.1046,103.1,10.8,0.0165,0.6534,0.0816,0.1341,226.0,47.0,0.5400,76.3,49.0,0.290,87,6,18,6,82.4,44.7,81.6,44.7,132,1029,"[14-28,31-42,45,48,51-56,58-67,70-73,75-77,79,81-93,99,103-111,114,120-129]",[694-699],"[33-37,82,86,89-92,103-109]",[694-699],RPS12___U2SURP_unrelaxed_rank_003_alphafold2_multimer_v3_model_4_seed_000.pdb
RPS12___U2SURP,4,1,A,B,0.0350,22.8,0.8,0.0116,0.5134,0.0303,0.0404,37.0,14.0,0.5400,78.6,51.6,0.290,24,5,8,4,85.3,43.1,84.3,44.3,132,1029,"[21-22,25,34-35,38-39,48,53-54,82-84,86-88,91-92,104-109]",[694-698],"[34,86,91,104-108]",[695-698],RPS12___U2SURP_unrelaxed_rank_004_alphafold2_multimer_v3_model_1_seed_000.pdb
RPS12___U2SURP,5,2,A,B,0.0163,1.4,0.0,0.0000,0.3951,0.0188,0.0142,2.0,1.0,0.3800,78.9,51.1,0.290,2,1,1,1,85.5,31.8,85.6,31.8,132,1029,"[34,106]",[712],[34],[712],RPS12___U2SURP_unrelaxed_rank_005_alphafold2_multimer_v3_model_2_seed_000.pdb
SAFB___PTBP1,1,1,A,B,0.0000,0.0,0.0,0.0000,0.1944,0.0000,0.0000,0.0,0.0,0.1900,30.2,64.8,0.270,0,0,0,0,,,,,915,557,,,,,SAFB___PTBP1_unrelaxed_rank_001_alphafold2_multimer_v3_model_1_seed_000.pdb
SAFB___PTBP1,2,3,A,B,0.0000,0.0,0.0,0.0000,0.3043,0.0000,0.0000,0.0,0.0,0.1800,30.8,66.7,0.260,0,0,0,0,,,,,915,557,,,,,SAFB___PTBP1_unrelaxed_rank_002_alphafold2_multimer_v3_model_3_seed_000.pdb
SAFB___PTBP1,3,2,A,B,0.0000,0.0,0.0,0.0000,0.2425,0.0000,0.0000,0.0,0.0,0.1800,32.5,69.1,0.270,0,0,0,0,,,,,915,557,,,,,SAFB___PTBP1_unrelaxed_rank_003_alphafold2_multimer_v3_model_2_seed_000.pdb
SAFB___PTBP1,4,4,A,B,0.0000,0.0,0.0,0.0000,0.2136,0.0000,0.0000,0.0,0.0,0.1800,29.3,66.5,0.260,0,0,0,0,,,,,915,557,,,,,SAFB___PTBP1_unrelaxed_rank_004_alphafold2_multimer_v3_model_4_seed_000.pdb
SAFB___PTBP1,5,5,A,B,0.0000,0.0,0.0,0.0000,0.1614,0.0000,0.0000,0.0,0.0,0.1700,31.2,68.4,0.260,0,0,0,0,,,,,915,557,,,,,SAFB___PTBP1_unrelaxed_rank_005_alphafold2_multimer_v3_model_5_seed_000.pdb
SAFB___ZBTB33,1,4,A,B,0.3943,985.0,388.4,0.3059,0.9381,0.2558,0.6077,13292.0,73.0,0.2900,30.0,38.8,0.260,83,114,13,14,82.7,88.4,78.2,85.3,915,672,[404-486],"[8-120,122]","[415,419,436-442,444-445,451,484]","[37,40,56,60,63-72]",SAFB___ZBTB33_unrelaxed_rank_001_alphafold2_multimer_v3_model_4_seed_000.pdb
SAFB___ZBTB33,2,1,A,B,0.0000,0.0,0.0,0.0000,0.2843,0.0000,0.0000,0.0,0.0,0.1800,29.1,36.2,0.220,0,0,0,0,,,,,915,672,,,,,SAFB___ZBTB33_unrelaxed_rank_002_alphafold2_multimer_v3_model_1_seed_000.pdb
SAFB___ZBTB33,3,3,A,B,0.0220,2.8,0.1,0.0000,0.4176,0.0224,0.0217,4.0,2.0,0.1800,30.8,37.5,0.220,3,2,2,2,33.2,33.6,34.5,33.6,915,672,[573-575],[444-445],[574-575],[444-445],SAFB___ZBTB33_unrelaxed_rank_003_alphafold2_multimer_v3_model_3_seed_000.pdb
SAFB___ZBTB33,4,2,A,B,0.0000,0.0,0.0,0.0000,0.2527,0.0000,0.0000,0.0,0.0,0.1700,31.0,40.3,0.220,0,0,0,0,,,,,915,672,,,,,SAFB___ZBTB33_unrelaxed_rank_004_alphafold2_multimer_v3_model_2_seed_000.pdb
SAFB___ZBTB33,5,5,A,B,0.0000,0.0,0.0,0.0000,0.1767,0.0000,0.0000,0.0,0.0,0.1700,30.3,40.4,0.250,0,0,0,0,,,,,915,672,,,,,SAFB___ZBTB33_unrelaxed_rank_005_alphafold2_multimer_v3_model_5_seed_000.pdb
SAFB___ZNF503,1,4,A,B,0.4921,718.0,353.3,0.3899,0.9639,0.4505,0.5375,5484.0,94.0,0.2200,33.5,21.9,0.220,88,41,18,15,84.1,70.8,72.3,75.1,915,646,[401-488],[509-549],"[407,409,411,438-444,447,449,451,482-486]","[511,513-518,532,535-536,539-540,543-545]",SAFB___ZNF503_unrelaxed_rank_001_alphafold2_multimer_v3_model_4_seed_000.pdb
SAFB___ZNF503,2,3,A,B,0.0000,0.0,0.0,0.0000,0.4329,0.0000,0.0000,0.0,0.0,0.1900,33.5,20.4,0.210,0,0,0,0,,,,,915,646,,,,,SAFB___ZNF503_unrelaxed_rank_002_alphafold2_multimer_v3_model_3_seed_000.pdb
SAFB___ZNF503,3,2,A,B,0.0000,0.0,0.0,0.0000,0.1637,0.0000,0.0000,0.0,0.0,0.1800,34.7,21.0,0.220,0,0,0,0,,,,,915,646,,,,,SAFB___ZNF503_unrelaxed_rank_003_alphafold2_multimer_v3_model_2_seed_000.pdb
SAFB___ZNF503,4,1,A,B,0.0000,0.0,0.0,0.0000,0.3169,0.0000,0.0000,0.0,0.0,0.1800,32.6,21.5,0.210,0,0,0,0,,,,,915,646,,,,,SAFB___ZNF503_unrelaxed_rank_004_alphafold2_multimer_v3_model_1_seed_000.pdb
SAFB___ZNF503,5,5,A,B,0.0000,0.0,0.0,0.0000,0.1492,0.0000,0.0000,0.0,0.0,0.1600,33.9,21.4,0.200,0,0,0,0,,,,,915,646,,,,,SAFB___ZNF503_unrelaxed_rank_005_alphafold2_multimer_v3_model_5_seed_000.pdb
SAR1A___CCNT1,1,4,A,B,0.0000,0.0,0.0,0.0000,0.1814,0.0000,0.0000,0.0,0.0,0.2500,68.5,41.9,0.380,0,0,0,0,,,,,198,726,,,,,SAR1A___CCNT1_unrelaxed_rank_001_alphafold2_multimer_v3_model_4_seed_000.pdb
SAR1A___CCNT1,2,2,A,B,0.0000,0.0,0.0,0.0000,0.1605,0.0000,0.0000,0.0,0.0,0.1900,69.9,43.4,0.380,0,0,0,0,,,,,198,726,,,,,SAR1A___CCNT1_unrelaxed_rank_002_alphafold2_multimer_v3_model_2_seed_000.pdb
SAR1A___CCNT1,3,1,A,B,0.0000,0.0,0.0,0.0000,0.1496,0.0000,0.0000,0.0,0.0,0.1800,68.6,42.2,0.370,0,0,0,0,,,,,198,726,,,,,SAR1A___CCNT1_unrelaxed_rank_003_alphafold2_multimer_v3_model_1_seed_000.pdb
SAR1A___CCNT1,4,3,A,B,0.0000,0.0,0.0,0.0000,0.1501,0.0000,0.0000,0.0,0.0,0.1700,68.5,42.8,0.360,0,0,0,0,,,,,198,726,,,,,SAR1A___CCNT1_unrelaxed_rank_004_alphafold2_multimer_v3_model_3_seed_000.pdb
SAR1A___CCNT1,5,5,A,B,0.0000,0.0,0.0,0.0000,0.1601,0.0000,0.0000,0.0,0.0,0.1500,67.6,42.5,0.360,0,0,0,0,,,,,198,726,,,,,SAR1A___CCNT1_unrelaxed_rank_005_alphafold2_multimer_v3_model_5_seed_000.pdb
SAR1A___RBM33,1,1,A,B,0.1926,544.0,104.8,0.1548,0.7305,0.1275,0.2910,9865.0,30.0,0.6600,71.1,22.1,0.300,155,76,9,6,78.5,66.4,79.0,55.2,198,1170,"[25-48,60-67,71-87,89-91,93-165,167-168,170-197]","[788,791-792,1097-1169]","[136,139,141,143-145,160,177,185]","[1151,1155,1157,1160,1162,1164]",SAR1A___RBM33_unrelaxed_rank_001_alphafold2_multimer_v3_model_1_seed_000.pdb
SAR1A___RBM33,2,2,A,B,0.0000,0.0,0.0,0.0000,0.3418,0.0000,0.0000,0.0,0.0,0.4400,77.6,22.8,0.270,0,0,0,0,,,,,198,1170,,,,,SAR1A___RBM33_unrelaxed_rank_002_alphafold2_multimer_v3_model_2_seed_000.pdb
SAR1A___RBM33,3,3,A,B,0.0000,0.0,0.0,0.0000,0.3111,0.0000,0.0000,0.0,0.0,0.3300,69.4,23.4,0.260,0,0,0,0,,,,,198,1170,,,,,SAR1A___RBM33_unrelaxed_rank_003_alphafold2_multimer_v3_model_3_seed_000.pdb
SAR1A___RBM33,4,4,A,B,0.0000,0.0,0.0,0.0000,0.4103,0.0000,0.0000,0.0,0.0,0.3100,70.7,21.8,0.260,0,0,0,0,,,,,198,1170,,,,,SAR1A___RBM33_unrelaxed_rank_004_alphafold2_multimer_v3_model_4_seed_000.pdb
SAR1A___RBM33,5,5,A,B,0.0000,0.0,0.0,0.0000,0.2208,0.0000,0.0000,0.0,0.0,0.2700,72.7,24.1,0.250,0,0,0,0,,,,,198,1170,,,,,SAR1A___RBM33_unrelaxed_rank_005_alphafold2_multimer_v3_model_5_seed_000.pdb
SAR1A___SF3A3,1,3,A,B,0.0000,0.0,0.0,0.0000,0.2923,0.0000,0.0000,0.0,0.0,0.1900,67.9,72.5,0.450,0,0,0,0,,,,,198,501,,,,,SAR1A___SF3A3_unrelaxed_rank_001_alphafold2_multimer_v3_model_3_seed_000.pdb
SAR1A___SF3A3,2,5,A,B,0.0000,0.0,0.0,0.0000,0.1135,0.0000,0.0000,0.0,0.0,0.1500,65.6,72.6,0.440,0,0,0,0,,,,,198,501,,,,,SAR1A___SF3A3_unrelaxed_rank_002_alphafold2_multimer_v3_model_5_seed_000.pdb
SAR1A___SF3A3,3,2,A,B,0.0000,0.0,0.0,0.0000,0.1138,0.0000,0.0000,0.0,0.0,0.1500,64.3,73.8,0.440,0,0,0,0,,,,,198,501,,,,,SAR1A___SF3A3_unrelaxed_rank_003_alphafold2_multimer_v3_model_2_seed_000.pdb
SAR1A___SF3A3,4,4,A,B,0.0000,0.0,0.0,0.0000,0.1391,0.0000,0.0000,0.0,0.0,0.1500,69.8,70.3,0.430,0,0,0,0,,,,,198,501,,,,,SAR1A___SF3A3_unrelaxed_rank_004_alphafold2_multimer_v3_model_4_seed_000.pdb
SAR1A___SF3A3,5,1,A,B,0.0000,0.0,0.0,0.0000,0.2822,0.0000,0.0000,0.0,0.0,0.1500,65.3,72.5,0.430,0,0,0,0,,,,,198,501,,,,,SAR1A___SF3A3_unrelaxed_rank_005_alphafold2_multimer_v3_model_1_seed_000.pdb
SAR1A___U2SURP,1,1,A,B,0.0000,0.0,0.0,0.0000,0.2296,0.0000,0.0000,0.0,0.0,0.2800,67.8,47.0,0.280,0,0,0,0,,,,,198,1029,,,,,SAR1A___U2SURP_unrelaxed_rank_001_alphafold2_multimer_v3_model_1_seed_000.pdb
SAR1A___U2SURP,2,4,A,B,0.0074,10.5,0.1,0.0000,0.4769,0.0117,0.0047,37.0,3.0,0.2700,67.7,45.3,0.290,5,21,2,2,34.0,73.5,32.0,83.9,198,1029,"[4-6,8-9]","[430,433,438-441,443,446-448,450-452,460-461,471,473-475,478,495]","[4,8]","[471,474]",SAR1A___U2SURP_unrelaxed_rank_002_alphafold2_multimer_v3_model_4_seed_000.pdb
SAR1A___U2SURP,3,2,A,B,0.0000,0.0,0.0,0.0000,0.2109,0.0000,0.0000,0.0,0.0,0.2200,71.3,48.3,0.290,0,0,0,0,,,,,198,1029,,,,,SAR1A___U2SURP_unrelaxed_rank_003_alphafold2_multimer_v3_model_2_seed_000.pdb
SAR1A___U2SURP,4,5,A,B,0.0000,0.0,0.0,0.0000,0.1589,0.0000,0.0000,0.0,0.0,0.2000,65.0,48.2,0.290,0,0,0,0,,,,,198,1029,,,,,SAR1A___U2SURP_unrelaxed_rank_004_alphafold2_multimer_v3_model_5_seed_000.pdb
SAR1A___U2SURP,5,3,A,B,0.0000,0.0,0.0,0.0000,0.1759,0.0000,0.0000,0.0,0.0,0.2000,69.6,47.4,0.280,0,0,0,0,,,,,198,1029,,,,,SAR1A___U2SURP_unrelaxed_rank_005_alphafold2_multimer_v3_model_3_seed_000.pdb
SET___CDC5L,1,5,A,B,0.0000,0.0,0.0,0.0000,0.2610,0.0000,0.0000,0.0,0.0,0.1900,59.1,56.4,0.270,0,0,0,0,,,,,290,802,,,,,SET___CDC5L_unrelaxed_rank_001_alphafold2_multimer_v3_model_5_seed_000.pdb
SET___CDC5L,2,1,A,B,0.0000,0.0,0.0,0.0000,0.2507,0.0000,0.0000,0.0,0.0,0.1800,60.5,56.3,0.270,0,0,0,0,,,,,290,802,,,,,SET___CDC5L_unrelaxed_rank_002_alphafold2_multimer_v3_model_1_seed_000.pdb
SET___CDC5L,3,2,A,B,0.0226,31.1,0.7,0.0000,0.4707,0.0224,0.0227,242.0,4.0,0.1800,62.7,51.6,0.280,88,8,4,1,87.2,38.0,71.9,38.3,290,802,"[47-89,94-102,106,109,113,117,120-122,124-126,135-142,151-157,167,169,203-206,220,223-224,230,233]",[169-176],"[63,66-67,70]",[171],SET___CDC5L_unrelaxed_rank_003_alphafold2_multimer_v3_model_2_seed_000.pdb
SET___CDC5L,4,4,A,B,0.0000,0.0,0.0,0.0000,0.2282,0.0000,0.0000,0.0,0.0,0.1800,59.3,49.0,0.270,0,0,0,0,,,,,290,802,,,,,SET___CDC5L_unrelaxed_rank_004_alphafold2_multimer_v3_model_4_seed_000.pdb
SET___CDC5L,5,3,A,B,0.0000,0.0,0.0,0.0000,0.2311,0.0000,0.0000,0.0,0.0,0.1700,59.8,55.9,0.270,0,0,0,0,,,,,290,802,,,,,SET___CDC5L_unrelaxed_rank_005_alphafold2_multimer_v3_model_3_seed_000.pdb
SET___HMGB1,1,1,A,B,0.1963,843.8,165.6,0.1450,0.6604,0.1518,0.2539,12945.0,55.0,0.3900,61.8,54.1,0.500,176,110,22,19,82.0,60.3,68.8,51.4,290,215,"[40-158,164-180,200-239]","[4-81,83-100,102-105,111,121,124,126,130,148,152,155,158-159]","[45,49,56,59-64,66-67,70,91,219-220,223-224,228,231,234-236]","[4,11,13-14,16-17,20,38-39,86,89-94,96,103,126]",SET___HMGB1_unrelaxed_rank_001_alphafold2_multimer_v3_model_1_seed_000.pdb
SET___HMGB1,2,2,A,B,0.0000,0.0,0.0,0.0000,0.2554,0.0097,0.0000,5.0,0.0,0.1900,60.9,54.8,0.430,3,4,0,0,63.2,31.3,,,290,215,"[52,58,60]",[85-88],,,SET___HMGB1_unrelaxed_rank_002_alphafold2_multimer_v3_model_2_seed_000.pdb
SET___HMGB1,3,4,A,B,0.0000,0.0,0.0,0.0000,0.2359,0.0000,0.0000,0.0,0.0,0.1900,59.9,55.0,0.410,0,0,0,0,,,,,290,215,,,,,SET___HMGB1_unrelaxed_rank_003_alphafold2_multimer_v3_model_4_seed_000.pdb
SET___HMGB1,4,3,A,B,0.0000,0.0,0.0,0.0000,0.2216,0.0204,0.0000,18.0,0.0,0.1400,58.7,56.7,0.400,8,3,0,0,65.2,30.0,,,290,215,"[45,47-52,54]","[86-87,89]",,,SET___HMGB1_unrelaxed_rank_004_alphafold2_multimer_v3_model_3_seed_000.pdb
SET___HMGB1,5,5,A,B,0.0000,0.0,0.0,0.0000,0.1369,0.0000,0.0000,0.0,0.0,0.1300,58.7,57.6,0.400,0,0,0,0,,,,,290,215,,,,,SET___HMGB1_unrelaxed_rank_005_alphafold2_multimer_v3_model_5_seed_000.pdb
SET___TXN,1,4,A,B,0.0757,323.1,24.5,0.0127,0.3151,0.0721,0.0795,2320.0,45.0,0.3500,65.6,85.0,0.540,140,91,11,12,86.9,84.5,74.2,67.5,290,105,"[50,52-129,134-158,166,168-175,177-180,202-206,217-234]","[2-5,10-16,21-49,52-81,84-104]","[78-79,82,124,126,128-129,136,138,151,153]","[29,31-32,34,72-74,89-93]",SET___TXN_unrelaxed_rank_001_alphafold2_multimer_v3_model_4_seed_000.pdb
SET___TXN,2,2,A,B,0.0472,48.0,2.3,0.0110,0.3086,0.0383,0.0582,128.0,18.0,0.3000,66.6,88.2,0.520,37,32,3,7,82.1,85.6,71.7,72.1,290,105,"[67-90,118-119,121,124,127,140-142,147,151,153,172,226]","[23,25-26,28-29,31-35,37-38,40-45,54-55,57,61,65-66,71,73-76,89,100-101]","[78-79,82]","[29,31-35,74]",SET___TXN_unrelaxed_rank_002_alphafold2_multimer_v3_model_2_seed_000.pdb
SET___TXN,3,1,A,B,0.0000,0.0,0.0,0.0000,0.1777,0.0000,0.0000,0.0,0.0,0.2300,65.1,85.3,0.490,0,0,0,0,,,,,290,105,,,,,SET___TXN_unrelaxed_rank_003_alphafold2_multimer_v3_model_1_seed_000.pdb
SET___TXN,4,3,A,B,0.0000,0.0,0.0,0.0000,0.1766,0.0000,0.0000,0.0,0.0,0.2200,64.3,87.4,0.480,0,0,0,0,,,,,290,105,,,,,SET___TXN_unrelaxed_rank_004_alphafold2_multimer_v3_model_3_seed_000.pdb
SET___TXN,5,5,A,B,0.0000,0.0,0.0,0.0000,0.1871,0.0135,0.0000,2.0,0.0,0.1900,63.7,85.6,0.490,1,2,0,0,94.4,94.3,,,290,105,[226],"[79,98]",,,SET___TXN_unrelaxed_rank_005_alphafold2_multimer_v3_model_5_seed_000.pdb
SF1___PRDX1,1,4,A,B,0.0000,0.0,0.0,0.0000,0.1435,0.0000,0.0000,0.0,0.0,0.1800,35.9,85.6,0.300,0,0,0,0,,,,,639,199,,,,,SF1___PRDX1_unrelaxed_rank_001_alphafold2_multimer_v3_model_4_seed_000.pdb
SF1___PRDX1,2,5,A,B,0.0000,0.0,0.0,0.0000,0.1420,0.0000,0.0000,0.0,0.0,0.1700,37.2,86.9,0.310,0,0,0,0,,,,,639,199,,,,,SF1___PRDX1_unrelaxed_rank_002_alphafold2_multimer_v3_model_5_seed_000.pdb
SF1___PRDX1,3,1,A,B,0.0000,0.0,0.0,0.0000,0.0000,0.0000,0.0000,0.0,0.0,0.1500,39.2,83.8,0.310,0,0,0,0,,,,,639,199,,,,,SF1___PRDX1_unrelaxed_rank_003_alphafold2_multimer_v3_model_1_seed_000.pdb
SF1___PRDX1,4,2,A,B,0.0000,0.0,0.0,0.0000,0.1086,0.0000,0.0000,0.0,0.0,0.1200,36.2,86.6,0.300,0,0,0,0,,,,,639,199,,,,,SF1___PRDX1_unrelaxed_rank_004_alphafold2_multimer_v3_model_2_seed_000.pdb
SF1___PRDX1,5,3,A,B,0.0000,0.0,0.0,0.0000,0.1033,0.0000,0.0000,0.0,0.0,0.1200,37.5,88.0,0.300,0,0,0,0,,,,,639,199,,,,,SF1___PRDX1_unrelaxed_rank_005_alphafold2_multimer_v3_model_3_seed_000.pdb
SFPQ___SMAP,1,2,A,B,0.0000,0.0,0.0,0.0000,0.3455,0.0000,0.0000,0.0,0.0,0.1800,50.3,25.9,0.370,0,0,0,0,,,,,707,183,,,,,SFPQ___SMAP_unrelaxed_rank_001_alphafold2_multimer_v3_model_2_seed_000.pdb
SFPQ___SMAP,2,3,A,B,0.0062,1.0,0.0,0.0000,0.3874,0.0062,0.0062,1.0,1.0,0.1700,50.8,25.0,0.370,1,1,1,1,84.8,32.0,84.8,32.0,707,183,[511],[56],[511],[56],SFPQ___SMAP_unrelaxed_rank_002_alphafold2_multimer_v3_model_3_seed_000.pdb
SFPQ___SMAP,3,4,A,B,0.0175,2.6,0.0,0.0000,0.4088,0.0136,0.0225,7.0,1.0,0.1700,50.7,25.3,0.360,7,1,1,1,86.2,33.5,87.4,33.5,707,183,"[492-494,497,499,511,515]",[56],[515],[56],SFPQ___SMAP_unrelaxed_rank_003_alphafold2_multimer_v3_model_4_seed_000.pdb
SFPQ___SMAP,4,5,A,B,0.0000,0.0,0.0,0.0000,0.3818,0.0000,0.0000,0.0,0.0,0.1600,50.9,23.2,0.370,0,0,0,0,,,,,707,183,,,,,SFPQ___SMAP_unrelaxed_rank_004_alphafold2_multimer_v3_model_5_seed_000.pdb
SFPQ___SMAP,5,1,A,B,0.0000,0.0,0.0,0.0000,0.1570,0.0000,0.0000,0.0,0.0,0.1400,50.9,22.7,0.370,0,0,0,0,,,,,707,183,,,,,SFPQ___SMAP_unrelaxed_rank_005_alphafold2_multimer_v3_model_1_seed_000.pdb
SFPQ___SRSF11,1,3,A,B,0.1984,289.6,57.4,0.0253,0.7794,0.1566,0.2512,2207.0,38.0,0.2400,49.4,32.5,0.330,242,12,11,9,89.8,37.8,87.0,39.8,707,484,"[289-483,485-531]",[423-434],"[300,327,329,332,334,336,367-370,421]",[423-431],SFPQ___SRSF11_unrelaxed_rank_001_alphafold2_multimer_v3_model_3_seed_000.pdb
SFPQ___SRSF11,2,2,A,B,0.1015,238.4,24.2,0.0166,0.6150,0.0796,0.1293,1895.0,30.0,0.2300,49.1,35.2,0.340,223,14,11,8,91.1,51.1,88.7,52.5,707,484,"[291-405,409-474,478,480,485-524]",[424-437],"[300,327,329,332,334,336,365,367-368,370,421]","[425-426,428-430,432-433,436]",SFPQ___SRSF11_unrelaxed_rank_002_alphafold2_multimer_v3_model_2_seed_000.pdb
SFPQ___SRSF11,3,1,A,B,0.1213,262.6,31.9,0.0155,0.6959,0.0923,0.1593,2028.0,34.0,0.2300,49.8,33.9,0.330,213,16,14,11,91.6,50.6,89.3,51.4,707,484,"[291-405,407-464,466-474,478,480,486-501,503-505,508-512,514-517,519]","[423-437,440]","[300,327,329,332,334-336,365,367-368,370,420-422]","[425-426,428-430,432-433,435-437,440]",SFPQ___SRSF11_unrelaxed_rank_003_alphafold2_multimer_v3_model_1_seed_000.pdb
SFPQ___SRSF11,4,4,A,B,0.0367,46.9,1.7,0.0116,0.4673,0.0300,0.0448,367.0,6.0,0.1900,48.6,33.2,0.320,121,7,4,3,90.7,35.7,84.9,36.7,707,484,"[292,296-297,299-304,311-318,320,326-352,355-356,360-369,371-376,378,382-391,393-394,396-404,411-422,425-433,435-439,444-449,470-471,490,494]",[425-431],"[329,332,334,367]","[426,428-429]",SFPQ___SRSF11_unrelaxed_rank_004_alphafold2_multimer_v3_model_4_seed_000.pdb
SFPQ___SRSF11,5,5,A,B,0.0000,0.0,0.0,0.0000,0.3285,0.0000,0.0000,0.0,0.0,0.1700,49.2,33.5,0.330,0,0,0,0,,,,,707,484,,,,,SFPQ___SRSF11_unrelaxed_rank_005_alphafold2_multimer_v3_model_5_seed_000.pdb
SFPQ___ZFR,1,5,A,B,0.2192,293.1,64.2,0.0889,0.8314,0.1681,0.2858,2147.0,40.0,0.3200,46.2,44.8,0.310,9,266,6,12,50.1,92.0,55.8,91.9,707,1074,[26-34],"[723-767,782-873,892-957,963-981,987-1000,1002-1031]","[26,28-32]","[752,755-756,759-760,783,785-789,795]",SFPQ___ZFR_unrelaxed_rank_001_alphafold2_multimer_v3_model_5_seed_000.pdb
SFPQ___ZFR,2,3,A,B,0.1988,224.0,44.5,0.0861,0.7871,0.1470,0.2689,1618.0,31.0,0.3200,47.4,45.2,0.310,9,261,5,11,48.8,91.2,57.0,90.6,707,1074,[26-34],"[723-764,766-767,781-857,859-873,891-940,942-957,963-981,987-999,1002-1022,1025-1030]",[28-32],"[752,755-756,759-760,783,785-789]",SFPQ___ZFR_unrelaxed_rank_002_alphafold2_multimer_v3_model_3_seed_000.pdb
SFPQ___ZFR,3,2,A,B,0.0000,0.0,0.0,0.0000,0.2387,0.0000,0.0000,0.0,0.0,0.1900,46.9,45.9,0.320,0,0,0,0,,,,,707,1074,,,,,SFPQ___ZFR_unrelaxed_rank_003_alphafold2_multimer_v3_model_2_seed_000.pdb
SFPQ___ZFR,4,1,A,B,0.0000,0.0,0.0,0.0000,0.1824,0.0000,0.0000,0.0,0.0,0.1700,47.3,45.5,0.310,0,0,0,0,,,,,707,1074,,,,,SFPQ___ZFR_unrelaxed_rank_004_alphafold2_multimer_v3_model_1_seed_000.pdb
SFPQ___ZFR,5,4,A,B,0.0000,0.0,0.0,0.0000,0.1871,0.0000,0.0000,0.0,0.0,0.1600,45.0,44.0,0.300,0,0,0,0,,,,,707,1074,,,,,SFPQ___ZFR_unrelaxed_rank_005_alphafold2_multimer_v3_model_4_seed_000.pdb
SLC3A2___RBM33,1,2,A,B,0.0000,0.0,0.0,0.0000,0.1669,0.0000,0.0000,0.0,0.0,0.1900,70.7,22.6,0.370,0,0,0,0,,,,,630,1170,,,,,SLC3A2___RBM33_unrelaxed_rank_001_alphafold2_multimer_v3_model_2_seed_000.pdb
SLC3A2___RBM33,2,1,A,B,0.0000,0.0,0.0,0.0000,0.2539,0.0000,0.0000,0.0,0.0,0.1900,69.4,21.8,0.360,0,0,0,0,,,,,630,1170,,,,,SLC3A2___RBM33_unrelaxed_rank_002_alphafold2_multimer_v3_model_1_seed_000.pdb
SLC3A2___RBM33,3,3,A,B,0.0000,0.0,0.0,0.0000,0.1769,0.0000,0.0000,0.0,0.0,0.1800,69.9,22.6,0.360,0,0,0,0,,,,,630,1170,,,,,SLC3A2___RBM33_unrelaxed_rank_003_alphafold2_multimer_v3_model_3_seed_000.pdb
SLC3A2___RBM33,4,4,A,B,0.0000,0.0,0.0,0.0000,0.1614,0.0000,0.0000,0.0,0.0,0.1800,68.5,19.7,0.350,0,0,0,0,,,,,630,1170,,,,,SLC3A2___RBM33_unrelaxed_rank_004_alphafold2_multimer_v3_model_4_seed_000.pdb
SLC3A2___RBM33,5,5,A,B,0.0000,0.0,0.0,0.0000,0.1645,0.0000,0.0000,0.0,0.0,0.1700,69.6,21.2,0.360,0,0,0,0,,,,,630,1170,,,,,SLC3A2___RBM33_unrelaxed_rank_005_alphafold2_multimer_v3_model_5_seed_000.pdb
SMAP___DAZAP1,1,4,A,B,0.0000,0.0,0.0,0.0000,0.2323,0.0000,0.0000,0.0,0.0,0.1500,26.8,45.0,0.250,0,0,0,0,,,,,183,407,,,,,SMAP___DAZAP1_unrelaxed_rank_001_alphafold2_multimer_v3_model_4_seed_000.pdb
SMAP___DAZAP1,2,1,A,B,0.0000,0.0,0.0,0.0000,0.1474,0.0000,0.0000,0.0,0.0,0.1400,22.9,43.0,0.240,0,0,0,0,,,,,183,407,,,,,SMAP___DAZAP1_unrelaxed_rank_002_alphafold2_multimer_v3_model_1_seed_000.pdb
SMAP___DAZAP1,3,3,A,B,0.0000,0.0,0.0,0.0000,0.2275,0.0000,0.0000,0.0,0.0,0.1200,26.7,42.8,0.240,0,0,0,0,,,,,183,407,,,,,SMAP___DAZAP1_unrelaxed_rank_003_alphafold2_multimer_v3_model_3_seed_000.pdb
SMAP___DAZAP1,4,2,A,B,0.0000,0.0,0.0,0.0000,0.1684,0.0000,0.0000,0.0,0.0,0.1200,25.5,42.8,0.240,0,0,0,0,,,,,183,407,,,,,SMAP___DAZAP1_unrelaxed_rank_004_alphafold2_multimer_v3_model_2_seed_000.pdb
SMAP___DAZAP1,5,5,A,B,0.0000,0.0,0.0,0.0000,0.1647,0.0000,0.0000,0.0,0.0,0.1100,25.9,45.0,0.240,0,0,0,0,,,,,183,407,,,,,SMAP___DAZAP1_unrelaxed_rank_005_alphafold2_multimer_v3_model_5_seed_000.pdb
SMAP___PCCA,1,1,A,B,0.0000,0.0,0.0,0.0000,0.2358,0.0000,0.0000,0.0,0.0,0.1900,20.0,83.8,0.690,0,0,0,0,,,,,183,728,,,,,SMAP___PCCA_unrelaxed_rank_001_alphafold2_multimer_v3_model_1_seed_000.pdb
SMAP___PCCA,2,3,A,B,0.0000,0.0,0.0,0.0000,0.2611,0.0000,0.0000,0.0,0.0,0.1800,24.5,84.8,0.690,0,0,0,0,,,,,183,728,,,,,SMAP___PCCA_unrelaxed_rank_002_alphafold2_multimer_v3_model_3_seed_000.pdb
SMAP___PCCA,3,2,A,B,0.0000,0.0,0.0,0.0000,0.2193,0.0000,0.0000,0.0,0.0,0.1700,20.4,84.9,0.690,0,0,0,0,,,,,183,728,,,,,SMAP___PCCA_unrelaxed_rank_003_alphafold2_multimer_v3_model_2_seed_000.pdb
SMAP___PCCA,4,5,A,B,0.0000,0.0,0.0,0.0000,0.2721,0.0000,0.0000,0.0,0.0,0.1600,20.2,84.7,0.680,0,0,0,0,,,,,183,728,,,,,SMAP___PCCA_unrelaxed_rank_004_alphafold2_multimer_v3_model_5_seed_000.pdb
SMAP___PCCA,5,4,A,B,0.0000,0.0,0.0,0.0000,0.2478,0.0000,0.0000,0.0,0.0,0.1700,22.4,82.8,0.670,0,0,0,0,,,,,183,728,,,,,SMAP___PCCA_unrelaxed_rank_005_alphafold2_multimer_v3_model_4_seed_000.pdb
SNRPC___CDC5L,1,5,A,B,0.3765,252.1,94.9,0.1184,0.8115,0.2637,0.5377,5295.0,12.0,0.3600,39.6,60.9,0.290,56,77,4,4,72.2,88.2,77.3,80.2,159,802,[1-56],"[717,721-795,797]","[7,34,38,41]","[755,758,762,766]",SNRPC___CDC5L_unrelaxed_rank_001_alphafold2_multimer_v3_model_5_seed_000.pdb
SNRPC___CDC5L,2,2,A,B,0.3738,264.8,99.0,0.1018,0.8440,0.2483,0.5627,5007.0,14.0,0.3600,41.2,58.0,0.260,55,76,5,4,73.8,87.9,77.1,79.9,159,802,[1-55],[723-798],"[7,34,37-38,41]","[755,758,762,766]",SNRPC___CDC5L_unrelaxed_rank_002_alphafold2_multimer_v3_model_2_seed_000.pdb
SNRPC___CDC5L,3,1,A,B,0.2328,238.1,55.4,0.0451,0.7154,0.1487,0.3645,3544.0,16.0,0.3100,39.6,63.2,0.280,49,71,5,4,70.1,89.1,73.1,80.6,159,802,[1-49],[722-792],"[7,34,37-38,41]","[755,758,762,766]",SNRPC___CDC5L_unrelaxed_rank_003_alphafold2_multimer_v3_model_1_seed_000.pdb
SNRPC___CDC5L,4,3,A,B,0.0000,0.0,0.0,0.0000,0.3547,0.0000,0.0000,0.0,0.0,0.1900,32.5,61.4,0.280,0,0,0,0,,,,,159,802,,,,,SNRPC___CDC5L_unrelaxed_rank_004_alphafold2_multimer_v3_model_3_seed_000.pdb
SNRPC___CDC5L,5,4,A,B,0.0000,0.0,0.0,0.0000,0.0000,0.0000,0.0000,0.0,0.0,0.1400,30.7,57.0,0.270,0,0,0,0,,,,,159,802,,,,,SNRPC___CDC5L_unrelaxed_rank_005_alphafold2_multimer_v3_model_4_seed_000.pdb
SNRPC___DAZAP1,1,1,A,B,0.0000,0.0,0.0,0.0000,0.2492,0.0000,0.0000,0.0,0.0,0.1500,35.3,47.1,0.240,0,0,0,0,,,,,159,407,,,,,SNRPC___DAZAP1_unrelaxed_rank_001_alphafold2_multimer_v3_model_1_seed_000.pdb
SNRPC___DAZAP1,2,2,A,B,0.0000,0.0,0.0,0.0000,0.2143,0.0000,0.0000,0.0,0.0,0.1500,37.1,46.3,0.240,0,0,0,0,,,,,159,407,,,,,SNRPC___DAZAP1_unrelaxed_rank_002_alphafold2_multimer_v3_model_2_seed_000.pdb
SNRPC___DAZAP1,3,3,A,B,0.0000,0.0,0.0,0.0000,0.2051,0.0000,0.0000,0.0,0.0,0.1400,35.1,45.4,0.240,0,0,0,0,,,,,159,407,,,,,SNRPC___DAZAP1_unrelaxed_rank_003_alphafold2_multimer_v3_model_3_seed_000.pdb
SNRPC___DAZAP1,4,5,A,B,0.0000,0.0,0.0,0.0000,0.2063,0.0000,0.0000,0.0,0.0,0.1300,38.2,46.5,0.230,0,0,0,0,,,,,159,407,,,,,SNRPC___DAZAP1_unrelaxed_rank_004_alphafold2_multimer_v3_model_5_seed_000.pdb
SNRPC___DAZAP1,5,4,A,B,0.0000,0.0,0.0,0.0000,0.1529,0.0000,0.0000,0.0,0.0,0.1100,37.9,46.3,0.230,0,0,0,0,,,,,159,407,,,,,SNRPC___DAZAP1_unrelaxed_rank_005_alphafold2_multimer_v3_model_4_seed_000.pdb
SNRPC___PPP1R10,1,2,A,B,0.0000,0.0,0.0,0.0000,0.2632,0.0000,0.0000,0.0,0.0,0.1800,35.4,35.3,0.270,0,0,0,0,,,,,159,940,,,,,SNRPC___PPP1R10_unrelaxed_rank_001_alphafold2_multimer_v3_model_2_seed_000.pdb
SNRPC___PPP1R10,2,1,A,B,0.0000,0.0,0.0,0.0000,0.1824,0.0000,0.0000,0.0,0.0,0.1700,32.1,33.7,0.250,0,0,0,0,,,,,159,940,,,,,SNRPC___PPP1R10_unrelaxed_rank_002_alphafold2_multimer_v3_model_1_seed_000.pdb
SNRPC___PPP1R10,3,3,A,B,0.0000,0.0,0.0,0.0000,0.1994,0.0000,0.0000,0.0,0.0,0.1600,33.0,34.0,0.270,0,0,0,0,,,,,159,940,,,,,SNRPC___PPP1R10_unrelaxed_rank_003_alphafold2_multimer_v3_model_3_seed_000.pdb
SNRPC___PPP1R10,4,4,A,B,0.0000,0.0,0.0,0.0000,0.2027,0.0000,0.0000,0.0,0.0,0.1500,35.3,35.3,0.260,0,0,0,0,,,,,159,940,,,,,SNRPC___PPP1R10_unrelaxed_rank_004_alphafold2_multimer_v3_model_4_seed_000.pdb
SNRPC___PPP1R10,5,5,A,B,0.0000,0.0,0.0,0.0000,0.1189,0.0000,0.0000,0.0,0.0,0.1400,37.2,35.2,0.260,0,0,0,0,,,,,159,940,,,,,SNRPC___PPP1R10_unrelaxed_rank_005_alphafold2_multimer_v3_model_5_seed_000.pdb
SNRPC___SMAP,1,5,A,B,0.0586,23.0,1.3,0.0000,0.2817,0.0448,0.0766,53.0,10.0,0.1400,41.7,29.7,0.230,24,8,4,4,68.1,50.7,63.6,51.7,159,183,"[5-10,18,20-26,30-31,34-39,41-42]","[80-81,83-85,87-89]","[31,34-35,38]","[80,83-84,87]",SNRPC___SMAP_unrelaxed_rank_001_alphafold2_multimer_v3_model_5_seed_000.pdb
SNRPC___SMAP,2,4,A,B,0.0103,2.8,0.0,0.0000,0.2195,0.0128,0.0083,4.0,2.0,0.1400,41.8,31.1,0.230,4,3,2,2,62.0,49.4,58.3,49.2,159,183,"[30,37-39]","[40-41,84]",[37-38],"[40,84]",SNRPC___SMAP_unrelaxed_rank_002_alphafold2_multimer_v3_model_4_seed_000.pdb
SNRPC___SMAP,3,3,A,B,0.0232,3.2,0.1,0.0000,0.2306,0.0253,0.0213,5.0,2.0,0.1300,40.2,29.2,0.230,3,4,1,2,63.4,52.3,67.1,53.4,159,183,"[5,34,42]","[41,83-85]",[34],[83-84],SNRPC___SMAP_unrelaxed_rank_003_alphafold2_multimer_v3_model_3_seed_000.pdb
SNRPC___SMAP,4,1,A,B,0.0000,0.0,0.0,0.0000,0.1597,0.0000,0.0000,0.0,0.0,0.1100,37.3,29.0,0.190,0,0,0,0,,,,,159,183,,,,,SNRPC___SMAP_unrelaxed_rank_004_alphafold2_multimer_v3_model_1_seed_000.pdb
SNRPC___SMAP,5,2,A,B,0.0000,0.0,0.0,0.0000,0.1738,0.0000,0.0000,0.0,0.0,0.1100,37.6,30.1,0.190,0,0,0,0,,,,,159,183,,,,,SNRPC___SMAP_unrelaxed_rank_005_alphafold2_multimer_v3_model_2_seed_000.pdb
SNRPC___TXN,1,5,A,B,0.6720,907.5,609.9,0.6891,0.9565,0.5465,0.8264,10837.0,76.0,0.8600,51.2,95.4,0.570,60,105,10,18,87.3,95.4,90.5,94.3,159,105,[1-60],[1-105],"[3,6,9-14,24,29]","[29,31-35,59,66,71-76,90-93]",SNRPC___TXN_unrelaxed_rank_001_alphafold2_multimer_v3_model_5_seed_000.pdb
SNRPC___TXN,2,2,A,B,0.6012,927.1,557.4,0.5413,0.9297,0.4747,0.7613,10483.0,82.0,0.8100,52.6,94.6,0.560,59,105,11,19,86.5,94.6,88.7,92.9,159,105,[1-59],[1-105],"[3,6,9-14,20,24,29]","[29,31-35,59,66,71-76,89-93]",SNRPC___TXN_unrelaxed_rank_002_alphafold2_multimer_v3_model_2_seed_000.pdb
SNRPC___TXN,3,1,A,B,0.3082,721.7,222.4,0.1630,0.6238,0.2090,0.4544,6276.0,83.0,0.5900,48.3,92.8,0.510,45,105,13,19,77.5,92.8,76.8,87.7,159,105,[1-45],[1-105],"[1,3,5-6,9-14,20,24,29]","[29,31-35,59-60,66,71-76,90-93]",SNRPC___TXN_unrelaxed_rank_003_alphafold2_multimer_v3_model_1_seed_000.pdb
SNRPC___TXN,4,3,A,B,0.0000,0.0,0.0,0.0000,0.1820,0.0100,0.0000,32.0,0.0,0.1600,39.6,89.4,0.430,6,24,0,0,65.8,87.9,,,159,105,"[7-8,30,33-34,37]","[25-29,31,37,40-41,53,56-61,70,75-79,89,94]",,,SNRPC___TXN_unrelaxed_rank_004_alphafold2_multimer_v3_model_3_seed_000.pdb
SNRPC___TXN,5,4,A,B,0.0000,0.0,0.0,0.0000,0.1895,0.0133,0.0000,2.0,0.0,0.1400,41.6,89.5,0.430,2,1,0,0,58.2,71.9,,,159,105,[7-8],[31],,,SNRPC___TXN_unrelaxed_rank_005_alphafold2_multimer_v3_model_4_seed_000.pdb
SNRPC___XRN2,1,2,A,B,0.0000,0.0,0.0,0.0000,0.2699,0.0000,0.0000,0.0,0.0,0.2100,26.8,73.0,0.680,0,0,0,0,,,,,159,950,,,,,SNRPC___XRN2_unrelaxed_rank_001_alphafold2_multimer_v3_model_2_seed_000.pdb
SNRPC___XRN2,2,3,A,B,0.0000,0.0,0.0,0.0000,0.3413,0.0000,0.0000,0.0,0.0,0.2100,26.1,72.0,0.670,0,0,0,0,,,,,159,950,,,,,SNRPC___XRN2_unrelaxed_rank_002_alphafold2_multimer_v3_model_3_seed_000.pdb
SNRPC___XRN2,3,1,A,B,0.0000,0.0,0.0,0.0000,0.2921,0.0000,0.0000,0.0,0.0,0.1900,25.0,72.4,0.660,0,0,0,0,,,,,159,950,,,,,SNRPC___XRN2_unrelaxed_rank_003_alphafold2_multimer_v3_model_1_seed_000.pdb
SNRPC___XRN2,4,4,A,B,0.0000,0.0,0.0,0.0000,0.2413,0.0000,0.0000,0.0,0.0,0.1700,24.8,72.5,0.670,0,0,0,0,,,,,159,950,,,,,SNRPC___XRN2_unrelaxed_rank_004_alphafold2_multimer_v3_model_4_seed_000.pdb
SNRPC___XRN2,5,5,A,B,0.0000,0.0,0.0,0.0000,0.1695,0.0000,0.0000,0.0,0.0,0.1600,25.5,72.7,0.670,0,0,0,0,,,,,159,950,,,,,SNRPC___XRN2_unrelaxed_rank_005_alphafold2_multimer_v3_model_5_seed_000.pdb
STIP1___ANP32A,1,3,A,B,0.0295,43.2,1.3,0.0114,0.4056,0.0416,0.0208,233.0,8.0,0.3300,82.1,61.3,0.430,95,15,7,4,91.4,62.2,89.1,44.7,543,249,"[222-255,257,259,261-272,274-286,288-293,296,299-300,303,306-307,309-310,313,315-316,318-319,322-327,329,335-336,339-343,345]","[95,118,120-121,123,125-127,160-166]","[232,237,263-264,266-267,340]","[121,162-164]",STIP1___ANP32A_unrelaxed_rank_001_alphafold2_multimer_v3_model_3_seed_000.pdb
STIP1___ANP32A,2,5,A,B,0.3230,308.5,99.6,0.0966,0.8749,0.2563,0.4070,1670.0,57.0,0.3000,82.3,63.6,0.430,152,14,18,7,90.8,39.2,91.8,46.4,543,249,"[219-357,359-364,366,380,384-386,388-389]",[158-171],"[229-230,232-233,236-237,244,248,260,263-264,267-268,270-271,298,301,308]","[160,162-167]",STIP1___ANP32A_unrelaxed_rank_002_alphafold2_multimer_v3_model_5_seed_000.pdb
STIP1___ANP32A,3,2,A,B,0.2791,654.1,182.6,0.1098,0.8652,0.2231,0.3492,3998.0,107.0,0.2900,82.4,65.1,0.410,258,31,42,19,90.7,39.1,91.4,44.1,543,249,[219-476],"[161-175,210-225]","[233,236,259-260,263-264,266-267,270-271,278,295,297-298,301-302,304-305,308,311,334,338,361,364-365,367-368,371-372,379,395,398-399,402,405-406,429,433,436,439-440,463]","[161-163,165-170,173,214-222]",STIP1___ANP32A_unrelaxed_rank_003_alphafold2_multimer_v3_model_2_seed_000.pdb
STIP1___ANP32A,4,1,A,B,0.2370,567.6,134.5,0.0665,0.8761,0.2084,0.2695,3068.0,105.0,0.2700,81.4,65.2,0.400,257,27,43,16,89.9,38.0,90.4,43.4,543,249,[220-476],"[162-173,211-225]","[229,232-233,236-237,248,258-264,266-268,270,285,298,301-302,304-305,308,361,364,367-368,371-372,379,395,398-399,402,405-406,429,433,436,439-440,463]","[164-170,214-222]",STIP1___ANP32A_unrelaxed_rank_004_alphafold2_multimer_v3_model_1_seed_000.pdb
STIP1___ANP32A,5,4,A,B,0.0000,0.0,0.0,0.0000,0.1414,0.0000,0.0000,0.0,0.0,0.1400,80.7,61.8,0.350,0,0,0,0,,,,,543,249,,,,,STIP1___ANP32A_unrelaxed_rank_005_alphafold2_multimer_v3_model_4_seed_000.pdb
STIP1___PPP1R10,1,3,A,B,0.2754,322.0,88.7,0.0378,0.8759,0.1796,0.4224,3457.0,30.0,0.3500,81.2,31.9,0.310,231,22,7,7,91.9,53.2,87.5,55.4,543,940,"[222-425,427,429-444,446-455]",[412-433],"[290,324-325,327-329,331]","[415,417,420-422,424-425]",STIP1___PPP1R10_unrelaxed_rank_001_alphafold2_multimer_v3_model_3_seed_000.pdb
STIP1___PPP1R10,2,5,A,B,0.2819,305.6,86.2,0.0273,0.8674,0.1742,0.4562,3459.0,27.0,0.3500,82.0,31.9,0.310,236,22,6,6,92.7,51.2,89.1,54.9,543,940,"[221-425,427-456,472]",[412-433],"[324-325,327-329,331]",[420-425],STIP1___PPP1R10_unrelaxed_rank_002_alphafold2_multimer_v3_model_5_seed_000.pdb
STIP1___PPP1R10,3,4,A,B,0.1715,180.7,31.0,0.0165,0.7130,0.1244,0.2364,1360.0,24.0,0.3000,79.7,31.4,0.300,178,15,6,6,91.7,48.3,87.0,50.3,543,940,"[222,225-238,240-357,359-360,362-364,366-367,369-371,373,375-385,387-389,396-397,401,403-407,409,411-412,415-416,418-419,431,433-434,438,451]",[415-429],"[324-325,327-329,331]","[417,420-422,424-425]",STIP1___PPP1R10_unrelaxed_rank_003_alphafold2_multimer_v3_model_4_seed_000.pdb
STIP1___PPP1R10,4,1,A,B,0.0000,0.0,0.0,0.0000,0.3753,0.0000,0.0000,0.0,0.0,0.2200,82.1,31.0,0.300,0,0,0,0,,,,,543,940,,,,,STIP1___PPP1R10_unrelaxed_rank_004_alphafold2_multimer_v3_model_1_seed_000.pdb
STIP1___PPP1R10,5,2,A,B,0.0000,0.0,0.0,0.0000,0.3795,0.0000,0.0000,0.0,0.0,0.1900,84.2,31.3,0.300,0,0,0,0,,,,,543,940,,,,,STIP1___PPP1R10_unrelaxed_rank_005_alphafold2_multimer_v3_model_2_seed_000.pdb
TLE3___AGAP3,1,1,A,B,0.0000,0.0,0.0,0.0000,0.3066,0.0000,0.0000,0.0,0.0,0.2100,51.3,53.4,0.350,0,0,0,0,,,,,772,875,,,,,TLE3___AGAP3_unrelaxed_rank_001_alphafold2_multimer_v3_model_1_seed_000.pdb
TLE3___AGAP3,2,2,A,B,0.0000,0.0,0.0,0.0000,0.2553,0.0000,0.0000,0.0,0.0,0.2100,52.6,59.1,0.340,0,0,0,0,,,,,772,875,,,,,TLE3___AGAP3_unrelaxed_rank_002_alphafold2_multimer_v3_model_2_seed_000.pdb
TLE3___AGAP3,3,5,A,B,0.0000,0.0,0.0,0.0000,0.2450,0.0000,0.0000,0.0,0.0,0.2100,51.7,58.8,0.340,0,0,0,0,,,,,772,875,,,,,TLE3___AGAP3_unrelaxed_rank_003_alphafold2_multimer_v3_model_5_seed_000.pdb
TLE3___AGAP3,4,3,A,B,0.0000,0.0,0.0,0.0000,0.3270,0.0000,0.0000,0.0,0.0,0.2000,52.2,56.7,0.340,0,0,0,0,,,,,772,875,,,,,TLE3___AGAP3_unrelaxed_rank_004_alphafold2_multimer_v3_model_3_seed_000.pdb
TLE3___AGAP3,5,4,A,B,0.0000,0.0,0.0,0.0000,0.2455,0.0000,0.0000,0.0,0.0,0.2000,49.5,56.2,0.330,0,0,0,0,,,,,772,875,,,,,TLE3___AGAP3_unrelaxed_rank_005_alphafold2_multimer_v3_model_4_seed_000.pdb
TLE3___ANP32A,1,3,A,B,0.2255,490.6,110.6,0.0320,0.7971,0.1927,0.2638,3882.0,62.0,0.2900,56.2,63.9,0.420,319,15,23,9,92.2,43.1,91.7,47.6,772,249,"[447-453,456-515,521-772]",[227-241],"[488,490,534,536,577,580-581,596-598,619-620,622-623,638,661,663,702,704,742-743,745,761]","[230-231,233-239]",TLE3___ANP32A_unrelaxed_rank_001_alphafold2_multimer_v3_model_3_seed_000.pdb
TLE3___ANP32A,2,2,A,B,0.2090,344.3,72.0,0.0235,0.7783,0.1786,0.2447,2757.0,43.0,0.2500,55.1,62.8,0.410,316,11,17,6,92.7,38.9,93.1,39.7,772,249,"[447-453,457-469,471-515,521-563,565-772]",[233-243],"[488,490,534,536,580,596,619-620,622-623,638,661,663,704,743,745,761]","[233-236,238-239]",TLE3___ANP32A_unrelaxed_rank_002_alphafold2_multimer_v3_model_2_seed_000.pdb
TLE3___ANP32A,3,1,A,B,0.1472,205.8,30.3,0.0207,0.7040,0.1276,0.1699,1629.0,26.0,0.2300,55.0,62.0,0.420,309,8,16,5,92.3,36.1,92.0,37.8,772,249,"[447-452,458-464,466-468,471-496,498-514,521-562,565-772]",[233-240],"[488,490,536,580,596,619-620,622,638,661,663,704,720,743,745,761]","[234-236,238-239]",TLE3___ANP32A_unrelaxed_rank_003_alphafold2_multimer_v3_model_1_seed_000.pdb
TLE3___ANP32A,4,5,A,B,0.1518,246.8,37.5,0.0173,0.6961,0.1248,0.1847,2175.0,28.0,0.2100,55.3,63.1,0.410,306,9,17,6,93.4,33.7,93.0,34.1,772,249,"[447-452,458-468,472-514,522-562,565-670,673-687,689-772]",[234-242],"[488,490,536,580,619,622,638,661,663,679,702,704,720,742-743,745,761]","[234-237,239,241]",TLE3___ANP32A_unrelaxed_rank_004_alphafold2_multimer_v3_model_5_seed_000.pdb
TLE3___ANP32A,5,4,A,B,0.1484,254.6,37.8,0.0207,0.6686,0.1329,0.1658,2819.0,23.0,0.2000,54.2,61.3,0.410,317,12,16,5,91.3,33.4,91.1,35.3,772,249,"[447-454,456-515,521-562,565-670,672-772]",[233-244],"[487-488,490,534,536,580,596,619-620,622,638,663,720,743,745,761]","[234,236,238-239,241]",TLE3___ANP32A_unrelaxed_rank_005_alphafold2_multimer_v3_model_4_seed_000.pdb
TLE3___DNAJA1,1,5,A,B,0.4123,1088.0,448.6,0.5601,0.9582,0.3591,0.4735,10665.0,111.0,0.4300,55.7,76.5,0.410,337,187,28,21,92.5,85.8,82.4,76.1,772,397,"[246-253,444-772]","[105-136,139,193,195-196,199-232,234-290,294-313,315-327,361-387]","[247-251,253,488,490,534,580,596,618-620,622,638-639,661,663,679,702,704,720,742-743,745,761-762]","[107,109,111-112,124-129,207,369,372-373,375-376,379-381,383-384]",TLE3___DNAJA1_unrelaxed_rank_001_alphafold2_multimer_v3_model_5_seed_000.pdb
TLE3___DNAJA1,2,3,A,B,0.3406,1078.5,367.3,0.4065,0.9180,0.2964,0.3913,9380.0,124.0,0.4000,56.3,76.0,0.400,338,193,29,22,91.7,84.8,81.5,73.6,772,397,"[245-254,445-772]","[105-139,193-196,199-291,293-313,315-328,362-387]","[246-251,253,488,490,534,552,580,596,618-620,622,638,661,663,679,702,704,720,742-743,745,761-762]","[109,111-112,123-129,207,369,372-373,375-377,379-381,383-384]",TLE3___DNAJA1_unrelaxed_rank_002_alphafold2_multimer_v3_model_3_seed_000.pdb
TLE3___DNAJA1,3,2,A,B,0.1390,423.3,58.9,0.0176,0.6759,0.1332,0.1451,3199.0,56.0,0.2300,55.5,72.4,0.390,319,128,26,17,92.3,81.9,81.3,57.9,772,397,"[246-252,447-452,458-468,471-515,521-562,565-772]","[83-95,106-134,195-196,200-202,204-214,216-218,220-225,227,230-232,235,238-254,256-265,268,273-281,284-288,301,303,305-310,317,320-324]","[247-251,488,490,534,536,552,577-578,580,596,620,622,638,663,679,701-702,704,720,743,745,761]","[84,87-88,90-95,109,124-129,207]",TLE3___DNAJA1_unrelaxed_rank_003_alphafold2_multimer_v3_model_2_seed_000.pdb
TLE3___DNAJA1,4,1,A,B,0.1235,408.4,50.4,0.0170,0.6864,0.1142,0.1336,2875.0,58.0,0.2100,54.8,70.0,0.390,309,13,26,11,92.5,37.4,89.8,36.8,772,397,"[447-452,458-464,466-468,471-515,521-562,565-670,672-687,689-772]",[83-95],"[488,490,534,536,551-552,578,580,596,619-620,622-623,637-638,661,663,702,704,719-720,742-745,761]","[83-85,87-88,90-95]",TLE3___DNAJA1_unrelaxed_rank_004_alphafold2_multimer_v3_model_1_seed_000.pdb
TLE3___DNAJA1,5,4,A,B,0.1549,417.6,64.7,0.0236,0.7291,0.1534,0.1564,3230.0,54.0,0.2100,53.1,72.8,0.380,324,41,28,11,89.6,69.1,80.6,44.5,772,397,"[247-252,447-454,456-515,521-562,565-772]","[83-95,106,108,110,112-116,120,123,125,127,133,201-202,204,221,223-224,238,240,259-261,320,322-324]","[248-249,251,490,534,536,552,578,580,596,619-620,622-623,637-638,661-663,679,701-702,704,720,742-743,745,761]","[84-85,87-88,90-94,125,127]",TLE3___DNAJA1_unrelaxed_rank_005_alphafold2_multimer_v3_model_4_seed_000.pdb
TLE3___RAVER1,1,5,A,B,0.0487,318.2,15.5,0.0125,0.5842,0.0453,0.0523,2354.0,43.0,0.2200,53.3,51.8,0.360,292,11,24,8,92.2,30.2,89.8,31.2,772,606,"[447-452,458-461,463-464,467-468,472-514,522-562,566,568-573,575-636,638-648,652-669,673-687,692-772]",[591-601],"[488,490,533-534,536,552,578,580,596,622,661,663,679,701-702,704,719-720,742-743,745,760-762]","[591,594-597,599-601]",TLE3___RAVER1_unrelaxed_rank_001_alphafold2_multimer_v3_model_5_seed_000.pdb
TLE3___RAVER1,2,3,A,B,0.0321,237.3,7.6,0.0126,0.5443,0.0328,0.0314,1707.0,33.0,0.2100,53.2,51.6,0.360,273,10,18,9,91.6,29.3,86.0,29.6,772,606,"[448-452,460-461,463,472-474,476-495,498-504,506-514,522-527,529,531-550,552-561,568-573,575-593,595-606,608-615,617-636,638-647,652-670,673-687,692-718,720-772]",[591-600],"[488,490,533-534,552,578,580,622,661,663,679,704,720-721,742-743,745,761]","[591-592,594-600]",TLE3___RAVER1_unrelaxed_rank_002_alphafold2_multimer_v3_model_3_seed_000.pdb
TLE3___RAVER1,3,2,A,B,0.0000,0.0,0.0,0.0000,0.3684,0.0000,0.0000,0.0,0.0,0.2100,54.1,52.1,0.360,0,0,0,0,,,,,772,606,,,,,TLE3___RAVER1_unrelaxed_rank_003_alphafold2_multimer_v3_model_2_seed_000.pdb
TLE3___RAVER1,4,1,A,B,0.0000,0.0,0.0,0.0000,0.4122,0.0000,0.0000,0.0,0.0,0.2000,53.5,50.9,0.360,0,0,0,0,,,,,772,606,,,,,TLE3___RAVER1_unrelaxed_rank_004_alphafold2_multimer_v3_model_1_seed_000.pdb
TLE3___RAVER1,5,4,A,B,0.0150,41.2,0.6,0.0000,0.5144,0.0192,0.0117,340.0,5.0,0.2000,51.1,51.7,0.350,167,6,4,3,90.6,25.0,86.8,24.8,772,606,"[448-450,479-480,482-483,485,488-489,491,493-494,500-502,507-514,522-523,525-528,531-535,538-540,546-549,552-560,568,570-573,575-578,580-581,583-584,590-593,596-597,599-604,608,610,612-614,617,621-623,625,632-635,638-645,655-664,673-676,679,682-686,693-700,703-706,709,714-716,720-727,733-740,743-746,749-750,755-758,761,763,766-770]",[569-574],"[552,663,722,743]","[569,572,574]",TLE3___RAVER1_unrelaxed_rank_005_alphafold2_multimer_v3_model_4_seed_000.pdb
U2SURP___GFP,1,5,A,B,0.2457,1513.3,371.8,0.1351,0.8990,0.1365,0.4423,25165.0,91.0,0.6600,48.3,91.3,0.380,206,236,16,19,87.0,91.4,84.1,76.0,1029,238,"[273-278,281,285-307,318-339,347,349-392,407-515]","[2-50,52-238]","[360,429,432-433,435-436,439-440,442,480-483,485-487]","[75-78,149,200,202,225,227-237]",U2SURP___GFP_unrelaxed_rank_001_alphafold2_multimer_v3_model_5_seed_000.pdb
U2SURP___GFP,2,4,A,B,0.0000,0.0,0.0,0.0000,0.2375,0.0000,0.0000,0.0,0.0,0.2100,44.8,87.1,0.300,0,0,0,0,,,,,1029,238,,,,,U2SURP___GFP_unrelaxed_rank_002_alphafold2_multimer_v3_model_4_seed_000.pdb
U2SURP___GFP,3,1,A,B,0.0000,0.0,0.0,0.0000,0.2386,0.0000,0.0000,0.0,0.0,0.2000,47.3,88.3,0.300,0,0,0,0,,,,,1029,238,,,,,U2SURP___GFP_unrelaxed_rank_003_alphafold2_multimer_v3_model_1_seed_000.pdb
U2SURP___GFP,4,2,A,B,0.0000,0.0,0.0,0.0000,0.2292,0.0000,0.0000,0.0,0.0,0.2000,47.7,89.6,0.300,0,0,0,0,,,,,1029,238,,,,,U2SURP___GFP_unrelaxed_rank_004_alphafold2_multimer_v3_model_2_seed_000.pdb
U2SURP___GFP,5,3,A,B,0.0000,0.0,0.0,0.0000,0.2126,0.0000,0.0000,0.0,0.0,0.1900,46.8,88.4,0.300,0,0,0,0,,,,,1029,238,,,,,U2SURP___GFP_unrelaxed_rank_005_alphafold2_multimer_v3_model_3_seed_000.pdb
U2SURP___LUC7L2,1,5,A,B,0.0000,0.0,0.0,0.0000,0.1292,0.0000,0.0000,0.0,0.0,0.1800,49.2,58.2,0.280,0,0,0,0,,,,,1029,392,,,,,U2SURP___LUC7L2_unrelaxed_rank_001_alphafold2_multimer_v3_model_5_seed_000.pdb
U2SURP___LUC7L2,2,1,A,B,0.0000,0.0,0.0,0.0000,0.1554,0.0000,0.0000,0.0,0.0,0.1700,49.2,54.6,0.270,0,0,0,0,,,,,1029,392,,,,,U2SURP___LUC7L2_unrelaxed_rank_002_alphafold2_multimer_v3_model_1_seed_000.pdb
U2SURP___LUC7L2,3,4,A,B,0.0000,0.0,0.0,0.0000,0.1399,0.0000,0.0000,0.0,0.0,0.1600,46.2,58.1,0.270,0,0,0,0,,,,,1029,392,,,,,U2SURP___LUC7L2_unrelaxed_rank_003_alphafold2_multimer_v3_model_4_seed_000.pdb
U2SURP___LUC7L2,4,3,A,B,0.0000,0.0,0.0,0.0000,0.1668,0.0000,0.0000,0.0,0.0,0.1600,47.8,57.1,0.280,0,0,0,0,,,,,1029,392,,,,,U2SURP___LUC7L2_unrelaxed_rank_004_alphafold2_multimer_v3_model_3_seed_000.pdb
U2SURP___LUC7L2,5,2,A,B,0.0000,0.0,0.0,0.0000,0.1566,0.0000,0.0000,0.0,0.0,0.1500,49.8,56.6,0.280,0,0,0,0,,,,,1029,392,,,,,U2SURP___LUC7L2_unrelaxed_rank_005_alphafold2_multimer_v3_model_2_seed_000.pdb
U2SURP___SRSF11,1,3,A,B,0.1888,299.0,56.4,0.0467,0.7206,0.1647,0.2163,1902.0,47.0,0.2600,49.7,31.3,0.280,124,15,14,11,84.7,50.1,81.2,51.9,1029,484,"[373-392,405-508]",[419-433],"[382-383,443,446-447,450-451,454,462,465,474,496-497,500]","[420-423,425-426,428-432]",U2SURP___SRSF11_unrelaxed_rank_001_alphafold2_multimer_v3_model_3_seed_000.pdb
U2SURP___SRSF11,2,4,A,B,0.2305,284.3,65.5,0.0315,0.8079,0.1917,0.2770,1880.0,43.0,0.2400,47.2,31.5,0.280,123,15,13,10,83.7,48.7,80.6,49.1,1029,484,"[374-389,391-392,404-508]",[419-433],"[382-383,408,446-447,450-451,454,463,465,474,497,500]","[420-423,426,428-432]",U2SURP___SRSF11_unrelaxed_rank_002_alphafold2_multimer_v3_model_4_seed_000.pdb
U2SURP___SRSF11,3,2,A,B,0.0000,0.0,0.0,0.0000,0.2755,0.0000,0.0000,0.0,0.0,0.1900,51.0,30.7,0.290,0,0,0,0,,,,,1029,484,,,,,U2SURP___SRSF11_unrelaxed_rank_003_alphafold2_multimer_v3_model_2_seed_000.pdb
U2SURP___SRSF11,4,5,A,B,0.0000,0.0,0.0,0.0000,0.2553,0.0000,0.0000,0.0,0.0,0.1800,49.7,30.9,0.280,0,0,0,0,,,,,1029,484,,,,,U2SURP___SRSF11_unrelaxed_rank_004_alphafold2_multimer_v3_model_5_seed_000.pdb
U2SURP___SRSF11,5,1,A,B,0.0000,0.0,0.0,0.0000,0.3905,0.0000,0.0000,0.0,0.0,0.1800,50.4,30.4,0.280,0,0,0,0,,,,,1029,484,,,,,U2SURP___SRSF11_unrelaxed_rank_005_alphafold2_multimer_v3_model_1_seed_000.pdb
XRN2___DHX15,1,5,A,B,0.0000,0.0,0.0,0.0000,0.4069,0.0000,0.0000,0.0,0.0,0.3200,69.1,76.1,0.520,0,0,0,0,,,,,950,795,,,,,XRN2___DHX15_unrelaxed_rank_001_alphafold2_multimer_v3_model_5_seed_000.pdb
XRN2___DHX15,2,1,A,B,0.0000,0.0,0.0,0.0000,0.2927,0.0000,0.0000,0.0,0.0,0.2700,68.6,74.4,0.500,0,0,0,0,,,,,950,795,,,,,XRN2___DHX15_unrelaxed_rank_002_alphafold2_multimer_v3_model_1_seed_000.pdb
XRN2___DHX15,3,3,A,B,0.0000,0.0,0.0,0.0000,0.2228,0.0000,0.0000,0.0,0.0,0.2300,67.0,75.9,0.500,0,0,0,0,,,,,950,795,,,,,XRN2___DHX15_unrelaxed_rank_003_alphafold2_multimer_v3_model_3_seed_000.pdb
XRN2___DHX15,4,4,A,B,0.0000,0.0,0.0,0.0000,0.2220,0.0000,0.0000,0.0,0.0,0.2300,69.6,74.8,0.510,0,0,0,0,,,,,950,795,,,,,XRN2___DHX15_unrelaxed_rank_004_alphafold2_multimer_v3_model_4_seed_000.pdb
XRN2___DHX15,5,2,A,B,0.0000,0.0,0.0,0.0000,0.2392,0.0000,0.0000,0.0,0.0,0.2200,69.0,75.2,0.510,0,0,0,0,,,,,950,795,,,,,XRN2___DHX15_unrelaxed_rank_005_alphafold2_multimer_v3_model_2_seed_000.pdb
XRN2___EDC3,1,3,A,B,0.0000,0.0,0.0,0.0000,0.2997,0.0000,0.0000,0.0,0.0,0.2800,69.8,57.3,0.570,0,0,0,0,,,,,950,508,,,,,XRN2___EDC3_unrelaxed_rank_001_alphafold2_multimer_v3_model_3_seed_000.pdb
XRN2___EDC3,2,5,A,B,0.0000,0.0,0.0,0.0000,0.2374,0.0000,0.0000,0.0,0.0,0.2200,70.3,57.3,0.560,0,0,0,0,,,,,950,508,,,,,XRN2___EDC3_unrelaxed_rank_002_alphafold2_multimer_v3_model_5_seed_000.pdb
XRN2___EDC3,3,2,A,B,0.0000,0.0,0.0,0.0000,0.2432,0.0000,0.0000,0.0,0.0,0.2100,70.5,58.2,0.560,0,0,0,0,,,,,950,508,,,,,XRN2___EDC3_unrelaxed_rank_003_alphafold2_multimer_v3_model_2_seed_000.pdb
XRN2___EDC3,4,1,A,B,0.0000,0.0,0.0,0.0000,0.2507,0.0000,0.0000,0.0,0.0,0.1900,69.1,57.1,0.540,0,0,0,0,,,,,950,508,,,,,XRN2___EDC3_unrelaxed_rank_004_alphafold2_multimer_v3_model_1_seed_000.pdb
XRN2___EDC3,5,4,A,B,0.0000,0.0,0.0,0.0000,0.1860,0.0000,0.0000,0.0,0.0,0.1800,69.9,55.4,0.550,0,0,0,0,,,,,950,508,,,,,XRN2___EDC3_unrelaxed_rank_005_alphafold2_multimer_v3_model_4_seed_000.pdb
XRN2___EPB41,1,2,A,B,0.0000,0.0,0.0,0.0000,0.5072,0.0114,0.0000,33.0,0.0,0.3300,69.7,44.2,0.490,30,5,0,0,95.3,39.7,,,950,864,"[50,75,80-84,87,92,99,115,207-208,214,216,227,250,305,307,310-311,332,336,389,547,560,596,661,670,739]",[703-707],,,XRN2___EPB41_unrelaxed_rank_001_alphafold2_multimer_v3_model_2_seed_000.pdb
XRN2___EPB41,2,4,A,B,0.0894,238.2,21.3,0.0138,0.7167,0.0687,0.1164,1831.0,31.0,0.3200,67.9,43.4,0.500,394,16,17,10,90.0,52.4,72.2,48.3,950,864,"[7-12,18,48-54,57-59,75-129,131,159-183,188,191-195,198-209,211-216,221,224-229,236-245,247-251,279-282,301-314,328-342,344-357,359-368,377-379,383-398,400-401,403-407,510-512,515-528,532-576,590-637,640,642,645-663,665-667,669-677,682-686,690,695-696,700,721-722,729-730,750-755,765-766,769-771]","[482,488-491,658-668]","[280-282,523-526,565-567,633-634,636,649-652]","[488,490,659-665,667]",XRN2___EPB41_unrelaxed_rank_002_alphafold2_multimer_v3_model_4_seed_000.pdb
XRN2___EPB41,3,5,A,B,0.0000,0.0,0.0,0.0000,0.4985,0.0000,0.0000,0.0,0.0,0.2900,69.1,44.6,0.500,0,0,0,0,,,,,950,864,,,,,XRN2___EPB41_unrelaxed_rank_003_alphafold2_multimer_v3_model_5_seed_000.pdb
XRN2___EPB41,4,3,A,B,0.0000,0.0,0.0,0.0000,0.4333,0.0000,0.0000,0.0,0.0,0.2700,68.1,45.0,0.490,0,0,0,0,,,,,950,864,,,,,XRN2___EPB41_unrelaxed_rank_004_alphafold2_multimer_v3_model_3_seed_000.pdb
XRN2___EPB41,5,1,A,B,0.0000,0.0,0.0,0.0000,0.2537,0.0000,0.0000,0.0,0.0,0.2100,67.5,43.7,0.480,0,0,0,0,,,,,950,864,,,,,XRN2___EPB41_unrelaxed_rank_005_alphafold2_multimer_v3_model_1_seed_000.pdb
XRN2___ZBTB33,1,4,A,B,0.0000,0.0,0.0,0.0000,0.2853,0.0000,0.0000,0.0,0.0,0.2100,67.2,31.0,0.520,0,0,0,0,,,,,950,672,,,,,XRN2___ZBTB33_unrelaxed_rank_001_alphafold2_multimer_v3_model_4_seed_000.pdb
XRN2___ZBTB33,2,5,A,B,0.0000,0.0,0.0,0.0000,0.2386,0.0000,0.0000,0.0,0.0,0.2000,69.7,32.0,0.520,0,0,0,0,,,,,950,672,,,,,XRN2___ZBTB33_unrelaxed_rank_002_alphafold2_multimer_v3_model_5_seed_000.pdb
XRN2___ZBTB33,3,1,A,B,0.0000,0.0,0.0,0.0000,0.2706,0.0000,0.0000,0.0,0.0,0.2000,68.2,30.7,0.510,0,0,0,0,,,,,950,672,,,,,XRN2___ZBTB33_unrelaxed_rank_003_alphafold2_multimer_v3_model_1_seed_000.pdb
XRN2___ZBTB33,4,3,A,B,0.0000,0.0,0.0,0.0000,0.2134,0.0000,0.0000,0.0,0.0,0.2000,68.3,34.2,0.510,0,0,0,0,,,,,950,672,,,,,XRN2___ZBTB33_unrelaxed_rank_004_alphafold2_multimer_v3_model_3_seed_000.pdb
XRN2___ZBTB33,5,2,A,B,0.0000,0.0,0.0,0.0000,0.2306,0.0000,0.0000,0.0,0.0,0.1900,69.5,30.5,0.520,0,0,0,0,,,,,950,672,,,,,XRN2___ZBTB33_unrelaxed_rank_005_alphafold2_multimer_v3_model_2_seed_000.pdb
