name,rank,model,chain_i,chain_j,iLIS,iLIA,iLISA,ipSAE,actifpTM,LIS,cLIS,LIA,cLIA,ipTM,pLDDT_i,pLDDT_j,pTM,LIR_i,LIR_j,cLIR_i,cLIR_j,LIpLDDT_i,LIpLDDT_j,cLIpLDDT_i,cLIpLDDT_j,len_i,len_j,LIR_indices_i,LIR_indices_j,cLIR_indices_i,cLIR_indices_j,structure_file
ANP32A___U2SURP,1,4,A,B,0.0000,0.0,0.0,0.0000,0.2056,0.0000,0.0000,0.0,0.0,0.2000,61.0,45.6,0.280,0,0,0,0,,,,,249,1029,,,,,ANP32A___U2SURP_unrelaxed_rank_001_alphafold2_multimer_v3_model_4_seed_000.pdb
ANP32A___U2SURP,2,1,A,B,0.0000,0.0,0.0,0.0000,0.1705,0.0000,0.0000,0.0,0.0,0.1900,62.1,48.3,0.270,0,0,0,0,,,,,249,1029,,,,,ANP32A___U2SURP_unrelaxed_rank_002_alphafold2_multimer_v3_model_1_seed_000.pdb
ANP32A___U2SURP,3,3,A,B,0.0000,0.0,0.0,0.0000,0.1681,0.0000,0.0000,0.0,0.0,0.1700,62.4,48.1,0.280,0,0,0,0,,,,,249,1029,,,,,ANP32A___U2SURP_unrelaxed_rank_003_alphafold2_multimer_v3_model_3_seed_000.pdb
ANP32A___U2SURP,4,5,A,B,0.0000,0.0,0.0,0.0000,0.1515,0.0000,0.0000,0.0,0.0,0.1500,63.3,48.4,0.280,0,0,0,0,,,,,249,1029,,,,,ANP32A___U2SURP_unrelaxed_rank_004_alphafold2_multimer_v3_model_5_seed_000.pdb
ANP32A___U2SURP,5,2,A,B,0.0000,0.0,0.0,0.0000,0.1403,0.0000,0.0000,0.0,0.0,0.1500,63.9,49.3,0.280,0,0,0,0,,,,,249,1029,,,,,ANP32A___U2SURP_unrelaxed_rank_005_alphafold2_multimer_v3_model_2_seed_000.pdb
ATP5PD___CHERP,1,1,A,B,0.0000,0.0,0.0,0.0000,0.1814,0.0000,0.0000,0.0,0.0,0.1700,63.7,47.3,0.320,0,0,0,0,,,,,161,916,,,,,ATP5PD___CHERP_unrelaxed_rank_001_alphafold2_multimer_v3_model_1_seed_000.pdb
ATP5PD___CHERP,2,3,A,B,0.0000,0.0,0.0,0.0000,0.1668,0.0000,0.0000,0.0,0.0,0.1600,73.4,46.4,0.310,0,0,0,0,,,,,161,916,,,,,ATP5PD___CHERP_unrelaxed_rank_002_alphafold2_multimer_v3_model_3_seed_000.pdb
ATP5PD___CHERP,3,4,A,B,0.0000,0.0,0.0,0.0000,0.1591,0.0000,0.0000,0.0,0.0,0.1600,65.6,48.2,0.310,0,0,0,0,,,,,161,916,,,,,ATP5PD___CHERP_unrelaxed_rank_003_alphafold2_multimer_v3_model_4_seed_000.pdb
ATP5PD___CHERP,4,5,A,B,0.0000,0.0,0.0,0.0000,0.1391,0.0000,0.0000,0.0,0.0,0.1500,71.9,49.3,0.310,0,0,0,0,,,,,161,916,,,,,ATP5PD___CHERP_unrelaxed_rank_004_alphafold2_multimer_v3_model_5_seed_000.pdb
ATP5PD___CHERP,5,2,A,B,0.0000,0.0,0.0,0.0000,0.1435,0.0000,0.0000,0.0,0.0,0.1400,68.4,48.6,0.310,0,0,0,0,,,,,161,916,,,,,ATP5PD___CHERP_unrelaxed_rank_005_alphafold2_multimer_v3_model_2_seed_000.pdb
ATP5PD___EPB41,1,1,A,B,0.0000,0.0,0.0,0.0000,0.2268,0.0000,0.0000,0.0,0.0,0.1900,41.5,49.4,0.410,0,0,0,0,,,,,161,864,,,,,ATP5PD___EPB41_unrelaxed_rank_001_alphafold2_multimer_v3_model_1_seed_000.pdb
ATP5PD___EPB41,2,4,A,B,0.0000,0.0,0.0,0.0000,0.2068,0.0000,0.0000,0.0,0.0,0.1600,64.4,47.4,0.390,0,0,0,0,,,,,161,864,,,,,ATP5PD___EPB41_unrelaxed_rank_002_alphafold2_multimer_v3_model_4_seed_000.pdb
ATP5PD___EPB41,3,2,A,B,0.0000,0.0,0.0,0.0000,0.1722,0.0000,0.0000,0.0,0.0,0.1500,59.0,49.1,0.400,0,0,0,0,,,,,161,864,,,,,ATP5PD___EPB41_unrelaxed_rank_003_alphafold2_multimer_v3_model_2_seed_000.pdb
ATP5PD___EPB41,4,3,A,B,0.0000,0.0,0.0,0.0000,0.1533,0.0000,0.0000,0.0,0.0,0.1500,70.4,48.8,0.400,0,0,0,0,,,,,161,864,,,,,ATP5PD___EPB41_unrelaxed_rank_004_alphafold2_multimer_v3_model_3_seed_000.pdb
ATP5PD___EPB41,5,5,A,B,0.0000,0.0,0.0,0.0000,0.1627,0.0000,0.0000,0.0,0.0,0.1500,64.2,48.3,0.400,0,0,0,0,,,,,161,864,,,,,ATP5PD___EPB41_unrelaxed_rank_005_alphafold2_multimer_v3_model_5_seed_000.pdb
ATP5PD___MRPL12,1,3,A,B,0.0000,0.0,0.0,0.0000,0.1948,0.0000,0.0000,0.0,0.0,0.1200,56.3,46.1,0.230,0,0,0,0,,,,,161,198,,,,,ATP5PD___MRPL12_unrelaxed_rank_001_alphafold2_multimer_v3_model_3_seed_000.pdb
ATP5PD___MRPL12,2,4,A,B,0.0000,0.0,0.0,0.0000,0.1155,0.0000,0.0000,0.0,0.0,0.1000,49.0,48.8,0.220,0,0,0,0,,,,,161,198,,,,,ATP5PD___MRPL12_unrelaxed_rank_002_alphafold2_multimer_v3_model_4_seed_000.pdb
ATP5PD___MRPL12,3,5,A,B,0.0000,0.0,0.0,0.0000,0.0719,0.0000,0.0000,0.0,0.0,0.0800,53.4,43.2,0.210,0,0,0,0,,,,,161,198,,,,,ATP5PD___MRPL12_unrelaxed_rank_003_alphafold2_multimer_v3_model_5_seed_000.pdb
ATP5PD___MRPL12,4,2,A,B,0.0000,0.0,0.0,0.0000,0.0000,0.0000,0.0000,0.0,0.0,0.0600,63.5,50.8,0.220,0,0,0,0,,,,,161,198,,,,,ATP5PD___MRPL12_unrelaxed_rank_004_alphafold2_multimer_v3_model_2_seed_000.pdb
ATP5PD___MRPL12,5,1,A,B,0.0000,0.0,0.0,0.0000,0.0682,0.0000,0.0000,0.0,0.0,0.0600,53.4,49.3,0.210,0,0,0,0,,,,,161,198,,,,,ATP5PD___MRPL12_unrelaxed_rank_005_alphafold2_multimer_v3_model_1_seed_000.pdb
ATP5PD___PCBP2,1,4,A,B,0.0000,0.0,0.0,0.0000,0.2828,0.0000,0.0000,0.0,0.0,0.1500,62.9,60.2,0.370,0,0,0,0,,,,,161,365,,,,,ATP5PD___PCBP2_unrelaxed_rank_001_alphafold2_multimer_v3_model_4_seed_000.pdb
ATP5PD___PCBP2,2,3,A,B,0.0000,0.0,0.0,0.0000,0.1762,0.0000,0.0000,0.0,0.0,0.1300,67.7,58.1,0.360,0,0,0,0,,,,,161,365,,,,,ATP5PD___PCBP2_unrelaxed_rank_002_alphafold2_multimer_v3_model_3_seed_000.pdb
ATP5PD___PCBP2,3,1,A,B,0.0000,0.0,0.0,0.0000,0.1330,0.0000,0.0000,0.0,0.0,0.1200,37.9,55.7,0.360,0,0,0,0,,,,,161,365,,,,,ATP5PD___PCBP2_unrelaxed_rank_003_alphafold2_multimer_v3_model_1_seed_000.pdb
ATP5PD___PCBP2,4,5,A,B,0.0000,0.0,0.0,0.0000,0.1311,0.0000,0.0000,0.0,0.0,0.1100,59.2,59.0,0.370,0,0,0,0,,,,,161,365,,,,,ATP5PD___PCBP2_unrelaxed_rank_004_alphafold2_multimer_v3_model_5_seed_000.pdb
ATP5PD___PCBP2,5,2,A,B,0.0000,0.0,0.0,0.0000,0.1049,0.0000,0.0000,0.0,0.0,0.1100,54.9,57.9,0.350,0,0,0,0,,,,,161,365,,,,,ATP5PD___PCBP2_unrelaxed_rank_005_alphafold2_multimer_v3_model_2_seed_000.pdb
ATP5PD___RAVER1,1,1,A,B,0.0000,0.0,0.0,0.0000,0.1853,0.0000,0.0000,0.0,0.0,0.1800,39.9,53.2,0.440,0,0,0,0,,,,,161,606,,,,,ATP5PD___RAVER1_unrelaxed_rank_001_alphafold2_multimer_v3_model_1_seed_000.pdb
ATP5PD___RAVER1,2,4,A,B,0.0000,0.0,0.0,0.0000,0.1521,0.0000,0.0000,0.0,0.0,0.1400,53.2,53.3,0.440,0,0,0,0,,,,,161,606,,,,,ATP5PD___RAVER1_unrelaxed_rank_002_alphafold2_multimer_v3_model_4_seed_000.pdb
ATP5PD___RAVER1,3,2,A,B,0.0000,0.0,0.0,0.0000,0.1505,0.0000,0.0000,0.0,0.0,0.1400,57.2,52.5,0.430,0,0,0,0,,,,,161,606,,,,,ATP5PD___RAVER1_unrelaxed_rank_003_alphafold2_multimer_v3_model_2_seed_000.pdb
ATP5PD___RAVER1,4,5,A,B,0.0000,0.0,0.0,0.0000,0.1631,0.0000,0.0000,0.0,0.0,0.1400,50.6,53.1,0.440,0,0,0,0,,,,,161,606,,,,,ATP5PD___RAVER1_unrelaxed_rank_004_alphafold2_multimer_v3_model_5_seed_000.pdb
ATP5PD___RAVER1,5,3,A,B,0.0000,0.0,0.0,0.0000,0.1602,0.0000,0.0000,0.0,0.0,0.1300,62.6,53.2,0.440,0,0,0,0,,,,,161,606,,,,,ATP5PD___RAVER1_unrelaxed_rank_005_alphafold2_multimer_v3_model_3_seed_000.pdb
ATXN2L___ANP32A,1,1,A,B,0.0000,0.0,0.0,0.0000,0.1634,0.0000,0.0000,0.0,0.0,0.1900,25.2,66.3,0.260,0,0,0,0,,,,,1075,249,,,,,ATXN2L___ANP32A_unrelaxed_rank_001_alphafold2_multimer_v3_model_1_seed_000.pdb
ATXN2L___ANP32A,2,4,A,B,0.0000,0.0,0.0,0.0000,0.2100,0.0000,0.0000,0.0,0.0,0.1700,25.4,66.5,0.250,0,0,0,0,,,,,1075,249,,,,,ATXN2L___ANP32A_unrelaxed_rank_002_alphafold2_multimer_v3_model_4_seed_000.pdb
ATXN2L___ANP32A,3,3,A,B,0.0000,0.0,0.0,0.0000,0.1596,0.0000,0.0000,0.0,0.0,0.1600,26.4,64.9,0.250,0,0,0,0,,,,,1075,249,,,,,ATXN2L___ANP32A_unrelaxed_rank_003_alphafold2_multimer_v3_model_3_seed_000.pdb
ATXN2L___ANP32A,4,5,A,B,0.0000,0.0,0.0,0.0000,0.1389,0.0000,0.0000,0.0,0.0,0.1600,27.3,66.8,0.250,0,0,0,0,,,,,1075,249,,,,,ATXN2L___ANP32A_unrelaxed_rank_004_alphafold2_multimer_v3_model_5_seed_000.pdb
ATXN2L___ANP32A,5,2,A,B,0.0000,0.0,0.0,0.0000,0.1552,0.0000,0.0000,0.0,0.0,0.1600,25.2,67.5,0.250,0,0,0,0,,,,,1075,249,,,,,ATXN2L___ANP32A_unrelaxed_rank_005_alphafold2_multimer_v3_model_2_seed_000.pdb
CCAR2___LUC7L2,1,3,A,B,0.0000,0.0,0.0,0.0000,0.2017,0.0000,0.0000,0.0,0.0,0.1800,56.8,57.1,0.420,0,0,0,0,,,,,923,392,,,,,CCAR2___LUC7L2_unrelaxed_rank_001_alphafold2_multimer_v3_model_3_seed_000.pdb
CCAR2___LUC7L2,2,4,A,B,0.0000,0.0,0.0,0.0000,0.2023,0.0000,0.0000,0.0,0.0,0.1800,55.7,55.4,0.420,0,0,0,0,,,,,923,392,,,,,CCAR2___LUC7L2_unrelaxed_rank_002_alphafold2_multimer_v3_model_4_seed_000.pdb
CCAR2___LUC7L2,3,1,A,B,0.0000,0.0,0.0,0.0000,0.1818,0.0000,0.0000,0.0,0.0,0.1700,57.9,51.9,0.420,0,0,0,0,,,,,923,392,,,,,CCAR2___LUC7L2_unrelaxed_rank_003_alphafold2_multimer_v3_model_1_seed_000.pdb
CCAR2___LUC7L2,4,5,A,B,0.0000,0.0,0.0,0.0000,0.1770,0.0000,0.0000,0.0,0.0,0.1700,57.7,56.8,0.420,0,0,0,0,,,,,923,392,,,,,CCAR2___LUC7L2_unrelaxed_rank_004_alphafold2_multimer_v3_model_5_seed_000.pdb
CCAR2___LUC7L2,5,2,A,B,0.0000,0.0,0.0,0.0000,0.1608,0.0000,0.0000,0.0,0.0,0.1600,58.0,57.4,0.420,0,0,0,0,,,,,923,392,,,,,CCAR2___LUC7L2_unrelaxed_rank_005_alphafold2_multimer_v3_model_2_seed_000.pdb
CCNT1___DAZAP1,1,5,A,B,0.2955,189.6,56.0,0.0686,0.8566,0.2300,0.3796,1089.0,33.0,0.2800,44.8,41.8,0.340,227,7,10,6,92.0,46.4,86.6,48.9,726,407,"[12-113,124-248]","[352,402-407]","[163-165,213,215-217,219,221,224]",[402-407],CCNT1___DAZAP1_unrelaxed_rank_001_alphafold2_multimer_v3_model_5_seed_000.pdb
CCNT1___DAZAP1,2,1,A,B,0.2133,194.4,41.5,0.0233,0.7465,0.1643,0.2768,995.0,38.0,0.2700,44.0,39.9,0.350,224,6,11,6,89.5,45.5,79.1,45.5,726,407,"[12-112,125-247]",[402-407],"[163-165,212-213,215-217,219,221,224]",[402-407],CCNT1___DAZAP1_unrelaxed_rank_002_alphafold2_multimer_v3_model_1_seed_000.pdb
CCNT1___DAZAP1,3,3,A,B,0.0689,105.7,7.3,0.0169,0.5899,0.0631,0.0753,559.0,20.0,0.2600,43.9,39.9,0.350,200,6,10,4,91.1,33.4,87.9,34.9,726,407,"[12-20,22-26,29,31-76,78-84,86-112,126,128-165,167-206,220-244,246]",[348-353],"[55-58,95,152,154-155,158,175]",[349-352],CCNT1___DAZAP1_unrelaxed_rank_003_alphafold2_multimer_v3_model_3_seed_000.pdb
CCNT1___DAZAP1,4,2,A,B,0.0571,5.8,0.3,0.0140,0.5556,0.0480,0.0679,17.0,2.0,0.2400,46.7,42.1,0.350,17,1,2,1,91.1,38.2,92.1,38.2,726,407,"[54,58,60-61,93,148,150,152,155-157,159-161,163,193,197]",[352],"[152,155]",[352],CCNT1___DAZAP1_unrelaxed_rank_004_alphafold2_multimer_v3_model_2_seed_000.pdb
CCNT1___DAZAP1,5,4,A,B,0.0000,0.0,0.0,0.0000,0.2693,0.0000,0.0000,0.0,0.0,0.1900,41.9,37.1,0.340,0,0,0,0,,,,,726,407,,,,,CCNT1___DAZAP1_unrelaxed_rank_005_alphafold2_multimer_v3_model_4_seed_000.pdb
CCNT1___DNAJA1,1,5,A,B,0.0000,0.0,0.0,0.0000,0.2644,0.0000,0.0000,0.0,0.0,0.2100,42.4,73.1,0.350,0,0,0,0,,,,,726,397,,,,,CCNT1___DNAJA1_unrelaxed_rank_001_alphafold2_multimer_v3_model_5_seed_000.pdb
CCNT1___DNAJA1,2,2,A,B,0.0000,0.0,0.0,0.0000,0.2953,0.0000,0.0000,0.0,0.0,0.1700,43.8,73.2,0.340,0,0,0,0,,,,,726,397,,,,,CCNT1___DNAJA1_unrelaxed_rank_002_alphafold2_multimer_v3_model_2_seed_000.pdb
CCNT1___DNAJA1,3,1,A,B,0.0000,0.0,0.0,0.0000,0.2386,0.0000,0.0000,0.0,0.0,0.1700,42.7,71.1,0.340,0,0,0,0,,,,,726,397,,,,,CCNT1___DNAJA1_unrelaxed_rank_003_alphafold2_multimer_v3_model_1_seed_000.pdb
CCNT1___DNAJA1,4,3,A,B,0.0000,0.0,0.0,0.0000,0.2257,0.0000,0.0000,0.0,0.0,0.1500,42.5,71.4,0.330,0,0,0,0,,,,,726,397,,,,,CCNT1___DNAJA1_unrelaxed_rank_004_alphafold2_multimer_v3_model_3_seed_000.pdb
CCNT1___DNAJA1,5,4,A,B,0.0000,0.0,0.0,0.0000,0.2270,0.0000,0.0000,0.0,0.0,0.1500,41.1,71.5,0.320,0,0,0,0,,,,,726,397,,,,,CCNT1___DNAJA1_unrelaxed_rank_005_alphafold2_multimer_v3_model_4_seed_000.pdb
CCNT1___HMGB1,1,2,A,B,0.0000,0.0,0.0,0.0000,0.1725,0.0000,0.0000,0.0,0.0,0.1500,44.9,54.4,0.380,0,0,0,0,,,,,726,215,,,,,CCNT1___HMGB1_unrelaxed_rank_001_alphafold2_multimer_v3_model_2_seed_000.pdb
CCNT1___HMGB1,2,3,A,B,0.0000,0.0,0.0,0.0000,0.1582,0.0000,0.0000,0.0,0.0,0.1500,43.8,58.5,0.360,0,0,0,0,,,,,726,215,,,,,CCNT1___HMGB1_unrelaxed_rank_002_alphafold2_multimer_v3_model_3_seed_000.pdb
CCNT1___HMGB1,3,1,A,B,0.0000,0.0,0.0,0.0000,0.1372,0.0000,0.0000,0.0,0.0,0.1500,43.2,55.9,0.360,0,0,0,0,,,,,726,215,,,,,CCNT1___HMGB1_unrelaxed_rank_003_alphafold2_multimer_v3_model_1_seed_000.pdb
CCNT1___HMGB1,4,4,A,B,0.0000,0.0,0.0,0.0000,0.1582,0.0000,0.0000,0.0,0.0,0.1400,42.5,59.5,0.350,0,0,0,0,,,,,726,215,,,,,CCNT1___HMGB1_unrelaxed_rank_004_alphafold2_multimer_v3_model_4_seed_000.pdb
CCNT1___HMGB1,5,5,A,B,0.0000,0.0,0.0,0.0000,0.1366,0.0000,0.0000,0.0,0.0,0.1400,43.6,58.4,0.360,0,0,0,0,,,,,726,215,,,,,CCNT1___HMGB1_unrelaxed_rank_005_alphafold2_multimer_v3_model_5_seed_000.pdb
CCNT1___SAFB,1,1,A,B,0.0000,0.0,0.0,0.0000,0.5016,0.0137,0.0000,72.0,0.0,0.2900,43.9,29.7,0.320,38,9,0,0,91.6,78.2,,,726,915,"[18,38,42,54,56-58,61,64,68-69,85-87,90-94,99-100,103-105,126,130,133-136,139-144,146,150]","[410,435,437,439,448-452]",,,CCNT1___SAFB_unrelaxed_rank_001_alphafold2_multimer_v3_model_1_seed_000.pdb
CCNT1___SAFB,2,3,A,B,0.0000,0.0,0.0,0.0000,0.3943,0.0000,0.0000,0.0,0.0,0.2100,44.5,29.9,0.300,0,0,0,0,,,,,726,915,,,,,CCNT1___SAFB_unrelaxed_rank_002_alphafold2_multimer_v3_model_3_seed_000.pdb
CCNT1___SAFB,3,5,A,B,0.0000,0.0,0.0,0.0000,0.3015,0.0000,0.0000,0.0,0.0,0.2000,45.0,30.0,0.300,0,0,0,0,,,,,726,915,,,,,CCNT1___SAFB_unrelaxed_rank_003_alphafold2_multimer_v3_model_5_seed_000.pdb
CCNT1___SAFB,4,4,A,B,0.0000,0.0,0.0,0.0000,0.3636,0.0000,0.0000,0.0,0.0,0.1800,43.0,28.9,0.290,0,0,0,0,,,,,726,915,,,,,CCNT1___SAFB_unrelaxed_rank_004_alphafold2_multimer_v3_model_4_seed_000.pdb
CCNT1___SAFB,5,2,A,B,0.0000,0.0,0.0,0.0000,0.2258,0.0000,0.0000,0.0,0.0,0.1800,46.5,32.0,0.300,0,0,0,0,,,,,726,915,,,,,CCNT1___SAFB_unrelaxed_rank_005_alphafold2_multimer_v3_model_2_seed_000.pdb
CDK4___SAFB,1,3,A,B,0.0000,0.0,0.0,0.0000,0.2855,0.0000,0.0000,0.0,0.0,0.2100,80.0,29.1,0.340,0,0,0,0,,,,,303,915,,,,,CDK4___SAFB_unrelaxed_rank_001_alphafold2_multimer_v3_model_3_seed_000.pdb
CDK4___SAFB,2,1,A,B,0.0000,0.0,0.0,0.0000,0.1965,0.0000,0.0000,0.0,0.0,0.1900,82.2,29.7,0.340,0,0,0,0,,,,,303,915,,,,,CDK4___SAFB_unrelaxed_rank_002_alphafold2_multimer_v3_model_1_seed_000.pdb
CDK4___SAFB,3,4,A,B,0.0000,0.0,0.0,0.0000,0.1948,0.0000,0.0000,0.0,0.0,0.1900,79.7,27.1,0.330,0,0,0,0,,,,,303,915,,,,,CDK4___SAFB_unrelaxed_rank_003_alphafold2_multimer_v3_model_4_seed_000.pdb
CDK4___SAFB,4,2,A,B,0.0000,0.0,0.0,0.0000,0.2169,0.0000,0.0000,0.0,0.0,0.1800,81.9,30.7,0.340,0,0,0,0,,,,,303,915,,,,,CDK4___SAFB_unrelaxed_rank_004_alphafold2_multimer_v3_model_2_seed_000.pdb
CDK4___SAFB,5,5,A,B,0.0000,0.0,0.0,0.0000,0.1786,0.0000,0.0000,0.0,0.0,0.1800,80.6,29.1,0.330,0,0,0,0,,,,,303,915,,,,,CDK4___SAFB_unrelaxed_rank_005_alphafold2_multimer_v3_model_5_seed_000.pdb
CHERP___GFP,1,4,A,B,0.0388,60.5,2.3,0.0128,0.5541,0.0321,0.0470,215.0,17.0,0.3100,46.1,86.8,0.330,96,6,11,5,89.2,38.6,82.6,39.8,916,238,"[139,143,146,154-155,159-173,175-181,187,190,200-202,207-224,227,240,244-250,255-270,272-274,277-281,283,285-295,299]",[233-238],"[168,170,173,215-216,219-220,223,262-263,266]",[233-237],CHERP___GFP_unrelaxed_rank_001_alphafold2_multimer_v3_model_4_seed_000.pdb
CHERP___GFP,2,5,A,B,0.2628,328.7,86.4,0.0349,0.8545,0.2261,0.3053,1688.0,64.0,0.3000,47.8,89.3,0.340,199,10,17,9,92.4,49.2,86.2,49.5,916,238,[117-315],[229-238],"[167-173,212-213,216-217,219-220,259,262-263,266]","[229-234,236-238]",CHERP___GFP_unrelaxed_rank_002_alphafold2_multimer_v3_model_5_seed_000.pdb
CHERP___GFP,3,3,A,B,0.1020,165.0,16.8,0.0149,0.6429,0.0904,0.1151,972.0,28.0,0.2900,46.1,87.2,0.330,178,8,16,5,90.9,41.8,83.9,43.1,916,238,"[126,128-300,303-304,306,308]",[231-238],"[167-170,172-173,212-213,216-217,219-220,259,262-263,266]","[231-234,237]",CHERP___GFP_unrelaxed_rank_003_alphafold2_multimer_v3_model_3_seed_000.pdb
CHERP___GFP,4,1,A,B,0.0623,98.4,6.1,0.0125,0.5887,0.0433,0.0896,569.0,17.0,0.2800,46.0,89.2,0.330,145,6,11,5,89.8,35.4,83.3,36.0,916,238,"[143,146-147,150,152-203,205-250,252,254-275,277-296]",[233-238],"[168,170,173,212,216,219-220,259,262-263,266]",[233-237],CHERP___GFP_unrelaxed_rank_004_alphafold2_multimer_v3_model_1_seed_000.pdb
CHERP___GFP,5,2,A,B,0.0194,10.5,0.2,0.0000,0.4625,0.0190,0.0198,22.0,5.0,0.2200,46.7,89.0,0.320,17,3,5,2,86.0,35.1,88.8,35.0,916,238,"[164,167-170,172-173,212-213,216,258-260,262,266,273,281]","[234,236-237]","[168,173,212-213,216]","[234,237]",CHERP___GFP_unrelaxed_rank_005_alphafold2_multimer_v3_model_2_seed_000.pdb
CIZ1___FUS,1,2,A,B,0.0000,0.0,0.0,0.0000,0.2520,0.0000,0.0000,0.0,0.0,0.1800,26.7,31.4,0.220,0,0,0,0,,,,,898,526,,,,,CIZ1___FUS_unrelaxed_rank_001_alphafold2_multimer_v3_model_2_seed_000.pdb
CIZ1___FUS,2,4,A,B,0.0000,0.0,0.0,0.0000,0.3166,0.0000,0.0000,0.0,0.0,0.1800,26.1,31.2,0.230,0,0,0,0,,,,,898,526,,,,,CIZ1___FUS_unrelaxed_rank_002_alphafold2_multimer_v3_model_4_seed_000.pdb
CIZ1___FUS,3,1,A,B,0.0000,0.0,0.0,0.0000,0.2662,0.0000,0.0000,0.0,0.0,0.1800,26.0,28.7,0.230,0,0,0,0,,,,,898,526,,,,,CIZ1___FUS_unrelaxed_rank_003_alphafold2_multimer_v3_model_1_seed_000.pdb
CIZ1___FUS,4,3,A,B,0.0000,0.0,0.0,0.0000,0.3581,0.0000,0.0000,0.0,0.0,0.1800,25.2,28.8,0.230,0,0,0,0,,,,,898,526,,,,,CIZ1___FUS_unrelaxed_rank_004_alphafold2_multimer_v3_model_3_seed_000.pdb
CIZ1___FUS,5,5,A,B,0.0000,0.0,0.0,0.0000,0.2006,0.0000,0.0000,0.0,0.0,0.1600,26.9,31.6,0.210,0,0,0,0,,,,,898,526,,,,,CIZ1___FUS_unrelaxed_rank_005_alphafold2_multimer_v3_model_5_seed_000.pdb
CIZ1___HMGB1,1,5,A,B,0.0222,7.7,0.2,0.0000,0.4978,0.0172,0.0285,30.0,2.0,0.2900,29.2,65.2,0.230,17,6,2,2,67.3,32.4,67.6,32.6,898,215,"[666,670-671,675-676,678-679,681-682,684-687,696-698,700]","[193-197,199]","[671,696]",[195-196],CIZ1___HMGB1_unrelaxed_rank_001_alphafold2_multimer_v3_model_5_seed_000.pdb
CIZ1___HMGB1,2,2,A,B,0.0477,1.4,0.1,0.0000,0.3959,0.0500,0.0454,2.0,1.0,0.2900,28.5,62.2,0.220,2,1,1,1,74.0,57.3,75.0,57.3,898,215,"[657,660]",[91],[657],[91],CIZ1___HMGB1_unrelaxed_rank_002_alphafold2_multimer_v3_model_2_seed_000.pdb
CIZ1___HMGB1,3,3,A,B,0.0000,0.0,0.0,0.0000,0.3440,0.0000,0.0000,0.0,0.0,0.2200,28.7,61.1,0.230,0,0,0,0,,,,,898,215,,,,,CIZ1___HMGB1_unrelaxed_rank_003_alphafold2_multimer_v3_model_3_seed_000.pdb
CIZ1___HMGB1,4,4,A,B,0.0000,0.0,0.0,0.0000,0.3549,0.0000,0.0000,0.0,0.0,0.1900,27.4,59.6,0.220,0,0,0,0,,,,,898,215,,,,,CIZ1___HMGB1_unrelaxed_rank_004_alphafold2_multimer_v3_model_4_seed_000.pdb
CIZ1___HMGB1,5,1,A,B,0.0000,0.0,0.0,0.0000,0.2171,0.0000,0.0000,0.0,0.0,0.1800,28.6,60.8,0.210,0,0,0,0,,,,,898,215,,,,,CIZ1___HMGB1_unrelaxed_rank_005_alphafold2_multimer_v3_model_1_seed_000.pdb
CIZ1___SF1,1,3,A,B,0.0302,9.6,0.3,0.0000,0.4954,0.0307,0.0298,23.0,4.0,0.2200,26.0,37.8,0.250,4,12,2,3,38.9,71.4,41.5,74.1,898,639,[549-552],"[38-39,46-51,53-56]","[550,552]","[49,53,56]",CIZ1___SF1_unrelaxed_rank_001_alphafold2_multimer_v3_model_3_seed_000.pdb
CIZ1___SF1,2,5,A,B,0.0000,0.0,0.0,0.0000,0.3145,0.0000,0.0000,0.0,0.0,0.1900,27.2,39.3,0.250,0,0,0,0,,,,,898,639,,,,,CIZ1___SF1_unrelaxed_rank_002_alphafold2_multimer_v3_model_5_seed_000.pdb
CIZ1___SF1,3,1,A,B,0.0000,0.0,0.0,0.0000,0.2274,0.0000,0.0000,0.0,0.0,0.1700,26.9,38.1,0.240,0,0,0,0,,,,,898,639,,,,,CIZ1___SF1_unrelaxed_rank_003_alphafold2_multimer_v3_model_1_seed_000.pdb
CIZ1___SF1,4,2,A,B,0.0000,0.0,0.0,0.0000,0.1715,0.0000,0.0000,0.0,0.0,0.1700,28.3,40.2,0.240,0,0,0,0,,,,,898,639,,,,,CIZ1___SF1_unrelaxed_rank_004_alphafold2_multimer_v3_model_2_seed_000.pdb
CIZ1___SF1,5,4,A,B,0.0000,0.0,0.0,0.0000,0.2711,0.0000,0.0000,0.0,0.0,0.1700,24.6,36.1,0.230,0,0,0,0,,,,,898,639,,,,,CIZ1___SF1_unrelaxed_rank_005_alphafold2_multimer_v3_model_4_seed_000.pdb
CIZ1___STIP1,1,2,A,B,0.0000,0.0,0.0,0.0000,0.3558,0.0000,0.0000,0.0,0.0,0.2100,25.0,82.1,0.300,0,0,0,0,,,,,898,543,,,,,CIZ1___STIP1_unrelaxed_rank_001_alphafold2_multimer_v3_model_2_seed_000.pdb
CIZ1___STIP1,2,4,A,B,0.0000,0.0,0.0,0.0000,0.3278,0.0000,0.0000,0.0,0.0,0.1800,23.1,77.6,0.300,0,0,0,0,,,,,898,543,,,,,CIZ1___STIP1_unrelaxed_rank_002_alphafold2_multimer_v3_model_4_seed_000.pdb
CIZ1___STIP1,3,3,A,B,0.0000,0.0,0.0,0.0000,0.2546,0.0000,0.0000,0.0,0.0,0.1700,25.1,81.1,0.300,0,0,0,0,,,,,898,543,,,,,CIZ1___STIP1_unrelaxed_rank_003_alphafold2_multimer_v3_model_3_seed_000.pdb
CIZ1___STIP1,4,1,A,B,0.0000,0.0,0.0,0.0000,0.1785,0.0000,0.0000,0.0,0.0,0.1800,26.2,80.7,0.290,0,0,0,0,,,,,898,543,,,,,CIZ1___STIP1_unrelaxed_rank_004_alphafold2_multimer_v3_model_1_seed_000.pdb
CIZ1___STIP1,5,5,A,B,0.0000,0.0,0.0,0.0000,0.1742,0.0000,0.0000,0.0,0.0,0.1600,24.5,82.7,0.300,0,0,0,0,,,,,898,543,,,,,CIZ1___STIP1_unrelaxed_rank_005_alphafold2_multimer_v3_model_5_seed_000.pdb
CSTB___ATXN2L,1,4,A,B,0.0000,0.0,0.0,0.0000,0.1863,0.0000,0.0000,0.0,0.0,0.1800,87.1,26.8,0.210,0,0,0,0,,,,,98,1075,,,,,CSTB___ATXN2L_unrelaxed_rank_001_alphafold2_multimer_v3_model_4_seed_000.pdb
CSTB___ATXN2L,2,3,A,B,0.0000,0.0,0.0,0.0000,0.0000,0.0000,0.0000,0.0,0.0,0.1600,89.6,29.0,0.220,0,0,0,0,,,,,98,1075,,,,,CSTB___ATXN2L_unrelaxed_rank_002_alphafold2_multimer_v3_model_3_seed_000.pdb
CSTB___ATXN2L,3,1,A,B,0.0000,0.0,0.0,0.0000,0.1629,0.0000,0.0000,0.0,0.0,0.1600,88.4,25.9,0.210,0,0,0,0,,,,,98,1075,,,,,CSTB___ATXN2L_unrelaxed_rank_003_alphafold2_multimer_v3_model_1_seed_000.pdb
CSTB___ATXN2L,4,5,A,B,0.0000,0.0,0.0,0.0000,0.1280,0.0000,0.0000,0.0,0.0,0.1500,90.3,29.3,0.230,0,0,0,0,,,,,98,1075,,,,,CSTB___ATXN2L_unrelaxed_rank_004_alphafold2_multimer_v3_model_5_seed_000.pdb
CSTB___ATXN2L,5,2,A,B,0.0000,0.0,0.0,0.0000,0.1450,0.0000,0.0000,0.0,0.0,0.1500,90.0,27.2,0.210,0,0,0,0,,,,,98,1075,,,,,CSTB___ATXN2L_unrelaxed_rank_005_alphafold2_multimer_v3_model_2_seed_000.pdb
CSTB___CHERP,1,4,A,B,0.0000,0.0,0.0,0.0000,0.2200,0.0000,0.0000,0.0,0.0,0.2200,78.3,49.4,0.320,0,0,0,0,,,,,98,916,,,,,CSTB___CHERP_unrelaxed_rank_001_alphafold2_multimer_v3_model_4_seed_000.pdb
CSTB___CHERP,2,3,A,B,0.0000,0.0,0.0,0.0000,0.2357,0.0000,0.0000,0.0,0.0,0.2100,80.2,49.1,0.320,0,0,0,0,,,,,98,916,,,,,CSTB___CHERP_unrelaxed_rank_002_alphafold2_multimer_v3_model_3_seed_000.pdb
CSTB___CHERP,3,1,A,B,0.0000,0.0,0.0,0.0000,0.1654,0.0000,0.0000,0.0,0.0,0.1900,76.5,48.3,0.320,0,0,0,0,,,,,98,916,,,,,CSTB___CHERP_unrelaxed_rank_003_alphafold2_multimer_v3_model_1_seed_000.pdb
CSTB___CHERP,4,5,A,B,0.0000,0.0,0.0,0.0000,0.1752,0.0000,0.0000,0.0,0.0,0.1900,83.4,49.4,0.320,0,0,0,0,,,,,98,916,,,,,CSTB___CHERP_unrelaxed_rank_004_alphafold2_multimer_v3_model_5_seed_000.pdb
CSTB___CHERP,5,2,A,B,0.0000,0.0,0.0,0.0000,0.1776,0.0000,0.0000,0.0,0.0,0.1800,84.7,49.7,0.320,0,0,0,0,,,,,98,916,,,,,CSTB___CHERP_unrelaxed_rank_005_alphafold2_multimer_v3_model_2_seed_000.pdb
CSTB___RAVER1,1,4,A,B,0.2669,1552.1,414.2,0.2885,0.7955,0.1746,0.4079,28010.0,86.0,0.7100,87.5,55.2,0.540,97,287,15,19,88.1,92.7,73.6,87.5,98,606,[2-98],"[27-66,72-90,92,94-117,121-323]","[2-5,46-52,70,73,83,97]","[235,238-239,251-257,259,265,304,307-309,311-312,315]",CSTB___RAVER1_unrelaxed_rank_001_alphafold2_multimer_v3_model_4_seed_000.pdb
CSTB___RAVER1,2,1,A,B,0.0841,38.6,3.2,0.0114,0.4633,0.0577,0.1225,149.0,10.0,0.5000,84.1,53.4,0.490,17,65,5,5,76.3,90.2,71.9,81.6,98,606,"[5-6,45-54,69-72,74]","[135,147,173,194,202,219-220,222-225,235-238,240,246-262,265,267-280,293,295-298,302-306,308-313,316]",[47-51],"[305,308-309,312-313]",CSTB___RAVER1_unrelaxed_rank_002_alphafold2_multimer_v3_model_1_seed_000.pdb
CSTB___RAVER1,3,2,A,B,0.0000,0.0,0.0,0.0000,0.2697,0.0000,0.0000,0.0,0.0,0.3300,80.4,52.7,0.480,0,0,0,0,,,,,98,606,,,,,CSTB___RAVER1_unrelaxed_rank_003_alphafold2_multimer_v3_model_2_seed_000.pdb
CSTB___RAVER1,4,3,A,B,0.0000,0.0,0.0,0.0000,0.1396,0.0000,0.0000,0.0,0.0,0.1900,67.9,52.9,0.460,0,0,0,0,,,,,98,606,,,,,CSTB___RAVER1_unrelaxed_rank_004_alphafold2_multimer_v3_model_3_seed_000.pdb
CSTB___RAVER1,5,5,A,B,0.0000,0.0,0.0,0.0000,0.1688,0.0000,0.0000,0.0,0.0,0.1900,76.8,52.3,0.460,0,0,0,0,,,,,98,606,,,,,CSTB___RAVER1_unrelaxed_rank_005_alphafold2_multimer_v3_model_5_seed_000.pdb
DDX17___FAM50A,1,2,A,B,0.0000,0.0,0.0,0.0000,0.2349,0.0000,0.0000,0.0,0.0,0.2100,61.5,54.6,0.400,0,0,0,0,,,,,729,339,,,,,DDX17___FAM50A_unrelaxed_rank_001_alphafold2_multimer_v3_model_2_seed_000.pdb
DDX17___FAM50A,2,1,A,B,0.0000,0.0,0.0,0.0000,0.2298,0.0000,0.0000,0.0,0.0,0.1700,60.0,50.9,0.390,0,0,0,0,,,,,729,339,,,,,DDX17___FAM50A_unrelaxed_rank_002_alphafold2_multimer_v3_model_1_seed_000.pdb
DDX17___FAM50A,3,4,A,B,0.0000,0.0,0.0,0.0000,0.1808,0.0000,0.0000,0.0,0.0,0.1600,59.6,47.0,0.390,0,0,0,0,,,,,729,339,,,,,DDX17___FAM50A_unrelaxed_rank_003_alphafold2_multimer_v3_model_4_seed_000.pdb
DDX17___FAM50A,4,3,A,B,0.0000,0.0,0.0,0.0000,0.2291,0.0000,0.0000,0.0,0.0,0.1500,60.6,48.7,0.430,0,0,0,0,,,,,729,339,,,,,DDX17___FAM50A_unrelaxed_rank_004_alphafold2_multimer_v3_model_3_seed_000.pdb
DDX17___FAM50A,5,5,A,B,0.0000,0.0,0.0,0.0000,0.1412,0.0000,0.0000,0.0,0.0,0.1400,59.4,50.2,0.360,0,0,0,0,,,,,729,339,,,,,DDX17___FAM50A_unrelaxed_rank_005_alphafold2_multimer_v3_model_5_seed_000.pdb
DDX17___GFP,1,3,A,B,0.0000,0.0,0.0,0.0000,0.1391,0.0000,0.0000,0.0,0.0,0.1900,59.8,84.4,0.460,0,0,0,0,,,,,729,238,,,,,DDX17___GFP_unrelaxed_rank_001_alphafold2_multimer_v3_model_3_seed_000.pdb
DDX17___GFP,2,5,A,B,0.0000,0.0,0.0,0.0000,0.1407,0.0000,0.0000,0.0,0.0,0.1800,58.6,85.4,0.400,0,0,0,0,,,,,729,238,,,,,DDX17___GFP_unrelaxed_rank_002_alphafold2_multimer_v3_model_5_seed_000.pdb
DDX17___GFP,3,1,A,B,0.0000,0.0,0.0,0.0000,0.1568,0.0000,0.0000,0.0,0.0,0.1800,56.6,84.3,0.370,0,0,0,0,,,,,729,238,,,,,DDX17___GFP_unrelaxed_rank_003_alphafold2_multimer_v3_model_1_seed_000.pdb
DDX17___GFP,4,2,A,B,0.0000,0.0,0.0,0.0000,0.1581,0.0000,0.0000,0.0,0.0,0.1600,57.0,86.1,0.380,0,0,0,0,,,,,729,238,,,,,DDX17___GFP_unrelaxed_rank_004_alphafold2_multimer_v3_model_2_seed_000.pdb
DDX17___GFP,5,4,A,B,0.0000,0.0,0.0,0.0000,0.1334,0.0000,0.0000,0.0,0.0,0.1500,58.5,85.1,0.410,0,0,0,0,,,,,729,238,,,,,DDX17___GFP_unrelaxed_rank_005_alphafold2_multimer_v3_model_4_seed_000.pdb
DDX17___PSPC1,1,5,A,B,0.0000,0.0,0.0,0.0000,0.4061,0.0187,0.0000,27.0,0.0,0.2400,59.8,56.8,0.360,25,2,0,0,93.8,38.0,,,729,523,"[179-180,210-212,247,249-251,266,276,279,300,304,306,308,324,333,338-339,342,354-355,367,376]",[522-523],,,DDX17___PSPC1_unrelaxed_rank_001_alphafold2_multimer_v3_model_5_seed_000.pdb
DDX17___PSPC1,2,4,A,B,0.0000,0.0,0.0,0.0000,0.3230,0.0000,0.0000,0.0,0.0,0.2300,59.4,55.8,0.360,0,0,0,0,,,,,729,523,,,,,DDX17___PSPC1_unrelaxed_rank_002_alphafold2_multimer_v3_model_4_seed_000.pdb
DDX17___PSPC1,3,3,A,B,0.0000,0.0,0.0,0.0000,0.3199,0.0000,0.0000,0.0,0.0,0.2100,60.3,56.6,0.410,0,0,0,0,,,,,729,523,,,,,DDX17___PSPC1_unrelaxed_rank_003_alphafold2_multimer_v3_model_3_seed_000.pdb
DDX17___PSPC1,4,1,A,B,0.0000,0.0,0.0,0.0000,0.3258,0.0000,0.0000,0.0,0.0,0.1800,59.9,56.9,0.370,0,0,0,0,,,,,729,523,,,,,DDX17___PSPC1_unrelaxed_rank_004_alphafold2_multimer_v3_model_1_seed_000.pdb
DDX17___PSPC1,5,2,A,B,0.0000,0.0,0.0,0.0000,0.2223,0.0000,0.0000,0.0,0.0,0.1600,61.2,56.0,0.360,0,0,0,0,,,,,729,523,,,,,DDX17___PSPC1_unrelaxed_rank_005_alphafold2_multimer_v3_model_2_seed_000.pdb
EDC3___CDC37,1,1,A,B,0.0000,0.0,0.0,0.0000,0.3296,0.0000,0.0000,0.0,0.0,0.1800,61.9,63.3,0.380,0,0,0,0,,,,,508,378,,,,,EDC3___CDC37_unrelaxed_rank_001_alphafold2_multimer_v3_model_1_seed_000.pdb
EDC3___CDC37,2,3,A,B,0.0000,0.0,0.0,0.0000,0.1738,0.0000,0.0000,0.0,0.0,0.1700,58.9,63.3,0.380,0,0,0,0,,,,,508,378,,,,,EDC3___CDC37_unrelaxed_rank_002_alphafold2_multimer_v3_model_3_seed_000.pdb
EDC3___CDC37,3,2,A,B,0.0000,0.0,0.0,0.0000,0.1272,0.0000,0.0000,0.0,0.0,0.1300,61.0,65.8,0.360,0,0,0,0,,,,,508,378,,,,,EDC3___CDC37_unrelaxed_rank_003_alphafold2_multimer_v3_model_2_seed_000.pdb
EDC3___CDC37,4,4,A,B,0.0000,0.0,0.0,0.0000,0.1351,0.0000,0.0000,0.0,0.0,0.1300,59.7,64.3,0.360,0,0,0,0,,,,,508,378,,,,,EDC3___CDC37_unrelaxed_rank_004_alphafold2_multimer_v3_model_4_seed_000.pdb
EDC3___CDC37,5,5,A,B,0.0000,0.0,0.0,0.0000,0.1131,0.0000,0.0000,0.0,0.0,0.1100,60.3,64.4,0.360,0,0,0,0,,,,,508,378,,,,,EDC3___CDC37_unrelaxed_rank_005_alphafold2_multimer_v3_model_5_seed_000.pdb
EPB41___DAZAP1,1,1,A,B,0.0000,0.0,0.0,0.0000,0.2531,0.0000,0.0000,0.0,0.0,0.1800,48.8,36.2,0.370,0,0,0,0,,,,,864,407,,,,,EPB41___DAZAP1_unrelaxed_rank_001_alphafold2_multimer_v3_model_1_seed_000.pdb
EPB41___DAZAP1,2,3,A,B,0.0000,0.0,0.0,0.0000,0.3189,0.0000,0.0000,0.0,0.0,0.1800,48.7,37.9,0.370,0,0,0,0,,,,,864,407,,,,,EPB41___DAZAP1_unrelaxed_rank_002_alphafold2_multimer_v3_model_3_seed_000.pdb
EPB41___DAZAP1,3,4,A,B,0.0000,0.0,0.0,0.0000,0.2378,0.0000,0.0000,0.0,0.0,0.1800,47.1,36.2,0.360,0,0,0,0,,,,,864,407,,,,,EPB41___DAZAP1_unrelaxed_rank_003_alphafold2_multimer_v3_model_4_seed_000.pdb
EPB41___DAZAP1,4,5,A,B,0.0000,0.0,0.0,0.0000,0.2966,0.0000,0.0000,0.0,0.0,0.1700,48.7,40.3,0.370,0,0,0,0,,,,,864,407,,,,,EPB41___DAZAP1_unrelaxed_rank_004_alphafold2_multimer_v3_model_5_seed_000.pdb
EPB41___DAZAP1,5,2,A,B,0.0000,0.0,0.0,0.0000,0.1642,0.0000,0.0000,0.0,0.0,0.1600,49.0,39.9,0.370,0,0,0,0,,,,,864,407,,,,,EPB41___DAZAP1_unrelaxed_rank_005_alphafold2_multimer_v3_model_2_seed_000.pdb
EPB41___DNAJA1,1,1,A,B,0.0000,0.0,0.0,0.0000,0.3992,0.0000,0.0000,0.0,0.0,0.2700,46.7,68.0,0.370,0,0,0,0,,,,,864,397,,,,,EPB41___DNAJA1_unrelaxed_rank_001_alphafold2_multimer_v3_model_1_seed_000.pdb
EPB41___DNAJA1,2,3,A,B,0.0000,0.0,0.0,0.0000,0.3041,0.0000,0.0000,0.0,0.0,0.2000,45.0,69.0,0.360,0,0,0,0,,,,,864,397,,,,,EPB41___DNAJA1_unrelaxed_rank_002_alphafold2_multimer_v3_model_3_seed_000.pdb
EPB41___DNAJA1,3,2,A,B,0.0000,0.0,0.0,0.0000,0.3220,0.0000,0.0000,0.0,0.0,0.1900,46.6,71.3,0.360,0,0,0,0,,,,,864,397,,,,,EPB41___DNAJA1_unrelaxed_rank_003_alphafold2_multimer_v3_model_2_seed_000.pdb
EPB41___DNAJA1,4,4,A,B,0.0000,0.0,0.0,0.0000,0.3140,0.0000,0.0000,0.0,0.0,0.1900,44.1,69.8,0.350,0,0,0,0,,,,,864,397,,,,,EPB41___DNAJA1_unrelaxed_rank_004_alphafold2_multimer_v3_model_4_seed_000.pdb
EPB41___DNAJA1,5,5,A,B,0.0000,0.0,0.0,0.0000,0.1703,0.0000,0.0000,0.0,0.0,0.1500,45.3,69.7,0.360,0,0,0,0,,,,,864,397,,,,,EPB41___DNAJA1_unrelaxed_rank_005_alphafold2_multimer_v3_model_5_seed_000.pdb
EPB41___EDC3,1,3,A,B,0.1815,2029.5,368.4,0.2047,0.8434,0.1237,0.2664,48459.0,85.0,0.4300,46.0,58.1,0.450,302,247,30,13,86.0,81.4,75.5,46.3,864,508,"[210-257,260-276,279-342,349-357,359-494,503-526,528-529,531,533]","[243-322,335-369,375-394,397-508]","[292,433-435,437-443,448-450,477,480-481,484-485,488-492,504-508,515]","[246-256,274,507]",EPB41___EDC3_unrelaxed_rank_001_alphafold2_multimer_v3_model_3_seed_000.pdb
EPB41___EDC3,2,4,A,B,0.1251,256.2,32.0,0.0162,0.7591,0.1027,0.1524,1774.0,37.0,0.2500,45.5,59.5,0.370,242,11,15,7,87.6,46.6,80.1,48.1,864,508,"[212-227,229-256,262-275,281-337,353-354,363-372,378-425,427-453,462-490,512-522]",[243-253],"[434,437-443,474,477,481,484-485,488-489]","[244,246-247,249-252]",EPB41___EDC3_unrelaxed_rank_002_alphafold2_multimer_v3_model_4_seed_000.pdb
EPB41___EDC3,3,2,A,B,0.0000,0.0,0.0,0.0000,0.4585,0.0000,0.0000,0.0,0.0,0.2300,46.5,61.0,0.370,0,0,0,0,,,,,864,508,,,,,EPB41___EDC3_unrelaxed_rank_003_alphafold2_multimer_v3_model_2_seed_000.pdb
EPB41___EDC3,4,5,A,B,0.0000,0.0,0.0,0.0000,0.4703,0.0134,0.0000,26.0,0.0,0.2300,46.4,59.4,0.370,19,4,0,0,90.9,39.0,,,864,508,"[214,239,282,302,312-313,411,432,434,437,446,448,472-473,476,478,485,513,517]",[249-252],,,EPB41___EDC3_unrelaxed_rank_004_alphafold2_multimer_v3_model_5_seed_000.pdb
EPB41___EDC3,5,1,A,B,0.0000,0.0,0.0,0.0000,0.2881,0.0000,0.0000,0.0,0.0,0.2000,46.7,59.5,0.360,0,0,0,0,,,,,864,508,,,,,EPB41___EDC3_unrelaxed_rank_005_alphafold2_multimer_v3_model_1_seed_000.pdb
EPB41___PPP1R10,1,2,A,B,0.2713,577.9,156.8,0.1378,0.9111,0.2180,0.3376,4123.0,81.0,0.3600,48.1,31.9,0.340,304,15,22,13,90.3,49.6,82.0,51.5,864,940,"[210-256,260-276,279-342,349-357,359-374,376-455,457,459-496,502-533]",[512-526],"[433,435,437-443,448,477,481,484,488-490,493,504-508]","[512,515-526]",EPB41___PPP1R10_unrelaxed_rank_001_alphafold2_multimer_v3_model_2_seed_000.pdb
EPB41___PPP1R10,2,3,A,B,0.0321,24.2,0.8,0.0110,0.6025,0.0232,0.0445,147.0,4.0,0.2600,47.0,29.9,0.330,69,6,3,2,89.7,34.6,85.7,34.0,864,940,"[214,216,239-240,243,245,253,255,268,282-284,300-303,305,309,364,386,390,398,415,419-421,432-451,462,469,471-482,484-487,489-490,513,515-516]",[518-523],"[439,481,485]",[520-521],EPB41___PPP1R10_unrelaxed_rank_002_alphafold2_multimer_v3_model_3_seed_000.pdb
EPB41___PPP1R10,3,1,A,B,0.0000,0.0,0.0,0.0000,0.3632,0.0000,0.0000,0.0,0.0,0.2300,47.2,29.8,0.330,0,0,0,0,,,,,864,940,,,,,EPB41___PPP1R10_unrelaxed_rank_003_alphafold2_multimer_v3_model_1_seed_000.pdb
EPB41___PPP1R10,4,5,A,B,0.0000,0.0,0.0,0.0000,0.2858,0.0000,0.0000,0.0,0.0,0.2000,46.5,30.8,0.320,0,0,0,0,,,,,864,940,,,,,EPB41___PPP1R10_unrelaxed_rank_004_alphafold2_multimer_v3_model_5_seed_000.pdb
EPB41___PPP1R10,5,4,A,B,0.0000,0.0,0.0,0.0000,0.3604,0.0000,0.0000,0.0,0.0,0.2100,45.5,31.8,0.320,0,0,0,0,,,,,864,940,,,,,EPB41___PPP1R10_unrelaxed_rank_005_alphafold2_multimer_v3_model_4_seed_000.pdb
FUS___PPP1R10,1,4,A,B,0.2502,277.5,69.4,0.0588,0.8421,0.1913,0.3272,1305.0,59.0,0.2600,31.6,33.2,0.240,91,14,16,10,83.2,51.6,80.9,54.2,526,940,[283-373],[414-427],"[298,314,317,319,322-329,331,333-334,336]","[415,417-425]",FUS___PPP1R10_unrelaxed_rank_001_alphafold2_multimer_v3_model_4_seed_000.pdb
FUS___PPP1R10,2,1,A,B,0.0000,0.0,0.0,0.0000,0.3927,0.0000,0.0000,0.0,0.0,0.1900,29.8,31.8,0.240,0,0,0,0,,,,,526,940,,,,,FUS___PPP1R10_unrelaxed_rank_002_alphafold2_multimer_v3_model_1_seed_000.pdb
FUS___PPP1R10,3,2,A,B,0.0000,0.0,0.0,0.0000,0.3026,0.0000,0.0000,0.0,0.0,0.1800,31.0,32.2,0.250,0,0,0,0,,,,,526,940,,,,,FUS___PPP1R10_unrelaxed_rank_003_alphafold2_multimer_v3_model_2_seed_000.pdb
FUS___PPP1R10,4,3,A,B,0.0000,0.0,0.0,0.0000,0.2322,0.0000,0.0000,0.0,0.0,0.1600,29.3,31.4,0.240,0,0,0,0,,,,,526,940,,,,,FUS___PPP1R10_unrelaxed_rank_004_alphafold2_multimer_v3_model_3_seed_000.pdb
FUS___PPP1R10,5,5,A,B,0.0000,0.0,0.0,0.0000,0.1840,0.0000,0.0000,0.0,0.0,0.1500,30.8,33.0,0.240,0,0,0,0,,,,,526,940,,,,,FUS___PPP1R10_unrelaxed_rank_005_alphafold2_multimer_v3_model_5_seed_000.pdb
FUS___RBM33,1,2,A,B,0.1567,345.6,54.1,0.0138,0.6957,0.1190,0.2062,1731.0,69.0,0.2600,31.2,23.1,0.240,81,39,14,11,85.4,60.0,78.0,58.5,526,1170,"[284-326,332-369]","[785-821,823-824]","[285,307-310,342-346,348-349,352-353]","[790,793-794,796-797,799-801,803-805]",FUS___RBM33_unrelaxed_rank_001_alphafold2_multimer_v3_model_2_seed_000.pdb
FUS___RBM33,2,1,A,B,0.0000,0.0,0.0,0.0000,0.4136,0.0000,0.0000,0.0,0.0,0.2200,30.7,22.1,0.250,0,0,0,0,,,,,526,1170,,,,,FUS___RBM33_unrelaxed_rank_002_alphafold2_multimer_v3_model_1_seed_000.pdb
FUS___RBM33,3,3,A,B,0.0000,0.0,0.0,0.0000,0.3106,0.0000,0.0000,0.0,0.0,0.1900,29.3,23.6,0.220,0,0,0,0,,,,,526,1170,,,,,FUS___RBM33_unrelaxed_rank_003_alphafold2_multimer_v3_model_3_seed_000.pdb
FUS___RBM33,4,4,A,B,0.0000,0.0,0.0,0.0000,0.2917,0.0000,0.0000,0.0,0.0,0.1900,33.2,23.2,0.220,0,0,0,0,,,,,526,1170,,,,,FUS___RBM33_unrelaxed_rank_004_alphafold2_multimer_v3_model_4_seed_000.pdb
FUS___RBM33,5,5,A,B,0.0000,0.0,0.0,0.0000,0.2321,0.0000,0.0000,0.0,0.0,0.1800,32.5,23.9,0.210,0,0,0,0,,,,,526,1170,,,,,FUS___RBM33_unrelaxed_rank_005_alphafold2_multimer_v3_model_5_seed_000.pdb
HMGB1___FAM50A,1,1,A,B,0.0000,0.0,0.0,0.0000,0.3049,0.0090,0.0000,6.0,0.0,0.2000,65.6,64.6,0.370,6,1,0,0,83.8,37.3,,,215,339,"[14-15,18,42,49,64]",[289],,,HMGB1___FAM50A_unrelaxed_rank_001_alphafold2_multimer_v3_model_1_seed_000.pdb
HMGB1___FAM50A,2,3,A,B,0.0212,11.5,0.2,0.0000,0.3423,0.0171,0.0263,66.0,2.0,0.1700,60.2,60.8,0.330,26,7,2,2,82.3,32.1,78.2,33.2,215,339,"[102-106,121,126-127,133-135,140,142-144,146-148,150-151,153-158]",[137-143],"[103,106]",[140-141],HMGB1___FAM50A_unrelaxed_rank_002_alphafold2_multimer_v3_model_3_seed_000.pdb
HMGB1___FAM50A,3,2,A,B,0.0298,1.7,0.1,0.0000,0.2943,0.0267,0.0333,3.0,1.0,0.1600,61.4,65.8,0.340,3,3,1,1,79.5,34.0,79.6,32.5,215,339,"[103,105,121]","[137-138,140]",[103],[137],HMGB1___FAM50A_unrelaxed_rank_003_alphafold2_multimer_v3_model_2_seed_000.pdb
HMGB1___FAM50A,4,5,A,B,0.0000,0.0,0.0,0.0000,0.2727,0.0000,0.0000,0.0,0.0,0.1500,59.8,58.6,0.330,0,0,0,0,,,,,215,339,,,,,HMGB1___FAM50A_unrelaxed_rank_004_alphafold2_multimer_v3_model_5_seed_000.pdb
HMGB1___FAM50A,5,4,A,B,0.0000,0.0,0.0,0.0000,0.1805,0.0000,0.0000,0.0,0.0,0.1300,64.7,58.3,0.350,0,0,0,0,,,,,215,339,,,,,HMGB1___FAM50A_unrelaxed_rank_005_alphafold2_multimer_v3_model_4_seed_000.pdb
KHSRP___RPS12,1,3,A,B,0.0000,0.0,0.0,0.0000,0.3410,0.0046,0.0000,1.0,0.0,0.3900,43.4,79.7,0.250,1,1,0,0,57.0,82.9,,,711,132,[79],[68],,,KHSRP___RPS12_unrelaxed_rank_001_alphafold2_multimer_v3_model_3_seed_000.pdb
KHSRP___RPS12,2,1,A,B,0.0000,0.0,0.0,0.0000,0.2794,0.0000,0.0000,0.0,0.0,0.3600,47.2,80.6,0.260,0,0,0,0,,,,,711,132,,,,,KHSRP___RPS12_unrelaxed_rank_002_alphafold2_multimer_v3_model_1_seed_000.pdb
KHSRP___RPS12,3,2,A,B,0.0000,0.0,0.0,0.0000,0.2835,0.0000,0.0000,0.0,0.0,0.3300,47.1,75.9,0.250,0,0,0,0,,,,,711,132,,,,,KHSRP___RPS12_unrelaxed_rank_003_alphafold2_multimer_v3_model_2_seed_000.pdb
KHSRP___RPS12,4,5,A,B,0.0000,0.0,0.0,0.0000,0.2464,0.0000,0.0000,0.0,0.0,0.3200,46.1,80.9,0.250,0,0,0,0,,,,,711,132,,,,,KHSRP___RPS12_unrelaxed_rank_004_alphafold2_multimer_v3_model_5_seed_000.pdb
KHSRP___RPS12,5,4,A,B,0.0000,0.0,0.0,0.0000,0.2642,0.0000,0.0000,0.0,0.0,0.2900,43.2,78.6,0.260,0,0,0,0,,,,,711,132,,,,,KHSRP___RPS12_unrelaxed_rank_005_alphafold2_multimer_v3_model_4_seed_000.pdb
MATR3___FAM50A,1,4,A,B,0.0000,0.0,0.0,0.0000,0.3782,0.0000,0.0000,0.0,0.0,0.2600,40.1,54.9,0.260,0,0,0,0,,,,,847,339,,,,,MATR3___FAM50A_unrelaxed_rank_001_alphafold2_multimer_v3_model_4_seed_000.pdb
MATR3___FAM50A,2,1,A,B,0.0000,0.0,0.0,0.0000,0.2096,0.0000,0.0000,0.0,0.0,0.1700,41.9,60.6,0.250,0,0,0,0,,,,,847,339,,,,,MATR3___FAM50A_unrelaxed_rank_002_alphafold2_multimer_v3_model_1_seed_000.pdb
MATR3___FAM50A,3,2,A,B,0.0000,0.0,0.0,0.0000,0.2246,0.0000,0.0000,0.0,0.0,0.1600,43.2,63.2,0.250,0,0,0,0,,,,,847,339,,,,,MATR3___FAM50A_unrelaxed_rank_003_alphafold2_multimer_v3_model_2_seed_000.pdb
MATR3___FAM50A,4,5,A,B,0.0000,0.0,0.0,0.0000,0.1829,0.0000,0.0000,0.0,0.0,0.1600,43.4,59.6,0.250,0,0,0,0,,,,,847,339,,,,,MATR3___FAM50A_unrelaxed_rank_004_alphafold2_multimer_v3_model_5_seed_000.pdb
MATR3___FAM50A,5,3,A,B,0.0000,0.0,0.0,0.0000,0.1817,0.0000,0.0000,0.0,0.0,0.1600,41.3,57.8,0.250,0,0,0,0,,,,,847,339,,,,,MATR3___FAM50A_unrelaxed_rank_005_alphafold2_multimer_v3_model_3_seed_000.pdb
MATR3___GFP,1,4,A,B,0.1119,375.0,42.0,0.0169,0.6572,0.0800,0.1567,3349.0,42.0,0.6400,38.8,85.4,0.360,59,221,12,12,78.7,87.1,76.9,82.6,847,238,"[283,291-303,309,317-319,321,798-836,838]","[2-101,104-131,134-143,145-155,158-171,175-232]","[292,297-299,806-811,815,820]","[13,15,30,32,115-118,120,202,227-228]",MATR3___GFP_unrelaxed_rank_001_alphafold2_multimer_v3_model_4_seed_000.pdb
MATR3___GFP,2,1,A,B,0.0000,0.0,0.0,0.0000,0.3655,0.0000,0.0000,0.0,0.0,0.3100,39.5,84.6,0.320,0,0,0,0,,,,,847,238,,,,,MATR3___GFP_unrelaxed_rank_002_alphafold2_multimer_v3_model_1_seed_000.pdb
MATR3___GFP,3,2,A,B,0.0000,0.0,0.0,0.0000,0.1991,0.0000,0.0000,0.0,0.0,0.2300,41.2,85.2,0.320,0,0,0,0,,,,,847,238,,,,,MATR3___GFP_unrelaxed_rank_003_alphafold2_multimer_v3_model_2_seed_000.pdb
MATR3___GFP,4,3,A,B,0.0000,0.0,0.0,0.0000,0.1713,0.0000,0.0000,0.0,0.0,0.2000,38.2,82.6,0.310,0,0,0,0,,,,,847,238,,,,,MATR3___GFP_unrelaxed_rank_004_alphafold2_multimer_v3_model_3_seed_000.pdb
MATR3___GFP,5,5,A,B,0.0000,0.0,0.0,0.0000,0.1608,0.0000,0.0000,0.0,0.0,0.1900,39.7,87.0,0.310,0,0,0,0,,,,,847,238,,,,,MATR3___GFP_unrelaxed_rank_005_alphafold2_multimer_v3_model_5_seed_000.pdb
MATR3___SLC3A2,1,2,A,B,0.0000,0.0,0.0,0.0000,0.2695,0.0000,0.0000,0.0,0.0,0.1700,40.0,70.3,0.400,0,0,0,0,,,,,847,630,,,,,MATR3___SLC3A2_unrelaxed_rank_001_alphafold2_multimer_v3_model_2_seed_000.pdb
MATR3___SLC3A2,2,3,A,B,0.0000,0.0,0.0,0.0000,0.1788,0.0000,0.0000,0.0,0.0,0.1700,38.5,68.7,0.400,0,0,0,0,,,,,847,630,,,,,MATR3___SLC3A2_unrelaxed_rank_002_alphafold2_multimer_v3_model_3_seed_000.pdb
MATR3___SLC3A2,3,1,A,B,0.0000,0.0,0.0,0.0000,0.1633,0.0000,0.0000,0.0,0.0,0.1700,38.0,69.7,0.400,0,0,0,0,,,,,847,630,,,,,MATR3___SLC3A2_unrelaxed_rank_003_alphafold2_multimer_v3_model_1_seed_000.pdb
MATR3___SLC3A2,4,4,A,B,0.0000,0.0,0.0,0.0000,0.1844,0.0000,0.0000,0.0,0.0,0.1700,36.5,68.3,0.380,0,0,0,0,,,,,847,630,,,,,MATR3___SLC3A2_unrelaxed_rank_004_alphafold2_multimer_v3_model_4_seed_000.pdb
MATR3___SLC3A2,5,5,A,B,0.0000,0.0,0.0,0.0000,0.1505,0.0000,0.0000,0.0,0.0,0.1600,37.6,68.9,0.390,0,0,0,0,,,,,847,630,,,,,MATR3___SLC3A2_unrelaxed_rank_005_alphafold2_multimer_v3_model_5_seed_000.pdb
MATR3___SNRPC,1,4,A,B,0.0664,61.1,4.1,0.0128,0.5103,0.0588,0.0749,178.0,21.0,0.2100,40.6,32.0,0.210,38,18,6,7,53.7,48.1,51.9,47.2,847,159,"[107-130,133-134,136-147]",[41-58],"[108,111-112,122,125-126]","[42-43,45-47,49-50]",MATR3___SNRPC_unrelaxed_rank_001_alphafold2_multimer_v3_model_4_seed_000.pdb
MATR3___SNRPC,2,2,A,B,0.0000,0.0,0.0,0.0000,0.3893,0.0000,0.0000,0.0,0.0,0.2000,42.4,31.6,0.220,0,0,0,0,,,,,847,159,,,,,MATR3___SNRPC_unrelaxed_rank_002_alphafold2_multimer_v3_model_2_seed_000.pdb
MATR3___SNRPC,3,1,A,B,0.0000,0.0,0.0,0.0000,0.2589,0.0000,0.0000,0.0,0.0,0.1800,41.1,26.8,0.230,0,0,0,0,,,,,847,159,,,,,MATR3___SNRPC_unrelaxed_rank_003_alphafold2_multimer_v3_model_1_seed_000.pdb
MATR3___SNRPC,4,3,A,B,0.0000,0.0,0.0,0.0000,0.2370,0.0000,0.0000,0.0,0.0,0.1600,39.9,29.3,0.220,0,0,0,0,,,,,847,159,,,,,MATR3___SNRPC_unrelaxed_rank_004_alphafold2_multimer_v3_model_3_seed_000.pdb
MATR3___SNRPC,5,5,A,B,0.0000,0.0,0.0,0.0000,0.1857,0.0000,0.0000,0.0,0.0,0.1500,43.9,31.1,0.220,0,0,0,0,,,,,847,159,,,,,MATR3___SNRPC_unrelaxed_rank_005_alphafold2_multimer_v3_model_5_seed_000.pdb
MATR3___TXN,1,4,A,B,0.4019,805.7,323.8,0.3463,0.8928,0.3150,0.5129,8542.0,76.0,0.8500,42.4,90.2,0.260,49,105,15,17,79.0,90.2,76.4,82.9,847,105,[797-845],[1-105],"[797-798,800,802,806-812,815-816,819-820]","[29,31-35,37-38,60,72-75,90-93]",MATR3___TXN_unrelaxed_rank_001_alphafold2_multimer_v3_model_4_seed_000.pdb
MATR3___TXN,2,1,A,B,0.1608,510.1,82.0,0.1300,0.6929,0.1239,0.2087,3061.0,85.0,0.7200,41.8,87.6,0.250,42,105,17,18,71.7,87.6,69.2,77.0,847,105,[797-838],[1-105],"[797-798,800-803,806-812,815-816,819-820]","[29,31-35,59-60,71-76,90-93]",MATR3___TXN_unrelaxed_rank_002_alphafold2_multimer_v3_model_1_seed_000.pdb
MATR3___TXN,3,3,A,B,0.1469,279.4,41.0,0.0166,0.6520,0.1138,0.1895,1394.0,56.0,0.6400,43.3,87.5,0.250,34,102,12,16,71.5,87.6,71.3,78.6,847,105,"[797-823,825-830,833]","[2-18,20-104]","[798,802,806-812,815-816,820]","[29,31-35,37,59-60,72-75,90-92]",MATR3___TXN_unrelaxed_rank_003_alphafold2_multimer_v3_model_3_seed_000.pdb
MATR3___TXN,4,5,A,B,0.0000,0.0,0.0,0.0000,0.0000,0.0000,0.0000,0.0,0.0,0.1700,42.8,87.5,0.230,0,0,0,0,,,,,847,105,,,,,MATR3___TXN_unrelaxed_rank_004_alphafold2_multimer_v3_model_5_seed_000.pdb
MATR3___TXN,5,2,A,B,0.0000,0.0,0.0,0.0000,0.1736,0.0000,0.0000,0.0,0.0,0.1600,42.6,86.5,0.230,0,0,0,0,,,,,847,105,,,,,MATR3___TXN_unrelaxed_rank_005_alphafold2_multimer_v3_model_2_seed_000.pdb
MATR3___ZNF503,1,3,A,B,0.0100,4.5,0.0,0.0000,0.4346,0.0141,0.0071,20.0,1.0,0.1800,41.8,18.4,0.220,16,2,1,1,54.2,32.6,55.2,32.8,847,646,"[120,124,127-128,132,134-138,140-142,144,146-147]",[76-77],[138],[76],MATR3___ZNF503_unrelaxed_rank_001_alphafold2_multimer_v3_model_3_seed_000.pdb
MATR3___ZNF503,2,2,A,B,0.0000,0.0,0.0,0.0000,0.4945,0.0084,0.0000,16.0,0.0,0.1800,46.5,19.5,0.220,11,2,0,0,61.8,33.4,,,847,646,"[111,122,124,129,137,141,143-147]",[76-77],,,MATR3___ZNF503_unrelaxed_rank_002_alphafold2_multimer_v3_model_2_seed_000.pdb
MATR3___ZNF503,3,1,A,B,0.0000,0.0,0.0,0.0000,0.4324,0.0000,0.0000,0.0,0.0,0.1700,41.5,19.3,0.230,0,0,0,0,,,,,847,646,,,,,MATR3___ZNF503_unrelaxed_rank_003_alphafold2_multimer_v3_model_1_seed_000.pdb
MATR3___ZNF503,4,4,A,B,0.0382,21.1,0.8,0.0119,0.5434,0.0483,0.0302,89.0,5.0,0.1600,43.2,19.8,0.210,34,8,5,2,56.5,38.6,54.0,37.6,847,646,"[111,113-115,118-129,131-148]",[72-79],"[115,125,134-135,138]","[76,79]",MATR3___ZNF503_unrelaxed_rank_004_alphafold2_multimer_v3_model_4_seed_000.pdb
MATR3___ZNF503,5,5,A,B,0.0000,0.0,0.0,0.0000,0.2489,0.0000,0.0000,0.0,0.0,0.1600,45.1,19.2,0.220,0,0,0,0,,,,,847,646,,,,,MATR3___ZNF503_unrelaxed_rank_005_alphafold2_multimer_v3_model_5_seed_000.pdb
MRPL12___NCL,1,4,A,B,0.0000,0.0,0.0,0.0000,0.2783,0.0000,0.0000,0.0,0.0,0.1700,47.6,46.1,0.240,0,0,0,0,,,,,198,710,,,,,MRPL12___NCL_unrelaxed_rank_001_alphafold2_multimer_v3_model_4_seed_000.pdb
MRPL12___NCL,2,1,A,B,0.0000,0.0,0.0,0.0000,0.1282,0.0000,0.0000,0.0,0.0,0.1400,44.4,49.9,0.260,0,0,0,0,,,,,198,710,,,,,MRPL12___NCL_unrelaxed_rank_002_alphafold2_multimer_v3_model_1_seed_000.pdb
MRPL12___NCL,3,2,A,B,0.0000,0.0,0.0,0.0000,0.1416,0.0000,0.0000,0.0,0.0,0.1400,48.0,48.4,0.240,0,0,0,0,,,,,198,710,,,,,MRPL12___NCL_unrelaxed_rank_003_alphafold2_multimer_v3_model_2_seed_000.pdb
MRPL12___NCL,4,3,A,B,0.0000,0.0,0.0,0.0000,0.0968,0.0000,0.0000,0.0,0.0,0.1300,48.1,47.7,0.230,0,0,0,0,,,,,198,710,,,,,MRPL12___NCL_unrelaxed_rank_004_alphafold2_multimer_v3_model_3_seed_000.pdb
MRPL12___NCL,5,5,A,B,0.0000,0.0,0.0,0.0000,0.1084,0.0000,0.0000,0.0,0.0,0.1200,45.5,47.9,0.240,0,0,0,0,,,,,198,710,,,,,MRPL12___NCL_unrelaxed_rank_005_alphafold2_multimer_v3_model_5_seed_000.pdb
NASP___RPS12,1,2,A,B,0.0594,47.2,2.8,0.0111,0.4707,0.0506,0.0699,124.0,18.0,0.3900,40.0,73.1,0.370,14,44,5,6,49.4,79.2,48.5,75.1,788,132,[138-151],"[17,21-22,25-26,31,38-39,41-45,48,50,54-55,59-73,79,82-88,104-106,113]","[143-144,146-147,150]","[43,64,67-68,70-71]",NASP___RPS12_unrelaxed_rank_001_alphafold2_multimer_v3_model_2_seed_000.pdb
NASP___RPS12,2,4,A,B,0.0287,95.2,2.7,0.0117,0.4487,0.0313,0.0263,1510.0,6.0,0.3900,39.5,67.9,0.380,185,28,5,4,90.6,65.5,82.9,49.5,788,132,"[42-77,82-102,514-529,531,535,537-576,579-621,635-661]","[22,50-51,53,84-101,103,105-109]","[100,581-582,585,648]","[94-96,101]",NASP___RPS12_unrelaxed_rank_002_alphafold2_multimer_v3_model_4_seed_000.pdb
NASP___RPS12,3,3,A,B,0.0000,0.0,0.0,0.0000,0.3005,0.0000,0.0000,0.0,0.0,0.3200,39.2,73.5,0.360,0,0,0,0,,,,,788,132,,,,,NASP___RPS12_unrelaxed_rank_003_alphafold2_multimer_v3_model_3_seed_000.pdb
NASP___RPS12,4,1,A,B,0.0000,0.0,0.0,0.0000,0.3414,0.0000,0.0000,0.0,0.0,0.3100,39.1,71.0,0.360,0,0,0,0,,,,,788,132,,,,,NASP___RPS12_unrelaxed_rank_004_alphafold2_multimer_v3_model_1_seed_000.pdb
NASP___RPS12,5,5,A,B,0.0000,0.0,0.0,0.0000,0.1487,0.0000,0.0000,0.0,0.0,0.1900,39.1,75.9,0.350,0,0,0,0,,,,,788,132,,,,,NASP___RPS12_unrelaxed_rank_005_alphafold2_multimer_v3_model_5_seed_000.pdb
NCL___CHERP,1,5,A,B,0.0000,0.0,0.0,0.0000,0.3132,0.0000,0.0000,0.0,0.0,0.2000,43.6,47.9,0.290,0,0,0,0,,,,,710,916,,,,,NCL___CHERP_unrelaxed_rank_001_alphafold2_multimer_v3_model_5_seed_000.pdb
NCL___CHERP,2,1,A,B,0.0000,0.0,0.0,0.0000,0.2091,0.0000,0.0000,0.0,0.0,0.1900,41.0,46.9,0.290,0,0,0,0,,,,,710,916,,,,,NCL___CHERP_unrelaxed_rank_002_alphafold2_multimer_v3_model_1_seed_000.pdb
NCL___CHERP,3,2,A,B,0.0000,0.0,0.0,0.0000,0.1789,0.0000,0.0000,0.0,0.0,0.1800,42.4,48.4,0.290,0,0,0,0,,,,,710,916,,,,,NCL___CHERP_unrelaxed_rank_003_alphafold2_multimer_v3_model_2_seed_000.pdb
NCL___CHERP,4,3,A,B,0.0000,0.0,0.0,0.0000,0.1808,0.0000,0.0000,0.0,0.0,0.1800,43.0,47.8,0.290,0,0,0,0,,,,,710,916,,,,,NCL___CHERP_unrelaxed_rank_004_alphafold2_multimer_v3_model_3_seed_000.pdb
NCL___CHERP,5,4,A,B,0.0000,0.0,0.0,0.0000,0.1900,0.0000,0.0000,0.0,0.0,0.1700,42.8,45.8,0.280,0,0,0,0,,,,,710,916,,,,,NCL___CHERP_unrelaxed_rank_005_alphafold2_multimer_v3_model_4_seed_000.pdb
NCL___SF1,1,1,A,B,0.0000,0.0,0.0,0.0000,0.3859,0.0000,0.0000,0.0,0.0,0.2000,45.1,38.8,0.250,0,0,0,0,,,,,710,639,,,,,NCL___SF1_unrelaxed_rank_001_alphafold2_multimer_v3_model_1_seed_000.pdb
NCL___SF1,2,4,A,B,0.0000,0.0,0.0,0.0000,0.3065,0.0000,0.0000,0.0,0.0,0.1800,43.0,37.4,0.240,0,0,0,0,,,,,710,639,,,,,NCL___SF1_unrelaxed_rank_002_alphafold2_multimer_v3_model_4_seed_000.pdb
NCL___SF1,3,2,A,B,0.0000,0.0,0.0,0.0000,0.1694,0.0000,0.0000,0.0,0.0,0.1600,45.1,37.3,0.230,0,0,0,0,,,,,710,639,,,,,NCL___SF1_unrelaxed_rank_003_alphafold2_multimer_v3_model_2_seed_000.pdb
NCL___SF1,4,3,A,B,0.0000,0.0,0.0,0.0000,0.1839,0.0000,0.0000,0.0,0.0,0.1500,43.2,37.3,0.240,0,0,0,0,,,,,710,639,,,,,NCL___SF1_unrelaxed_rank_004_alphafold2_multimer_v3_model_3_seed_000.pdb
NCL___SF1,5,5,A,B,0.0000,0.0,0.0,0.0000,0.1914,0.0000,0.0000,0.0,0.0,0.1500,45.4,39.5,0.240,0,0,0,0,,,,,710,639,,,,,NCL___SF1_unrelaxed_rank_005_alphafold2_multimer_v3_model_5_seed_000.pdb
NONO___EPB41,1,2,A,B,0.0000,0.0,0.0,0.0000,0.2729,0.0000,0.0000,0.0,0.0,0.1900,61.9,48.1,0.350,0,0,0,0,,,,,471,864,,,,,NONO___EPB41_unrelaxed_rank_001_alphafold2_multimer_v3_model_2_seed_000.pdb
NONO___EPB41,2,4,A,B,0.0000,0.0,0.0,0.0000,0.1548,0.0000,0.0000,0.0,0.0,0.1600,58.7,46.5,0.350,0,0,0,0,,,,,471,864,,,,,NONO___EPB41_unrelaxed_rank_002_alphafold2_multimer_v3_model_4_seed_000.pdb
NONO___EPB41,3,1,A,B,0.0000,0.0,0.0,0.0000,0.1610,0.0000,0.0000,0.0,0.0,0.1600,61.5,48.5,0.350,0,0,0,0,,,,,471,864,,,,,NONO___EPB41_unrelaxed_rank_003_alphafold2_multimer_v3_model_1_seed_000.pdb
NONO___EPB41,4,3,A,B,0.0000,0.0,0.0,0.0000,0.1394,0.0000,0.0000,0.0,0.0,0.1500,61.3,47.5,0.350,0,0,0,0,,,,,471,864,,,,,NONO___EPB41_unrelaxed_rank_004_alphafold2_multimer_v3_model_3_seed_000.pdb
NONO___EPB41,5,5,A,B,0.0000,0.0,0.0,0.0000,0.0000,0.0000,0.0000,0.0,0.0,0.1500,60.2,47.0,0.350,0,0,0,0,,,,,471,864,,,,,NONO___EPB41_unrelaxed_rank_005_alphafold2_multimer_v3_model_5_seed_000.pdb
NONO___TXN,1,1,A,B,0.0000,0.0,0.0,0.0000,0.1145,0.0000,0.0000,0.0,0.0,0.1500,65.8,81.6,0.460,0,0,0,0,,,,,471,105,,,,,NONO___TXN_unrelaxed_rank_001_alphafold2_multimer_v3_model_1_seed_000.pdb
NONO___TXN,2,4,A,B,0.0000,0.0,0.0,0.0000,0.1574,0.0000,0.0000,0.0,0.0,0.1600,64.5,81.1,0.450,0,0,0,0,,,,,471,105,,,,,NONO___TXN_unrelaxed_rank_002_alphafold2_multimer_v3_model_4_seed_000.pdb
NONO___TXN,3,3,A,B,0.0000,0.0,0.0,0.0000,0.1104,0.0000,0.0000,0.0,0.0,0.1300,65.2,85.2,0.460,0,0,0,0,,,,,471,105,,,,,NONO___TXN_unrelaxed_rank_003_alphafold2_multimer_v3_model_3_seed_000.pdb
NONO___TXN,4,5,A,B,0.0000,0.0,0.0,0.0000,0.1004,0.0000,0.0000,0.0,0.0,0.1200,64.5,85.6,0.460,0,0,0,0,,,,,471,105,,,,,NONO___TXN_unrelaxed_rank_004_alphafold2_multimer_v3_model_5_seed_000.pdb
NONO___TXN,5,2,A,B,0.0000,0.0,0.0,0.0000,0.1093,0.0000,0.0000,0.0,0.0,0.1100,64.4,82.9,0.450,0,0,0,0,,,,,471,105,,,,,NONO___TXN_unrelaxed_rank_005_alphafold2_multimer_v3_model_2_seed_000.pdb
PCBP2___SUPT5H,1,4,A,B,0.0000,0.0,0.0,0.0000,0.3581,0.0000,0.0000,0.0,0.0,0.2300,52.8,50.1,0.250,0,0,0,0,,,,,365,1087,,,,,PCBP2___SUPT5H_unrelaxed_rank_001_alphafold2_multimer_v3_model_4_seed_000.pdb
PCBP2___SUPT5H,2,1,A,B,0.0000,0.0,0.0,0.0000,0.1888,0.0000,0.0000,0.0,0.0,0.1800,52.6,51.5,0.260,0,0,0,0,,,,,365,1087,,,,,PCBP2___SUPT5H_unrelaxed_rank_002_alphafold2_multimer_v3_model_1_seed_000.pdb
PCBP2___SUPT5H,3,3,A,B,0.0000,0.0,0.0,0.0000,0.1922,0.0000,0.0000,0.0,0.0,0.1800,55.3,52.7,0.260,0,0,0,0,,,,,365,1087,,,,,PCBP2___SUPT5H_unrelaxed_rank_003_alphafold2_multimer_v3_model_3_seed_000.pdb
PCBP2___SUPT5H,4,2,A,B,0.0000,0.0,0.0,0.0000,0.1797,0.0000,0.0000,0.0,0.0,0.1800,58.6,52.4,0.260,0,0,0,0,,,,,365,1087,,,,,PCBP2___SUPT5H_unrelaxed_rank_004_alphafold2_multimer_v3_model_2_seed_000.pdb
PCBP2___SUPT5H,5,5,A,B,0.0000,0.0,0.0,0.0000,0.1750,0.0000,0.0000,0.0,0.0,0.1600,56.5,53.2,0.250,0,0,0,0,,,,,365,1087,,,,,PCBP2___SUPT5H_unrelaxed_rank_005_alphafold2_multimer_v3_model_5_seed_000.pdb
PDK1___DDX17,1,1,A,B,0.0000,0.0,0.0,0.0000,0.2102,0.0000,0.0000,0.0,0.0,0.1800,75.0,58.0,0.410,0,0,0,0,,,,,436,729,,,,,PDK1___DDX17_unrelaxed_rank_001_alphafold2_multimer_v3_model_1_seed_000.pdb
PDK1___DDX17,2,2,A,B,0.0000,0.0,0.0,0.0000,0.1637,0.0000,0.0000,0.0,0.0,0.1700,74.9,58.5,0.400,0,0,0,0,,,,,436,729,,,,,PDK1___DDX17_unrelaxed_rank_002_alphafold2_multimer_v3_model_2_seed_000.pdb
PDK1___DDX17,3,4,A,B,0.0000,0.0,0.0,0.0000,0.1815,0.0000,0.0000,0.0,0.0,0.1600,75.0,57.8,0.400,0,0,0,0,,,,,436,729,,,,,PDK1___DDX17_unrelaxed_rank_003_alphafold2_multimer_v3_model_4_seed_000.pdb
PDK1___DDX17,4,5,A,B,0.0000,0.0,0.0,0.0000,0.1503,0.0000,0.0000,0.0,0.0,0.1600,74.2,58.4,0.400,0,0,0,0,,,,,436,729,,,,,PDK1___DDX17_unrelaxed_rank_004_alphafold2_multimer_v3_model_5_seed_000.pdb
PDK1___DDX17,5,3,A,B,0.0000,0.0,0.0,0.0000,0.1437,0.0000,0.0000,0.0,0.0,0.1600,73.7,59.0,0.410,0,0,0,0,,,,,436,729,,,,,PDK1___DDX17_unrelaxed_rank_005_alphafold2_multimer_v3_model_3_seed_000.pdb
PDK1___STIP1,1,1,A,B,0.0000,0.0,0.0,0.0000,0.1736,0.0000,0.0000,0.0,0.0,0.1700,76.9,77.8,0.450,0,0,0,0,,,,,436,543,,,,,PDK1___STIP1_unrelaxed_rank_001_alphafold2_multimer_v3_model_1_seed_000.pdb
PDK1___STIP1,2,4,A,B,0.0000,0.0,0.0,0.0000,0.1548,0.0000,0.0000,0.0,0.0,0.1700,75.8,76.9,0.450,0,0,0,0,,,,,436,543,,,,,PDK1___STIP1_unrelaxed_rank_002_alphafold2_multimer_v3_model_4_seed_000.pdb
PDK1___STIP1,3,2,A,B,0.0000,0.0,0.0,0.0000,0.1459,0.0000,0.0000,0.0,0.0,0.1600,76.5,79.5,0.440,0,0,0,0,,,,,436,543,,,,,PDK1___STIP1_unrelaxed_rank_003_alphafold2_multimer_v3_model_2_seed_000.pdb
PDK1___STIP1,4,5,A,B,0.0000,0.0,0.0,0.0000,0.1301,0.0000,0.0000,0.0,0.0,0.1600,75.3,79.0,0.440,0,0,0,0,,,,,436,543,,,,,PDK1___STIP1_unrelaxed_rank_004_alphafold2_multimer_v3_model_5_seed_000.pdb
PDK1___STIP1,5,3,A,B,0.0000,0.0,0.0,0.0000,0.1365,0.0000,0.0000,0.0,0.0,0.1600,75.4,78.6,0.430,0,0,0,0,,,,,436,543,,,,,PDK1___STIP1_unrelaxed_rank_005_alphafold2_multimer_v3_model_3_seed_000.pdb
PRDX1___DNAJA1,1,1,A,B,0.0000,0.0,0.0,0.0000,0.1001,0.0000,0.0000,0.0,0.0,0.1400,80.6,75.2,0.400,0,0,0,0,,,,,199,397,,,,,PRDX1___DNAJA1_unrelaxed_rank_001_alphafold2_multimer_v3_model_1_seed_000.pdb
PRDX1___DNAJA1,2,2,A,B,0.0000,0.0,0.0,0.0000,0.0953,0.0000,0.0000,0.0,0.0,0.1200,79.3,73.9,0.400,0,0,0,0,,,,,199,397,,,,,PRDX1___DNAJA1_unrelaxed_rank_002_alphafold2_multimer_v3_model_2_seed_000.pdb
PRDX1___DNAJA1,3,5,A,B,0.0000,0.0,0.0,0.0000,0.0995,0.0000,0.0000,0.0,0.0,0.1200,83.1,74.3,0.410,0,0,0,0,,,,,199,397,,,,,PRDX1___DNAJA1_unrelaxed_rank_003_alphafold2_multimer_v3_model_5_seed_000.pdb
PRDX1___DNAJA1,4,4,A,B,0.0000,0.0,0.0,0.0000,0.0953,0.0000,0.0000,0.0,0.0,0.1200,83.4,74.6,0.410,0,0,0,0,,,,,199,397,,,,,PRDX1___DNAJA1_unrelaxed_rank_004_alphafold2_multimer_v3_model_4_seed_000.pdb
PRDX1___DNAJA1,5,3,A,B,0.0000,0.0,0.0,0.0000,0.0959,0.0000,0.0000,0.0,0.0,0.1100,84.7,74.7,0.400,0,0,0,0,,,,,199,397,,,,,PRDX1___DNAJA1_unrelaxed_rank_005_alphafold2_multimer_v3_model_3_seed_000.pdb
PRDX1___PSPC1,1,1,A,B,0.0000,0.0,0.0,0.0000,0.2428,0.0000,0.0000,0.0,0.0,0.2300,83.8,60.6,0.380,0,0,0,0,,,,,199,523,,,,,PRDX1___PSPC1_unrelaxed_rank_001_alphafold2_multimer_v3_model_1_seed_000.pdb
PRDX1___PSPC1,2,5,A,B,0.0000,0.0,0.0,0.0000,0.1199,0.0000,0.0000,0.0,0.0,0.1500,84.6,58.7,0.400,0,0,0,0,,,,,199,523,,,,,PRDX1___PSPC1_unrelaxed_rank_002_alphafold2_multimer_v3_model_5_seed_000.pdb
PRDX1___PSPC1,3,2,A,B,0.0000,0.0,0.0,0.0000,0.1336,0.0000,0.0000,0.0,0.0,0.1500,84.8,58.5,0.390,0,0,0,0,,,,,199,523,,,,,PRDX1___PSPC1_unrelaxed_rank_003_alphafold2_multimer_v3_model_2_seed_000.pdb
PRDX1___PSPC1,4,3,A,B,0.0000,0.0,0.0,0.0000,0.1098,0.0000,0.0000,0.0,0.0,0.1400,86.2,59.5,0.400,0,0,0,0,,,,,199,523,,,,,PRDX1___PSPC1_unrelaxed_rank_004_alphafold2_multimer_v3_model_3_seed_000.pdb
PRDX1___PSPC1,5,4,A,B,0.0000,0.0,0.0,0.0000,0.0000,0.0000,0.0000,0.0,0.0,0.1300,85.7,58.2,0.380,0,0,0,0,,,,,199,523,,,,,PRDX1___PSPC1_unrelaxed_rank_005_alphafold2_multimer_v3_model_4_seed_000.pdb
PRMT1___ANP32A,1,3,A,B,0.0000,0.0,0.0,0.0000,0.2236,0.0000,0.0000,0.0,0.0,0.1900,83.1,61.8,0.570,0,0,0,0,,,,,371,249,,,,,PRMT1___ANP32A_unrelaxed_rank_001_alphafold2_multimer_v3_model_3_seed_000.pdb
PRMT1___ANP32A,2,2,A,B,0.0000,0.0,0.0,0.0000,0.2229,0.0000,0.0000,0.0,0.0,0.1700,82.5,61.8,0.550,0,0,0,0,,,,,371,249,,,,,PRMT1___ANP32A_unrelaxed_rank_002_alphafold2_multimer_v3_model_2_seed_000.pdb
PRMT1___ANP32A,3,5,A,B,0.0000,0.0,0.0,0.0000,0.2438,0.0000,0.0000,0.0,0.0,0.1700,83.1,63.5,0.550,0,0,0,0,,,,,371,249,,,,,PRMT1___ANP32A_unrelaxed_rank_003_alphafold2_multimer_v3_model_5_seed_000.pdb
PRMT1___ANP32A,4,1,A,B,0.0000,0.0,0.0,0.0000,0.1247,0.0000,0.0000,0.0,0.0,0.1400,81.8,60.5,0.540,0,0,0,0,,,,,371,249,,,,,PRMT1___ANP32A_unrelaxed_rank_004_alphafold2_multimer_v3_model_1_seed_000.pdb
PRMT1___ANP32A,5,4,A,B,0.0000,0.0,0.0,0.0000,0.1325,0.0000,0.0000,0.0,0.0,0.1400,80.1,61.3,0.540,0,0,0,0,,,,,371,249,,,,,PRMT1___ANP32A_unrelaxed_rank_005_alphafold2_multimer_v3_model_4_seed_000.pdb
PRMT1___DAZAP1,1,3,A,B,0.0987,207.0,20.4,0.0173,0.5964,0.1006,0.0970,1863.0,23.0,0.2300,83.7,39.6,0.480,321,9,17,5,92.9,29.1,83.2,31.2,371,407,[51-371],[399-407],"[53-59,62,65,120,166,236-238,311-313]",[402-406],PRMT1___DAZAP1_unrelaxed_rank_001_alphafold2_multimer_v3_model_3_seed_000.pdb
PRMT1___DAZAP1,2,5,A,B,0.0401,103.9,4.2,0.0117,0.4546,0.0346,0.0465,831.0,13.0,0.2100,83.7,40.8,0.480,294,5,10,3,93.7,33.1,86.4,34.7,371,407,"[55-186,189-206,211,213-220,222-275,278-285,287-325,327,331-332,334-355,362-370]",[402-406],"[56,62,65,165-166,170-171,237,311,313]",[403-405],PRMT1___DAZAP1_unrelaxed_rank_002_alphafold2_multimer_v3_model_5_seed_000.pdb
PRMT1___DAZAP1,3,1,A,B,0.0236,63.8,1.5,0.0000,0.4315,0.0225,0.0247,509.0,8.0,0.2100,83.3,40.1,0.490,224,4,6,4,93.4,31.5,85.3,31.5,371,407,"[59-88,90-109,111-120,122-136,138-153,155-167,169,172-186,190-196,199,201,210-211,215-216,218,220,222-223,225-226,228-230,233,235-244,250,252-253,255-257,259-271,273,279-280,282-283,288,290-295,297-303,306-308,310-313,315,317,319-321,323-324,333,335,338-339,341-342,344,346-352,354,365-367,369]",[402-405],"[61-62,66,165-166,311]",[402-405],PRMT1___DAZAP1_unrelaxed_rank_003_alphafold2_multimer_v3_model_1_seed_000.pdb
PRMT1___DAZAP1,4,4,A,B,0.0195,30.6,0.6,0.0000,0.4148,0.0167,0.0228,187.0,5.0,0.2000,80.2,37.0,0.480,122,3,4,2,92.9,29.5,89.2,31.0,371,407,"[69,71-73,75-77,79-80,87,92,94-95,97-99,101-102,104-106,108-109,111,114,116-118,122-127,129-130,132-133,135,139,141,145-146,149,156,159-160,162-166,174-181,183-185,191,193-200,223,236-238,246,249-257,260,264-271,273,280-281,288-293,299,307-308,310,312,315,331,334-335,338,347,349-352,365,367,369]",[403-405],"[165-166,237,312]",[403-404],PRMT1___DAZAP1_unrelaxed_rank_004_alphafold2_multimer_v3_model_4_seed_000.pdb
PRMT1___DAZAP1,5,2,A,B,0.0184,12.8,0.2,0.0000,0.4110,0.0138,0.0246,165.0,1.0,0.1900,84.4,39.3,0.470,116,4,1,1,95.1,31.1,94.4,30.6,371,407,"[61,68-69,71-75,78-79,87,90,92,94-98,102-103,105,111,114,116-120,122-123,125-133,135,139-141,145-147,156,159-160,164-165,175-179,181,191,219,224-225,227-230,233,236-238,241-244,246,255-257,260,262-269,271,273,280-282,291-293,303,305-308,310-313,320,331,338-340,346,349-352,366-368]",[402-405],[165],[405],PRMT1___DAZAP1_unrelaxed_rank_005_alphafold2_multimer_v3_model_2_seed_000.pdb
PTBP3___EPB41,1,1,A,B,0.0000,0.0,0.0,0.0000,0.2143,0.0000,0.0000,0.0,0.0,0.1900,56.1,47.1,0.360,0,0,0,0,,,,,552,864,,,,,PTBP3___EPB41_unrelaxed_rank_001_alphafold2_multimer_v3_model_1_seed_000.pdb
PTBP3___EPB41,2,4,A,B,0.0000,0.0,0.0,0.0000,0.2149,0.0000,0.0000,0.0,0.0,0.1900,58.9,44.5,0.350,0,0,0,0,,,,,552,864,,,,,PTBP3___EPB41_unrelaxed_rank_002_alphafold2_multimer_v3_model_4_seed_000.pdb
PTBP3___EPB41,3,3,A,B,0.0000,0.0,0.0,0.0000,0.1930,0.0000,0.0000,0.0,0.0,0.1800,59.5,46.6,0.350,0,0,0,0,,,,,552,864,,,,,PTBP3___EPB41_unrelaxed_rank_003_alphafold2_multimer_v3_model_3_seed_000.pdb
PTBP3___EPB41,4,2,A,B,0.0000,0.0,0.0,0.0000,0.1939,0.0000,0.0000,0.0,0.0,0.1800,64.5,47.1,0.350,0,0,0,0,,,,,552,864,,,,,PTBP3___EPB41_unrelaxed_rank_004_alphafold2_multimer_v3_model_2_seed_000.pdb
PTBP3___EPB41,5,5,A,B,0.0000,0.0,0.0,0.0000,0.2778,0.0000,0.0000,0.0,0.0,0.1800,61.8,46.6,0.350,0,0,0,0,,,,,552,864,,,,,PTBP3___EPB41_unrelaxed_rank_005_alphafold2_multimer_v3_model_5_seed_000.pdb
PTBP3___FUBP1,1,3,A,B,0.0000,0.0,0.0,0.0000,0.2218,0.0000,0.0000,0.0,0.0,0.1800,65.2,40.0,0.280,0,0,0,0,,,,,552,644,,,,,PTBP3___FUBP1_unrelaxed_rank_001_alphafold2_multimer_v3_model_3_seed_000.pdb
PTBP3___FUBP1,2,2,A,B,0.0000,0.0,0.0,0.0000,0.1984,0.0000,0.0000,0.0,0.0,0.1700,67.4,43.4,0.280,0,0,0,0,,,,,552,644,,,,,PTBP3___FUBP1_unrelaxed_rank_002_alphafold2_multimer_v3_model_2_seed_000.pdb
PTBP3___FUBP1,3,4,A,B,0.0000,0.0,0.0,0.0000,0.2393,0.0000,0.0000,0.0,0.0,0.1700,65.2,40.7,0.280,0,0,0,0,,,,,552,644,,,,,PTBP3___FUBP1_unrelaxed_rank_003_alphafold2_multimer_v3_model_4_seed_000.pdb
PTBP3___FUBP1,4,1,A,B,0.0000,0.0,0.0,0.0000,0.1584,0.0000,0.0000,0.0,0.0,0.1600,63.4,39.3,0.280,0,0,0,0,,,,,552,644,,,,,PTBP3___FUBP1_unrelaxed_rank_004_alphafold2_multimer_v3_model_1_seed_000.pdb
PTBP3___FUBP1,5,5,A,B,0.0000,0.0,0.0,0.0000,0.1528,0.0000,0.0000,0.0,0.0,0.1500,67.9,42.5,0.280,0,0,0,0,,,,,552,644,,,,,PTBP3___FUBP1_unrelaxed_rank_005_alphafold2_multimer_v3_model_5_seed_000.pdb
PTBP3___MRPL12,1,1,A,B,0.0000,0.0,0.0,0.0000,0.1953,0.0000,0.0000,0.0,0.0,0.1500,67.0,36.8,0.330,0,0,0,0,,,,,552,198,,,,,PTBP3___MRPL12_unrelaxed_rank_001_alphafold2_multimer_v3_model_1_seed_000.pdb
PTBP3___MRPL12,2,3,A,B,0.0000,0.0,0.0,0.0000,0.1835,0.0000,0.0000,0.0,0.0,0.1400,67.6,41.0,0.330,0,0,0,0,,,,,552,198,,,,,PTBP3___MRPL12_unrelaxed_rank_002_alphafold2_multimer_v3_model_3_seed_000.pdb
PTBP3___MRPL12,3,4,A,B,0.0000,0.0,0.0,0.0000,0.2412,0.0000,0.0000,0.0,0.0,0.1300,67.6,42.7,0.330,0,0,0,0,,,,,552,198,,,,,PTBP3___MRPL12_unrelaxed_rank_003_alphafold2_multimer_v3_model_4_seed_000.pdb
PTBP3___MRPL12,4,5,A,B,0.0000,0.0,0.0,0.0000,0.1310,0.0000,0.0000,0.0,0.0,0.1300,69.6,41.4,0.330,0,0,0,0,,,,,552,198,,,,,PTBP3___MRPL12_unrelaxed_rank_004_alphafold2_multimer_v3_model_5_seed_000.pdb
PTBP3___MRPL12,5,2,A,B,0.0000,0.0,0.0,0.0000,0.1260,0.0000,0.0000,0.0,0.0,0.1200,69.8,43.9,0.330,0,0,0,0,,,,,552,198,,,,,PTBP3___MRPL12_unrelaxed_rank_005_alphafold2_multimer_v3_model_2_seed_000.pdb
PTBP3___SRSF11,1,5,A,B,0.4779,355.9,170.1,0.3241,0.9429,0.3792,0.6022,1759.0,72.0,0.2700,68.7,32.1,0.290,106,16,15,9,86.7,42.4,83.5,51.8,552,484,[176-281],[133-148],"[191-192,197,200-201,239,242-249,251]","[137-144,146]",PTBP3___SRSF11_unrelaxed_rank_001_alphafold2_multimer_v3_model_5_seed_000.pdb
PTBP3___SRSF11,2,1,A,B,0.2711,280.6,76.1,0.0975,0.8425,0.2074,0.3544,1193.0,66.0,0.2600,66.1,31.3,0.300,98,13,16,9,82.0,38.2,74.0,42.1,552,484,[178-275],[135-147],"[191-192,194,197,200-201,239,242-249,251]","[137-144,146]",PTBP3___SRSF11_unrelaxed_rank_002_alphafold2_multimer_v3_model_1_seed_000.pdb
PTBP3___SRSF11,3,3,A,B,0.3231,323.6,104.6,0.1087,0.8623,0.2393,0.4362,1496.0,70.0,0.2500,66.5,32.0,0.290,99,18,15,9,83.9,39.6,77.9,47.8,552,484,"[178-275,278]",[131-148],"[191-192,197,200-201,239,242-249,251]","[137-144,146]",PTBP3___SRSF11_unrelaxed_rank_003_alphafold2_multimer_v3_model_3_seed_000.pdb
PTBP3___SRSF11,4,4,A,B,0.2929,272.4,79.8,0.1100,0.8711,0.2319,0.3700,1124.0,66.0,0.2500,66.9,32.4,0.290,99,12,16,8,84.4,43.9,77.6,48.5,552,484,"[178-275,278]",[135-146],"[191-192,194,197,200-201,239,242-249,251]",[137-144],PTBP3___SRSF11_unrelaxed_rank_004_alphafold2_multimer_v3_model_4_seed_000.pdb
PTBP3___SRSF11,5,2,A,B,0.2067,189.7,39.2,0.0201,0.8198,0.1714,0.2493,692.0,52.0,0.2400,69.0,32.6,0.290,96,10,13,7,86.4,42.6,78.1,45.9,552,484,[180-275],[136-145],"[191,197,200-201,239,242-248,251]",[138-144],PTBP3___SRSF11_unrelaxed_rank_005_alphafold2_multimer_v3_model_2_seed_000.pdb
PTBP3___STIP1,1,4,A,B,0.0000,0.0,0.0,0.0000,0.1456,0.0000,0.0000,0.0,0.0,0.1600,60.4,79.5,0.330,0,0,0,0,,,,,552,543,,,,,PTBP3___STIP1_unrelaxed_rank_001_alphafold2_multimer_v3_model_4_seed_000.pdb
PTBP3___STIP1,2,1,A,B,0.0000,0.0,0.0,0.0000,0.1473,0.0000,0.0000,0.0,0.0,0.1600,59.4,80.5,0.330,0,0,0,0,,,,,552,543,,,,,PTBP3___STIP1_unrelaxed_rank_002_alphafold2_multimer_v3_model_1_seed_000.pdb
PTBP3___STIP1,3,2,A,B,0.0000,0.0,0.0,0.0000,0.1497,0.0000,0.0000,0.0,0.0,0.1500,62.8,81.7,0.330,0,0,0,0,,,,,552,543,,,,,PTBP3___STIP1_unrelaxed_rank_003_alphafold2_multimer_v3_model_2_seed_000.pdb
PTBP3___STIP1,4,3,A,B,0.0000,0.0,0.0,0.0000,0.1352,0.0000,0.0000,0.0,0.0,0.1500,60.8,79.5,0.330,0,0,0,0,,,,,552,543,,,,,PTBP3___STIP1_unrelaxed_rank_004_alphafold2_multimer_v3_model_3_seed_000.pdb
PTBP3___STIP1,5,5,A,B,0.0000,0.0,0.0,0.0000,0.1323,0.0000,0.0000,0.0,0.0,0.1400,62.8,81.0,0.330,0,0,0,0,,,,,552,543,,,,,PTBP3___STIP1_unrelaxed_rank_005_alphafold2_multimer_v3_model_5_seed_000.pdb
PTBP3___U2SURP,1,3,A,B,0.0000,0.0,0.0,0.0000,0.2610,0.0000,0.0000,0.0,0.0,0.1900,63.5,46.8,0.280,0,0,0,0,,,,,552,1029,,,,,PTBP3___U2SURP_unrelaxed_rank_001_alphafold2_multimer_v3_model_3_seed_000.pdb
PTBP3___U2SURP,2,1,A,B,0.0000,0.0,0.0,0.0000,0.2026,0.0000,0.0000,0.0,0.0,0.2000,58.7,46.4,0.270,0,0,0,0,,,,,552,1029,,,,,PTBP3___U2SURP_unrelaxed_rank_002_alphafold2_multimer_v3_model_1_seed_000.pdb
PTBP3___U2SURP,3,2,A,B,0.0000,0.0,0.0,0.0000,0.2452,0.0000,0.0000,0.0,0.0,0.1900,65.2,48.7,0.280,0,0,0,0,,,,,552,1029,,,,,PTBP3___U2SURP_unrelaxed_rank_003_alphafold2_multimer_v3_model_2_seed_000.pdb
PTBP3___U2SURP,4,5,A,B,0.0000,0.0,0.0,0.0000,0.2344,0.0000,0.0000,0.0,0.0,0.1800,64.9,47.3,0.270,0,0,0,0,,,,,552,1029,,,,,PTBP3___U2SURP_unrelaxed_rank_004_alphafold2_multimer_v3_model_5_seed_000.pdb
PTBP3___U2SURP,5,4,A,B,0.0000,0.0,0.0,0.0000,0.2000,0.0000,0.0000,0.0,0.0,0.1800,62.0,45.2,0.270,0,0,0,0,,,,,552,1029,,,,,PTBP3___U2SURP_unrelaxed_rank_005_alphafold2_multimer_v3_model_4_seed_000.pdb
RAVER1___RPS12,1,1,A,B,0.0000,0.0,0.0,0.0000,0.2786,0.0124,0.0000,72.0,0.0,0.3200,53.0,69.6,0.470,40,6,0,0,90.8,80.2,,,606,132,"[57,59-63,77,82,95,100-102,105-106,109-110,124-128,133-134,148,151,160-162,178-180,185-192,194]","[18,21-22,49,51,111]",,,RAVER1___RPS12_unrelaxed_rank_001_alphafold2_multimer_v3_model_1_seed_000.pdb
RAVER1___RPS12,2,2,A,B,0.0000,0.0,0.0,0.0000,0.2070,0.0000,0.0000,0.0,0.0,0.2700,52.3,71.0,0.470,0,0,0,0,,,,,606,132,,,,,RAVER1___RPS12_unrelaxed_rank_002_alphafold2_multimer_v3_model_2_seed_000.pdb
RAVER1___RPS12,3,4,A,B,0.0000,0.0,0.0,0.0000,0.1959,0.0000,0.0000,0.0,0.0,0.2500,53.0,62.2,0.470,0,0,0,0,,,,,606,132,,,,,RAVER1___RPS12_unrelaxed_rank_003_alphafold2_multimer_v3_model_4_seed_000.pdb
RAVER1___RPS12,4,5,A,B,0.0000,0.0,0.0,0.0000,0.1717,0.0000,0.0000,0.0,0.0,0.2200,52.1,69.5,0.460,0,0,0,0,,,,,606,132,,,,,RAVER1___RPS12_unrelaxed_rank_004_alphafold2_multimer_v3_model_5_seed_000.pdb
RAVER1___RPS12,5,3,A,B,0.0000,0.0,0.0,0.0000,0.1534,0.0000,0.0000,0.0,0.0,0.2100,52.5,73.4,0.450,0,0,0,0,,,,,606,132,,,,,RAVER1___RPS12_unrelaxed_rank_005_alphafold2_multimer_v3_model_3_seed_000.pdb
RBM4___AGAP3,1,3,A,B,0.0000,0.0,0.0,0.0000,0.3169,0.0000,0.0000,0.0,0.0,0.1800,39.6,58.7,0.300,0,0,0,0,,,,,364,875,,,,,RBM4___AGAP3_unrelaxed_rank_001_alphafold2_multimer_v3_model_3_seed_000.pdb
RBM4___AGAP3,2,1,A,B,0.0000,0.0,0.0,0.0000,0.2363,0.0000,0.0000,0.0,0.0,0.1800,38.1,56.8,0.300,0,0,0,0,,,,,364,875,,,,,RBM4___AGAP3_unrelaxed_rank_002_alphafold2_multimer_v3_model_1_seed_000.pdb
RBM4___AGAP3,3,2,A,B,0.0000,0.0,0.0,0.0000,0.2942,0.0000,0.0000,0.0,0.0,0.1800,39.2,59.9,0.310,0,0,0,0,,,,,364,875,,,,,RBM4___AGAP3_unrelaxed_rank_003_alphafold2_multimer_v3_model_2_seed_000.pdb
RBM4___AGAP3,4,4,A,B,0.0000,0.0,0.0,0.0000,0.2738,0.0000,0.0000,0.0,0.0,0.1800,37.5,57.5,0.300,0,0,0,0,,,,,364,875,,,,,RBM4___AGAP3_unrelaxed_rank_004_alphafold2_multimer_v3_model_4_seed_000.pdb
RBM4___AGAP3,5,5,A,B,0.0000,0.0,0.0,0.0000,0.2499,0.0000,0.0000,0.0,0.0,0.1700,40.2,59.6,0.300,0,0,0,0,,,,,364,875,,,,,RBM4___AGAP3_unrelaxed_rank_005_alphafold2_multimer_v3_model_5_seed_000.pdb
RBM4___RPS12,1,3,A,B,0.0000,0.0,0.0,0.0000,0.1992,0.0000,0.0000,0.0,0.0,0.2200,45.1,75.4,0.320,0,0,0,0,,,,,364,132,,,,,RBM4___RPS12_unrelaxed_rank_001_alphafold2_multimer_v3_model_3_seed_000.pdb
RBM4___RPS12,2,2,A,B,0.0000,0.0,0.0,0.0000,0.2111,0.0000,0.0000,0.0,0.0,0.1900,48.7,78.9,0.310,0,0,0,0,,,,,364,132,,,,,RBM4___RPS12_unrelaxed_rank_002_alphafold2_multimer_v3_model_2_seed_000.pdb
RBM4___RPS12,3,4,A,B,0.0000,0.0,0.0,0.0000,0.1429,0.0000,0.0000,0.0,0.0,0.1800,46.8,76.0,0.310,0,0,0,0,,,,,364,132,,,,,RBM4___RPS12_unrelaxed_rank_003_alphafold2_multimer_v3_model_4_seed_000.pdb
RBM4___RPS12,4,1,A,B,0.0000,0.0,0.0,0.0000,0.0955,0.0000,0.0000,0.0,0.0,0.1700,48.8,81.5,0.320,0,0,0,0,,,,,364,132,,,,,RBM4___RPS12_unrelaxed_rank_004_alphafold2_multimer_v3_model_1_seed_000.pdb
RBM4___RPS12,5,5,A,B,0.0000,0.0,0.0,0.0000,0.1330,0.0000,0.0000,0.0,0.0,0.1800,47.5,74.8,0.300,0,0,0,0,,,,,364,132,,,,,RBM4___RPS12_unrelaxed_rank_005_alphafold2_multimer_v3_model_5_seed_000.pdb
RBM4___SLC3A2,1,2,A,B,0.0000,0.0,0.0,0.0000,0.1605,0.0000,0.0000,0.0,0.0,0.1800,40.6,70.4,0.500,0,0,0,0,,,,,364,630,,,,,RBM4___SLC3A2_unrelaxed_rank_001_alphafold2_multimer_v3_model_2_seed_000.pdb
RBM4___SLC3A2,2,4,A,B,0.0000,0.0,0.0,0.0000,0.1922,0.0000,0.0000,0.0,0.0,0.1700,38.4,69.4,0.500,0,0,0,0,,,,,364,630,,,,,RBM4___SLC3A2_unrelaxed_rank_002_alphafold2_multimer_v3_model_4_seed_000.pdb
RBM4___SLC3A2,3,1,A,B,0.0000,0.0,0.0,0.0000,0.1333,0.0000,0.0000,0.0,0.0,0.1500,40.9,70.3,0.490,0,0,0,0,,,,,364,630,,,,,RBM4___SLC3A2_unrelaxed_rank_003_alphafold2_multimer_v3_model_1_seed_000.pdb
RBM4___SLC3A2,4,3,A,B,0.0000,0.0,0.0,0.0000,0.1395,0.0000,0.0000,0.0,0.0,0.1500,39.2,69.3,0.490,0,0,0,0,,,,,364,630,,,,,RBM4___SLC3A2_unrelaxed_rank_004_alphafold2_multimer_v3_model_3_seed_000.pdb
RBM4___SLC3A2,5,5,A,B,0.0000,0.0,0.0,0.0000,0.1208,0.0000,0.0000,0.0,0.0,0.1500,39.8,69.4,0.490,0,0,0,0,,,,,364,630,,,,,RBM4___SLC3A2_unrelaxed_rank_005_alphafold2_multimer_v3_model_5_seed_000.pdb
RPS12___DHX15,1,2,A,B,0.0000,0.0,0.0,0.0000,0.1496,0.0000,0.0000,0.0,0.0,0.1900,72.0,79.8,0.660,0,0,0,0,,,,,132,795,,,,,RPS12___DHX15_unrelaxed_rank_001_alphafold2_multimer_v3_model_2_seed_000.pdb
RPS12___DHX15,2,1,A,B,0.0000,0.0,0.0,0.0000,0.1332,0.0000,0.0000,0.0,0.0,0.1500,67.0,79.1,0.650,0,0,0,0,,,,,132,795,,,,,RPS12___DHX15_unrelaxed_rank_002_alphafold2_multimer_v3_model_1_seed_000.pdb
RPS12___DHX15,3,5,A,B,0.0000,0.0,0.0,0.0000,0.1343,0.0000,0.0000,0.0,0.0,0.1400,70.9,79.6,0.680,0,0,0,0,,,,,132,795,,,,,RPS12___DHX15_unrelaxed_rank_003_alphafold2_multimer_v3_model_5_seed_000.pdb
RPS12___DHX15,4,4,A,B,0.0000,0.0,0.0,0.0000,0.1336,0.0000,0.0000,0.0,0.0,0.1400,68.2,79.0,0.670,0,0,0,0,,,,,132,795,,,,,RPS12___DHX15_unrelaxed_rank_004_alphafold2_multimer_v3_model_4_seed_000.pdb
RPS12___DHX15,5,3,A,B,0.0000,0.0,0.0,0.0000,0.1201,0.0000,0.0000,0.0,0.0,0.1400,70.0,79.7,0.680,0,0,0,0,,,,,132,795,,,,,RPS12___DHX15_unrelaxed_rank_005_alphafold2_multimer_v3_model_3_seed_000.pdb
RPS12___PCCA,1,3,A,B,0.0000,0.0,0.0,0.0000,0.1822,0.0000,0.0000,0.0,0.0,0.2600,68.3,83.7,0.730,0,0,0,0,,,,,132,728,,,,,RPS12___PCCA_unrelaxed_rank_001_alphafold2_multimer_v3_model_3_seed_000.pdb
RPS12___PCCA,2,4,A,B,0.0000,0.0,0.0,0.0000,0.1741,0.0000,0.0000,0.0,0.0,0.2400,56.0,82.0,0.710,0,0,0,0,,,,,132,728,,,,,RPS12___PCCA_unrelaxed_rank_002_alphafold2_multimer_v3_model_4_seed_000.pdb
RPS12___PCCA,3,5,A,B,0.0000,0.0,0.0,0.0000,0.1673,0.0000,0.0000,0.0,0.0,0.2300,63.3,83.5,0.720,0,0,0,0,,,,,132,728,,,,,RPS12___PCCA_unrelaxed_rank_003_alphafold2_multimer_v3_model_5_seed_000.pdb
RPS12___PCCA,4,2,A,B,0.0000,0.0,0.0,0.0000,0.1436,0.0000,0.0000,0.0,0.0,0.2100,67.7,84.4,0.720,0,0,0,0,,,,,132,728,,,,,RPS12___PCCA_unrelaxed_rank_004_alphafold2_multimer_v3_model_2_seed_000.pdb
RPS12___PCCA,5,1,A,B,0.0000,0.0,0.0,0.0000,0.1709,0.0000,0.0000,0.0,0.0,0.2100,63.1,83.8,0.720,0,0,0,0,,,,,132,728,,,,,RPS12___PCCA_unrelaxed_rank_005_alphafold2_multimer_v3_model_1_seed_000.pdb
SAFB___AGAP3,1,1,A,B,0.0000,0.0,0.0,0.0000,0.3336,0.0000,0.0000,0.0,0.0,0.2000,27.3,58.4,0.280,0,0,0,0,,,,,915,875,,,,,SAFB___AGAP3_unrelaxed_rank_001_alphafold2_multimer_v3_model_1_seed_000.pdb
SAFB___AGAP3,2,3,A,B,0.0000,0.0,0.0,0.0000,0.2488,0.0000,0.0000,0.0,0.0,0.1900,28.1,61.6,0.280,0,0,0,0,,,,,915,875,,,,,SAFB___AGAP3_unrelaxed_rank_002_alphafold2_multimer_v3_model_3_seed_000.pdb
SAFB___AGAP3,3,4,A,B,0.0000,0.0,0.0,0.0000,0.2410,0.0000,0.0000,0.0,0.0,0.1900,26.4,59.6,0.270,0,0,0,0,,,,,915,875,,,,,SAFB___AGAP3_unrelaxed_rank_003_alphafold2_multimer_v3_model_4_seed_000.pdb
SAFB___AGAP3,4,5,A,B,0.0000,0.0,0.0,0.0000,0.1958,0.0000,0.0000,0.0,0.0,0.1900,28.7,61.7,0.280,0,0,0,0,,,,,915,875,,,,,SAFB___AGAP3_unrelaxed_rank_004_alphafold2_multimer_v3_model_5_seed_000.pdb
SAFB___AGAP3,5,2,A,B,0.0000,0.0,0.0,0.0000,0.1932,0.0000,0.0000,0.0,0.0,0.1900,30.0,63.3,0.280,0,0,0,0,,,,,915,875,,,,,SAFB___AGAP3_unrelaxed_rank_005_alphafold2_multimer_v3_model_2_seed_000.pdb
SAFB___CDC37,1,5,A,B,0.2710,438.2,118.7,0.1096,0.8308,0.2071,0.3545,1920.0,100.0,0.2500,31.3,71.1,0.260,81,19,21,15,80.6,53.9,75.6,55.2,915,378,[404-484],[1-19],"[415,417-420,422-423,432,434-444,449,451]","[2,4,6-18]",SAFB___CDC37_unrelaxed_rank_001_alphafold2_multimer_v3_model_5_seed_000.pdb
SAFB___CDC37,2,2,A,B,0.3538,464.9,164.5,0.1669,0.9107,0.2677,0.4675,2058.0,105.0,0.2300,31.3,72.9,0.260,81,19,22,15,78.0,56.4,75.8,57.9,915,378,[404-484],[1-19],"[409,411,417-420,422-423,432,434-442,444,447,449,482]","[1-2,4,7-18]",SAFB___CDC37_unrelaxed_rank_002_alphafold2_multimer_v3_model_2_seed_000.pdb
SAFB___CDC37,3,4,A,B,0.2219,317.7,70.5,0.0240,0.7908,0.1638,0.3005,1216.0,83.0,0.2200,29.5,69.7,0.250,80,16,19,12,76.7,50.9,74.0,52.6,915,378,[404-483],[2-17],"[418-420,422-423,432-442,449,451,482]","[2,4,6-15]",SAFB___CDC37_unrelaxed_rank_003_alphafold2_multimer_v3_model_4_seed_000.pdb
SAFB___CDC37,4,3,A,B,0.0883,71.3,6.3,0.0138,0.6090,0.0786,0.0992,127.0,40.0,0.2000,30.5,69.7,0.270,41,10,15,10,76.1,48.2,71.2,48.2,915,378,"[409,414-424,426-429,431-432,434-444,449-453,460-461,463,467,470,477,479]","[6-7,9-16]","[417-420,422,432,434-439,441,443-444]","[6-7,9-16]",SAFB___CDC37_unrelaxed_rank_004_alphafold2_multimer_v3_model_3_seed_000.pdb
SAFB___CDC37,5,1,A,B,0.0000,0.0,0.0,0.0000,0.2104,0.0000,0.0000,0.0,0.0,0.1700,30.8,72.2,0.260,0,0,0,0,,,,,915,378,,,,,SAFB___CDC37_unrelaxed_rank_005_alphafold2_multimer_v3_model_1_seed_000.pdb
SAFB___CDC5L,1,1,A,B,0.2067,249.1,51.5,0.0153,0.7888,0.1359,0.3141,1723.0,36.0,0.2600,31.0,55.4,0.260,43,52,8,8,77.3,83.4,78.6,79.2,915,802,"[648,650-691]","[688-738,741]","[662,665-666,669-670,672-673,676]","[706,710,713-714,716-717,720-721]",SAFB___CDC5L_unrelaxed_rank_001_alphafold2_multimer_v3_model_1_seed_000.pdb
SAFB___CDC5L,2,5,A,B,0.0000,0.0,0.0,0.0000,0.4593,0.0000,0.0000,0.0,0.0,0.2300,30.1,55.1,0.260,0,0,0,0,,,,,915,802,,,,,SAFB___CDC5L_unrelaxed_rank_002_alphafold2_multimer_v3_model_5_seed_000.pdb
SAFB___CDC5L,3,2,A,B,0.0000,0.0,0.0,0.0000,0.1683,0.0000,0.0000,0.0,0.0,0.1700,31.4,53.3,0.240,0,0,0,0,,,,,915,802,,,,,SAFB___CDC5L_unrelaxed_rank_003_alphafold2_multimer_v3_model_2_seed_000.pdb
SAFB___CDC5L,4,3,A,B,0.0000,0.0,0.0,0.0000,0.1696,0.0000,0.0000,0.0,0.0,0.1600,28.0,58.1,0.250,0,0,0,0,,,,,915,802,,,,,SAFB___CDC5L_unrelaxed_rank_004_alphafold2_multimer_v3_model_3_seed_000.pdb
SAFB___CDC5L,5,4,A,B,0.0000,0.0,0.0,0.0000,0.1871,0.0000,0.0000,0.0,0.0,0.1600,27.7,53.5,0.240,0,0,0,0,,,,,915,802,,,,,SAFB___CDC5L_unrelaxed_rank_005_alphafold2_multimer_v3_model_4_seed_000.pdb
SAR1A___SUPT5H,1,2,A,B,0.0925,208.7,19.3,0.0132,0.6099,0.0671,0.1276,1245.0,35.0,0.5600,69.0,52.2,0.280,90,77,10,9,81.1,84.0,72.0,67.4,198,1087,"[19,28-48,64,70-73,95-102,104-105,107,109-118,128-136,142,144,146-151,172-196]","[983-989,1000-1005,1012-1015,1022-1025,1027-1045,1048-1084]","[35-40,42-44,47]","[1056-1060,1064,1066,1073,1075]",SAR1A___SUPT5H_unrelaxed_rank_001_alphafold2_multimer_v3_model_2_seed_000.pdb
SAR1A___SUPT5H,2,1,A,B,0.0000,0.0,0.0,0.0000,0.2781,0.0000,0.0000,0.0,0.0,0.2800,64.6,51.9,0.270,0,0,0,0,,,,,198,1087,,,,,SAR1A___SUPT5H_unrelaxed_rank_002_alphafold2_multimer_v3_model_1_seed_000.pdb
SAR1A___SUPT5H,3,4,A,B,0.0000,0.0,0.0,0.0000,0.2171,0.0000,0.0000,0.0,0.0,0.2500,67.0,49.2,0.260,0,0,0,0,,,,,198,1087,,,,,SAR1A___SUPT5H_unrelaxed_rank_003_alphafold2_multimer_v3_model_4_seed_000.pdb
SAR1A___SUPT5H,4,3,A,B,0.0000,0.0,0.0,0.0000,0.1970,0.0000,0.0000,0.0,0.0,0.2300,61.2,51.1,0.250,0,0,0,0,,,,,198,1087,,,,,SAR1A___SUPT5H_unrelaxed_rank_004_alphafold2_multimer_v3_model_3_seed_000.pdb
SAR1A___SUPT5H,5,5,A,B,0.0000,0.0,0.0,0.0000,0.1481,0.0000,0.0000,0.0,0.0,0.1800,64.5,52.6,0.250,0,0,0,0,,,,,198,1087,,,,,SAR1A___SUPT5H_unrelaxed_rank_005_alphafold2_multimer_v3_model_5_seed_000.pdb
SAR1A___TXN,1,2,A,B,0.1226,454.6,55.7,0.0132,0.3472,0.1049,0.1432,2649.0,78.0,0.2900,77.4,88.6,0.640,118,102,19,14,87.3,88.6,77.8,70.7,198,105,"[16,20-22,24,27-46,69-71,94-121,124,126-154,156-160,171-197]","[2-18,20-104]","[102,136-139,141-145,176-179,182,184-185,187-188]","[29,31-36,59,72-74,90-92]",SAR1A___TXN_unrelaxed_rank_001_alphafold2_multimer_v3_model_2_seed_000.pdb
SAR1A___TXN,2,4,A,B,0.0114,32.7,0.4,0.0124,0.2154,0.0290,0.0044,357.0,3.0,0.1800,75.3,84.6,0.620,15,82,2,2,89.2,83.3,77.9,57.9,198,105,"[30-31,96-99,130-133,176-178,185-186]","[3-4,11,13-16,21-47,52-72,74-81,84-90,92-103]","[177,185]","[31,74]",SAR1A___TXN_unrelaxed_rank_002_alphafold2_multimer_v3_model_4_seed_000.pdb
SAR1A___TXN,3,1,A,B,0.0264,61.3,1.6,0.0137,0.2010,0.0364,0.0191,627.0,6.0,0.1900,74.1,84.1,0.600,18,91,1,6,90.0,83.3,81.5,58.1,198,105,"[30-32,96-100,129-134,176-178,189]","[3-5,7-16,21-49,52-81,84-90,92-103]",[177],"[29,31-33,35,74]",SAR1A___TXN_unrelaxed_rank_003_alphafold2_multimer_v3_model_1_seed_000.pdb
SAR1A___TXN,4,3,A,B,0.0000,0.0,0.0,0.0000,0.1711,0.0180,0.0000,139.0,0.0,0.1700,73.5,85.1,0.590,8,52,0,0,93.2,85.5,,,198,105,"[30,96-99,130-132]","[22-25,27-29,35-44,53-59,61-71,76-80,87-89,94-102]",,,SAR1A___TXN_unrelaxed_rank_004_alphafold2_multimer_v3_model_3_seed_000.pdb
SAR1A___TXN,5,5,A,B,0.0172,22.4,0.4,0.0122,0.1779,0.0420,0.0071,504.0,1.0,0.1800,62.8,84.5,0.540,14,92,1,1,84.7,83.5,81.2,61.3,198,105,"[30-31,96-100,130-134,176-177]","[3-5,7-16,21-49,52-81,84-103]",[177],[74],SAR1A___TXN_unrelaxed_rank_005_alphafold2_multimer_v3_model_5_seed_000.pdb
SET___PPP1R10,1,3,A,B,0.0511,72.2,3.7,0.0130,0.5349,0.0407,0.0642,435.0,12.0,0.2500,62.7,31.8,0.280,121,10,8,4,87.2,35.4,77.5,37.5,290,940,"[41-91,94-101,104-106,113-114,116-117,120-128,135-142,146-147,149-157,166-169,171-173,204-207,216-217,219-220,222-233]","[910-917,927,929]","[63,66-67,70,135,219,222-223]",[912-915],SET___PPP1R10_unrelaxed_rank_001_alphafold2_multimer_v3_model_3_seed_000.pdb
SET___PPP1R10,2,2,A,B,0.0339,54.0,1.8,0.0130,0.5519,0.0270,0.0426,486.0,6.0,0.2300,64.7,31.5,0.290,133,11,4,4,89.3,48.0,69.0,47.8,290,940,"[44-91,93-102,105-106,109,113-128,135-142,144,146-147,149-159,161,164-173,178,202-208,216-217,219-230,232]","[911-916,921,927,929-931]","[59,63,66,70]","[912-914,927]",SET___PPP1R10_unrelaxed_rank_002_alphafold2_multimer_v3_model_2_seed_000.pdb
SET___PPP1R10,3,5,A,B,0.0000,0.0,0.0,0.0000,0.4205,0.0208,0.0000,40.0,0.0,0.2100,63.8,32.1,0.280,19,6,0,0,89.3,38.9,,,290,940,"[44-45,47-51,53-55,57,100,138,140,149,153,171,173,203]","[912-914,921,927,929]",,,SET___PPP1R10_unrelaxed_rank_003_alphafold2_multimer_v3_model_5_seed_000.pdb
SET___PPP1R10,4,4,A,B,0.0000,0.0,0.0,0.0000,0.2822,0.0000,0.0000,0.0,0.0,0.2100,62.3,31.9,0.270,0,0,0,0,,,,,290,940,,,,,SET___PPP1R10_unrelaxed_rank_004_alphafold2_multimer_v3_model_4_seed_000.pdb
SET___PPP1R10,5,1,A,B,0.0000,0.0,0.0,0.0000,0.2889,0.0000,0.0000,0.0,0.0,0.2000,63.5,31.2,0.280,0,0,0,0,,,,,290,940,,,,,SET___PPP1R10_unrelaxed_rank_005_alphafold2_multimer_v3_model_1_seed_000.pdb
SET___PSPC1,1,4,A,B,0.0000,0.0,0.0,0.0000,0.1227,0.0000,0.0000,0.0,0.0,0.1200,60.9,57.4,0.350,0,0,0,0,,,,,290,523,,,,,SET___PSPC1_unrelaxed_rank_001_alphafold2_multimer_v3_model_4_seed_000.pdb
SET___PSPC1,2,1,A,B,0.0000,0.0,0.0,0.0000,0.1528,0.0000,0.0000,0.0,0.0,0.1200,63.3,59.8,0.360,0,0,0,0,,,,,290,523,,,,,SET___PSPC1_unrelaxed_rank_002_alphafold2_multimer_v3_model_1_seed_000.pdb
SET___PSPC1,3,3,A,B,0.0000,0.0,0.0,0.0000,0.1147,0.0000,0.0000,0.0,0.0,0.1200,61.2,58.5,0.360,0,0,0,0,,,,,290,523,,,,,SET___PSPC1_unrelaxed_rank_003_alphafold2_multimer_v3_model_3_seed_000.pdb
SET___PSPC1,4,5,A,B,0.0000,0.0,0.0,0.0000,0.0935,0.0000,0.0000,0.0,0.0,0.1000,63.4,58.7,0.360,0,0,0,0,,,,,290,523,,,,,SET___PSPC1_unrelaxed_rank_004_alphafold2_multimer_v3_model_5_seed_000.pdb
SET___PSPC1,5,2,A,B,0.0000,0.0,0.0,0.0000,0.0000,0.0000,0.0000,0.0,0.0,0.1100,63.8,57.2,0.340,0,0,0,0,,,,,290,523,,,,,SET___PSPC1_unrelaxed_rank_005_alphafold2_multimer_v3_model_2_seed_000.pdb
SF1___CHERP,1,5,A,B,0.6335,352.1,223.1,0.4727,0.9821,0.5187,0.7738,2755.0,45.0,0.2200,40.0,48.7,0.290,26,73,9,13,61.4,79.2,72.5,87.0,639,916,[300-325],[1-73],"[301,309,312-313,315-316,319-320,322]","[14-15,18-19,22,25-26,29-30,33-34,37,43]",SF1___CHERP_unrelaxed_rank_001_alphafold2_multimer_v3_model_5_seed_000.pdb
SF1___CHERP,2,1,A,B,0.6384,341.3,217.9,0.4473,0.9795,0.5068,0.8042,2774.0,42.0,0.2100,38.2,48.1,0.290,27,73,6,13,61.7,78.8,80.2,84.9,639,916,[299-325],[1-73],"[309,312-313,316,319-320]","[14-15,18-19,22,25-26,29-30,33-34,37,43]",SF1___CHERP_unrelaxed_rank_002_alphafold2_multimer_v3_model_1_seed_000.pdb
SF1___CHERP,3,2,A,B,0.6518,384.6,250.7,0.4845,0.9841,0.5370,0.7912,2844.0,52.0,0.2100,40.5,49.3,0.300,27,73,10,13,64.1,80.2,77.0,86.6,639,916,[299-325],[1-73],"[301,308-310,312-313,315-316,319-320]","[14-15,18-19,22,25-26,29-30,33-34,37,43]",SF1___CHERP_unrelaxed_rank_003_alphafold2_multimer_v3_model_2_seed_000.pdb
SF1___CHERP,4,3,A,B,0.5653,369.4,208.8,0.3727,0.9712,0.4756,0.6718,2676.0,51.0,0.2100,39.9,47.9,0.290,28,83,9,16,60.5,75.2,72.7,79.4,639,916,"[274-275,300-325]","[1-72,685-694,696]","[274,309,312-313,315-316,319-320,322]","[14-15,18-19,22,26,29-30,33-34,37,41,43,690-691,694]",SF1___CHERP_unrelaxed_rank_004_alphafold2_multimer_v3_model_3_seed_000.pdb
SF1___CHERP,5,4,A,B,0.5852,348.9,204.2,0.3495,0.9693,0.4649,0.7367,2484.0,49.0,0.2100,37.6,48.4,0.290,26,72,8,14,60.6,75.4,74.1,82.0,639,916,[300-325],[1-72],"[309,312-313,315-316,319-320,322]","[14-15,18-19,22,25-26,29-30,33-34,37,41,43]",SF1___CHERP_unrelaxed_rank_005_alphafold2_multimer_v3_model_4_seed_000.pdb
SF1___RB1,1,1,A,B,0.1774,487.8,86.6,0.0846,0.8664,0.1607,0.1960,5288.0,45.0,0.4700,32.8,68.3,0.520,20,528,12,15,45.3,89.8,48.9,70.6,639,928,"[254-269,315-317,319]","[57,60-61,63-64,69-78,80,97-110,115-138,141-173,189-207,211-230,234-236,239-240,273-301,316-327,332-337,339-343,374-390,392-470,472-501,511-578,596-607,644-744,748-772,777-789]","[254,256,260-267,316-317]","[533,536-537,598-599,656,660,709,732,753,785-789]",SF1___RB1_unrelaxed_rank_001_alphafold2_multimer_v3_model_1_seed_000.pdb
SF1___RB1,2,3,A,B,0.1646,430.0,70.8,0.0191,0.7634,0.1205,0.2247,4998.0,37.0,0.3400,33.2,68.0,0.510,16,483,9,10,49.4,92.6,50.3,87.7,639,928,[308-323],"[56-64,66-82,95-172,190-206,211-227,276-278,280,286-300,317-328,331-337,339-343,375-387,396,399-405,407,409-436,438-465,467,473-498,513-539,542-576,603,605-606,645-773,779-780,782]","[309,312-313,316-317,319-322]","[713,720-722,725,751,753-754,756-757]",SF1___RB1_unrelaxed_rank_002_alphafold2_multimer_v3_model_3_seed_000.pdb
SF1___RB1,3,4,A,B,0.0000,0.0,0.0,0.0000,0.5071,0.0126,0.0000,14.0,0.0,0.2500,30.9,67.8,0.510,3,13,0,0,46.8,89.3,,,639,928,"[315-316,318]","[663-664,680,699,701,710,712,714,720,722,725,754,759]",,,SF1___RB1_unrelaxed_rank_003_alphafold2_multimer_v3_model_4_seed_000.pdb
SF1___RB1,4,2,A,B,0.0000,0.0,0.0,0.0000,0.4381,0.0000,0.0000,0.0,0.0,0.2300,31.8,68.8,0.510,0,0,0,0,,,,,639,928,,,,,SF1___RB1_unrelaxed_rank_004_alphafold2_multimer_v3_model_2_seed_000.pdb
SF1___RB1,5,5,A,B,0.0000,0.0,0.0,0.0000,0.3642,0.0000,0.0000,0.0,0.0,0.2200,31.4,68.4,0.510,0,0,0,0,,,,,639,928,,,,,SF1___RB1_unrelaxed_rank_005_alphafold2_multimer_v3_model_5_seed_000.pdb
SF3A3___CDC5L,1,3,A,B,0.0000,0.0,0.0,0.0000,0.2092,0.0000,0.0000,0.0,0.0,0.1800,74.6,56.4,0.330,0,0,0,0,,,,,501,802,,,,,SF3A3___CDC5L_unrelaxed_rank_001_alphafold2_multimer_v3_model_3_seed_000.pdb
SF3A3___CDC5L,2,5,A,B,0.0000,0.0,0.0,0.0000,0.1745,0.0000,0.0000,0.0,0.0,0.1700,73.6,54.8,0.320,0,0,0,0,,,,,501,802,,,,,SF3A3___CDC5L_unrelaxed_rank_002_alphafold2_multimer_v3_model_5_seed_000.pdb
SF3A3___CDC5L,3,2,A,B,0.0000,0.0,0.0,0.0000,0.2342,0.0000,0.0000,0.0,0.0,0.1600,74.0,52.7,0.320,0,0,0,0,,,,,501,802,,,,,SF3A3___CDC5L_unrelaxed_rank_003_alphafold2_multimer_v3_model_2_seed_000.pdb
SF3A3___CDC5L,4,1,A,B,0.0000,0.0,0.0,0.0000,0.1818,0.0000,0.0000,0.0,0.0,0.1600,73.6,55.8,0.320,0,0,0,0,,,,,501,802,,,,,SF3A3___CDC5L_unrelaxed_rank_004_alphafold2_multimer_v3_model_1_seed_000.pdb
SF3A3___CDC5L,5,4,A,B,0.0000,0.0,0.0,0.0000,0.1597,0.0000,0.0000,0.0,0.0,0.1400,71.1,50.4,0.310,0,0,0,0,,,,,501,802,,,,,SF3A3___CDC5L_unrelaxed_rank_005_alphafold2_multimer_v3_model_4_seed_000.pdb
SF3A3___RBM33,1,4,A,B,0.3090,975.0,301.3,0.1789,0.9143,0.1948,0.4902,19014.0,50.0,0.4500,74.0,21.8,0.330,229,76,13,12,87.1,85.6,80.6,80.7,501,1170,"[1-30,32-150,160-165,170-171,180-221,318-347]",[1095-1170],"[1-4,7,56,65,67,90-91,94,98,101]","[1104,1106-1108,1154-1155,1157,1159-1162,1164]",SF3A3___RBM33_unrelaxed_rank_001_alphafold2_multimer_v3_model_4_seed_000.pdb
SF3A3___RBM33,2,1,A,B,0.2895,338.4,98.0,0.1186,0.8317,0.2103,0.3986,2936.0,39.0,0.4400,77.1,23.2,0.310,246,14,12,6,88.2,52.6,85.4,63.4,501,1170,"[1-76,80-151,159-173,175,177-178,180-223,225-226,316-349]",[866-879],"[14,42,45-46,49,104,106,109-110,112-113,116]","[869-871,873-875]",SF3A3___RBM33_unrelaxed_rank_002_alphafold2_multimer_v3_model_1_seed_000.pdb
SF3A3___RBM33,3,3,A,B,0.1033,210.9,21.8,0.0145,0.6652,0.0906,0.1176,1588.0,28.0,0.3700,76.1,23.9,0.310,217,12,13,6,88.6,47.5,85.4,52.6,501,1170,"[4-63,67-75,81-100,102-150,159-165,180-221,318-347]",[868-879],"[14,42,45-46,49,104,106,109-110,112-113,116,124]","[869-871,873-875]",SF3A3___RBM33_unrelaxed_rank_003_alphafold2_multimer_v3_model_3_seed_000.pdb
SF3A3___RBM33,4,5,A,B,0.0000,0.0,0.0,0.0000,0.4692,0.0004,0.0000,1.0,0.0,0.3100,77.4,23.0,0.310,1,1,0,0,93.6,46.8,,,501,1170,[13],[873],,,SF3A3___RBM33_unrelaxed_rank_004_alphafold2_multimer_v3_model_5_seed_000.pdb
SF3A3___RBM33,5,2,A,B,0.0000,0.0,0.0,0.0000,0.0000,0.0000,0.0000,0.0,0.0,0.1800,79.5,23.5,0.310,0,0,0,0,,,,,501,1170,,,,,SF3A3___RBM33_unrelaxed_rank_005_alphafold2_multimer_v3_model_2_seed_000.pdb
SFPQ___DDX17,1,4,A,B,0.0000,0.0,0.0,0.0000,0.3674,0.0132,0.0000,9.0,0.0,0.2500,44.5,60.1,0.360,1,9,0,0,40.0,93.1,,,707,729,[3],"[180,199,225,249,263,266,279,317,339]",,,SFPQ___DDX17_unrelaxed_rank_001_alphafold2_multimer_v3_model_4_seed_000.pdb
SFPQ___DDX17,2,1,A,B,0.0000,0.0,0.0,0.0000,0.3950,0.0000,0.0000,0.0,0.0,0.2500,45.1,59.6,0.370,0,0,0,0,,,,,707,729,,,,,SFPQ___DDX17_unrelaxed_rank_002_alphafold2_multimer_v3_model_1_seed_000.pdb
SFPQ___DDX17,3,5,A,B,0.0000,0.0,0.0,0.0000,0.4189,0.0180,0.0000,20.0,0.0,0.2500,46.4,59.8,0.340,2,17,0,0,38.3,95.8,,,707,729,[706-707],"[195,210,212,249-251,263,276,279,300,304,323-324,339,342,354-355]",,,SFPQ___DDX17_unrelaxed_rank_003_alphafold2_multimer_v3_model_5_seed_000.pdb
SFPQ___DDX17,4,3,A,B,0.0000,0.0,0.0,0.0000,0.3444,0.0000,0.0000,0.0,0.0,0.2400,45.9,60.4,0.380,0,0,0,0,,,,,707,729,,,,,SFPQ___DDX17_unrelaxed_rank_004_alphafold2_multimer_v3_model_3_seed_000.pdb
SFPQ___DDX17,5,2,A,B,0.0000,0.0,0.0,0.0000,0.2103,0.0000,0.0000,0.0,0.0,0.1700,45.8,60.9,0.350,0,0,0,0,,,,,707,729,,,,,SFPQ___DDX17_unrelaxed_rank_005_alphafold2_multimer_v3_model_2_seed_000.pdb
SFPQ___DNAJA1,1,5,A,B,0.0000,0.0,0.0,0.0000,0.3139,0.0000,0.0000,0.0,0.0,0.2700,48.0,73.1,0.350,0,0,0,0,,,,,707,397,,,,,SFPQ___DNAJA1_unrelaxed_rank_001_alphafold2_multimer_v3_model_5_seed_000.pdb
SFPQ___DNAJA1,2,1,A,B,0.0000,0.0,0.0,0.0000,0.1788,0.0000,0.0000,0.0,0.0,0.1800,48.4,73.5,0.330,0,0,0,0,,,,,707,397,,,,,SFPQ___DNAJA1_unrelaxed_rank_002_alphafold2_multimer_v3_model_1_seed_000.pdb
SFPQ___DNAJA1,3,2,A,B,0.0000,0.0,0.0,0.0000,0.2298,0.0000,0.0000,0.0,0.0,0.1500,47.2,74.0,0.320,0,0,0,0,,,,,707,397,,,,,SFPQ___DNAJA1_unrelaxed_rank_003_alphafold2_multimer_v3_model_2_seed_000.pdb
SFPQ___DNAJA1,4,3,A,B,0.0000,0.0,0.0,0.0000,0.1492,0.0000,0.0000,0.0,0.0,0.1500,47.7,71.4,0.320,0,0,0,0,,,,,707,397,,,,,SFPQ___DNAJA1_unrelaxed_rank_004_alphafold2_multimer_v3_model_3_seed_000.pdb
SFPQ___DNAJA1,5,4,A,B,0.0000,0.0,0.0,0.0000,0.2122,0.0000,0.0000,0.0,0.0,0.1500,45.5,72.9,0.300,0,0,0,0,,,,,707,397,,,,,SFPQ___DNAJA1_unrelaxed_rank_005_alphafold2_multimer_v3_model_4_seed_000.pdb
SFPQ___PDK1,1,1,A,B,0.2097,425.6,89.2,0.1158,0.7669,0.1647,0.2670,3418.0,53.0,0.5700,46.4,78.8,0.410,12,325,8,14,64.8,90.9,68.7,85.7,707,436,[696-707],"[41-67,69-166,171-203,216-242,247-260,262-291,299-335,357-415]","[698,700,702-707]","[49,51-53,55,81-82,85,402,404-406,408-409]",SFPQ___PDK1_unrelaxed_rank_001_alphafold2_multimer_v3_model_1_seed_000.pdb
SFPQ___PDK1,2,4,A,B,0.1587,191.4,30.4,0.0182,0.6549,0.1340,0.1879,1357.0,27.0,0.5000,44.9,78.1,0.410,8,292,5,9,58.0,91.0,65.9,89.5,707,436,[700-707],"[42-64,72-165,174-202,217-239,248-252,256,258,263-291,299-320,322-328,330-334,358-409,411]",[703-707],"[49,51-53,55,81-82,85,402]",SFPQ___PDK1_unrelaxed_rank_002_alphafold2_multimer_v3_model_4_seed_000.pdb
SFPQ___PDK1,3,2,A,B,0.1041,98.7,10.3,0.0184,0.5605,0.0769,0.1408,609.0,16.0,0.4900,46.2,77.9,0.400,11,179,6,9,60.2,91.8,63.9,85.5,707,436,[697-707],"[46-63,72-94,97,101-102,104,106-124,134-135,137-150,152-153,155-162,177-178,181-201,219-220,223,225,229,232,235-237,265-267,269-270,272-273,275-277,280,283-285,287-288,303,305,307,310-313,333,360-367,370-375,377-378,383-391,396-397,403-408]","[698,703-707]","[49,51-53,55,81,85,404-405]",SFPQ___PDK1_unrelaxed_rank_003_alphafold2_multimer_v3_model_2_seed_000.pdb
SFPQ___PDK1,4,3,A,B,0.0504,13.1,0.7,0.0130,0.4673,0.0692,0.0367,43.0,4.0,0.4100,46.7,77.5,0.400,3,32,3,2,46.8,91.1,46.8,83.2,707,436,[705-707],"[46-48,52-53,58-59,63,73-74,76,107,116-118,120,124,134,137-138,141-143,145,149,156,183,194,219,365,371,397]",[705-707],[52-53],SFPQ___PDK1_unrelaxed_rank_004_alphafold2_multimer_v3_model_3_seed_000.pdb
SFPQ___PDK1,5,5,A,B,0.0226,3.2,0.1,0.0000,0.3706,0.0423,0.0121,10.0,1.0,0.4000,46.3,78.2,0.410,3,9,1,1,41.4,91.4,39.4,83.7,707,436,[705-707],"[48,52-53,59,138,145,149,183,371]",[707],[52],SFPQ___PDK1_unrelaxed_rank_005_alphafold2_multimer_v3_model_5_seed_000.pdb
SFPQ___SF3A3,1,2,A,B,0.0000,0.0,0.0,0.0000,0.1356,0.0000,0.0000,0.0,0.0,0.1600,46.7,74.2,0.330,0,0,0,0,,,,,707,501,,,,,SFPQ___SF3A3_unrelaxed_rank_001_alphafold2_multimer_v3_model_2_seed_000.pdb
SFPQ___SF3A3,2,1,A,B,0.0000,0.0,0.0,0.0000,0.1246,0.0000,0.0000,0.0,0.0,0.1600,47.3,72.9,0.320,0,0,0,0,,,,,707,501,,,,,SFPQ___SF3A3_unrelaxed_rank_002_alphafold2_multimer_v3_model_1_seed_000.pdb
SFPQ___SF3A3,3,4,A,B,0.0000,0.0,0.0,0.0000,0.1613,0.0000,0.0000,0.0,0.0,0.1500,45.1,71.5,0.320,0,0,0,0,,,,,707,501,,,,,SFPQ___SF3A3_unrelaxed_rank_003_alphafold2_multimer_v3_model_4_seed_000.pdb
SFPQ___SF3A3,4,5,A,B,0.0000,0.0,0.0,0.0000,0.0000,0.0000,0.0000,0.0,0.0,0.1400,46.5,74.0,0.320,0,0,0,0,,,,,707,501,,,,,SFPQ___SF3A3_unrelaxed_rank_004_alphafold2_multimer_v3_model_5_seed_000.pdb
SFPQ___SF3A3,5,3,A,B,0.0000,0.0,0.0,0.0000,0.1416,0.0000,0.0000,0.0,0.0,0.1400,46.9,74.1,0.330,0,0,0,0,,,,,707,501,,,,,SFPQ___SF3A3_unrelaxed_rank_005_alphafold2_multimer_v3_model_3_seed_000.pdb
SLC3A2___AGAP3,1,1,A,B,0.0000,0.0,0.0,0.0000,0.1751,0.0000,0.0000,0.0,0.0,0.1800,68.8,56.4,0.400,0,0,0,0,,,,,630,875,,,,,SLC3A2___AGAP3_unrelaxed_rank_001_alphafold2_multimer_v3_model_1_seed_000.pdb
SLC3A2___AGAP3,2,2,A,B,0.0000,0.0,0.0,0.0000,0.1667,0.0000,0.0000,0.0,0.0,0.1700,68.0,59.2,0.390,0,0,0,0,,,,,630,875,,,,,SLC3A2___AGAP3_unrelaxed_rank_002_alphafold2_multimer_v3_model_2_seed_000.pdb
SLC3A2___AGAP3,3,4,A,B,0.0000,0.0,0.0,0.0000,0.3035,0.0000,0.0000,0.0,0.0,0.1700,67.3,56.7,0.390,0,0,0,0,,,,,630,875,,,,,SLC3A2___AGAP3_unrelaxed_rank_003_alphafold2_multimer_v3_model_4_seed_000.pdb
SLC3A2___AGAP3,4,3,A,B,0.0000,0.0,0.0,0.0000,0.1482,0.0000,0.0000,0.0,0.0,0.1700,67.2,58.3,0.390,0,0,0,0,,,,,630,875,,,,,SLC3A2___AGAP3_unrelaxed_rank_004_alphafold2_multimer_v3_model_3_seed_000.pdb
SLC3A2___AGAP3,5,5,A,B,0.0000,0.0,0.0,0.0000,0.1565,0.0000,0.0000,0.0,0.0,0.1700,67.1,59.2,0.390,0,0,0,0,,,,,630,875,,,,,SLC3A2___AGAP3_unrelaxed_rank_005_alphafold2_multimer_v3_model_5_seed_000.pdb
SLC3A2___DDX17,1,4,A,B,0.0452,19.1,0.9,0.0109,0.4885,0.0391,0.0523,91.0,4.0,0.2600,66.6,55.5,0.420,6,61,2,4,34.4,86.9,35.2,71.8,630,729,[119-124],"[210,212,225-226,229,232,246-251,254-255,257-265,274-276,278,280-281,283,286-290,296-300,303-304,308-309,311,320-321,323-324,326-329,334-335,340-341,343,354,374,376]","[121,124]","[280-281,304,334]",SLC3A2___DDX17_unrelaxed_rank_001_alphafold2_multimer_v3_model_4_seed_000.pdb
SLC3A2___DDX17,2,1,A,B,0.0000,0.0,0.0,0.0000,0.1590,0.0000,0.0000,0.0,0.0,0.1800,67.3,57.0,0.410,0,0,0,0,,,,,630,729,,,,,SLC3A2___DDX17_unrelaxed_rank_002_alphafold2_multimer_v3_model_1_seed_000.pdb
SLC3A2___DDX17,3,2,A,B,0.0000,0.0,0.0,0.0000,0.1583,0.0000,0.0000,0.0,0.0,0.1700,67.0,57.8,0.410,0,0,0,0,,,,,630,729,,,,,SLC3A2___DDX17_unrelaxed_rank_003_alphafold2_multimer_v3_model_2_seed_000.pdb
SLC3A2___DDX17,4,3,A,B,0.0000,0.0,0.0,0.0000,0.1472,0.0000,0.0000,0.0,0.0,0.1600,66.1,58.6,0.400,0,0,0,0,,,,,630,729,,,,,SLC3A2___DDX17_unrelaxed_rank_004_alphafold2_multimer_v3_model_3_seed_000.pdb
SLC3A2___DDX17,5,5,A,B,0.0000,0.0,0.0,0.0000,0.1505,0.0000,0.0000,0.0,0.0,0.1600,66.2,57.6,0.400,0,0,0,0,,,,,630,729,,,,,SLC3A2___DDX17_unrelaxed_rank_005_alphafold2_multimer_v3_model_5_seed_000.pdb
SMAP___KHSRP,1,1,A,B,0.0000,0.0,0.0,0.0000,0.1785,0.0000,0.0000,0.0,0.0,0.1500,22.7,45.2,0.210,0,0,0,0,,,,,183,711,,,,,SMAP___KHSRP_unrelaxed_rank_001_alphafold2_multimer_v3_model_1_seed_000.pdb
SMAP___KHSRP,2,2,A,B,0.0000,0.0,0.0,0.0000,0.1254,0.0000,0.0000,0.0,0.0,0.1500,25.2,45.6,0.210,0,0,0,0,,,,,183,711,,,,,SMAP___KHSRP_unrelaxed_rank_002_alphafold2_multimer_v3_model_2_seed_000.pdb
SMAP___KHSRP,3,4,A,B,0.0000,0.0,0.0,0.0000,0.1861,0.0000,0.0000,0.0,0.0,0.1500,23.7,44.1,0.200,0,0,0,0,,,,,183,711,,,,,SMAP___KHSRP_unrelaxed_rank_003_alphafold2_multimer_v3_model_4_seed_000.pdb
SMAP___KHSRP,4,3,A,B,0.0000,0.0,0.0,0.0000,0.1692,0.0000,0.0000,0.0,0.0,0.1300,24.2,43.4,0.200,0,0,0,0,,,,,183,711,,,,,SMAP___KHSRP_unrelaxed_rank_004_alphafold2_multimer_v3_model_3_seed_000.pdb
SMAP___KHSRP,5,5,A,B,0.0000,0.0,0.0,0.0000,0.1520,0.0000,0.0000,0.0,0.0,0.1300,25.4,47.5,0.200,0,0,0,0,,,,,183,711,,,,,SMAP___KHSRP_unrelaxed_rank_005_alphafold2_multimer_v3_model_5_seed_000.pdb
SMAP___SF3A3,1,3,A,B,0.1146,184.8,21.2,0.0138,0.5110,0.0741,0.1773,2277.0,15.0,0.2900,31.0,77.6,0.500,37,169,8,7,58.0,88.6,56.7,83.6,183,501,"[68,70-105]","[1-29,33-77,79-98,103-116,146,160,163,182-204,208-209,211-221,318,320-333,336-342]","[77,80-81,84,88,101-103]","[12-13,16-17,80,84,88]",SMAP___SF3A3_unrelaxed_rank_001_alphafold2_multimer_v3_model_3_seed_000.pdb
SMAP___SF3A3,2,5,A,B,0.0211,72.2,1.5,0.0000,0.4049,0.0171,0.0261,248.0,21.0,0.2400,27.2,76.8,0.490,9,87,5,14,32.2,86.7,31.6,83.3,183,501,"[12-14,55-60]","[4-28,34,36,38-49,52-62,67-68,70-71,84,87,89,93,96,105-115,117,146,148-149,160,163-164,183-185,194-195,337-338,340-341,344]","[13,56-59]","[4,10,14,17-18,45-46,49,67,71,106,109-110,113]",SMAP___SF3A3_unrelaxed_rank_002_alphafold2_multimer_v3_model_5_seed_000.pdb
SMAP___SF3A3,3,1,A,B,0.0179,13.0,0.2,0.0000,0.3653,0.0141,0.0228,56.0,3.0,0.1900,25.1,76.0,0.470,4,40,2,3,28.7,86.4,28.5,88.2,183,501,"[56-58,65]","[7-9,11-12,15,18,23-24,26-27,33-34,36-38,40,42-43,45-46,49,58-59,61,97,109-110,112-114,117-118,131,138,160,188,192,194-195]","[56,58]","[45-46,49]",SMAP___SF3A3_unrelaxed_rank_003_alphafold2_multimer_v3_model_1_seed_000.pdb
SMAP___SF3A3,4,4,A,B,0.0032,1.4,0.0,0.0000,0.3309,0.0027,0.0038,2.0,1.0,0.1800,25.7,75.7,0.470,1,2,1,1,31.0,80.3,31.0,75.1,183,501,[57],"[26,109]",[57],[109],SMAP___SF3A3_unrelaxed_rank_004_alphafold2_multimer_v3_model_4_seed_000.pdb
SMAP___SF3A3,5,2,A,B,0.0437,101.8,4.5,0.0125,0.4647,0.0308,0.0622,691.0,15.0,0.1700,25.7,76.9,0.460,9,174,6,10,36.7,91.1,37.8,88.4,183,501,[172-180],"[4-28,32-62,67-74,83-84,86-98,104-118,123,126-131,133-135,137-149,159-163,165,181-189,191-192,194-204,207-214,216,220,318-320,322-325,332,336-346]",[173-178],"[14,18,41-42,45-46,49,104,109,113]",SMAP___SF3A3_unrelaxed_rank_005_alphafold2_multimer_v3_model_2_seed_000.pdb
SMAP___SRSF11,1,1,A,B,0.0000,0.0,0.0,0.0000,0.3136,0.0042,0.0000,1.0,0.0,0.1800,25.7,34.8,0.260,1,1,0,0,41.4,90.4,,,183,484,[41],[53],,,SMAP___SRSF11_unrelaxed_rank_001_alphafold2_multimer_v3_model_1_seed_000.pdb
SMAP___SRSF11,2,4,A,B,0.0121,1.0,0.0,0.0000,0.3193,0.0121,0.0121,1.0,1.0,0.1600,29.5,37.2,0.250,1,1,1,1,44.0,77.8,44.0,77.8,183,484,[45],[98],[45],[98],SMAP___SRSF11_unrelaxed_rank_002_alphafold2_multimer_v3_model_4_seed_000.pdb
SMAP___SRSF11,3,3,A,B,0.0000,0.0,0.0,0.0000,0.2175,0.0000,0.0000,0.0,0.0,0.1600,29.3,36.5,0.250,0,0,0,0,,,,,183,484,,,,,SMAP___SRSF11_unrelaxed_rank_003_alphafold2_multimer_v3_model_3_seed_000.pdb
SMAP___SRSF11,4,2,A,B,0.0000,0.0,0.0,0.0000,0.2412,0.0000,0.0000,0.0,0.0,0.1500,30.0,36.2,0.250,0,0,0,0,,,,,183,484,,,,,SMAP___SRSF11_unrelaxed_rank_004_alphafold2_multimer_v3_model_2_seed_000.pdb
SMAP___SRSF11,5,5,A,B,0.0000,0.0,0.0,0.0000,0.2257,0.0000,0.0000,0.0,0.0,0.1400,29.2,38.1,0.240,0,0,0,0,,,,,183,484,,,,,SMAP___SRSF11_unrelaxed_rank_005_alphafold2_multimer_v3_model_5_seed_000.pdb
SNRPC___ANP32A,1,2,A,B,0.0545,260.4,14.2,0.0127,0.3542,0.0518,0.0574,2055.0,33.0,0.1800,37.2,68.6,0.460,25,154,7,15,55.2,94.6,50.2,89.0,159,249,"[4-9,13,17,19-34,37]","[2-12,14-156]","[17,19-20,22-23,26-27]","[23,25-26,48,50-51,70,72-73,94,96-97,119,121-122]",SNRPC___ANP32A_unrelaxed_rank_001_alphafold2_multimer_v3_model_2_seed_000.pdb
SNRPC___ANP32A,2,4,A,B,0.0826,383.3,31.7,0.0154,0.4823,0.0761,0.0896,2998.0,49.0,0.1700,37.5,68.1,0.460,30,157,15,18,51.6,92.6,51.1,83.5,159,249,"[4-27,29-30,33-34,37-38]",[1-157],"[8-11,15,17,19-20,23-24,26-27,29-30,33]","[23,25-26,46,48,50-51,70,72-73,94,96,119,121-122,147,155,157]",SNRPC___ANP32A_unrelaxed_rank_002_alphafold2_multimer_v3_model_4_seed_000.pdb
SNRPC___ANP32A,3,3,A,B,0.1066,286.1,30.5,0.0153,0.4718,0.0922,0.1231,2273.0,36.0,0.1700,40.1,65.8,0.450,29,139,7,16,58.1,92.2,53.3,85.0,159,249,"[3-27,30-31,33-34]","[16-29,32-35,37-157]","[15,17,19-20,22-23,26]","[25-26,48,50-51,70,72-73,94,96-97,119,121,146-147,155]",SNRPC___ANP32A_unrelaxed_rank_003_alphafold2_multimer_v3_model_3_seed_000.pdb
SNRPC___ANP32A,4,1,A,B,0.0430,229.9,9.9,0.0123,0.3322,0.0430,0.0430,1823.0,29.0,0.1600,35.0,68.1,0.450,25,151,7,13,50.7,93.9,48.0,87.6,159,249,"[4-9,13,19-35,37]","[2-11,14-30,33-156]","[19,22-23,26-28,31]","[23,25,48,50-51,70,72-73,94,96-97,119,121]",SNRPC___ANP32A_unrelaxed_rank_004_alphafold2_multimer_v3_model_1_seed_000.pdb
SNRPC___ANP32A,5,5,A,B,0.0675,206.1,13.9,0.0136,0.4022,0.0593,0.0769,1846.0,23.0,0.1600,38.3,67.1,0.460,21,152,9,12,55.6,93.2,53.6,86.1,159,249,"[4-6,8-9,13,16-27,30,33-34]","[2-11,14-30,32-156]","[13,17,19-20,23-24,26-27,30]","[25,48,50-51,70,72-73,94,96,119,121,147]",SNRPC___ANP32A_unrelaxed_rank_005_alphafold2_multimer_v3_model_5_seed_000.pdb
SNRPC___CDK4,1,1,A,B,0.0000,0.0,0.0,0.0000,0.1634,0.0000,0.0000,0.0,0.0,0.1600,31.1,80.1,0.610,0,0,0,0,,,,,159,303,,,,,SNRPC___CDK4_unrelaxed_rank_001_alphafold2_multimer_v3_model_1_seed_000.pdb
SNRPC___CDK4,2,4,A,B,0.0000,0.0,0.0,0.0000,0.1169,0.0000,0.0000,0.0,0.0,0.1500,31.0,80.8,0.610,0,0,0,0,,,,,159,303,,,,,SNRPC___CDK4_unrelaxed_rank_002_alphafold2_multimer_v3_model_4_seed_000.pdb
SNRPC___CDK4,3,3,A,B,0.0000,0.0,0.0,0.0000,0.1223,0.0000,0.0000,0.0,0.0,0.1500,31.3,77.8,0.590,0,0,0,0,,,,,159,303,,,,,SNRPC___CDK4_unrelaxed_rank_003_alphafold2_multimer_v3_model_3_seed_000.pdb
SNRPC___CDK4,4,5,A,B,0.0000,0.0,0.0,0.0000,0.1055,0.0000,0.0000,0.0,0.0,0.1400,30.9,78.7,0.590,0,0,0,0,,,,,159,303,,,,,SNRPC___CDK4_unrelaxed_rank_004_alphafold2_multimer_v3_model_5_seed_000.pdb
SNRPC___CDK4,5,2,A,B,0.0000,0.0,0.0,0.0000,0.1709,0.0000,0.0000,0.0,0.0,0.1300,30.6,78.9,0.590,0,0,0,0,,,,,159,303,,,,,SNRPC___CDK4_unrelaxed_rank_005_alphafold2_multimer_v3_model_2_seed_000.pdb
SNRPC___FUBP1,1,2,A,B,0.0000,0.0,0.0,0.0000,0.1764,0.0000,0.0000,0.0,0.0,0.1800,33.0,49.1,0.210,0,0,0,0,,,,,159,644,,,,,SNRPC___FUBP1_unrelaxed_rank_001_alphafold2_multimer_v3_model_2_seed_000.pdb
SNRPC___FUBP1,2,4,A,B,0.0000,0.0,0.0,0.0000,0.1633,0.0000,0.0000,0.0,0.0,0.1500,30.2,47.9,0.200,0,0,0,0,,,,,159,644,,,,,SNRPC___FUBP1_unrelaxed_rank_002_alphafold2_multimer_v3_model_4_seed_000.pdb
SNRPC___FUBP1,3,1,A,B,0.0000,0.0,0.0,0.0000,0.1649,0.0000,0.0000,0.0,0.0,0.1400,29.2,49.0,0.210,0,0,0,0,,,,,159,644,,,,,SNRPC___FUBP1_unrelaxed_rank_003_alphafold2_multimer_v3_model_1_seed_000.pdb
SNRPC___FUBP1,4,3,A,B,0.0000,0.0,0.0,0.0000,0.1669,0.0000,0.0000,0.0,0.0,0.1400,31.4,46.0,0.200,0,0,0,0,,,,,159,644,,,,,SNRPC___FUBP1_unrelaxed_rank_004_alphafold2_multimer_v3_model_3_seed_000.pdb
SNRPC___FUBP1,5,5,A,B,0.0000,0.0,0.0,0.0000,0.1924,0.0000,0.0000,0.0,0.0,0.1300,33.4,50.0,0.200,0,0,0,0,,,,,159,644,,,,,SNRPC___FUBP1_unrelaxed_rank_005_alphafold2_multimer_v3_model_5_seed_000.pdb
SNRPC___SRSF11,1,2,A,B,0.0000,0.0,0.0,0.0000,0.1941,0.0000,0.0000,0.0,0.0,0.1400,35.1,35.2,0.250,0,0,0,0,,,,,159,484,,,,,SNRPC___SRSF11_unrelaxed_rank_001_alphafold2_multimer_v3_model_2_seed_000.pdb
SNRPC___SRSF11,2,3,A,B,0.0000,0.0,0.0,0.0000,0.2501,0.0000,0.0000,0.0,0.0,0.1400,35.8,34.7,0.240,0,0,0,0,,,,,159,484,,,,,SNRPC___SRSF11_unrelaxed_rank_002_alphafold2_multimer_v3_model_3_seed_000.pdb
SNRPC___SRSF11,3,1,A,B,0.0000,0.0,0.0,0.0000,0.1748,0.0000,0.0000,0.0,0.0,0.1300,35.4,36.2,0.250,0,0,0,0,,,,,159,484,,,,,SNRPC___SRSF11_unrelaxed_rank_003_alphafold2_multimer_v3_model_1_seed_000.pdb
SNRPC___SRSF11,4,4,A,B,0.0000,0.0,0.0,0.0000,0.1580,0.0000,0.0000,0.0,0.0,0.1200,40.3,36.5,0.240,0,0,0,0,,,,,159,484,,,,,SNRPC___SRSF11_unrelaxed_rank_004_alphafold2_multimer_v3_model_4_seed_000.pdb
SNRPC___SRSF11,5,5,A,B,0.0000,0.0,0.0,0.0000,0.1231,0.0000,0.0000,0.0,0.0,0.1100,39.7,36.8,0.240,0,0,0,0,,,,,159,484,,,,,SNRPC___SRSF11_unrelaxed_rank_005_alphafold2_multimer_v3_model_5_seed_000.pdb
SRSF11___RBM33,1,2,A,B,0.0399,21.0,0.8,0.0000,0.5278,0.0468,0.0341,49.0,9.0,0.2400,33.7,24.5,0.230,13,18,3,3,85.8,85.3,83.9,78.4,484,1170,"[37,39,95-101,103-105,108]","[1109,1113,1117-1118,1150,1152,1154-1163,1165-1166]","[39,103-104]",[1160-1162],SRSF11___RBM33_unrelaxed_rank_001_alphafold2_multimer_v3_model_2_seed_000.pdb
SRSF11___RBM33,2,1,A,B,0.0000,0.0,0.0,0.0000,0.2315,0.0000,0.0000,0.0,0.0,0.1900,32.3,22.6,0.220,0,0,0,0,,,,,484,1170,,,,,SRSF11___RBM33_unrelaxed_rank_002_alphafold2_multimer_v3_model_1_seed_000.pdb
SRSF11___RBM33,3,3,A,B,0.0000,0.0,0.0,0.0000,0.2900,0.0000,0.0000,0.0,0.0,0.1800,31.9,24.4,0.210,0,0,0,0,,,,,484,1170,,,,,SRSF11___RBM33_unrelaxed_rank_003_alphafold2_multimer_v3_model_3_seed_000.pdb
SRSF11___RBM33,4,4,A,B,0.0000,0.0,0.0,0.0000,0.1933,0.0000,0.0000,0.0,0.0,0.1600,34.0,23.1,0.210,0,0,0,0,,,,,484,1170,,,,,SRSF11___RBM33_unrelaxed_rank_004_alphafold2_multimer_v3_model_4_seed_000.pdb
SRSF11___RBM33,5,5,A,B,0.0000,0.0,0.0,0.0000,0.1509,0.0000,0.0000,0.0,0.0,0.1600,34.1,24.6,0.210,0,0,0,0,,,,,484,1170,,,,,SRSF11___RBM33_unrelaxed_rank_005_alphafold2_multimer_v3_model_5_seed_000.pdb
SUGP2___CDK4,1,1,A,B,0.0000,0.0,0.0,0.0000,0.2795,0.0000,0.0000,0.0,0.0,0.2600,36.9,77.4,0.330,0,0,0,0,,,,,1082,303,,,,,SUGP2___CDK4_unrelaxed_rank_001_alphafold2_multimer_v3_model_1_seed_000.pdb
SUGP2___CDK4,2,4,A,B,0.0000,0.0,0.0,0.0000,0.3146,0.0000,0.0000,0.0,0.0,0.2500,31.8,73.9,0.320,0,0,0,0,,,,,1082,303,,,,,SUGP2___CDK4_unrelaxed_rank_002_alphafold2_multimer_v3_model_4_seed_000.pdb
SUGP2___CDK4,3,2,A,B,0.0000,0.0,0.0,0.0000,0.2127,0.0000,0.0000,0.0,0.0,0.2200,37.5,77.5,0.320,0,0,0,0,,,,,1082,303,,,,,SUGP2___CDK4_unrelaxed_rank_003_alphafold2_multimer_v3_model_2_seed_000.pdb
SUGP2___CDK4,4,3,A,B,0.0000,0.0,0.0,0.0000,0.2091,0.0000,0.0000,0.0,0.0,0.2000,34.7,74.8,0.310,0,0,0,0,,,,,1082,303,,,,,SUGP2___CDK4_unrelaxed_rank_004_alphafold2_multimer_v3_model_3_seed_000.pdb
SUGP2___CDK4,5,5,A,B,0.0000,0.0,0.0,0.0000,0.1680,0.0000,0.0000,0.0,0.0,0.1900,36.8,76.2,0.310,0,0,0,0,,,,,1082,303,,,,,SUGP2___CDK4_unrelaxed_rank_005_alphafold2_multimer_v3_model_5_seed_000.pdb
SUGP2___FUS,1,3,A,B,0.2470,825.8,203.9,0.1970,0.8792,0.1939,0.3146,6621.0,103.0,0.2900,36.5,26.7,0.270,65,96,16,18,49.8,68.3,40.9,66.4,1082,526,[580-644],[278-373],"[581-582,625,628-629,632-633,635-642,644]","[303-309,345-346,348-350,352-357]",SUGP2___FUS_unrelaxed_rank_001_alphafold2_multimer_v3_model_3_seed_000.pdb
SUGP2___FUS,2,2,A,B,0.0251,5.7,0.1,0.0000,0.5309,0.0260,0.0243,8.0,4.0,0.2200,42.1,30.4,0.290,2,7,1,4,45.4,77.9,44.5,77.2,1082,526,"[1071,1073]","[307-309,345-346,349,355]",[1071],"[308-309,346,349]",SUGP2___FUS_unrelaxed_rank_002_alphafold2_multimer_v3_model_2_seed_000.pdb
SUGP2___FUS,3,4,A,B,0.0000,0.0,0.0,0.0000,0.3027,0.0000,0.0000,0.0,0.0,0.2000,35.6,27.5,0.270,0,0,0,0,,,,,1082,526,,,,,SUGP2___FUS_unrelaxed_rank_003_alphafold2_multimer_v3_model_4_seed_000.pdb
SUGP2___FUS,4,1,A,B,0.0000,0.0,0.0,0.0000,0.2302,0.0000,0.0000,0.0,0.0,0.1800,40.9,28.7,0.290,0,0,0,0,,,,,1082,526,,,,,SUGP2___FUS_unrelaxed_rank_004_alphafold2_multimer_v3_model_1_seed_000.pdb
SUGP2___FUS,5,5,A,B,0.0000,0.0,0.0,0.0000,0.1915,0.0000,0.0000,0.0,0.0,0.1700,34.9,28.8,0.260,0,0,0,0,,,,,1082,526,,,,,SUGP2___FUS_unrelaxed_rank_005_alphafold2_multimer_v3_model_5_seed_000.pdb
SUPT5H___ZBTB33,1,3,A,B,0.1569,456.4,71.6,0.0229,0.7805,0.1100,0.2239,4005.0,52.0,0.2900,51.5,36.9,0.270,83,95,10,10,89.2,87.9,85.7,84.7,1087,672,"[979-988,1000,1002-1006,1012-1016,1022,1024-1026,1029-1086]","[13-88,90,98-115]","[1056-1059,1062,1064,1072-1075]","[35,37,40-42,65-69]",SUPT5H___ZBTB33_unrelaxed_rank_001_alphafold2_multimer_v3_model_3_seed_000.pdb
SUPT5H___ZBTB33,2,4,A,B,0.3253,804.4,261.7,0.2289,0.8961,0.2011,0.5263,12443.0,52.0,0.2700,50.3,35.6,0.260,112,109,11,9,83.7,84.6,82.6,83.4,1087,672,[976-1087],[11-119],"[1037,1056-1059,1062,1064,1072-1075]","[35,37,39-42,67-69]",SUPT5H___ZBTB33_unrelaxed_rank_002_alphafold2_multimer_v3_model_4_seed_000.pdb
SUPT5H___ZBTB33,3,2,A,B,0.1359,425.1,57.8,0.0292,0.7539,0.0984,0.1878,3285.0,55.0,0.2600,53.3,35.5,0.250,67,93,12,10,88.2,87.5,82.9,82.5,1087,672,"[979,981,983-987,1001,1003-1004,1012,1014,1030-1084]","[15,17-88,90,98-116]","[1037,1056-1059,1062,1064,1066,1072-1075]","[35,37,39-42,65,67-69]",SUPT5H___ZBTB33_unrelaxed_rank_003_alphafold2_multimer_v3_model_2_seed_000.pdb
SUPT5H___ZBTB33,4,1,A,B,0.1063,256.4,27.2,0.0150,0.6620,0.0809,0.1396,1494.0,44.0,0.2600,50.0,33.1,0.250,52,82,10,10,81.1,79.9,77.8,76.3,1087,672,"[986,1030-1031,1034-1081,1084]","[15,18-19,21-26,29-88,101-111,113-114]","[1056-1059,1062,1064,1072-1075]","[35,37,39-42,65,67-69]",SUPT5H___ZBTB33_unrelaxed_rank_004_alphafold2_multimer_v3_model_1_seed_000.pdb
SUPT5H___ZBTB33,5,5,A,B,0.0695,126.0,8.8,0.0134,0.6263,0.0541,0.0891,662.0,24.0,0.2500,52.6,35.7,0.250,38,70,8,6,85.8,85.7,81.6,84.0,1087,672,"[1036,1038-1043,1050-1079,1084]","[18-19,21-22,24-26,29-70,72-86,103-104,107-109,113]","[1056-1057,1059,1064,1072-1075]","[35,37,42,67-69]",SUPT5H___ZBTB33_unrelaxed_rank_005_alphafold2_multimer_v3_model_5_seed_000.pdb
SUPT5H___ZNF503,1,3,A,B,0.0000,0.0,0.0,0.0000,0.4155,0.0000,0.0000,0.0,0.0,0.1900,55.2,18.3,0.250,0,0,0,0,,,,,1087,646,,,,,SUPT5H___ZNF503_unrelaxed_rank_001_alphafold2_multimer_v3_model_3_seed_000.pdb
SUPT5H___ZNF503,2,5,A,B,0.0000,0.0,0.0,0.0000,0.1978,0.0000,0.0000,0.0,0.0,0.1800,56.0,18.4,0.250,0,0,0,0,,,,,1087,646,,,,,SUPT5H___ZNF503_unrelaxed_rank_002_alphafold2_multimer_v3_model_5_seed_000.pdb
SUPT5H___ZNF503,3,2,A,B,0.0000,0.0,0.0,0.0000,0.2020,0.0000,0.0000,0.0,0.0,0.1800,55.5,19.1,0.250,0,0,0,0,,,,,1087,646,,,,,SUPT5H___ZNF503_unrelaxed_rank_003_alphafold2_multimer_v3_model_2_seed_000.pdb
SUPT5H___ZNF503,4,1,A,B,0.0000,0.0,0.0,0.0000,0.2071,0.0000,0.0000,0.0,0.0,0.1800,54.4,19.7,0.240,0,0,0,0,,,,,1087,646,,,,,SUPT5H___ZNF503_unrelaxed_rank_004_alphafold2_multimer_v3_model_1_seed_000.pdb
SUPT5H___ZNF503,5,4,A,B,0.0000,0.0,0.0,0.0000,0.2208,0.0000,0.0000,0.0,0.0,0.1700,53.7,18.1,0.250,0,0,0,0,,,,,1087,646,,,,,SUPT5H___ZNF503_unrelaxed_rank_005_alphafold2_multimer_v3_model_4_seed_000.pdb
TLE3___SUPT5H,1,4,A,B,0.1538,416.3,64.0,0.0194,0.7734,0.1384,0.1708,2587.0,67.0,0.2900,51.0,48.8,0.330,309,12,24,10,90.5,36.2,85.9,36.4,772,1087,"[447-453,458-464,466-468,471-515,522-562,565-648,650-687,689-772]",[319-330],"[488,596,619-620,622-623,637-639,661-664,679,701-704,719-721,743,745,761]",[320-329],TLE3___SUPT5H_unrelaxed_rank_001_alphafold2_multimer_v3_model_4_seed_000.pdb
TLE3___SUPT5H,2,1,A,B,0.0446,175.2,7.8,0.0145,0.6582,0.0344,0.0579,990.0,31.0,0.2800,51.4,48.9,0.340,235,15,20,8,91.7,36.8,86.0,36.9,772,1087,"[448-450,478-495,500-513,523-527,531-542,545-560,568,570-573,576-587,589-604,606,608-614,617-627,631-636,638-646,653-655,657-658,660-668,673-679,681-686,694-696,698-728,733-771]","[129,132,134-146]","[488,580,596,617,620,622,638,661,663,679,701-702,704,720-722,742-743,745,761]","[134-135,137-138,141-142,144-145]",TLE3___SUPT5H_unrelaxed_rank_002_alphafold2_multimer_v3_model_1_seed_000.pdb
TLE3___SUPT5H,3,5,A,B,0.0286,86.4,2.5,0.0118,0.5954,0.0311,0.0262,829.0,9.0,0.2700,52.8,50.5,0.320,243,7,8,3,93.8,34.8,93.9,35.1,772,1087,"[448-451,460-461,473-474,477,479-480,482-495,498,500-513,522-527,529,531-544,546-553,555-561,568-573,575-588,590-597,599-605,608,610-611,613-614,617,620-627,630,632-636,638-647,652,655-668,673-679,682-686,693-696,698-699,701-704,706-729,731-745,747-772]",[75-81],"[488,490,534,536,622,704,745,760]","[75-76,80]",TLE3___SUPT5H_unrelaxed_rank_003_alphafold2_multimer_v3_model_5_seed_000.pdb
TLE3___SUPT5H,4,3,A,B,0.0323,104.7,3.4,0.0000,0.6347,0.0267,0.0391,609.0,18.0,0.2400,52.6,49.3,0.330,198,6,12,4,92.5,29.2,90.4,30.3,772,1087,"[448-450,460,479-480,482-495,500-504,506-513,522,524-527,532-540,546-549,552,554-560,568,570-573,577-585,590-593,596,599-604,608,610,613-614,617,620-626,632-635,638-646,652,655-667,673-677,679,683-686,694-699,701,703-709,711,714-728,734-750,753,755-771]",[75-80],"[488,490,534,536,580,622,720,742-743,745,761,763]","[76-77,79-80]",TLE3___SUPT5H_unrelaxed_rank_004_alphafold2_multimer_v3_model_3_seed_000.pdb
TLE3___SUPT5H,5,2,A,B,0.0147,5.5,0.1,0.0000,0.5684,0.0109,0.0198,15.0,2.0,0.2300,53.5,51.1,0.330,12,4,2,2,91.1,38.0,89.0,38.4,772,1087,"[450,488,512,632,643,661,699,701,720,722,742-743]","[125-126,129-130]","[488,743]",[129-130],TLE3___SUPT5H_unrelaxed_rank_005_alphafold2_multimer_v3_model_2_seed_000.pdb
TXN___CCNT1,1,4,A,B,0.0000,0.0,0.0,0.0000,0.2738,0.0000,0.0000,0.0,0.0,0.2300,81.7,43.4,0.390,0,0,0,0,,,,,105,726,,,,,TXN___CCNT1_unrelaxed_rank_001_alphafold2_multimer_v3_model_4_seed_000.pdb
TXN___CCNT1,2,2,A,B,0.0000,0.0,0.0,0.0000,0.1755,0.0000,0.0000,0.0,0.0,0.2000,84.8,45.5,0.400,0,0,0,0,,,,,105,726,,,,,TXN___CCNT1_unrelaxed_rank_002_alphafold2_multimer_v3_model_2_seed_000.pdb
TXN___CCNT1,3,3,A,B,0.0000,0.0,0.0,0.0000,0.1800,0.0000,0.0000,0.0,0.0,0.1800,84.8,44.3,0.390,0,0,0,0,,,,,105,726,,,,,TXN___CCNT1_unrelaxed_rank_003_alphafold2_multimer_v3_model_3_seed_000.pdb
TXN___CCNT1,4,1,A,B,0.0000,0.0,0.0,0.0000,0.1758,0.0000,0.0000,0.0,0.0,0.1700,83.5,43.7,0.380,0,0,0,0,,,,,105,726,,,,,TXN___CCNT1_unrelaxed_rank_004_alphafold2_multimer_v3_model_1_seed_000.pdb
TXN___CCNT1,5,5,A,B,0.0000,0.0,0.0,0.0000,0.1564,0.0000,0.0000,0.0,0.0,0.1500,84.1,43.4,0.380,0,0,0,0,,,,,105,726,,,,,TXN___CCNT1_unrelaxed_rank_005_alphafold2_multimer_v3_model_5_seed_000.pdb
TXN___PPP1R10,1,5,A,B,0.0000,0.0,0.0,0.0000,0.1818,0.0000,0.0000,0.0,0.0,0.1800,91.7,34.7,0.260,0,0,0,0,,,,,105,940,,,,,TXN___PPP1R10_unrelaxed_rank_001_alphafold2_multimer_v3_model_5_seed_000.pdb
TXN___PPP1R10,2,4,A,B,0.0000,0.0,0.0,0.0000,0.1866,0.0000,0.0000,0.0,0.0,0.1800,89.0,31.8,0.240,0,0,0,0,,,,,105,940,,,,,TXN___PPP1R10_unrelaxed_rank_002_alphafold2_multimer_v3_model_4_seed_000.pdb
TXN___PPP1R10,3,1,A,B,0.0000,0.0,0.0,0.0000,0.1785,0.0000,0.0000,0.0,0.0,0.1800,89.8,32.5,0.250,0,0,0,0,,,,,105,940,,,,,TXN___PPP1R10_unrelaxed_rank_003_alphafold2_multimer_v3_model_1_seed_000.pdb
TXN___PPP1R10,4,3,A,B,0.0000,0.0,0.0,0.0000,0.0000,0.0000,0.0000,0.0,0.0,0.1500,91.0,35.0,0.270,0,0,0,0,,,,,105,940,,,,,TXN___PPP1R10_unrelaxed_rank_004_alphafold2_multimer_v3_model_3_seed_000.pdb
TXN___PPP1R10,5,2,A,B,0.0000,0.0,0.0,0.0000,0.1442,0.0000,0.0000,0.0,0.0,0.1400,90.9,33.9,0.270,0,0,0,0,,,,,105,940,,,,,TXN___PPP1R10_unrelaxed_rank_005_alphafold2_multimer_v3_model_2_seed_000.pdb
U2SURP___DHX15,1,4,A,B,0.3152,1625.5,512.3,0.4201,0.9523,0.2125,0.4675,18739.0,141.0,0.6200,44.2,78.4,0.470,53,627,26,33,56.9,89.5,65.0,86.8,1029,795,"[129-162,203-221]","[116-181,186-601,603-606,610-619,621,623-637,639,641-673,677,685-704,710-712,715-727,731-766,774,776-780,782,784]","[132-144,157-158,160-161,204,207-208,210-212,214-215,218]","[161,316-325,334,337-338,341-342,345-346,467,470-471,474,481-482,487,523,532-534,536-537,540,552]",U2SURP___DHX15_unrelaxed_rank_001_alphafold2_multimer_v3_model_4_seed_000.pdb
U2SURP___DHX15,2,3,A,B,0.2966,1415.8,420.0,0.4023,0.9293,0.2129,0.4133,14117.0,142.0,0.6200,45.7,78.6,0.460,170,576,30,31,80.1,89.1,76.1,80.4,1029,795,"[130-162,211,534-606,609,611-637,641-660,662-676]","[3-11,116-181,186-519,521-550,555-579,581,583-597,599-600,611,615,617,619,623-636,643-644,647-671,673,685-703,710-712,718-722,725,733-740,742,746,749-753,757-758,761,765-766]","[132-144,158,160-161,539-540,543,546-547,572,576,579-580,582-583,585-586,590]","[4,6-7,9-10,161,314,316-325,334,337-338,341-342,345-346,467,470-471,474,481-482,487]",U2SURP___DHX15_unrelaxed_rank_002_alphafold2_multimer_v3_model_3_seed_000.pdb
U2SURP___DHX15,3,5,A,B,0.3094,1289.1,398.9,0.3451,0.9224,0.2094,0.4573,14451.0,115.0,0.6000,44.5,78.6,0.470,34,581,19,26,59.8,90.2,67.4,88.7,1029,795,[130-163],"[116-181,186-519,521-550,554-579,581,583-596,599-601,610-611,613-615,617-619,621,623-637,639,641-651,653-671,673,685-704,710-712,718-721,725-726,733-737,746-754,757-761,764-766]","[132-144,157-158,160-163]","[161,314,316-325,334,337-338,341-342,345-346,467,470-471,474,481-482,487]",U2SURP___DHX15_unrelaxed_rank_003_alphafold2_multimer_v3_model_5_seed_000.pdb
U2SURP___DHX15,4,2,A,B,0.2646,1594.3,421.8,0.3453,0.9272,0.1963,0.3567,15129.0,168.0,0.5900,46.3,79.4,0.460,189,596,39,40,76.7,89.6,68.4,80.6,1029,795,"[129-163,204-218,534-606,609,611-638,641-676,678]","[2-12,116-181,186-597,614,617,619,621,624-630,632-633,635-636,643-644,647,649-650,652-673,685-704,710-712,715-722,731,733-736,738,746-766,769,774,776-780]","[132-144,147,157-158,160-163,207-208,210-212,214-215,539,543,546-547,576,579-580,582-583,585-587]","[6-11,161,314,316-325,334,337-338,341-342,344-346,467,470-471,474,481-482,487,523,530,532-534,536-537]",U2SURP___DHX15_unrelaxed_rank_004_alphafold2_multimer_v3_model_2_seed_000.pdb
U2SURP___DHX15,5,1,A,B,0.3212,1128.9,362.6,0.3772,0.9331,0.2267,0.4551,11082.0,115.0,0.5700,44.6,77.6,0.450,69,431,19,28,68.2,87.4,66.3,84.8,1029,795,"[130-163,207-208,210-211,543,556,558,560,562,564,567,570,576,583,593,596,600,615,618,626,647-649,651,654-658,667-672]","[5,7-10,116-181,186-449,452-517,520-521,524-544,550,556,558-559,561-562,573]","[132-144,157-158,160-162,576]","[7,161,313-316,318-325,334,337-338,341-342,344-346,467,470-471,481-482,487]",U2SURP___DHX15_unrelaxed_rank_005_alphafold2_multimer_v3_model_1_seed_000.pdb
XRN2___FUBP1,1,4,A,B,0.0000,0.0,0.0,0.0000,0.4271,0.0000,0.0000,0.0,0.0,0.3000,70.2,36.1,0.530,0,0,0,0,,,,,950,644,,,,,XRN2___FUBP1_unrelaxed_rank_001_alphafold2_multimer_v3_model_4_seed_000.pdb
XRN2___FUBP1,2,5,A,B,0.0000,0.0,0.0,0.0000,0.4168,0.0000,0.0000,0.0,0.0,0.3000,70.9,37.4,0.530,0,0,0,0,,,,,950,644,,,,,XRN2___FUBP1_unrelaxed_rank_002_alphafold2_multimer_v3_model_5_seed_000.pdb
XRN2___FUBP1,3,3,A,B,0.0000,0.0,0.0,0.0000,0.3751,0.0000,0.0000,0.0,0.0,0.2700,71.1,36.8,0.540,0,0,0,0,,,,,950,644,,,,,XRN2___FUBP1_unrelaxed_rank_003_alphafold2_multimer_v3_model_3_seed_000.pdb
XRN2___FUBP1,4,2,A,B,0.0000,0.0,0.0,0.0000,0.3234,0.0000,0.0000,0.0,0.0,0.2200,72.0,38.0,0.530,0,0,0,0,,,,,950,644,,,,,XRN2___FUBP1_unrelaxed_rank_004_alphafold2_multimer_v3_model_2_seed_000.pdb
XRN2___FUBP1,5,1,A,B,0.0000,0.0,0.0,0.0000,0.2756,0.0000,0.0000,0.0,0.0,0.2100,70.4,34.8,0.520,0,0,0,0,,,,,950,644,,,,,XRN2___FUBP1_unrelaxed_rank_005_alphafold2_multimer_v3_model_1_seed_000.pdb
XRN2___TXN,1,3,A,B,0.0000,0.0,0.0,0.0000,0.2142,0.0000,0.0000,0.0,0.0,0.2400,70.0,77.8,0.680,0,0,0,0,,,,,950,105,,,,,XRN2___TXN_unrelaxed_rank_001_alphafold2_multimer_v3_model_3_seed_000.pdb
XRN2___TXN,2,2,A,B,0.0000,0.0,0.0,0.0000,0.1891,0.0000,0.0000,0.0,0.0,0.2300,70.5,72.4,0.690,0,0,0,0,,,,,950,105,,,,,XRN2___TXN_unrelaxed_rank_002_alphafold2_multimer_v3_model_2_seed_000.pdb
XRN2___TXN,3,5,A,B,0.0000,0.0,0.0,0.0000,0.2051,0.0000,0.0000,0.0,0.0,0.2000,70.8,80.1,0.690,0,0,0,0,,,,,950,105,,,,,XRN2___TXN_unrelaxed_rank_003_alphafold2_multimer_v3_model_5_seed_000.pdb
XRN2___TXN,4,4,A,B,0.0000,0.0,0.0,0.0000,0.1816,0.0000,0.0000,0.0,0.0,0.1900,70.9,73.4,0.690,0,0,0,0,,,,,950,105,,,,,XRN2___TXN_unrelaxed_rank_004_alphafold2_multimer_v3_model_4_seed_000.pdb
XRN2___TXN,5,1,A,B,0.0000,0.0,0.0,0.0000,0.1544,0.0000,0.0000,0.0,0.0,0.1600,69.5,72.9,0.670,0,0,0,0,,,,,950,105,,,,,XRN2___TXN_unrelaxed_rank_005_alphafold2_multimer_v3_model_1_seed_000.pdb
ZBTB33___PCCA,1,5,A,B,0.0000,0.0,0.0,0.0000,0.2395,0.0000,0.0000,0.0,0.0,0.1800,33.1,82.5,0.520,0,0,0,0,,,,,672,728,,,,,ZBTB33___PCCA_unrelaxed_rank_001_alphafold2_multimer_v3_model_5_seed_000.pdb
ZBTB33___PCCA,2,1,A,B,0.0000,0.0,0.0,0.0000,0.1856,0.0000,0.0000,0.0,0.0,0.1800,32.8,83.6,0.520,0,0,0,0,,,,,672,728,,,,,ZBTB33___PCCA_unrelaxed_rank_002_alphafold2_multimer_v3_model_1_seed_000.pdb
ZBTB33___PCCA,3,4,A,B,0.0000,0.0,0.0,0.0000,0.2037,0.0000,0.0000,0.0,0.0,0.1700,32.2,80.0,0.510,0,0,0,0,,,,,672,728,,,,,ZBTB33___PCCA_unrelaxed_rank_003_alphafold2_multimer_v3_model_4_seed_000.pdb
ZBTB33___PCCA,4,2,A,B,0.0000,0.0,0.0,0.0000,0.1882,0.0000,0.0000,0.0,0.0,0.1700,33.0,84.4,0.520,0,0,0,0,,,,,672,728,,,,,ZBTB33___PCCA_unrelaxed_rank_004_alphafold2_multimer_v3_model_2_seed_000.pdb
ZBTB33___PCCA,5,3,A,B,0.0000,0.0,0.0,0.0000,0.1788,0.0000,0.0000,0.0,0.0,0.1600,34.3,83.5,0.520,0,0,0,0,,,,,672,728,,,,,ZBTB33___PCCA_unrelaxed_rank_005_alphafold2_multimer_v3_model_3_seed_000.pdb
ZBTB33___PRDX1,1,4,A,B,0.0000,0.0,0.0,0.0000,0.1640,0.0000,0.0000,0.0,0.0,0.2000,37.0,79.6,0.290,0,0,0,0,,,,,672,199,,,,,ZBTB33___PRDX1_unrelaxed_rank_001_alphafold2_multimer_v3_model_4_seed_000.pdb
ZBTB33___PRDX1,2,3,A,B,0.0000,0.0,0.0,0.0000,0.1530,0.0000,0.0000,0.0,0.0,0.1800,38.0,82.9,0.290,0,0,0,0,,,,,672,199,,,,,ZBTB33___PRDX1_unrelaxed_rank_002_alphafold2_multimer_v3_model_3_seed_000.pdb
ZBTB33___PRDX1,3,1,A,B,0.0000,0.0,0.0,0.0000,0.1495,0.0000,0.0000,0.0,0.0,0.1800,37.9,83.9,0.300,0,0,0,0,,,,,672,199,,,,,ZBTB33___PRDX1_unrelaxed_rank_003_alphafold2_multimer_v3_model_1_seed_000.pdb
ZBTB33___PRDX1,4,2,A,B,0.0000,0.0,0.0,0.0000,0.1377,0.0000,0.0000,0.0,0.0,0.1800,37.6,82.6,0.290,0,0,0,0,,,,,672,199,,,,,ZBTB33___PRDX1_unrelaxed_rank_004_alphafold2_multimer_v3_model_2_seed_000.pdb
ZBTB33___PRDX1,5,5,A,B,0.0000,0.0,0.0,0.0000,0.1509,0.0000,0.0000,0.0,0.0,0.1600,37.8,84.1,0.300,0,0,0,0,,,,,672,199,,,,,ZBTB33___PRDX1_unrelaxed_rank_005_alphafold2_multimer_v3_model_5_seed_000.pdb
ZNF503___AGAP3,1,5,A,B,0.2155,302.0,65.1,0.0573,0.7757,0.1833,0.2534,1425.0,64.0,0.2900,18.3,61.4,0.290,8,208,6,20,41.4,86.1,44.5,79.4,646,875,[600-607],"[29-57,59-78,89-185,191-222,226-255]",[601-606],"[41,44-45,48,51-52,105,108-109,112-113,117,119-121,123-125,127,144]",ZNF503___AGAP3_unrelaxed_rank_001_alphafold2_multimer_v3_model_5_seed_000.pdb
ZNF503___AGAP3,2,4,A,B,0.0284,27.5,0.8,0.0000,0.5334,0.0611,0.0132,84.0,9.0,0.2300,18.6,58.8,0.290,6,55,6,8,31.8,80.0,31.8,67.6,646,875,"[113-114,602-605]","[37,42,46,48-49,72-74,93-94,96,105-113,115-116,118,120,122,126-132,137,139-140,142,153,156,163-164,166,171-172,175,179,181-183,198,227-228,240,242,247,250]","[113-114,602-605]","[46,48,73-74,105,109,113,120]",ZNF503___AGAP3_unrelaxed_rank_002_alphafold2_multimer_v3_model_4_seed_000.pdb
ZNF503___AGAP3,3,1,A,B,0.0103,4.2,0.0,0.0000,0.5103,0.0230,0.0046,9.0,2.0,0.2200,19.1,58.5,0.290,2,9,2,2,35.2,59.0,35.2,55.9,646,875,"[113,116]","[44-45,61-62,71-74,79]","[113,116]","[44,74]",ZNF503___AGAP3_unrelaxed_rank_003_alphafold2_multimer_v3_model_1_seed_000.pdb
ZNF503___AGAP3,4,3,A,B,0.0000,0.0,0.0,0.0000,0.4206,0.0000,0.0000,0.0,0.0,0.2100,18.5,60.4,0.300,0,0,0,0,,,,,646,875,,,,,ZNF503___AGAP3_unrelaxed_rank_004_alphafold2_multimer_v3_model_3_seed_000.pdb
ZNF503___AGAP3,5,2,A,B,0.0000,0.0,0.0,0.0000,0.4416,0.0000,0.0000,0.0,0.0,0.1900,19.1,63.2,0.290,0,0,0,0,,,,,646,875,,,,,ZNF503___AGAP3_unrelaxed_rank_005_alphafold2_multimer_v3_model_2_seed_000.pdb
