name,rank,model,chain_i,chain_j,iLIS,iLIA,iLISA,ipSAE,actifpTM,LIS,cLIS,LIA,cLIA,ipTM,pLDDT_i,pLDDT_j,pTM,LIR_i,LIR_j,cLIR_i,cLIR_j,LIpLDDT_i,LIpLDDT_j,cLIpLDDT_i,cLIpLDDT_j,len_i,len_j,LIR_indices_i,LIR_indices_j,cLIR_indices_i,cLIR_indices_j,structure_file
AGAP3___FAM50A,1,4,A,B,0.0000,0.0,0.0,0.0000,0.2288,0.0000,0.0000,0.0,0.0,0.2100,59.7,47.8,0.310,0,0,0,0,,,,,875,339,,,,,AGAP3___FAM50A_unrelaxed_rank_001_alphafold2_multimer_v3_model_4_seed_000.pdb
AGAP3___FAM50A,2,1,A,B,0.0000,0.0,0.0,0.0000,0.2097,0.0000,0.0000,0.0,0.0,0.1800,59.1,49.0,0.310,0,0,0,0,,,,,875,339,,,,,AGAP3___FAM50A_unrelaxed_rank_002_alphafold2_multimer_v3_model_1_seed_000.pdb
AGAP3___FAM50A,3,2,A,B,0.0000,0.0,0.0,0.0000,0.1911,0.0000,0.0000,0.0,0.0,0.1700,62.3,53.9,0.300,0,0,0,0,,,,,875,339,,,,,AGAP3___FAM50A_unrelaxed_rank_003_alphafold2_multimer_v3_model_2_seed_000.pdb
AGAP3___FAM50A,4,3,A,B,0.0000,0.0,0.0,0.0000,0.2418,0.0000,0.0000,0.0,0.0,0.1600,61.4,48.5,0.300,0,0,0,0,,,,,875,339,,,,,AGAP3___FAM50A_unrelaxed_rank_004_alphafold2_multimer_v3_model_3_seed_000.pdb
AGAP3___FAM50A,5,5,A,B,0.0000,0.0,0.0,0.0000,0.1642,0.0000,0.0000,0.0,0.0,0.1600,60.1,51.6,0.300,0,0,0,0,,,,,875,339,,,,,AGAP3___FAM50A_unrelaxed_rank_005_alphafold2_multimer_v3_model_5_seed_000.pdb
ANP32A___CDC5L,1,3,A,B,0.3016,1193.6,360.0,0.2894,0.8331,0.2208,0.4119,19786.0,72.0,0.5400,62.5,60.3,0.350,162,122,20,17,86.7,76.8,80.6,73.5,249,802,[1-162],"[6-63,66,71,74,80-103,128-164]","[1,25-26,48,50-51,70,72-73,94,96,119,121-122,146-147,154-155,157,159]","[26,29-33,35-36,43-44,47,147,151,154,158,162-163]",ANP32A___CDC5L_unrelaxed_rank_001_alphafold2_multimer_v3_model_3_seed_000.pdb
ANP32A___CDC5L,2,1,A,B,0.0000,0.0,0.0,0.0000,0.2580,0.0000,0.0000,0.0,0.0,0.2200,61.4,58.1,0.270,0,0,0,0,,,,,249,802,,,,,ANP32A___CDC5L_unrelaxed_rank_002_alphafold2_multimer_v3_model_1_seed_000.pdb
ANP32A___CDC5L,3,5,A,B,0.0000,0.0,0.0,0.0000,0.2088,0.0000,0.0000,0.0,0.0,0.1800,62.1,57.6,0.270,0,0,0,0,,,,,249,802,,,,,ANP32A___CDC5L_unrelaxed_rank_003_alphafold2_multimer_v3_model_5_seed_000.pdb
ANP32A___CDC5L,4,2,A,B,0.0000,0.0,0.0,0.0000,0.1713,0.0000,0.0000,0.0,0.0,0.1600,62.8,54.1,0.260,0,0,0,0,,,,,249,802,,,,,ANP32A___CDC5L_unrelaxed_rank_004_alphafold2_multimer_v3_model_2_seed_000.pdb
ANP32A___CDC5L,5,4,A,B,0.0000,0.0,0.0,0.0000,0.1902,0.0000,0.0000,0.0,0.0,0.1500,61.6,50.7,0.260,0,0,0,0,,,,,249,802,,,,,ANP32A___CDC5L_unrelaxed_rank_005_alphafold2_multimer_v3_model_4_seed_000.pdb
ANP32A___GFP,1,2,A,B,0.0142,10.4,0.1,0.0000,0.2930,0.0200,0.0100,109.0,1.0,0.2500,62.1,89.1,0.550,12,83,1,1,86.2,91.0,73.6,70.9,249,238,"[47-51,69-74,95]","[12,16,27,29,36,40-43,46-47,49,55,60,72,76-81,83-87,92-93,97-101,106-108,112,115,119-121,123,137,142,147,149-152,154,156,160-164,169,171,175,177-183,185,195,197-199,201,203,207,209,211,216-217,219,221-222,224,226]",[51],[147],ANP32A___GFP_unrelaxed_rank_001_alphafold2_multimer_v3_model_2_seed_000.pdb
ANP32A___GFP,2,5,A,B,0.0000,0.0,0.0,0.0000,0.1180,0.0000,0.0000,0.0,0.0,0.1500,63.4,88.6,0.510,0,0,0,0,,,,,249,238,,,,,ANP32A___GFP_unrelaxed_rank_002_alphafold2_multimer_v3_model_5_seed_000.pdb
ANP32A___GFP,3,3,A,B,0.0000,0.0,0.0,0.0000,0.1197,0.0000,0.0000,0.0,0.0,0.1500,63.6,89.0,0.510,0,0,0,0,,,,,249,238,,,,,ANP32A___GFP_unrelaxed_rank_003_alphafold2_multimer_v3_model_3_seed_000.pdb
ANP32A___GFP,4,1,A,B,0.0000,0.0,0.0,0.0000,0.1218,0.0000,0.0000,0.0,0.0,0.1500,61.7,86.9,0.510,0,0,0,0,,,,,249,238,,,,,ANP32A___GFP_unrelaxed_rank_004_alphafold2_multimer_v3_model_1_seed_000.pdb
ANP32A___GFP,5,4,A,B,0.0000,0.0,0.0,0.0000,0.0967,0.0000,0.0000,0.0,0.0,0.1200,62.7,88.0,0.500,0,0,0,0,,,,,249,238,,,,,ANP32A___GFP_unrelaxed_rank_005_alphafold2_multimer_v3_model_4_seed_000.pdb
ATXN2L___CCNT1,1,3,A,B,0.1423,251.1,35.7,0.0160,0.7665,0.1233,0.1641,1342.0,47.0,0.3100,24.5,42.5,0.310,10,224,7,15,36.4,88.8,37.5,89.3,1075,726,[216-225],"[12-27,29-113,121,123-208,210-215,219-248]",[217-223],"[57,60-61,64,91,94-95,148-152,154-155,193]",ATXN2L___CCNT1_unrelaxed_rank_001_alphafold2_multimer_v3_model_3_seed_000.pdb
ATXN2L___CCNT1,2,1,A,B,0.0555,91.2,5.1,0.0126,0.6150,0.0499,0.0618,308.0,27.0,0.2700,24.7,43.6,0.310,11,123,7,15,35.6,89.1,34.5,78.3,1075,726,"[316,655-661,663,665-666]","[14,18,23,26,33-35,37-38,41-42,44,48-49,51,54-55,58-59,61-66,68,70,72,78,86,105,143,152-174,176-240,242-244]","[656-657,659-660,663,665-666]","[163-167,170,205,209-213,215-216,221]",ATXN2L___CCNT1_unrelaxed_rank_002_alphafold2_multimer_v3_model_1_seed_000.pdb
ATXN2L___CCNT1,3,2,A,B,0.0467,89.4,4.2,0.0112,0.6227,0.0403,0.0541,381.0,21.0,0.2600,25.0,46.0,0.300,7,159,6,13,35.8,92.9,37.0,81.7,1075,726,[653-659],"[13,15,18-19,22-25,29-31,33-35,37-39,41-42,45,48-49,51-52,54,56-57,59-60,62-64,68,72,74-76,78,83-87,90-91,94,101-109,111,128-144,152-174,176-216,219-226,228-230,233-238,240,242-245]",[654-659],"[164-167,170,205,208-213,221]",ATXN2L___CCNT1_unrelaxed_rank_003_alphafold2_multimer_v3_model_2_seed_000.pdb
ATXN2L___CCNT1,4,4,A,B,0.0000,0.0,0.0,0.0000,0.4590,0.0000,0.0000,0.0,0.0,0.2300,23.0,41.7,0.300,0,0,0,0,,,,,1075,726,,,,,ATXN2L___CCNT1_unrelaxed_rank_004_alphafold2_multimer_v3_model_4_seed_000.pdb
ATXN2L___CCNT1,5,5,A,B,0.0000,0.0,0.0,0.0000,0.2825,0.0000,0.0000,0.0,0.0,0.1900,25.1,43.9,0.290,0,0,0,0,,,,,1075,726,,,,,ATXN2L___CCNT1_unrelaxed_rank_005_alphafold2_multimer_v3_model_5_seed_000.pdb
ATXN2L___NCL,1,1,A,B,0.0000,0.0,0.0,0.0000,0.2148,0.0000,0.0000,0.0,0.0,0.1900,23.0,43.9,0.230,0,0,0,0,,,,,1075,710,,,,,ATXN2L___NCL_unrelaxed_rank_001_alphafold2_multimer_v3_model_1_seed_000.pdb
ATXN2L___NCL,2,4,A,B,0.0000,0.0,0.0,0.0000,0.2589,0.0000,0.0000,0.0,0.0,0.1800,22.7,43.5,0.230,0,0,0,0,,,,,1075,710,,,,,ATXN2L___NCL_unrelaxed_rank_002_alphafold2_multimer_v3_model_4_seed_000.pdb
ATXN2L___NCL,3,2,A,B,0.0000,0.0,0.0,0.0000,0.1975,0.0000,0.0000,0.0,0.0,0.1800,23.2,45.4,0.230,0,0,0,0,,,,,1075,710,,,,,ATXN2L___NCL_unrelaxed_rank_003_alphafold2_multimer_v3_model_2_seed_000.pdb
ATXN2L___NCL,4,5,A,B,0.0000,0.0,0.0,0.0000,0.1828,0.0000,0.0000,0.0,0.0,0.1800,24.4,44.9,0.230,0,0,0,0,,,,,1075,710,,,,,ATXN2L___NCL_unrelaxed_rank_004_alphafold2_multimer_v3_model_5_seed_000.pdb
ATXN2L___NCL,5,3,A,B,0.0000,0.0,0.0,0.0000,0.1904,0.0000,0.0000,0.0,0.0,0.1800,23.6,43.8,0.230,0,0,0,0,,,,,1075,710,,,,,ATXN2L___NCL_unrelaxed_rank_005_alphafold2_multimer_v3_model_3_seed_000.pdb
CCAR2___CCNT1,1,4,A,B,0.3016,973.2,293.5,0.1226,0.9210,0.2213,0.4110,8236.0,115.0,0.3400,56.2,40.1,0.380,38,244,21,31,42.8,84.3,47.9,82.0,923,726,[648-685],"[7-116,118,121-216,219-255]","[648,651-655,663,668-669,671-673,675-681,683,685]","[55-58,60-61,94-96,148-152,154-156,158-159,172-173,175-176,180,193-194,207,245,250,253-254]",CCAR2___CCNT1_unrelaxed_rank_001_alphafold2_multimer_v3_model_4_seed_000.pdb
CCAR2___CCNT1,2,1,A,B,0.0157,4.2,0.1,0.0000,0.5283,0.0362,0.0068,6.0,3.0,0.2400,56.5,42.2,0.370,3,5,3,3,32.6,74.9,32.6,74.2,923,726,"[141-142,155]","[163,207,214,216-217]","[141-142,155]","[207,214,216]",CCAR2___CCNT1_unrelaxed_rank_002_alphafold2_multimer_v3_model_1_seed_000.pdb
CCAR2___CCNT1,3,2,A,B,0.0000,0.0,0.0,0.0000,0.4740,0.0000,0.0000,0.0,0.0,0.2100,57.8,44.1,0.390,0,0,0,0,,,,,923,726,,,,,CCAR2___CCNT1_unrelaxed_rank_003_alphafold2_multimer_v3_model_2_seed_000.pdb
CCAR2___CCNT1,4,5,A,B,0.0000,0.0,0.0,0.0000,0.3080,0.0000,0.0000,0.0,0.0,0.1900,57.7,42.2,0.380,0,0,0,0,,,,,923,726,,,,,CCAR2___CCNT1_unrelaxed_rank_004_alphafold2_multimer_v3_model_5_seed_000.pdb
CCAR2___CCNT1,5,3,A,B,0.0000,0.0,0.0,0.0000,0.2649,0.0000,0.0000,0.0,0.0,0.1900,56.5,42.1,0.380,0,0,0,0,,,,,923,726,,,,,CCAR2___CCNT1_unrelaxed_rank_005_alphafold2_multimer_v3_model_3_seed_000.pdb
CCAR2___HMGB1,1,2,A,B,0.0000,0.0,0.0,0.0000,0.3775,0.0000,0.0000,0.0,0.0,0.2000,60.1,54.6,0.470,0,0,0,0,,,,,923,215,,,,,CCAR2___HMGB1_unrelaxed_rank_001_alphafold2_multimer_v3_model_2_seed_000.pdb
CCAR2___HMGB1,2,3,A,B,0.0000,0.0,0.0,0.0000,0.2303,0.0000,0.0000,0.0,0.0,0.1800,58.0,53.3,0.460,0,0,0,0,,,,,923,215,,,,,CCAR2___HMGB1_unrelaxed_rank_002_alphafold2_multimer_v3_model_3_seed_000.pdb
CCAR2___HMGB1,3,5,A,B,0.0000,0.0,0.0,0.0000,0.1760,0.0000,0.0000,0.0,0.0,0.1700,57.7,55.1,0.460,0,0,0,0,,,,,923,215,,,,,CCAR2___HMGB1_unrelaxed_rank_003_alphafold2_multimer_v3_model_5_seed_000.pdb
CCAR2___HMGB1,4,1,A,B,0.0000,0.0,0.0,0.0000,0.1978,0.0000,0.0000,0.0,0.0,0.1700,59.3,53.2,0.450,0,0,0,0,,,,,923,215,,,,,CCAR2___HMGB1_unrelaxed_rank_004_alphafold2_multimer_v3_model_1_seed_000.pdb
CCAR2___HMGB1,5,4,A,B,0.0000,0.0,0.0,0.0000,0.2172,0.0000,0.0000,0.0,0.0,0.1700,56.3,51.1,0.440,0,0,0,0,,,,,923,215,,,,,CCAR2___HMGB1_unrelaxed_rank_005_alphafold2_multimer_v3_model_4_seed_000.pdb
CCAR2___SNRPC,1,2,A,B,0.0000,0.0,0.0,0.0000,0.2608,0.0000,0.0000,0.0,0.0,0.1900,60.0,34.5,0.480,0,0,0,0,,,,,923,159,,,,,CCAR2___SNRPC_unrelaxed_rank_001_alphafold2_multimer_v3_model_2_seed_000.pdb
CCAR2___SNRPC,2,3,A,B,0.0000,0.0,0.0,0.0000,0.1729,0.0000,0.0000,0.0,0.0,0.1600,58.1,30.7,0.470,0,0,0,0,,,,,923,159,,,,,CCAR2___SNRPC_unrelaxed_rank_002_alphafold2_multimer_v3_model_3_seed_000.pdb
CCAR2___SNRPC,3,5,A,B,0.0000,0.0,0.0,0.0000,0.1513,0.0000,0.0000,0.0,0.0,0.1500,59.2,30.2,0.480,0,0,0,0,,,,,923,159,,,,,CCAR2___SNRPC_unrelaxed_rank_003_alphafold2_multimer_v3_model_5_seed_000.pdb
CCAR2___SNRPC,4,4,A,B,0.0000,0.0,0.0,0.0000,0.2042,0.0000,0.0000,0.0,0.0,0.1500,58.0,32.9,0.460,0,0,0,0,,,,,923,159,,,,,CCAR2___SNRPC_unrelaxed_rank_004_alphafold2_multimer_v3_model_4_seed_000.pdb
CCAR2___SNRPC,5,1,A,B,0.0000,0.0,0.0,0.0000,0.1436,0.0000,0.0000,0.0,0.0,0.1400,59.3,29.8,0.460,0,0,0,0,,,,,923,159,,,,,CCAR2___SNRPC_unrelaxed_rank_005_alphafold2_multimer_v3_model_1_seed_000.pdb
CCNT1___PRDX1,1,5,A,B,0.0000,0.0,0.0,0.0000,0.1827,0.0000,0.0000,0.0,0.0,0.2600,43.1,85.0,0.390,0,0,0,0,,,,,726,199,,,,,CCNT1___PRDX1_unrelaxed_rank_001_alphafold2_multimer_v3_model_5_seed_000.pdb
CCNT1___PRDX1,2,2,A,B,0.0000,0.0,0.0,0.0000,0.2058,0.0000,0.0000,0.0,0.0,0.2400,45.4,86.0,0.400,0,0,0,0,,,,,726,199,,,,,CCNT1___PRDX1_unrelaxed_rank_002_alphafold2_multimer_v3_model_2_seed_000.pdb
CCNT1___PRDX1,3,4,A,B,0.0000,0.0,0.0,0.0000,0.1533,0.0000,0.0000,0.0,0.0,0.1800,42.4,84.8,0.360,0,0,0,0,,,,,726,199,,,,,CCNT1___PRDX1_unrelaxed_rank_003_alphafold2_multimer_v3_model_4_seed_000.pdb
CCNT1___PRDX1,4,3,A,B,0.0000,0.0,0.0,0.0000,0.1555,0.0000,0.0000,0.0,0.0,0.1800,43.5,86.6,0.370,0,0,0,0,,,,,726,199,,,,,CCNT1___PRDX1_unrelaxed_rank_004_alphafold2_multimer_v3_model_3_seed_000.pdb
CCNT1___PRDX1,5,1,A,B,0.0000,0.0,0.0,0.0000,0.1332,0.0000,0.0000,0.0,0.0,0.1700,43.3,84.9,0.360,0,0,0,0,,,,,726,199,,,,,CCNT1___PRDX1_unrelaxed_rank_005_alphafold2_multimer_v3_model_1_seed_000.pdb
CCNT1___ZBTB33,1,4,A,B,0.4317,2342.5,1011.3,0.4796,0.9566,0.3384,0.5506,43900.0,125.0,0.3800,42.9,40.5,0.380,254,130,30,31,87.8,69.6,73.4,66.9,726,672,[6-259],"[478-597,637-646]","[164-167,169-170,172-173,206-216,235,238-239,242-243,245-246,255-258]","[510-511,513-514,517-520,522,533-535,538,541,553,562,583-589,591-592,594,597,638,640,642-643]",CCNT1___ZBTB33_unrelaxed_rank_001_alphafold2_multimer_v3_model_4_seed_000.pdb
CCNT1___ZBTB33,2,1,A,B,0.0207,10.1,0.2,0.0000,0.4852,0.0169,0.0253,17.0,6.0,0.2300,41.3,35.8,0.340,12,3,5,3,77.9,32.8,70.6,32.8,726,672,"[157,164,179,210-211,213-214,220-222,224,234]","[166-167,171]","[164,210-211,213,221]","[166-167,171]",CCNT1___ZBTB33_unrelaxed_rank_002_alphafold2_multimer_v3_model_1_seed_000.pdb
CCNT1___ZBTB33,3,5,A,B,0.0000,0.0,0.0,0.0000,0.3496,0.0000,0.0000,0.0,0.0,0.2000,42.3,36.7,0.310,0,0,0,0,,,,,726,672,,,,,CCNT1___ZBTB33_unrelaxed_rank_003_alphafold2_multimer_v3_model_5_seed_000.pdb
CCNT1___ZBTB33,4,3,A,B,0.0000,0.0,0.0,0.0000,0.2200,0.0000,0.0000,0.0,0.0,0.1800,42.0,35.4,0.310,0,0,0,0,,,,,726,672,,,,,CCNT1___ZBTB33_unrelaxed_rank_004_alphafold2_multimer_v3_model_3_seed_000.pdb
CCNT1___ZBTB33,5,2,A,B,0.0000,0.0,0.0,0.0000,0.1989,0.0000,0.0000,0.0,0.0,0.1700,44.0,37.6,0.320,0,0,0,0,,,,,726,672,,,,,CCNT1___ZBTB33_unrelaxed_rank_005_alphafold2_multimer_v3_model_2_seed_000.pdb
CDK4___DNAJA1,1,4,A,B,0.0000,0.0,0.0,0.0000,0.1622,0.0000,0.0000,0.0,0.0,0.1600,73.6,69.8,0.430,0,0,0,0,,,,,303,397,,,,,CDK4___DNAJA1_unrelaxed_rank_001_alphafold2_multimer_v3_model_4_seed_000.pdb
CDK4___DNAJA1,2,2,A,B,0.0000,0.0,0.0,0.0000,0.1330,0.0000,0.0000,0.0,0.0,0.1600,72.0,69.7,0.420,0,0,0,0,,,,,303,397,,,,,CDK4___DNAJA1_unrelaxed_rank_002_alphafold2_multimer_v3_model_2_seed_000.pdb
CDK4___DNAJA1,3,3,A,B,0.0000,0.0,0.0,0.0000,0.1530,0.0000,0.0000,0.0,0.0,0.1400,71.8,68.6,0.420,0,0,0,0,,,,,303,397,,,,,CDK4___DNAJA1_unrelaxed_rank_003_alphafold2_multimer_v3_model_3_seed_000.pdb
CDK4___DNAJA1,4,1,A,B,0.0000,0.0,0.0,0.0000,0.1355,0.0000,0.0000,0.0,0.0,0.1400,74.7,70.0,0.430,0,0,0,0,,,,,303,397,,,,,CDK4___DNAJA1_unrelaxed_rank_004_alphafold2_multimer_v3_model_1_seed_000.pdb
CDK4___DNAJA1,5,5,A,B,0.0000,0.0,0.0,0.0000,0.1306,0.0000,0.0000,0.0,0.0,0.1300,73.2,70.8,0.420,0,0,0,0,,,,,303,397,,,,,CDK4___DNAJA1_unrelaxed_rank_005_alphafold2_multimer_v3_model_5_seed_000.pdb
CDK4___HMGB1,1,4,A,B,0.0000,0.0,0.0,0.0000,0.1367,0.0000,0.0000,0.0,0.0,0.1700,76.8,55.9,0.550,0,0,0,0,,,,,303,215,,,,,CDK4___HMGB1_unrelaxed_rank_001_alphafold2_multimer_v3_model_4_seed_000.pdb
CDK4___HMGB1,2,1,A,B,0.0000,0.0,0.0,0.0000,0.1538,0.0000,0.0000,0.0,0.0,0.1400,77.8,55.8,0.560,0,0,0,0,,,,,303,215,,,,,CDK4___HMGB1_unrelaxed_rank_002_alphafold2_multimer_v3_model_1_seed_000.pdb
CDK4___HMGB1,3,5,A,B,0.0000,0.0,0.0,0.0000,0.1486,0.0000,0.0000,0.0,0.0,0.1400,78.3,60.9,0.560,0,0,0,0,,,,,303,215,,,,,CDK4___HMGB1_unrelaxed_rank_003_alphafold2_multimer_v3_model_5_seed_000.pdb
CDK4___HMGB1,4,3,A,B,0.0000,0.0,0.0,0.0000,0.1462,0.0000,0.0000,0.0,0.0,0.1400,75.1,57.9,0.530,0,0,0,0,,,,,303,215,,,,,CDK4___HMGB1_unrelaxed_rank_004_alphafold2_multimer_v3_model_3_seed_000.pdb
CDK4___HMGB1,5,2,A,B,0.0000,0.0,0.0,0.0000,0.1005,0.0000,0.0000,0.0,0.0,0.1300,76.4,57.6,0.530,0,0,0,0,,,,,303,215,,,,,CDK4___HMGB1_unrelaxed_rank_005_alphafold2_multimer_v3_model_2_seed_000.pdb
CDK4___U2SURP,1,3,A,B,0.0000,0.0,0.0,0.0000,0.2690,0.0000,0.0000,0.0,0.0,0.2200,77.1,46.4,0.320,0,0,0,0,,,,,303,1029,,,,,CDK4___U2SURP_unrelaxed_rank_001_alphafold2_multimer_v3_model_3_seed_000.pdb
CDK4___U2SURP,2,1,A,B,0.0000,0.0,0.0,0.0000,0.2339,0.0000,0.0000,0.0,0.0,0.2000,77.5,45.3,0.320,0,0,0,0,,,,,303,1029,,,,,CDK4___U2SURP_unrelaxed_rank_002_alphafold2_multimer_v3_model_1_seed_000.pdb
CDK4___U2SURP,3,2,A,B,0.0000,0.0,0.0,0.0000,0.1904,0.0000,0.0000,0.0,0.0,0.2000,77.7,47.3,0.320,0,0,0,0,,,,,303,1029,,,,,CDK4___U2SURP_unrelaxed_rank_003_alphafold2_multimer_v3_model_2_seed_000.pdb
CDK4___U2SURP,4,4,A,B,0.0000,0.0,0.0,0.0000,0.1893,0.0000,0.0000,0.0,0.0,0.1900,75.5,43.4,0.310,0,0,0,0,,,,,303,1029,,,,,CDK4___U2SURP_unrelaxed_rank_004_alphafold2_multimer_v3_model_4_seed_000.pdb
CDK4___U2SURP,5,5,A,B,0.0000,0.0,0.0,0.0000,0.1797,0.0000,0.0000,0.0,0.0,0.1900,76.6,46.3,0.310,0,0,0,0,,,,,303,1029,,,,,CDK4___U2SURP_unrelaxed_rank_005_alphafold2_multimer_v3_model_5_seed_000.pdb
CIZ1___CCNT1,1,4,A,B,0.0339,28.6,1.0,0.0000,0.5580,0.0290,0.0396,117.0,7.0,0.3000,24.1,41.2,0.320,7,66,4,4,61.0,86.6,58.7,67.5,898,726,[696-702],"[14,18,23,38,42,44,48,51,54,57-61,68-70,72-73,75,78,86-87,91,94,105-106,108,140,143,153,156-157,159,173-179,181-183,188,194-198,200,203-204,206,208,221-223,225,230,233,237,241-243,246]","[696-698,700]","[206,242-243,246]",CIZ1___CCNT1_unrelaxed_rank_001_alphafold2_multimer_v3_model_4_seed_000.pdb
CIZ1___CCNT1,2,1,A,B,0.1466,253.2,37.1,0.0170,0.7108,0.1179,0.1822,1105.0,58.0,0.2900,25.1,41.8,0.320,9,216,8,18,33.4,85.6,33.9,67.3,898,726,"[548-555,734]","[12-27,29-79,82-95,97-112,128-145,147-247]","[548-554,734]","[163-167,170-171,205,209-216,221,224]",CIZ1___CCNT1_unrelaxed_rank_002_alphafold2_multimer_v3_model_1_seed_000.pdb
CIZ1___CCNT1,3,5,A,B,0.0895,56.7,5.1,0.0122,0.5262,0.0763,0.1050,322.0,10.0,0.2500,24.9,43.3,0.310,7,166,4,7,32.7,90.2,33.9,75.5,898,726,"[548,550-555]","[13-19,22-26,29,33-34,37-42,44-45,47-49,54,58-59,61,63-65,68-69,71-76,78,82-89,91-95,101-109,111,126,130-131,133-135,137-144,150-180,182,187-212,214-217,219-238,240-244]","[550,552-554]","[164,166-167,170,210-211,221]",CIZ1___CCNT1_unrelaxed_rank_003_alphafold2_multimer_v3_model_5_seed_000.pdb
CIZ1___CCNT1,4,2,A,B,0.0000,0.0,0.0,0.0000,0.4535,0.0000,0.0000,0.0,0.0,0.2400,26.4,44.5,0.310,0,0,0,0,,,,,898,726,,,,,CIZ1___CCNT1_unrelaxed_rank_004_alphafold2_multimer_v3_model_2_seed_000.pdb
CIZ1___CCNT1,5,3,A,B,0.0000,0.0,0.0,0.0000,0.4123,0.0000,0.0000,0.0,0.0,0.2100,24.5,42.3,0.300,0,0,0,0,,,,,898,726,,,,,CIZ1___CCNT1_unrelaxed_rank_005_alphafold2_multimer_v3_model_3_seed_000.pdb
CIZ1___PSPC1,1,5,A,B,0.3512,1376.7,483.5,0.3919,0.9320,0.2380,0.5181,26693.0,71.0,0.4700,28.5,59.7,0.340,76,259,19,18,78.2,88.0,81.4,72.3,898,523,[649-724],"[60-314,316-319]","[654,660,666-668,683,685-686,688-689,697-698,700-701,704-705,710,713-714]","[61,63-64,66,69-70,72-73,128,131-132,134-136,189,191-193]",CIZ1___PSPC1_unrelaxed_rank_001_alphafold2_multimer_v3_model_5_seed_000.pdb
CIZ1___PSPC1,2,4,A,B,0.3253,1424.8,463.5,0.3781,0.9447,0.2228,0.4750,22067.0,92.0,0.4600,27.1,58.2,0.330,74,245,24,23,75.1,85.7,77.9,73.4,898,523,[650-723],"[62-268,270-306,308]","[654-655,657-658,660,666-668,683,685-689,696-698,700-702,704-705,709,713]","[63-66,69-70,72-74,128,131-132,134-136,168-170,186,189,191-193]",CIZ1___PSPC1_unrelaxed_rank_002_alphafold2_multimer_v3_model_4_seed_000.pdb
CIZ1___PSPC1,3,1,A,B,0.0589,206.4,12.2,0.0136,0.5823,0.0558,0.0621,1092.0,39.0,0.3900,28.2,59.7,0.340,49,129,15,15,69.0,86.6,68.4,73.4,898,523,"[653-673,675-688,691-704]","[64-84,99,122-136,150-193,195-217,219-239,241,275,299-300]","[654-655,658,666-668,671,683-686,694,696-697,700]","[65-66,69-73,128,168,170-171,173-174,177,181]",CIZ1___PSPC1_unrelaxed_rank_003_alphafold2_multimer_v3_model_1_seed_000.pdb
CIZ1___PSPC1,4,2,A,B,0.0000,0.0,0.0,0.0000,0.3412,0.0000,0.0000,0.0,0.0,0.3000,28.1,59.4,0.320,0,0,0,0,,,,,898,523,,,,,CIZ1___PSPC1_unrelaxed_rank_004_alphafold2_multimer_v3_model_2_seed_000.pdb
CIZ1___PSPC1,5,3,A,B,0.0000,0.0,0.0,0.0000,0.3555,0.0000,0.0000,0.0,0.0,0.2800,27.6,59.1,0.320,0,0,0,0,,,,,898,523,,,,,CIZ1___PSPC1_unrelaxed_rank_005_alphafold2_multimer_v3_model_3_seed_000.pdb
CSTB___RBM33,1,1,A,B,0.0000,0.0,0.0,0.0000,0.2457,0.0000,0.0000,0.0,0.0,0.2400,87.4,23.7,0.210,0,0,0,0,,,,,98,1170,,,,,CSTB___RBM33_unrelaxed_rank_001_alphafold2_multimer_v3_model_1_seed_000.pdb
CSTB___RBM33,2,4,A,B,0.0000,0.0,0.0,0.0000,0.2023,0.0000,0.0000,0.0,0.0,0.2100,87.6,24.0,0.200,0,0,0,0,,,,,98,1170,,,,,CSTB___RBM33_unrelaxed_rank_002_alphafold2_multimer_v3_model_4_seed_000.pdb
CSTB___RBM33,3,3,A,B,0.0000,0.0,0.0,0.0000,0.1642,0.0000,0.0000,0.0,0.0,0.2100,86.3,26.4,0.200,0,0,0,0,,,,,98,1170,,,,,CSTB___RBM33_unrelaxed_rank_003_alphafold2_multimer_v3_model_3_seed_000.pdb
CSTB___RBM33,4,2,A,B,0.0000,0.0,0.0,0.0000,0.2047,0.0000,0.0000,0.0,0.0,0.1800,89.3,25.0,0.200,0,0,0,0,,,,,98,1170,,,,,CSTB___RBM33_unrelaxed_rank_004_alphafold2_multimer_v3_model_2_seed_000.pdb
CSTB___RBM33,5,5,A,B,0.0000,0.0,0.0,0.0000,0.0000,0.0000,0.0000,0.0,0.0,0.1800,90.8,26.3,0.200,0,0,0,0,,,,,98,1170,,,,,CSTB___RBM33_unrelaxed_rank_005_alphafold2_multimer_v3_model_5_seed_000.pdb
CSTB___ZFR,1,3,A,B,0.5807,2077.5,1206.4,0.6868,0.9795,0.4623,0.7294,50778.0,85.0,0.8700,85.7,48.9,0.420,92,323,17,26,89.5,89.3,83.5,91.1,98,1074,[7-98],"[716-773,776-1040]","[7-8,45-50,52,70,73,75,83-84,88,96-97]","[717,731-732,735,738,741-742,744-745,748,787,789-791,794-797,909-910,912-913,917-918,920,924]",CSTB___ZFR_unrelaxed_rank_001_alphafold2_multimer_v3_model_3_seed_000.pdb
CSTB___ZFR,2,4,A,B,0.4203,2350.8,988.2,0.4812,0.9354,0.3379,0.5229,50701.0,109.0,0.8300,86.9,47.6,0.410,95,307,18,29,88.8,90.8,77.6,90.7,98,1074,[4-98],"[718-771,780-878,886-1039]","[4-8,46-50,52,70,73,75,83-84,96-97]","[728,731,735-736,738,741-742,744-745,748,787,789-791,793-797,799,909-910,912-913,917-918,920,923-924]",CSTB___ZFR_unrelaxed_rank_002_alphafold2_multimer_v3_model_4_seed_000.pdb
CSTB___ZFR,3,2,A,B,0.0000,0.0,0.0,0.0000,0.1770,0.0000,0.0000,0.0,0.0,0.2100,79.6,47.0,0.370,0,0,0,0,,,,,98,1074,,,,,CSTB___ZFR_unrelaxed_rank_003_alphafold2_multimer_v3_model_2_seed_000.pdb
CSTB___ZFR,4,5,A,B,0.0000,0.0,0.0,0.0000,0.1764,0.0000,0.0000,0.0,0.0,0.2000,80.5,46.2,0.360,0,0,0,0,,,,,98,1074,,,,,CSTB___ZFR_unrelaxed_rank_004_alphafold2_multimer_v3_model_5_seed_000.pdb
CSTB___ZFR,5,1,A,B,0.0000,0.0,0.0,0.0000,0.1999,0.0000,0.0000,0.0,0.0,0.2000,81.1,47.6,0.370,0,0,0,0,,,,,98,1074,,,,,CSTB___ZFR_unrelaxed_rank_005_alphafold2_multimer_v3_model_1_seed_000.pdb
DDX17___AGAP3,1,3,A,B,0.0000,0.0,0.0,0.0000,0.2443,0.0000,0.0000,0.0,0.0,0.2200,58.1,57.6,0.380,0,0,0,0,,,,,729,875,,,,,DDX17___AGAP3_unrelaxed_rank_001_alphafold2_multimer_v3_model_3_seed_000.pdb
DDX17___AGAP3,2,4,A,B,0.0000,0.0,0.0,0.0000,0.3281,0.0000,0.0000,0.0,0.0,0.2100,56.6,55.4,0.360,0,0,0,0,,,,,729,875,,,,,DDX17___AGAP3_unrelaxed_rank_002_alphafold2_multimer_v3_model_4_seed_000.pdb
DDX17___AGAP3,3,2,A,B,0.0000,0.0,0.0,0.0000,0.4527,0.0000,0.0000,0.0,0.0,0.2100,59.1,57.6,0.360,0,0,0,0,,,,,729,875,,,,,DDX17___AGAP3_unrelaxed_rank_003_alphafold2_multimer_v3_model_2_seed_000.pdb
DDX17___AGAP3,4,1,A,B,0.0000,0.0,0.0,0.0000,0.2077,0.0000,0.0000,0.0,0.0,0.2000,57.0,53.8,0.350,0,0,0,0,,,,,729,875,,,,,DDX17___AGAP3_unrelaxed_rank_004_alphafold2_multimer_v3_model_1_seed_000.pdb
DDX17___AGAP3,5,5,A,B,0.0000,0.0,0.0,0.0000,0.2047,0.0000,0.0000,0.0,0.0,0.1900,57.2,57.3,0.350,0,0,0,0,,,,,729,875,,,,,DDX17___AGAP3_unrelaxed_rank_005_alphafold2_multimer_v3_model_5_seed_000.pdb
DDX17___CDC5L,1,3,A,B,0.0000,0.0,0.0,0.0000,0.2929,0.0000,0.0000,0.0,0.0,0.2000,59.5,54.5,0.380,0,0,0,0,,,,,729,802,,,,,DDX17___CDC5L_unrelaxed_rank_001_alphafold2_multimer_v3_model_3_seed_000.pdb
DDX17___CDC5L,2,1,A,B,0.0000,0.0,0.0,0.0000,0.2291,0.0000,0.0000,0.0,0.0,0.1900,58.7,49.7,0.360,0,0,0,0,,,,,729,802,,,,,DDX17___CDC5L_unrelaxed_rank_002_alphafold2_multimer_v3_model_1_seed_000.pdb
DDX17___CDC5L,3,2,A,B,0.0000,0.0,0.0,0.0000,0.3543,0.0000,0.0000,0.0,0.0,0.1900,61.0,50.5,0.360,0,0,0,0,,,,,729,802,,,,,DDX17___CDC5L_unrelaxed_rank_003_alphafold2_multimer_v3_model_2_seed_000.pdb
DDX17___CDC5L,4,4,A,B,0.0000,0.0,0.0,0.0000,0.1930,0.0000,0.0000,0.0,0.0,0.1600,60.1,49.2,0.370,0,0,0,0,,,,,729,802,,,,,DDX17___CDC5L_unrelaxed_rank_004_alphafold2_multimer_v3_model_4_seed_000.pdb
DDX17___CDC5L,5,5,A,B,0.0000,0.0,0.0,0.0000,0.2015,0.0000,0.0000,0.0,0.0,0.1700,58.7,52.2,0.340,0,0,0,0,,,,,729,802,,,,,DDX17___CDC5L_unrelaxed_rank_005_alphafold2_multimer_v3_model_5_seed_000.pdb
DDX17___FUBP3,1,3,A,B,0.0000,0.0,0.0,0.0000,0.3189,0.0000,0.0000,0.0,0.0,0.2600,60.6,43.3,0.410,0,0,0,0,,,,,729,572,,,,,DDX17___FUBP3_unrelaxed_rank_001_alphafold2_multimer_v3_model_3_seed_000.pdb
DDX17___FUBP3,2,1,A,B,0.0000,0.0,0.0,0.0000,0.4225,0.0000,0.0000,0.0,0.0,0.2300,59.9,43.0,0.380,0,0,0,0,,,,,729,572,,,,,DDX17___FUBP3_unrelaxed_rank_002_alphafold2_multimer_v3_model_1_seed_000.pdb
DDX17___FUBP3,3,2,A,B,0.0000,0.0,0.0,0.0000,0.2249,0.0000,0.0000,0.0,0.0,0.1900,61.5,44.4,0.400,0,0,0,0,,,,,729,572,,,,,DDX17___FUBP3_unrelaxed_rank_003_alphafold2_multimer_v3_model_2_seed_000.pdb
DDX17___FUBP3,4,4,A,B,0.0000,0.0,0.0,0.0000,0.2055,0.0000,0.0000,0.0,0.0,0.1800,60.2,41.8,0.400,0,0,0,0,,,,,729,572,,,,,DDX17___FUBP3_unrelaxed_rank_004_alphafold2_multimer_v3_model_4_seed_000.pdb
DDX17___FUBP3,5,5,A,B,0.0000,0.0,0.0,0.0000,0.2642,0.0000,0.0000,0.0,0.0,0.1800,60.2,43.7,0.350,0,0,0,0,,,,,729,572,,,,,DDX17___FUBP3_unrelaxed_rank_005_alphafold2_multimer_v3_model_5_seed_000.pdb
DNAJA1___GFP,1,3,A,B,0.0000,0.0,0.0,0.0000,0.2391,0.0000,0.0000,0.0,0.0,0.3400,74.0,89.1,0.480,0,0,0,0,,,,,397,238,,,,,DNAJA1___GFP_unrelaxed_rank_001_alphafold2_multimer_v3_model_3_seed_000.pdb
DNAJA1___GFP,2,4,A,B,0.0000,0.0,0.0,0.0000,0.1001,0.0000,0.0000,0.0,0.0,0.1500,73.3,86.7,0.420,0,0,0,0,,,,,397,238,,,,,DNAJA1___GFP_unrelaxed_rank_002_alphafold2_multimer_v3_model_4_seed_000.pdb
DNAJA1___GFP,3,2,A,B,0.0000,0.0,0.0,0.0000,0.1121,0.0000,0.0000,0.0,0.0,0.1200,75.8,87.7,0.420,0,0,0,0,,,,,397,238,,,,,DNAJA1___GFP_unrelaxed_rank_003_alphafold2_multimer_v3_model_2_seed_000.pdb
DNAJA1___GFP,4,1,A,B,0.0000,0.0,0.0,0.0000,0.1130,0.0000,0.0000,0.0,0.0,0.1200,73.6,86.3,0.410,0,0,0,0,,,,,397,238,,,,,DNAJA1___GFP_unrelaxed_rank_004_alphafold2_multimer_v3_model_1_seed_000.pdb
DNAJA1___GFP,5,5,A,B,0.0000,0.0,0.0,0.0000,0.0986,0.0000,0.0000,0.0,0.0,0.1100,74.7,88.9,0.410,0,0,0,0,,,,,397,238,,,,,DNAJA1___GFP_unrelaxed_rank_005_alphafold2_multimer_v3_model_5_seed_000.pdb
EDC3___DNAJA1,1,3,A,B,0.0000,0.0,0.0,0.0000,0.3144,0.0000,0.0000,0.0,0.0,0.1600,58.5,71.6,0.370,0,0,0,0,,,,,508,397,,,,,EDC3___DNAJA1_unrelaxed_rank_001_alphafold2_multimer_v3_model_3_seed_000.pdb
EDC3___DNAJA1,2,2,A,B,0.0000,0.0,0.0,0.0000,0.3929,0.0184,0.0000,36.0,0.0,0.1500,59.3,72.5,0.350,19,5,0,0,73.0,32.6,,,508,397,"[9-11,13,24,26,32,34,36-38,41,50-53,55,58,65]",[86-90],,,EDC3___DNAJA1_unrelaxed_rank_002_alphafold2_multimer_v3_model_2_seed_000.pdb
EDC3___DNAJA1,3,4,A,B,0.0000,0.0,0.0,0.0000,0.3727,0.0090,0.0000,3.0,0.0,0.1400,58.9,71.4,0.350,2,2,0,0,70.0,36.2,,,508,397,"[41,50]",[87-88],,,EDC3___DNAJA1_unrelaxed_rank_003_alphafold2_multimer_v3_model_4_seed_000.pdb
EDC3___DNAJA1,4,1,A,B,0.0000,0.0,0.0,0.0000,0.2049,0.0000,0.0000,0.0,0.0,0.1400,59.4,72.3,0.350,0,0,0,0,,,,,508,397,,,,,EDC3___DNAJA1_unrelaxed_rank_004_alphafold2_multimer_v3_model_1_seed_000.pdb
EDC3___DNAJA1,5,5,A,B,0.0000,0.0,0.0,0.0000,0.1280,0.0000,0.0000,0.0,0.0,0.1200,59.8,72.0,0.360,0,0,0,0,,,,,508,397,,,,,EDC3___DNAJA1_unrelaxed_rank_005_alphafold2_multimer_v3_model_5_seed_000.pdb
EDC3___GFP,1,4,A,B,0.0000,0.0,0.0,0.0000,0.1333,0.0000,0.0000,0.0,0.0,0.1900,59.1,86.4,0.420,0,0,0,0,,,,,508,238,,,,,EDC3___GFP_unrelaxed_rank_001_alphafold2_multimer_v3_model_4_seed_000.pdb
EDC3___GFP,2,5,A,B,0.0000,0.0,0.0,0.0000,0.1299,0.0000,0.0000,0.0,0.0,0.1800,60.6,87.5,0.420,0,0,0,0,,,,,508,238,,,,,EDC3___GFP_unrelaxed_rank_002_alphafold2_multimer_v3_model_5_seed_000.pdb
EDC3___GFP,3,1,A,B,0.0000,0.0,0.0,0.0000,0.1400,0.0000,0.0000,0.0,0.0,0.1600,59.2,86.1,0.410,0,0,0,0,,,,,508,238,,,,,EDC3___GFP_unrelaxed_rank_003_alphafold2_multimer_v3_model_1_seed_000.pdb
EDC3___GFP,4,2,A,B,0.0000,0.0,0.0,0.0000,0.1514,0.0000,0.0000,0.0,0.0,0.1500,58.7,86.4,0.400,0,0,0,0,,,,,508,238,,,,,EDC3___GFP_unrelaxed_rank_004_alphafold2_multimer_v3_model_2_seed_000.pdb
EDC3___GFP,5,3,A,B,0.0000,0.0,0.0,0.0000,0.1190,0.0000,0.0000,0.0,0.0,0.1400,60.3,87.6,0.400,0,0,0,0,,,,,508,238,,,,,EDC3___GFP_unrelaxed_rank_005_alphafold2_multimer_v3_model_3_seed_000.pdb
EDC3___PSPC1,1,5,A,B,0.0000,0.0,0.0,0.0000,0.4312,0.0355,0.0000,273.0,0.0,0.3300,56.5,54.2,0.430,63,52,0,0,78.2,77.3,,,508,523,"[287,305-306,308,312,315-316,339-348,350-351,353-354,364-374,379,381,392,394,407,410-411,416-431,439,441,458,474,485-487,502]","[83,155-160,162-163,166-167,169-189,198-206,208-213,222,232-235]",,,EDC3___PSPC1_unrelaxed_rank_001_alphafold2_multimer_v3_model_5_seed_000.pdb
EDC3___PSPC1,2,1,A,B,0.0000,0.0,0.0,0.0000,0.1208,0.0000,0.0000,0.0,0.0,0.1600,61.8,59.2,0.340,0,0,0,0,,,,,508,523,,,,,EDC3___PSPC1_unrelaxed_rank_002_alphafold2_multimer_v3_model_1_seed_000.pdb
EDC3___PSPC1,3,3,A,B,0.0000,0.0,0.0,0.0000,0.1181,0.0000,0.0000,0.0,0.0,0.1600,61.3,59.8,0.350,0,0,0,0,,,,,508,523,,,,,EDC3___PSPC1_unrelaxed_rank_003_alphafold2_multimer_v3_model_3_seed_000.pdb
EDC3___PSPC1,4,4,A,B,0.0000,0.0,0.0,0.0000,0.1354,0.0000,0.0000,0.0,0.0,0.1400,61.3,56.6,0.330,0,0,0,0,,,,,508,523,,,,,EDC3___PSPC1_unrelaxed_rank_004_alphafold2_multimer_v3_model_4_seed_000.pdb
EDC3___PSPC1,5,2,A,B,0.0000,0.0,0.0,0.0000,0.1372,0.0000,0.0000,0.0,0.0,0.1300,62.0,58.1,0.330,0,0,0,0,,,,,508,523,,,,,EDC3___PSPC1_unrelaxed_rank_005_alphafold2_multimer_v3_model_2_seed_000.pdb
EDC3___SRSF11,1,3,A,B,0.0000,0.0,0.0,0.0000,0.2383,0.0000,0.0000,0.0,0.0,0.1600,63.2,30.2,0.360,0,0,0,0,,,,,508,484,,,,,EDC3___SRSF11_unrelaxed_rank_001_alphafold2_multimer_v3_model_3_seed_000.pdb
EDC3___SRSF11,2,5,A,B,0.0000,0.0,0.0,0.0000,0.1494,0.0000,0.0000,0.0,0.0,0.1500,64.2,31.0,0.340,0,0,0,0,,,,,508,484,,,,,EDC3___SRSF11_unrelaxed_rank_002_alphafold2_multimer_v3_model_5_seed_000.pdb
EDC3___SRSF11,3,4,A,B,0.0000,0.0,0.0,0.0000,0.1737,0.0000,0.0000,0.0,0.0,0.1500,63.5,30.2,0.340,0,0,0,0,,,,,508,484,,,,,EDC3___SRSF11_unrelaxed_rank_003_alphafold2_multimer_v3_model_4_seed_000.pdb
EDC3___SRSF11,4,1,A,B,0.0000,0.0,0.0,0.0000,0.1367,0.0000,0.0000,0.0,0.0,0.1400,64.4,30.4,0.340,0,0,0,0,,,,,508,484,,,,,EDC3___SRSF11_unrelaxed_rank_004_alphafold2_multimer_v3_model_1_seed_000.pdb
EDC3___SRSF11,5,2,A,B,0.0000,0.0,0.0,0.0000,0.2849,0.0000,0.0000,0.0,0.0,0.1400,64.5,30.8,0.340,0,0,0,0,,,,,508,484,,,,,EDC3___SRSF11_unrelaxed_rank_005_alphafold2_multimer_v3_model_2_seed_000.pdb
EPB41___KHSRP,1,1,A,B,0.0162,5.7,0.1,0.0114,0.5211,0.0217,0.0121,11.0,3.0,0.2700,48.1,36.4,0.350,7,4,3,2,84.3,32.0,81.5,32.1,864,711,"[242,434-436,441,488-489]",[109-112],"[435,488-489]","[110,112]",EPB41___KHSRP_unrelaxed_rank_001_alphafold2_multimer_v3_model_1_seed_000.pdb
EPB41___KHSRP,2,5,A,B,0.0732,14.8,1.1,0.0110,0.6209,0.0572,0.0936,44.0,5.0,0.2400,47.6,38.3,0.340,18,8,4,1,61.4,38.2,59.6,43.3,864,711,"[814,817-821,833,835-838,840-841,852-856]","[77-82,84-85]","[835,838,853,855]",[81],EPB41___KHSRP_unrelaxed_rank_002_alphafold2_multimer_v3_model_5_seed_000.pdb
EPB41___KHSRP,3,3,A,B,0.0254,5.3,0.1,0.0000,0.5048,0.0250,0.0258,14.0,2.0,0.2300,47.3,36.6,0.350,11,3,2,1,65.0,37.9,63.5,39.3,864,711,"[800,814,817,833-835,837-838,840,853-854]","[77-78,81]","[834,853]",[81],EPB41___KHSRP_unrelaxed_rank_003_alphafold2_multimer_v3_model_3_seed_000.pdb
EPB41___KHSRP,4,4,A,B,0.0000,0.0,0.0,0.0000,0.3021,0.0000,0.0000,0.0,0.0,0.1900,45.6,35.9,0.330,0,0,0,0,,,,,864,711,,,,,EPB41___KHSRP_unrelaxed_rank_004_alphafold2_multimer_v3_model_4_seed_000.pdb
EPB41___KHSRP,5,2,A,B,0.0000,0.0,0.0,0.0000,0.5008,0.0000,0.0000,0.0,0.0,0.1800,48.5,40.0,0.340,0,0,0,0,,,,,864,711,,,,,EPB41___KHSRP_unrelaxed_rank_005_alphafold2_multimer_v3_model_2_seed_000.pdb
FUBP1___CDC37,1,5,A,B,0.4882,1595.8,779.0,0.4402,0.9534,0.3455,0.6898,28295.0,90.0,0.5000,44.8,67.9,0.350,90,211,20,20,77.5,85.0,76.0,84.4,644,378,[368-457],[137-347],"[370-373,386-390,392-396,399-400,403,409,411-412]","[196,199-201,270-271,273-275,277-279,282,294-295,298,309,312,340-341]",FUBP1___CDC37_unrelaxed_rank_001_alphafold2_multimer_v3_model_5_seed_000.pdb
FUBP1___CDC37,2,3,A,B,0.0000,0.0,0.0,0.0000,0.3249,0.0000,0.0000,0.0,0.0,0.1900,40.3,65.0,0.300,0,0,0,0,,,,,644,378,,,,,FUBP1___CDC37_unrelaxed_rank_002_alphafold2_multimer_v3_model_3_seed_000.pdb
FUBP1___CDC37,3,4,A,B,0.0000,0.0,0.0,0.0000,0.2646,0.0000,0.0000,0.0,0.0,0.1900,40.4,64.3,0.300,0,0,0,0,,,,,644,378,,,,,FUBP1___CDC37_unrelaxed_rank_003_alphafold2_multimer_v3_model_4_seed_000.pdb
FUBP1___CDC37,4,2,A,B,0.0000,0.0,0.0,0.0000,0.2088,0.0000,0.0000,0.0,0.0,0.1800,43.2,67.9,0.290,0,0,0,0,,,,,644,378,,,,,FUBP1___CDC37_unrelaxed_rank_004_alphafold2_multimer_v3_model_2_seed_000.pdb
FUBP1___CDC37,5,1,A,B,0.0000,0.0,0.0,0.0000,0.2009,0.0000,0.0000,0.0,0.0,0.1800,41.3,67.0,0.280,0,0,0,0,,,,,644,378,,,,,FUBP1___CDC37_unrelaxed_rank_005_alphafold2_multimer_v3_model_1_seed_000.pdb
FUBP1___SLC3A2,1,2,A,B,0.0000,0.0,0.0,0.0000,0.1393,0.0000,0.0000,0.0,0.0,0.1700,40.9,70.6,0.430,0,0,0,0,,,,,644,630,,,,,FUBP1___SLC3A2_unrelaxed_rank_001_alphafold2_multimer_v3_model_2_seed_000.pdb
FUBP1___SLC3A2,2,3,A,B,0.0000,0.0,0.0,0.0000,0.1374,0.0000,0.0000,0.0,0.0,0.1700,39.8,69.5,0.430,0,0,0,0,,,,,644,630,,,,,FUBP1___SLC3A2_unrelaxed_rank_002_alphafold2_multimer_v3_model_3_seed_000.pdb
FUBP1___SLC3A2,3,5,A,B,0.0000,0.0,0.0,0.0000,0.1558,0.0000,0.0000,0.0,0.0,0.1600,39.2,69.2,0.420,0,0,0,0,,,,,644,630,,,,,FUBP1___SLC3A2_unrelaxed_rank_003_alphafold2_multimer_v3_model_5_seed_000.pdb
FUBP1___SLC3A2,4,1,A,B,0.0000,0.0,0.0,0.0000,0.1436,0.0000,0.0000,0.0,0.0,0.1600,41.0,70.3,0.420,0,0,0,0,,,,,644,630,,,,,FUBP1___SLC3A2_unrelaxed_rank_004_alphafold2_multimer_v3_model_1_seed_000.pdb
FUBP1___SLC3A2,5,4,A,B,0.0000,0.0,0.0,0.0000,0.1332,0.0000,0.0000,0.0,0.0,0.1500,37.2,69.2,0.410,0,0,0,0,,,,,644,630,,,,,FUBP1___SLC3A2_unrelaxed_rank_005_alphafold2_multimer_v3_model_4_seed_000.pdb
FUS___ANP32A,1,1,A,B,0.0000,0.0,0.0,0.0000,0.1621,0.0000,0.0000,0.0,0.0,0.1600,31.1,63.7,0.300,0,0,0,0,,,,,526,249,,,,,FUS___ANP32A_unrelaxed_rank_001_alphafold2_multimer_v3_model_1_seed_000.pdb
FUS___ANP32A,2,4,A,B,0.0000,0.0,0.0,0.0000,0.2981,0.0000,0.0000,0.0,0.0,0.1600,30.1,64.6,0.300,0,0,0,0,,,,,526,249,,,,,FUS___ANP32A_unrelaxed_rank_002_alphafold2_multimer_v3_model_4_seed_000.pdb
FUS___ANP32A,3,3,A,B,0.0000,0.0,0.0,0.0000,0.1339,0.0000,0.0000,0.0,0.0,0.1300,29.5,63.2,0.280,0,0,0,0,,,,,526,249,,,,,FUS___ANP32A_unrelaxed_rank_003_alphafold2_multimer_v3_model_3_seed_000.pdb
FUS___ANP32A,4,2,A,B,0.0000,0.0,0.0,0.0000,0.1881,0.0000,0.0000,0.0,0.0,0.1300,30.6,64.7,0.300,0,0,0,0,,,,,526,249,,,,,FUS___ANP32A_unrelaxed_rank_004_alphafold2_multimer_v3_model_2_seed_000.pdb
FUS___ANP32A,5,5,A,B,0.0000,0.0,0.0,0.0000,0.1229,0.0000,0.0000,0.0,0.0,0.1200,32.1,66.5,0.290,0,0,0,0,,,,,526,249,,,,,FUS___ANP32A_unrelaxed_rank_005_alphafold2_multimer_v3_model_5_seed_000.pdb
FUS___DHX15,1,3,A,B,0.0000,0.0,0.0,0.0000,0.3315,0.0000,0.0000,0.0,0.0,0.2400,26.2,80.4,0.540,0,0,0,0,,,,,526,795,,,,,FUS___DHX15_unrelaxed_rank_001_alphafold2_multimer_v3_model_3_seed_000.pdb
FUS___DHX15,2,5,A,B,0.0000,0.0,0.0,0.0000,0.3645,0.0000,0.0000,0.0,0.0,0.2400,27.4,80.6,0.540,0,0,0,0,,,,,526,795,,,,,FUS___DHX15_unrelaxed_rank_002_alphafold2_multimer_v3_model_5_seed_000.pdb
FUS___DHX15,3,4,A,B,0.0000,0.0,0.0,0.0000,0.2078,0.0000,0.0000,0.0,0.0,0.2300,25.6,79.8,0.540,0,0,0,0,,,,,526,795,,,,,FUS___DHX15_unrelaxed_rank_003_alphafold2_multimer_v3_model_4_seed_000.pdb
FUS___DHX15,4,1,A,B,0.0000,0.0,0.0,0.0000,0.2298,0.0000,0.0000,0.0,0.0,0.2300,26.3,79.2,0.520,0,0,0,0,,,,,526,795,,,,,FUS___DHX15_unrelaxed_rank_004_alphafold2_multimer_v3_model_1_seed_000.pdb
FUS___DHX15,5,2,A,B,0.0000,0.0,0.0,0.0000,0.2190,0.0000,0.0000,0.0,0.0,0.2000,27.8,79.9,0.520,0,0,0,0,,,,,526,795,,,,,FUS___DHX15_unrelaxed_rank_005_alphafold2_multimer_v3_model_2_seed_000.pdb
FUS___RPS12,1,4,A,B,0.0000,0.0,0.0,0.0000,0.2048,0.0000,0.0000,0.0,0.0,0.2200,33.9,82.7,0.280,0,0,0,0,,,,,526,132,,,,,FUS___RPS12_unrelaxed_rank_001_alphafold2_multimer_v3_model_4_seed_000.pdb
FUS___RPS12,2,1,A,B,0.0000,0.0,0.0,0.0000,0.1454,0.0000,0.0000,0.0,0.0,0.2000,34.6,86.2,0.280,0,0,0,0,,,,,526,132,,,,,FUS___RPS12_unrelaxed_rank_002_alphafold2_multimer_v3_model_1_seed_000.pdb
FUS___RPS12,3,2,A,B,0.0000,0.0,0.0,0.0000,0.1470,0.0000,0.0000,0.0,0.0,0.1700,33.8,82.8,0.260,0,0,0,0,,,,,526,132,,,,,FUS___RPS12_unrelaxed_rank_003_alphafold2_multimer_v3_model_2_seed_000.pdb
FUS___RPS12,4,5,A,B,0.0000,0.0,0.0,0.0000,0.1171,0.0000,0.0000,0.0,0.0,0.1400,33.3,81.7,0.260,0,0,0,0,,,,,526,132,,,,,FUS___RPS12_unrelaxed_rank_004_alphafold2_multimer_v3_model_5_seed_000.pdb
FUS___RPS12,5,3,A,B,0.0000,0.0,0.0,0.0000,0.1189,0.0000,0.0000,0.0,0.0,0.1400,31.8,81.8,0.260,0,0,0,0,,,,,526,132,,,,,FUS___RPS12_unrelaxed_rank_005_alphafold2_multimer_v3_model_3_seed_000.pdb
KHSRP___CSTB,1,4,A,B,0.0000,0.0,0.0,0.0000,0.2952,0.0000,0.0000,0.0,0.0,0.3100,39.8,78.4,0.240,0,0,0,0,,,,,711,98,,,,,KHSRP___CSTB_unrelaxed_rank_001_alphafold2_multimer_v3_model_4_seed_000.pdb
KHSRP___CSTB,2,1,A,B,0.0000,0.0,0.0,0.0000,0.1979,0.0000,0.0000,0.0,0.0,0.2400,43.4,77.1,0.230,0,0,0,0,,,,,711,98,,,,,KHSRP___CSTB_unrelaxed_rank_002_alphafold2_multimer_v3_model_1_seed_000.pdb
KHSRP___CSTB,3,3,A,B,0.0000,0.0,0.0,0.0000,0.1499,0.0000,0.0000,0.0,0.0,0.1800,40.5,72.9,0.220,0,0,0,0,,,,,711,98,,,,,KHSRP___CSTB_unrelaxed_rank_003_alphafold2_multimer_v3_model_3_seed_000.pdb
KHSRP___CSTB,4,2,A,B,0.0000,0.0,0.0,0.0000,0.1512,0.0000,0.0000,0.0,0.0,0.1800,43.4,73.7,0.220,0,0,0,0,,,,,711,98,,,,,KHSRP___CSTB_unrelaxed_rank_004_alphafold2_multimer_v3_model_2_seed_000.pdb
KHSRP___CSTB,5,5,A,B,0.0000,0.0,0.0,0.0000,0.1405,0.0000,0.0000,0.0,0.0,0.1800,42.8,80.1,0.220,0,0,0,0,,,,,711,98,,,,,KHSRP___CSTB_unrelaxed_rank_005_alphafold2_multimer_v3_model_5_seed_000.pdb
KHSRP___DAZAP1,1,1,A,B,0.0000,0.0,0.0,0.0000,0.1745,0.0000,0.0000,0.0,0.0,0.1600,41.6,40.5,0.220,0,0,0,0,,,,,711,407,,,,,KHSRP___DAZAP1_unrelaxed_rank_001_alphafold2_multimer_v3_model_1_seed_000.pdb
KHSRP___DAZAP1,2,4,A,B,0.0000,0.0,0.0,0.0000,0.1715,0.0000,0.0000,0.0,0.0,0.1600,40.2,40.3,0.210,0,0,0,0,,,,,711,407,,,,,KHSRP___DAZAP1_unrelaxed_rank_002_alphafold2_multimer_v3_model_4_seed_000.pdb
KHSRP___DAZAP1,3,2,A,B,0.0000,0.0,0.0,0.0000,0.1387,0.0000,0.0000,0.0,0.0,0.1500,43.8,43.0,0.210,0,0,0,0,,,,,711,407,,,,,KHSRP___DAZAP1_unrelaxed_rank_003_alphafold2_multimer_v3_model_2_seed_000.pdb
KHSRP___DAZAP1,4,3,A,B,0.0000,0.0,0.0,0.0000,0.1535,0.0000,0.0000,0.0,0.0,0.1500,39.2,39.0,0.210,0,0,0,0,,,,,711,407,,,,,KHSRP___DAZAP1_unrelaxed_rank_004_alphafold2_multimer_v3_model_3_seed_000.pdb
KHSRP___DAZAP1,5,5,A,B,0.0000,0.0,0.0,0.0000,0.1467,0.0000,0.0000,0.0,0.0,0.1400,43.3,41.9,0.200,0,0,0,0,,,,,711,407,,,,,KHSRP___DAZAP1_unrelaxed_rank_005_alphafold2_multimer_v3_model_5_seed_000.pdb
KHSRP___RBM4,1,4,A,B,0.0000,0.0,0.0,0.0000,0.2938,0.0000,0.0000,0.0,0.0,0.1900,40.9,44.3,0.220,0,0,0,0,,,,,711,364,,,,,KHSRP___RBM4_unrelaxed_rank_001_alphafold2_multimer_v3_model_4_seed_000.pdb
KHSRP___RBM4,2,1,A,B,0.0000,0.0,0.0,0.0000,0.2633,0.0000,0.0000,0.0,0.0,0.1600,41.3,45.1,0.220,0,0,0,0,,,,,711,364,,,,,KHSRP___RBM4_unrelaxed_rank_002_alphafold2_multimer_v3_model_1_seed_000.pdb
KHSRP___RBM4,3,2,A,B,0.0000,0.0,0.0,0.0000,0.1325,0.0000,0.0000,0.0,0.0,0.1500,42.2,45.6,0.210,0,0,0,0,,,,,711,364,,,,,KHSRP___RBM4_unrelaxed_rank_003_alphafold2_multimer_v3_model_2_seed_000.pdb
KHSRP___RBM4,4,3,A,B,0.0000,0.0,0.0,0.0000,0.1600,0.0000,0.0000,0.0,0.0,0.1500,39.1,42.8,0.210,0,0,0,0,,,,,711,364,,,,,KHSRP___RBM4_unrelaxed_rank_004_alphafold2_multimer_v3_model_3_seed_000.pdb
KHSRP___RBM4,5,5,A,B,0.0000,0.0,0.0,0.0000,0.1482,0.0000,0.0000,0.0,0.0,0.1400,43.8,46.3,0.210,0,0,0,0,,,,,711,364,,,,,KHSRP___RBM4_unrelaxed_rank_005_alphafold2_multimer_v3_model_5_seed_000.pdb
LUC7L2___RBM33,1,2,A,B,0.0390,54.6,2.1,0.0000,0.5422,0.0342,0.0446,93.0,32.0,0.3200,62.1,23.2,0.280,26,13,10,10,84.9,51.8,79.4,51.7,392,1170,"[105,189,191-192,195-198,203,205-212,214-217,219-223]","[787,789-800]","[198,205-212,216]","[790-798,800]",LUC7L2___RBM33_unrelaxed_rank_001_alphafold2_multimer_v3_model_2_seed_000.pdb
LUC7L2___RBM33,2,1,A,B,0.0000,0.0,0.0,0.0000,0.2026,0.0000,0.0000,0.0,0.0,0.2000,61.1,22.7,0.280,0,0,0,0,,,,,392,1170,,,,,LUC7L2___RBM33_unrelaxed_rank_002_alphafold2_multimer_v3_model_1_seed_000.pdb
LUC7L2___RBM33,3,3,A,B,0.0000,0.0,0.0,0.0000,0.2153,0.0000,0.0000,0.0,0.0,0.1900,59.9,23.5,0.280,0,0,0,0,,,,,392,1170,,,,,LUC7L2___RBM33_unrelaxed_rank_003_alphafold2_multimer_v3_model_3_seed_000.pdb
LUC7L2___RBM33,4,4,A,B,0.0000,0.0,0.0,0.0000,0.1805,0.0000,0.0000,0.0,0.0,0.1700,60.0,22.0,0.260,0,0,0,0,,,,,392,1170,,,,,LUC7L2___RBM33_unrelaxed_rank_004_alphafold2_multimer_v3_model_4_seed_000.pdb
LUC7L2___RBM33,5,5,A,B,0.0000,0.0,0.0,0.0000,0.1548,0.0000,0.0000,0.0,0.0,0.1700,62.3,23.3,0.280,0,0,0,0,,,,,392,1170,,,,,LUC7L2___RBM33_unrelaxed_rank_005_alphafold2_multimer_v3_model_5_seed_000.pdb
MATR3___CDK4,1,4,A,B,0.0000,0.0,0.0,0.0000,0.4138,0.0000,0.0000,0.0,0.0,0.2700,35.2,73.6,0.350,0,0,0,0,,,,,847,303,,,,,MATR3___CDK4_unrelaxed_rank_001_alphafold2_multimer_v3_model_4_seed_000.pdb
MATR3___CDK4,2,2,A,B,0.0000,0.0,0.0,0.0000,0.2600,0.0000,0.0000,0.0,0.0,0.2300,37.2,76.9,0.350,0,0,0,0,,,,,847,303,,,,,MATR3___CDK4_unrelaxed_rank_002_alphafold2_multimer_v3_model_2_seed_000.pdb
MATR3___CDK4,3,1,A,B,0.0000,0.0,0.0,0.0000,0.2720,0.0000,0.0000,0.0,0.0,0.2200,36.7,75.3,0.360,0,0,0,0,,,,,847,303,,,,,MATR3___CDK4_unrelaxed_rank_003_alphafold2_multimer_v3_model_1_seed_000.pdb
MATR3___CDK4,4,5,A,B,0.0000,0.0,0.0,0.0000,0.2010,0.0000,0.0000,0.0,0.0,0.2100,37.0,75.5,0.340,0,0,0,0,,,,,847,303,,,,,MATR3___CDK4_unrelaxed_rank_004_alphafold2_multimer_v3_model_5_seed_000.pdb
MATR3___CDK4,5,3,A,B,0.0000,0.0,0.0,0.0000,0.2049,0.0000,0.0000,0.0,0.0,0.2100,35.6,73.2,0.340,0,0,0,0,,,,,847,303,,,,,MATR3___CDK4_unrelaxed_rank_005_alphafold2_multimer_v3_model_3_seed_000.pdb
MATR3___NASP,1,5,A,B,0.1955,239.0,46.7,0.0925,0.8026,0.1655,0.2310,1503.0,38.0,0.3200,40.7,38.0,0.300,10,209,8,17,44.3,92.0,44.5,91.6,847,788,[81-90],"[39-102,514-626,631-662]","[81-83,85-87,89-90]","[100,550,553-554,581-582,584-585,588-589,592-593,638,641,645,648-649]",MATR3___NASP_unrelaxed_rank_001_alphafold2_multimer_v3_model_5_seed_000.pdb
MATR3___NASP,2,2,A,B,0.0000,0.0,0.0,0.0000,0.3653,0.0000,0.0000,0.0,0.0,0.2400,41.1,39.0,0.310,0,0,0,0,,,,,847,788,,,,,MATR3___NASP_unrelaxed_rank_002_alphafold2_multimer_v3_model_2_seed_000.pdb
MATR3___NASP,3,1,A,B,0.0000,0.0,0.0,0.0000,0.4242,0.0000,0.0000,0.0,0.0,0.2100,37.8,36.7,0.300,0,0,0,0,,,,,847,788,,,,,MATR3___NASP_unrelaxed_rank_003_alphafold2_multimer_v3_model_1_seed_000.pdb
MATR3___NASP,4,4,A,B,0.0000,0.0,0.0,0.0000,0.3075,0.0000,0.0000,0.0,0.0,0.2000,37.7,37.1,0.300,0,0,0,0,,,,,847,788,,,,,MATR3___NASP_unrelaxed_rank_004_alphafold2_multimer_v3_model_4_seed_000.pdb
MATR3___NASP,5,3,A,B,0.0000,0.0,0.0,0.0000,0.3913,0.0000,0.0000,0.0,0.0,0.1900,37.3,36.9,0.300,0,0,0,0,,,,,847,788,,,,,MATR3___NASP_unrelaxed_rank_005_alphafold2_multimer_v3_model_3_seed_000.pdb
MATR3___SF1,1,2,A,B,0.0000,0.0,0.0,0.0000,0.3005,0.0000,0.0000,0.0,0.0,0.1800,41.5,39.0,0.240,0,0,0,0,,,,,847,639,,,,,MATR3___SF1_unrelaxed_rank_001_alphafold2_multimer_v3_model_2_seed_000.pdb
MATR3___SF1,2,1,A,B,0.0000,0.0,0.0,0.0000,0.1898,0.0000,0.0000,0.0,0.0,0.1700,39.8,35.8,0.230,0,0,0,0,,,,,847,639,,,,,MATR3___SF1_unrelaxed_rank_002_alphafold2_multimer_v3_model_1_seed_000.pdb
MATR3___SF1,3,3,A,B,0.0000,0.0,0.0,0.0000,0.2255,0.0000,0.0000,0.0,0.0,0.1600,39.8,36.5,0.240,0,0,0,0,,,,,847,639,,,,,MATR3___SF1_unrelaxed_rank_003_alphafold2_multimer_v3_model_3_seed_000.pdb
MATR3___SF1,4,4,A,B,0.0000,0.0,0.0,0.0000,0.2064,0.0000,0.0000,0.0,0.0,0.1600,38.7,36.1,0.230,0,0,0,0,,,,,847,639,,,,,MATR3___SF1_unrelaxed_rank_004_alphafold2_multimer_v3_model_4_seed_000.pdb
MATR3___SF1,5,5,A,B,0.0000,0.0,0.0,0.0000,0.1775,0.0000,0.0000,0.0,0.0,0.1600,42.4,38.7,0.240,0,0,0,0,,,,,847,639,,,,,MATR3___SF1_unrelaxed_rank_005_alphafold2_multimer_v3_model_5_seed_000.pdb
NASP___ATP5PD,1,5,A,B,0.0000,0.0,0.0,0.0000,0.3498,0.0000,0.0000,0.0,0.0,0.3000,39.5,64.9,0.360,0,0,0,0,,,,,788,161,,,,,NASP___ATP5PD_unrelaxed_rank_001_alphafold2_multimer_v3_model_5_seed_000.pdb
NASP___ATP5PD,2,2,A,B,0.0905,70.3,6.4,0.0115,0.5244,0.0672,0.1221,291.0,17.0,0.3000,40.9,62.8,0.340,21,26,5,5,57.5,72.8,60.3,69.6,788,161,"[131,133-152]",[52-77],"[146-147,149-151]","[60-63,66]",NASP___ATP5PD_unrelaxed_rank_002_alphafold2_multimer_v3_model_2_seed_000.pdb
NASP___ATP5PD,3,1,A,B,0.0000,0.0,0.0,0.0000,0.3176,0.0000,0.0000,0.0,0.0,0.2400,39.5,43.4,0.350,0,0,0,0,,,,,788,161,,,,,NASP___ATP5PD_unrelaxed_rank_003_alphafold2_multimer_v3_model_1_seed_000.pdb
NASP___ATP5PD,4,3,A,B,0.0000,0.0,0.0,0.0000,0.2202,0.0000,0.0000,0.0,0.0,0.1700,39.0,69.1,0.340,0,0,0,0,,,,,788,161,,,,,NASP___ATP5PD_unrelaxed_rank_004_alphafold2_multimer_v3_model_3_seed_000.pdb
NASP___ATP5PD,5,4,A,B,0.0000,0.0,0.0,0.0000,0.1470,0.0000,0.0000,0.0,0.0,0.1400,39.3,64.0,0.340,0,0,0,0,,,,,788,161,,,,,NASP___ATP5PD_unrelaxed_rank_005_alphafold2_multimer_v3_model_4_seed_000.pdb
NASP___CCNT1,1,1,A,B,0.3018,488.4,147.4,0.1261,0.8686,0.2319,0.3928,3786.0,63.0,0.3100,37.0,41.8,0.320,212,18,17,13,88.4,42.8,87.5,46.4,788,726,"[39-103,513-628,631-661]",[290-307],"[100,550,580-582,584-585,588-589,592,610,638,641,644-645,648-649]","[290-291,293-294,296-304]",NASP___CCNT1_unrelaxed_rank_001_alphafold2_multimer_v3_model_1_seed_000.pdb
NASP___CCNT1,2,3,A,B,0.0607,98.5,6.0,0.0145,0.5497,0.0541,0.0681,441.0,22.0,0.3000,38.3,41.6,0.330,15,119,7,13,46.8,84.4,46.5,75.9,788,726,"[141,143-151,712-713,715-717]","[13-19,25,31-34,37,39,41,44,46,48-49,55,57-62,71,91,151,153-185,187,189-208,210,212-214,220-226,228-247,250,252-255]","[144,147,150-151,713,715-716]","[163-164,166,203,206-207,212,214,238,242-243,245,253]",NASP___CCNT1_unrelaxed_rank_002_alphafold2_multimer_v3_model_3_seed_000.pdb
NASP___CCNT1,3,2,A,B,0.0000,0.0,0.0,0.0000,0.4859,0.0067,0.0000,2.0,0.0,0.2500,38.4,43.7,0.340,2,1,0,0,93.1,92.1,,,788,726,"[586,653]",[182],,,NASP___CCNT1_unrelaxed_rank_003_alphafold2_multimer_v3_model_2_seed_000.pdb
NASP___CCNT1,4,5,A,B,0.0620,22.0,1.4,0.0000,0.5811,0.0518,0.0742,69.0,7.0,0.2500,37.9,42.9,0.320,6,50,3,6,39.6,89.1,43.5,82.7,788,726,"[712,714-718]","[16,34,41,63,107,155,157,160-161,163,166,169-171,176-177,179-180,192-201,204-206,210-212,214,222-224,226,228-229,232-234,236-238,240-241,244]",[715-717],"[166,170,210-212,214]",NASP___CCNT1_unrelaxed_rank_004_alphafold2_multimer_v3_model_5_seed_000.pdb
NASP___CCNT1,5,4,A,B,0.0000,0.0,0.0,0.0000,0.4085,0.0000,0.0000,0.0,0.0,0.2100,37.1,41.7,0.310,0,0,0,0,,,,,788,726,,,,,NASP___CCNT1_unrelaxed_rank_005_alphafold2_multimer_v3_model_4_seed_000.pdb
NCL___FUBP3,1,1,A,B,0.0000,0.0,0.0,0.0000,0.1678,0.0000,0.0000,0.0,0.0,0.1600,45.4,44.1,0.240,0,0,0,0,,,,,710,572,,,,,NCL___FUBP3_unrelaxed_rank_001_alphafold2_multimer_v3_model_1_seed_000.pdb
NCL___FUBP3,2,4,A,B,0.0000,0.0,0.0,0.0000,0.1864,0.0000,0.0000,0.0,0.0,0.1600,43.1,41.4,0.220,0,0,0,0,,,,,710,572,,,,,NCL___FUBP3_unrelaxed_rank_002_alphafold2_multimer_v3_model_4_seed_000.pdb
NCL___FUBP3,3,3,A,B,0.0000,0.0,0.0,0.0000,0.1833,0.0000,0.0000,0.0,0.0,0.1600,44.1,42.4,0.230,0,0,0,0,,,,,710,572,,,,,NCL___FUBP3_unrelaxed_rank_003_alphafold2_multimer_v3_model_3_seed_000.pdb
NCL___FUBP3,4,2,A,B,0.0000,0.0,0.0,0.0000,0.1571,0.0000,0.0000,0.0,0.0,0.1600,44.6,47.4,0.220,0,0,0,0,,,,,710,572,,,,,NCL___FUBP3_unrelaxed_rank_004_alphafold2_multimer_v3_model_2_seed_000.pdb
NCL___FUBP3,5,5,A,B,0.0000,0.0,0.0,0.0000,0.1554,0.0000,0.0000,0.0,0.0,0.1500,46.1,46.9,0.230,0,0,0,0,,,,,710,572,,,,,NCL___FUBP3_unrelaxed_rank_005_alphafold2_multimer_v3_model_5_seed_000.pdb
NONO___PRMT1,1,3,A,B,0.0000,0.0,0.0,0.0000,0.3171,0.0000,0.0000,0.0,0.0,0.1800,60.2,82.3,0.440,0,0,0,0,,,,,471,371,,,,,NONO___PRMT1_unrelaxed_rank_001_alphafold2_multimer_v3_model_3_seed_000.pdb
NONO___PRMT1,2,2,A,B,0.0000,0.0,0.0,0.0000,0.3179,0.0000,0.0000,0.0,0.0,0.1800,61.6,83.9,0.440,0,0,0,0,,,,,471,371,,,,,NONO___PRMT1_unrelaxed_rank_002_alphafold2_multimer_v3_model_2_seed_000.pdb
NONO___PRMT1,3,5,A,B,0.0000,0.0,0.0,0.0000,0.2367,0.0000,0.0000,0.0,0.0,0.1800,61.2,83.1,0.440,0,0,0,0,,,,,471,371,,,,,NONO___PRMT1_unrelaxed_rank_003_alphafold2_multimer_v3_model_5_seed_000.pdb
NONO___PRMT1,4,1,A,B,0.0000,0.0,0.0,0.0000,0.2436,0.0000,0.0000,0.0,0.0,0.1600,60.1,82.9,0.440,0,0,0,0,,,,,471,371,,,,,NONO___PRMT1_unrelaxed_rank_004_alphafold2_multimer_v3_model_1_seed_000.pdb
NONO___PRMT1,5,4,A,B,0.0000,0.0,0.0,0.0000,0.1416,0.0000,0.0000,0.0,0.0,0.1300,60.6,80.3,0.430,0,0,0,0,,,,,471,371,,,,,NONO___PRMT1_unrelaxed_rank_005_alphafold2_multimer_v3_model_4_seed_000.pdb
PCBP2___ATXN2L,1,4,A,B,0.0000,0.0,0.0,0.0000,0.3072,0.0000,0.0000,0.0,0.0,0.2400,57.6,23.8,0.260,0,0,0,0,,,,,365,1075,,,,,PCBP2___ATXN2L_unrelaxed_rank_001_alphafold2_multimer_v3_model_4_seed_000.pdb
PCBP2___ATXN2L,2,3,A,B,0.0000,0.0,0.0,0.0000,0.2508,0.0000,0.0000,0.0,0.0,0.1900,57.0,24.2,0.260,0,0,0,0,,,,,365,1075,,,,,PCBP2___ATXN2L_unrelaxed_rank_002_alphafold2_multimer_v3_model_3_seed_000.pdb
PCBP2___ATXN2L,3,2,A,B,0.0000,0.0,0.0,0.0000,0.2330,0.0000,0.0000,0.0,0.0,0.1900,61.9,24.1,0.260,0,0,0,0,,,,,365,1075,,,,,PCBP2___ATXN2L_unrelaxed_rank_003_alphafold2_multimer_v3_model_2_seed_000.pdb
PCBP2___ATXN2L,4,1,A,B,0.0000,0.0,0.0,0.0000,0.1669,0.0000,0.0000,0.0,0.0,0.1900,58.6,24.2,0.250,0,0,0,0,,,,,365,1075,,,,,PCBP2___ATXN2L_unrelaxed_rank_004_alphafold2_multimer_v3_model_1_seed_000.pdb
PCBP2___ATXN2L,5,5,A,B,0.0000,0.0,0.0,0.0000,0.2320,0.0000,0.0000,0.0,0.0,0.1900,61.3,26.6,0.250,0,0,0,0,,,,,365,1075,,,,,PCBP2___ATXN2L_unrelaxed_rank_005_alphafold2_multimer_v3_model_5_seed_000.pdb
PCBP2___FUS,1,1,A,B,0.0000,0.0,0.0,0.0000,0.1563,0.0000,0.0000,0.0,0.0,0.1600,61.9,31.4,0.300,0,0,0,0,,,,,365,526,,,,,PCBP2___FUS_unrelaxed_rank_001_alphafold2_multimer_v3_model_1_seed_000.pdb
PCBP2___FUS,2,2,A,B,0.0000,0.0,0.0,0.0000,0.1452,0.0000,0.0000,0.0,0.0,0.1600,62.1,31.4,0.290,0,0,0,0,,,,,365,526,,,,,PCBP2___FUS_unrelaxed_rank_002_alphafold2_multimer_v3_model_2_seed_000.pdb
PCBP2___FUS,3,4,A,B,0.0000,0.0,0.0,0.0000,0.1493,0.0000,0.0000,0.0,0.0,0.1600,61.2,31.2,0.290,0,0,0,0,,,,,365,526,,,,,PCBP2___FUS_unrelaxed_rank_003_alphafold2_multimer_v3_model_4_seed_000.pdb
PCBP2___FUS,4,3,A,B,0.0000,0.0,0.0,0.0000,0.1591,0.0000,0.0000,0.0,0.0,0.1500,60.7,29.5,0.300,0,0,0,0,,,,,365,526,,,,,PCBP2___FUS_unrelaxed_rank_004_alphafold2_multimer_v3_model_3_seed_000.pdb
PCBP2___FUS,5,5,A,B,0.0000,0.0,0.0,0.0000,0.1385,0.0000,0.0000,0.0,0.0,0.1400,63.4,31.0,0.290,0,0,0,0,,,,,365,526,,,,,PCBP2___FUS_unrelaxed_rank_005_alphafold2_multimer_v3_model_5_seed_000.pdb
PRDX1___CDC5L,1,1,A,B,0.0000,0.0,0.0,0.0000,0.0000,0.0000,0.0000,0.0,0.0,0.2000,85.5,61.5,0.280,0,0,0,0,,,,,199,802,,,,,PRDX1___CDC5L_unrelaxed_rank_001_alphafold2_multimer_v3_model_1_seed_000.pdb
PRDX1___CDC5L,2,2,A,B,0.0000,0.0,0.0,0.0000,0.0000,0.0000,0.0000,0.0,0.0,0.1700,87.0,57.4,0.270,0,0,0,0,,,,,199,802,,,,,PRDX1___CDC5L_unrelaxed_rank_002_alphafold2_multimer_v3_model_2_seed_000.pdb
PRDX1___CDC5L,3,4,A,B,0.0000,0.0,0.0,0.0000,0.0000,0.0000,0.0000,0.0,0.0,0.1600,87.8,55.1,0.270,0,0,0,0,,,,,199,802,,,,,PRDX1___CDC5L_unrelaxed_rank_003_alphafold2_multimer_v3_model_4_seed_000.pdb
PRDX1___CDC5L,4,5,A,B,0.0000,0.0,0.0,0.0000,0.0000,0.0000,0.0000,0.0,0.0,0.1500,88.8,57.0,0.280,0,0,0,0,,,,,199,802,,,,,PRDX1___CDC5L_unrelaxed_rank_004_alphafold2_multimer_v3_model_5_seed_000.pdb
PRDX1___CDC5L,5,3,A,B,0.0000,0.0,0.0,0.0000,0.0000,0.0000,0.0000,0.0,0.0,0.1400,89.6,59.8,0.280,0,0,0,0,,,,,199,802,,,,,PRDX1___CDC5L_unrelaxed_rank_005_alphafold2_multimer_v3_model_3_seed_000.pdb
PRDX1___LUC7L2,1,2,A,B,0.0000,0.0,0.0,0.0000,0.1730,0.0000,0.0000,0.0,0.0,0.2100,84.3,59.0,0.410,0,0,0,0,,,,,199,392,,,,,PRDX1___LUC7L2_unrelaxed_rank_001_alphafold2_multimer_v3_model_2_seed_000.pdb
PRDX1___LUC7L2,2,1,A,B,0.0000,0.0,0.0,0.0000,0.1152,0.0000,0.0000,0.0,0.0,0.1700,82.1,58.4,0.400,0,0,0,0,,,,,199,392,,,,,PRDX1___LUC7L2_unrelaxed_rank_002_alphafold2_multimer_v3_model_1_seed_000.pdb
PRDX1___LUC7L2,3,4,A,B,0.0000,0.0,0.0,0.0000,0.1114,0.0000,0.0000,0.0,0.0,0.1600,82.4,58.3,0.410,0,0,0,0,,,,,199,392,,,,,PRDX1___LUC7L2_unrelaxed_rank_003_alphafold2_multimer_v3_model_4_seed_000.pdb
PRDX1___LUC7L2,4,5,A,B,0.0000,0.0,0.0,0.0000,0.1023,0.0000,0.0000,0.0,0.0,0.1500,83.6,58.5,0.410,0,0,0,0,,,,,199,392,,,,,PRDX1___LUC7L2_unrelaxed_rank_004_alphafold2_multimer_v3_model_5_seed_000.pdb
PRDX1___LUC7L2,5,3,A,B,0.0000,0.0,0.0,0.0000,0.0891,0.0000,0.0000,0.0,0.0,0.1200,84.5,58.3,0.400,0,0,0,0,,,,,199,392,,,,,PRDX1___LUC7L2_unrelaxed_rank_005_alphafold2_multimer_v3_model_3_seed_000.pdb
PRDX1___RBM33,1,5,A,B,0.0000,0.0,0.0,0.0000,0.4119,0.0028,0.0000,4.0,0.0,0.5000,90.8,24.3,0.280,3,4,0,0,78.8,91.6,,,199,1170,"[51,149,151]","[1104-1105,1146,1165]",,,PRDX1___RBM33_unrelaxed_rank_001_alphafold2_multimer_v3_model_5_seed_000.pdb
PRDX1___RBM33,2,2,A,B,0.0000,0.0,0.0,0.0000,0.4212,0.0059,0.0000,8.0,0.0,0.4900,93.7,24.3,0.290,6,5,0,0,92.8,89.4,,,199,1170,"[129-130,143,145,148-149]","[1104,1127,1158,1163,1165]",,,PRDX1___RBM33_unrelaxed_rank_002_alphafold2_multimer_v3_model_2_seed_000.pdb
PRDX1___RBM33,3,1,A,B,0.0000,0.0,0.0,0.0000,0.2433,0.0000,0.0000,0.0,0.0,0.2800,88.9,23.2,0.260,0,0,0,0,,,,,199,1170,,,,,PRDX1___RBM33_unrelaxed_rank_003_alphafold2_multimer_v3_model_1_seed_000.pdb
PRDX1___RBM33,4,4,A,B,0.0000,0.0,0.0,0.0000,0.2371,0.0000,0.0000,0.0,0.0,0.2600,88.3,22.3,0.260,0,0,0,0,,,,,199,1170,,,,,PRDX1___RBM33_unrelaxed_rank_004_alphafold2_multimer_v3_model_4_seed_000.pdb
PRDX1___RBM33,5,3,A,B,0.0000,0.0,0.0,0.0000,0.1761,0.0000,0.0000,0.0,0.0,0.2000,90.3,24.8,0.270,0,0,0,0,,,,,199,1170,,,,,PRDX1___RBM33_unrelaxed_rank_005_alphafold2_multimer_v3_model_3_seed_000.pdb
PRDX1___U2SURP,1,5,A,B,0.0000,0.0,0.0,0.0000,0.1689,0.0000,0.0000,0.0,0.0,0.2000,86.5,48.3,0.290,0,0,0,0,,,,,199,1029,,,,,PRDX1___U2SURP_unrelaxed_rank_001_alphafold2_multimer_v3_model_5_seed_000.pdb
PRDX1___U2SURP,2,2,A,B,0.0000,0.0,0.0,0.0000,0.1753,0.0000,0.0000,0.0,0.0,0.2000,86.8,49.8,0.290,0,0,0,0,,,,,199,1029,,,,,PRDX1___U2SURP_unrelaxed_rank_002_alphafold2_multimer_v3_model_2_seed_000.pdb
PRDX1___U2SURP,3,3,A,B,0.0000,0.0,0.0,0.0000,0.1679,0.0000,0.0000,0.0,0.0,0.1900,89.1,48.3,0.290,0,0,0,0,,,,,199,1029,,,,,PRDX1___U2SURP_unrelaxed_rank_003_alphafold2_multimer_v3_model_3_seed_000.pdb
PRDX1___U2SURP,4,4,A,B,0.0000,0.0,0.0,0.0000,0.1736,0.0000,0.0000,0.0,0.0,0.1900,85.1,44.7,0.280,0,0,0,0,,,,,199,1029,,,,,PRDX1___U2SURP_unrelaxed_rank_004_alphafold2_multimer_v3_model_4_seed_000.pdb
PRDX1___U2SURP,5,1,A,B,0.0000,0.0,0.0,0.0000,0.1599,0.0000,0.0000,0.0,0.0,0.1800,84.4,49.0,0.280,0,0,0,0,,,,,199,1029,,,,,PRDX1___U2SURP_unrelaxed_rank_005_alphafold2_multimer_v3_model_1_seed_000.pdb
PRMT1___RAVER1,1,2,A,B,0.0000,0.0,0.0,0.0000,0.2505,0.0000,0.0000,0.0,0.0,0.2400,82.4,51.2,0.410,0,0,0,0,,,,,371,606,,,,,PRMT1___RAVER1_unrelaxed_rank_001_alphafold2_multimer_v3_model_2_seed_000.pdb
PRMT1___RAVER1,2,3,A,B,0.0000,0.0,0.0,0.0000,0.2907,0.0000,0.0000,0.0,0.0,0.2100,80.8,51.4,0.420,0,0,0,0,,,,,371,606,,,,,PRMT1___RAVER1_unrelaxed_rank_002_alphafold2_multimer_v3_model_3_seed_000.pdb
PRMT1___RAVER1,3,5,A,B,0.0000,0.0,0.0,0.0000,0.2303,0.0000,0.0000,0.0,0.0,0.1800,81.7,51.3,0.400,0,0,0,0,,,,,371,606,,,,,PRMT1___RAVER1_unrelaxed_rank_003_alphafold2_multimer_v3_model_5_seed_000.pdb
PRMT1___RAVER1,4,4,A,B,0.0000,0.0,0.0,0.0000,0.1633,0.0000,0.0000,0.0,0.0,0.1800,79.3,50.9,0.400,0,0,0,0,,,,,371,606,,,,,PRMT1___RAVER1_unrelaxed_rank_004_alphafold2_multimer_v3_model_4_seed_000.pdb
PRMT1___RAVER1,5,1,A,B,0.0000,0.0,0.0,0.0000,0.1831,0.0000,0.0000,0.0,0.0,0.1700,81.7,51.4,0.410,0,0,0,0,,,,,371,606,,,,,PRMT1___RAVER1_unrelaxed_rank_005_alphafold2_multimer_v3_model_1_seed_000.pdb
PRMT1___RBM4,1,5,A,B,0.3210,1005.7,322.8,0.3628,0.8528,0.2782,0.3703,11238.0,90.0,0.6000,82.6,45.4,0.520,321,27,24,15,91.7,60.6,89.3,57.0,371,364,[51-371],[153-179],"[70-72,74-75,78,195,197,251,254,256,289,291,293,297-302,307-310]","[153-161,163-164,169,171-173]",PRMT1___RBM4_unrelaxed_rank_001_alphafold2_multimer_v3_model_5_seed_000.pdb
PRMT1___RBM4,2,2,A,B,0.2278,664.9,151.5,0.1931,0.6417,0.1633,0.3179,8188.0,54.0,0.5500,81.7,44.5,0.520,310,25,16,13,91.5,56.7,88.9,55.6,371,364,"[59-218,220,222-224,226-371]",[155-179],"[195,197,249,251,254,289,291,293,297-300,302,304,307-308]","[155,157,159-161,163-164,168-169,171-173,178]",PRMT1___RBM4_unrelaxed_rank_002_alphafold2_multimer_v3_model_2_seed_000.pdb
PRMT1___RBM4,3,1,A,B,0.0000,0.0,0.0,0.0000,0.3331,0.0000,0.0000,0.0,0.0,0.2000,78.8,43.7,0.500,0,0,0,0,,,,,371,364,,,,,PRMT1___RBM4_unrelaxed_rank_003_alphafold2_multimer_v3_model_1_seed_000.pdb
PRMT1___RBM4,4,3,A,B,0.0000,0.0,0.0,0.0000,0.3235,0.0000,0.0000,0.0,0.0,0.1900,79.9,42.8,0.490,0,0,0,0,,,,,371,364,,,,,PRMT1___RBM4_unrelaxed_rank_004_alphafold2_multimer_v3_model_3_seed_000.pdb
PRMT1___RBM4,5,4,A,B,0.0000,0.0,0.0,0.0000,0.2349,0.0000,0.0000,0.0,0.0,0.1700,77.3,40.4,0.490,0,0,0,0,,,,,371,364,,,,,PRMT1___RBM4_unrelaxed_rank_005_alphafold2_multimer_v3_model_4_seed_000.pdb
PRMT1___STIP1,1,1,A,B,0.0000,0.0,0.0,0.0000,0.3437,0.0000,0.0000,0.0,0.0,0.2400,81.8,79.7,0.430,0,0,0,0,,,,,371,543,,,,,PRMT1___STIP1_unrelaxed_rank_001_alphafold2_multimer_v3_model_1_seed_000.pdb
PRMT1___STIP1,2,4,A,B,0.0000,0.0,0.0,0.0000,0.1994,0.0000,0.0000,0.0,0.0,0.1900,79.4,78.7,0.420,0,0,0,0,,,,,371,543,,,,,PRMT1___STIP1_unrelaxed_rank_002_alphafold2_multimer_v3_model_4_seed_000.pdb
PRMT1___STIP1,3,3,A,B,0.0000,0.0,0.0,0.0000,0.1711,0.0000,0.0000,0.0,0.0,0.1600,81.0,79.7,0.410,0,0,0,0,,,,,371,543,,,,,PRMT1___STIP1_unrelaxed_rank_003_alphafold2_multimer_v3_model_3_seed_000.pdb
PRMT1___STIP1,4,5,A,B,0.0000,0.0,0.0,0.0000,0.1551,0.0000,0.0000,0.0,0.0,0.1600,81.8,80.1,0.410,0,0,0,0,,,,,371,543,,,,,PRMT1___STIP1_unrelaxed_rank_004_alphafold2_multimer_v3_model_5_seed_000.pdb
PRMT1___STIP1,5,2,A,B,0.0000,0.0,0.0,0.0000,0.1686,0.0000,0.0000,0.0,0.0,0.1500,82.9,80.3,0.420,0,0,0,0,,,,,371,543,,,,,PRMT1___STIP1_unrelaxed_rank_005_alphafold2_multimer_v3_model_2_seed_000.pdb
PSPC1___U2SURP,1,2,A,B,0.0000,0.0,0.0,0.0000,0.4405,0.0000,0.0000,0.0,0.0,0.2600,58.0,49.7,0.290,0,0,0,0,,,,,523,1029,,,,,PSPC1___U2SURP_unrelaxed_rank_001_alphafold2_multimer_v3_model_2_seed_000.pdb
PSPC1___U2SURP,2,1,A,B,0.0000,0.0,0.0,0.0000,0.3564,0.0000,0.0000,0.0,0.0,0.2200,58.1,49.1,0.290,0,0,0,0,,,,,523,1029,,,,,PSPC1___U2SURP_unrelaxed_rank_002_alphafold2_multimer_v3_model_1_seed_000.pdb
PSPC1___U2SURP,3,3,A,B,0.0000,0.0,0.0,0.0000,0.5056,0.0162,0.0000,19.0,0.0,0.1800,58.3,46.9,0.290,2,15,0,0,29.2,92.6,,,523,1029,[522-523],"[556,559-560,562,565,568,588,592-593,596,598,600,629,657,660]",,,PSPC1___U2SURP_unrelaxed_rank_003_alphafold2_multimer_v3_model_3_seed_000.pdb
PSPC1___U2SURP,4,5,A,B,0.0000,0.0,0.0,0.0000,0.2392,0.0000,0.0000,0.0,0.0,0.1700,57.8,47.4,0.290,0,0,0,0,,,,,523,1029,,,,,PSPC1___U2SURP_unrelaxed_rank_004_alphafold2_multimer_v3_model_5_seed_000.pdb
PSPC1___U2SURP,5,4,A,B,0.0000,0.0,0.0,0.0000,0.1610,0.0000,0.0000,0.0,0.0,0.1600,56.6,44.8,0.280,0,0,0,0,,,,,523,1029,,,,,PSPC1___U2SURP_unrelaxed_rank_005_alphafold2_multimer_v3_model_4_seed_000.pdb
PTBP3___CDK4,1,2,A,B,0.0000,0.0,0.0,0.0000,0.1817,0.0000,0.0000,0.0,0.0,0.1900,63.6,76.8,0.400,0,0,0,0,,,,,552,303,,,,,PTBP3___CDK4_unrelaxed_rank_001_alphafold2_multimer_v3_model_2_seed_000.pdb
PTBP3___CDK4,2,3,A,B,0.0000,0.0,0.0,0.0000,0.1972,0.0000,0.0000,0.0,0.0,0.1800,60.7,74.5,0.390,0,0,0,0,,,,,552,303,,,,,PTBP3___CDK4_unrelaxed_rank_002_alphafold2_multimer_v3_model_3_seed_000.pdb
PTBP3___CDK4,3,4,A,B,0.0000,0.0,0.0,0.0000,0.1659,0.0000,0.0000,0.0,0.0,0.1700,60.4,76.5,0.400,0,0,0,0,,,,,552,303,,,,,PTBP3___CDK4_unrelaxed_rank_003_alphafold2_multimer_v3_model_4_seed_000.pdb
PTBP3___CDK4,4,1,A,B,0.0000,0.0,0.0,0.0000,0.1896,0.0000,0.0000,0.0,0.0,0.1600,58.7,77.3,0.400,0,0,0,0,,,,,552,303,,,,,PTBP3___CDK4_unrelaxed_rank_004_alphafold2_multimer_v3_model_1_seed_000.pdb
PTBP3___CDK4,5,5,A,B,0.0000,0.0,0.0,0.0000,0.1396,0.0000,0.0000,0.0,0.0,0.1600,63.2,73.4,0.380,0,0,0,0,,,,,552,303,,,,,PTBP3___CDK4_unrelaxed_rank_005_alphafold2_multimer_v3_model_5_seed_000.pdb
PTBP3___CIZ1,1,5,A,B,0.4903,392.1,192.2,0.3171,0.9712,0.3876,0.6201,1852.0,83.0,0.3000,66.9,25.1,0.270,107,14,17,10,84.7,46.6,82.5,52.5,552,898,[175-281],[154-167],"[190-192,197,200-201,239,241-249,251]","[156-164,167]",PTBP3___CIZ1_unrelaxed_rank_001_alphafold2_multimer_v3_model_5_seed_000.pdb
PTBP3___CIZ1,2,3,A,B,0.3236,269.7,87.3,0.0835,0.9071,0.2436,0.4298,1212.0,60.0,0.2900,63.8,25.9,0.270,99,13,15,8,81.7,45.9,78.3,52.4,552,898,"[178-275,278]",[155-167],"[190-191,197,200-201,239,241-248,251]","[156,158-164]",PTBP3___CIZ1_unrelaxed_rank_002_alphafold2_multimer_v3_model_3_seed_000.pdb
PTBP3___CIZ1,3,2,A,B,0.2374,213.4,50.7,0.0566,0.8174,0.1871,0.3012,893.0,51.0,0.2700,67.8,26.7,0.270,97,9,14,9,85.7,50.0,81.8,50.0,552,898,[179-275],[156-164],"[190-191,197,200-201,239,242-248,251]",[156-164],PTBP3___CIZ1_unrelaxed_rank_003_alphafold2_multimer_v3_model_2_seed_000.pdb
PTBP3___CIZ1,4,1,A,B,0.1561,103.2,16.1,0.0201,0.6914,0.1281,0.1902,280.0,38.0,0.2700,59.5,25.3,0.270,79,8,12,6,71.6,36.3,67.7,39.3,552,898,"[181-215,219,221-256,263,266-267,270,272-274]",[157-164],"[197,200-201,204,239,242-247,251]",[158-163],PTBP3___CIZ1_unrelaxed_rank_004_alphafold2_multimer_v3_model_1_seed_000.pdb
PTBP3___CIZ1,5,4,A,B,0.1526,92.8,14.2,0.0156,0.6696,0.1296,0.1798,287.0,30.0,0.2500,62.4,25.1,0.260,82,8,11,6,77.4,36.3,72.8,38.7,552,898,"[181-216,219-255,257,259,262-263,265,270,272-274]",[157-164],"[197,200-201,204,238-239,242-246]",[158-163],PTBP3___CIZ1_unrelaxed_rank_005_alphafold2_multimer_v3_model_4_seed_000.pdb
PTBP3___SLC3A2,1,1,A,B,0.0000,0.0,0.0,0.0000,0.1476,0.0000,0.0000,0.0,0.0,0.1700,59.3,69.6,0.450,0,0,0,0,,,,,552,630,,,,,PTBP3___SLC3A2_unrelaxed_rank_001_alphafold2_multimer_v3_model_1_seed_000.pdb
PTBP3___SLC3A2,2,4,A,B,0.0000,0.0,0.0,0.0000,0.1652,0.0000,0.0000,0.0,0.0,0.1700,59.2,67.9,0.440,0,0,0,0,,,,,552,630,,,,,PTBP3___SLC3A2_unrelaxed_rank_002_alphafold2_multimer_v3_model_4_seed_000.pdb
PTBP3___SLC3A2,3,5,A,B,0.0000,0.0,0.0,0.0000,0.1666,0.0000,0.0000,0.0,0.0,0.1700,60.4,68.1,0.440,0,0,0,0,,,,,552,630,,,,,PTBP3___SLC3A2_unrelaxed_rank_003_alphafold2_multimer_v3_model_5_seed_000.pdb
PTBP3___SLC3A2,4,2,A,B,0.0000,0.0,0.0,0.0000,0.1535,0.0000,0.0000,0.0,0.0,0.1700,63.9,69.2,0.440,0,0,0,0,,,,,552,630,,,,,PTBP3___SLC3A2_unrelaxed_rank_004_alphafold2_multimer_v3_model_2_seed_000.pdb
PTBP3___SLC3A2,5,3,A,B,0.0000,0.0,0.0,0.0000,0.1388,0.0000,0.0000,0.0,0.0,0.1600,60.5,68.1,0.450,0,0,0,0,,,,,552,630,,,,,PTBP3___SLC3A2_unrelaxed_rank_005_alphafold2_multimer_v3_model_3_seed_000.pdb
RAVER1___PSPC1,1,1,A,B,0.0000,0.0,0.0,0.0000,0.1841,0.0000,0.0000,0.0,0.0,0.1500,51.9,57.7,0.350,0,0,0,0,,,,,606,523,,,,,RAVER1___PSPC1_unrelaxed_rank_001_alphafold2_multimer_v3_model_1_seed_000.pdb
RAVER1___PSPC1,2,2,A,B,0.0000,0.0,0.0,0.0000,0.1621,0.0000,0.0000,0.0,0.0,0.1400,53.2,56.9,0.350,0,0,0,0,,,,,606,523,,,,,RAVER1___PSPC1_unrelaxed_rank_002_alphafold2_multimer_v3_model_2_seed_000.pdb
RAVER1___PSPC1,3,3,A,B,0.0000,0.0,0.0,0.0000,0.1519,0.0000,0.0000,0.0,0.0,0.1400,52.2,57.2,0.350,0,0,0,0,,,,,606,523,,,,,RAVER1___PSPC1_unrelaxed_rank_003_alphafold2_multimer_v3_model_3_seed_000.pdb
RAVER1___PSPC1,4,5,A,B,0.0000,0.0,0.0,0.0000,0.1370,0.0000,0.0000,0.0,0.0,0.1400,52.4,57.1,0.350,0,0,0,0,,,,,606,523,,,,,RAVER1___PSPC1_unrelaxed_rank_004_alphafold2_multimer_v3_model_5_seed_000.pdb
RAVER1___PSPC1,5,4,A,B,0.0000,0.0,0.0,0.0000,0.1515,0.0000,0.0000,0.0,0.0,0.1400,53.0,54.8,0.350,0,0,0,0,,,,,606,523,,,,,RAVER1___PSPC1_unrelaxed_rank_005_alphafold2_multimer_v3_model_4_seed_000.pdb
RAVER1___PTBP1,1,5,A,B,0.4452,430.6,191.7,0.3858,0.9678,0.3600,0.5507,2347.0,79.0,0.2900,52.7,63.4,0.360,20,107,12,18,55.6,80.2,59.2,78.9,606,557,[319-338],[178-284],"[320-328,333,336-337]","[193-194,196,199,202-203,241,243-249,251-253,270]",RAVER1___PTBP1_unrelaxed_rank_001_alphafold2_multimer_v3_model_5_seed_000.pdb
RAVER1___PTBP1,2,2,A,B,0.2994,762.9,228.4,0.1695,0.8881,0.2248,0.3987,4014.0,145.0,0.2700,54.8,64.9,0.380,35,104,19,30,56.4,83.1,61.6,80.8,606,557,"[320-352,380-381]",[180-283],"[321-328,333,336,338-346]","[188,191-199,202-203,215-217,220-222,241,244-249,251-253,270-271]",RAVER1___PTBP1_unrelaxed_rank_002_alphafold2_multimer_v3_model_2_seed_000.pdb
RAVER1___PTBP1,3,4,A,B,0.3376,857.1,289.4,0.1805,0.9154,0.2581,0.4416,4507.0,163.0,0.2700,54.7,61.5,0.370,42,103,23,34,55.7,79.0,62.0,77.5,606,557,"[319-352,376-377,379-384]",[180-282],"[319-328,333,336-346,348]","[188,191-199,202-203,215-217,220-223,241,243-253,269-271]",RAVER1___PTBP1_unrelaxed_rank_003_alphafold2_multimer_v3_model_4_seed_000.pdb
RAVER1___PTBP1,4,1,A,B,0.1637,215.2,35.2,0.0181,0.7487,0.1191,0.2249,858.0,54.0,0.2500,52.7,58.9,0.370,16,89,8,16,44.9,73.9,46.8,71.4,606,557,[322-337],"[182-260,263,265,268-269,271-276]","[323-328,333,337]","[193-194,196,199,202-203,206,240-241,244-248,251,253]",RAVER1___PTBP1_unrelaxed_rank_004_alphafold2_multimer_v3_model_1_seed_000.pdb
RAVER1___PTBP1,5,3,A,B,0.1830,167.3,30.6,0.0247,0.7725,0.1478,0.2265,509.0,55.0,0.2500,51.9,61.2,0.360,11,91,8,16,43.2,78.8,44.2,71.2,606,557,"[322-331,333]","[182-260,263,265,267-276]","[323-329,333]","[192-193,195,199,202-203,241,244-251,253]",RAVER1___PTBP1_unrelaxed_rank_005_alphafold2_multimer_v3_model_3_seed_000.pdb
RAVER1___SLC3A2,1,5,A,B,0.0000,0.0,0.0,0.0000,0.1703,0.0000,0.0000,0.0,0.0,0.1800,51.9,68.3,0.430,0,0,0,0,,,,,606,630,,,,,RAVER1___SLC3A2_unrelaxed_rank_001_alphafold2_multimer_v3_model_5_seed_000.pdb
RAVER1___SLC3A2,2,1,A,B,0.0000,0.0,0.0,0.0000,0.2444,0.0000,0.0000,0.0,0.0,0.1700,50.2,69.1,0.430,0,0,0,0,,,,,606,630,,,,,RAVER1___SLC3A2_unrelaxed_rank_002_alphafold2_multimer_v3_model_1_seed_000.pdb
RAVER1___SLC3A2,3,4,A,B,0.0000,0.0,0.0,0.0000,0.1757,0.0000,0.0000,0.0,0.0,0.1700,50.6,67.8,0.430,0,0,0,0,,,,,606,630,,,,,RAVER1___SLC3A2_unrelaxed_rank_003_alphafold2_multimer_v3_model_4_seed_000.pdb
RAVER1___SLC3A2,4,2,A,B,0.0000,0.0,0.0,0.0000,0.2058,0.0000,0.0000,0.0,0.0,0.1700,51.5,68.8,0.430,0,0,0,0,,,,,606,630,,,,,RAVER1___SLC3A2_unrelaxed_rank_004_alphafold2_multimer_v3_model_2_seed_000.pdb
RAVER1___SLC3A2,5,3,A,B,0.0000,0.0,0.0,0.0000,0.1416,0.0000,0.0000,0.0,0.0,0.1600,51.1,68.4,0.430,0,0,0,0,,,,,606,630,,,,,RAVER1___SLC3A2_unrelaxed_rank_005_alphafold2_multimer_v3_model_3_seed_000.pdb
RBM4___ANP32A,1,3,A,B,0.0346,130.8,4.5,0.0127,0.4234,0.0357,0.0334,713.0,24.0,0.2700,45.5,60.9,0.380,12,125,7,15,51.8,88.7,49.6,83.6,364,249,"[76,78,149-157,172]","[18-27,33-34,38,41,43-58,60-77,79-155]","[149-151,155-157,172]","[50,72-73,92,94,96-97,117,119,121-122,144,146-147,155]",RBM4___ANP32A_unrelaxed_rank_001_alphafold2_multimer_v3_model_3_seed_000.pdb
RBM4___ANP32A,2,5,A,B,0.0189,49.0,0.9,0.0000,0.3548,0.0193,0.0185,240.0,10.0,0.2300,45.2,63.1,0.370,9,94,4,6,47.4,89.1,44.8,80.8,364,249,[149-157],"[6-7,9,19-21,23-25,44-46,48,50-58,63,66-70,72-77,80-81,83,87,90-103,105-109,114-128,130-133,135-137,139,141-154]","[153,155-157]","[50,72-73,96-97,122]",RBM4___ANP32A_unrelaxed_rank_002_alphafold2_multimer_v3_model_5_seed_000.pdb
RBM4___ANP32A,3,4,A,B,0.0223,36.6,0.8,0.0000,0.3730,0.0175,0.0283,149.0,9.0,0.1900,42.8,62.4,0.360,6,77,3,8,32.7,86.5,33.3,83.8,364,249,"[149-153,156]","[7,19-25,27,41,45-52,54-55,57,66-76,81,83,87-88,90-91,93-96,99-100,106,109,114-116,118-120,122-124,126-127,130,132-133,135-136,139-153]",[150-152],"[50,68,70,72,94,119,144,147]",RBM4___ANP32A_unrelaxed_rank_003_alphafold2_multimer_v3_model_4_seed_000.pdb
RBM4___ANP32A,4,2,A,B,0.0266,104.1,2.8,0.0111,0.4167,0.0229,0.0309,387.0,28.0,0.1900,44.4,63.4,0.360,11,118,8,13,35.4,90.0,35.6,81.9,364,249,"[150-158,163,172]","[3,6-7,10,19-28,41,44-58,60-61,63,65-77,80-85,87-88,90-103,105-128,130-155]","[151-155,157,163,172]","[25,50-51,70,72-73,94,96-97,119,121,146-147]",RBM4___ANP32A_unrelaxed_rank_004_alphafold2_multimer_v3_model_2_seed_000.pdb
RBM4___ANP32A,5,1,A,B,0.0000,0.0,0.0,0.0000,0.2422,0.0000,0.0000,0.0,0.0,0.1700,44.2,62.8,0.360,0,0,0,0,,,,,364,249,,,,,RBM4___ANP32A_unrelaxed_rank_005_alphafold2_multimer_v3_model_1_seed_000.pdb
RBM4___DDX17,1,3,A,B,0.0000,0.0,0.0,0.0000,0.3432,0.0076,0.0000,3.0,0.0,0.1800,40.7,59.2,0.440,1,3,0,0,36.2,93.0,,,364,729,[306],"[134,230-231]",,,RBM4___DDX17_unrelaxed_rank_001_alphafold2_multimer_v3_model_3_seed_000.pdb
RBM4___DDX17,2,2,A,B,0.0000,0.0,0.0,0.0000,0.1810,0.0000,0.0000,0.0,0.0,0.1800,40.9,58.4,0.380,0,0,0,0,,,,,364,729,,,,,RBM4___DDX17_unrelaxed_rank_002_alphafold2_multimer_v3_model_2_seed_000.pdb
RBM4___DDX17,3,1,A,B,0.0000,0.0,0.0,0.0000,0.3960,0.0000,0.0000,0.0,0.0,0.1800,41.7,58.1,0.370,0,0,0,0,,,,,364,729,,,,,RBM4___DDX17_unrelaxed_rank_003_alphafold2_multimer_v3_model_1_seed_000.pdb
RBM4___DDX17,4,4,A,B,0.0000,0.0,0.0,0.0000,0.1944,0.0000,0.0000,0.0,0.0,0.1700,37.4,56.8,0.360,0,0,0,0,,,,,364,729,,,,,RBM4___DDX17_unrelaxed_rank_004_alphafold2_multimer_v3_model_4_seed_000.pdb
RBM4___DDX17,5,5,A,B,0.0000,0.0,0.0,0.0000,0.1711,0.0000,0.0000,0.0,0.0,0.1600,42.3,59.4,0.400,0,0,0,0,,,,,364,729,,,,,RBM4___DDX17_unrelaxed_rank_005_alphafold2_multimer_v3_model_5_seed_000.pdb
RBM4___ZNF503,1,3,A,B,0.0000,0.0,0.0,0.0000,0.1939,0.0000,0.0000,0.0,0.0,0.1500,46.7,20.5,0.200,0,0,0,0,,,,,364,646,,,,,RBM4___ZNF503_unrelaxed_rank_001_alphafold2_multimer_v3_model_3_seed_000.pdb
RBM4___ZNF503,2,2,A,B,0.0000,0.0,0.0,0.0000,0.1425,0.0000,0.0000,0.0,0.0,0.1400,49.4,21.4,0.220,0,0,0,0,,,,,364,646,,,,,RBM4___ZNF503_unrelaxed_rank_002_alphafold2_multimer_v3_model_2_seed_000.pdb
RBM4___ZNF503,3,4,A,B,0.0000,0.0,0.0,0.0000,0.1565,0.0000,0.0000,0.0,0.0,0.1400,49.6,22.6,0.210,0,0,0,0,,,,,364,646,,,,,RBM4___ZNF503_unrelaxed_rank_003_alphafold2_multimer_v3_model_4_seed_000.pdb
RBM4___ZNF503,4,1,A,B,0.0000,0.0,0.0,0.0000,0.1696,0.0000,0.0000,0.0,0.0,0.1400,47.1,22.9,0.210,0,0,0,0,,,,,364,646,,,,,RBM4___ZNF503_unrelaxed_rank_004_alphafold2_multimer_v3_model_1_seed_000.pdb
RBM4___ZNF503,5,5,A,B,0.0000,0.0,0.0,0.0000,0.1297,0.0000,0.0000,0.0,0.0,0.1400,48.8,21.5,0.200,0,0,0,0,,,,,364,646,,,,,RBM4___ZNF503_unrelaxed_rank_005_alphafold2_multimer_v3_model_5_seed_000.pdb
RPS12___HMGB1,1,1,A,B,0.0000,0.0,0.0,0.0000,0.1355,0.0000,0.0000,0.0,0.0,0.1500,82.5,72.5,0.400,0,0,0,0,,,,,132,215,,,,,RPS12___HMGB1_unrelaxed_rank_001_alphafold2_multimer_v3_model_1_seed_000.pdb
RPS12___HMGB1,2,5,A,B,0.0000,0.0,0.0,0.0000,0.1282,0.0000,0.0000,0.0,0.0,0.1400,72.4,67.3,0.380,0,0,0,0,,,,,132,215,,,,,RPS12___HMGB1_unrelaxed_rank_002_alphafold2_multimer_v3_model_5_seed_000.pdb
RPS12___HMGB1,3,2,A,B,0.0000,0.0,0.0,0.0000,0.1244,0.0000,0.0000,0.0,0.0,0.1400,80.1,70.7,0.380,0,0,0,0,,,,,132,215,,,,,RPS12___HMGB1_unrelaxed_rank_003_alphafold2_multimer_v3_model_2_seed_000.pdb
RPS12___HMGB1,4,4,A,B,0.0000,0.0,0.0,0.0000,0.1397,0.0000,0.0000,0.0,0.0,0.1300,78.4,70.0,0.380,0,0,0,0,,,,,132,215,,,,,RPS12___HMGB1_unrelaxed_rank_004_alphafold2_multimer_v3_model_4_seed_000.pdb
RPS12___HMGB1,5,3,A,B,0.0000,0.0,0.0,0.0000,0.1452,0.0000,0.0000,0.0,0.0,0.1100,79.8,68.6,0.380,0,0,0,0,,,,,132,215,,,,,RPS12___HMGB1_unrelaxed_rank_005_alphafold2_multimer_v3_model_3_seed_000.pdb
RPS12___SLC3A2,1,1,A,B,0.1362,193.9,26.4,0.0697,0.5954,0.1080,0.1717,696.0,54.0,0.5900,71.2,70.6,0.590,111,9,18,8,75.7,44.7,74.6,45.9,132,630,"[13-92,100,103-132]",[141-149],"[14-15,18,54,66,70,73-81,127-128,131]",[141-148],RPS12___SLC3A2_unrelaxed_rank_001_alphafold2_multimer_v3_model_1_seed_000.pdb
RPS12___SLC3A2,2,2,A,B,0.0633,15.5,1.0,0.0116,0.3840,0.0512,0.0783,30.0,8.0,0.4800,72.0,70.5,0.590,14,4,4,3,80.9,37.7,78.6,38.7,132,630,"[25-26,31,39,52-53,76-80,85,108,110]",[143-146],[77-80],[144-146],RPS12___SLC3A2_unrelaxed_rank_002_alphafold2_multimer_v3_model_2_seed_000.pdb
RPS12___SLC3A2,3,3,A,B,0.0000,0.0,0.0,0.0000,0.2613,0.0000,0.0000,0.0,0.0,0.3900,72.6,69.1,0.580,0,0,0,0,,,,,132,630,,,,,RPS12___SLC3A2_unrelaxed_rank_003_alphafold2_multimer_v3_model_3_seed_000.pdb
RPS12___SLC3A2,4,4,A,B,0.0000,0.0,0.0,0.0000,0.1498,0.0000,0.0000,0.0,0.0,0.2400,54.5,68.3,0.600,0,0,0,0,,,,,132,630,,,,,RPS12___SLC3A2_unrelaxed_rank_004_alphafold2_multimer_v3_model_4_seed_000.pdb
RPS12___SLC3A2,5,5,A,B,0.0000,0.0,0.0,0.0000,0.1668,0.0000,0.0000,0.0,0.0,0.2400,66.5,68.2,0.600,0,0,0,0,,,,,132,630,,,,,RPS12___SLC3A2_unrelaxed_rank_005_alphafold2_multimer_v3_model_5_seed_000.pdb
SAFB___DNAJA1,1,5,A,B,0.2279,300.2,68.4,0.0250,0.7987,0.1805,0.2877,1408.0,64.0,0.4000,32.6,77.0,0.290,11,175,9,17,46.6,88.3,48.4,85.4,915,397,[126-136],"[103-142,191-290,294-328]","[127-134,136]","[107,109,111,124-131,203,207-208,228-229,239]",SAFB___DNAJA1_unrelaxed_rank_001_alphafold2_multimer_v3_model_5_seed_000.pdb
SAFB___DNAJA1,2,2,A,B,0.0280,62.5,1.8,0.0110,0.5520,0.0223,0.0353,230.0,17.0,0.2400,32.5,78.1,0.300,7,93,6,9,35.4,91.4,35.9,85.8,915,397,[127-133],"[106-120,123-134,201-214,216,220-225,227,230,235,238-240,242-245,247,250,252-253,258-261,263,268,274-280,284-286,288,301-303,305,308-310,318,320-325]",[127-132],"[109,124-130,239]",SAFB___DNAJA1_unrelaxed_rank_002_alphafold2_multimer_v3_model_2_seed_000.pdb
SAFB___DNAJA1,3,3,A,B,0.1261,202.6,25.6,0.0168,0.6861,0.1076,0.1478,955.0,43.0,0.2300,32.2,75.1,0.290,10,157,9,14,32.8,87.7,33.5,83.5,915,397,[126-135],"[104-136,193,195-196,199-232,234-289,295-313,315-326]",[126-134],"[107,109,111-112,124-131,208,239]",SAFB___DNAJA1_unrelaxed_rank_003_alphafold2_multimer_v3_model_3_seed_000.pdb
SAFB___DNAJA1,4,1,A,B,0.0000,0.0,0.0,0.0000,0.3409,0.0000,0.0000,0.0,0.0,0.2300,32.1,77.9,0.290,0,0,0,0,,,,,915,397,,,,,SAFB___DNAJA1_unrelaxed_rank_004_alphafold2_multimer_v3_model_1_seed_000.pdb
SAFB___DNAJA1,5,4,A,B,0.0000,0.0,0.0,0.0000,0.3251,0.0000,0.0000,0.0,0.0,0.2200,30.2,77.2,0.290,0,0,0,0,,,,,915,397,,,,,SAFB___DNAJA1_unrelaxed_rank_005_alphafold2_multimer_v3_model_4_seed_000.pdb
SAR1A___ANP32A,1,1,A,B,0.0000,0.0,0.0,0.0110,0.2328,0.0263,0.0000,281.0,0.0,0.2600,64.8,61.4,0.460,14,96,0,0,81.2,83.7,,,198,249,"[28-30,41-42,96-98,129-132,186,190]","[18-28,41,43-55,63,65-76,80,83,89-100,103,105,109,112,114-127,130-155]",,,SAR1A___ANP32A_unrelaxed_rank_001_alphafold2_multimer_v3_model_1_seed_000.pdb
SAR1A___ANP32A,2,2,A,B,0.0000,0.0,0.0,0.0136,0.1989,0.0314,0.0000,585.0,0.0,0.2400,71.4,62.2,0.460,14,122,0,0,88.2,86.9,,,198,249,"[28-31,41,95-99,129-132]","[5-10,18-28,41-56,58,61-63,65-77,80-84,87-112,114-128,130-155]",,,SAR1A___ANP32A_unrelaxed_rank_002_alphafold2_multimer_v3_model_2_seed_000.pdb
SAR1A___ANP32A,3,4,A,B,0.0000,0.0,0.0,0.0120,0.1935,0.0372,0.0000,686.0,0.0,0.2300,72.8,62.1,0.460,14,127,0,0,89.0,85.8,,,198,249,"[28,30-32,96-99,129-132,186,190]","[3,5-10,16,18-29,33,38,41,43-58,61,63,65-77,80-83,87-112,114-156]",,,SAR1A___ANP32A_unrelaxed_rank_003_alphafold2_multimer_v3_model_4_seed_000.pdb
SAR1A___ANP32A,4,3,A,B,0.0000,0.0,0.0,0.0000,0.1682,0.0150,0.0000,14.0,0.0,0.2100,68.7,61.9,0.440,4,11,0,0,89.1,85.1,,,198,249,"[97,130,132,190]","[45,116,120,143-145,148-151,153]",,,SAR1A___ANP32A_unrelaxed_rank_004_alphafold2_multimer_v3_model_3_seed_000.pdb
SAR1A___ANP32A,5,5,A,B,0.0000,0.0,0.0,0.0000,0.1735,0.0147,0.0000,90.0,0.0,0.1900,70.8,62.4,0.440,4,48,0,0,92.1,85.4,,,198,249,"[97-99,132]","[19-24,27-28,45-49,52-53,55,67-68,74-75,91-92,98-99,109,116-118,120,123-127,131,133,135-137,143-145,148-153]",,,SAR1A___ANP32A_unrelaxed_rank_005_alphafold2_multimer_v3_model_5_seed_000.pdb
SAR1A___PRMT1,1,3,A,B,0.0000,0.0,0.0,0.0000,0.1300,0.0000,0.0000,0.0,0.0,0.1800,67.9,78.9,0.580,0,0,0,0,,,,,198,371,,,,,SAR1A___PRMT1_unrelaxed_rank_001_alphafold2_multimer_v3_model_3_seed_000.pdb
SAR1A___PRMT1,2,2,A,B,0.0000,0.0,0.0,0.0000,0.1431,0.0000,0.0000,0.0,0.0,0.1800,66.6,79.5,0.590,0,0,0,0,,,,,198,371,,,,,SAR1A___PRMT1_unrelaxed_rank_002_alphafold2_multimer_v3_model_2_seed_000.pdb
SAR1A___PRMT1,3,1,A,B,0.0000,0.0,0.0,0.0000,0.1403,0.0000,0.0000,0.0,0.0,0.1800,64.9,78.3,0.580,0,0,0,0,,,,,198,371,,,,,SAR1A___PRMT1_unrelaxed_rank_003_alphafold2_multimer_v3_model_1_seed_000.pdb
SAR1A___PRMT1,4,5,A,B,0.0000,0.0,0.0,0.0000,0.1110,0.0000,0.0000,0.0,0.0,0.1600,66.8,80.1,0.580,0,0,0,0,,,,,198,371,,,,,SAR1A___PRMT1_unrelaxed_rank_004_alphafold2_multimer_v3_model_5_seed_000.pdb
SAR1A___PRMT1,5,4,A,B,0.0000,0.0,0.0,0.0000,0.1120,0.0000,0.0000,0.0,0.0,0.1500,69.6,77.2,0.560,0,0,0,0,,,,,198,371,,,,,SAR1A___PRMT1_unrelaxed_rank_005_alphafold2_multimer_v3_model_4_seed_000.pdb
SAR1A___SLC3A2,1,4,A,B,0.0000,0.0,0.0,0.0000,0.1851,0.0069,0.0000,7.0,0.0,0.2700,60.6,67.1,0.580,4,3,0,0,76.8,94.1,,,198,630,"[97-98,130,132]","[291,294,304]",,,SAR1A___SLC3A2_unrelaxed_rank_001_alphafold2_multimer_v3_model_4_seed_000.pdb
SAR1A___SLC3A2,2,2,A,B,0.0000,0.0,0.0,0.0000,0.1608,0.0000,0.0000,0.0,0.0,0.2200,68.2,68.6,0.570,0,0,0,0,,,,,198,630,,,,,SAR1A___SLC3A2_unrelaxed_rank_002_alphafold2_multimer_v3_model_2_seed_000.pdb
SAR1A___SLC3A2,3,5,A,B,0.0000,0.0,0.0,0.0000,0.1411,0.0000,0.0000,0.0,0.0,0.2000,66.6,66.9,0.560,0,0,0,0,,,,,198,630,,,,,SAR1A___SLC3A2_unrelaxed_rank_003_alphafold2_multimer_v3_model_5_seed_000.pdb
SAR1A___SLC3A2,4,3,A,B,0.0000,0.0,0.0,0.0000,0.1486,0.0000,0.0000,0.0,0.0,0.1800,61.4,67.3,0.560,0,0,0,0,,,,,198,630,,,,,SAR1A___SLC3A2_unrelaxed_rank_004_alphafold2_multimer_v3_model_3_seed_000.pdb
SAR1A___SLC3A2,5,1,A,B,0.0000,0.0,0.0,0.0000,0.1816,0.0000,0.0000,0.0,0.0,0.1800,67.8,69.2,0.560,0,0,0,0,,,,,198,630,,,,,SAR1A___SLC3A2_unrelaxed_rank_005_alphafold2_multimer_v3_model_1_seed_000.pdb
SET___EDC3,1,4,A,B,0.0000,0.0,0.0,0.0000,0.1459,0.0000,0.0000,0.0,0.0,0.1400,61.7,60.5,0.390,0,0,0,0,,,,,290,508,,,,,SET___EDC3_unrelaxed_rank_001_alphafold2_multimer_v3_model_4_seed_000.pdb
SET___EDC3,2,1,A,B,0.0000,0.0,0.0,0.0000,0.1233,0.0000,0.0000,0.0,0.0,0.1400,61.7,61.1,0.380,0,0,0,0,,,,,290,508,,,,,SET___EDC3_unrelaxed_rank_002_alphafold2_multimer_v3_model_1_seed_000.pdb
SET___EDC3,3,2,A,B,0.0000,0.0,0.0,0.0000,0.1175,0.0000,0.0000,0.0,0.0,0.1300,63.5,61.4,0.380,0,0,0,0,,,,,290,508,,,,,SET___EDC3_unrelaxed_rank_003_alphafold2_multimer_v3_model_2_seed_000.pdb
SET___EDC3,4,5,A,B,0.0000,0.0,0.0,0.0000,0.1283,0.0000,0.0000,0.0,0.0,0.1300,61.8,61.6,0.390,0,0,0,0,,,,,290,508,,,,,SET___EDC3_unrelaxed_rank_004_alphafold2_multimer_v3_model_5_seed_000.pdb
SET___EDC3,5,3,A,B,0.0000,0.0,0.0,0.0000,0.1201,0.0000,0.0000,0.0,0.0,0.1200,61.5,61.5,0.380,0,0,0,0,,,,,290,508,,,,,SET___EDC3_unrelaxed_rank_005_alphafold2_multimer_v3_model_3_seed_000.pdb
SET___LUC7L2,1,1,A,B,0.0000,0.0,0.0,0.0000,0.1610,0.0000,0.0000,0.0,0.0,0.1700,64.0,60.8,0.400,0,0,0,0,,,,,290,392,,,,,SET___LUC7L2_unrelaxed_rank_001_alphafold2_multimer_v3_model_1_seed_000.pdb
SET___LUC7L2,2,2,A,B,0.0000,0.0,0.0,0.0000,0.2659,0.0000,0.0000,0.0,0.0,0.1400,65.5,60.5,0.390,0,0,0,0,,,,,290,392,,,,,SET___LUC7L2_unrelaxed_rank_002_alphafold2_multimer_v3_model_2_seed_000.pdb
SET___LUC7L2,3,3,A,B,0.0000,0.0,0.0,0.0000,0.1802,0.0000,0.0000,0.0,0.0,0.1300,62.6,59.0,0.380,0,0,0,0,,,,,290,392,,,,,SET___LUC7L2_unrelaxed_rank_003_alphafold2_multimer_v3_model_3_seed_000.pdb
SET___LUC7L2,4,4,A,B,0.0000,0.0,0.0,0.0000,0.0990,0.0000,0.0000,0.0,0.0,0.1100,62.7,60.3,0.380,0,0,0,0,,,,,290,392,,,,,SET___LUC7L2_unrelaxed_rank_004_alphafold2_multimer_v3_model_4_seed_000.pdb
SET___LUC7L2,5,5,A,B,0.0000,0.0,0.0,0.0000,0.0768,0.0000,0.0000,0.0,0.0,0.1000,63.8,59.6,0.370,0,0,0,0,,,,,290,392,,,,,SET___LUC7L2_unrelaxed_rank_005_alphafold2_multimer_v3_model_5_seed_000.pdb
SET___RBM33,1,2,A,B,0.0532,89.6,4.8,0.0145,0.5633,0.0452,0.0627,423.0,19.0,0.3900,64.8,23.1,0.280,26,49,7,8,76.4,87.8,74.0,81.8,290,1170,"[45,48-70,77,131]","[1099-1109,1114-1115,1117-1118,1120-1121,1124,1127-1128,1130,1134-1136,1139-1140,1143-1156,1158-1166]","[53,56-57,60,63-64,67]","[1103-1104,1106,1155,1160-1162,1164]",SET___RBM33_unrelaxed_rank_001_alphafold2_multimer_v3_model_2_seed_000.pdb
SET___RBM33,2,1,A,B,0.0000,0.0,0.0,0.0000,0.4731,0.0196,0.0000,6.0,0.0,0.3400,61.6,22.6,0.270,6,3,0,0,72.8,77.3,,,290,1170,"[49,52-54,57,62]","[1155,1161,1165]",,,SET___RBM33_unrelaxed_rank_002_alphafold2_multimer_v3_model_1_seed_000.pdb
SET___RBM33,3,3,A,B,0.0000,0.0,0.0,0.0000,0.4894,0.0123,0.0000,58.0,0.0,0.3300,59.5,23.8,0.270,37,6,0,0,91.1,40.6,,,290,1170,"[88,98,100,109-110,112-114,121,125-127,135-140,144,146-148,150-153,155-156,171-173,178,204,206-207,217,220]",[870-875],,,SET___RBM33_unrelaxed_rank_003_alphafold2_multimer_v3_model_3_seed_000.pdb
SET___RBM33,4,5,A,B,0.0000,0.0,0.0,0.0000,0.2987,0.0000,0.0000,0.0,0.0,0.2400,62.9,23.5,0.260,0,0,0,0,,,,,290,1170,,,,,SET___RBM33_unrelaxed_rank_004_alphafold2_multimer_v3_model_5_seed_000.pdb
SET___RBM33,5,4,A,B,0.0000,0.0,0.0,0.0000,0.3477,0.0000,0.0000,0.0,0.0,0.2300,61.6,21.9,0.270,0,0,0,0,,,,,290,1170,,,,,SET___RBM33_unrelaxed_rank_005_alphafold2_multimer_v3_model_4_seed_000.pdb
SET___ZBTB33,1,5,A,B,0.1104,387.7,42.8,0.0140,0.6168,0.0755,0.1614,3578.0,42.0,0.4300,60.9,38.8,0.340,144,67,13,13,84.8,71.5,76.9,66.5,290,672,"[51-52,55,59,61-62,65-129,131-156,164-166,168-174,177-180,201-207,211-236]","[512,520-569,571,577-579,581-592]","[103,219-220,223-224,227-228,230-231,233-236]","[520,522,525,533-535,537-538,549,586-589]",SET___ZBTB33_unrelaxed_rank_001_alphafold2_multimer_v3_model_5_seed_000.pdb
SET___ZBTB33,2,1,A,B,0.0000,0.0,0.0,0.0000,0.3359,0.0000,0.0000,0.0,0.0,0.3100,59.0,37.9,0.320,0,0,0,0,,,,,290,672,,,,,SET___ZBTB33_unrelaxed_rank_002_alphafold2_multimer_v3_model_1_seed_000.pdb
SET___ZBTB33,3,2,A,B,0.0322,8.6,0.3,0.0000,0.4557,0.0389,0.0267,37.0,2.0,0.2600,62.4,37.8,0.300,14,15,2,1,75.6,70.4,74.2,80.7,290,672,"[38,40,42-44,46-52,54-55]","[522,532-535,537-538,549-551,565,585-588]","[42,46]",[585],SET___ZBTB33_unrelaxed_rank_003_alphafold2_multimer_v3_model_2_seed_000.pdb
SET___ZBTB33,4,4,A,B,0.0000,0.0,0.0,0.0000,0.3441,0.0000,0.0000,0.0,0.0,0.2600,57.3,38.2,0.300,0,0,0,0,,,,,290,672,,,,,SET___ZBTB33_unrelaxed_rank_004_alphafold2_multimer_v3_model_4_seed_000.pdb
SET___ZBTB33,5,3,A,B,0.0000,0.0,0.0,0.0000,0.2332,0.0000,0.0000,0.0,0.0,0.2200,58.2,37.6,0.300,0,0,0,0,,,,,290,672,,,,,SET___ZBTB33_unrelaxed_rank_005_alphafold2_multimer_v3_model_3_seed_000.pdb
SF1___DHX15,1,3,A,B,0.2521,914.2,230.4,0.1386,0.8119,0.1699,0.3739,12290.0,68.0,0.5200,35.9,80.4,0.530,28,561,15,15,66.5,92.5,69.4,93.0,639,795,[269-296],"[117-118,123-124,126-133,135,137-155,157-159,167-180,188-282,284-292,299-305,307-311,321-323,331-343,351-357,360-373,382-389,393,396-398,400-403,414-421,424,433-439,441-455,457-472,480-487,489-490,496-519,521,523,525,527-742,744-769,771-787]","[270,272-278,285-291]","[585,616-617,619-620,628-630,632-633,635-636,675,677,680]",SF1___DHX15_unrelaxed_rank_001_alphafold2_multimer_v3_model_3_seed_000.pdb
SF1___DHX15,2,2,A,B,0.1233,528.0,65.1,0.0150,0.6496,0.1042,0.1458,4891.0,57.0,0.4500,33.3,79.9,0.510,24,310,15,15,59.7,92.3,59.5,88.2,639,795,[271-294],"[145-146,149,153-154,157-158,171-177,197-199,201-209,221,224-225,227,236,238-246,248-249,251,255-257,262,266,268-269,272-277,279-280,287-290,300-303,502,508-519,534-603,606-705,710-712,717-740,745-767,772,775-784]","[272-278,284-291]","[585,617,619,628-630,632-633,635-636,675,677,680-681,685]",SF1___DHX15_unrelaxed_rank_002_alphafold2_multimer_v3_model_2_seed_000.pdb
SF1___DHX15,3,5,A,B,0.0000,0.0,0.0,0.0000,0.4069,0.0000,0.0000,0.0,0.0,0.3200,34.7,79.8,0.520,0,0,0,0,,,,,639,795,,,,,SF1___DHX15_unrelaxed_rank_003_alphafold2_multimer_v3_model_5_seed_000.pdb
SF1___DHX15,4,1,A,B,0.0000,0.0,0.0,0.0000,0.3665,0.0000,0.0000,0.0,0.0,0.2400,32.7,78.5,0.500,0,0,0,0,,,,,639,795,,,,,SF1___DHX15_unrelaxed_rank_004_alphafold2_multimer_v3_model_1_seed_000.pdb
SF1___DHX15,5,4,A,B,0.0000,0.0,0.0,0.0000,0.1973,0.0000,0.0000,0.0,0.0,0.1800,32.2,79.6,0.510,0,0,0,0,,,,,639,795,,,,,SF1___DHX15_unrelaxed_rank_005_alphafold2_multimer_v3_model_4_seed_000.pdb
SF3B2___TLE3,1,1,A,B,0.0704,183.6,12.9,0.0133,0.6820,0.0707,0.0701,1605.0,21.0,0.3100,34.7,54.1,0.330,12,270,9,17,36.5,93.7,36.0,91.4,895,772,[765-776],"[448-451,459-460,473-474,477-495,499-513,522-527,531-561,568-573,575-614,617-648,652-670,672-687,692-728,731,733-772]","[765-768,770-772,774-775]","[488,490,534,552,596,622,638,661,663,679,702,704,720,742-743,761,763]",SF3B2___TLE3_unrelaxed_rank_001_alphafold2_multimer_v3_model_1_seed_000.pdb
SF3B2___TLE3,2,2,A,B,0.0000,0.0,0.0,0.0000,0.4302,0.0142,0.0000,1.0,0.0,0.2400,35.5,55.4,0.330,1,1,0,0,34.8,97.5,,,895,772,[769],[623],,,SF3B2___TLE3_unrelaxed_rank_002_alphafold2_multimer_v3_model_2_seed_000.pdb
SF3B2___TLE3,3,5,A,B,0.1037,200.1,20.8,0.0165,0.7270,0.0907,0.1186,1669.0,24.0,0.2400,36.2,55.7,0.330,8,305,6,19,34.0,94.3,34.1,93.4,895,772,[13-20],"[447-452,458-464,467-468,472-514,521-562,565-670,673-687,689-772]","[13-15,17-18,20]","[488,490,534,536,578,580,596,620,622,638,663,679,702,704,720,742-743,745,761]",SF3B2___TLE3_unrelaxed_rank_003_alphafold2_multimer_v3_model_5_seed_000.pdb
SF3B2___TLE3,4,3,A,B,0.0000,0.0,0.0,0.0000,0.4772,0.0000,0.0000,0.0,0.0,0.2200,36.2,54.7,0.330,0,0,0,0,,,,,895,772,,,,,SF3B2___TLE3_unrelaxed_rank_004_alphafold2_multimer_v3_model_3_seed_000.pdb
SF3B2___TLE3,5,4,A,B,0.0199,58.6,1.2,0.0000,0.5708,0.0203,0.0194,245.0,14.0,0.2100,33.0,53.3,0.330,6,124,5,11,29.4,92.7,29.8,90.0,895,772,[14-19],"[450,479,482-484,487-494,500-501,509-512,524-527,532-536,546-548,552-555,557-559,571-573,575-578,580-581,590,595-599,602,604,617-623,632,634,638-644,655-663,673-674,679-680,686,694-698,700-705,708,714-716,720-722,727,734-739,742-746,748-749,755,757,761,763,766-768]","[14-15,17-19]","[488,536,578,580,595-596,622,638,661,663,743]",SF3B2___TLE3_unrelaxed_rank_005_alphafold2_multimer_v3_model_4_seed_000.pdb
SFPQ___ATP5PD,1,1,A,B,0.0976,156.1,15.2,0.0171,0.6859,0.0722,0.1319,975.0,25.0,0.2000,49.8,46.0,0.380,161,13,12,7,91.5,55.2,80.2,56.7,707,161,"[295,298-301,327-328,332,334,336-338,341-352,355-356,360-361,363-367,372-378,380,382,384-391,394,396,400,402-404,407,409-413,415-419,421-427,429-431,433,435-437,443-522]",[149-161],"[460-462,464,466,470-471,474-478]","[151-154,156,158,161]",SFPQ___ATP5PD_unrelaxed_rank_001_alphafold2_multimer_v3_model_1_seed_000.pdb
SFPQ___ATP5PD,2,3,A,B,0.0000,0.0,0.0,0.0000,0.2453,0.0000,0.0000,0.0,0.0,0.1500,48.8,63.9,0.360,0,0,0,0,,,,,707,161,,,,,SFPQ___ATP5PD_unrelaxed_rank_002_alphafold2_multimer_v3_model_3_seed_000.pdb
SFPQ___ATP5PD,3,2,A,B,0.0000,0.0,0.0,0.0000,0.1188,0.0000,0.0000,0.0,0.0,0.1300,47.4,46.9,0.350,0,0,0,0,,,,,707,161,,,,,SFPQ___ATP5PD_unrelaxed_rank_003_alphafold2_multimer_v3_model_2_seed_000.pdb
SFPQ___ATP5PD,4,5,A,B,0.0000,0.0,0.0,0.0000,0.1185,0.0000,0.0000,0.0,0.0,0.1200,48.1,58.1,0.360,0,0,0,0,,,,,707,161,,,,,SFPQ___ATP5PD_unrelaxed_rank_004_alphafold2_multimer_v3_model_5_seed_000.pdb
SFPQ___ATP5PD,5,4,A,B,0.0000,0.0,0.0,0.0000,0.1231,0.0000,0.0000,0.0,0.0,0.1200,46.0,51.2,0.330,0,0,0,0,,,,,707,161,,,,,SFPQ___ATP5PD_unrelaxed_rank_005_alphafold2_multimer_v3_model_4_seed_000.pdb
SFPQ___RBM33,1,5,A,B,0.0000,0.0,0.0,0.0000,0.3741,0.0000,0.0000,0.0,0.0,0.2400,48.5,22.6,0.300,0,0,0,0,,,,,707,1170,,,,,SFPQ___RBM33_unrelaxed_rank_001_alphafold2_multimer_v3_model_5_seed_000.pdb
SFPQ___RBM33,2,2,A,B,0.0000,0.0,0.0,0.0000,0.3922,0.0000,0.0000,0.0,0.0,0.2300,48.9,23.4,0.310,0,0,0,0,,,,,707,1170,,,,,SFPQ___RBM33_unrelaxed_rank_002_alphafold2_multimer_v3_model_2_seed_000.pdb
SFPQ___RBM33,3,3,A,B,0.0000,0.0,0.0,0.0000,0.3759,0.0000,0.0000,0.0,0.0,0.2300,48.0,23.5,0.300,0,0,0,0,,,,,707,1170,,,,,SFPQ___RBM33_unrelaxed_rank_003_alphafold2_multimer_v3_model_3_seed_000.pdb
SFPQ___RBM33,4,1,A,B,0.0000,0.0,0.0,0.0000,0.3613,0.0000,0.0000,0.0,0.0,0.2200,48.4,22.7,0.300,0,0,0,0,,,,,707,1170,,,,,SFPQ___RBM33_unrelaxed_rank_004_alphafold2_multimer_v3_model_1_seed_000.pdb
SFPQ___RBM33,5,4,A,B,0.0000,0.0,0.0,0.0000,0.2980,0.0000,0.0000,0.0,0.0,0.1900,47.8,21.4,0.290,0,0,0,0,,,,,707,1170,,,,,SFPQ___RBM33_unrelaxed_rank_005_alphafold2_multimer_v3_model_4_seed_000.pdb
SFPQ___SF1,1,1,A,B,0.0000,0.0,0.0,0.0000,0.2611,0.0000,0.0000,0.0,0.0,0.1600,48.9,37.7,0.310,0,0,0,0,,,,,707,639,,,,,SFPQ___SF1_unrelaxed_rank_001_alphafold2_multimer_v3_model_1_seed_000.pdb
SFPQ___SF1,2,2,A,B,0.0000,0.0,0.0,0.0000,0.1439,0.0000,0.0000,0.0,0.0,0.1600,48.9,38.2,0.300,0,0,0,0,,,,,707,639,,,,,SFPQ___SF1_unrelaxed_rank_002_alphafold2_multimer_v3_model_2_seed_000.pdb
SFPQ___SF1,3,5,A,B,0.0000,0.0,0.0,0.0000,0.1296,0.0000,0.0000,0.0,0.0,0.1400,48.5,37.5,0.310,0,0,0,0,,,,,707,639,,,,,SFPQ___SF1_unrelaxed_rank_003_alphafold2_multimer_v3_model_5_seed_000.pdb
SFPQ___SF1,4,3,A,B,0.0000,0.0,0.0,0.0000,0.1431,0.0000,0.0000,0.0,0.0,0.1400,48.5,36.2,0.310,0,0,0,0,,,,,707,639,,,,,SFPQ___SF1_unrelaxed_rank_004_alphafold2_multimer_v3_model_3_seed_000.pdb
SFPQ___SF1,5,4,A,B,0.0000,0.0,0.0,0.0000,0.1575,0.0000,0.0000,0.0,0.0,0.1400,47.1,35.2,0.300,0,0,0,0,,,,,707,639,,,,,SFPQ___SF1_unrelaxed_rank_005_alphafold2_multimer_v3_model_4_seed_000.pdb
SFPQ___ZBTB33,1,1,A,B,0.0000,0.0,0.0,0.0000,0.1849,0.0000,0.0000,0.0,0.0,0.1600,47.4,36.1,0.310,0,0,0,0,,,,,707,672,,,,,SFPQ___ZBTB33_unrelaxed_rank_001_alphafold2_multimer_v3_model_1_seed_000.pdb
SFPQ___ZBTB33,2,2,A,B,0.0000,0.0,0.0,0.0000,0.1633,0.0000,0.0000,0.0,0.0,0.1500,47.9,37.4,0.310,0,0,0,0,,,,,707,672,,,,,SFPQ___ZBTB33_unrelaxed_rank_002_alphafold2_multimer_v3_model_2_seed_000.pdb
SFPQ___ZBTB33,3,4,A,B,0.0000,0.0,0.0,0.0000,0.1734,0.0000,0.0000,0.0,0.0,0.1500,45.4,37.9,0.300,0,0,0,0,,,,,707,672,,,,,SFPQ___ZBTB33_unrelaxed_rank_003_alphafold2_multimer_v3_model_4_seed_000.pdb
SFPQ___ZBTB33,4,3,A,B,0.0000,0.0,0.0,0.0000,0.1526,0.0000,0.0000,0.0,0.0,0.1500,47.5,37.7,0.310,0,0,0,0,,,,,707,672,,,,,SFPQ___ZBTB33_unrelaxed_rank_004_alphafold2_multimer_v3_model_3_seed_000.pdb
SFPQ___ZBTB33,5,5,A,B,0.0000,0.0,0.0,0.0000,0.1429,0.0000,0.0000,0.0,0.0,0.1500,47.3,38.5,0.300,0,0,0,0,,,,,707,672,,,,,SFPQ___ZBTB33_unrelaxed_rank_005_alphafold2_multimer_v3_model_5_seed_000.pdb
SMAP___TXN,1,2,A,B,0.0124,27.2,0.3,0.0000,0.2084,0.0175,0.0088,123.0,6.0,0.1600,36.1,94.2,0.400,6,61,2,5,47.3,95.0,44.9,90.5,183,105,"[30-32,37-38,41]","[4,8-16,21-26,31-32,34,38,41-43,45-47,49,52-57,59-61,63,65-69,77-81,85,88,90-95,97-102]",[31-32],"[34,90-93]",SMAP___TXN_unrelaxed_rank_001_alphafold2_multimer_v3_model_2_seed_000.pdb
SMAP___TXN,2,3,A,B,0.0000,0.0,0.0,0.0000,0.1506,0.0000,0.0000,0.0,0.0,0.1300,33.4,93.4,0.400,0,0,0,0,,,,,183,105,,,,,SMAP___TXN_unrelaxed_rank_002_alphafold2_multimer_v3_model_3_seed_000.pdb
SMAP___TXN,3,1,A,B,0.0000,0.0,0.0,0.0000,0.1447,0.0000,0.0000,0.0,0.0,0.1300,31.9,94.5,0.410,0,0,0,0,,,,,183,105,,,,,SMAP___TXN_unrelaxed_rank_003_alphafold2_multimer_v3_model_1_seed_000.pdb
SMAP___TXN,4,5,A,B,0.0000,0.0,0.0,0.0000,0.1316,0.0000,0.0000,0.0,0.0,0.1100,32.2,93.3,0.390,0,0,0,0,,,,,183,105,,,,,SMAP___TXN_unrelaxed_rank_004_alphafold2_multimer_v3_model_5_seed_000.pdb
SMAP___TXN,5,4,A,B,0.0000,0.0,0.0,0.0000,0.1056,0.0000,0.0000,0.0,0.0,0.1100,35.9,93.4,0.390,0,0,0,0,,,,,183,105,,,,,SMAP___TXN_unrelaxed_rank_005_alphafold2_multimer_v3_model_4_seed_000.pdb
SMAP___ZFR,1,4,A,B,0.4269,821.4,350.7,0.5296,0.9495,0.3869,0.4710,10882.0,62.0,0.3400,28.8,47.6,0.370,31,310,15,18,54.9,89.7,61.4,89.9,183,1074,[22-52],"[717-771,779-878,886-1040]","[25-27,30,32-34,37-38,41-42,44-47]","[736,741,745,749,752-753,756,759,783,785-788,797,799,811,917,923]",SMAP___ZFR_unrelaxed_rank_001_alphafold2_multimer_v3_model_4_seed_000.pdb
SMAP___ZFR,2,5,A,B,0.1403,374.0,52.5,0.0159,0.7228,0.1110,0.1773,2798.0,50.0,0.2700,23.6,47.7,0.370,19,268,11,18,42.1,92.9,43.2,89.2,183,1074,"[27,36-48,55-59]","[722-763,784-836,838-872,893-958,960-981,986-1035]","[37-38,41-42,44-47,56-58]","[735-736,741,745,748,790,794-799,909,913,917,923-924,927]",SMAP___ZFR_unrelaxed_rank_002_alphafold2_multimer_v3_model_5_seed_000.pdb
SMAP___ZFR,3,3,A,B,0.0000,0.0,0.0,0.0000,0.3870,0.0000,0.0000,0.0,0.0,0.2200,24.8,47.7,0.360,0,0,0,0,,,,,183,1074,,,,,SMAP___ZFR_unrelaxed_rank_003_alphafold2_multimer_v3_model_3_seed_000.pdb
SMAP___ZFR,4,1,A,B,0.0000,0.0,0.0,0.0000,0.2909,0.0000,0.0000,0.0,0.0,0.2100,23.0,47.5,0.360,0,0,0,0,,,,,183,1074,,,,,SMAP___ZFR_unrelaxed_rank_004_alphafold2_multimer_v3_model_1_seed_000.pdb
SMAP___ZFR,5,2,A,B,0.0000,0.0,0.0,0.0000,0.2072,0.0000,0.0000,0.0,0.0,0.1800,26.2,48.3,0.350,0,0,0,0,,,,,183,1074,,,,,SMAP___ZFR_unrelaxed_rank_005_alphafold2_multimer_v3_model_2_seed_000.pdb
SNRPC___GFP,1,4,A,B,0.0000,0.0,0.0,0.0000,0.1356,0.0000,0.0000,0.0,0.0,0.1600,35.5,88.4,0.590,0,0,0,0,,,,,159,238,,,,,SNRPC___GFP_unrelaxed_rank_001_alphafold2_multimer_v3_model_4_seed_000.pdb
SNRPC___GFP,2,1,A,B,0.0000,0.0,0.0,0.0000,0.1629,0.0000,0.0000,0.0,0.0,0.1500,34.0,88.7,0.590,0,0,0,0,,,,,159,238,,,,,SNRPC___GFP_unrelaxed_rank_002_alphafold2_multimer_v3_model_1_seed_000.pdb
SNRPC___GFP,3,3,A,B,0.0000,0.0,0.0,0.0000,0.1251,0.0000,0.0000,0.0,0.0,0.1500,33.3,89.2,0.580,0,0,0,0,,,,,159,238,,,,,SNRPC___GFP_unrelaxed_rank_003_alphafold2_multimer_v3_model_3_seed_000.pdb
SNRPC___GFP,4,2,A,B,0.0000,0.0,0.0,0.0000,0.1541,0.0000,0.0000,0.0,0.0,0.1400,33.4,88.2,0.590,0,0,0,0,,,,,159,238,,,,,SNRPC___GFP_unrelaxed_rank_004_alphafold2_multimer_v3_model_2_seed_000.pdb
SNRPC___GFP,5,5,A,B,0.0000,0.0,0.0,0.0000,0.1215,0.0000,0.0000,0.0,0.0,0.1400,31.3,90.6,0.590,0,0,0,0,,,,,159,238,,,,,SNRPC___GFP_unrelaxed_rank_005_alphafold2_multimer_v3_model_5_seed_000.pdb
SNRPC___PTBP1,1,4,A,B,0.0000,0.0,0.0,0.0000,0.1843,0.0000,0.0000,0.0,0.0,0.1400,31.1,66.4,0.350,0,0,0,0,,,,,159,557,,,,,SNRPC___PTBP1_unrelaxed_rank_001_alphafold2_multimer_v3_model_4_seed_000.pdb
SNRPC___PTBP1,2,2,A,B,0.0000,0.0,0.0,0.0000,0.1272,0.0000,0.0000,0.0,0.0,0.1400,29.8,67.4,0.350,0,0,0,0,,,,,159,557,,,,,SNRPC___PTBP1_unrelaxed_rank_002_alphafold2_multimer_v3_model_2_seed_000.pdb
SNRPC___PTBP1,3,3,A,B,0.0000,0.0,0.0,0.0000,0.1483,0.0000,0.0000,0.0,0.0,0.1400,30.3,66.3,0.350,0,0,0,0,,,,,159,557,,,,,SNRPC___PTBP1_unrelaxed_rank_003_alphafold2_multimer_v3_model_3_seed_000.pdb
SNRPC___PTBP1,4,1,A,B,0.0000,0.0,0.0,0.0000,0.1659,0.0000,0.0000,0.0,0.0,0.1300,26.8,66.8,0.350,0,0,0,0,,,,,159,557,,,,,SNRPC___PTBP1_unrelaxed_rank_004_alphafold2_multimer_v3_model_1_seed_000.pdb
SNRPC___PTBP1,5,5,A,B,0.0000,0.0,0.0,0.0000,0.1269,0.0000,0.0000,0.0,0.0,0.1200,31.4,68.8,0.340,0,0,0,0,,,,,159,557,,,,,SNRPC___PTBP1_unrelaxed_rank_005_alphafold2_multimer_v3_model_5_seed_000.pdb
SNRPC___SUPT5H,1,4,A,B,0.4721,705.1,332.9,0.3425,0.9456,0.3302,0.6750,8879.0,56.0,0.4100,35.8,54.7,0.260,57,114,11,11,65.1,86.6,74.5,86.6,159,1087,[1-57],[974-1087],"[8,22,25-26,31,34-35,38-39,41-42]","[1056-1057,1059-1062,1064,1066,1071,1073,1075]",SNRPC___SUPT5H_unrelaxed_rank_001_alphafold2_multimer_v3_model_4_seed_000.pdb
SNRPC___SUPT5H,2,3,A,B,0.3708,659.7,244.6,0.2421,0.8885,0.2534,0.5425,8703.0,50.0,0.4100,34.4,54.4,0.250,59,114,10,11,62.2,88.0,70.8,86.5,159,1087,[1-59],[974-1087],"[8,22,25-26,31,34-35,38-39,42]","[1056-1057,1059-1062,1064,1066,1071,1073,1075]",SNRPC___SUPT5H_unrelaxed_rank_002_alphafold2_multimer_v3_model_3_seed_000.pdb
SNRPC___SUPT5H,3,1,A,B,0.2085,426.6,89.0,0.0654,0.7791,0.1469,0.2960,3434.0,53.0,0.3300,31.2,55.0,0.240,42,99,12,10,57.1,88.0,61.1,82.7,159,1087,"[5-14,17-48]","[977-991,997-1007,1010-1017,1022-1086]","[8,21-22,25-26,30-31,34-35,38-39,42]","[1056-1057,1059-1062,1064,1066,1073,1075]",SNRPC___SUPT5H_unrelaxed_rank_003_alphafold2_multimer_v3_model_1_seed_000.pdb
SNRPC___SUPT5H,4,5,A,B,0.0000,0.0,0.0,0.0000,0.1568,0.0000,0.0000,0.0,0.0,0.1600,27.5,55.8,0.280,0,0,0,0,,,,,159,1087,,,,,SNRPC___SUPT5H_unrelaxed_rank_004_alphafold2_multimer_v3_model_5_seed_000.pdb
SNRPC___SUPT5H,5,2,A,B,0.0000,0.0,0.0,0.0000,0.1560,0.0000,0.0000,0.0,0.0,0.1700,30.1,55.1,0.250,0,0,0,0,,,,,159,1087,,,,,SNRPC___SUPT5H_unrelaxed_rank_005_alphafold2_multimer_v3_model_2_seed_000.pdb
SRSF11___DNAJA1,1,3,A,B,0.0292,56.6,1.7,0.0122,0.4621,0.0238,0.0358,291.0,11.0,0.2600,32.3,76.9,0.350,11,89,6,8,48.5,90.4,50.8,87.1,484,397,[418-428],"[110-111,113-126,129-131,134,200-218,220-225,231,234,238-248,251-254,257-260,268,273,275-277,279-280,284-285,288,301-302,308-310,317-318,320-324,326]",[419-424],"[206-207,209-210,222-225]",SRSF11___DNAJA1_unrelaxed_rank_001_alphafold2_multimer_v3_model_3_seed_000.pdb
SRSF11___DNAJA1,2,2,A,B,0.0000,0.0,0.0,0.0000,0.3065,0.0000,0.0000,0.0,0.0,0.2100,32.4,79.4,0.350,0,0,0,0,,,,,484,397,,,,,SRSF11___DNAJA1_unrelaxed_rank_002_alphafold2_multimer_v3_model_2_seed_000.pdb
SRSF11___DNAJA1,3,5,A,B,0.0000,0.0,0.0,0.0000,0.2671,0.0000,0.0000,0.0,0.0,0.1700,32.0,77.9,0.340,0,0,0,0,,,,,484,397,,,,,SRSF11___DNAJA1_unrelaxed_rank_003_alphafold2_multimer_v3_model_5_seed_000.pdb
SRSF11___DNAJA1,4,4,A,B,0.0000,0.0,0.0,0.0000,0.2334,0.0000,0.0000,0.0,0.0,0.1500,31.6,79.8,0.340,0,0,0,0,,,,,484,397,,,,,SRSF11___DNAJA1_unrelaxed_rank_004_alphafold2_multimer_v3_model_4_seed_000.pdb
SRSF11___DNAJA1,5,1,A,B,0.0000,0.0,0.0,0.0000,0.1632,0.0000,0.0000,0.0,0.0,0.1400,33.0,79.7,0.340,0,0,0,0,,,,,484,397,,,,,SRSF11___DNAJA1_unrelaxed_rank_005_alphafold2_multimer_v3_model_1_seed_000.pdb
STIP1___LUC7L2,1,1,A,B,0.0000,0.0,0.0,0.0000,0.3386,0.0000,0.0000,0.0,0.0,0.1800,81.8,57.7,0.350,0,0,0,0,,,,,543,392,,,,,STIP1___LUC7L2_unrelaxed_rank_001_alphafold2_multimer_v3_model_1_seed_000.pdb
STIP1___LUC7L2,2,5,A,B,0.0000,0.0,0.0,0.0000,0.3110,0.0000,0.0000,0.0,0.0,0.1500,81.8,57.2,0.350,0,0,0,0,,,,,543,392,,,,,STIP1___LUC7L2_unrelaxed_rank_002_alphafold2_multimer_v3_model_5_seed_000.pdb
STIP1___LUC7L2,3,3,A,B,0.0000,0.0,0.0,0.0000,0.1111,0.0000,0.0000,0.0,0.0,0.1500,80.6,57.2,0.340,0,0,0,0,,,,,543,392,,,,,STIP1___LUC7L2_unrelaxed_rank_003_alphafold2_multimer_v3_model_3_seed_000.pdb
STIP1___LUC7L2,4,2,A,B,0.0000,0.0,0.0,0.0000,0.2620,0.0000,0.0000,0.0,0.0,0.1500,81.7,55.5,0.350,0,0,0,0,,,,,543,392,,,,,STIP1___LUC7L2_unrelaxed_rank_004_alphafold2_multimer_v3_model_2_seed_000.pdb
STIP1___LUC7L2,5,4,A,B,0.0000,0.0,0.0,0.0000,0.2828,0.0000,0.0000,0.0,0.0,0.1500,79.1,56.8,0.340,0,0,0,0,,,,,543,392,,,,,STIP1___LUC7L2_unrelaxed_rank_005_alphafold2_multimer_v3_model_4_seed_000.pdb
STIP1___PTBP1,1,2,A,B,0.0000,0.0,0.0,0.0000,0.3779,0.0204,0.0000,1.0,0.0,0.2100,81.6,62.4,0.330,1,1,0,0,89.7,42.8,,,543,557,[90],[5],,,STIP1___PTBP1_unrelaxed_rank_001_alphafold2_multimer_v3_model_2_seed_000.pdb
STIP1___PTBP1,2,4,A,B,0.0000,0.0,0.0,0.0000,0.1521,0.0000,0.0000,0.0,0.0,0.1600,79.9,60.3,0.330,0,0,0,0,,,,,543,557,,,,,STIP1___PTBP1_unrelaxed_rank_002_alphafold2_multimer_v3_model_4_seed_000.pdb
STIP1___PTBP1,3,1,A,B,0.0000,0.0,0.0,0.0000,0.1412,0.0000,0.0000,0.0,0.0,0.1600,80.3,59.4,0.330,0,0,0,0,,,,,543,557,,,,,STIP1___PTBP1_unrelaxed_rank_003_alphafold2_multimer_v3_model_1_seed_000.pdb
STIP1___PTBP1,4,5,A,B,0.0000,0.0,0.0,0.0000,0.1321,0.0000,0.0000,0.0,0.0,0.1400,81.2,62.0,0.330,0,0,0,0,,,,,543,557,,,,,STIP1___PTBP1_unrelaxed_rank_004_alphafold2_multimer_v3_model_5_seed_000.pdb
STIP1___PTBP1,5,3,A,B,0.0000,0.0,0.0,0.0000,0.1483,0.0000,0.0000,0.0,0.0,0.1400,79.2,60.9,0.320,0,0,0,0,,,,,543,557,,,,,STIP1___PTBP1_unrelaxed_rank_005_alphafold2_multimer_v3_model_3_seed_000.pdb
SUGP2___FUBP1,1,2,A,B,0.0302,2.8,0.1,0.0000,0.5537,0.0226,0.0404,8.0,1.0,0.2200,38.5,45.1,0.280,6,3,1,1,86.0,40.3,85.6,37.1,1082,644,"[397-398,414,421,521,530]","[541,544-545]",[397],[545],SUGP2___FUBP1_unrelaxed_rank_001_alphafold2_multimer_v3_model_2_seed_000.pdb
SUGP2___FUBP1,2,4,A,B,0.0000,0.0,0.0,0.0000,0.2858,0.0000,0.0000,0.0,0.0,0.2000,34.8,38.3,0.260,0,0,0,0,,,,,1082,644,,,,,SUGP2___FUBP1_unrelaxed_rank_002_alphafold2_multimer_v3_model_4_seed_000.pdb
SUGP2___FUBP1,3,3,A,B,0.0000,0.0,0.0,0.0000,0.2462,0.0000,0.0000,0.0,0.0,0.2000,35.0,38.1,0.260,0,0,0,0,,,,,1082,644,,,,,SUGP2___FUBP1_unrelaxed_rank_003_alphafold2_multimer_v3_model_3_seed_000.pdb
SUGP2___FUBP1,4,5,A,B,0.0000,0.0,0.0,0.0000,0.1990,0.0000,0.0000,0.0,0.0,0.1800,37.1,41.9,0.270,0,0,0,0,,,,,1082,644,,,,,SUGP2___FUBP1_unrelaxed_rank_004_alphafold2_multimer_v3_model_5_seed_000.pdb
SUGP2___FUBP1,5,1,A,B,0.0000,0.0,0.0,0.0000,0.2103,0.0000,0.0000,0.0,0.0,0.1800,34.0,39.9,0.250,0,0,0,0,,,,,1082,644,,,,,SUGP2___FUBP1_unrelaxed_rank_005_alphafold2_multimer_v3_model_1_seed_000.pdb
SUGP2___RAVER1,1,1,A,B,0.0000,0.0,0.0,0.0000,0.3533,0.0000,0.0000,0.0,0.0,0.2000,34.7,50.7,0.310,0,0,0,0,,,,,1082,606,,,,,SUGP2___RAVER1_unrelaxed_rank_001_alphafold2_multimer_v3_model_1_seed_000.pdb
SUGP2___RAVER1,2,3,A,B,0.0000,0.0,0.0,0.0000,0.2767,0.0000,0.0000,0.0,0.0,0.2000,35.1,50.9,0.310,0,0,0,0,,,,,1082,606,,,,,SUGP2___RAVER1_unrelaxed_rank_002_alphafold2_multimer_v3_model_3_seed_000.pdb
SUGP2___RAVER1,3,5,A,B,0.0000,0.0,0.0,0.0000,0.2609,0.0000,0.0000,0.0,0.0,0.2000,38.2,51.8,0.310,0,0,0,0,,,,,1082,606,,,,,SUGP2___RAVER1_unrelaxed_rank_003_alphafold2_multimer_v3_model_5_seed_000.pdb
SUGP2___RAVER1,4,2,A,B,0.0000,0.0,0.0,0.0000,0.2755,0.0000,0.0000,0.0,0.0,0.1800,36.4,52.2,0.310,0,0,0,0,,,,,1082,606,,,,,SUGP2___RAVER1_unrelaxed_rank_004_alphafold2_multimer_v3_model_2_seed_000.pdb
SUGP2___RAVER1,5,4,A,B,0.0000,0.0,0.0,0.0000,0.2373,0.0000,0.0000,0.0,0.0,0.1800,32.8,51.4,0.310,0,0,0,0,,,,,1082,606,,,,,SUGP2___RAVER1_unrelaxed_rank_005_alphafold2_multimer_v3_model_4_seed_000.pdb
SUPT5H___DDX17,1,4,A,B,0.0000,0.0,0.0,0.0000,0.3925,0.0000,0.0000,0.0,0.0,0.2700,47.2,58.4,0.350,0,0,0,0,,,,,1087,729,,,,,SUPT5H___DDX17_unrelaxed_rank_001_alphafold2_multimer_v3_model_4_seed_000.pdb
SUPT5H___DDX17,2,3,A,B,0.0000,0.0,0.0,0.0000,0.3376,0.0000,0.0000,0.0,0.0,0.2200,49.1,59.2,0.370,0,0,0,0,,,,,1087,729,,,,,SUPT5H___DDX17_unrelaxed_rank_002_alphafold2_multimer_v3_model_3_seed_000.pdb
SUPT5H___DDX17,3,1,A,B,0.0000,0.0,0.0,0.0000,0.3532,0.0000,0.0000,0.0,0.0,0.2300,47.2,57.9,0.340,0,0,0,0,,,,,1087,729,,,,,SUPT5H___DDX17_unrelaxed_rank_003_alphafold2_multimer_v3_model_1_seed_000.pdb
SUPT5H___DDX17,4,2,A,B,0.0000,0.0,0.0,0.0000,0.4161,0.0000,0.0000,0.0,0.0,0.2100,49.6,60.0,0.350,0,0,0,0,,,,,1087,729,,,,,SUPT5H___DDX17_unrelaxed_rank_004_alphafold2_multimer_v3_model_2_seed_000.pdb
SUPT5H___DDX17,5,5,A,B,0.0000,0.0,0.0,0.0000,0.1911,0.0000,0.0000,0.0,0.0,0.2000,48.8,59.0,0.350,0,0,0,0,,,,,1087,729,,,,,SUPT5H___DDX17_unrelaxed_rank_005_alphafold2_multimer_v3_model_5_seed_000.pdb
SUPT5H___TXN,1,4,A,B,0.0000,0.0,0.0,0.0000,0.1778,0.0000,0.0000,0.0,0.0,0.2000,51.5,79.1,0.250,0,0,0,0,,,,,1087,105,,,,,SUPT5H___TXN_unrelaxed_rank_001_alphafold2_multimer_v3_model_4_seed_000.pdb
SUPT5H___TXN,2,3,A,B,0.0000,0.0,0.0,0.0000,0.1613,0.0000,0.0000,0.0,0.0,0.1900,52.7,85.5,0.230,0,0,0,0,,,,,1087,105,,,,,SUPT5H___TXN_unrelaxed_rank_002_alphafold2_multimer_v3_model_3_seed_000.pdb
SUPT5H___TXN,3,1,A,B,0.0000,0.0,0.0,0.0000,0.1546,0.0000,0.0000,0.0,0.0,0.1800,52.9,82.3,0.240,0,0,0,0,,,,,1087,105,,,,,SUPT5H___TXN_unrelaxed_rank_003_alphafold2_multimer_v3_model_1_seed_000.pdb
SUPT5H___TXN,4,2,A,B,0.0000,0.0,0.0,0.0000,0.1498,0.0000,0.0000,0.0,0.0,0.1700,54.3,82.4,0.260,0,0,0,0,,,,,1087,105,,,,,SUPT5H___TXN_unrelaxed_rank_004_alphafold2_multimer_v3_model_2_seed_000.pdb
SUPT5H___TXN,5,5,A,B,0.0000,0.0,0.0,0.0000,0.1529,0.0000,0.0000,0.0,0.0,0.1700,53.6,83.9,0.250,0,0,0,0,,,,,1087,105,,,,,SUPT5H___TXN_unrelaxed_rank_005_alphafold2_multimer_v3_model_5_seed_000.pdb
TLE3___ATXN2L,1,4,A,B,0.0097,13.0,0.1,0.0000,0.5316,0.0116,0.0081,56.0,3.0,0.3000,50.1,22.9,0.320,45,3,3,1,88.5,30.6,82.0,24.3,772,1075,"[448-450,494,511-512,526-527,546,548,558-559,568,572,580,590-592,596-597,602,620,633-634,638-639,643,645,663,674,684-685,694-697,714,721,732-733,735-737,767,770]","[210,1055-1056]","[596,620,638]",[1056],TLE3___ATXN2L_unrelaxed_rank_001_alphafold2_multimer_v3_model_4_seed_000.pdb
TLE3___ATXN2L,2,3,A,B,0.0168,76.2,1.3,0.0000,0.5834,0.0143,0.0197,363.0,16.0,0.2400,53.0,23.6,0.330,171,5,12,4,92.8,23.7,89.7,23.6,772,1075,"[448-450,479,482-494,500-503,506-513,524-527,532-536,538-541,546-550,552-555,557-560,568,570-572,578,580,583-584,590-592,596-597,600-605,608-612,622,624-626,632-634,638-646,654-663,667-668,673-676,684-686,694-696,698-701,703-710,712,714-716,720-727,734-736,738-750,755-758,762-771]","[1056,1069-1072]","[487-490,534,622,638,661,704,743-745]","[1056,1070-1072]",TLE3___ATXN2L_unrelaxed_rank_002_alphafold2_multimer_v3_model_3_seed_000.pdb
TLE3___ATXN2L,3,5,A,B,0.0754,480.9,36.2,0.0138,0.7277,0.0607,0.0936,3919.0,59.0,0.2300,54.5,24.2,0.330,303,20,30,15,93.6,26.0,89.9,26.9,772,1075,"[447-452,458-464,466-468,472-514,522-562,565-648,650-670,672-687,690,692-772]",[1051-1070],"[488,490,505-506,533-534,536,552,577-578,580,596,620,622,638,661,663,679,701-702,704,719-721,742-745,760-761]","[1052,1055-1068]",TLE3___ATXN2L_unrelaxed_rank_003_alphafold2_multimer_v3_model_5_seed_000.pdb
TLE3___ATXN2L,4,2,A,B,0.0748,330.2,24.7,0.0134,0.6833,0.0649,0.0861,2271.0,48.0,0.2300,54.8,23.6,0.330,299,11,28,9,94.1,28.1,94.5,28.0,772,1075,"[447-452,458-461,463,467-468,472-514,522-562,566-647,650-670,672-687,689-690,692-772]",[1048-1058],"[488-490,534,536,551-552,578,580-581,594,596,619-622,637-638,663,679,702,704-705,719-720,743,745,761]","[1048,1050-1053,1055-1058]",TLE3___ATXN2L_unrelaxed_rank_004_alphafold2_multimer_v3_model_2_seed_000.pdb
TLE3___ATXN2L,5,1,A,B,0.0000,0.0,0.0,0.0000,0.4789,0.0000,0.0000,0.0,0.0,0.2300,52.8,23.9,0.320,0,0,0,0,,,,,772,1075,,,,,TLE3___ATXN2L_unrelaxed_rank_005_alphafold2_multimer_v3_model_1_seed_000.pdb
TLE3___DDX17,1,4,A,B,0.0681,331.1,22.5,0.0143,0.6352,0.0622,0.0745,2069.0,53.0,0.2500,50.9,57.0,0.350,286,10,29,8,89.9,33.2,82.6,33.6,772,729,"[447-452,458-461,463,467-468,472-495,498-514,522-562,567-573,575-606,608-615,617-647,652,654-669,673-687,692-772]",[6-15],"[488,490,534,536,551-552,576-578,580,595-598,619-623,638,661,663,679,702,704,720,743,745,761]","[6-10,12-14]",TLE3___DDX17_unrelaxed_rank_001_alphafold2_multimer_v3_model_4_seed_000.pdb
TLE3___DDX17,2,3,A,B,0.0201,68.1,1.4,0.0000,0.5288,0.0194,0.0207,387.0,12.0,0.2100,53.0,59.4,0.370,185,6,7,4,92.8,26.7,90.2,27.5,772,729,"[448-450,460,479,482-489,491-494,500-504,506,509-513,524-527,532-539,541,546-550,552-553,556-561,568,570-573,576-585,588,590-592,596-597,600-605,608,610,612-614,621,623-626,632-635,638-647,652,654-658,660-664,667,673-677,679,681,683-686,693-699,703-705,707-709,714-718,720-728,734-740,742-745,747,749-750,755-770]","[9-13,580]","[536,580,663,704,720,743,745]","[9-10,12-13]",TLE3___DDX17_unrelaxed_rank_002_alphafold2_multimer_v3_model_3_seed_000.pdb
TLE3___DDX17,3,2,A,B,0.0237,98.3,2.3,0.0110,0.5307,0.0217,0.0260,420.0,23.0,0.2100,53.4,59.0,0.360,184,6,16,5,93.0,27.8,87.1,28.7,772,729,"[448-450,479,482-483,485,487-494,500-504,508-513,525-527,529,532-535,539-541,546-550,552,555-561,568,570-572,576-582,584-585,589-593,595-597,599-605,608,610,613-614,617,619-627,632-635,638,640-646,652,654-664,667,673-679,682-687,693-704,707,709,713-716,718,720-723,726-728,732-737,740,742-745,749-750,753,755-758,761-770]","[68-72,74]","[488,490,534,580,596,622,638,661,663,679,702,704,720,743,745,761]",[68-72],TLE3___DDX17_unrelaxed_rank_003_alphafold2_multimer_v3_model_2_seed_000.pdb
TLE3___DDX17,4,1,A,B,0.0158,17.2,0.3,0.0000,0.5053,0.0110,0.0228,59.0,5.0,0.2100,52.1,57.7,0.350,42,3,4,2,92.4,28.2,91.2,29.0,772,729,"[450,487,489,510-512,533,535,546,560,580-581,590-592,602-604,632,634,638,643,660,662-663,675,684,694,704,714-716,718,722,736,742,744-745,755,761,763,769]","[9-10,12]","[580,663,704,745]",[9-10],TLE3___DDX17_unrelaxed_rank_004_alphafold2_multimer_v3_model_1_seed_000.pdb
TLE3___DDX17,5,5,A,B,0.0000,0.0,0.0,0.0000,0.4748,0.0000,0.0000,0.0,0.0,0.1900,52.8,58.4,0.350,0,0,0,0,,,,,772,729,,,,,TLE3___DDX17_unrelaxed_rank_005_alphafold2_multimer_v3_model_5_seed_000.pdb
TLE3___FAM50A,1,1,A,B,0.1657,753.6,124.9,0.0233,0.7619,0.1270,0.2162,10920.0,52.0,0.2900,55.9,54.9,0.430,311,62,17,6,93.0,78.6,87.1,64.9,772,339,"[447-452,458-468,471-515,521-563,565-670,672-687,689-772]","[201-208,213-215,222-229,231,234,246-261,303-327]","[487-488,490,506,534,536,552,578,580,596,622,663,704,720,743,745,761]","[315,317-319,322-323]",TLE3___FAM50A_unrelaxed_rank_001_alphafold2_multimer_v3_model_1_seed_000.pdb
TLE3___FAM50A,2,5,A,B,0.0000,0.0,0.0,0.0000,0.4365,0.0050,0.0000,2.0,0.0,0.2200,56.0,52.3,0.400,2,1,0,0,97.5,75.1,,,772,339,"[450,706]",[321],,,TLE3___FAM50A_unrelaxed_rank_002_alphafold2_multimer_v3_model_5_seed_000.pdb
TLE3___FAM50A,3,2,A,B,0.0000,0.0,0.0,0.0000,0.3494,0.0000,0.0000,0.0,0.0,0.2200,56.1,57.7,0.410,0,0,0,0,,,,,772,339,,,,,TLE3___FAM50A_unrelaxed_rank_003_alphafold2_multimer_v3_model_2_seed_000.pdb
TLE3___FAM50A,4,4,A,B,0.0000,0.0,0.0,0.0000,0.3476,0.0000,0.0000,0.0,0.0,0.2100,54.0,48.2,0.400,0,0,0,0,,,,,772,339,,,,,TLE3___FAM50A_unrelaxed_rank_004_alphafold2_multimer_v3_model_4_seed_000.pdb
TLE3___FAM50A,5,3,A,B,0.0000,0.0,0.0,0.0000,0.2900,0.0000,0.0000,0.0,0.0,0.1900,56.2,49.5,0.400,0,0,0,0,,,,,772,339,,,,,TLE3___FAM50A_unrelaxed_rank_005_alphafold2_multimer_v3_model_3_seed_000.pdb
TLE3___PPP1R10,1,4,A,B,0.3332,771.5,257.1,0.3206,0.9497,0.2781,0.3992,7441.0,80.0,0.4100,53.0,31.1,0.340,322,27,24,12,88.0,41.7,84.3,43.9,772,940,"[446-454,456-515,520-772]",[912-938],"[488,490,578,580,594-598,619-622,638,661,663,679,702,704,720,742-743,745,761]","[914-917,921-922,927-929,932-933,936]",TLE3___PPP1R10_unrelaxed_rank_001_alphafold2_multimer_v3_model_4_seed_000.pdb
TLE3___PPP1R10,2,5,A,B,0.2389,905.4,216.3,0.1404,0.8842,0.2136,0.2672,8281.0,99.0,0.3700,55.1,30.8,0.340,318,29,30,16,91.6,39.3,84.8,37.0,772,940,"[447-454,456-515,521-670,673-772]",[911-939],"[488,490,534,552,576-578,580,595-598,619-622,638-640,661,663,679,701-702,704,720,742-743,745,761]","[911-918,928-929,932-936,939]",TLE3___PPP1R10_unrelaxed_rank_002_alphafold2_multimer_v3_model_5_seed_000.pdb
TLE3___PPP1R10,3,2,A,B,0.2017,537.2,108.3,0.0252,0.8678,0.1764,0.2305,3435.0,84.0,0.2700,55.2,30.0,0.340,318,17,30,12,92.8,34.0,89.8,35.1,772,940,"[447-453,457-515,521-772]","[912,914-915,921,923,927-938]","[488,490,506,532-534,536,552,578,580-581,594,596,620,622-623,638,661,663-664,679,701-702,704-705,719-720,743,745,761]","[914-915,928-937]",TLE3___PPP1R10_unrelaxed_rank_003_alphafold2_multimer_v3_model_2_seed_000.pdb
TLE3___PPP1R10,4,1,A,B,0.1699,314.2,53.4,0.0184,0.8193,0.1334,0.2163,2296.0,43.0,0.2500,53.0,29.3,0.340,307,11,21,6,90.5,30.7,88.6,31.7,772,940,"[447-452,458-464,467-468,472-515,521-562,565-670,672-687,689-772]",[927-937],"[534,536-537,551,578,580-581,594,596,622-623,638,661-664,679,702,704,720,745]","[930-934,936]",TLE3___PPP1R10_unrelaxed_rank_004_alphafold2_multimer_v3_model_1_seed_000.pdb
TLE3___PPP1R10,5,3,A,B,0.0292,115.7,3.4,0.0114,0.5935,0.0243,0.0351,582.0,23.0,0.2500,54.3,30.7,0.330,213,6,15,4,91.6,31.3,87.8,31.5,772,940,"[448-450,460,473,479,482-494,500-504,506-513,524-527,529,532-539,541,546-550,552-560,568,571-572,576-583,585,590-592,594,596-605,610,617-627,632,634-636,638-647,652,654-668,673-679,682-687,693-711,713-728,733-736,738-759,761-771]",[930-935],"[488,490,534,536,580,622,661,663,679,702,704,720,743,745,761]",[931-934],TLE3___PPP1R10_unrelaxed_rank_005_alphafold2_multimer_v3_model_3_seed_000.pdb
TLE3___SF1,1,3,A,B,0.1753,494.7,86.7,0.0217,0.7941,0.1624,0.1893,2689.0,91.0,0.2300,55.0,33.9,0.360,318,10,43,9,92.2,32.4,88.1,33.1,772,639,"[447-454,456-515,521-670,673-772]",[630-639],"[488-490,534,536-537,551-552,578-581,594-598,617,619-623,637-638,661-664,679,702,704-705,720,742-743,745-746,759-763]",[630-638],TLE3___SF1_unrelaxed_rank_001_alphafold2_multimer_v3_model_3_seed_000.pdb
TLE3___SF1,2,4,A,B,0.1203,328.9,39.6,0.0169,0.7071,0.1150,0.1259,2121.0,51.0,0.2200,53.4,34.1,0.350,312,9,29,8,92.5,32.3,88.0,32.0,772,639,"[447-453,456-468,471-515,521-562,565-670,673-687,689-772]",[630-638],"[488-491,505,534-537,551-552,576-578,580,596,622,663,702,704,720,722,742-743,745,760-763]","[630-633,635-638]",TLE3___SF1_unrelaxed_rank_002_alphafold2_multimer_v3_model_4_seed_000.pdb
TLE3___SF1,3,1,A,B,0.0073,3.2,0.0,0.0000,0.5044,0.0078,0.0069,5.0,2.0,0.2100,54.0,32.4,0.360,5,2,2,2,87.4,34.2,88.6,34.2,772,639,"[488,534,552,663,743]","[85,634]","[534,663]","[85,634]",TLE3___SF1_unrelaxed_rank_003_alphafold2_multimer_v3_model_1_seed_000.pdb
TLE3___SF1,4,2,A,B,0.1233,322.3,39.7,0.0185,0.7587,0.1142,0.1330,1960.0,53.0,0.2100,55.4,35.2,0.360,313,8,30,7,94.4,30.1,92.9,30.4,772,639,"[447-453,457-464,466-468,471-515,521-562,565-772]",[630-637],"[488-490,505,533-534,536-537,551-552,577-578,580-581,596,622,663-664,702,704-705,719-720,742-746,760-761]","[630,632-637]",TLE3___SF1_unrelaxed_rank_004_alphafold2_multimer_v3_model_2_seed_000.pdb
TLE3___SF1,5,5,A,B,0.1923,445.1,85.6,0.0238,0.7946,0.1725,0.2144,2642.0,75.0,0.2100,54.7,35.2,0.360,319,10,36,9,93.6,30.9,90.2,31.1,772,639,"[447-453,456-515,521-772]",[630-639],"[487-490,534,536,551-552,577-578,580-581,596,620,622-623,638,661,663,679,702-705,719-720,742-746,759-763]","[630,632-639]",TLE3___SF1_unrelaxed_rank_005_alphafold2_multimer_v3_model_5_seed_000.pdb
TXN___PDK1,1,1,A,B,0.1184,710.7,84.1,0.0156,0.5179,0.0914,0.1533,7321.0,69.0,0.5200,88.3,79.9,0.750,96,313,22,18,88.2,90.7,75.9,61.0,105,436,"[2-5,7-17,21-49,52-81,83-104]","[46-64,73-124,132-166,173-202,217-258,262-344,347-392,394,396-400]","[29-34,36-37,59-60,63,66,71-74,90-94,96]","[242-245,286,289-290,293,338-340,343,347-351,353]",TXN___PDK1_unrelaxed_rank_001_alphafold2_multimer_v3_model_1_seed_000.pdb
TXN___PDK1,2,3,A,B,0.0000,0.0,0.0,0.0000,0.1734,0.0000,0.0000,0.0,0.0,0.2100,83.9,76.8,0.690,0,0,0,0,,,,,105,436,,,,,TXN___PDK1_unrelaxed_rank_002_alphafold2_multimer_v3_model_3_seed_000.pdb
TXN___PDK1,3,4,A,B,0.0000,0.0,0.0,0.0000,0.1458,0.0000,0.0000,0.0,0.0,0.1700,80.4,78.4,0.690,0,0,0,0,,,,,105,436,,,,,TXN___PDK1_unrelaxed_rank_003_alphafold2_multimer_v3_model_4_seed_000.pdb
TXN___PDK1,4,5,A,B,0.0000,0.0,0.0,0.0000,0.1338,0.0000,0.0000,0.0,0.0,0.1500,83.3,77.1,0.680,0,0,0,0,,,,,105,436,,,,,TXN___PDK1_unrelaxed_rank_004_alphafold2_multimer_v3_model_5_seed_000.pdb
TXN___PDK1,5,2,A,B,0.0000,0.0,0.0,0.0000,0.1315,0.0000,0.0000,0.0,0.0,0.1500,83.3,76.4,0.670,0,0,0,0,,,,,105,436,,,,,TXN___PDK1_unrelaxed_rank_005_alphafold2_multimer_v3_model_2_seed_000.pdb
XRN2___CDC5L,1,3,A,B,0.0000,0.0,0.0,0.0000,0.3843,0.0000,0.0000,0.0,0.0,0.2700,68.2,49.1,0.500,0,0,0,0,,,,,950,802,,,,,XRN2___CDC5L_unrelaxed_rank_001_alphafold2_multimer_v3_model_3_seed_000.pdb
XRN2___CDC5L,2,2,A,B,0.0000,0.0,0.0,0.0000,0.4223,0.0000,0.0000,0.0,0.0,0.2500,70.8,46.2,0.510,0,0,0,0,,,,,950,802,,,,,XRN2___CDC5L_unrelaxed_rank_002_alphafold2_multimer_v3_model_2_seed_000.pdb
XRN2___CDC5L,3,1,A,B,0.0000,0.0,0.0,0.0000,0.2852,0.0000,0.0000,0.0,0.0,0.2100,70.3,44.8,0.510,0,0,0,0,,,,,950,802,,,,,XRN2___CDC5L_unrelaxed_rank_003_alphafold2_multimer_v3_model_1_seed_000.pdb
XRN2___CDC5L,4,5,A,B,0.0000,0.0,0.0,0.0000,0.1922,0.0000,0.0000,0.0,0.0,0.1900,69.3,44.3,0.490,0,0,0,0,,,,,950,802,,,,,XRN2___CDC5L_unrelaxed_rank_004_alphafold2_multimer_v3_model_5_seed_000.pdb
XRN2___CDC5L,5,4,A,B,0.0000,0.0,0.0,0.0000,0.2122,0.0000,0.0000,0.0,0.0,0.1800,69.6,40.6,0.490,0,0,0,0,,,,,950,802,,,,,XRN2___CDC5L_unrelaxed_rank_005_alphafold2_multimer_v3_model_4_seed_000.pdb
XRN2___DAZAP1,1,5,A,B,0.1815,262.4,47.6,0.0215,0.7750,0.1350,0.2439,2152.0,32.0,0.3700,71.7,35.9,0.590,540,6,12,6,92.8,41.7,86.5,41.7,950,407,"[6-14,16-22,39-42,44,46-64,71,73-136,155-185,187-188,191-231,234-253,301-317,324,326-342,344-370,377-413,416,509-579,581,584-680,682-701,708-711,714,717-725,728-731,733-739,742,744-745,748-761,764-772,774]",[401-406],"[525-527,566-567,630,633-634,649-652]",[401-406],XRN2___DAZAP1_unrelaxed_rank_001_alphafold2_multimer_v3_model_5_seed_000.pdb
XRN2___DAZAP1,2,1,A,B,0.1300,255.6,33.2,0.0161,0.7160,0.1053,0.1605,1555.0,42.0,0.3600,71.1,34.8,0.580,452,6,14,6,92.3,40.7,84.7,40.7,950,407,"[7-10,47-55,58-59,62,75-132,158-183,187-188,191-217,219-230,236-251,303-305,307-315,326-342,344-355,359-370,377-407,509-579,581,585-678,682-687,690,693-700,717-719,721-722,724,729-731,734,750-758,760-761,764-772]",[401-406],"[524-527,566-567,630,632-634,649-652]",[401-406],XRN2___DAZAP1_unrelaxed_rank_002_alphafold2_multimer_v3_model_1_seed_000.pdb
XRN2___DAZAP1,3,4,A,B,0.0000,0.0,0.0,0.0000,0.4911,0.0135,0.0000,13.0,0.0,0.2800,70.7,32.9,0.580,12,2,0,0,90.8,33.1,,,950,407,"[346,536,539-540,543-544,562,564,571,633,635,648]",[403-404],,,XRN2___DAZAP1_unrelaxed_rank_003_alphafold2_multimer_v3_model_4_seed_000.pdb
XRN2___DAZAP1,4,3,A,B,0.0000,0.0,0.0,0.0000,0.4666,0.0000,0.0000,0.0,0.0,0.2700,70.8,35.5,0.580,0,0,0,0,,,,,950,407,,,,,XRN2___DAZAP1_unrelaxed_rank_004_alphafold2_multimer_v3_model_3_seed_000.pdb
XRN2___DAZAP1,5,2,A,B,0.0391,65.6,2.6,0.0109,0.5656,0.0280,0.0548,359.0,12.0,0.2100,71.8,35.6,0.580,217,4,8,4,92.9,32.6,87.9,32.6,950,407,"[50,96-97,101-102,104-131,162,171,175,179,192,194,198,200-202,206,214,225,227-228,245,305,311,314,329,332-333,336,339-340,346-348,350-352,364,366,381-384,386,388-394,396-397,400,403-405,509,512-527,532-551,556-557,559-576,585,590-637,645-667,672-674,686]",[402-405],"[526,567,633-634,648-651]",[402-405],XRN2___DAZAP1_unrelaxed_rank_005_alphafold2_multimer_v3_model_2_seed_000.pdb
XRN2___FAM50A,1,3,A,B,0.0000,0.0,0.0,0.0000,0.2547,0.0000,0.0000,0.0,0.0,0.2000,70.8,45.4,0.600,0,0,0,0,,,,,950,339,,,,,XRN2___FAM50A_unrelaxed_rank_001_alphafold2_multimer_v3_model_3_seed_000.pdb
XRN2___FAM50A,2,2,A,B,0.0000,0.0,0.0,0.0000,0.2116,0.0000,0.0000,0.0,0.0,0.1900,71.5,46.6,0.600,0,0,0,0,,,,,950,339,,,,,XRN2___FAM50A_unrelaxed_rank_002_alphafold2_multimer_v3_model_2_seed_000.pdb
XRN2___FAM50A,3,5,A,B,0.0000,0.0,0.0,0.0000,0.1689,0.0000,0.0000,0.0,0.0,0.1700,70.5,46.7,0.600,0,0,0,0,,,,,950,339,,,,,XRN2___FAM50A_unrelaxed_rank_003_alphafold2_multimer_v3_model_5_seed_000.pdb
XRN2___FAM50A,4,1,A,B,0.0000,0.0,0.0,0.0000,0.1704,0.0000,0.0000,0.0,0.0,0.1700,71.3,42.0,0.590,0,0,0,0,,,,,950,339,,,,,XRN2___FAM50A_unrelaxed_rank_004_alphafold2_multimer_v3_model_1_seed_000.pdb
XRN2___FAM50A,5,4,A,B,0.0000,0.0,0.0,0.0000,0.1638,0.0000,0.0000,0.0,0.0,0.1600,70.7,40.6,0.590,0,0,0,0,,,,,950,339,,,,,XRN2___FAM50A_unrelaxed_rank_005_alphafold2_multimer_v3_model_4_seed_000.pdb
XRN2___PSPC1,1,5,A,B,0.0000,0.0,0.0,0.0000,0.2029,0.0000,0.0000,0.0,0.0,0.1800,70.6,50.7,0.550,0,0,0,0,,,,,950,523,,,,,XRN2___PSPC1_unrelaxed_rank_001_alphafold2_multimer_v3_model_5_seed_000.pdb
XRN2___PSPC1,2,3,A,B,0.0000,0.0,0.0,0.0000,0.1657,0.0000,0.0000,0.0,0.0,0.1800,69.1,49.8,0.540,0,0,0,0,,,,,950,523,,,,,XRN2___PSPC1_unrelaxed_rank_002_alphafold2_multimer_v3_model_3_seed_000.pdb
XRN2___PSPC1,3,4,A,B,0.0000,0.0,0.0,0.0000,0.1683,0.0000,0.0000,0.0,0.0,0.1700,70.4,45.0,0.540,0,0,0,0,,,,,950,523,,,,,XRN2___PSPC1_unrelaxed_rank_003_alphafold2_multimer_v3_model_4_seed_000.pdb
XRN2___PSPC1,4,1,A,B,0.0000,0.0,0.0,0.0000,0.1751,0.0000,0.0000,0.0,0.0,0.1700,70.0,45.0,0.540,0,0,0,0,,,,,950,523,,,,,XRN2___PSPC1_unrelaxed_rank_004_alphafold2_multimer_v3_model_1_seed_000.pdb
XRN2___PSPC1,5,2,A,B,0.0000,0.0,0.0,0.0000,0.1667,0.0000,0.0000,0.0,0.0,0.1600,70.7,48.7,0.540,0,0,0,0,,,,,950,523,,,,,XRN2___PSPC1_unrelaxed_rank_005_alphafold2_multimer_v3_model_2_seed_000.pdb
XRN2___SF1,1,3,A,B,0.0000,0.0,0.0,0.0000,0.3780,0.0000,0.0000,0.0,0.0,0.2200,70.2,31.6,0.530,0,0,0,0,,,,,950,639,,,,,XRN2___SF1_unrelaxed_rank_001_alphafold2_multimer_v3_model_3_seed_000.pdb
XRN2___SF1,2,4,A,B,0.0000,0.0,0.0,0.0000,0.3043,0.0000,0.0000,0.0,0.0,0.2100,70.9,29.6,0.530,0,0,0,0,,,,,950,639,,,,,XRN2___SF1_unrelaxed_rank_002_alphafold2_multimer_v3_model_4_seed_000.pdb
XRN2___SF1,3,1,A,B,0.0000,0.0,0.0,0.0000,0.2805,0.0000,0.0000,0.0,0.0,0.2000,70.7,30.5,0.520,0,0,0,0,,,,,950,639,,,,,XRN2___SF1_unrelaxed_rank_003_alphafold2_multimer_v3_model_1_seed_000.pdb
XRN2___SF1,4,2,A,B,0.0000,0.0,0.0,0.0000,0.2467,0.0000,0.0000,0.0,0.0,0.1900,71.8,31.4,0.530,0,0,0,0,,,,,950,639,,,,,XRN2___SF1_unrelaxed_rank_004_alphafold2_multimer_v3_model_2_seed_000.pdb
XRN2___SF1,5,5,A,B,0.0000,0.0,0.0,0.0000,0.1885,0.0000,0.0000,0.0,0.0,0.1800,70.9,30.8,0.530,0,0,0,0,,,,,950,639,,,,,XRN2___SF1_unrelaxed_rank_005_alphafold2_multimer_v3_model_5_seed_000.pdb
ZBTB33___LUC7L2,1,4,A,B,0.1011,554.5,56.0,0.0264,0.7179,0.0770,0.1328,6275.0,49.0,0.4300,38.3,58.0,0.390,127,122,14,15,81.6,81.5,81.8,81.0,672,392,"[14-90,97-98,100-116,522,525-526,530-532,534-542,544-545,549-550,558-560,563-571]","[27-106,189,192-193,207,210-247]","[29-30,32,35,37,39-42,66-67,69,71-72]","[31,33,78-81,84-85,88,232,236,239-240,242-243]",ZBTB33___LUC7L2_unrelaxed_rank_001_alphafold2_multimer_v3_model_4_seed_000.pdb
ZBTB33___LUC7L2,2,3,A,B,0.0000,0.0,0.0,0.0000,0.3462,0.0000,0.0000,0.0,0.0,0.3100,37.7,59.8,0.350,0,0,0,0,,,,,672,392,,,,,ZBTB33___LUC7L2_unrelaxed_rank_002_alphafold2_multimer_v3_model_3_seed_000.pdb
ZBTB33___LUC7L2,3,5,A,B,0.0000,0.0,0.0,0.0000,0.2347,0.0000,0.0000,0.0,0.0,0.2600,38.5,58.0,0.330,0,0,0,0,,,,,672,392,,,,,ZBTB33___LUC7L2_unrelaxed_rank_003_alphafold2_multimer_v3_model_5_seed_000.pdb
ZBTB33___LUC7L2,4,1,A,B,0.0000,0.0,0.0,0.0000,0.2726,0.0000,0.0000,0.0,0.0,0.2500,36.6,56.5,0.330,0,0,0,0,,,,,672,392,,,,,ZBTB33___LUC7L2_unrelaxed_rank_004_alphafold2_multimer_v3_model_1_seed_000.pdb
ZBTB33___LUC7L2,5,2,A,B,0.0000,0.0,0.0,0.0000,0.2731,0.0000,0.0000,0.0,0.0,0.2100,38.0,53.2,0.290,0,0,0,0,,,,,672,392,,,,,ZBTB33___LUC7L2_unrelaxed_rank_005_alphafold2_multimer_v3_model_2_seed_000.pdb
ZNF503___DNAJA1,1,5,A,B,0.0427,164.6,7.0,0.0134,0.5320,0.0343,0.0531,797.0,34.0,0.2800,20.7,77.6,0.330,24,137,10,19,39.5,89.5,37.1,82.1,646,397,"[59-74,76,88-94]","[105-134,200-232,235-260,262-270,273-281,284-288,294-296,300-312,317-324,326]","[61-63,71-72,74,91-94]","[108-109,124-130,205-208,210,219,242,244,246-247]",ZNF503___DNAJA1_unrelaxed_rank_001_alphafold2_multimer_v3_model_5_seed_000.pdb
ZNF503___DNAJA1,2,4,A,B,0.0293,42.0,1.2,0.0107,0.5310,0.0188,0.0455,221.0,8.0,0.2600,20.2,78.4,0.330,14,71,4,5,42.5,89.2,35.3,80.4,646,397,"[57,59,61,65-74,76]","[108-120,123,125,207,209-214,217-225,236,239-248,251-253,257,259,261-262,264,266,268,270,273,276-277,284-287,300-301,303,306,319-324,326]","[71-72,74,76]","[108,110,218-219,242]",ZNF503___DNAJA1_unrelaxed_rank_002_alphafold2_multimer_v3_model_4_seed_000.pdb
ZNF503___DNAJA1,3,3,A,B,0.0129,1.0,0.0,0.0000,0.3596,0.0129,0.0129,1.0,1.0,0.2200,19.9,77.9,0.330,1,1,1,1,30.1,73.9,30.1,73.9,646,397,[79],[126],[79],[126],ZNF503___DNAJA1_unrelaxed_rank_003_alphafold2_multimer_v3_model_3_seed_000.pdb
ZNF503___DNAJA1,4,1,A,B,0.0000,0.0,0.0,0.0000,0.3150,0.0000,0.0000,0.0,0.0,0.2100,23.1,79.6,0.330,0,0,0,0,,,,,646,397,,,,,ZNF503___DNAJA1_unrelaxed_rank_004_alphafold2_multimer_v3_model_1_seed_000.pdb
ZNF503___DNAJA1,5,2,A,B,0.0000,0.0,0.0,0.0000,0.1784,0.0000,0.0000,0.0,0.0,0.1500,20.3,80.0,0.330,0,0,0,0,,,,,646,397,,,,,ZNF503___DNAJA1_unrelaxed_rank_005_alphafold2_multimer_v3_model_2_seed_000.pdb
ZNF503___PTBP1,1,3,A,B,0.0000,0.0,0.0,0.0000,0.2121,0.0000,0.0000,0.0,0.0,0.1800,18.5,66.4,0.270,0,0,0,0,,,,,646,557,,,,,ZNF503___PTBP1_unrelaxed_rank_001_alphafold2_multimer_v3_model_3_seed_000.pdb
ZNF503___PTBP1,2,4,A,B,0.0000,0.0,0.0,0.0000,0.2801,0.0000,0.0000,0.0,0.0,0.1700,18.8,68.1,0.280,0,0,0,0,,,,,646,557,,,,,ZNF503___PTBP1_unrelaxed_rank_002_alphafold2_multimer_v3_model_4_seed_000.pdb
ZNF503___PTBP1,3,1,A,B,0.0000,0.0,0.0,0.0000,0.1903,0.0000,0.0000,0.0,0.0,0.1600,19.8,67.5,0.280,0,0,0,0,,,,,646,557,,,,,ZNF503___PTBP1_unrelaxed_rank_003_alphafold2_multimer_v3_model_1_seed_000.pdb
ZNF503___PTBP1,4,5,A,B,0.0000,0.0,0.0,0.0000,0.1488,0.0000,0.0000,0.0,0.0,0.1600,19.2,69.7,0.270,0,0,0,0,,,,,646,557,,,,,ZNF503___PTBP1_unrelaxed_rank_004_alphafold2_multimer_v3_model_5_seed_000.pdb
ZNF503___PTBP1,5,2,A,B,0.0000,0.0,0.0,0.0000,0.1571,0.0000,0.0000,0.0,0.0,0.1500,19.2,69.8,0.280,0,0,0,0,,,,,646,557,,,,,ZNF503___PTBP1_unrelaxed_rank_005_alphafold2_multimer_v3_model_2_seed_000.pdb
