name,rank,model,chain_i,chain_j,iLIS,iLIA,iLISA,ipSAE,actifpTM,LIS,cLIS,LIA,cLIA,ipTM,pLDDT_i,pLDDT_j,pTM,LIR_i,LIR_j,cLIR_i,cLIR_j,LIpLDDT_i,LIpLDDT_j,cLIpLDDT_i,cLIpLDDT_j,len_i,len_j,LIR_indices_i,LIR_indices_j,cLIR_indices_i,cLIR_indices_j,structure_file
ANP32A___DAZAP1,1,4,A,B,0.5527,2061.5,1139.4,0.6111,0.9408,0.5659,0.5399,27241.0,156.0,0.6100,68.2,44.3,0.430,171,92,30,34,90.0,83.2,71.1,80.3,249,407,[1-171],[3-94],"[1,6,9,23,25-26,50-51,72-73,96-97,121-122,146-147,154-157,159-161,163-164,166-170]","[8,11,13,15-16,19,23,38-40,42,44,46-47,49-55,57,78-79,81,83-88,90-92]",ANP32A___DAZAP1_unrelaxed_rank_001_alphafold2_multimer_v3_model_4_seed_000.pdb
ANP32A___DAZAP1,2,3,A,B,0.4193,1687.4,707.6,0.3985,0.8565,0.3625,0.4850,23532.0,121.0,0.5700,65.7,43.2,0.410,170,84,23,25,87.3,81.1,77.1,81.7,249,407,[1-170],[110-193],"[23,25-26,48,50-51,70,72-73,94,96-97,119,121-122,146,157,159-160,163-164,167-168]","[114,116,118-119,121-123,145,154-158,175,177,179-182,184,186,188-191]",ANP32A___DAZAP1_unrelaxed_rank_002_alphafold2_multimer_v3_model_3_seed_000.pdb
ANP32A___DAZAP1,3,1,A,B,0.0000,0.0,0.0,0.0000,0.2374,0.0000,0.0000,0.0,0.0,0.1900,63.1,40.3,0.350,0,0,0,0,,,,,249,407,,,,,ANP32A___DAZAP1_unrelaxed_rank_003_alphafold2_multimer_v3_model_1_seed_000.pdb
ANP32A___DAZAP1,4,2,A,B,0.0000,0.0,0.0,0.0000,0.2311,0.0000,0.0000,0.0,0.0,0.1600,62.7,38.8,0.340,0,0,0,0,,,,,249,407,,,,,ANP32A___DAZAP1_unrelaxed_rank_004_alphafold2_multimer_v3_model_2_seed_000.pdb
ANP32A___DAZAP1,5,5,A,B,0.0000,0.0,0.0,0.0000,0.2172,0.0000,0.0000,0.0,0.0,0.1500,65.0,40.6,0.330,0,0,0,0,,,,,249,407,,,,,ANP32A___DAZAP1_unrelaxed_rank_005_alphafold2_multimer_v3_model_5_seed_000.pdb
ANP32A___SRSF11,1,1,A,B,0.0000,0.0,0.0,0.0000,0.2286,0.0000,0.0000,0.0,0.0,0.1700,67.8,36.4,0.310,0,0,0,0,,,,,249,484,,,,,ANP32A___SRSF11_unrelaxed_rank_001_alphafold2_multimer_v3_model_1_seed_000.pdb
ANP32A___SRSF11,2,4,A,B,0.0000,0.0,0.0,0.0000,0.1448,0.0000,0.0000,0.0,0.0,0.1100,67.0,34.6,0.300,0,0,0,0,,,,,249,484,,,,,ANP32A___SRSF11_unrelaxed_rank_002_alphafold2_multimer_v3_model_4_seed_000.pdb
ANP32A___SRSF11,3,2,A,B,0.0000,0.0,0.0,0.0000,0.0991,0.0000,0.0000,0.0,0.0,0.1100,68.3,35.0,0.300,0,0,0,0,,,,,249,484,,,,,ANP32A___SRSF11_unrelaxed_rank_003_alphafold2_multimer_v3_model_2_seed_000.pdb
ANP32A___SRSF11,4,5,A,B,0.0000,0.0,0.0,0.0000,0.1094,0.0000,0.0000,0.0,0.0,0.1100,68.2,34.3,0.290,0,0,0,0,,,,,249,484,,,,,ANP32A___SRSF11_unrelaxed_rank_004_alphafold2_multimer_v3_model_5_seed_000.pdb
ANP32A___SRSF11,5,3,A,B,0.0000,0.0,0.0,0.0000,0.1031,0.0000,0.0000,0.0,0.0,0.1100,67.6,34.7,0.290,0,0,0,0,,,,,249,484,,,,,ANP32A___SRSF11_unrelaxed_rank_005_alphafold2_multimer_v3_model_3_seed_000.pdb
ATP5PD___DAZAP1,1,1,A,B,0.0000,0.0,0.0,0.0000,0.1270,0.0000,0.0000,0.0,0.0,0.1200,40.1,40.9,0.230,0,0,0,0,,,,,161,407,,,,,ATP5PD___DAZAP1_unrelaxed_rank_001_alphafold2_multimer_v3_model_1_seed_000.pdb
ATP5PD___DAZAP1,2,4,A,B,0.0000,0.0,0.0,0.0000,0.1261,0.0000,0.0000,0.0,0.0,0.1100,46.2,40.0,0.230,0,0,0,0,,,,,161,407,,,,,ATP5PD___DAZAP1_unrelaxed_rank_002_alphafold2_multimer_v3_model_4_seed_000.pdb
ATP5PD___DAZAP1,3,5,A,B,0.0000,0.0,0.0,0.0000,0.0906,0.0000,0.0000,0.0,0.0,0.1000,47.4,40.9,0.220,0,0,0,0,,,,,161,407,,,,,ATP5PD___DAZAP1_unrelaxed_rank_003_alphafold2_multimer_v3_model_5_seed_000.pdb
ATP5PD___DAZAP1,4,3,A,B,0.0000,0.0,0.0,0.0000,0.1054,0.0000,0.0000,0.0,0.0,0.1000,65.3,38.8,0.230,0,0,0,0,,,,,161,407,,,,,ATP5PD___DAZAP1_unrelaxed_rank_004_alphafold2_multimer_v3_model_3_seed_000.pdb
ATP5PD___DAZAP1,5,2,A,B,0.0000,0.0,0.0,0.0000,0.0970,0.0000,0.0000,0.0,0.0,0.1000,56.7,43.2,0.220,0,0,0,0,,,,,161,407,,,,,ATP5PD___DAZAP1_unrelaxed_rank_005_alphafold2_multimer_v3_model_2_seed_000.pdb
ATP5PD___TXN,1,4,A,B,0.0000,0.0,0.0,0.0000,0.1324,0.0000,0.0000,0.0,0.0,0.1600,36.3,83.8,0.450,0,0,0,0,,,,,161,105,,,,,ATP5PD___TXN_unrelaxed_rank_001_alphafold2_multimer_v3_model_4_seed_000.pdb
ATP5PD___TXN,2,1,A,B,0.0000,0.0,0.0,0.0000,0.1642,0.0000,0.0000,0.0,0.0,0.1400,33.6,83.7,0.450,0,0,0,0,,,,,161,105,,,,,ATP5PD___TXN_unrelaxed_rank_002_alphafold2_multimer_v3_model_1_seed_000.pdb
ATP5PD___TXN,3,3,A,B,0.0131,21.2,0.3,0.0000,0.1911,0.0135,0.0128,50.0,9.0,0.1300,32.7,83.8,0.440,3,37,3,5,36.7,84.7,36.7,65.5,161,105,"[131,135-136]","[11-12,21-25,34,37,40-41,43-44,53-55,64,67-68,73,75-81,90-92,94-95,98-102]","[131,135-136]","[34,73,90-92]",ATP5PD___TXN_unrelaxed_rank_003_alphafold2_multimer_v3_model_3_seed_000.pdb
ATP5PD___TXN,4,5,A,B,0.0000,0.0,0.0,0.0000,0.1235,0.0000,0.0000,0.0,0.0,0.1300,31.5,83.0,0.430,0,0,0,0,,,,,161,105,,,,,ATP5PD___TXN_unrelaxed_rank_004_alphafold2_multimer_v3_model_5_seed_000.pdb
ATP5PD___TXN,5,2,A,B,0.0000,0.0,0.0,0.0000,0.1080,0.0000,0.0000,0.0,0.0,0.1000,41.7,86.1,0.420,0,0,0,0,,,,,161,105,,,,,ATP5PD___TXN_unrelaxed_rank_005_alphafold2_multimer_v3_model_2_seed_000.pdb
ATXN2L___DNAJA1,1,1,A,B,0.0855,67.0,5.7,0.0134,0.5982,0.0720,0.1015,236.0,19.0,0.4000,24.9,75.0,0.290,7,85,6,10,46.8,90.6,48.2,90.4,1075,397,[226-232],"[112,114-121,213-214,216-217,219,245-250,252-253,256-268,270-276,278,280-281,283-310,314,317,319-328]",[226-231],"[287-289,301-304,306,321-322]",ATXN2L___DNAJA1_unrelaxed_rank_001_alphafold2_multimer_v3_model_1_seed_000.pdb
ATXN2L___DNAJA1,2,3,A,B,0.0550,17.5,1.0,0.0108,0.5909,0.0497,0.0609,44.0,7.0,0.3400,23.7,72.5,0.290,5,31,3,5,39.8,83.0,41.5,76.8,1075,397,[1069-1073],"[107-108,110-116,118-119,124-128,130,201-202,207-208,212,214,238-241,252,258,277,279]",[1070-1072],"[111,125-127,207]",ATXN2L___DNAJA1_unrelaxed_rank_002_alphafold2_multimer_v3_model_3_seed_000.pdb
ATXN2L___DNAJA1,3,2,A,B,0.0021,1.0,0.0,0.0000,0.4247,0.0021,0.0021,1.0,1.0,0.3200,23.7,76.1,0.290,1,1,1,1,37.2,92.8,37.2,92.8,1075,397,[228],[287],[228],[287],ATXN2L___DNAJA1_unrelaxed_rank_003_alphafold2_multimer_v3_model_2_seed_000.pdb
ATXN2L___DNAJA1,4,4,A,B,0.0266,2.4,0.1,0.0000,0.5203,0.0340,0.0208,3.0,2.0,0.3200,22.5,72.1,0.280,2,3,2,2,42.5,92.0,42.5,92.0,1075,397,[228-229],"[301,321-322]",[228-229],"[301,322]",ATXN2L___DNAJA1_unrelaxed_rank_004_alphafold2_multimer_v3_model_4_seed_000.pdb
ATXN2L___DNAJA1,5,5,A,B,0.0000,0.0,0.0,0.0000,0.2395,0.0000,0.0000,0.0,0.0,0.2300,24.4,75.0,0.280,0,0,0,0,,,,,1075,397,,,,,ATXN2L___DNAJA1_unrelaxed_rank_005_alphafold2_multimer_v3_model_5_seed_000.pdb
CCAR2___CDC5L,1,3,A,B,0.0792,450.2,35.7,0.0138,0.6735,0.0672,0.0934,2303.0,88.0,0.3500,55.6,56.6,0.390,72,72,25,24,74.4,76.9,73.5,75.9,923,802,"[816,818-883,885-889]","[713,717,721,724-792]","[829,832-833,836-837,839-840,843-844,846-847,850-851,854,857,861,864,868,871-872,874-875,878-879,882]","[731,734-735,738-739,741-742,745-746,748-749,752-753,755-756,759,766,770,773-774,777,780-781,784]",CCAR2___CDC5L_unrelaxed_rank_001_alphafold2_multimer_v3_model_3_seed_000.pdb
CCAR2___CDC5L,2,4,A,B,0.0000,0.0,0.0,0.0000,0.4950,0.0000,0.0000,0.0,0.0,0.2000,53.7,48.7,0.360,0,0,0,0,,,,,923,802,,,,,CCAR2___CDC5L_unrelaxed_rank_002_alphafold2_multimer_v3_model_4_seed_000.pdb
CCAR2___CDC5L,3,1,A,B,0.0000,0.0,0.0,0.0000,0.1916,0.0000,0.0000,0.0,0.0,0.1900,56.3,50.8,0.370,0,0,0,0,,,,,923,802,,,,,CCAR2___CDC5L_unrelaxed_rank_003_alphafold2_multimer_v3_model_1_seed_000.pdb
CCAR2___CDC5L,4,2,A,B,0.0000,0.0,0.0,0.0000,0.1831,0.0000,0.0000,0.0,0.0,0.1800,57.0,50.9,0.380,0,0,0,0,,,,,923,802,,,,,CCAR2___CDC5L_unrelaxed_rank_004_alphafold2_multimer_v3_model_2_seed_000.pdb
CCAR2___CDC5L,5,5,A,B,0.0000,0.0,0.0,0.0000,0.1806,0.0000,0.0000,0.0,0.0,0.1700,55.7,53.7,0.370,0,0,0,0,,,,,923,802,,,,,CCAR2___CDC5L_unrelaxed_rank_005_alphafold2_multimer_v3_model_5_seed_000.pdb
CCAR2___SF1,1,4,A,B,0.0000,0.0,0.0,0.0000,0.4477,0.0000,0.0000,0.0,0.0,0.1900,56.9,33.9,0.390,0,0,0,0,,,,,923,639,,,,,CCAR2___SF1_unrelaxed_rank_001_alphafold2_multimer_v3_model_4_seed_000.pdb
CCAR2___SF1,2,2,A,B,0.0000,0.0,0.0,0.0000,0.1979,0.0000,0.0000,0.0,0.0,0.1700,59.4,36.2,0.400,0,0,0,0,,,,,923,639,,,,,CCAR2___SF1_unrelaxed_rank_002_alphafold2_multimer_v3_model_2_seed_000.pdb
CCAR2___SF1,3,1,A,B,0.0000,0.0,0.0,0.0000,0.2072,0.0000,0.0000,0.0,0.0,0.1800,57.6,33.9,0.390,0,0,0,0,,,,,923,639,,,,,CCAR2___SF1_unrelaxed_rank_003_alphafold2_multimer_v3_model_1_seed_000.pdb
CCAR2___SF1,4,3,A,B,0.0000,0.0,0.0,0.0000,0.1942,0.0000,0.0000,0.0,0.0,0.1700,57.4,35.8,0.400,0,0,0,0,,,,,923,639,,,,,CCAR2___SF1_unrelaxed_rank_004_alphafold2_multimer_v3_model_3_seed_000.pdb
CCAR2___SF1,5,5,A,B,0.0000,0.0,0.0,0.0000,0.2082,0.0000,0.0000,0.0,0.0,0.1700,58.4,36.5,0.400,0,0,0,0,,,,,923,639,,,,,CCAR2___SF1_unrelaxed_rank_005_alphafold2_multimer_v3_model_5_seed_000.pdb
CCNT1___SLC3A2,1,4,A,B,0.1781,301.4,53.7,0.0191,0.6869,0.1414,0.2242,1714.0,53.0,0.2900,41.1,68.6,0.400,215,11,17,9,87.6,42.4,86.9,44.3,726,630,"[12-27,29-114,125-209,212,220-246]",[117-127],"[46,49-51,53-57,59-60,152,154-155,158,162,175]","[117,119-126]",CCNT1___SLC3A2_unrelaxed_rank_001_alphafold2_multimer_v3_model_4_seed_000.pdb
CCNT1___SLC3A2,2,1,A,B,0.0124,1.7,0.0,0.0000,0.4787,0.0090,0.0171,3.0,1.0,0.2200,42.4,69.5,0.410,2,2,1,1,87.0,39.6,87.9,38.9,726,630,"[55,221]",[121-122],[55],[121],CCNT1___SLC3A2_unrelaxed_rank_002_alphafold2_multimer_v3_model_1_seed_000.pdb
CCNT1___SLC3A2,3,2,A,B,0.0000,0.0,0.0,0.0000,0.4664,0.0000,0.0000,0.0,0.0,0.2100,43.7,69.7,0.420,0,0,0,0,,,,,726,630,,,,,CCNT1___SLC3A2_unrelaxed_rank_003_alphafold2_multimer_v3_model_2_seed_000.pdb
CCNT1___SLC3A2,4,5,A,B,0.0000,0.0,0.0,0.0000,0.4074,0.0062,0.0000,1.0,0.0,0.2100,42.6,68.6,0.410,1,1,0,0,91.4,33.1,,,726,630,[18],[122],,,CCNT1___SLC3A2_unrelaxed_rank_004_alphafold2_multimer_v3_model_5_seed_000.pdb
CCNT1___SLC3A2,5,3,A,B,0.0000,0.0,0.0,0.0000,0.3630,0.0000,0.0000,0.0,0.0,0.2000,42.0,68.6,0.410,0,0,0,0,,,,,726,630,,,,,CCNT1___SLC3A2_unrelaxed_rank_005_alphafold2_multimer_v3_model_3_seed_000.pdb
CDC37___SF3A3,1,3,A,B,0.0000,0.0,0.0,0.0000,0.3386,0.0000,0.0000,0.0,0.0,0.1600,66.8,73.4,0.390,0,0,0,0,,,,,378,501,,,,,CDC37___SF3A3_unrelaxed_rank_001_alphafold2_multimer_v3_model_3_seed_000.pdb
CDC37___SF3A3,2,1,A,B,0.0000,0.0,0.0,0.0000,0.2306,0.0000,0.0000,0.0,0.0,0.1400,64.7,72.8,0.370,0,0,0,0,,,,,378,501,,,,,CDC37___SF3A3_unrelaxed_rank_002_alphafold2_multimer_v3_model_1_seed_000.pdb
CDC37___SF3A3,3,4,A,B,0.0000,0.0,0.0,0.0000,0.1716,0.0000,0.0000,0.0,0.0,0.1300,63.2,70.4,0.380,0,0,0,0,,,,,378,501,,,,,CDC37___SF3A3_unrelaxed_rank_003_alphafold2_multimer_v3_model_4_seed_000.pdb
CDC37___SF3A3,4,2,A,B,0.0000,0.0,0.0,0.0000,0.1104,0.0000,0.0000,0.0,0.0,0.1200,66.0,73.6,0.380,0,0,0,0,,,,,378,501,,,,,CDC37___SF3A3_unrelaxed_rank_004_alphafold2_multimer_v3_model_2_seed_000.pdb
CDC37___SF3A3,5,5,A,B,0.0000,0.0,0.0,0.0000,0.1195,0.0000,0.0000,0.0,0.0,0.1100,64.4,73.0,0.380,0,0,0,0,,,,,378,501,,,,,CDC37___SF3A3_unrelaxed_rank_005_alphafold2_multimer_v3_model_5_seed_000.pdb
CDK4___ATXN2L,1,4,A,B,0.0000,0.0,0.0,0.0000,0.3879,0.0000,0.0000,0.0,0.0,0.2800,74.5,21.8,0.320,0,0,0,0,,,,,303,1075,,,,,CDK4___ATXN2L_unrelaxed_rank_001_alphafold2_multimer_v3_model_4_seed_000.pdb
CDK4___ATXN2L,2,2,A,B,0.0000,0.0,0.0,0.0000,0.3904,0.0000,0.0000,0.0,0.0,0.2700,79.9,22.9,0.330,0,0,0,0,,,,,303,1075,,,,,CDK4___ATXN2L_unrelaxed_rank_002_alphafold2_multimer_v3_model_2_seed_000.pdb
CDK4___ATXN2L,3,3,A,B,0.0000,0.0,0.0,0.0000,0.3550,0.0000,0.0000,0.0,0.0,0.2700,77.1,23.7,0.320,0,0,0,0,,,,,303,1075,,,,,CDK4___ATXN2L_unrelaxed_rank_003_alphafold2_multimer_v3_model_3_seed_000.pdb
CDK4___ATXN2L,4,1,A,B,0.0000,0.0,0.0,0.0000,0.3340,0.0000,0.0000,0.0,0.0,0.2600,79.7,24.0,0.330,0,0,0,0,,,,,303,1075,,,,,CDK4___ATXN2L_unrelaxed_rank_004_alphafold2_multimer_v3_model_1_seed_000.pdb
CDK4___ATXN2L,5,5,A,B,0.0000,0.0,0.0,0.0000,0.2349,0.0000,0.0000,0.0,0.0,0.2100,78.9,24.0,0.320,0,0,0,0,,,,,303,1075,,,,,CDK4___ATXN2L_unrelaxed_rank_005_alphafold2_multimer_v3_model_5_seed_000.pdb
CDK4___PCCA,1,4,A,B,0.0000,0.0,0.0,0.0000,0.1963,0.0000,0.0000,0.0,0.0,0.2400,66.7,80.5,0.630,0,0,0,0,,,,,303,728,,,,,CDK4___PCCA_unrelaxed_rank_001_alphafold2_multimer_v3_model_4_seed_000.pdb
CDK4___PCCA,2,3,A,B,0.0000,0.0,0.0,0.0000,0.1978,0.0000,0.0000,0.0,0.0,0.2300,70.6,81.6,0.640,0,0,0,0,,,,,303,728,,,,,CDK4___PCCA_unrelaxed_rank_002_alphafold2_multimer_v3_model_3_seed_000.pdb
CDK4___PCCA,3,5,A,B,0.0000,0.0,0.0,0.0000,0.1776,0.0000,0.0000,0.0,0.0,0.2300,68.6,81.5,0.640,0,0,0,0,,,,,303,728,,,,,CDK4___PCCA_unrelaxed_rank_003_alphafold2_multimer_v3_model_5_seed_000.pdb
CDK4___PCCA,4,2,A,B,0.0000,0.0,0.0,0.0000,0.1592,0.0000,0.0000,0.0,0.0,0.2200,73.5,83.0,0.640,0,0,0,0,,,,,303,728,,,,,CDK4___PCCA_unrelaxed_rank_004_alphafold2_multimer_v3_model_2_seed_000.pdb
CDK4___PCCA,5,1,A,B,0.0000,0.0,0.0,0.0000,0.1730,0.0000,0.0000,0.0,0.0,0.2000,70.3,82.5,0.630,0,0,0,0,,,,,303,728,,,,,CDK4___PCCA_unrelaxed_rank_005_alphafold2_multimer_v3_model_1_seed_000.pdb
CDK4___TLE3,1,1,A,B,0.2203,700.7,154.3,0.1280,0.7736,0.1629,0.2978,7554.0,65.0,0.5700,74.1,56.1,0.410,219,50,15,14,83.2,71.9,66.7,67.3,303,772,"[53,55-75,90,92-94,96,98-106,112-172,175-296]",[39-88],"[132-135,165-169,171,190,192-193,241,287]","[55,58-59,61-62,65-66,68-70,72-74,77]",CDK4___TLE3_unrelaxed_rank_001_alphafold2_multimer_v3_model_1_seed_000.pdb
CDK4___TLE3,2,2,A,B,0.0000,0.0,0.0,0.0000,0.3836,0.0000,0.0000,0.0,0.0,0.3800,72.0,54.9,0.410,0,0,0,0,,,,,303,772,,,,,CDK4___TLE3_unrelaxed_rank_002_alphafold2_multimer_v3_model_2_seed_000.pdb
CDK4___TLE3,3,4,A,B,0.0000,0.0,0.0,0.0000,0.2656,0.0000,0.0000,0.0,0.0,0.2700,74.0,51.6,0.420,0,0,0,0,,,,,303,772,,,,,CDK4___TLE3_unrelaxed_rank_003_alphafold2_multimer_v3_model_4_seed_000.pdb
CDK4___TLE3,4,3,A,B,0.0000,0.0,0.0,0.0000,0.2140,0.0000,0.0000,0.0,0.0,0.2300,72.5,54.3,0.410,0,0,0,0,,,,,303,772,,,,,CDK4___TLE3_unrelaxed_rank_004_alphafold2_multimer_v3_model_3_seed_000.pdb
CDK4___TLE3,5,5,A,B,0.0000,0.0,0.0,0.0000,0.2201,0.0000,0.0000,0.0,0.0,0.2000,73.7,53.9,0.400,0,0,0,0,,,,,303,772,,,,,CDK4___TLE3_unrelaxed_rank_005_alphafold2_multimer_v3_model_5_seed_000.pdb
CDK4___ZBTB33,1,1,A,B,0.0000,0.0,0.0,0.0000,0.3710,0.0000,0.0000,0.0,0.0,0.3100,74.0,33.7,0.380,0,0,0,0,,,,,303,672,,,,,CDK4___ZBTB33_unrelaxed_rank_001_alphafold2_multimer_v3_model_1_seed_000.pdb
CDK4___ZBTB33,2,4,A,B,0.0000,0.0,0.0,0.0000,0.3085,0.0000,0.0000,0.0,0.0,0.2300,73.0,34.1,0.380,0,0,0,0,,,,,303,672,,,,,CDK4___ZBTB33_unrelaxed_rank_002_alphafold2_multimer_v3_model_4_seed_000.pdb
CDK4___ZBTB33,3,5,A,B,0.0000,0.0,0.0,0.0000,0.2533,0.0000,0.0000,0.0,0.0,0.2200,74.8,34.9,0.380,0,0,0,0,,,,,303,672,,,,,CDK4___ZBTB33_unrelaxed_rank_003_alphafold2_multimer_v3_model_5_seed_000.pdb
CDK4___ZBTB33,4,3,A,B,0.0000,0.0,0.0,0.0000,0.1610,0.0000,0.0000,0.0,0.0,0.2100,73.6,34.7,0.360,0,0,0,0,,,,,303,672,,,,,CDK4___ZBTB33_unrelaxed_rank_004_alphafold2_multimer_v3_model_3_seed_000.pdb
CDK4___ZBTB33,5,2,A,B,0.0000,0.0,0.0,0.0000,0.1936,0.0000,0.0000,0.0,0.0,0.1900,74.8,35.8,0.370,0,0,0,0,,,,,303,672,,,,,CDK4___ZBTB33_unrelaxed_rank_005_alphafold2_multimer_v3_model_2_seed_000.pdb
CHERP___PSPC1,1,1,A,B,0.0000,0.0,0.0,0.0000,0.1647,0.0000,0.0000,0.0,0.0,0.1800,46.8,59.5,0.290,0,0,0,0,,,,,916,523,,,,,CHERP___PSPC1_unrelaxed_rank_001_alphafold2_multimer_v3_model_1_seed_000.pdb
CHERP___PSPC1,2,2,A,B,0.0000,0.0,0.0,0.0000,0.1426,0.0000,0.0000,0.0,0.0,0.1600,46.6,59.5,0.300,0,0,0,0,,,,,916,523,,,,,CHERP___PSPC1_unrelaxed_rank_002_alphafold2_multimer_v3_model_2_seed_000.pdb
CHERP___PSPC1,3,4,A,B,0.0000,0.0,0.0,0.0000,0.1602,0.0000,0.0000,0.0,0.0,0.1600,45.4,57.6,0.290,0,0,0,0,,,,,916,523,,,,,CHERP___PSPC1_unrelaxed_rank_003_alphafold2_multimer_v3_model_4_seed_000.pdb
CHERP___PSPC1,4,3,A,B,0.0000,0.0,0.0,0.0000,0.1413,0.0000,0.0000,0.0,0.0,0.1600,46.1,58.6,0.300,0,0,0,0,,,,,916,523,,,,,CHERP___PSPC1_unrelaxed_rank_004_alphafold2_multimer_v3_model_3_seed_000.pdb
CHERP___PSPC1,5,5,A,B,0.0000,0.0,0.0,0.0000,0.0000,0.0000,0.0000,0.0,0.0,0.1500,45.7,58.9,0.300,0,0,0,0,,,,,916,523,,,,,CHERP___PSPC1_unrelaxed_rank_005_alphafold2_multimer_v3_model_5_seed_000.pdb
CSTB___DDX17,1,3,A,B,0.0000,0.0,0.0,0.0000,0.1599,0.0000,0.0000,0.0,0.0,0.1800,78.4,60.3,0.470,0,0,0,0,,,,,98,729,,,,,CSTB___DDX17_unrelaxed_rank_001_alphafold2_multimer_v3_model_3_seed_000.pdb
CSTB___DDX17,2,4,A,B,0.0000,0.0,0.0,0.0000,0.1625,0.0000,0.0000,0.0,0.0,0.1700,74.5,58.7,0.430,0,0,0,0,,,,,98,729,,,,,CSTB___DDX17_unrelaxed_rank_002_alphafold2_multimer_v3_model_4_seed_000.pdb
CSTB___DDX17,3,1,A,B,0.0000,0.0,0.0,0.0000,0.1518,0.0000,0.0000,0.0,0.0,0.1700,72.3,58.4,0.420,0,0,0,0,,,,,98,729,,,,,CSTB___DDX17_unrelaxed_rank_003_alphafold2_multimer_v3_model_1_seed_000.pdb
CSTB___DDX17,4,2,A,B,0.0000,0.0,0.0,0.0000,0.1841,0.0000,0.0000,0.0,0.0,0.1500,77.4,59.7,0.450,0,0,0,0,,,,,98,729,,,,,CSTB___DDX17_unrelaxed_rank_004_alphafold2_multimer_v3_model_2_seed_000.pdb
CSTB___DDX17,5,5,A,B,0.0000,0.0,0.0,0.0000,0.1480,0.0000,0.0000,0.0,0.0,0.1500,77.9,59.2,0.440,0,0,0,0,,,,,98,729,,,,,CSTB___DDX17_unrelaxed_rank_005_alphafold2_multimer_v3_model_5_seed_000.pdb
CSTB___FAM50A,1,4,A,B,0.0000,0.0,0.0,0.0000,0.1527,0.0000,0.0000,0.0,0.0,0.1800,76.2,60.1,0.400,0,0,0,0,,,,,98,339,,,,,CSTB___FAM50A_unrelaxed_rank_001_alphafold2_multimer_v3_model_4_seed_000.pdb
CSTB___FAM50A,2,1,A,B,0.0000,0.0,0.0,0.0000,0.1372,0.0000,0.0000,0.0,0.0,0.1500,55.4,65.5,0.390,0,0,0,0,,,,,98,339,,,,,CSTB___FAM50A_unrelaxed_rank_002_alphafold2_multimer_v3_model_1_seed_000.pdb
CSTB___FAM50A,3,5,A,B,0.0000,0.0,0.0,0.0000,0.1046,0.0000,0.0000,0.0,0.0,0.1400,72.6,59.7,0.390,0,0,0,0,,,,,98,339,,,,,CSTB___FAM50A_unrelaxed_rank_003_alphafold2_multimer_v3_model_5_seed_000.pdb
CSTB___FAM50A,4,3,A,B,0.0000,0.0,0.0,0.0000,0.1054,0.0000,0.0000,0.0,0.0,0.1400,63.0,59.4,0.380,0,0,0,0,,,,,98,339,,,,,CSTB___FAM50A_unrelaxed_rank_004_alphafold2_multimer_v3_model_3_seed_000.pdb
CSTB___FAM50A,5,2,A,B,0.0000,0.0,0.0,0.0000,0.0894,0.0000,0.0000,0.0,0.0,0.1100,60.8,66.5,0.390,0,0,0,0,,,,,98,339,,,,,CSTB___FAM50A_unrelaxed_rank_005_alphafold2_multimer_v3_model_2_seed_000.pdb
DAZAP1___DHX15,1,5,A,B,0.0248,4.2,0.1,0.0000,0.3331,0.0156,0.0396,18.0,1.0,0.2900,38.7,80.6,0.570,3,15,1,1,29.4,94.0,31.2,90.1,407,795,[265-267],"[320-321,323,339,342,365,368,385,417,419-421,479-480,484]",[265],[323],DAZAP1___DHX15_unrelaxed_rank_001_alphafold2_multimer_v3_model_5_seed_000.pdb
DAZAP1___DHX15,2,3,A,B,0.0000,0.0,0.0,0.0000,0.3108,0.0000,0.0000,0.0,0.0,0.1900,36.4,80.9,0.570,0,0,0,0,,,,,407,795,,,,,DAZAP1___DHX15_unrelaxed_rank_002_alphafold2_multimer_v3_model_3_seed_000.pdb
DAZAP1___DHX15,3,4,A,B,0.0000,0.0,0.0,0.0000,0.2036,0.0000,0.0000,0.0,0.0,0.1700,34.5,79.3,0.570,0,0,0,0,,,,,407,795,,,,,DAZAP1___DHX15_unrelaxed_rank_003_alphafold2_multimer_v3_model_4_seed_000.pdb
DAZAP1___DHX15,4,1,A,B,0.0000,0.0,0.0,0.0000,0.2953,0.0000,0.0000,0.0,0.0,0.1700,36.2,78.7,0.550,0,0,0,0,,,,,407,795,,,,,DAZAP1___DHX15_unrelaxed_rank_004_alphafold2_multimer_v3_model_1_seed_000.pdb
DAZAP1___DHX15,5,2,A,B,0.0000,0.0,0.0,0.0000,0.1466,0.0000,0.0000,0.0,0.0,0.1500,36.1,80.3,0.560,0,0,0,0,,,,,407,795,,,,,DAZAP1___DHX15_unrelaxed_rank_005_alphafold2_multimer_v3_model_2_seed_000.pdb
DAZAP1___SRSF11,1,1,A,B,0.0119,2.4,0.0,0.0000,0.3645,0.0088,0.0163,6.0,1.0,0.1800,43.9,35.0,0.230,5,2,1,1,86.7,32.6,88.3,33.5,407,484,"[13,20,33,53,55]","[425,428]",[55],[425],DAZAP1___SRSF11_unrelaxed_rank_001_alphafold2_multimer_v3_model_1_seed_000.pdb
DAZAP1___SRSF11,2,3,A,B,0.0000,0.0,0.0,0.0000,0.2800,0.0000,0.0000,0.0,0.0,0.1600,42.8,34.4,0.220,0,0,0,0,,,,,407,484,,,,,DAZAP1___SRSF11_unrelaxed_rank_002_alphafold2_multimer_v3_model_3_seed_000.pdb
DAZAP1___SRSF11,3,2,A,B,0.0000,0.0,0.0,0.0000,0.3160,0.0000,0.0000,0.0,0.0,0.1500,46.4,35.6,0.220,0,0,0,0,,,,,407,484,,,,,DAZAP1___SRSF11_unrelaxed_rank_003_alphafold2_multimer_v3_model_2_seed_000.pdb
DAZAP1___SRSF11,4,4,A,B,0.0000,0.0,0.0,0.0000,0.1504,0.0000,0.0000,0.0,0.0,0.1300,44.4,34.3,0.220,0,0,0,0,,,,,407,484,,,,,DAZAP1___SRSF11_unrelaxed_rank_004_alphafold2_multimer_v3_model_4_seed_000.pdb
DAZAP1___SRSF11,5,5,A,B,0.0000,0.0,0.0,0.0000,0.1224,0.0000,0.0000,0.0,0.0,0.1200,45.5,34.8,0.220,0,0,0,0,,,,,407,484,,,,,DAZAP1___SRSF11_unrelaxed_rank_005_alphafold2_multimer_v3_model_5_seed_000.pdb
DDX17___SRSF11,1,3,A,B,0.2297,832.6,191.3,0.0810,0.8193,0.1733,0.3046,6797.0,102.0,0.4100,61.7,31.4,0.450,416,31,29,17,91.4,45.1,89.4,48.7,729,484,"[117,120,122,129-161,167-269,273-372,374-380,383-552]","[128-144,421-434]","[332-334,391-395,405,408-409,412-413,426-430,449-450,475-478,489,497,517,519,545]","[129,132,134,137,139-142,422-423,425-426,428-432]",DDX17___SRSF11_unrelaxed_rank_001_alphafold2_multimer_v3_model_3_seed_000.pdb
DDX17___SRSF11,2,2,A,B,0.0212,34.5,0.7,0.0000,0.5138,0.0173,0.0261,198.0,6.0,0.2600,63.1,30.7,0.440,102,8,5,3,94.3,41.4,90.0,42.9,729,484,"[142,144,148-150,152-154,156,168-169,172-173,175,178,183,193,195,199,203,207,209-212,214,225,228,231,233,246,253,259-260,263,266,284,287,290,292-293,296-297,301,304,307-310,316-320,322,327,329-331,333,336,339-340,343-347,349-350,352-353,355,364,368-369,371-372,374,376-377,390,392,405,425-429,431-433,448-450,453,456-458,460,463,534]",[424-431],"[301,333,428,449-450]","[425,428-429]",DDX17___SRSF11_unrelaxed_rank_002_alphafold2_multimer_v3_model_2_seed_000.pdb
DDX17___SRSF11,3,1,A,B,0.1114,196.0,21.8,0.0154,0.6464,0.0982,0.1263,960.0,40.0,0.2500,61.4,30.3,0.410,188,11,14,8,89.1,36.8,84.3,37.9,729,484,"[203,210,212,214,252,257,260,263,274,276-281,283-284,287,303-304,306,309,311,317,329-330,333-334,336,338-344,352,355,362,364,368,371,390-416,419-483,487-510,515-540,544-545,547-548]",[424-434],"[280,333,426-429,432,449-451,475-478]","[425-426,428-433]",DDX17___SRSF11_unrelaxed_rank_003_alphafold2_multimer_v3_model_1_seed_000.pdb
DDX17___SRSF11,4,4,A,B,0.0404,125.0,5.0,0.0125,0.5884,0.0307,0.0531,1421.0,11.0,0.2400,61.2,29.1,0.420,303,12,9,4,91.7,38.2,85.5,40.6,729,484,"[134,136-142,144,146,148-154,156-160,168-170,172-174,178-179,181-182,185-186,189,193-200,202-217,220-236,245-267,273-347,349-355,357-369,371,374-379,390,392-394,396,399,402,405-406,408-411,413,420-441,443-466,468,471-476,478,489-490,492-496,500-510,517-518,520-521,528-530,532-538,540,542]",[422-433],"[279-281,301,303-304,333,335,450]","[425,428-429,431]",DDX17___SRSF11_unrelaxed_rank_004_alphafold2_multimer_v3_model_4_seed_000.pdb
DDX17___SRSF11,5,5,A,B,0.0000,0.0,0.0,0.0000,0.3466,0.0000,0.0000,0.0,0.0,0.2300,60.5,29.9,0.370,0,0,0,0,,,,,729,484,,,,,DDX17___SRSF11_unrelaxed_rank_005_alphafold2_multimer_v3_model_5_seed_000.pdb
EDC3___SLC3A2,1,1,A,B,0.0000,0.0,0.0,0.0000,0.0000,0.0000,0.0000,0.0,0.0,0.1600,60.6,69.4,0.450,0,0,0,0,,,,,508,630,,,,,EDC3___SLC3A2_unrelaxed_rank_001_alphafold2_multimer_v3_model_1_seed_000.pdb
EDC3___SLC3A2,2,2,A,B,0.0000,0.0,0.0,0.0000,0.1433,0.0000,0.0000,0.0,0.0,0.1600,61.6,69.3,0.450,0,0,0,0,,,,,508,630,,,,,EDC3___SLC3A2_unrelaxed_rank_002_alphafold2_multimer_v3_model_2_seed_000.pdb
EDC3___SLC3A2,3,5,A,B,0.0000,0.0,0.0,0.0000,0.1302,0.0000,0.0000,0.0,0.0,0.1600,60.2,68.7,0.440,0,0,0,0,,,,,508,630,,,,,EDC3___SLC3A2_unrelaxed_rank_003_alphafold2_multimer_v3_model_5_seed_000.pdb
EDC3___SLC3A2,4,4,A,B,0.0000,0.0,0.0,0.0000,0.1558,0.0000,0.0000,0.0,0.0,0.1600,59.2,68.3,0.450,0,0,0,0,,,,,508,630,,,,,EDC3___SLC3A2_unrelaxed_rank_004_alphafold2_multimer_v3_model_4_seed_000.pdb
EDC3___SLC3A2,5,3,A,B,0.0000,0.0,0.0,0.0000,0.1149,0.0000,0.0000,0.0,0.0,0.1500,59.8,68.8,0.450,0,0,0,0,,,,,508,630,,,,,EDC3___SLC3A2_unrelaxed_rank_005_alphafold2_multimer_v3_model_3_seed_000.pdb
EDC3___ZBTB33,1,3,A,B,0.0867,134.2,11.6,0.0153,0.5463,0.0799,0.0941,419.0,43.0,0.3100,58.7,35.7,0.340,131,14,14,10,89.5,31.4,73.0,32.2,508,672,"[281,283-285,288-292,294-296,300-308,310-319,336-349,351,353,356-358,360,362,364-388,391-399,404-408,410-414,417-433,438-441,456-459,465,473-476,482,484-485,487,502]",[432-445],"[343-344,369-374,378-379,382,419,422,424]","[432-434,436-437,440-444]",EDC3___ZBTB33_unrelaxed_rank_001_alphafold2_multimer_v3_model_3_seed_000.pdb
EDC3___ZBTB33,2,1,A,B,0.0000,0.0,0.0,0.0000,0.3731,0.0000,0.0000,0.0,0.0,0.2000,59.2,35.0,0.330,0,0,0,0,,,,,508,672,,,,,EDC3___ZBTB33_unrelaxed_rank_002_alphafold2_multimer_v3_model_1_seed_000.pdb
EDC3___ZBTB33,3,4,A,B,0.0661,92.6,6.1,0.0137,0.6155,0.0603,0.0726,209.0,41.0,0.1900,58.8,36.1,0.320,35,55,18,14,61.2,64.9,55.9,59.9,508,672,"[8-9,11,14,18,21,24-25,30-31,33,35-39,41,46,50-56,58,203-211]","[432-437,440,442-443,516,524,526-528,530-535,538-540,542-544,548-554,557-573,584-588]","[14,18,21,35-36,52-55,58,203-208,210-211]","[432-436,442,535,549-550,561-563,566,586]",EDC3___ZBTB33_unrelaxed_rank_003_alphafold2_multimer_v3_model_4_seed_000.pdb
EDC3___ZBTB33,4,5,A,B,0.0000,0.0,0.0,0.0000,0.2059,0.0000,0.0000,0.0,0.0,0.1700,60.1,36.4,0.320,0,0,0,0,,,,,508,672,,,,,EDC3___ZBTB33_unrelaxed_rank_004_alphafold2_multimer_v3_model_5_seed_000.pdb
EDC3___ZBTB33,5,2,A,B,0.0000,0.0,0.0,0.0000,0.2098,0.0000,0.0000,0.0,0.0,0.1600,60.1,36.9,0.320,0,0,0,0,,,,,508,672,,,,,EDC3___ZBTB33_unrelaxed_rank_005_alphafold2_multimer_v3_model_2_seed_000.pdb
EPB41___CDC5L,1,1,A,B,0.0000,0.0,0.0,0.0000,0.2625,0.0000,0.0000,0.0,0.0,0.2000,47.7,47.6,0.340,0,0,0,0,,,,,864,802,,,,,EPB41___CDC5L_unrelaxed_rank_001_alphafold2_multimer_v3_model_1_seed_000.pdb
EPB41___CDC5L,2,2,A,B,0.0000,0.0,0.0,0.0000,0.1734,0.0000,0.0000,0.0,0.0,0.1800,47.9,48.2,0.330,0,0,0,0,,,,,864,802,,,,,EPB41___CDC5L_unrelaxed_rank_002_alphafold2_multimer_v3_model_2_seed_000.pdb
EPB41___CDC5L,3,5,A,B,0.0000,0.0,0.0,0.0000,0.1741,0.0000,0.0000,0.0,0.0,0.1700,47.0,52.7,0.330,0,0,0,0,,,,,864,802,,,,,EPB41___CDC5L_unrelaxed_rank_003_alphafold2_multimer_v3_model_5_seed_000.pdb
EPB41___CDC5L,4,3,A,B,0.0000,0.0,0.0,0.0000,0.1843,0.0000,0.0000,0.0,0.0,0.1700,47.0,51.4,0.330,0,0,0,0,,,,,864,802,,,,,EPB41___CDC5L_unrelaxed_rank_004_alphafold2_multimer_v3_model_3_seed_000.pdb
EPB41___CDC5L,5,4,A,B,0.0000,0.0,0.0,0.0000,0.2207,0.0000,0.0000,0.0,0.0,0.1700,46.4,47.1,0.320,0,0,0,0,,,,,864,802,,,,,EPB41___CDC5L_unrelaxed_rank_005_alphafold2_multimer_v3_model_4_seed_000.pdb
EPB41___CSTB,1,4,A,B,0.0000,0.0,0.0,0.0000,0.1907,0.0000,0.0000,0.0,0.0,0.2200,46.3,73.9,0.420,0,0,0,0,,,,,864,98,,,,,EPB41___CSTB_unrelaxed_rank_001_alphafold2_multimer_v3_model_4_seed_000.pdb
EPB41___CSTB,2,1,A,B,0.0000,0.0,0.0,0.0000,0.1942,0.0000,0.0000,0.0,0.0,0.2000,48.4,73.4,0.420,0,0,0,0,,,,,864,98,,,,,EPB41___CSTB_unrelaxed_rank_002_alphafold2_multimer_v3_model_1_seed_000.pdb
EPB41___CSTB,3,3,A,B,0.0000,0.0,0.0,0.0000,0.1486,0.0000,0.0000,0.0,0.0,0.1800,47.3,73.8,0.420,0,0,0,0,,,,,864,98,,,,,EPB41___CSTB_unrelaxed_rank_003_alphafold2_multimer_v3_model_3_seed_000.pdb
EPB41___CSTB,4,5,A,B,0.0000,0.0,0.0,0.0000,0.1652,0.0000,0.0000,0.0,0.0,0.1800,46.9,79.8,0.420,0,0,0,0,,,,,864,98,,,,,EPB41___CSTB_unrelaxed_rank_004_alphafold2_multimer_v3_model_5_seed_000.pdb
EPB41___CSTB,5,2,A,B,0.0000,0.0,0.0,0.0000,0.1590,0.0000,0.0000,0.0,0.0,0.1800,47.5,78.6,0.420,0,0,0,0,,,,,864,98,,,,,EPB41___CSTB_unrelaxed_rank_005_alphafold2_multimer_v3_model_2_seed_000.pdb
EPB41___LUC7L2,1,4,A,B,0.1062,265.7,28.2,0.0168,0.5580,0.0986,0.1143,1471.0,48.0,0.3300,47.9,59.0,0.420,246,32,24,14,89.3,66.2,83.2,58.7,864,392,"[212-223,226,228-256,262-275,281-297,299-337,353-356,362-373,379-424,427-453,457,462-490,507-509,512-522,663]","[103-105,107,109-113,174,177-190,195,198,387-392]","[319,321,323-324,389,392-394,423,427-428,431,439-443,474,477,480-481,484,507,663]","[111,178-185,195,389-392]",EPB41___LUC7L2_unrelaxed_rank_001_alphafold2_multimer_v3_model_4_seed_000.pdb
EPB41___LUC7L2,2,2,A,B,0.3071,369.1,113.3,0.1514,0.8708,0.2490,0.3787,2390.0,57.0,0.3400,48.3,56.4,0.380,300,9,16,7,89.5,58.8,85.0,63.1,864,392,"[210-257,260-277,279-341,349-356,359-374,377-496,498,502-526,531]",[384-392],"[439-444,470,474,477,480-481,484,503-505,507]","[385-386,388-392]",EPB41___LUC7L2_unrelaxed_rank_002_alphafold2_multimer_v3_model_2_seed_000.pdb
EPB41___LUC7L2,3,1,A,B,0.2726,358.8,97.8,0.1130,0.8243,0.2248,0.3305,2012.0,64.0,0.3300,48.9,50.1,0.380,293,8,17,7,88.0,62.9,84.3,65.9,864,392,"[210-256,260-276,279-340,349-356,360-373,377-495,501-525,531]",[385-392],"[439-444,470,474,477,480-481,484,503-507]",[386-392],EPB41___LUC7L2_unrelaxed_rank_003_alphafold2_multimer_v3_model_1_seed_000.pdb
EPB41___LUC7L2,4,3,A,B,0.2584,329.8,85.2,0.0385,0.7890,0.2040,0.3272,1942.0,56.0,0.3100,46.6,56.9,0.370,285,8,15,6,89.1,57.6,85.4,63.2,864,392,"[210-256,260-276,279-339,349-356,360-374,377-454,459-493,503-525,531]",[385-392],"[439-444,470,474,477,480-481,484,504-505,507]",[387-392],EPB41___LUC7L2_unrelaxed_rank_004_alphafold2_multimer_v3_model_3_seed_000.pdb
EPB41___LUC7L2,5,5,A,B,0.2439,324.5,79.2,0.0295,0.7818,0.1947,0.3056,1816.0,58.0,0.3100,48.4,58.2,0.370,280,8,16,5,90.1,60.7,85.4,69.7,864,392,"[210-256,260,262-276,279-339,350-356,361-374,377-425,427-454,457,459-493,503-524]",[385-392],"[439-444,470,474,477,480-481,484,504-507]",[388-392],EPB41___LUC7L2_unrelaxed_rank_005_alphafold2_multimer_v3_model_5_seed_000.pdb
FUBP1___FUS,1,1,A,B,0.0000,0.0,0.0,0.0000,0.1724,0.0000,0.0000,0.0,0.0,0.1700,44.7,29.7,0.230,0,0,0,0,,,,,644,526,,,,,FUBP1___FUS_unrelaxed_rank_001_alphafold2_multimer_v3_model_1_seed_000.pdb
FUBP1___FUS,2,3,A,B,0.0000,0.0,0.0,0.0000,0.3224,0.0000,0.0000,0.0,0.0,0.1700,41.1,28.7,0.220,0,0,0,0,,,,,644,526,,,,,FUBP1___FUS_unrelaxed_rank_002_alphafold2_multimer_v3_model_3_seed_000.pdb
FUBP1___FUS,3,2,A,B,0.0000,0.0,0.0,0.0000,0.1757,0.0000,0.0000,0.0,0.0,0.1600,43.8,29.7,0.220,0,0,0,0,,,,,644,526,,,,,FUBP1___FUS_unrelaxed_rank_003_alphafold2_multimer_v3_model_2_seed_000.pdb
FUBP1___FUS,4,4,A,B,0.0000,0.0,0.0,0.0000,0.1884,0.0000,0.0000,0.0,0.0,0.1500,42.9,30.4,0.220,0,0,0,0,,,,,644,526,,,,,FUBP1___FUS_unrelaxed_rank_004_alphafold2_multimer_v3_model_4_seed_000.pdb
FUBP1___FUS,5,5,A,B,0.0000,0.0,0.0,0.0000,0.1521,0.0000,0.0000,0.0,0.0,0.1400,47.4,31.8,0.210,0,0,0,0,,,,,644,526,,,,,FUBP1___FUS_unrelaxed_rank_005_alphafold2_multimer_v3_model_5_seed_000.pdb
FUBP1___SRSF11,1,2,A,B,0.4447,535.3,238.0,0.3007,0.8800,0.3711,0.5329,3411.0,84.0,0.3000,50.4,33.8,0.240,25,100,14,19,63.3,84.1,66.6,88.3,644,484,[25-49],[28-127],"[27,31,34-35,37-39,41-43,45-47,49]","[48,51-57,87,91-92,94-95,98-102,105]",FUBP1___SRSF11_unrelaxed_rank_001_alphafold2_multimer_v3_model_2_seed_000.pdb
FUBP1___SRSF11,2,3,A,B,0.2811,439.5,123.6,0.2040,0.7692,0.2372,0.3331,2509.0,77.0,0.2700,44.3,31.8,0.230,19,98,11,18,42.7,79.7,45.7,82.3,644,484,[28-46],[29-126],"[30-32,34-35,37-39,41-42,45]","[44-45,48,51-53,55-56,87,90-92,94-95,98,100-101,105]",FUBP1___SRSF11_unrelaxed_rank_002_alphafold2_multimer_v3_model_3_seed_000.pdb
FUBP1___SRSF11,3,4,A,B,0.1268,232.2,29.4,0.0159,0.6039,0.1076,0.1494,1225.0,44.0,0.2500,45.9,32.0,0.230,15,92,9,10,43.5,82.6,45.9,81.6,644,484,[30-44],"[29,31-71,76-125]","[30,33-39,41]","[52,55-56,91-95,98,100]",FUBP1___SRSF11_unrelaxed_rank_003_alphafold2_multimer_v3_model_4_seed_000.pdb
FUBP1___SRSF11,4,5,A,B,0.0261,13.2,0.3,0.0000,0.4800,0.0315,0.0216,29.0,6.0,0.2200,48.6,33.3,0.220,8,18,4,4,44.7,90.0,42.8,86.6,644,484,[35-42],"[36-38,45-47,51-52,60,62,81,91,94-95,98-99,107,115]","[35,38,41-42]","[51-52,95,98]",FUBP1___SRSF11_unrelaxed_rank_004_alphafold2_multimer_v3_model_5_seed_000.pdb
FUBP1___SRSF11,5,1,A,B,0.0000,0.0,0.0,0.0000,0.2090,0.0000,0.0000,0.0,0.0,0.1600,45.7,32.0,0.230,0,0,0,0,,,,,644,484,,,,,FUBP1___SRSF11_unrelaxed_rank_005_alphafold2_multimer_v3_model_1_seed_000.pdb
FUBP3___FAM50A,1,2,A,B,0.3366,447.4,150.6,0.2246,0.7960,0.2383,0.4754,4170.0,48.0,0.4100,51.2,63.9,0.290,22,145,9,10,63.7,86.8,70.5,89.1,572,339,[541-562],"[179,181,183-284,296-336]","[543,546-547,549-550,553-554,557-558]","[224,247,257,259-261,325-328]",FUBP3___FAM50A_unrelaxed_rank_001_alphafold2_multimer_v3_model_2_seed_000.pdb
FUBP3___FAM50A,2,1,A,B,0.0000,0.0,0.0,0.0000,0.1314,0.0000,0.0000,0.0,0.0,0.1400,47.9,58.2,0.260,0,0,0,0,,,,,572,339,,,,,FUBP3___FAM50A_unrelaxed_rank_002_alphafold2_multimer_v3_model_1_seed_000.pdb
FUBP3___FAM50A,3,4,A,B,0.0000,0.0,0.0,0.0000,0.1744,0.0000,0.0000,0.0,0.0,0.1400,45.2,55.8,0.270,0,0,0,0,,,,,572,339,,,,,FUBP3___FAM50A_unrelaxed_rank_003_alphafold2_multimer_v3_model_4_seed_000.pdb
FUBP3___FAM50A,4,5,A,B,0.0000,0.0,0.0,0.0000,0.1232,0.0000,0.0000,0.0,0.0,0.1400,49.4,60.1,0.260,0,0,0,0,,,,,572,339,,,,,FUBP3___FAM50A_unrelaxed_rank_004_alphafold2_multimer_v3_model_5_seed_000.pdb
FUBP3___FAM50A,5,3,A,B,0.0000,0.0,0.0,0.0000,0.1338,0.0000,0.0000,0.0,0.0,0.1200,46.0,57.3,0.260,0,0,0,0,,,,,572,339,,,,,FUBP3___FAM50A_unrelaxed_rank_005_alphafold2_multimer_v3_model_3_seed_000.pdb
FUBP3___PCCA,1,4,A,B,0.0000,0.0,0.0,0.0000,0.2099,0.0000,0.0000,0.0,0.0,0.2000,40.5,82.0,0.530,0,0,0,0,,,,,572,728,,,,,FUBP3___PCCA_unrelaxed_rank_001_alphafold2_multimer_v3_model_4_seed_000.pdb
FUBP3___PCCA,2,5,A,B,0.0000,0.0,0.0,0.0000,0.1850,0.0000,0.0000,0.0,0.0,0.1900,40.9,83.5,0.540,0,0,0,0,,,,,572,728,,,,,FUBP3___PCCA_unrelaxed_rank_002_alphafold2_multimer_v3_model_5_seed_000.pdb
FUBP3___PCCA,3,3,A,B,0.0000,0.0,0.0,0.0000,0.2048,0.0000,0.0000,0.0,0.0,0.1800,41.4,83.9,0.550,0,0,0,0,,,,,572,728,,,,,FUBP3___PCCA_unrelaxed_rank_003_alphafold2_multimer_v3_model_3_seed_000.pdb
FUBP3___PCCA,4,2,A,B,0.0000,0.0,0.0,0.0000,0.1945,0.0000,0.0000,0.0,0.0,0.1800,42.0,84.3,0.540,0,0,0,0,,,,,572,728,,,,,FUBP3___PCCA_unrelaxed_rank_004_alphafold2_multimer_v3_model_2_seed_000.pdb
FUBP3___PCCA,5,1,A,B,0.0000,0.0,0.0,0.0000,0.1588,0.0000,0.0000,0.0,0.0,0.1700,41.7,83.3,0.540,0,0,0,0,,,,,572,728,,,,,FUBP3___PCCA_unrelaxed_rank_005_alphafold2_multimer_v3_model_1_seed_000.pdb
FUBP3___RB1,1,2,A,B,0.1329,75.6,10.0,0.0160,0.6326,0.1122,0.1574,715.0,8.0,0.3300,42.4,69.0,0.520,5,369,3,5,42.5,93.8,47.0,94.6,572,928,[1-5],"[61,70-78,80-81,97-109,111-112,116-121,127-131,133-138,141-144,146-148,150-154,157-158,160-165,168-169,191-192,194-202,213-215,217-227,278,287-288,290-292,295-296,299,318,320-322,324-325,332-333,335,378-379,381-387,400-401,403-404,412-435,438-461,476,479-497,514-528,530-538,542-565,567-574,646-670,672-728,730-733,735-738,740-745,747-770,779-780,782]",[1-3],"[709,721,753,756-757]",FUBP3___RB1_unrelaxed_rank_001_alphafold2_multimer_v3_model_2_seed_000.pdb
FUBP3___RB1,2,5,A,B,0.0000,0.0,0.0,0.0000,0.3121,0.0000,0.0000,0.0,0.0,0.2300,39.9,68.5,0.520,0,0,0,0,,,,,572,928,,,,,FUBP3___RB1_unrelaxed_rank_002_alphafold2_multimer_v3_model_5_seed_000.pdb
FUBP3___RB1,3,3,A,B,0.0000,0.0,0.0,0.0000,0.1818,0.0000,0.0000,0.0,0.0,0.1700,40.4,68.4,0.520,0,0,0,0,,,,,572,928,,,,,FUBP3___RB1_unrelaxed_rank_003_alphafold2_multimer_v3_model_3_seed_000.pdb
FUBP3___RB1,4,4,A,B,0.0000,0.0,0.0,0.0000,0.1863,0.0000,0.0000,0.0,0.0,0.1700,38.1,68.0,0.510,0,0,0,0,,,,,572,928,,,,,FUBP3___RB1_unrelaxed_rank_004_alphafold2_multimer_v3_model_4_seed_000.pdb
FUBP3___RB1,5,1,A,B,0.0000,0.0,0.0,0.0000,0.1742,0.0000,0.0000,0.0,0.0,0.1700,41.1,68.1,0.510,0,0,0,0,,,,,572,928,,,,,FUBP3___RB1_unrelaxed_rank_005_alphafold2_multimer_v3_model_1_seed_000.pdb
FUS___NCL,1,1,A,B,0.0000,0.0,0.0,0.0000,0.1712,0.0000,0.0000,0.0,0.0,0.1700,29.7,46.5,0.240,0,0,0,0,,,,,526,710,,,,,FUS___NCL_unrelaxed_rank_001_alphafold2_multimer_v3_model_1_seed_000.pdb
FUS___NCL,2,2,A,B,0.0000,0.0,0.0,0.0000,0.1880,0.0000,0.0000,0.0,0.0,0.1600,30.3,45.1,0.230,0,0,0,0,,,,,526,710,,,,,FUS___NCL_unrelaxed_rank_002_alphafold2_multimer_v3_model_2_seed_000.pdb
FUS___NCL,3,3,A,B,0.0000,0.0,0.0,0.0000,0.1710,0.0000,0.0000,0.0,0.0,0.1500,28.5,45.4,0.230,0,0,0,0,,,,,526,710,,,,,FUS___NCL_unrelaxed_rank_003_alphafold2_multimer_v3_model_3_seed_000.pdb
FUS___NCL,4,5,A,B,0.0000,0.0,0.0,0.0000,0.1622,0.0000,0.0000,0.0,0.0,0.1500,30.9,47.3,0.230,0,0,0,0,,,,,526,710,,,,,FUS___NCL_unrelaxed_rank_004_alphafold2_multimer_v3_model_5_seed_000.pdb
FUS___NCL,5,4,A,B,0.0000,0.0,0.0,0.0000,0.1780,0.0000,0.0000,0.0,0.0,0.1500,29.4,45.1,0.230,0,0,0,0,,,,,526,710,,,,,FUS___NCL_unrelaxed_rank_005_alphafold2_multimer_v3_model_4_seed_000.pdb
FUS___SRSF11,1,2,A,B,0.3296,67.6,22.3,0.0281,0.8048,0.2527,0.4300,571.0,8.0,0.1800,33.5,36.0,0.220,35,14,3,3,70.5,36.8,76.9,40.1,526,484,[420-454],[420-433],"[435,445-446]","[425-426,429]",FUS___SRSF11_unrelaxed_rank_001_alphafold2_multimer_v3_model_2_seed_000.pdb
FUS___SRSF11,2,1,A,B,0.0000,0.0,0.0,0.0000,0.3108,0.0000,0.0000,0.0,0.0,0.1500,33.1,35.1,0.230,0,0,0,0,,,,,526,484,,,,,FUS___SRSF11_unrelaxed_rank_002_alphafold2_multimer_v3_model_1_seed_000.pdb
FUS___SRSF11,3,3,A,B,0.0000,0.0,0.0,0.0000,0.2171,0.0000,0.0000,0.0,0.0,0.1300,31.2,33.2,0.210,0,0,0,0,,,,,526,484,,,,,FUS___SRSF11_unrelaxed_rank_003_alphafold2_multimer_v3_model_3_seed_000.pdb
FUS___SRSF11,4,4,A,B,0.0000,0.0,0.0,0.0000,0.1403,0.0000,0.0000,0.0,0.0,0.1200,34.2,34.4,0.210,0,0,0,0,,,,,526,484,,,,,FUS___SRSF11_unrelaxed_rank_004_alphafold2_multimer_v3_model_4_seed_000.pdb
FUS___SRSF11,5,5,A,B,0.0000,0.0,0.0,0.0000,0.1129,0.0000,0.0000,0.0,0.0,0.1200,33.6,35.3,0.210,0,0,0,0,,,,,526,484,,,,,FUS___SRSF11_unrelaxed_rank_005_alphafold2_multimer_v3_model_5_seed_000.pdb
HMGB1___SRSF11,1,1,A,B,0.0000,0.0,0.0,0.0000,0.3433,0.0110,0.0000,3.0,0.0,0.2400,67.2,34.2,0.250,2,3,0,0,78.5,37.0,,,215,484,"[106,121]","[425-426,429]",,,HMGB1___SRSF11_unrelaxed_rank_001_alphafold2_multimer_v3_model_1_seed_000.pdb
HMGB1___SRSF11,2,3,A,B,0.0000,0.0,0.0,0.0000,0.2733,0.0000,0.0000,0.0,0.0,0.1800,67.6,34.0,0.250,0,0,0,0,,,,,215,484,,,,,HMGB1___SRSF11_unrelaxed_rank_002_alphafold2_multimer_v3_model_3_seed_000.pdb
HMGB1___SRSF11,3,2,A,B,0.0000,0.0,0.0,0.0000,0.1889,0.0000,0.0000,0.0,0.0,0.1300,67.8,33.9,0.240,0,0,0,0,,,,,215,484,,,,,HMGB1___SRSF11_unrelaxed_rank_003_alphafold2_multimer_v3_model_2_seed_000.pdb
HMGB1___SRSF11,4,5,A,B,0.0000,0.0,0.0,0.0000,0.1392,0.0000,0.0000,0.0,0.0,0.1200,68.7,34.0,0.250,0,0,0,0,,,,,215,484,,,,,HMGB1___SRSF11_unrelaxed_rank_004_alphafold2_multimer_v3_model_5_seed_000.pdb
HMGB1___SRSF11,5,4,A,B,0.0000,0.0,0.0,0.0000,0.1031,0.0000,0.0000,0.0,0.0,0.1200,68.0,34.1,0.240,0,0,0,0,,,,,215,484,,,,,HMGB1___SRSF11_unrelaxed_rank_005_alphafold2_multimer_v3_model_4_seed_000.pdb
KHSRP___CDC5L,1,3,A,B,0.0000,0.0,0.0,0.0000,0.3757,0.0000,0.0000,0.0,0.0,0.1800,39.3,59.4,0.260,0,0,0,0,,,,,711,802,,,,,KHSRP___CDC5L_unrelaxed_rank_001_alphafold2_multimer_v3_model_3_seed_000.pdb
KHSRP___CDC5L,2,5,A,B,0.0000,0.0,0.0,0.0000,0.2353,0.0000,0.0000,0.0,0.0,0.1700,40.3,57.2,0.260,0,0,0,0,,,,,711,802,,,,,KHSRP___CDC5L_unrelaxed_rank_002_alphafold2_multimer_v3_model_5_seed_000.pdb
KHSRP___CDC5L,3,1,A,B,0.0000,0.0,0.0,0.0000,0.3236,0.0000,0.0000,0.0,0.0,0.1700,40.4,55.4,0.240,0,0,0,0,,,,,711,802,,,,,KHSRP___CDC5L_unrelaxed_rank_003_alphafold2_multimer_v3_model_1_seed_000.pdb
KHSRP___CDC5L,4,4,A,B,0.0000,0.0,0.0,0.0000,0.2090,0.0000,0.0000,0.0,0.0,0.1700,39.0,52.4,0.240,0,0,0,0,,,,,711,802,,,,,KHSRP___CDC5L_unrelaxed_rank_004_alphafold2_multimer_v3_model_4_seed_000.pdb
KHSRP___CDC5L,5,2,A,B,0.0000,0.0,0.0,0.0000,0.2428,0.0000,0.0000,0.0,0.0,0.1600,41.9,53.4,0.230,0,0,0,0,,,,,711,802,,,,,KHSRP___CDC5L_unrelaxed_rank_005_alphafold2_multimer_v3_model_2_seed_000.pdb
KHSRP___NCL,1,1,A,B,0.0000,0.0,0.0,0.0000,0.1969,0.0000,0.0000,0.0,0.0,0.1700,38.6,43.8,0.230,0,0,0,0,,,,,711,710,,,,,KHSRP___NCL_unrelaxed_rank_001_alphafold2_multimer_v3_model_1_seed_000.pdb
KHSRP___NCL,2,2,A,B,0.0000,0.0,0.0,0.0000,0.1680,0.0000,0.0000,0.0,0.0,0.1700,41.4,43.3,0.220,0,0,0,0,,,,,711,710,,,,,KHSRP___NCL_unrelaxed_rank_002_alphafold2_multimer_v3_model_2_seed_000.pdb
KHSRP___NCL,3,3,A,B,0.0000,0.0,0.0,0.0000,0.1848,0.0000,0.0000,0.0,0.0,0.1600,37.6,43.5,0.230,0,0,0,0,,,,,711,710,,,,,KHSRP___NCL_unrelaxed_rank_003_alphafold2_multimer_v3_model_3_seed_000.pdb
KHSRP___NCL,4,4,A,B,0.0000,0.0,0.0,0.0000,0.1975,0.0000,0.0000,0.0,0.0,0.1600,36.1,42.5,0.230,0,0,0,0,,,,,711,710,,,,,KHSRP___NCL_unrelaxed_rank_004_alphafold2_multimer_v3_model_4_seed_000.pdb
KHSRP___NCL,5,5,A,B,0.0000,0.0,0.0,0.0000,0.1765,0.0000,0.0000,0.0,0.0,0.1600,41.1,45.9,0.230,0,0,0,0,,,,,711,710,,,,,KHSRP___NCL_unrelaxed_rank_005_alphafold2_multimer_v3_model_5_seed_000.pdb
MATR3___SRSF11,1,5,A,B,0.0125,9.8,0.1,0.0000,0.5008,0.0362,0.0043,32.0,3.0,0.2000,44.1,32.0,0.220,3,29,2,3,48.8,88.1,50.2,81.8,847,484,[797-799],"[37,46-47,49-62,81-83,86-92,94,98]",[798-799],"[55-56,94]",MATR3___SRSF11_unrelaxed_rank_001_alphafold2_multimer_v3_model_5_seed_000.pdb
MATR3___SRSF11,2,1,A,B,0.0000,0.0,0.0,0.0000,0.4680,0.0000,0.0000,0.0,0.0,0.1900,41.4,31.3,0.230,0,0,0,0,,,,,847,484,,,,,MATR3___SRSF11_unrelaxed_rank_002_alphafold2_multimer_v3_model_1_seed_000.pdb
MATR3___SRSF11,3,2,A,B,0.0211,11.2,0.2,0.0000,0.5216,0.0229,0.0195,25.0,5.0,0.1900,43.3,33.0,0.220,5,21,2,4,53.7,86.0,48.5,82.1,847,484,"[799-801,805,808]","[47,50-57,59,62,81,83,87-88,90-92,94-95,98]",[799-800],"[56,91,94-95]",MATR3___SRSF11_unrelaxed_rank_003_alphafold2_multimer_v3_model_2_seed_000.pdb
MATR3___SRSF11,4,3,A,B,0.0000,0.0,0.0,0.0000,0.3484,0.0000,0.0000,0.0,0.0,0.1700,42.8,30.9,0.220,0,0,0,0,,,,,847,484,,,,,MATR3___SRSF11_unrelaxed_rank_004_alphafold2_multimer_v3_model_3_seed_000.pdb
MATR3___SRSF11,5,4,A,B,0.0000,0.0,0.0,0.0000,0.2955,0.0000,0.0000,0.0,0.0,0.1700,42.7,32.2,0.210,0,0,0,0,,,,,847,484,,,,,MATR3___SRSF11_unrelaxed_rank_005_alphafold2_multimer_v3_model_4_seed_000.pdb
MATR3___U2SURP,1,1,A,B,0.1181,61.6,7.3,0.0158,0.7296,0.0902,0.1545,253.0,15.0,0.2300,38.4,46.4,0.270,5,117,3,7,33.2,86.3,34.6,83.7,847,1029,[176-180],"[535-553,555-561,563-604,613-618,620-622,624-633,635-636,641,644-645,647-649,651-660,664-674,676]","[176,178-179]","[546-547,579-580,583,585-586]",MATR3___U2SURP_unrelaxed_rank_001_alphafold2_multimer_v3_model_1_seed_000.pdb
MATR3___U2SURP,2,3,A,B,0.0000,0.0,0.0,0.0000,0.2817,0.0000,0.0000,0.0,0.0,0.1900,38.7,47.0,0.270,0,0,0,0,,,,,847,1029,,,,,MATR3___U2SURP_unrelaxed_rank_002_alphafold2_multimer_v3_model_3_seed_000.pdb
MATR3___U2SURP,3,5,A,B,0.0000,0.0,0.0,0.0000,0.2944,0.0000,0.0000,0.0,0.0,0.1900,38.6,47.7,0.270,0,0,0,0,,,,,847,1029,,,,,MATR3___U2SURP_unrelaxed_rank_003_alphafold2_multimer_v3_model_5_seed_000.pdb
MATR3___U2SURP,4,2,A,B,0.0000,0.0,0.0,0.0000,0.2187,0.0000,0.0000,0.0,0.0,0.1800,41.6,49.5,0.280,0,0,0,0,,,,,847,1029,,,,,MATR3___U2SURP_unrelaxed_rank_004_alphafold2_multimer_v3_model_2_seed_000.pdb
MATR3___U2SURP,5,4,A,B,0.0000,0.0,0.0,0.0000,0.2802,0.0000,0.0000,0.0,0.0,0.1800,37.2,45.4,0.260,0,0,0,0,,,,,847,1029,,,,,MATR3___U2SURP_unrelaxed_rank_005_alphafold2_multimer_v3_model_4_seed_000.pdb
MRPL12___CCNT1,1,1,A,B,0.0000,0.0,0.0,0.0000,0.1783,0.0000,0.0000,0.0,0.0,0.1900,37.4,45.2,0.370,0,0,0,0,,,,,198,726,,,,,MRPL12___CCNT1_unrelaxed_rank_001_alphafold2_multimer_v3_model_1_seed_000.pdb
MRPL12___CCNT1,2,4,A,B,0.0000,0.0,0.0,0.0000,0.4080,0.0046,0.0000,1.0,0.0,0.1800,41.7,44.4,0.360,1,1,0,0,28.3,86.4,,,198,726,[98],[176],,,MRPL12___CCNT1_unrelaxed_rank_002_alphafold2_multimer_v3_model_4_seed_000.pdb
MRPL12___CCNT1,3,3,A,B,0.0000,0.0,0.0,0.0000,0.3362,0.0000,0.0000,0.0,0.0,0.1700,41.8,46.1,0.370,0,0,0,0,,,,,198,726,,,,,MRPL12___CCNT1_unrelaxed_rank_003_alphafold2_multimer_v3_model_3_seed_000.pdb
MRPL12___CCNT1,4,2,A,B,0.0000,0.0,0.0,0.0000,0.1308,0.0000,0.0000,0.0,0.0,0.1500,43.3,48.3,0.390,0,0,0,0,,,,,198,726,,,,,MRPL12___CCNT1_unrelaxed_rank_004_alphafold2_multimer_v3_model_2_seed_000.pdb
MRPL12___CCNT1,5,5,A,B,0.0000,0.0,0.0,0.0000,0.1444,0.0000,0.0000,0.0,0.0,0.1400,40.3,45.4,0.370,0,0,0,0,,,,,198,726,,,,,MRPL12___CCNT1_unrelaxed_rank_005_alphafold2_multimer_v3_model_5_seed_000.pdb
MRPL12___RBM33,1,3,A,B,0.1294,86.0,11.1,0.0161,0.6220,0.0967,0.1732,370.0,20.0,0.2700,47.6,26.1,0.200,64,12,7,4,79.6,37.3,78.7,39.9,198,1170,"[130-174,178-191,193-197]",[63-74],"[142-143,146-147,158-159,162]","[67,69,72-73]",MRPL12___RBM33_unrelaxed_rank_001_alphafold2_multimer_v3_model_3_seed_000.pdb
MRPL12___RBM33,2,1,A,B,0.0000,0.0,0.0,0.0000,0.4717,0.0021,0.0000,1.0,0.0,0.2400,48.8,24.4,0.200,1,1,0,0,79.8,34.8,,,198,1170,[163],[72],,,MRPL12___RBM33_unrelaxed_rank_002_alphafold2_multimer_v3_model_1_seed_000.pdb
MRPL12___RBM33,3,5,A,B,0.0000,0.0,0.0,0.0000,0.2914,0.0000,0.0000,0.0,0.0,0.1900,51.9,26.3,0.190,0,0,0,0,,,,,198,1170,,,,,MRPL12___RBM33_unrelaxed_rank_003_alphafold2_multimer_v3_model_5_seed_000.pdb
MRPL12___RBM33,4,2,A,B,0.0000,0.0,0.0,0.0000,0.1401,0.0000,0.0000,0.0,0.0,0.1700,53.6,24.9,0.200,0,0,0,0,,,,,198,1170,,,,,MRPL12___RBM33_unrelaxed_rank_004_alphafold2_multimer_v3_model_2_seed_000.pdb
MRPL12___RBM33,5,4,A,B,0.0000,0.0,0.0,0.0000,0.1361,0.0000,0.0000,0.0,0.0,0.1700,52.2,24.2,0.190,0,0,0,0,,,,,198,1170,,,,,MRPL12___RBM33_unrelaxed_rank_005_alphafold2_multimer_v3_model_4_seed_000.pdb
MRPL12___U2SURP,1,3,A,B,0.0000,0.0,0.0,0.0000,0.2410,0.0000,0.0000,0.0,0.0,0.1900,43.1,50.9,0.300,0,0,0,0,,,,,198,1029,,,,,MRPL12___U2SURP_unrelaxed_rank_001_alphafold2_multimer_v3_model_3_seed_000.pdb
MRPL12___U2SURP,2,4,A,B,0.0000,0.0,0.0,0.0000,0.2031,0.0000,0.0000,0.0,0.0,0.1800,43.5,49.7,0.290,0,0,0,0,,,,,198,1029,,,,,MRPL12___U2SURP_unrelaxed_rank_002_alphafold2_multimer_v3_model_4_seed_000.pdb
MRPL12___U2SURP,3,5,A,B,0.0000,0.0,0.0,0.0000,0.2153,0.0000,0.0000,0.0,0.0,0.1700,42.3,51.3,0.300,0,0,0,0,,,,,198,1029,,,,,MRPL12___U2SURP_unrelaxed_rank_003_alphafold2_multimer_v3_model_5_seed_000.pdb
MRPL12___U2SURP,4,1,A,B,0.0000,0.0,0.0,0.0000,0.1813,0.0000,0.0000,0.0,0.0,0.1700,42.3,52.6,0.290,0,0,0,0,,,,,198,1029,,,,,MRPL12___U2SURP_unrelaxed_rank_004_alphafold2_multimer_v3_model_1_seed_000.pdb
MRPL12___U2SURP,5,2,A,B,0.0000,0.0,0.0,0.0000,0.1627,0.0000,0.0000,0.0,0.0,0.1700,48.7,52.5,0.300,0,0,0,0,,,,,198,1029,,,,,MRPL12___U2SURP_unrelaxed_rank_005_alphafold2_multimer_v3_model_2_seed_000.pdb
NASP___CCAR2,1,1,A,B,0.0543,92.8,5.0,0.0000,0.5805,0.0555,0.0530,210.0,41.0,0.2600,36.9,56.8,0.380,105,14,22,12,87.8,32.8,86.1,31.5,788,923,"[45-46,50-51,53,55,58-63,65-67,69-70,72,74-76,79,87-92,94-95,97-102,512-518,520-521,527-530,542-543,545-547,550-551,553-556,558-559,562-563,565-569,580-582,584-585,587-589,592,594,596,603,606-607,610-611,613-615,618,621,637-646,648-650,652-653]","[140-143,155-159,214-218]","[67,95,98,102,513-514,517,520,580-582,584-585,588-589,592,610,614,641,645,648-649]","[140-143,155-159,215,217-218]",NASP___CCAR2_unrelaxed_rank_001_alphafold2_multimer_v3_model_1_seed_000.pdb
NASP___CCAR2,2,2,A,B,0.1166,177.7,20.7,0.0142,0.6912,0.1008,0.1348,1215.0,26.0,0.2400,38.1,58.9,0.390,200,10,13,7,92.0,31.6,91.3,32.5,788,923,"[40,42-77,79,81-102,514-532,534-626,633-660]",[152-161],"[581-582,584-585,588,614,638,641-642,644-645,648-649]","[153,155-160]",NASP___CCAR2_unrelaxed_rank_002_alphafold2_multimer_v3_model_2_seed_000.pdb
NASP___CCAR2,3,4,A,B,0.0563,116.3,6.5,0.0129,0.6582,0.0418,0.0759,644.0,21.0,0.2300,36.5,56.0,0.380,164,10,11,6,90.3,28.8,89.9,29.6,788,923,"[40,43-55,59-63,65-70,73-74,86-97,99-100,514-515,518-522,525-530,532,534-555,558-596,599-624,634-654,656]",[154-163],"[581-582,584-585,588,614,638,641-642,645,648]",[155-160],NASP___CCAR2_unrelaxed_rank_003_alphafold2_multimer_v3_model_4_seed_000.pdb
NASP___CCAR2,4,3,A,B,0.0000,0.0,0.0,0.0000,0.4516,0.0000,0.0000,0.0,0.0,0.2100,36.9,56.9,0.380,0,0,0,0,,,,,788,923,,,,,NASP___CCAR2_unrelaxed_rank_004_alphafold2_multimer_v3_model_3_seed_000.pdb
NASP___CCAR2,5,5,A,B,0.0000,0.0,0.0,0.0000,0.4317,0.0000,0.0000,0.0,0.0,0.2000,37.3,58.0,0.380,0,0,0,0,,,,,788,923,,,,,NASP___CCAR2_unrelaxed_rank_005_alphafold2_multimer_v3_model_5_seed_000.pdb
NCL___GFP,1,4,A,B,0.0000,0.0,0.0,0.0000,0.1973,0.0000,0.0000,0.0,0.0,0.2200,40.7,82.3,0.330,0,0,0,0,,,,,710,238,,,,,NCL___GFP_unrelaxed_rank_001_alphafold2_multimer_v3_model_4_seed_000.pdb
NCL___GFP,2,5,A,B,0.0000,0.0,0.0,0.0000,0.1603,0.0000,0.0000,0.0,0.0,0.2200,42.5,83.8,0.330,0,0,0,0,,,,,710,238,,,,,NCL___GFP_unrelaxed_rank_002_alphafold2_multimer_v3_model_5_seed_000.pdb
NCL___GFP,3,3,A,B,0.0000,0.0,0.0,0.0000,0.1551,0.0000,0.0000,0.0,0.0,0.2000,42.3,83.8,0.340,0,0,0,0,,,,,710,238,,,,,NCL___GFP_unrelaxed_rank_003_alphafold2_multimer_v3_model_3_seed_000.pdb
NCL___GFP,4,2,A,B,0.0000,0.0,0.0,0.0000,0.1580,0.0000,0.0000,0.0,0.0,0.1900,41.6,87.0,0.330,0,0,0,0,,,,,710,238,,,,,NCL___GFP_unrelaxed_rank_004_alphafold2_multimer_v3_model_2_seed_000.pdb
NCL___GFP,5,1,A,B,0.0000,0.0,0.0,0.0000,0.1409,0.0000,0.0000,0.0,0.0,0.1800,42.3,84.9,0.330,0,0,0,0,,,,,710,238,,,,,NCL___GFP_unrelaxed_rank_005_alphafold2_multimer_v3_model_1_seed_000.pdb
NCL___PTBP1,1,1,A,B,0.0000,0.0,0.0,0.0000,0.1631,0.0000,0.0000,0.0,0.0,0.1700,41.9,61.6,0.280,0,0,0,0,,,,,710,557,,,,,NCL___PTBP1_unrelaxed_rank_001_alphafold2_multimer_v3_model_1_seed_000.pdb
NCL___PTBP1,2,2,A,B,0.0000,0.0,0.0,0.0000,0.1534,0.0000,0.0000,0.0,0.0,0.1600,43.2,66.5,0.280,0,0,0,0,,,,,710,557,,,,,NCL___PTBP1_unrelaxed_rank_002_alphafold2_multimer_v3_model_2_seed_000.pdb
NCL___PTBP1,3,3,A,B,0.0000,0.0,0.0,0.0000,0.1510,0.0000,0.0000,0.0,0.0,0.1500,42.4,63.5,0.280,0,0,0,0,,,,,710,557,,,,,NCL___PTBP1_unrelaxed_rank_003_alphafold2_multimer_v3_model_3_seed_000.pdb
NCL___PTBP1,4,5,A,B,0.0000,0.0,0.0,0.0000,0.1486,0.0000,0.0000,0.0,0.0,0.1500,43.7,66.3,0.270,0,0,0,0,,,,,710,557,,,,,NCL___PTBP1_unrelaxed_rank_004_alphafold2_multimer_v3_model_5_seed_000.pdb
NCL___PTBP1,5,4,A,B,0.0000,0.0,0.0,0.0000,0.1598,0.0000,0.0000,0.0,0.0,0.1500,40.6,61.8,0.270,0,0,0,0,,,,,710,557,,,,,NCL___PTBP1_unrelaxed_rank_005_alphafold2_multimer_v3_model_4_seed_000.pdb
NONO___CDC37,1,1,A,B,0.0000,0.0,0.0,0.0000,0.2030,0.0000,0.0000,0.0,0.0,0.1300,62.9,64.5,0.350,0,0,0,0,,,,,471,378,,,,,NONO___CDC37_unrelaxed_rank_001_alphafold2_multimer_v3_model_1_seed_000.pdb
NONO___CDC37,2,4,A,B,0.0000,0.0,0.0,0.0000,0.1217,0.0000,0.0000,0.0,0.0,0.1300,58.6,63.1,0.340,0,0,0,0,,,,,471,378,,,,,NONO___CDC37_unrelaxed_rank_002_alphafold2_multimer_v3_model_4_seed_000.pdb
NONO___CDC37,3,5,A,B,0.0000,0.0,0.0,0.0000,0.1308,0.0000,0.0000,0.0,0.0,0.1200,60.2,63.7,0.350,0,0,0,0,,,,,471,378,,,,,NONO___CDC37_unrelaxed_rank_003_alphafold2_multimer_v3_model_5_seed_000.pdb
NONO___CDC37,4,2,A,B,0.0000,0.0,0.0,0.0000,0.1858,0.0000,0.0000,0.0,0.0,0.1200,59.4,65.9,0.340,0,0,0,0,,,,,471,378,,,,,NONO___CDC37_unrelaxed_rank_004_alphafold2_multimer_v3_model_2_seed_000.pdb
NONO___CDC37,5,3,A,B,0.0000,0.0,0.0,0.0000,0.0962,0.0000,0.0000,0.0,0.0,0.1100,61.2,64.6,0.360,0,0,0,0,,,,,471,378,,,,,NONO___CDC37_unrelaxed_rank_005_alphafold2_multimer_v3_model_3_seed_000.pdb
NONO___ZNF503,1,3,A,B,0.1368,323.1,44.2,0.0160,0.7509,0.1012,0.1850,3164.0,33.0,0.3700,65.8,23.0,0.360,235,29,13,13,90.1,55.5,81.4,54.3,471,646,"[62-65,67-83,85-135,137-210,212-217,219-260,262-300,302-303]","[58-82,501-504]","[62,120,123-124,127,233-234,237-239,285,289,292]","[62-63,65,68,71-73,75-76,79-80,501,503]",NONO___ZNF503_unrelaxed_rank_001_alphafold2_multimer_v3_model_3_seed_000.pdb
NONO___ZNF503,2,4,A,B,0.0848,49.4,4.2,0.0137,0.5474,0.0620,0.1159,222.0,11.0,0.3500,64.4,21.3,0.330,53,17,6,5,90.5,62.3,91.1,63.1,471,646,"[62-64,66-67,121-123,148,150,152,154-155,157,159-172,174-182,185,188,190-195,200-205,222,224]",[55-71],"[160,162-163,165-166,169]","[58,62-63,67-68]",NONO___ZNF503_unrelaxed_rank_002_alphafold2_multimer_v3_model_4_seed_000.pdb
NONO___ZNF503,3,5,A,B,0.0000,0.0,0.0,0.0000,0.1719,0.0000,0.0000,0.0,0.0,0.1700,65.4,21.3,0.330,0,0,0,0,,,,,471,646,,,,,NONO___ZNF503_unrelaxed_rank_003_alphafold2_multimer_v3_model_5_seed_000.pdb
NONO___ZNF503,4,2,A,B,0.0000,0.0,0.0,0.0000,0.2065,0.0000,0.0000,0.0,0.0,0.1500,67.0,19.5,0.340,0,0,0,0,,,,,471,646,,,,,NONO___ZNF503_unrelaxed_rank_004_alphafold2_multimer_v3_model_2_seed_000.pdb
NONO___ZNF503,5,1,A,B,0.0000,0.0,0.0,0.0000,0.2018,0.0000,0.0000,0.0,0.0,0.1400,67.1,21.0,0.330,0,0,0,0,,,,,471,646,,,,,NONO___ZNF503_unrelaxed_rank_005_alphafold2_multimer_v3_model_1_seed_000.pdb
PCBP2___CHERP,1,2,A,B,0.0000,0.0,0.0,0.0000,0.3569,0.0000,0.0000,0.0,0.0,0.2500,61.1,48.4,0.320,0,0,0,0,,,,,365,916,,,,,PCBP2___CHERP_unrelaxed_rank_001_alphafold2_multimer_v3_model_2_seed_000.pdb
PCBP2___CHERP,2,1,A,B,0.0000,0.0,0.0,0.0000,0.3329,0.0000,0.0000,0.0,0.0,0.2300,55.6,46.5,0.310,0,0,0,0,,,,,365,916,,,,,PCBP2___CHERP_unrelaxed_rank_002_alphafold2_multimer_v3_model_1_seed_000.pdb
PCBP2___CHERP,3,4,A,B,0.0000,0.0,0.0,0.0000,0.3563,0.0000,0.0000,0.0,0.0,0.2100,57.1,47.1,0.310,0,0,0,0,,,,,365,916,,,,,PCBP2___CHERP_unrelaxed_rank_003_alphafold2_multimer_v3_model_4_seed_000.pdb
PCBP2___CHERP,4,3,A,B,0.0000,0.0,0.0,0.0000,0.2533,0.0000,0.0000,0.0,0.0,0.1900,57.7,47.4,0.300,0,0,0,0,,,,,365,916,,,,,PCBP2___CHERP_unrelaxed_rank_004_alphafold2_multimer_v3_model_3_seed_000.pdb
PCBP2___CHERP,5,5,A,B,0.0000,0.0,0.0,0.0000,0.1663,0.0000,0.0000,0.0,0.0,0.1800,59.7,48.0,0.310,0,0,0,0,,,,,365,916,,,,,PCBP2___CHERP_unrelaxed_rank_005_alphafold2_multimer_v3_model_5_seed_000.pdb
PPP1R10___AGAP3,1,4,A,B,0.1932,224.8,43.4,0.0542,0.8401,0.1332,0.2803,1630.0,31.0,0.2500,31.4,59.9,0.280,20,93,8,9,58.3,80.7,57.1,76.6,940,875,[479-498],"[363-377,386-426,571,573-578,581-610]","[486,489-490,492-494,496-497]","[365,367-369,371,392,405,408-409]",PPP1R10___AGAP3_unrelaxed_rank_001_alphafold2_multimer_v3_model_4_seed_000.pdb
PPP1R10___AGAP3,2,1,A,B,0.0000,0.0,0.0,0.0000,0.4406,0.0000,0.0000,0.0,0.0,0.2400,29.9,58.4,0.280,0,0,0,0,,,,,940,875,,,,,PPP1R10___AGAP3_unrelaxed_rank_002_alphafold2_multimer_v3_model_1_seed_000.pdb
PPP1R10___AGAP3,3,2,A,B,0.0000,0.0,0.0,0.0000,0.4356,0.0071,0.0000,1.0,0.0,0.2200,30.5,61.5,0.280,1,1,0,0,32.8,92.8,,,940,875,[211],[229],,,PPP1R10___AGAP3_unrelaxed_rank_003_alphafold2_multimer_v3_model_2_seed_000.pdb
PPP1R10___AGAP3,4,5,A,B,0.0000,0.0,0.0,0.0000,0.2693,0.0000,0.0000,0.0,0.0,0.1900,29.4,60.2,0.280,0,0,0,0,,,,,940,875,,,,,PPP1R10___AGAP3_unrelaxed_rank_004_alphafold2_multimer_v3_model_5_seed_000.pdb
PPP1R10___AGAP3,5,3,A,B,0.0000,0.0,0.0,0.0000,0.3022,0.0000,0.0000,0.0,0.0,0.1900,29.9,58.1,0.280,0,0,0,0,,,,,940,875,,,,,PPP1R10___AGAP3_unrelaxed_rank_005_alphafold2_multimer_v3_model_3_seed_000.pdb
PRMT1___GFP,1,2,A,B,0.0313,9.0,0.3,0.0113,0.3635,0.0348,0.0282,27.0,3.0,0.2900,82.1,87.0,0.610,23,6,3,1,96.6,47.1,92.5,39.4,371,238,"[75,90-92,114,116,126,129-130,133,135,139,141,155-156,181,185,198,289,299-300,303,310]","[171,233,235-238]","[75,299-300]",[236],PRMT1___GFP_unrelaxed_rank_001_alphafold2_multimer_v3_model_2_seed_000.pdb
PRMT1___GFP,2,4,A,B,0.0000,0.0,0.0,0.0000,0.2084,0.0000,0.0000,0.0,0.0,0.2000,80.8,87.0,0.590,0,0,0,0,,,,,371,238,,,,,PRMT1___GFP_unrelaxed_rank_002_alphafold2_multimer_v3_model_4_seed_000.pdb
PRMT1___GFP,3,1,A,B,0.0000,0.0,0.0,0.0000,0.2532,0.0000,0.0000,0.0,0.0,0.2000,80.6,86.0,0.570,0,0,0,0,,,,,371,238,,,,,PRMT1___GFP_unrelaxed_rank_003_alphafold2_multimer_v3_model_1_seed_000.pdb
PRMT1___GFP,4,5,A,B,0.0000,0.0,0.0,0.0000,0.1570,0.0000,0.0000,0.0,0.0,0.1700,82.1,86.7,0.580,0,0,0,0,,,,,371,238,,,,,PRMT1___GFP_unrelaxed_rank_004_alphafold2_multimer_v3_model_5_seed_000.pdb
PRMT1___GFP,5,3,A,B,0.0000,0.0,0.0,0.0000,0.1160,0.0000,0.0000,0.0,0.0,0.1500,80.2,86.9,0.550,0,0,0,0,,,,,371,238,,,,,PRMT1___GFP_unrelaxed_rank_005_alphafold2_multimer_v3_model_3_seed_000.pdb
PRMT1___PDK1,1,2,A,B,0.0077,2.0,0.0,0.0000,0.3722,0.0077,0.0077,2.0,2.0,0.2100,82.4,75.0,0.500,1,2,1,2,35.4,84.4,35.4,84.4,371,436,[15],"[74,78]",[15],"[74,78]",PRMT1___PDK1_unrelaxed_rank_001_alphafold2_multimer_v3_model_2_seed_000.pdb
PRMT1___PDK1,2,1,A,B,0.0000,0.0,0.0,0.0000,0.2677,0.0000,0.0000,0.0,0.0,0.1800,78.9,74.4,0.500,0,0,0,0,,,,,371,436,,,,,PRMT1___PDK1_unrelaxed_rank_002_alphafold2_multimer_v3_model_1_seed_000.pdb
PRMT1___PDK1,3,3,A,B,0.0000,0.0,0.0,0.0000,0.3311,0.0000,0.0000,0.0,0.0,0.1600,80.4,75.5,0.510,0,0,0,0,,,,,371,436,,,,,PRMT1___PDK1_unrelaxed_rank_003_alphafold2_multimer_v3_model_3_seed_000.pdb
PRMT1___PDK1,4,4,A,B,0.0000,0.0,0.0,0.0000,0.2805,0.0000,0.0000,0.0,0.0,0.1500,79.1,75.2,0.500,0,0,0,0,,,,,371,436,,,,,PRMT1___PDK1_unrelaxed_rank_004_alphafold2_multimer_v3_model_4_seed_000.pdb
PRMT1___PDK1,5,5,A,B,0.0000,0.0,0.0,0.0000,0.2069,0.0000,0.0000,0.0,0.0,0.1400,80.9,75.8,0.500,0,0,0,0,,,,,371,436,,,,,PRMT1___PDK1_unrelaxed_rank_005_alphafold2_multimer_v3_model_5_seed_000.pdb
PTBP1___GFP,1,1,A,B,0.0000,0.0,0.0,0.0000,0.1466,0.0000,0.0000,0.0,0.0,0.1500,57.8,87.6,0.390,0,0,0,0,,,,,557,238,,,,,PTBP1___GFP_unrelaxed_rank_001_alphafold2_multimer_v3_model_1_seed_000.pdb
PTBP1___GFP,2,2,A,B,0.0000,0.0,0.0,0.0000,0.1533,0.0000,0.0000,0.0,0.0,0.1500,61.2,86.6,0.390,0,0,0,0,,,,,557,238,,,,,PTBP1___GFP_unrelaxed_rank_002_alphafold2_multimer_v3_model_2_seed_000.pdb
PTBP1___GFP,3,5,A,B,0.0000,0.0,0.0,0.0000,0.1201,0.0000,0.0000,0.0,0.0,0.1400,64.0,88.2,0.360,0,0,0,0,,,,,557,238,,,,,PTBP1___GFP_unrelaxed_rank_003_alphafold2_multimer_v3_model_5_seed_000.pdb
PTBP1___GFP,4,3,A,B,0.0000,0.0,0.0,0.0000,0.1210,0.0000,0.0000,0.0,0.0,0.1300,62.6,87.7,0.360,0,0,0,0,,,,,557,238,,,,,PTBP1___GFP_unrelaxed_rank_004_alphafold2_multimer_v3_model_3_seed_000.pdb
PTBP1___GFP,5,4,A,B,0.0000,0.0,0.0,0.0000,0.1346,0.0000,0.0000,0.0,0.0,0.1300,61.9,88.7,0.370,0,0,0,0,,,,,557,238,,,,,PTBP1___GFP_unrelaxed_rank_005_alphafold2_multimer_v3_model_4_seed_000.pdb
PTBP3___ATP5PD,1,5,A,B,0.0000,0.0,0.0,0.0000,0.1672,0.0000,0.0000,0.0,0.0,0.1700,66.1,65.0,0.340,0,0,0,0,,,,,552,161,,,,,PTBP3___ATP5PD_unrelaxed_rank_001_alphafold2_multimer_v3_model_5_seed_000.pdb
PTBP3___ATP5PD,2,1,A,B,0.0000,0.0,0.0,0.0000,0.1467,0.0000,0.0000,0.0,0.0,0.1400,63.3,37.1,0.340,0,0,0,0,,,,,552,161,,,,,PTBP3___ATP5PD_unrelaxed_rank_002_alphafold2_multimer_v3_model_1_seed_000.pdb
PTBP3___ATP5PD,3,3,A,B,0.0000,0.0,0.0,0.0000,0.1222,0.0000,0.0000,0.0,0.0,0.1200,64.4,71.0,0.330,0,0,0,0,,,,,552,161,,,,,PTBP3___ATP5PD_unrelaxed_rank_003_alphafold2_multimer_v3_model_3_seed_000.pdb
PTBP3___ATP5PD,4,4,A,B,0.0000,0.0,0.0,0.0000,0.1186,0.0000,0.0000,0.0,0.0,0.1100,64.5,63.3,0.330,0,0,0,0,,,,,552,161,,,,,PTBP3___ATP5PD_unrelaxed_rank_004_alphafold2_multimer_v3_model_4_seed_000.pdb
PTBP3___ATP5PD,5,2,A,B,0.0000,0.0,0.0,0.0000,0.1161,0.0000,0.0000,0.0,0.0,0.1100,66.6,63.8,0.340,0,0,0,0,,,,,552,161,,,,,PTBP3___ATP5PD_unrelaxed_rank_005_alphafold2_multimer_v3_model_2_seed_000.pdb
PTBP3___SF1,1,1,A,B,0.0000,0.0,0.0,0.0000,0.2366,0.0000,0.0000,0.0,0.0,0.1700,62.0,34.5,0.280,0,0,0,0,,,,,552,639,,,,,PTBP3___SF1_unrelaxed_rank_001_alphafold2_multimer_v3_model_1_seed_000.pdb
PTBP3___SF1,2,3,A,B,0.0000,0.0,0.0,0.0000,0.2024,0.0000,0.0000,0.0,0.0,0.1500,64.5,36.0,0.280,0,0,0,0,,,,,552,639,,,,,PTBP3___SF1_unrelaxed_rank_002_alphafold2_multimer_v3_model_3_seed_000.pdb
PTBP3___SF1,3,5,A,B,0.0000,0.0,0.0,0.0000,0.1775,0.0000,0.0000,0.0,0.0,0.1500,67.1,36.9,0.280,0,0,0,0,,,,,552,639,,,,,PTBP3___SF1_unrelaxed_rank_003_alphafold2_multimer_v3_model_5_seed_000.pdb
PTBP3___SF1,4,4,A,B,0.0000,0.0,0.0,0.0000,0.1802,0.0000,0.0000,0.0,0.0,0.1500,64.2,35.2,0.280,0,0,0,0,,,,,552,639,,,,,PTBP3___SF1_unrelaxed_rank_004_alphafold2_multimer_v3_model_4_seed_000.pdb
PTBP3___SF1,5,2,A,B,0.0000,0.0,0.0,0.0000,0.1424,0.0000,0.0000,0.0,0.0,0.1500,67.6,36.0,0.280,0,0,0,0,,,,,552,639,,,,,PTBP3___SF1_unrelaxed_rank_005_alphafold2_multimer_v3_model_2_seed_000.pdb
RAVER1___CDC5L,1,1,A,B,0.0000,0.0,0.0,0.0000,0.1838,0.0000,0.0000,0.0,0.0,0.1700,51.4,52.7,0.320,0,0,0,0,,,,,606,802,,,,,RAVER1___CDC5L_unrelaxed_rank_001_alphafold2_multimer_v3_model_1_seed_000.pdb
RAVER1___CDC5L,2,2,A,B,0.0000,0.0,0.0,0.0000,0.1673,0.0000,0.0000,0.0,0.0,0.1600,52.1,50.7,0.320,0,0,0,0,,,,,606,802,,,,,RAVER1___CDC5L_unrelaxed_rank_002_alphafold2_multimer_v3_model_2_seed_000.pdb
RAVER1___CDC5L,3,3,A,B,0.0000,0.0,0.0,0.0000,0.1764,0.0000,0.0000,0.0,0.0,0.1500,51.3,55.5,0.320,0,0,0,0,,,,,606,802,,,,,RAVER1___CDC5L_unrelaxed_rank_003_alphafold2_multimer_v3_model_3_seed_000.pdb
RAVER1___CDC5L,4,5,A,B,0.0000,0.0,0.0,0.0000,0.1543,0.0000,0.0000,0.0,0.0,0.1500,51.1,53.6,0.320,0,0,0,0,,,,,606,802,,,,,RAVER1___CDC5L_unrelaxed_rank_004_alphafold2_multimer_v3_model_5_seed_000.pdb
RAVER1___CDC5L,5,4,A,B,0.0000,0.0,0.0,0.0000,0.1606,0.0000,0.0000,0.0,0.0,0.1500,52.2,49.8,0.320,0,0,0,0,,,,,606,802,,,,,RAVER1___CDC5L_unrelaxed_rank_005_alphafold2_multimer_v3_model_4_seed_000.pdb
RAVER1___SF1,1,4,A,B,0.0000,0.0,0.0,0.0000,0.2911,0.0000,0.0000,0.0,0.0,0.2000,53.1,32.7,0.350,0,0,0,0,,,,,606,639,,,,,RAVER1___SF1_unrelaxed_rank_001_alphafold2_multimer_v3_model_4_seed_000.pdb
RAVER1___SF1,2,1,A,B,0.0000,0.0,0.0,0.0000,0.2094,0.0000,0.0000,0.0,0.0,0.1700,52.7,34.3,0.350,0,0,0,0,,,,,606,639,,,,,RAVER1___SF1_unrelaxed_rank_002_alphafold2_multimer_v3_model_1_seed_000.pdb
RAVER1___SF1,3,3,A,B,0.0000,0.0,0.0,0.0000,0.1840,0.0000,0.0000,0.0,0.0,0.1600,52.3,35.3,0.340,0,0,0,0,,,,,606,639,,,,,RAVER1___SF1_unrelaxed_rank_003_alphafold2_multimer_v3_model_3_seed_000.pdb
RAVER1___SF1,4,2,A,B,0.0000,0.0,0.0,0.0000,0.1783,0.0000,0.0000,0.0,0.0,0.1500,53.3,35.8,0.340,0,0,0,0,,,,,606,639,,,,,RAVER1___SF1_unrelaxed_rank_004_alphafold2_multimer_v3_model_2_seed_000.pdb
RAVER1___SF1,5,5,A,B,0.0000,0.0,0.0,0.0000,0.1808,0.0000,0.0000,0.0,0.0,0.1500,52.4,36.8,0.340,0,0,0,0,,,,,606,639,,,,,RAVER1___SF1_unrelaxed_rank_005_alphafold2_multimer_v3_model_5_seed_000.pdb
RBM4___DNAJA1,1,4,A,B,0.0000,0.0,0.0,0.0000,0.1323,0.0000,0.0000,0.0,0.0,0.1200,40.0,74.8,0.370,0,0,0,0,,,,,364,397,,,,,RBM4___DNAJA1_unrelaxed_rank_001_alphafold2_multimer_v3_model_4_seed_000.pdb
RBM4___DNAJA1,2,1,A,B,0.0000,0.0,0.0,0.0000,0.1167,0.0000,0.0000,0.0,0.0,0.1200,44.7,75.9,0.360,0,0,0,0,,,,,364,397,,,,,RBM4___DNAJA1_unrelaxed_rank_002_alphafold2_multimer_v3_model_1_seed_000.pdb
RBM4___DNAJA1,3,3,A,B,0.0000,0.0,0.0,0.0000,0.1309,0.0000,0.0000,0.0,0.0,0.1200,40.2,73.1,0.360,0,0,0,0,,,,,364,397,,,,,RBM4___DNAJA1_unrelaxed_rank_003_alphafold2_multimer_v3_model_3_seed_000.pdb
RBM4___DNAJA1,4,5,A,B,0.0000,0.0,0.0,0.0000,0.1311,0.0000,0.0000,0.0,0.0,0.1200,42.5,75.0,0.360,0,0,0,0,,,,,364,397,,,,,RBM4___DNAJA1_unrelaxed_rank_004_alphafold2_multimer_v3_model_5_seed_000.pdb
RBM4___DNAJA1,5,2,A,B,0.0000,0.0,0.0,0.0000,0.1126,0.0000,0.0000,0.0,0.0,0.1200,42.2,75.8,0.360,0,0,0,0,,,,,364,397,,,,,RBM4___DNAJA1_unrelaxed_rank_005_alphafold2_multimer_v3_model_2_seed_000.pdb
RBM4___PCCA,1,1,A,B,0.0000,0.0,0.0,0.0000,0.1807,0.0000,0.0000,0.0,0.0,0.1800,38.2,82.7,0.600,0,0,0,0,,,,,364,728,,,,,RBM4___PCCA_unrelaxed_rank_001_alphafold2_multimer_v3_model_1_seed_000.pdb
RBM4___PCCA,2,5,A,B,0.0000,0.0,0.0,0.0000,0.1924,0.0000,0.0000,0.0,0.0,0.1700,38.4,83.2,0.600,0,0,0,0,,,,,364,728,,,,,RBM4___PCCA_unrelaxed_rank_002_alphafold2_multimer_v3_model_5_seed_000.pdb
RBM4___PCCA,3,3,A,B,0.0000,0.0,0.0,0.0000,0.1678,0.0000,0.0000,0.0,0.0,0.1700,38.9,83.1,0.600,0,0,0,0,,,,,364,728,,,,,RBM4___PCCA_unrelaxed_rank_003_alphafold2_multimer_v3_model_3_seed_000.pdb
RBM4___PCCA,4,4,A,B,0.0000,0.0,0.0,0.0000,0.1915,0.0000,0.0000,0.0,0.0,0.1600,36.1,81.3,0.590,0,0,0,0,,,,,364,728,,,,,RBM4___PCCA_unrelaxed_rank_004_alphafold2_multimer_v3_model_4_seed_000.pdb
RBM4___PCCA,5,2,A,B,0.0000,0.0,0.0,0.0000,0.1767,0.0000,0.0000,0.0,0.0,0.1600,39.0,83.7,0.600,0,0,0,0,,,,,364,728,,,,,RBM4___PCCA_unrelaxed_rank_005_alphafold2_multimer_v3_model_2_seed_000.pdb
RPS12___CDC37,1,4,A,B,0.0000,0.0,0.0,0.0000,0.1591,0.0000,0.0000,0.0,0.0,0.2100,68.6,68.9,0.400,0,0,0,0,,,,,132,378,,,,,RPS12___CDC37_unrelaxed_rank_001_alphafold2_multimer_v3_model_4_seed_000.pdb
RPS12___CDC37,2,5,A,B,0.0000,0.0,0.0,0.0000,0.1005,0.0000,0.0000,0.0,0.0,0.1400,63.6,65.8,0.380,0,0,0,0,,,,,132,378,,,,,RPS12___CDC37_unrelaxed_rank_002_alphafold2_multimer_v3_model_5_seed_000.pdb
RPS12___CDC37,3,1,A,B,0.0000,0.0,0.0,0.0000,0.1356,0.0000,0.0000,0.0,0.0,0.1300,73.4,71.8,0.350,0,0,0,0,,,,,132,378,,,,,RPS12___CDC37_unrelaxed_rank_003_alphafold2_multimer_v3_model_1_seed_000.pdb
RPS12___CDC37,4,2,A,B,0.0000,0.0,0.0,0.0000,0.1381,0.0000,0.0000,0.0,0.0,0.1200,69.4,71.2,0.350,0,0,0,0,,,,,132,378,,,,,RPS12___CDC37_unrelaxed_rank_004_alphafold2_multimer_v3_model_2_seed_000.pdb
RPS12___CDC37,5,3,A,B,0.0000,0.0,0.0,0.0000,0.0000,0.0000,0.0000,0.0,0.0,0.1000,69.8,67.4,0.350,0,0,0,0,,,,,132,378,,,,,RPS12___CDC37_unrelaxed_rank_005_alphafold2_multimer_v3_model_3_seed_000.pdb
RPS12___CDC5L,1,4,A,B,0.0000,0.0,0.0,0.0000,0.2293,0.0000,0.0000,0.0,0.0,0.3300,77.7,57.9,0.260,0,0,0,0,,,,,132,802,,,,,RPS12___CDC5L_unrelaxed_rank_001_alphafold2_multimer_v3_model_4_seed_000.pdb
RPS12___CDC5L,2,3,A,B,0.0000,0.0,0.0,0.0000,0.2309,0.0000,0.0000,0.0,0.0,0.2500,80.0,62.7,0.270,0,0,0,0,,,,,132,802,,,,,RPS12___CDC5L_unrelaxed_rank_002_alphafold2_multimer_v3_model_3_seed_000.pdb
RPS12___CDC5L,3,2,A,B,0.0000,0.0,0.0,0.0000,0.1539,0.0000,0.0000,0.0,0.0,0.1700,76.0,60.5,0.250,0,0,0,0,,,,,132,802,,,,,RPS12___CDC5L_unrelaxed_rank_003_alphafold2_multimer_v3_model_2_seed_000.pdb
RPS12___CDC5L,4,1,A,B,0.0000,0.0,0.0,0.0000,0.1177,0.0000,0.0000,0.0,0.0,0.1400,77.9,63.4,0.260,0,0,0,0,,,,,132,802,,,,,RPS12___CDC5L_unrelaxed_rank_004_alphafold2_multimer_v3_model_1_seed_000.pdb
RPS12___CDC5L,5,5,A,B,0.0000,0.0,0.0,0.0000,0.0000,0.0000,0.0000,0.0,0.0,0.1400,78.1,60.2,0.270,0,0,0,0,,,,,132,802,,,,,RPS12___CDC5L_unrelaxed_rank_005_alphafold2_multimer_v3_model_5_seed_000.pdb
SAR1A___LUC7L2,1,5,A,B,0.0000,0.0,0.0,0.0000,0.2013,0.0000,0.0000,0.0,0.0,0.2400,71.3,57.8,0.440,0,0,0,0,,,,,198,392,,,,,SAR1A___LUC7L2_unrelaxed_rank_001_alphafold2_multimer_v3_model_5_seed_000.pdb
SAR1A___LUC7L2,2,2,A,B,0.0000,0.0,0.0,0.0000,0.1511,0.0000,0.0000,0.0,0.0,0.1900,70.1,57.6,0.420,0,0,0,0,,,,,198,392,,,,,SAR1A___LUC7L2_unrelaxed_rank_002_alphafold2_multimer_v3_model_2_seed_000.pdb
SAR1A___LUC7L2,3,1,A,B,0.0000,0.0,0.0,0.0000,0.1364,0.0000,0.0000,0.0,0.0,0.1700,63.5,57.6,0.410,0,0,0,0,,,,,198,392,,,,,SAR1A___LUC7L2_unrelaxed_rank_003_alphafold2_multimer_v3_model_1_seed_000.pdb
SAR1A___LUC7L2,4,4,A,B,0.0000,0.0,0.0,0.0000,0.1112,0.0000,0.0000,0.0,0.0,0.1400,70.9,56.8,0.410,0,0,0,0,,,,,198,392,,,,,SAR1A___LUC7L2_unrelaxed_rank_004_alphafold2_multimer_v3_model_4_seed_000.pdb
SAR1A___LUC7L2,5,3,A,B,0.0000,0.0,0.0,0.0000,0.0931,0.0000,0.0000,0.0,0.0,0.1200,66.3,56.2,0.400,0,0,0,0,,,,,198,392,,,,,SAR1A___LUC7L2_unrelaxed_rank_005_alphafold2_multimer_v3_model_3_seed_000.pdb
SAR1A___MRPL12,1,4,A,B,0.0000,0.0,0.0,0.0000,0.2432,0.0143,0.0000,3.0,0.0,0.1700,78.3,44.0,0.500,2,2,0,0,44.3,53.9,,,198,198,"[4,8]","[83,87]",,,SAR1A___MRPL12_unrelaxed_rank_001_alphafold2_multimer_v3_model_4_seed_000.pdb
SAR1A___MRPL12,2,1,A,B,0.0000,0.0,0.0,0.0000,0.0948,0.0000,0.0000,0.0,0.0,0.1300,72.5,41.2,0.470,0,0,0,0,,,,,198,198,,,,,SAR1A___MRPL12_unrelaxed_rank_002_alphafold2_multimer_v3_model_1_seed_000.pdb
SAR1A___MRPL12,3,5,A,B,0.0000,0.0,0.0,0.0000,0.1567,0.0000,0.0000,0.0,0.0,0.1300,73.0,41.6,0.460,0,0,0,0,,,,,198,198,,,,,SAR1A___MRPL12_unrelaxed_rank_003_alphafold2_multimer_v3_model_5_seed_000.pdb
SAR1A___MRPL12,4,3,A,B,0.0000,0.0,0.0,0.0000,0.1774,0.0000,0.0000,0.0,0.0,0.1200,74.5,43.6,0.460,0,0,0,0,,,,,198,198,,,,,SAR1A___MRPL12_unrelaxed_rank_004_alphafold2_multimer_v3_model_3_seed_000.pdb
SAR1A___MRPL12,5,2,A,B,0.0000,0.0,0.0,0.0000,0.1621,0.0000,0.0000,0.0,0.0,0.1200,73.2,43.3,0.450,0,0,0,0,,,,,198,198,,,,,SAR1A___MRPL12_unrelaxed_rank_005_alphafold2_multimer_v3_model_2_seed_000.pdb
SAR1A___PDK1,1,4,A,B,0.0000,0.0,0.0,0.0000,0.1809,0.0000,0.0000,0.0,0.0,0.2100,65.5,76.6,0.630,0,0,0,0,,,,,198,436,,,,,SAR1A___PDK1_unrelaxed_rank_001_alphafold2_multimer_v3_model_4_seed_000.pdb
SAR1A___PDK1,2,3,A,B,0.0000,0.0,0.0,0.0000,0.1378,0.0000,0.0000,0.0,0.0,0.1800,65.0,75.3,0.610,0,0,0,0,,,,,198,436,,,,,SAR1A___PDK1_unrelaxed_rank_002_alphafold2_multimer_v3_model_3_seed_000.pdb
SAR1A___PDK1,3,1,A,B,0.0000,0.0,0.0,0.0000,0.1238,0.0000,0.0000,0.0,0.0,0.1500,66.7,76.0,0.610,0,0,0,0,,,,,198,436,,,,,SAR1A___PDK1_unrelaxed_rank_003_alphafold2_multimer_v3_model_1_seed_000.pdb
SAR1A___PDK1,4,5,A,B,0.0000,0.0,0.0,0.0000,0.1119,0.0000,0.0000,0.0,0.0,0.1400,68.6,76.1,0.600,0,0,0,0,,,,,198,436,,,,,SAR1A___PDK1_unrelaxed_rank_004_alphafold2_multimer_v3_model_5_seed_000.pdb
SAR1A___PDK1,5,2,A,B,0.0000,0.0,0.0,0.0000,0.1036,0.0000,0.0000,0.0,0.0,0.1200,66.7,74.7,0.590,0,0,0,0,,,,,198,436,,,,,SAR1A___PDK1_unrelaxed_rank_005_alphafold2_multimer_v3_model_2_seed_000.pdb
SET___ANP32A,1,1,A,B,0.0000,0.0,0.0,0.0000,0.2628,0.0116,0.0000,10.0,0.0,0.2600,64.0,64.9,0.410,8,5,0,0,76.1,87.6,,,290,249,"[45-46,49,51-52,55-56,66]","[49,51,53,55,74]",,,SET___ANP32A_unrelaxed_rank_001_alphafold2_multimer_v3_model_1_seed_000.pdb
SET___ANP32A,2,4,A,B,0.0000,0.0,0.0,0.0000,0.1684,0.0000,0.0000,0.0,0.0,0.1400,65.5,66.0,0.390,0,0,0,0,,,,,290,249,,,,,SET___ANP32A_unrelaxed_rank_002_alphafold2_multimer_v3_model_4_seed_000.pdb
SET___ANP32A,3,3,A,B,0.0000,0.0,0.0,0.0000,0.1142,0.0000,0.0000,0.0,0.0,0.1300,65.5,64.3,0.390,0,0,0,0,,,,,290,249,,,,,SET___ANP32A_unrelaxed_rank_003_alphafold2_multimer_v3_model_3_seed_000.pdb
SET___ANP32A,4,5,A,B,0.0000,0.0,0.0,0.0000,0.0805,0.0000,0.0000,0.0,0.0,0.1300,64.4,66.1,0.380,0,0,0,0,,,,,290,249,,,,,SET___ANP32A_unrelaxed_rank_004_alphafold2_multimer_v3_model_5_seed_000.pdb
SET___ANP32A,5,2,A,B,0.0000,0.0,0.0,0.0000,0.1061,0.0000,0.0000,0.0,0.0,0.1100,66.1,65.6,0.380,0,0,0,0,,,,,290,249,,,,,SET___ANP32A_unrelaxed_rank_005_alphafold2_multimer_v3_model_2_seed_000.pdb
SET___KHSRP,1,5,A,B,0.2077,800.8,166.3,0.2190,0.7793,0.1435,0.3006,13359.0,48.0,0.5100,64.5,42.9,0.340,170,74,11,12,84.7,82.3,71.3,85.8,290,711,"[54,57,61-184,198-241]",[322-395],"[91-92,231,233-238,240-241]","[338,341-342,345-347,349-350,353,355-357]",SET___KHSRP_unrelaxed_rank_001_alphafold2_multimer_v3_model_5_seed_000.pdb
SET___KHSRP,2,2,A,B,0.0472,94.5,4.5,0.0109,0.5131,0.0399,0.0558,496.0,18.0,0.2300,62.5,41.3,0.300,118,11,9,5,86.5,42.3,66.8,42.0,290,711,"[44-91,93-102,105-106,109,113-114,116-117,119-128,135-141,144,146-147,149-156,166,169-174,178,203-206,217,219-222,224-230,232]",[74-84],"[59-60,62-67,70]","[77-78,81-82,84]",SET___KHSRP_unrelaxed_rank_002_alphafold2_multimer_v3_model_2_seed_000.pdb
SET___KHSRP,3,3,A,B,0.0115,8.2,0.1,0.0000,0.4317,0.0213,0.0062,68.0,1.0,0.2100,61.0,39.1,0.300,25,6,1,1,78.2,44.2,63.9,44.8,290,711,"[45-58,61,65-66,68,72,76,82-83,85-87]","[76-78,80-81,83]",[66],[81],SET___KHSRP_unrelaxed_rank_003_alphafold2_multimer_v3_model_3_seed_000.pdb
SET___KHSRP,4,1,A,B,0.0000,0.0,0.0,0.0000,0.2614,0.0000,0.0000,0.0,0.0,0.1800,60.9,40.7,0.310,0,0,0,0,,,,,290,711,,,,,SET___KHSRP_unrelaxed_rank_004_alphafold2_multimer_v3_model_1_seed_000.pdb
SET___KHSRP,5,4,A,B,0.0000,0.0,0.0,0.0000,0.1665,0.0000,0.0000,0.0,0.0,0.1600,58.9,36.3,0.290,0,0,0,0,,,,,290,711,,,,,SET___KHSRP_unrelaxed_rank_005_alphafold2_multimer_v3_model_4_seed_000.pdb
SET___SRSF11,1,5,A,B,0.5493,765.6,420.5,0.5082,0.9420,0.4342,0.6948,8141.0,72.0,0.5900,68.3,36.4,0.350,191,31,14,13,87.9,73.5,91.8,84.9,290,484,"[42-186,195-240]",[212-242],"[73,76-77,80-81,83-84,87-88,90-92,228,230]","[218-219,222-223,225-227,229-230,232-233,236-237]",SET___SRSF11_unrelaxed_rank_001_alphafold2_multimer_v3_model_5_seed_000.pdb
SET___SRSF11,2,4,A,B,0.5750,792.4,455.6,0.5425,0.9612,0.4521,0.7312,8262.0,76.0,0.5800,67.4,36.8,0.350,190,38,16,16,85.9,65.4,89.7,76.7,290,484,"[41-186,197-240]","[211-242,264-269]","[63,73,76-77,80-81,83-84,87-88,90-92,219,228,230]","[215,218-219,222-223,225-227,229-230,232-233,236-237,265,267]",SET___SRSF11_unrelaxed_rank_002_alphafold2_multimer_v3_model_4_seed_000.pdb
SET___SRSF11,3,3,A,B,0.4671,777.3,363.1,0.4250,0.8623,0.3697,0.5903,7949.0,76.0,0.5700,68.5,36.3,0.350,190,31,15,13,88.3,73.3,91.6,84.7,290,484,"[42-185,196-241]",[212-242],"[73,76-77,80-81,83-84,87-88,90-92,227-228,230]","[218-219,222-223,225-227,229-230,232-233,236-237]",SET___SRSF11_unrelaxed_rank_003_alphafold2_multimer_v3_model_3_seed_000.pdb
SET___SRSF11,4,1,A,B,0.5144,754.8,388.3,0.4522,0.9264,0.3969,0.6668,7699.0,74.0,0.5700,67.1,36.4,0.350,186,31,14,13,86.8,72.8,90.3,84.5,290,484,"[43-185,197-239]",[212-242],"[73,76-77,80-81,83-84,87-88,90-92,228,230]","[218-219,222-223,225-227,229-230,232-233,236-237]",SET___SRSF11_unrelaxed_rank_004_alphafold2_multimer_v3_model_1_seed_000.pdb
SET___SRSF11,5,2,A,B,0.0000,0.0,0.0,0.0000,0.1108,0.0000,0.0000,0.0,0.0,0.1200,69.1,34.2,0.320,0,0,0,0,,,,,290,484,,,,,SET___SRSF11_unrelaxed_rank_005_alphafold2_multimer_v3_model_2_seed_000.pdb
SET___TLE3,1,2,A,B,0.2412,537.7,129.7,0.0353,0.8578,0.2009,0.2896,3907.0,74.0,0.2700,63.4,55.3,0.430,16,318,10,25,46.0,94.5,47.5,93.5,290,772,[185-200],"[447-453,457-515,521-772]","[188-194,196,198-199]","[488,490,534,536,551-553,576-578,580-581,596-597,619-620,622-623,638,663,704,742-743,745,761]",SET___TLE3_unrelaxed_rank_001_alphafold2_multimer_v3_model_2_seed_000.pdb
SET___TLE3,2,1,A,B,0.1892,413.7,78.3,0.0230,0.7699,0.1474,0.2428,3720.0,46.0,0.2500,61.5,54.5,0.420,16,313,8,19,42.3,93.6,44.5,90.6,290,772,[185-200],"[447-452,458-469,471-515,521-562,565-772]","[190-196,199]","[488,490,534,536,552,577-578,580,596-598,619-620,622,638,663,702,745,761]",SET___TLE3_unrelaxed_rank_002_alphafold2_multimer_v3_model_1_seed_000.pdb
SET___TLE3,3,4,A,B,0.0224,8.3,0.2,0.0000,0.4735,0.0193,0.0258,69.0,1.0,0.2200,59.9,53.5,0.400,3,48,1,1,39.1,94.1,38.7,91.6,290,772,[192-194],"[450,491,511-512,534-535,547,559-560,572,580,585,590,592-593,595,601-605,608,610-614,623-625,632,634-635,638-641,643,645-647,652,654,673,678,685,714,767]",[192],[638],SET___TLE3_unrelaxed_rank_003_alphafold2_multimer_v3_model_4_seed_000.pdb
SET___TLE3,4,5,A,B,0.0556,76.4,4.2,0.0127,0.5963,0.0365,0.0847,972.0,6.0,0.1600,61.1,56.3,0.400,6,273,3,6,26.8,95.2,28.3,92.8,290,772,[15-20],"[448-452,458-461,472-495,500-504,506-513,522-529,531-543,545-562,567-573,575-615,617-627,629-636,638-648,651-669,673-676,678-681,683-687,692-707,709-729,731-771]","[16-17,19]","[532,534,552,578,580,596]",SET___TLE3_unrelaxed_rank_004_alphafold2_multimer_v3_model_5_seed_000.pdb
SET___TLE3,5,3,A,B,0.0000,0.0,0.0,0.0000,0.2839,0.0000,0.0000,0.0,0.0,0.1600,59.7,56.4,0.400,0,0,0,0,,,,,290,772,,,,,SET___TLE3_unrelaxed_rank_005_alphafold2_multimer_v3_model_3_seed_000.pdb
SF1___PSPC1,1,1,A,B,0.0000,0.0,0.0,0.0000,0.3264,0.0000,0.0000,0.0,0.0,0.1900,37.9,60.6,0.320,0,0,0,0,,,,,639,523,,,,,SF1___PSPC1_unrelaxed_rank_001_alphafold2_multimer_v3_model_1_seed_000.pdb
SF1___PSPC1,2,4,A,B,0.0000,0.0,0.0,0.0000,0.1554,0.0000,0.0000,0.0,0.0,0.1500,35.2,58.7,0.310,0,0,0,0,,,,,639,523,,,,,SF1___PSPC1_unrelaxed_rank_002_alphafold2_multimer_v3_model_4_seed_000.pdb
SF1___PSPC1,3,2,A,B,0.0000,0.0,0.0,0.0000,0.1395,0.0000,0.0000,0.0,0.0,0.1500,38.8,60.5,0.320,0,0,0,0,,,,,639,523,,,,,SF1___PSPC1_unrelaxed_rank_003_alphafold2_multimer_v3_model_2_seed_000.pdb
SF1___PSPC1,4,3,A,B,0.0000,0.0,0.0,0.0000,0.1259,0.0000,0.0000,0.0,0.0,0.1500,36.4,59.2,0.320,0,0,0,0,,,,,639,523,,,,,SF1___PSPC1_unrelaxed_rank_004_alphafold2_multimer_v3_model_3_seed_000.pdb
SF1___PSPC1,5,5,A,B,0.0000,0.0,0.0,0.0000,0.1155,0.0000,0.0000,0.0,0.0,0.1300,37.8,59.4,0.320,0,0,0,0,,,,,639,523,,,,,SF1___PSPC1_unrelaxed_rank_005_alphafold2_multimer_v3_model_5_seed_000.pdb
SF1___ZBTB33,1,4,A,B,0.0000,0.0,0.0,0.0000,0.3281,0.0000,0.0000,0.0,0.0,0.1700,34.1,36.7,0.250,0,0,0,0,,,,,639,672,,,,,SF1___ZBTB33_unrelaxed_rank_001_alphafold2_multimer_v3_model_4_seed_000.pdb
SF1___ZBTB33,2,1,A,B,0.0000,0.0,0.0,0.0000,0.1965,0.0000,0.0000,0.0,0.0,0.1700,33.2,34.9,0.230,0,0,0,0,,,,,639,672,,,,,SF1___ZBTB33_unrelaxed_rank_002_alphafold2_multimer_v3_model_1_seed_000.pdb
SF1___ZBTB33,3,3,A,B,0.0000,0.0,0.0,0.0000,0.2015,0.0000,0.0000,0.0,0.0,0.1600,35.1,36.8,0.240,0,0,0,0,,,,,639,672,,,,,SF1___ZBTB33_unrelaxed_rank_003_alphafold2_multimer_v3_model_3_seed_000.pdb
SF1___ZBTB33,4,5,A,B,0.0000,0.0,0.0,0.0000,0.1701,0.0000,0.0000,0.0,0.0,0.1500,36.6,38.6,0.230,0,0,0,0,,,,,639,672,,,,,SF1___ZBTB33_unrelaxed_rank_004_alphafold2_multimer_v3_model_5_seed_000.pdb
SF1___ZBTB33,5,2,A,B,0.0000,0.0,0.0,0.0000,0.1654,0.0000,0.0000,0.0,0.0,0.1500,36.4,38.2,0.230,0,0,0,0,,,,,639,672,,,,,SF1___ZBTB33_unrelaxed_rank_005_alphafold2_multimer_v3_model_2_seed_000.pdb
SF3B2___HMGB1,1,1,A,B,0.0000,0.0,0.0,0.0000,0.2712,0.0000,0.0000,0.0,0.0,0.1900,42.6,63.2,0.210,0,0,0,0,,,,,895,215,,,,,SF3B2___HMGB1_unrelaxed_rank_001_alphafold2_multimer_v3_model_1_seed_000.pdb
SF3B2___HMGB1,2,3,A,B,0.0000,0.0,0.0,0.0000,0.1505,0.0000,0.0000,0.0,0.0,0.1800,45.3,60.9,0.220,0,0,0,0,,,,,895,215,,,,,SF3B2___HMGB1_unrelaxed_rank_002_alphafold2_multimer_v3_model_3_seed_000.pdb
SF3B2___HMGB1,3,2,A,B,0.0000,0.0,0.0,0.0000,0.2072,0.0000,0.0000,0.0,0.0,0.1700,42.2,63.4,0.200,0,0,0,0,,,,,895,215,,,,,SF3B2___HMGB1_unrelaxed_rank_003_alphafold2_multimer_v3_model_2_seed_000.pdb
SF3B2___HMGB1,4,4,A,B,0.0000,0.0,0.0,0.0000,0.1446,0.0000,0.0000,0.0,0.0,0.1600,39.8,61.4,0.240,0,0,0,0,,,,,895,215,,,,,SF3B2___HMGB1_unrelaxed_rank_004_alphafold2_multimer_v3_model_4_seed_000.pdb
SF3B2___HMGB1,5,5,A,B,0.0000,0.0,0.0,0.0000,0.1590,0.0000,0.0000,0.0,0.0,0.1600,43.4,60.3,0.220,0,0,0,0,,,,,895,215,,,,,SF3B2___HMGB1_unrelaxed_rank_005_alphafold2_multimer_v3_model_5_seed_000.pdb
SF3B2___SF3A3,1,3,A,B,0.5180,775.3,401.6,0.3623,0.9625,0.3784,0.7091,9391.0,64.0,0.3800,41.1,77.7,0.320,86,217,17,19,72.0,87.0,76.7,89.5,895,501,"[268-281,447-515,591-593]","[5,7-28,32-57,59-60,110,130-131,134,138-141,143-148,161,163,182-204,206,208-210,213,217-218,221,320-331,333-334,337-338,340-342,345-346,381-478]","[272-273,276-277,280,461-464,466-467,470,472-473,475-477]","[19,23,27,43,50,443-445,448-451,454-455,457-458,461-462,465]",SF3B2___SF3A3_unrelaxed_rank_001_alphafold2_multimer_v3_model_3_seed_000.pdb
SF3B2___SF3A3,2,1,A,B,0.4039,658.3,265.9,0.2131,0.9090,0.2773,0.5884,6566.0,66.0,0.3300,41.3,76.3,0.320,59,86,11,16,76.1,81.7,86.4,89.2,895,501,[449-507],"[383-385,391-473]","[461-464,466-467,472-473,475-477]","[423,443-451,454-455,457-458,461-462]",SF3B2___SF3A3_unrelaxed_rank_002_alphafold2_multimer_v3_model_1_seed_000.pdb
SF3B2___SF3A3,3,5,A,B,0.5510,719.3,396.3,0.3845,0.9622,0.3963,0.7660,8623.0,60.0,0.3100,39.8,76.2,0.310,66,98,12,15,74.6,80.2,86.2,88.4,895,501,[447-512],[380-477],"[461-464,466-467,470,472-473,475-477]","[423,443-445,448-451,454-455,457-458,461-462,465]",SF3B2___SF3A3_unrelaxed_rank_003_alphafold2_multimer_v3_model_5_seed_000.pdb
SF3B2___SF3A3,4,4,A,B,0.5184,756.4,392.2,0.3233,0.9597,0.3579,0.7510,9229.0,62.0,0.3000,36.0,74.3,0.300,85,82,12,16,74.1,80.2,85.7,86.8,895,501,"[450-518,583-598]",[392-473],"[461-464,466-467,470,472-473,475-477]","[423,443-445,447-451,454-455,457-458,461-462,465]",SF3B2___SF3A3_unrelaxed_rank_004_alphafold2_multimer_v3_model_4_seed_000.pdb
SF3B2___SF3A3,5,2,A,B,0.3411,584.6,199.4,0.1476,0.9033,0.2210,0.5263,5512.0,62.0,0.2700,38.9,75.9,0.310,57,80,11,15,74.8,82.2,83.8,87.7,895,501,[450-506],[392-471],"[461-464,466-467,472-473,475-477]","[423,443-445,447-451,454-455,457-458,461-462]",SF3B2___SF3A3_unrelaxed_rank_005_alphafold2_multimer_v3_model_2_seed_000.pdb
SFPQ___ATXN2L,1,2,A,B,0.0000,0.0,0.0,0.0000,0.2666,0.0000,0.0000,0.0,0.0,0.1900,48.9,24.4,0.300,0,0,0,0,,,,,707,1075,,,,,SFPQ___ATXN2L_unrelaxed_rank_001_alphafold2_multimer_v3_model_2_seed_000.pdb
SFPQ___ATXN2L,2,1,A,B,0.0000,0.0,0.0,0.0000,0.1833,0.0000,0.0000,0.0,0.0,0.1700,48.5,23.8,0.290,0,0,0,0,,,,,707,1075,,,,,SFPQ___ATXN2L_unrelaxed_rank_002_alphafold2_multimer_v3_model_1_seed_000.pdb
SFPQ___ATXN2L,3,3,A,B,0.0000,0.0,0.0,0.0000,0.1822,0.0000,0.0000,0.0,0.0,0.1700,48.4,23.6,0.290,0,0,0,0,,,,,707,1075,,,,,SFPQ___ATXN2L_unrelaxed_rank_003_alphafold2_multimer_v3_model_3_seed_000.pdb
SFPQ___ATXN2L,4,5,A,B,0.0000,0.0,0.0,0.0000,0.1664,0.0000,0.0000,0.0,0.0,0.1700,48.1,24.4,0.290,0,0,0,0,,,,,707,1075,,,,,SFPQ___ATXN2L_unrelaxed_rank_004_alphafold2_multimer_v3_model_5_seed_000.pdb
SFPQ___ATXN2L,5,4,A,B,0.0000,0.0,0.0,0.0000,0.1814,0.0000,0.0000,0.0,0.0,0.1600,46.4,23.1,0.280,0,0,0,0,,,,,707,1075,,,,,SFPQ___ATXN2L_unrelaxed_rank_005_alphafold2_multimer_v3_model_4_seed_000.pdb
SFPQ___CHERP,1,1,A,B,0.0000,0.0,0.0,0.0000,0.1678,0.0000,0.0000,0.0,0.0,0.1700,48.0,46.5,0.300,0,0,0,0,,,,,707,916,,,,,SFPQ___CHERP_unrelaxed_rank_001_alphafold2_multimer_v3_model_1_seed_000.pdb
SFPQ___CHERP,2,2,A,B,0.0000,0.0,0.0,0.0000,0.1523,0.0000,0.0000,0.0,0.0,0.1700,47.9,47.8,0.300,0,0,0,0,,,,,707,916,,,,,SFPQ___CHERP_unrelaxed_rank_002_alphafold2_multimer_v3_model_2_seed_000.pdb
SFPQ___CHERP,3,3,A,B,0.0000,0.0,0.0,0.0000,0.1472,0.0000,0.0000,0.0,0.0,0.1600,47.6,45.3,0.290,0,0,0,0,,,,,707,916,,,,,SFPQ___CHERP_unrelaxed_rank_003_alphafold2_multimer_v3_model_3_seed_000.pdb
SFPQ___CHERP,4,5,A,B,0.0000,0.0,0.0,0.0000,0.1577,0.0000,0.0000,0.0,0.0,0.1600,47.1,46.6,0.290,0,0,0,0,,,,,707,916,,,,,SFPQ___CHERP_unrelaxed_rank_004_alphafold2_multimer_v3_model_5_seed_000.pdb
SFPQ___CHERP,5,4,A,B,0.0000,0.0,0.0,0.0000,0.1657,0.0000,0.0000,0.0,0.0,0.1600,45.6,45.8,0.280,0,0,0,0,,,,,707,916,,,,,SFPQ___CHERP_unrelaxed_rank_005_alphafold2_multimer_v3_model_4_seed_000.pdb
SFPQ___PPP1R10,1,1,A,B,0.0000,0.0,0.0,0.0000,0.3642,0.0000,0.0000,0.0,0.0,0.2000,48.7,32.1,0.300,0,0,0,0,,,,,707,940,,,,,SFPQ___PPP1R10_unrelaxed_rank_001_alphafold2_multimer_v3_model_1_seed_000.pdb
SFPQ___PPP1R10,2,2,A,B,0.0000,0.0,0.0,0.0000,0.2922,0.0000,0.0000,0.0,0.0,0.1800,49.1,31.7,0.300,0,0,0,0,,,,,707,940,,,,,SFPQ___PPP1R10_unrelaxed_rank_002_alphafold2_multimer_v3_model_2_seed_000.pdb
SFPQ___PPP1R10,3,3,A,B,0.0000,0.0,0.0,0.0000,0.1857,0.0000,0.0000,0.0,0.0,0.1700,47.6,31.9,0.290,0,0,0,0,,,,,707,940,,,,,SFPQ___PPP1R10_unrelaxed_rank_003_alphafold2_multimer_v3_model_3_seed_000.pdb
SFPQ___PPP1R10,4,5,A,B,0.0000,0.0,0.0,0.0000,0.1902,0.0000,0.0000,0.0,0.0,0.1600,48.0,30.8,0.290,0,0,0,0,,,,,707,940,,,,,SFPQ___PPP1R10_unrelaxed_rank_004_alphafold2_multimer_v3_model_5_seed_000.pdb
SFPQ___PPP1R10,5,4,A,B,0.0000,0.0,0.0,0.0000,0.1970,0.0000,0.0000,0.0,0.0,0.1600,46.8,30.7,0.280,0,0,0,0,,,,,707,940,,,,,SFPQ___PPP1R10_unrelaxed_rank_005_alphafold2_multimer_v3_model_4_seed_000.pdb
SFPQ___RB1,1,2,A,B,0.0000,0.0,0.0,0.0000,0.1579,0.0000,0.0000,0.0,0.0,0.1700,43.1,67.7,0.480,0,0,0,0,,,,,707,928,,,,,SFPQ___RB1_unrelaxed_rank_001_alphafold2_multimer_v3_model_2_seed_000.pdb
SFPQ___RB1,2,4,A,B,0.0000,0.0,0.0,0.0000,0.1823,0.0000,0.0000,0.0,0.0,0.1700,39.3,66.9,0.480,0,0,0,0,,,,,707,928,,,,,SFPQ___RB1_unrelaxed_rank_002_alphafold2_multimer_v3_model_4_seed_000.pdb
SFPQ___RB1,3,1,A,B,0.0000,0.0,0.0,0.0000,0.1722,0.0000,0.0000,0.0,0.0,0.1700,41.8,67.0,0.470,0,0,0,0,,,,,707,928,,,,,SFPQ___RB1_unrelaxed_rank_003_alphafold2_multimer_v3_model_1_seed_000.pdb
SFPQ___RB1,4,5,A,B,0.0000,0.0,0.0,0.0000,0.1700,0.0000,0.0000,0.0,0.0,0.1600,43.6,67.1,0.480,0,0,0,0,,,,,707,928,,,,,SFPQ___RB1_unrelaxed_rank_004_alphafold2_multimer_v3_model_5_seed_000.pdb
SFPQ___RB1,5,3,A,B,0.0000,0.0,0.0,0.0000,0.1714,0.0000,0.0000,0.0,0.0,0.1600,43.9,66.7,0.480,0,0,0,0,,,,,707,928,,,,,SFPQ___RB1_unrelaxed_rank_005_alphafold2_multimer_v3_model_3_seed_000.pdb
SFPQ___RPS12,1,1,A,B,0.0000,0.0,0.0,0.0000,0.0000,0.0000,0.0000,0.0,0.0,0.1500,50.1,80.9,0.370,0,0,0,0,,,,,707,132,,,,,SFPQ___RPS12_unrelaxed_rank_001_alphafold2_multimer_v3_model_1_seed_000.pdb
SFPQ___RPS12,2,3,A,B,0.0000,0.0,0.0,0.0000,0.1156,0.0000,0.0000,0.0,0.0,0.1300,48.9,75.9,0.360,0,0,0,0,,,,,707,132,,,,,SFPQ___RPS12_unrelaxed_rank_002_alphafold2_multimer_v3_model_3_seed_000.pdb
SFPQ___RPS12,3,4,A,B,0.0000,0.0,0.0,0.0000,0.1152,0.0000,0.0000,0.0,0.0,0.1300,46.7,74.0,0.340,0,0,0,0,,,,,707,132,,,,,SFPQ___RPS12_unrelaxed_rank_003_alphafold2_multimer_v3_model_4_seed_000.pdb
SFPQ___RPS12,4,2,A,B,0.0000,0.0,0.0,0.0000,0.0967,0.0000,0.0000,0.0,0.0,0.1300,48.1,79.1,0.360,0,0,0,0,,,,,707,132,,,,,SFPQ___RPS12_unrelaxed_rank_004_alphafold2_multimer_v3_model_2_seed_000.pdb
SFPQ___RPS12,5,5,A,B,0.0000,0.0,0.0,0.0000,0.0000,0.0000,0.0000,0.0,0.0,0.1200,48.1,75.3,0.360,0,0,0,0,,,,,707,132,,,,,SFPQ___RPS12_unrelaxed_rank_005_alphafold2_multimer_v3_model_5_seed_000.pdb
SFPQ___SF3B2,1,2,A,B,0.0000,0.0,0.0,0.0000,0.1665,0.0000,0.0000,0.0,0.0,0.1700,47.8,36.3,0.290,0,0,0,0,,,,,707,895,,,,,SFPQ___SF3B2_unrelaxed_rank_001_alphafold2_multimer_v3_model_2_seed_000.pdb
SFPQ___SF3B2,2,1,A,B,0.0000,0.0,0.0,0.0000,0.2039,0.0000,0.0000,0.0,0.0,0.1700,48.3,37.4,0.290,0,0,0,0,,,,,707,895,,,,,SFPQ___SF3B2_unrelaxed_rank_002_alphafold2_multimer_v3_model_1_seed_000.pdb
SFPQ___SF3B2,3,5,A,B,0.0000,0.0,0.0,0.0000,0.1508,0.0000,0.0000,0.0,0.0,0.1600,47.4,36.3,0.290,0,0,0,0,,,,,707,895,,,,,SFPQ___SF3B2_unrelaxed_rank_003_alphafold2_multimer_v3_model_5_seed_000.pdb
SFPQ___SF3B2,4,4,A,B,0.0000,0.0,0.0,0.0000,0.1457,0.0000,0.0000,0.0,0.0,0.1500,46.2,34.6,0.280,0,0,0,0,,,,,707,895,,,,,SFPQ___SF3B2_unrelaxed_rank_004_alphafold2_multimer_v3_model_4_seed_000.pdb
SFPQ___SF3B2,5,3,A,B,0.0000,0.0,0.0,0.0000,0.1475,0.0000,0.0000,0.0,0.0,0.1500,47.0,37.2,0.290,0,0,0,0,,,,,707,895,,,,,SFPQ___SF3B2_unrelaxed_rank_005_alphafold2_multimer_v3_model_3_seed_000.pdb
SLC3A2___CDC5L,1,1,A,B,0.0000,0.0,0.0,0.0000,0.1759,0.0000,0.0000,0.0,0.0,0.1700,68.5,51.2,0.410,0,0,0,0,,,,,630,802,,,,,SLC3A2___CDC5L_unrelaxed_rank_001_alphafold2_multimer_v3_model_1_seed_000.pdb
SLC3A2___CDC5L,2,2,A,B,0.0000,0.0,0.0,0.0000,0.1710,0.0000,0.0000,0.0,0.0,0.1600,69.4,49.0,0.400,0,0,0,0,,,,,630,802,,,,,SLC3A2___CDC5L_unrelaxed_rank_002_alphafold2_multimer_v3_model_2_seed_000.pdb
SLC3A2___CDC5L,3,3,A,B,0.0000,0.0,0.0,0.0000,0.1594,0.0000,0.0000,0.0,0.0,0.1600,67.5,51.9,0.400,0,0,0,0,,,,,630,802,,,,,SLC3A2___CDC5L_unrelaxed_rank_003_alphafold2_multimer_v3_model_3_seed_000.pdb
SLC3A2___CDC5L,4,4,A,B,0.0000,0.0,0.0,0.0000,0.1852,0.0000,0.0000,0.0,0.0,0.1600,67.6,46.2,0.390,0,0,0,0,,,,,630,802,,,,,SLC3A2___CDC5L_unrelaxed_rank_004_alphafold2_multimer_v3_model_4_seed_000.pdb
SLC3A2___CDC5L,5,5,A,B,0.0000,0.0,0.0,0.0000,0.0000,0.0000,0.0000,0.0,0.0,0.1600,67.3,49.6,0.390,0,0,0,0,,,,,630,802,,,,,SLC3A2___CDC5L_unrelaxed_rank_005_alphafold2_multimer_v3_model_5_seed_000.pdb
SLC3A2___GFP,1,4,A,B,0.0000,0.0,0.0,0.0000,0.1334,0.0000,0.0000,0.0,0.0,0.2000,67.6,84.6,0.550,0,0,0,0,,,,,630,238,,,,,SLC3A2___GFP_unrelaxed_rank_001_alphafold2_multimer_v3_model_4_seed_000.pdb
SLC3A2___GFP,2,1,A,B,0.0000,0.0,0.0,0.0000,0.1423,0.0000,0.0000,0.0,0.0,0.2000,68.8,88.3,0.540,0,0,0,0,,,,,630,238,,,,,SLC3A2___GFP_unrelaxed_rank_002_alphafold2_multimer_v3_model_1_seed_000.pdb
SLC3A2___GFP,3,2,A,B,0.0000,0.0,0.0,0.0000,0.1463,0.0000,0.0000,0.0,0.0,0.1600,68.1,87.3,0.540,0,0,0,0,,,,,630,238,,,,,SLC3A2___GFP_unrelaxed_rank_003_alphafold2_multimer_v3_model_2_seed_000.pdb
SLC3A2___GFP,4,5,A,B,0.0000,0.0,0.0,0.0000,0.1113,0.0000,0.0000,0.0,0.0,0.1600,67.6,87.2,0.530,0,0,0,0,,,,,630,238,,,,,SLC3A2___GFP_unrelaxed_rank_004_alphafold2_multimer_v3_model_5_seed_000.pdb
SLC3A2___GFP,5,3,A,B,0.0000,0.0,0.0,0.0000,0.1275,0.0000,0.0000,0.0,0.0,0.1600,67.7,86.7,0.540,0,0,0,0,,,,,630,238,,,,,SLC3A2___GFP_unrelaxed_rank_005_alphafold2_multimer_v3_model_3_seed_000.pdb
SMAP___CHERP,1,5,A,B,0.0808,64.7,5.2,0.0116,0.5179,0.0760,0.0858,161.0,26.0,0.2600,25.8,51.1,0.320,6,57,6,9,41.6,70.4,41.6,69.8,183,916,[101-106],"[646,648-652,654-663,665,668,671,673,676,681-682,684-686,688-694,696,703-704,706-726]",[101-106],"[688-689,692,709,712-713,715-716,719]",SMAP___CHERP_unrelaxed_rank_001_alphafold2_multimer_v3_model_5_seed_000.pdb
SMAP___CHERP,2,1,A,B,0.0552,69.7,3.8,0.0123,0.5211,0.0479,0.0635,180.0,27.0,0.2400,24.5,50.0,0.320,8,61,6,11,36.8,66.9,37.5,64.3,183,916,[99-106],"[646-663,669,671-676,684-696,702-704,706-719,721-726]",[99-104],"[689-690,692-693,708-709,712-713,715-716,719]",SMAP___CHERP_unrelaxed_rank_002_alphafold2_multimer_v3_model_1_seed_000.pdb
SMAP___CHERP,3,4,A,B,0.0514,41.2,2.1,0.0123,0.5482,0.0403,0.0655,242.0,7.0,0.2300,25.1,50.5,0.340,9,62,5,4,44.8,73.1,44.6,70.5,183,916,[41-49],"[642,645-662,667-696,707-710,712-719,721]","[41,44-47]","[651,653,690,693]",SMAP___CHERP_unrelaxed_rank_003_alphafold2_multimer_v3_model_4_seed_000.pdb
SMAP___CHERP,4,2,A,B,0.0261,3.7,0.1,0.0000,0.4424,0.0322,0.0213,14.0,1.0,0.2000,25.1,50.0,0.320,3,11,1,1,39.7,63.6,38.9,61.0,183,916,[44-46],"[647,650-651,685-686,688-690,692-693,695]",[45],[651],SMAP___CHERP_unrelaxed_rank_004_alphafold2_multimer_v3_model_2_seed_000.pdb
SMAP___CHERP,5,3,A,B,0.0000,0.0,0.0,0.0000,0.2362,0.0000,0.0000,0.0,0.0,0.2000,28.4,50.0,0.310,0,0,0,0,,,,,183,916,,,,,SMAP___CHERP_unrelaxed_rank_005_alphafold2_multimer_v3_model_3_seed_000.pdb
SMAP___CIZ1,1,4,A,B,0.0000,0.0,0.0,0.0000,0.3058,0.0000,0.0000,0.0,0.0,0.1900,26.0,30.0,0.200,0,0,0,0,,,,,183,898,,,,,SMAP___CIZ1_unrelaxed_rank_001_alphafold2_multimer_v3_model_4_seed_000.pdb
SMAP___CIZ1,2,1,A,B,0.0000,0.0,0.0,0.0000,0.2641,0.0000,0.0000,0.0,0.0,0.1900,23.4,27.0,0.200,0,0,0,0,,,,,183,898,,,,,SMAP___CIZ1_unrelaxed_rank_002_alphafold2_multimer_v3_model_1_seed_000.pdb
SMAP___CIZ1,3,3,A,B,0.0000,0.0,0.0,0.0000,0.2956,0.0000,0.0000,0.0,0.0,0.1800,24.4,29.8,0.200,0,0,0,0,,,,,183,898,,,,,SMAP___CIZ1_unrelaxed_rank_003_alphafold2_multimer_v3_model_3_seed_000.pdb
SMAP___CIZ1,4,2,A,B,0.0000,0.0,0.0,0.0000,0.1618,0.0000,0.0000,0.0,0.0,0.1600,26.3,29.2,0.200,0,0,0,0,,,,,183,898,,,,,SMAP___CIZ1_unrelaxed_rank_004_alphafold2_multimer_v3_model_2_seed_000.pdb
SMAP___CIZ1,5,5,A,B,0.0000,0.0,0.0,0.0000,0.1676,0.0000,0.0000,0.0,0.0,0.1400,22.9,30.8,0.200,0,0,0,0,,,,,183,898,,,,,SMAP___CIZ1_unrelaxed_rank_005_alphafold2_multimer_v3_model_5_seed_000.pdb
SRSF11___PTBP1,1,5,A,B,0.5075,360.2,182.8,0.3509,0.9540,0.3986,0.6461,1880.0,69.0,0.2700,32.9,68.5,0.290,16,106,9,14,45.0,87.2,55.1,84.1,484,557,[133-148],[178-283],"[137-144,146]","[193-194,199,202-203,241,244-250,253]",SRSF11___PTBP1_unrelaxed_rank_001_alphafold2_multimer_v3_model_5_seed_000.pdb
SRSF11___PTBP1,2,1,A,B,0.2300,255.9,58.9,0.0790,0.8074,0.1852,0.2857,963.0,68.0,0.2500,30.5,65.5,0.300,10,98,8,17,38.2,82.1,40.5,73.4,484,557,[136-145],[181-278],[137-144],"[193-196,199,202-203,241,244-251,253]",SRSF11___PTBP1_unrelaxed_rank_002_alphafold2_multimer_v3_model_1_seed_000.pdb
SRSF11___PTBP1,3,3,A,B,0.2946,303.3,89.3,0.0735,0.8419,0.2252,0.3854,1333.0,69.0,0.2500,31.8,66.6,0.290,17,100,9,15,39.1,84.7,46.5,77.7,484,557,[132-148],"[180-278,280]","[137-144,146]","[193-194,199,202-203,241,244-251,253]",SRSF11___PTBP1_unrelaxed_rank_003_alphafold2_multimer_v3_model_3_seed_000.pdb
SRSF11___PTBP1,4,4,A,B,0.3011,280.6,84.5,0.1085,0.8764,0.2325,0.3899,1230.0,64.0,0.2500,32.2,67.3,0.290,12,102,8,15,43.3,84.5,47.9,76.3,484,557,[135-146],[180-281],[137-144],"[193-194,199,202-203,241,244-251,253]",SRSF11___PTBP1_unrelaxed_rank_004_alphafold2_multimer_v3_model_4_seed_000.pdb
SRSF11___PTBP1,5,2,A,B,0.0739,38.4,2.8,0.0121,0.5276,0.0820,0.0666,134.0,11.0,0.2000,31.9,68.8,0.300,6,70,2,7,33.2,86.8,36.5,82.2,484,557,[139-144],"[183,185-188,194,196-199,201-208,210-218,220-221,223,225-229,231-248,251-258,260,263,265,268,272-276]",[140-141],"[199,202-203,206,240-241,246]",SRSF11___PTBP1_unrelaxed_rank_005_alphafold2_multimer_v3_model_2_seed_000.pdb
STIP1___CDC5L,1,3,A,B,0.0000,0.0,0.0,0.0000,0.3165,0.0000,0.0000,0.0,0.0,0.1900,76.6,56.9,0.310,0,0,0,0,,,,,543,802,,,,,STIP1___CDC5L_unrelaxed_rank_001_alphafold2_multimer_v3_model_3_seed_000.pdb
STIP1___CDC5L,2,1,A,B,0.0000,0.0,0.0,0.0000,0.1762,0.0000,0.0000,0.0,0.0,0.1600,75.8,56.5,0.290,0,0,0,0,,,,,543,802,,,,,STIP1___CDC5L_unrelaxed_rank_002_alphafold2_multimer_v3_model_1_seed_000.pdb
STIP1___CDC5L,3,2,A,B,0.0000,0.0,0.0,0.0000,0.1442,0.0000,0.0000,0.0,0.0,0.1600,79.8,52.7,0.300,0,0,0,0,,,,,543,802,,,,,STIP1___CDC5L_unrelaxed_rank_003_alphafold2_multimer_v3_model_2_seed_000.pdb
STIP1___CDC5L,4,5,A,B,0.0000,0.0,0.0,0.0000,0.1287,0.0000,0.0000,0.0,0.0,0.1500,75.3,51.9,0.290,0,0,0,0,,,,,543,802,,,,,STIP1___CDC5L_unrelaxed_rank_004_alphafold2_multimer_v3_model_5_seed_000.pdb
STIP1___CDC5L,5,4,A,B,0.0000,0.0,0.0,0.0000,0.0000,0.0000,0.0000,0.0,0.0,0.1500,76.5,50.4,0.290,0,0,0,0,,,,,543,802,,,,,STIP1___CDC5L_unrelaxed_rank_005_alphafold2_multimer_v3_model_4_seed_000.pdb
STIP1___CHERP,1,1,A,B,0.1857,204.9,38.1,0.0158,0.7144,0.1262,0.2734,1614.0,26.0,0.3300,79.5,45.9,0.310,134,14,5,5,91.2,40.8,86.2,42.4,543,916,[222-355],[890-903],"[321,324-325,328-329]","[892,894-895,897-898]",STIP1___CHERP_unrelaxed_rank_001_alphafold2_multimer_v3_model_1_seed_000.pdb
STIP1___CHERP,2,5,A,B,0.0000,0.0,0.0,0.0000,0.1970,0.0000,0.0000,0.0,0.0,0.1700,80.8,45.7,0.300,0,0,0,0,,,,,543,916,,,,,STIP1___CHERP_unrelaxed_rank_002_alphafold2_multimer_v3_model_5_seed_000.pdb
STIP1___CHERP,3,3,A,B,0.0000,0.0,0.0,0.0000,0.1995,0.0000,0.0000,0.0,0.0,0.1700,79.5,45.5,0.300,0,0,0,0,,,,,543,916,,,,,STIP1___CHERP_unrelaxed_rank_003_alphafold2_multimer_v3_model_3_seed_000.pdb
STIP1___CHERP,4,2,A,B,0.0000,0.0,0.0,0.0000,0.1509,0.0000,0.0000,0.0,0.0,0.1700,82.1,47.2,0.300,0,0,0,0,,,,,543,916,,,,,STIP1___CHERP_unrelaxed_rank_004_alphafold2_multimer_v3_model_2_seed_000.pdb
STIP1___CHERP,5,4,A,B,0.0000,0.0,0.0,0.0000,0.2346,0.0000,0.0000,0.0,0.0,0.1700,78.5,43.7,0.300,0,0,0,0,,,,,543,916,,,,,STIP1___CHERP_unrelaxed_rank_005_alphafold2_multimer_v3_model_4_seed_000.pdb
SUGP2___GFP,1,1,A,B,0.3285,733.2,240.8,0.2778,0.8751,0.2410,0.4476,7905.0,68.0,0.7200,38.7,86.4,0.320,29,230,13,14,61.3,88.3,70.0,80.9,1082,238,[651-679],[1-230],"[656,659-660,663-664,666-668,670-671,673-675]","[3-4,6-7,9,12,88-89,114,116-117,190-192]",SUGP2___GFP_unrelaxed_rank_001_alphafold2_multimer_v3_model_1_seed_000.pdb
SUGP2___GFP,2,4,A,B,0.0000,0.0,0.0,0.0000,0.3254,0.0000,0.0000,0.0,0.0,0.2700,35.9,84.3,0.290,0,0,0,0,,,,,1082,238,,,,,SUGP2___GFP_unrelaxed_rank_002_alphafold2_multimer_v3_model_4_seed_000.pdb
SUGP2___GFP,3,3,A,B,0.0000,0.0,0.0,0.0000,0.2632,0.0000,0.0000,0.0,0.0,0.2600,39.1,86.8,0.310,0,0,0,0,,,,,1082,238,,,,,SUGP2___GFP_unrelaxed_rank_003_alphafold2_multimer_v3_model_3_seed_000.pdb
SUGP2___GFP,4,2,A,B,0.0000,0.0,0.0,0.0000,0.2477,0.0000,0.0000,0.0,0.0,0.2500,37.4,87.2,0.300,0,0,0,0,,,,,1082,238,,,,,SUGP2___GFP_unrelaxed_rank_004_alphafold2_multimer_v3_model_2_seed_000.pdb
SUGP2___GFP,5,5,A,B,0.0000,0.0,0.0,0.0000,0.3286,0.0000,0.0000,0.0,0.0,0.2200,37.2,87.8,0.290,0,0,0,0,,,,,1082,238,,,,,SUGP2___GFP_unrelaxed_rank_005_alphafold2_multimer_v3_model_5_seed_000.pdb
SUPT5H___DNAJA1,1,1,A,B,0.0000,0.0,0.0,0.0000,0.4646,0.0088,0.0000,1.0,0.0,0.2600,51.4,68.0,0.280,1,1,0,0,34.3,78.6,,,1087,397,[99],[125],,,SUPT5H___DNAJA1_unrelaxed_rank_001_alphafold2_multimer_v3_model_1_seed_000.pdb
SUPT5H___DNAJA1,2,3,A,B,0.0000,0.0,0.0,0.0000,0.3482,0.0000,0.0000,0.0,0.0,0.2000,50.5,69.5,0.270,0,0,0,0,,,,,1087,397,,,,,SUPT5H___DNAJA1_unrelaxed_rank_002_alphafold2_multimer_v3_model_3_seed_000.pdb
SUPT5H___DNAJA1,3,2,A,B,0.0000,0.0,0.0,0.0000,0.1795,0.0000,0.0000,0.0,0.0,0.1600,51.7,69.8,0.280,0,0,0,0,,,,,1087,397,,,,,SUPT5H___DNAJA1_unrelaxed_rank_003_alphafold2_multimer_v3_model_2_seed_000.pdb
SUPT5H___DNAJA1,4,4,A,B,0.0000,0.0,0.0,0.0000,0.1475,0.0000,0.0000,0.0,0.0,0.1600,49.7,69.6,0.280,0,0,0,0,,,,,1087,397,,,,,SUPT5H___DNAJA1_unrelaxed_rank_004_alphafold2_multimer_v3_model_4_seed_000.pdb
SUPT5H___DNAJA1,5,5,A,B,0.0000,0.0,0.0,0.0000,0.1590,0.0000,0.0000,0.0,0.0,0.1600,51.3,70.9,0.270,0,0,0,0,,,,,1087,397,,,,,SUPT5H___DNAJA1_unrelaxed_rank_005_alphafold2_multimer_v3_model_5_seed_000.pdb
SUPT5H___SF3A3,1,1,A,B,0.0946,412.9,39.1,0.0140,0.7102,0.0672,0.1333,2131.0,80.0,0.3900,50.7,72.3,0.350,62,189,23,27,70.6,86.2,59.0,82.7,1087,501,"[544-546,561-562,564,566,581-601,613-624,637-646,655-666]","[4-29,32-62,67-73,84,87,90-92,94,104-118,124,126-151,159-165,180-204,206-214,216-217,220,320-350,355,357]","[584-587,591-593,618-620,639-641,657-666]","[14,17-18,41-42,44-46,48-49,52,104,106,109-110,113,116,126-127,129-133,141,143-144]",SUPT5H___SF3A3_unrelaxed_rank_001_alphafold2_multimer_v3_model_1_seed_000.pdb
SUPT5H___SF3A3,2,4,A,B,0.0555,95.0,5.3,0.0128,0.6945,0.0355,0.0869,531.0,17.0,0.2300,48.2,68.5,0.310,9,124,5,10,37.9,86.9,38.7,81.8,1087,501,[321-329],"[5-27,33-61,109-110,112-113,116,129-132,136,138-149,160-161,163-164,184-204,206-214,217,322-323,325-327,329-331,334,337-338,340-343]","[322-323,325-327]","[38,41-42,44-46,48-49,113,116]",SUPT5H___SF3A3_unrelaxed_rank_002_alphafold2_multimer_v3_model_4_seed_000.pdb
SUPT5H___SF3A3,3,5,A,B,0.0000,0.0,0.0,0.0000,0.2505,0.0000,0.0000,0.0,0.0,0.1900,49.6,71.0,0.300,0,0,0,0,,,,,1087,501,,,,,SUPT5H___SF3A3_unrelaxed_rank_003_alphafold2_multimer_v3_model_5_seed_000.pdb
SUPT5H___SF3A3,4,2,A,B,0.0000,0.0,0.0,0.0000,0.2234,0.0000,0.0000,0.0,0.0,0.1800,51.0,72.7,0.310,0,0,0,0,,,,,1087,501,,,,,SUPT5H___SF3A3_unrelaxed_rank_004_alphafold2_multimer_v3_model_2_seed_000.pdb
SUPT5H___SF3A3,5,3,A,B,0.0000,0.0,0.0,0.0000,0.2289,0.0000,0.0000,0.0,0.0,0.1800,50.3,72.0,0.310,0,0,0,0,,,,,1087,501,,,,,SUPT5H___SF3A3_unrelaxed_rank_005_alphafold2_multimer_v3_model_3_seed_000.pdb
TLE3___HMGB1,1,1,A,B,0.0206,17.3,0.4,0.0000,0.4154,0.0156,0.0273,75.0,4.0,0.2300,56.1,51.4,0.430,59,5,4,3,93.0,31.8,93.6,30.5,772,215,"[448,487-488,490-491,511-512,524,533-534,546,558-560,568,570,573,577,580-581,590,596,602-605,612,619,623,627,632-634,638,644,646,654,656,661,663,694,698-699,701-702,704-705,710-712,714,720,736,742-743,745-746,762,771]","[82,175-178]","[534,580,663,745]",[175-177],TLE3___HMGB1_unrelaxed_rank_001_alphafold2_multimer_v3_model_1_seed_000.pdb
TLE3___HMGB1,2,5,A,B,0.0461,119.9,5.5,0.0133,0.5449,0.0516,0.0412,898.0,16.0,0.2300,56.0,58.5,0.420,292,4,11,4,94.0,43.3,92.0,43.3,772,215,"[447-452,458-464,466-468,472-490,492-495,498-504,506,508-514,522-527,529,531-536,538-562,566-573,575-648,650-670,672-687,690-704,706-745,747-772]",[1-4],"[490,534,536,580,620,622,638,661,663,702,704]",[1-4],TLE3___HMGB1_unrelaxed_rank_002_alphafold2_multimer_v3_model_5_seed_000.pdb
TLE3___HMGB1,3,3,A,B,0.1341,483.9,64.9,0.0193,0.6792,0.1334,0.1348,3659.0,64.0,0.2200,57.2,58.7,0.430,319,14,31,11,93.4,36.6,88.1,36.8,772,215,"[447-454,456-515,521-562,564-772]",[166-179],"[488,490,505,534,536,552,578,580,594-596,598,619-622,638,661,663,679,702,704,719-720,742-743,745,760-763]","[167-169,171-173,175-179]",TLE3___HMGB1_unrelaxed_rank_003_alphafold2_multimer_v3_model_3_seed_000.pdb
TLE3___HMGB1,4,4,A,B,0.0348,148.2,5.2,0.0115,0.4564,0.0305,0.0396,915.0,24.0,0.2200,54.3,55.2,0.420,257,7,15,7,92.9,30.6,91.1,30.6,772,215,"[448-450,473,477-495,499-504,506,508-514,522-529,531-550,552-561,566-573,575-615,617-627,629-636,638-648,652,654-665,667-669,673-680,683-687,693-705,707-718,720-729,731-746,748-759,761-771]",[170-176],"[490,534,536-537,552,578,580-581,596,622-623,663,704,743,745]",[170-176],TLE3___HMGB1_unrelaxed_rank_004_alphafold2_multimer_v3_model_4_seed_000.pdb
TLE3___HMGB1,5,2,A,B,0.0000,0.0,0.0,0.0000,0.3871,0.0052,0.0000,2.0,0.0,0.1800,55.6,53.9,0.420,2,1,0,0,94.7,27.1,,,772,215,"[502,638]",[178],,,TLE3___HMGB1_unrelaxed_rank_005_alphafold2_multimer_v3_model_2_seed_000.pdb
TLE3___RPS12,1,3,A,B,0.0000,0.0,0.0,0.0000,0.3416,0.0000,0.0000,0.0,0.0,0.3000,57.5,75.7,0.450,0,0,0,0,,,,,772,132,,,,,TLE3___RPS12_unrelaxed_rank_001_alphafold2_multimer_v3_model_3_seed_000.pdb
TLE3___RPS12,2,2,A,B,0.0000,0.0,0.0,0.0000,0.3124,0.0000,0.0000,0.0,0.0,0.2800,56.2,76.5,0.450,0,0,0,0,,,,,772,132,,,,,TLE3___RPS12_unrelaxed_rank_002_alphafold2_multimer_v3_model_2_seed_000.pdb
TLE3___RPS12,3,1,A,B,0.0000,0.0,0.0,0.0000,0.2703,0.0000,0.0000,0.0,0.0,0.2400,56.0,70.5,0.440,0,0,0,0,,,,,772,132,,,,,TLE3___RPS12_unrelaxed_rank_003_alphafold2_multimer_v3_model_1_seed_000.pdb
TLE3___RPS12,4,4,A,B,0.0000,0.0,0.0,0.0000,0.1893,0.0000,0.0000,0.0,0.0,0.2200,55.4,71.0,0.440,0,0,0,0,,,,,772,132,,,,,TLE3___RPS12_unrelaxed_rank_004_alphafold2_multimer_v3_model_4_seed_000.pdb
TLE3___RPS12,5,5,A,B,0.0000,0.0,0.0,0.0000,0.1642,0.0000,0.0000,0.0,0.0,0.1900,56.2,75.6,0.440,0,0,0,0,,,,,772,132,,,,,TLE3___RPS12_unrelaxed_rank_005_alphafold2_multimer_v3_model_5_seed_000.pdb
TLE3___SAFB,1,2,A,B,0.4016,972.3,390.4,0.3222,0.9703,0.3356,0.4805,6565.0,144.0,0.3000,57.4,31.1,0.340,336,100,31,26,93.6,72.8,85.3,68.5,772,915,"[242-259,447-453,457-515,521-772]","[403-485,561-577]","[246-255,488,490,534,536,552,577-578,580,596,619-620,622,638,661,663,702,704,720,743,745,761]","[418-420,422-423,432-442,562-566,570-573,575]",TLE3___SAFB_unrelaxed_rank_001_alphafold2_multimer_v3_model_2_seed_000.pdb
TLE3___SAFB,2,4,A,B,0.3888,958.3,372.6,0.2429,0.9572,0.3269,0.4625,6205.0,148.0,0.2900,54.7,28.1,0.330,331,97,29,26,91.4,70.1,78.2,64.0,772,915,"[244-257,447-454,456-515,521-562,565-670,672-772]","[404-484,562-577]","[246-255,488,490,534,552,580,596,619-620,622,638,661,663,679,702,704,720,743,745,761]","[418-420,422-423,432-442,444,562-564,566,570-573,575]",TLE3___SAFB_unrelaxed_rank_002_alphafold2_multimer_v3_model_4_seed_000.pdb
TLE3___SAFB,3,1,A,B,0.2819,983.8,277.3,0.1765,0.9090,0.2316,0.3432,5289.0,183.0,0.2800,55.4,28.6,0.330,361,129,42,41,88.3,66.5,72.3,61.4,772,915,"[24,26-32,34,36-63,66,245-257,447-452,458-464,466-468,471-515,521-562,566-772]","[404-483,563-576,648,659,663-666,668-695,697]","[26,46-47,49-51,53-54,57-58,61,246-255,488,490,532,534,536,552,578,580,596,619-620,622,638,661,663,702,704,720,743,745,761]","[418-420,422-423,431-442,451,563-566,568-573,575,648,669-670,672-674,676-677,679-680,683-684]",TLE3___SAFB_unrelaxed_rank_003_alphafold2_multimer_v3_model_1_seed_000.pdb
TLE3___SAFB,4,5,A,B,0.3328,1422.9,473.5,0.2555,0.9603,0.2419,0.4578,7847.0,258.0,0.2800,56.9,30.3,0.340,367,167,56,56,88.3,70.8,73.0,67.3,772,915,"[19-76,244-257,447-452,458-461,463-464,467-468,472-514,522-562,566-614,617-648,652-670,672-687,692-772]","[217-221,404-484,564-575,626,628-695]","[22-23,25-26,29-30,32-33,36-37,39-40,43-44,46-47,50-51,53-54,57-58,60-61,64-65,68,246-255,488,490,532,534,536,552,578,580,596,619-620,622,638,663,702,704,720,743,745]","[218,418-420,422-423,431-443,448,564,566,568,570-573,575,638,641-642,644-645,648-649,651-652,655-656,658-659,662-663,665-666,669-670,672-673,676-677,679-680,683-684,687]",TLE3___SAFB_unrelaxed_rank_004_alphafold2_multimer_v3_model_5_seed_000.pdb
TLE3___SAFB,5,3,A,B,0.2809,1617.5,454.4,0.2563,0.9611,0.2096,0.3765,9053.0,289.0,0.2700,57.1,30.6,0.340,371,168,63,62,87.5,67.9,75.2,63.7,772,915,"[20-73,75-76,244-258,447-452,458-461,463-464,468,472-496,498-514,522-562,565-648,650-670,673-687,689-772]","[215-222,403-485,563-576,632-694]","[22-23,25-26,29-30,32-33,36-37,39-40,43-44,46-47,50-51,53-54,57-58,60-61,64,68,246-255,488,490,532-534,536,551-552,578,580,596,598,619-622,637-638,661,663,679,702,704,720,743,745,761]","[217-218,221,417-423,431-444,563-566,568,570-573,575,637-638,641-642,644-645,648-649,651-652,655-656,658-659,662-663,665-666,669-670,672-673,676-677,679-680,683,687]",TLE3___SAFB_unrelaxed_rank_005_alphafold2_multimer_v3_model_3_seed_000.pdb
TLE3___SF3A3,1,5,A,B,0.1129,456.6,51.5,0.0154,0.6530,0.1065,0.1196,3860.0,54.0,0.2600,53.8,74.2,0.390,307,22,23,15,91.3,46.6,82.5,46.6,772,501,"[447-452,458-464,466-468,471-515,521-562,565-648,651-670,672-687,689-772]","[383-388,390-404,417]","[488,490,534,536,552,578,580,596-597,620,622,638,661,663,678-679,700,702,704,720,743,745,761]","[386-388,390,392-396,398-401,403-404]",TLE3___SF3A3_unrelaxed_rank_001_alphafold2_multimer_v3_model_5_seed_000.pdb
TLE3___SF3A3,2,1,A,B,0.1647,461.0,75.9,0.0199,0.7463,0.1347,0.2014,3729.0,57.0,0.2500,53.6,71.1,0.380,312,34,22,13,91.4,60.8,82.5,47.4,772,501,"[353,447-452,458-464,466-468,471-515,521-562,565-772]","[6-9,13,41,45-46,57,60,190,340-341,383-386,388,390-404,418]","[353,488,490,534,536,552,578,580,596,620,622,638,661,663,679,701-702,704,720,743,745,761]","[45,386,390,392-393,395-396,398-401,403-404]",TLE3___SF3A3_unrelaxed_rank_002_alphafold2_multimer_v3_model_1_seed_000.pdb
TLE3___SF3A3,3,2,A,B,0.1237,408.8,50.6,0.0167,0.6941,0.1074,0.1425,3633.0,46.0,0.2400,54.5,74.0,0.380,311,20,20,10,93.3,47.1,88.4,45.8,772,501,"[447-452,458-464,466-468,471-515,521-562,565-772]","[383,386,391-404,417-420]","[488,490,505,534,536,552,578,580,596,620,622,638,661,663,702,704,720,743,745,761]","[392-396,398-401,403]",TLE3___SF3A3_unrelaxed_rank_003_alphafold2_multimer_v3_model_2_seed_000.pdb
TLE3___SF3A3,4,3,A,B,0.0575,312.5,18.0,0.0129,0.6066,0.0484,0.0683,2441.0,40.0,0.2200,54.0,73.5,0.380,291,13,19,10,92.0,48.3,86.1,47.8,772,501,"[447-452,459-461,463-464,468,472-495,498-514,522-527,529-562,567-573,575-615,617-648,651-670,672-687,689,692-772]","[383,390,392-402]","[488,490,533-534,536,552,577-578,580,596,622,638,663,702,704,720,743,745,761]","[390,392-396,398-401]",TLE3___SF3A3_unrelaxed_rank_004_alphafold2_multimer_v3_model_3_seed_000.pdb
TLE3___SF3A3,5,4,A,B,0.0855,468.3,40.1,0.0178,0.6909,0.0786,0.0930,3481.0,63.0,0.2000,52.2,71.0,0.370,307,19,32,12,90.7,40.9,82.7,40.6,772,501,"[447-453,458-464,466-468,471-515,521-562,565-649,652-670,673-687,689-772]","[383-387,390-403]","[488,490,533-534,536,551-553,577-580,595-597,619-622,638,663,679,702-704,719-720,742-745,761]","[385-387,390-391,393-396,398-400]",TLE3___SF3A3_unrelaxed_rank_005_alphafold2_multimer_v3_model_4_seed_000.pdb
TXN___CDC37,1,3,A,B,0.0000,0.0,0.0,0.0000,0.1340,0.0000,0.0000,0.0,0.0,0.1700,84.6,66.8,0.430,0,0,0,0,,,,,105,378,,,,,TXN___CDC37_unrelaxed_rank_001_alphafold2_multimer_v3_model_3_seed_000.pdb
TXN___CDC37,2,1,A,B,0.0000,0.0,0.0,0.0000,0.1386,0.0000,0.0000,0.0,0.0,0.1600,84.6,70.4,0.430,0,0,0,0,,,,,105,378,,,,,TXN___CDC37_unrelaxed_rank_002_alphafold2_multimer_v3_model_1_seed_000.pdb
TXN___CDC37,3,5,A,B,0.0000,0.0,0.0,0.0000,0.1294,0.0000,0.0000,0.0,0.0,0.1400,83.9,65.9,0.420,0,0,0,0,,,,,105,378,,,,,TXN___CDC37_unrelaxed_rank_003_alphafold2_multimer_v3_model_5_seed_000.pdb
TXN___CDC37,4,4,A,B,0.0000,0.0,0.0,0.0000,0.0950,0.0000,0.0000,0.0,0.0,0.1200,84.3,68.7,0.410,0,0,0,0,,,,,105,378,,,,,TXN___CDC37_unrelaxed_rank_004_alphafold2_multimer_v3_model_4_seed_000.pdb
TXN___CDC37,5,2,A,B,0.0000,0.0,0.0,0.0000,0.1044,0.0000,0.0000,0.0,0.0,0.1100,86.5,70.0,0.420,0,0,0,0,,,,,105,378,,,,,TXN___CDC37_unrelaxed_rank_005_alphafold2_multimer_v3_model_2_seed_000.pdb
TXN___CHERP,1,1,A,B,0.0000,0.0,0.0,0.0000,0.2448,0.0000,0.0000,0.0,0.0,0.2900,85.5,47.8,0.340,0,0,0,0,,,,,105,916,,,,,TXN___CHERP_unrelaxed_rank_001_alphafold2_multimer_v3_model_1_seed_000.pdb
TXN___CHERP,2,4,A,B,0.0000,0.0,0.0,0.0000,0.1762,0.0000,0.0000,0.0,0.0,0.2400,82.6,47.9,0.320,0,0,0,0,,,,,105,916,,,,,TXN___CHERP_unrelaxed_rank_002_alphafold2_multimer_v3_model_4_seed_000.pdb
TXN___CHERP,3,3,A,B,0.0000,0.0,0.0,0.0000,0.2451,0.0000,0.0000,0.0,0.0,0.2300,85.7,48.8,0.330,0,0,0,0,,,,,105,916,,,,,TXN___CHERP_unrelaxed_rank_003_alphafold2_multimer_v3_model_3_seed_000.pdb
TXN___CHERP,4,2,A,B,0.0000,0.0,0.0,0.0000,0.1529,0.0000,0.0000,0.0,0.0,0.1700,88.1,47.7,0.330,0,0,0,0,,,,,105,916,,,,,TXN___CHERP_unrelaxed_rank_004_alphafold2_multimer_v3_model_2_seed_000.pdb
TXN___CHERP,5,5,A,B,0.0000,0.0,0.0,0.0000,0.1441,0.0000,0.0000,0.0,0.0,0.1600,87.3,47.8,0.320,0,0,0,0,,,,,105,916,,,,,TXN___CHERP_unrelaxed_rank_005_alphafold2_multimer_v3_model_5_seed_000.pdb
TXN___FUBP3,1,4,A,B,0.0000,0.0,0.0,0.0000,0.1903,0.0000,0.0000,0.0,0.0,0.2000,84.6,46.0,0.260,0,0,0,0,,,,,105,572,,,,,TXN___FUBP3_unrelaxed_rank_001_alphafold2_multimer_v3_model_4_seed_000.pdb
TXN___FUBP3,2,1,A,B,0.0000,0.0,0.0,0.0000,0.1583,0.0000,0.0000,0.0,0.0,0.1900,86.0,49.7,0.260,0,0,0,0,,,,,105,572,,,,,TXN___FUBP3_unrelaxed_rank_002_alphafold2_multimer_v3_model_1_seed_000.pdb
TXN___FUBP3,3,5,A,B,0.0000,0.0,0.0,0.0000,0.1432,0.0000,0.0000,0.0,0.0,0.1600,87.3,48.8,0.250,0,0,0,0,,,,,105,572,,,,,TXN___FUBP3_unrelaxed_rank_003_alphafold2_multimer_v3_model_5_seed_000.pdb
TXN___FUBP3,4,3,A,B,0.0000,0.0,0.0,0.0000,0.1319,0.0000,0.0000,0.0,0.0,0.1500,86.0,46.9,0.250,0,0,0,0,,,,,105,572,,,,,TXN___FUBP3_unrelaxed_rank_004_alphafold2_multimer_v3_model_3_seed_000.pdb
TXN___FUBP3,5,2,A,B,0.0000,0.0,0.0,0.0000,0.1267,0.0000,0.0000,0.0,0.0,0.1400,86.8,49.2,0.250,0,0,0,0,,,,,105,572,,,,,TXN___FUBP3_unrelaxed_rank_005_alphafold2_multimer_v3_model_2_seed_000.pdb
TXN___GFP,1,1,A,B,0.0000,0.0,0.0,0.0000,0.1181,0.0065,0.0000,3.0,0.0,0.1600,83.0,87.1,0.660,3,1,0,0,84.1,92.5,,,105,238,"[54,71,77]",[62],,,TXN___GFP_unrelaxed_rank_001_alphafold2_multimer_v3_model_1_seed_000.pdb
TXN___GFP,2,2,A,B,0.0000,0.0,0.0,0.0000,0.1411,0.0000,0.0000,0.0,0.0,0.1600,85.2,87.9,0.660,0,0,0,0,,,,,105,238,,,,,TXN___GFP_unrelaxed_rank_002_alphafold2_multimer_v3_model_2_seed_000.pdb
TXN___GFP,3,4,A,B,0.0000,0.0,0.0,0.0000,0.1047,0.0126,0.0000,6.0,0.0,0.1600,84.7,87.7,0.670,3,4,0,0,78.5,93.0,,,105,238,"[36,70,98]","[60-61,63-64]",,,TXN___GFP_unrelaxed_rank_003_alphafold2_multimer_v3_model_4_seed_000.pdb
TXN___GFP,4,5,A,B,0.0000,0.0,0.0,0.0000,0.1039,0.0000,0.0000,0.0,0.0,0.1600,84.0,87.4,0.660,0,0,0,0,,,,,105,238,,,,,TXN___GFP_unrelaxed_rank_004_alphafold2_multimer_v3_model_5_seed_000.pdb
TXN___GFP,5,3,A,B,0.0000,0.0,0.0,0.0000,0.1078,0.0000,0.0000,0.0,0.0,0.1400,85.2,88.0,0.650,0,0,0,0,,,,,105,238,,,,,TXN___GFP_unrelaxed_rank_005_alphafold2_multimer_v3_model_3_seed_000.pdb
TXN___SF1,1,3,A,B,0.3432,640.3,219.8,0.2075,0.7572,0.2890,0.4076,4183.0,98.0,0.7400,88.2,41.1,0.260,105,29,23,13,88.2,63.0,83.4,63.4,105,639,[1-105],[270-298],"[27,29,32-35,37,59-60,63,66-67,70-76,90-93]","[271-274,276-277,286-288,290-293]",TXN___SF1_unrelaxed_rank_001_alphafold2_multimer_v3_model_3_seed_000.pdb
TXN___SF1,2,2,A,B,0.0000,0.0,0.0,0.0000,0.3092,0.0000,0.0000,0.0,0.0,0.3400,88.3,39.7,0.260,0,0,0,0,,,,,105,639,,,,,TXN___SF1_unrelaxed_rank_002_alphafold2_multimer_v3_model_2_seed_000.pdb
TXN___SF1,3,4,A,B,0.0000,0.0,0.0,0.0000,0.2378,0.0000,0.0000,0.0,0.0,0.2800,83.6,38.7,0.260,0,0,0,0,,,,,105,639,,,,,TXN___SF1_unrelaxed_rank_003_alphafold2_multimer_v3_model_4_seed_000.pdb
TXN___SF1,4,5,A,B,0.0000,0.0,0.0,0.0000,0.1956,0.0000,0.0000,0.0,0.0,0.1800,86.1,38.6,0.250,0,0,0,0,,,,,105,639,,,,,TXN___SF1_unrelaxed_rank_004_alphafold2_multimer_v3_model_5_seed_000.pdb
TXN___SF1,5,1,A,B,0.0000,0.0,0.0,0.0000,0.1596,0.0000,0.0000,0.0,0.0,0.1500,86.8,38.7,0.240,0,0,0,0,,,,,105,639,,,,,TXN___SF1_unrelaxed_rank_005_alphafold2_multimer_v3_model_1_seed_000.pdb
U2SURP___SF3A3,1,3,A,B,0.0564,64.6,3.6,0.0121,0.5999,0.0586,0.0543,379.0,11.0,0.3100,47.1,74.7,0.330,6,143,4,7,39.1,89.8,41.1,86.2,1029,501,[228-233],"[4-29,32-62,67-73,84,87-88,94-95,105-118,129-131,134,138,140-141,144-148,161,185-188,191-197,199-204,206,208-214,216-218,221,320-321,323-327,329-334,337-338,340-341,345]",[228-231],"[14,45-46,49,109,112-113]",U2SURP___SF3A3_unrelaxed_rank_001_alphafold2_multimer_v3_model_3_seed_000.pdb
U2SURP___SF3A3,2,1,A,B,0.0860,66.5,5.7,0.0124,0.6142,0.0714,0.1036,260.0,17.0,0.3100,48.0,72.2,0.310,5,128,5,6,40.2,88.6,40.2,85.3,1029,501,[229-233],"[5-29,32-62,69,71,105-118,129-131,138-140,143-145,147-148,184,186-202,206,208-216,219,323-324,326-327,329-334,336-338,340-342]",[229-233],"[42,45-46,49,109,113]",U2SURP___SF3A3_unrelaxed_rank_002_alphafold2_multimer_v3_model_1_seed_000.pdb
U2SURP___SF3A3,3,4,A,B,0.0174,3.5,0.1,0.0000,0.5214,0.0121,0.0250,12.0,1.0,0.2800,45.9,72.2,0.310,3,11,1,1,35.7,87.9,34.7,75.1,1029,501,[229-231],"[9,11,13,15,17,23,40,46,58,61,109]",[229],[109],U2SURP___SF3A3_unrelaxed_rank_003_alphafold2_multimer_v3_model_4_seed_000.pdb
U2SURP___SF3A3,4,5,A,B,0.0000,0.0,0.0,0.0000,0.3468,0.0000,0.0000,0.0,0.0,0.2400,47.2,74.2,0.320,0,0,0,0,,,,,1029,501,,,,,U2SURP___SF3A3_unrelaxed_rank_004_alphafold2_multimer_v3_model_5_seed_000.pdb
U2SURP___SF3A3,5,2,A,B,0.0000,0.0,0.0,0.0000,0.1494,0.0000,0.0000,0.0,0.0,0.1700,47.9,74.7,0.310,0,0,0,0,,,,,1029,501,,,,,U2SURP___SF3A3_unrelaxed_rank_005_alphafold2_multimer_v3_model_2_seed_000.pdb
XRN2___PRDX1,1,4,A,B,0.0000,0.0,0.0,0.0000,0.1488,0.0000,0.0000,0.0,0.0,0.1800,69.2,76.3,0.630,0,0,0,0,,,,,950,199,,,,,XRN2___PRDX1_unrelaxed_rank_001_alphafold2_multimer_v3_model_4_seed_000.pdb
XRN2___PRDX1,2,5,A,B,0.0000,0.0,0.0,0.0000,0.1503,0.0000,0.0000,0.0,0.0,0.1700,70.6,83.2,0.640,0,0,0,0,,,,,950,199,,,,,XRN2___PRDX1_unrelaxed_rank_002_alphafold2_multimer_v3_model_5_seed_000.pdb
XRN2___PRDX1,3,3,A,B,0.0000,0.0,0.0,0.0000,0.1522,0.0000,0.0000,0.0,0.0,0.1800,68.7,82.4,0.630,0,0,0,0,,,,,950,199,,,,,XRN2___PRDX1_unrelaxed_rank_003_alphafold2_multimer_v3_model_3_seed_000.pdb
XRN2___PRDX1,4,2,A,B,0.0000,0.0,0.0,0.0000,0.1495,0.0000,0.0000,0.0,0.0,0.1700,70.6,79.1,0.640,0,0,0,0,,,,,950,199,,,,,XRN2___PRDX1_unrelaxed_rank_004_alphafold2_multimer_v3_model_2_seed_000.pdb
XRN2___PRDX1,5,1,A,B,0.0000,0.0,0.0,0.0000,0.1467,0.0000,0.0000,0.0,0.0,0.1500,70.0,77.3,0.630,0,0,0,0,,,,,950,199,,,,,XRN2___PRDX1_unrelaxed_rank_005_alphafold2_multimer_v3_model_1_seed_000.pdb
XRN2___SF3B2,1,3,A,B,0.1683,1100.4,185.2,0.0185,0.7586,0.1561,0.1814,11643.0,104.0,0.3900,68.8,32.9,0.490,620,27,34,20,88.3,43.4,72.2,45.8,950,895,"[1-26,37-141,155-263,265-266,268-269,271,275,300-319,324-373,376-424,511-527,532-579,585-701,707-725,727-746,748-781]","[704-705,710-734]","[2-5,8,60-61,63-64,66,117-118,120-122,124-125,128-129,155-158,232,255,257-259,356,414,641-642,644-645]",[715-734],XRN2___SF3B2_unrelaxed_rank_001_alphafold2_multimer_v3_model_3_seed_000.pdb
XRN2___SF3B2,2,1,A,B,0.0381,283.2,10.8,0.0122,0.6481,0.0364,0.0398,3818.0,21.0,0.2800,70.5,32.5,0.490,473,13,11,10,91.4,34.4,74.7,34.7,950,895,"[4-24,41-42,44,47-63,71-127,129-131,133,156-183,185,187-188,191-217,221-254,300-318,326-370,376-399,401-407,410,516-526,533-576,585,589-620,623-637,642-663,665-666,669-679,682-687,690,693-700,718-722,729-730,734-735,738-739,742,750-758,760,764-771]",[714-726],"[4-5,8,60-61,117,121,356,642,644-645]","[715-716,718-723,725-726]",XRN2___SF3B2_unrelaxed_rank_002_alphafold2_multimer_v3_model_1_seed_000.pdb
XRN2___SF3B2,3,2,A,B,0.0109,26.4,0.3,0.0000,0.5669,0.0115,0.0103,233.0,3.0,0.2400,71.4,32.1,0.490,128,9,2,3,94.4,30.2,82.2,30.4,950,895,"[9,12,14,19,22,48-52,54,62,73,75-78,80-81,83-85,87-89,91,93-94,96-99,114-118,121,126,130,158-159,168,170,173,175,192-193,207,210-211,213-214,216,225-229,233,238,241-243,247,249,251-252,302,305-311,313-314,316,327,330-331,335,346,356,362,365-369,379,384,390,517,521,541,545,547-551,554,561-563,565-566,571,596,614,618,625,627-630,633-634,649,651,654,658,683,685,755,766]",[715-723],"[117,356]","[715,721,723]",XRN2___SF3B2_unrelaxed_rank_003_alphafold2_multimer_v3_model_2_seed_000.pdb
XRN2___SF3B2,4,5,A,B,0.0000,0.0,0.0,0.0000,0.4173,0.0000,0.0000,0.0,0.0,0.2300,70.2,30.3,0.490,0,0,0,0,,,,,950,895,,,,,XRN2___SF3B2_unrelaxed_rank_004_alphafold2_multimer_v3_model_5_seed_000.pdb
XRN2___SF3B2,5,4,A,B,0.0000,0.0,0.0,0.0000,0.4980,0.0000,0.0000,0.0,0.0,0.2300,70.6,29.2,0.490,0,0,0,0,,,,,950,895,,,,,XRN2___SF3B2_unrelaxed_rank_005_alphafold2_multimer_v3_model_4_seed_000.pdb
ZBTB33___AGAP3,1,4,A,B,0.1481,776.4,115.0,0.0810,0.7570,0.1094,0.2005,5969.0,101.0,0.3000,35.4,57.6,0.310,58,207,25,28,62.2,77.0,63.1,66.2,672,875,"[483-487,492-544]","[30-57,61-85,90-185,191-204,206-220,226-254]","[499,501,503-512,514-516,520,531,533-536,538-540,542]","[44,48,51,67-68,71-72,74-75,79-82,105,109,117,119-125,143,145-146,150,152]",ZBTB33___AGAP3_unrelaxed_rank_001_alphafold2_multimer_v3_model_4_seed_000.pdb
ZBTB33___AGAP3,2,5,A,B,0.0303,16.9,0.5,0.0000,0.5349,0.0266,0.0345,41.0,7.0,0.2600,35.1,58.4,0.310,10,18,4,4,58.1,72.2,57.9,62.4,672,875,"[531-536,538-541]","[44,48,105-108,112-114,117-121,125-126,128,144]","[534-536,538]","[44,48,118-119]",ZBTB33___AGAP3_unrelaxed_rank_002_alphafold2_multimer_v3_model_5_seed_000.pdb
ZBTB33___AGAP3,3,3,A,B,0.0000,0.0,0.0,0.0000,0.4006,0.0000,0.0000,0.0,0.0,0.2200,34.6,57.7,0.290,0,0,0,0,,,,,672,875,,,,,ZBTB33___AGAP3_unrelaxed_rank_003_alphafold2_multimer_v3_model_3_seed_000.pdb
ZBTB33___AGAP3,4,2,A,B,0.0000,0.0,0.0,0.0000,0.4238,0.0000,0.0000,0.0,0.0,0.2200,35.7,59.1,0.290,0,0,0,0,,,,,672,875,,,,,ZBTB33___AGAP3_unrelaxed_rank_004_alphafold2_multimer_v3_model_2_seed_000.pdb
ZBTB33___AGAP3,5,1,A,B,0.0000,0.0,0.0,0.0000,0.2693,0.0000,0.0000,0.0,0.0,0.2000,31.2,54.2,0.290,0,0,0,0,,,,,672,875,,,,,ZBTB33___AGAP3_unrelaxed_rank_005_alphafold2_multimer_v3_model_1_seed_000.pdb
ZBTB33___CDC37,1,5,A,B,0.0000,0.0,0.0,0.0000,0.4167,0.0000,0.0000,0.0,0.0,0.2600,37.0,63.0,0.280,0,0,0,0,,,,,672,378,,,,,ZBTB33___CDC37_unrelaxed_rank_001_alphafold2_multimer_v3_model_5_seed_000.pdb
ZBTB33___CDC37,2,3,A,B,0.0000,0.0,0.0,0.0000,0.3550,0.0000,0.0000,0.0,0.0,0.2400,34.9,60.8,0.290,0,0,0,0,,,,,672,378,,,,,ZBTB33___CDC37_unrelaxed_rank_002_alphafold2_multimer_v3_model_3_seed_000.pdb
ZBTB33___CDC37,3,4,A,B,0.0000,0.0,0.0,0.0000,0.2352,0.0000,0.0000,0.0,0.0,0.1800,35.1,59.7,0.280,0,0,0,0,,,,,672,378,,,,,ZBTB33___CDC37_unrelaxed_rank_003_alphafold2_multimer_v3_model_4_seed_000.pdb
ZBTB33___CDC37,4,1,A,B,0.0000,0.0,0.0,0.0000,0.2417,0.0000,0.0000,0.0,0.0,0.1800,34.9,63.5,0.290,0,0,0,0,,,,,672,378,,,,,ZBTB33___CDC37_unrelaxed_rank_004_alphafold2_multimer_v3_model_1_seed_000.pdb
ZBTB33___CDC37,5,2,A,B,0.0000,0.0,0.0,0.0000,0.2505,0.0000,0.0000,0.0,0.0,0.1700,35.4,65.1,0.280,0,0,0,0,,,,,672,378,,,,,ZBTB33___CDC37_unrelaxed_rank_005_alphafold2_multimer_v3_model_2_seed_000.pdb
ZFR___CCNT1,1,1,A,B,0.0441,18.4,0.8,0.0122,0.5417,0.0432,0.0450,169.0,2.0,0.3100,46.1,42.9,0.360,22,40,2,1,84.7,91.9,81.8,89.1,1074,726,"[659,667,970,972-973,975-977,1011,1014-1025,1029]","[45,58,61-66,69-70,86-94,104,133-146,150,158,171,175,221-222]","[1019,1022]",[141],ZFR___CCNT1_unrelaxed_rank_001_alphafold2_multimer_v3_model_1_seed_000.pdb
ZFR___CCNT1,2,4,A,B,0.0686,251.9,17.3,0.0142,0.6442,0.0607,0.0776,1476.0,43.0,0.3200,44.2,41.0,0.320,26,143,14,18,70.6,88.9,70.7,87.0,1074,726,"[380-401,405-406,409-410]","[12-14,18-20,23-27,29,31-34,36-112,118,122,124-152,155-157,159,174,176,178-179,184,187,189-192,194-197,199]","[381,383,387-393,395-396,399-400,405]","[89-90,93-94,97-102,130-131,133-135,137-138,141]",ZFR___CCNT1_unrelaxed_rank_002_alphafold2_multimer_v3_model_4_seed_000.pdb
ZFR___CCNT1,3,5,A,B,0.0000,0.0,0.0,0.0000,0.5080,0.0000,0.0000,0.0,0.0,0.2500,44.7,41.8,0.340,0,0,0,0,,,,,1074,726,,,,,ZFR___CCNT1_unrelaxed_rank_003_alphafold2_multimer_v3_model_5_seed_000.pdb
ZFR___CCNT1,4,3,A,B,0.0750,34.7,2.6,0.0125,0.6047,0.0696,0.0808,67.0,18.0,0.2300,44.7,42.0,0.320,5,31,4,7,27.0,79.1,28.4,73.9,1074,726,[1-5],"[49,54,156-157,160-161,163-170,200,202,204-214,219-222]",[1-4],"[164-165,209-213]",ZFR___CCNT1_unrelaxed_rank_004_alphafold2_multimer_v3_model_3_seed_000.pdb
ZFR___CCNT1,5,2,A,B,0.0000,0.0,0.0,0.0000,0.2708,0.0000,0.0000,0.0,0.0,0.2000,45.9,44.3,0.310,0,0,0,0,,,,,1074,726,,,,,ZFR___CCNT1_unrelaxed_rank_005_alphafold2_multimer_v3_model_2_seed_000.pdb
ZFR___HMGB1,1,2,A,B,0.3321,441.5,146.6,0.1370,0.8700,0.2341,0.4711,3610.0,54.0,0.3900,48.3,60.5,0.350,40,72,9,14,66.1,78.5,69.4,81.8,1074,215,[635-674],[92-163],"[651,654-655,658-659,661-663,666]","[100,102-103,106,110,122-123,125-127,129-130,133-134]",ZFR___HMGB1_unrelaxed_rank_001_alphafold2_multimer_v3_model_2_seed_000.pdb
ZFR___HMGB1,2,3,A,B,0.0000,0.0,0.0,0.0000,0.3896,0.0000,0.0000,0.0,0.0,0.2900,47.6,57.4,0.360,0,0,0,0,,,,,1074,215,,,,,ZFR___HMGB1_unrelaxed_rank_002_alphafold2_multimer_v3_model_3_seed_000.pdb
ZFR___HMGB1,3,4,A,B,0.0000,0.0,0.0,0.0000,0.2444,0.0000,0.0000,0.0,0.0,0.1900,45.6,58.6,0.340,0,0,0,0,,,,,1074,215,,,,,ZFR___HMGB1_unrelaxed_rank_003_alphafold2_multimer_v3_model_4_seed_000.pdb
ZFR___HMGB1,4,1,A,B,0.0000,0.0,0.0,0.0000,0.1633,0.0000,0.0000,0.0,0.0,0.1700,47.2,58.2,0.350,0,0,0,0,,,,,1074,215,,,,,ZFR___HMGB1_unrelaxed_rank_004_alphafold2_multimer_v3_model_1_seed_000.pdb
ZFR___HMGB1,5,5,A,B,0.0000,0.0,0.0,0.0000,0.1468,0.0000,0.0000,0.0,0.0,0.1700,46.8,61.8,0.350,0,0,0,0,,,,,1074,215,,,,,ZFR___HMGB1_unrelaxed_rank_005_alphafold2_multimer_v3_model_5_seed_000.pdb
ZFR___SF3A3,1,5,A,B,0.0000,0.0,0.0,0.0000,0.4332,0.0000,0.0000,0.0,0.0,0.3300,45.1,73.8,0.330,0,0,0,0,,,,,1074,501,,,,,ZFR___SF3A3_unrelaxed_rank_001_alphafold2_multimer_v3_model_5_seed_000.pdb
ZFR___SF3A3,2,3,A,B,0.0000,0.0,0.0,0.0000,0.2769,0.0000,0.0000,0.0,0.0,0.2300,45.0,74.9,0.340,0,0,0,0,,,,,1074,501,,,,,ZFR___SF3A3_unrelaxed_rank_002_alphafold2_multimer_v3_model_3_seed_000.pdb
ZFR___SF3A3,3,2,A,B,0.0000,0.0,0.0,0.0000,0.2089,0.0000,0.0000,0.0,0.0,0.2000,45.2,73.5,0.330,0,0,0,0,,,,,1074,501,,,,,ZFR___SF3A3_unrelaxed_rank_003_alphafold2_multimer_v3_model_2_seed_000.pdb
ZFR___SF3A3,4,1,A,B,0.0000,0.0,0.0,0.0000,0.2199,0.0000,0.0000,0.0,0.0,0.1900,45.9,72.5,0.320,0,0,0,0,,,,,1074,501,,,,,ZFR___SF3A3_unrelaxed_rank_004_alphafold2_multimer_v3_model_1_seed_000.pdb
ZFR___SF3A3,5,4,A,B,0.0000,0.0,0.0,0.0000,0.1660,0.0000,0.0000,0.0,0.0,0.1900,43.3,70.1,0.320,0,0,0,0,,,,,1074,501,,,,,ZFR___SF3A3_unrelaxed_rank_005_alphafold2_multimer_v3_model_4_seed_000.pdb
ZFR___ZBTB33,1,4,A,B,0.4171,894.2,373.0,0.2534,0.9317,0.2985,0.5829,11262.0,71.0,0.3000,42.9,35.7,0.320,67,116,18,14,73.7,63.3,77.4,66.4,1074,672,[558-624],[479-594],"[565,567-568,570,572-575,580-581,583,585-586,590,612-614,616]","[522-523,534-535,538,549,580,582,584-586,588-589,594]",ZFR___ZBTB33_unrelaxed_rank_001_alphafold2_multimer_v3_model_4_seed_000.pdb
ZFR___ZBTB33,2,3,A,B,0.3037,633.8,192.5,0.1085,0.8492,0.2205,0.4183,3938.0,102.0,0.2900,44.8,36.2,0.330,40,100,18,21,55.1,62.8,56.6,64.7,1074,672,[636-675],"[494-498,500-503,506-596]","[647,650-651,654-656,658-663,665-666,668-670,673]","[511,525,534-539,541-542,545,549,562-563,566,578,586,588-589,591-592]",ZFR___ZBTB33_unrelaxed_rank_002_alphafold2_multimer_v3_model_3_seed_000.pdb
ZFR___ZBTB33,3,2,A,B,0.1442,361.5,52.1,0.0147,0.7073,0.1163,0.1789,2011.0,65.0,0.2500,45.7,37.3,0.320,34,74,17,14,52.6,64.2,52.5,61.2,1074,672,[639-672],"[516,520-592]","[647-648,650-652,655-656,658-660,662-667,669]","[533-535,537-538,549,562,566,577-579,586,588-589]",ZFR___ZBTB33_unrelaxed_rank_003_alphafold2_multimer_v3_model_2_seed_000.pdb
ZFR___ZBTB33,4,1,A,B,0.0000,0.0,0.0,0.0000,0.3217,0.0000,0.0000,0.0,0.0,0.2000,43.6,33.6,0.320,0,0,0,0,,,,,1074,672,,,,,ZFR___ZBTB33_unrelaxed_rank_004_alphafold2_multimer_v3_model_1_seed_000.pdb
ZFR___ZBTB33,5,5,A,B,0.0000,0.0,0.0,0.0000,0.3705,0.0000,0.0000,0.0,0.0,0.1900,43.6,35.9,0.320,0,0,0,0,,,,,1074,672,,,,,ZFR___ZBTB33_unrelaxed_rank_005_alphafold2_multimer_v3_model_5_seed_000.pdb
ZNF503___CDC5L,1,5,A,B,0.4774,752.9,359.4,0.3917,0.9701,0.3540,0.6438,7086.0,80.0,0.3200,21.7,62.1,0.280,35,200,16,19,58.4,81.5,66.4,80.6,646,802,"[93,96,99-131]",[521-720],"[100,104,106-108,110-113,116-117,120-121,123-125]","[566,643,646-649,652,656-657,660-661,664,667-668,676-679,682]",ZNF503___CDC5L_unrelaxed_rank_001_alphafold2_multimer_v3_model_5_seed_000.pdb
ZNF503___CDC5L,2,4,A,B,0.4957,775.1,384.2,0.4359,0.9750,0.3695,0.6649,7153.0,84.0,0.3200,21.7,60.4,0.280,39,194,20,23,59.3,80.3,64.2,80.4,646,802,"[91-97,100-131]",[524-717],"[93,96,101,104,106-108,110-113,116-117,120-121,123-125,127,130]","[554,568-569,579,643,646-649,652,656-657,660-661,664-665,667-668,676-679,682]",ZNF503___CDC5L_unrelaxed_rank_002_alphafold2_multimer_v3_model_4_seed_000.pdb
ZNF503___CDC5L,3,2,A,B,0.3357,600.9,201.8,0.1557,0.9261,0.2429,0.4640,4299.0,84.0,0.2800,21.7,59.5,0.270,25,164,16,20,56.6,81.3,59.0,72.5,646,802,[105-129],"[530-559,561,563,565-592,611-714]","[106-108,110-113,116-117,119-121,123-125,127]","[554,643,646-649,652,656-657,660-661,664-665,667-668,676-679,682]",ZNF503___CDC5L_unrelaxed_rank_003_alphafold2_multimer_v3_model_2_seed_000.pdb
ZNF503___CDC5L,4,3,A,B,0.0000,0.0,0.0,0.0000,0.4301,0.0000,0.0000,0.0,0.0,0.1900,20.2,64.1,0.260,0,0,0,0,,,,,646,802,,,,,ZNF503___CDC5L_unrelaxed_rank_004_alphafold2_multimer_v3_model_3_seed_000.pdb
ZNF503___CDC5L,5,1,A,B,0.0000,0.0,0.0,0.0000,0.2126,0.0000,0.0000,0.0,0.0,0.1600,21.4,62.4,0.260,0,0,0,0,,,,,646,802,,,,,ZNF503___CDC5L_unrelaxed_rank_005_alphafold2_multimer_v3_model_1_seed_000.pdb
