name,rank,model,chain_i,chain_j,iLIS,iLIA,iLISA,ipSAE,actifpTM,LIS,cLIS,LIA,cLIA,ipTM,pLDDT_i,pLDDT_j,pTM,LIR_i,LIR_j,cLIR_i,cLIR_j,LIpLDDT_i,LIpLDDT_j,cLIpLDDT_i,cLIpLDDT_j,len_i,len_j,LIR_indices_i,LIR_indices_j,cLIR_indices_i,cLIR_indices_j,structure_file
ANP32A___FAM50A,1,4,A,B,0.3359,2151.5,722.6,0.2848,0.8312,0.2588,0.4359,35335.0,131.0,0.4800,67.4,61.0,0.490,172,146,30,25,88.2,88.4,75.7,84.8,249,339,[1-172],"[182-285,294-335]","[50,70,72-73,94,96-97,119,121-122,126-127,131-132,146-148,152-154,156-157,159-160,162-167]","[200,202,207-210,212-216,229,232-233,254-255,276,298,302-303,315,318-320,323]",ANP32A___FAM50A_unrelaxed_rank_001_alphafold2_multimer_v3_model_4_seed_000.pdb
ANP32A___FAM50A,2,1,A,B,0.2499,1502.9,375.5,0.1879,0.6917,0.1743,0.3583,21930.0,103.0,0.4300,63.6,66.1,0.460,150,136,25,18,86.9,88.4,79.4,78.9,249,339,"[6-7,9,16,18-29,31-164]","[186-282,296-334]","[50,70,72-73,94,96-97,119,121-122,126-127,131-132,146-148,152-159]","[202,208-210,212,254-255,276-277,301-304,315,318-320,323]",ANP32A___FAM50A_unrelaxed_rank_002_alphafold2_multimer_v3_model_1_seed_000.pdb
ANP32A___FAM50A,3,2,A,B,0.0635,101.4,6.4,0.0135,0.4616,0.0793,0.0508,935.0,11.0,0.2300,64.6,64.1,0.380,128,110,3,7,88.2,87.8,46.2,76.2,249,339,"[5-10,18-28,39,41,43-58,61-76,80-84,86-100,103,105-112,114-128,130-162]","[194,197-219,221-242,246-276,278-281,301-329]","[157,159-160]","[202,204,210,212,301-303]",ANP32A___FAM50A_unrelaxed_rank_003_alphafold2_multimer_v3_model_2_seed_000.pdb
ANP32A___FAM50A,4,3,A,B,0.0314,32.4,1.0,0.0109,0.3851,0.0383,0.0257,210.0,5.0,0.2200,62.7,59.4,0.370,8,80,2,4,61.4,87.2,42.4,77.7,249,339,"[144-145,149,157-161]","[198-211,213-214,216-218,221-223,225-232,234-235,237-238,240-241,247-260,262-267,269-270,302-303,305-315,317-321,324-327]",[159-160],"[202,204,210,303]",ANP32A___FAM50A_unrelaxed_rank_004_alphafold2_multimer_v3_model_3_seed_000.pdb
ANP32A___FAM50A,5,5,A,B,0.0000,0.0,0.0,0.0000,0.2337,0.0000,0.0000,0.0,0.0,0.1800,63.6,59.3,0.360,0,0,0,0,,,,,249,339,,,,,ANP32A___FAM50A_unrelaxed_rank_005_alphafold2_multimer_v3_model_5_seed_000.pdb
ANP32A___PPP1R10,1,1,A,B,0.0000,0.0,0.0,0.0000,0.4469,0.0000,0.0000,0.0,0.0,0.2800,64.6,32.0,0.280,0,0,0,0,,,,,249,940,,,,,ANP32A___PPP1R10_unrelaxed_rank_001_alphafold2_multimer_v3_model_1_seed_000.pdb
ANP32A___PPP1R10,2,4,A,B,0.0000,0.0,0.0,0.0000,0.3228,0.0000,0.0000,0.0,0.0,0.2400,63.6,33.1,0.270,0,0,0,0,,,,,249,940,,,,,ANP32A___PPP1R10_unrelaxed_rank_002_alphafold2_multimer_v3_model_4_seed_000.pdb
ANP32A___PPP1R10,3,2,A,B,0.0306,54.8,1.7,0.0118,0.5230,0.0268,0.0351,250.0,12.0,0.2000,66.1,32.8,0.270,6,96,5,7,34.1,92.2,33.9,85.6,249,940,[163-168],"[25,28,31-35,37-39,44-45,47-57,60-67,69,71-110,112-120,122,128-129,131-141,144]","[163-164,166-168]","[105-106,108-109,114,140,144]",ANP32A___PPP1R10_unrelaxed_rank_003_alphafold2_multimer_v3_model_2_seed_000.pdb
ANP32A___PPP1R10,4,3,A,B,0.0000,0.0,0.0,0.0000,0.3562,0.0000,0.0000,0.0,0.0,0.2000,64.2,32.8,0.260,0,0,0,0,,,,,249,940,,,,,ANP32A___PPP1R10_unrelaxed_rank_004_alphafold2_multimer_v3_model_3_seed_000.pdb
ANP32A___PPP1R10,5,5,A,B,0.0000,0.0,0.0,0.0000,0.3154,0.0000,0.0000,0.0,0.0,0.2000,65.3,32.0,0.260,0,0,0,0,,,,,249,940,,,,,ANP32A___PPP1R10_unrelaxed_rank_005_alphafold2_multimer_v3_model_5_seed_000.pdb
ATP5PD___SLC3A2,1,4,A,B,0.0000,0.0,0.0,0.0000,0.0000,0.0000,0.0000,0.0,0.0,0.1800,47.0,69.4,0.570,0,0,0,0,,,,,161,630,,,,,ATP5PD___SLC3A2_unrelaxed_rank_001_alphafold2_multimer_v3_model_4_seed_000.pdb
ATP5PD___SLC3A2,2,1,A,B,0.0000,0.0,0.0,0.0000,0.0000,0.0000,0.0000,0.0,0.0,0.1700,45.8,70.5,0.580,0,0,0,0,,,,,161,630,,,,,ATP5PD___SLC3A2_unrelaxed_rank_002_alphafold2_multimer_v3_model_1_seed_000.pdb
ATP5PD___SLC3A2,3,5,A,B,0.0000,0.0,0.0,0.0000,0.1325,0.0000,0.0000,0.0,0.0,0.1500,53.0,69.2,0.570,0,0,0,0,,,,,161,630,,,,,ATP5PD___SLC3A2_unrelaxed_rank_003_alphafold2_multimer_v3_model_5_seed_000.pdb
ATP5PD___SLC3A2,4,2,A,B,0.0000,0.0,0.0,0.0000,0.0000,0.0000,0.0000,0.0,0.0,0.1400,48.7,70.0,0.570,0,0,0,0,,,,,161,630,,,,,ATP5PD___SLC3A2_unrelaxed_rank_004_alphafold2_multimer_v3_model_2_seed_000.pdb
ATP5PD___SLC3A2,5,3,A,B,0.0000,0.0,0.0,0.0000,0.0000,0.0000,0.0000,0.0,0.0,0.1400,62.0,69.0,0.570,0,0,0,0,,,,,161,630,,,,,ATP5PD___SLC3A2_unrelaxed_rank_005_alphafold2_multimer_v3_model_3_seed_000.pdb
ATP5PD___TLE3,1,5,A,B,0.4298,1403.6,603.3,0.7674,0.9827,0.4120,0.4484,17749.0,111.0,0.4500,71.8,56.6,0.470,125,375,29,42,73.6,91.0,68.9,73.8,161,772,"[13,15-17,20-21,23-46,49-61,65-94,96-98,100-101,104,115,117-161]","[58-96,101,104-105,107-108,111,443-772]","[16,31,34-35,38,42,45,49,57,61,66,70,73-74,77,79-83,86-87,90,151-153,158-159,161]","[59-62,64-74,77-78,80-81,84,88,91-92,95,488,490,533-534,552,577-578,580,596,620,622,638,702,704,720,743,745,761]",ATP5PD___TLE3_unrelaxed_rank_001_alphafold2_multimer_v3_model_5_seed_000.pdb
ATP5PD___TLE3,2,4,A,B,0.5780,984.6,569.1,0.7608,0.9827,0.4220,0.7915,19389.0,50.0,0.4500,71.0,55.2,0.470,51,334,6,18,80.2,94.8,87.1,96.8,161,772,[111-161],[439-772],"[151-153,158-159,161]","[488,490,533-534,552,577-578,580,596,620,622,638,702,704,720,743,745,761]",ATP5PD___TLE3_unrelaxed_rank_002_alphafold2_multimer_v3_model_4_seed_000.pdb
ATP5PD___TLE3,3,2,A,B,0.5333,992.9,529.6,0.6671,0.9762,0.3831,0.7425,18959.0,52.0,0.4300,76.7,57.3,0.470,51,329,6,17,82.8,95.6,84.5,96.8,161,772,[111-161],[444-772],"[151-153,158-159,161]","[488,490,534,552,577-578,580,596,620,622,638,702,704,720,743,745,761]",ATP5PD___TLE3_unrelaxed_rank_003_alphafold2_multimer_v3_model_2_seed_000.pdb
ATP5PD___TLE3,4,1,A,B,0.5014,1076.0,539.5,0.5579,0.9597,0.3734,0.6732,14120.0,82.0,0.4100,68.7,56.3,0.460,35,329,14,21,75.8,94.2,79.5,94.1,161,772,[127-161],[444-772],"[142-143,145-147,149-154,158-159,161]","[488,490,534,552,554,575-578,580,596-597,620,622,638,663,704,720,743,745,761]",ATP5PD___TLE3_unrelaxed_rank_004_alphafold2_multimer_v3_model_1_seed_000.pdb
ATP5PD___TLE3,5,3,A,B,0.2191,436.1,95.6,0.0255,0.7607,0.2000,0.2401,3522.0,54.0,0.2400,63.5,54.2,0.430,13,316,9,21,46.1,94.2,46.5,90.3,161,772,[149-161],"[447-453,457-515,521-562,564-670,672-772]","[150-155,158-159,161]","[488,490,534,536,552,578,580,596-597,620,622,638,661,663,679,702,704,720,743,745,761]",ATP5PD___TLE3_unrelaxed_rank_005_alphafold2_multimer_v3_model_3_seed_000.pdb
ATXN2L___DAZAP1,1,1,A,B,0.0000,0.0,0.0,0.0000,0.4412,0.0000,0.0000,0.0,0.0,0.2400,24.3,41.0,0.220,0,0,0,0,,,,,1075,407,,,,,ATXN2L___DAZAP1_unrelaxed_rank_001_alphafold2_multimer_v3_model_1_seed_000.pdb
ATXN2L___DAZAP1,2,2,A,B,0.0000,0.0,0.0,0.0000,0.1748,0.0000,0.0000,0.0,0.0,0.1600,25.1,44.2,0.220,0,0,0,0,,,,,1075,407,,,,,ATXN2L___DAZAP1_unrelaxed_rank_002_alphafold2_multimer_v3_model_2_seed_000.pdb
ATXN2L___DAZAP1,3,4,A,B,0.0000,0.0,0.0,0.0000,0.1879,0.0000,0.0000,0.0,0.0,0.1600,24.4,41.4,0.220,0,0,0,0,,,,,1075,407,,,,,ATXN2L___DAZAP1_unrelaxed_rank_003_alphafold2_multimer_v3_model_4_seed_000.pdb
ATXN2L___DAZAP1,4,5,A,B,0.0000,0.0,0.0,0.0000,0.1421,0.0000,0.0000,0.0,0.0,0.1600,26.2,43.4,0.220,0,0,0,0,,,,,1075,407,,,,,ATXN2L___DAZAP1_unrelaxed_rank_004_alphafold2_multimer_v3_model_5_seed_000.pdb
ATXN2L___DAZAP1,5,3,A,B,0.0000,0.0,0.0,0.0000,0.1852,0.0000,0.0000,0.0,0.0,0.1600,24.8,40.2,0.210,0,0,0,0,,,,,1075,407,,,,,ATXN2L___DAZAP1_unrelaxed_rank_005_alphafold2_multimer_v3_model_3_seed_000.pdb
ATXN2L___RAVER1,1,1,A,B,0.0000,0.0,0.0,0.0000,0.1866,0.0000,0.0000,0.0,0.0,0.1800,24.1,53.1,0.310,0,0,0,0,,,,,1075,606,,,,,ATXN2L___RAVER1_unrelaxed_rank_001_alphafold2_multimer_v3_model_1_seed_000.pdb
ATXN2L___RAVER1,2,2,A,B,0.0000,0.0,0.0,0.0000,0.1782,0.0000,0.0000,0.0,0.0,0.1700,24.4,54.4,0.310,0,0,0,0,,,,,1075,606,,,,,ATXN2L___RAVER1_unrelaxed_rank_002_alphafold2_multimer_v3_model_2_seed_000.pdb
ATXN2L___RAVER1,3,4,A,B,0.0000,0.0,0.0,0.0000,0.1830,0.0000,0.0000,0.0,0.0,0.1800,23.2,53.8,0.310,0,0,0,0,,,,,1075,606,,,,,ATXN2L___RAVER1_unrelaxed_rank_003_alphafold2_multimer_v3_model_4_seed_000.pdb
ATXN2L___RAVER1,4,3,A,B,0.0000,0.0,0.0,0.0000,0.2002,0.0000,0.0000,0.0,0.0,0.1700,24.4,52.9,0.310,0,0,0,0,,,,,1075,606,,,,,ATXN2L___RAVER1_unrelaxed_rank_004_alphafold2_multimer_v3_model_3_seed_000.pdb
ATXN2L___RAVER1,5,5,A,B,0.0000,0.0,0.0,0.0000,0.1784,0.0000,0.0000,0.0,0.0,0.1700,24.8,53.4,0.310,0,0,0,0,,,,,1075,606,,,,,ATXN2L___RAVER1_unrelaxed_rank_005_alphafold2_multimer_v3_model_5_seed_000.pdb
CCAR2___AGAP3,1,1,A,B,0.0000,0.0,0.0,0.0000,0.2027,0.0000,0.0000,0.0,0.0,0.2000,54.5,51.6,0.380,0,0,0,0,,,,,923,875,,,,,CCAR2___AGAP3_unrelaxed_rank_001_alphafold2_multimer_v3_model_1_seed_000.pdb
CCAR2___AGAP3,2,4,A,B,0.0000,0.0,0.0,0.0000,0.2390,0.0000,0.0000,0.0,0.0,0.2000,53.7,56.3,0.370,0,0,0,0,,,,,923,875,,,,,CCAR2___AGAP3_unrelaxed_rank_002_alphafold2_multimer_v3_model_4_seed_000.pdb
CCAR2___AGAP3,3,3,A,B,0.0000,0.0,0.0,0.0000,0.2232,0.0000,0.0000,0.0,0.0,0.2000,54.6,57.6,0.380,0,0,0,0,,,,,923,875,,,,,CCAR2___AGAP3_unrelaxed_rank_003_alphafold2_multimer_v3_model_3_seed_000.pdb
CCAR2___AGAP3,4,2,A,B,0.0000,0.0,0.0,0.0000,0.1875,0.0000,0.0000,0.0,0.0,0.2000,56.1,59.3,0.370,0,0,0,0,,,,,923,875,,,,,CCAR2___AGAP3_unrelaxed_rank_004_alphafold2_multimer_v3_model_2_seed_000.pdb
CCAR2___AGAP3,5,5,A,B,0.0000,0.0,0.0,0.0000,0.2006,0.0000,0.0000,0.0,0.0,0.1900,55.0,58.2,0.370,0,0,0,0,,,,,923,875,,,,,CCAR2___AGAP3_unrelaxed_rank_005_alphafold2_multimer_v3_model_5_seed_000.pdb
CCAR2___CDK4,1,1,A,B,0.0000,0.0,0.0,0.0000,0.3451,0.0000,0.0000,0.0,0.0,0.2200,55.8,75.9,0.430,0,0,0,0,,,,,923,303,,,,,CCAR2___CDK4_unrelaxed_rank_001_alphafold2_multimer_v3_model_1_seed_000.pdb
CCAR2___CDK4,2,4,A,B,0.0000,0.0,0.0,0.0000,0.2927,0.0000,0.0000,0.0,0.0,0.2100,52.7,75.0,0.420,0,0,0,0,,,,,923,303,,,,,CCAR2___CDK4_unrelaxed_rank_002_alphafold2_multimer_v3_model_4_seed_000.pdb
CCAR2___CDK4,3,2,A,B,0.0000,0.0,0.0,0.0000,0.2281,0.0000,0.0000,0.0,0.0,0.2000,56.7,76.7,0.440,0,0,0,0,,,,,923,303,,,,,CCAR2___CDK4_unrelaxed_rank_003_alphafold2_multimer_v3_model_2_seed_000.pdb
CCAR2___CDK4,4,3,A,B,0.0000,0.0,0.0,0.0000,0.1660,0.0000,0.0000,0.0,0.0,0.1800,55.2,74.4,0.430,0,0,0,0,,,,,923,303,,,,,CCAR2___CDK4_unrelaxed_rank_004_alphafold2_multimer_v3_model_3_seed_000.pdb
CCAR2___CDK4,5,5,A,B,0.0000,0.0,0.0,0.0000,0.1530,0.0000,0.0000,0.0,0.0,0.1700,55.1,76.2,0.430,0,0,0,0,,,,,923,303,,,,,CCAR2___CDK4_unrelaxed_rank_005_alphafold2_multimer_v3_model_5_seed_000.pdb
CCAR2___EDC3,1,4,A,B,0.1503,275.9,41.5,0.0171,0.7290,0.1019,0.2215,976.0,78.0,0.2300,55.5,58.5,0.400,52,58,11,17,76.0,73.0,70.9,72.7,923,508,"[52-64,68-83,90-101,104,106-115]",[7-64],"[52-59,95,97,99]","[14,18,21,34,36,40,47-55,57-58]",CCAR2___EDC3_unrelaxed_rank_001_alphafold2_multimer_v3_model_4_seed_000.pdb
CCAR2___EDC3,2,3,A,B,0.0338,10.0,0.3,0.0112,0.5477,0.0442,0.0258,25.0,4.0,0.2000,56.6,59.0,0.410,8,12,2,3,69.3,75.2,69.7,72.5,923,508,"[54-59,96-97]","[11,25,34-36,49,51-55,60]","[56,58]","[49,52-53]",CCAR2___EDC3_unrelaxed_rank_002_alphafold2_multimer_v3_model_3_seed_000.pdb
CCAR2___EDC3,3,1,A,B,0.0000,0.0,0.0,0.0000,0.3679,0.0000,0.0000,0.0,0.0,0.2000,56.5,60.3,0.410,0,0,0,0,,,,,923,508,,,,,CCAR2___EDC3_unrelaxed_rank_003_alphafold2_multimer_v3_model_1_seed_000.pdb
CCAR2___EDC3,4,2,A,B,0.0000,0.0,0.0,0.0000,0.2793,0.0000,0.0000,0.0,0.0,0.1800,57.3,60.6,0.410,0,0,0,0,,,,,923,508,,,,,CCAR2___EDC3_unrelaxed_rank_004_alphafold2_multimer_v3_model_2_seed_000.pdb
CCAR2___EDC3,5,5,A,B,0.0000,0.0,0.0,0.0000,0.1606,0.0000,0.0000,0.0,0.0,0.1600,56.9,59.7,0.400,0,0,0,0,,,,,923,508,,,,,CCAR2___EDC3_unrelaxed_rank_005_alphafold2_multimer_v3_model_5_seed_000.pdb
CCAR2___NCL,1,4,A,B,0.0899,32.7,2.9,0.0167,0.5868,0.0739,0.1094,51.0,21.0,0.2300,55.2,39.2,0.380,8,19,5,8,75.7,69.3,72.7,70.0,923,710,"[54-59,96-97]","[581,588,590-591,624-625,628-640]",[54-58],"[590,629-630,633-637]",CCAR2___NCL_unrelaxed_rank_001_alphafold2_multimer_v3_model_4_seed_000.pdb
CCAR2___NCL,2,3,A,B,0.0000,0.0,0.0,0.0000,0.4170,0.0154,0.0000,1.0,0.0,0.2100,57.6,40.7,0.400,1,1,0,0,85.4,67.2,,,923,710,[96],[631],,,CCAR2___NCL_unrelaxed_rank_002_alphafold2_multimer_v3_model_3_seed_000.pdb
CCAR2___NCL,3,5,A,B,0.0000,0.0,0.0,0.0000,0.3232,0.0000,0.0000,0.0,0.0,0.2000,58.6,40.1,0.390,0,0,0,0,,,,,923,710,,,,,CCAR2___NCL_unrelaxed_rank_003_alphafold2_multimer_v3_model_5_seed_000.pdb
CCAR2___NCL,4,2,A,B,0.0000,0.0,0.0,0.0000,0.1807,0.0000,0.0000,0.0,0.0,0.1900,59.6,40.6,0.400,0,0,0,0,,,,,923,710,,,,,CCAR2___NCL_unrelaxed_rank_004_alphafold2_multimer_v3_model_2_seed_000.pdb
CCAR2___NCL,5,1,A,B,0.0000,0.0,0.0,0.0000,0.1924,0.0000,0.0000,0.0,0.0,0.1900,57.3,38.2,0.380,0,0,0,0,,,,,923,710,,,,,CCAR2___NCL_unrelaxed_rank_005_alphafold2_multimer_v3_model_1_seed_000.pdb
CCAR2___SRSF11,1,2,A,B,0.0000,0.0,0.0,0.0000,0.1501,0.0000,0.0000,0.0,0.0,0.1700,60.1,31.2,0.420,0,0,0,0,,,,,923,484,,,,,CCAR2___SRSF11_unrelaxed_rank_001_alphafold2_multimer_v3_model_2_seed_000.pdb
CCAR2___SRSF11,2,5,A,B,0.0000,0.0,0.0,0.0000,0.1777,0.0000,0.0000,0.0,0.0,0.1600,60.2,30.7,0.420,0,0,0,0,,,,,923,484,,,,,CCAR2___SRSF11_unrelaxed_rank_002_alphafold2_multimer_v3_model_5_seed_000.pdb
CCAR2___SRSF11,3,3,A,B,0.0000,0.0,0.0,0.0000,0.1858,0.0000,0.0000,0.0,0.0,0.1600,59.2,30.5,0.410,0,0,0,0,,,,,923,484,,,,,CCAR2___SRSF11_unrelaxed_rank_003_alphafold2_multimer_v3_model_3_seed_000.pdb
CCAR2___SRSF11,4,1,A,B,0.0000,0.0,0.0,0.0000,0.1714,0.0000,0.0000,0.0,0.0,0.1600,59.2,29.8,0.400,0,0,0,0,,,,,923,484,,,,,CCAR2___SRSF11_unrelaxed_rank_004_alphafold2_multimer_v3_model_1_seed_000.pdb
CCAR2___SRSF11,5,4,A,B,0.0000,0.0,0.0,0.0000,0.1773,0.0000,0.0000,0.0,0.0,0.1600,57.7,29.2,0.400,0,0,0,0,,,,,923,484,,,,,CCAR2___SRSF11_unrelaxed_rank_005_alphafold2_multimer_v3_model_4_seed_000.pdb
CCNT1___AGAP3,1,2,A,B,0.0000,0.0,0.0,0.0000,0.2584,0.0000,0.0000,0.0,0.0,0.2000,41.6,61.4,0.320,0,0,0,0,,,,,726,875,,,,,CCNT1___AGAP3_unrelaxed_rank_001_alphafold2_multimer_v3_model_2_seed_000.pdb
CCNT1___AGAP3,2,1,A,B,0.0000,0.0,0.0,0.0000,0.2738,0.0000,0.0000,0.0,0.0,0.1900,40.4,56.4,0.310,0,0,0,0,,,,,726,875,,,,,CCNT1___AGAP3_unrelaxed_rank_002_alphafold2_multimer_v3_model_1_seed_000.pdb
CCNT1___AGAP3,3,4,A,B,0.0000,0.0,0.0,0.0000,0.2131,0.0000,0.0000,0.0,0.0,0.1900,39.2,57.8,0.300,0,0,0,0,,,,,726,875,,,,,CCNT1___AGAP3_unrelaxed_rank_003_alphafold2_multimer_v3_model_4_seed_000.pdb
CCNT1___AGAP3,4,3,A,B,0.0000,0.0,0.0,0.0000,0.2135,0.0000,0.0000,0.0,0.0,0.1900,40.2,57.1,0.300,0,0,0,0,,,,,726,875,,,,,CCNT1___AGAP3_unrelaxed_rank_004_alphafold2_multimer_v3_model_3_seed_000.pdb
CCNT1___AGAP3,5,5,A,B,0.0000,0.0,0.0,0.0000,0.2059,0.0000,0.0000,0.0,0.0,0.1800,40.2,59.1,0.300,0,0,0,0,,,,,726,875,,,,,CCNT1___AGAP3_unrelaxed_rank_005_alphafold2_multimer_v3_model_5_seed_000.pdb
CCNT1___CDC5L,1,5,A,B,0.1215,152.6,18.5,0.0123,0.6586,0.0725,0.2036,2328.0,10.0,0.2900,43.3,56.5,0.320,141,43,3,3,92.6,86.9,83.8,82.6,726,802,"[14,16,18,21-25,29,31-52,54-79,81-95,97-113,116-144,152,156,158,174-179,183,186,188-190,194-202]","[751-752,754-756,758-759,761-796]","[122,124,127]","[773,776,780]",CCNT1___CDC5L_unrelaxed_rank_001_alphafold2_multimer_v3_model_5_seed_000.pdb
CCNT1___CDC5L,2,4,A,B,0.0000,0.0,0.0,0.0000,0.3280,0.0000,0.0000,0.0,0.0,0.2000,42.2,52.5,0.300,0,0,0,0,,,,,726,802,,,,,CCNT1___CDC5L_unrelaxed_rank_002_alphafold2_multimer_v3_model_4_seed_000.pdb
CCNT1___CDC5L,3,1,A,B,0.0000,0.0,0.0,0.0000,0.4980,0.0029,0.0000,1.0,0.0,0.2000,44.7,54.9,0.300,1,1,0,0,52.9,72.7,,,726,802,[664],[661],,,CCNT1___CDC5L_unrelaxed_rank_003_alphafold2_multimer_v3_model_1_seed_000.pdb
CCNT1___CDC5L,4,3,A,B,0.0000,0.0,0.0,0.0000,0.2738,0.0000,0.0000,0.0,0.0,0.1700,43.1,57.2,0.300,0,0,0,0,,,,,726,802,,,,,CCNT1___CDC5L_unrelaxed_rank_004_alphafold2_multimer_v3_model_3_seed_000.pdb
CCNT1___CDC5L,5,2,A,B,0.0000,0.0,0.0,0.0000,0.3017,0.0000,0.0000,0.0,0.0,0.1700,44.3,53.3,0.300,0,0,0,0,,,,,726,802,,,,,CCNT1___CDC5L_unrelaxed_rank_005_alphafold2_multimer_v3_model_2_seed_000.pdb
CDC37___PPP1R10,1,2,A,B,0.2456,570.6,140.2,0.0988,0.8680,0.2114,0.2854,3501.0,93.0,0.3900,72.2,32.5,0.270,151,28,33,21,86.9,42.1,84.7,43.1,378,940,"[140-243,246-287,295-297,336,338]",[280-307],"[141,144,184,187-189,191-192,195-196,199-200,214,217-218,221-222,225,251-252,254-255,258-259,262-263,266,270-271,273-275,278]","[280-286,290-291,293-303,305]",CDC37___PPP1R10_unrelaxed_rank_001_alphafold2_multimer_v3_model_2_seed_000.pdb
CDC37___PPP1R10,2,3,A,B,0.0346,38.8,1.3,0.0000,0.5515,0.0332,0.0360,188.0,8.0,0.3000,70.5,32.4,0.260,80,7,5,3,88.1,44.4,89.9,45.1,378,940,"[158-159,162-163,165,168-196,198,202,204-206,208-226,231,234,237,239,249-264,267,269]",[290-296],"[187,189,191,262-263]","[291,294-295]",CDC37___PPP1R10_unrelaxed_rank_002_alphafold2_multimer_v3_model_3_seed_000.pdb
CDC37___PPP1R10,3,1,A,B,0.0387,23.3,0.9,0.0133,0.5772,0.0387,0.0387,109.0,5.0,0.2500,71.0,31.9,0.260,44,10,5,2,88.0,29.6,90.0,30.1,378,940,"[176,183-184,187,191,193-197,208-210,213-225,230,238,247-260,262-263]",[286-295],"[187,191,217,255,258]","[286,291]",CDC37___PPP1R10_unrelaxed_rank_003_alphafold2_multimer_v3_model_1_seed_000.pdb
CDC37___PPP1R10,4,5,A,B,0.0000,0.0,0.0,0.0000,0.3535,0.0000,0.0000,0.0,0.0,0.2400,70.5,32.2,0.270,0,0,0,0,,,,,378,940,,,,,CDC37___PPP1R10_unrelaxed_rank_004_alphafold2_multimer_v3_model_5_seed_000.pdb
CDC37___PPP1R10,5,4,A,B,0.0000,0.0,0.0,0.0000,0.3830,0.0202,0.0000,5.0,0.0,0.2000,68.0,31.3,0.260,5,1,0,0,76.0,31.9,,,378,940,"[219,221-222,225,251]",[291],,,CDC37___PPP1R10_unrelaxed_rank_005_alphafold2_multimer_v3_model_4_seed_000.pdb
CDK4___CCNT1,1,1,A,B,0.4519,3805.1,1719.5,0.5814,0.9623,0.3312,0.6165,111373.0,130.0,0.8000,85.0,43.5,0.540,299,253,30,26,85.7,88.3,71.8,80.7,303,726,[1-299],[5-257],"[39,41-43,46-49,51,54-55,57-59,61-62,64-65,77,79,81,85,87,89,163-164,166,168-170]","[5-6,8-9,55,90,93-94,96,98,100-101,127,130-131,134-135,137-138,141-142,145-149]",CDK4___CCNT1_unrelaxed_rank_001_alphafold2_multimer_v3_model_1_seed_000.pdb
CDK4___CCNT1,2,5,A,B,0.4521,3480.1,1573.3,0.5327,0.9626,0.3024,0.6760,107179.0,113.0,0.7600,84.1,44.6,0.530,298,252,25,22,85.0,90.1,76.8,85.5,303,726,[2-299],[6-257],"[41,45-49,51,54-55,57-58,60-62,64-65,67,76-81,84,87]","[8-9,90,93-94,98,100-102,130-131,134-135,137-138,141-142,145-149]",CDK4___CCNT1_unrelaxed_rank_002_alphafold2_multimer_v3_model_5_seed_000.pdb
CDK4___CCNT1,3,3,A,B,0.4506,3582.5,1614.1,0.5217,0.9584,0.3063,0.6627,106951.0,120.0,0.7600,83.6,44.6,0.520,299,253,25,23,84.3,90.5,77.4,84.2,303,726,[1-299],[5-257],"[41,45-49,51,54-55,57-58,60-62,64-65,67,76-81,84,87]","[5,8-9,90,93-94,98,100-102,130-131,134-135,137-138,141-142,145-149]",CDK4___CCNT1_unrelaxed_rank_003_alphafold2_multimer_v3_model_3_seed_000.pdb
CDK4___CCNT1,4,4,A,B,0.3992,3366.2,1343.8,0.4654,0.9562,0.2588,0.6157,96851.0,117.0,0.7300,83.7,43.5,0.510,299,253,25,23,84.3,89.5,74.7,84.5,303,726,[1-299],[5-257],"[41,45-49,51,54-55,57-58,60-62,64-65,67,76-81,84,87]","[8-9,90,93-94,98,100-102,130-131,133-135,137-138,141-142,145-149]",CDK4___CCNT1_unrelaxed_rank_004_alphafold2_multimer_v3_model_4_seed_000.pdb
CDK4___CCNT1,5,2,A,B,0.3919,3275.5,1283.6,0.4420,0.9544,0.2502,0.6137,89410.0,120.0,0.7000,83.3,45.0,0.510,296,253,26,23,84.4,89.7,72.9,84.3,303,726,"[1-166,169-298]",[5-257],"[2,41,45-49,51,54-55,57-58,60-62,64-65,67,76-81,84,87]","[8-9,90,93-94,96,98,100-102,130-131,134-135,137-138,141-142,145-149]",CDK4___CCNT1_unrelaxed_rank_005_alphafold2_multimer_v3_model_2_seed_000.pdb
CDK4___EPB41,1,1,A,B,0.0000,0.0,0.0,0.0000,0.2958,0.0000,0.0000,0.0,0.0,0.2600,73.4,46.3,0.400,0,0,0,0,,,,,303,864,,,,,CDK4___EPB41_unrelaxed_rank_001_alphafold2_multimer_v3_model_1_seed_000.pdb
CDK4___EPB41,2,4,A,B,0.0000,0.0,0.0,0.0000,0.2457,0.0000,0.0000,0.0,0.0,0.2300,72.2,44.1,0.390,0,0,0,0,,,,,303,864,,,,,CDK4___EPB41_unrelaxed_rank_002_alphafold2_multimer_v3_model_4_seed_000.pdb
CDK4___EPB41,3,2,A,B,0.0000,0.0,0.0,0.0000,0.2096,0.0000,0.0000,0.0,0.0,0.2300,76.1,46.0,0.390,0,0,0,0,,,,,303,864,,,,,CDK4___EPB41_unrelaxed_rank_003_alphafold2_multimer_v3_model_2_seed_000.pdb
CDK4___EPB41,4,5,A,B,0.0000,0.0,0.0,0.0000,0.1644,0.0000,0.0000,0.0,0.0,0.2000,74.5,45.2,0.390,0,0,0,0,,,,,303,864,,,,,CDK4___EPB41_unrelaxed_rank_004_alphafold2_multimer_v3_model_5_seed_000.pdb
CDK4___EPB41,5,3,A,B,0.0000,0.0,0.0,0.0000,0.1781,0.0000,0.0000,0.0,0.0,0.1900,73.8,45.6,0.380,0,0,0,0,,,,,303,864,,,,,CDK4___EPB41_unrelaxed_rank_005_alphafold2_multimer_v3_model_3_seed_000.pdb
CDK4___LUC7L2,1,4,A,B,0.0000,0.0,0.0,0.0000,0.1714,0.0000,0.0000,0.0,0.0,0.1700,75.1,55.5,0.430,0,0,0,0,,,,,303,392,,,,,CDK4___LUC7L2_unrelaxed_rank_001_alphafold2_multimer_v3_model_4_seed_000.pdb
CDK4___LUC7L2,2,1,A,B,0.0000,0.0,0.0,0.0000,0.1436,0.0000,0.0000,0.0,0.0,0.1700,76.1,54.9,0.450,0,0,0,0,,,,,303,392,,,,,CDK4___LUC7L2_unrelaxed_rank_002_alphafold2_multimer_v3_model_1_seed_000.pdb
CDK4___LUC7L2,3,2,A,B,0.0000,0.0,0.0,0.0000,0.1482,0.0000,0.0000,0.0,0.0,0.1700,75.2,55.3,0.450,0,0,0,0,,,,,303,392,,,,,CDK4___LUC7L2_unrelaxed_rank_003_alphafold2_multimer_v3_model_2_seed_000.pdb
CDK4___LUC7L2,4,5,A,B,0.0000,0.0,0.0,0.0000,0.1171,0.0000,0.0000,0.0,0.0,0.1400,74.3,55.4,0.430,0,0,0,0,,,,,303,392,,,,,CDK4___LUC7L2_unrelaxed_rank_004_alphafold2_multimer_v3_model_5_seed_000.pdb
CDK4___LUC7L2,5,3,A,B,0.0000,0.0,0.0,0.0000,0.1078,0.0000,0.0000,0.0,0.0,0.1300,74.7,54.6,0.420,0,0,0,0,,,,,303,392,,,,,CDK4___LUC7L2_unrelaxed_rank_005_alphafold2_multimer_v3_model_3_seed_000.pdb
CIZ1___CHERP,1,2,A,B,0.1964,362.2,71.1,0.0208,0.8417,0.1672,0.2307,1988.0,66.0,0.2100,26.8,49.9,0.290,11,202,10,24,34.5,94.1,35.0,91.2,898,916,[730-740],"[114,117-317]","[730-737,739-740]","[168-171,173-174,177,212-213,215-217,219-220,222-224,259,262-263,265-267,270]",CIZ1___CHERP_unrelaxed_rank_001_alphafold2_multimer_v3_model_2_seed_000.pdb
CIZ1___CHERP,2,4,A,B,0.0000,0.0,0.0,0.0000,0.4668,0.0000,0.0000,0.0,0.0,0.2000,24.3,46.3,0.280,0,0,0,0,,,,,898,916,,,,,CIZ1___CHERP_unrelaxed_rank_002_alphafold2_multimer_v3_model_4_seed_000.pdb
CIZ1___CHERP,3,1,A,B,0.0686,216.0,14.8,0.0131,0.6896,0.0546,0.0861,1014.0,46.0,0.2000,24.6,46.6,0.290,10,147,10,22,27.4,88.9,27.4,85.5,898,916,[731-740],"[138,141-142,144-147,149,153-203,205-250,254-293,295-296]",[731-740],"[168,170,173-174,177,212-213,215-216,218-220,222-224,227,259-260,262-263,265-266]",CIZ1___CHERP_unrelaxed_rank_003_alphafold2_multimer_v3_model_1_seed_000.pdb
CIZ1___CHERP,4,3,A,B,0.0000,0.0,0.0,0.0000,0.4617,0.0000,0.0000,0.0,0.0,0.1900,24.5,46.9,0.290,0,0,0,0,,,,,898,916,,,,,CIZ1___CHERP_unrelaxed_rank_004_alphafold2_multimer_v3_model_3_seed_000.pdb
CIZ1___CHERP,5,5,A,B,0.0000,0.0,0.0,0.0000,0.2331,0.0000,0.0000,0.0,0.0,0.1800,24.2,47.6,0.280,0,0,0,0,,,,,898,916,,,,,CIZ1___CHERP_unrelaxed_rank_005_alphafold2_multimer_v3_model_5_seed_000.pdb
CSTB___CCNT1,1,1,A,B,0.0000,0.0,0.0,0.0000,0.3363,0.0000,0.0000,0.0,0.0,0.3200,79.7,43.9,0.400,0,0,0,0,,,,,98,726,,,,,CSTB___CCNT1_unrelaxed_rank_001_alphafold2_multimer_v3_model_1_seed_000.pdb
CSTB___CCNT1,2,5,A,B,0.0000,0.0,0.0,0.0000,0.1768,0.0000,0.0000,0.0,0.0,0.2200,79.7,43.9,0.390,0,0,0,0,,,,,98,726,,,,,CSTB___CCNT1_unrelaxed_rank_002_alphafold2_multimer_v3_model_5_seed_000.pdb
CSTB___CCNT1,3,4,A,B,0.0000,0.0,0.0,0.0000,0.2030,0.0000,0.0000,0.0,0.0,0.2100,79.1,43.9,0.380,0,0,0,0,,,,,98,726,,,,,CSTB___CCNT1_unrelaxed_rank_003_alphafold2_multimer_v3_model_4_seed_000.pdb
CSTB___CCNT1,4,3,A,B,0.0000,0.0,0.0,0.0000,0.1618,0.0000,0.0000,0.0,0.0,0.1700,78.6,44.2,0.380,0,0,0,0,,,,,98,726,,,,,CSTB___CCNT1_unrelaxed_rank_004_alphafold2_multimer_v3_model_3_seed_000.pdb
CSTB___CCNT1,5,2,A,B,0.0000,0.0,0.0,0.0000,0.1633,0.0000,0.0000,0.0,0.0,0.1600,80.8,46.3,0.410,0,0,0,0,,,,,98,726,,,,,CSTB___CCNT1_unrelaxed_rank_005_alphafold2_multimer_v3_model_2_seed_000.pdb
CSTB___EDC3,1,1,A,B,0.0000,0.0,0.0,0.0000,0.2284,0.0000,0.0000,0.0,0.0,0.2100,76.7,60.4,0.470,0,0,0,0,,,,,98,508,,,,,CSTB___EDC3_unrelaxed_rank_001_alphafold2_multimer_v3_model_1_seed_000.pdb
CSTB___EDC3,2,2,A,B,0.0000,0.0,0.0,0.0000,0.1381,0.0000,0.0000,0.0,0.0,0.1500,79.6,61.2,0.460,0,0,0,0,,,,,98,508,,,,,CSTB___EDC3_unrelaxed_rank_002_alphafold2_multimer_v3_model_2_seed_000.pdb
CSTB___EDC3,3,4,A,B,0.0000,0.0,0.0,0.0000,0.1228,0.0000,0.0000,0.0,0.0,0.1400,74.6,60.9,0.460,0,0,0,0,,,,,98,508,,,,,CSTB___EDC3_unrelaxed_rank_003_alphafold2_multimer_v3_model_4_seed_000.pdb
CSTB___EDC3,4,5,A,B,0.0000,0.0,0.0,0.0000,0.1444,0.0000,0.0000,0.0,0.0,0.1300,80.6,59.9,0.460,0,0,0,0,,,,,98,508,,,,,CSTB___EDC3_unrelaxed_rank_004_alphafold2_multimer_v3_model_5_seed_000.pdb
CSTB___EDC3,5,3,A,B,0.0000,0.0,0.0,0.0000,0.1108,0.0000,0.0000,0.0,0.0,0.1300,81.2,60.8,0.460,0,0,0,0,,,,,98,508,,,,,CSTB___EDC3_unrelaxed_rank_005_alphafold2_multimer_v3_model_3_seed_000.pdb
CSTB___PPP1R10,1,1,A,B,0.0000,0.0,0.0,0.0000,0.1521,0.0000,0.0000,0.0,0.0,0.1800,84.5,33.9,0.250,0,0,0,0,,,,,98,940,,,,,CSTB___PPP1R10_unrelaxed_rank_001_alphafold2_multimer_v3_model_1_seed_000.pdb
CSTB___PPP1R10,2,3,A,B,0.0000,0.0,0.0,0.0000,0.1388,0.0000,0.0000,0.0,0.0,0.1500,86.0,35.1,0.270,0,0,0,0,,,,,98,940,,,,,CSTB___PPP1R10_unrelaxed_rank_002_alphafold2_multimer_v3_model_3_seed_000.pdb
CSTB___PPP1R10,3,5,A,B,0.0000,0.0,0.0,0.0000,0.0000,0.0000,0.0000,0.0,0.0,0.1500,88.3,35.1,0.270,0,0,0,0,,,,,98,940,,,,,CSTB___PPP1R10_unrelaxed_rank_003_alphafold2_multimer_v3_model_5_seed_000.pdb
CSTB___PPP1R10,4,2,A,B,0.0000,0.0,0.0,0.0000,0.0000,0.0000,0.0000,0.0,0.0,0.1500,88.9,34.3,0.250,0,0,0,0,,,,,98,940,,,,,CSTB___PPP1R10_unrelaxed_rank_004_alphafold2_multimer_v3_model_2_seed_000.pdb
CSTB___PPP1R10,5,4,A,B,0.0000,0.0,0.0,0.0000,0.1068,0.0000,0.0000,0.0,0.0,0.1400,84.7,33.9,0.240,0,0,0,0,,,,,98,940,,,,,CSTB___PPP1R10_unrelaxed_rank_005_alphafold2_multimer_v3_model_4_seed_000.pdb
CSTB___U2SURP,1,3,A,B,0.0000,0.0,0.0,0.0000,0.3679,0.0000,0.0000,0.0,0.0,0.3200,84.2,49.5,0.310,0,0,0,0,,,,,98,1029,,,,,CSTB___U2SURP_unrelaxed_rank_001_alphafold2_multimer_v3_model_3_seed_000.pdb
CSTB___U2SURP,2,4,A,B,0.0000,0.0,0.0,0.0000,0.3212,0.0000,0.0000,0.0,0.0,0.2600,79.2,47.5,0.290,0,0,0,0,,,,,98,1029,,,,,CSTB___U2SURP_unrelaxed_rank_002_alphafold2_multimer_v3_model_4_seed_000.pdb
CSTB___U2SURP,3,2,A,B,0.0000,0.0,0.0,0.0000,0.2664,0.0000,0.0000,0.0,0.0,0.2500,82.4,50.6,0.300,0,0,0,0,,,,,98,1029,,,,,CSTB___U2SURP_unrelaxed_rank_003_alphafold2_multimer_v3_model_2_seed_000.pdb
CSTB___U2SURP,4,1,A,B,0.0000,0.0,0.0,0.0000,0.2778,0.0000,0.0000,0.0,0.0,0.2500,82.9,50.5,0.290,0,0,0,0,,,,,98,1029,,,,,CSTB___U2SURP_unrelaxed_rank_004_alphafold2_multimer_v3_model_1_seed_000.pdb
CSTB___U2SURP,5,5,A,B,0.0000,0.0,0.0,0.0000,0.2121,0.0000,0.0000,0.0,0.0,0.2200,82.2,49.0,0.300,0,0,0,0,,,,,98,1029,,,,,CSTB___U2SURP_unrelaxed_rank_005_alphafold2_multimer_v3_model_5_seed_000.pdb
EDC3___LUC7L2,1,3,A,B,0.0000,0.0,0.0,0.0000,0.1526,0.0000,0.0000,0.0,0.0,0.1600,61.0,57.1,0.370,0,0,0,0,,,,,508,392,,,,,EDC3___LUC7L2_unrelaxed_rank_001_alphafold2_multimer_v3_model_3_seed_000.pdb
EDC3___LUC7L2,2,1,A,B,0.0000,0.0,0.0,0.0000,0.1627,0.0000,0.0000,0.0,0.0,0.1600,63.1,52.8,0.370,0,0,0,0,,,,,508,392,,,,,EDC3___LUC7L2_unrelaxed_rank_002_alphafold2_multimer_v3_model_1_seed_000.pdb
EDC3___LUC7L2,3,2,A,B,0.0000,0.0,0.0,0.0000,0.2269,0.0000,0.0000,0.0,0.0,0.1500,62.4,56.5,0.370,0,0,0,0,,,,,508,392,,,,,EDC3___LUC7L2_unrelaxed_rank_003_alphafold2_multimer_v3_model_2_seed_000.pdb
EDC3___LUC7L2,4,5,A,B,0.0000,0.0,0.0,0.0000,0.2132,0.0000,0.0000,0.0,0.0,0.1400,62.4,57.6,0.360,0,0,0,0,,,,,508,392,,,,,EDC3___LUC7L2_unrelaxed_rank_004_alphafold2_multimer_v3_model_5_seed_000.pdb
EDC3___LUC7L2,5,4,A,B,0.0000,0.0,0.0,0.0000,0.1267,0.0000,0.0000,0.0,0.0,0.1300,61.7,55.9,0.360,0,0,0,0,,,,,508,392,,,,,EDC3___LUC7L2_unrelaxed_rank_005_alphafold2_multimer_v3_model_4_seed_000.pdb
EPB41___SAFB,1,5,A,B,0.2558,529.7,135.5,0.0955,0.8508,0.2094,0.3126,3422.0,82.0,0.3500,47.8,29.6,0.330,300,14,20,12,90.6,46.2,87.3,48.8,864,915,"[210-256,260-276,279-341,349-357,359-374,376-455,457-494,502-531]",[125-138],"[434-435,437-444,474,477,480-481,484,488-489,504-505,507]",[126-137],EPB41___SAFB_unrelaxed_rank_001_alphafold2_multimer_v3_model_5_seed_000.pdb
EPB41___SAFB,2,3,A,B,0.1866,853.7,159.3,0.0525,0.8468,0.1404,0.2481,4499.0,162.0,0.2800,49.0,29.5,0.340,307,96,38,32,85.8,69.1,74.3,60.2,864,915,"[212-218,220-223,225-226,230-243,245-256,262-275,280-319,322-324,326-328,330-337,353,362-364,366-368,370,372,378-388,390-424,427-453,462-490,512-524,781-808,811-826,828-859]","[215-223,406-482,560-567,572,574]","[434,437-443,477,480-481,484-485,782-793,798-799,803,834,849-857]","[215-222,418-420,422-423,427,431-442,561-566]",EPB41___SAFB_unrelaxed_rank_002_alphafold2_multimer_v3_model_3_seed_000.pdb
EPB41___SAFB,3,4,A,B,0.1803,942.5,169.9,0.0932,0.8248,0.1356,0.2396,6729.0,132.0,0.2600,48.5,29.0,0.320,314,98,31,27,85.2,72.0,79.1,64.3,864,915,"[213-223,230-255,263-272,274,281-340,350,353,355,362-372,374,377-405,407-424,427-453,462-492,509,512-523,781-807,813-858]","[129-145,405-484,562]","[434-435,437-442,452,477,480-481,484-485,488-491,513,515,783-792,796]","[129-134,137-140,418-420,422-423,431-442]",EPB41___SAFB_unrelaxed_rank_003_alphafold2_multimer_v3_model_4_seed_000.pdb
EPB41___SAFB,4,1,A,B,0.0109,2.4,0.0,0.0000,0.5139,0.0140,0.0085,3.0,2.0,0.2500,48.3,29.4,0.330,3,3,2,2,69.1,34.1,57.7,36.4,864,915,"[422,853,855]","[130,562,564]","[853,855]","[562,564]",EPB41___SAFB_unrelaxed_rank_004_alphafold2_multimer_v3_model_1_seed_000.pdb
EPB41___SAFB,5,2,A,B,0.0637,33.0,2.1,0.0117,0.5497,0.0575,0.0706,109.0,10.0,0.2100,48.5,31.5,0.340,63,13,6,7,92.6,31.0,70.9,32.0,864,915,"[214,216,234-241,245,247-248,251,253,264-265,270-271,283-284,286,288-289,300-301,303-307,309-311,381,393,399-401,411-412,415-416,421-422,431,433,436,439-441,446,467,469,476,479,485,513,517,853-856]","[129-133,560-567]","[439-441,853-855]","[130-132,562-565]",EPB41___SAFB_unrelaxed_rank_005_alphafold2_multimer_v3_model_2_seed_000.pdb
FUBP1___CSTB,1,1,A,B,0.0000,0.0,0.0,0.0000,0.2297,0.0000,0.0000,0.0,0.0,0.2700,45.4,77.7,0.240,0,0,0,0,,,,,644,98,,,,,FUBP1___CSTB_unrelaxed_rank_001_alphafold2_multimer_v3_model_1_seed_000.pdb
FUBP1___CSTB,2,4,A,B,0.0000,0.0,0.0,0.0000,0.2410,0.0000,0.0000,0.0,0.0,0.2700,42.0,76.6,0.240,0,0,0,0,,,,,644,98,,,,,FUBP1___CSTB_unrelaxed_rank_002_alphafold2_multimer_v3_model_4_seed_000.pdb
FUBP1___CSTB,3,3,A,B,0.0000,0.0,0.0,0.0000,0.1696,0.0000,0.0000,0.0,0.0,0.1900,42.6,70.3,0.220,0,0,0,0,,,,,644,98,,,,,FUBP1___CSTB_unrelaxed_rank_003_alphafold2_multimer_v3_model_3_seed_000.pdb
FUBP1___CSTB,4,5,A,B,0.0000,0.0,0.0,0.0000,0.1411,0.0000,0.0000,0.0,0.0,0.1800,44.8,79.4,0.230,0,0,0,0,,,,,644,98,,,,,FUBP1___CSTB_unrelaxed_rank_004_alphafold2_multimer_v3_model_5_seed_000.pdb
FUBP1___CSTB,5,2,A,B,0.0000,0.0,0.0,0.0000,0.1296,0.0000,0.0000,0.0,0.0,0.1700,45.5,75.9,0.220,0,0,0,0,,,,,644,98,,,,,FUBP1___CSTB_unrelaxed_rank_005_alphafold2_multimer_v3_model_2_seed_000.pdb
FUBP1___NCL,1,1,A,B,0.0000,0.0,0.0,0.0000,0.1841,0.0000,0.0000,0.0,0.0,0.1700,40.0,44.5,0.240,0,0,0,0,,,,,644,710,,,,,FUBP1___NCL_unrelaxed_rank_001_alphafold2_multimer_v3_model_1_seed_000.pdb
FUBP1___NCL,2,3,A,B,0.0000,0.0,0.0,0.0000,0.1889,0.0000,0.0000,0.0,0.0,0.1600,39.2,43.3,0.230,0,0,0,0,,,,,644,710,,,,,FUBP1___NCL_unrelaxed_rank_002_alphafold2_multimer_v3_model_3_seed_000.pdb
FUBP1___NCL,3,4,A,B,0.0000,0.0,0.0,0.0000,0.1974,0.0000,0.0000,0.0,0.0,0.1600,38.1,42.6,0.230,0,0,0,0,,,,,644,710,,,,,FUBP1___NCL_unrelaxed_rank_003_alphafold2_multimer_v3_model_4_seed_000.pdb
FUBP1___NCL,4,2,A,B,0.0000,0.0,0.0,0.0000,0.1674,0.0000,0.0000,0.0,0.0,0.1600,43.8,44.2,0.220,0,0,0,0,,,,,644,710,,,,,FUBP1___NCL_unrelaxed_rank_004_alphafold2_multimer_v3_model_2_seed_000.pdb
FUBP1___NCL,5,5,A,B,0.0000,0.0,0.0,0.0000,0.1788,0.0000,0.0000,0.0,0.0,0.1600,43.6,45.6,0.230,0,0,0,0,,,,,644,710,,,,,FUBP1___NCL_unrelaxed_rank_005_alphafold2_multimer_v3_model_5_seed_000.pdb
FUBP1___PDK1,1,4,A,B,0.0000,0.0,0.0,0.0000,0.3944,0.0000,0.0000,0.0,0.0,0.2800,39.8,77.2,0.440,0,0,0,0,,,,,644,436,,,,,FUBP1___PDK1_unrelaxed_rank_001_alphafold2_multimer_v3_model_4_seed_000.pdb
FUBP1___PDK1,2,1,A,B,0.0000,0.0,0.0,0.0000,0.4315,0.0000,0.0000,0.0,0.0,0.2800,41.1,77.1,0.440,0,0,0,0,,,,,644,436,,,,,FUBP1___PDK1_unrelaxed_rank_002_alphafold2_multimer_v3_model_1_seed_000.pdb
FUBP1___PDK1,3,5,A,B,0.0000,0.0,0.0,0.0000,0.4191,0.0000,0.0000,0.0,0.0,0.2600,41.8,78.9,0.440,0,0,0,0,,,,,644,436,,,,,FUBP1___PDK1_unrelaxed_rank_003_alphafold2_multimer_v3_model_5_seed_000.pdb
FUBP1___PDK1,4,3,A,B,0.0000,0.0,0.0,0.0000,0.4016,0.0168,0.0000,13.0,0.0,0.2400,39.6,77.4,0.450,1,13,0,0,30.0,92.8,,,644,436,[268],"[75,78,80,115,118,120-121,124,136,138,141,180,312]",,,FUBP1___PDK1_unrelaxed_rank_004_alphafold2_multimer_v3_model_3_seed_000.pdb
FUBP1___PDK1,5,2,A,B,0.0000,0.0,0.0,0.0000,0.3688,0.0000,0.0000,0.0,0.0,0.2300,41.8,77.8,0.430,0,0,0,0,,,,,644,436,,,,,FUBP1___PDK1_unrelaxed_rank_005_alphafold2_multimer_v3_model_2_seed_000.pdb
FUBP3___AGAP3,1,2,A,B,0.1083,109.0,11.8,0.0200,0.6636,0.0753,0.1557,743.0,16.0,0.2700,43.1,61.9,0.300,12,168,4,5,35.9,92.1,35.9,81.0,572,875,[516-527],"[629-696,698-708,714-718,720-740,748-771,776-778,788-808,811-813,815,822-823,825-826,833-834,836-838,840-841]","[516,519-520,523]","[662-663,666,680,683]",FUBP3___AGAP3_unrelaxed_rank_001_alphafold2_multimer_v3_model_2_seed_000.pdb
FUBP3___AGAP3,2,4,A,B,0.0205,2.4,0.1,0.0000,0.4962,0.0181,0.0233,3.0,2.0,0.2400,38.8,57.9,0.310,3,3,2,2,58.2,65.6,64.5,60.8,572,875,"[197-198,201]","[683,685-686]",[197-198],"[683,685]",FUBP3___AGAP3_unrelaxed_rank_002_alphafold2_multimer_v3_model_4_seed_000.pdb
FUBP3___AGAP3,3,1,A,B,0.0000,0.0,0.0,0.0000,0.3822,0.0000,0.0000,0.0,0.0,0.2200,39.3,57.9,0.300,0,0,0,0,,,,,572,875,,,,,FUBP3___AGAP3_unrelaxed_rank_003_alphafold2_multimer_v3_model_1_seed_000.pdb
FUBP3___AGAP3,4,5,A,B,0.0000,0.0,0.0,0.0000,0.1954,0.0000,0.0000,0.0,0.0,0.1700,42.9,60.9,0.290,0,0,0,0,,,,,572,875,,,,,FUBP3___AGAP3_unrelaxed_rank_004_alphafold2_multimer_v3_model_5_seed_000.pdb
FUBP3___AGAP3,5,3,A,B,0.0000,0.0,0.0,0.0000,0.1846,0.0000,0.0000,0.0,0.0,0.1700,41.1,60.2,0.290,0,0,0,0,,,,,572,875,,,,,FUBP3___AGAP3_unrelaxed_rank_005_alphafold2_multimer_v3_model_3_seed_000.pdb
FUBP3___DHX15,1,2,A,B,0.0000,0.0,0.0,0.0000,0.3941,0.0000,0.0000,0.0,0.0,0.2900,44.3,80.6,0.530,0,0,0,0,,,,,572,795,,,,,FUBP3___DHX15_unrelaxed_rank_001_alphafold2_multimer_v3_model_2_seed_000.pdb
FUBP3___DHX15,2,4,A,B,0.0000,0.0,0.0,0.0000,0.3556,0.0000,0.0000,0.0,0.0,0.2800,40.7,78.8,0.540,0,0,0,0,,,,,572,795,,,,,FUBP3___DHX15_unrelaxed_rank_002_alphafold2_multimer_v3_model_4_seed_000.pdb
FUBP3___DHX15,3,3,A,B,0.0000,0.0,0.0,0.0000,0.2958,0.0000,0.0000,0.0,0.0,0.2700,42.6,80.3,0.530,0,0,0,0,,,,,572,795,,,,,FUBP3___DHX15_unrelaxed_rank_003_alphafold2_multimer_v3_model_3_seed_000.pdb
FUBP3___DHX15,4,5,A,B,0.0000,0.0,0.0,0.0000,0.2126,0.0000,0.0000,0.0,0.0,0.2300,42.5,80.7,0.530,0,0,0,0,,,,,572,795,,,,,FUBP3___DHX15_unrelaxed_rank_004_alphafold2_multimer_v3_model_5_seed_000.pdb
FUBP3___DHX15,5,1,A,B,0.0000,0.0,0.0,0.0000,0.3244,0.0000,0.0000,0.0,0.0,0.2200,42.4,78.7,0.520,0,0,0,0,,,,,572,795,,,,,FUBP3___DHX15_unrelaxed_rank_005_alphafold2_multimer_v3_model_1_seed_000.pdb
FUBP3___RBM33,1,1,A,B,0.0000,0.0,0.0,0.0000,0.2129,0.0000,0.0000,0.0,0.0,0.2000,47.0,21.2,0.220,0,0,0,0,,,,,572,1170,,,,,FUBP3___RBM33_unrelaxed_rank_001_alphafold2_multimer_v3_model_1_seed_000.pdb
FUBP3___RBM33,2,2,A,B,0.0000,0.0,0.0,0.0000,0.1841,0.0000,0.0000,0.0,0.0,0.2000,50.7,23.1,0.220,0,0,0,0,,,,,572,1170,,,,,FUBP3___RBM33_unrelaxed_rank_002_alphafold2_multimer_v3_model_2_seed_000.pdb
FUBP3___RBM33,3,4,A,B,0.0000,0.0,0.0,0.0000,0.2043,0.0000,0.0000,0.0,0.0,0.1900,46.2,21.6,0.210,0,0,0,0,,,,,572,1170,,,,,FUBP3___RBM33_unrelaxed_rank_003_alphafold2_multimer_v3_model_4_seed_000.pdb
FUBP3___RBM33,4,3,A,B,0.0000,0.0,0.0,0.0000,0.1948,0.0000,0.0000,0.0,0.0,0.1800,44.0,23.0,0.210,0,0,0,0,,,,,572,1170,,,,,FUBP3___RBM33_unrelaxed_rank_004_alphafold2_multimer_v3_model_3_seed_000.pdb
FUBP3___RBM33,5,5,A,B,0.0000,0.0,0.0,0.0000,0.2064,0.0000,0.0000,0.0,0.0,0.1800,50.2,23.2,0.210,0,0,0,0,,,,,572,1170,,,,,FUBP3___RBM33_unrelaxed_rank_005_alphafold2_multimer_v3_model_5_seed_000.pdb
FUS___DNAJA1,1,4,A,B,0.0000,0.0,0.0,0.0000,0.1659,0.0000,0.0000,0.0,0.0,0.1500,29.4,77.0,0.340,0,0,0,0,,,,,526,397,,,,,FUS___DNAJA1_unrelaxed_rank_001_alphafold2_multimer_v3_model_4_seed_000.pdb
FUS___DNAJA1,2,1,A,B,0.0000,0.0,0.0,0.0000,0.1246,0.0000,0.0000,0.0,0.0,0.1400,31.1,79.1,0.330,0,0,0,0,,,,,526,397,,,,,FUS___DNAJA1_unrelaxed_rank_002_alphafold2_multimer_v3_model_1_seed_000.pdb
FUS___DNAJA1,3,2,A,B,0.0000,0.0,0.0,0.0000,0.1215,0.0000,0.0000,0.0,0.0,0.1300,31.4,76.7,0.330,0,0,0,0,,,,,526,397,,,,,FUS___DNAJA1_unrelaxed_rank_003_alphafold2_multimer_v3_model_2_seed_000.pdb
FUS___DNAJA1,4,3,A,B,0.0000,0.0,0.0,0.0000,0.1392,0.0000,0.0000,0.0,0.0,0.1300,29.0,76.3,0.330,0,0,0,0,,,,,526,397,,,,,FUS___DNAJA1_unrelaxed_rank_004_alphafold2_multimer_v3_model_3_seed_000.pdb
FUS___DNAJA1,5,5,A,B,0.0000,0.0,0.0,0.0000,0.1188,0.0000,0.0000,0.0,0.0,0.1300,30.4,77.7,0.330,0,0,0,0,,,,,526,397,,,,,FUS___DNAJA1_unrelaxed_rank_005_alphafold2_multimer_v3_model_5_seed_000.pdb
FUS___PSPC1,1,2,A,B,0.0000,0.0,0.0,0.0000,0.1243,0.0000,0.0000,0.0,0.0,0.1400,31.6,60.6,0.330,0,0,0,0,,,,,526,523,,,,,FUS___PSPC1_unrelaxed_rank_001_alphafold2_multimer_v3_model_2_seed_000.pdb
FUS___PSPC1,2,1,A,B,0.0000,0.0,0.0,0.0000,0.1278,0.0000,0.0000,0.0,0.0,0.1300,31.1,61.7,0.330,0,0,0,0,,,,,526,523,,,,,FUS___PSPC1_unrelaxed_rank_002_alphafold2_multimer_v3_model_1_seed_000.pdb
FUS___PSPC1,3,5,A,B,0.0000,0.0,0.0,0.0000,0.1133,0.0000,0.0000,0.0,0.0,0.1300,30.5,60.5,0.330,0,0,0,0,,,,,526,523,,,,,FUS___PSPC1_unrelaxed_rank_003_alphafold2_multimer_v3_model_5_seed_000.pdb
FUS___PSPC1,4,4,A,B,0.0000,0.0,0.0,0.0000,0.1073,0.0000,0.0000,0.0,0.0,0.1300,30.7,60.3,0.330,0,0,0,0,,,,,526,523,,,,,FUS___PSPC1_unrelaxed_rank_004_alphafold2_multimer_v3_model_4_seed_000.pdb
FUS___PSPC1,5,3,A,B,0.0000,0.0,0.0,0.0000,0.1318,0.0000,0.0000,0.0,0.0,0.1300,29.2,60.5,0.330,0,0,0,0,,,,,526,523,,,,,FUS___PSPC1_unrelaxed_rank_005_alphafold2_multimer_v3_model_3_seed_000.pdb
FUS___RBM4,1,1,A,B,0.0000,0.0,0.0,0.0000,0.1834,0.0000,0.0000,0.0,0.0,0.1600,31.0,46.5,0.230,0,0,0,0,,,,,526,364,,,,,FUS___RBM4_unrelaxed_rank_001_alphafold2_multimer_v3_model_1_seed_000.pdb
FUS___RBM4,2,4,A,B,0.0000,0.0,0.0,0.0000,0.1880,0.0000,0.0000,0.0,0.0,0.1400,31.6,46.4,0.220,0,0,0,0,,,,,526,364,,,,,FUS___RBM4_unrelaxed_rank_002_alphafold2_multimer_v3_model_4_seed_000.pdb
FUS___RBM4,3,2,A,B,0.0000,0.0,0.0,0.0000,0.1737,0.0000,0.0000,0.0,0.0,0.1400,30.3,47.7,0.230,0,0,0,0,,,,,526,364,,,,,FUS___RBM4_unrelaxed_rank_003_alphafold2_multimer_v3_model_2_seed_000.pdb
FUS___RBM4,4,3,A,B,0.0000,0.0,0.0,0.0000,0.1656,0.0000,0.0000,0.0,0.0,0.1400,29.3,44.8,0.220,0,0,0,0,,,,,526,364,,,,,FUS___RBM4_unrelaxed_rank_004_alphafold2_multimer_v3_model_3_seed_000.pdb
FUS___RBM4,5,5,A,B,0.0000,0.0,0.0,0.0000,0.1335,0.0000,0.0000,0.0,0.0,0.1300,31.6,47.0,0.210,0,0,0,0,,,,,526,364,,,,,FUS___RBM4_unrelaxed_rank_005_alphafold2_multimer_v3_model_5_seed_000.pdb
FUS___TXN,1,1,A,B,0.0000,0.0,0.0,0.0000,0.2685,0.0000,0.0000,0.0,0.0,0.2200,33.7,90.4,0.270,0,0,0,0,,,,,526,105,,,,,FUS___TXN_unrelaxed_rank_001_alphafold2_multimer_v3_model_1_seed_000.pdb
FUS___TXN,2,4,A,B,0.0000,0.0,0.0,0.0000,0.1957,0.0000,0.0000,0.0,0.0,0.1800,32.8,87.5,0.260,0,0,0,0,,,,,526,105,,,,,FUS___TXN_unrelaxed_rank_002_alphafold2_multimer_v3_model_4_seed_000.pdb
FUS___TXN,3,2,A,B,0.0000,0.0,0.0,0.0000,0.2208,0.0000,0.0000,0.0,0.0,0.1600,31.5,89.2,0.260,0,0,0,0,,,,,526,105,,,,,FUS___TXN_unrelaxed_rank_003_alphafold2_multimer_v3_model_2_seed_000.pdb
FUS___TXN,4,3,A,B,0.0000,0.0,0.0,0.0000,0.1982,0.0000,0.0000,0.0,0.0,0.1500,31.9,87.8,0.260,0,0,0,0,,,,,526,105,,,,,FUS___TXN_unrelaxed_rank_004_alphafold2_multimer_v3_model_3_seed_000.pdb
FUS___TXN,5,5,A,B,0.0000,0.0,0.0,0.0000,0.2150,0.0000,0.0000,0.0,0.0,0.1400,32.2,88.5,0.260,0,0,0,0,,,,,526,105,,,,,FUS___TXN_unrelaxed_rank_005_alphafold2_multimer_v3_model_5_seed_000.pdb
HMGB1___U2SURP,1,3,A,B,0.0000,0.0,0.0,0.0000,0.3306,0.0000,0.0000,0.0,0.0,0.2000,57.4,49.4,0.290,0,0,0,0,,,,,215,1029,,,,,HMGB1___U2SURP_unrelaxed_rank_001_alphafold2_multimer_v3_model_3_seed_000.pdb
HMGB1___U2SURP,2,1,A,B,0.0000,0.0,0.0,0.0000,0.2433,0.0000,0.0000,0.0,0.0,0.2000,57.1,50.4,0.280,0,0,0,0,,,,,215,1029,,,,,HMGB1___U2SURP_unrelaxed_rank_002_alphafold2_multimer_v3_model_1_seed_000.pdb
HMGB1___U2SURP,3,2,A,B,0.0000,0.0,0.0,0.0000,0.1902,0.0000,0.0000,0.0,0.0,0.1700,56.1,50.8,0.290,0,0,0,0,,,,,215,1029,,,,,HMGB1___U2SURP_unrelaxed_rank_003_alphafold2_multimer_v3_model_2_seed_000.pdb
HMGB1___U2SURP,4,4,A,B,0.0000,0.0,0.0,0.0000,0.1645,0.0000,0.0000,0.0,0.0,0.1600,56.5,47.4,0.280,0,0,0,0,,,,,215,1029,,,,,HMGB1___U2SURP_unrelaxed_rank_004_alphafold2_multimer_v3_model_4_seed_000.pdb
HMGB1___U2SURP,5,5,A,B,0.0000,0.0,0.0,0.0000,0.1314,0.0000,0.0000,0.0,0.0,0.1500,60.2,49.3,0.290,0,0,0,0,,,,,215,1029,,,,,HMGB1___U2SURP_unrelaxed_rank_005_alphafold2_multimer_v3_model_5_seed_000.pdb
KHSRP___DNAJA1,1,1,A,B,0.0542,20.8,1.1,0.0000,0.4681,0.0487,0.0603,72.0,6.0,0.2600,42.3,76.0,0.320,2,51,2,4,40.0,90.9,40.0,89.6,711,397,[1-2],"[106,108-111,113-120,123-127,129-132,201-202,204-205,207,212-214,216,224,227,237-242,247,250-253,258-261,284,309,323]",[1-2],"[126-127,239,241]",KHSRP___DNAJA1_unrelaxed_rank_001_alphafold2_multimer_v3_model_1_seed_000.pdb
KHSRP___DNAJA1,2,5,A,B,0.0000,0.0,0.0,0.0000,0.1405,0.0000,0.0000,0.0,0.0,0.1500,40.6,76.9,0.310,0,0,0,0,,,,,711,397,,,,,KHSRP___DNAJA1_unrelaxed_rank_002_alphafold2_multimer_v3_model_5_seed_000.pdb
KHSRP___DNAJA1,3,3,A,B,0.0000,0.0,0.0,0.0000,0.1594,0.0000,0.0000,0.0,0.0,0.1400,38.0,75.5,0.310,0,0,0,0,,,,,711,397,,,,,KHSRP___DNAJA1_unrelaxed_rank_003_alphafold2_multimer_v3_model_3_seed_000.pdb
KHSRP___DNAJA1,4,2,A,B,0.0000,0.0,0.0,0.0000,0.1388,0.0000,0.0000,0.0,0.0,0.1400,41.8,75.7,0.310,0,0,0,0,,,,,711,397,,,,,KHSRP___DNAJA1_unrelaxed_rank_004_alphafold2_multimer_v3_model_2_seed_000.pdb
KHSRP___DNAJA1,5,4,A,B,0.0000,0.0,0.0,0.0000,0.1412,0.0000,0.0000,0.0,0.0,0.1400,38.5,75.2,0.310,0,0,0,0,,,,,711,397,,,,,KHSRP___DNAJA1_unrelaxed_rank_005_alphafold2_multimer_v3_model_4_seed_000.pdb
MATR3___FUBP3,1,2,A,B,0.0000,0.0,0.0,0.0000,0.3890,0.0000,0.0000,0.0,0.0,0.1800,43.3,50.2,0.230,0,0,0,0,,,,,847,572,,,,,MATR3___FUBP3_unrelaxed_rank_001_alphafold2_multimer_v3_model_2_seed_000.pdb
MATR3___FUBP3,2,1,A,B,0.0000,0.0,0.0,0.0000,0.1727,0.0000,0.0000,0.0,0.0,0.1700,38.3,44.1,0.230,0,0,0,0,,,,,847,572,,,,,MATR3___FUBP3_unrelaxed_rank_002_alphafold2_multimer_v3_model_1_seed_000.pdb
MATR3___FUBP3,3,4,A,B,0.0000,0.0,0.0,0.0000,0.3542,0.0000,0.0000,0.0,0.0,0.1700,38.9,44.8,0.220,0,0,0,0,,,,,847,572,,,,,MATR3___FUBP3_unrelaxed_rank_003_alphafold2_multimer_v3_model_4_seed_000.pdb
MATR3___FUBP3,4,3,A,B,0.0000,0.0,0.0,0.0000,0.2033,0.0000,0.0000,0.0,0.0,0.1700,40.3,44.8,0.230,0,0,0,0,,,,,847,572,,,,,MATR3___FUBP3_unrelaxed_rank_004_alphafold2_multimer_v3_model_3_seed_000.pdb
MATR3___FUBP3,5,5,A,B,0.0000,0.0,0.0,0.0000,0.1586,0.0000,0.0000,0.0,0.0,0.1600,42.4,49.1,0.220,0,0,0,0,,,,,847,572,,,,,MATR3___FUBP3_unrelaxed_rank_005_alphafold2_multimer_v3_model_5_seed_000.pdb
MATR3___SET,1,5,A,B,0.0000,0.0,0.0,0.0000,0.2702,0.0000,0.0000,0.0,0.0,0.2600,41.1,61.7,0.290,0,0,0,0,,,,,847,290,,,,,MATR3___SET_unrelaxed_rank_001_alphafold2_multimer_v3_model_5_seed_000.pdb
MATR3___SET,2,3,A,B,0.0000,0.0,0.0,0.0000,0.1936,0.0000,0.0000,0.0,0.0,0.2100,39.0,59.3,0.280,0,0,0,0,,,,,847,290,,,,,MATR3___SET_unrelaxed_rank_002_alphafold2_multimer_v3_model_3_seed_000.pdb
MATR3___SET,3,1,A,B,0.0000,0.0,0.0,0.0000,0.1954,0.0000,0.0000,0.0,0.0,0.2000,37.8,59.4,0.280,0,0,0,0,,,,,847,290,,,,,MATR3___SET_unrelaxed_rank_003_alphafold2_multimer_v3_model_1_seed_000.pdb
MATR3___SET,4,4,A,B,0.0000,0.0,0.0,0.0000,0.2117,0.0000,0.0000,0.0,0.0,0.1900,38.1,58.9,0.270,0,0,0,0,,,,,847,290,,,,,MATR3___SET_unrelaxed_rank_004_alphafold2_multimer_v3_model_4_seed_000.pdb
MATR3___SET,5,2,A,B,0.0000,0.0,0.0,0.0000,0.1997,0.0000,0.0000,0.0,0.0,0.1800,39.0,61.9,0.280,0,0,0,0,,,,,847,290,,,,,MATR3___SET_unrelaxed_rank_005_alphafold2_multimer_v3_model_2_seed_000.pdb
MRPL12___GFP,1,2,A,B,0.0000,0.0,0.0,0.0000,0.1067,0.0000,0.0000,0.0,0.0,0.1400,46.1,92.4,0.550,0,0,0,0,,,,,198,238,,,,,MRPL12___GFP_unrelaxed_rank_001_alphafold2_multimer_v3_model_2_seed_000.pdb
MRPL12___GFP,2,4,A,B,0.0000,0.0,0.0,0.0000,0.1111,0.0000,0.0000,0.0,0.0,0.1300,47.3,92.0,0.550,0,0,0,0,,,,,198,238,,,,,MRPL12___GFP_unrelaxed_rank_002_alphafold2_multimer_v3_model_4_seed_000.pdb
MRPL12___GFP,3,1,A,B,0.0000,0.0,0.0,0.0000,0.0800,0.0000,0.0000,0.0,0.0,0.1100,45.2,91.0,0.540,0,0,0,0,,,,,198,238,,,,,MRPL12___GFP_unrelaxed_rank_003_alphafold2_multimer_v3_model_1_seed_000.pdb
MRPL12___GFP,4,3,A,B,0.0000,0.0,0.0,0.0000,0.0948,0.0000,0.0000,0.0,0.0,0.1100,48.5,92.1,0.540,0,0,0,0,,,,,198,238,,,,,MRPL12___GFP_unrelaxed_rank_004_alphafold2_multimer_v3_model_3_seed_000.pdb
MRPL12___GFP,5,5,A,B,0.0000,0.0,0.0,0.0000,0.0835,0.0000,0.0000,0.0,0.0,0.1000,44.2,92.8,0.540,0,0,0,0,,,,,198,238,,,,,MRPL12___GFP_unrelaxed_rank_005_alphafold2_multimer_v3_model_5_seed_000.pdb
MRPL12___PCBP2,1,3,A,B,0.0000,0.0,0.0,0.0000,0.1229,0.0000,0.0000,0.0,0.0,0.1400,45.9,62.8,0.370,0,0,0,0,,,,,198,365,,,,,MRPL12___PCBP2_unrelaxed_rank_001_alphafold2_multimer_v3_model_3_seed_000.pdb
MRPL12___PCBP2,2,4,A,B,0.0000,0.0,0.0,0.0000,0.1796,0.0000,0.0000,0.0,0.0,0.1200,49.2,64.8,0.360,0,0,0,0,,,,,198,365,,,,,MRPL12___PCBP2_unrelaxed_rank_002_alphafold2_multimer_v3_model_4_seed_000.pdb
MRPL12___PCBP2,3,5,A,B,0.0000,0.0,0.0,0.0000,0.1062,0.0000,0.0000,0.0,0.0,0.1100,45.6,65.4,0.370,0,0,0,0,,,,,198,365,,,,,MRPL12___PCBP2_unrelaxed_rank_003_alphafold2_multimer_v3_model_5_seed_000.pdb
MRPL12___PCBP2,4,1,A,B,0.0000,0.0,0.0,0.0000,0.0973,0.0000,0.0000,0.0,0.0,0.1100,43.0,63.6,0.360,0,0,0,0,,,,,198,365,,,,,MRPL12___PCBP2_unrelaxed_rank_004_alphafold2_multimer_v3_model_1_seed_000.pdb
MRPL12___PCBP2,5,2,A,B,0.0000,0.0,0.0,0.0000,0.0853,0.0000,0.0000,0.0,0.0,0.1000,47.5,64.7,0.340,0,0,0,0,,,,,198,365,,,,,MRPL12___PCBP2_unrelaxed_rank_005_alphafold2_multimer_v3_model_2_seed_000.pdb
NASP___KHSRP,1,5,A,B,0.1006,307.8,31.0,0.0162,0.6875,0.0900,0.1125,2561.0,37.0,0.2700,38.3,40.5,0.310,208,21,20,13,92.5,40.8,92.1,42.0,788,711,"[39-102,511,513-626,633-661]","[1-8,73-85]","[70-71,79-80,88,516-517,520-521,523-524,581-582,584-585,588-589,638,641,645]","[1,3-6,74-75,77-78,80-82,85]",NASP___KHSRP_unrelaxed_rank_001_alphafold2_multimer_v3_model_5_seed_000.pdb
NASP___KHSRP,2,4,A,B,0.0246,59.6,1.5,0.0122,0.5480,0.0281,0.0216,395.0,9.0,0.2400,37.3,36.1,0.320,170,7,7,3,89.7,29.4,90.8,30.2,788,711,"[43,45-47,50-56,59-75,77,81-84,87-94,96-100,514,516-529,531-532,534-545,547,549-567,569-588,593-609,611-626,634-650,653-654,656-658]",[1-7],"[550,581-582,584-585,588,645]","[1-2,4]",NASP___KHSRP_unrelaxed_rank_002_alphafold2_multimer_v3_model_4_seed_000.pdb
NASP___KHSRP,3,1,A,B,0.0000,0.0,0.0,0.0000,0.4147,0.0000,0.0000,0.0,0.0,0.2300,37.5,37.2,0.310,0,0,0,0,,,,,788,711,,,,,NASP___KHSRP_unrelaxed_rank_003_alphafold2_multimer_v3_model_1_seed_000.pdb
NASP___KHSRP,4,3,A,B,0.0277,51.4,1.4,0.0113,0.5425,0.0285,0.0269,440.0,6.0,0.2200,37.1,35.8,0.310,129,8,5,3,89.8,41.1,82.2,41.3,788,711,"[39-56,58-101,514-530,532,534-553,556-569,571-573,575,582,585-586,588-589,592-593,600,603,613,652]",[74-81],"[516-517,520-521,524]","[77-78,81]",NASP___KHSRP_unrelaxed_rank_004_alphafold2_multimer_v3_model_3_seed_000.pdb
NASP___KHSRP,5,2,A,B,0.0000,0.0,0.0,0.0000,0.4381,0.0000,0.0000,0.0,0.0,0.2100,39.0,40.0,0.310,0,0,0,0,,,,,788,711,,,,,NASP___KHSRP_unrelaxed_rank_005_alphafold2_multimer_v3_model_2_seed_000.pdb
NASP___MRPL12,1,1,A,B,0.2690,444.9,119.7,0.0280,0.8278,0.2085,0.3470,3881.0,51.0,0.2600,40.6,45.5,0.360,212,21,15,13,93.4,39.9,92.1,44.1,788,198,"[39-103,512-627,632-662]",[26-46],"[100,581-582,584-585,588-589,592,638,641-642,644-645,648-649]","[29-34,36-41,43]",NASP___MRPL12_unrelaxed_rank_001_alphafold2_multimer_v3_model_1_seed_000.pdb
NASP___MRPL12,2,3,A,B,0.1020,204.9,20.9,0.0158,0.5891,0.1085,0.0958,1750.0,24.0,0.2500,39.8,45.9,0.350,208,14,12,8,92.9,29.4,92.5,29.6,788,198,"[39-102,513-627,633-661]",[31-44],"[588-589,592,637-638,641-642,644-645,648,651-652]","[33-34,36-39,41-42]",NASP___MRPL12_unrelaxed_rank_002_alphafold2_multimer_v3_model_3_seed_000.pdb
NASP___MRPL12,3,4,A,B,0.0236,56.6,1.3,0.0000,0.4744,0.0241,0.0232,534.0,6.0,0.2300,40.3,43.9,0.360,189,5,6,2,94.0,25.4,92.4,25.4,788,198,"[42-56,58-77,81-94,96-100,514-532,534-566,568-576,578-626,634-658]",[10-14],"[581,585,638,641-642,645]","[10,13]",NASP___MRPL12_unrelaxed_rank_003_alphafold2_multimer_v3_model_4_seed_000.pdb
NASP___MRPL12,4,2,A,B,0.1762,311.0,54.8,0.0187,0.7080,0.1338,0.2319,2763.0,35.0,0.2200,41.1,50.4,0.360,212,19,13,9,94.8,32.8,93.7,35.9,788,198,"[39-103,512-627,632-662]",[28-46],"[100,581-582,585,588-589,592,641-642,644-645,648-649]","[30,32-34,36-39,41]",NASP___MRPL12_unrelaxed_rank_004_alphafold2_multimer_v3_model_2_seed_000.pdb
NASP___MRPL12,5,5,A,B,0.0233,6.3,0.1,0.0000,0.3890,0.0181,0.0300,40.0,1.0,0.2100,40.3,44.0,0.350,25,6,1,1,94.3,29.8,92.0,30.3,788,198,"[54-55,62,100,519,529,542,560,566,568,572,582-584,593,599,602,617,638,640-642,644-645,648]",[32-37],[641],[37],NASP___MRPL12_unrelaxed_rank_005_alphafold2_multimer_v3_model_5_seed_000.pdb
NASP___TLE3,1,2,A,B,0.1593,403.8,64.3,0.0188,0.7742,0.1324,0.1918,2861.0,57.0,0.3700,38.2,54.2,0.340,12,305,7,23,49.0,92.6,52.2,91.9,788,772,[710-721],"[447-452,458-461,463-464,466-468,472-495,498-515,522-562,565-670,672-772]","[712,715-720]","[488,490,534,536,580,596-598,619-620,622,638-639,661,663,679,702,704,720,742-743,745,761]",NASP___TLE3_unrelaxed_rank_001_alphafold2_multimer_v3_model_2_seed_000.pdb
NASP___TLE3,2,5,A,B,0.3145,454.6,143.0,0.1804,0.9170,0.2510,0.3940,3757.0,55.0,0.3300,36.8,54.1,0.340,217,16,17,11,88.2,45.8,86.7,51.5,788,772,"[39-105,512-661]",[348-363],"[100,550,553,581-582,584-585,588-589,592,610,614,638,641,645,648-649]","[348,350-351,353-360]",NASP___TLE3_unrelaxed_rank_002_alphafold2_multimer_v3_model_5_seed_000.pdb
NASP___TLE3,3,4,A,B,0.2333,531.6,124.0,0.1535,0.8763,0.1819,0.2993,4348.0,65.0,0.3200,37.3,51.6,0.340,224,235,17,18,85.9,86.9,80.3,66.2,788,772,"[39-104,141,143-150,512-628,630-661]","[348-364,448-451,463,473-474,477,479-480,482-483,485,487-495,500-504,509-513,525-527,531-535,538-542,545-550,552-561,567-573,576-586,588,590-592,596-605,608-614,617-627,630,632-636,638-647,652,654-665,667,673-675,677,681-687,693-700,702-704,706-716,718,720-728,734-738,740,743-761,763-771]","[144,147,150,581-582,584-585,588-589,592,610,614,638,641,645,648-649]","[349-351,353-359,488,490,534,552,702,720,743,745]",NASP___TLE3_unrelaxed_rank_003_alphafold2_multimer_v3_model_4_seed_000.pdb
NASP___TLE3,4,3,A,B,0.2728,432.5,118.0,0.0937,0.8890,0.2183,0.3409,3598.0,52.0,0.3200,36.7,53.7,0.340,213,18,18,10,88.6,42.5,87.1,48.1,788,772,"[39-102,104,512-628,631-661]",[347-364],"[100,550,553,581-582,584-585,588-589,592,610,614,638,641,644-645,648-649]","[348-351,353-354,356-359]",NASP___TLE3_unrelaxed_rank_004_alphafold2_multimer_v3_model_3_seed_000.pdb
NASP___TLE3,5,1,A,B,0.2767,408.2,112.9,0.1141,0.8818,0.2179,0.3514,3204.0,52.0,0.3200,36.7,52.7,0.340,211,15,17,9,88.2,43.4,87.0,48.0,788,772,"[39-102,513-628,631-661]",[348-362],"[55,550,553,581-582,584-585,588-589,592,610,614,638,641,645,648-649]","[350-351,353-354,356-359,361]",NASP___TLE3_unrelaxed_rank_005_alphafold2_multimer_v3_model_1_seed_000.pdb
NCL___ANP32A,1,4,A,B,0.0000,0.0,0.0,0.0000,0.3357,0.0000,0.0000,0.0,0.0,0.2700,42.0,61.3,0.290,0,0,0,0,,,,,710,249,,,,,NCL___ANP32A_unrelaxed_rank_001_alphafold2_multimer_v3_model_4_seed_000.pdb
NCL___ANP32A,2,3,A,B,0.0000,0.0,0.0,0.0000,0.3763,0.0000,0.0000,0.0,0.0,0.2600,44.5,60.8,0.300,0,0,0,0,,,,,710,249,,,,,NCL___ANP32A_unrelaxed_rank_002_alphafold2_multimer_v3_model_3_seed_000.pdb
NCL___ANP32A,3,1,A,B,0.0000,0.0,0.0,0.0000,0.3165,0.0000,0.0000,0.0,0.0,0.2200,43.5,62.8,0.300,0,0,0,0,,,,,710,249,,,,,NCL___ANP32A_unrelaxed_rank_003_alphafold2_multimer_v3_model_1_seed_000.pdb
NCL___ANP32A,4,5,A,B,0.0000,0.0,0.0,0.0000,0.2146,0.0000,0.0000,0.0,0.0,0.1900,45.3,63.3,0.280,0,0,0,0,,,,,710,249,,,,,NCL___ANP32A_unrelaxed_rank_004_alphafold2_multimer_v3_model_5_seed_000.pdb
NCL___ANP32A,5,2,A,B,0.0000,0.0,0.0,0.0000,0.1739,0.0000,0.0000,0.0,0.0,0.1800,43.5,63.1,0.280,0,0,0,0,,,,,710,249,,,,,NCL___ANP32A_unrelaxed_rank_005_alphafold2_multimer_v3_model_2_seed_000.pdb
NCL___CDC5L,1,5,A,B,0.0000,0.0,0.0,0.0000,0.1486,0.0000,0.0000,0.0,0.0,0.1700,42.4,57.2,0.250,0,0,0,0,,,,,710,802,,,,,NCL___CDC5L_unrelaxed_rank_001_alphafold2_multimer_v3_model_5_seed_000.pdb
NCL___CDC5L,2,2,A,B,0.0000,0.0,0.0,0.0000,0.1644,0.0000,0.0000,0.0,0.0,0.1700,43.1,54.8,0.240,0,0,0,0,,,,,710,802,,,,,NCL___CDC5L_unrelaxed_rank_002_alphafold2_multimer_v3_model_2_seed_000.pdb
NCL___CDC5L,3,1,A,B,0.0000,0.0,0.0,0.0000,0.1712,0.0000,0.0000,0.0,0.0,0.1600,42.3,56.1,0.250,0,0,0,0,,,,,710,802,,,,,NCL___CDC5L_unrelaxed_rank_003_alphafold2_multimer_v3_model_1_seed_000.pdb
NCL___CDC5L,4,3,A,B,0.0000,0.0,0.0,0.0000,0.1513,0.0000,0.0000,0.0,0.0,0.1600,41.6,58.8,0.260,0,0,0,0,,,,,710,802,,,,,NCL___CDC5L_unrelaxed_rank_004_alphafold2_multimer_v3_model_3_seed_000.pdb
NCL___CDC5L,5,4,A,B,0.0000,0.0,0.0,0.0000,0.1557,0.0000,0.0000,0.0,0.0,0.1500,41.6,52.4,0.240,0,0,0,0,,,,,710,802,,,,,NCL___CDC5L_unrelaxed_rank_005_alphafold2_multimer_v3_model_4_seed_000.pdb
NONO___ATXN2L,1,2,A,B,0.0000,0.0,0.0,0.0000,0.1662,0.0000,0.0000,0.0,0.0,0.1700,65.5,24.2,0.300,0,0,0,0,,,,,471,1075,,,,,NONO___ATXN2L_unrelaxed_rank_001_alphafold2_multimer_v3_model_2_seed_000.pdb
NONO___ATXN2L,2,1,A,B,0.0000,0.0,0.0,0.0000,0.1674,0.0000,0.0000,0.0,0.0,0.1600,65.2,23.9,0.290,0,0,0,0,,,,,471,1075,,,,,NONO___ATXN2L_unrelaxed_rank_002_alphafold2_multimer_v3_model_1_seed_000.pdb
NONO___ATXN2L,3,3,A,B,0.0000,0.0,0.0,0.0000,0.1619,0.0000,0.0000,0.0,0.0,0.1600,64.3,24.4,0.300,0,0,0,0,,,,,471,1075,,,,,NONO___ATXN2L_unrelaxed_rank_003_alphafold2_multimer_v3_model_3_seed_000.pdb
NONO___ATXN2L,4,5,A,B,0.0000,0.0,0.0,0.0000,0.1594,0.0000,0.0000,0.0,0.0,0.1500,64.1,24.9,0.290,0,0,0,0,,,,,471,1075,,,,,NONO___ATXN2L_unrelaxed_rank_004_alphafold2_multimer_v3_model_5_seed_000.pdb
NONO___ATXN2L,5,4,A,B,0.0000,0.0,0.0,0.0000,0.1698,0.0000,0.0000,0.0,0.0,0.1600,61.3,22.8,0.280,0,0,0,0,,,,,471,1075,,,,,NONO___ATXN2L_unrelaxed_rank_005_alphafold2_multimer_v3_model_4_seed_000.pdb
NONO___DDX17,1,1,A,B,0.0000,0.0,0.0,0.0000,0.4463,0.0000,0.0000,0.0,0.0,0.1700,61.0,59.3,0.370,0,0,0,0,,,,,471,729,,,,,NONO___DDX17_unrelaxed_rank_001_alphafold2_multimer_v3_model_1_seed_000.pdb
NONO___DDX17,2,3,A,B,0.0000,0.0,0.0,0.0000,0.1368,0.0000,0.0000,0.0,0.0,0.1400,60.9,59.9,0.400,0,0,0,0,,,,,471,729,,,,,NONO___DDX17_unrelaxed_rank_002_alphafold2_multimer_v3_model_3_seed_000.pdb
NONO___DDX17,3,2,A,B,0.0000,0.0,0.0,0.0000,0.1449,0.0000,0.0000,0.0,0.0,0.1400,60.1,60.8,0.360,0,0,0,0,,,,,471,729,,,,,NONO___DDX17_unrelaxed_rank_003_alphafold2_multimer_v3_model_2_seed_000.pdb
NONO___DDX17,4,5,A,B,0.0000,0.0,0.0,0.0000,0.1215,0.0000,0.0000,0.0,0.0,0.1400,60.7,59.8,0.360,0,0,0,0,,,,,471,729,,,,,NONO___DDX17_unrelaxed_rank_004_alphafold2_multimer_v3_model_5_seed_000.pdb
NONO___DDX17,5,4,A,B,0.0000,0.0,0.0,0.0000,0.1870,0.0000,0.0000,0.0,0.0,0.1400,59.2,59.1,0.360,0,0,0,0,,,,,471,729,,,,,NONO___DDX17_unrelaxed_rank_005_alphafold2_multimer_v3_model_4_seed_000.pdb
NONO___DHX15,1,1,A,B,0.0000,0.0,0.0,0.0000,0.1694,0.0000,0.0000,0.0,0.0,0.1700,54.5,79.1,0.520,0,0,0,0,,,,,471,795,,,,,NONO___DHX15_unrelaxed_rank_001_alphafold2_multimer_v3_model_1_seed_000.pdb
NONO___DHX15,2,4,A,B,0.0000,0.0,0.0,0.0000,0.1439,0.0000,0.0000,0.0,0.0,0.1500,55.1,79.6,0.550,0,0,0,0,,,,,471,795,,,,,NONO___DHX15_unrelaxed_rank_002_alphafold2_multimer_v3_model_4_seed_000.pdb
NONO___DHX15,3,3,A,B,0.0000,0.0,0.0,0.0000,0.1359,0.0000,0.0000,0.0,0.0,0.1500,55.3,79.7,0.550,0,0,0,0,,,,,471,795,,,,,NONO___DHX15_unrelaxed_rank_003_alphafold2_multimer_v3_model_3_seed_000.pdb
NONO___DHX15,4,5,A,B,0.0000,0.0,0.0,0.0000,0.1479,0.0000,0.0000,0.0,0.0,0.1400,56.3,79.8,0.540,0,0,0,0,,,,,471,795,,,,,NONO___DHX15_unrelaxed_rank_004_alphafold2_multimer_v3_model_5_seed_000.pdb
NONO___DHX15,5,2,A,B,0.0000,0.0,0.0,0.0000,0.1318,0.0000,0.0000,0.0,0.0,0.1400,52.5,79.0,0.520,0,0,0,0,,,,,471,795,,,,,NONO___DHX15_unrelaxed_rank_005_alphafold2_multimer_v3_model_2_seed_000.pdb
PCBP2___CCNT1,1,4,A,B,0.0000,0.0,0.0,0.0000,0.2075,0.0000,0.0000,0.0,0.0,0.2000,56.1,41.4,0.340,0,0,0,0,,,,,365,726,,,,,PCBP2___CCNT1_unrelaxed_rank_001_alphafold2_multimer_v3_model_4_seed_000.pdb
PCBP2___CCNT1,2,1,A,B,0.0000,0.0,0.0,0.0000,0.3244,0.0000,0.0000,0.0,0.0,0.1800,54.1,42.9,0.350,0,0,0,0,,,,,365,726,,,,,PCBP2___CCNT1_unrelaxed_rank_002_alphafold2_multimer_v3_model_1_seed_000.pdb
PCBP2___CCNT1,3,2,A,B,0.0000,0.0,0.0,0.0000,0.1707,0.0000,0.0000,0.0,0.0,0.1700,59.4,45.0,0.360,0,0,0,0,,,,,365,726,,,,,PCBP2___CCNT1_unrelaxed_rank_003_alphafold2_multimer_v3_model_2_seed_000.pdb
PCBP2___CCNT1,4,3,A,B,0.0000,0.0,0.0,0.0000,0.2354,0.0000,0.0000,0.0,0.0,0.1600,56.2,42.5,0.340,0,0,0,0,,,,,365,726,,,,,PCBP2___CCNT1_unrelaxed_rank_004_alphafold2_multimer_v3_model_3_seed_000.pdb
PCBP2___CCNT1,5,5,A,B,0.0000,0.0,0.0,0.0000,0.2012,0.0000,0.0000,0.0,0.0,0.1600,58.1,42.9,0.340,0,0,0,0,,,,,365,726,,,,,PCBP2___CCNT1_unrelaxed_rank_005_alphafold2_multimer_v3_model_5_seed_000.pdb
PCBP2___DAZAP1,1,1,A,B,0.0000,0.0,0.0,0.0000,0.1494,0.0000,0.0000,0.0,0.0,0.1700,60.7,42.6,0.320,0,0,0,0,,,,,365,407,,,,,PCBP2___DAZAP1_unrelaxed_rank_001_alphafold2_multimer_v3_model_1_seed_000.pdb
PCBP2___DAZAP1,2,4,A,B,0.0000,0.0,0.0,0.0000,0.1384,0.0000,0.0000,0.0,0.0,0.1300,63.0,40.3,0.310,0,0,0,0,,,,,365,407,,,,,PCBP2___DAZAP1_unrelaxed_rank_002_alphafold2_multimer_v3_model_4_seed_000.pdb
PCBP2___DAZAP1,3,5,A,B,0.0000,0.0,0.0,0.0000,0.1088,0.0000,0.0000,0.0,0.0,0.1200,63.4,41.9,0.310,0,0,0,0,,,,,365,407,,,,,PCBP2___DAZAP1_unrelaxed_rank_003_alphafold2_multimer_v3_model_5_seed_000.pdb
PCBP2___DAZAP1,4,2,A,B,0.0000,0.0,0.0,0.0000,0.1071,0.0000,0.0000,0.0,0.0,0.1200,63.5,43.1,0.300,0,0,0,0,,,,,365,407,,,,,PCBP2___DAZAP1_unrelaxed_rank_004_alphafold2_multimer_v3_model_2_seed_000.pdb
PCBP2___DAZAP1,5,3,A,B,0.0000,0.0,0.0,0.0000,0.1260,0.0000,0.0000,0.0,0.0,0.1200,59.8,40.2,0.310,0,0,0,0,,,,,365,407,,,,,PCBP2___DAZAP1_unrelaxed_rank_005_alphafold2_multimer_v3_model_3_seed_000.pdb
PCBP2___DHX15,1,5,A,B,0.0000,0.0,0.0,0.0000,0.1788,0.0000,0.0000,0.0,0.0,0.1700,54.2,79.8,0.580,0,0,0,0,,,,,365,795,,,,,PCBP2___DHX15_unrelaxed_rank_001_alphafold2_multimer_v3_model_5_seed_000.pdb
PCBP2___DHX15,2,3,A,B,0.0000,0.0,0.0,0.0000,0.1483,0.0000,0.0000,0.0,0.0,0.1600,53.4,80.0,0.580,0,0,0,0,,,,,365,795,,,,,PCBP2___DHX15_unrelaxed_rank_002_alphafold2_multimer_v3_model_3_seed_000.pdb
PCBP2___DHX15,3,1,A,B,0.0000,0.0,0.0,0.0000,0.1740,0.0000,0.0000,0.0,0.0,0.1700,51.6,78.9,0.560,0,0,0,0,,,,,365,795,,,,,PCBP2___DHX15_unrelaxed_rank_003_alphafold2_multimer_v3_model_1_seed_000.pdb
PCBP2___DHX15,4,2,A,B,0.0000,0.0,0.0,0.0000,0.1532,0.0000,0.0000,0.0,0.0,0.1600,55.1,79.3,0.560,0,0,0,0,,,,,365,795,,,,,PCBP2___DHX15_unrelaxed_rank_004_alphafold2_multimer_v3_model_2_seed_000.pdb
PCBP2___DHX15,5,4,A,B,0.0000,0.0,0.0,0.0000,0.1596,0.0000,0.0000,0.0,0.0,0.1500,52.3,79.4,0.580,0,0,0,0,,,,,365,795,,,,,PCBP2___DHX15_unrelaxed_rank_005_alphafold2_multimer_v3_model_4_seed_000.pdb
PCBP2___LUC7L2,1,4,A,B,0.1743,778.5,135.7,0.1478,0.6926,0.1233,0.2465,12370.0,49.0,0.4100,59.8,59.7,0.420,74,211,13,12,81.1,84.6,77.0,80.8,365,392,[287-360],"[27-177,179,181-239]","[299-300,303,306-307,310-311,320,322-323,325-326,328]","[50-55,57-58,103,107,212-213]",PCBP2___LUC7L2_unrelaxed_rank_001_alphafold2_multimer_v3_model_4_seed_000.pdb
PCBP2___LUC7L2,2,3,A,B,0.0000,0.0,0.0,0.0000,0.1519,0.0000,0.0000,0.0,0.0,0.1500,58.6,58.8,0.370,0,0,0,0,,,,,365,392,,,,,PCBP2___LUC7L2_unrelaxed_rank_002_alphafold2_multimer_v3_model_3_seed_000.pdb
PCBP2___LUC7L2,3,1,A,B,0.0000,0.0,0.0,0.0000,0.1269,0.0000,0.0000,0.0,0.0,0.1300,58.0,61.0,0.370,0,0,0,0,,,,,365,392,,,,,PCBP2___LUC7L2_unrelaxed_rank_003_alphafold2_multimer_v3_model_1_seed_000.pdb
PCBP2___LUC7L2,4,2,A,B,0.0000,0.0,0.0,0.0000,0.1363,0.0000,0.0000,0.0,0.0,0.1300,60.3,58.5,0.360,0,0,0,0,,,,,365,392,,,,,PCBP2___LUC7L2_unrelaxed_rank_004_alphafold2_multimer_v3_model_2_seed_000.pdb
PCBP2___LUC7L2,5,5,A,B,0.0000,0.0,0.0,0.0000,0.1510,0.0000,0.0000,0.0,0.0,0.1200,60.1,59.4,0.360,0,0,0,0,,,,,365,392,,,,,PCBP2___LUC7L2_unrelaxed_rank_005_alphafold2_multimer_v3_model_5_seed_000.pdb
PCBP2___RBM4,1,4,A,B,0.0000,0.0,0.0,0.0000,0.2039,0.0000,0.0000,0.0,0.0,0.1500,60.9,44.5,0.320,0,0,0,0,,,,,365,364,,,,,PCBP2___RBM4_unrelaxed_rank_001_alphafold2_multimer_v3_model_4_seed_000.pdb
PCBP2___RBM4,2,5,A,B,0.0000,0.0,0.0,0.0000,0.1300,0.0000,0.0000,0.0,0.0,0.1400,61.7,45.3,0.310,0,0,0,0,,,,,365,364,,,,,PCBP2___RBM4_unrelaxed_rank_002_alphafold2_multimer_v3_model_5_seed_000.pdb
PCBP2___RBM4,3,2,A,B,0.0000,0.0,0.0,0.0000,0.1254,0.0000,0.0000,0.0,0.0,0.1300,59.3,44.7,0.310,0,0,0,0,,,,,365,364,,,,,PCBP2___RBM4_unrelaxed_rank_003_alphafold2_multimer_v3_model_2_seed_000.pdb
PCBP2___RBM4,4,3,A,B,0.0000,0.0,0.0,0.0000,0.1445,0.0000,0.0000,0.0,0.0,0.1300,58.5,43.4,0.320,0,0,0,0,,,,,365,364,,,,,PCBP2___RBM4_unrelaxed_rank_004_alphafold2_multimer_v3_model_3_seed_000.pdb
PCBP2___RBM4,5,1,A,B,0.0000,0.0,0.0,0.0000,0.1540,0.0000,0.0000,0.0,0.0,0.1300,58.0,45.1,0.320,0,0,0,0,,,,,365,364,,,,,PCBP2___RBM4_unrelaxed_rank_005_alphafold2_multimer_v3_model_1_seed_000.pdb
PCBP2___U2SURP,1,1,A,B,0.0000,0.0,0.0,0.0000,0.2784,0.0000,0.0000,0.0,0.0,0.2200,55.3,48.5,0.280,0,0,0,0,,,,,365,1029,,,,,PCBP2___U2SURP_unrelaxed_rank_001_alphafold2_multimer_v3_model_1_seed_000.pdb
PCBP2___U2SURP,2,3,A,B,0.0000,0.0,0.0,0.0000,0.2127,0.0000,0.0000,0.0,0.0,0.2100,58.5,48.2,0.290,0,0,0,0,,,,,365,1029,,,,,PCBP2___U2SURP_unrelaxed_rank_002_alphafold2_multimer_v3_model_3_seed_000.pdb
PCBP2___U2SURP,3,4,A,B,0.0000,0.0,0.0,0.0000,0.2127,0.0000,0.0000,0.0,0.0,0.2000,57.3,45.9,0.270,0,0,0,0,,,,,365,1029,,,,,PCBP2___U2SURP_unrelaxed_rank_003_alphafold2_multimer_v3_model_4_seed_000.pdb
PCBP2___U2SURP,4,5,A,B,0.0000,0.0,0.0,0.0000,0.1690,0.0000,0.0000,0.0,0.0,0.1900,59.4,48.5,0.290,0,0,0,0,,,,,365,1029,,,,,PCBP2___U2SURP_unrelaxed_rank_004_alphafold2_multimer_v3_model_5_seed_000.pdb
PCBP2___U2SURP,5,2,A,B,0.0000,0.0,0.0,0.0000,0.1670,0.0000,0.0000,0.0,0.0,0.1800,61.7,49.2,0.280,0,0,0,0,,,,,365,1029,,,,,PCBP2___U2SURP_unrelaxed_rank_005_alphafold2_multimer_v3_model_2_seed_000.pdb
PCBP2___ZFR,1,1,A,B,0.0199,53.1,1.1,0.0116,0.5495,0.0175,0.0227,217.0,13.0,0.2300,56.5,45.8,0.350,10,79,8,7,31.1,90.4,31.2,87.3,365,1074,[231-240],"[728-729,733-734,737-751,753-755,757-758,760-761,785,787-790,793-797,799,801,806,808-813,819-821,824,827-828,830-831,833-835,841,851-852,860-863,865,899,902,905,908-910,913-914,923-924,926,932,964,971-972]","[231-233,235-239]","[753,788,790,795,797,909,913]",PCBP2___ZFR_unrelaxed_rank_001_alphafold2_multimer_v3_model_1_seed_000.pdb
PCBP2___ZFR,2,3,A,B,0.0050,1.0,0.0,0.0000,0.4472,0.0050,0.0050,1.0,1.0,0.2300,56.1,45.9,0.350,1,1,1,1,24.8,89.5,24.8,89.5,365,1074,[231],[788],[231],[788],PCBP2___ZFR_unrelaxed_rank_002_alphafold2_multimer_v3_model_3_seed_000.pdb
PCBP2___ZFR,3,2,A,B,0.0000,0.0,0.0,0.0000,0.3742,0.0000,0.0000,0.0,0.0,0.2200,61.2,47.1,0.350,0,0,0,0,,,,,365,1074,,,,,PCBP2___ZFR_unrelaxed_rank_003_alphafold2_multimer_v3_model_2_seed_000.pdb
PCBP2___ZFR,4,4,A,B,0.0000,0.0,0.0,0.0000,0.3017,0.0000,0.0000,0.0,0.0,0.2200,55.0,43.5,0.340,0,0,0,0,,,,,365,1074,,,,,PCBP2___ZFR_unrelaxed_rank_004_alphafold2_multimer_v3_model_4_seed_000.pdb
PCBP2___ZFR,5,5,A,B,0.0000,0.0,0.0,0.0000,0.3555,0.0000,0.0000,0.0,0.0,0.2100,57.6,45.7,0.340,0,0,0,0,,,,,365,1074,,,,,PCBP2___ZFR_unrelaxed_rank_005_alphafold2_multimer_v3_model_5_seed_000.pdb
PCCA___SRSF11,1,3,A,B,0.0359,119.5,4.3,0.0115,0.5200,0.0389,0.0331,2041.0,7.0,0.2400,84.0,30.0,0.580,404,7,4,4,94.4,34.7,72.7,34.6,728,484,"[63-140,145-146,148-173,183-184,268-389,391-407,411-510,512-537,563,569-570,572,583,592,602,604-607,610-611,613-615,625-638,640]",[424-430],"[145,295-297]","[424-426,429]",PCCA___SRSF11_unrelaxed_rank_001_alphafold2_multimer_v3_model_3_seed_000.pdb
PCCA___SRSF11,2,5,A,B,0.0098,32.4,0.3,0.0000,0.4443,0.0191,0.0050,1049.0,1.0,0.2300,84.0,30.3,0.570,338,5,1,1,95.4,32.4,74.4,32.0,728,484,"[63-69,73-74,76-112,114-134,136-141,149-152,154-159,161-164,268-277,280-294,296-332,334-340,343-347,349-382,385-386,388-389,391-405,412,416-426,428-432,435-441,443-501,503-504,506-508,512,515-516,518,521-531,533-535,537,561,563,572,583,592,605-606,613,615,626,628,630,632-633,635-636,638]",[425-429],[296],[428],PCCA___SRSF11_unrelaxed_rank_002_alphafold2_multimer_v3_model_5_seed_000.pdb
PCCA___SRSF11,3,1,A,B,0.0000,0.0,0.0,0.0000,0.4696,0.0090,0.0000,43.0,0.0,0.2200,84.2,30.0,0.570,37,3,0,0,96.6,29.9,,,728,484,"[66,80-82,84,89,161-162,283,285-286,309,312,318,321,324,339,346,356,360-361,363,376,389,394-395,418-419,454,458,469,472,486-487,489-490,493]",[425-427],,,PCCA___SRSF11_unrelaxed_rank_003_alphafold2_multimer_v3_model_1_seed_000.pdb
PCCA___SRSF11,4,2,A,B,0.0000,0.0,0.0,0.0000,0.3410,0.0000,0.0000,0.0,0.0,0.2000,85.1,30.2,0.580,0,0,0,0,,,,,728,484,,,,,PCCA___SRSF11_unrelaxed_rank_004_alphafold2_multimer_v3_model_2_seed_000.pdb
PCCA___SRSF11,5,4,A,B,0.0000,0.0,0.0,0.0000,0.3175,0.0000,0.0000,0.0,0.0,0.1800,83.6,28.9,0.560,0,0,0,0,,,,,728,484,,,,,PCCA___SRSF11_unrelaxed_rank_005_alphafold2_multimer_v3_model_4_seed_000.pdb
PRDX1___FAM50A,1,4,A,B,0.0000,0.0,0.0,0.0000,0.1007,0.0000,0.0000,0.0,0.0,0.1200,86.8,55.0,0.380,0,0,0,0,,,,,199,339,,,,,PRDX1___FAM50A_unrelaxed_rank_001_alphafold2_multimer_v3_model_4_seed_000.pdb
PRDX1___FAM50A,2,2,A,B,0.0000,0.0,0.0,0.0000,0.0909,0.0000,0.0000,0.0,0.0,0.1200,86.7,63.0,0.390,0,0,0,0,,,,,199,339,,,,,PRDX1___FAM50A_unrelaxed_rank_002_alphafold2_multimer_v3_model_2_seed_000.pdb
PRDX1___FAM50A,3,1,A,B,0.0000,0.0,0.0,0.0000,0.0904,0.0000,0.0000,0.0,0.0,0.1200,83.3,57.9,0.380,0,0,0,0,,,,,199,339,,,,,PRDX1___FAM50A_unrelaxed_rank_003_alphafold2_multimer_v3_model_1_seed_000.pdb
PRDX1___FAM50A,4,5,A,B,0.0000,0.0,0.0,0.0000,0.0940,0.0000,0.0000,0.0,0.0,0.1100,86.1,56.9,0.390,0,0,0,0,,,,,199,339,,,,,PRDX1___FAM50A_unrelaxed_rank_004_alphafold2_multimer_v3_model_5_seed_000.pdb
PRDX1___FAM50A,5,3,A,B,0.0000,0.0,0.0,0.0000,0.0801,0.0000,0.0000,0.0,0.0,0.1100,87.9,54.9,0.390,0,0,0,0,,,,,199,339,,,,,PRDX1___FAM50A_unrelaxed_rank_005_alphafold2_multimer_v3_model_3_seed_000.pdb
PRMT1___CDK4,1,3,A,B,0.0000,0.0,0.0,0.0000,0.1364,0.0000,0.0000,0.0,0.0,0.1700,79.5,73.5,0.520,0,0,0,0,,,,,371,303,,,,,PRMT1___CDK4_unrelaxed_rank_001_alphafold2_multimer_v3_model_3_seed_000.pdb
PRMT1___CDK4,2,2,A,B,0.0000,0.0,0.0,0.0000,0.1206,0.0000,0.0000,0.0,0.0,0.1400,80.5,71.9,0.520,0,0,0,0,,,,,371,303,,,,,PRMT1___CDK4_unrelaxed_rank_002_alphafold2_multimer_v3_model_2_seed_000.pdb
PRMT1___CDK4,3,1,A,B,0.0000,0.0,0.0,0.0000,0.1758,0.0000,0.0000,0.0,0.0,0.1400,78.1,70.1,0.510,0,0,0,0,,,,,371,303,,,,,PRMT1___CDK4_unrelaxed_rank_003_alphafold2_multimer_v3_model_1_seed_000.pdb
PRMT1___CDK4,4,4,A,B,0.0000,0.0,0.0,0.0000,0.1119,0.0000,0.0000,0.0,0.0,0.1300,79.1,74.0,0.510,0,0,0,0,,,,,371,303,,,,,PRMT1___CDK4_unrelaxed_rank_004_alphafold2_multimer_v3_model_4_seed_000.pdb
PRMT1___CDK4,5,5,A,B,0.0000,0.0,0.0,0.0000,0.1085,0.0000,0.0000,0.0,0.0,0.1300,80.4,74.1,0.510,0,0,0,0,,,,,371,303,,,,,PRMT1___CDK4_unrelaxed_rank_005_alphafold2_multimer_v3_model_5_seed_000.pdb
PRMT1___FAM50A,1,1,A,B,0.0000,0.0,0.0,0.0000,0.1651,0.0000,0.0000,0.0,0.0,0.1600,81.3,53.8,0.500,0,0,0,0,,,,,371,339,,,,,PRMT1___FAM50A_unrelaxed_rank_001_alphafold2_multimer_v3_model_1_seed_000.pdb
PRMT1___FAM50A,2,4,A,B,0.0000,0.0,0.0,0.0000,0.1273,0.0000,0.0000,0.0,0.0,0.1400,81.0,49.6,0.480,0,0,0,0,,,,,371,339,,,,,PRMT1___FAM50A_unrelaxed_rank_002_alphafold2_multimer_v3_model_4_seed_000.pdb
PRMT1___FAM50A,3,2,A,B,0.0000,0.0,0.0,0.0000,0.1374,0.0000,0.0000,0.0,0.0,0.1300,84.3,56.3,0.500,0,0,0,0,,,,,371,339,,,,,PRMT1___FAM50A_unrelaxed_rank_003_alphafold2_multimer_v3_model_2_seed_000.pdb
PRMT1___FAM50A,4,3,A,B,0.0000,0.0,0.0,0.0000,0.1272,0.0000,0.0000,0.0,0.0,0.1300,83.0,51.9,0.500,0,0,0,0,,,,,371,339,,,,,PRMT1___FAM50A_unrelaxed_rank_004_alphafold2_multimer_v3_model_3_seed_000.pdb
PRMT1___FAM50A,5,5,A,B,0.0000,0.0,0.0,0.0000,0.1199,0.0000,0.0000,0.0,0.0,0.1200,83.1,52.4,0.490,0,0,0,0,,,,,371,339,,,,,PRMT1___FAM50A_unrelaxed_rank_005_alphafold2_multimer_v3_model_5_seed_000.pdb
PRMT1___PPP1R10,1,2,A,B,0.0443,165.4,7.3,0.0118,0.5750,0.0348,0.0565,1440.0,19.0,0.3900,84.8,31.6,0.380,250,14,12,7,94.2,36.4,91.8,37.1,371,940,"[63-95,97,99-112,114-116,118,126-127,129-133,139,141-143,146,155-170,173-178,180-181,183-185,189-211,215,227-228,230-340,347-356,358-363,365-370]",[494-507],"[199,248-251,289,298,300-302,304,307]","[496-498,501-503,506]",PRMT1___PPP1R10_unrelaxed_rank_001_alphafold2_multimer_v3_model_2_seed_000.pdb
PRMT1___PPP1R10,2,1,A,B,0.0119,4.4,0.1,0.0000,0.4983,0.0142,0.0100,19.0,1.0,0.3700,83.9,32.1,0.360,19,3,1,1,93.5,43.4,87.1,46.9,371,940,"[78-80,82-83,87,92,111,114,135,156,294,297-299,302,306,308,311]",[505-507],[308],[506],PRMT1___PPP1R10_unrelaxed_rank_002_alphafold2_multimer_v3_model_1_seed_000.pdb
PRMT1___PPP1R10,3,3,A,B,0.0000,0.0,0.0,0.0000,0.3367,0.0000,0.0000,0.0,0.0,0.2900,81.5,32.1,0.360,0,0,0,0,,,,,371,940,,,,,PRMT1___PPP1R10_unrelaxed_rank_003_alphafold2_multimer_v3_model_3_seed_000.pdb
PRMT1___PPP1R10,4,5,A,B,0.0000,0.0,0.0,0.0000,0.3250,0.0000,0.0000,0.0,0.0,0.2600,82.4,30.6,0.360,0,0,0,0,,,,,371,940,,,,,PRMT1___PPP1R10_unrelaxed_rank_004_alphafold2_multimer_v3_model_5_seed_000.pdb
PRMT1___PPP1R10,5,4,A,B,0.0000,0.0,0.0,0.0000,0.3422,0.0000,0.0000,0.0,0.0,0.2500,79.4,31.3,0.350,0,0,0,0,,,,,371,940,,,,,PRMT1___PPP1R10_unrelaxed_rank_005_alphafold2_multimer_v3_model_4_seed_000.pdb
PRMT1___RPS12,1,3,A,B,0.0000,0.0,0.0,0.0000,0.1272,0.0000,0.0000,0.0,0.0,0.1700,83.2,77.6,0.650,0,0,0,0,,,,,371,132,,,,,PRMT1___RPS12_unrelaxed_rank_001_alphafold2_multimer_v3_model_3_seed_000.pdb
PRMT1___RPS12,2,4,A,B,0.0000,0.0,0.0,0.0000,0.1372,0.0000,0.0000,0.0,0.0,0.1500,82.8,74.5,0.650,0,0,0,0,,,,,371,132,,,,,PRMT1___RPS12_unrelaxed_rank_002_alphafold2_multimer_v3_model_4_seed_000.pdb
PRMT1___RPS12,3,1,A,B,0.0000,0.0,0.0,0.0000,0.1228,0.0000,0.0000,0.0,0.0,0.1300,82.7,72.4,0.640,0,0,0,0,,,,,371,132,,,,,PRMT1___RPS12_unrelaxed_rank_003_alphafold2_multimer_v3_model_1_seed_000.pdb
PRMT1___RPS12,4,5,A,B,0.0000,0.0,0.0,0.0000,0.1068,0.0000,0.0000,0.0,0.0,0.1200,83.8,77.9,0.650,0,0,0,0,,,,,371,132,,,,,PRMT1___RPS12_unrelaxed_rank_004_alphafold2_multimer_v3_model_5_seed_000.pdb
PRMT1___RPS12,5,2,A,B,0.0000,0.0,0.0,0.0000,0.1052,0.0000,0.0000,0.0,0.0,0.1200,84.9,76.6,0.650,0,0,0,0,,,,,371,132,,,,,PRMT1___RPS12_unrelaxed_rank_005_alphafold2_multimer_v3_model_2_seed_000.pdb
RAVER1___FAM50A,1,2,A,B,0.0000,0.0,0.0,0.0000,0.3421,0.0015,0.0000,2.0,0.0,0.2100,53.7,59.8,0.420,2,1,0,0,95.3,89.9,,,606,339,"[60,109]",[312],,,RAVER1___FAM50A_unrelaxed_rank_001_alphafold2_multimer_v3_model_2_seed_000.pdb
RAVER1___FAM50A,2,4,A,B,0.0000,0.0,0.0,0.0000,0.1866,0.0000,0.0000,0.0,0.0,0.1700,53.4,45.6,0.410,0,0,0,0,,,,,606,339,,,,,RAVER1___FAM50A_unrelaxed_rank_002_alphafold2_multimer_v3_model_4_seed_000.pdb
RAVER1___FAM50A,3,1,A,B,0.0000,0.0,0.0,0.0000,0.2087,0.0000,0.0000,0.0,0.0,0.1700,53.1,54.8,0.400,0,0,0,0,,,,,606,339,,,,,RAVER1___FAM50A_unrelaxed_rank_003_alphafold2_multimer_v3_model_1_seed_000.pdb
RAVER1___FAM50A,4,5,A,B,0.0000,0.0,0.0,0.0000,0.1556,0.0000,0.0000,0.0,0.0,0.1500,52.7,52.8,0.390,0,0,0,0,,,,,606,339,,,,,RAVER1___FAM50A_unrelaxed_rank_004_alphafold2_multimer_v3_model_5_seed_000.pdb
RAVER1___FAM50A,5,3,A,B,0.0000,0.0,0.0,0.0000,0.1552,0.0000,0.0000,0.0,0.0,0.1500,52.8,50.0,0.400,0,0,0,0,,,,,606,339,,,,,RAVER1___FAM50A_unrelaxed_rank_005_alphafold2_multimer_v3_model_3_seed_000.pdb
RAVER1___PRDX1,1,4,A,B,0.0000,0.0,0.0,0.0000,0.1589,0.0000,0.0000,0.0,0.0,0.2200,52.3,80.8,0.450,0,0,0,0,,,,,606,199,,,,,RAVER1___PRDX1_unrelaxed_rank_001_alphafold2_multimer_v3_model_4_seed_000.pdb
RAVER1___PRDX1,2,2,A,B,0.0000,0.0,0.0,0.0000,0.1603,0.0000,0.0000,0.0,0.0,0.2200,52.5,81.7,0.450,0,0,0,0,,,,,606,199,,,,,RAVER1___PRDX1_unrelaxed_rank_002_alphafold2_multimer_v3_model_2_seed_000.pdb
RAVER1___PRDX1,3,5,A,B,0.0000,0.0,0.0,0.0000,0.1507,0.0000,0.0000,0.0,0.0,0.2000,51.8,81.5,0.440,0,0,0,0,,,,,606,199,,,,,RAVER1___PRDX1_unrelaxed_rank_003_alphafold2_multimer_v3_model_5_seed_000.pdb
RAVER1___PRDX1,4,1,A,B,0.0000,0.0,0.0,0.0000,0.1429,0.0000,0.0000,0.0,0.0,0.1900,51.8,80.0,0.430,0,0,0,0,,,,,606,199,,,,,RAVER1___PRDX1_unrelaxed_rank_004_alphafold2_multimer_v3_model_1_seed_000.pdb
RAVER1___PRDX1,5,3,A,B,0.0000,0.0,0.0,0.0000,0.1363,0.0000,0.0000,0.0,0.0,0.1800,52.5,83.3,0.430,0,0,0,0,,,,,606,199,,,,,RAVER1___PRDX1_unrelaxed_rank_005_alphafold2_multimer_v3_model_3_seed_000.pdb
RBM4___SF3A3,1,1,A,B,0.2235,230.6,51.5,0.0432,0.7358,0.1614,0.3095,1662.0,32.0,0.3300,43.4,73.1,0.400,11,227,5,12,41.3,87.1,47.1,86.1,364,501,[305-315],"[1,3-76,81-150,159-165,167,169-170,180-221,318-347]",[308-312],"[10,14,42,45-46,49,53,106,109-110,112-113]",RBM4___SF3A3_unrelaxed_rank_001_alphafold2_multimer_v3_model_1_seed_000.pdb
RBM4___SF3A3,2,3,A,B,0.0527,26.4,1.4,0.0109,0.4715,0.0454,0.0612,87.0,8.0,0.3000,42.3,73.6,0.410,6,65,2,6,35.5,88.4,37.5,87.7,364,501,[307-312],"[4-8,10-20,22-27,34,36-38,40-52,55,57-60,62,68,71-72,84,130,134,138,146,182,194-197,201,204,208,213,216-217,324]","[309,311]","[10-11,14,45-46,49]",RBM4___SF3A3_unrelaxed_rank_002_alphafold2_multimer_v3_model_3_seed_000.pdb
RBM4___SF3A3,3,2,A,B,0.0706,67.9,4.8,0.0122,0.4884,0.0631,0.0791,384.0,12.0,0.2700,43.3,74.7,0.400,6,147,3,8,41.7,88.7,45.2,84.6,364,501,[308-313],"[4-27,33-54,56-62,67-72,84,87-88,90-93,96-97,104-115,117-118,128-131,133-134,137-140,142-149,161-163,181-185,187-188,191-192,194-204,206-210,212-214,216-217,327,329,331,333-334,336-338,340-343,345-346]",[309-311],"[14,45-46,49,53,109,112-113]",RBM4___SF3A3_unrelaxed_rank_003_alphafold2_multimer_v3_model_2_seed_000.pdb
RBM4___SF3A3,4,4,A,B,0.0000,0.0,0.0,0.0000,0.2165,0.0000,0.0000,0.0,0.0,0.1500,40.3,70.6,0.400,0,0,0,0,,,,,364,501,,,,,RBM4___SF3A3_unrelaxed_rank_004_alphafold2_multimer_v3_model_4_seed_000.pdb
RBM4___SF3A3,5,5,A,B,0.0000,0.0,0.0,0.0000,0.2780,0.0000,0.0000,0.0,0.0,0.1500,43.6,73.7,0.390,0,0,0,0,,,,,364,501,,,,,RBM4___SF3A3_unrelaxed_rank_005_alphafold2_multimer_v3_model_5_seed_000.pdb
RPS12___PRDX1,1,4,A,B,0.0456,70.5,3.2,0.0000,0.2488,0.0450,0.0461,292.0,17.0,0.2900,76.8,88.5,0.650,25,93,7,4,82.8,92.5,75.3,76.6,132,199,"[35-36,38-40,42-43,47,49-52,64-65,67-69,76-77,79,108-111,113]","[8,13,15-16,18,20-22,24-34,38-40,42-43,45,58-66,68-74,77-84,86,88,90-92,100-104,107-116,118-119,125,127-128,130-134,138-140,142-144,154-161]","[39-40,42-43,64-65,68]","[79,82-83,86]",RPS12___PRDX1_unrelaxed_rank_001_alphafold2_multimer_v3_model_4_seed_000.pdb
RPS12___PRDX1,2,1,A,B,0.0000,0.0,0.0,0.0000,0.1352,0.0000,0.0000,0.0,0.0,0.1600,71.9,84.9,0.590,0,0,0,0,,,,,132,199,,,,,RPS12___PRDX1_unrelaxed_rank_002_alphafold2_multimer_v3_model_1_seed_000.pdb
RPS12___PRDX1,3,5,A,B,0.0000,0.0,0.0,0.0000,0.1083,0.0000,0.0000,0.0,0.0,0.1500,74.0,85.8,0.600,0,0,0,0,,,,,132,199,,,,,RPS12___PRDX1_unrelaxed_rank_003_alphafold2_multimer_v3_model_5_seed_000.pdb
RPS12___PRDX1,4,2,A,B,0.0000,0.0,0.0,0.0000,0.1146,0.0000,0.0000,0.0,0.0,0.1400,77.7,87.4,0.590,0,0,0,0,,,,,132,199,,,,,RPS12___PRDX1_unrelaxed_rank_004_alphafold2_multimer_v3_model_2_seed_000.pdb
RPS12___PRDX1,5,3,A,B,0.0000,0.0,0.0,0.0000,0.0855,0.0000,0.0000,0.0,0.0,0.1300,80.9,88.0,0.590,0,0,0,0,,,,,132,199,,,,,RPS12___PRDX1_unrelaxed_rank_005_alphafold2_multimer_v3_model_3_seed_000.pdb
RPS12___PSPC1,1,4,A,B,0.0000,0.0,0.0,0.0000,0.0000,0.0000,0.0000,0.0,0.0,0.1400,73.1,58.0,0.400,0,0,0,0,,,,,132,523,,,,,RPS12___PSPC1_unrelaxed_rank_001_alphafold2_multimer_v3_model_4_seed_000.pdb
RPS12___PSPC1,2,5,A,B,0.0000,0.0,0.0,0.0000,0.0869,0.0000,0.0000,0.0,0.0,0.1100,72.9,58.7,0.410,0,0,0,0,,,,,132,523,,,,,RPS12___PSPC1_unrelaxed_rank_002_alphafold2_multimer_v3_model_5_seed_000.pdb
RPS12___PSPC1,3,1,A,B,0.0000,0.0,0.0,0.0000,0.0837,0.0000,0.0000,0.0,0.0,0.1000,78.0,61.3,0.400,0,0,0,0,,,,,132,523,,,,,RPS12___PSPC1_unrelaxed_rank_003_alphafold2_multimer_v3_model_1_seed_000.pdb
RPS12___PSPC1,4,3,A,B,0.0000,0.0,0.0,0.0000,0.0000,0.0000,0.0000,0.0,0.0,0.1000,77.5,59.3,0.400,0,0,0,0,,,,,132,523,,,,,RPS12___PSPC1_unrelaxed_rank_004_alphafold2_multimer_v3_model_3_seed_000.pdb
RPS12___PSPC1,5,2,A,B,0.0000,0.0,0.0,0.0000,0.0000,0.0000,0.0000,0.0,0.0,0.1000,76.7,58.2,0.390,0,0,0,0,,,,,132,523,,,,,RPS12___PSPC1_unrelaxed_rank_005_alphafold2_multimer_v3_model_2_seed_000.pdb
SAFB___DHX15,1,4,A,B,0.0871,99.1,8.6,0.0137,0.6024,0.0770,0.0984,468.0,21.0,0.4400,25.5,79.9,0.480,21,111,5,10,67.5,91.1,61.9,87.9,915,795,"[410,417-419,422,425,435-444,447-450,452]","[319-327,330-344,351-370,372,374,384-390,400,402,404,415-424,432-443,458-466,468-472,475,478-490,492-494,497-498]",[438-442],"[320-325,483,486-487,490]",SAFB___DHX15_unrelaxed_rank_001_alphafold2_multimer_v3_model_4_seed_000.pdb
SAFB___DHX15,2,1,A,B,0.1146,149.0,17.1,0.0173,0.6212,0.1088,0.1206,1481.0,15.0,0.3600,27.3,79.4,0.460,13,252,7,9,37.3,92.5,39.4,91.2,915,795,[719-731],"[170,174,202,204-205,207-208,243,245,255-256,274,277,289-290,508-519,535-603,607-705,710-712,717-727,730-739,745-767,775-784]","[721,723-724,726-729]","[585,632-633,635-636,665,675,677,680]",SAFB___DHX15_unrelaxed_rank_002_alphafold2_multimer_v3_model_1_seed_000.pdb
SAFB___DHX15,3,3,A,B,0.0000,0.0,0.0,0.0000,0.5068,0.0000,0.0000,0.0,0.0,0.3100,27.0,80.3,0.470,0,0,0,0,,,,,915,795,,,,,SAFB___DHX15_unrelaxed_rank_003_alphafold2_multimer_v3_model_3_seed_000.pdb
SAFB___DHX15,4,5,A,B,0.0000,0.0,0.0,0.0000,0.2558,0.0000,0.0000,0.0,0.0,0.2600,26.3,80.2,0.470,0,0,0,0,,,,,915,795,,,,,SAFB___DHX15_unrelaxed_rank_004_alphafold2_multimer_v3_model_5_seed_000.pdb
SAFB___DHX15,5,2,A,B,0.0000,0.0,0.0,0.0000,0.2308,0.0000,0.0000,0.0,0.0,0.1800,27.3,80.8,0.460,0,0,0,0,,,,,915,795,,,,,SAFB___DHX15_unrelaxed_rank_005_alphafold2_multimer_v3_model_2_seed_000.pdb
SAFB___FAM50A,1,3,A,B,0.0000,0.0,0.0,0.0000,0.3088,0.0000,0.0000,0.0,0.0,0.2000,32.5,60.0,0.240,0,0,0,0,,,,,915,339,,,,,SAFB___FAM50A_unrelaxed_rank_001_alphafold2_multimer_v3_model_3_seed_000.pdb
SAFB___FAM50A,2,4,A,B,0.0000,0.0,0.0,0.0000,0.3027,0.0000,0.0000,0.0,0.0,0.1900,31.1,59.1,0.250,0,0,0,0,,,,,915,339,,,,,SAFB___FAM50A_unrelaxed_rank_002_alphafold2_multimer_v3_model_4_seed_000.pdb
SAFB___FAM50A,3,5,A,B,0.0000,0.0,0.0,0.0000,0.1681,0.0000,0.0000,0.0,0.0,0.1700,33.0,62.9,0.250,0,0,0,0,,,,,915,339,,,,,SAFB___FAM50A_unrelaxed_rank_003_alphafold2_multimer_v3_model_5_seed_000.pdb
SAFB___FAM50A,4,2,A,B,0.0000,0.0,0.0,0.0000,0.0000,0.0000,0.0000,0.0,0.0,0.1600,34.1,66.9,0.250,0,0,0,0,,,,,915,339,,,,,SAFB___FAM50A_unrelaxed_rank_004_alphafold2_multimer_v3_model_2_seed_000.pdb
SAFB___FAM50A,5,1,A,B,0.0000,0.0,0.0,0.0000,0.1425,0.0000,0.0000,0.0,0.0,0.1600,33.5,66.6,0.250,0,0,0,0,,,,,915,339,,,,,SAFB___FAM50A_unrelaxed_rank_005_alphafold2_multimer_v3_model_1_seed_000.pdb
SAR1A___EPB41,1,5,A,B,0.0593,15.6,0.9,0.0000,0.4780,0.0572,0.0615,27.0,9.0,0.5100,67.4,45.9,0.410,10,7,4,5,63.6,56.8,60.3,57.0,198,864,"[60-66,71-72,130]",[814-820],[61-64],"[814,816-819]",SAR1A___EPB41_unrelaxed_rank_001_alphafold2_multimer_v3_model_5_seed_000.pdb
SAR1A___EPB41,2,4,A,B,0.1279,67.2,8.6,0.0135,0.5656,0.1121,0.1458,119.0,38.0,0.4800,63.3,45.4,0.410,20,15,8,7,56.3,61.0,53.6,55.4,198,864,"[42,45-46,58-73,97]","[326,386,412,434,800,802,814-822]","[46,60-66]","[814-819,821]",SAR1A___EPB41_unrelaxed_rank_002_alphafold2_multimer_v3_model_4_seed_000.pdb
SAR1A___EPB41,3,1,A,B,0.0000,0.0,0.0,0.0000,0.2361,0.0000,0.0000,0.0,0.0,0.3000,56.3,46.6,0.420,0,0,0,0,,,,,198,864,,,,,SAR1A___EPB41_unrelaxed_rank_003_alphafold2_multimer_v3_model_1_seed_000.pdb
SAR1A___EPB41,4,3,A,B,0.0000,0.0,0.0,0.0000,0.2473,0.0000,0.0000,0.0,0.0,0.2800,68.1,46.7,0.410,0,0,0,0,,,,,198,864,,,,,SAR1A___EPB41_unrelaxed_rank_004_alphafold2_multimer_v3_model_3_seed_000.pdb
SAR1A___EPB41,5,2,A,B,0.0000,0.0,0.0,0.0000,0.2238,0.0000,0.0000,0.0,0.0,0.2800,64.5,46.3,0.420,0,0,0,0,,,,,198,864,,,,,SAR1A___EPB41_unrelaxed_rank_005_alphafold2_multimer_v3_model_2_seed_000.pdb
SAR1A___SF1,1,2,A,B,0.0000,0.0,0.0,0.0000,0.3513,0.0000,0.0000,0.0,0.0,0.3400,73.4,37.5,0.320,0,0,0,0,,,,,198,639,,,,,SAR1A___SF1_unrelaxed_rank_001_alphafold2_multimer_v3_model_2_seed_000.pdb
SAR1A___SF1,2,5,A,B,0.0000,0.0,0.0,0.0000,0.2358,0.0000,0.0000,0.0,0.0,0.2400,73.8,38.4,0.300,0,0,0,0,,,,,198,639,,,,,SAR1A___SF1_unrelaxed_rank_002_alphafold2_multimer_v3_model_5_seed_000.pdb
SAR1A___SF1,3,1,A,B,0.0000,0.0,0.0,0.0000,0.1731,0.0000,0.0000,0.0,0.0,0.2000,71.1,38.7,0.300,0,0,0,0,,,,,198,639,,,,,SAR1A___SF1_unrelaxed_rank_003_alphafold2_multimer_v3_model_1_seed_000.pdb
SAR1A___SF1,4,4,A,B,0.0000,0.0,0.0,0.0000,0.1793,0.0000,0.0000,0.0,0.0,0.1900,69.9,35.2,0.300,0,0,0,0,,,,,198,639,,,,,SAR1A___SF1_unrelaxed_rank_004_alphafold2_multimer_v3_model_4_seed_000.pdb
SAR1A___SF1,5,3,A,B,0.0000,0.0,0.0,0.0000,0.1491,0.0000,0.0000,0.0,0.0,0.1700,67.5,36.3,0.280,0,0,0,0,,,,,198,639,,,,,SAR1A___SF1_unrelaxed_rank_005_alphafold2_multimer_v3_model_3_seed_000.pdb
SET___DDX17,1,3,A,B,0.0000,0.0,0.0,0.0000,0.3723,0.0000,0.0000,0.0,0.0,0.1800,57.1,60.2,0.430,0,0,0,0,,,,,290,729,,,,,SET___DDX17_unrelaxed_rank_001_alphafold2_multimer_v3_model_3_seed_000.pdb
SET___DDX17,2,1,A,B,0.0000,0.0,0.0,0.0000,0.2193,0.0000,0.0000,0.0,0.0,0.1900,56.4,58.6,0.390,0,0,0,0,,,,,290,729,,,,,SET___DDX17_unrelaxed_rank_002_alphafold2_multimer_v3_model_1_seed_000.pdb
SET___DDX17,3,4,A,B,0.0000,0.0,0.0,0.0000,0.1685,0.0000,0.0000,0.0,0.0,0.1800,55.8,58.5,0.380,0,0,0,0,,,,,290,729,,,,,SET___DDX17_unrelaxed_rank_003_alphafold2_multimer_v3_model_4_seed_000.pdb
SET___DDX17,4,5,A,B,0.0000,0.0,0.0,0.0000,0.1660,0.0000,0.0000,0.0,0.0,0.1600,57.5,59.7,0.390,0,0,0,0,,,,,290,729,,,,,SET___DDX17_unrelaxed_rank_004_alphafold2_multimer_v3_model_5_seed_000.pdb
SET___DDX17,5,2,A,B,0.0000,0.0,0.0,0.0000,0.1731,0.0000,0.0000,0.0,0.0,0.1600,58.1,59.3,0.380,0,0,0,0,,,,,290,729,,,,,SET___DDX17_unrelaxed_rank_005_alphafold2_multimer_v3_model_2_seed_000.pdb
SET___NCL,1,1,A,B,0.0000,0.0,0.0,0.0000,0.3121,0.0000,0.0000,0.0,0.0,0.2300,61.0,43.2,0.300,0,0,0,0,,,,,290,710,,,,,SET___NCL_unrelaxed_rank_001_alphafold2_multimer_v3_model_1_seed_000.pdb
SET___NCL,2,4,A,B,0.0000,0.0,0.0,0.0000,0.2395,0.0000,0.0000,0.0,0.0,0.1900,56.9,39.7,0.290,0,0,0,0,,,,,290,710,,,,,SET___NCL_unrelaxed_rank_002_alphafold2_multimer_v3_model_4_seed_000.pdb
SET___NCL,3,5,A,B,0.0000,0.0,0.0,0.0000,0.1764,0.0000,0.0000,0.0,0.0,0.1700,60.5,43.9,0.290,0,0,0,0,,,,,290,710,,,,,SET___NCL_unrelaxed_rank_003_alphafold2_multimer_v3_model_5_seed_000.pdb
SET___NCL,4,3,A,B,0.0000,0.0,0.0,0.0000,0.1750,0.0000,0.0000,0.0,0.0,0.1700,57.8,42.5,0.290,0,0,0,0,,,,,290,710,,,,,SET___NCL_unrelaxed_rank_004_alphafold2_multimer_v3_model_3_seed_000.pdb
SET___NCL,5,2,A,B,0.0000,0.0,0.0,0.0000,0.1826,0.0000,0.0000,0.0,0.0,0.1700,61.7,42.2,0.300,0,0,0,0,,,,,290,710,,,,,SET___NCL_unrelaxed_rank_005_alphafold2_multimer_v3_model_2_seed_000.pdb
SET___PTBP1,1,1,A,B,0.0000,0.0,0.0,0.0000,0.1800,0.0000,0.0000,0.0,0.0,0.1600,61.0,60.9,0.320,0,0,0,0,,,,,290,557,,,,,SET___PTBP1_unrelaxed_rank_001_alphafold2_multimer_v3_model_1_seed_000.pdb
SET___PTBP1,2,4,A,B,0.0000,0.0,0.0,0.0000,0.1720,0.0000,0.0000,0.0,0.0,0.1600,58.8,61.7,0.320,0,0,0,0,,,,,290,557,,,,,SET___PTBP1_unrelaxed_rank_002_alphafold2_multimer_v3_model_4_seed_000.pdb
SET___PTBP1,3,2,A,B,0.0000,0.0,0.0,0.0000,0.1450,0.0000,0.0000,0.0,0.0,0.1500,62.0,64.6,0.320,0,0,0,0,,,,,290,557,,,,,SET___PTBP1_unrelaxed_rank_003_alphafold2_multimer_v3_model_2_seed_000.pdb
SET___PTBP1,4,3,A,B,0.0000,0.0,0.0,0.0000,0.1285,0.0000,0.0000,0.0,0.0,0.1400,60.4,62.3,0.310,0,0,0,0,,,,,290,557,,,,,SET___PTBP1_unrelaxed_rank_004_alphafold2_multimer_v3_model_3_seed_000.pdb
SET___PTBP1,5,5,A,B,0.0000,0.0,0.0,0.0000,0.1347,0.0000,0.0000,0.0,0.0,0.1400,61.4,65.1,0.310,0,0,0,0,,,,,290,557,,,,,SET___PTBP1_unrelaxed_rank_005_alphafold2_multimer_v3_model_5_seed_000.pdb
SET___SUPT5H,1,1,A,B,0.0234,1.4,0.0,0.0000,0.5025,0.0219,0.0250,2.0,1.0,0.2900,59.2,51.8,0.270,2,1,1,1,67.6,41.5,65.9,41.5,290,1087,"[66,70]",[141],[66],[141],SET___SUPT5H_unrelaxed_rank_001_alphafold2_multimer_v3_model_1_seed_000.pdb
SET___SUPT5H,2,3,A,B,0.0000,0.0,0.0,0.0000,0.3003,0.0000,0.0000,0.0,0.0,0.2500,58.3,52.1,0.280,0,0,0,0,,,,,290,1087,,,,,SET___SUPT5H_unrelaxed_rank_002_alphafold2_multimer_v3_model_3_seed_000.pdb
SET___SUPT5H,3,4,A,B,0.0000,0.0,0.0,0.0000,0.2661,0.0000,0.0000,0.0,0.0,0.2400,57.2,48.9,0.270,0,0,0,0,,,,,290,1087,,,,,SET___SUPT5H_unrelaxed_rank_003_alphafold2_multimer_v3_model_4_seed_000.pdb
SET___SUPT5H,4,5,A,B,0.0000,0.0,0.0,0.0000,0.2475,0.0000,0.0000,0.0,0.0,0.2300,58.5,52.9,0.270,0,0,0,0,,,,,290,1087,,,,,SET___SUPT5H_unrelaxed_rank_004_alphafold2_multimer_v3_model_5_seed_000.pdb
SET___SUPT5H,5,2,A,B,0.0000,0.0,0.0,0.0000,0.2203,0.0000,0.0000,0.0,0.0,0.1900,60.7,52.1,0.270,0,0,0,0,,,,,290,1087,,,,,SET___SUPT5H_unrelaxed_rank_005_alphafold2_multimer_v3_model_2_seed_000.pdb
SF3B2___CCNT1,1,1,A,B,0.0000,0.0,0.0,0.0000,0.3645,0.0000,0.0000,0.0,0.0,0.2100,36.0,43.8,0.310,0,0,0,0,,,,,895,726,,,,,SF3B2___CCNT1_unrelaxed_rank_001_alphafold2_multimer_v3_model_1_seed_000.pdb
SF3B2___CCNT1,2,2,A,B,0.0000,0.0,0.0,0.0000,0.3403,0.0000,0.0000,0.0,0.0,0.2000,36.1,44.8,0.300,0,0,0,0,,,,,895,726,,,,,SF3B2___CCNT1_unrelaxed_rank_002_alphafold2_multimer_v3_model_2_seed_000.pdb
SF3B2___CCNT1,3,3,A,B,0.0000,0.0,0.0,0.0000,0.2842,0.0000,0.0000,0.0,0.0,0.2000,38.4,43.6,0.300,0,0,0,0,,,,,895,726,,,,,SF3B2___CCNT1_unrelaxed_rank_003_alphafold2_multimer_v3_model_3_seed_000.pdb
SF3B2___CCNT1,4,4,A,B,0.0000,0.0,0.0,0.0000,0.2701,0.0000,0.0000,0.0,0.0,0.1700,34.1,42.9,0.290,0,0,0,0,,,,,895,726,,,,,SF3B2___CCNT1_unrelaxed_rank_004_alphafold2_multimer_v3_model_4_seed_000.pdb
SF3B2___CCNT1,5,5,A,B,0.0000,0.0,0.0,0.0000,0.1661,0.0000,0.0000,0.0,0.0,0.1600,36.2,43.9,0.290,0,0,0,0,,,,,895,726,,,,,SF3B2___CCNT1_unrelaxed_rank_005_alphafold2_multimer_v3_model_5_seed_000.pdb
SF3B2___LUC7L2,1,5,A,B,0.0000,0.0,0.0,0.0000,0.1403,0.0000,0.0000,0.0,0.0,0.1600,41.7,59.5,0.280,0,0,0,0,,,,,895,392,,,,,SF3B2___LUC7L2_unrelaxed_rank_001_alphafold2_multimer_v3_model_5_seed_000.pdb
SF3B2___LUC7L2,2,4,A,B,0.0000,0.0,0.0,0.0000,0.1482,0.0000,0.0000,0.0,0.0,0.1600,37.8,59.3,0.280,0,0,0,0,,,,,895,392,,,,,SF3B2___LUC7L2_unrelaxed_rank_002_alphafold2_multimer_v3_model_4_seed_000.pdb
SF3B2___LUC7L2,3,1,A,B,0.0000,0.0,0.0,0.0000,0.1471,0.0000,0.0000,0.0,0.0,0.1600,42.0,58.2,0.280,0,0,0,0,,,,,895,392,,,,,SF3B2___LUC7L2_unrelaxed_rank_003_alphafold2_multimer_v3_model_1_seed_000.pdb
SF3B2___LUC7L2,4,2,A,B,0.0000,0.0,0.0,0.0000,0.1321,0.0000,0.0000,0.0,0.0,0.1600,40.3,58.0,0.260,0,0,0,0,,,,,895,392,,,,,SF3B2___LUC7L2_unrelaxed_rank_004_alphafold2_multimer_v3_model_2_seed_000.pdb
SF3B2___LUC7L2,5,3,A,B,0.0000,0.0,0.0,0.0000,0.1317,0.0000,0.0000,0.0,0.0,0.1500,42.1,60.0,0.280,0,0,0,0,,,,,895,392,,,,,SF3B2___LUC7L2_unrelaxed_rank_005_alphafold2_multimer_v3_model_3_seed_000.pdb
SF3B2___PDK1,1,1,A,B,0.0188,32.2,0.6,0.0000,0.5235,0.0145,0.0243,94.0,11.0,0.3100,36.6,79.0,0.390,4,52,4,9,37.3,89.4,37.3,87.7,895,436,[592-595],"[49,105,114,116,122,124,134-137,139,141-151,153-155,157-158,162,185,189,192-193,196-197,199-200,218,223,227,231,235,238-239,242,270-271,274-275,286,290,360,364]",[592-595],"[149-151,153-154,192,196,271,275]",SF3B2___PDK1_unrelaxed_rank_001_alphafold2_multimer_v3_model_1_seed_000.pdb
SF3B2___PDK1,2,3,A,B,0.0000,0.0,0.0,0.0000,0.1529,0.0000,0.0000,0.0,0.0,0.1600,35.6,78.1,0.370,0,0,0,0,,,,,895,436,,,,,SF3B2___PDK1_unrelaxed_rank_002_alphafold2_multimer_v3_model_3_seed_000.pdb
SF3B2___PDK1,3,4,A,B,0.0000,0.0,0.0,0.0000,0.1459,0.0000,0.0000,0.0,0.0,0.1500,32.8,78.4,0.370,0,0,0,0,,,,,895,436,,,,,SF3B2___PDK1_unrelaxed_rank_003_alphafold2_multimer_v3_model_4_seed_000.pdb
SF3B2___PDK1,4,5,A,B,0.0000,0.0,0.0,0.0000,0.1370,0.0000,0.0000,0.0,0.0,0.1500,34.8,79.1,0.370,0,0,0,0,,,,,895,436,,,,,SF3B2___PDK1_unrelaxed_rank_004_alphafold2_multimer_v3_model_5_seed_000.pdb
SF3B2___PDK1,5,2,A,B,0.0000,0.0,0.0,0.0000,0.1402,0.0000,0.0000,0.0,0.0,0.1500,35.3,79.1,0.370,0,0,0,0,,,,,895,436,,,,,SF3B2___PDK1_unrelaxed_rank_005_alphafold2_multimer_v3_model_2_seed_000.pdb
SFPQ___CDK4,1,2,A,B,0.0000,0.0,0.0,0.0000,0.1197,0.0000,0.0000,0.0,0.0,0.1500,46.3,78.6,0.350,0,0,0,0,,,,,707,303,,,,,SFPQ___CDK4_unrelaxed_rank_001_alphafold2_multimer_v3_model_2_seed_000.pdb
SFPQ___CDK4,2,5,A,B,0.0000,0.0,0.0,0.0000,0.1238,0.0000,0.0000,0.0,0.0,0.1500,46.1,76.5,0.340,0,0,0,0,,,,,707,303,,,,,SFPQ___CDK4_unrelaxed_rank_002_alphafold2_multimer_v3_model_5_seed_000.pdb
SFPQ___CDK4,3,3,A,B,0.0000,0.0,0.0,0.0000,0.1274,0.0000,0.0000,0.0,0.0,0.1400,47.2,76.8,0.340,0,0,0,0,,,,,707,303,,,,,SFPQ___CDK4_unrelaxed_rank_003_alphafold2_multimer_v3_model_3_seed_000.pdb
SFPQ___CDK4,4,4,A,B,0.0000,0.0,0.0,0.0000,0.1283,0.0000,0.0000,0.0,0.0,0.1400,44.5,78.0,0.350,0,0,0,0,,,,,707,303,,,,,SFPQ___CDK4_unrelaxed_rank_004_alphafold2_multimer_v3_model_4_seed_000.pdb
SFPQ___CDK4,5,1,A,B,0.0000,0.0,0.0,0.0000,0.1260,0.0000,0.0000,0.0,0.0,0.1300,46.5,79.6,0.350,0,0,0,0,,,,,707,303,,,,,SFPQ___CDK4_unrelaxed_rank_005_alphafold2_multimer_v3_model_1_seed_000.pdb
SFPQ___LUC7L2,1,3,A,B,0.0000,0.0,0.0,0.0000,0.1808,0.0000,0.0000,0.0,0.0,0.1700,48.0,58.9,0.340,0,0,0,0,,,,,707,392,,,,,SFPQ___LUC7L2_unrelaxed_rank_001_alphafold2_multimer_v3_model_3_seed_000.pdb
SFPQ___LUC7L2,2,2,A,B,0.0000,0.0,0.0,0.0000,0.1196,0.0000,0.0000,0.0,0.0,0.1300,47.6,53.8,0.320,0,0,0,0,,,,,707,392,,,,,SFPQ___LUC7L2_unrelaxed_rank_002_alphafold2_multimer_v3_model_2_seed_000.pdb
SFPQ___LUC7L2,3,5,A,B,0.0000,0.0,0.0,0.0000,0.1196,0.0000,0.0000,0.0,0.0,0.1300,48.1,59.1,0.330,0,0,0,0,,,,,707,392,,,,,SFPQ___LUC7L2_unrelaxed_rank_003_alphafold2_multimer_v3_model_5_seed_000.pdb
SFPQ___LUC7L2,4,4,A,B,0.0000,0.0,0.0,0.0000,0.1366,0.0000,0.0000,0.0,0.0,0.1300,45.7,59.0,0.300,0,0,0,0,,,,,707,392,,,,,SFPQ___LUC7L2_unrelaxed_rank_004_alphafold2_multimer_v3_model_4_seed_000.pdb
SFPQ___LUC7L2,5,1,A,B,0.0000,0.0,0.0,0.0000,0.1271,0.0000,0.0000,0.0,0.0,0.1300,48.4,58.8,0.320,0,0,0,0,,,,,707,392,,,,,SFPQ___LUC7L2_unrelaxed_rank_005_alphafold2_multimer_v3_model_1_seed_000.pdb
SMAP___PRDX1,1,2,A,B,0.0118,20.0,0.2,0.0000,0.2619,0.0115,0.0121,57.0,7.0,0.1800,27.6,86.4,0.520,4,36,4,4,47.2,92.3,47.2,84.9,183,199,"[83-84,87-88]","[19,26-28,45,47-48,58,60,62,66,71-72,78,83-84,86-91,94,110,113-116,118,120,123,126-128,155,159]","[83-84,87-88]","[47-48,83,86]",SMAP___PRDX1_unrelaxed_rank_001_alphafold2_multimer_v3_model_2_seed_000.pdb
SMAP___PRDX1,2,3,A,B,0.0000,0.0,0.0,0.0000,0.1153,0.0000,0.0000,0.0,0.0,0.1300,28.7,91.0,0.530,0,0,0,0,,,,,183,199,,,,,SMAP___PRDX1_unrelaxed_rank_002_alphafold2_multimer_v3_model_3_seed_000.pdb
SMAP___PRDX1,3,5,A,B,0.0000,0.0,0.0,0.0000,0.1211,0.0000,0.0000,0.0,0.0,0.1400,28.1,86.9,0.510,0,0,0,0,,,,,183,199,,,,,SMAP___PRDX1_unrelaxed_rank_003_alphafold2_multimer_v3_model_5_seed_000.pdb
SMAP___PRDX1,4,1,A,B,0.0000,0.0,0.0,0.0000,0.1040,0.0000,0.0000,0.0,0.0,0.1100,29.2,85.3,0.490,0,0,0,0,,,,,183,199,,,,,SMAP___PRDX1_unrelaxed_rank_004_alphafold2_multimer_v3_model_1_seed_000.pdb
SMAP___PRDX1,5,4,A,B,0.0000,0.0,0.0,0.0000,0.0843,0.0000,0.0000,0.0,0.0,0.1000,28.3,87.1,0.490,0,0,0,0,,,,,183,199,,,,,SMAP___PRDX1_unrelaxed_rank_005_alphafold2_multimer_v3_model_4_seed_000.pdb
SMAP___SET,1,4,A,B,0.2741,854.0,234.1,0.0525,0.7625,0.2287,0.3284,6181.0,118.0,0.3800,31.7,69.5,0.480,39,182,24,31,53.0,89.0,56.7,82.4,183,290,[25-63],"[39-182,198-235]","[27,30-38,40-41,43-45,50,52,54-60]","[55-56,59-60,62-63,66-67,69-70,104-105,107-108,131-132,158,162,200,202,204-205,207-208,210,216-217,219-220,223-224]",SMAP___SET_unrelaxed_rank_001_alphafold2_multimer_v3_model_4_seed_000.pdb
SMAP___SET,2,3,A,B,0.1119,245.5,27.5,0.0157,0.4922,0.1014,0.1235,2512.0,24.0,0.2500,28.5,69.1,0.470,30,175,10,13,43.5,90.8,47.2,84.1,183,290,"[27-51,55-59]","[39-180,201-209,211-234]","[30,36-38,41,43-45,56,58]","[56,62-63,66-67,70,108,156,201,216-217,220,223]",SMAP___SET_unrelaxed_rank_002_alphafold2_multimer_v3_model_3_seed_000.pdb
SMAP___SET,3,1,A,B,0.0974,377.9,36.8,0.0159,0.4464,0.0912,0.1039,2975.0,48.0,0.2100,26.3,68.8,0.470,35,170,15,17,41.8,89.9,42.0,77.9,183,290,"[27-28,30-48,76-89]","[40-158,164-180,201-234]","[32-37,41,44-47,77,80-81,84]","[59-60,62-63,65-70,72-73,218-220,222-223]",SMAP___SET_unrelaxed_rank_003_alphafold2_multimer_v3_model_1_seed_000.pdb
SMAP___SET,4,2,A,B,0.1516,216.9,32.9,0.0180,0.5300,0.1255,0.1830,1961.0,24.0,0.1600,25.1,68.9,0.460,17,175,9,10,42.8,91.8,44.1,79.8,183,290,"[32,34-49]","[40-180,201-234]","[35-38,40-41,44-45,47]","[59,62-63,66-67,70,132,164,219,223]",SMAP___SET_unrelaxed_rank_004_alphafold2_multimer_v3_model_2_seed_000.pdb
SMAP___SET,5,5,A,B,0.1381,221.2,30.5,0.0189,0.5325,0.1173,0.1627,2038.0,24.0,0.1500,25.8,68.6,0.450,20,173,8,10,41.1,90.3,44.2,81.9,183,290,"[27,30,32-49]","[40-161,163-180,201-209,211-234]","[36-37,39-41,43-45]","[62-63,66-67,70,135,156,219,222-223]",SMAP___SET_unrelaxed_rank_005_alphafold2_multimer_v3_model_5_seed_000.pdb
SNRPC___ATXN2L,1,3,A,B,0.0919,48.7,4.5,0.0140,0.5967,0.0764,0.1106,95.0,25.0,0.2700,32.9,27.6,0.220,34,12,12,9,60.1,51.2,60.6,51.2,159,1075,"[1-9,11-13,17-27,29-36,40-42]","[275-281,657,659-661,663]","[1-9,13,21,41]","[277-281,657,659-660,663]",SNRPC___ATXN2L_unrelaxed_rank_001_alphafold2_multimer_v3_model_3_seed_000.pdb
SNRPC___ATXN2L,2,1,A,B,0.0000,0.0,0.0,0.0000,0.2640,0.0000,0.0000,0.0,0.0,0.1900,31.5,26.2,0.220,0,0,0,0,,,,,159,1075,,,,,SNRPC___ATXN2L_unrelaxed_rank_002_alphafold2_multimer_v3_model_1_seed_000.pdb
SNRPC___ATXN2L,3,4,A,B,0.0000,0.0,0.0,0.0000,0.2732,0.0000,0.0000,0.0,0.0,0.1900,33.3,26.7,0.210,0,0,0,0,,,,,159,1075,,,,,SNRPC___ATXN2L_unrelaxed_rank_003_alphafold2_multimer_v3_model_4_seed_000.pdb
SNRPC___ATXN2L,4,5,A,B,0.0000,0.0,0.0,0.0000,0.2324,0.0000,0.0000,0.0,0.0,0.1700,35.0,28.0,0.220,0,0,0,0,,,,,159,1075,,,,,SNRPC___ATXN2L_unrelaxed_rank_004_alphafold2_multimer_v3_model_5_seed_000.pdb
SNRPC___ATXN2L,5,2,A,B,0.0000,0.0,0.0,0.0000,0.2257,0.0000,0.0000,0.0,0.0,0.1700,38.4,26.7,0.220,0,0,0,0,,,,,159,1075,,,,,SNRPC___ATXN2L_unrelaxed_rank_005_alphafold2_multimer_v3_model_2_seed_000.pdb
SNRPC___CSTB,1,4,A,B,0.0850,103.0,8.8,0.0138,0.2815,0.0652,0.1110,442.0,24.0,0.2100,42.8,86.3,0.420,16,87,7,8,64.6,88.7,63.6,77.6,159,98,"[5-11,30-31,33-38,41]","[6-59,63-76,79-91,93-98]","[5-8,10,33,37]","[46-50,52,70,84]",SNRPC___CSTB_unrelaxed_rank_001_alphafold2_multimer_v3_model_4_seed_000.pdb
SNRPC___CSTB,2,3,A,B,0.0577,6.7,0.4,0.0000,0.2206,0.0460,0.0724,9.0,5.0,0.2100,42.6,82.9,0.400,5,3,3,2,69.6,70.7,69.4,67.7,159,98,"[6-9,38]","[47-48,51]",[6-8],[47-48],SNRPC___CSTB_unrelaxed_rank_002_alphafold2_multimer_v3_model_3_seed_000.pdb
SNRPC___CSTB,3,2,A,B,0.0122,3.2,0.0,0.0000,0.1758,0.0132,0.0112,5.0,2.0,0.1600,43.5,82.6,0.410,2,4,2,1,65.2,85.1,65.2,66.8,159,98,"[6,8]","[48,54-55,66]","[6,8]",[48],SNRPC___CSTB_unrelaxed_rank_003_alphafold2_multimer_v3_model_2_seed_000.pdb
SNRPC___CSTB,4,1,A,B,0.0000,0.0,0.0,0.0000,0.1551,0.0185,0.0000,4.0,0.0,0.1500,40.4,82.7,0.400,1,4,0,0,55.4,86.9,,,159,98,[37],"[24,48,56-57]",,,SNRPC___CSTB_unrelaxed_rank_004_alphafold2_multimer_v3_model_1_seed_000.pdb
SNRPC___CSTB,5,5,A,B,0.0000,0.0,0.0,0.0000,0.0813,0.0000,0.0000,0.0,0.0,0.1300,38.5,81.8,0.390,0,0,0,0,,,,,159,98,,,,,SNRPC___CSTB_unrelaxed_rank_005_alphafold2_multimer_v3_model_5_seed_000.pdb
SNRPC___SAFB,1,4,A,B,0.0000,0.0,0.0,0.0000,0.2817,0.0000,0.0000,0.0,0.0,0.1800,38.5,33.8,0.190,0,0,0,0,,,,,159,915,,,,,SNRPC___SAFB_unrelaxed_rank_001_alphafold2_multimer_v3_model_4_seed_000.pdb
SNRPC___SAFB,2,3,A,B,0.0000,0.0,0.0,0.0000,0.2545,0.0000,0.0000,0.0,0.0,0.1500,35.6,34.1,0.200,0,0,0,0,,,,,159,915,,,,,SNRPC___SAFB_unrelaxed_rank_002_alphafold2_multimer_v3_model_3_seed_000.pdb
SNRPC___SAFB,3,2,A,B,0.0000,0.0,0.0,0.0000,0.0000,0.0000,0.0000,0.0,0.0,0.1500,42.5,35.2,0.200,0,0,0,0,,,,,159,915,,,,,SNRPC___SAFB_unrelaxed_rank_003_alphafold2_multimer_v3_model_2_seed_000.pdb
SNRPC___SAFB,4,1,A,B,0.0000,0.0,0.0,0.0000,0.1625,0.0000,0.0000,0.0,0.0,0.1500,35.9,34.8,0.200,0,0,0,0,,,,,159,915,,,,,SNRPC___SAFB_unrelaxed_rank_004_alphafold2_multimer_v3_model_1_seed_000.pdb
SNRPC___SAFB,5,5,A,B,0.0000,0.0,0.0,0.0000,0.1448,0.0000,0.0000,0.0,0.0,0.1400,38.3,34.5,0.190,0,0,0,0,,,,,159,915,,,,,SNRPC___SAFB_unrelaxed_rank_005_alphafold2_multimer_v3_model_5_seed_000.pdb
STIP1___FUBP3,1,4,A,B,0.0000,0.0,0.0,0.0000,0.3036,0.0000,0.0000,0.0,0.0,0.2000,81.2,42.7,0.340,0,0,0,0,,,,,543,572,,,,,STIP1___FUBP3_unrelaxed_rank_001_alphafold2_multimer_v3_model_4_seed_000.pdb
STIP1___FUBP3,2,3,A,B,0.0000,0.0,0.0,0.0000,0.3064,0.0000,0.0000,0.0,0.0,0.1700,81.5,44.3,0.330,0,0,0,0,,,,,543,572,,,,,STIP1___FUBP3_unrelaxed_rank_002_alphafold2_multimer_v3_model_3_seed_000.pdb
STIP1___FUBP3,3,1,A,B,0.0000,0.0,0.0,0.0000,0.2471,0.0000,0.0000,0.0,0.0,0.1600,82.2,45.6,0.330,0,0,0,0,,,,,543,572,,,,,STIP1___FUBP3_unrelaxed_rank_003_alphafold2_multimer_v3_model_1_seed_000.pdb
STIP1___FUBP3,4,2,A,B,0.0000,0.0,0.0,0.0000,0.2757,0.0000,0.0000,0.0,0.0,0.1600,84.1,45.4,0.330,0,0,0,0,,,,,543,572,,,,,STIP1___FUBP3_unrelaxed_rank_004_alphafold2_multimer_v3_model_2_seed_000.pdb
STIP1___FUBP3,5,5,A,B,0.0000,0.0,0.0,0.0000,0.2462,0.0000,0.0000,0.0,0.0,0.1500,82.5,44.9,0.330,0,0,0,0,,,,,543,572,,,,,STIP1___FUBP3_unrelaxed_rank_005_alphafold2_multimer_v3_model_5_seed_000.pdb
STIP1___RB1,1,3,A,B,0.0000,0.0,0.0,0.0000,0.1857,0.0000,0.0000,0.0,0.0,0.1900,73.2,66.2,0.520,0,0,0,0,,,,,543,928,,,,,STIP1___RB1_unrelaxed_rank_001_alphafold2_multimer_v3_model_3_seed_000.pdb
STIP1___RB1,2,5,A,B,0.0000,0.0,0.0,0.0000,0.1665,0.0000,0.0000,0.0,0.0,0.1900,75.2,66.4,0.520,0,0,0,0,,,,,543,928,,,,,STIP1___RB1_unrelaxed_rank_002_alphafold2_multimer_v3_model_5_seed_000.pdb
STIP1___RB1,3,4,A,B,0.0000,0.0,0.0,0.0000,0.1827,0.0000,0.0000,0.0,0.0,0.1800,70.1,66.3,0.520,0,0,0,0,,,,,543,928,,,,,STIP1___RB1_unrelaxed_rank_003_alphafold2_multimer_v3_model_4_seed_000.pdb
STIP1___RB1,4,2,A,B,0.0000,0.0,0.0,0.0000,0.2013,0.0000,0.0000,0.0,0.0,0.1700,75.9,67.2,0.510,0,0,0,0,,,,,543,928,,,,,STIP1___RB1_unrelaxed_rank_004_alphafold2_multimer_v3_model_2_seed_000.pdb
STIP1___RB1,5,1,A,B,0.0000,0.0,0.0,0.0000,0.1714,0.0000,0.0000,0.0,0.0,0.1700,70.6,67.2,0.510,0,0,0,0,,,,,543,928,,,,,STIP1___RB1_unrelaxed_rank_005_alphafold2_multimer_v3_model_1_seed_000.pdb
STIP1___SAFB,1,5,A,B,0.0000,0.0,0.0,0.0000,0.4080,0.0000,0.0000,0.0,0.0,0.2400,82.0,29.8,0.300,0,0,0,0,,,,,543,915,,,,,STIP1___SAFB_unrelaxed_rank_001_alphafold2_multimer_v3_model_5_seed_000.pdb
STIP1___SAFB,2,4,A,B,0.0000,0.0,0.0,0.0000,0.4471,0.0000,0.0000,0.0,0.0,0.2300,79.7,28.3,0.300,0,0,0,0,,,,,543,915,,,,,STIP1___SAFB_unrelaxed_rank_002_alphafold2_multimer_v3_model_4_seed_000.pdb
STIP1___SAFB,3,3,A,B,0.0000,0.0,0.0,0.0000,0.3531,0.0000,0.0000,0.0,0.0,0.1900,81.8,29.0,0.300,0,0,0,0,,,,,543,915,,,,,STIP1___SAFB_unrelaxed_rank_003_alphafold2_multimer_v3_model_3_seed_000.pdb
STIP1___SAFB,4,2,A,B,0.0000,0.0,0.0,0.0000,0.0000,0.0000,0.0000,0.0,0.0,0.1600,84.7,30.8,0.300,0,0,0,0,,,,,543,915,,,,,STIP1___SAFB_unrelaxed_rank_004_alphafold2_multimer_v3_model_2_seed_000.pdb
STIP1___SAFB,5,1,A,B,0.0000,0.0,0.0,0.0000,0.1509,0.0000,0.0000,0.0,0.0,0.1600,82.9,30.2,0.290,0,0,0,0,,,,,543,915,,,,,STIP1___SAFB_unrelaxed_rank_005_alphafold2_multimer_v3_model_1_seed_000.pdb
SUGP2___NASP,1,2,A,B,0.3830,514.8,197.2,0.2898,0.9388,0.2906,0.5048,4492.0,59.0,0.3600,36.9,37.5,0.300,19,222,11,21,40.3,87.8,44.6,87.4,1082,788,"[974-991,1071]","[39-106,512-665]","[976,978,980-983,985-988,1071]","[100,104,517,550,553,581-582,584-585,588-589,592,596,610,634,637-638,641,645,648-649]",SUGP2___NASP_unrelaxed_rank_001_alphafold2_multimer_v3_model_2_seed_000.pdb
SUGP2___NASP,2,1,A,B,0.1702,889.4,151.4,0.0347,0.8286,0.1425,0.2034,5903.0,134.0,0.3200,33.6,35.4,0.310,40,206,27,37,43.3,84.7,45.6,80.9,1082,788,"[651-677,957-959,979-988]","[39-103,510-624,634-659]","[652-653,655-657,659-661,663-668,670-671,673-675,958-959,981,983-987]","[60,63-64,67,70-71,79-80,88,91,95,98,100,511-514,516-517,520-521,523-524,527-528,550,553-554,581,584-585,589,592,596,641,645,648]",SUGP2___NASP_unrelaxed_rank_002_alphafold2_multimer_v3_model_1_seed_000.pdb
SUGP2___NASP,3,4,A,B,0.0268,70.9,1.9,0.0109,0.6408,0.0210,0.0341,559.0,9.0,0.2500,34.5,35.7,0.300,15,151,5,7,40.4,86.0,40.8,83.2,1082,788,[1060-1074],"[43,46-47,50-56,59-60,62-63,65-70,73,86,88-90,93,97,99-101,514-532,534-547,549-567,569-575,579-616,618-619,621,636-646,648-654,656-657,660]","[1061,1063,1067-1068,1071]","[51,581,585,588,641,645,648]",SUGP2___NASP_unrelaxed_rank_003_alphafold2_multimer_v3_model_4_seed_000.pdb
SUGP2___NASP,4,5,A,B,0.0000,0.0,0.0,0.0000,0.4671,0.0000,0.0000,0.0,0.0,0.2400,35.8,36.7,0.290,0,0,0,0,,,,,1082,788,,,,,SUGP2___NASP_unrelaxed_rank_004_alphafold2_multimer_v3_model_5_seed_000.pdb
SUGP2___NASP,5,3,A,B,0.0000,0.0,0.0,0.0000,0.4304,0.0000,0.0000,0.0,0.0,0.2200,34.4,35.5,0.300,0,0,0,0,,,,,1082,788,,,,,SUGP2___NASP_unrelaxed_rank_005_alphafold2_multimer_v3_model_3_seed_000.pdb
SUGP2___SAR1A,1,1,A,B,0.0499,92.4,4.6,0.0124,0.5582,0.0409,0.0609,427.0,20.0,0.5000,36.1,61.6,0.300,62,43,10,7,82.3,79.9,78.6,73.1,1082,198,"[394,396-409,411-423,425-427,429-431,433,437,487,490-491,493-502,520-523,525,527-529,531-535]","[30,96-97,99,111,114-115,117-119,127-132,142-160,171-177,192]","[397-398,400,403,415-416,419,422,426,430]","[145,148,152,154-155,157,159]",SUGP2___SAR1A_unrelaxed_rank_001_alphafold2_multimer_v3_model_1_seed_000.pdb
SUGP2___SAR1A,2,5,A,B,0.0000,0.0,0.0,0.0000,0.4461,0.0242,0.0000,1.0,0.0,0.4600,36.6,70.8,0.310,1,1,0,0,79.6,72.0,,,1082,198,[494],[154],,,SUGP2___SAR1A_unrelaxed_rank_002_alphafold2_multimer_v3_model_5_seed_000.pdb
SUGP2___SAR1A,3,4,A,B,0.0000,0.0,0.0,0.0000,0.4205,0.0000,0.0000,0.0,0.0,0.2900,33.7,65.2,0.270,0,0,0,0,,,,,1082,198,,,,,SUGP2___SAR1A_unrelaxed_rank_003_alphafold2_multimer_v3_model_4_seed_000.pdb
SUGP2___SAR1A,4,2,A,B,0.0000,0.0,0.0,0.0000,0.3910,0.0083,0.0000,2.0,0.0,0.2800,35.8,64.5,0.300,2,1,0,0,79.5,37.8,,,1082,198,"[784,829]",[8],,,SUGP2___SAR1A_unrelaxed_rank_004_alphafold2_multimer_v3_model_2_seed_000.pdb
SUGP2___SAR1A,5,3,A,B,0.0000,0.0,0.0,0.0000,0.2517,0.0000,0.0000,0.0,0.0,0.2400,37.5,62.8,0.290,0,0,0,0,,,,,1082,198,,,,,SUGP2___SAR1A_unrelaxed_rank_005_alphafold2_multimer_v3_model_3_seed_000.pdb
TLE3___FUS,1,5,A,B,0.2921,881.1,257.4,0.4466,0.9663,0.2150,0.3968,10083.0,77.0,0.4100,56.1,31.0,0.380,328,43,27,12,94.4,65.0,90.6,59.7,772,526,[445-772],"[421-453,517-526]","[488,490,534,536,552,577-578,580,596-597,618-620,622,638,660-661,663,679-681,701-702,720,743,745,761]","[435-436,445-446,518-522,524-526]",TLE3___FUS_unrelaxed_rank_001_alphafold2_multimer_v3_model_5_seed_000.pdb
TLE3___FUS,2,3,A,B,0.1861,1203.4,224.0,0.1105,0.8270,0.1504,0.2304,12930.0,112.0,0.3600,56.3,28.9,0.390,323,45,31,21,93.6,59.5,86.2,52.3,772,526,"[248,446-515,521-772]","[338,363,372,420-453,519-526]","[248,488,490,534,552,577-578,580,596-598,619-620,622,638,660,663,679-681,700-702,704,720-721,742-743,745,761-762]","[338,372,420-422,425,434-438,441,445-446,519-522,524-526]",TLE3___FUS_unrelaxed_rank_002_alphafold2_multimer_v3_model_3_seed_000.pdb
TLE3___FUS,3,1,A,B,0.1981,302.0,59.8,0.0245,0.7724,0.1922,0.2042,1824.0,50.0,0.3100,55.3,28.5,0.370,313,11,19,6,93.8,47.5,91.5,44.3,772,526,"[447-452,458-468,471-515,521-563,565-772]","[437-439,445,520-526]","[488,490,534,536,552,577-578,580,596,620,622,638,663,702,704,720,743,745,761]","[438,521-522,524-526]",TLE3___FUS_unrelaxed_rank_003_alphafold2_multimer_v3_model_1_seed_000.pdb
TLE3___FUS,4,4,A,B,0.1742,549.3,95.7,0.0306,0.7910,0.1500,0.2023,4250.0,71.0,0.3100,54.7,28.7,0.370,317,30,26,10,93.1,57.0,87.9,47.7,772,526,"[447-454,456-515,521-562,564-670,673-772]","[425-428,435-451,518-526]","[488,490,534,552,577-578,580,596-598,619-620,622,638,660-661,663,679-681,702,704,720,743,745,761]","[438,445-446,519-522,524-526]",TLE3___FUS_unrelaxed_rank_004_alphafold2_multimer_v3_model_4_seed_000.pdb
TLE3___FUS,5,2,A,B,0.0255,87.1,2.2,0.0110,0.5345,0.0273,0.0239,506.0,15.0,0.2500,55.9,28.3,0.370,255,4,11,3,95.6,33.7,92.8,33.2,772,526,"[448-451,460-461,472-474,477-495,498-506,508-514,522,524-529,531-542,545-561,566,568-573,576-586,588-605,608-612,614,617-620,622-627,630-636,638-647,650-666,668-670,673-681,683-687,693-696,698-710,712-728,732-750,753-771]",[523-526],"[534,536,551-552,578,580,596,622,638,661,663]",[523-525],TLE3___FUS_unrelaxed_rank_005_alphafold2_multimer_v3_model_2_seed_000.pdb
TLE3___PRDX1,1,3,A,B,0.0000,0.0,0.0,0.0000,0.2586,0.0000,0.0000,0.0,0.0,0.2800,56.3,84.7,0.440,0,0,0,0,,,,,772,199,,,,,TLE3___PRDX1_unrelaxed_rank_001_alphafold2_multimer_v3_model_3_seed_000.pdb
TLE3___PRDX1,2,2,A,B,0.0000,0.0,0.0,0.0000,0.2447,0.0000,0.0000,0.0,0.0,0.2800,55.2,82.2,0.440,0,0,0,0,,,,,772,199,,,,,TLE3___PRDX1_unrelaxed_rank_002_alphafold2_multimer_v3_model_2_seed_000.pdb
TLE3___PRDX1,3,4,A,B,0.0000,0.0,0.0,0.0000,0.2066,0.0000,0.0000,0.0,0.0,0.2400,54.5,80.1,0.430,0,0,0,0,,,,,772,199,,,,,TLE3___PRDX1_unrelaxed_rank_003_alphafold2_multimer_v3_model_4_seed_000.pdb
TLE3___PRDX1,4,5,A,B,0.0000,0.0,0.0,0.0000,0.1592,0.0000,0.0000,0.0,0.0,0.2100,55.5,85.1,0.430,0,0,0,0,,,,,772,199,,,,,TLE3___PRDX1_unrelaxed_rank_004_alphafold2_multimer_v3_model_5_seed_000.pdb
TLE3___PRDX1,5,1,A,B,0.0000,0.0,0.0,0.0000,0.1485,0.0000,0.0000,0.0,0.0,0.2000,56.0,79.4,0.420,0,0,0,0,,,,,772,199,,,,,TLE3___PRDX1_unrelaxed_rank_005_alphafold2_multimer_v3_model_1_seed_000.pdb
TLE3___TXN,1,3,A,B,0.7223,2581.5,1864.7,0.8478,0.9800,0.6253,0.8344,68000.0,98.0,0.9300,59.5,96.0,0.530,335,105,25,14,95.3,96.0,96.0,94.4,772,105,[438-772],[1-105],"[488,490,534,536,552,578,580,596,619-620,622,638,660-661,663,679-681,700-702,720,743,745,761]","[30-31,33-34,36-37,72-74,90-94]",TLE3___TXN_unrelaxed_rank_001_alphafold2_multimer_v3_model_3_seed_000.pdb
TLE3___TXN,2,5,A,B,0.4067,2319.6,943.5,0.5290,0.8779,0.3013,0.5491,62567.0,86.0,0.7800,57.4,91.3,0.510,330,105,21,16,94.7,91.3,89.4,80.8,772,105,[443-772],[1-105],"[488,490,534,552,578,580,596,619,638,661,679-681,700-702,720,742-743,745,761]","[29-31,33-34,36-37,59-60,72-74,90-93]",TLE3___TXN_unrelaxed_rank_002_alphafold2_multimer_v3_model_5_seed_000.pdb
TLE3___TXN,3,4,A,B,0.3836,2408.3,923.7,0.4914,0.8666,0.2872,0.5123,60415.0,96.0,0.7300,56.2,90.4,0.510,329,105,27,14,94.2,90.4,86.7,76.8,772,105,[444-772],[1-105],"[488,490,534,536,552,577-578,580,596,619-620,622,638,660-661,663,679-681,700-702,720,742-743,745,761]","[30-31,33-34,36-37,60,72-74,90-93]",TLE3___TXN_unrelaxed_rank_003_alphafold2_multimer_v3_model_4_seed_000.pdb
TLE3___TXN,4,1,A,B,0.3126,1770.1,553.3,0.4272,0.8147,0.2127,0.4593,50537.0,62.0,0.7200,57.0,90.3,0.500,327,105,17,10,94.5,90.3,90.3,79.5,772,105,"[445-454,456-772]",[1-105],"[488,490,506,534,552,578,679,681,700-702,720,742-743,745,761-762]","[29-31,33,36,59-60,63,72-73]",TLE3___TXN_unrelaxed_rank_004_alphafold2_multimer_v3_model_1_seed_000.pdb
TLE3___TXN,5,2,A,B,0.2125,1882.0,399.9,0.1871,0.6960,0.1673,0.2700,32496.0,109.0,0.6500,57.3,89.3,0.500,318,105,27,15,94.8,89.3,86.1,73.5,772,105,"[447-453,457-515,521-772]",[1-105],"[488,490,534,536,552,577-578,580,596,619-620,622,638,660-661,663,679-681,700-702,720,742-743,745,761]","[30-31,33-34,36-37,59-60,72-74,90-93]",TLE3___TXN_unrelaxed_rank_005_alphafold2_multimer_v3_model_2_seed_000.pdb
TXN___ATXN2L,1,4,A,B,0.0000,0.0,0.0,0.0000,0.1991,0.0000,0.0000,0.0,0.0,0.1800,90.5,25.9,0.220,0,0,0,0,,,,,105,1075,,,,,TXN___ATXN2L_unrelaxed_rank_001_alphafold2_multimer_v3_model_4_seed_000.pdb
TXN___ATXN2L,2,1,A,B,0.0000,0.0,0.0,0.0000,0.1886,0.0000,0.0000,0.0,0.0,0.1800,92.6,25.6,0.220,0,0,0,0,,,,,105,1075,,,,,TXN___ATXN2L_unrelaxed_rank_002_alphafold2_multimer_v3_model_1_seed_000.pdb
TXN___ATXN2L,3,5,A,B,0.0000,0.0,0.0,0.0000,0.0000,0.0000,0.0000,0.0,0.0,0.1500,93.3,28.9,0.230,0,0,0,0,,,,,105,1075,,,,,TXN___ATXN2L_unrelaxed_rank_003_alphafold2_multimer_v3_model_5_seed_000.pdb
TXN___ATXN2L,4,3,A,B,0.0000,0.0,0.0,0.0000,0.1483,0.0000,0.0000,0.0,0.0,0.1500,92.2,28.2,0.220,0,0,0,0,,,,,105,1075,,,,,TXN___ATXN2L_unrelaxed_rank_004_alphafold2_multimer_v3_model_3_seed_000.pdb
TXN___ATXN2L,5,2,A,B,0.0000,0.0,0.0,0.0000,0.1641,0.0000,0.0000,0.0,0.0,0.1500,92.2,26.9,0.220,0,0,0,0,,,,,105,1075,,,,,TXN___ATXN2L_unrelaxed_rank_005_alphafold2_multimer_v3_model_2_seed_000.pdb
XRN2___LUC7L2,1,3,A,B,0.0000,0.0,0.0,0.0000,0.4263,0.0000,0.0000,0.0,0.0,0.2600,69.5,51.8,0.590,0,0,0,0,,,,,950,392,,,,,XRN2___LUC7L2_unrelaxed_rank_001_alphafold2_multimer_v3_model_3_seed_000.pdb
XRN2___LUC7L2,2,2,A,B,0.0000,0.0,0.0,0.0000,0.1968,0.0000,0.0000,0.0,0.0,0.2000,71.0,47.6,0.590,0,0,0,0,,,,,950,392,,,,,XRN2___LUC7L2_unrelaxed_rank_002_alphafold2_multimer_v3_model_2_seed_000.pdb
XRN2___LUC7L2,3,4,A,B,0.0000,0.0,0.0,0.0000,0.3811,0.0000,0.0000,0.0,0.0,0.2000,70.6,46.4,0.590,0,0,0,0,,,,,950,392,,,,,XRN2___LUC7L2_unrelaxed_rank_003_alphafold2_multimer_v3_model_4_seed_000.pdb
XRN2___LUC7L2,4,1,A,B,0.0000,0.0,0.0,0.0000,0.2033,0.0000,0.0000,0.0,0.0,0.1800,70.9,42.4,0.580,0,0,0,0,,,,,950,392,,,,,XRN2___LUC7L2_unrelaxed_rank_004_alphafold2_multimer_v3_model_1_seed_000.pdb
XRN2___LUC7L2,5,5,A,B,0.0000,0.0,0.0,0.0000,0.2333,0.0000,0.0000,0.0,0.0,0.1800,70.6,50.6,0.580,0,0,0,0,,,,,950,392,,,,,XRN2___LUC7L2_unrelaxed_rank_005_alphafold2_multimer_v3_model_5_seed_000.pdb
XRN2___MRPL12,1,2,A,B,0.0000,0.0,0.0,0.0000,0.1806,0.0000,0.0000,0.0,0.0,0.1700,73.1,35.1,0.650,0,0,0,0,,,,,950,198,,,,,XRN2___MRPL12_unrelaxed_rank_001_alphafold2_multimer_v3_model_2_seed_000.pdb
XRN2___MRPL12,2,4,A,B,0.0000,0.0,0.0,0.0000,0.2088,0.0000,0.0000,0.0,0.0,0.1700,73.0,38.7,0.650,0,0,0,0,,,,,950,198,,,,,XRN2___MRPL12_unrelaxed_rank_002_alphafold2_multimer_v3_model_4_seed_000.pdb
XRN2___MRPL12,3,5,A,B,0.0000,0.0,0.0,0.0000,0.1540,0.0000,0.0000,0.0,0.0,0.1600,72.8,35.5,0.650,0,0,0,0,,,,,950,198,,,,,XRN2___MRPL12_unrelaxed_rank_003_alphafold2_multimer_v3_model_5_seed_000.pdb
XRN2___MRPL12,4,3,A,B,0.0000,0.0,0.0,0.0000,0.1602,0.0000,0.0000,0.0,0.0,0.1600,71.6,36.4,0.640,0,0,0,0,,,,,950,198,,,,,XRN2___MRPL12_unrelaxed_rank_004_alphafold2_multimer_v3_model_3_seed_000.pdb
XRN2___MRPL12,5,1,A,B,0.0000,0.0,0.0,0.0000,0.1454,0.0000,0.0000,0.0,0.0,0.1500,72.9,32.5,0.640,0,0,0,0,,,,,950,198,,,,,XRN2___MRPL12_unrelaxed_rank_005_alphafold2_multimer_v3_model_1_seed_000.pdb
XRN2___NCL,1,2,A,B,0.0282,134.2,3.8,0.0110,0.5687,0.0281,0.0284,2250.0,8.0,0.2400,71.5,38.0,0.520,452,12,5,7,93.6,31.3,83.2,32.4,950,710,"[5,7-22,24,39,41-42,44,48-56,58-64,71-102,104-131,133-135,156-182,185,187-188,191-202,204-217,221-230,232-254,300-318,325-342,344,346-370,376-406,408-413,510,512-513,516-525,533-576,578,585,589-620,624-637,643-662,672-677,682-683,685,688,690,693,695-697,699-700,710,718,721,729-730,737,750-755,757,765-771]",[197-208],"[8,60,117,121,644]","[200,202-206,208]",XRN2___NCL_unrelaxed_rank_001_alphafold2_multimer_v3_model_2_seed_000.pdb
XRN2___NCL,2,3,A,B,0.0000,0.0,0.0,0.0000,0.2017,0.0000,0.0000,0.0,0.0,0.1900,70.6,36.1,0.510,0,0,0,0,,,,,950,710,,,,,XRN2___NCL_unrelaxed_rank_002_alphafold2_multimer_v3_model_3_seed_000.pdb
XRN2___NCL,3,1,A,B,0.0000,0.0,0.0,0.0000,0.2089,0.0000,0.0000,0.0,0.0,0.1900,69.2,35.9,0.510,0,0,0,0,,,,,950,710,,,,,XRN2___NCL_unrelaxed_rank_003_alphafold2_multimer_v3_model_1_seed_000.pdb
XRN2___NCL,4,4,A,B,0.0000,0.0,0.0,0.0000,0.2032,0.0000,0.0000,0.0,0.0,0.1800,70.2,36.1,0.510,0,0,0,0,,,,,950,710,,,,,XRN2___NCL_unrelaxed_rank_004_alphafold2_multimer_v3_model_4_seed_000.pdb
XRN2___NCL,5,5,A,B,0.0000,0.0,0.0,0.0000,0.1964,0.0000,0.0000,0.0,0.0,0.1800,70.5,38.6,0.510,0,0,0,0,,,,,950,710,,,,,XRN2___NCL_unrelaxed_rank_005_alphafold2_multimer_v3_model_5_seed_000.pdb
XRN2___TLE3,1,3,A,B,0.0189,74.9,1.4,0.0000,0.5737,0.0164,0.0217,801.0,7.0,0.2700,69.9,50.0,0.540,295,7,5,4,93.0,30.4,78.0,31.5,950,772,"[4-10,12-14,16-17,19-22,48-55,57-63,73-99,101-102,105-112,114,116-124,126-133,158-159,161-162,164-182,188,192-194,204-216,225-230,232-245,247-253,301-314,327,331-342,344,346-347,357-358,361-367,379,384-385,389-390,393,406,520,537-551,554-555,557,559-572,575,591,593-599,601,603-606,609-612,614-618,625-630,632-634,644,648-662,672-676,683,685,695-696,699,718,752-753,755,766]","[249,251-256]","[4-5,117,121,233]","[251,253-255]",XRN2___TLE3_unrelaxed_rank_001_alphafold2_multimer_v3_model_3_seed_000.pdb
XRN2___TLE3,2,5,A,B,0.0000,0.0,0.0,0.0000,0.4481,0.0000,0.0000,0.0,0.0,0.2500,70.7,49.8,0.530,0,0,0,0,,,,,950,772,,,,,XRN2___TLE3_unrelaxed_rank_002_alphafold2_multimer_v3_model_5_seed_000.pdb
XRN2___TLE3,3,2,A,B,0.0000,0.0,0.0,0.0000,0.5143,0.0021,0.0000,1.0,0.0,0.2400,70.6,50.2,0.530,1,1,0,0,88.1,29.3,,,950,772,[117],[246],,,XRN2___TLE3_unrelaxed_rank_003_alphafold2_multimer_v3_model_2_seed_000.pdb
XRN2___TLE3,4,4,A,B,0.0000,0.0,0.0,0.0000,0.2733,0.0000,0.0000,0.0,0.0,0.2200,70.7,46.4,0.520,0,0,0,0,,,,,950,772,,,,,XRN2___TLE3_unrelaxed_rank_004_alphafold2_multimer_v3_model_4_seed_000.pdb
XRN2___TLE3,5,1,A,B,0.0000,0.0,0.0,0.0000,0.5199,0.0000,0.0000,0.0,0.0,0.2100,69.3,49.0,0.510,0,0,0,0,,,,,950,772,,,,,XRN2___TLE3_unrelaxed_rank_005_alphafold2_multimer_v3_model_1_seed_000.pdb
ZBTB33___GFP,1,4,A,B,0.4267,1722.7,735.1,0.5613,0.9630,0.4005,0.4546,24940.0,119.0,0.8100,39.9,87.3,0.420,92,232,23,33,72.2,88.7,68.7,84.8,672,238,"[494,498,501,504,506-515,518,520-596]",[1-232],"[506,508,525,533-539,541-542,549,560-563,586,588-589,592,594-595]","[13,15,17,19,24-25,27-28,30,32-34,43,45,47-52,115-118,120,122,132,210,212,214-216,219]",ZBTB33___GFP_unrelaxed_rank_001_alphafold2_multimer_v3_model_4_seed_000.pdb
ZBTB33___GFP,2,2,A,B,0.3313,263.4,87.3,0.2269,0.8035,0.2277,0.4820,3305.0,21.0,0.6700,38.6,86.2,0.350,12,232,4,6,56.6,87.6,62.0,90.0,672,238,[636-647],[2-233],"[640,643-644,646]","[151,153,162,164,182,198]",ZBTB33___GFP_unrelaxed_rank_002_alphafold2_multimer_v3_model_2_seed_000.pdb
ZBTB33___GFP,3,1,A,B,0.0000,0.0,0.0,0.0000,0.1488,0.0000,0.0000,0.0,0.0,0.2100,36.2,85.0,0.340,0,0,0,0,,,,,672,238,,,,,ZBTB33___GFP_unrelaxed_rank_003_alphafold2_multimer_v3_model_1_seed_000.pdb
ZBTB33___GFP,4,3,A,B,0.0000,0.0,0.0,0.0000,0.1359,0.0000,0.0000,0.0,0.0,0.2000,37.6,82.2,0.340,0,0,0,0,,,,,672,238,,,,,ZBTB33___GFP_unrelaxed_rank_004_alphafold2_multimer_v3_model_3_seed_000.pdb
ZBTB33___GFP,5,5,A,B,0.0000,0.0,0.0,0.0000,0.1313,0.0000,0.0000,0.0,0.0,0.1800,37.4,85.6,0.330,0,0,0,0,,,,,672,238,,,,,ZBTB33___GFP_unrelaxed_rank_005_alphafold2_multimer_v3_model_5_seed_000.pdb
ZBTB33___RBM33,1,4,A,B,0.1664,241.7,40.2,0.0182,0.7973,0.1403,0.1973,990.0,59.0,0.2500,37.0,21.4,0.250,97,15,20,11,66.9,37.5,66.9,38.7,672,1170,"[483-486,492-516,520-578,581,583-590]",[64-78],"[507-508,510-511,514,533-535,537-538,549,562,566,576,584-589]","[64-69,71-75]",ZBTB33___RBM33_unrelaxed_rank_001_alphafold2_multimer_v3_model_4_seed_000.pdb
ZBTB33___RBM33,2,1,A,B,0.0335,60.1,2.0,0.0108,0.6275,0.0271,0.0413,172.0,21.0,0.2300,38.2,20.5,0.270,51,9,9,6,66.3,28.7,65.9,29.4,672,1170,"[496-497,503,507,511,515-516,518,520-527,529-544,549-552,554-555,557-560,563-566,568,584-587]","[65-69,71-72,74-75]","[511,522,533-535,537-538,584,586]","[67,69,71-72,74-75]",ZBTB33___RBM33_unrelaxed_rank_002_alphafold2_multimer_v3_model_1_seed_000.pdb
ZBTB33___RBM33,3,2,A,B,0.1678,404.4,67.8,0.0210,0.8487,0.1642,0.1713,1319.0,124.0,0.2400,38.2,23.1,0.230,125,25,34,20,61.5,36.0,56.2,36.8,672,1170,"[414-421,432-436,438-447,483-486,492-516,519-591]","[63-79,227-234]","[414-418,433,441-446,504-505,507-508,510-511,522,534-535,538,549,562,566,577-578,582,584-589]","[65-72,74-78,228-234]",ZBTB33___RBM33_unrelaxed_rank_003_alphafold2_multimer_v3_model_2_seed_000.pdb
ZBTB33___RBM33,4,3,A,B,0.1008,105.5,10.6,0.0147,0.6256,0.0857,0.1185,210.0,53.0,0.2100,36.8,23.1,0.230,49,15,16,12,51.1,29.6,48.3,29.6,672,1170,"[414-421,432-437,439-447,522-524,526-527,529-544,549-550,560,562,586]","[67,69-75,228-234]","[415-418,441-446,533-535,538,549,586]","[67,71-72,74-75,228-234]",ZBTB33___RBM33_unrelaxed_rank_004_alphafold2_multimer_v3_model_3_seed_000.pdb
ZBTB33___RBM33,5,5,A,B,0.0000,0.0,0.0,0.0000,0.4684,0.0000,0.0000,0.0,0.0,0.2000,39.1,22.4,0.220,0,0,0,0,,,,,672,1170,,,,,ZBTB33___RBM33_unrelaxed_rank_005_alphafold2_multimer_v3_model_5_seed_000.pdb
ZFR___FUBP3,1,5,A,B,0.0000,0.0,0.0,0.0000,0.4609,0.0128,0.0000,5.0,0.0,0.2400,46.5,45.4,0.330,5,1,0,0,94.8,33.3,,,1074,572,"[740,747,788,863,912]",[488],,,ZFR___FUBP3_unrelaxed_rank_001_alphafold2_multimer_v3_model_5_seed_000.pdb
ZFR___FUBP3,2,2,A,B,0.0112,22.1,0.2,0.0000,0.5447,0.0089,0.0141,70.0,7.0,0.2200,46.9,49.0,0.340,43,7,6,4,94.4,27.3,92.3,26.6,1074,572,"[740-741,744-746,748,750-753,759,790,795-797,799,801,805,823-824,831,853,862,896,904-905,907-909,913-914,923-924,926-927,947-948,951-952,954,971,974,1014]","[488-493,495]","[752,790,795,797,909,913]","[488-489,491,493]",ZFR___FUBP3_unrelaxed_rank_002_alphafold2_multimer_v3_model_2_seed_000.pdb
ZFR___FUBP3,3,3,A,B,0.0000,0.0,0.0,0.0000,0.3303,0.0000,0.0000,0.0,0.0,0.2100,45.6,42.2,0.340,0,0,0,0,,,,,1074,572,,,,,ZFR___FUBP3_unrelaxed_rank_003_alphafold2_multimer_v3_model_3_seed_000.pdb
ZFR___FUBP3,4,4,A,B,0.0000,0.0,0.0,0.0000,0.2783,0.0000,0.0000,0.0,0.0,0.2000,44.6,43.6,0.330,0,0,0,0,,,,,1074,572,,,,,ZFR___FUBP3_unrelaxed_rank_004_alphafold2_multimer_v3_model_4_seed_000.pdb
ZFR___FUBP3,5,1,A,B,0.0000,0.0,0.0,0.0000,0.2561,0.0000,0.0000,0.0,0.0,0.1900,46.6,44.8,0.330,0,0,0,0,,,,,1074,572,,,,,ZFR___FUBP3_unrelaxed_rank_005_alphafold2_multimer_v3_model_1_seed_000.pdb
ZFR___PRDX1,1,3,A,B,0.0000,0.0,0.0,0.0000,0.2631,0.0000,0.0000,0.0,0.0,0.3100,46.1,87.0,0.380,0,0,0,0,,,,,1074,199,,,,,ZFR___PRDX1_unrelaxed_rank_001_alphafold2_multimer_v3_model_3_seed_000.pdb
ZFR___PRDX1,2,4,A,B,0.0000,0.0,0.0,0.0000,0.2458,0.0000,0.0000,0.0,0.0,0.2800,44.4,84.6,0.360,0,0,0,0,,,,,1074,199,,,,,ZFR___PRDX1_unrelaxed_rank_002_alphafold2_multimer_v3_model_4_seed_000.pdb
ZFR___PRDX1,3,1,A,B,0.0000,0.0,0.0,0.0000,0.2579,0.0000,0.0000,0.0,0.0,0.2700,47.0,86.5,0.360,0,0,0,0,,,,,1074,199,,,,,ZFR___PRDX1_unrelaxed_rank_003_alphafold2_multimer_v3_model_1_seed_000.pdb
ZFR___PRDX1,4,5,A,B,0.0000,0.0,0.0,0.0000,0.1678,0.0000,0.0000,0.0,0.0,0.2400,45.7,86.0,0.360,0,0,0,0,,,,,1074,199,,,,,ZFR___PRDX1_unrelaxed_rank_004_alphafold2_multimer_v3_model_5_seed_000.pdb
ZFR___PRDX1,5,2,A,B,0.0000,0.0,0.0,0.0000,0.1675,0.0000,0.0000,0.0,0.0,0.1900,47.1,87.3,0.350,0,0,0,0,,,,,1074,199,,,,,ZFR___PRDX1_unrelaxed_rank_005_alphafold2_multimer_v3_model_2_seed_000.pdb
ZNF503___PPP1R10,1,2,A,B,0.0000,0.0,0.0,0.0000,0.2037,0.0000,0.0000,0.0,0.0,0.1900,21.0,33.5,0.240,0,0,0,0,,,,,646,940,,,,,ZNF503___PPP1R10_unrelaxed_rank_001_alphafold2_multimer_v3_model_2_seed_000.pdb
ZNF503___PPP1R10,2,1,A,B,0.0000,0.0,0.0,0.0000,0.2012,0.0000,0.0000,0.0,0.0,0.1800,20.7,32.3,0.240,0,0,0,0,,,,,646,940,,,,,ZNF503___PPP1R10_unrelaxed_rank_002_alphafold2_multimer_v3_model_1_seed_000.pdb
ZNF503___PPP1R10,3,3,A,B,0.0000,0.0,0.0,0.0000,0.3399,0.0000,0.0000,0.0,0.0,0.1700,19.6,31.5,0.240,0,0,0,0,,,,,646,940,,,,,ZNF503___PPP1R10_unrelaxed_rank_003_alphafold2_multimer_v3_model_3_seed_000.pdb
ZNF503___PPP1R10,4,4,A,B,0.0000,0.0,0.0,0.0000,0.1807,0.0000,0.0000,0.0,0.0,0.1600,19.8,32.8,0.230,0,0,0,0,,,,,646,940,,,,,ZNF503___PPP1R10_unrelaxed_rank_004_alphafold2_multimer_v3_model_4_seed_000.pdb
ZNF503___PPP1R10,5,5,A,B,0.0000,0.0,0.0,0.0000,0.1640,0.0000,0.0000,0.0,0.0,0.1600,20.0,33.4,0.230,0,0,0,0,,,,,646,940,,,,,ZNF503___PPP1R10_unrelaxed_rank_005_alphafold2_multimer_v3_model_5_seed_000.pdb
ZNF503___RB1,1,4,A,B,0.4377,1026.2,449.2,0.4352,0.9775,0.2754,0.6958,22891.0,46.0,0.5600,19.6,70.0,0.520,38,597,10,10,71.6,90.3,75.9,90.9,646,928,[510-547],"[52-173,188-232,234-236,239-240,273-302,314-348,372-389,394-467,473-582,599-609,642-788]","[517-524,542-543]","[709,713,720-722,753,756-758,761]",ZNF503___RB1_unrelaxed_rank_001_alphafold2_multimer_v3_model_4_seed_000.pdb
ZNF503___RB1,2,3,A,B,0.3318,402.2,133.4,0.2793,0.9027,0.2298,0.4789,4148.0,39.0,0.5200,18.4,69.5,0.510,14,543,7,13,46.3,92.1,55.9,90.5,646,928,"[92-94,495-505]","[57,59-61,63-64,69-78,97-111,115-138,141-173,189-206,208-209,211-230,235-236,239-240,273-301,316-328,332-337,339-343,374-501,512-580,594-611,641-717,719-744,748-772,776-790]","[93,497-498,500-503]","[408,468,470,472-476,603-604,607,721,753]",ZNF503___RB1_unrelaxed_rank_002_alphafold2_multimer_v3_model_3_seed_000.pdb
ZNF503___RB1,3,1,A,B,0.0000,0.0,0.0,0.0000,0.4763,0.0000,0.0000,0.0,0.0,0.2200,17.8,68.9,0.500,0,0,0,0,,,,,646,928,,,,,ZNF503___RB1_unrelaxed_rank_003_alphafold2_multimer_v3_model_1_seed_000.pdb
ZNF503___RB1,4,5,A,B,0.0000,0.0,0.0,0.0000,0.2414,0.0000,0.0000,0.0,0.0,0.1900,17.4,70.2,0.500,0,0,0,0,,,,,646,928,,,,,ZNF503___RB1_unrelaxed_rank_004_alphafold2_multimer_v3_model_5_seed_000.pdb
ZNF503___RB1,5,2,A,B,0.0000,0.0,0.0,0.0000,0.3061,0.0000,0.0000,0.0,0.0,0.1800,17.5,70.3,0.500,0,0,0,0,,,,,646,928,,,,,ZNF503___RB1_unrelaxed_rank_005_alphafold2_multimer_v3_model_2_seed_000.pdb
