name,rank,model,chain_i,chain_j,iLIS,iLIA,iLISA,ipSAE,actifpTM,LIS,cLIS,LIA,cLIA,ipTM,pLDDT_i,pLDDT_j,pTM,LIR_i,LIR_j,cLIR_i,cLIR_j,LIpLDDT_i,LIpLDDT_j,cLIpLDDT_i,cLIpLDDT_j,len_i,len_j,LIR_indices_i,LIR_indices_j,cLIR_indices_i,cLIR_indices_j,structure_file
EDC3___PDXDC1,1,5,A,B,0.1893,518.1,98.1,0.0517,0.8241,0.1080,0.3318,9255.0,29.0,0.4000,60.3,71.8,0.580,221,162,11,7,92.1,83.8,80.3,63.3,508,788,"[260-264,270-275,277-320,335-435,437-447,452-468,470-506]","[15-17,19-32,40-85,89-101,103,109,111-130,136,139-144,147-150,153,156,176,192-193,222-223,225-227,255,257-259,261,263,266,276-277,298,300-301,305-310,313,322-325,337,340,342-346,350-355,357-359,361-363,464]","[343-344,371-373,375,415-416,418-419,421]","[43,45-50]",EDC3___PDXDC1_unrelaxed_rank_001_alphafold2_multimer_v3_model_5_seed_000.pdb
EDC3___PDXDC1,2,1,A,B,0.0000,0.0,0.0,0.0000,0.4367,0.0125,0.0000,6.0,0.0,0.3000,59.6,71.1,0.520,5,3,0,0,92.7,54.4,,,508,788,"[341,346,379,410,429]","[44,46-47]",,,EDC3___PDXDC1_unrelaxed_rank_002_alphafold2_multimer_v3_model_1_seed_000.pdb
EDC3___PDXDC1,3,4,A,B,0.0000,0.0,0.0,0.0000,0.2438,0.0000,0.0000,0.0,0.0,0.2200,57.7,70.3,0.530,0,0,0,0,,,,,508,788,,,,,EDC3___PDXDC1_unrelaxed_rank_003_alphafold2_multimer_v3_model_4_seed_000.pdb
EDC3___PDXDC1,4,3,A,B,0.0000,0.0,0.0,0.0000,0.1454,0.0000,0.0000,0.0,0.0,0.1500,58.5,70.3,0.500,0,0,0,0,,,,,508,788,,,,,EDC3___PDXDC1_unrelaxed_rank_004_alphafold2_multimer_v3_model_3_seed_000.pdb
EDC3___PDXDC1,5,2,A,B,0.0000,0.0,0.0,0.0000,0.1453,0.0000,0.0000,0.0,0.0,0.1500,59.2,70.8,0.500,0,0,0,0,,,,,508,788,,,,,EDC3___PDXDC1_unrelaxed_rank_005_alphafold2_multimer_v3_model_2_seed_000.pdb
EPB41___XPNPEP1,1,4,A,B,0.0000,0.0,0.0,0.0000,0.1862,0.0000,0.0000,0.0,0.0,0.2000,43.7,92.8,0.490,0,0,0,0,,,,,864,623,,,,,EPB41___XPNPEP1_unrelaxed_rank_001_alphafold2_multimer_v3_model_4_seed_000.pdb
EPB41___XPNPEP1,2,1,A,B,0.0000,0.0,0.0,0.0000,0.2421,0.0000,0.0000,0.0,0.0,0.1900,45.0,93.1,0.490,0,0,0,0,,,,,864,623,,,,,EPB41___XPNPEP1_unrelaxed_rank_002_alphafold2_multimer_v3_model_1_seed_000.pdb
EPB41___XPNPEP1,3,2,A,B,0.0000,0.0,0.0,0.0000,0.2411,0.0000,0.0000,0.0,0.0,0.1900,44.5,93.8,0.490,0,0,0,0,,,,,864,623,,,,,EPB41___XPNPEP1_unrelaxed_rank_003_alphafold2_multimer_v3_model_2_seed_000.pdb
EPB41___XPNPEP1,4,3,A,B,0.0000,0.0,0.0,0.0000,0.1691,0.0000,0.0000,0.0,0.0,0.1700,44.8,93.3,0.490,0,0,0,0,,,,,864,623,,,,,EPB41___XPNPEP1_unrelaxed_rank_004_alphafold2_multimer_v3_model_3_seed_000.pdb
EPB41___XPNPEP1,5,5,A,B,0.0000,0.0,0.0,0.0000,0.1797,0.0000,0.0000,0.0,0.0,0.1600,44.3,94.0,0.490,0,0,0,0,,,,,864,623,,,,,EPB41___XPNPEP1_unrelaxed_rank_005_alphafold2_multimer_v3_model_5_seed_000.pdb
GNAI3___ACTR2,1,4,A,B,0.0000,0.0,0.0,0.0000,0.1199,0.0000,0.0000,0.0,0.0,0.1500,82.1,87.8,0.550,0,0,0,0,,,,,354,394,,,,,GNAI3___ACTR2_unrelaxed_rank_001_alphafold2_multimer_v3_model_4_seed_000.pdb
GNAI3___ACTR2,2,2,A,B,0.0000,0.0,0.0,0.0000,0.1416,0.0000,0.0000,0.0,0.0,0.1500,84.3,88.6,0.550,0,0,0,0,,,,,354,394,,,,,GNAI3___ACTR2_unrelaxed_rank_002_alphafold2_multimer_v3_model_2_seed_000.pdb
GNAI3___ACTR2,3,3,A,B,0.0000,0.0,0.0,0.0000,0.1130,0.0000,0.0000,0.0,0.0,0.1400,80.8,88.6,0.540,0,0,0,0,,,,,354,394,,,,,GNAI3___ACTR2_unrelaxed_rank_003_alphafold2_multimer_v3_model_3_seed_000.pdb
GNAI3___ACTR2,4,1,A,B,0.0000,0.0,0.0,0.0000,0.1241,0.0000,0.0000,0.0,0.0,0.1400,82.0,86.5,0.530,0,0,0,0,,,,,354,394,,,,,GNAI3___ACTR2_unrelaxed_rank_004_alphafold2_multimer_v3_model_1_seed_000.pdb
GNAI3___ACTR2,5,5,A,B,0.0000,0.0,0.0,0.0000,0.1137,0.0000,0.0000,0.0,0.0,0.1300,84.2,88.8,0.540,0,0,0,0,,,,,354,394,,,,,GNAI3___ACTR2_unrelaxed_rank_005_alphafold2_multimer_v3_model_5_seed_000.pdb
GNAI3___PDXDC1,1,1,A,B,0.0000,0.0,0.0,0.0000,0.1758,0.0000,0.0000,0.0,0.0,0.2000,81.2,69.0,0.540,0,0,0,0,,,,,354,788,,,,,GNAI3___PDXDC1_unrelaxed_rank_001_alphafold2_multimer_v3_model_1_seed_000.pdb
GNAI3___PDXDC1,2,2,A,B,0.0000,0.0,0.0,0.0000,0.1715,0.0000,0.0000,0.0,0.0,0.1900,80.4,70.3,0.550,0,0,0,0,,,,,354,788,,,,,GNAI3___PDXDC1_unrelaxed_rank_002_alphafold2_multimer_v3_model_2_seed_000.pdb
GNAI3___PDXDC1,3,5,A,B,0.0000,0.0,0.0,0.0000,0.1558,0.0000,0.0000,0.0,0.0,0.1700,84.5,68.5,0.550,0,0,0,0,,,,,354,788,,,,,GNAI3___PDXDC1_unrelaxed_rank_003_alphafold2_multimer_v3_model_5_seed_000.pdb
GNAI3___PDXDC1,4,4,A,B,0.0000,0.0,0.0,0.0000,0.1502,0.0000,0.0000,0.0,0.0,0.1700,82.0,69.0,0.540,0,0,0,0,,,,,354,788,,,,,GNAI3___PDXDC1_unrelaxed_rank_004_alphafold2_multimer_v3_model_4_seed_000.pdb
GNAI3___PDXDC1,5,3,A,B,0.0000,0.0,0.0,0.0000,0.1351,0.0000,0.0000,0.0,0.0,0.1500,80.7,67.8,0.530,0,0,0,0,,,,,354,788,,,,,GNAI3___PDXDC1_unrelaxed_rank_005_alphafold2_multimer_v3_model_3_seed_000.pdb
GNAI3___TXLNA,1,4,A,B,0.0000,0.0,0.0,0.0000,0.2661,0.0000,0.0000,0.0,0.0,0.2100,86.2,38.5,0.420,0,0,0,0,,,,,354,546,,,,,GNAI3___TXLNA_unrelaxed_rank_001_alphafold2_multimer_v3_model_4_seed_000.pdb
GNAI3___TXLNA,2,1,A,B,0.0000,0.0,0.0,0.0000,0.1744,0.0000,0.0000,0.0,0.0,0.1800,86.1,48.8,0.420,0,0,0,0,,,,,354,546,,,,,GNAI3___TXLNA_unrelaxed_rank_002_alphafold2_multimer_v3_model_1_seed_000.pdb
GNAI3___TXLNA,3,2,A,B,0.0000,0.0,0.0,0.0000,0.1274,0.0000,0.0000,0.0,0.0,0.1400,88.3,46.9,0.420,0,0,0,0,,,,,354,546,,,,,GNAI3___TXLNA_unrelaxed_rank_003_alphafold2_multimer_v3_model_2_seed_000.pdb
GNAI3___TXLNA,4,3,A,B,0.0000,0.0,0.0,0.0000,0.1749,0.0000,0.0000,0.0,0.0,0.1400,87.0,53.3,0.410,0,0,0,0,,,,,354,546,,,,,GNAI3___TXLNA_unrelaxed_rank_004_alphafold2_multimer_v3_model_3_seed_000.pdb
GNAI3___TXLNA,5,5,A,B,0.0000,0.0,0.0,0.0000,0.1814,0.0000,0.0000,0.0,0.0,0.1300,86.4,51.2,0.410,0,0,0,0,,,,,354,546,,,,,GNAI3___TXLNA_unrelaxed_rank_005_alphafold2_multimer_v3_model_5_seed_000.pdb
GNAS___ASPH,1,3,A,B,0.0152,45.4,0.7,0.0000,0.5951,0.0149,0.0155,413.0,5.0,0.2300,39.6,58.3,0.360,6,204,4,5,24.8,92.2,24.7,83.0,1037,758,[532-537],"[382-386,402-406,419-424,426,436,440-448,450,453-460,462,465-471,473-476,478-482,484,487-492,494,497,499-517,519-520,522-523,526-527,530-531,533-534,537-538,542-546,548-560,562-568,570-573,575-578,580-581,583,586-587,589-591,593-594,597-598,600-601,628-629,633,636,638-641,647-652,654-657,665,667,669,671,674-675,677-680,682-684,689-691,693-694,702-704,708,711,715-719,722,724,726,734,737-738,740-741,745-752,754,758]",[532-535],"[466,526,565,682,758]",GNAS___ASPH_unrelaxed_rank_001_alphafold2_multimer_v3_model_3_seed_000.pdb
GNAS___ASPH,2,5,A,B,0.0000,0.0,0.0,0.0000,0.5323,0.0058,0.0000,8.0,0.0,0.2300,39.5,58.7,0.360,2,8,0,0,25.3,93.4,,,1037,758,"[534,536]","[455-457,480,487,513,564,587]",,,GNAS___ASPH_unrelaxed_rank_002_alphafold2_multimer_v3_model_5_seed_000.pdb
GNAS___ASPH,3,1,A,B,0.0000,0.0,0.0,0.0000,0.3985,0.0000,0.0000,0.0,0.0,0.2200,38.1,58.7,0.360,0,0,0,0,,,,,1037,758,,,,,GNAS___ASPH_unrelaxed_rank_003_alphafold2_multimer_v3_model_1_seed_000.pdb
GNAS___ASPH,4,4,A,B,0.0000,0.0,0.0,0.0000,0.4244,0.0000,0.0000,0.0,0.0,0.2000,37.0,56.8,0.360,0,0,0,0,,,,,1037,758,,,,,GNAS___ASPH_unrelaxed_rank_004_alphafold2_multimer_v3_model_4_seed_000.pdb
GNAS___ASPH,5,2,A,B,0.0000,0.0,0.0,0.0000,0.3203,0.0000,0.0000,0.0,0.0,0.2000,39.2,60.6,0.360,0,0,0,0,,,,,1037,758,,,,,GNAS___ASPH_unrelaxed_rank_005_alphafold2_multimer_v3_model_2_seed_000.pdb
GNAS___MRPL12,1,3,A,B,0.0000,0.0,0.0,0.0000,0.2537,0.0000,0.0000,0.0,0.0,0.2200,42.6,38.2,0.390,0,0,0,0,,,,,1037,198,,,,,GNAS___MRPL12_unrelaxed_rank_001_alphafold2_multimer_v3_model_3_seed_000.pdb
GNAS___MRPL12,2,1,A,B,0.0000,0.0,0.0,0.0000,0.2368,0.0000,0.0000,0.0,0.0,0.2200,41.4,32.6,0.380,0,0,0,0,,,,,1037,198,,,,,GNAS___MRPL12_unrelaxed_rank_002_alphafold2_multimer_v3_model_1_seed_000.pdb
GNAS___MRPL12,3,2,A,B,0.0000,0.0,0.0,0.0000,0.2288,0.0000,0.0000,0.0,0.0,0.2100,42.9,40.1,0.400,0,0,0,0,,,,,1037,198,,,,,GNAS___MRPL12_unrelaxed_rank_003_alphafold2_multimer_v3_model_2_seed_000.pdb
GNAS___MRPL12,4,4,A,B,0.0000,0.0,0.0,0.0000,0.2963,0.0000,0.0000,0.0,0.0,0.2100,41.2,35.3,0.380,0,0,0,0,,,,,1037,198,,,,,GNAS___MRPL12_unrelaxed_rank_004_alphafold2_multimer_v3_model_4_seed_000.pdb
GNAS___MRPL12,5,5,A,B,0.0000,0.0,0.0,0.0000,0.2310,0.0000,0.0000,0.0,0.0,0.2000,42.7,36.5,0.380,0,0,0,0,,,,,1037,198,,,,,GNAS___MRPL12_unrelaxed_rank_005_alphafold2_multimer_v3_model_5_seed_000.pdb
IBA57___ATXN2L,1,4,A,B,0.0000,0.0,0.0,0.0000,0.2772,0.0000,0.0000,0.0,0.0,0.2300,77.9,24.1,0.330,0,0,0,0,,,,,356,1075,,,,,IBA57___ATXN2L_unrelaxed_rank_001_alphafold2_multimer_v3_model_4_seed_000.pdb
IBA57___ATXN2L,2,3,A,B,0.0000,0.0,0.0,0.0000,0.2317,0.0000,0.0000,0.0,0.0,0.1900,78.8,25.3,0.330,0,0,0,0,,,,,356,1075,,,,,IBA57___ATXN2L_unrelaxed_rank_002_alphafold2_multimer_v3_model_3_seed_000.pdb
IBA57___ATXN2L,3,1,A,B,0.0000,0.0,0.0,0.0000,0.1784,0.0000,0.0000,0.0,0.0,0.1800,78.1,24.8,0.330,0,0,0,0,,,,,356,1075,,,,,IBA57___ATXN2L_unrelaxed_rank_003_alphafold2_multimer_v3_model_1_seed_000.pdb
IBA57___ATXN2L,4,2,A,B,0.0000,0.0,0.0,0.0000,0.2018,0.0000,0.0000,0.0,0.0,0.1600,79.6,25.2,0.330,0,0,0,0,,,,,356,1075,,,,,IBA57___ATXN2L_unrelaxed_rank_004_alphafold2_multimer_v3_model_2_seed_000.pdb
IBA57___ATXN2L,5,5,A,B,0.0000,0.0,0.0,0.0000,0.1339,0.0000,0.0000,0.0,0.0,0.1600,78.8,25.9,0.330,0,0,0,0,,,,,356,1075,,,,,IBA57___ATXN2L_unrelaxed_rank_005_alphafold2_multimer_v3_model_5_seed_000.pdb
MRPL12___XPNPEP1,1,4,A,B,0.1048,470.5,49.3,0.0137,0.5254,0.0844,0.1300,5826.0,38.0,0.2800,43.1,95.5,0.770,28,558,8,8,64.1,96.6,62.8,84.6,198,623,"[134,142-167,188]","[7-18,26-33,36-67,69-74,76-87,89-94,101-111,115-146,149-155,157-238,241-251,261-353,357-394,396,399-400,403-406,408,410-499,501-504,513-618]","[143,146-147,157-159,162-163]","[183,186-187,189-191,230-231]",MRPL12___XPNPEP1_unrelaxed_rank_001_alphafold2_multimer_v3_model_4_seed_000.pdb
MRPL12___XPNPEP1,2,5,A,B,0.0655,201.0,13.2,0.0125,0.4555,0.0510,0.0840,1683.0,24.0,0.2400,40.5,95.5,0.770,18,437,8,9,60.4,96.9,59.2,83.2,198,623,"[142-143,145-150,156-165]","[8-17,27,29-32,36,38-39,41,43-56,58,62-66,70-72,74,81-82,85,90-94,102-107,109-110,115-136,141-146,149-155,161,163-216,218-238,242,244-251,261-280,286-307,312-352,358-363,365-377,379-381,383-384,390,392-393,405-406,411-419,424-435,437-445,447-459,461,463-464,468-469,472-476,478,481-483,485,487,489-491,493-497,514,516-520,523-528,532-541,544-547,556-567,569,571-574,577-593,595-605,607-613,615]","[142-143,146-147,157-159,162]","[183-184,186-187,189-191,230-231]",MRPL12___XPNPEP1_unrelaxed_rank_002_alphafold2_multimer_v3_model_5_seed_000.pdb
MRPL12___XPNPEP1,3,3,A,B,0.0000,0.0,0.0,0.0000,0.3678,0.0000,0.0000,0.0,0.0,0.2000,42.1,95.6,0.760,0,0,0,0,,,,,198,623,,,,,MRPL12___XPNPEP1_unrelaxed_rank_003_alphafold2_multimer_v3_model_3_seed_000.pdb
MRPL12___XPNPEP1,4,2,A,B,0.0000,0.0,0.0,0.0000,0.1721,0.0000,0.0000,0.0,0.0,0.1600,39.1,95.5,0.750,0,0,0,0,,,,,198,623,,,,,MRPL12___XPNPEP1_unrelaxed_rank_004_alphafold2_multimer_v3_model_2_seed_000.pdb
MRPL12___XPNPEP1,5,1,A,B,0.0000,0.0,0.0,0.0000,0.1219,0.0000,0.0000,0.0,0.0,0.1400,39.2,95.5,0.750,0,0,0,0,,,,,198,623,,,,,MRPL12___XPNPEP1_unrelaxed_rank_005_alphafold2_multimer_v3_model_1_seed_000.pdb
NBN___ALDH1L2,1,3,A,B,0.0000,0.0,0.0,0.0000,0.4162,0.0000,0.0000,0.0,0.0,0.2700,44.6,88.9,0.430,0,0,0,0,,,,,754,923,,,,,NBN___ALDH1L2_unrelaxed_rank_001_alphafold2_multimer_v3_model_3_seed_000.pdb
NBN___ALDH1L2,2,4,A,B,0.0000,0.0,0.0,0.0000,0.3484,0.0000,0.0000,0.0,0.0,0.2400,44.4,88.4,0.430,0,0,0,0,,,,,754,923,,,,,NBN___ALDH1L2_unrelaxed_rank_002_alphafold2_multimer_v3_model_4_seed_000.pdb
NBN___ALDH1L2,3,5,A,B,0.0000,0.0,0.0,0.0000,0.2968,0.0000,0.0000,0.0,0.0,0.2200,44.3,88.8,0.430,0,0,0,0,,,,,754,923,,,,,NBN___ALDH1L2_unrelaxed_rank_003_alphafold2_multimer_v3_model_5_seed_000.pdb
NBN___ALDH1L2,4,1,A,B,0.0000,0.0,0.0,0.0000,0.3082,0.0000,0.0000,0.0,0.0,0.1900,44.2,87.1,0.420,0,0,0,0,,,,,754,923,,,,,NBN___ALDH1L2_unrelaxed_rank_004_alphafold2_multimer_v3_model_1_seed_000.pdb
NBN___ALDH1L2,5,2,A,B,0.0000,0.0,0.0,0.0000,0.3548,0.0000,0.0000,0.0,0.0,0.1900,45.3,89.4,0.430,0,0,0,0,,,,,754,923,,,,,NBN___ALDH1L2_unrelaxed_rank_005_alphafold2_multimer_v3_model_2_seed_000.pdb
NBN___MRPL15,1,1,A,B,0.0828,57.3,4.8,0.0145,0.5404,0.0659,0.1041,143.0,23.0,0.4100,48.6,71.4,0.360,6,60,5,9,46.8,83.1,48.6,79.0,754,296,[707-712],"[107,119-120,122,179-180,182-199,201,203-204,214,220,222-223,229,260,263,265-288,290-291]",[707-711],"[272-274,281-286]",NBN___MRPL15_unrelaxed_rank_001_alphafold2_multimer_v3_model_1_seed_000.pdb
NBN___MRPL15,2,5,A,B,0.1287,122.0,15.7,0.0159,0.6485,0.0925,0.1791,363.0,41.0,0.4000,48.6,71.2,0.370,5,126,5,12,48.7,89.1,48.7,83.4,754,296,[707-711],"[96-99,102-103,105,107,109,111,114-116,118-123,139-140,153-159,161-169,174-205,211,213-215,217,219-223,229,232-237,254-255,257-294]",[707-711],"[199,273-274,276,279,281-286,290]",NBN___MRPL15_unrelaxed_rank_002_alphafold2_multimer_v3_model_5_seed_000.pdb
NBN___MRPL15,3,3,A,B,0.1315,193.5,25.5,0.0146,0.6025,0.1020,0.1696,720.0,52.0,0.3600,48.9,69.2,0.370,13,133,10,12,46.8,87.6,47.6,80.0,754,296,"[653-664,722]","[100,102-106,108-124,139,151-152,154-157,159,163-169,172-207,210-211,213-217,219-224,229,232-233,251,253-294]",[653-662],"[274-275,277,280-287,290]",NBN___MRPL15_unrelaxed_rank_003_alphafold2_multimer_v3_model_3_seed_000.pdb
NBN___MRPL15,4,2,A,B,0.0495,27.4,1.4,0.0000,0.4849,0.0457,0.0536,50.0,15.0,0.3300,48.9,71.0,0.370,7,22,7,6,45.3,83.5,45.3,79.9,754,296,[654-660],"[122,182,184-186,192,194-195,198-199,263,270,272-274,282-287,291]",[654-660],"[274,282-286]",NBN___MRPL15_unrelaxed_rank_004_alphafold2_multimer_v3_model_2_seed_000.pdb
NBN___MRPL15,5,4,A,B,0.0000,0.0,0.0,0.0000,0.3856,0.0000,0.0000,0.0,0.0,0.2300,47.5,68.2,0.370,0,0,0,0,,,,,754,296,,,,,NBN___MRPL15_unrelaxed_rank_005_alphafold2_multimer_v3_model_4_seed_000.pdb
NUP107___XRN2,1,5,A,B,0.0000,0.0,0.0,0.0000,0.2216,0.0000,0.0000,0.0,0.0,0.2000,72.6,67.9,0.480,0,0,0,0,,,,,925,950,,,,,NUP107___XRN2_unrelaxed_rank_001_alphafold2_multimer_v3_model_5_seed_000.pdb
NUP107___XRN2,2,1,A,B,0.0000,0.0,0.0,0.0000,0.2073,0.0000,0.0000,0.0,0.0,0.2000,72.0,67.5,0.470,0,0,0,0,,,,,925,950,,,,,NUP107___XRN2_unrelaxed_rank_002_alphafold2_multimer_v3_model_1_seed_000.pdb
NUP107___XRN2,3,4,A,B,0.0000,0.0,0.0,0.0000,0.2077,0.0000,0.0000,0.0,0.0,0.1900,71.6,67.6,0.470,0,0,0,0,,,,,925,950,,,,,NUP107___XRN2_unrelaxed_rank_003_alphafold2_multimer_v3_model_4_seed_000.pdb
NUP107___XRN2,4,3,A,B,0.0000,0.0,0.0,0.0000,0.2830,0.0000,0.0000,0.0,0.0,0.1900,71.6,66.6,0.470,0,0,0,0,,,,,925,950,,,,,NUP107___XRN2_unrelaxed_rank_004_alphafold2_multimer_v3_model_3_seed_000.pdb
NUP107___XRN2,5,2,A,B,0.0000,0.0,0.0,0.0000,0.1900,0.0000,0.0000,0.0,0.0,0.1900,73.2,68.9,0.470,0,0,0,0,,,,,925,950,,,,,NUP107___XRN2_unrelaxed_rank_005_alphafold2_multimer_v3_model_2_seed_000.pdb
PSMA4___SAFB,1,1,A,B,0.0200,6.6,0.1,0.0000,0.5073,0.0153,0.0260,22.0,2.0,0.3900,86.7,32.6,0.320,16,4,2,2,89.6,41.4,90.3,41.9,261,915,"[20,24,27,29,82,101,117,120-122,127,129-130,147,159,161]","[724,726-728]","[82,117]","[724,728]",PSMA4___SAFB_unrelaxed_rank_001_alphafold2_multimer_v3_model_1_seed_000.pdb
PSMA4___SAFB,2,4,A,B,0.0000,0.0,0.0,0.0000,0.1478,0.0000,0.0000,0.0,0.0,0.1800,80.9,29.5,0.300,0,0,0,0,,,,,261,915,,,,,PSMA4___SAFB_unrelaxed_rank_002_alphafold2_multimer_v3_model_4_seed_000.pdb
PSMA4___SAFB,3,3,A,B,0.0000,0.0,0.0,0.0000,0.1708,0.0000,0.0000,0.0,0.0,0.1700,84.1,32.3,0.310,0,0,0,0,,,,,261,915,,,,,PSMA4___SAFB_unrelaxed_rank_003_alphafold2_multimer_v3_model_3_seed_000.pdb
PSMA4___SAFB,4,2,A,B,0.0000,0.0,0.0,0.0000,0.1445,0.0000,0.0000,0.0,0.0,0.1700,87.3,33.3,0.310,0,0,0,0,,,,,261,915,,,,,PSMA4___SAFB_unrelaxed_rank_004_alphafold2_multimer_v3_model_2_seed_000.pdb
PSMA4___SAFB,5,5,A,B,0.0000,0.0,0.0,0.0000,0.0000,0.0000,0.0000,0.0,0.0,0.1600,83.5,32.1,0.300,0,0,0,0,,,,,261,915,,,,,PSMA4___SAFB_unrelaxed_rank_005_alphafold2_multimer_v3_model_5_seed_000.pdb
SNRPC___GFP,1,4,A,B,0.0000,0.0,0.0,0.0000,0.1356,0.0000,0.0000,0.0,0.0,0.1600,35.5,88.4,0.590,0,0,0,0,,,,,159,238,,,,,SNRPC___GFP_unrelaxed_rank_001_alphafold2_multimer_v3_model_4_seed_000.pdb
SNRPC___GFP,2,1,A,B,0.0000,0.0,0.0,0.0000,0.1629,0.0000,0.0000,0.0,0.0,0.1500,34.0,88.7,0.590,0,0,0,0,,,,,159,238,,,,,SNRPC___GFP_unrelaxed_rank_002_alphafold2_multimer_v3_model_1_seed_000.pdb
SNRPC___GFP,3,3,A,B,0.0000,0.0,0.0,0.0000,0.1251,0.0000,0.0000,0.0,0.0,0.1500,33.3,89.2,0.580,0,0,0,0,,,,,159,238,,,,,SNRPC___GFP_unrelaxed_rank_003_alphafold2_multimer_v3_model_3_seed_000.pdb
SNRPC___GFP,4,2,A,B,0.0000,0.0,0.0,0.0000,0.1541,0.0000,0.0000,0.0,0.0,0.1400,33.4,88.2,0.590,0,0,0,0,,,,,159,238,,,,,SNRPC___GFP_unrelaxed_rank_004_alphafold2_multimer_v3_model_2_seed_000.pdb
SNRPC___GFP,5,5,A,B,0.0000,0.0,0.0,0.0000,0.1215,0.0000,0.0000,0.0,0.0,0.1400,31.3,90.6,0.590,0,0,0,0,,,,,159,238,,,,,SNRPC___GFP_unrelaxed_rank_005_alphafold2_multimer_v3_model_5_seed_000.pdb
SNRPC___IBA57,1,1,A,B,0.2630,821.0,215.9,0.0469,0.7156,0.2109,0.3278,8025.0,84.0,0.4100,34.6,80.2,0.640,35,250,18,18,54.0,93.7,55.1,85.8,159,356,[1-35],"[48-81,93-115,122-164,183-201,208-209,211-287,293-328,330-333,341-352]","[1,6,8-17,20,24,27,29-30,33]","[68,71-73,102-103,143,145,256-264,267]",SNRPC___IBA57_unrelaxed_rank_001_alphafold2_multimer_v3_model_1_seed_000.pdb
SNRPC___IBA57,2,5,A,B,0.0703,413.2,29.1,0.0141,0.4478,0.0645,0.0766,3557.0,48.0,0.2100,37.7,79.8,0.630,27,227,15,17,58.8,93.9,58.4,85.0,159,356,"[2-26,30,34]","[49-79,94-114,124-144,146-163,184-200,213-272,274-285,293-302,304-327,331-332,341-351]","[2,6,9-15,17,19-20,23-24,30]","[68,72-73,100,102,104,143,258-265,267-268]",SNRPC___IBA57_unrelaxed_rank_002_alphafold2_multimer_v3_model_5_seed_000.pdb
SNRPC___IBA57,3,2,A,B,0.0456,173.2,7.9,0.0131,0.3312,0.0477,0.0435,1666.0,18.0,0.1700,35.2,79.5,0.620,16,220,8,8,56.0,94.1,58.1,84.1,159,356,"[4-14,20-21,24-25,30]","[49-78,95-114,124-144,146-163,184-200,213-272,274-285,294-302,305-326,331-332,342-348,350-351]","[6,9-13,24,30]","[72,102,258-259,261-264]",SNRPC___IBA57_unrelaxed_rank_003_alphafold2_multimer_v3_model_2_seed_000.pdb
SNRPC___IBA57,4,3,A,B,0.0374,269.6,10.1,0.0144,0.4044,0.0406,0.0344,2345.0,31.0,0.1600,36.3,80.5,0.620,23,227,12,13,55.6,94.5,55.8,86.6,159,356,"[2-17,20-25,30]","[48-79,94-114,124-144,146-163,184-200,213-272,275-285,293-302,304-327,331-332,341-351]","[2,6,9,11-16,20,24,30]","[72-73,100,102,104,258-265]",SNRPC___IBA57_unrelaxed_rank_004_alphafold2_multimer_v3_model_3_seed_000.pdb
SNRPC___IBA57,5,4,A,B,0.0656,175.6,11.5,0.0133,0.3390,0.0618,0.0696,1813.0,17.0,0.1600,35.6,79.8,0.620,19,222,8,6,54.4,93.6,55.4,81.1,159,356,"[4-11,13-14,20-26,30,33]","[49-79,94-113,124-143,146-163,184-200,213-271,275-285,293-302,304-326,331-332,341-351]","[6,9,11,13-14,20,24,30]","[72,100,258-259,263-264]",SNRPC___IBA57_unrelaxed_rank_005_alphafold2_multimer_v3_model_4_seed_000.pdb
SNRPC___XRN2,1,2,A,B,0.0000,0.0,0.0,0.0000,0.2699,0.0000,0.0000,0.0,0.0,0.2100,26.8,73.0,0.680,0,0,0,0,,,,,159,950,,,,,SNRPC___XRN2_unrelaxed_rank_001_alphafold2_multimer_v3_model_2_seed_000.pdb
SNRPC___XRN2,2,3,A,B,0.0000,0.0,0.0,0.0000,0.3413,0.0000,0.0000,0.0,0.0,0.2100,26.1,72.0,0.670,0,0,0,0,,,,,159,950,,,,,SNRPC___XRN2_unrelaxed_rank_002_alphafold2_multimer_v3_model_3_seed_000.pdb
SNRPC___XRN2,3,1,A,B,0.0000,0.0,0.0,0.0000,0.2921,0.0000,0.0000,0.0,0.0,0.1900,25.0,72.4,0.660,0,0,0,0,,,,,159,950,,,,,SNRPC___XRN2_unrelaxed_rank_003_alphafold2_multimer_v3_model_1_seed_000.pdb
SNRPC___XRN2,4,4,A,B,0.0000,0.0,0.0,0.0000,0.2413,0.0000,0.0000,0.0,0.0,0.1700,24.8,72.5,0.670,0,0,0,0,,,,,159,950,,,,,SNRPC___XRN2_unrelaxed_rank_004_alphafold2_multimer_v3_model_4_seed_000.pdb
SNRPC___XRN2,5,5,A,B,0.0000,0.0,0.0,0.0000,0.1695,0.0000,0.0000,0.0,0.0,0.1600,25.5,72.7,0.670,0,0,0,0,,,,,159,950,,,,,SNRPC___XRN2_unrelaxed_rank_005_alphafold2_multimer_v3_model_5_seed_000.pdb
TXLNA___PDXDC1,1,3,A,B,0.0000,0.0,0.0,0.0000,0.2264,0.0000,0.0000,0.0,0.0,0.1900,38.6,71.3,0.500,0,0,0,0,,,,,546,788,,,,,TXLNA___PDXDC1_unrelaxed_rank_001_alphafold2_multimer_v3_model_3_seed_000.pdb
TXLNA___PDXDC1,2,4,A,B,0.0000,0.0,0.0,0.0000,0.2296,0.0000,0.0000,0.0,0.0,0.1600,32.9,72.0,0.500,0,0,0,0,,,,,546,788,,,,,TXLNA___PDXDC1_unrelaxed_rank_002_alphafold2_multimer_v3_model_4_seed_000.pdb
TXLNA___PDXDC1,3,5,A,B,0.0000,0.0,0.0,0.0000,0.1474,0.0000,0.0000,0.0,0.0,0.1600,39.6,70.8,0.490,0,0,0,0,,,,,546,788,,,,,TXLNA___PDXDC1_unrelaxed_rank_003_alphafold2_multimer_v3_model_5_seed_000.pdb
TXLNA___PDXDC1,4,2,A,B,0.0000,0.0,0.0,0.0000,0.1649,0.0000,0.0000,0.0,0.0,0.1400,36.5,72.4,0.490,0,0,0,0,,,,,546,788,,,,,TXLNA___PDXDC1_unrelaxed_rank_004_alphafold2_multimer_v3_model_2_seed_000.pdb
TXLNA___PDXDC1,5,1,A,B,0.0000,0.0,0.0,0.0000,0.1547,0.0000,0.0000,0.0,0.0,0.1500,39.4,71.3,0.480,0,0,0,0,,,,,546,788,,,,,TXLNA___PDXDC1_unrelaxed_rank_005_alphafold2_multimer_v3_model_1_seed_000.pdb
TXN___STIP1,1,3,A,B,0.0000,0.0,0.0,0.0000,0.1831,0.0000,0.0000,0.0,0.0,0.2700,84.3,82.4,0.410,0,0,0,0,,,,,105,543,,,,,TXN___STIP1_unrelaxed_rank_001_alphafold2_multimer_v3_model_3_seed_000.pdb
TXN___STIP1,2,4,A,B,0.0000,0.0,0.0,0.0000,0.1908,0.0000,0.0000,0.0,0.0,0.2100,78.2,81.5,0.420,0,0,0,0,,,,,105,543,,,,,TXN___STIP1_unrelaxed_rank_002_alphafold2_multimer_v3_model_4_seed_000.pdb
TXN___STIP1,3,2,A,B,0.0000,0.0,0.0,0.0000,0.1432,0.0000,0.0000,0.0,0.0,0.1600,82.3,83.5,0.410,0,0,0,0,,,,,105,543,,,,,TXN___STIP1_unrelaxed_rank_003_alphafold2_multimer_v3_model_2_seed_000.pdb
TXN___STIP1,4,1,A,B,0.0000,0.0,0.0,0.0000,0.1313,0.0000,0.0000,0.0,0.0,0.1500,81.3,83.4,0.390,0,0,0,0,,,,,105,543,,,,,TXN___STIP1_unrelaxed_rank_004_alphafold2_multimer_v3_model_1_seed_000.pdb
TXN___STIP1,5,5,A,B,0.0000,0.0,0.0,0.0000,0.1242,0.0000,0.0000,0.0,0.0,0.1400,82.4,81.2,0.410,0,0,0,0,,,,,105,543,,,,,TXN___STIP1_unrelaxed_rank_005_alphafold2_multimer_v3_model_5_seed_000.pdb
XPNPEP1___IBA57,1,3,A,B,0.0000,0.0,0.0,0.0000,0.1683,0.0000,0.0000,0.0,0.0,0.1800,94.0,75.0,0.660,0,0,0,0,,,,,623,356,,,,,XPNPEP1___IBA57_unrelaxed_rank_001_alphafold2_multimer_v3_model_3_seed_000.pdb
XPNPEP1___IBA57,2,4,A,B,0.0000,0.0,0.0,0.0000,0.1661,0.0000,0.0000,0.0,0.0,0.1800,93.3,74.2,0.660,0,0,0,0,,,,,623,356,,,,,XPNPEP1___IBA57_unrelaxed_rank_002_alphafold2_multimer_v3_model_4_seed_000.pdb
XPNPEP1___IBA57,3,5,A,B,0.0000,0.0,0.0,0.0000,0.1621,0.0000,0.0000,0.0,0.0,0.1800,94.1,73.8,0.670,0,0,0,0,,,,,623,356,,,,,XPNPEP1___IBA57_unrelaxed_rank_003_alphafold2_multimer_v3_model_5_seed_000.pdb
XPNPEP1___IBA57,4,2,A,B,0.0000,0.0,0.0,0.0000,0.1914,0.0000,0.0000,0.0,0.0,0.1700,93.7,74.4,0.650,0,0,0,0,,,,,623,356,,,,,XPNPEP1___IBA57_unrelaxed_rank_004_alphafold2_multimer_v3_model_2_seed_000.pdb
XPNPEP1___IBA57,5,1,A,B,0.0000,0.0,0.0,0.0000,0.1534,0.0000,0.0000,0.0,0.0,0.1600,93.6,72.5,0.650,0,0,0,0,,,,,623,356,,,,,XPNPEP1___IBA57_unrelaxed_rank_005_alphafold2_multimer_v3_model_1_seed_000.pdb
XPNPEP1___NUP107,1,4,A,B,0.0000,0.0,0.0,0.0000,0.1816,0.0000,0.0000,0.0,0.0,0.1800,91.9,74.4,0.510,0,0,0,0,,,,,623,925,,,,,XPNPEP1___NUP107_unrelaxed_rank_001_alphafold2_multimer_v3_model_4_seed_000.pdb
XPNPEP1___NUP107,2,3,A,B,0.0000,0.0,0.0,0.0000,0.1686,0.0000,0.0000,0.0,0.0,0.1700,92.3,73.9,0.510,0,0,0,0,,,,,623,925,,,,,XPNPEP1___NUP107_unrelaxed_rank_002_alphafold2_multimer_v3_model_3_seed_000.pdb
XPNPEP1___NUP107,3,1,A,B,0.0000,0.0,0.0,0.0000,0.1838,0.0000,0.0000,0.0,0.0,0.1700,92.3,74.4,0.510,0,0,0,0,,,,,623,925,,,,,XPNPEP1___NUP107_unrelaxed_rank_003_alphafold2_multimer_v3_model_1_seed_000.pdb
XPNPEP1___NUP107,4,5,A,B,0.0000,0.0,0.0,0.0000,0.1759,0.0000,0.0000,0.0,0.0,0.1600,92.5,74.0,0.510,0,0,0,0,,,,,623,925,,,,,XPNPEP1___NUP107_unrelaxed_rank_004_alphafold2_multimer_v3_model_5_seed_000.pdb
XPNPEP1___NUP107,5,2,A,B,0.0000,0.0,0.0,0.0000,0.1641,0.0000,0.0000,0.0,0.0,0.1700,92.5,74.9,0.500,0,0,0,0,,,,,623,925,,,,,XPNPEP1___NUP107_unrelaxed_rank_005_alphafold2_multimer_v3_model_2_seed_000.pdb
ALDH1L2___EDC3,1,2,A,B,0.0000,0.0,0.0,0.0000,0.4310,0.0029,0.0000,2.0,0.0,0.2000,90.0,59.6,0.470,2,1,0,0,95.7,29.3,,,923,508,[241-242],[210],,,ALDH1L2___EDC3_unrelaxed_rank_001_alphafold2_multimer_v3_model_2_seed_000.pdb
ALDH1L2___EDC3,2,3,A,B,0.0000,0.0,0.0,0.0000,0.1597,0.0000,0.0000,0.0,0.0,0.2000,89.4,58.8,0.480,0,0,0,0,,,,,923,508,,,,,ALDH1L2___EDC3_unrelaxed_rank_002_alphafold2_multimer_v3_model_3_seed_000.pdb
ALDH1L2___EDC3,3,1,A,B,0.0000,0.0,0.0,0.0000,0.1776,0.0000,0.0000,0.0,0.0,0.1700,89.2,58.8,0.460,0,0,0,0,,,,,923,508,,,,,ALDH1L2___EDC3_unrelaxed_rank_003_alphafold2_multimer_v3_model_1_seed_000.pdb
ALDH1L2___EDC3,4,5,A,B,0.0000,0.0,0.0,0.0000,0.1402,0.0000,0.0000,0.0,0.0,0.1600,89.6,58.6,0.470,0,0,0,0,,,,,923,508,,,,,ALDH1L2___EDC3_unrelaxed_rank_004_alphafold2_multimer_v3_model_5_seed_000.pdb
ALDH1L2___EDC3,5,4,A,B,0.0000,0.0,0.0,0.0000,0.1557,0.0000,0.0000,0.0,0.0,0.1500,89.6,57.8,0.460,0,0,0,0,,,,,923,508,,,,,ALDH1L2___EDC3_unrelaxed_rank_005_alphafold2_multimer_v3_model_4_seed_000.pdb
CIP2A___GFP,1,1,A,B,0.0000,0.0,0.0,0.0000,0.3443,0.0000,0.0000,0.0,0.0,0.2400,70.5,83.8,0.510,0,0,0,0,,,,,905,238,,,,,CIP2A___GFP_unrelaxed_rank_001_alphafold2_multimer_v3_model_1_seed_000.pdb
CIP2A___GFP,2,5,A,B,0.0000,0.0,0.0,0.0000,0.1674,0.0000,0.0000,0.0,0.0,0.2100,71.7,85.8,0.520,0,0,0,0,,,,,905,238,,,,,CIP2A___GFP_unrelaxed_rank_002_alphafold2_multimer_v3_model_5_seed_000.pdb
CIP2A___GFP,3,3,A,B,0.0000,0.0,0.0,0.0000,0.2073,0.0000,0.0000,0.0,0.0,0.2100,69.9,86.5,0.510,0,0,0,0,,,,,905,238,,,,,CIP2A___GFP_unrelaxed_rank_003_alphafold2_multimer_v3_model_3_seed_000.pdb
CIP2A___GFP,4,2,A,B,0.0000,0.0,0.0,0.0000,0.2198,0.0000,0.0000,0.0,0.0,0.1800,72.2,86.3,0.510,0,0,0,0,,,,,905,238,,,,,CIP2A___GFP_unrelaxed_rank_004_alphafold2_multimer_v3_model_2_seed_000.pdb
CIP2A___GFP,5,4,A,B,0.0000,0.0,0.0,0.0000,0.1516,0.0000,0.0000,0.0,0.0,0.1600,67.5,85.3,0.500,0,0,0,0,,,,,905,238,,,,,CIP2A___GFP_unrelaxed_rank_005_alphafold2_multimer_v3_model_4_seed_000.pdb
EDC3___ACTR2,1,3,A,B,0.0000,0.0,0.0,0.0000,0.2110,0.0000,0.0000,0.0,0.0,0.2000,59.5,87.1,0.480,0,0,0,0,,,,,508,394,,,,,EDC3___ACTR2_unrelaxed_rank_001_alphafold2_multimer_v3_model_3_seed_000.pdb
EDC3___ACTR2,2,1,A,B,0.0000,0.0,0.0,0.0000,0.2059,0.0000,0.0000,0.0,0.0,0.2000,60.2,85.4,0.470,0,0,0,0,,,,,508,394,,,,,EDC3___ACTR2_unrelaxed_rank_002_alphafold2_multimer_v3_model_1_seed_000.pdb
EDC3___ACTR2,3,2,A,B,0.0000,0.0,0.0,0.0000,0.2011,0.0000,0.0000,0.0,0.0,0.1900,61.3,87.8,0.480,0,0,0,0,,,,,508,394,,,,,EDC3___ACTR2_unrelaxed_rank_003_alphafold2_multimer_v3_model_2_seed_000.pdb
EDC3___ACTR2,4,4,A,B,0.0000,0.0,0.0,0.0000,0.1653,0.0000,0.0000,0.0,0.0,0.1900,59.6,86.5,0.480,0,0,0,0,,,,,508,394,,,,,EDC3___ACTR2_unrelaxed_rank_004_alphafold2_multimer_v3_model_4_seed_000.pdb
EDC3___ACTR2,5,5,A,B,0.0000,0.0,0.0,0.0000,0.1548,0.0000,0.0000,0.0,0.0,0.1900,60.1,88.5,0.480,0,0,0,0,,,,,508,394,,,,,EDC3___ACTR2_unrelaxed_rank_005_alphafold2_multimer_v3_model_5_seed_000.pdb
EDC3___STIP1,1,2,A,B,0.0000,0.0,0.0,0.0000,0.3096,0.0000,0.0000,0.0,0.0,0.1800,59.7,79.4,0.340,0,0,0,0,,,,,508,543,,,,,EDC3___STIP1_unrelaxed_rank_001_alphafold2_multimer_v3_model_2_seed_000.pdb
EDC3___STIP1,2,1,A,B,0.0000,0.0,0.0,0.0000,0.2871,0.0000,0.0000,0.0,0.0,0.1800,60.5,77.9,0.330,0,0,0,0,,,,,508,543,,,,,EDC3___STIP1_unrelaxed_rank_002_alphafold2_multimer_v3_model_1_seed_000.pdb
EDC3___STIP1,3,4,A,B,0.0000,0.0,0.0,0.0000,0.2321,0.0000,0.0000,0.0,0.0,0.1600,58.4,77.8,0.330,0,0,0,0,,,,,508,543,,,,,EDC3___STIP1_unrelaxed_rank_003_alphafold2_multimer_v3_model_4_seed_000.pdb
EDC3___STIP1,4,3,A,B,0.0000,0.0,0.0,0.0000,0.1316,0.0000,0.0000,0.0,0.0,0.1400,59.1,78.6,0.330,0,0,0,0,,,,,508,543,,,,,EDC3___STIP1_unrelaxed_rank_004_alphafold2_multimer_v3_model_3_seed_000.pdb
EDC3___STIP1,5,5,A,B,0.0000,0.0,0.0,0.0000,0.1226,0.0000,0.0000,0.0,0.0,0.1300,59.6,79.5,0.330,0,0,0,0,,,,,508,543,,,,,EDC3___STIP1_unrelaxed_rank_005_alphafold2_multimer_v3_model_5_seed_000.pdb
EPB41___PPP1R10,1,2,A,B,0.2713,577.9,156.8,0.1378,0.9111,0.2180,0.3376,4123.0,81.0,0.3600,48.1,31.9,0.340,304,15,22,13,90.3,49.6,82.0,51.5,864,940,"[210-256,260-276,279-342,349-357,359-374,376-455,457,459-496,502-533]",[512-526],"[433,435,437-443,448,477,481,484,488-490,493,504-508]","[512,515-526]",EPB41___PPP1R10_unrelaxed_rank_001_alphafold2_multimer_v3_model_2_seed_000.pdb
EPB41___PPP1R10,2,3,A,B,0.0321,24.2,0.8,0.0110,0.6025,0.0232,0.0445,147.0,4.0,0.2600,47.0,29.9,0.330,69,6,3,2,89.7,34.6,85.7,34.0,864,940,"[214,216,239-240,243,245,253,255,268,282-284,300-303,305,309,364,386,390,398,415,419-421,432-451,462,469,471-482,484-487,489-490,513,515-516]",[518-523],"[439,481,485]",[520-521],EPB41___PPP1R10_unrelaxed_rank_002_alphafold2_multimer_v3_model_3_seed_000.pdb
EPB41___PPP1R10,3,1,A,B,0.0000,0.0,0.0,0.0000,0.3632,0.0000,0.0000,0.0,0.0,0.2300,47.2,29.8,0.330,0,0,0,0,,,,,864,940,,,,,EPB41___PPP1R10_unrelaxed_rank_003_alphafold2_multimer_v3_model_1_seed_000.pdb
EPB41___PPP1R10,4,5,A,B,0.0000,0.0,0.0,0.0000,0.2858,0.0000,0.0000,0.0,0.0,0.2000,46.5,30.8,0.320,0,0,0,0,,,,,864,940,,,,,EPB41___PPP1R10_unrelaxed_rank_004_alphafold2_multimer_v3_model_5_seed_000.pdb
EPB41___PPP1R10,5,4,A,B,0.0000,0.0,0.0,0.0000,0.3604,0.0000,0.0000,0.0,0.0,0.2100,45.5,31.8,0.320,0,0,0,0,,,,,864,940,,,,,EPB41___PPP1R10_unrelaxed_rank_005_alphafold2_multimer_v3_model_4_seed_000.pdb
GNAI3___MRPL15,1,5,A,B,0.0000,0.0,0.0,0.0000,0.1773,0.0000,0.0000,0.0,0.0,0.1400,84.4,68.9,0.530,0,0,0,0,,,,,354,296,,,,,GNAI3___MRPL15_unrelaxed_rank_001_alphafold2_multimer_v3_model_5_seed_000.pdb
GNAI3___MRPL15,2,3,A,B,0.0000,0.0,0.0,0.0000,0.1637,0.0000,0.0000,0.0,0.0,0.1500,80.9,67.4,0.520,0,0,0,0,,,,,354,296,,,,,GNAI3___MRPL15_unrelaxed_rank_002_alphafold2_multimer_v3_model_3_seed_000.pdb
GNAI3___MRPL15,3,2,A,B,0.0000,0.0,0.0,0.0000,0.1344,0.0000,0.0000,0.0,0.0,0.1300,83.1,69.4,0.520,0,0,0,0,,,,,354,296,,,,,GNAI3___MRPL15_unrelaxed_rank_003_alphafold2_multimer_v3_model_2_seed_000.pdb
GNAI3___MRPL15,4,4,A,B,0.0000,0.0,0.0,0.0000,0.1166,0.0000,0.0000,0.0,0.0,0.1300,80.2,67.9,0.510,0,0,0,0,,,,,354,296,,,,,GNAI3___MRPL15_unrelaxed_rank_004_alphafold2_multimer_v3_model_4_seed_000.pdb
GNAI3___MRPL15,5,1,A,B,0.0000,0.0,0.0,0.0000,0.1201,0.0000,0.0000,0.0,0.0,0.1200,83.4,70.5,0.520,0,0,0,0,,,,,354,296,,,,,GNAI3___MRPL15_unrelaxed_rank_005_alphafold2_multimer_v3_model_1_seed_000.pdb
IBA57___ACTR2,1,2,A,B,0.0000,0.0,0.0,0.0000,0.2961,0.0093,0.0000,3.0,0.0,0.2400,75.7,90.0,0.570,1,3,0,0,74.2,96.4,,,356,394,[269],[157-159],,,IBA57___ACTR2_unrelaxed_rank_001_alphafold2_multimer_v3_model_2_seed_000.pdb
IBA57___ACTR2,2,4,A,B,0.0000,0.0,0.0,0.0000,0.1817,0.0000,0.0000,0.0,0.0,0.2100,75.3,89.0,0.550,0,0,0,0,,,,,356,394,,,,,IBA57___ACTR2_unrelaxed_rank_002_alphafold2_multimer_v3_model_4_seed_000.pdb
IBA57___ACTR2,3,5,A,B,0.0000,0.0,0.0,0.0000,0.1967,0.0000,0.0000,0.0,0.0,0.2000,75.1,88.9,0.550,0,0,0,0,,,,,356,394,,,,,IBA57___ACTR2_unrelaxed_rank_003_alphafold2_multimer_v3_model_5_seed_000.pdb
IBA57___ACTR2,4,1,A,B,0.0000,0.0,0.0,0.0000,0.1827,0.0000,0.0000,0.0,0.0,0.2000,74.5,87.6,0.540,0,0,0,0,,,,,356,394,,,,,IBA57___ACTR2_unrelaxed_rank_004_alphafold2_multimer_v3_model_1_seed_000.pdb
IBA57___ACTR2,5,3,A,B,0.0000,0.0,0.0,0.0000,0.1697,0.0000,0.0000,0.0,0.0,0.1900,74.6,88.8,0.540,0,0,0,0,,,,,356,394,,,,,IBA57___ACTR2_unrelaxed_rank_005_alphafold2_multimer_v3_model_3_seed_000.pdb
IBA57___PPP1R10,1,1,A,B,0.0544,59.7,3.2,0.0109,0.5222,0.0509,0.0581,356.0,10.0,0.3700,77.3,33.7,0.360,147,7,7,5,93.6,45.1,91.8,44.6,356,940,"[50-53,56-61,64-68,70-73,75,77,95-111,124-126,128-143,147,149-151,153,157-162,186,188,190,193-194,196-197,199,216,218,220-222,224-226,231-232,234-248,250,252-256,259-275,277-282,296,298,301,305-309,314,317-318,320-321,323,325-326,350]",[503-509],"[102-105,241,262,265]",[503-507],IBA57___PPP1R10_unrelaxed_rank_001_alphafold2_multimer_v3_model_1_seed_000.pdb
IBA57___PPP1R10,2,3,A,B,0.0000,0.0,0.0,0.0000,0.2672,0.0000,0.0000,0.0,0.0,0.1900,77.9,33.5,0.340,0,0,0,0,,,,,356,940,,,,,IBA57___PPP1R10_unrelaxed_rank_002_alphafold2_multimer_v3_model_3_seed_000.pdb
IBA57___PPP1R10,3,4,A,B,0.0000,0.0,0.0,0.0000,0.2456,0.0000,0.0000,0.0,0.0,0.1800,78.2,33.7,0.340,0,0,0,0,,,,,356,940,,,,,IBA57___PPP1R10_unrelaxed_rank_003_alphafold2_multimer_v3_model_4_seed_000.pdb
IBA57___PPP1R10,4,5,A,B,0.0000,0.0,0.0,0.0000,0.2062,0.0000,0.0000,0.0,0.0,0.1700,78.5,31.9,0.340,0,0,0,0,,,,,356,940,,,,,IBA57___PPP1R10_unrelaxed_rank_004_alphafold2_multimer_v3_model_5_seed_000.pdb
IBA57___PPP1R10,5,2,A,B,0.0000,0.0,0.0,0.0000,0.2164,0.0000,0.0000,0.0,0.0,0.1600,79.1,32.5,0.340,0,0,0,0,,,,,356,940,,,,,IBA57___PPP1R10_unrelaxed_rank_005_alphafold2_multimer_v3_model_2_seed_000.pdb
MARS2___PSMA2,1,2,A,B,0.0000,0.0,0.0,0.0000,0.1897,0.0000,0.0000,0.0,0.0,0.2500,86.0,84.1,0.690,0,0,0,0,,,,,593,234,,,,,MARS2___PSMA2_unrelaxed_rank_001_alphafold2_multimer_v3_model_2_seed_000.pdb
MARS2___PSMA2,2,4,A,B,0.0000,0.0,0.0,0.0000,0.1613,0.0000,0.0000,0.0,0.0,0.2400,84.6,71.0,0.700,0,0,0,0,,,,,593,234,,,,,MARS2___PSMA2_unrelaxed_rank_002_alphafold2_multimer_v3_model_4_seed_000.pdb
MARS2___PSMA2,3,1,A,B,0.0000,0.0,0.0,0.0000,0.2009,0.0000,0.0000,0.0,0.0,0.1900,85.2,75.7,0.690,0,0,0,0,,,,,593,234,,,,,MARS2___PSMA2_unrelaxed_rank_003_alphafold2_multimer_v3_model_1_seed_000.pdb
MARS2___PSMA2,4,3,A,B,0.0000,0.0,0.0,0.0000,0.1707,0.0000,0.0000,0.0,0.0,0.1800,85.0,78.4,0.680,0,0,0,0,,,,,593,234,,,,,MARS2___PSMA2_unrelaxed_rank_004_alphafold2_multimer_v3_model_3_seed_000.pdb
MARS2___PSMA2,5,5,A,B,0.0000,0.0,0.0,0.0000,0.1374,0.0000,0.0000,0.0,0.0,0.1800,85.4,77.8,0.680,0,0,0,0,,,,,593,234,,,,,MARS2___PSMA2_unrelaxed_rank_005_alphafold2_multimer_v3_model_5_seed_000.pdb
MRPL12___PDXDC1,1,2,A,B,0.0000,0.0,0.0,0.0000,0.2451,0.0000,0.0000,0.0,0.0,0.1700,43.3,73.7,0.610,0,0,0,0,,,,,198,788,,,,,MRPL12___PDXDC1_unrelaxed_rank_001_alphafold2_multimer_v3_model_2_seed_000.pdb
MRPL12___PDXDC1,2,1,A,B,0.0000,0.0,0.0,0.0000,0.2572,0.0000,0.0000,0.0,0.0,0.1700,37.9,73.0,0.600,0,0,0,0,,,,,198,788,,,,,MRPL12___PDXDC1_unrelaxed_rank_002_alphafold2_multimer_v3_model_1_seed_000.pdb
MRPL12___PDXDC1,3,3,A,B,0.0000,0.0,0.0,0.0000,0.1525,0.0000,0.0000,0.0,0.0,0.1500,39.4,72.5,0.610,0,0,0,0,,,,,198,788,,,,,MRPL12___PDXDC1_unrelaxed_rank_003_alphafold2_multimer_v3_model_3_seed_000.pdb
MRPL12___PDXDC1,4,5,A,B,0.0000,0.0,0.0,0.0000,0.1192,0.0000,0.0000,0.0,0.0,0.1300,38.9,72.9,0.610,0,0,0,0,,,,,198,788,,,,,MRPL12___PDXDC1_unrelaxed_rank_004_alphafold2_multimer_v3_model_5_seed_000.pdb
MRPL12___PDXDC1,5,4,A,B,0.0000,0.0,0.0,0.0000,0.1497,0.0000,0.0000,0.0,0.0,0.1300,39.9,72.7,0.610,0,0,0,0,,,,,198,788,,,,,MRPL12___PDXDC1_unrelaxed_rank_005_alphafold2_multimer_v3_model_4_seed_000.pdb
MRPL15___PPP1R10,1,4,A,B,0.0000,0.0,0.0,0.0000,0.1742,0.0000,0.0000,0.0,0.0,0.1700,73.2,33.2,0.280,0,0,0,0,,,,,296,940,,,,,MRPL15___PPP1R10_unrelaxed_rank_001_alphafold2_multimer_v3_model_4_seed_000.pdb
MRPL15___PPP1R10,2,2,A,B,0.0000,0.0,0.0,0.0000,0.1972,0.0000,0.0000,0.0,0.0,0.1700,75.7,32.8,0.280,0,0,0,0,,,,,296,940,,,,,MRPL15___PPP1R10_unrelaxed_rank_002_alphafold2_multimer_v3_model_2_seed_000.pdb
MRPL15___PPP1R10,3,1,A,B,0.0000,0.0,0.0,0.0000,0.1522,0.0000,0.0000,0.0,0.0,0.1600,76.0,33.0,0.280,0,0,0,0,,,,,296,940,,,,,MRPL15___PPP1R10_unrelaxed_rank_003_alphafold2_multimer_v3_model_1_seed_000.pdb
MRPL15___PPP1R10,4,3,A,B,0.0000,0.0,0.0,0.0000,0.1742,0.0000,0.0000,0.0,0.0,0.1600,73.3,31.9,0.290,0,0,0,0,,,,,296,940,,,,,MRPL15___PPP1R10_unrelaxed_rank_004_alphafold2_multimer_v3_model_3_seed_000.pdb
MRPL15___PPP1R10,5,5,A,B,0.0000,0.0,0.0,0.0000,0.1786,0.0000,0.0000,0.0,0.0,0.1600,74.2,31.9,0.280,0,0,0,0,,,,,296,940,,,,,MRPL15___PPP1R10_unrelaxed_rank_005_alphafold2_multimer_v3_model_5_seed_000.pdb
MRPL15___PSMA2,1,3,A,B,0.0000,0.0,0.0,0.0000,0.1449,0.0000,0.0000,0.0,0.0,0.1400,70.8,82.6,0.440,0,0,0,0,,,,,296,234,,,,,MRPL15___PSMA2_unrelaxed_rank_001_alphafold2_multimer_v3_model_3_seed_000.pdb
MRPL15___PSMA2,2,1,A,B,0.0000,0.0,0.0,0.0000,0.1111,0.0000,0.0000,0.0,0.0,0.1200,73.1,85.4,0.450,0,0,0,0,,,,,296,234,,,,,MRPL15___PSMA2_unrelaxed_rank_002_alphafold2_multimer_v3_model_1_seed_000.pdb
MRPL15___PSMA2,3,5,A,B,0.0000,0.0,0.0,0.0000,0.1014,0.0000,0.0000,0.0,0.0,0.1100,70.1,82.0,0.440,0,0,0,0,,,,,296,234,,,,,MRPL15___PSMA2_unrelaxed_rank_003_alphafold2_multimer_v3_model_5_seed_000.pdb
MRPL15___PSMA2,4,4,A,B,0.0000,0.0,0.0,0.0000,0.0817,0.0000,0.0000,0.0,0.0,0.1000,72.9,85.1,0.440,0,0,0,0,,,,,296,234,,,,,MRPL15___PSMA2_unrelaxed_rank_004_alphafold2_multimer_v3_model_4_seed_000.pdb
MRPL15___PSMA2,5,2,A,B,0.0000,0.0,0.0,0.0000,0.0000,0.0000,0.0000,0.0,0.0,0.1000,71.8,84.5,0.440,0,0,0,0,,,,,296,234,,,,,MRPL15___PSMA2_unrelaxed_rank_005_alphafold2_multimer_v3_model_2_seed_000.pdb
NBN___IBA57,1,2,A,B,0.0000,0.0,0.0,0.0000,0.3453,0.0000,0.0000,0.0,0.0,0.2200,48.2,77.6,0.380,0,0,0,0,,,,,754,356,,,,,NBN___IBA57_unrelaxed_rank_001_alphafold2_multimer_v3_model_2_seed_000.pdb
NBN___IBA57,2,4,A,B,0.0000,0.0,0.0,0.0000,0.1832,0.0000,0.0000,0.0,0.0,0.2000,46.6,76.8,0.370,0,0,0,0,,,,,754,356,,,,,NBN___IBA57_unrelaxed_rank_002_alphafold2_multimer_v3_model_4_seed_000.pdb
NBN___IBA57,3,1,A,B,0.0000,0.0,0.0,0.0000,0.2179,0.0000,0.0000,0.0,0.0,0.1800,47.5,77.1,0.370,0,0,0,0,,,,,754,356,,,,,NBN___IBA57_unrelaxed_rank_003_alphafold2_multimer_v3_model_1_seed_000.pdb
NBN___IBA57,4,3,A,B,0.0000,0.0,0.0,0.0000,0.1426,0.0000,0.0000,0.0,0.0,0.1500,47.2,78.4,0.370,0,0,0,0,,,,,754,356,,,,,NBN___IBA57_unrelaxed_rank_004_alphafold2_multimer_v3_model_3_seed_000.pdb
NBN___IBA57,5,5,A,B,0.0000,0.0,0.0,0.0000,0.1349,0.0000,0.0000,0.0,0.0,0.1500,47.4,75.3,0.360,0,0,0,0,,,,,754,356,,,,,NBN___IBA57_unrelaxed_rank_005_alphafold2_multimer_v3_model_5_seed_000.pdb
NBN___NUP107,1,5,A,B,0.1969,1043.4,205.4,0.0246,0.8778,0.1233,0.3144,12660.0,86.0,0.3600,44.6,75.4,0.560,251,319,27,20,83.1,89.7,68.6,66.0,754,925,"[1-5,16-26,46-50,64-69,78,89-95,97-98,105-254,262-283,286-326,329]","[155-164,171-188,190-191,205-280,339-369,371-386,401-417,420-442,444-470,488-497,503-507,510-535,544-562,564-582,589-599,601-602,604-605,622-626]","[118-119,122,125,141,156-160,162,202-205,237-238,276-280,307-308,310-312]","[231,234-235,237-244,260,262-263,460,463-464,467,488,491]",NBN___NUP107_unrelaxed_rank_001_alphafold2_multimer_v3_model_5_seed_000.pdb
NBN___NUP107,2,4,A,B,0.1741,776.4,135.1,0.0246,0.8506,0.1126,0.2691,7092.0,85.0,0.3500,44.2,74.8,0.550,247,263,27,21,82.8,89.7,68.2,66.0,754,925,"[2-5,16-26,46-52,64-69,89-95,97-99,105-207,211-213,215-254,262-283,286-326]","[155-162,171-185,187-188,190,207-246,248-280,342-356,358,360-369,371,373-378,381-384,403-414,422-432,434-440,444-467,488-497,510-531,533-535,544-560,570-582,589,591-593,600,604,606,623]","[118-119,122,125,141-142,156-160,162,202-205,237,276-280,307-308,310-312]","[231,234-244,251,260,262-263,460,463-464,467,488]",NBN___NUP107_unrelaxed_rank_002_alphafold2_multimer_v3_model_4_seed_000.pdb
NBN___NUP107,3,3,A,B,0.1580,378.8,59.8,0.0235,0.8229,0.1075,0.2321,2562.0,56.0,0.3100,43.9,75.4,0.540,201,137,23,13,83.1,87.0,69.8,56.6,754,925,"[2-3,17-20,49,67,107-186,189,191-206,210-213,215-254,263,266-273,276,278-279,287-326]","[175-176,213-245,248-277,345,348-349,351-353,355-356,361-362,365-366,374-375,384,405-407,409-411,413-415,422-423,425-426,428-431,436,440,444-445,447-448,450-467,490,493-494,514,516,518-521,528,530,547,551,555-556,558]","[118-119,125,141,156-160,162,202-205,237,276,278-279,307-308,310-312]","[234-235,237-244,262,460,464]",NBN___NUP107_unrelaxed_rank_003_alphafold2_multimer_v3_model_3_seed_000.pdb
NBN___NUP107,4,2,A,B,0.1319,287.7,37.9,0.0210,0.7836,0.0856,0.2032,2123.0,39.0,0.3100,45.0,75.5,0.540,210,109,18,10,85.4,87.4,74.0,55.8,754,925,"[2-5,17-26,47-49,64-69,78,90,93,95,97,105-186,189-200,211-213,215-254,263,267-273,278-279,289-299,302-325]","[162,170-177,180,212-243,249,251-272,347,353,407,409,411,413,424,427,448,452-454,456-457,460-464,513-521,523-524,527-528,530,547,551-559,581]","[118-119,141,156-160,162,237-238,278-279,307-308,310-312]","[234-241,260,262]",NBN___NUP107_unrelaxed_rank_004_alphafold2_multimer_v3_model_2_seed_000.pdb
NBN___NUP107,5,1,A,B,0.1713,311.3,53.3,0.0224,0.8246,0.1192,0.2462,1938.0,50.0,0.3100,45.7,74.9,0.540,204,50,18,9,84.1,75.4,76.5,50.4,754,925,"[2-4,17-20,24,47,49,65-68,106,108-186,189-205,211-213,215-254,262-263,265,267-273,287-326]","[227-244,249,251-268,271,453,456-457,459-465,467,518]","[118-119,122,125,156-162,204,237,307-308,310-312]","[234-235,237-243]",NBN___NUP107_unrelaxed_rank_005_alphafold2_multimer_v3_model_1_seed_000.pdb
PPP1R10___GFP,1,3,A,B,0.0000,0.0,0.0,0.0000,0.1926,0.0000,0.0000,0.0,0.0,0.2500,31.2,87.0,0.300,0,0,0,0,,,,,940,238,,,,,PPP1R10___GFP_unrelaxed_rank_001_alphafold2_multimer_v3_model_3_seed_000.pdb
PPP1R10___GFP,2,4,A,B,0.0000,0.0,0.0,0.0000,0.2070,0.0000,0.0000,0.0,0.0,0.2500,30.8,85.5,0.300,0,0,0,0,,,,,940,238,,,,,PPP1R10___GFP_unrelaxed_rank_002_alphafold2_multimer_v3_model_4_seed_000.pdb
PPP1R10___GFP,3,1,A,B,0.0000,0.0,0.0,0.0000,0.2271,0.0000,0.0000,0.0,0.0,0.2400,32.0,87.1,0.300,0,0,0,0,,,,,940,238,,,,,PPP1R10___GFP_unrelaxed_rank_003_alphafold2_multimer_v3_model_1_seed_000.pdb
PPP1R10___GFP,4,2,A,B,0.0000,0.0,0.0,0.0000,0.1846,0.0000,0.0000,0.0,0.0,0.2200,32.2,88.8,0.300,0,0,0,0,,,,,940,238,,,,,PPP1R10___GFP_unrelaxed_rank_004_alphafold2_multimer_v3_model_2_seed_000.pdb
PPP1R10___GFP,5,5,A,B,0.0000,0.0,0.0,0.0000,0.1887,0.0000,0.0000,0.0,0.0,0.2200,31.8,89.1,0.300,0,0,0,0,,,,,940,238,,,,,PPP1R10___GFP_unrelaxed_rank_005_alphafold2_multimer_v3_model_5_seed_000.pdb
PSMA4___ATXN2L,1,2,A,B,0.1296,413.5,53.6,0.0152,0.7035,0.1033,0.1624,2999.0,57.0,0.4500,86.7,26.5,0.340,201,73,16,16,91.4,77.2,82.1,56.9,261,1075,"[11-13,17-49,65-179,184-200,208-219,221-241]","[118,120-138,144-154,156-164,179,181-182,184-186,190,192-216,350]","[85,89,93,95-97,99-100,102,117,120-121,123-124,126-127]","[121-122,125-126,129,200-201,203-204,206,208-212,215]",PSMA4___ATXN2L_unrelaxed_rank_001_alphafold2_multimer_v3_model_2_seed_000.pdb
PSMA4___ATXN2L,2,3,A,B,0.0000,0.0,0.0,0.0000,0.3572,0.0171,0.0000,1.0,0.0,0.3500,82.2,25.1,0.310,1,1,0,0,93.9,37.2,,,261,1075,[147],[660],,,PSMA4___ATXN2L_unrelaxed_rank_002_alphafold2_multimer_v3_model_3_seed_000.pdb
PSMA4___ATXN2L,3,1,A,B,0.0363,114.4,4.2,0.0121,0.5737,0.0265,0.0498,595.0,22.0,0.3100,86.3,26.0,0.320,154,12,12,8,91.7,46.5,83.9,46.4,261,1075,"[19-29,33-39,42-43,45-46,65-124,127-137,139-143,145-164,166,169-177,185-198,213-217,223-225,227-228,232-233]","[200-210,212]","[85,89,92-93,96-97,99-100,117,120-121,127]","[200,203-204,206-209,212]",PSMA4___ATXN2L_unrelaxed_rank_003_alphafold2_multimer_v3_model_1_seed_000.pdb
PSMA4___ATXN2L,4,5,A,B,0.0000,0.0,0.0,0.0000,0.3113,0.0000,0.0000,0.0,0.0,0.3100,84.6,25.7,0.300,0,0,0,0,,,,,261,1075,,,,,PSMA4___ATXN2L_unrelaxed_rank_004_alphafold2_multimer_v3_model_5_seed_000.pdb
PSMA4___ATXN2L,5,4,A,B,0.0000,0.0,0.0,0.0000,0.2790,0.0000,0.0000,0.0,0.0,0.2500,81.4,24.3,0.300,0,0,0,0,,,,,261,1075,,,,,PSMA4___ATXN2L_unrelaxed_rank_005_alphafold2_multimer_v3_model_4_seed_000.pdb
SGPL1___ALDH1L2,1,2,A,B,0.0000,0.0,0.0,0.0000,0.1479,0.0000,0.0000,0.0,0.0,0.1600,78.6,89.1,0.470,0,0,0,0,,,,,568,923,,,,,SGPL1___ALDH1L2_unrelaxed_rank_001_alphafold2_multimer_v3_model_2_seed_000.pdb
SGPL1___ALDH1L2,2,3,A,B,0.0000,0.0,0.0,0.0000,0.1563,0.0000,0.0000,0.0,0.0,0.1600,83.2,89.0,0.460,0,0,0,0,,,,,568,923,,,,,SGPL1___ALDH1L2_unrelaxed_rank_002_alphafold2_multimer_v3_model_3_seed_000.pdb
SGPL1___ALDH1L2,3,4,A,B,0.0000,0.0,0.0,0.0000,0.0000,0.0000,0.0000,0.0,0.0,0.1600,82.9,88.3,0.450,0,0,0,0,,,,,568,923,,,,,SGPL1___ALDH1L2_unrelaxed_rank_003_alphafold2_multimer_v3_model_4_seed_000.pdb
SGPL1___ALDH1L2,4,1,A,B,0.0000,0.0,0.0,0.0000,0.1480,0.0000,0.0000,0.0,0.0,0.1600,83.8,88.1,0.450,0,0,0,0,,,,,568,923,,,,,SGPL1___ALDH1L2_unrelaxed_rank_004_alphafold2_multimer_v3_model_1_seed_000.pdb
SGPL1___ALDH1L2,5,5,A,B,0.0000,0.0,0.0,0.0000,0.1457,0.0000,0.0000,0.0,0.0,0.1500,83.3,87.9,0.450,0,0,0,0,,,,,568,923,,,,,SGPL1___ALDH1L2_unrelaxed_rank_005_alphafold2_multimer_v3_model_5_seed_000.pdb
TXN___MRPL15,1,3,A,B,0.4537,1513.1,686.5,0.4235,0.8992,0.2771,0.7429,34689.0,66.0,0.7900,88.5,74.3,0.650,105,209,16,10,88.5,90.1,87.4,86.0,105,296,[1-105],[88-296],"[29,31-34,37-38,72-76,90-93]","[268-269,276,279-284,286]",TXN___MRPL15_unrelaxed_rank_001_alphafold2_multimer_v3_model_3_seed_000.pdb
TXN___MRPL15,2,5,A,B,0.4145,1453.2,602.4,0.3551,0.8799,0.2459,0.6989,32998.0,64.0,0.7700,87.9,72.6,0.640,105,209,15,10,87.9,88.8,85.7,83.4,105,296,[1-105],[88-296],"[31-34,37-38,72-76,90-93]","[267-269,279-284,286]",TXN___MRPL15_unrelaxed_rank_002_alphafold2_multimer_v3_model_5_seed_000.pdb
TXN___MRPL15,3,4,A,B,0.4275,1518.0,649.0,0.3598,0.8893,0.2596,0.7041,34913.0,66.0,0.7600,86.9,74.2,0.630,105,209,16,10,86.9,88.2,85.0,83.7,105,296,[1-105],[88-296],"[29,31-34,37-38,72-76,90-93]","[268-269,276,279-284,286]",TXN___MRPL15_unrelaxed_rank_003_alphafold2_multimer_v3_model_4_seed_000.pdb
TXN___MRPL15,4,1,A,B,0.1989,845.9,168.2,0.0757,0.5629,0.1204,0.3284,9669.0,74.0,0.6100,84.5,75.9,0.600,104,183,17,11,84.5,88.3,79.2,77.2,105,296,"[1-50,52-105]","[93-125,127-131,136-141,147-240,242,253-296]","[29,31-32,34,37-38,59,70,72-76,90-93]","[267-269,276,279-284,286]",TXN___MRPL15_unrelaxed_rank_004_alphafold2_multimer_v3_model_1_seed_000.pdb
TXN___MRPL15,5,2,A,B,0.2248,841.4,189.1,0.0983,0.6410,0.1327,0.3807,9833.0,72.0,0.6100,84.5,74.2,0.590,103,184,17,11,84.5,87.3,79.8,76.4,105,296,"[1-19,21-50,52-105]","[93-132,134-141,147-148,150-227,229-230,232-240,242,253-296]","[29,31-34,37-38,59,72-76,90-93]","[267-269,276,279-284,286]",TXN___MRPL15_unrelaxed_rank_005_alphafold2_multimer_v3_model_2_seed_000.pdb
XPNPEP1___PPP1R10,1,2,A,B,0.0000,0.0,0.0,0.0000,0.4074,0.0000,0.0000,0.0,0.0,0.2600,94.2,29.8,0.480,0,0,0,0,,,,,623,940,,,,,XPNPEP1___PPP1R10_unrelaxed_rank_001_alphafold2_multimer_v3_model_2_seed_000.pdb
XPNPEP1___PPP1R10,2,1,A,B,0.0000,0.0,0.0,0.0000,0.3274,0.0000,0.0000,0.0,0.0,0.2300,94.5,29.2,0.480,0,0,0,0,,,,,623,940,,,,,XPNPEP1___PPP1R10_unrelaxed_rank_002_alphafold2_multimer_v3_model_1_seed_000.pdb
XPNPEP1___PPP1R10,3,5,A,B,0.0000,0.0,0.0,0.0000,0.2570,0.0000,0.0000,0.0,0.0,0.2300,94.6,29.5,0.480,0,0,0,0,,,,,623,940,,,,,XPNPEP1___PPP1R10_unrelaxed_rank_003_alphafold2_multimer_v3_model_5_seed_000.pdb
XPNPEP1___PPP1R10,4,3,A,B,0.0000,0.0,0.0,0.0000,0.2289,0.0000,0.0000,0.0,0.0,0.2200,93.9,30.4,0.480,0,0,0,0,,,,,623,940,,,,,XPNPEP1___PPP1R10_unrelaxed_rank_004_alphafold2_multimer_v3_model_3_seed_000.pdb
XPNPEP1___PPP1R10,5,4,A,B,0.0000,0.0,0.0,0.0000,0.2273,0.0000,0.0000,0.0,0.0,0.2100,93.0,29.6,0.470,0,0,0,0,,,,,623,940,,,,,XPNPEP1___PPP1R10_unrelaxed_rank_005_alphafold2_multimer_v3_model_4_seed_000.pdb
XRN2___PPP1R10,1,2,A,B,0.0000,0.0,0.0,0.0000,0.5358,0.0088,0.0000,30.0,0.0,0.3400,71.2,28.4,0.490,24,8,0,0,93.8,49.1,,,950,940,"[107,113-114,117-118,175,214,388,520,542,548,560,594,596-597,599,601,617,624-626,628,652,658]","[482,484-488,490-491]",,,XRN2___PPP1R10_unrelaxed_rank_001_alphafold2_multimer_v3_model_2_seed_000.pdb
XRN2___PPP1R10,2,3,A,B,0.0000,0.0,0.0,0.0000,0.3952,0.0000,0.0000,0.0,0.0,0.2600,69.6,28.8,0.480,0,0,0,0,,,,,950,940,,,,,XRN2___PPP1R10_unrelaxed_rank_002_alphafold2_multimer_v3_model_3_seed_000.pdb
XRN2___PPP1R10,3,5,A,B,0.0000,0.0,0.0,0.0000,0.3749,0.0000,0.0000,0.0,0.0,0.2400,70.7,28.0,0.480,0,0,0,0,,,,,950,940,,,,,XRN2___PPP1R10_unrelaxed_rank_003_alphafold2_multimer_v3_model_5_seed_000.pdb
XRN2___PPP1R10,4,4,A,B,0.0000,0.0,0.0,0.0000,0.3200,0.0000,0.0000,0.0,0.0,0.2400,69.9,28.0,0.480,0,0,0,0,,,,,950,940,,,,,XRN2___PPP1R10_unrelaxed_rank_004_alphafold2_multimer_v3_model_4_seed_000.pdb
XRN2___PPP1R10,5,1,A,B,0.0000,0.0,0.0,0.0000,0.3022,0.0000,0.0000,0.0,0.0,0.2300,70.0,27.9,0.480,0,0,0,0,,,,,950,940,,,,,XRN2___PPP1R10_unrelaxed_rank_005_alphafold2_multimer_v3_model_1_seed_000.pdb
ACTR2___XRN2,1,2,A,B,0.0000,0.0,0.0,0.0000,0.2042,0.0000,0.0000,0.0,0.0,0.2400,83.8,70.2,0.600,0,0,0,0,,,,,394,950,,,,,ACTR2___XRN2_unrelaxed_rank_001_alphafold2_multimer_v3_model_2_seed_000.pdb
ACTR2___XRN2,2,4,A,B,0.0000,0.0,0.0,0.0000,0.1919,0.0000,0.0000,0.0,0.0,0.2300,81.1,70.3,0.590,0,0,0,0,,,,,394,950,,,,,ACTR2___XRN2_unrelaxed_rank_002_alphafold2_multimer_v3_model_4_seed_000.pdb
ACTR2___XRN2,3,5,A,B,0.0000,0.0,0.0,0.0000,0.1859,0.0000,0.0000,0.0,0.0,0.2300,84.9,69.7,0.600,0,0,0,0,,,,,394,950,,,,,ACTR2___XRN2_unrelaxed_rank_003_alphafold2_multimer_v3_model_5_seed_000.pdb
ACTR2___XRN2,4,3,A,B,0.0000,0.0,0.0,0.0000,0.1884,0.0000,0.0000,0.0,0.0,0.2200,84.6,68.3,0.580,0,0,0,0,,,,,394,950,,,,,ACTR2___XRN2_unrelaxed_rank_004_alphafold2_multimer_v3_model_3_seed_000.pdb
ACTR2___XRN2,5,1,A,B,0.0000,0.0,0.0,0.0000,0.1917,0.0000,0.0000,0.0,0.0,0.2100,81.2,69.8,0.580,0,0,0,0,,,,,394,950,,,,,ACTR2___XRN2_unrelaxed_rank_005_alphafold2_multimer_v3_model_1_seed_000.pdb
ALDH1L2___ASPH,1,4,A,B,0.0000,0.0,0.0,0.0000,0.4905,0.0159,0.0000,40.0,0.0,0.2700,87.3,57.7,0.420,32,4,0,0,91.6,40.8,,,923,758,"[48,52,75-77,102,124,135,151,157-158,165,167,175,196,199-200,203-206,221,235,238,242-245,256,293,299,307]",[80-83],,,ALDH1L2___ASPH_unrelaxed_rank_001_alphafold2_multimer_v3_model_4_seed_000.pdb
ALDH1L2___ASPH,2,1,A,B,0.0000,0.0,0.0,0.0000,0.5051,0.0000,0.0000,0.0,0.0,0.2300,87.5,58.2,0.410,0,0,0,0,,,,,923,758,,,,,ALDH1L2___ASPH_unrelaxed_rank_002_alphafold2_multimer_v3_model_1_seed_000.pdb
ALDH1L2___ASPH,3,3,A,B,0.0000,0.0,0.0,0.0000,0.4549,0.0000,0.0000,0.0,0.0,0.2300,88.3,58.0,0.430,0,0,0,0,,,,,923,758,,,,,ALDH1L2___ASPH_unrelaxed_rank_003_alphafold2_multimer_v3_model_3_seed_000.pdb
ALDH1L2___ASPH,4,2,A,B,0.0132,19.8,0.3,0.0000,0.5799,0.0115,0.0151,56.0,7.0,0.2100,88.9,59.2,0.420,4,43,2,7,23.5,92.0,23.8,87.7,923,758,[1-4],"[441,445,454,456-460,465-466,472,476,480,482,487,490-494,497,500,503,506,510,513-514,519,521-522,524,526-527,530-531,537,542,545-546,548-549,553,555]",[2-3],"[465-466,493,497,524,526-527]",ALDH1L2___ASPH_unrelaxed_rank_004_alphafold2_multimer_v3_model_2_seed_000.pdb
ALDH1L2___ASPH,5,5,A,B,0.0000,0.0,0.0,0.0000,0.2731,0.0000,0.0000,0.0,0.0,0.1900,87.5,57.3,0.430,0,0,0,0,,,,,923,758,,,,,ALDH1L2___ASPH_unrelaxed_rank_005_alphafold2_multimer_v3_model_5_seed_000.pdb
ASPH___MRPL15,1,5,A,B,0.1208,406.7,49.1,0.0162,0.6145,0.0986,0.1479,2094.0,79.0,0.4400,60.3,65.9,0.450,28,191,20,25,49.3,84.4,48.7,77.1,758,296,"[73-94,98-103]","[92-125,127-130,132-145,147-208,210-226,228-240,242,244-245,251-294]","[73-81,83-84,86-90,92,99,102-103]","[111,114-115,117,119-120,123,190-192,266-269,274,277,279-287]",ASPH___MRPL15_unrelaxed_rank_001_alphafold2_multimer_v3_model_5_seed_000.pdb
ASPH___MRPL15,2,4,A,B,0.0726,122.2,8.9,0.0136,0.5183,0.0560,0.0941,597.0,25.0,0.4200,59.2,61.9,0.450,27,157,7,12,71.7,80.9,49.8,76.6,758,296,"[78,83-84,86-92,98,103,441-442,457,466,471,481,523,527,544,560,562,638,682,684,725]","[72,77,94-124,139-141,145,147-171,173-196,198-207,210-211,213-224,226,228-230,232-240,242,244,251-276,280-285]","[78,83,86-90]","[111,114-115,119-120,123,190,266-269,282]",ASPH___MRPL15_unrelaxed_rank_002_alphafold2_multimer_v3_model_4_seed_000.pdb
ASPH___MRPL15,3,3,A,B,0.0552,181.5,10.0,0.0114,0.5251,0.0552,0.0552,1498.0,22.0,0.2300,58.6,66.3,0.450,340,14,12,10,91.1,32.0,76.3,32.3,758,296,"[338,344-346,348-350,352,359,361-370,374-375,378-380,382-392,394,396-407,414-417,419-451,453-538,540,542-578,580-581,583-584,586-594,596-601,628-642,645-662,664-667,669-671,674-691,693-695,701-705,707-711,713,715-729,734-758]","[65-68,70-78,80]","[433-434,465-466,524,526,564-565,682,756-758]","[66,68,71-78]",ASPH___MRPL15_unrelaxed_rank_003_alphafold2_multimer_v3_model_3_seed_000.pdb
ASPH___MRPL15,4,1,A,B,0.0424,180.8,7.7,0.0121,0.5489,0.0303,0.0595,1720.0,19.0,0.2100,60.8,68.9,0.470,285,14,12,9,92.9,35.2,83.0,35.5,758,296,"[403,406,417-421,423-424,427-428,430-431,435-437,439-450,453-540,542-568,570-578,580-581,583-584,586-591,593-598,600-602,614,628-639,641-642,645-648,650-652,654-658,660-662,664-695,701-711,714-730,734-752,754-758]",[68-81],"[462,465-466,468,496,500,524,526,564-565,682,758]","[70,73-80]",ASPH___MRPL15_unrelaxed_rank_004_alphafold2_multimer_v3_model_1_seed_000.pdb
ASPH___MRPL15,5,2,A,B,0.0318,208.2,6.6,0.0119,0.5059,0.0301,0.0336,1885.0,23.0,0.2100,60.7,69.7,0.460,323,12,13,10,93.8,36.2,83.1,36.4,758,296,"[375-379,381,383,385-386,388,397,400-401,403-408,415-451,453-539,542-581,583-603,628-631,633-642,644-662,665,667-687,689-696,700-720,722-730,733-758]",[66-77],"[465-466,468,500,524,526-527,564-565,682,756-758]","[66-70,72-76]",ASPH___MRPL15_unrelaxed_rank_005_alphafold2_multimer_v3_model_2_seed_000.pdb
EPB41___XRN2,1,4,A,B,0.1159,381.4,44.2,0.0163,0.7007,0.1020,0.1317,3636.0,40.0,0.4000,43.1,67.8,0.490,13,509,9,13,47.7,90.1,48.5,79.6,864,950,"[658-669,688]","[6-22,39,41-42,44,46-63,73-132,135-136,157-185,187-188,191-230,234-253,301-317,326-342,344-372,377-410,510-512,515-528,532-579,585-640,642,644-679,682-688,690,692-701,709-710,717-724,728-731,734-739,744-745,750-761,764-772,774]","[658-664,667-668]","[524-527,565-567,634,649-652,654]",EPB41___XRN2_unrelaxed_rank_001_alphafold2_multimer_v3_model_4_seed_000.pdb
EPB41___XRN2,2,3,A,B,0.0000,0.0,0.0,0.0000,0.4190,0.0000,0.0000,0.0,0.0,0.2700,44.8,68.0,0.480,0,0,0,0,,,,,864,950,,,,,EPB41___XRN2_unrelaxed_rank_002_alphafold2_multimer_v3_model_3_seed_000.pdb
EPB41___XRN2,3,2,A,B,0.0000,0.0,0.0,0.0000,0.2532,0.0000,0.0000,0.0,0.0,0.2100,44.3,69.6,0.490,0,0,0,0,,,,,864,950,,,,,EPB41___XRN2_unrelaxed_rank_003_alphafold2_multimer_v3_model_2_seed_000.pdb
EPB41___XRN2,4,5,A,B,0.0000,0.0,0.0,0.0000,0.2129,0.0000,0.0000,0.0,0.0,0.2000,43.4,69.2,0.490,0,0,0,0,,,,,864,950,,,,,EPB41___XRN2_unrelaxed_rank_004_alphafold2_multimer_v3_model_5_seed_000.pdb
EPB41___XRN2,5,1,A,B,0.0000,0.0,0.0,0.0000,0.2218,0.0000,0.0000,0.0,0.0,0.2000,43.1,67.7,0.480,0,0,0,0,,,,,864,950,,,,,EPB41___XRN2_unrelaxed_rank_005_alphafold2_multimer_v3_model_1_seed_000.pdb
MARS2___ACTR2,1,5,A,B,0.0696,667.9,46.5,0.0353,0.5457,0.0590,0.0822,10880.0,41.0,0.5500,85.5,90.7,0.740,373,196,18,11,94.8,91.2,88.7,76.6,593,394,"[46-49,51-52,58-78,86-94,112-155,157,211-216,218-229,232-246,252,254-255,268,275-276,283-292,300-301,304-320,322-333,335-349,355-417,420-430,441-498,503-546,548,553-557,559,562,564-570,574,576-580]","[10-22,28,30-99,102,106-112,120,122-124,126-128,132-134,136-148,153-164,166,168-169,182,184-190,192,197,210-215,217-218,221,223,257-258,266-268,279-281,283-286,297-298,301-303,305-308,313,316-320,322-325,344,354,356-358,360-365,372-373,375,378]","[345,376-377,379,381-382,384-385,390,393-394,397-398,470-471,473-474,478]","[38,40-43,54-55,69,71,81,83]",MARS2___ACTR2_unrelaxed_rank_001_alphafold2_multimer_v3_model_5_seed_000.pdb
MARS2___ACTR2,2,3,A,B,0.0000,0.0,0.0,0.0107,0.4075,0.0273,0.0000,246.0,0.0,0.4500,85.0,90.4,0.700,106,32,0,0,95.2,84.0,,,593,394,"[47,63-64,67-68,71,74-76,121,124-125,128,130,135,219,238,307,325,329-330,333,338,340-341,361-362,364-376,379-380,383,385-397,399-400,402-404,406-407,424,452,456,458-460,462-463,466,468-476,479-480,482,490-491,515,519-525,527-528,531,535-539,541,569,577,579]","[14-18,32-35,37,39-43,45,51-52,56,58,62,64-65,67-68,70-72,74,81,85,88]",,,MARS2___ACTR2_unrelaxed_rank_002_alphafold2_multimer_v3_model_3_seed_000.pdb
MARS2___ACTR2,3,1,A,B,0.0000,0.0,0.0,0.0000,0.4000,0.0100,0.0000,45.0,0.0,0.3700,84.7,87.3,0.680,37,8,0,0,94.4,72.2,,,593,394,"[47,74,76,121,124-125,128,135,238,245,307,314,318-319,330,361,368-369,371-372,375,379-380,388,391-392,398,461,465,488,490,507,523,525,527,535,539]","[37,40-42,53,58,68,70]",,,MARS2___ACTR2_unrelaxed_rank_003_alphafold2_multimer_v3_model_1_seed_000.pdb
MARS2___ACTR2,4,4,A,B,0.0000,0.0,0.0,0.0000,0.1464,0.0000,0.0000,0.0,0.0,0.2100,83.9,86.7,0.610,0,0,0,0,,,,,593,394,,,,,MARS2___ACTR2_unrelaxed_rank_004_alphafold2_multimer_v3_model_4_seed_000.pdb
MARS2___ACTR2,5,2,A,B,0.0000,0.0,0.0,0.0000,0.1508,0.0000,0.0000,0.0,0.0,0.1900,84.3,88.0,0.600,0,0,0,0,,,,,593,394,,,,,MARS2___ACTR2_unrelaxed_rank_005_alphafold2_multimer_v3_model_2_seed_000.pdb
MRPL12___PPIB,1,1,A,B,0.3129,510.8,159.8,0.0927,0.7828,0.2600,0.3767,2899.0,90.0,0.4600,52.6,86.1,0.520,16,177,10,25,47.5,95.1,51.3,91.2,198,216,[114-129],[39-215],"[116-122,124-125,128]","[95,97,100-101,103,106,109,112-115,141-144,147,149,151,153,159,161-162,165-166,191]",MRPL12___PPIB_unrelaxed_rank_001_alphafold2_multimer_v3_model_1_seed_000.pdb
MRPL12___PPIB,2,4,A,B,0.0000,0.0,0.0,0.0000,0.1636,0.0000,0.0000,0.0,0.0,0.1400,49.4,86.0,0.490,0,0,0,0,,,,,198,216,,,,,MRPL12___PPIB_unrelaxed_rank_002_alphafold2_multimer_v3_model_4_seed_000.pdb
MRPL12___PPIB,3,3,A,B,0.0000,0.0,0.0,0.0000,0.1419,0.0000,0.0000,0.0,0.0,0.1200,49.0,85.6,0.490,0,0,0,0,,,,,198,216,,,,,MRPL12___PPIB_unrelaxed_rank_003_alphafold2_multimer_v3_model_3_seed_000.pdb
MRPL12___PPIB,4,5,A,B,0.0000,0.0,0.0,0.0000,0.1086,0.0000,0.0000,0.0,0.0,0.1100,44.8,85.3,0.480,0,0,0,0,,,,,198,216,,,,,MRPL12___PPIB_unrelaxed_rank_004_alphafold2_multimer_v3_model_5_seed_000.pdb
MRPL12___PPIB,5,2,A,B,0.0000,0.0,0.0,0.0000,0.1082,0.0000,0.0000,0.0,0.0,0.1100,50.9,86.1,0.470,0,0,0,0,,,,,198,216,,,,,MRPL12___PPIB_unrelaxed_rank_005_alphafold2_multimer_v3_model_2_seed_000.pdb
MRPL15___GFP,1,1,A,B,0.0000,0.0,0.0,0.0000,0.1409,0.0000,0.0000,0.0,0.0,0.1500,63.0,86.4,0.490,0,0,0,0,,,,,296,238,,,,,MRPL15___GFP_unrelaxed_rank_001_alphafold2_multimer_v3_model_1_seed_000.pdb
MRPL15___GFP,2,2,A,B,0.0000,0.0,0.0,0.0000,0.1371,0.0000,0.0000,0.0,0.0,0.1400,64.9,86.4,0.480,0,0,0,0,,,,,296,238,,,,,MRPL15___GFP_unrelaxed_rank_002_alphafold2_multimer_v3_model_2_seed_000.pdb
MRPL15___GFP,3,4,A,B,0.0000,0.0,0.0,0.0000,0.1077,0.0000,0.0000,0.0,0.0,0.1200,65.0,87.1,0.480,0,0,0,0,,,,,296,238,,,,,MRPL15___GFP_unrelaxed_rank_003_alphafold2_multimer_v3_model_4_seed_000.pdb
MRPL15___GFP,4,5,A,B,0.0000,0.0,0.0,0.0000,0.1079,0.0000,0.0000,0.0,0.0,0.1200,65.6,87.4,0.480,0,0,0,0,,,,,296,238,,,,,MRPL15___GFP_unrelaxed_rank_004_alphafold2_multimer_v3_model_5_seed_000.pdb
MRPL15___GFP,5,3,A,B,0.0000,0.0,0.0,0.0000,0.0928,0.0000,0.0000,0.0,0.0,0.1000,69.4,88.0,0.460,0,0,0,0,,,,,296,238,,,,,MRPL15___GFP_unrelaxed_rank_005_alphafold2_multimer_v3_model_3_seed_000.pdb
MRPL15___XRN2,1,2,A,B,0.0000,0.0,0.0,0.0000,0.2881,0.0000,0.0000,0.0,0.0,0.2300,66.1,70.7,0.620,0,0,0,0,,,,,296,950,,,,,MRPL15___XRN2_unrelaxed_rank_001_alphafold2_multimer_v3_model_2_seed_000.pdb
MRPL15___XRN2,2,4,A,B,0.0000,0.0,0.0,0.0000,0.1962,0.0000,0.0000,0.0,0.0,0.2000,63.8,69.8,0.610,0,0,0,0,,,,,296,950,,,,,MRPL15___XRN2_unrelaxed_rank_002_alphafold2_multimer_v3_model_4_seed_000.pdb
MRPL15___XRN2,3,5,A,B,0.0000,0.0,0.0,0.0000,0.1718,0.0000,0.0000,0.0,0.0,0.1800,66.7,69.9,0.610,0,0,0,0,,,,,296,950,,,,,MRPL15___XRN2_unrelaxed_rank_003_alphafold2_multimer_v3_model_5_seed_000.pdb
MRPL15___XRN2,4,1,A,B,0.0000,0.0,0.0,0.0000,0.1796,0.0000,0.0000,0.0,0.0,0.1800,66.1,70.6,0.600,0,0,0,0,,,,,296,950,,,,,MRPL15___XRN2_unrelaxed_rank_004_alphafold2_multimer_v3_model_1_seed_000.pdb
MRPL15___XRN2,5,3,A,B,0.0000,0.0,0.0,0.0000,0.1540,0.0000,0.0000,0.0,0.0,0.1600,64.2,68.1,0.590,0,0,0,0,,,,,296,950,,,,,MRPL15___XRN2_unrelaxed_rank_005_alphafold2_multimer_v3_model_3_seed_000.pdb
NBN___STIP1,1,5,A,B,0.1471,1146.6,168.7,0.0463,0.7546,0.1195,0.1810,11739.0,112.0,0.3300,48.0,81.0,0.390,198,288,27,38,83.0,89.8,64.1,87.8,754,543,"[47,49,66-68,77,89,98,106,108,110,114-116,125-126,129-137,139-148,150-153,155-169,171-172,174,176-180,182-183,215-329,552-570]","[1-121,269,278,282,297,299-300,302-304,306-311,316,318-325,327,333,336-476]","[232,250-259,285,288-289,292,295,552-553,555,557-559,562-563,565-567]","[9,11-13,15-16,39,42-43,46-47,50,71,73,104-107,110,361,365,368,371-372,395,399,402,405-406,429,432-433,436,439-440,463,467,470]",NBN___STIP1_unrelaxed_rank_001_alphafold2_multimer_v3_model_5_seed_000.pdb
NBN___STIP1,2,3,A,B,0.0317,42.0,1.3,0.0125,0.5197,0.0359,0.0280,176.0,10.0,0.2500,46.7,79.3,0.340,6,73,3,8,39.7,87.0,41.4,84.8,754,543,"[741,743-746,748]","[4,7-17,20-24,26-33,37-49,51,53-68,70-73,75,78-82,85,90-91,93-95,97,100]","[743-744,746]","[12,15-16,42-43,46,49,80]",NBN___STIP1_unrelaxed_rank_002_alphafold2_multimer_v3_model_3_seed_000.pdb
NBN___STIP1,3,4,A,B,0.0000,0.0,0.0,0.0000,0.3006,0.0000,0.0000,0.0,0.0,0.2100,46.1,78.2,0.340,0,0,0,0,,,,,754,543,,,,,NBN___STIP1_unrelaxed_rank_003_alphafold2_multimer_v3_model_4_seed_000.pdb
NBN___STIP1,4,2,A,B,0.0000,0.0,0.0,0.0000,0.2299,0.0000,0.0000,0.0,0.0,0.1700,47.9,79.9,0.350,0,0,0,0,,,,,754,543,,,,,NBN___STIP1_unrelaxed_rank_004_alphafold2_multimer_v3_model_2_seed_000.pdb
NBN___STIP1,5,1,A,B,0.0000,0.0,0.0,0.0000,0.1985,0.0000,0.0000,0.0,0.0,0.1600,47.6,77.2,0.350,0,0,0,0,,,,,754,543,,,,,NBN___STIP1_unrelaxed_rank_005_alphafold2_multimer_v3_model_1_seed_000.pdb
PDXDC1___IBA57,1,1,A,B,0.0000,0.0,0.0,0.0000,0.2648,0.0000,0.0000,0.0,0.0,0.2500,70.4,72.9,0.560,0,0,0,0,,,,,788,356,,,,,PDXDC1___IBA57_unrelaxed_rank_001_alphafold2_multimer_v3_model_1_seed_000.pdb
PDXDC1___IBA57,2,2,A,B,0.0000,0.0,0.0,0.0000,0.2238,0.0000,0.0000,0.0,0.0,0.2400,71.2,74.9,0.560,0,0,0,0,,,,,788,356,,,,,PDXDC1___IBA57_unrelaxed_rank_002_alphafold2_multimer_v3_model_2_seed_000.pdb
PDXDC1___IBA57,3,3,A,B,0.0000,0.0,0.0,0.0000,0.1821,0.0000,0.0000,0.0,0.0,0.1800,70.0,75.2,0.550,0,0,0,0,,,,,788,356,,,,,PDXDC1___IBA57_unrelaxed_rank_003_alphafold2_multimer_v3_model_3_seed_000.pdb
PDXDC1___IBA57,4,4,A,B,0.0000,0.0,0.0,0.0000,0.1754,0.0000,0.0000,0.0,0.0,0.1800,69.9,74.4,0.550,0,0,0,0,,,,,788,356,,,,,PDXDC1___IBA57_unrelaxed_rank_004_alphafold2_multimer_v3_model_4_seed_000.pdb
PDXDC1___IBA57,5,5,A,B,0.0000,0.0,0.0,0.0000,0.1722,0.0000,0.0000,0.0,0.0,0.1700,69.6,74.1,0.550,0,0,0,0,,,,,788,356,,,,,PDXDC1___IBA57_unrelaxed_rank_005_alphafold2_multimer_v3_model_5_seed_000.pdb
SGPL1___EPB41,1,3,A,B,0.0000,0.0,0.0,0.0000,0.1744,0.0000,0.0000,0.0,0.0,0.2100,87.1,46.0,0.450,0,0,0,0,,,,,568,864,,,,,SGPL1___EPB41_unrelaxed_rank_001_alphafold2_multimer_v3_model_3_seed_000.pdb
SGPL1___EPB41,2,2,A,B,0.0000,0.0,0.0,0.0000,0.2363,0.0000,0.0000,0.0,0.0,0.2000,87.7,46.8,0.450,0,0,0,0,,,,,568,864,,,,,SGPL1___EPB41_unrelaxed_rank_002_alphafold2_multimer_v3_model_2_seed_000.pdb
SGPL1___EPB41,3,5,A,B,0.0000,0.0,0.0,0.0000,0.0000,0.0000,0.0000,0.0,0.0,0.1900,85.9,45.1,0.450,0,0,0,0,,,,,568,864,,,,,SGPL1___EPB41_unrelaxed_rank_003_alphafold2_multimer_v3_model_5_seed_000.pdb
SGPL1___EPB41,4,1,A,B,0.0000,0.0,0.0,0.0000,0.1456,0.0000,0.0000,0.0,0.0,0.1700,87.2,46.9,0.440,0,0,0,0,,,,,568,864,,,,,SGPL1___EPB41_unrelaxed_rank_004_alphafold2_multimer_v3_model_1_seed_000.pdb
SGPL1___EPB41,5,4,A,B,0.0000,0.0,0.0,0.0000,0.1437,0.0000,0.0000,0.0,0.0,0.1800,86.8,45.3,0.440,0,0,0,0,,,,,568,864,,,,,SGPL1___EPB41_unrelaxed_rank_005_alphafold2_multimer_v3_model_4_seed_000.pdb
SGPL1___NUP107,1,4,A,B,0.0000,0.0,0.0,0.0000,0.1622,0.0000,0.0000,0.0,0.0,0.1800,81.3,73.4,0.520,0,0,0,0,,,,,568,925,,,,,SGPL1___NUP107_unrelaxed_rank_001_alphafold2_multimer_v3_model_4_seed_000.pdb
SGPL1___NUP107,2,5,A,B,0.0000,0.0,0.0,0.0000,0.1728,0.0000,0.0000,0.0,0.0,0.1700,81.4,73.9,0.530,0,0,0,0,,,,,568,925,,,,,SGPL1___NUP107_unrelaxed_rank_002_alphafold2_multimer_v3_model_5_seed_000.pdb
SGPL1___NUP107,3,2,A,B,0.0000,0.0,0.0,0.0000,0.1515,0.0000,0.0000,0.0,0.0,0.1700,84.5,74.6,0.510,0,0,0,0,,,,,568,925,,,,,SGPL1___NUP107_unrelaxed_rank_003_alphafold2_multimer_v3_model_2_seed_000.pdb
SGPL1___NUP107,4,3,A,B,0.0000,0.0,0.0,0.0000,0.1538,0.0000,0.0000,0.0,0.0,0.1700,82.6,73.6,0.520,0,0,0,0,,,,,568,925,,,,,SGPL1___NUP107_unrelaxed_rank_004_alphafold2_multimer_v3_model_3_seed_000.pdb
SGPL1___NUP107,5,1,A,B,0.0000,0.0,0.0,0.0000,0.1602,0.0000,0.0000,0.0,0.0,0.1600,83.9,74.2,0.510,0,0,0,0,,,,,568,925,,,,,SGPL1___NUP107_unrelaxed_rank_005_alphafold2_multimer_v3_model_1_seed_000.pdb
SGPL1___PSMA4,1,4,A,B,0.0000,0.0,0.0,0.0000,0.1414,0.0000,0.0000,0.0,0.0,0.1600,86.6,71.3,0.630,0,0,0,0,,,,,568,261,,,,,SGPL1___PSMA4_unrelaxed_rank_001_alphafold2_multimer_v3_model_4_seed_000.pdb
SGPL1___PSMA4,2,1,A,B,0.0000,0.0,0.0,0.0000,0.1377,0.0000,0.0000,0.0,0.0,0.1500,87.4,77.9,0.620,0,0,0,0,,,,,568,261,,,,,SGPL1___PSMA4_unrelaxed_rank_002_alphafold2_multimer_v3_model_1_seed_000.pdb
SGPL1___PSMA4,3,3,A,B,0.0000,0.0,0.0,0.0000,0.1243,0.0000,0.0000,0.0,0.0,0.1400,85.7,74.1,0.620,0,0,0,0,,,,,568,261,,,,,SGPL1___PSMA4_unrelaxed_rank_003_alphafold2_multimer_v3_model_3_seed_000.pdb
SGPL1___PSMA4,4,2,A,B,0.0000,0.0,0.0,0.0000,0.1179,0.0000,0.0000,0.0,0.0,0.1300,87.0,80.2,0.620,0,0,0,0,,,,,568,261,,,,,SGPL1___PSMA4_unrelaxed_rank_004_alphafold2_multimer_v3_model_2_seed_000.pdb
SGPL1___PSMA4,5,5,A,B,0.0000,0.0,0.0,0.0000,0.1258,0.0000,0.0000,0.0,0.0,0.1300,84.4,70.5,0.610,0,0,0,0,,,,,568,261,,,,,SGPL1___PSMA4_unrelaxed_rank_005_alphafold2_multimer_v3_model_5_seed_000.pdb
SGPL1___STIP1,1,2,A,B,0.0000,0.0,0.0,0.0000,0.1415,0.0000,0.0000,0.0,0.0,0.1500,84.8,77.4,0.510,0,0,0,0,,,,,568,543,,,,,SGPL1___STIP1_unrelaxed_rank_001_alphafold2_multimer_v3_model_2_seed_000.pdb
SGPL1___STIP1,2,1,A,B,0.0000,0.0,0.0,0.0000,0.1530,0.0000,0.0000,0.0,0.0,0.1500,85.4,74.3,0.510,0,0,0,0,,,,,568,543,,,,,SGPL1___STIP1_unrelaxed_rank_002_alphafold2_multimer_v3_model_1_seed_000.pdb
SGPL1___STIP1,3,3,A,B,0.0000,0.0,0.0,0.0000,0.1556,0.0000,0.0000,0.0,0.0,0.1500,83.9,74.9,0.500,0,0,0,0,,,,,568,543,,,,,SGPL1___STIP1_unrelaxed_rank_003_alphafold2_multimer_v3_model_3_seed_000.pdb
SGPL1___STIP1,4,4,A,B,0.0000,0.0,0.0,0.0000,0.1427,0.0000,0.0000,0.0,0.0,0.1500,83.2,74.3,0.490,0,0,0,0,,,,,568,543,,,,,SGPL1___STIP1_unrelaxed_rank_004_alphafold2_multimer_v3_model_4_seed_000.pdb
SGPL1___STIP1,5,5,A,B,0.0000,0.0,0.0,0.0000,0.0000,0.0000,0.0000,0.0,0.0,0.1500,83.2,77.2,0.490,0,0,0,0,,,,,568,543,,,,,SGPL1___STIP1_unrelaxed_rank_005_alphafold2_multimer_v3_model_5_seed_000.pdb
SNRPC___MARS2,1,1,A,B,0.0000,0.0,0.0,0.0000,0.2442,0.0000,0.0000,0.0,0.0,0.1700,28.6,87.7,0.730,0,0,0,0,,,,,159,593,,,,,SNRPC___MARS2_unrelaxed_rank_001_alphafold2_multimer_v3_model_1_seed_000.pdb
SNRPC___MARS2,2,4,A,B,0.0000,0.0,0.0,0.0000,0.2263,0.0000,0.0000,0.0,0.0,0.1600,27.7,87.0,0.730,0,0,0,0,,,,,159,593,,,,,SNRPC___MARS2_unrelaxed_rank_002_alphafold2_multimer_v3_model_4_seed_000.pdb
SNRPC___MARS2,3,2,A,B,0.0000,0.0,0.0,0.0000,0.1721,0.0000,0.0000,0.0,0.0,0.1500,27.4,87.0,0.730,0,0,0,0,,,,,159,593,,,,,SNRPC___MARS2_unrelaxed_rank_003_alphafold2_multimer_v3_model_2_seed_000.pdb
SNRPC___MARS2,4,3,A,B,0.0000,0.0,0.0,0.0000,0.2123,0.0000,0.0000,0.0,0.0,0.1500,28.0,87.3,0.730,0,0,0,0,,,,,159,593,,,,,SNRPC___MARS2_unrelaxed_rank_004_alphafold2_multimer_v3_model_3_seed_000.pdb
SNRPC___MARS2,5,5,A,B,0.0000,0.0,0.0,0.0000,0.1450,0.0000,0.0000,0.0,0.0,0.1400,28.5,87.6,0.730,0,0,0,0,,,,,159,593,,,,,SNRPC___MARS2_unrelaxed_rank_005_alphafold2_multimer_v3_model_5_seed_000.pdb
TXLNA___IBA57,1,3,A,B,0.0000,0.0,0.0,0.0000,0.0000,0.0000,0.0000,0.0,0.0,0.2300,58.0,79.0,0.420,0,0,0,0,,,,,546,356,,,,,TXLNA___IBA57_unrelaxed_rank_001_alphafold2_multimer_v3_model_3_seed_000.pdb
TXLNA___IBA57,2,5,A,B,0.0000,0.0,0.0,0.0000,0.0000,0.0000,0.0000,0.0,0.0,0.2000,53.8,78.4,0.410,0,0,0,0,,,,,546,356,,,,,TXLNA___IBA57_unrelaxed_rank_002_alphafold2_multimer_v3_model_5_seed_000.pdb
TXLNA___IBA57,3,1,A,B,0.0000,0.0,0.0,0.0000,0.0000,0.0000,0.0000,0.0,0.0,0.1500,54.1,78.0,0.410,0,0,0,0,,,,,546,356,,,,,TXLNA___IBA57_unrelaxed_rank_003_alphafold2_multimer_v3_model_1_seed_000.pdb
TXLNA___IBA57,4,2,A,B,0.0000,0.0,0.0,0.0000,0.0000,0.0000,0.0000,0.0,0.0,0.1500,51.5,79.2,0.410,0,0,0,0,,,,,546,356,,,,,TXLNA___IBA57_unrelaxed_rank_004_alphafold2_multimer_v3_model_2_seed_000.pdb
TXLNA___IBA57,5,4,A,B,0.0000,0.0,0.0,0.0000,0.1734,0.0000,0.0000,0.0,0.0,0.1400,41.4,79.4,0.400,0,0,0,0,,,,,546,356,,,,,TXLNA___IBA57_unrelaxed_rank_005_alphafold2_multimer_v3_model_4_seed_000.pdb
TXN___ATXN2L,1,4,A,B,0.0000,0.0,0.0,0.0000,0.1991,0.0000,0.0000,0.0,0.0,0.1800,90.5,25.9,0.220,0,0,0,0,,,,,105,1075,,,,,TXN___ATXN2L_unrelaxed_rank_001_alphafold2_multimer_v3_model_4_seed_000.pdb
TXN___ATXN2L,2,1,A,B,0.0000,0.0,0.0,0.0000,0.1886,0.0000,0.0000,0.0,0.0,0.1800,92.6,25.6,0.220,0,0,0,0,,,,,105,1075,,,,,TXN___ATXN2L_unrelaxed_rank_002_alphafold2_multimer_v3_model_1_seed_000.pdb
TXN___ATXN2L,3,5,A,B,0.0000,0.0,0.0,0.0000,0.0000,0.0000,0.0000,0.0,0.0,0.1500,93.3,28.9,0.230,0,0,0,0,,,,,105,1075,,,,,TXN___ATXN2L_unrelaxed_rank_003_alphafold2_multimer_v3_model_5_seed_000.pdb
TXN___ATXN2L,4,3,A,B,0.0000,0.0,0.0,0.0000,0.1483,0.0000,0.0000,0.0,0.0,0.1500,92.2,28.2,0.220,0,0,0,0,,,,,105,1075,,,,,TXN___ATXN2L_unrelaxed_rank_004_alphafold2_multimer_v3_model_3_seed_000.pdb
TXN___ATXN2L,5,2,A,B,0.0000,0.0,0.0,0.0000,0.1641,0.0000,0.0000,0.0,0.0,0.1500,92.2,26.9,0.220,0,0,0,0,,,,,105,1075,,,,,TXN___ATXN2L_unrelaxed_rank_005_alphafold2_multimer_v3_model_2_seed_000.pdb
TXN___TXLNA,1,3,A,B,0.0000,0.0,0.0,0.0000,0.0000,0.0000,0.0000,0.0,0.0,0.1200,89.8,63.2,0.280,0,0,0,0,,,,,105,546,,,,,TXN___TXLNA_unrelaxed_rank_001_alphafold2_multimer_v3_model_3_seed_000.pdb
TXN___TXLNA,2,1,A,B,0.0000,0.0,0.0,0.0000,0.0777,0.0000,0.0000,0.0,0.0,0.1000,90.3,59.3,0.250,0,0,0,0,,,,,105,546,,,,,TXN___TXLNA_unrelaxed_rank_002_alphafold2_multimer_v3_model_1_seed_000.pdb
TXN___TXLNA,3,2,A,B,0.0000,0.0,0.0,0.0000,0.0000,0.0000,0.0000,0.0,0.0,0.0900,91.5,58.0,0.230,0,0,0,0,,,,,105,546,,,,,TXN___TXLNA_unrelaxed_rank_003_alphafold2_multimer_v3_model_2_seed_000.pdb
TXN___TXLNA,4,4,A,B,0.0000,0.0,0.0,0.0000,0.0000,0.0000,0.0000,0.0,0.0,0.0900,91.1,55.0,0.230,0,0,0,0,,,,,105,546,,,,,TXN___TXLNA_unrelaxed_rank_004_alphafold2_multimer_v3_model_4_seed_000.pdb
TXN___TXLNA,5,5,A,B,0.0000,0.0,0.0,0.0000,0.0000,0.0000,0.0000,0.0,0.0,0.0800,92.5,58.6,0.240,0,0,0,0,,,,,105,546,,,,,TXN___TXLNA_unrelaxed_rank_005_alphafold2_multimer_v3_model_5_seed_000.pdb
XPNPEP1___XRN2,1,5,A,B,0.0000,0.0,0.0,0.0000,0.1832,0.0000,0.0000,0.0,0.0,0.1800,92.7,68.7,0.520,0,0,0,0,,,,,623,950,,,,,XPNPEP1___XRN2_unrelaxed_rank_001_alphafold2_multimer_v3_model_5_seed_000.pdb
XPNPEP1___XRN2,2,4,A,B,0.0000,0.0,0.0,0.0000,0.1733,0.0000,0.0000,0.0,0.0,0.1700,92.2,68.2,0.510,0,0,0,0,,,,,623,950,,,,,XPNPEP1___XRN2_unrelaxed_rank_002_alphafold2_multimer_v3_model_4_seed_000.pdb
XPNPEP1___XRN2,3,2,A,B,0.0000,0.0,0.0,0.0000,0.1701,0.0000,0.0000,0.0,0.0,0.1700,92.0,68.6,0.510,0,0,0,0,,,,,623,950,,,,,XPNPEP1___XRN2_unrelaxed_rank_003_alphafold2_multimer_v3_model_2_seed_000.pdb
XPNPEP1___XRN2,4,1,A,B,0.0000,0.0,0.0,0.0000,0.1733,0.0000,0.0000,0.0,0.0,0.1700,92.0,66.6,0.500,0,0,0,0,,,,,623,950,,,,,XPNPEP1___XRN2_unrelaxed_rank_004_alphafold2_multimer_v3_model_1_seed_000.pdb
XPNPEP1___XRN2,5,3,A,B,0.0000,0.0,0.0,0.0000,0.1689,0.0000,0.0000,0.0,0.0,0.1700,92.2,66.8,0.500,0,0,0,0,,,,,623,950,,,,,XPNPEP1___XRN2_unrelaxed_rank_005_alphafold2_multimer_v3_model_3_seed_000.pdb
CIP2A___SAFB,1,3,A,B,0.3891,682.7,265.7,0.1059,0.9356,0.3011,0.5029,4088.0,114.0,0.2400,73.6,29.0,0.410,60,61,24,25,68.2,73.3,71.4,75.1,905,915,"[617-674,676-677]",[640-700],"[619,623,626,629-630,633-634,636-637,640-641,643-644,647-648,650-651,654-655,657-658,661-662,665]","[645,648,652,655-656,658-659,662-663,665-666,669-670,672-673,676-677,679-680,683-684,687,690-691,694]",CIP2A___SAFB_unrelaxed_rank_001_alphafold2_multimer_v3_model_3_seed_000.pdb
CIP2A___SAFB,2,5,A,B,0.3362,576.9,193.9,0.0561,0.8927,0.2587,0.4367,3140.0,106.0,0.2200,76.4,28.5,0.410,55,55,23,24,68.5,71.7,71.0,72.8,905,915,[618-672],[645-699],"[619,623,626,629-630,633-634,636-637,640-641,643-644,647-648,650-651,654-655,657-658,661-662]","[652,655-656,658-659,662-663,665-666,669-670,672-673,676-677,679-680,683-684,686-687,690-691,694]",CIP2A___SAFB_unrelaxed_rank_002_alphafold2_multimer_v3_model_5_seed_000.pdb
CIP2A___SAFB,3,4,A,B,0.1664,304.1,50.6,0.0165,0.7660,0.1315,0.2105,1051.0,88.0,0.2100,70.9,26.9,0.400,41,42,18,19,56.4,61.4,57.4,60.9,905,915,"[622-660,662-663]",[652-693],"[626,629-630,633-634,636-637,640-641,643-644,647-648,650-651,654-655,658]","[655-656,658-659,662-663,665-666,669-670,672-673,676-677,679-680,683-684,687]",CIP2A___SAFB_unrelaxed_rank_003_alphafold2_multimer_v3_model_4_seed_000.pdb
CIP2A___SAFB,4,1,A,B,0.1526,319.1,48.7,0.0160,0.7577,0.1202,0.1939,1018.0,100.0,0.2100,73.9,28.7,0.400,40,45,22,24,65.5,65.7,63.5,65.3,905,915,"[619,622-660]",[654-698],"[619,622-623,626,629-630,633-634,636-637,640-641,643-644,647-648,650-651,654-655,657-658]","[655-656,658-659,662-663,665-666,669-670,672-673,676-677,679-680,683-684,686-687,690-691,694,698]",CIP2A___SAFB_unrelaxed_rank_004_alphafold2_multimer_v3_model_1_seed_000.pdb
CIP2A___SAFB,5,2,A,B,0.0000,0.0,0.0,0.0000,0.1726,0.0000,0.0000,0.0,0.0,0.1900,74.6,29.2,0.410,0,0,0,0,,,,,905,915,,,,,CIP2A___SAFB_unrelaxed_rank_005_alphafold2_multimer_v3_model_2_seed_000.pdb
EDC3___NUP107,1,1,A,B,0.0000,0.0,0.0,0.0000,0.4475,0.0000,0.0000,0.0,0.0,0.2100,57.6,75.1,0.540,0,0,0,0,,,,,508,925,,,,,EDC3___NUP107_unrelaxed_rank_001_alphafold2_multimer_v3_model_1_seed_000.pdb
EDC3___NUP107,2,3,A,B,0.0000,0.0,0.0,0.0000,0.3027,0.0000,0.0000,0.0,0.0,0.1900,57.2,74.9,0.560,0,0,0,0,,,,,508,925,,,,,EDC3___NUP107_unrelaxed_rank_002_alphafold2_multimer_v3_model_3_seed_000.pdb
EDC3___NUP107,3,4,A,B,0.0000,0.0,0.0,0.0000,0.1703,0.0000,0.0000,0.0,0.0,0.1700,56.2,74.7,0.540,0,0,0,0,,,,,508,925,,,,,EDC3___NUP107_unrelaxed_rank_003_alphafold2_multimer_v3_model_4_seed_000.pdb
EDC3___NUP107,4,5,A,B,0.0000,0.0,0.0,0.0000,0.1726,0.0000,0.0000,0.0,0.0,0.1600,57.0,75.6,0.550,0,0,0,0,,,,,508,925,,,,,EDC3___NUP107_unrelaxed_rank_004_alphafold2_multimer_v3_model_5_seed_000.pdb
EDC3___NUP107,5,2,A,B,0.0000,0.0,0.0,0.0000,0.1470,0.0000,0.0000,0.0,0.0,0.1500,58.8,75.5,0.540,0,0,0,0,,,,,508,925,,,,,EDC3___NUP107_unrelaxed_rank_005_alphafold2_multimer_v3_model_2_seed_000.pdb
GNAI3___ASPH,1,4,A,B,0.0000,0.0,0.0,0.0000,0.2886,0.0000,0.0000,0.0,0.0,0.2400,76.4,57.9,0.450,0,0,0,0,,,,,354,758,,,,,GNAI3___ASPH_unrelaxed_rank_001_alphafold2_multimer_v3_model_4_seed_000.pdb
GNAI3___ASPH,2,1,A,B,0.0000,0.0,0.0,0.0000,0.1993,0.0000,0.0000,0.0,0.0,0.2300,76.6,59.2,0.450,0,0,0,0,,,,,354,758,,,,,GNAI3___ASPH_unrelaxed_rank_002_alphafold2_multimer_v3_model_1_seed_000.pdb
GNAI3___ASPH,3,2,A,B,0.0000,0.0,0.0,0.0000,0.1992,0.0000,0.0000,0.0,0.0,0.2100,81.8,60.0,0.450,0,0,0,0,,,,,354,758,,,,,GNAI3___ASPH_unrelaxed_rank_003_alphafold2_multimer_v3_model_2_seed_000.pdb
GNAI3___ASPH,4,3,A,B,0.0000,0.0,0.0,0.0000,0.1894,0.0000,0.0000,0.0,0.0,0.2000,82.4,58.7,0.440,0,0,0,0,,,,,354,758,,,,,GNAI3___ASPH_unrelaxed_rank_004_alphafold2_multimer_v3_model_3_seed_000.pdb
GNAI3___ASPH,5,5,A,B,0.0000,0.0,0.0,0.0000,0.1731,0.0000,0.0000,0.0,0.0,0.1800,83.3,58.9,0.440,0,0,0,0,,,,,354,758,,,,,GNAI3___ASPH_unrelaxed_rank_005_alphafold2_multimer_v3_model_5_seed_000.pdb
GNAI3___MRPL12,1,1,A,B,0.0000,0.0,0.0,0.0000,0.2615,0.0000,0.0000,0.0,0.0,0.2400,87.8,36.3,0.620,0,0,0,0,,,,,354,198,,,,,GNAI3___MRPL12_unrelaxed_rank_001_alphafold2_multimer_v3_model_1_seed_000.pdb
GNAI3___MRPL12,2,2,A,B,0.0000,0.0,0.0,0.0000,0.2264,0.0000,0.0000,0.0,0.0,0.1900,90.1,38.5,0.630,0,0,0,0,,,,,354,198,,,,,GNAI3___MRPL12_unrelaxed_rank_002_alphafold2_multimer_v3_model_2_seed_000.pdb
GNAI3___MRPL12,3,3,A,B,0.0000,0.0,0.0,0.0000,0.1738,0.0000,0.0000,0.0,0.0,0.1600,87.5,39.0,0.620,0,0,0,0,,,,,354,198,,,,,GNAI3___MRPL12_unrelaxed_rank_003_alphafold2_multimer_v3_model_3_seed_000.pdb
GNAI3___MRPL12,4,5,A,B,0.0000,0.0,0.0,0.0000,0.1597,0.0000,0.0000,0.0,0.0,0.1500,86.8,36.6,0.600,0,0,0,0,,,,,354,198,,,,,GNAI3___MRPL12_unrelaxed_rank_004_alphafold2_multimer_v3_model_5_seed_000.pdb
GNAI3___MRPL12,5,4,A,B,0.0000,0.0,0.0,0.0000,0.1832,0.0000,0.0000,0.0,0.0,0.1500,85.1,38.7,0.600,0,0,0,0,,,,,354,198,,,,,GNAI3___MRPL12_unrelaxed_rank_005_alphafold2_multimer_v3_model_4_seed_000.pdb
GNAS___PPIB,1,1,A,B,0.1680,231.4,38.9,0.0218,0.7904,0.1385,0.2037,1116.0,48.0,0.3900,41.8,81.6,0.400,12,175,8,19,57.9,90.3,53.2,81.5,1037,216,[1026-1037],"[40-207,209-215]","[1028,1031-1037]","[97,100-101,103,139-144,151,153,159,161-166]",GNAS___PPIB_unrelaxed_rank_001_alphafold2_multimer_v3_model_1_seed_000.pdb
GNAS___PPIB,2,4,A,B,0.1352,229.5,31.0,0.0174,0.7347,0.1142,0.1600,1351.0,39.0,0.3300,40.1,78.9,0.380,16,174,8,21,61.3,89.4,45.9,76.8,1037,216,"[886-888,931,1026-1037]","[40-207,209-214]","[1028,1031-1037]","[94-95,97,100-101,103-104,112,141-144,147,151,153,162,165-166,190-192]",GNAS___PPIB_unrelaxed_rank_002_alphafold2_multimer_v3_model_4_seed_000.pdb
GNAS___PPIB,3,2,A,B,0.0000,0.0,0.0,0.0000,0.4147,0.0000,0.0000,0.0,0.0,0.2600,41.5,80.7,0.390,0,0,0,0,,,,,1037,216,,,,,GNAS___PPIB_unrelaxed_rank_003_alphafold2_multimer_v3_model_2_seed_000.pdb
GNAS___PPIB,4,3,A,B,0.0000,0.0,0.0,0.0000,0.3649,0.0000,0.0000,0.0,0.0,0.2300,41.8,79.1,0.380,0,0,0,0,,,,,1037,216,,,,,GNAS___PPIB_unrelaxed_rank_004_alphafold2_multimer_v3_model_3_seed_000.pdb
GNAS___PPIB,5,5,A,B,0.0000,0.0,0.0,0.0000,0.2510,0.0000,0.0000,0.0,0.0,0.2100,41.7,78.9,0.380,0,0,0,0,,,,,1037,216,,,,,GNAS___PPIB_unrelaxed_rank_005_alphafold2_multimer_v3_model_5_seed_000.pdb
GNAS___PSMA4,1,5,A,B,0.0000,0.0,0.0,0.0000,0.2221,0.0000,0.0000,0.0,0.0,0.2700,41.5,79.8,0.380,0,0,0,0,,,,,1037,261,,,,,GNAS___PSMA4_unrelaxed_rank_001_alphafold2_multimer_v3_model_5_seed_000.pdb
GNAS___PSMA4,2,4,A,B,0.0000,0.0,0.0,0.0000,0.2282,0.0000,0.0000,0.0,0.0,0.2600,39.4,70.8,0.380,0,0,0,0,,,,,1037,261,,,,,GNAS___PSMA4_unrelaxed_rank_002_alphafold2_multimer_v3_model_4_seed_000.pdb
GNAS___PSMA4,3,2,A,B,0.0000,0.0,0.0,0.0000,0.2293,0.0000,0.0000,0.0,0.0,0.2400,41.3,83.5,0.390,0,0,0,0,,,,,1037,261,,,,,GNAS___PSMA4_unrelaxed_rank_003_alphafold2_multimer_v3_model_2_seed_000.pdb
GNAS___PSMA4,4,1,A,B,0.0000,0.0,0.0,0.0000,0.1707,0.0000,0.0000,0.0,0.0,0.2200,41.0,82.6,0.380,0,0,0,0,,,,,1037,261,,,,,GNAS___PSMA4_unrelaxed_rank_004_alphafold2_multimer_v3_model_1_seed_000.pdb
GNAS___PSMA4,5,3,A,B,0.0000,0.0,0.0,0.0000,0.2041,0.0000,0.0000,0.0,0.0,0.2100,40.8,73.7,0.380,0,0,0,0,,,,,1037,261,,,,,GNAS___PSMA4_unrelaxed_rank_005_alphafold2_multimer_v3_model_3_seed_000.pdb
GNAS___STIP1,1,1,A,B,0.0000,0.0,0.0,0.0000,0.4149,0.0325,0.0000,1.0,0.0,0.2400,39.9,73.0,0.340,1,1,0,0,24.7,86.9,,,1037,543,[360],[399],,,GNAS___STIP1_unrelaxed_rank_001_alphafold2_multimer_v3_model_1_seed_000.pdb
GNAS___STIP1,2,2,A,B,0.0000,0.0,0.0,0.0000,0.3771,0.0000,0.0000,0.0,0.0,0.2300,40.8,80.0,0.360,0,0,0,0,,,,,1037,543,,,,,GNAS___STIP1_unrelaxed_rank_002_alphafold2_multimer_v3_model_2_seed_000.pdb
GNAS___STIP1,3,3,A,B,0.0000,0.0,0.0,0.0000,0.3096,0.0000,0.0000,0.0,0.0,0.2000,40.4,75.8,0.340,0,0,0,0,,,,,1037,543,,,,,GNAS___STIP1_unrelaxed_rank_003_alphafold2_multimer_v3_model_3_seed_000.pdb
GNAS___STIP1,4,4,A,B,0.0000,0.0,0.0,0.0000,0.2147,0.0000,0.0000,0.0,0.0,0.1900,38.7,72.8,0.340,0,0,0,0,,,,,1037,543,,,,,GNAS___STIP1_unrelaxed_rank_004_alphafold2_multimer_v3_model_4_seed_000.pdb
GNAS___STIP1,5,5,A,B,0.0000,0.0,0.0,0.0000,0.1977,0.0000,0.0000,0.0,0.0,0.1800,40.1,77.0,0.340,0,0,0,0,,,,,1037,543,,,,,GNAS___STIP1_unrelaxed_rank_005_alphafold2_multimer_v3_model_5_seed_000.pdb
IBA57___MRPL15,1,4,A,B,0.0000,0.0,0.0,0.0000,0.1294,0.0000,0.0000,0.0,0.0,0.1300,78.3,72.7,0.510,0,0,0,0,,,,,356,296,,,,,IBA57___MRPL15_unrelaxed_rank_001_alphafold2_multimer_v3_model_4_seed_000.pdb
IBA57___MRPL15,2,1,A,B,0.0000,0.0,0.0,0.0000,0.1147,0.0000,0.0000,0.0,0.0,0.1300,77.1,72.5,0.500,0,0,0,0,,,,,356,296,,,,,IBA57___MRPL15_unrelaxed_rank_002_alphafold2_multimer_v3_model_1_seed_000.pdb
IBA57___MRPL15,3,2,A,B,0.0000,0.0,0.0,0.0000,0.1194,0.0000,0.0000,0.0,0.0,0.1200,77.4,71.3,0.500,0,0,0,0,,,,,356,296,,,,,IBA57___MRPL15_unrelaxed_rank_003_alphafold2_multimer_v3_model_2_seed_000.pdb
IBA57___MRPL15,4,3,A,B,0.0000,0.0,0.0,0.0000,0.1161,0.0000,0.0000,0.0,0.0,0.1200,78.6,73.3,0.500,0,0,0,0,,,,,356,296,,,,,IBA57___MRPL15_unrelaxed_rank_004_alphafold2_multimer_v3_model_3_seed_000.pdb
IBA57___MRPL15,5,5,A,B,0.0000,0.0,0.0,0.0000,0.0955,0.0000,0.0000,0.0,0.0,0.1200,78.1,71.8,0.500,0,0,0,0,,,,,356,296,,,,,IBA57___MRPL15_unrelaxed_rank_005_alphafold2_multimer_v3_model_5_seed_000.pdb
MARS2___GFP,1,4,A,B,0.0000,0.0,0.0,0.0000,0.1674,0.0000,0.0000,0.0,0.0,0.2100,84.0,82.6,0.680,0,0,0,0,,,,,593,238,,,,,MARS2___GFP_unrelaxed_rank_001_alphafold2_multimer_v3_model_4_seed_000.pdb
MARS2___GFP,2,2,A,B,0.0000,0.0,0.0,0.0000,0.1581,0.0000,0.0000,0.0,0.0,0.1900,84.3,86.5,0.680,0,0,0,0,,,,,593,238,,,,,MARS2___GFP_unrelaxed_rank_002_alphafold2_multimer_v3_model_2_seed_000.pdb
MARS2___GFP,3,1,A,B,0.0000,0.0,0.0,0.0000,0.1642,0.0000,0.0000,0.0,0.0,0.1900,84.4,84.0,0.680,0,0,0,0,,,,,593,238,,,,,MARS2___GFP_unrelaxed_rank_003_alphafold2_multimer_v3_model_1_seed_000.pdb
MARS2___GFP,4,5,A,B,0.0000,0.0,0.0,0.0000,0.1341,0.0000,0.0000,0.0,0.0,0.1800,85.2,87.9,0.680,0,0,0,0,,,,,593,238,,,,,MARS2___GFP_unrelaxed_rank_004_alphafold2_multimer_v3_model_5_seed_000.pdb
MARS2___GFP,5,3,A,B,0.0000,0.0,0.0,0.0000,0.1191,0.0000,0.0000,0.0,0.0,0.1800,84.6,86.9,0.670,0,0,0,0,,,,,593,238,,,,,MARS2___GFP_unrelaxed_rank_005_alphafold2_multimer_v3_model_3_seed_000.pdb
MARS2___NBN,1,3,A,B,0.0000,0.0,0.0,0.0000,0.2811,0.0000,0.0000,0.0,0.0,0.2300,86.7,46.0,0.490,0,0,0,0,,,,,593,754,,,,,MARS2___NBN_unrelaxed_rank_001_alphafold2_multimer_v3_model_3_seed_000.pdb
MARS2___NBN,2,2,A,B,0.0000,0.0,0.0,0.0000,0.3872,0.0000,0.0000,0.0,0.0,0.2200,85.9,47.2,0.480,0,0,0,0,,,,,593,754,,,,,MARS2___NBN_unrelaxed_rank_002_alphafold2_multimer_v3_model_2_seed_000.pdb
MARS2___NBN,3,4,A,B,0.0000,0.0,0.0,0.0000,0.2146,0.0000,0.0000,0.0,0.0,0.1900,85.6,43.8,0.490,0,0,0,0,,,,,593,754,,,,,MARS2___NBN_unrelaxed_rank_003_alphafold2_multimer_v3_model_4_seed_000.pdb
MARS2___NBN,4,1,A,B,0.0000,0.0,0.0,0.0000,0.2542,0.0000,0.0000,0.0,0.0,0.1900,85.8,45.5,0.480,0,0,0,0,,,,,593,754,,,,,MARS2___NBN_unrelaxed_rank_004_alphafold2_multimer_v3_model_1_seed_000.pdb
MARS2___NBN,5,5,A,B,0.0000,0.0,0.0,0.0000,0.1824,0.0000,0.0000,0.0,0.0,0.1700,86.4,46.0,0.480,0,0,0,0,,,,,593,754,,,,,MARS2___NBN_unrelaxed_rank_005_alphafold2_multimer_v3_model_5_seed_000.pdb
NBN___ACTR2,1,3,A,B,0.2256,931.0,210.0,0.2687,0.7967,0.1674,0.3041,9320.0,93.0,0.6600,47.7,88.9,0.430,32,364,18,30,58.5,90.5,60.2,87.8,754,394,[700-731],"[6-40,55-368,371-383,385-386]","[702-711,713,716,718-719,722-723,727,730]","[195-196,198-199,225-228,230-231,234,256,260,263,266-267,269-271,279,315,319-320,322-323,326-327,332,334,337]",NBN___ACTR2_unrelaxed_rank_001_alphafold2_multimer_v3_model_3_seed_000.pdb
NBN___ACTR2,2,4,A,B,0.0000,0.0,0.0,0.0000,0.2788,0.0000,0.0000,0.0,0.0,0.2400,46.5,87.9,0.410,0,0,0,0,,,,,754,394,,,,,NBN___ACTR2_unrelaxed_rank_002_alphafold2_multimer_v3_model_4_seed_000.pdb
NBN___ACTR2,3,2,A,B,0.0000,0.0,0.0,0.0000,0.2769,0.0000,0.0000,0.0,0.0,0.2400,47.0,89.2,0.410,0,0,0,0,,,,,754,394,,,,,NBN___ACTR2_unrelaxed_rank_003_alphafold2_multimer_v3_model_2_seed_000.pdb
NBN___ACTR2,4,5,A,B,0.0000,0.0,0.0,0.0000,0.2919,0.0000,0.0000,0.0,0.0,0.2200,46.7,89.6,0.410,0,0,0,0,,,,,754,394,,,,,NBN___ACTR2_unrelaxed_rank_004_alphafold2_multimer_v3_model_5_seed_000.pdb
NBN___ACTR2,5,1,A,B,0.0000,0.0,0.0,0.0000,0.2551,0.0000,0.0000,0.0,0.0,0.2000,46.8,87.0,0.410,0,0,0,0,,,,,754,394,,,,,NBN___ACTR2_unrelaxed_rank_005_alphafold2_multimer_v3_model_1_seed_000.pdb
NBN___PSMA2,1,4,A,B,0.0000,0.0,0.0,0.0000,0.2334,0.0000,0.0000,0.0,0.0,0.2900,47.5,80.7,0.390,0,0,0,0,,,,,754,234,,,,,NBN___PSMA2_unrelaxed_rank_001_alphafold2_multimer_v3_model_4_seed_000.pdb
NBN___PSMA2,2,3,A,B,0.0000,0.0,0.0,0.0000,0.2379,0.0000,0.0000,0.0,0.0,0.2600,47.4,81.1,0.390,0,0,0,0,,,,,754,234,,,,,NBN___PSMA2_unrelaxed_rank_002_alphafold2_multimer_v3_model_3_seed_000.pdb
NBN___PSMA2,3,2,A,B,0.0000,0.0,0.0,0.0000,0.1389,0.0000,0.0000,0.0,0.0,0.1800,47.7,82.6,0.400,0,0,0,0,,,,,754,234,,,,,NBN___PSMA2_unrelaxed_rank_003_alphafold2_multimer_v3_model_2_seed_000.pdb
NBN___PSMA2,4,1,A,B,0.0000,0.0,0.0,0.0000,0.1226,0.0000,0.0000,0.0,0.0,0.1500,47.6,84.8,0.380,0,0,0,0,,,,,754,234,,,,,NBN___PSMA2_unrelaxed_rank_004_alphafold2_multimer_v3_model_1_seed_000.pdb
NBN___PSMA2,5,5,A,B,0.0000,0.0,0.0,0.0000,0.1313,0.0000,0.0000,0.0,0.0,0.1400,47.6,81.4,0.390,0,0,0,0,,,,,754,234,,,,,NBN___PSMA2_unrelaxed_rank_005_alphafold2_multimer_v3_model_5_seed_000.pdb
NUP107___ASPH,1,2,A,B,0.0000,0.0,0.0,0.0000,0.3241,0.0000,0.0000,0.0,0.0,0.2200,75.0,59.9,0.490,0,0,0,0,,,,,925,758,,,,,NUP107___ASPH_unrelaxed_rank_001_alphafold2_multimer_v3_model_2_seed_000.pdb
NUP107___ASPH,2,4,A,B,0.0000,0.0,0.0,0.0000,0.2793,0.0000,0.0000,0.0,0.0,0.2100,72.5,57.1,0.490,0,0,0,0,,,,,925,758,,,,,NUP107___ASPH_unrelaxed_rank_002_alphafold2_multimer_v3_model_4_seed_000.pdb
NUP107___ASPH,3,1,A,B,0.0000,0.0,0.0,0.0000,0.2860,0.0000,0.0000,0.0,0.0,0.2100,73.9,58.4,0.480,0,0,0,0,,,,,925,758,,,,,NUP107___ASPH_unrelaxed_rank_003_alphafold2_multimer_v3_model_1_seed_000.pdb
NUP107___ASPH,4,3,A,B,0.0000,0.0,0.0,0.0000,0.2599,0.0000,0.0000,0.0,0.0,0.1900,74.0,58.1,0.500,0,0,0,0,,,,,925,758,,,,,NUP107___ASPH_unrelaxed_rank_004_alphafold2_multimer_v3_model_3_seed_000.pdb
NUP107___ASPH,5,5,A,B,0.0000,0.0,0.0,0.0000,0.2360,0.0000,0.0000,0.0,0.0,0.1900,73.5,57.9,0.490,0,0,0,0,,,,,925,758,,,,,NUP107___ASPH_unrelaxed_rank_005_alphafold2_multimer_v3_model_5_seed_000.pdb
PDXDC1___ACTR2,1,2,A,B,0.0000,0.0,0.0,0.0000,0.1651,0.0000,0.0000,0.0,0.0,0.1900,69.7,87.4,0.540,0,0,0,0,,,,,788,394,,,,,PDXDC1___ACTR2_unrelaxed_rank_001_alphafold2_multimer_v3_model_2_seed_000.pdb
PDXDC1___ACTR2,2,3,A,B,0.0000,0.0,0.0,0.0000,0.1630,0.0000,0.0000,0.0,0.0,0.1800,67.7,87.3,0.520,0,0,0,0,,,,,788,394,,,,,PDXDC1___ACTR2_unrelaxed_rank_002_alphafold2_multimer_v3_model_3_seed_000.pdb
PDXDC1___ACTR2,3,4,A,B,0.0000,0.0,0.0,0.0000,0.1472,0.0000,0.0000,0.0,0.0,0.1600,69.1,86.8,0.530,0,0,0,0,,,,,788,394,,,,,PDXDC1___ACTR2_unrelaxed_rank_003_alphafold2_multimer_v3_model_4_seed_000.pdb
PDXDC1___ACTR2,4,1,A,B,0.0000,0.0,0.0,0.0000,0.1462,0.0000,0.0000,0.0,0.0,0.1600,68.3,84.6,0.510,0,0,0,0,,,,,788,394,,,,,PDXDC1___ACTR2_unrelaxed_rank_004_alphafold2_multimer_v3_model_1_seed_000.pdb
PDXDC1___ACTR2,5,5,A,B,0.0000,0.0,0.0,0.0000,0.1427,0.0000,0.0000,0.0,0.0,0.1500,68.0,87.4,0.530,0,0,0,0,,,,,788,394,,,,,PDXDC1___ACTR2_unrelaxed_rank_005_alphafold2_multimer_v3_model_5_seed_000.pdb
PPIB___STIP1,1,3,A,B,0.5187,2294.1,1190.0,0.5914,0.9354,0.4032,0.6674,61197.0,86.0,0.7300,83.6,84.3,0.550,182,244,22,19,93.9,92.9,89.0,83.4,216,543,[35-216],"[228,232-233,235-236,241-242,244-249,251,255-292,294-485]","[97-100,108-109,111-114,120-121,141,143-144,147,153,161-162,165-166,191]","[374-377,406-411,439-442,444,470,474,477,484]",PPIB___STIP1_unrelaxed_rank_001_alphafold2_multimer_v3_model_3_seed_000.pdb
PPIB___STIP1,2,5,A,B,0.0980,765.3,75.0,0.0308,0.5292,0.0813,0.1180,10649.0,55.0,0.4900,80.8,82.8,0.490,174,116,17,15,92.2,90.3,80.3,76.6,216,543,"[39-205,209-215]","[355-457,461-472,474]","[97-101,103,112-113,141,143-144,153,159,161-162,165,191]","[374-377,380,406-411,439-442]",PPIB___STIP1_unrelaxed_rank_002_alphafold2_multimer_v3_model_5_seed_000.pdb
PPIB___STIP1,3,2,A,B,0.0000,0.0,0.0,0.0000,0.2849,0.0000,0.0000,0.0,0.0,0.3600,80.7,83.7,0.440,0,0,0,0,,,,,216,543,,,,,PPIB___STIP1_unrelaxed_rank_003_alphafold2_multimer_v3_model_2_seed_000.pdb
PPIB___STIP1,4,1,A,B,0.0000,0.0,0.0,0.0000,0.3256,0.0000,0.0000,0.0,0.0,0.2500,79.3,82.6,0.400,0,0,0,0,,,,,216,543,,,,,PPIB___STIP1_unrelaxed_rank_004_alphafold2_multimer_v3_model_1_seed_000.pdb
PPIB___STIP1,5,4,A,B,0.0000,0.0,0.0,0.0000,0.1855,0.0000,0.0000,0.0,0.0,0.1400,79.3,80.9,0.370,0,0,0,0,,,,,216,543,,,,,PPIB___STIP1_unrelaxed_rank_005_alphafold2_multimer_v3_model_4_seed_000.pdb
SNRPC___NBN,1,3,A,B,0.1016,69.9,7.1,0.0145,0.5749,0.0831,0.1243,181.0,27.0,0.2600,33.0,49.1,0.420,44,8,12,7,58.9,40.4,54.8,40.4,159,754,"[1-15,17-43,45-46]",[684-691],"[1-8,21,25,37,41]",[684-690],SNRPC___NBN_unrelaxed_rank_001_alphafold2_multimer_v3_model_3_seed_000.pdb
SNRPC___NBN,2,4,A,B,0.0000,0.0,0.0,0.0000,0.3406,0.0000,0.0000,0.0,0.0,0.2000,33.6,49.1,0.410,0,0,0,0,,,,,159,754,,,,,SNRPC___NBN_unrelaxed_rank_002_alphafold2_multimer_v3_model_4_seed_000.pdb
SNRPC___NBN,3,2,A,B,0.0000,0.0,0.0,0.0000,0.1506,0.0000,0.0000,0.0,0.0,0.1500,29.6,49.5,0.420,0,0,0,0,,,,,159,754,,,,,SNRPC___NBN_unrelaxed_rank_003_alphafold2_multimer_v3_model_2_seed_000.pdb
SNRPC___NBN,4,1,A,B,0.0000,0.0,0.0,0.0000,0.1737,0.0000,0.0000,0.0,0.0,0.1500,29.4,49.6,0.410,0,0,0,0,,,,,159,754,,,,,SNRPC___NBN_unrelaxed_rank_004_alphafold2_multimer_v3_model_1_seed_000.pdb
SNRPC___NBN,5,5,A,B,0.0000,0.0,0.0,0.0000,0.1093,0.0000,0.0000,0.0,0.0,0.1400,34.7,49.1,0.410,0,0,0,0,,,,,159,754,,,,,SNRPC___NBN_unrelaxed_rank_005_alphafold2_multimer_v3_model_5_seed_000.pdb
SNRPC___PSMA4,1,4,A,B,0.0000,0.0,0.0,0.0000,0.2058,0.0000,0.0000,0.0,0.0,0.1900,34.6,75.2,0.530,0,0,0,0,,,,,159,261,,,,,SNRPC___PSMA4_unrelaxed_rank_001_alphafold2_multimer_v3_model_4_seed_000.pdb
SNRPC___PSMA4,2,3,A,B,0.0000,0.0,0.0,0.0000,0.1867,0.0000,0.0000,0.0,0.0,0.1900,32.2,71.1,0.500,0,0,0,0,,,,,159,261,,,,,SNRPC___PSMA4_unrelaxed_rank_002_alphafold2_multimer_v3_model_3_seed_000.pdb
SNRPC___PSMA4,3,1,A,B,0.0000,0.0,0.0,0.0000,0.1505,0.0000,0.0000,0.0,0.0,0.1500,31.8,76.8,0.540,0,0,0,0,,,,,159,261,,,,,SNRPC___PSMA4_unrelaxed_rank_003_alphafold2_multimer_v3_model_1_seed_000.pdb
SNRPC___PSMA4,4,5,A,B,0.0000,0.0,0.0,0.0000,0.1651,0.0000,0.0000,0.0,0.0,0.1600,32.7,68.3,0.490,0,0,0,0,,,,,159,261,,,,,SNRPC___PSMA4_unrelaxed_rank_004_alphafold2_multimer_v3_model_5_seed_000.pdb
SNRPC___PSMA4,5,2,A,B,0.0000,0.0,0.0,0.0000,0.1509,0.0000,0.0000,0.0,0.0,0.1500,31.3,69.5,0.490,0,0,0,0,,,,,159,261,,,,,SNRPC___PSMA4_unrelaxed_rank_005_alphafold2_multimer_v3_model_2_seed_000.pdb
STIP1___XRN2,1,1,A,B,0.0000,0.0,0.0,0.0000,0.2050,0.0000,0.0000,0.0,0.0,0.2000,67.3,69.4,0.540,0,0,0,0,,,,,543,950,,,,,STIP1___XRN2_unrelaxed_rank_001_alphafold2_multimer_v3_model_1_seed_000.pdb
STIP1___XRN2,2,3,A,B,0.0000,0.0,0.0,0.0000,0.1787,0.0000,0.0000,0.0,0.0,0.1900,69.5,68.2,0.540,0,0,0,0,,,,,543,950,,,,,STIP1___XRN2_unrelaxed_rank_002_alphafold2_multimer_v3_model_3_seed_000.pdb
STIP1___XRN2,3,2,A,B,0.0000,0.0,0.0,0.0000,0.2086,0.0000,0.0000,0.0,0.0,0.1800,71.9,69.8,0.540,0,0,0,0,,,,,543,950,,,,,STIP1___XRN2_unrelaxed_rank_003_alphafold2_multimer_v3_model_2_seed_000.pdb
STIP1___XRN2,4,4,A,B,0.0000,0.0,0.0,0.0000,0.1746,0.0000,0.0000,0.0,0.0,0.1700,69.4,68.9,0.530,0,0,0,0,,,,,543,950,,,,,STIP1___XRN2_unrelaxed_rank_004_alphafold2_multimer_v3_model_4_seed_000.pdb
STIP1___XRN2,5,5,A,B,0.0000,0.0,0.0,0.0000,0.1665,0.0000,0.0000,0.0,0.0,0.1700,73.3,69.3,0.540,0,0,0,0,,,,,543,950,,,,,STIP1___XRN2_unrelaxed_rank_005_alphafold2_multimer_v3_model_5_seed_000.pdb
TXLNA___EDC3,1,3,A,B,0.0000,0.0,0.0,0.0000,0.2334,0.0000,0.0000,0.0,0.0,0.1600,57.1,63.4,0.340,0,0,0,0,,,,,546,508,,,,,TXLNA___EDC3_unrelaxed_rank_001_alphafold2_multimer_v3_model_3_seed_000.pdb
TXLNA___EDC3,2,5,A,B,0.0000,0.0,0.0,0.0000,0.0000,0.0000,0.0000,0.0,0.0,0.1400,55.7,63.1,0.330,0,0,0,0,,,,,546,508,,,,,TXLNA___EDC3_unrelaxed_rank_002_alphafold2_multimer_v3_model_5_seed_000.pdb
TXLNA___EDC3,3,4,A,B,0.0000,0.0,0.0,0.0000,0.1679,0.0000,0.0000,0.0,0.0,0.1300,42.7,63.1,0.320,0,0,0,0,,,,,546,508,,,,,TXLNA___EDC3_unrelaxed_rank_003_alphafold2_multimer_v3_model_4_seed_000.pdb
TXLNA___EDC3,4,1,A,B,0.0000,0.0,0.0,0.0000,0.1254,0.0000,0.0000,0.0,0.0,0.1300,52.3,64.4,0.320,0,0,0,0,,,,,546,508,,,,,TXLNA___EDC3_unrelaxed_rank_004_alphafold2_multimer_v3_model_1_seed_000.pdb
TXLNA___EDC3,5,2,A,B,0.0000,0.0,0.0,0.0000,0.0000,0.0000,0.0000,0.0,0.0,0.1300,46.9,64.1,0.320,0,0,0,0,,,,,546,508,,,,,TXLNA___EDC3_unrelaxed_rank_005_alphafold2_multimer_v3_model_2_seed_000.pdb
ASPH___PSMA2,1,4,A,B,0.3018,5001.6,1509.4,0.3692,0.9496,0.2077,0.4385,113709.0,220.0,0.7100,61.4,84.1,0.600,435,233,48,47,92.8,84.4,80.4,72.7,758,234,"[75-80,330-758]",[2-234],"[76-79,393-396,431-437,439,465-468,470,496,500,524,526,529,563-565,617-618,633,635-636,659,661,679-683,752-758]","[7-17,19-22,24,26-28,31,39,79,81-82,112,116,119,122-123,125-129,131,145,150,152-154,156-160,171,175]",ASPH___PSMA2_unrelaxed_rank_001_alphafold2_multimer_v3_model_4_seed_000.pdb
ASPH___PSMA2,2,3,A,B,0.0603,243.6,14.7,0.0127,0.5558,0.0533,0.0681,2374.0,25.0,0.2800,59.6,77.4,0.500,380,9,20,7,91.6,34.1,83.0,35.3,758,234,"[338,345-346,348-349,363-369,371,375-383,385-392,394,396-409,414-604,612-696,699-731,733-758]",[6-14],"[462,465-466,468,493,496,500,526,529-530,533,564-565,617-618,679-682,758]",[8-14],ASPH___PSMA2_unrelaxed_rank_002_alphafold2_multimer_v3_model_3_seed_000.pdb
ASPH___PSMA2,3,1,A,B,0.0985,283.1,27.9,0.0150,0.6478,0.0963,0.1007,3205.0,25.0,0.2600,60.6,76.7,0.500,410,12,17,10,92.2,32.9,78.3,33.5,758,234,"[334,336-353,358-372,374-411,414-604,612-758]",[5-16],"[431,434,462,465-466,468,496,500,526,529,564-565,617,681-682,756,758]",[6-15],ASPH___PSMA2_unrelaxed_rank_003_alphafold2_multimer_v3_model_1_seed_000.pdb
ASPH___PSMA2,4,5,A,B,0.0413,168.4,6.9,0.0116,0.5506,0.0348,0.0489,1575.0,18.0,0.2600,59.2,76.4,0.490,314,9,14,5,91.4,29.8,81.7,30.5,758,234,"[367,386,399,403,406-407,415,417-418,420-424,427-428,430-432,435-437,439-451,453-581,583,585-602,604,614,616-617,620,625,628-662,664-696,699-730,734-758]",[6-14],"[465,500,526,529,533,562-564,617,679-682,758]","[8-11,13]",ASPH___PSMA2_unrelaxed_rank_004_alphafold2_multimer_v3_model_5_seed_000.pdb
ASPH___PSMA2,5,2,A,B,0.0474,201.8,9.6,0.0117,0.5387,0.0377,0.0597,1455.0,28.0,0.2500,61.2,78.5,0.490,330,8,18,8,92.3,29.5,87.1,29.5,758,234,"[375,379,382-383,385-386,389,396,403,406-407,416-424,426-445,447-451,453-581,583-604,614,616-622,624-626,628-662,664-665,667-687,689-696,699-730,734-758]",[6-13],"[496,500,524-527,529-530,562-565,679-683,758]",[6-13],ASPH___PSMA2_unrelaxed_rank_005_alphafold2_multimer_v3_model_2_seed_000.pdb
CIP2A___ACTR2,1,4,A,B,0.0000,0.0,0.0,0.0000,0.1673,0.0000,0.0000,0.0,0.0,0.1900,65.2,87.7,0.490,0,0,0,0,,,,,905,394,,,,,CIP2A___ACTR2_unrelaxed_rank_001_alphafold2_multimer_v3_model_4_seed_000.pdb
CIP2A___ACTR2,2,1,A,B,0.0000,0.0,0.0,0.0000,0.1619,0.0000,0.0000,0.0,0.0,0.1800,67.7,85.4,0.470,0,0,0,0,,,,,905,394,,,,,CIP2A___ACTR2_unrelaxed_rank_002_alphafold2_multimer_v3_model_1_seed_000.pdb
CIP2A___ACTR2,3,2,A,B,0.0000,0.0,0.0,0.0000,0.1637,0.0000,0.0000,0.0,0.0,0.1800,70.6,88.7,0.480,0,0,0,0,,,,,905,394,,,,,CIP2A___ACTR2_unrelaxed_rank_003_alphafold2_multimer_v3_model_2_seed_000.pdb
CIP2A___ACTR2,4,3,A,B,0.0000,0.0,0.0,0.0000,0.1580,0.0000,0.0000,0.0,0.0,0.1700,68.5,88.0,0.480,0,0,0,0,,,,,905,394,,,,,CIP2A___ACTR2_unrelaxed_rank_004_alphafold2_multimer_v3_model_3_seed_000.pdb
CIP2A___ACTR2,5,5,A,B,0.0000,0.0,0.0,0.0000,0.1462,0.0000,0.0000,0.0,0.0,0.1600,68.8,88.0,0.480,0,0,0,0,,,,,905,394,,,,,CIP2A___ACTR2_unrelaxed_rank_005_alphafold2_multimer_v3_model_5_seed_000.pdb
CIP2A___PDXDC1,1,4,A,B,0.0625,226.8,14.2,0.0144,0.6403,0.0594,0.0657,1225.0,42.0,0.2900,64.4,67.1,0.420,210,16,15,11,86.9,47.4,77.2,46.3,905,788,"[60,72,74,76-77,79-82,90,101,103-105,107,117-129,141,143-152,159-182,186-215,226,229,232-243,249-274,276-288,293-320,343-348,360-372,374,412-425,484-485]",[609-624],"[193-195,197-199,202,205,233-234,236-237,240-241,243]","[609-610,612-617,620-621,624]",CIP2A___PDXDC1_unrelaxed_rank_001_alphafold2_multimer_v3_model_4_seed_000.pdb
CIP2A___PDXDC1,2,2,A,B,0.0000,0.0,0.0,0.0000,0.4229,0.0000,0.0000,0.0,0.0,0.2600,68.2,67.1,0.420,0,0,0,0,,,,,905,788,,,,,CIP2A___PDXDC1_unrelaxed_rank_002_alphafold2_multimer_v3_model_2_seed_000.pdb
CIP2A___PDXDC1,3,1,A,B,0.0000,0.0,0.0,0.0000,0.5017,0.0142,0.0000,2.0,0.0,0.2400,65.6,65.5,0.420,2,2,0,0,77.7,42.8,,,905,788,"[194,241]","[613,617]",,,CIP2A___PDXDC1_unrelaxed_rank_003_alphafold2_multimer_v3_model_1_seed_000.pdb
CIP2A___PDXDC1,4,3,A,B,0.0000,0.0,0.0,0.0000,0.4708,0.0000,0.0000,0.0,0.0,0.2100,63.7,66.5,0.410,0,0,0,0,,,,,905,788,,,,,CIP2A___PDXDC1_unrelaxed_rank_004_alphafold2_multimer_v3_model_3_seed_000.pdb
CIP2A___PDXDC1,5,5,A,B,0.0000,0.0,0.0,0.0000,0.1739,0.0000,0.0000,0.0,0.0,0.1900,66.1,66.7,0.430,0,0,0,0,,,,,905,788,,,,,CIP2A___PDXDC1_unrelaxed_rank_005_alphafold2_multimer_v3_model_5_seed_000.pdb
CIP2A___STIP1,1,1,A,B,0.0000,0.0,0.0,0.0000,0.4447,0.0000,0.0000,0.0,0.0,0.2200,70.7,70.0,0.460,0,0,0,0,,,,,905,543,,,,,CIP2A___STIP1_unrelaxed_rank_001_alphafold2_multimer_v3_model_1_seed_000.pdb
CIP2A___STIP1,2,3,A,B,0.0000,0.0,0.0,0.0000,0.2949,0.0000,0.0000,0.0,0.0,0.2100,65.3,72.6,0.460,0,0,0,0,,,,,905,543,,,,,CIP2A___STIP1_unrelaxed_rank_002_alphafold2_multimer_v3_model_3_seed_000.pdb
CIP2A___STIP1,3,2,A,B,0.0000,0.0,0.0,0.0000,0.2161,0.0000,0.0000,0.0,0.0,0.1800,70.8,74.3,0.460,0,0,0,0,,,,,905,543,,,,,CIP2A___STIP1_unrelaxed_rank_003_alphafold2_multimer_v3_model_2_seed_000.pdb
CIP2A___STIP1,4,5,A,B,0.0000,0.0,0.0,0.0000,0.1915,0.0000,0.0000,0.0,0.0,0.1800,70.3,74.8,0.450,0,0,0,0,,,,,905,543,,,,,CIP2A___STIP1_unrelaxed_rank_004_alphafold2_multimer_v3_model_5_seed_000.pdb
CIP2A___STIP1,5,4,A,B,0.0000,0.0,0.0,0.0000,0.2055,0.0000,0.0000,0.0,0.0,0.1800,65.6,72.2,0.450,0,0,0,0,,,,,905,543,,,,,CIP2A___STIP1_unrelaxed_rank_005_alphafold2_multimer_v3_model_4_seed_000.pdb
EDC3___ATXN2L,1,2,A,B,0.1962,735.1,144.3,0.0213,0.8887,0.1550,0.2485,6004.0,90.0,0.3500,64.7,26.0,0.320,305,47,32,19,90.2,54.9,85.7,48.7,508,1075,"[1-68,259-264,268-330,333-371,375-446,452-508]","[236-266,268,270,540,542-554]","[1,5,33,35,56-57,59,62,64,67,314-315,318-319,403,407,436-439,454-457,472-473,475,499-500,502-504]","[237-243,245,247-251,255,545,548-549,552,554]",EDC3___ATXN2L_unrelaxed_rank_001_alphafold2_multimer_v3_model_2_seed_000.pdb
EDC3___ATXN2L,2,5,A,B,0.0488,121.3,5.9,0.0144,0.6281,0.0493,0.0484,817.0,18.0,0.3200,63.6,26.4,0.310,226,24,14,10,92.1,43.8,87.1,43.9,508,1075,"[6,8-14,19-32,34-42,45-46,50-56,58-65,261-262,270-275,277-323,325,334-341,345-350,352-367,378-388,392-393,398,404-410,422-434,436-443,453-461,463-467,470-498,500-506]","[238-253,545-552]","[56,59,61-62,64,315,318-319,436-437,456-457,473,504]","[241-243,246,249,252,545,548-549,552]",EDC3___ATXN2L_unrelaxed_rank_002_alphafold2_multimer_v3_model_5_seed_000.pdb
EDC3___ATXN2L,3,3,A,B,0.0623,74.5,4.6,0.0121,0.6334,0.0622,0.0625,370.0,15.0,0.2400,62.4,24.6,0.310,59,11,9,4,78.0,38.2,73.1,40.3,508,1075,"[5-16,18-47,49-56,58-66]",[544-554],"[5,8,28,30,33,56,59,62,64]","[545,548-549,552]",EDC3___ATXN2L_unrelaxed_rank_003_alphafold2_multimer_v3_model_3_seed_000.pdb
EDC3___ATXN2L,4,1,A,B,0.0387,35.5,1.4,0.0107,0.5642,0.0345,0.0434,140.0,9.0,0.2100,63.7,24.0,0.290,44,10,4,5,80.3,37.0,75.0,36.0,508,1075,"[5-14,20-30,32-39,41-42,50-56,59,61-65]",[545-554],"[33,56,62,64]","[545,549,552-554]",EDC3___ATXN2L_unrelaxed_rank_004_alphafold2_multimer_v3_model_1_seed_000.pdb
EDC3___ATXN2L,5,4,A,B,0.0480,49.2,2.4,0.0117,0.5668,0.0507,0.0454,202.0,12.0,0.2100,61.8,23.3,0.290,54,9,6,4,75.4,41.0,69.5,39.5,508,1075,"[4-16,19-39,41-42,45-46,50-56,58-66]",[544-552],"[5,33,56,59,62,64]","[545,548-549,552]",EDC3___ATXN2L_unrelaxed_rank_005_alphafold2_multimer_v3_model_4_seed_000.pdb
EPB41___ACTR2,1,5,A,B,0.4508,4972.2,2241.3,0.6625,0.9691,0.3770,0.5389,211310.0,117.0,0.8300,48.4,91.9,0.600,335,394,28,24,88.6,91.9,82.8,81.5,864,394,[206-540],[1-394],"[405-407,418,422,430-436,451-458,461,463-464,487-490,515]","[113,115,117,120,140,170-171,173-177,289-293,386-387,389-391,393-394]",EPB41___ACTR2_unrelaxed_rank_001_alphafold2_multimer_v3_model_5_seed_000.pdb
EPB41___ACTR2,2,4,A,B,0.0000,0.0,0.0,0.0000,0.3614,0.0000,0.0000,0.0,0.0,0.2900,44.9,85.8,0.400,0,0,0,0,,,,,864,394,,,,,EPB41___ACTR2_unrelaxed_rank_002_alphafold2_multimer_v3_model_4_seed_000.pdb
EPB41___ACTR2,3,2,A,B,0.0000,0.0,0.0,0.0000,0.2473,0.0000,0.0000,0.0,0.0,0.2500,45.5,88.8,0.410,0,0,0,0,,,,,864,394,,,,,EPB41___ACTR2_unrelaxed_rank_003_alphafold2_multimer_v3_model_2_seed_000.pdb
EPB41___ACTR2,4,3,A,B,0.0000,0.0,0.0,0.0000,0.2058,0.0000,0.0000,0.0,0.0,0.2300,46.5,87.7,0.400,0,0,0,0,,,,,864,394,,,,,EPB41___ACTR2_unrelaxed_rank_004_alphafold2_multimer_v3_model_3_seed_000.pdb
EPB41___ACTR2,5,1,A,B,0.0000,0.0,0.0,0.0000,0.2019,0.0000,0.0000,0.0,0.0,0.2200,46.7,84.6,0.390,0,0,0,0,,,,,864,394,,,,,EPB41___ACTR2_unrelaxed_rank_005_alphafold2_multimer_v3_model_1_seed_000.pdb
GNAS___PDXDC1,1,2,A,B,0.0530,124.2,6.6,0.0137,0.6959,0.0419,0.0670,593.0,26.0,0.4000,40.0,71.6,0.470,121,31,12,9,88.1,65.5,77.6,57.4,1037,788,"[687-690,696-705,740,743-744,747-748,751,797,802,805-806,817,820-821,841,862,887-889,891-892,895-896,898-900,906,908-928,930-937,939-945,949-958,960-962,964,973-995,1002-1004,1006,1010-1012,1014]","[43-55,57,59-61,63-69,71-77]","[917-918,920-923,957,960,990-991,993-994]","[46-50,53,72,74-75]",GNAS___PDXDC1_unrelaxed_rank_001_alphafold2_multimer_v3_model_2_seed_000.pdb
GNAS___PDXDC1,2,1,A,B,0.0139,2.6,0.0,0.0000,0.5238,0.0128,0.0150,7.0,1.0,0.3300,38.8,69.7,0.430,7,3,1,1,89.1,59.4,80.8,56.2,1037,788,"[932,957,976,982-983,988,991]",[47-49],[991],[47],GNAS___PDXDC1_unrelaxed_rank_002_alphafold2_multimer_v3_model_1_seed_000.pdb
GNAS___PDXDC1,3,4,A,B,0.0000,0.0,0.0,0.0000,0.1969,0.0000,0.0000,0.0,0.0,0.1900,37.4,68.2,0.410,0,0,0,0,,,,,1037,788,,,,,GNAS___PDXDC1_unrelaxed_rank_003_alphafold2_multimer_v3_model_4_seed_000.pdb
GNAS___PDXDC1,4,5,A,B,0.0000,0.0,0.0,0.0000,0.1942,0.0000,0.0000,0.0,0.0,0.1800,39.4,68.6,0.420,0,0,0,0,,,,,1037,788,,,,,GNAS___PDXDC1_unrelaxed_rank_004_alphafold2_multimer_v3_model_5_seed_000.pdb
GNAS___PDXDC1,5,3,A,B,0.0000,0.0,0.0,0.0000,0.1763,0.0000,0.0000,0.0,0.0,0.1800,39.8,68.8,0.410,0,0,0,0,,,,,1037,788,,,,,GNAS___PDXDC1_unrelaxed_rank_005_alphafold2_multimer_v3_model_3_seed_000.pdb
MARS2___ASPH,1,3,A,B,0.0000,0.0,0.0,0.0000,0.4134,0.0008,0.0000,1.0,0.0,0.2300,84.3,58.4,0.470,1,1,0,0,25.5,91.6,,,593,758,[22],[445],,,MARS2___ASPH_unrelaxed_rank_001_alphafold2_multimer_v3_model_3_seed_000.pdb
MARS2___ASPH,2,4,A,B,0.0000,0.0,0.0,0.0000,0.3566,0.0000,0.0000,0.0,0.0,0.1800,83.4,56.6,0.480,0,0,0,0,,,,,593,758,,,,,MARS2___ASPH_unrelaxed_rank_002_alphafold2_multimer_v3_model_4_seed_000.pdb
MARS2___ASPH,3,2,A,B,0.0000,0.0,0.0,0.0000,0.1692,0.0000,0.0000,0.0,0.0,0.1700,84.1,60.1,0.470,0,0,0,0,,,,,593,758,,,,,MARS2___ASPH_unrelaxed_rank_003_alphafold2_multimer_v3_model_2_seed_000.pdb
MARS2___ASPH,4,5,A,B,0.0000,0.0,0.0,0.0000,0.1603,0.0000,0.0000,0.0,0.0,0.1600,85.0,58.7,0.480,0,0,0,0,,,,,593,758,,,,,MARS2___ASPH_unrelaxed_rank_004_alphafold2_multimer_v3_model_5_seed_000.pdb
MARS2___ASPH,5,1,A,B,0.0000,0.0,0.0,0.0000,0.1829,0.0000,0.0000,0.0,0.0,0.1600,84.0,59.2,0.480,0,0,0,0,,,,,593,758,,,,,MARS2___ASPH_unrelaxed_rank_005_alphafold2_multimer_v3_model_1_seed_000.pdb
MRPL12___PSMA2,1,4,A,B,0.0000,0.0,0.0,0.0000,0.1047,0.0000,0.0000,0.0,0.0,0.1100,47.3,86.4,0.520,0,0,0,0,,,,,198,234,,,,,MRPL12___PSMA2_unrelaxed_rank_001_alphafold2_multimer_v3_model_4_seed_000.pdb
MRPL12___PSMA2,2,3,A,B,0.0000,0.0,0.0,0.0000,0.0926,0.0000,0.0000,0.0,0.0,0.1100,46.6,85.8,0.520,0,0,0,0,,,,,198,234,,,,,MRPL12___PSMA2_unrelaxed_rank_002_alphafold2_multimer_v3_model_3_seed_000.pdb
MRPL12___PSMA2,3,5,A,B,0.0000,0.0,0.0,0.0000,0.0712,0.0000,0.0000,0.0,0.0,0.0900,41.7,85.0,0.500,0,0,0,0,,,,,198,234,,,,,MRPL12___PSMA2_unrelaxed_rank_003_alphafold2_multimer_v3_model_5_seed_000.pdb
MRPL12___PSMA2,4,1,A,B,0.0000,0.0,0.0,0.0000,0.0811,0.0000,0.0000,0.0,0.0,0.0900,46.3,87.1,0.510,0,0,0,0,,,,,198,234,,,,,MRPL12___PSMA2_unrelaxed_rank_004_alphafold2_multimer_v3_model_1_seed_000.pdb
MRPL12___PSMA2,5,2,A,B,0.0000,0.0,0.0,0.0000,0.0626,0.0000,0.0000,0.0,0.0,0.0900,49.6,85.2,0.500,0,0,0,0,,,,,198,234,,,,,MRPL12___PSMA2_unrelaxed_rank_005_alphafold2_multimer_v3_model_2_seed_000.pdb
MRPL12___SAFB,1,2,A,B,0.0000,0.0,0.0,0.0000,0.1210,0.0000,0.0000,0.0,0.0,0.1600,53.4,35.9,0.200,0,0,0,0,,,,,198,915,,,,,MRPL12___SAFB_unrelaxed_rank_001_alphafold2_multimer_v3_model_2_seed_000.pdb
MRPL12___SAFB,2,1,A,B,0.0000,0.0,0.0,0.0000,0.0000,0.0000,0.0000,0.0,0.0,0.1500,53.4,35.2,0.200,0,0,0,0,,,,,198,915,,,,,MRPL12___SAFB_unrelaxed_rank_002_alphafold2_multimer_v3_model_1_seed_000.pdb
MRPL12___SAFB,3,4,A,B,0.0000,0.0,0.0,0.0000,0.1116,0.0000,0.0000,0.0,0.0,0.1600,52.8,34.6,0.190,0,0,0,0,,,,,198,915,,,,,MRPL12___SAFB_unrelaxed_rank_003_alphafold2_multimer_v3_model_4_seed_000.pdb
MRPL12___SAFB,4,3,A,B,0.0000,0.0,0.0,0.0000,0.0000,0.0000,0.0000,0.0,0.0,0.1500,53.1,35.9,0.200,0,0,0,0,,,,,198,915,,,,,MRPL12___SAFB_unrelaxed_rank_004_alphafold2_multimer_v3_model_3_seed_000.pdb
MRPL12___SAFB,5,5,A,B,0.0000,0.0,0.0,0.0000,0.1237,0.0000,0.0000,0.0,0.0,0.1400,50.5,35.5,0.190,0,0,0,0,,,,,198,915,,,,,MRPL12___SAFB_unrelaxed_rank_005_alphafold2_multimer_v3_model_5_seed_000.pdb
MRPL12___XRN2,1,3,A,B,0.0000,0.0,0.0,0.0000,0.1537,0.0000,0.0000,0.0,0.0,0.1800,36.4,72.2,0.650,0,0,0,0,,,,,198,950,,,,,MRPL12___XRN2_unrelaxed_rank_001_alphafold2_multimer_v3_model_3_seed_000.pdb
MRPL12___XRN2,2,2,A,B,0.0000,0.0,0.0,0.0000,0.1499,0.0000,0.0000,0.0,0.0,0.1700,34.9,73.1,0.650,0,0,0,0,,,,,198,950,,,,,MRPL12___XRN2_unrelaxed_rank_002_alphafold2_multimer_v3_model_2_seed_000.pdb
MRPL12___XRN2,3,5,A,B,0.0000,0.0,0.0,0.0000,0.1528,0.0000,0.0000,0.0,0.0,0.1600,35.7,73.1,0.650,0,0,0,0,,,,,198,950,,,,,MRPL12___XRN2_unrelaxed_rank_003_alphafold2_multimer_v3_model_5_seed_000.pdb
MRPL12___XRN2,4,4,A,B,0.0000,0.0,0.0,0.0000,0.2003,0.0000,0.0000,0.0,0.0,0.1600,38.2,73.1,0.650,0,0,0,0,,,,,198,950,,,,,MRPL12___XRN2_unrelaxed_rank_004_alphafold2_multimer_v3_model_4_seed_000.pdb
MRPL12___XRN2,5,1,A,B,0.0000,0.0,0.0,0.0000,0.1494,0.0000,0.0000,0.0,0.0,0.1500,33.0,72.8,0.640,0,0,0,0,,,,,198,950,,,,,MRPL12___XRN2_unrelaxed_rank_005_alphafold2_multimer_v3_model_1_seed_000.pdb
PSMA4___ACTR2,1,5,A,B,0.0000,0.0,0.0,0.0000,0.1439,0.0000,0.0000,0.0,0.0,0.1600,67.2,88.1,0.620,0,0,0,0,,,,,261,394,,,,,PSMA4___ACTR2_unrelaxed_rank_001_alphafold2_multimer_v3_model_5_seed_000.pdb
PSMA4___ACTR2,2,4,A,B,0.0000,0.0,0.0,0.0000,0.1330,0.0000,0.0000,0.0,0.0,0.1600,69.0,87.5,0.610,0,0,0,0,,,,,261,394,,,,,PSMA4___ACTR2_unrelaxed_rank_002_alphafold2_multimer_v3_model_4_seed_000.pdb
PSMA4___ACTR2,3,1,A,B,0.0000,0.0,0.0,0.0000,0.1372,0.0000,0.0000,0.0,0.0,0.1500,67.5,86.4,0.600,0,0,0,0,,,,,261,394,,,,,PSMA4___ACTR2_unrelaxed_rank_003_alphafold2_multimer_v3_model_1_seed_000.pdb
PSMA4___ACTR2,4,3,A,B,0.0000,0.0,0.0,0.0000,0.1228,0.0000,0.0000,0.0,0.0,0.1400,74.4,88.2,0.610,0,0,0,0,,,,,261,394,,,,,PSMA4___ACTR2_unrelaxed_rank_004_alphafold2_multimer_v3_model_3_seed_000.pdb
PSMA4___ACTR2,5,2,A,B,0.0000,0.0,0.0,0.0000,0.1213,0.0000,0.0000,0.0,0.0,0.1500,78.8,89.3,0.600,0,0,0,0,,,,,261,394,,,,,PSMA4___ACTR2_unrelaxed_rank_005_alphafold2_multimer_v3_model_2_seed_000.pdb
SNRPC___ACTR2,1,2,A,B,0.0000,0.0,0.0,0.0000,0.1680,0.0000,0.0000,0.0,0.0,0.1800,29.0,90.3,0.690,0,0,0,0,,,,,159,394,,,,,SNRPC___ACTR2_unrelaxed_rank_001_alphafold2_multimer_v3_model_2_seed_000.pdb
SNRPC___ACTR2,2,3,A,B,0.0000,0.0,0.0,0.0000,0.1876,0.0000,0.0000,0.0,0.0,0.1700,30.3,91.8,0.700,0,0,0,0,,,,,159,394,,,,,SNRPC___ACTR2_unrelaxed_rank_002_alphafold2_multimer_v3_model_3_seed_000.pdb
SNRPC___ACTR2,3,4,A,B,0.0000,0.0,0.0,0.0000,0.2187,0.0000,0.0000,0.0,0.0,0.1700,30.3,90.9,0.690,0,0,0,0,,,,,159,394,,,,,SNRPC___ACTR2_unrelaxed_rank_003_alphafold2_multimer_v3_model_4_seed_000.pdb
SNRPC___ACTR2,4,1,A,B,0.0000,0.0,0.0,0.0000,0.2217,0.0000,0.0000,0.0,0.0,0.1600,30.1,89.5,0.680,0,0,0,0,,,,,159,394,,,,,SNRPC___ACTR2_unrelaxed_rank_004_alphafold2_multimer_v3_model_1_seed_000.pdb
SNRPC___ACTR2,5,5,A,B,0.0000,0.0,0.0,0.0000,0.1486,0.0000,0.0000,0.0,0.0,0.1600,29.7,91.7,0.690,0,0,0,0,,,,,159,394,,,,,SNRPC___ACTR2_unrelaxed_rank_005_alphafold2_multimer_v3_model_5_seed_000.pdb
SNRPC___ASPH,1,5,A,B,0.0509,562.3,28.6,0.0136,0.5226,0.0492,0.0526,6081.0,52.0,0.3100,28.9,61.9,0.530,26,417,17,32,26.2,94.2,26.4,82.7,159,758,"[97-109,138-150]","[334-604,612-696,698-758]","[98-107,139,141,143,145-148]","[389-390,392-394,398,431-432,434,462,465-468,470,473,493,496,500,521,524,526,529-530,533,562,564,617,680-682,758]",SNRPC___ASPH_unrelaxed_rank_001_alphafold2_multimer_v3_model_5_seed_000.pdb
SNRPC___ASPH,2,4,A,B,0.0353,196.1,6.9,0.0143,0.4334,0.0501,0.0249,3847.0,10.0,0.2600,26.1,61.1,0.520,24,409,6,8,41.5,93.4,43.5,74.4,159,758,"[4-11,13,21,24-26,29-38,154]","[334-540,542-604,617-618,620-696,699-758]","[6,9-10,25,33-34]","[432,466-467,565,682-683,756,758]",SNRPC___ASPH_unrelaxed_rank_002_alphafold2_multimer_v3_model_4_seed_000.pdb
SNRPC___ASPH,3,1,A,B,0.0096,43.6,0.4,0.0000,0.4215,0.0113,0.0082,272.0,7.0,0.2600,27.0,62.3,0.520,10,123,4,6,35.2,95.1,29.9,83.8,159,758,"[6,8-9,30,33-34,145-148]","[445,447-448,453-454,462,464-468,470,474,477,481-482,487-488,492,495-497,500-501,508,510-512,514-515,519-520,524,526-527,530-532,534-535,538,544,546-547,549,552,558-560,562,565-566,568,571,573,575-576,586-588,590-602,638,641,646-650,654,656,660,665,667,669,671,675-676,678,680,682-683,687,689-695,703-704,716,718-720,723,725,727-728,734,736-738,740,742,744-746,748,750,757]","[9,146-148]","[462,465,500,524,526,757]",SNRPC___ASPH_unrelaxed_rank_003_alphafold2_multimer_v3_model_1_seed_000.pdb
SNRPC___ASPH,4,3,A,B,0.0289,115.0,3.3,0.0126,0.4121,0.0298,0.0281,1654.0,8.0,0.2500,26.6,61.6,0.520,15,382,4,7,31.2,94.2,24.4,82.7,159,758,"[6,8-9,30,33,140-149]","[334-335,337-339,341-342,344-350,352,358-372,374-392,394-411,414-433,435-437,439-524,526-528,530-581,583-603,614,620-622,624-626,628-631,633,636-662,664-696,699-731,733-755,757-758]",[145-148],"[465-466,500,526,564-565,682]",SNRPC___ASPH_unrelaxed_rank_004_alphafold2_multimer_v3_model_3_seed_000.pdb
SNRPC___ASPH,5,2,A,B,0.0000,0.0,0.0,0.0000,0.3954,0.0069,0.0000,9.0,0.0,0.2500,27.9,62.7,0.520,5,7,0,0,42.1,98.5,,,159,758,"[6,8,30,34,155]","[559,587,591,594,598,647,718]",,,SNRPC___ASPH_unrelaxed_rank_005_alphafold2_multimer_v3_model_2_seed_000.pdb
TXLNA___PPIB,1,1,A,B,0.0000,0.0,0.0,0.0000,0.0000,0.0000,0.0000,0.0,0.0,0.1300,49.2,84.5,0.310,0,0,0,0,,,,,546,216,,,,,TXLNA___PPIB_unrelaxed_rank_001_alphafold2_multimer_v3_model_1_seed_000.pdb
TXLNA___PPIB,2,4,A,B,0.0000,0.0,0.0,0.0000,0.0000,0.0000,0.0000,0.0,0.0,0.1300,48.7,85.3,0.310,0,0,0,0,,,,,546,216,,,,,TXLNA___PPIB_unrelaxed_rank_002_alphafold2_multimer_v3_model_4_seed_000.pdb
TXLNA___PPIB,3,5,A,B,0.0000,0.0,0.0,0.0000,0.0000,0.0000,0.0000,0.0,0.0,0.1200,57.4,85.6,0.310,0,0,0,0,,,,,546,216,,,,,TXLNA___PPIB_unrelaxed_rank_003_alphafold2_multimer_v3_model_5_seed_000.pdb
TXLNA___PPIB,4,3,A,B,0.0000,0.0,0.0,0.0000,0.1161,0.0000,0.0000,0.0,0.0,0.1200,59.0,85.4,0.310,0,0,0,0,,,,,546,216,,,,,TXLNA___PPIB_unrelaxed_rank_004_alphafold2_multimer_v3_model_3_seed_000.pdb
TXLNA___PPIB,5,2,A,B,0.0000,0.0,0.0,0.0000,0.0000,0.0000,0.0000,0.0,0.0,0.1200,53.3,84.6,0.310,0,0,0,0,,,,,546,216,,,,,TXLNA___PPIB_unrelaxed_rank_005_alphafold2_multimer_v3_model_2_seed_000.pdb
TXLNA___XRN2,1,3,A,B,0.0000,0.0,0.0,0.0000,0.1900,0.0000,0.0000,0.0,0.0,0.2100,40.7,71.0,0.530,0,0,0,0,,,,,546,950,,,,,TXLNA___XRN2_unrelaxed_rank_001_alphafold2_multimer_v3_model_3_seed_000.pdb
TXLNA___XRN2,2,5,A,B,0.0000,0.0,0.0,0.0000,0.2131,0.0000,0.0000,0.0,0.0,0.2000,38.1,71.9,0.540,0,0,0,0,,,,,546,950,,,,,TXLNA___XRN2_unrelaxed_rank_002_alphafold2_multimer_v3_model_5_seed_000.pdb
TXLNA___XRN2,3,1,A,B,0.0000,0.0,0.0,0.0000,0.1976,0.0000,0.0000,0.0,0.0,0.1700,35.0,70.8,0.530,0,0,0,0,,,,,546,950,,,,,TXLNA___XRN2_unrelaxed_rank_003_alphafold2_multimer_v3_model_1_seed_000.pdb
TXLNA___XRN2,4,4,A,B,0.0000,0.0,0.0,0.0000,0.1843,0.0000,0.0000,0.0,0.0,0.1600,31.8,71.9,0.530,0,0,0,0,,,,,546,950,,,,,TXLNA___XRN2_unrelaxed_rank_004_alphafold2_multimer_v3_model_4_seed_000.pdb
TXLNA___XRN2,5,2,A,B,0.0000,0.0,0.0,0.0000,0.1688,0.0000,0.0000,0.0,0.0,0.1600,37.7,71.6,0.530,0,0,0,0,,,,,546,950,,,,,TXLNA___XRN2_unrelaxed_rank_005_alphafold2_multimer_v3_model_2_seed_000.pdb
TXN___XRN2,1,3,A,B,0.0000,0.0,0.0,0.0000,0.2114,0.0000,0.0000,0.0,0.0,0.2400,77.2,69.8,0.680,0,0,0,0,,,,,105,950,,,,,TXN___XRN2_unrelaxed_rank_001_alphafold2_multimer_v3_model_3_seed_000.pdb
TXN___XRN2,2,2,A,B,0.0000,0.0,0.0,0.0000,0.1873,0.0000,0.0000,0.0,0.0,0.2200,71.7,70.4,0.690,0,0,0,0,,,,,105,950,,,,,TXN___XRN2_unrelaxed_rank_002_alphafold2_multimer_v3_model_2_seed_000.pdb
TXN___XRN2,3,5,A,B,0.0000,0.0,0.0,0.0000,0.2011,0.0000,0.0000,0.0,0.0,0.2000,79.9,70.8,0.690,0,0,0,0,,,,,105,950,,,,,TXN___XRN2_unrelaxed_rank_003_alphafold2_multimer_v3_model_5_seed_000.pdb
TXN___XRN2,4,4,A,B,0.0000,0.0,0.0,0.0000,0.1866,0.0000,0.0000,0.0,0.0,0.1900,72.6,70.7,0.680,0,0,0,0,,,,,105,950,,,,,TXN___XRN2_unrelaxed_rank_004_alphafold2_multimer_v3_model_4_seed_000.pdb
TXN___XRN2,5,1,A,B,0.0000,0.0,0.0,0.0000,0.1595,0.0000,0.0000,0.0,0.0,0.1700,71.7,69.3,0.670,0,0,0,0,,,,,105,950,,,,,TXN___XRN2_unrelaxed_rank_005_alphafold2_multimer_v3_model_1_seed_000.pdb
XPNPEP1___PPIB,1,2,A,B,0.0000,0.0,0.0,0.0000,0.1493,0.0000,0.0000,0.0,0.0,0.1900,93.3,77.5,0.740,0,0,0,0,,,,,623,216,,,,,XPNPEP1___PPIB_unrelaxed_rank_001_alphafold2_multimer_v3_model_2_seed_000.pdb
XPNPEP1___PPIB,2,4,A,B,0.0000,0.0,0.0,0.0000,0.1678,0.0000,0.0000,0.0,0.0,0.1900,92.8,74.8,0.740,0,0,0,0,,,,,623,216,,,,,XPNPEP1___PPIB_unrelaxed_rank_002_alphafold2_multimer_v3_model_4_seed_000.pdb
XPNPEP1___PPIB,3,3,A,B,0.0000,0.0,0.0,0.0000,0.1556,0.0000,0.0000,0.0,0.0,0.1800,93.2,76.5,0.740,0,0,0,0,,,,,623,216,,,,,XPNPEP1___PPIB_unrelaxed_rank_003_alphafold2_multimer_v3_model_3_seed_000.pdb
XPNPEP1___PPIB,4,1,A,B,0.0000,0.0,0.0,0.0000,0.1446,0.0000,0.0000,0.0,0.0,0.1700,93.3,76.3,0.740,0,0,0,0,,,,,623,216,,,,,XPNPEP1___PPIB_unrelaxed_rank_004_alphafold2_multimer_v3_model_1_seed_000.pdb
XPNPEP1___PPIB,5,5,A,B,0.0000,0.0,0.0,0.0000,0.1408,0.0000,0.0000,0.0,0.0,0.1500,93.7,77.5,0.740,0,0,0,0,,,,,623,216,,,,,XPNPEP1___PPIB_unrelaxed_rank_005_alphafold2_multimer_v3_model_5_seed_000.pdb
XRN2___PSMA2,1,2,A,B,0.0000,0.0,0.0,0.0000,0.2774,0.0000,0.0000,0.0,0.0,0.3100,70.7,76.4,0.660,0,0,0,0,,,,,950,234,,,,,XRN2___PSMA2_unrelaxed_rank_001_alphafold2_multimer_v3_model_2_seed_000.pdb
XRN2___PSMA2,2,1,A,B,0.0000,0.0,0.0,0.0000,0.2952,0.0000,0.0000,0.0,0.0,0.2900,70.8,75.7,0.650,0,0,0,0,,,,,950,234,,,,,XRN2___PSMA2_unrelaxed_rank_002_alphafold2_multimer_v3_model_1_seed_000.pdb
XRN2___PSMA2,3,3,A,B,0.0000,0.0,0.0,0.0000,0.1951,0.0000,0.0000,0.0,0.0,0.2700,68.9,72.4,0.640,0,0,0,0,,,,,950,234,,,,,XRN2___PSMA2_unrelaxed_rank_003_alphafold2_multimer_v3_model_3_seed_000.pdb
XRN2___PSMA2,4,5,A,B,0.0000,0.0,0.0,0.0000,0.2167,0.0000,0.0000,0.0,0.0,0.2500,70.4,75.9,0.650,0,0,0,0,,,,,950,234,,,,,XRN2___PSMA2_unrelaxed_rank_004_alphafold2_multimer_v3_model_5_seed_000.pdb
XRN2___PSMA2,5,4,A,B,0.0000,0.0,0.0,0.0000,0.2289,0.0000,0.0000,0.0,0.0,0.2500,69.9,65.2,0.640,0,0,0,0,,,,,950,234,,,,,XRN2___PSMA2_unrelaxed_rank_005_alphafold2_multimer_v3_model_4_seed_000.pdb
CIP2A___ALDH1L2,1,1,A,B,0.0000,0.0,0.0,0.0000,0.2857,0.0000,0.0000,0.0,0.0,0.2100,66.9,88.0,0.410,0,0,0,0,,,,,905,923,,,,,CIP2A___ALDH1L2_unrelaxed_rank_001_alphafold2_multimer_v3_model_1_seed_000.pdb
CIP2A___ALDH1L2,2,4,A,B,0.0000,0.0,0.0,0.0000,0.2900,0.0000,0.0000,0.0,0.0,0.1900,64.3,88.3,0.410,0,0,0,0,,,,,905,923,,,,,CIP2A___ALDH1L2_unrelaxed_rank_002_alphafold2_multimer_v3_model_4_seed_000.pdb
CIP2A___ALDH1L2,3,3,A,B,0.0000,0.0,0.0,0.0000,0.2454,0.0000,0.0000,0.0,0.0,0.1900,64.1,87.7,0.420,0,0,0,0,,,,,905,923,,,,,CIP2A___ALDH1L2_unrelaxed_rank_003_alphafold2_multimer_v3_model_3_seed_000.pdb
CIP2A___ALDH1L2,4,5,A,B,0.0000,0.0,0.0,0.0000,0.1993,0.0000,0.0000,0.0,0.0,0.1800,64.1,87.2,0.410,0,0,0,0,,,,,905,923,,,,,CIP2A___ALDH1L2_unrelaxed_rank_004_alphafold2_multimer_v3_model_5_seed_000.pdb
CIP2A___ALDH1L2,5,2,A,B,0.0000,0.0,0.0,0.0000,0.0000,0.0000,0.0000,0.0,0.0,0.1700,66.0,88.7,0.410,0,0,0,0,,,,,905,923,,,,,CIP2A___ALDH1L2_unrelaxed_rank_005_alphafold2_multimer_v3_model_2_seed_000.pdb
EDC3___PPP1R10,1,2,A,B,0.1195,436.0,52.1,0.0191,0.7320,0.0954,0.1497,2678.0,71.0,0.3300,63.5,31.5,0.310,279,27,24,15,89.6,45.1,77.4,46.2,508,940,"[1-68,260-263,270-328,335-369,376-394,396-400,402-411,420-434,436-445,453-467,469-507]","[287-297,425-440]","[1-2,4-5,28,30,33,35,56,59,62,64,315,318-319,321-324,457,473,500,502,504]","[288,291-292,294-297,426,428-430,432-433,436,439]",EDC3___PPP1R10_unrelaxed_rank_001_alphafold2_multimer_v3_model_2_seed_000.pdb
EDC3___PPP1R10,2,1,A,B,0.1877,179.7,33.7,0.0216,0.7514,0.1339,0.2632,873.0,37.0,0.2600,63.2,31.0,0.310,14,129,8,11,61.4,86.6,59.3,80.8,508,940,"[8,187-195,318-319,473,499]","[12,16,18-19,22-25,28-40,42-147,295,497]","[188,190-194,318-319]","[105,108-109,114-115,118,137,140-141,144,497]",EDC3___PPP1R10_unrelaxed_rank_002_alphafold2_multimer_v3_model_1_seed_000.pdb
EDC3___PPP1R10,3,5,A,B,0.0000,0.0,0.0,0.0000,0.3508,0.0000,0.0000,0.0,0.0,0.2300,62.8,30.9,0.300,0,0,0,0,,,,,508,940,,,,,EDC3___PPP1R10_unrelaxed_rank_003_alphafold2_multimer_v3_model_5_seed_000.pdb
EDC3___PPP1R10,4,3,A,B,0.0203,20.1,0.4,0.0000,0.4616,0.0189,0.0218,135.0,3.0,0.2100,61.9,31.3,0.320,93,6,3,2,89.2,38.9,64.9,42.0,508,940,"[7-11,20,22,24-25,28,30,37,39,41,43,46,49,52,59-64,284,288,301-306,314,316,336-340,344-349,351,356-358,360,362-367,372,375,378,381-382,384-387,391-392,396,405-407,410,419,421,423-434,439-440,456-458,485-486]","[930-933,935-936]","[49,52,372]",[930-931],EDC3___PPP1R10_unrelaxed_rank_004_alphafold2_multimer_v3_model_3_seed_000.pdb
EDC3___PPP1R10,5,4,A,B,0.0000,0.0,0.0,0.0000,0.3210,0.0000,0.0000,0.0,0.0,0.1900,61.6,31.1,0.300,0,0,0,0,,,,,508,940,,,,,EDC3___PPP1R10_unrelaxed_rank_005_alphafold2_multimer_v3_model_4_seed_000.pdb
GNAI3___CIP2A,1,3,A,B,0.0000,0.0,0.0,0.0000,0.3473,0.0000,0.0000,0.0,0.0,0.3600,82.4,68.8,0.480,0,0,0,0,,,,,354,905,,,,,GNAI3___CIP2A_unrelaxed_rank_001_alphafold2_multimer_v3_model_3_seed_000.pdb
GNAI3___CIP2A,2,4,A,B,0.0000,0.0,0.0,0.0000,0.2266,0.0000,0.0000,0.0,0.0,0.2200,82.2,67.0,0.490,0,0,0,0,,,,,354,905,,,,,GNAI3___CIP2A_unrelaxed_rank_002_alphafold2_multimer_v3_model_4_seed_000.pdb
GNAI3___CIP2A,3,2,A,B,0.0000,0.0,0.0,0.0000,0.2343,0.0000,0.0000,0.0,0.0,0.2100,77.9,70.2,0.490,0,0,0,0,,,,,354,905,,,,,GNAI3___CIP2A_unrelaxed_rank_003_alphafold2_multimer_v3_model_2_seed_000.pdb
GNAI3___CIP2A,4,1,A,B,0.0000,0.0,0.0,0.0000,0.2272,0.0000,0.0000,0.0,0.0,0.2000,80.3,69.5,0.490,0,0,0,0,,,,,354,905,,,,,GNAI3___CIP2A_unrelaxed_rank_004_alphafold2_multimer_v3_model_1_seed_000.pdb
GNAI3___CIP2A,5,5,A,B,0.0000,0.0,0.0,0.0000,0.1538,0.0000,0.0000,0.0,0.0,0.1600,84.9,69.6,0.480,0,0,0,0,,,,,354,905,,,,,GNAI3___CIP2A_unrelaxed_rank_005_alphafold2_multimer_v3_model_5_seed_000.pdb
GNAS___TXLNA,1,4,A,B,0.0105,19.3,0.2,0.0115,0.5296,0.0221,0.0050,371.0,1.0,0.2200,40.5,35.6,0.340,117,9,1,1,90.9,45.0,79.8,45.2,1037,546,"[685-691,696,698-705,738,741-742,770-771,774,789-790,793,796,802,839-842,851-855,860-862,864-865,870-877,886-892,896-898,907-921,924-927,929-936,938-941,943,954-955,957,977-978,980-981,983-991,1003-1007,1010,1012,1014-1016]",[76-84],[877],[79],GNAS___TXLNA_unrelaxed_rank_001_alphafold2_multimer_v3_model_4_seed_000.pdb
GNAS___TXLNA,2,5,A,B,0.0000,0.0,0.0,0.0000,0.2480,0.0000,0.0000,0.0,0.0,0.1700,40.9,45.1,0.340,0,0,0,0,,,,,1037,546,,,,,GNAS___TXLNA_unrelaxed_rank_002_alphafold2_multimer_v3_model_5_seed_000.pdb
GNAS___TXLNA,3,1,A,B,0.0000,0.0,0.0,0.0000,0.1711,0.0000,0.0000,0.0,0.0,0.1700,40.4,42.0,0.330,0,0,0,0,,,,,1037,546,,,,,GNAS___TXLNA_unrelaxed_rank_003_alphafold2_multimer_v3_model_1_seed_000.pdb
GNAS___TXLNA,4,2,A,B,0.0000,0.0,0.0,0.0000,0.1663,0.0000,0.0000,0.0,0.0,0.1600,42.2,44.2,0.350,0,0,0,0,,,,,1037,546,,,,,GNAS___TXLNA_unrelaxed_rank_004_alphafold2_multimer_v3_model_2_seed_000.pdb
GNAS___TXLNA,5,3,A,B,0.0000,0.0,0.0,0.0000,0.2069,0.0000,0.0000,0.0,0.0,0.1600,41.4,47.5,0.340,0,0,0,0,,,,,1037,546,,,,,GNAS___TXLNA_unrelaxed_rank_005_alphafold2_multimer_v3_model_3_seed_000.pdb
MARS2___CIP2A,1,3,A,B,0.0000,0.0,0.0,0.0000,0.2357,0.0000,0.0000,0.0,0.0,0.2000,84.7,66.6,0.470,0,0,0,0,,,,,593,905,,,,,MARS2___CIP2A_unrelaxed_rank_001_alphafold2_multimer_v3_model_3_seed_000.pdb
MARS2___CIP2A,2,1,A,B,0.0000,0.0,0.0,0.0000,0.2569,0.0000,0.0000,0.0,0.0,0.2000,84.4,66.4,0.460,0,0,0,0,,,,,593,905,,,,,MARS2___CIP2A_unrelaxed_rank_002_alphafold2_multimer_v3_model_1_seed_000.pdb
MARS2___CIP2A,3,2,A,B,0.0000,0.0,0.0,0.0000,0.2526,0.0000,0.0000,0.0,0.0,0.2000,85.3,68.7,0.470,0,0,0,0,,,,,593,905,,,,,MARS2___CIP2A_unrelaxed_rank_003_alphafold2_multimer_v3_model_2_seed_000.pdb
MARS2___CIP2A,4,5,A,B,0.0000,0.0,0.0,0.0000,0.2134,0.0000,0.0000,0.0,0.0,0.1900,84.7,66.8,0.470,0,0,0,0,,,,,593,905,,,,,MARS2___CIP2A_unrelaxed_rank_004_alphafold2_multimer_v3_model_5_seed_000.pdb
MARS2___CIP2A,5,4,A,B,0.0000,0.0,0.0,0.0000,0.2000,0.0000,0.0000,0.0,0.0,0.1800,84.6,64.6,0.460,0,0,0,0,,,,,593,905,,,,,MARS2___CIP2A_unrelaxed_rank_005_alphafold2_multimer_v3_model_4_seed_000.pdb
MRPL12___EPB41,1,1,A,B,0.0000,0.0,0.0,0.0000,0.3559,0.0000,0.0000,0.0,0.0,0.2000,37.9,50.0,0.410,0,0,0,0,,,,,198,864,,,,,MRPL12___EPB41_unrelaxed_rank_001_alphafold2_multimer_v3_model_1_seed_000.pdb
MRPL12___EPB41,2,3,A,B,0.0000,0.0,0.0,0.0000,0.1867,0.0000,0.0000,0.0,0.0,0.1800,40.7,50.1,0.400,0,0,0,0,,,,,198,864,,,,,MRPL12___EPB41_unrelaxed_rank_002_alphafold2_multimer_v3_model_3_seed_000.pdb
MRPL12___EPB41,3,4,A,B,0.0000,0.0,0.0,0.0000,0.2380,0.0000,0.0000,0.0,0.0,0.1800,41.7,48.4,0.400,0,0,0,0,,,,,198,864,,,,,MRPL12___EPB41_unrelaxed_rank_003_alphafold2_multimer_v3_model_4_seed_000.pdb
MRPL12___EPB41,4,5,A,B,0.0000,0.0,0.0,0.0000,0.2086,0.0000,0.0000,0.0,0.0,0.1700,41.9,49.4,0.400,0,0,0,0,,,,,198,864,,,,,MRPL12___EPB41_unrelaxed_rank_004_alphafold2_multimer_v3_model_5_seed_000.pdb
MRPL12___EPB41,5,2,A,B,0.0000,0.0,0.0,0.0000,0.1920,0.0000,0.0000,0.0,0.0,0.1600,45.9,50.6,0.410,0,0,0,0,,,,,198,864,,,,,MRPL12___EPB41_unrelaxed_rank_005_alphafold2_multimer_v3_model_2_seed_000.pdb
MRPL12___GFP,1,2,A,B,0.0000,0.0,0.0,0.0000,0.1162,0.0000,0.0000,0.0,0.0,0.1400,46.1,92.5,0.550,0,0,0,0,,,,,198,238,,,,,MRPL12___GFP_unrelaxed_rank_001_alphafold2_multimer_v3_model_2_seed_000.pdb
MRPL12___GFP,2,4,A,B,0.0000,0.0,0.0,0.0000,0.1063,0.0000,0.0000,0.0,0.0,0.1200,47.0,91.9,0.550,0,0,0,0,,,,,198,238,,,,,MRPL12___GFP_unrelaxed_rank_002_alphafold2_multimer_v3_model_4_seed_000.pdb
MRPL12___GFP,3,1,A,B,0.0000,0.0,0.0,0.0000,0.0802,0.0000,0.0000,0.0,0.0,0.1100,45.7,91.0,0.540,0,0,0,0,,,,,198,238,,,,,MRPL12___GFP_unrelaxed_rank_003_alphafold2_multimer_v3_model_1_seed_000.pdb
MRPL12___GFP,4,3,A,B,0.0000,0.0,0.0,0.0000,0.0933,0.0000,0.0000,0.0,0.0,0.1100,48.4,92.1,0.540,0,0,0,0,,,,,198,238,,,,,MRPL12___GFP_unrelaxed_rank_004_alphafold2_multimer_v3_model_3_seed_000.pdb
MRPL12___GFP,5,5,A,B,0.0000,0.0,0.0,0.0000,0.0835,0.0000,0.0000,0.0,0.0,0.1000,44.2,92.7,0.540,0,0,0,0,,,,,198,238,,,,,MRPL12___GFP_unrelaxed_rank_005_alphafold2_multimer_v3_model_5_seed_000.pdb
MRPL12___IBA57,1,1,A,B,0.0000,0.0,0.0,0.0000,0.2120,0.0000,0.0000,0.0,0.0,0.1700,43.2,79.6,0.580,0,0,0,0,,,,,198,356,,,,,MRPL12___IBA57_unrelaxed_rank_001_alphafold2_multimer_v3_model_1_seed_000.pdb
MRPL12___IBA57,2,3,A,B,0.0000,0.0,0.0,0.0000,0.1349,0.0000,0.0000,0.0,0.0,0.1400,45.4,80.5,0.580,0,0,0,0,,,,,198,356,,,,,MRPL12___IBA57_unrelaxed_rank_002_alphafold2_multimer_v3_model_3_seed_000.pdb
MRPL12___IBA57,3,2,A,B,0.0000,0.0,0.0,0.0000,0.1371,0.0000,0.0000,0.0,0.0,0.1300,44.8,80.0,0.570,0,0,0,0,,,,,198,356,,,,,MRPL12___IBA57_unrelaxed_rank_003_alphafold2_multimer_v3_model_2_seed_000.pdb
MRPL12___IBA57,4,5,A,B,0.0000,0.0,0.0,0.0000,0.1153,0.0000,0.0000,0.0,0.0,0.1300,43.3,80.1,0.580,0,0,0,0,,,,,198,356,,,,,MRPL12___IBA57_unrelaxed_rank_004_alphafold2_multimer_v3_model_5_seed_000.pdb
MRPL12___IBA57,5,4,A,B,0.0000,0.0,0.0,0.0000,0.1148,0.0000,0.0000,0.0,0.0,0.1200,44.7,80.2,0.570,0,0,0,0,,,,,198,356,,,,,MRPL12___IBA57_unrelaxed_rank_005_alphafold2_multimer_v3_model_4_seed_000.pdb
MRPL15___STIP1,1,5,A,B,0.0000,0.0,0.0,0.0000,0.0000,0.0000,0.0000,0.0,0.0,0.1500,67.1,78.3,0.360,0,0,0,0,,,,,296,543,,,,,MRPL15___STIP1_unrelaxed_rank_001_alphafold2_multimer_v3_model_5_seed_000.pdb
MRPL15___STIP1,2,1,A,B,0.0000,0.0,0.0,0.0000,0.0000,0.0000,0.0000,0.0,0.0,0.1400,72.3,80.3,0.350,0,0,0,0,,,,,296,543,,,,,MRPL15___STIP1_unrelaxed_rank_002_alphafold2_multimer_v3_model_1_seed_000.pdb
MRPL15___STIP1,3,4,A,B,0.0000,0.0,0.0,0.0000,0.0000,0.0000,0.0000,0.0,0.0,0.1300,70.7,78.2,0.340,0,0,0,0,,,,,296,543,,,,,MRPL15___STIP1_unrelaxed_rank_003_alphafold2_multimer_v3_model_4_seed_000.pdb
MRPL15___STIP1,4,2,A,B,0.0000,0.0,0.0,0.0000,0.0000,0.0000,0.0000,0.0,0.0,0.1300,70.3,80.4,0.340,0,0,0,0,,,,,296,543,,,,,MRPL15___STIP1_unrelaxed_rank_004_alphafold2_multimer_v3_model_2_seed_000.pdb
MRPL15___STIP1,5,3,A,B,0.0000,0.0,0.0,0.0000,0.0908,0.0000,0.0000,0.0,0.0,0.1200,71.0,78.5,0.350,0,0,0,0,,,,,296,543,,,,,MRPL15___STIP1_unrelaxed_rank_005_alphafold2_multimer_v3_model_3_seed_000.pdb
NBN___GFP,1,5,A,B,0.0989,157.2,15.6,0.0153,0.5778,0.0850,0.1151,989.0,25.0,0.2700,47.5,88.9,0.410,229,6,14,5,91.0,34.8,86.1,34.2,754,238,"[1-4,16-20,22-26,33,46-50,65-69,76-78,89-98,105-187,189-200,202,205,211-213,215-253,262-263,265-273,286-326]",[233-238],"[119,156-162,237-238,241,307-308,311]","[233-234,236-238]",NBN___GFP_unrelaxed_rank_001_alphafold2_multimer_v3_model_5_seed_000.pdb
NBN___GFP,2,4,A,B,0.0000,0.0,0.0,0.0000,0.2260,0.0000,0.0000,0.0,0.0,0.2400,46.9,87.7,0.390,0,0,0,0,,,,,754,238,,,,,NBN___GFP_unrelaxed_rank_002_alphafold2_multimer_v3_model_4_seed_000.pdb
NBN___GFP,3,1,A,B,0.0000,0.0,0.0,0.0000,0.3521,0.0000,0.0000,0.0,0.0,0.2100,46.9,88.4,0.390,0,0,0,0,,,,,754,238,,,,,NBN___GFP_unrelaxed_rank_003_alphafold2_multimer_v3_model_1_seed_000.pdb
NBN___GFP,4,3,A,B,0.0000,0.0,0.0,0.0000,0.1570,0.0000,0.0000,0.0,0.0,0.2000,47.3,88.7,0.400,0,0,0,0,,,,,754,238,,,,,NBN___GFP_unrelaxed_rank_004_alphafold2_multimer_v3_model_3_seed_000.pdb
NBN___GFP,5,2,A,B,0.0246,6.6,0.2,0.0000,0.4666,0.0180,0.0336,11.0,4.0,0.1900,47.2,87.4,0.400,11,2,4,2,86.9,32.0,89.1,32.0,754,238,"[119,143,156,158,160,162,233,306-307,311,314]",[237-238],"[119,158,160,162]",[237-238],NBN___GFP_unrelaxed_rank_005_alphafold2_multimer_v3_model_2_seed_000.pdb
NBN___PPP1R10,1,2,A,B,0.3062,927.7,284.0,0.1958,0.9314,0.2460,0.3811,6940.0,124.0,0.2800,50.7,31.3,0.330,298,158,32,25,89.8,85.3,80.6,68.3,754,940,"[1-6,15-27,31-35,41-42,44-55,57-58,63-71,75-82,88-99,105-205,210-254,262-273,286-326,722-751]","[8-151,413-426]","[118-119,141-142,156-162,202-204,236-238,307-308,310-312,735-736,739-740,743-748]","[105,108-112,114-115,118,137,140-141,144-145,148,416-425]",NBN___PPP1R10_unrelaxed_rank_001_alphafold2_multimer_v3_model_2_seed_000.pdb
NBN___PPP1R10,2,5,A,B,0.3508,520.8,182.7,0.2605,0.9227,0.2574,0.4781,4173.0,65.0,0.2600,49.4,30.0,0.320,29,147,11,15,61.9,89.0,66.4,85.6,754,940,[723-751],[5-151],"[732,735-736,739-740,743-748]","[105,108-112,114-115,118,137,140-141,144-145,148]",NBN___PPP1R10_unrelaxed_rank_002_alphafold2_multimer_v3_model_5_seed_000.pdb
NBN___PPP1R10,3,1,A,B,0.2619,409.7,107.3,0.0727,0.8825,0.1978,0.3469,2268.0,74.0,0.2600,49.8,29.3,0.320,83,145,17,19,83.2,82.4,66.3,70.3,754,940,"[114,119,122,126,141-143,154-163,165-167,169,171,175,177-179,222,226-227,229,232-239,241-242,244-245,249,251,268-269,271,294,296,302-317,322,732,734-749]","[8,10-16,18-20,22-149,496-500,502]","[119,157-158,238,307-308,311,736-737,739-740,743-748]","[105,108-112,114-115,117-118,137,140-141,144-145,498-500,502]",NBN___PPP1R10_unrelaxed_rank_003_alphafold2_multimer_v3_model_1_seed_000.pdb
NBN___PPP1R10,4,3,A,B,0.2501,732.2,183.1,0.1785,0.9059,0.1979,0.3161,5416.0,99.0,0.2500,48.9,30.2,0.320,273,156,28,28,87.0,84.2,73.9,69.2,754,940,"[1-5,16-27,32-35,41,43,45-50,64-70,76-80,82,89-99,105-203,211-213,215-253,263,265,267-273,287-325,454-459,725-749]","[7-150,520-531]","[118-119,122,141,156-160,162,237-238,307-308,310-311,455,458,735-736,739-740,743-748]","[96,99-100,105,108-112,114-115,118,135,137,140-141,144-145,148,520-527,529]",NBN___PPP1R10_unrelaxed_rank_004_alphafold2_multimer_v3_model_3_seed_000.pdb
NBN___PPP1R10,5,4,A,B,0.3023,422.5,127.7,0.1255,0.9026,0.2319,0.3941,2926.0,61.0,0.2400,48.8,29.9,0.320,20,143,10,15,62.5,87.8,62.1,83.4,754,940,[730-749],[8-150],"[735-736,739-740,743-748]","[105,108-112,114-115,118,137,140-141,144-145,148]",NBN___PPP1R10_unrelaxed_rank_005_alphafold2_multimer_v3_model_4_seed_000.pdb
NBN___TXLNA,1,2,A,B,0.0000,0.0,0.0,0.0000,0.1314,0.0000,0.0000,0.0,0.0,0.1400,49.9,46.7,0.340,0,0,0,0,,,,,754,546,,,,,NBN___TXLNA_unrelaxed_rank_001_alphafold2_multimer_v3_model_2_seed_000.pdb
NBN___TXLNA,2,5,A,B,0.0000,0.0,0.0,0.0000,0.1371,0.0000,0.0000,0.0,0.0,0.1400,47.9,42.9,0.340,0,0,0,0,,,,,754,546,,,,,NBN___TXLNA_unrelaxed_rank_002_alphafold2_multimer_v3_model_5_seed_000.pdb
NBN___TXLNA,3,1,A,B,0.0000,0.0,0.0,0.0000,0.1403,0.0000,0.0000,0.0,0.0,0.1400,48.6,46.1,0.340,0,0,0,0,,,,,754,546,,,,,NBN___TXLNA_unrelaxed_rank_003_alphafold2_multimer_v3_model_1_seed_000.pdb
NBN___TXLNA,4,3,A,B,0.0000,0.0,0.0,0.0000,0.1270,0.0000,0.0000,0.0,0.0,0.1400,47.8,57.3,0.340,0,0,0,0,,,,,754,546,,,,,NBN___TXLNA_unrelaxed_rank_004_alphafold2_multimer_v3_model_3_seed_000.pdb
NBN___TXLNA,5,4,A,B,0.0000,0.0,0.0,0.0000,0.1601,0.0000,0.0000,0.0,0.0,0.1400,48.7,41.6,0.340,0,0,0,0,,,,,754,546,,,,,NBN___TXLNA_unrelaxed_rank_005_alphafold2_multimer_v3_model_4_seed_000.pdb
PSMA4___ALDH1L2,1,1,A,B,0.0000,0.0,0.0,0.0000,0.0000,0.0000,0.0000,0.0,0.0,0.1900,80.1,90.1,0.530,0,0,0,0,,,,,261,923,,,,,PSMA4___ALDH1L2_unrelaxed_rank_001_alphafold2_multimer_v3_model_1_seed_000.pdb
PSMA4___ALDH1L2,2,2,A,B,0.0000,0.0,0.0,0.0000,0.0000,0.0000,0.0000,0.0,0.0,0.1500,82.0,90.1,0.520,0,0,0,0,,,,,261,923,,,,,PSMA4___ALDH1L2_unrelaxed_rank_002_alphafold2_multimer_v3_model_2_seed_000.pdb
PSMA4___ALDH1L2,3,4,A,B,0.0000,0.0,0.0,0.0000,0.1594,0.0000,0.0000,0.0,0.0,0.1600,73.1,88.3,0.510,0,0,0,0,,,,,261,923,,,,,PSMA4___ALDH1L2_unrelaxed_rank_003_alphafold2_multimer_v3_model_4_seed_000.pdb
PSMA4___ALDH1L2,4,5,A,B,0.0000,0.0,0.0,0.0000,0.0000,0.0000,0.0000,0.0,0.0,0.1500,77.3,89.4,0.520,0,0,0,0,,,,,261,923,,,,,PSMA4___ALDH1L2_unrelaxed_rank_004_alphafold2_multimer_v3_model_5_seed_000.pdb
PSMA4___ALDH1L2,5,3,A,B,0.0000,0.0,0.0,0.0000,0.0000,0.0000,0.0000,0.0,0.0,0.1500,81.3,89.6,0.520,0,0,0,0,,,,,261,923,,,,,PSMA4___ALDH1L2_unrelaxed_rank_005_alphafold2_multimer_v3_model_3_seed_000.pdb
SAFB___PSMA2,1,4,A,B,0.0000,0.0,0.0,0.0000,0.1399,0.0000,0.0000,0.0,0.0,0.1900,30.6,83.8,0.280,0,0,0,0,,,,,915,234,,,,,SAFB___PSMA2_unrelaxed_rank_001_alphafold2_multimer_v3_model_4_seed_000.pdb
SAFB___PSMA2,2,1,A,B,0.0000,0.0,0.0,0.0000,0.1429,0.0000,0.0000,0.0,0.0,0.1900,31.8,90.6,0.300,0,0,0,0,,,,,915,234,,,,,SAFB___PSMA2_unrelaxed_rank_002_alphafold2_multimer_v3_model_1_seed_000.pdb
SAFB___PSMA2,3,5,A,B,0.0000,0.0,0.0,0.0000,0.1807,0.0000,0.0000,0.0,0.0,0.1700,32.5,87.9,0.290,0,0,0,0,,,,,915,234,,,,,SAFB___PSMA2_unrelaxed_rank_003_alphafold2_multimer_v3_model_5_seed_000.pdb
SAFB___PSMA2,4,3,A,B,0.0000,0.0,0.0,0.0000,0.1774,0.0000,0.0000,0.0,0.0,0.1700,32.3,85.9,0.300,0,0,0,0,,,,,915,234,,,,,SAFB___PSMA2_unrelaxed_rank_004_alphafold2_multimer_v3_model_3_seed_000.pdb
SAFB___PSMA2,5,2,A,B,0.0000,0.0,0.0,0.0000,0.1413,0.0000,0.0000,0.0,0.0,0.1700,32.9,89.5,0.300,0,0,0,0,,,,,915,234,,,,,SAFB___PSMA2_unrelaxed_rank_005_alphafold2_multimer_v3_model_2_seed_000.pdb
SGPL1___MRPL12,1,3,A,B,0.0000,0.0,0.0,0.0000,0.2619,0.0000,0.0000,0.0,0.0,0.1500,87.9,43.4,0.670,0,0,0,0,,,,,568,198,,,,,SGPL1___MRPL12_unrelaxed_rank_001_alphafold2_multimer_v3_model_3_seed_000.pdb
SGPL1___MRPL12,2,4,A,B,0.0000,0.0,0.0,0.0000,0.1770,0.0000,0.0000,0.0,0.0,0.1400,87.5,40.7,0.660,0,0,0,0,,,,,568,198,,,,,SGPL1___MRPL12_unrelaxed_rank_002_alphafold2_multimer_v3_model_4_seed_000.pdb
SGPL1___MRPL12,3,2,A,B,0.0000,0.0,0.0,0.0000,0.1571,0.0000,0.0000,0.0,0.0,0.1400,87.8,39.5,0.670,0,0,0,0,,,,,568,198,,,,,SGPL1___MRPL12_unrelaxed_rank_003_alphafold2_multimer_v3_model_2_seed_000.pdb
SGPL1___MRPL12,4,1,A,B,0.0000,0.0,0.0,0.0000,0.1169,0.0000,0.0000,0.0,0.0,0.1200,87.5,38.5,0.660,0,0,0,0,,,,,568,198,,,,,SGPL1___MRPL12_unrelaxed_rank_004_alphafold2_multimer_v3_model_1_seed_000.pdb
SGPL1___MRPL12,5,5,A,B,0.0000,0.0,0.0,0.0000,0.1050,0.0000,0.0000,0.0,0.0,0.1100,86.6,39.2,0.650,0,0,0,0,,,,,568,198,,,,,SGPL1___MRPL12_unrelaxed_rank_005_alphafold2_multimer_v3_model_5_seed_000.pdb
SGPL1___PDXDC1,1,4,A,B,0.0000,0.0,0.0,0.0000,0.1362,0.0000,0.0000,0.0,0.0,0.1500,84.1,67.6,0.470,0,0,0,0,,,,,568,788,,,,,SGPL1___PDXDC1_unrelaxed_rank_001_alphafold2_multimer_v3_model_4_seed_000.pdb
SGPL1___PDXDC1,2,5,A,B,0.0000,0.0,0.0,0.0000,0.1316,0.0000,0.0000,0.0,0.0,0.1500,82.8,66.7,0.470,0,0,0,0,,,,,568,788,,,,,SGPL1___PDXDC1_unrelaxed_rank_002_alphafold2_multimer_v3_model_5_seed_000.pdb
SGPL1___PDXDC1,3,2,A,B,0.0000,0.0,0.0,0.0000,0.1383,0.0000,0.0000,0.0,0.0,0.1500,85.2,68.2,0.460,0,0,0,0,,,,,568,788,,,,,SGPL1___PDXDC1_unrelaxed_rank_003_alphafold2_multimer_v3_model_2_seed_000.pdb
SGPL1___PDXDC1,4,1,A,B,0.0000,0.0,0.0,0.0000,0.1520,0.0000,0.0000,0.0,0.0,0.1500,84.6,67.2,0.450,0,0,0,0,,,,,568,788,,,,,SGPL1___PDXDC1_unrelaxed_rank_004_alphafold2_multimer_v3_model_1_seed_000.pdb
SGPL1___PDXDC1,5,3,A,B,0.0000,0.0,0.0,0.0000,0.1416,0.0000,0.0000,0.0,0.0,0.1400,82.9,66.1,0.450,0,0,0,0,,,,,568,788,,,,,SGPL1___PDXDC1_unrelaxed_rank_005_alphafold2_multimer_v3_model_3_seed_000.pdb
SGPL1___TXLNA,1,3,A,B,0.0000,0.0,0.0,0.0000,0.1858,0.0000,0.0000,0.0,0.0,0.1700,86.4,41.1,0.500,0,0,0,0,,,,,568,546,,,,,SGPL1___TXLNA_unrelaxed_rank_001_alphafold2_multimer_v3_model_3_seed_000.pdb
SGPL1___TXLNA,2,4,A,B,0.0000,0.0,0.0,0.0000,0.1661,0.0000,0.0000,0.0,0.0,0.1600,87.3,34.5,0.500,0,0,0,0,,,,,568,546,,,,,SGPL1___TXLNA_unrelaxed_rank_002_alphafold2_multimer_v3_model_4_seed_000.pdb
SGPL1___TXLNA,3,2,A,B,0.0000,0.0,0.0,0.0000,0.0000,0.0000,0.0000,0.0,0.0,0.1500,87.2,41.1,0.510,0,0,0,0,,,,,568,546,,,,,SGPL1___TXLNA_unrelaxed_rank_003_alphafold2_multimer_v3_model_2_seed_000.pdb
SGPL1___TXLNA,4,1,A,B,0.0000,0.0,0.0,0.0000,0.0000,0.0000,0.0000,0.0,0.0,0.1400,86.7,40.5,0.500,0,0,0,0,,,,,568,546,,,,,SGPL1___TXLNA_unrelaxed_rank_004_alphafold2_multimer_v3_model_1_seed_000.pdb
SGPL1___TXLNA,5,5,A,B,0.0000,0.0,0.0,0.0000,0.1104,0.0000,0.0000,0.0,0.0,0.1400,85.9,41.4,0.490,0,0,0,0,,,,,568,546,,,,,SGPL1___TXLNA_unrelaxed_rank_005_alphafold2_multimer_v3_model_5_seed_000.pdb
SNRPC___EDC3,1,3,A,B,0.0000,0.0,0.0,0.0000,0.1790,0.0000,0.0000,0.0,0.0,0.1300,31.1,64.1,0.440,0,0,0,0,,,,,159,508,,,,,SNRPC___EDC3_unrelaxed_rank_001_alphafold2_multimer_v3_model_3_seed_000.pdb
SNRPC___EDC3,2,2,A,B,0.0000,0.0,0.0,0.0000,0.1544,0.0000,0.0000,0.0,0.0,0.1300,29.0,64.9,0.430,0,0,0,0,,,,,159,508,,,,,SNRPC___EDC3_unrelaxed_rank_002_alphafold2_multimer_v3_model_2_seed_000.pdb
SNRPC___EDC3,3,1,A,B,0.0000,0.0,0.0,0.0000,0.1790,0.0000,0.0000,0.0,0.0,0.1300,28.0,65.7,0.430,0,0,0,0,,,,,159,508,,,,,SNRPC___EDC3_unrelaxed_rank_003_alphafold2_multimer_v3_model_1_seed_000.pdb
SNRPC___EDC3,4,5,A,B,0.0000,0.0,0.0,0.0000,0.1183,0.0000,0.0000,0.0,0.0,0.1200,31.2,64.0,0.430,0,0,0,0,,,,,159,508,,,,,SNRPC___EDC3_unrelaxed_rank_004_alphafold2_multimer_v3_model_5_seed_000.pdb
SNRPC___EDC3,5,4,A,B,0.0000,0.0,0.0,0.0000,0.1259,0.0000,0.0000,0.0,0.0,0.1200,31.0,64.3,0.430,0,0,0,0,,,,,159,508,,,,,SNRPC___EDC3_unrelaxed_rank_005_alphafold2_multimer_v3_model_4_seed_000.pdb
XPNPEP1___MRPL15,1,4,A,B,0.0000,0.0,0.0,0.0000,0.1576,0.0000,0.0000,0.0,0.0,0.1900,93.6,65.6,0.690,0,0,0,0,,,,,623,296,,,,,XPNPEP1___MRPL15_unrelaxed_rank_001_alphafold2_multimer_v3_model_4_seed_000.pdb
XPNPEP1___MRPL15,2,1,A,B,0.0000,0.0,0.0,0.0000,0.1248,0.0000,0.0000,0.0,0.0,0.1400,94.1,69.3,0.680,0,0,0,0,,,,,623,296,,,,,XPNPEP1___MRPL15_unrelaxed_rank_002_alphafold2_multimer_v3_model_1_seed_000.pdb
XPNPEP1___MRPL15,3,5,A,B,0.0000,0.0,0.0,0.0000,0.1231,0.0000,0.0000,0.0,0.0,0.1400,93.8,68.3,0.680,0,0,0,0,,,,,623,296,,,,,XPNPEP1___MRPL15_unrelaxed_rank_003_alphafold2_multimer_v3_model_5_seed_000.pdb
XPNPEP1___MRPL15,4,3,A,B,0.0000,0.0,0.0,0.0000,0.1136,0.0000,0.0000,0.0,0.0,0.1400,93.7,69.6,0.680,0,0,0,0,,,,,623,296,,,,,XPNPEP1___MRPL15_unrelaxed_rank_004_alphafold2_multimer_v3_model_3_seed_000.pdb
XPNPEP1___MRPL15,5,2,A,B,0.0000,0.0,0.0,0.0000,0.1185,0.0000,0.0000,0.0,0.0,0.1300,93.1,68.7,0.670,0,0,0,0,,,,,623,296,,,,,XPNPEP1___MRPL15_unrelaxed_rank_005_alphafold2_multimer_v3_model_2_seed_000.pdb
ACTR2___ASPH,1,5,A,B,0.3104,5538.8,1719.1,0.5368,0.9253,0.2109,0.4567,213043.0,144.0,0.7200,90.2,60.9,0.640,384,431,33,37,90.9,92.8,84.8,82.3,394,758,"[1-3,6-42,47-48,51-392]",[328-758],"[195-196,199,201,218,222-225,229,231,233,235-239,241,260,269-270,272,306,309,311-312,315,346-351]","[392-399,431-436,462-463,465-466,468,493,496,521,524,526,530,564-565,567-568,635,682,753-758]",ACTR2___ASPH_unrelaxed_rank_001_alphafold2_multimer_v3_model_5_seed_000.pdb
ACTR2___ASPH,2,1,A,B,0.0701,438.3,30.7,0.0130,0.6046,0.0592,0.0830,8005.0,24.0,0.4800,86.6,60.8,0.540,95,330,11,16,85.7,92.4,74.5,78.7,394,758,"[159-160,164,184-197,199-202,211-245,250-268,270,277-278,305-321]","[375-376,378-383,385,389,396,399-404,406-408,416-432,434-451,453-539,542-602,619-620,626-642,644-696,699-704,706-729,734-758]","[222,224,231,233,235-239,241,260]","[432,434,462-463,465-466,493,496,524,526,530,564-565,682,756,758]",ACTR2___ASPH_unrelaxed_rank_002_alphafold2_multimer_v3_model_1_seed_000.pdb
ACTR2___ASPH,3,4,A,B,0.0000,0.0,0.0,0.0000,0.3761,0.0141,0.0000,6.0,0.0,0.4000,86.0,59.0,0.450,4,3,0,0,93.3,35.6,,,394,758,"[31,133,141-142]",[152-154],,,ACTR2___ASPH_unrelaxed_rank_003_alphafold2_multimer_v3_model_4_seed_000.pdb
ACTR2___ASPH,4,3,A,B,0.0000,0.0,0.0,0.0000,0.3943,0.0097,0.0000,31.0,0.0,0.3400,88.0,59.4,0.480,14,18,0,0,72.9,91.9,,,394,758,"[226-227,230-231,233-235,237-240,258,260,263]","[426,460-461,464-465,490-492,494,498-499,503,507,510,513,522,528,531]",,,ACTR2___ASPH_unrelaxed_rank_004_alphafold2_multimer_v3_model_3_seed_000.pdb
ACTR2___ASPH,5,2,A,B,0.0000,0.0,0.0,0.0000,0.3652,0.0076,0.0000,6.0,0.0,0.3100,87.7,60.7,0.480,1,6,0,0,92.1,93.9,,,394,758,[260],"[458,460,472,474,476,498]",,,ACTR2___ASPH_unrelaxed_rank_005_alphafold2_multimer_v3_model_2_seed_000.pdb
ASPH___GFP,1,3,A,B,0.0549,117.0,6.4,0.0131,0.5561,0.0443,0.0680,1244.0,11.0,0.2400,59.4,87.0,0.470,300,5,8,5,93.1,33.5,80.7,33.5,758,238,"[424,427,439-443,445-450,453-604,613-618,624-625,628-662,664-696,699-731,733-758]",[234-238],"[466,468,500,526,564-565,682,758]",[234-238],ASPH___GFP_unrelaxed_rank_001_alphafold2_multimer_v3_model_3_seed_000.pdb
ASPH___GFP,2,5,A,B,0.1156,183.0,21.2,0.0154,0.6365,0.1039,0.1287,1595.0,21.0,0.2200,59.6,87.2,0.480,383,6,13,6,92.2,31.8,81.8,31.8,758,238,"[334-335,338,341,344-346,348-349,351,360,363-364,367-368,371-372,374-393,395-399,401-408,410-411,414-429,431-604,613-614,616-620,622,624-696,699-758]",[233-238],"[462,465-466,468,470,496,500,526,530,564-565,682,758]",[233-238],ASPH___GFP_unrelaxed_rank_002_alphafold2_multimer_v3_model_5_seed_000.pdb
ASPH___GFP,3,2,A,B,0.0558,151.9,8.5,0.0129,0.6039,0.0373,0.0836,1153.0,20.0,0.2200,60.1,85.9,0.480,300,6,12,5,93.2,29.4,87.8,29.1,758,238,"[379,398,417,419-424,427-429,431,440-443,445,448-450,453-581,583-604,614,616-617,628-662,664-687,689-696,699-730,733-758]",[233-238],"[465,496,524-527,529-530,564-565,682,758]","[233,235-238]",ASPH___GFP_unrelaxed_rank_003_alphafold2_multimer_v3_model_2_seed_000.pdb
ASPH___GFP,4,1,A,B,0.0076,12.8,0.1,0.0000,0.4433,0.0082,0.0070,41.0,4.0,0.2100,60.0,83.3,0.480,30,4,3,3,90.5,28.8,88.9,28.7,758,238,"[455,462,466,486,492,501,520,527,530,542,544-545,548,552,558-560,565-566,571,573,580,678,680,682,706,746,748,750,754]",[235-238],"[530,565,682]","[235-236,238]",ASPH___GFP_unrelaxed_rank_004_alphafold2_multimer_v3_model_1_seed_000.pdb
ASPH___GFP,5,4,A,B,0.0606,117.6,7.1,0.0128,0.5630,0.0441,0.0831,988.0,14.0,0.2000,58.9,83.7,0.470,288,5,11,4,92.4,30.9,86.2,30.6,758,238,"[440-445,447-450,453-461,463-581,583-604,627-662,664-696,699-731,733-758]",[234-238],"[496,500,524,526,529-530,564-565,682-683,758]",[235-238],ASPH___GFP_unrelaxed_rank_005_alphafold2_multimer_v3_model_4_seed_000.pdb
ASPH___STIP1,1,4,A,B,0.0000,0.0,0.0,0.0000,0.1646,0.0000,0.0000,0.0,0.0,0.1700,58.7,73.5,0.410,0,0,0,0,,,,,758,543,,,,,ASPH___STIP1_unrelaxed_rank_001_alphafold2_multimer_v3_model_4_seed_000.pdb
ASPH___STIP1,2,1,A,B,0.0000,0.0,0.0,0.0000,0.1803,0.0000,0.0000,0.0,0.0,0.1700,61.1,74.6,0.410,0,0,0,0,,,,,758,543,,,,,ASPH___STIP1_unrelaxed_rank_002_alphafold2_multimer_v3_model_1_seed_000.pdb
ASPH___STIP1,3,3,A,B,0.0000,0.0,0.0,0.0000,0.1818,0.0000,0.0000,0.0,0.0,0.1700,58.7,75.5,0.410,0,0,0,0,,,,,758,543,,,,,ASPH___STIP1_unrelaxed_rank_003_alphafold2_multimer_v3_model_3_seed_000.pdb
ASPH___STIP1,4,2,A,B,0.0000,0.0,0.0,0.0000,0.1887,0.0000,0.0000,0.0,0.0,0.1700,61.3,77.7,0.410,0,0,0,0,,,,,758,543,,,,,ASPH___STIP1_unrelaxed_rank_004_alphafold2_multimer_v3_model_2_seed_000.pdb
ASPH___STIP1,5,5,A,B,0.0000,0.0,0.0,0.0000,0.1418,0.0000,0.0000,0.0,0.0,0.1500,59.3,78.7,0.400,0,0,0,0,,,,,758,543,,,,,ASPH___STIP1_unrelaxed_rank_005_alphafold2_multimer_v3_model_5_seed_000.pdb
CIP2A___IBA57,1,1,A,B,0.0000,0.0,0.0,0.0000,0.1921,0.0000,0.0000,0.0,0.0,0.1900,71.0,73.5,0.480,0,0,0,0,,,,,905,356,,,,,CIP2A___IBA57_unrelaxed_rank_001_alphafold2_multimer_v3_model_1_seed_000.pdb
CIP2A___IBA57,2,2,A,B,0.0000,0.0,0.0,0.0000,0.1626,0.0000,0.0000,0.0,0.0,0.1800,71.5,75.4,0.490,0,0,0,0,,,,,905,356,,,,,CIP2A___IBA57_unrelaxed_rank_002_alphafold2_multimer_v3_model_2_seed_000.pdb
CIP2A___IBA57,3,5,A,B,0.0000,0.0,0.0,0.0000,0.1790,0.0000,0.0000,0.0,0.0,0.1700,71.2,73.8,0.490,0,0,0,0,,,,,905,356,,,,,CIP2A___IBA57_unrelaxed_rank_003_alphafold2_multimer_v3_model_5_seed_000.pdb
CIP2A___IBA57,4,4,A,B,0.0000,0.0,0.0,0.0000,0.1825,0.0000,0.0000,0.0,0.0,0.1700,67.4,72.4,0.480,0,0,0,0,,,,,905,356,,,,,CIP2A___IBA57_unrelaxed_rank_004_alphafold2_multimer_v3_model_4_seed_000.pdb
CIP2A___IBA57,5,3,A,B,0.0000,0.0,0.0,0.0000,0.1618,0.0000,0.0000,0.0,0.0,0.1600,71.4,74.4,0.500,0,0,0,0,,,,,905,356,,,,,CIP2A___IBA57_unrelaxed_rank_005_alphafold2_multimer_v3_model_3_seed_000.pdb
CIP2A___TXLNA,1,4,A,B,0.0382,148.6,5.7,0.0117,0.5534,0.0401,0.0365,1004.0,22.0,0.2900,69.1,35.9,0.460,194,20,10,10,91.3,53.2,81.6,54.0,905,546,"[76,80,103-104,106,118-129,140-152,160-170,173-183,186-215,232-243,249-273,277-288,294,296-320,343-348,361-374,412-413,415-421,423-425,435,437,482,485-486]",[298-317],"[190-191,194-195,197-198,205,233,237,240]","[298,302,304-310,313]",CIP2A___TXLNA_unrelaxed_rank_001_alphafold2_multimer_v3_model_4_seed_000.pdb
CIP2A___TXLNA,2,3,A,B,0.4396,1533.2,674.0,0.2545,0.9593,0.3249,0.5948,11637.0,202.0,0.2800,73.0,42.1,0.450,113,120,42,46,77.0,74.5,80.9,79.6,905,546,[621-733],[166-285],"[626,633,637,640,644,647,650-651,654-655,657-658,661-662,664-665,668-669,671-672,675-676,678-679,682-683,685-686,689-690,692-693,696-697,699-700,703-704,706-707,710,714]","[172,192,196,199-200,202-203,206-207,209-210,213-214,216-217,220-221,223-224,227-228,230-231,234-235,237-238,241-242,244-245,248-249,251-252,255-256,258-259,262-263,266,270,273,277,284]",CIP2A___TXLNA_unrelaxed_rank_002_alphafold2_multimer_v3_model_3_seed_000.pdb
CIP2A___TXLNA,3,1,A,B,0.0000,0.0,0.0,0.0000,0.3584,0.0000,0.0000,0.0,0.0,0.2700,72.2,37.0,0.450,0,0,0,0,,,,,905,546,,,,,CIP2A___TXLNA_unrelaxed_rank_003_alphafold2_multimer_v3_model_1_seed_000.pdb
CIP2A___TXLNA,4,2,A,B,0.0000,0.0,0.0,0.0000,0.4709,0.0088,0.0000,1.0,0.0,0.2000,73.0,38.1,0.450,1,1,0,0,88.2,42.7,,,905,546,[146],[79],,,CIP2A___TXLNA_unrelaxed_rank_004_alphafold2_multimer_v3_model_2_seed_000.pdb
CIP2A___TXLNA,5,5,A,B,0.0000,0.0,0.0,0.0000,0.1818,0.0000,0.0000,0.0,0.0,0.1600,70.8,34.8,0.440,0,0,0,0,,,,,905,546,,,,,CIP2A___TXLNA_unrelaxed_rank_005_alphafold2_multimer_v3_model_5_seed_000.pdb
IBA57___ASPH,1,4,A,B,0.0000,0.0,0.0,0.0000,0.3233,0.0000,0.0000,0.0,0.0,0.2400,69.6,57.4,0.460,0,0,0,0,,,,,356,758,,,,,IBA57___ASPH_unrelaxed_rank_001_alphafold2_multimer_v3_model_4_seed_000.pdb
IBA57___ASPH,2,2,A,B,0.0000,0.0,0.0,0.0000,0.3342,0.0000,0.0000,0.0,0.0,0.2100,74.5,60.9,0.450,0,0,0,0,,,,,356,758,,,,,IBA57___ASPH_unrelaxed_rank_002_alphafold2_multimer_v3_model_2_seed_000.pdb
IBA57___ASPH,3,1,A,B,0.0000,0.0,0.0,0.0000,0.2100,0.0000,0.0000,0.0,0.0,0.2000,72.1,60.3,0.450,0,0,0,0,,,,,356,758,,,,,IBA57___ASPH_unrelaxed_rank_003_alphafold2_multimer_v3_model_1_seed_000.pdb
IBA57___ASPH,4,3,A,B,0.0000,0.0,0.0,0.0000,0.3383,0.0000,0.0000,0.0,0.0,0.1700,74.1,59.1,0.440,0,0,0,0,,,,,356,758,,,,,IBA57___ASPH_unrelaxed_rank_004_alphafold2_multimer_v3_model_3_seed_000.pdb
IBA57___ASPH,5,5,A,B,0.0000,0.0,0.0,0.0000,0.1630,0.0000,0.0000,0.0,0.0,0.1700,73.3,59.4,0.440,0,0,0,0,,,,,356,758,,,,,IBA57___ASPH_unrelaxed_rank_005_alphafold2_multimer_v3_model_5_seed_000.pdb
MRPL15___ATXN2L,1,4,A,B,0.0000,0.0,0.0,0.0000,0.2349,0.0000,0.0000,0.0,0.0,0.2000,73.1,24.8,0.270,0,0,0,0,,,,,296,1075,,,,,MRPL15___ATXN2L_unrelaxed_rank_001_alphafold2_multimer_v3_model_4_seed_000.pdb
MRPL15___ATXN2L,2,1,A,B,0.0000,0.0,0.0,0.0000,0.1800,0.0000,0.0000,0.0,0.0,0.1900,74.7,26.5,0.280,0,0,0,0,,,,,296,1075,,,,,MRPL15___ATXN2L_unrelaxed_rank_002_alphafold2_multimer_v3_model_1_seed_000.pdb
MRPL15___ATXN2L,3,3,A,B,0.0000,0.0,0.0,0.0000,0.1745,0.0000,0.0000,0.0,0.0,0.1800,74.1,25.8,0.280,0,0,0,0,,,,,296,1075,,,,,MRPL15___ATXN2L_unrelaxed_rank_003_alphafold2_multimer_v3_model_3_seed_000.pdb
MRPL15___ATXN2L,4,2,A,B,0.0000,0.0,0.0,0.0000,0.1795,0.0000,0.0000,0.0,0.0,0.1700,75.7,25.8,0.270,0,0,0,0,,,,,296,1075,,,,,MRPL15___ATXN2L_unrelaxed_rank_004_alphafold2_multimer_v3_model_2_seed_000.pdb
MRPL15___ATXN2L,5,5,A,B,0.0000,0.0,0.0,0.0000,0.1629,0.0000,0.0000,0.0,0.0,0.1600,74.8,26.3,0.270,0,0,0,0,,,,,296,1075,,,,,MRPL15___ATXN2L_unrelaxed_rank_005_alphafold2_multimer_v3_model_5_seed_000.pdb
NBN___ATXN2L,1,4,A,B,0.0000,0.0,0.0,0.0000,0.4440,0.0150,0.0000,1.0,0.0,0.2300,47.8,22.6,0.320,1,1,0,0,96.9,33.8,,,754,1075,[176],[239],,,NBN___ATXN2L_unrelaxed_rank_001_alphafold2_multimer_v3_model_4_seed_000.pdb
NBN___ATXN2L,2,1,A,B,0.0000,0.0,0.0,0.0000,0.4293,0.0000,0.0000,0.0,0.0,0.2000,49.0,22.8,0.310,0,0,0,0,,,,,754,1075,,,,,NBN___ATXN2L_unrelaxed_rank_002_alphafold2_multimer_v3_model_1_seed_000.pdb
NBN___ATXN2L,3,2,A,B,0.0000,0.0,0.0,0.0000,0.2259,0.0000,0.0000,0.0,0.0,0.1900,50.6,24.1,0.320,0,0,0,0,,,,,754,1075,,,,,NBN___ATXN2L_unrelaxed_rank_003_alphafold2_multimer_v3_model_2_seed_000.pdb
NBN___ATXN2L,4,3,A,B,0.0000,0.0,0.0,0.0000,0.2377,0.0000,0.0000,0.0,0.0,0.1800,47.2,23.8,0.320,0,0,0,0,,,,,754,1075,,,,,NBN___ATXN2L_unrelaxed_rank_004_alphafold2_multimer_v3_model_3_seed_000.pdb
NBN___ATXN2L,5,5,A,B,0.0000,0.0,0.0,0.0000,0.2029,0.0000,0.0000,0.0,0.0,0.1700,48.3,23.7,0.310,0,0,0,0,,,,,754,1075,,,,,NBN___ATXN2L_unrelaxed_rank_005_alphafold2_multimer_v3_model_5_seed_000.pdb
PPIB___PSMA2,1,4,A,B,0.0000,0.0,0.0,0.0000,0.1426,0.0216,0.0000,390.0,0.0,0.1900,79.5,79.5,0.500,121,9,0,0,90.4,95.3,,,216,234,"[43-52,61,63-66,68,70-81,88-90,92-100,102,104,106-109,111,115-118,122-128,130-133,135-140,145-160,162-164,166-188,191-201]","[35,37,46,74-76,134-136]",,,PPIB___PSMA2_unrelaxed_rank_001_alphafold2_multimer_v3_model_4_seed_000.pdb
PPIB___PSMA2,2,1,A,B,0.0000,0.0,0.0,0.0000,0.1399,0.0000,0.0000,0.0,0.0,0.1800,79.4,80.9,0.500,0,0,0,0,,,,,216,234,,,,,PPIB___PSMA2_unrelaxed_rank_002_alphafold2_multimer_v3_model_1_seed_000.pdb
PPIB___PSMA2,3,5,A,B,0.0000,0.0,0.0,0.0000,0.1095,0.0067,0.0000,1.0,0.0,0.1800,79.3,78.8,0.490,1,1,0,0,93.1,93.2,,,216,234,[194],[134],,,PPIB___PSMA2_unrelaxed_rank_003_alphafold2_multimer_v3_model_5_seed_000.pdb
PPIB___PSMA2,4,3,A,B,0.0000,0.0,0.0,0.0000,0.1168,0.0000,0.0000,0.0,0.0,0.1700,79.3,81.1,0.490,0,0,0,0,,,,,216,234,,,,,PPIB___PSMA2_unrelaxed_rank_004_alphafold2_multimer_v3_model_3_seed_000.pdb
PPIB___PSMA2,5,2,A,B,0.0000,0.0,0.0,0.0000,0.1245,0.0000,0.0000,0.0,0.0,0.1500,81.9,83.9,0.510,0,0,0,0,,,,,216,234,,,,,PPIB___PSMA2_unrelaxed_rank_005_alphafold2_multimer_v3_model_2_seed_000.pdb
PSMA4___EDC3,1,2,A,B,0.0000,0.0,0.0,0.0000,0.3015,0.0000,0.0000,0.0,0.0,0.2600,82.2,63.7,0.420,0,0,0,0,,,,,261,508,,,,,PSMA4___EDC3_unrelaxed_rank_001_alphafold2_multimer_v3_model_2_seed_000.pdb
PSMA4___EDC3,2,1,A,B,0.0000,0.0,0.0,0.0000,0.1729,0.0000,0.0000,0.0,0.0,0.2100,76.7,62.7,0.410,0,0,0,0,,,,,261,508,,,,,PSMA4___EDC3_unrelaxed_rank_002_alphafold2_multimer_v3_model_1_seed_000.pdb
PSMA4___EDC3,3,4,A,B,0.0000,0.0,0.0,0.0000,0.1633,0.0000,0.0000,0.0,0.0,0.2000,73.3,60.9,0.420,0,0,0,0,,,,,261,508,,,,,PSMA4___EDC3_unrelaxed_rank_003_alphafold2_multimer_v3_model_4_seed_000.pdb
PSMA4___EDC3,4,3,A,B,0.0000,0.0,0.0,0.0000,0.1619,0.0000,0.0000,0.0,0.0,0.2000,75.7,61.4,0.420,0,0,0,0,,,,,261,508,,,,,PSMA4___EDC3_unrelaxed_rank_004_alphafold2_multimer_v3_model_3_seed_000.pdb
PSMA4___EDC3,5,5,A,B,0.0000,0.0,0.0,0.0000,0.1768,0.0000,0.0000,0.0,0.0,0.2000,73.6,61.7,0.420,0,0,0,0,,,,,261,508,,,,,PSMA4___EDC3_unrelaxed_rank_005_alphafold2_multimer_v3_model_5_seed_000.pdb
PSMA4___MRPL15,1,3,A,B,0.0000,0.0,0.0,0.0000,0.1787,0.0000,0.0000,0.0,0.0,0.1800,72.1,71.9,0.460,0,0,0,0,,,,,261,296,,,,,PSMA4___MRPL15_unrelaxed_rank_001_alphafold2_multimer_v3_model_3_seed_000.pdb
PSMA4___MRPL15,2,4,A,B,0.0000,0.0,0.0,0.0000,0.1511,0.0000,0.0000,0.0,0.0,0.1600,75.0,72.7,0.460,0,0,0,0,,,,,261,296,,,,,PSMA4___MRPL15_unrelaxed_rank_002_alphafold2_multimer_v3_model_4_seed_000.pdb
PSMA4___MRPL15,3,5,A,B,0.0000,0.0,0.0,0.0000,0.1297,0.0000,0.0000,0.0,0.0,0.1300,70.9,70.8,0.430,0,0,0,0,,,,,261,296,,,,,PSMA4___MRPL15_unrelaxed_rank_003_alphafold2_multimer_v3_model_5_seed_000.pdb
PSMA4___MRPL15,4,1,A,B,0.0000,0.0,0.0,0.0000,0.1047,0.0000,0.0000,0.0,0.0,0.1100,76.5,74.2,0.430,0,0,0,0,,,,,261,296,,,,,PSMA4___MRPL15_unrelaxed_rank_004_alphafold2_multimer_v3_model_1_seed_000.pdb
PSMA4___MRPL15,5,2,A,B,0.0000,0.0,0.0,0.0000,0.0000,0.0000,0.0000,0.0,0.0,0.1000,73.6,72.0,0.410,0,0,0,0,,,,,261,296,,,,,PSMA4___MRPL15_unrelaxed_rank_005_alphafold2_multimer_v3_model_2_seed_000.pdb
PSMA4___NUP107,1,3,A,B,0.0000,0.0,0.0,0.0000,0.3197,0.0000,0.0000,0.0,0.0,0.3000,71.6,74.7,0.630,0,0,0,0,,,,,261,925,,,,,PSMA4___NUP107_unrelaxed_rank_001_alphafold2_multimer_v3_model_3_seed_000.pdb
PSMA4___NUP107,2,4,A,B,0.0000,0.0,0.0,0.0000,0.3511,0.0000,0.0000,0.0,0.0,0.2400,68.3,74.1,0.630,0,0,0,0,,,,,261,925,,,,,PSMA4___NUP107_unrelaxed_rank_002_alphafold2_multimer_v3_model_4_seed_000.pdb
PSMA4___NUP107,3,5,A,B,0.0000,0.0,0.0,0.0000,0.2082,0.0000,0.0000,0.0,0.0,0.2300,68.0,74.8,0.630,0,0,0,0,,,,,261,925,,,,,PSMA4___NUP107_unrelaxed_rank_003_alphafold2_multimer_v3_model_5_seed_000.pdb
PSMA4___NUP107,4,2,A,B,0.0000,0.0,0.0,0.0000,0.1799,0.0000,0.0000,0.0,0.0,0.2200,73.9,75.5,0.610,0,0,0,0,,,,,261,925,,,,,PSMA4___NUP107_unrelaxed_rank_004_alphafold2_multimer_v3_model_2_seed_000.pdb
PSMA4___NUP107,5,1,A,B,0.0000,0.0,0.0,0.0000,0.1565,0.0000,0.0000,0.0,0.0,0.1700,74.1,75.9,0.600,0,0,0,0,,,,,261,925,,,,,PSMA4___NUP107_unrelaxed_rank_005_alphafold2_multimer_v3_model_1_seed_000.pdb
SGPL1___GNAI3,1,3,A,B,0.0000,0.0,0.0,0.0000,0.1224,0.0000,0.0000,0.0,0.0,0.1400,83.5,80.1,0.560,0,0,0,0,,,,,568,354,,,,,SGPL1___GNAI3_unrelaxed_rank_001_alphafold2_multimer_v3_model_3_seed_000.pdb
SGPL1___GNAI3,2,2,A,B,0.0000,0.0,0.0,0.0000,0.1168,0.0000,0.0000,0.0,0.0,0.1300,84.5,81.9,0.560,0,0,0,0,,,,,568,354,,,,,SGPL1___GNAI3_unrelaxed_rank_002_alphafold2_multimer_v3_model_2_seed_000.pdb
SGPL1___GNAI3,3,4,A,B,0.0000,0.0,0.0,0.0000,0.1273,0.0000,0.0000,0.0,0.0,0.1300,82.7,80.9,0.540,0,0,0,0,,,,,568,354,,,,,SGPL1___GNAI3_unrelaxed_rank_003_alphafold2_multimer_v3_model_4_seed_000.pdb
SGPL1___GNAI3,4,1,A,B,0.0000,0.0,0.0,0.0000,0.1217,0.0000,0.0000,0.0,0.0,0.1200,85.1,80.2,0.570,0,0,0,0,,,,,568,354,,,,,SGPL1___GNAI3_unrelaxed_rank_004_alphafold2_multimer_v3_model_1_seed_000.pdb
SGPL1___GNAI3,5,5,A,B,0.0000,0.0,0.0,0.0000,0.1190,0.0000,0.0000,0.0,0.0,0.1200,83.4,83.6,0.560,0,0,0,0,,,,,568,354,,,,,SGPL1___GNAI3_unrelaxed_rank_005_alphafold2_multimer_v3_model_5_seed_000.pdb
SGPL1___GNAS,1,1,A,B,0.0000,0.0,0.0,0.0000,0.3988,0.0038,0.0000,1.0,0.0,0.2000,85.0,37.8,0.410,1,1,0,0,36.2,80.2,,,568,1037,[566],[701],,,SGPL1___GNAS_unrelaxed_rank_001_alphafold2_multimer_v3_model_1_seed_000.pdb
SGPL1___GNAS,2,4,A,B,0.0000,0.0,0.0,0.0000,0.1907,0.0000,0.0000,0.0,0.0,0.1800,82.6,38.0,0.400,0,0,0,0,,,,,568,1037,,,,,SGPL1___GNAS_unrelaxed_rank_002_alphafold2_multimer_v3_model_4_seed_000.pdb
SGPL1___GNAS,3,2,A,B,0.0000,0.0,0.0,0.0000,0.2016,0.0000,0.0000,0.0,0.0,0.1700,85.2,39.7,0.410,0,0,0,0,,,,,568,1037,,,,,SGPL1___GNAS_unrelaxed_rank_003_alphafold2_multimer_v3_model_2_seed_000.pdb
SGPL1___GNAS,4,5,A,B,0.0000,0.0,0.0,0.0000,0.1835,0.0000,0.0000,0.0,0.0,0.1700,83.5,39.9,0.410,0,0,0,0,,,,,568,1037,,,,,SGPL1___GNAS_unrelaxed_rank_004_alphafold2_multimer_v3_model_5_seed_000.pdb
SGPL1___GNAS,5,3,A,B,0.0000,0.0,0.0,0.0000,0.1645,0.0000,0.0000,0.0,0.0,0.1600,84.3,39.8,0.410,0,0,0,0,,,,,568,1037,,,,,SGPL1___GNAS_unrelaxed_rank_005_alphafold2_multimer_v3_model_3_seed_000.pdb
SGPL1___PPP1R10,1,5,A,B,0.0000,0.0,0.0,0.0000,0.2588,0.0000,0.0000,0.0,0.0,0.2300,86.6,29.0,0.420,0,0,0,0,,,,,568,940,,,,,SGPL1___PPP1R10_unrelaxed_rank_001_alphafold2_multimer_v3_model_5_seed_000.pdb
SGPL1___PPP1R10,2,2,A,B,0.0000,0.0,0.0,0.0000,0.3481,0.0000,0.0000,0.0,0.0,0.2100,88.2,29.4,0.430,0,0,0,0,,,,,568,940,,,,,SGPL1___PPP1R10_unrelaxed_rank_002_alphafold2_multimer_v3_model_2_seed_000.pdb
SGPL1___PPP1R10,3,4,A,B,0.0000,0.0,0.0,0.0000,0.3077,0.0000,0.0000,0.0,0.0,0.2100,86.6,28.8,0.420,0,0,0,0,,,,,568,940,,,,,SGPL1___PPP1R10_unrelaxed_rank_003_alphafold2_multimer_v3_model_4_seed_000.pdb
SGPL1___PPP1R10,4,3,A,B,0.0000,0.0,0.0,0.0000,0.2220,0.0000,0.0000,0.0,0.0,0.2100,86.8,28.6,0.430,0,0,0,0,,,,,568,940,,,,,SGPL1___PPP1R10_unrelaxed_rank_004_alphafold2_multimer_v3_model_3_seed_000.pdb
SGPL1___PPP1R10,5,1,A,B,0.0000,0.0,0.0,0.0000,0.1909,0.0000,0.0000,0.0,0.0,0.1900,87.9,29.5,0.430,0,0,0,0,,,,,568,940,,,,,SGPL1___PPP1R10_unrelaxed_rank_005_alphafold2_multimer_v3_model_1_seed_000.pdb
SGPL1___TXN,1,1,A,B,0.0000,0.0,0.0,0.0000,0.1191,0.0000,0.0000,0.0,0.0,0.1400,85.2,82.5,0.720,0,0,0,0,,,,,568,105,,,,,SGPL1___TXN_unrelaxed_rank_001_alphafold2_multimer_v3_model_1_seed_000.pdb
SGPL1___TXN,2,4,A,B,0.0000,0.0,0.0,0.0000,0.1208,0.0000,0.0000,0.0,0.0,0.1400,84.4,79.9,0.710,0,0,0,0,,,,,568,105,,,,,SGPL1___TXN_unrelaxed_rank_002_alphafold2_multimer_v3_model_4_seed_000.pdb
SGPL1___TXN,3,3,A,B,0.0000,0.0,0.0,0.0000,0.1146,0.0000,0.0000,0.0,0.0,0.1300,84.5,85.8,0.710,0,0,0,0,,,,,568,105,,,,,SGPL1___TXN_unrelaxed_rank_003_alphafold2_multimer_v3_model_3_seed_000.pdb
SGPL1___TXN,4,2,A,B,0.0000,0.0,0.0,0.0000,0.1031,0.0000,0.0000,0.0,0.0,0.1300,84.3,80.4,0.710,0,0,0,0,,,,,568,105,,,,,SGPL1___TXN_unrelaxed_rank_004_alphafold2_multimer_v3_model_2_seed_000.pdb
SGPL1___TXN,5,5,A,B,0.0000,0.0,0.0,0.0000,0.1125,0.0000,0.0000,0.0,0.0,0.1200,84.1,86.4,0.700,0,0,0,0,,,,,568,105,,,,,SGPL1___TXN_unrelaxed_rank_005_alphafold2_multimer_v3_model_5_seed_000.pdb
SNRPC___CIP2A,1,4,A,B,0.0713,128.9,9.2,0.0123,0.5146,0.0629,0.0809,1038.0,16.0,0.2300,28.1,71.7,0.550,13,216,6,8,45.9,91.0,44.3,75.2,159,905,[34-46],"[60,63,73-74,76-77,79-80,90,99-100,102-107,117-129,140-152,158-215,230-243,249-274,276-288,294-317,319-320,343-345,347,360-374,412,415-423,425-426,478,481-482,485-486]","[38-39,41-42,45-46]","[190-191,194-195,197-198,230,233]",SNRPC___CIP2A_unrelaxed_rank_001_alphafold2_multimer_v3_model_4_seed_000.pdb
SNRPC___CIP2A,2,1,A,B,0.0170,57.3,1.0,0.0000,0.4653,0.0136,0.0214,274.0,12.0,0.2300,28.5,75.0,0.550,12,95,5,8,42.6,91.1,41.9,81.9,159,905,[40-51],"[147-148,150,162,166-167,170,177,180,187-197,201-202,204-209,211-213,225,230,232-243,250-273,277-285,287,299-304,306-307,312-313,315-317,361,364,367]","[41-42,45-46,49]","[194,197,230,233-234,236-237,240]",SNRPC___CIP2A_unrelaxed_rank_002_alphafold2_multimer_v3_model_1_seed_000.pdb
SNRPC___CIP2A,3,3,A,B,0.0000,0.0,0.0,0.0000,0.3565,0.0000,0.0000,0.0,0.0,0.2100,29.1,74.0,0.550,0,0,0,0,,,,,159,905,,,,,SNRPC___CIP2A_unrelaxed_rank_003_alphafold2_multimer_v3_model_3_seed_000.pdb
SNRPC___CIP2A,4,2,A,B,0.0000,0.0,0.0,0.0000,0.2621,0.0000,0.0000,0.0,0.0,0.1800,28.1,75.4,0.550,0,0,0,0,,,,,159,905,,,,,SNRPC___CIP2A_unrelaxed_rank_004_alphafold2_multimer_v3_model_2_seed_000.pdb
SNRPC___CIP2A,5,5,A,B,0.0000,0.0,0.0,0.0000,0.1526,0.0000,0.0000,0.0,0.0,0.1400,28.7,76.8,0.550,0,0,0,0,,,,,159,905,,,,,SNRPC___CIP2A_unrelaxed_rank_005_alphafold2_multimer_v3_model_5_seed_000.pdb
TXLNA___MRPL15,1,2,A,B,0.0000,0.0,0.0,0.0000,0.3413,0.0254,0.0000,2.0,0.0,0.3200,52.8,73.1,0.320,2,2,0,0,57.0,89.4,,,546,296,"[79,86]","[186,233]",,,TXLNA___MRPL15_unrelaxed_rank_001_alphafold2_multimer_v3_model_2_seed_000.pdb
TXLNA___MRPL15,2,5,A,B,0.0000,0.0,0.0,0.0000,0.2856,0.0000,0.0000,0.0,0.0,0.2000,53.4,72.2,0.330,0,0,0,0,,,,,546,296,,,,,TXLNA___MRPL15_unrelaxed_rank_002_alphafold2_multimer_v3_model_5_seed_000.pdb
TXLNA___MRPL15,3,1,A,B,0.0000,0.0,0.0,0.0000,0.1320,0.0000,0.0000,0.0,0.0,0.1400,55.0,76.3,0.310,0,0,0,0,,,,,546,296,,,,,TXLNA___MRPL15_unrelaxed_rank_003_alphafold2_multimer_v3_model_1_seed_000.pdb
TXLNA___MRPL15,4,4,A,B,0.0000,0.0,0.0,0.0000,0.0951,0.0000,0.0000,0.0,0.0,0.1300,41.8,73.0,0.310,0,0,0,0,,,,,546,296,,,,,TXLNA___MRPL15_unrelaxed_rank_004_alphafold2_multimer_v3_model_4_seed_000.pdb
TXLNA___MRPL15,5,3,A,B,0.0000,0.0,0.0,0.0000,0.0934,0.0000,0.0000,0.0,0.0,0.1100,57.2,72.8,0.310,0,0,0,0,,,,,546,296,,,,,TXLNA___MRPL15_unrelaxed_rank_005_alphafold2_multimer_v3_model_3_seed_000.pdb
XPNPEP1___ATXN2L,1,1,A,B,0.0000,0.0,0.0,0.0000,0.4077,0.0000,0.0000,0.0,0.0,0.3000,94.8,23.5,0.470,0,0,0,0,,,,,623,1075,,,,,XPNPEP1___ATXN2L_unrelaxed_rank_001_alphafold2_multimer_v3_model_1_seed_000.pdb
XPNPEP1___ATXN2L,2,4,A,B,0.0000,0.0,0.0,0.0000,0.2907,0.0000,0.0000,0.0,0.0,0.2300,93.8,20.8,0.450,0,0,0,0,,,,,623,1075,,,,,XPNPEP1___ATXN2L_unrelaxed_rank_002_alphafold2_multimer_v3_model_4_seed_000.pdb
XPNPEP1___ATXN2L,3,3,A,B,0.0000,0.0,0.0,0.0000,0.2830,0.0000,0.0000,0.0,0.0,0.1900,94.6,22.7,0.460,0,0,0,0,,,,,623,1075,,,,,XPNPEP1___ATXN2L_unrelaxed_rank_003_alphafold2_multimer_v3_model_3_seed_000.pdb
XPNPEP1___ATXN2L,4,2,A,B,0.0000,0.0,0.0,0.0000,0.2664,0.0000,0.0000,0.0,0.0,0.1800,95.4,22.2,0.460,0,0,0,0,,,,,623,1075,,,,,XPNPEP1___ATXN2L_unrelaxed_rank_004_alphafold2_multimer_v3_model_2_seed_000.pdb
XPNPEP1___ATXN2L,5,5,A,B,0.0000,0.0,0.0,0.0000,0.1832,0.0000,0.0000,0.0,0.0,0.1800,95.0,22.9,0.460,0,0,0,0,,,,,623,1075,,,,,XPNPEP1___ATXN2L_unrelaxed_rank_005_alphafold2_multimer_v3_model_5_seed_000.pdb
ACTR2___MRPL15,1,2,A,B,0.1142,422.3,48.2,0.0185,0.5753,0.0895,0.1458,2923.0,61.0,0.4300,89.4,70.5,0.610,330,17,19,12,91.5,39.7,83.8,40.0,394,296,"[4-38,56-57,59-61,63,71-76,78-199,210-226,228-233,235,239,241-246,251-254,256-271,273,276-331,336-388]","[65-68,72-84]","[139,143-144,147,149-150,152,169-174,357-358,360-361,364-365]","[65-67,73-81]",ACTR2___MRPL15_unrelaxed_rank_001_alphafold2_multimer_v3_model_2_seed_000.pdb
ACTR2___MRPL15,2,3,A,B,0.0000,0.0,0.0,0.0000,0.2206,0.0000,0.0000,0.0,0.0,0.2400,88.8,69.2,0.590,0,0,0,0,,,,,394,296,,,,,ACTR2___MRPL15_unrelaxed_rank_002_alphafold2_multimer_v3_model_3_seed_000.pdb
ACTR2___MRPL15,3,1,A,B,0.0000,0.0,0.0,0.0000,0.2219,0.0000,0.0000,0.0,0.0,0.1800,86.7,70.2,0.570,0,0,0,0,,,,,394,296,,,,,ACTR2___MRPL15_unrelaxed_rank_003_alphafold2_multimer_v3_model_1_seed_000.pdb
ACTR2___MRPL15,4,5,A,B,0.0000,0.0,0.0,0.0000,0.1618,0.0000,0.0000,0.0,0.0,0.1700,88.6,69.8,0.580,0,0,0,0,,,,,394,296,,,,,ACTR2___MRPL15_unrelaxed_rank_004_alphafold2_multimer_v3_model_5_seed_000.pdb
ACTR2___MRPL15,5,4,A,B,0.0000,0.0,0.0,0.0000,0.1337,0.0000,0.0000,0.0,0.0,0.1300,87.8,69.5,0.570,0,0,0,0,,,,,394,296,,,,,ACTR2___MRPL15_unrelaxed_rank_005_alphafold2_multimer_v3_model_4_seed_000.pdb
ASPH___PPP1R10,1,4,A,B,0.0835,664.9,55.5,0.0145,0.7213,0.0752,0.0927,6141.0,72.0,0.2700,59.8,29.9,0.370,394,26,35,16,91.7,31.5,82.9,32.2,758,940,"[338-339,345-346,348-349,351-352,360-369,371,374-411,414-604,612-696,698-758]",[912-937],"[431,462-463,465-466,468,470,473,492-493,496-497,500,524,526-527,533,563-565,616-619,662-664,677,679-683,721,758]","[913-916,922-923,927-936]",ASPH___PPP1R10_unrelaxed_rank_001_alphafold2_multimer_v3_model_4_seed_000.pdb
ASPH___PPP1R10,2,3,A,B,0.0845,342.1,28.9,0.0162,0.7418,0.0744,0.0960,3775.0,31.0,0.2600,59.9,30.6,0.370,404,13,11,10,92.3,34.1,81.4,34.5,758,940,"[334,337-339,341-342,344-346,348-349,351-353,358-372,374-411,414-604,612-696,698-758]",[286-298],"[465-468,470,496-497,500,526,530,617]","[287-291,293-297]",ASPH___PPP1R10_unrelaxed_rank_002_alphafold2_multimer_v3_model_3_seed_000.pdb
ASPH___PPP1R10,3,1,A,B,0.0124,4.5,0.1,0.0000,0.5286,0.0115,0.0134,5.0,4.0,0.2400,61.0,28.7,0.380,4,4,3,3,87.1,30.8,83.6,30.3,758,940,"[405,435-436,682]","[507,509-510,931]","[435-436,682]","[507,510,931]",ASPH___PPP1R10_unrelaxed_rank_003_alphafold2_multimer_v3_model_1_seed_000.pdb
ASPH___PPP1R10,4,2,A,B,0.0708,301.9,21.4,0.0136,0.7038,0.0595,0.0841,2848.0,32.0,0.2400,62.4,29.8,0.380,406,10,18,10,94.8,31.3,88.1,31.3,758,940,"[334-340,342,344-353,357-358,360-372,374-411,414-604,612-687,689-696,699-758]",[288-297],"[462-468,470,473,496-497,499-500,526,529-530,617,682]",[288-297],ASPH___PPP1R10_unrelaxed_rank_004_alphafold2_multimer_v3_model_2_seed_000.pdb
ASPH___PPP1R10,5,5,A,B,0.0224,32.8,0.7,0.0000,0.5992,0.0135,0.0372,179.0,6.0,0.2300,60.4,29.1,0.370,104,7,5,3,93.9,30.8,86.1,29.3,758,940,"[417,420-421,440,442,445,447-449,453-454,456,458-459,462,465-468,470-471,473,476,479-484,487,489-493,496-503,506-507,510-513,519,524,526-527,530-531,534-535,537-538,542-546,548-549,552-553,559,564-565,568,573,576,578,587,590-591,597-598,647-649,665,669,678,680,682,688,691,693-695,703,708-709,711,716,718,727,735-736,741,745]","[291-295,912,930]","[466,496,499-500,530]","[291,294-295]",ASPH___PPP1R10_unrelaxed_rank_005_alphafold2_multimer_v3_model_5_seed_000.pdb
CIP2A___NUP107,1,4,A,B,0.0000,0.0,0.0,0.0000,0.2142,0.0000,0.0000,0.0,0.0,0.1900,61.9,72.8,0.470,0,0,0,0,,,,,905,925,,,,,CIP2A___NUP107_unrelaxed_rank_001_alphafold2_multimer_v3_model_4_seed_000.pdb
CIP2A___NUP107,2,5,A,B,0.0000,0.0,0.0,0.0000,0.2142,0.0000,0.0000,0.0,0.0,0.1900,59.5,72.7,0.470,0,0,0,0,,,,,905,925,,,,,CIP2A___NUP107_unrelaxed_rank_002_alphafold2_multimer_v3_model_5_seed_000.pdb
CIP2A___NUP107,3,3,A,B,0.0000,0.0,0.0,0.0000,0.1948,0.0000,0.0000,0.0,0.0,0.1800,61.0,72.8,0.470,0,0,0,0,,,,,905,925,,,,,CIP2A___NUP107_unrelaxed_rank_003_alphafold2_multimer_v3_model_3_seed_000.pdb
CIP2A___NUP107,4,1,A,B,0.0000,0.0,0.0,0.0000,0.2032,0.0000,0.0000,0.0,0.0,0.1800,64.0,72.7,0.450,0,0,0,0,,,,,905,925,,,,,CIP2A___NUP107_unrelaxed_rank_004_alphafold2_multimer_v3_model_1_seed_000.pdb
CIP2A___NUP107,5,2,A,B,0.0000,0.0,0.0,0.0000,0.1719,0.0000,0.0000,0.0,0.0,0.1700,64.9,73.7,0.460,0,0,0,0,,,,,905,925,,,,,CIP2A___NUP107_unrelaxed_rank_005_alphafold2_multimer_v3_model_2_seed_000.pdb
EDC3___EPB41,1,5,A,B,0.2714,539.8,146.5,0.1114,0.8883,0.2092,0.3521,3554.0,82.0,0.3400,60.5,46.9,0.380,14,295,11,24,52.7,87.9,55.6,75.7,508,864,[242-255],"[210-276,279-340,349-356,360-374,377-455,457,459-495,502-525,529,531]",[244-254],"[434-435,437-443,474,477,480-481,484-485,488-489,502-508]",EDC3___EPB41_unrelaxed_rank_001_alphafold2_multimer_v3_model_5_seed_000.pdb
EDC3___EPB41,2,4,A,B,0.1261,326.4,41.1,0.0168,0.7378,0.1022,0.1555,2010.0,53.0,0.2600,59.6,46.3,0.380,12,250,8,17,47.2,87.7,49.6,80.1,508,864,[243-254],"[211-223,225-226,228-256,262-275,281-338,350,353-355,362-372,377-425,427-453,462-491,509,512-523]","[244,246-252]","[434,437-443,450,474,477,481,484-485,488-489,509]",EDC3___EPB41_unrelaxed_rank_002_alphafold2_multimer_v3_model_4_seed_000.pdb
EDC3___EPB41,3,3,A,B,0.0825,209.3,17.3,0.0186,0.6311,0.0808,0.0843,1217.0,36.0,0.2600,60.6,46.7,0.370,12,225,11,19,49.3,89.8,50.3,78.5,508,864,"[53,243-253]","[212-218,220-222,229-256,262-266,268-274,280-315,317-319,321-329,331-334,336,364,366-368,370-371,378-405,407,409-424,428,430-452,462-491,505-509,512-522,854]","[53,243-252]","[434,437-443,474,477,481,484-485,488-489,505-507,854]",EDC3___EPB41_unrelaxed_rank_003_alphafold2_multimer_v3_model_3_seed_000.pdb
EDC3___EPB41,4,2,A,B,0.0294,9.9,0.3,0.0000,0.4972,0.0176,0.0492,99.0,1.0,0.2300,61.6,46.9,0.370,5,67,1,1,42.6,90.7,44.8,92.4,508,864,[247-251],"[214-217,239-240,243,245,247,251,253,264,282-283,289,296,301-302,305,308-309,312,368,387,393,401,410-413,415,417,420-423,428,431,434,436-438,440,442,444-449,451,467,469-470,472-474,476-478,480,482,485,488-489,517-518]",[249],[477],EDC3___EPB41_unrelaxed_rank_004_alphafold2_multimer_v3_model_2_seed_000.pdb
EDC3___EPB41,5,1,A,B,0.0000,0.0,0.0,0.0000,0.4319,0.0000,0.0000,0.0,0.0,0.2100,60.0,47.3,0.370,0,0,0,0,,,,,508,864,,,,,EDC3___EPB41_unrelaxed_rank_005_alphafold2_multimer_v3_model_1_seed_000.pdb
GNAI3___PPIB,1,3,A,B,0.3371,2269.6,765.0,0.4567,0.8590,0.2131,0.5332,35282.0,146.0,0.6700,89.2,80.3,0.710,329,181,24,31,90.2,91.7,73.1,83.3,354,216,"[2-96,100-110,120-204,207-232,241-352]",[36-216],"[8-9,11-20,22-23,26-27,29-30,33,216-217,350-352]","[95,98-101,103,106,108-109,111-116,121-122,141-144,147,151,153,157-162,165]",GNAI3___PPIB_unrelaxed_rank_001_alphafold2_multimer_v3_model_3_seed_000.pdb
GNAI3___PPIB,2,2,A,B,0.1722,656.4,113.1,0.0493,0.6030,0.1506,0.1971,4104.0,105.0,0.4500,87.8,80.5,0.600,25,176,17,26,56.1,91.4,53.5,80.8,354,216,"[9-32,34]",[40-215],"[12-13,15-23,26-31]","[100,103,106,108-109,111-115,121-122,141-144,147,151,153,159-163,165-166]",GNAI3___PPIB_unrelaxed_rank_002_alphafold2_multimer_v3_model_2_seed_000.pdb
GNAI3___PPIB,3,1,A,B,0.0767,314.8,24.2,0.0139,0.4241,0.0673,0.0875,2360.0,42.0,0.4400,87.2,79.9,0.600,24,175,14,19,59.1,90.3,56.8,77.4,354,216,"[10-32,34]","[40-207,209-215]","[12,15-16,18-23,26-27,29-31]","[95,109,111-114,121-122,141-144,147,151,153,159,161-162,165]",GNAI3___PPIB_unrelaxed_rank_003_alphafold2_multimer_v3_model_1_seed_000.pdb
GNAI3___PPIB,4,4,A,B,0.0951,271.0,25.8,0.0140,0.4419,0.0835,0.1082,1748.0,42.0,0.3900,87.3,79.8,0.600,20,174,12,12,54.5,91.2,54.5,78.2,354,216,[12-31],"[40-207,209-214]","[16-23,26-27,30-31]","[103,112-113,141-144,147,151,161-162,165]",GNAI3___PPIB_unrelaxed_rank_004_alphafold2_multimer_v3_model_4_seed_000.pdb
GNAI3___PPIB,5,5,A,B,0.0000,0.0,0.0,0.0000,0.2596,0.0171,0.0000,1.0,0.0,0.3200,86.7,79.2,0.600,1,1,0,0,51.8,71.2,,,354,216,[23],[100],,,GNAI3___PPIB_unrelaxed_rank_005_alphafold2_multimer_v3_model_5_seed_000.pdb
MARS2___EPB41,1,4,A,B,0.1138,332.6,37.8,0.0156,0.7622,0.0788,0.1642,4096.0,27.0,0.4800,84.6,43.3,0.500,342,37,12,7,93.7,60.0,87.5,63.1,593,864,"[47-49,58,61-78,88-93,111-130,132-140,142-155,213-214,221-223,225,233-234,236-246,276,283-292,300,305-310,312-327,329-332,334-338,342,357-380,383-431,440-548,552-569,571-572,575-580]","[800-806,813-819,833-855]","[400,405,408-409,412-415,488,491,493-494]","[816,843-848]",MARS2___EPB41_unrelaxed_rank_001_alphafold2_multimer_v3_model_4_seed_000.pdb
MARS2___EPB41,2,1,A,B,0.0000,0.0,0.0,0.0000,0.3771,0.0000,0.0000,0.0,0.0,0.2300,85.6,45.1,0.470,0,0,0,0,,,,,593,864,,,,,MARS2___EPB41_unrelaxed_rank_002_alphafold2_multimer_v3_model_1_seed_000.pdb
MARS2___EPB41,3,5,A,B,0.0000,0.0,0.0,0.0000,0.1672,0.0000,0.0000,0.0,0.0,0.1700,85.8,44.1,0.470,0,0,0,0,,,,,593,864,,,,,MARS2___EPB41_unrelaxed_rank_003_alphafold2_multimer_v3_model_5_seed_000.pdb
MARS2___EPB41,4,2,A,B,0.0000,0.0,0.0,0.0000,0.1762,0.0000,0.0000,0.0,0.0,0.1700,85.7,45.3,0.460,0,0,0,0,,,,,593,864,,,,,MARS2___EPB41_unrelaxed_rank_004_alphafold2_multimer_v3_model_2_seed_000.pdb
MARS2___EPB41,5,3,A,B,0.0000,0.0,0.0,0.0000,0.1562,0.0000,0.0000,0.0,0.0,0.1700,85.3,45.5,0.460,0,0,0,0,,,,,593,864,,,,,MARS2___EPB41_unrelaxed_rank_005_alphafold2_multimer_v3_model_3_seed_000.pdb
MARS2___PSMA4,1,2,A,B,0.0000,0.0,0.0,0.0000,0.2044,0.0000,0.0000,0.0,0.0,0.2300,85.6,76.2,0.680,0,0,0,0,,,,,593,261,,,,,MARS2___PSMA4_unrelaxed_rank_001_alphafold2_multimer_v3_model_2_seed_000.pdb
MARS2___PSMA4,2,4,A,B,0.0000,0.0,0.0,0.0000,0.1856,0.0000,0.0000,0.0,0.0,0.2200,84.5,66.6,0.680,0,0,0,0,,,,,593,261,,,,,MARS2___PSMA4_unrelaxed_rank_002_alphafold2_multimer_v3_model_4_seed_000.pdb
MARS2___PSMA4,3,3,A,B,0.0000,0.0,0.0,0.0000,0.1937,0.0000,0.0000,0.0,0.0,0.2200,85.2,71.0,0.670,0,0,0,0,,,,,593,261,,,,,MARS2___PSMA4_unrelaxed_rank_003_alphafold2_multimer_v3_model_3_seed_000.pdb
MARS2___PSMA4,4,5,A,B,0.0000,0.0,0.0,0.0000,0.1638,0.0000,0.0000,0.0,0.0,0.2000,85.1,67.6,0.670,0,0,0,0,,,,,593,261,,,,,MARS2___PSMA4_unrelaxed_rank_004_alphafold2_multimer_v3_model_5_seed_000.pdb
MARS2___PSMA4,5,1,A,B,0.0000,0.0,0.0,0.0000,0.1758,0.0000,0.0000,0.0,0.0,0.1900,85.2,69.1,0.670,0,0,0,0,,,,,593,261,,,,,MARS2___PSMA4_unrelaxed_rank_005_alphafold2_multimer_v3_model_1_seed_000.pdb
MARS2___SAFB,1,3,A,B,0.0000,0.0,0.0,0.0000,0.2393,0.0000,0.0000,0.0,0.0,0.1900,87.4,27.4,0.460,0,0,0,0,,,,,593,915,,,,,MARS2___SAFB_unrelaxed_rank_001_alphafold2_multimer_v3_model_3_seed_000.pdb
MARS2___SAFB,2,1,A,B,0.0000,0.0,0.0,0.0000,0.1855,0.0000,0.0000,0.0,0.0,0.1800,87.1,27.2,0.450,0,0,0,0,,,,,593,915,,,,,MARS2___SAFB_unrelaxed_rank_002_alphafold2_multimer_v3_model_1_seed_000.pdb
MARS2___SAFB,3,4,A,B,0.0000,0.0,0.0,0.0000,0.2047,0.0000,0.0000,0.0,0.0,0.1800,87.1,25.3,0.450,0,0,0,0,,,,,593,915,,,,,MARS2___SAFB_unrelaxed_rank_003_alphafold2_multimer_v3_model_4_seed_000.pdb
MARS2___SAFB,4,5,A,B,0.0000,0.0,0.0,0.0000,0.1940,0.0000,0.0000,0.0,0.0,0.1700,87.9,27.1,0.450,0,0,0,0,,,,,593,915,,,,,MARS2___SAFB_unrelaxed_rank_004_alphafold2_multimer_v3_model_5_seed_000.pdb
MARS2___SAFB,5,2,A,B,0.0000,0.0,0.0,0.0000,0.2220,0.0000,0.0000,0.0,0.0,0.1700,87.5,28.6,0.460,0,0,0,0,,,,,593,915,,,,,MARS2___SAFB_unrelaxed_rank_005_alphafold2_multimer_v3_model_2_seed_000.pdb
MRPL12___ALDH1L2,1,4,A,B,0.0000,0.0,0.0,0.0000,0.3123,0.0000,0.0000,0.0,0.0,0.1900,42.5,90.9,0.550,0,0,0,0,,,,,198,923,,,,,MRPL12___ALDH1L2_unrelaxed_rank_001_alphafold2_multimer_v3_model_4_seed_000.pdb
MRPL12___ALDH1L2,2,2,A,B,0.0000,0.0,0.0,0.0000,0.1794,0.0000,0.0000,0.0,0.0,0.1800,39.9,91.1,0.540,0,0,0,0,,,,,198,923,,,,,MRPL12___ALDH1L2_unrelaxed_rank_002_alphafold2_multimer_v3_model_2_seed_000.pdb
MRPL12___ALDH1L2,3,3,A,B,0.0000,0.0,0.0,0.0000,0.0000,0.0000,0.0000,0.0,0.0,0.1400,42.1,91.2,0.550,0,0,0,0,,,,,198,923,,,,,MRPL12___ALDH1L2_unrelaxed_rank_003_alphafold2_multimer_v3_model_3_seed_000.pdb
MRPL12___ALDH1L2,4,5,A,B,0.0000,0.0,0.0,0.0000,0.1237,0.0000,0.0000,0.0,0.0,0.1400,41.5,90.9,0.550,0,0,0,0,,,,,198,923,,,,,MRPL12___ALDH1L2_unrelaxed_rank_004_alphafold2_multimer_v3_model_5_seed_000.pdb
MRPL12___ALDH1L2,5,1,A,B,0.0000,0.0,0.0,0.0000,0.1328,0.0000,0.0000,0.0,0.0,0.1400,38.3,90.8,0.530,0,0,0,0,,,,,198,923,,,,,MRPL12___ALDH1L2_unrelaxed_rank_005_alphafold2_multimer_v3_model_1_seed_000.pdb
NBN___EDC3,1,1,A,B,0.0875,12.7,1.1,0.0132,0.5768,0.0731,0.1047,23.0,7.0,0.1900,47.9,60.7,0.340,2,18,1,5,37.1,72.2,38.5,69.7,754,508,[702-703],"[24,27,29-36,41,50,53-58]",[703],"[29-30,33,35,56]",NBN___EDC3_unrelaxed_rank_001_alphafold2_multimer_v3_model_1_seed_000.pdb
NBN___EDC3,2,3,A,B,0.0000,0.0,0.0,0.0000,0.1634,0.0000,0.0000,0.0,0.0,0.1700,47.0,60.4,0.350,0,0,0,0,,,,,754,508,,,,,NBN___EDC3_unrelaxed_rank_002_alphafold2_multimer_v3_model_3_seed_000.pdb
NBN___EDC3,3,2,A,B,0.0000,0.0,0.0,0.0000,0.3502,0.0000,0.0000,0.0,0.0,0.1600,48.1,60.8,0.350,0,0,0,0,,,,,754,508,,,,,NBN___EDC3_unrelaxed_rank_003_alphafold2_multimer_v3_model_2_seed_000.pdb
NBN___EDC3,4,4,A,B,0.0000,0.0,0.0,0.0000,0.1575,0.0000,0.0000,0.0,0.0,0.1600,47.0,59.7,0.340,0,0,0,0,,,,,754,508,,,,,NBN___EDC3_unrelaxed_rank_004_alphafold2_multimer_v3_model_4_seed_000.pdb
NBN___EDC3,5,5,A,B,0.0000,0.0,0.0,0.0000,0.1453,0.0000,0.0000,0.0,0.0,0.1500,47.5,61.2,0.340,0,0,0,0,,,,,754,508,,,,,NBN___EDC3_unrelaxed_rank_005_alphafold2_multimer_v3_model_5_seed_000.pdb
PDXDC1___PPIB,1,4,A,B,0.0183,17.4,0.3,0.0111,0.4543,0.0189,0.0177,151.0,2.0,0.3800,71.0,80.0,0.630,9,89,2,1,68.8,92.9,48.4,87.8,788,216,"[179,206,208-212,216,240]","[41-49,51,59-79,81,88-91,94-96,99-100,102,106-108,112-113,118-119,123,130,132,135,138,140-141,144,152-155,159,161-163,166,169-175,178-179,181-183,192,194-195,199-200,202,205-206,210-211,213]",[209-210],[141],PDXDC1___PPIB_unrelaxed_rank_001_alphafold2_multimer_v3_model_4_seed_000.pdb
PDXDC1___PPIB,2,5,A,B,0.0000,0.0,0.0,0.0000,0.1931,0.0000,0.0000,0.0,0.0,0.1700,70.0,77.6,0.600,0,0,0,0,,,,,788,216,,,,,PDXDC1___PPIB_unrelaxed_rank_002_alphafold2_multimer_v3_model_5_seed_000.pdb
PDXDC1___PPIB,3,2,A,B,0.0000,0.0,0.0,0.0000,0.1802,0.0000,0.0000,0.0,0.0,0.1700,70.9,78.3,0.590,0,0,0,0,,,,,788,216,,,,,PDXDC1___PPIB_unrelaxed_rank_003_alphafold2_multimer_v3_model_2_seed_000.pdb
PDXDC1___PPIB,4,3,A,B,0.0000,0.0,0.0,0.0000,0.1815,0.0000,0.0000,0.0,0.0,0.1600,70.4,77.4,0.590,0,0,0,0,,,,,788,216,,,,,PDXDC1___PPIB_unrelaxed_rank_004_alphafold2_multimer_v3_model_3_seed_000.pdb
PDXDC1___PPIB,5,1,A,B,0.0000,0.0,0.0,0.0000,0.1433,0.0000,0.0000,0.0,0.0,0.1500,70.2,76.9,0.570,0,0,0,0,,,,,788,216,,,,,PDXDC1___PPIB_unrelaxed_rank_005_alphafold2_multimer_v3_model_1_seed_000.pdb
PPIB___GFP,1,2,A,B,0.1475,347.4,51.3,0.0174,0.5197,0.1257,0.1731,2012.0,60.0,0.2300,80.1,88.7,0.570,176,21,23,11,91.2,56.6,80.2,37.6,216,238,[40-215],"[69,149-152,200-202,226-238]","[94-95,97,103,106,111-114,140-145,147-149,151,153,165,190-191]","[227-228,230-238]",PPIB___GFP_unrelaxed_rank_001_alphafold2_multimer_v3_model_2_seed_000.pdb
PPIB___GFP,2,3,A,B,0.0000,0.0,0.0,0.0000,0.1160,0.0000,0.0000,0.0,0.0,0.1800,78.6,87.5,0.530,0,0,0,0,,,,,216,238,,,,,PPIB___GFP_unrelaxed_rank_002_alphafold2_multimer_v3_model_3_seed_000.pdb
PPIB___GFP,3,5,A,B,0.0000,0.0,0.0,0.0000,0.1262,0.0000,0.0000,0.0,0.0,0.1800,78.3,87.6,0.530,0,0,0,0,,,,,216,238,,,,,PPIB___GFP_unrelaxed_rank_003_alphafold2_multimer_v3_model_5_seed_000.pdb
PPIB___GFP,4,4,A,B,0.0000,0.0,0.0,0.0000,0.1143,0.0000,0.0000,0.0,0.0,0.1700,79.8,87.9,0.530,0,0,0,0,,,,,216,238,,,,,PPIB___GFP_unrelaxed_rank_004_alphafold2_multimer_v3_model_4_seed_000.pdb
PPIB___GFP,5,1,A,B,0.0000,0.0,0.0,0.0000,0.0981,0.0000,0.0000,0.0,0.0,0.1700,78.4,86.2,0.520,0,0,0,0,,,,,216,238,,,,,PPIB___GFP_unrelaxed_rank_005_alphafold2_multimer_v3_model_1_seed_000.pdb
SAFB___GFP,1,1,A,B,0.0000,0.0,0.0,0.0000,0.3186,0.0000,0.0000,0.0,0.0,0.4400,32.4,90.1,0.320,0,0,0,0,,,,,915,238,,,,,SAFB___GFP_unrelaxed_rank_001_alphafold2_multimer_v3_model_1_seed_000.pdb
SAFB___GFP,2,4,A,B,0.0000,0.0,0.0,0.0000,0.1896,0.0000,0.0000,0.0,0.0,0.2200,29.9,89.0,0.300,0,0,0,0,,,,,915,238,,,,,SAFB___GFP_unrelaxed_rank_002_alphafold2_multimer_v3_model_4_seed_000.pdb
SAFB___GFP,3,3,A,B,0.0000,0.0,0.0,0.0000,0.1694,0.0000,0.0000,0.0,0.0,0.1900,31.7,88.2,0.310,0,0,0,0,,,,,915,238,,,,,SAFB___GFP_unrelaxed_rank_003_alphafold2_multimer_v3_model_3_seed_000.pdb
SAFB___GFP,4,5,A,B,0.0000,0.0,0.0,0.0000,0.1518,0.0000,0.0000,0.0,0.0,0.1800,31.1,89.8,0.300,0,0,0,0,,,,,915,238,,,,,SAFB___GFP_unrelaxed_rank_004_alphafold2_multimer_v3_model_5_seed_000.pdb
SAFB___GFP,5,2,A,B,0.0000,0.0,0.0,0.0000,0.1532,0.0000,0.0000,0.0,0.0,0.1700,32.1,90.9,0.300,0,0,0,0,,,,,915,238,,,,,SAFB___GFP_unrelaxed_rank_005_alphafold2_multimer_v3_model_2_seed_000.pdb
SGPL1___IBA57,1,4,A,B,0.0000,0.0,0.0,0.0000,0.1615,0.0000,0.0000,0.0,0.0,0.1900,84.1,74.9,0.570,0,0,0,0,,,,,568,356,,,,,SGPL1___IBA57_unrelaxed_rank_001_alphafold2_multimer_v3_model_4_seed_000.pdb
SGPL1___IBA57,2,5,A,B,0.0000,0.0,0.0,0.0000,0.1286,0.0000,0.0000,0.0,0.0,0.1400,84.2,74.9,0.560,0,0,0,0,,,,,568,356,,,,,SGPL1___IBA57_unrelaxed_rank_002_alphafold2_multimer_v3_model_5_seed_000.pdb
SGPL1___IBA57,3,2,A,B,0.0000,0.0,0.0,0.0000,0.1604,0.0000,0.0000,0.0,0.0,0.1300,86.1,76.4,0.570,0,0,0,0,,,,,568,356,,,,,SGPL1___IBA57_unrelaxed_rank_003_alphafold2_multimer_v3_model_2_seed_000.pdb
SGPL1___IBA57,4,1,A,B,0.0000,0.0,0.0,0.0000,0.1373,0.0000,0.0000,0.0,0.0,0.1300,85.4,74.2,0.560,0,0,0,0,,,,,568,356,,,,,SGPL1___IBA57_unrelaxed_rank_004_alphafold2_multimer_v3_model_1_seed_000.pdb
SGPL1___IBA57,5,3,A,B,0.0000,0.0,0.0,0.0000,0.1216,0.0000,0.0000,0.0,0.0,0.1300,85.5,75.9,0.570,0,0,0,0,,,,,568,356,,,,,SGPL1___IBA57_unrelaxed_rank_005_alphafold2_multimer_v3_model_3_seed_000.pdb
SNRPC___SAFB,1,4,A,B,0.0000,0.0,0.0,0.0000,0.2817,0.0000,0.0000,0.0,0.0,0.1800,38.5,33.8,0.190,0,0,0,0,,,,,159,915,,,,,SNRPC___SAFB_unrelaxed_rank_001_alphafold2_multimer_v3_model_4_seed_000.pdb
SNRPC___SAFB,2,3,A,B,0.0000,0.0,0.0,0.0000,0.2545,0.0000,0.0000,0.0,0.0,0.1500,35.6,34.1,0.200,0,0,0,0,,,,,159,915,,,,,SNRPC___SAFB_unrelaxed_rank_002_alphafold2_multimer_v3_model_3_seed_000.pdb
SNRPC___SAFB,3,2,A,B,0.0000,0.0,0.0,0.0000,0.0000,0.0000,0.0000,0.0,0.0,0.1500,42.5,35.2,0.200,0,0,0,0,,,,,159,915,,,,,SNRPC___SAFB_unrelaxed_rank_003_alphafold2_multimer_v3_model_2_seed_000.pdb
SNRPC___SAFB,4,1,A,B,0.0000,0.0,0.0,0.0000,0.1625,0.0000,0.0000,0.0,0.0,0.1500,35.9,34.8,0.200,0,0,0,0,,,,,159,915,,,,,SNRPC___SAFB_unrelaxed_rank_004_alphafold2_multimer_v3_model_1_seed_000.pdb
SNRPC___SAFB,5,5,A,B,0.0000,0.0,0.0,0.0000,0.1448,0.0000,0.0000,0.0,0.0,0.1400,38.3,34.5,0.190,0,0,0,0,,,,,159,915,,,,,SNRPC___SAFB_unrelaxed_rank_005_alphafold2_multimer_v3_model_5_seed_000.pdb
STIP1___ATXN2L,1,2,A,B,0.0000,0.0,0.0,0.0000,0.2865,0.0000,0.0000,0.0,0.0,0.2100,83.1,24.1,0.300,0,0,0,0,,,,,543,1075,,,,,STIP1___ATXN2L_unrelaxed_rank_001_alphafold2_multimer_v3_model_2_seed_000.pdb
STIP1___ATXN2L,2,1,A,B,0.0000,0.0,0.0,0.0000,0.1835,0.0000,0.0000,0.0,0.0,0.1800,82.0,24.7,0.290,0,0,0,0,,,,,543,1075,,,,,STIP1___ATXN2L_unrelaxed_rank_002_alphafold2_multimer_v3_model_1_seed_000.pdb
STIP1___ATXN2L,3,4,A,B,0.0000,0.0,0.0,0.0000,0.2005,0.0000,0.0000,0.0,0.0,0.1700,78.3,23.2,0.280,0,0,0,0,,,,,543,1075,,,,,STIP1___ATXN2L_unrelaxed_rank_003_alphafold2_multimer_v3_model_4_seed_000.pdb
STIP1___ATXN2L,4,5,A,B,0.0000,0.0,0.0,0.0000,0.1903,0.0000,0.0000,0.0,0.0,0.1700,81.1,25.0,0.290,0,0,0,0,,,,,543,1075,,,,,STIP1___ATXN2L_unrelaxed_rank_004_alphafold2_multimer_v3_model_5_seed_000.pdb
STIP1___ATXN2L,5,3,A,B,0.0000,0.0,0.0,0.0000,0.2125,0.0000,0.0000,0.0,0.0,0.1700,79.6,25.1,0.290,0,0,0,0,,,,,543,1075,,,,,STIP1___ATXN2L_unrelaxed_rank_005_alphafold2_multimer_v3_model_3_seed_000.pdb
STIP1___PSMA2,1,4,A,B,0.0000,0.0,0.0,0.0000,0.1470,0.0000,0.0000,0.0,0.0,0.2000,80.3,78.9,0.400,0,0,0,0,,,,,543,234,,,,,STIP1___PSMA2_unrelaxed_rank_001_alphafold2_multimer_v3_model_4_seed_000.pdb
STIP1___PSMA2,2,3,A,B,0.0000,0.0,0.0,0.0000,0.1464,0.0000,0.0000,0.0,0.0,0.2000,80.3,79.4,0.400,0,0,0,0,,,,,543,234,,,,,STIP1___PSMA2_unrelaxed_rank_002_alphafold2_multimer_v3_model_3_seed_000.pdb
STIP1___PSMA2,3,1,A,B,0.0000,0.0,0.0,0.0000,0.1429,0.0000,0.0000,0.0,0.0,0.2100,82.2,80.3,0.390,0,0,0,0,,,,,543,234,,,,,STIP1___PSMA2_unrelaxed_rank_003_alphafold2_multimer_v3_model_1_seed_000.pdb
STIP1___PSMA2,4,5,A,B,0.0000,0.0,0.0,0.0000,0.1389,0.0000,0.0000,0.0,0.0,0.2000,81.0,78.4,0.410,0,0,0,0,,,,,543,234,,,,,STIP1___PSMA2_unrelaxed_rank_004_alphafold2_multimer_v3_model_5_seed_000.pdb
STIP1___PSMA2,5,2,A,B,0.0000,0.0,0.0,0.0000,0.1159,0.0000,0.0000,0.0,0.0,0.2000,82.1,81.0,0.400,0,0,0,0,,,,,543,234,,,,,STIP1___PSMA2_unrelaxed_rank_005_alphafold2_multimer_v3_model_2_seed_000.pdb
TXLNA___ASPH,1,4,A,B,0.0000,0.0,0.0,0.0000,0.3437,0.0000,0.0000,0.0,0.0,0.1900,30.2,62.3,0.410,0,0,0,0,,,,,546,758,,,,,TXLNA___ASPH_unrelaxed_rank_001_alphafold2_multimer_v3_model_4_seed_000.pdb
TXLNA___ASPH,2,1,A,B,0.0000,0.0,0.0,0.0000,0.3528,0.0000,0.0000,0.0,0.0,0.1700,41.7,62.7,0.400,0,0,0,0,,,,,546,758,,,,,TXLNA___ASPH_unrelaxed_rank_002_alphafold2_multimer_v3_model_1_seed_000.pdb
TXLNA___ASPH,3,3,A,B,0.0000,0.0,0.0,0.0000,0.3184,0.0000,0.0000,0.0,0.0,0.1600,45.9,62.3,0.400,0,0,0,0,,,,,546,758,,,,,TXLNA___ASPH_unrelaxed_rank_003_alphafold2_multimer_v3_model_3_seed_000.pdb
TXLNA___ASPH,4,2,A,B,0.0000,0.0,0.0,0.0000,0.1319,0.0000,0.0000,0.0,0.0,0.1500,42.2,63.5,0.400,0,0,0,0,,,,,546,758,,,,,TXLNA___ASPH_unrelaxed_rank_004_alphafold2_multimer_v3_model_2_seed_000.pdb
TXLNA___ASPH,5,5,A,B,0.0000,0.0,0.0,0.0000,0.1358,0.0000,0.0000,0.0,0.0,0.1500,44.3,61.9,0.400,0,0,0,0,,,,,546,758,,,,,TXLNA___ASPH_unrelaxed_rank_005_alphafold2_multimer_v3_model_5_seed_000.pdb
XRN2___GFP,1,3,A,B,0.0000,0.0,0.0,0.0000,0.1682,0.0000,0.0000,0.0,0.0,0.2300,68.8,84.6,0.620,0,0,0,0,,,,,950,238,,,,,XRN2___GFP_unrelaxed_rank_001_alphafold2_multimer_v3_model_3_seed_000.pdb
XRN2___GFP,2,2,A,B,0.0000,0.0,0.0,0.0000,0.1739,0.0000,0.0000,0.0,0.0,0.1900,69.8,83.1,0.630,0,0,0,0,,,,,950,238,,,,,XRN2___GFP_unrelaxed_rank_002_alphafold2_multimer_v3_model_2_seed_000.pdb
XRN2___GFP,3,5,A,B,0.0000,0.0,0.0,0.0000,0.1782,0.0000,0.0000,0.0,0.0,0.1900,69.4,85.5,0.620,0,0,0,0,,,,,950,238,,,,,XRN2___GFP_unrelaxed_rank_003_alphafold2_multimer_v3_model_5_seed_000.pdb
XRN2___GFP,4,4,A,B,0.0000,0.0,0.0,0.0000,0.1721,0.0000,0.0000,0.0,0.0,0.1800,68.6,84.5,0.620,0,0,0,0,,,,,950,238,,,,,XRN2___GFP_unrelaxed_rank_004_alphafold2_multimer_v3_model_4_seed_000.pdb
XRN2___GFP,5,1,A,B,0.0000,0.0,0.0,0.0000,0.1885,0.0000,0.0000,0.0,0.0,0.1800,68.3,82.1,0.610,0,0,0,0,,,,,950,238,,,,,XRN2___GFP_unrelaxed_rank_005_alphafold2_multimer_v3_model_1_seed_000.pdb
ACTR2___STIP1,1,2,A,B,0.0000,0.0,0.0,0.0000,0.2137,0.0000,0.0000,0.0,0.0,0.2300,90.2,80.9,0.480,0,0,0,0,,,,,394,543,,,,,ACTR2___STIP1_unrelaxed_rank_001_alphafold2_multimer_v3_model_2_seed_000.pdb
ACTR2___STIP1,2,1,A,B,0.0000,0.0,0.0,0.0000,0.2417,0.0000,0.0000,0.0,0.0,0.2300,88.9,79.0,0.480,0,0,0,0,,,,,394,543,,,,,ACTR2___STIP1_unrelaxed_rank_002_alphafold2_multimer_v3_model_1_seed_000.pdb
ACTR2___STIP1,3,4,A,B,0.0000,0.0,0.0,0.0000,0.1623,0.0000,0.0000,0.0,0.0,0.2200,86.9,76.3,0.470,0,0,0,0,,,,,394,543,,,,,ACTR2___STIP1_unrelaxed_rank_003_alphafold2_multimer_v3_model_4_seed_000.pdb
ACTR2___STIP1,4,5,A,B,0.0000,0.0,0.0,0.0000,0.2086,0.0000,0.0000,0.0,0.0,0.2100,89.3,79.4,0.470,0,0,0,0,,,,,394,543,,,,,ACTR2___STIP1_unrelaxed_rank_004_alphafold2_multimer_v3_model_5_seed_000.pdb
ACTR2___STIP1,5,3,A,B,0.0000,0.0,0.0,0.0000,0.1538,0.0000,0.0000,0.0,0.0,0.1700,89.1,78.2,0.460,0,0,0,0,,,,,394,543,,,,,ACTR2___STIP1_unrelaxed_rank_005_alphafold2_multimer_v3_model_3_seed_000.pdb
ASPH___ATXN2L,1,1,A,B,0.2814,908.9,255.8,0.3700,0.9613,0.2033,0.3895,10326.0,80.0,0.4600,62.0,24.7,0.380,421,41,29,23,94.3,51.2,85.8,46.5,758,1075,"[329-604,612-696,699-758]","[238-269,659-667]","[392-395,398,432-437,465-466,468,470,500,524,526,564-565,616-618,635,661,682,756-758]","[238-239,241,244-247,249-251,255-256,259-260,263,659-662,664-667]",ASPH___ATXN2L_unrelaxed_rank_001_alphafold2_multimer_v3_model_1_seed_000.pdb
ASPH___ATXN2L,2,2,A,B,0.2710,1406.0,381.1,0.3284,0.9339,0.2206,0.3331,14752.0,134.0,0.4600,63.2,24.1,0.380,426,48,41,28,94.8,49.2,88.4,45.6,758,1075,"[328-605,611-758]","[242-270,1045-1063]","[392-395,398,432-435,465-466,468,470,496,499-500,524,526,529-530,533,563-564,616-619,632-633,635,637,661,664,677,679-682,756-758]","[244-251,255-256,259,263,1046-1060,1063]",ASPH___ATXN2L_unrelaxed_rank_002_alphafold2_multimer_v3_model_2_seed_000.pdb
ASPH___ATXN2L,3,5,A,B,0.2457,711.8,174.9,0.2739,0.9008,0.1852,0.3260,8588.0,59.0,0.4500,60.6,24.6,0.370,420,41,23,20,93.6,47.7,83.0,46.2,758,1075,"[328-604,612-615,617-696,699-731,733-758]","[239-267,1045-1056]","[392-395,398,432-438,465-466,468,526,564-565,617,682,756-758]","[239-240,245,247-251,255-256,259-260,263,1047-1050,1052-1053,1056]",ASPH___ATXN2L_unrelaxed_rank_003_alphafold2_multimer_v3_model_5_seed_000.pdb
ASPH___ATXN2L,4,4,A,B,0.2577,1032.3,266.0,0.1627,0.8912,0.2255,0.2945,10764.0,99.0,0.4300,60.7,22.7,0.370,422,52,40,25,93.1,58.1,83.9,44.8,758,1075,"[330-604,612-758]","[121-131,133,135,138,146,148-150,191-224]","[391-396,398,432-434,436,462,465-468,470,496,500,526,564-565,615-618,629,632-633,661-664,681-682,721,741,756-758]","[196-199,201-203,205-206,208-213,215-224]",ASPH___ATXN2L_unrelaxed_rank_004_alphafold2_multimer_v3_model_4_seed_000.pdb
ASPH___ATXN2L,5,3,A,B,0.0000,0.0,0.0,0.0000,0.4871,0.0124,0.0000,33.0,0.0,0.2400,59.9,23.5,0.360,30,3,0,0,89.4,25.6,,,758,1075,"[348,369,378-379,385-386,389-390,394,400-403,407,416,419,423,427-428,430-431,435-436,466,565,597,641,648,683,754]","[660,663,1056]",,,ASPH___ATXN2L_unrelaxed_rank_005_alphafold2_multimer_v3_model_3_seed_000.pdb
CIP2A___PPIB,1,2,A,B,0.1131,995.1,112.6,0.0842,0.6545,0.0907,0.1410,13030.0,76.0,0.5800,73.3,82.0,0.580,207,177,12,23,92.0,92.5,78.3,86.9,905,216,"[237-238,253,255-258,260-262,267,270-271,277,280-281,283-287,296-307,309,312-319,343-347,359-374,385,388-397,407-454,471-555]","[39-207,209-216]","[495,497-498,501-502,505,537,539-543]","[95,97-100,103,112-113,139-144,151,153,157,159,161-162,165-166,190]",CIP2A___PPIB_unrelaxed_rank_001_alphafold2_multimer_v3_model_2_seed_000.pdb
CIP2A___PPIB,2,5,A,B,0.0502,157.5,7.9,0.0130,0.5373,0.0536,0.0470,1771.0,14.0,0.5000,73.1,80.2,0.580,87,139,6,9,89.9,92.1,76.3,84.6,905,216,"[301,313,360,367,413-414,417,420,427,432,435-436,442,445,447,449,451-452,454,475-477,479-490,492-517,521-543,545-547,551]","[42,44-52,59-62,64,68-81,86,88-114,117-119,121-124,128-141,143-148,150-202,205,212]","[497,501,505,534,537,539]","[95,97,112-113,139-140,165-166,190]",CIP2A___PPIB_unrelaxed_rank_002_alphafold2_multimer_v3_model_5_seed_000.pdb
CIP2A___PPIB,3,1,A,B,0.0000,0.0,0.0,0.0000,0.3466,0.0000,0.0000,0.0,0.0,0.2100,73.0,75.9,0.520,0,0,0,0,,,,,905,216,,,,,CIP2A___PPIB_unrelaxed_rank_003_alphafold2_multimer_v3_model_1_seed_000.pdb
CIP2A___PPIB,4,3,A,B,0.0000,0.0,0.0,0.0000,0.3630,0.0000,0.0000,0.0,0.0,0.1900,71.0,77.7,0.530,0,0,0,0,,,,,905,216,,,,,CIP2A___PPIB_unrelaxed_rank_004_alphafold2_multimer_v3_model_3_seed_000.pdb
CIP2A___PPIB,5,4,A,B,0.0000,0.0,0.0,0.0000,0.1526,0.0000,0.0000,0.0,0.0,0.1500,67.5,76.5,0.510,0,0,0,0,,,,,905,216,,,,,CIP2A___PPIB_unrelaxed_rank_005_alphafold2_multimer_v3_model_4_seed_000.pdb
EDC3___ASPH,1,3,A,B,0.0000,0.0,0.0,0.0000,0.4159,0.0198,0.0000,16.0,0.0,0.2400,57.4,59.2,0.420,1,16,0,0,33.5,86.6,,,508,758,[209],"[386,389-390,394,397,399,421-422,424-425,428,430,435-436,439,473]",,,EDC3___ASPH_unrelaxed_rank_001_alphafold2_multimer_v3_model_3_seed_000.pdb
EDC3___ASPH,2,2,A,B,0.0000,0.0,0.0,0.0000,0.3366,0.0000,0.0000,0.0,0.0,0.1900,57.8,60.6,0.420,0,0,0,0,,,,,508,758,,,,,EDC3___ASPH_unrelaxed_rank_002_alphafold2_multimer_v3_model_2_seed_000.pdb
EDC3___ASPH,3,4,A,B,0.0000,0.0,0.0,0.0000,0.2211,0.0000,0.0000,0.0,0.0,0.1900,54.8,59.3,0.420,0,0,0,0,,,,,508,758,,,,,EDC3___ASPH_unrelaxed_rank_003_alphafold2_multimer_v3_model_4_seed_000.pdb
EDC3___ASPH,4,1,A,B,0.0000,0.0,0.0,0.0000,0.1916,0.0000,0.0000,0.0,0.0,0.1800,56.1,60.2,0.420,0,0,0,0,,,,,508,758,,,,,EDC3___ASPH_unrelaxed_rank_004_alphafold2_multimer_v3_model_1_seed_000.pdb
EDC3___ASPH,5,5,A,B,0.0000,0.0,0.0,0.0000,0.1565,0.0000,0.0000,0.0,0.0,0.1700,57.3,60.1,0.420,0,0,0,0,,,,,508,758,,,,,EDC3___ASPH_unrelaxed_rank_005_alphafold2_multimer_v3_model_5_seed_000.pdb
GNAI3___XRN2,1,4,A,B,0.0267,101.6,2.7,0.0121,0.5163,0.0221,0.0323,938.0,11.0,0.3400,72.5,69.9,0.610,20,333,8,7,37.9,91.6,37.4,76.9,354,950,[5-24],"[5-16,21,48,50-53,56-57,61,75-94,96-102,106-122,124-125,127-129,133,158,161,164,166-183,188,192-196,199,202-218,222,227-229,231-236,238-245,248,251-253,302-303,305-317,327,329-338,340-343,345-350,354,356-369,378-380,384-397,399-402,404-413,415-417,512-513,516-517,520-521,525,534-555,557-558,560-568,570-576,591,594-599,601,603,606,609-611,614-615,617-618,625-626,628-629,633,635,648-649,651-652,654-663,670-671,673-677,683-686,690,693,695-697,699,721-722,751-753,755,764,766,771]","[6,8-10,16,19-20,24]","[5,8,61,117,120-121,356]",GNAI3___XRN2_unrelaxed_rank_001_alphafold2_multimer_v3_model_4_seed_000.pdb
GNAI3___XRN2,2,2,A,B,0.0000,0.0,0.0,0.0000,0.3490,0.0000,0.0000,0.0,0.0,0.2500,77.9,69.6,0.610,0,0,0,0,,,,,354,950,,,,,GNAI3___XRN2_unrelaxed_rank_002_alphafold2_multimer_v3_model_2_seed_000.pdb
GNAI3___XRN2,3,3,A,B,0.0000,0.0,0.0,0.0000,0.1884,0.0000,0.0000,0.0,0.0,0.2200,79.9,68.5,0.590,0,0,0,0,,,,,354,950,,,,,GNAI3___XRN2_unrelaxed_rank_003_alphafold2_multimer_v3_model_3_seed_000.pdb
GNAI3___XRN2,4,1,A,B,0.0000,0.0,0.0,0.0000,0.2256,0.0000,0.0000,0.0,0.0,0.2100,74.7,69.1,0.590,0,0,0,0,,,,,354,950,,,,,GNAI3___XRN2_unrelaxed_rank_004_alphafold2_multimer_v3_model_1_seed_000.pdb
GNAI3___XRN2,5,5,A,B,0.0000,0.0,0.0,0.0000,0.1656,0.0000,0.0000,0.0,0.0,0.1900,80.3,69.2,0.590,0,0,0,0,,,,,354,950,,,,,GNAI3___XRN2_unrelaxed_rank_005_alphafold2_multimer_v3_model_5_seed_000.pdb
NBN___ASPH,1,2,A,B,0.2339,762.1,178.2,0.0551,0.8373,0.1665,0.3285,6525.0,89.0,0.3400,47.2,61.8,0.380,269,30,26,17,89.4,49.0,83.8,50.4,754,758,"[1-6,15-27,33-35,41-52,60,62-71,75-82,89-100,105-206,208,210-254,262-274,283,285-326]",[81-110],"[117-122,125,141-143,156-162,204,233,236-237,306-308,310-311]","[81-85,87-88,91,93-101]",NBN___ASPH_unrelaxed_rank_001_alphafold2_multimer_v3_model_2_seed_000.pdb
NBN___ASPH,2,4,A,B,0.0752,327.7,24.6,0.0147,0.6676,0.0590,0.0958,5113.0,21.0,0.2800,45.4,58.5,0.380,24,380,9,10,33.9,91.4,34.8,79.4,754,758,[709-732],"[337-339,341-342,344-346,348-349,352,357-358,360-371,374-411,414-581,583-604,627-696,700-731,733-757]","[717-721,723-724,726-727]","[465-466,468,470,500,526,564-565,682,756]",NBN___ASPH_unrelaxed_rank_002_alphafold2_multimer_v3_model_4_seed_000.pdb
NBN___ASPH,3,1,A,B,0.0282,94.2,2.7,0.0125,0.5832,0.0245,0.0324,444.0,20.0,0.2300,45.8,59.8,0.390,14,240,9,14,31.2,92.2,30.0,80.4,754,758,"[707-712,719-726]","[344,348,357-358,360-368,374,377,381-382,384-407,419,421-448,450,453-484,487-501,503-517,519-538,542-560,562-567,571,573,575-576,586-587,590-591,597-598,619,629,635-636,638,641,647-648,656,660,665,667,669,671,674-683,685,689,691,693,703,711,716,718-725,727-728,734-735,737,739,741,744-745,748,750,754-755]","[707-711,719,722-723,726]","[388,391-395,433-434,465-466,468,496,500,526]",NBN___ASPH_unrelaxed_rank_003_alphafold2_multimer_v3_model_1_seed_000.pdb
NBN___ASPH,4,3,A,B,0.0020,5.9,0.0,0.0000,0.4666,0.0093,0.0004,35.0,1.0,0.2200,45.9,59.2,0.380,4,26,1,1,28.8,93.1,27.7,82.4,754,758,[741-744],"[445,479,482-483,497,500,511,513,515,520,526-527,531,534,544,565,571,580,587,598,647,669,703,734-735,745]",[743],[500],NBN___ASPH_unrelaxed_rank_004_alphafold2_multimer_v3_model_3_seed_000.pdb
NBN___ASPH,5,5,A,B,0.0116,4.0,0.0,0.0000,0.5488,0.0077,0.0175,8.0,2.0,0.2100,46.5,59.7,0.380,1,8,1,2,28.2,90.8,28.2,91.3,754,758,[744],"[465,492,496,499-500,526,680,682]",[744],"[526,682]",NBN___ASPH_unrelaxed_rank_005_alphafold2_multimer_v3_model_5_seed_000.pdb
NBN___EPB41,1,1,A,B,0.1015,127.3,12.9,0.0140,0.6785,0.0762,0.1353,540.0,30.0,0.2900,47.1,45.2,0.340,14,112,9,8,51.9,88.6,52.0,86.2,754,864,"[716-728,730]","[214-215,220-221,239-240,243,251,253,282,284,286,288-289,295-296,299-336,339,341,349-354,356,360-375,378-395,398,411-412,420-422,431,433-436,480-481,485,513]","[716,718-719,722-723,725-727,730]","[321-324,326-327,370,373]",NBN___EPB41_unrelaxed_rank_001_alphafold2_multimer_v3_model_1_seed_000.pdb
NBN___EPB41,2,2,A,B,0.0000,0.0,0.0,0.0000,0.4913,0.0050,0.0000,1.0,0.0,0.2600,48.6,46.5,0.340,1,1,0,0,52.8,94.6,,,754,864,[723],[388],,,NBN___EPB41_unrelaxed_rank_002_alphafold2_multimer_v3_model_2_seed_000.pdb
NBN___EPB41,3,4,A,B,0.0000,0.0,0.0,0.0000,0.4378,0.0000,0.0000,0.0,0.0,0.2200,47.2,45.0,0.330,0,0,0,0,,,,,754,864,,,,,NBN___EPB41_unrelaxed_rank_003_alphafold2_multimer_v3_model_4_seed_000.pdb
NBN___EPB41,4,5,A,B,0.0000,0.0,0.0,0.0000,0.3475,0.0000,0.0000,0.0,0.0,0.2000,46.4,45.7,0.330,0,0,0,0,,,,,754,864,,,,,NBN___EPB41_unrelaxed_rank_004_alphafold2_multimer_v3_model_5_seed_000.pdb
NBN___EPB41,5,3,A,B,0.0000,0.0,0.0,0.0000,0.2845,0.0000,0.0000,0.0,0.0,0.1800,46.2,46.0,0.330,0,0,0,0,,,,,754,864,,,,,NBN___EPB41_unrelaxed_rank_005_alphafold2_multimer_v3_model_3_seed_000.pdb
NBN___XPNPEP1,1,1,A,B,0.0400,37.4,1.5,0.0107,0.5277,0.0447,0.0358,175.0,8.0,0.4200,45.9,93.0,0.520,8,88,4,8,46.7,95.0,48.4,94.3,754,623,"[559,561-567]","[12-16,22,28-29,46,49,54,64-66,70-71,73-74,81,90,92-93,102,106,110,114-115,117,119-126,129,132,135-136,139-152,154-155,166,168,177,181,188,194,204,208,222-223,234,236,265-272,274-277,289,297-300,302,304,325]","[562,565-567]","[121,144-145,147,272,276,297,300]",NBN___XPNPEP1_unrelaxed_rank_001_alphafold2_multimer_v3_model_1_seed_000.pdb
NBN___XPNPEP1,2,2,A,B,0.0000,0.0,0.0,0.0000,0.4833,0.0125,0.0000,333.0,0.0,0.3100,46.8,94.0,0.510,9,190,0,0,45.0,96.4,,,754,623,"[735-741,743-744]","[10,17,44,46,66,93-94,101-102,108-109,116-117,120-123,125,130-132,134-139,143-144,146,150-152,166,168,171,173-174,176-178,180-189,195-196,198,205-206,209,211-212,221-228,233-236,247,250,265-276,278,288,295,297,299,301,303-304,306,315,317-318,322-323,325-327,329-330,333-335,339,342,345-347,349-350,359,369,373,376,383-384,425,428,433,440-441,443,445,449,452-453,456-464,467-468,471-472,474-475,477-479,481,494,505,516,520-521,532,540,542-544,557-558,560,562-563,572,574,577,581-582,584,587,589,591-593,595-597,599-601,608-616]",,,NBN___XPNPEP1_unrelaxed_rank_002_alphafold2_multimer_v3_model_2_seed_000.pdb
NBN___XPNPEP1,3,4,A,B,0.0000,0.0,0.0,0.0000,0.4886,0.0132,0.0000,114.0,0.0,0.3100,45.3,93.5,0.520,6,68,0,0,45.6,96.9,,,754,623,"[733-737,740]","[52,65,106,108,110,120,123,130,135,137,144,146,151,183,210,221-222,323,325-326,331,333-335,339-340,342-344,346-349,352,359,367,441,458-460,470-471,516,519,541,543-544,557-558,581-582,584,586,589,591-593,595-597,599-601,609,611-613,616]",,,NBN___XPNPEP1_unrelaxed_rank_003_alphafold2_multimer_v3_model_4_seed_000.pdb
NBN___XPNPEP1,4,3,A,B,0.0000,0.0,0.0,0.0000,0.4377,0.0089,0.0000,10.0,0.0,0.2900,46.2,94.2,0.520,2,10,0,0,40.9,97.0,,,754,623,"[737,741]","[66,110,123,144,146,178,458,471,595,611]",,,NBN___XPNPEP1_unrelaxed_rank_004_alphafold2_multimer_v3_model_3_seed_000.pdb
NBN___XPNPEP1,5,5,A,B,0.0000,0.0,0.0,0.0000,0.3326,0.0000,0.0000,0.0,0.0,0.2000,46.0,94.4,0.510,0,0,0,0,,,,,754,623,,,,,NBN___XPNPEP1_unrelaxed_rank_005_alphafold2_multimer_v3_model_5_seed_000.pdb
PDXDC1___SAFB,1,3,A,B,0.0274,5.5,0.2,0.0000,0.4952,0.0317,0.0238,15.0,2.0,0.3500,72.6,27.8,0.450,6,9,1,2,77.5,58.9,58.7,61.0,788,915,"[47,61,64-65,68-69]","[659-660,663-666,669,672-673]",[47],"[669,672]",PDXDC1___SAFB_unrelaxed_rank_001_alphafold2_multimer_v3_model_3_seed_000.pdb
PDXDC1___SAFB,2,5,A,B,0.0000,0.0,0.0,0.0000,0.4529,0.0038,0.0000,1.0,0.0,0.3100,72.2,27.0,0.450,1,1,0,0,85.5,47.2,,,788,915,[111],[683],,,PDXDC1___SAFB_unrelaxed_rank_002_alphafold2_multimer_v3_model_5_seed_000.pdb
PDXDC1___SAFB,3,1,A,B,0.0000,0.0,0.0,0.0000,0.2164,0.0000,0.0000,0.0,0.0,0.2000,71.9,26.6,0.430,0,0,0,0,,,,,788,915,,,,,PDXDC1___SAFB_unrelaxed_rank_003_alphafold2_multimer_v3_model_1_seed_000.pdb
PDXDC1___SAFB,4,4,A,B,0.0000,0.0,0.0,0.0000,0.2068,0.0000,0.0000,0.0,0.0,0.1900,71.6,25.5,0.430,0,0,0,0,,,,,788,915,,,,,PDXDC1___SAFB_unrelaxed_rank_004_alphafold2_multimer_v3_model_4_seed_000.pdb
PDXDC1___SAFB,5,2,A,B,0.0000,0.0,0.0,0.0000,0.1707,0.0000,0.0000,0.0,0.0,0.1800,73.7,28.2,0.440,0,0,0,0,,,,,788,915,,,,,PDXDC1___SAFB_unrelaxed_rank_005_alphafold2_multimer_v3_model_2_seed_000.pdb
PPIB___IBA57,1,2,A,B,0.1520,986.7,150.0,0.0351,0.5314,0.1401,0.1649,14979.0,65.0,0.3900,83.1,77.8,0.660,176,225,20,17,93.1,92.1,79.0,76.1,216,356,[40-215],"[49-79,94-114,124-143,147-163,184-200,213-285,294-302,304-327,331-332,341-351]","[95,97-100,103,141-144,153,159,161-162,165-166,188-191]","[68,71-72,101-103,255-259,261-264,267-268]",PPIB___IBA57_unrelaxed_rank_001_alphafold2_multimer_v3_model_2_seed_000.pdb
PPIB___IBA57,2,1,A,B,0.1339,683.8,91.5,0.0148,0.5189,0.1171,0.1530,11404.0,41.0,0.3800,81.9,77.6,0.650,175,222,16,13,91.9,91.6,76.0,71.5,216,356,"[40-207,209-215]","[49-79,94-114,124-143,147-163,184-200,213,215-272,274-285,294-302,304-327,331-332,342-351]","[95,97,100,103,141-144,153,161-162,165-166,189-191]","[68,71-72,102,256-259,261-262,264,267-268]",PPIB___IBA57_unrelaxed_rank_002_alphafold2_multimer_v3_model_1_seed_000.pdb
PPIB___IBA57,3,5,A,B,0.1284,596.4,76.6,0.0133,0.4748,0.1164,0.1417,7733.0,46.0,0.3300,80.8,77.8,0.640,173,220,17,12,92.6,91.9,76.7,73.9,216,356,"[40-207,210-214]","[49-79,94-114,124-144,148-163,184-200,213-272,275-285,294-301,304-327,331,342-351]","[97-100,141,143,157,159,161-162,165-166,187-191]","[72,101-103,258-259,261-264,267-268]",PPIB___IBA57_unrelaxed_rank_003_alphafold2_multimer_v3_model_5_seed_000.pdb
PPIB___IBA57,4,4,A,B,0.0000,0.0,0.0,0.0000,0.2623,0.0081,0.0000,3.0,0.0,0.2900,80.8,77.4,0.610,3,2,0,0,84.0,97.8,,,216,356,"[97,180,192]","[109,245]",,,PPIB___IBA57_unrelaxed_rank_004_alphafold2_multimer_v3_model_4_seed_000.pdb
PPIB___IBA57,5,3,A,B,0.0000,0.0,0.0,0.0000,0.2963,0.0227,0.0000,39.0,0.0,0.2600,80.5,77.7,0.610,9,27,0,0,89.5,87.8,,,216,356,"[94,138,143,152-154,161,173,177]","[58-59,61,63-67,69-70,73-75,97,99-101,103-105,140,149,250,254,259,261,263]",,,PPIB___IBA57_unrelaxed_rank_005_alphafold2_multimer_v3_model_3_seed_000.pdb
PPIB___PPP1R10,1,4,A,B,0.5371,842.1,452.3,0.5843,0.9815,0.4515,0.6389,7387.0,96.0,0.7700,83.9,33.6,0.290,182,33,28,17,93.1,53.7,87.3,57.6,216,940,[35-216],[908-940],"[95,97,99-101,103,111-113,141-144,147,151,153,157,159-162,165-166,188-192]","[908-910,913,925,928-935,937-940]",PPIB___PPP1R10_unrelaxed_rank_001_alphafold2_multimer_v3_model_4_seed_000.pdb
PPIB___PPP1R10,2,1,A,B,0.0291,70.1,2.0,0.0109,0.5360,0.0233,0.0364,328.0,15.0,0.3600,84.3,32.1,0.280,119,7,11,4,92.5,38.4,86.3,39.7,216,940,"[41-52,59-66,68-70,72,74,77-81,86,88-102,106-109,111-113,117-118,121-123,125,128-133,137-141,143-148,150-151,153-169,172-174,177-182,185,187-192,194-195,197-201,205]",[290-296],"[95,97,100-101,144,153,159,161-162,165-166]","[291-292,294-295]",PPIB___PPP1R10_unrelaxed_rank_002_alphafold2_multimer_v3_model_1_seed_000.pdb
PPIB___PPP1R10,3,2,A,B,0.0155,13.3,0.2,0.0000,0.4617,0.0170,0.0142,89.0,2.0,0.3600,86.5,33.9,0.280,49,7,2,1,93.9,45.8,87.3,49.2,216,940,"[42,49-50,52,61,64,68-69,81,86,89,95-99,101,108-109,111-113,118-119,122-124,128-129,132,143,145,147,155-166,173-174,178,202]",[290-296],"[161,165]",[294],PPIB___PPP1R10_unrelaxed_rank_003_alphafold2_multimer_v3_model_2_seed_000.pdb
PPIB___PPP1R10,4,3,A,B,0.0000,0.0,0.0,0.0000,0.1826,0.0000,0.0000,0.0,0.0,0.1700,82.7,33.0,0.270,0,0,0,0,,,,,216,940,,,,,PPIB___PPP1R10_unrelaxed_rank_004_alphafold2_multimer_v3_model_3_seed_000.pdb
PPIB___PPP1R10,5,5,A,B,0.0000,0.0,0.0,0.0000,0.1928,0.0000,0.0000,0.0,0.0,0.1700,84.3,33.3,0.270,0,0,0,0,,,,,216,940,,,,,PPIB___PPP1R10_unrelaxed_rank_005_alphafold2_multimer_v3_model_5_seed_000.pdb
SAFB___STIP1,1,3,A,B,0.0978,181.6,17.8,0.0153,0.6608,0.0940,0.1017,1064.0,31.0,0.3000,29.9,81.7,0.310,12,133,7,16,36.7,90.0,40.1,91.4,915,543,[127-138],[221-353],"[129,131-136]","[233,236-237,260,263-264,267,270-271,298,301,304-305,308,334-335]",SAFB___STIP1_unrelaxed_rank_001_alphafold2_multimer_v3_model_3_seed_000.pdb
SAFB___STIP1,2,4,A,B,0.0000,0.0,0.0,0.0000,0.4043,0.0000,0.0000,0.0,0.0,0.2200,28.4,80.3,0.300,0,0,0,0,,,,,915,543,,,,,SAFB___STIP1_unrelaxed_rank_002_alphafold2_multimer_v3_model_4_seed_000.pdb
SAFB___STIP1,3,5,A,B,0.0000,0.0,0.0,0.0000,0.3001,0.0000,0.0000,0.0,0.0,0.2000,27.7,81.8,0.300,0,0,0,0,,,,,915,543,,,,,SAFB___STIP1_unrelaxed_rank_003_alphafold2_multimer_v3_model_5_seed_000.pdb
SAFB___STIP1,4,1,A,B,0.0000,0.0,0.0,0.0000,0.1835,0.0000,0.0000,0.0,0.0,0.1700,30.5,82.6,0.290,0,0,0,0,,,,,915,543,,,,,SAFB___STIP1_unrelaxed_rank_004_alphafold2_multimer_v3_model_1_seed_000.pdb
SAFB___STIP1,5,2,A,B,0.0000,0.0,0.0,0.0000,0.1518,0.0000,0.0000,0.0,0.0,0.1700,31.4,84.3,0.300,0,0,0,0,,,,,915,543,,,,,SAFB___STIP1_unrelaxed_rank_005_alphafold2_multimer_v3_model_2_seed_000.pdb
SGPL1___EDC3,1,4,A,B,0.0000,0.0,0.0,0.0000,0.1356,0.0000,0.0000,0.0,0.0,0.1400,86.7,58.5,0.510,0,0,0,0,,,,,568,508,,,,,SGPL1___EDC3_unrelaxed_rank_001_alphafold2_multimer_v3_model_4_seed_000.pdb
SGPL1___EDC3,2,1,A,B,0.0000,0.0,0.0,0.0000,0.1319,0.0000,0.0000,0.0,0.0,0.1400,88.0,59.9,0.520,0,0,0,0,,,,,568,508,,,,,SGPL1___EDC3_unrelaxed_rank_002_alphafold2_multimer_v3_model_1_seed_000.pdb
SGPL1___EDC3,3,2,A,B,0.0000,0.0,0.0,0.0000,0.0000,0.0000,0.0000,0.0,0.0,0.1300,87.8,59.4,0.520,0,0,0,0,,,,,568,508,,,,,SGPL1___EDC3_unrelaxed_rank_003_alphafold2_multimer_v3_model_2_seed_000.pdb
SGPL1___EDC3,4,5,A,B,0.0000,0.0,0.0,0.0000,0.1283,0.0000,0.0000,0.0,0.0,0.1300,85.9,58.9,0.510,0,0,0,0,,,,,568,508,,,,,SGPL1___EDC3_unrelaxed_rank_004_alphafold2_multimer_v3_model_5_seed_000.pdb
SGPL1___EDC3,5,3,A,B,0.0000,0.0,0.0,0.0000,0.1190,0.0000,0.0000,0.0,0.0,0.1200,86.2,58.7,0.510,0,0,0,0,,,,,568,508,,,,,SGPL1___EDC3_unrelaxed_rank_005_alphafold2_multimer_v3_model_3_seed_000.pdb
SGPL1___XPNPEP1,1,4,A,B,0.0000,0.0,0.0,0.0000,0.3976,0.0072,0.0000,7.0,0.0,0.2300,83.0,92.6,0.580,1,7,0,0,30.8,97.7,,,568,623,[568],"[332,334-335,441,593,615-616]",,,SGPL1___XPNPEP1_unrelaxed_rank_001_alphafold2_multimer_v3_model_4_seed_000.pdb
SGPL1___XPNPEP1,2,5,A,B,0.0120,24.6,0.3,0.0000,0.4649,0.0132,0.0108,302.0,2.0,0.2000,82.3,93.0,0.560,3,200,2,2,29.5,95.8,29.0,91.3,568,623,[566-568],"[29,46,52-53,64-66,69-72,83-84,86-87,89-94,102-108,117,120,132,134-137,142,151-152,171,173-174,176-178,180-182,184-185,188,197-200,202,204-208,210-211,215,221-224,236-237,265,268,271,288-289,299-300,302,314-315,317-318,321-346,348-349,363,367-368,370-371,373,375-378,384,387,393,406,410-411,420-422,424,428,430-431,433,436,441-444,446-447,459-461,466,469,473,476-477,480-481,483-484,486-487,489,494,496,501,515-516,518,520,523-525,527-529,531-532,534,539,541-542,556,559-563,565-567,572,581-582,586,591-593,595-597,599,601,610-613,615]",[567-568],"[486,489]",SGPL1___XPNPEP1_unrelaxed_rank_002_alphafold2_multimer_v3_model_5_seed_000.pdb
SGPL1___XPNPEP1,3,2,A,B,0.0135,5.4,0.1,0.0000,0.4450,0.0110,0.0167,29.0,1.0,0.2100,84.2,92.7,0.550,2,29,1,1,30.1,96.0,31.3,92.2,568,623,[567-568],"[178,181,207,330,334,389,393,410,420,424,431,442,446,480-481,485,489,517,519,528,538,542,559-560,581,591-592,595,599]",[567],[489],SGPL1___XPNPEP1_unrelaxed_rank_003_alphafold2_multimer_v3_model_2_seed_000.pdb
SGPL1___XPNPEP1,4,1,A,B,0.0000,0.0,0.0,0.0000,0.2767,0.0000,0.0000,0.0,0.0,0.1800,83.5,93.2,0.560,0,0,0,0,,,,,568,623,,,,,SGPL1___XPNPEP1_unrelaxed_rank_004_alphafold2_multimer_v3_model_1_seed_000.pdb
SGPL1___XPNPEP1,5,3,A,B,0.0000,0.0,0.0,0.0000,0.1279,0.0000,0.0000,0.0,0.0,0.1400,83.6,93.0,0.560,0,0,0,0,,,,,568,623,,,,,SGPL1___XPNPEP1_unrelaxed_rank_005_alphafold2_multimer_v3_model_3_seed_000.pdb
SNRPC___MRPL15,1,1,A,B,0.0000,0.0,0.0,0.0000,0.1283,0.0000,0.0000,0.0,0.0,0.1300,31.5,74.8,0.480,0,0,0,0,,,,,159,296,,,,,SNRPC___MRPL15_unrelaxed_rank_001_alphafold2_multimer_v3_model_1_seed_000.pdb
SNRPC___MRPL15,2,2,A,B,0.0000,0.0,0.0,0.0000,0.1693,0.0000,0.0000,0.0,0.0,0.1200,31.2,72.9,0.480,0,0,0,0,,,,,159,296,,,,,SNRPC___MRPL15_unrelaxed_rank_002_alphafold2_multimer_v3_model_2_seed_000.pdb
SNRPC___MRPL15,3,3,A,B,0.0000,0.0,0.0,0.0000,0.1379,0.0000,0.0000,0.0,0.0,0.1100,31.0,72.9,0.480,0,0,0,0,,,,,159,296,,,,,SNRPC___MRPL15_unrelaxed_rank_003_alphafold2_multimer_v3_model_3_seed_000.pdb
SNRPC___MRPL15,4,5,A,B,0.0000,0.0,0.0,0.0000,0.1134,0.0000,0.0000,0.0,0.0,0.1100,30.5,71.9,0.480,0,0,0,0,,,,,159,296,,,,,SNRPC___MRPL15_unrelaxed_rank_004_alphafold2_multimer_v3_model_5_seed_000.pdb
SNRPC___MRPL15,5,4,A,B,0.0000,0.0,0.0,0.0000,0.1361,0.0000,0.0000,0.0,0.0,0.1100,31.2,73.3,0.480,0,0,0,0,,,,,159,296,,,,,SNRPC___MRPL15_unrelaxed_rank_005_alphafold2_multimer_v3_model_4_seed_000.pdb
TXLNA___PSMA2,1,1,A,B,0.0000,0.0,0.0,0.0000,0.0000,0.0000,0.0000,0.0,0.0,0.1500,52.8,90.2,0.350,0,0,0,0,,,,,546,234,,,,,TXLNA___PSMA2_unrelaxed_rank_001_alphafold2_multimer_v3_model_1_seed_000.pdb
TXLNA___PSMA2,2,5,A,B,0.0000,0.0,0.0,0.0000,0.0000,0.0000,0.0000,0.0,0.0,0.1400,54.8,85.4,0.330,0,0,0,0,,,,,546,234,,,,,TXLNA___PSMA2_unrelaxed_rank_002_alphafold2_multimer_v3_model_5_seed_000.pdb
TXLNA___PSMA2,3,2,A,B,0.0000,0.0,0.0,0.0000,0.0000,0.0000,0.0000,0.0,0.0,0.1300,54.8,89.4,0.350,0,0,0,0,,,,,546,234,,,,,TXLNA___PSMA2_unrelaxed_rank_003_alphafold2_multimer_v3_model_2_seed_000.pdb
TXLNA___PSMA2,4,4,A,B,0.0000,0.0,0.0,0.0000,0.0000,0.0000,0.0000,0.0,0.0,0.1200,47.4,88.0,0.340,0,0,0,0,,,,,546,234,,,,,TXLNA___PSMA2_unrelaxed_rank_004_alphafold2_multimer_v3_model_4_seed_000.pdb
TXLNA___PSMA2,5,3,A,B,0.0000,0.0,0.0,0.0000,0.0000,0.0000,0.0000,0.0,0.0,0.1200,59.6,86.7,0.340,0,0,0,0,,,,,546,234,,,,,TXLNA___PSMA2_unrelaxed_rank_005_alphafold2_multimer_v3_model_3_seed_000.pdb
TXN___CIP2A,1,1,A,B,0.0000,0.0,0.0,0.0000,0.3060,0.0000,0.0000,0.0,0.0,0.3000,73.5,74.2,0.560,0,0,0,0,,,,,105,905,,,,,TXN___CIP2A_unrelaxed_rank_001_alphafold2_multimer_v3_model_1_seed_000.pdb
TXN___CIP2A,2,5,A,B,0.0000,0.0,0.0,0.0000,0.1977,0.0000,0.0000,0.0,0.0,0.2300,81.0,74.6,0.570,0,0,0,0,,,,,105,905,,,,,TXN___CIP2A_unrelaxed_rank_002_alphafold2_multimer_v3_model_5_seed_000.pdb
TXN___CIP2A,3,3,A,B,0.0000,0.0,0.0,0.0000,0.1658,0.0000,0.0000,0.0,0.0,0.1900,81.0,73.4,0.560,0,0,0,0,,,,,105,905,,,,,TXN___CIP2A_unrelaxed_rank_003_alphafold2_multimer_v3_model_3_seed_000.pdb
TXN___CIP2A,4,4,A,B,0.0000,0.0,0.0,0.0000,0.1595,0.0000,0.0000,0.0,0.0,0.1700,77.0,69.9,0.560,0,0,0,0,,,,,105,905,,,,,TXN___CIP2A_unrelaxed_rank_004_alphafold2_multimer_v3_model_4_seed_000.pdb
TXN___CIP2A,5,2,A,B,0.0000,0.0,0.0,0.0000,0.0000,0.0000,0.0000,0.0,0.0,0.1400,81.1,74.3,0.550,0,0,0,0,,,,,105,905,,,,,TXN___CIP2A_unrelaxed_rank_005_alphafold2_multimer_v3_model_2_seed_000.pdb
TXN___MARS2,1,2,A,B,0.0000,0.0,0.0,0.0000,0.1781,0.0000,0.0000,0.0,0.0,0.2600,81.6,84.5,0.780,0,0,0,0,,,,,105,593,,,,,TXN___MARS2_unrelaxed_rank_001_alphafold2_multimer_v3_model_2_seed_000.pdb
TXN___MARS2,2,4,A,B,0.0000,0.0,0.0,0.0000,0.1564,0.0000,0.0000,0.0,0.0,0.1800,70.0,84.2,0.760,0,0,0,0,,,,,105,593,,,,,TXN___MARS2_unrelaxed_rank_002_alphafold2_multimer_v3_model_4_seed_000.pdb
TXN___MARS2,3,3,A,B,0.0000,0.0,0.0,0.0000,0.1594,0.0000,0.0000,0.0,0.0,0.1800,80.2,84.6,0.760,0,0,0,0,,,,,105,593,,,,,TXN___MARS2_unrelaxed_rank_003_alphafold2_multimer_v3_model_3_seed_000.pdb
TXN___MARS2,4,5,A,B,0.0000,0.0,0.0,0.0000,0.1366,0.0000,0.0000,0.0,0.0,0.1400,82.7,85.2,0.770,0,0,0,0,,,,,105,593,,,,,TXN___MARS2_unrelaxed_rank_004_alphafold2_multimer_v3_model_5_seed_000.pdb
TXN___MARS2,5,1,A,B,0.0000,0.0,0.0,0.0000,0.1147,0.0000,0.0000,0.0,0.0,0.1300,76.5,83.7,0.760,0,0,0,0,,,,,105,593,,,,,TXN___MARS2_unrelaxed_rank_005_alphafold2_multimer_v3_model_1_seed_000.pdb
XPNPEP1___PSMA2,1,4,A,B,0.0000,0.0,0.0,0.0000,0.2035,0.0000,0.0000,0.0,0.0,0.2600,93.7,73.5,0.750,0,0,0,0,,,,,623,234,,,,,XPNPEP1___PSMA2_unrelaxed_rank_001_alphafold2_multimer_v3_model_4_seed_000.pdb
XPNPEP1___PSMA2,2,3,A,B,0.0000,0.0,0.0,0.0000,0.1661,0.0000,0.0000,0.0,0.0,0.1900,94.4,81.6,0.730,0,0,0,0,,,,,623,234,,,,,XPNPEP1___PSMA2_unrelaxed_rank_002_alphafold2_multimer_v3_model_3_seed_000.pdb
XPNPEP1___PSMA2,3,5,A,B,0.0000,0.0,0.0,0.0000,0.1273,0.0000,0.0000,0.0,0.0,0.1700,94.2,79.9,0.720,0,0,0,0,,,,,623,234,,,,,XPNPEP1___PSMA2_unrelaxed_rank_003_alphafold2_multimer_v3_model_5_seed_000.pdb
XPNPEP1___PSMA2,4,1,A,B,0.0000,0.0,0.0,0.0000,0.1329,0.0000,0.0000,0.0,0.0,0.1700,94.3,80.2,0.720,0,0,0,0,,,,,623,234,,,,,XPNPEP1___PSMA2_unrelaxed_rank_004_alphafold2_multimer_v3_model_1_seed_000.pdb
XPNPEP1___PSMA2,5,2,A,B,0.0000,0.0,0.0,0.0000,0.1304,0.0000,0.0000,0.0,0.0,0.1600,94.1,83.6,0.710,0,0,0,0,,,,,623,234,,,,,XPNPEP1___PSMA2_unrelaxed_rank_005_alphafold2_multimer_v3_model_2_seed_000.pdb
ALDH1L2___PSMA2,1,3,A,B,0.0000,0.0,0.0,0.0000,0.0000,0.0000,0.0000,0.0,0.0,0.2000,90.2,88.8,0.540,0,0,0,0,,,,,923,234,,,,,ALDH1L2___PSMA2_unrelaxed_rank_001_alphafold2_multimer_v3_model_3_seed_000.pdb
ALDH1L2___PSMA2,2,1,A,B,0.0000,0.0,0.0,0.0000,0.0000,0.0000,0.0000,0.0,0.0,0.1500,90.2,86.7,0.530,0,0,0,0,,,,,923,234,,,,,ALDH1L2___PSMA2_unrelaxed_rank_002_alphafold2_multimer_v3_model_1_seed_000.pdb
ALDH1L2___PSMA2,3,2,A,B,0.0000,0.0,0.0,0.0000,0.1297,0.0000,0.0000,0.0,0.0,0.1400,89.8,83.3,0.520,0,0,0,0,,,,,923,234,,,,,ALDH1L2___PSMA2_unrelaxed_rank_003_alphafold2_multimer_v3_model_2_seed_000.pdb
ALDH1L2___PSMA2,4,5,A,B,0.0000,0.0,0.0,0.0000,0.0000,0.0000,0.0000,0.0,0.0,0.1400,89.6,84.7,0.530,0,0,0,0,,,,,923,234,,,,,ALDH1L2___PSMA2_unrelaxed_rank_004_alphafold2_multimer_v3_model_5_seed_000.pdb
ALDH1L2___PSMA2,5,4,A,B,0.0000,0.0,0.0,0.0000,0.0000,0.0000,0.0000,0.0,0.0,0.1400,89.6,85.3,0.520,0,0,0,0,,,,,923,234,,,,,ALDH1L2___PSMA2_unrelaxed_rank_005_alphafold2_multimer_v3_model_4_seed_000.pdb
ALDH1L2___SAFB,1,3,A,B,0.0000,0.0,0.0,0.0000,0.4476,0.0000,0.0000,0.0,0.0,0.2100,90.2,25.7,0.410,0,0,0,0,,,,,923,915,,,,,ALDH1L2___SAFB_unrelaxed_rank_001_alphafold2_multimer_v3_model_3_seed_000.pdb
ALDH1L2___SAFB,2,4,A,B,0.0000,0.0,0.0,0.0000,0.3796,0.0000,0.0000,0.0,0.0,0.2100,89.1,23.2,0.400,0,0,0,0,,,,,923,915,,,,,ALDH1L2___SAFB_unrelaxed_rank_002_alphafold2_multimer_v3_model_4_seed_000.pdb
ALDH1L2___SAFB,3,2,A,B,0.0000,0.0,0.0,0.0000,0.3236,0.0000,0.0000,0.0,0.0,0.1900,91.1,26.3,0.410,0,0,0,0,,,,,923,915,,,,,ALDH1L2___SAFB_unrelaxed_rank_003_alphafold2_multimer_v3_model_2_seed_000.pdb
ALDH1L2___SAFB,4,1,A,B,0.0000,0.0,0.0,0.0000,0.1945,0.0000,0.0000,0.0,0.0,0.1900,89.0,27.1,0.400,0,0,0,0,,,,,923,915,,,,,ALDH1L2___SAFB_unrelaxed_rank_004_alphafold2_multimer_v3_model_1_seed_000.pdb
ALDH1L2___SAFB,5,5,A,B,0.0000,0.0,0.0,0.0000,0.2135,0.0000,0.0000,0.0,0.0,0.1800,90.2,25.2,0.410,0,0,0,0,,,,,923,915,,,,,ALDH1L2___SAFB_unrelaxed_rank_005_alphafold2_multimer_v3_model_5_seed_000.pdb
EDC3___XRN2,1,3,A,B,0.0000,0.0,0.0,0.0000,0.2623,0.0000,0.0000,0.0,0.0,0.2400,56.8,69.6,0.560,0,0,0,0,,,,,508,950,,,,,EDC3___XRN2_unrelaxed_rank_001_alphafold2_multimer_v3_model_3_seed_000.pdb
EDC3___XRN2,2,2,A,B,0.0000,0.0,0.0,0.0000,0.2443,0.0000,0.0000,0.0,0.0,0.2100,58.0,70.3,0.560,0,0,0,0,,,,,508,950,,,,,EDC3___XRN2_unrelaxed_rank_002_alphafold2_multimer_v3_model_2_seed_000.pdb
EDC3___XRN2,3,5,A,B,0.0000,0.0,0.0,0.0000,0.2098,0.0000,0.0000,0.0,0.0,0.2000,57.5,70.2,0.560,0,0,0,0,,,,,508,950,,,,,EDC3___XRN2_unrelaxed_rank_003_alphafold2_multimer_v3_model_5_seed_000.pdb
EDC3___XRN2,4,4,A,B,0.0000,0.0,0.0,0.0000,0.2472,0.0000,0.0000,0.0,0.0,0.2000,55.5,69.7,0.550,0,0,0,0,,,,,508,950,,,,,EDC3___XRN2_unrelaxed_rank_004_alphafold2_multimer_v3_model_4_seed_000.pdb
EDC3___XRN2,5,1,A,B,0.0000,0.0,0.0,0.0000,0.2788,0.0000,0.0000,0.0,0.0,0.1900,57.5,69.5,0.540,0,0,0,0,,,,,508,950,,,,,EDC3___XRN2_unrelaxed_rank_005_alphafold2_multimer_v3_model_1_seed_000.pdb
EPB41___PPIB,1,3,A,B,0.0000,0.0,0.0,0.0000,0.4001,0.0044,0.0000,2.0,0.0,0.2600,47.3,78.7,0.390,2,2,0,0,28.1,92.8,,,864,216,[666-667],"[79,156]",,,EPB41___PPIB_unrelaxed_rank_001_alphafold2_multimer_v3_model_3_seed_000.pdb
EPB41___PPIB,2,1,A,B,0.0165,28.6,0.5,0.0000,0.4516,0.0158,0.0172,91.0,9.0,0.2400,48.0,79.6,0.400,2,71,2,8,31.0,89.1,31.0,80.3,864,216,[667-668],"[42,45-49,60-61,64-65,68-70,72-79,81,88,91,94-97,99,103,106-107,111-113,118,122-123,132,137-138,141,143,146-147,151,154-163,165-169,172,178-179,181-183,191,195,197,199]",[667-668],"[94,106,112-113,141,143,147,151]",EPB41___PPIB_unrelaxed_rank_002_alphafold2_multimer_v3_model_1_seed_000.pdb
EPB41___PPIB,3,4,A,B,0.0000,0.0,0.0,0.0000,0.3009,0.0000,0.0000,0.0,0.0,0.2000,45.4,78.8,0.390,0,0,0,0,,,,,864,216,,,,,EPB41___PPIB_unrelaxed_rank_003_alphafold2_multimer_v3_model_4_seed_000.pdb
EPB41___PPIB,4,2,A,B,0.0000,0.0,0.0,0.0000,0.1673,0.0000,0.0000,0.0,0.0,0.2000,47.2,81.1,0.400,0,0,0,0,,,,,864,216,,,,,EPB41___PPIB_unrelaxed_rank_004_alphafold2_multimer_v3_model_2_seed_000.pdb
EPB41___PPIB,5,5,A,B,0.0000,0.0,0.0,0.0000,0.1544,0.0000,0.0000,0.0,0.0,0.1600,46.4,79.1,0.390,0,0,0,0,,,,,864,216,,,,,EPB41___PPIB_unrelaxed_rank_005_alphafold2_multimer_v3_model_5_seed_000.pdb
GNAI3___PSMA2,1,5,A,B,0.0000,0.0,0.0,0.0000,0.1347,0.0000,0.0000,0.0,0.0,0.1800,83.1,78.3,0.570,0,0,0,0,,,,,354,234,,,,,GNAI3___PSMA2_unrelaxed_rank_001_alphafold2_multimer_v3_model_5_seed_000.pdb
GNAI3___PSMA2,2,1,A,B,0.0000,0.0,0.0,0.0000,0.1149,0.0000,0.0000,0.0,0.0,0.1600,84.0,77.1,0.570,0,0,0,0,,,,,354,234,,,,,GNAI3___PSMA2_unrelaxed_rank_002_alphafold2_multimer_v3_model_1_seed_000.pdb
GNAI3___PSMA2,3,3,A,B,0.0000,0.0,0.0,0.0000,0.1059,0.0000,0.0000,0.0,0.0,0.1500,82.4,77.8,0.560,0,0,0,0,,,,,354,234,,,,,GNAI3___PSMA2_unrelaxed_rank_003_alphafold2_multimer_v3_model_3_seed_000.pdb
GNAI3___PSMA2,4,2,A,B,0.0000,0.0,0.0,0.0000,0.1141,0.0000,0.0000,0.0,0.0,0.1400,85.1,80.6,0.570,0,0,0,0,,,,,354,234,,,,,GNAI3___PSMA2_unrelaxed_rank_004_alphafold2_multimer_v3_model_2_seed_000.pdb
GNAI3___PSMA2,5,4,A,B,0.0000,0.0,0.0,0.0000,0.1022,0.0000,0.0000,0.0,0.0,0.1300,81.4,77.3,0.560,0,0,0,0,,,,,354,234,,,,,GNAI3___PSMA2_unrelaxed_rank_005_alphafold2_multimer_v3_model_4_seed_000.pdb
GNAI3___SAFB,1,3,A,B,0.1223,593.4,72.5,0.0153,0.6854,0.0997,0.1499,6644.0,53.0,0.3900,88.3,31.4,0.400,313,38,22,12,92.4,61.4,88.3,48.8,354,915,[33-345],"[213-224,410,412-413,415,417-419,422,435-452]","[50,54,65,68-69,71-72,177,179,181,185,200,205,208-209,211-212,248-249,252-253,256]","[213-214,217-218,220-222,441-445]",GNAI3___SAFB_unrelaxed_rank_001_alphafold2_multimer_v3_model_3_seed_000.pdb
GNAI3___SAFB,2,1,A,B,0.0230,61.5,1.4,0.0115,0.5405,0.0259,0.0205,540.0,7.0,0.3000,84.1,28.8,0.370,228,9,6,3,91.7,30.6,86.0,32.7,354,915,"[35-41,44-56,61-95,100-111,119-150,152-164,167-181,184-190,195,197-201,219-235,240-255,264-273,275-279,281-289,295,297-310,320-335]",[210-218],"[72,76,147,178,180,235]","[211,213-214]",GNAI3___SAFB_unrelaxed_rank_002_alphafold2_multimer_v3_model_1_seed_000.pdb
GNAI3___SAFB,3,5,A,B,0.0000,0.0,0.0,0.0000,0.3930,0.0000,0.0000,0.0,0.0,0.2700,86.1,29.9,0.360,0,0,0,0,,,,,354,915,,,,,GNAI3___SAFB_unrelaxed_rank_003_alphafold2_multimer_v3_model_5_seed_000.pdb
GNAI3___SAFB,4,4,A,B,0.0000,0.0,0.0,0.0000,0.3822,0.0000,0.0000,0.0,0.0,0.2600,85.2,27.2,0.360,0,0,0,0,,,,,354,915,,,,,GNAI3___SAFB_unrelaxed_rank_004_alphafold2_multimer_v3_model_4_seed_000.pdb
GNAI3___SAFB,5,2,A,B,0.0000,0.0,0.0,0.0000,0.2023,0.0000,0.0000,0.0,0.0,0.2100,86.8,29.1,0.370,0,0,0,0,,,,,354,915,,,,,GNAI3___SAFB_unrelaxed_rank_005_alphafold2_multimer_v3_model_2_seed_000.pdb
GNAI3___TXN,1,5,A,B,0.0000,0.0,0.0,0.0000,0.2489,0.0124,0.0000,24.0,0.0,0.2600,87.9,83.9,0.710,8,14,0,0,86.8,80.0,,,354,105,"[39-41,44,202,207,210-211]","[27-29,31,38,61,76-77,88,94-95,97-99]",,,GNAI3___TXN_unrelaxed_rank_001_alphafold2_multimer_v3_model_5_seed_000.pdb
GNAI3___TXN,2,1,A,B,0.0000,0.0,0.0,0.0000,0.1738,0.0000,0.0000,0.0,0.0,0.1800,85.6,81.8,0.710,0,0,0,0,,,,,354,105,,,,,GNAI3___TXN_unrelaxed_rank_002_alphafold2_multimer_v3_model_1_seed_000.pdb
GNAI3___TXN,3,3,A,B,0.0000,0.0,0.0,0.0000,0.1529,0.0000,0.0000,0.0,0.0,0.1700,84.4,84.8,0.690,0,0,0,0,,,,,354,105,,,,,GNAI3___TXN_unrelaxed_rank_003_alphafold2_multimer_v3_model_3_seed_000.pdb
GNAI3___TXN,4,2,A,B,0.0000,0.0,0.0,0.0000,0.1294,0.0000,0.0000,0.0,0.0,0.1500,86.2,84.0,0.700,0,0,0,0,,,,,354,105,,,,,GNAI3___TXN_unrelaxed_rank_004_alphafold2_multimer_v3_model_2_seed_000.pdb
GNAI3___TXN,5,4,A,B,0.0000,0.0,0.0,0.0000,0.1364,0.0000,0.0000,0.0,0.0,0.1400,86.3,82.0,0.690,0,0,0,0,,,,,354,105,,,,,GNAI3___TXN_unrelaxed_rank_005_alphafold2_multimer_v3_model_4_seed_000.pdb
IBA57___XRN2,1,1,A,B,0.0000,0.0,0.0,0.0000,0.1688,0.0000,0.0000,0.0,0.0,0.2000,70.4,69.1,0.580,0,0,0,0,,,,,356,950,,,,,IBA57___XRN2_unrelaxed_rank_001_alphafold2_multimer_v3_model_1_seed_000.pdb
IBA57___XRN2,2,5,A,B,0.0000,0.0,0.0,0.0000,0.1972,0.0000,0.0000,0.0,0.0,0.1900,72.0,69.9,0.590,0,0,0,0,,,,,356,950,,,,,IBA57___XRN2_unrelaxed_rank_002_alphafold2_multimer_v3_model_5_seed_000.pdb
IBA57___XRN2,3,2,A,B,0.0000,0.0,0.0,0.0000,0.1954,0.0000,0.0000,0.0,0.0,0.1900,73.9,70.4,0.590,0,0,0,0,,,,,356,950,,,,,IBA57___XRN2_unrelaxed_rank_003_alphafold2_multimer_v3_model_2_seed_000.pdb
IBA57___XRN2,4,4,A,B,0.0000,0.0,0.0,0.0000,0.1771,0.0000,0.0000,0.0,0.0,0.1700,72.8,68.7,0.580,0,0,0,0,,,,,356,950,,,,,IBA57___XRN2_unrelaxed_rank_004_alphafold2_multimer_v3_model_4_seed_000.pdb
IBA57___XRN2,5,3,A,B,0.0000,0.0,0.0,0.0000,0.1674,0.0000,0.0000,0.0,0.0,0.1700,73.4,68.0,0.570,0,0,0,0,,,,,356,950,,,,,IBA57___XRN2_unrelaxed_rank_005_alphafold2_multimer_v3_model_3_seed_000.pdb
MARS2___ALDH1L2,1,5,A,B,0.0000,0.0,0.0,0.0000,0.1677,0.0000,0.0000,0.0,0.0,0.1700,82.8,87.6,0.450,0,0,0,0,,,,,593,923,,,,,MARS2___ALDH1L2_unrelaxed_rank_001_alphafold2_multimer_v3_model_5_seed_000.pdb
MARS2___ALDH1L2,2,1,A,B,0.0000,0.0,0.0,0.0000,0.1701,0.0000,0.0000,0.0,0.0,0.1700,83.0,87.3,0.440,0,0,0,0,,,,,593,923,,,,,MARS2___ALDH1L2_unrelaxed_rank_002_alphafold2_multimer_v3_model_1_seed_000.pdb
MARS2___ALDH1L2,3,4,A,B,0.0000,0.0,0.0,0.0000,0.1583,0.0000,0.0000,0.0,0.0,0.1600,83.4,87.6,0.450,0,0,0,0,,,,,593,923,,,,,MARS2___ALDH1L2_unrelaxed_rank_003_alphafold2_multimer_v3_model_4_seed_000.pdb
MARS2___ALDH1L2,4,2,A,B,0.0000,0.0,0.0,0.0000,0.1525,0.0000,0.0000,0.0,0.0,0.1600,82.7,88.2,0.450,0,0,0,0,,,,,593,923,,,,,MARS2___ALDH1L2_unrelaxed_rank_004_alphafold2_multimer_v3_model_2_seed_000.pdb
MARS2___ALDH1L2,5,3,A,B,0.0000,0.0,0.0,0.0000,0.1502,0.0000,0.0000,0.0,0.0,0.1500,83.0,88.5,0.450,0,0,0,0,,,,,593,923,,,,,MARS2___ALDH1L2_unrelaxed_rank_005_alphafold2_multimer_v3_model_3_seed_000.pdb
MARS2___PDXDC1,1,4,A,B,0.0000,0.0,0.0,0.0000,0.2053,0.0000,0.0000,0.0,0.0,0.1800,79.4,63.4,0.480,0,0,0,0,,,,,593,788,,,,,MARS2___PDXDC1_unrelaxed_rank_001_alphafold2_multimer_v3_model_4_seed_000.pdb
MARS2___PDXDC1,2,5,A,B,0.0000,0.0,0.0,0.0000,0.1631,0.0000,0.0000,0.0,0.0,0.1700,84.9,67.9,0.480,0,0,0,0,,,,,593,788,,,,,MARS2___PDXDC1_unrelaxed_rank_002_alphafold2_multimer_v3_model_5_seed_000.pdb
MARS2___PDXDC1,3,1,A,B,0.0000,0.0,0.0,0.0000,0.1609,0.0000,0.0000,0.0,0.0,0.1600,84.1,67.3,0.480,0,0,0,0,,,,,593,788,,,,,MARS2___PDXDC1_unrelaxed_rank_003_alphafold2_multimer_v3_model_1_seed_000.pdb
MARS2___PDXDC1,4,3,A,B,0.0000,0.0,0.0,0.0000,0.1577,0.0000,0.0000,0.0,0.0,0.1600,84.5,68.6,0.470,0,0,0,0,,,,,593,788,,,,,MARS2___PDXDC1_unrelaxed_rank_004_alphafold2_multimer_v3_model_3_seed_000.pdb
MARS2___PDXDC1,5,2,A,B,0.0000,0.0,0.0,0.0000,0.1807,0.0000,0.0000,0.0,0.0,0.1600,84.3,69.1,0.470,0,0,0,0,,,,,593,788,,,,,MARS2___PDXDC1_unrelaxed_rank_005_alphafold2_multimer_v3_model_2_seed_000.pdb
MRPL12___NUP107,1,3,A,B,0.0000,0.0,0.0,0.0000,0.2081,0.0000,0.0000,0.0,0.0,0.1900,35.9,75.9,0.640,0,0,0,0,,,,,198,925,,,,,MRPL12___NUP107_unrelaxed_rank_001_alphafold2_multimer_v3_model_3_seed_000.pdb
MRPL12___NUP107,2,2,A,B,0.0000,0.0,0.0,0.0000,0.2955,0.0000,0.0000,0.0,0.0,0.1900,42.3,77.1,0.640,0,0,0,0,,,,,198,925,,,,,MRPL12___NUP107_unrelaxed_rank_002_alphafold2_multimer_v3_model_2_seed_000.pdb
MRPL12___NUP107,3,1,A,B,0.0000,0.0,0.0,0.0000,0.1966,0.0000,0.0000,0.0,0.0,0.1600,34.6,76.5,0.640,0,0,0,0,,,,,198,925,,,,,MRPL12___NUP107_unrelaxed_rank_003_alphafold2_multimer_v3_model_1_seed_000.pdb
MRPL12___NUP107,4,4,A,B,0.0000,0.0,0.0,0.0000,0.1475,0.0000,0.0000,0.0,0.0,0.1500,38.9,75.8,0.640,0,0,0,0,,,,,198,925,,,,,MRPL12___NUP107_unrelaxed_rank_004_alphafold2_multimer_v3_model_4_seed_000.pdb
MRPL12___NUP107,5,5,A,B,0.0000,0.0,0.0,0.0000,0.1367,0.0000,0.0000,0.0,0.0,0.1400,36.3,76.6,0.650,0,0,0,0,,,,,198,925,,,,,MRPL12___NUP107_unrelaxed_rank_005_alphafold2_multimer_v3_model_5_seed_000.pdb
NBN___XRN2,1,1,A,B,0.0276,12.2,0.3,0.0000,0.5315,0.0280,0.0273,25.0,6.0,0.3400,44.7,68.4,0.500,5,19,5,4,44.0,85.1,44.0,67.8,754,950,"[718-719,722-723,726]","[8-9,93,214,307,310,313-314,330,356,362,366-367,538,545,566,642,644-645]","[718-719,722-723,726]","[8,356,642,644]",NBN___XRN2_unrelaxed_rank_001_alphafold2_multimer_v3_model_1_seed_000.pdb
NBN___XRN2,2,5,A,B,0.0000,0.0,0.0,0.0000,0.3340,0.0000,0.0000,0.0,0.0,0.2400,45.1,70.1,0.500,0,0,0,0,,,,,754,950,,,,,NBN___XRN2_unrelaxed_rank_002_alphafold2_multimer_v3_model_5_seed_000.pdb
NBN___XRN2,3,2,A,B,0.0000,0.0,0.0,0.0000,0.3913,0.0000,0.0000,0.0,0.0,0.2400,45.8,70.9,0.500,0,0,0,0,,,,,754,950,,,,,NBN___XRN2_unrelaxed_rank_003_alphafold2_multimer_v3_model_2_seed_000.pdb
NBN___XRN2,4,3,A,B,0.0000,0.0,0.0,0.0000,0.3269,0.0000,0.0000,0.0,0.0,0.2200,45.0,69.2,0.500,0,0,0,0,,,,,754,950,,,,,NBN___XRN2_unrelaxed_rank_004_alphafold2_multimer_v3_model_3_seed_000.pdb
NBN___XRN2,5,4,A,B,0.0000,0.0,0.0,0.0000,0.3321,0.0000,0.0000,0.0,0.0,0.2200,44.6,69.1,0.500,0,0,0,0,,,,,754,950,,,,,NBN___XRN2_unrelaxed_rank_005_alphafold2_multimer_v3_model_4_seed_000.pdb
PSMA4___NBN,1,2,A,B,0.0000,0.0,0.0,0.0000,0.3311,0.0000,0.0000,0.0,0.0,0.3100,79.7,48.3,0.390,0,0,0,0,,,,,261,754,,,,,PSMA4___NBN_unrelaxed_rank_001_alphafold2_multimer_v3_model_2_seed_000.pdb
PSMA4___NBN,2,4,A,B,0.0000,0.0,0.0,0.0000,0.2970,0.0000,0.0000,0.0,0.0,0.2500,71.8,46.4,0.410,0,0,0,0,,,,,261,754,,,,,PSMA4___NBN_unrelaxed_rank_002_alphafold2_multimer_v3_model_4_seed_000.pdb
PSMA4___NBN,3,1,A,B,0.0000,0.0,0.0,0.0000,0.3330,0.0000,0.0000,0.0,0.0,0.2500,81.0,48.0,0.380,0,0,0,0,,,,,261,754,,,,,PSMA4___NBN_unrelaxed_rank_003_alphafold2_multimer_v3_model_1_seed_000.pdb
PSMA4___NBN,4,5,A,B,0.0000,0.0,0.0,0.0000,0.1839,0.0000,0.0000,0.0,0.0,0.2000,76.9,47.6,0.380,0,0,0,0,,,,,261,754,,,,,PSMA4___NBN_unrelaxed_rank_004_alphafold2_multimer_v3_model_5_seed_000.pdb
PSMA4___NBN,5,3,A,B,0.0000,0.0,0.0,0.0000,0.2146,0.0000,0.0000,0.0,0.0,0.2000,74.3,46.5,0.400,0,0,0,0,,,,,261,754,,,,,PSMA4___NBN_unrelaxed_rank_005_alphafold2_multimer_v3_model_3_seed_000.pdb
SNRPC___GNAS,1,2,A,B,0.0000,0.0,0.0,0.0000,0.1972,0.0000,0.0000,0.0,0.0,0.2000,29.6,41.1,0.380,0,0,0,0,,,,,159,1037,,,,,SNRPC___GNAS_unrelaxed_rank_001_alphafold2_multimer_v3_model_2_seed_000.pdb
SNRPC___GNAS,2,3,A,B,0.0000,0.0,0.0,0.0000,0.2501,0.0000,0.0000,0.0,0.0,0.1900,29.1,40.4,0.380,0,0,0,0,,,,,159,1037,,,,,SNRPC___GNAS_unrelaxed_rank_002_alphafold2_multimer_v3_model_3_seed_000.pdb
SNRPC___GNAS,3,4,A,B,0.0000,0.0,0.0,0.0000,0.2887,0.0000,0.0000,0.0,0.0,0.1900,28.7,40.1,0.380,0,0,0,0,,,,,159,1037,,,,,SNRPC___GNAS_unrelaxed_rank_003_alphafold2_multimer_v3_model_4_seed_000.pdb
SNRPC___GNAS,4,1,A,B,0.0000,0.0,0.0,0.0000,0.2444,0.0000,0.0000,0.0,0.0,0.1800,26.9,40.8,0.380,0,0,0,0,,,,,159,1037,,,,,SNRPC___GNAS_unrelaxed_rank_004_alphafold2_multimer_v3_model_1_seed_000.pdb
SNRPC___GNAS,5,5,A,B,0.0000,0.0,0.0,0.0000,0.2319,0.0000,0.0000,0.0,0.0,0.1700,29.3,41.4,0.380,0,0,0,0,,,,,159,1037,,,,,SNRPC___GNAS_unrelaxed_rank_005_alphafold2_multimer_v3_model_5_seed_000.pdb
SNRPC___STIP1,1,5,A,B,0.1028,109.2,11.2,0.0260,0.4909,0.0997,0.1060,459.0,26.0,0.2600,31.2,84.3,0.450,6,136,5,13,40.4,93.8,42.0,94.9,159,543,[154-159],"[300,310,318-321,325,328,342-343,347-399,401-413,415-474]",[155-159],"[367-368,371-372,379,395,398-399,402-403,429,433,436]",SNRPC___STIP1_unrelaxed_rank_001_alphafold2_multimer_v3_model_5_seed_000.pdb
SNRPC___STIP1,2,2,A,B,0.1304,34.6,4.5,0.0199,0.4999,0.1045,0.1627,75.0,16.0,0.2100,29.9,85.7,0.420,25,5,7,4,49.6,37.8,48.4,38.6,159,543,"[4-9,11-13,24,28-30,32-34,36-43,45]",[200-204],"[6-8,34,37-38,41]",[201-204],SNRPC___STIP1_unrelaxed_rank_002_alphafold2_multimer_v3_model_2_seed_000.pdb
SNRPC___STIP1,3,4,A,B,0.0000,0.0,0.0,0.0000,0.3288,0.0000,0.0000,0.0,0.0,0.1600,28.4,83.4,0.400,0,0,0,0,,,,,159,543,,,,,SNRPC___STIP1_unrelaxed_rank_003_alphafold2_multimer_v3_model_4_seed_000.pdb
SNRPC___STIP1,4,1,A,B,0.0000,0.0,0.0,0.0000,0.2854,0.0000,0.0000,0.0,0.0,0.1600,29.6,86.0,0.410,0,0,0,0,,,,,159,543,,,,,SNRPC___STIP1_unrelaxed_rank_004_alphafold2_multimer_v3_model_1_seed_000.pdb
SNRPC___STIP1,5,3,A,B,0.0000,0.0,0.0,0.0000,0.2325,0.0000,0.0000,0.0,0.0,0.1400,29.1,83.0,0.400,0,0,0,0,,,,,159,543,,,,,SNRPC___STIP1_unrelaxed_rank_005_alphafold2_multimer_v3_model_3_seed_000.pdb
STIP1___GFP,1,4,A,B,0.0000,0.0,0.0,0.0000,0.1542,0.0000,0.0000,0.0,0.0,0.1500,79.3,86.5,0.370,0,0,0,0,,,,,543,238,,,,,STIP1___GFP_unrelaxed_rank_001_alphafold2_multimer_v3_model_4_seed_000.pdb
STIP1___GFP,2,1,A,B,0.0000,0.0,0.0,0.0000,0.1399,0.0000,0.0000,0.0,0.0,0.1500,79.4,85.9,0.380,0,0,0,0,,,,,543,238,,,,,STIP1___GFP_unrelaxed_rank_002_alphafold2_multimer_v3_model_1_seed_000.pdb
STIP1___GFP,3,2,A,B,0.0000,0.0,0.0,0.0000,0.1374,0.0000,0.0000,0.0,0.0,0.1400,80.7,86.9,0.380,0,0,0,0,,,,,543,238,,,,,STIP1___GFP_unrelaxed_rank_003_alphafold2_multimer_v3_model_2_seed_000.pdb
STIP1___GFP,4,3,A,B,0.0000,0.0,0.0,0.0000,0.1115,0.0000,0.0000,0.0,0.0,0.1300,80.4,86.5,0.360,0,0,0,0,,,,,543,238,,,,,STIP1___GFP_unrelaxed_rank_004_alphafold2_multimer_v3_model_3_seed_000.pdb
STIP1___GFP,5,5,A,B,0.0000,0.0,0.0,0.0000,0.1151,0.0000,0.0000,0.0,0.0,0.1300,80.4,86.5,0.360,0,0,0,0,,,,,543,238,,,,,STIP1___GFP_unrelaxed_rank_005_alphafold2_multimer_v3_model_5_seed_000.pdb
TXLNA___ACTR2,1,3,A,B,0.0000,0.0,0.0,0.0000,0.3215,0.0015,0.0000,2.0,0.0,0.3200,47.5,91.1,0.480,1,2,0,0,57.5,84.6,,,546,394,[259],"[233,253]",,,TXLNA___ACTR2_unrelaxed_rank_001_alphafold2_multimer_v3_model_3_seed_000.pdb
TXLNA___ACTR2,2,5,A,B,0.0000,0.0,0.0,0.0000,0.2792,0.0000,0.0000,0.0,0.0,0.2700,45.9,91.2,0.470,0,0,0,0,,,,,546,394,,,,,TXLNA___ACTR2_unrelaxed_rank_002_alphafold2_multimer_v3_model_5_seed_000.pdb
TXLNA___ACTR2,3,2,A,B,0.0000,0.0,0.0,0.0000,0.2532,0.0000,0.0000,0.0,0.0,0.2600,47.7,91.8,0.470,0,0,0,0,,,,,546,394,,,,,TXLNA___ACTR2_unrelaxed_rank_003_alphafold2_multimer_v3_model_2_seed_000.pdb
TXLNA___ACTR2,4,4,A,B,0.0000,0.0,0.0,0.0000,0.1424,0.0000,0.0000,0.0,0.0,0.1800,35.2,91.5,0.460,0,0,0,0,,,,,546,394,,,,,TXLNA___ACTR2_unrelaxed_rank_004_alphafold2_multimer_v3_model_4_seed_000.pdb
TXLNA___ACTR2,5,1,A,B,0.0000,0.0,0.0,0.0000,0.0000,0.0000,0.0000,0.0,0.0,0.1700,49.3,90.2,0.460,0,0,0,0,,,,,546,394,,,,,TXLNA___ACTR2_unrelaxed_rank_005_alphafold2_multimer_v3_model_1_seed_000.pdb
TXLNA___ATXN2L,1,1,A,B,0.0000,0.0,0.0,0.0000,0.1665,0.0000,0.0000,0.0,0.0,0.1600,51.7,26.1,0.210,0,0,0,0,,,,,546,1075,,,,,TXLNA___ATXN2L_unrelaxed_rank_001_alphafold2_multimer_v3_model_1_seed_000.pdb
TXLNA___ATXN2L,2,2,A,B,0.0000,0.0,0.0,0.0000,0.1668,0.0000,0.0000,0.0,0.0,0.1600,51.4,25.7,0.210,0,0,0,0,,,,,546,1075,,,,,TXLNA___ATXN2L_unrelaxed_rank_002_alphafold2_multimer_v3_model_2_seed_000.pdb
TXLNA___ATXN2L,3,3,A,B,0.0000,0.0,0.0,0.0000,0.1550,0.0000,0.0000,0.0,0.0,0.1600,56.8,25.0,0.220,0,0,0,0,,,,,546,1075,,,,,TXLNA___ATXN2L_unrelaxed_rank_003_alphafold2_multimer_v3_model_3_seed_000.pdb
TXLNA___ATXN2L,4,5,A,B,0.0000,0.0,0.0,0.0000,0.1513,0.0000,0.0000,0.0,0.0,0.1500,56.4,26.3,0.220,0,0,0,0,,,,,546,1075,,,,,TXLNA___ATXN2L_unrelaxed_rank_004_alphafold2_multimer_v3_model_5_seed_000.pdb
TXLNA___ATXN2L,5,4,A,B,0.0000,0.0,0.0,0.0000,0.1619,0.0000,0.0000,0.0,0.0,0.1500,42.4,24.8,0.210,0,0,0,0,,,,,546,1075,,,,,TXLNA___ATXN2L_unrelaxed_rank_005_alphafold2_multimer_v3_model_4_seed_000.pdb
TXN___NBN,1,4,A,B,0.5330,2683.0,1430.1,0.5550,0.9485,0.3936,0.7218,59005.0,122.0,0.8400,93.0,49.5,0.500,105,335,21,29,93.0,88.1,88.7,80.4,105,754,[1-105],[1-335],"[4,6,30-38,60,72-74,90-94,96]","[118-120,156-159,162,201-205,233-234,237-238,274,278,280,306-312,331-332]",TXN___NBN_unrelaxed_rank_001_alphafold2_multimer_v3_model_4_seed_000.pdb
TXN___NBN,2,3,A,B,0.2933,2366.7,694.1,0.2930,0.7763,0.2072,0.4151,39725.0,141.0,0.7300,89.7,48.4,0.500,105,308,24,31,89.7,88.3,82.4,75.8,105,754,[1-105],"[1-6,13-28,30-35,41-53,57-71,75-82,87-100,105-334]","[4,6,29-38,60-61,72-75,90-94,96]","[118-121,156-159,162,201-205,233-234,237-238,274,278-281,306-312,333]",TXN___NBN_unrelaxed_rank_002_alphafold2_multimer_v3_model_3_seed_000.pdb
TXN___NBN,3,5,A,B,0.0000,0.0,0.0,0.0000,0.3333,0.0275,0.0000,1.0,0.0,0.4200,85.4,47.8,0.460,1,1,0,0,84.8,88.6,,,105,754,[28],[305],,,TXN___NBN_unrelaxed_rank_003_alphafold2_multimer_v3_model_5_seed_000.pdb
TXN___NBN,4,1,A,B,0.0000,0.0,0.0,0.0000,0.3076,0.0000,0.0000,0.0,0.0,0.3900,82.2,48.3,0.450,0,0,0,0,,,,,105,754,,,,,TXN___NBN_unrelaxed_rank_004_alphafold2_multimer_v3_model_1_seed_000.pdb
TXN___NBN,5,2,A,B,0.0000,0.0,0.0,0.0000,0.1869,0.0000,0.0000,0.0,0.0,0.2500,84.7,48.4,0.440,0,0,0,0,,,,,105,754,,,,,TXN___NBN_unrelaxed_rank_005_alphafold2_multimer_v3_model_2_seed_000.pdb
ALDH1L2___PDXDC1,1,1,A,B,0.0000,0.0,0.0,0.0000,0.3872,0.0000,0.0000,0.0,0.0,0.2200,87.9,66.9,0.420,0,0,0,0,,,,,923,788,,,,,ALDH1L2___PDXDC1_unrelaxed_rank_001_alphafold2_multimer_v3_model_1_seed_000.pdb
ALDH1L2___PDXDC1,2,4,A,B,0.0000,0.0,0.0,0.0000,0.1739,0.0000,0.0000,0.0,0.0,0.1800,88.1,68.1,0.420,0,0,0,0,,,,,923,788,,,,,ALDH1L2___PDXDC1_unrelaxed_rank_002_alphafold2_multimer_v3_model_4_seed_000.pdb
ALDH1L2___PDXDC1,3,2,A,B,0.0000,0.0,0.0,0.0000,0.3834,0.0000,0.0000,0.0,0.0,0.1800,89.1,68.7,0.430,0,0,0,0,,,,,923,788,,,,,ALDH1L2___PDXDC1_unrelaxed_rank_003_alphafold2_multimer_v3_model_2_seed_000.pdb
ALDH1L2___PDXDC1,4,5,A,B,0.0000,0.0,0.0,0.0000,0.2137,0.0000,0.0000,0.0,0.0,0.1700,88.1,66.9,0.430,0,0,0,0,,,,,923,788,,,,,ALDH1L2___PDXDC1_unrelaxed_rank_004_alphafold2_multimer_v3_model_5_seed_000.pdb
ALDH1L2___PDXDC1,5,3,A,B,0.0000,0.0,0.0,0.0000,0.1638,0.0000,0.0000,0.0,0.0,0.1700,88.6,67.5,0.430,0,0,0,0,,,,,923,788,,,,,ALDH1L2___PDXDC1_unrelaxed_rank_005_alphafold2_multimer_v3_model_3_seed_000.pdb
ALDH1L2___STIP1,1,5,A,B,0.0000,0.0,0.0,0.0000,0.1901,0.0000,0.0000,0.0,0.0,0.1800,88.7,74.4,0.460,0,0,0,0,,,,,923,543,,,,,ALDH1L2___STIP1_unrelaxed_rank_001_alphafold2_multimer_v3_model_5_seed_000.pdb
ALDH1L2___STIP1,2,1,A,B,0.0000,0.0,0.0,0.0000,0.1610,0.0000,0.0000,0.0,0.0,0.1700,88.7,73.6,0.450,0,0,0,0,,,,,923,543,,,,,ALDH1L2___STIP1_unrelaxed_rank_002_alphafold2_multimer_v3_model_1_seed_000.pdb
ALDH1L2___STIP1,3,2,A,B,0.0000,0.0,0.0,0.0000,0.1517,0.0000,0.0000,0.0,0.0,0.1700,89.0,74.6,0.460,0,0,0,0,,,,,923,543,,,,,ALDH1L2___STIP1_unrelaxed_rank_003_alphafold2_multimer_v3_model_2_seed_000.pdb
ALDH1L2___STIP1,4,4,A,B,0.0000,0.0,0.0,0.0000,0.1480,0.0000,0.0000,0.0,0.0,0.1700,88.0,73.1,0.450,0,0,0,0,,,,,923,543,,,,,ALDH1L2___STIP1_unrelaxed_rank_004_alphafold2_multimer_v3_model_4_seed_000.pdb
ALDH1L2___STIP1,5,3,A,B,0.0000,0.0,0.0,0.0000,0.1428,0.0000,0.0000,0.0,0.0,0.1600,89.4,74.3,0.470,0,0,0,0,,,,,923,543,,,,,ALDH1L2___STIP1_unrelaxed_rank_005_alphafold2_multimer_v3_model_3_seed_000.pdb
CIP2A___MRPL15,1,1,A,B,0.0000,0.0,0.0,0.0000,0.1700,0.0000,0.0000,0.0,0.0,0.1600,72.2,68.8,0.490,0,0,0,0,,,,,905,296,,,,,CIP2A___MRPL15_unrelaxed_rank_001_alphafold2_multimer_v3_model_1_seed_000.pdb
CIP2A___MRPL15,2,3,A,B,0.0000,0.0,0.0,0.0000,0.2532,0.0000,0.0000,0.0,0.0,0.1600,69.1,66.4,0.500,0,0,0,0,,,,,905,296,,,,,CIP2A___MRPL15_unrelaxed_rank_002_alphafold2_multimer_v3_model_3_seed_000.pdb
CIP2A___MRPL15,3,4,A,B,0.0000,0.0,0.0,0.0000,0.1302,0.0000,0.0000,0.0,0.0,0.1500,68.0,66.8,0.490,0,0,0,0,,,,,905,296,,,,,CIP2A___MRPL15_unrelaxed_rank_003_alphafold2_multimer_v3_model_4_seed_000.pdb
CIP2A___MRPL15,4,2,A,B,0.0000,0.0,0.0,0.0000,0.1271,0.0000,0.0000,0.0,0.0,0.1500,71.3,68.3,0.490,0,0,0,0,,,,,905,296,,,,,CIP2A___MRPL15_unrelaxed_rank_004_alphafold2_multimer_v3_model_2_seed_000.pdb
CIP2A___MRPL15,5,5,A,B,0.0000,0.0,0.0,0.0000,0.1391,0.0000,0.0000,0.0,0.0,0.1400,70.7,68.5,0.490,0,0,0,0,,,,,905,296,,,,,CIP2A___MRPL15_unrelaxed_rank_005_alphafold2_multimer_v3_model_5_seed_000.pdb
CIP2A___PPP1R10,1,1,A,B,0.0215,6.3,0.1,0.0000,0.5383,0.0199,0.0232,8.0,5.0,0.2500,69.8,29.6,0.410,7,2,4,2,86.4,33.2,84.4,33.2,905,940,"[190,194-198,241]",[291-292],"[194-195,197-198]",[291-292],CIP2A___PPP1R10_unrelaxed_rank_001_alphafold2_multimer_v3_model_1_seed_000.pdb
CIP2A___PPP1R10,2,3,A,B,0.0000,0.0,0.0,0.0000,0.2965,0.0000,0.0000,0.0,0.0,0.2100,69.6,29.7,0.410,0,0,0,0,,,,,905,940,,,,,CIP2A___PPP1R10_unrelaxed_rank_002_alphafold2_multimer_v3_model_3_seed_000.pdb
CIP2A___PPP1R10,3,4,A,B,0.0000,0.0,0.0,0.0000,0.3435,0.0000,0.0000,0.0,0.0,0.2000,68.6,28.2,0.400,0,0,0,0,,,,,905,940,,,,,CIP2A___PPP1R10_unrelaxed_rank_003_alphafold2_multimer_v3_model_4_seed_000.pdb
CIP2A___PPP1R10,4,2,A,B,0.0000,0.0,0.0,0.0000,0.3306,0.0000,0.0000,0.0,0.0,0.2000,73.4,29.9,0.400,0,0,0,0,,,,,905,940,,,,,CIP2A___PPP1R10_unrelaxed_rank_004_alphafold2_multimer_v3_model_2_seed_000.pdb
CIP2A___PPP1R10,5,5,A,B,0.0000,0.0,0.0,0.0000,0.2499,0.0000,0.0000,0.0,0.0,0.1900,72.8,29.3,0.410,0,0,0,0,,,,,905,940,,,,,CIP2A___PPP1R10_unrelaxed_rank_005_alphafold2_multimer_v3_model_5_seed_000.pdb
EDC3___XPNPEP1,1,5,A,B,0.0000,0.0,0.0,0.0000,0.2678,0.0000,0.0000,0.0,0.0,0.2000,58.5,94.4,0.590,0,0,0,0,,,,,508,623,,,,,EDC3___XPNPEP1_unrelaxed_rank_001_alphafold2_multimer_v3_model_5_seed_000.pdb
EDC3___XPNPEP1,2,1,A,B,0.0000,0.0,0.0,0.0000,0.3115,0.0000,0.0000,0.0,0.0,0.1800,58.2,94.4,0.590,0,0,0,0,,,,,508,623,,,,,EDC3___XPNPEP1_unrelaxed_rank_002_alphafold2_multimer_v3_model_1_seed_000.pdb
EDC3___XPNPEP1,3,4,A,B,0.0000,0.0,0.0,0.0000,0.1707,0.0000,0.0000,0.0,0.0,0.1600,58.0,93.7,0.580,0,0,0,0,,,,,508,623,,,,,EDC3___XPNPEP1_unrelaxed_rank_003_alphafold2_multimer_v3_model_4_seed_000.pdb
EDC3___XPNPEP1,4,3,A,B,0.0000,0.0,0.0,0.0000,0.1476,0.0000,0.0000,0.0,0.0,0.1500,58.7,94.4,0.590,0,0,0,0,,,,,508,623,,,,,EDC3___XPNPEP1_unrelaxed_rank_004_alphafold2_multimer_v3_model_3_seed_000.pdb
EDC3___XPNPEP1,5,2,A,B,0.0000,0.0,0.0,0.0000,0.1414,0.0000,0.0000,0.0,0.0,0.1500,59.5,94.1,0.580,0,0,0,0,,,,,508,623,,,,,EDC3___XPNPEP1_unrelaxed_rank_005_alphafold2_multimer_v3_model_2_seed_000.pdb
EPB41___MRPL15,1,5,A,B,0.0000,0.0,0.0,0.0000,0.2880,0.0000,0.0000,0.0,0.0,0.2400,47.1,69.8,0.370,0,0,0,0,,,,,864,296,,,,,EPB41___MRPL15_unrelaxed_rank_001_alphafold2_multimer_v3_model_5_seed_000.pdb
EPB41___MRPL15,2,1,A,B,0.0000,0.0,0.0,0.0000,0.3136,0.0000,0.0000,0.0,0.0,0.2400,48.6,70.2,0.380,0,0,0,0,,,,,864,296,,,,,EPB41___MRPL15_unrelaxed_rank_002_alphafold2_multimer_v3_model_1_seed_000.pdb
EPB41___MRPL15,3,4,A,B,0.0000,0.0,0.0,0.0000,0.1836,0.0000,0.0000,0.0,0.0,0.1900,45.6,66.5,0.370,0,0,0,0,,,,,864,296,,,,,EPB41___MRPL15_unrelaxed_rank_003_alphafold2_multimer_v3_model_4_seed_000.pdb
EPB41___MRPL15,4,2,A,B,0.0000,0.0,0.0,0.0000,0.1460,0.0000,0.0000,0.0,0.0,0.1700,47.5,70.2,0.380,0,0,0,0,,,,,864,296,,,,,EPB41___MRPL15_unrelaxed_rank_004_alphafold2_multimer_v3_model_2_seed_000.pdb
EPB41___MRPL15,5,3,A,B,0.0000,0.0,0.0,0.0000,0.1565,0.0000,0.0000,0.0,0.0,0.1700,47.6,69.9,0.380,0,0,0,0,,,,,864,296,,,,,EPB41___MRPL15_unrelaxed_rank_005_alphafold2_multimer_v3_model_3_seed_000.pdb
GNAI3___EDC3,1,3,A,B,0.0559,176.6,9.9,0.0143,0.5182,0.0515,0.0607,1039.0,30.0,0.4300,85.0,60.6,0.450,244,9,13,7,91.0,45.2,82.6,45.9,354,508,"[34-56,61,63-70,72-74,76-81,83-93,95-96,100-101,103-108,121-143,145-148,151-152,155,160-162,167-177,179,181,183-190,195-216,218-236,238-279,281-290,294-310,319-333,335,338-339]",[244-252],"[205-209,212,240,244,248-249,252-253,256]","[244,246-251]",GNAI3___EDC3_unrelaxed_rank_001_alphafold2_multimer_v3_model_3_seed_000.pdb
GNAI3___EDC3,2,4,A,B,0.0000,0.0,0.0,0.0000,0.3164,0.0000,0.0000,0.0,0.0,0.2800,82.9,59.1,0.440,0,0,0,0,,,,,354,508,,,,,GNAI3___EDC3_unrelaxed_rank_002_alphafold2_multimer_v3_model_4_seed_000.pdb
GNAI3___EDC3,3,5,A,B,0.0000,0.0,0.0,0.0000,0.2827,0.0000,0.0000,0.0,0.0,0.2700,86.1,60.0,0.440,0,0,0,0,,,,,354,508,,,,,GNAI3___EDC3_unrelaxed_rank_003_alphafold2_multimer_v3_model_5_seed_000.pdb
GNAI3___EDC3,4,2,A,B,0.0000,0.0,0.0,0.0000,0.2403,0.0000,0.0000,0.0,0.0,0.2200,84.9,59.9,0.440,0,0,0,0,,,,,354,508,,,,,GNAI3___EDC3_unrelaxed_rank_004_alphafold2_multimer_v3_model_2_seed_000.pdb
GNAI3___EDC3,5,1,A,B,0.0000,0.0,0.0,0.0000,0.2341,0.0000,0.0000,0.0,0.0,0.1900,84.2,60.9,0.450,0,0,0,0,,,,,354,508,,,,,GNAI3___EDC3_unrelaxed_rank_005_alphafold2_multimer_v3_model_1_seed_000.pdb
GNAI3___GNAS,1,5,A,B,0.0000,0.0,0.0,0.0000,0.2225,0.0000,0.0000,0.0,0.0,0.2500,85.2,40.8,0.370,0,0,0,0,,,,,354,1037,,,,,GNAI3___GNAS_unrelaxed_rank_001_alphafold2_multimer_v3_model_5_seed_000.pdb
GNAI3___GNAS,2,1,A,B,0.0000,0.0,0.0,0.0000,0.2463,0.0000,0.0000,0.0,0.0,0.2300,81.9,39.1,0.360,0,0,0,0,,,,,354,1037,,,,,GNAI3___GNAS_unrelaxed_rank_002_alphafold2_multimer_v3_model_1_seed_000.pdb
GNAI3___GNAS,3,2,A,B,0.0000,0.0,0.0,0.0000,0.2170,0.0000,0.0000,0.0,0.0,0.2200,81.0,39.4,0.370,0,0,0,0,,,,,354,1037,,,,,GNAI3___GNAS_unrelaxed_rank_003_alphafold2_multimer_v3_model_2_seed_000.pdb
GNAI3___GNAS,4,4,A,B,0.0000,0.0,0.0,0.0000,0.1724,0.0000,0.0000,0.0,0.0,0.2000,81.6,38.9,0.360,0,0,0,0,,,,,354,1037,,,,,GNAI3___GNAS_unrelaxed_rank_004_alphafold2_multimer_v3_model_4_seed_000.pdb
GNAI3___GNAS,5,3,A,B,0.0000,0.0,0.0,0.0000,0.1650,0.0000,0.0000,0.0,0.0,0.1800,80.5,38.9,0.350,0,0,0,0,,,,,354,1037,,,,,GNAI3___GNAS_unrelaxed_rank_005_alphafold2_multimer_v3_model_3_seed_000.pdb
MARS2___GNAS,1,1,A,B,0.0000,0.0,0.0,0.0000,0.3182,0.0000,0.0000,0.0,0.0,0.2300,84.3,38.3,0.440,0,0,0,0,,,,,593,1037,,,,,MARS2___GNAS_unrelaxed_rank_001_alphafold2_multimer_v3_model_1_seed_000.pdb
MARS2___GNAS,2,4,A,B,0.0000,0.0,0.0,0.0000,0.2392,0.0000,0.0000,0.0,0.0,0.1800,83.8,37.0,0.440,0,0,0,0,,,,,593,1037,,,,,MARS2___GNAS_unrelaxed_rank_002_alphafold2_multimer_v3_model_4_seed_000.pdb
MARS2___GNAS,3,5,A,B,0.0000,0.0,0.0,0.0000,0.1769,0.0000,0.0000,0.0,0.0,0.1800,84.8,39.5,0.440,0,0,0,0,,,,,593,1037,,,,,MARS2___GNAS_unrelaxed_rank_003_alphafold2_multimer_v3_model_5_seed_000.pdb
MARS2___GNAS,4,3,A,B,0.0000,0.0,0.0,0.0000,0.1969,0.0000,0.0000,0.0,0.0,0.1700,84.2,39.4,0.430,0,0,0,0,,,,,593,1037,,,,,MARS2___GNAS_unrelaxed_rank_004_alphafold2_multimer_v3_model_3_seed_000.pdb
MARS2___GNAS,5,2,A,B,0.0000,0.0,0.0,0.0000,0.1985,0.0000,0.0000,0.0,0.0,0.1700,84.5,39.2,0.430,0,0,0,0,,,,,593,1037,,,,,MARS2___GNAS_unrelaxed_rank_005_alphafold2_multimer_v3_model_2_seed_000.pdb
MRPL12___ACTR2,1,1,A,B,0.0000,0.0,0.0,0.0000,0.2793,0.0000,0.0000,0.0,0.0,0.2300,40.6,89.6,0.650,0,0,0,0,,,,,198,394,,,,,MRPL12___ACTR2_unrelaxed_rank_001_alphafold2_multimer_v3_model_1_seed_000.pdb
MRPL12___ACTR2,2,5,A,B,0.0000,0.0,0.0,0.0000,0.2217,0.0000,0.0000,0.0,0.0,0.2200,40.9,93.1,0.660,0,0,0,0,,,,,198,394,,,,,MRPL12___ACTR2_unrelaxed_rank_002_alphafold2_multimer_v3_model_5_seed_000.pdb
MRPL12___ACTR2,3,4,A,B,0.0000,0.0,0.0,0.0000,0.1729,0.0000,0.0000,0.0,0.0,0.1800,43.8,92.7,0.660,0,0,0,0,,,,,198,394,,,,,MRPL12___ACTR2_unrelaxed_rank_003_alphafold2_multimer_v3_model_4_seed_000.pdb
MRPL12___ACTR2,4,2,A,B,0.0000,0.0,0.0,0.0000,0.1795,0.0000,0.0000,0.0,0.0,0.1700,43.2,92.1,0.650,0,0,0,0,,,,,198,394,,,,,MRPL12___ACTR2_unrelaxed_rank_004_alphafold2_multimer_v3_model_2_seed_000.pdb
MRPL12___ACTR2,5,3,A,B,0.0000,0.0,0.0,0.0000,0.1651,0.0000,0.0000,0.0,0.0,0.1600,42.4,93.3,0.660,0,0,0,0,,,,,198,394,,,,,MRPL12___ACTR2_unrelaxed_rank_005_alphafold2_multimer_v3_model_3_seed_000.pdb
MRPL12___EDC3,1,3,A,B,0.2133,488.7,104.2,0.0292,0.7546,0.1447,0.3142,4592.0,52.0,0.3500,46.1,63.8,0.460,32,221,10,12,67.0,94.8,70.3,81.8,198,508,[60-91],"[260-263,269-320,335-435,437-446,453-506]",[70-79],"[343,369-373,416,418-419,422-424]",MRPL12___EDC3_unrelaxed_rank_001_alphafold2_multimer_v3_model_3_seed_000.pdb
MRPL12___EDC3,2,4,A,B,0.0000,0.0,0.0,0.0000,0.2142,0.0000,0.0000,0.0,0.0,0.1400,45.3,64.5,0.420,0,0,0,0,,,,,198,508,,,,,MRPL12___EDC3_unrelaxed_rank_002_alphafold2_multimer_v3_model_4_seed_000.pdb
MRPL12___EDC3,3,1,A,B,0.0000,0.0,0.0,0.0000,0.1734,0.0000,0.0000,0.0,0.0,0.1300,41.5,65.9,0.420,0,0,0,0,,,,,198,508,,,,,MRPL12___EDC3_unrelaxed_rank_003_alphafold2_multimer_v3_model_1_seed_000.pdb
MRPL12___EDC3,4,5,A,B,0.0000,0.0,0.0,0.0000,0.0000,0.0000,0.0000,0.0,0.0,0.1000,41.3,64.3,0.410,0,0,0,0,,,,,198,508,,,,,MRPL12___EDC3_unrelaxed_rank_004_alphafold2_multimer_v3_model_5_seed_000.pdb
MRPL12___EDC3,5,2,A,B,0.0000,0.0,0.0,0.0000,0.0916,0.0000,0.0000,0.0,0.0,0.1000,47.5,65.3,0.410,0,0,0,0,,,,,198,508,,,,,MRPL12___EDC3_unrelaxed_rank_005_alphafold2_multimer_v3_model_2_seed_000.pdb
PDXDC1___MRPL15,1,4,A,B,0.0000,0.0,0.0,0.0000,0.1754,0.0000,0.0000,0.0,0.0,0.1700,70.0,66.7,0.560,0,0,0,0,,,,,788,296,,,,,PDXDC1___MRPL15_unrelaxed_rank_001_alphafold2_multimer_v3_model_4_seed_000.pdb
PDXDC1___MRPL15,2,1,A,B,0.0000,0.0,0.0,0.0000,0.1801,0.0000,0.0000,0.0,0.0,0.1600,71.2,69.7,0.550,0,0,0,0,,,,,788,296,,,,,PDXDC1___MRPL15_unrelaxed_rank_002_alphafold2_multimer_v3_model_1_seed_000.pdb
PDXDC1___MRPL15,3,3,A,B,0.0000,0.0,0.0,0.0000,0.1597,0.0000,0.0000,0.0,0.0,0.1600,70.0,67.5,0.560,0,0,0,0,,,,,788,296,,,,,PDXDC1___MRPL15_unrelaxed_rank_003_alphafold2_multimer_v3_model_3_seed_000.pdb
PDXDC1___MRPL15,4,5,A,B,0.0000,0.0,0.0,0.0000,0.1478,0.0000,0.0000,0.0,0.0,0.1500,69.8,68.0,0.560,0,0,0,0,,,,,788,296,,,,,PDXDC1___MRPL15_unrelaxed_rank_004_alphafold2_multimer_v3_model_5_seed_000.pdb
PDXDC1___MRPL15,5,2,A,B,0.0000,0.0,0.0,0.0000,0.1356,0.0000,0.0000,0.0,0.0,0.1400,70.8,67.1,0.550,0,0,0,0,,,,,788,296,,,,,PDXDC1___MRPL15_unrelaxed_rank_005_alphafold2_multimer_v3_model_2_seed_000.pdb
PSMA4___ASPH,1,4,A,B,0.0396,346.4,13.7,0.0119,0.5324,0.0383,0.0410,3157.0,38.0,0.3300,69.2,58.8,0.500,21,354,10,17,46.2,90.0,35.2,76.2,261,758,"[10-25,74-75,133-134,150]","[345,361,364,367-368,375,377-393,396-408,414-602,604,626,628-696,700-731,733-758]","[10,12-13,15-21]","[465-466,468,496,500,525-526,529-530,563-565,680-682,756,758]",PSMA4___ASPH_unrelaxed_rank_001_alphafold2_multimer_v3_model_4_seed_000.pdb
PSMA4___ASPH,2,5,A,B,0.0445,320.7,14.3,0.0138,0.5284,0.0393,0.0503,2779.0,37.0,0.2700,69.5,58.9,0.490,17,380,13,23,31.2,90.4,32.0,74.0,261,758,"[3-6,9-21]","[335,338,344,346,348-349,352,357-358,360-361,363-371,374-408,414-581,583-604,614,616-617,620-621,625-696,699-730,733-758]","[4-5,10-20]","[393,432-434,465-466,468,470,496,500,526,529-530,563-565,617,679-680,682-683,756,758]",PSMA4___ASPH_unrelaxed_rank_002_alphafold2_multimer_v3_model_5_seed_000.pdb
PSMA4___ASPH,3,3,A,B,0.0361,226.8,8.2,0.0128,0.5354,0.0299,0.0436,2057.0,25.0,0.2700,71.9,59.0,0.490,17,377,9,18,32.0,91.2,32.8,76.2,261,758,"[3-6,8-20]","[338,342,344-346,348-349,351,353,356-371,374-377,379,381-407,414-417,419-435,437-451,453-581,583-603,614,617,620-622,625-626,628-696,699-730,733-758]","[4-5,11-16,18]","[390,393,395,432-434,465-466,496,500,526,530,564-565,680,682-683,758]",PSMA4___ASPH_unrelaxed_rank_003_alphafold2_multimer_v3_model_3_seed_000.pdb
PSMA4___ASPH,4,1,A,B,0.0000,0.0,0.0,0.0000,0.3417,0.0000,0.0000,0.0,0.0,0.2700,70.6,59.9,0.490,0,0,0,0,,,,,261,758,,,,,PSMA4___ASPH_unrelaxed_rank_004_alphafold2_multimer_v3_model_1_seed_000.pdb
PSMA4___ASPH,5,2,A,B,0.0000,0.0,0.0,0.0000,0.3867,0.0000,0.0000,0.0,0.0,0.2400,73.4,60.7,0.480,0,0,0,0,,,,,261,758,,,,,PSMA4___ASPH_unrelaxed_rank_005_alphafold2_multimer_v3_model_2_seed_000.pdb
SAFB___ACTR2,1,4,A,B,0.2374,625.2,148.4,0.0604,0.7837,0.1444,0.3902,11498.0,34.0,0.5800,27.0,89.8,0.410,50,351,6,8,80.8,91.6,79.5,88.0,915,394,[28-77],"[1-39,55-200,202,204-206,208-233,241-246,251-254,256-273,276-330,340-392]","[35-37,52-54]","[129,378-384]",SAFB___ACTR2_unrelaxed_rank_001_alphafold2_multimer_v3_model_4_seed_000.pdb
SAFB___ACTR2,2,5,A,B,0.1423,369.2,52.5,0.0158,0.6778,0.1028,0.1970,4398.0,31.0,0.5400,29.8,90.9,0.410,49,291,6,8,82.8,93.9,79.7,88.9,915,394,[28-76],"[2,4-25,27-34,36-38,56-59,61-62,68,70,72-197,210-224,257-268,270-271,277-289,294-328,330,342-344,346,350-390]","[35-37,52-54]","[129,378-384]",SAFB___ACTR2_unrelaxed_rank_002_alphafold2_multimer_v3_model_5_seed_000.pdb
SAFB___ACTR2,3,1,A,B,0.0000,0.0,0.0,0.0000,0.2560,0.0000,0.0000,0.0,0.0,0.2600,29.2,89.0,0.390,0,0,0,0,,,,,915,394,,,,,SAFB___ACTR2_unrelaxed_rank_003_alphafold2_multimer_v3_model_1_seed_000.pdb
SAFB___ACTR2,4,3,A,B,0.0000,0.0,0.0,0.0000,0.3079,0.0000,0.0000,0.0,0.0,0.2500,28.9,90.3,0.400,0,0,0,0,,,,,915,394,,,,,SAFB___ACTR2_unrelaxed_rank_004_alphafold2_multimer_v3_model_3_seed_000.pdb
SAFB___ACTR2,5,2,A,B,0.0000,0.0,0.0,0.0000,0.2441,0.0000,0.0000,0.0,0.0,0.2500,29.5,91.3,0.390,0,0,0,0,,,,,915,394,,,,,SAFB___ACTR2_unrelaxed_rank_005_alphafold2_multimer_v3_model_2_seed_000.pdb
SAFB___IBA57,1,1,A,B,0.1824,555.8,101.4,0.0171,0.7280,0.1304,0.2552,4982.0,62.0,0.4000,31.3,77.2,0.370,76,239,12,11,76.1,92.1,61.6,80.3,915,356,"[406-429,431-482]","[48-80,93-115,124-164,184-201,213-285,293-328,330-333,341-351]","[409,411,438-441,443,446-449,480]","[71-72,258-261,263-264,267-268,271]",SAFB___IBA57_unrelaxed_rank_001_alphafold2_multimer_v3_model_1_seed_000.pdb
SAFB___IBA57,2,5,A,B,0.1637,408.5,66.9,0.0172,0.7340,0.1192,0.2250,3880.0,43.0,0.3600,30.2,78.5,0.370,63,236,10,11,70.2,92.8,55.8,81.3,915,356,"[406-427,432-456,460-463,465-466,470-473,476-481]","[48-81,94-115,124-144,147-164,184-201,208,212-285,293-302,304-327,331-333,341-351]","[411-412,438-442,446,448-449]","[68,72,143,258-261,263-264,267-268]",SAFB___IBA57_unrelaxed_rank_002_alphafold2_multimer_v3_model_5_seed_000.pdb
SAFB___IBA57,3,4,A,B,0.1489,528.5,78.7,0.0168,0.7348,0.1111,0.1996,4988.0,56.0,0.3200,28.9,77.8,0.360,72,235,13,17,67.0,91.7,52.5,76.5,915,356,"[407-429,431-459,461-462,464-473,475-482]","[48-81,93-114,124-144,147-164,184-201,212-285,293-302,304-327,331-333,341-351]","[409,411-412,415,438,440,442-443,445-449]","[102-104,143,255-256,258-265,267-268,271]",SAFB___IBA57_unrelaxed_rank_003_alphafold2_multimer_v3_model_4_seed_000.pdb
SAFB___IBA57,4,3,A,B,0.1201,405.7,48.7,0.0136,0.6286,0.0938,0.1537,3165.0,52.0,0.2700,30.8,79.0,0.360,39,227,11,16,68.5,93.1,54.6,82.0,915,356,"[408-422,424,426,436-453,473,478-480]","[48-79,94-114,124-144,147-164,184-200,213-285,293-302,305-327,331,341-351]","[437-443,446-449]","[68-69,71-73,102,142-143,258-264,267]",SAFB___IBA57_unrelaxed_rank_004_alphafold2_multimer_v3_model_3_seed_000.pdb
SAFB___IBA57,5,2,A,B,0.0287,37.9,1.1,0.0000,0.4823,0.0246,0.0334,180.0,8.0,0.2200,31.1,78.9,0.360,4,135,2,6,61.4,94.4,54.0,81.3,915,356,[447-450],"[50-53,55-62,64-72,75,78,96-103,105-113,124-131,133-140,149-150,152,154,157,159-162,185,187-194,196-199,219-222,224-230,233-236,239-240,242-252,258-265,267-271,277-284,299,310,317,319-322,350]",[447-448],"[258-260,263-264,267]",SAFB___IBA57_unrelaxed_rank_005_alphafold2_multimer_v3_model_2_seed_000.pdb
SGPL1___XRN2,1,2,A,B,0.0000,0.0,0.0,0.0000,0.1638,0.0000,0.0000,0.0,0.0,0.1600,83.9,69.2,0.520,0,0,0,0,,,,,568,950,,,,,SGPL1___XRN2_unrelaxed_rank_001_alphafold2_multimer_v3_model_2_seed_000.pdb
SGPL1___XRN2,2,5,A,B,0.0000,0.0,0.0,0.0000,0.1611,0.0000,0.0000,0.0,0.0,0.1700,82.4,67.9,0.520,0,0,0,0,,,,,568,950,,,,,SGPL1___XRN2_unrelaxed_rank_002_alphafold2_multimer_v3_model_5_seed_000.pdb
SGPL1___XRN2,3,4,A,B,0.0000,0.0,0.0,0.0000,0.1579,0.0000,0.0000,0.0,0.0,0.1600,82.6,68.0,0.520,0,0,0,0,,,,,568,950,,,,,SGPL1___XRN2_unrelaxed_rank_003_alphafold2_multimer_v3_model_4_seed_000.pdb
SGPL1___XRN2,4,1,A,B,0.0000,0.0,0.0,0.0000,0.1618,0.0000,0.0000,0.0,0.0,0.1600,83.1,67.2,0.510,0,0,0,0,,,,,568,950,,,,,SGPL1___XRN2_unrelaxed_rank_004_alphafold2_multimer_v3_model_1_seed_000.pdb
SGPL1___XRN2,5,3,A,B,0.0000,0.0,0.0,0.0000,0.1532,0.0000,0.0000,0.0,0.0,0.1600,83.2,67.1,0.510,0,0,0,0,,,,,568,950,,,,,SGPL1___XRN2_unrelaxed_rank_005_alphafold2_multimer_v3_model_3_seed_000.pdb
SNRPC___PDXDC1,1,2,A,B,0.0000,0.0,0.0,0.0000,0.1699,0.0000,0.0000,0.0,0.0,0.1800,28.2,72.5,0.630,0,0,0,0,,,,,159,788,,,,,SNRPC___PDXDC1_unrelaxed_rank_001_alphafold2_multimer_v3_model_2_seed_000.pdb
SNRPC___PDXDC1,2,4,A,B,0.0000,0.0,0.0,0.0000,0.1701,0.0000,0.0000,0.0,0.0,0.1600,26.5,72.2,0.630,0,0,0,0,,,,,159,788,,,,,SNRPC___PDXDC1_unrelaxed_rank_002_alphafold2_multimer_v3_model_4_seed_000.pdb
SNRPC___PDXDC1,3,3,A,B,0.0000,0.0,0.0,0.0000,0.1633,0.0000,0.0000,0.0,0.0,0.1400,28.6,71.7,0.620,0,0,0,0,,,,,159,788,,,,,SNRPC___PDXDC1_unrelaxed_rank_003_alphafold2_multimer_v3_model_3_seed_000.pdb
SNRPC___PDXDC1,4,1,A,B,0.0000,0.0,0.0,0.0000,0.1553,0.0000,0.0000,0.0,0.0,0.1500,26.7,71.5,0.610,0,0,0,0,,,,,159,788,,,,,SNRPC___PDXDC1_unrelaxed_rank_004_alphafold2_multimer_v3_model_1_seed_000.pdb
SNRPC___PDXDC1,5,5,A,B,0.0000,0.0,0.0,0.0000,0.1449,0.0000,0.0000,0.0,0.0,0.1400,26.3,72.0,0.630,0,0,0,0,,,,,159,788,,,,,SNRPC___PDXDC1_unrelaxed_rank_005_alphafold2_multimer_v3_model_5_seed_000.pdb
SNRPC___TXN,1,5,A,B,0.6720,907.5,609.9,0.6891,0.9565,0.5465,0.8264,10837.0,76.0,0.8600,51.2,95.4,0.570,60,105,10,18,87.3,95.4,90.5,94.3,159,105,[1-60],[1-105],"[3,6,9-14,24,29]","[29,31-35,59,66,71-76,90-93]",SNRPC___TXN_unrelaxed_rank_001_alphafold2_multimer_v3_model_5_seed_000.pdb
SNRPC___TXN,2,2,A,B,0.6012,927.1,557.4,0.5413,0.9297,0.4747,0.7613,10483.0,82.0,0.8100,52.6,94.6,0.560,59,105,11,19,86.5,94.6,88.7,92.9,159,105,[1-59],[1-105],"[3,6,9-14,20,24,29]","[29,31-35,59,66,71-76,89-93]",SNRPC___TXN_unrelaxed_rank_002_alphafold2_multimer_v3_model_2_seed_000.pdb
SNRPC___TXN,3,1,A,B,0.3082,721.7,222.4,0.1630,0.6238,0.2090,0.4544,6276.0,83.0,0.5900,48.3,92.8,0.510,45,105,13,19,77.5,92.8,76.8,87.7,159,105,[1-45],[1-105],"[1,3,5-6,9-14,20,24,29]","[29,31-35,59-60,66,71-76,90-93]",SNRPC___TXN_unrelaxed_rank_003_alphafold2_multimer_v3_model_1_seed_000.pdb
SNRPC___TXN,4,3,A,B,0.0000,0.0,0.0,0.0000,0.1820,0.0100,0.0000,32.0,0.0,0.1600,39.6,89.4,0.430,6,24,0,0,65.8,87.9,,,159,105,"[7-8,30,33-34,37]","[25-29,31,37,40-41,53,56-61,70,75-79,89,94]",,,SNRPC___TXN_unrelaxed_rank_004_alphafold2_multimer_v3_model_3_seed_000.pdb
SNRPC___TXN,5,4,A,B,0.0000,0.0,0.0,0.0000,0.1895,0.0133,0.0000,2.0,0.0,0.1400,41.6,89.5,0.430,2,1,0,0,58.2,71.9,,,159,105,[7-8],[31],,,SNRPC___TXN_unrelaxed_rank_005_alphafold2_multimer_v3_model_4_seed_000.pdb
TXLNA___GFP,1,4,A,B,0.0000,0.0,0.0,0.0000,0.1309,0.0000,0.0000,0.0,0.0,0.1600,42.2,91.1,0.350,0,0,0,0,,,,,546,238,,,,,TXLNA___GFP_unrelaxed_rank_001_alphafold2_multimer_v3_model_4_seed_000.pdb
TXLNA___GFP,2,1,A,B,0.0000,0.0,0.0,0.0000,0.0000,0.0000,0.0000,0.0,0.0,0.1300,50.2,90.3,0.350,0,0,0,0,,,,,546,238,,,,,TXLNA___GFP_unrelaxed_rank_002_alphafold2_multimer_v3_model_1_seed_000.pdb
TXLNA___GFP,3,5,A,B,0.0000,0.0,0.0,0.0000,0.0000,0.0000,0.0000,0.0,0.0,0.1200,51.1,90.7,0.350,0,0,0,0,,,,,546,238,,,,,TXLNA___GFP_unrelaxed_rank_003_alphafold2_multimer_v3_model_5_seed_000.pdb
TXLNA___GFP,4,2,A,B,0.0000,0.0,0.0,0.0000,0.0000,0.0000,0.0000,0.0,0.0,0.1200,47.9,91.1,0.350,0,0,0,0,,,,,546,238,,,,,TXLNA___GFP_unrelaxed_rank_004_alphafold2_multimer_v3_model_2_seed_000.pdb
TXLNA___GFP,5,3,A,B,0.0000,0.0,0.0,0.0000,0.1017,0.0000,0.0000,0.0,0.0,0.1100,57.0,91.0,0.350,0,0,0,0,,,,,546,238,,,,,TXLNA___GFP_unrelaxed_rank_005_alphafold2_multimer_v3_model_3_seed_000.pdb
TXN___IBA57,1,2,A,B,0.1063,436.9,46.4,0.0134,0.4191,0.0845,0.1336,3181.0,60.0,0.3200,85.7,78.1,0.700,98,211,13,14,85.5,92.7,68.8,76.9,105,356,"[2-16,21-49,51-104]","[49-79,94-113,124-143,148-155,157-163,184-200,213,215-271,275-285,294-301,305-313,316-326,331,342-351]","[31-35,72-76,90-92]","[68-69,72,102,258-265,267-268]",TXN___IBA57_unrelaxed_rank_001_alphafold2_multimer_v3_model_2_seed_000.pdb
TXN___IBA57,2,4,A,B,0.0546,216.7,11.8,0.0109,0.3185,0.0477,0.0625,1118.0,42.0,0.2900,83.2,78.9,0.700,50,187,13,9,77.9,92.6,67.4,77.0,105,356,"[24-38,41,45,54,57-60,65,69-80,87-101]","[49-53,55-78,94-113,124-143,148-154,157,159-162,186-194,196-199,216-272,276-284,294-299,305-311,317-325,344-345,347-348,350]","[32-35,37-38,72-75,90-92]","[72,258-264,267]",TXN___IBA57_unrelaxed_rank_002_alphafold2_multimer_v3_model_4_seed_000.pdb
TXN___IBA57,3,1,A,B,0.0564,176.2,9.9,0.0114,0.3467,0.0441,0.0722,913.0,34.0,0.2800,83.5,77.8,0.690,65,151,11,10,80.7,91.7,65.3,77.1,105,356,"[4,11,23-39,41-45,53-62,65,68-81,87-102]","[51,55-78,95-113,124-143,148-155,187-194,197,218-219,221-222,224-270,276-280,282,298-299,306,309-310,317,319-321,323-325,345]","[31-34,73-76,90-92]","[71-72,258-264,267]",TXN___IBA57_unrelaxed_rank_003_alphafold2_multimer_v3_model_1_seed_000.pdb
TXN___IBA57,4,3,A,B,0.0455,109.6,5.0,0.0000,0.3183,0.0395,0.0525,522.0,23.0,0.2700,86.9,79.0,0.690,48,168,11,4,82.3,93.6,74.4,77.5,105,356,"[24-25,27-39,41-42,54-61,70-79,87-96,98-100]","[50-51,53,55-78,94,96-113,124-142,148-155,159-162,185-194,196-199,217-255,257-269,277,279-283,298-299,305-306,309-311,317-325,345,347,350]","[32-35,73-76,90-92]","[258-259,261,263]",TXN___IBA57_unrelaxed_rank_004_alphafold2_multimer_v3_model_3_seed_000.pdb
TXN___IBA57,5,5,A,B,0.0425,67.0,2.8,0.0000,0.3384,0.0328,0.0550,236.0,19.0,0.2500,86.0,78.2,0.690,49,87,11,4,81.9,91.7,69.7,74.6,105,356,"[24-25,27-38,41-43,45,54-61,69-79,87-90,92-98,100]","[58-61,63-78,96-101,103-105,107-108,110-111,125-126,128-129,132,134-138,140-141,149-151,153,161,187,189,191-192,219-220,224,226-227,232-234,236-237,239,242-244,250-252,254,258-261,263-265,268,280,282,298,320,323,325,345]","[29,31-35,73-75,90,92]","[258-259,263-264]",TXN___IBA57_unrelaxed_rank_005_alphafold2_multimer_v3_model_5_seed_000.pdb
ASPH___XRN2,1,5,A,B,0.0176,48.9,0.9,0.0114,0.5562,0.0272,0.0114,342.0,7.0,0.2700,57.6,68.5,0.490,185,4,6,3,92.7,34.7,92.3,35.9,758,950,"[459,473,476-477,479-480,484,487-498,500,507-508,510-511,513,515,517,519,521-522,524-527,530,532-533,535-540,542-553,555-565,567,570-572,574-576,578,580-581,584-601,628-631,633,636-638,641,644-652,654-657,660,662,665-670,674-683,685-695,700-705,707-713,715-716,718-729,734-743,747,751-752]",[938-941],"[544,559-560,678,705,724]","[938,940-941]",ASPH___XRN2_unrelaxed_rank_001_alphafold2_multimer_v3_model_5_seed_000.pdb
ASPH___XRN2,2,4,A,B,0.0021,1.0,0.0,0.0000,0.5412,0.0021,0.0021,1.0,1.0,0.2400,56.0,67.4,0.490,1,1,1,1,92.2,26.0,92.2,26.0,758,950,[560],[938],[560],[938],ASPH___XRN2_unrelaxed_rank_002_alphafold2_multimer_v3_model_4_seed_000.pdb
ASPH___XRN2,3,3,A,B,0.0000,0.0,0.0,0.0000,0.3168,0.0000,0.0000,0.0,0.0,0.2100,57.7,68.0,0.490,0,0,0,0,,,,,758,950,,,,,ASPH___XRN2_unrelaxed_rank_003_alphafold2_multimer_v3_model_3_seed_000.pdb
ASPH___XRN2,4,2,A,B,0.0000,0.0,0.0,0.0000,0.2591,0.0000,0.0000,0.0,0.0,0.1800,58.8,69.3,0.490,0,0,0,0,,,,,758,950,,,,,ASPH___XRN2_unrelaxed_rank_004_alphafold2_multimer_v3_model_2_seed_000.pdb
ASPH___XRN2,5,1,A,B,0.0000,0.0,0.0,0.0000,0.1928,0.0000,0.0000,0.0,0.0,0.1800,56.9,67.3,0.480,0,0,0,0,,,,,758,950,,,,,ASPH___XRN2_unrelaxed_rank_005_alphafold2_multimer_v3_model_1_seed_000.pdb
ATXN2L___PSMA2,1,5,A,B,0.0730,93.1,6.8,0.0149,0.5578,0.0635,0.0839,510.0,17.0,0.5500,26.9,89.0,0.300,8,176,4,7,50.0,93.8,57.0,92.8,1075,234,[656-663],"[22-30,32-49,64-97,99-101,103-122,129-140,143-196,207-232]",[657-660],"[156-157,159,161,171,175,178]",ATXN2L___PSMA2_unrelaxed_rank_001_alphafold2_multimer_v3_model_5_seed_000.pdb
ATXN2L___PSMA2,2,4,A,B,0.1049,71.4,7.5,0.0146,0.5719,0.0846,0.1301,364.0,14.0,0.5400,25.2,84.6,0.290,6,148,4,7,50.4,90.1,53.9,88.8,1075,234,"[657-661,663]","[23-25,27-28,33,35-48,65-75,77,79-82,84-98,100-101,104-121,130,132-139,142,144-149,151,153-177,180-181,183-196,208-215,218,220-223,225-230]",[657-660],"[156-159,161,171,175]",ATXN2L___PSMA2_unrelaxed_rank_002_alphafold2_multimer_v3_model_4_seed_000.pdb
ATXN2L___PSMA2,3,2,A,B,0.0000,0.0,0.0,0.0000,0.4717,0.0042,0.0000,1.0,0.0,0.2700,26.1,90.0,0.310,1,1,0,0,44.9,86.0,,,1075,234,[207],[122],,,ATXN2L___PSMA2_unrelaxed_rank_003_alphafold2_multimer_v3_model_2_seed_000.pdb
ATXN2L___PSMA2,4,1,A,B,0.0000,0.0,0.0,0.0000,0.2747,0.0000,0.0000,0.0,0.0,0.2500,26.3,90.4,0.300,0,0,0,0,,,,,1075,234,,,,,ATXN2L___PSMA2_unrelaxed_rank_004_alphafold2_multimer_v3_model_1_seed_000.pdb
ATXN2L___PSMA2,5,3,A,B,0.0000,0.0,0.0,0.0000,0.3019,0.0000,0.0000,0.0,0.0,0.2400,25.2,85.7,0.290,0,0,0,0,,,,,1075,234,,,,,ATXN2L___PSMA2_unrelaxed_rank_005_alphafold2_multimer_v3_model_3_seed_000.pdb
EPB41___ASPH,1,2,A,B,0.1365,151.0,20.6,0.0193,0.6555,0.0922,0.2022,1426.0,16.0,0.3500,46.6,61.3,0.380,14,221,5,5,33.4,93.1,37.0,84.2,864,758,[701-714],"[334-335,337-339,341-411,414-501,503-504,506-517,519-537,542-555,557-560,571,636,648,750,752-753]","[702-705,707]","[387,390-391,393,432]",EPB41___ASPH_unrelaxed_rank_001_alphafold2_multimer_v3_model_2_seed_000.pdb
EPB41___ASPH,2,4,A,B,0.1652,419.7,69.3,0.0186,0.8338,0.1254,0.2176,3388.0,52.0,0.3300,43.9,58.5,0.390,25,388,14,23,31.0,91.4,32.2,80.7,864,758,"[661-671,688,701-713]","[334-335,337-538,540,542-578,580-581,583-591,593-602,604,627-696,701-729,733-757]","[662,664-671,703-704,706-708]","[389-390,392-395,397-398,432-434,436,466,526,529-530,563-565,679,681-683]",EPB41___ASPH_unrelaxed_rank_002_alphafold2_multimer_v3_model_4_seed_000.pdb
EPB41___ASPH,3,3,A,B,0.1061,332.7,35.3,0.0147,0.7011,0.0987,0.1140,3354.0,33.0,0.2800,45.0,58.7,0.380,13,365,10,18,32.2,91.2,33.0,84.7,864,758,[131-143],"[375-376,378-383,385-391,393-407,416-451,453-604,612-758]","[132-134,136-142]","[496,500,526,529-530,564,615-617,632-633,637,663-664,681-682,757-758]",EPB41___ASPH_unrelaxed_rank_003_alphafold2_multimer_v3_model_3_seed_000.pdb
EPB41___ASPH,4,1,A,B,0.0130,19.1,0.2,0.0000,0.5417,0.0086,0.0199,52.0,7.0,0.2400,45.1,59.6,0.380,6,40,4,4,27.0,90.8,26.8,90.8,864,758,"[132-136,138]","[464,466-467,469,474,479,487,496,498-501,506,511,522,524,526-528,530-531,534-535,537,544-545,548,555,558,560,564-565,571,573,641,669,671,677,682,752]","[132,134,136,138]","[496,524,530,682]",EPB41___ASPH_unrelaxed_rank_004_alphafold2_multimer_v3_model_1_seed_000.pdb
EPB41___ASPH,5,5,A,B,0.0000,0.0,0.0,0.0000,0.4686,0.0000,0.0000,0.0,0.0,0.2300,45.1,59.6,0.370,0,0,0,0,,,,,864,758,,,,,EPB41___ASPH_unrelaxed_rank_005_alphafold2_multimer_v3_model_5_seed_000.pdb
GNAI3___MARS2,1,4,A,B,0.0000,0.0,0.0,0.0000,0.1701,0.0000,0.0000,0.0,0.0,0.2100,75.3,84.8,0.630,0,0,0,0,,,,,354,593,,,,,GNAI3___MARS2_unrelaxed_rank_001_alphafold2_multimer_v3_model_4_seed_000.pdb
GNAI3___MARS2,2,1,A,B,0.0000,0.0,0.0,0.0000,0.1640,0.0000,0.0000,0.0,0.0,0.1900,79.8,84.5,0.620,0,0,0,0,,,,,354,593,,,,,GNAI3___MARS2_unrelaxed_rank_002_alphafold2_multimer_v3_model_1_seed_000.pdb
GNAI3___MARS2,3,2,A,B,0.0000,0.0,0.0,0.0000,0.1545,0.0000,0.0000,0.0,0.0,0.1800,81.5,84.0,0.620,0,0,0,0,,,,,354,593,,,,,GNAI3___MARS2_unrelaxed_rank_003_alphafold2_multimer_v3_model_2_seed_000.pdb
GNAI3___MARS2,4,5,A,B,0.0000,0.0,0.0,0.0000,0.1445,0.0000,0.0000,0.0,0.0,0.1800,79.3,84.6,0.620,0,0,0,0,,,,,354,593,,,,,GNAI3___MARS2_unrelaxed_rank_004_alphafold2_multimer_v3_model_5_seed_000.pdb
GNAI3___MARS2,5,3,A,B,0.0000,0.0,0.0,0.0000,0.1446,0.0000,0.0000,0.0,0.0,0.1700,80.5,84.0,0.610,0,0,0,0,,,,,354,593,,,,,GNAI3___MARS2_unrelaxed_rank_005_alphafold2_multimer_v3_model_3_seed_000.pdb
GNAS___PSMA2,1,4,A,B,0.0000,0.0,0.0,0.0000,0.2331,0.0000,0.0000,0.0,0.0,0.2600,39.7,76.4,0.380,0,0,0,0,,,,,1037,234,,,,,GNAS___PSMA2_unrelaxed_rank_001_alphafold2_multimer_v3_model_4_seed_000.pdb
GNAS___PSMA2,2,3,A,B,0.0000,0.0,0.0,0.0000,0.1832,0.0000,0.0000,0.0,0.0,0.2300,40.7,82.0,0.380,0,0,0,0,,,,,1037,234,,,,,GNAS___PSMA2_unrelaxed_rank_002_alphafold2_multimer_v3_model_3_seed_000.pdb
GNAS___PSMA2,3,5,A,B,0.0000,0.0,0.0,0.0000,0.1697,0.0000,0.0000,0.0,0.0,0.2200,41.5,85.1,0.380,0,0,0,0,,,,,1037,234,,,,,GNAS___PSMA2_unrelaxed_rank_003_alphafold2_multimer_v3_model_5_seed_000.pdb
GNAS___PSMA2,4,1,A,B,0.0000,0.0,0.0,0.0000,0.1685,0.0000,0.0000,0.0,0.0,0.2100,40.3,86.6,0.370,0,0,0,0,,,,,1037,234,,,,,GNAS___PSMA2_unrelaxed_rank_004_alphafold2_multimer_v3_model_1_seed_000.pdb
GNAS___PSMA2,5,2,A,B,0.0000,0.0,0.0,0.0000,0.1776,0.0000,0.0000,0.0,0.0,0.2000,41.3,85.5,0.380,0,0,0,0,,,,,1037,234,,,,,GNAS___PSMA2_unrelaxed_rank_005_alphafold2_multimer_v3_model_2_seed_000.pdb
IBA57___PSMA2,1,4,A,B,0.0000,0.0,0.0,0.0000,0.1904,0.0000,0.0000,0.0,0.0,0.2200,76.9,77.1,0.580,0,0,0,0,,,,,356,234,,,,,IBA57___PSMA2_unrelaxed_rank_001_alphafold2_multimer_v3_model_4_seed_000.pdb
IBA57___PSMA2,2,5,A,B,0.0000,0.0,0.0,0.0000,0.2082,0.0000,0.0000,0.0,0.0,0.2100,76.8,78.0,0.580,0,0,0,0,,,,,356,234,,,,,IBA57___PSMA2_unrelaxed_rank_002_alphafold2_multimer_v3_model_5_seed_000.pdb
IBA57___PSMA2,3,2,A,B,0.0000,0.0,0.0,0.0000,0.1791,0.0000,0.0000,0.0,0.0,0.2100,78.2,86.7,0.570,0,0,0,0,,,,,356,234,,,,,IBA57___PSMA2_unrelaxed_rank_003_alphafold2_multimer_v3_model_2_seed_000.pdb
IBA57___PSMA2,4,1,A,B,0.0000,0.0,0.0,0.0000,0.1873,0.0000,0.0000,0.0,0.0,0.2000,77.7,85.0,0.570,0,0,0,0,,,,,356,234,,,,,IBA57___PSMA2_unrelaxed_rank_004_alphafold2_multimer_v3_model_1_seed_000.pdb
IBA57___PSMA2,5,3,A,B,0.0000,0.0,0.0,0.0000,0.1471,0.0000,0.0000,0.0,0.0,0.1700,77.7,81.9,0.560,0,0,0,0,,,,,356,234,,,,,IBA57___PSMA2_unrelaxed_rank_005_alphafold2_multimer_v3_model_3_seed_000.pdb
MARS2___NUP107,1,2,A,B,0.0000,0.0,0.0,0.0000,0.4765,0.0000,0.0000,0.0,0.0,0.2000,84.6,75.1,0.520,0,0,0,0,,,,,593,925,,,,,MARS2___NUP107_unrelaxed_rank_001_alphafold2_multimer_v3_model_2_seed_000.pdb
MARS2___NUP107,2,5,A,B,0.0000,0.0,0.0,0.0000,0.1862,0.0000,0.0000,0.0,0.0,0.1900,83.8,74.8,0.530,0,0,0,0,,,,,593,925,,,,,MARS2___NUP107_unrelaxed_rank_002_alphafold2_multimer_v3_model_5_seed_000.pdb
MARS2___NUP107,3,1,A,B,0.0000,0.0,0.0,0.0000,0.1948,0.0000,0.0000,0.0,0.0,0.1900,83.8,74.3,0.520,0,0,0,0,,,,,593,925,,,,,MARS2___NUP107_unrelaxed_rank_003_alphafold2_multimer_v3_model_1_seed_000.pdb
MARS2___NUP107,4,3,A,B,0.0000,0.0,0.0,0.0000,0.1728,0.0000,0.0000,0.0,0.0,0.1800,83.2,73.9,0.520,0,0,0,0,,,,,593,925,,,,,MARS2___NUP107_unrelaxed_rank_004_alphafold2_multimer_v3_model_3_seed_000.pdb
MARS2___NUP107,5,4,A,B,0.0000,0.0,0.0,0.0000,0.1671,0.0000,0.0000,0.0,0.0,0.1700,83.2,73.3,0.510,0,0,0,0,,,,,593,925,,,,,MARS2___NUP107_unrelaxed_rank_005_alphafold2_multimer_v3_model_4_seed_000.pdb
MRPL12___PSMA4,1,4,A,B,0.0000,0.0,0.0,0.0000,0.1474,0.0000,0.0000,0.0,0.0,0.1300,48.2,81.5,0.510,0,0,0,0,,,,,198,261,,,,,MRPL12___PSMA4_unrelaxed_rank_001_alphafold2_multimer_v3_model_4_seed_000.pdb
MRPL12___PSMA4,2,1,A,B,0.0000,0.0,0.0,0.0000,0.1608,0.0000,0.0000,0.0,0.0,0.1200,45.3,77.8,0.500,0,0,0,0,,,,,198,261,,,,,MRPL12___PSMA4_unrelaxed_rank_002_alphafold2_multimer_v3_model_1_seed_000.pdb
MRPL12___PSMA4,3,3,A,B,0.0000,0.0,0.0,0.0000,0.1222,0.0000,0.0000,0.0,0.0,0.1100,44.3,74.2,0.480,0,0,0,0,,,,,198,261,,,,,MRPL12___PSMA4_unrelaxed_rank_003_alphafold2_multimer_v3_model_3_seed_000.pdb
MRPL12___PSMA4,4,2,A,B,0.0000,0.0,0.0,0.0000,0.1383,0.0000,0.0000,0.0,0.0,0.1000,49.1,73.1,0.460,0,0,0,0,,,,,198,261,,,,,MRPL12___PSMA4_unrelaxed_rank_004_alphafold2_multimer_v3_model_2_seed_000.pdb
MRPL12___PSMA4,5,5,A,B,0.0000,0.0,0.0,0.0000,0.0934,0.0000,0.0000,0.0,0.0,0.1000,42.4,73.5,0.480,0,0,0,0,,,,,198,261,,,,,MRPL12___PSMA4_unrelaxed_rank_005_alphafold2_multimer_v3_model_5_seed_000.pdb
NUP107___PSMA2,1,3,A,B,0.0889,58.6,5.2,0.0120,0.5337,0.0517,0.1527,1146.0,3.0,0.5200,74.4,71.4,0.670,91,88,2,2,84.9,74.0,54.1,66.7,925,234,"[215,218-219,264,268,271-272,274-276,278,287-291,297-305,334-357,360-377,411,422-431,439-440,445-446,449-450,463,528,549,554,558,577,581]","[25,35-37,45-47,65-70,72-78,82-96,98-101,103,105,107,109-125,127-138,145-155,158,163,188,211-212,218]","[291,338]",[112-113],NUP107___PSMA2_unrelaxed_rank_001_alphafold2_multimer_v3_model_3_seed_000.pdb
NUP107___PSMA2,2,1,A,B,0.0000,0.0,0.0,0.0000,0.4180,0.0100,0.0000,9.0,0.0,0.4600,75.5,74.7,0.660,7,3,0,0,79.6,73.9,,,925,234,"[337-338,341,343-344,346-347]","[90,113-114]",,,NUP107___PSMA2_unrelaxed_rank_002_alphafold2_multimer_v3_model_1_seed_000.pdb
NUP107___PSMA2,3,5,A,B,0.0000,0.0,0.0,0.0000,0.2720,0.0000,0.0000,0.0,0.0,0.3600,74.5,69.0,0.650,0,0,0,0,,,,,925,234,,,,,NUP107___PSMA2_unrelaxed_rank_003_alphafold2_multimer_v3_model_5_seed_000.pdb
NUP107___PSMA2,4,2,A,B,0.0000,0.0,0.0,0.0000,0.1919,0.0000,0.0000,0.0,0.0,0.2300,75.6,78.4,0.630,0,0,0,0,,,,,925,234,,,,,NUP107___PSMA2_unrelaxed_rank_004_alphafold2_multimer_v3_model_2_seed_000.pdb
NUP107___PSMA2,5,4,A,B,0.0000,0.0,0.0,0.0000,0.1604,0.0000,0.0000,0.0,0.0,0.1800,73.5,73.1,0.620,0,0,0,0,,,,,925,234,,,,,NUP107___PSMA2_unrelaxed_rank_005_alphafold2_multimer_v3_model_4_seed_000.pdb
PSMA4___EPB41,1,4,A,B,0.0880,98.8,8.7,0.0140,0.6261,0.0694,0.1115,315.0,31.0,0.3300,74.9,45.7,0.420,6,129,5,12,45.0,86.3,37.1,80.2,261,864,"[8-12,114]","[213-217,221,234-241,243,245,247-248,250-251,253,264,271,274,281-284,288-289,296,299-314,318,322,325-326,328-329,331,334,363-364,366-368,370,381-390,393,401,403,410,412-413,415-416,419,422-423,428,431-444,446-455,457-458,460-462,471-482,484-488]",[8-12],"[434,437-442,448,450,477,481,484]",PSMA4___EPB41_unrelaxed_rank_001_alphafold2_multimer_v3_model_4_seed_000.pdb
PSMA4___EPB41,2,5,A,B,0.0000,0.0,0.0,0.0000,0.2720,0.0000,0.0000,0.0,0.0,0.2800,71.9,46.6,0.420,0,0,0,0,,,,,261,864,,,,,PSMA4___EPB41_unrelaxed_rank_002_alphafold2_multimer_v3_model_5_seed_000.pdb
PSMA4___EPB41,3,3,A,B,0.0000,0.0,0.0,0.0000,0.2496,0.0000,0.0000,0.0,0.0,0.2700,73.1,46.9,0.400,0,0,0,0,,,,,261,864,,,,,PSMA4___EPB41_unrelaxed_rank_003_alphafold2_multimer_v3_model_3_seed_000.pdb
PSMA4___EPB41,4,1,A,B,0.0000,0.0,0.0,0.0000,0.2390,0.0000,0.0000,0.0,0.0,0.2300,74.1,47.9,0.400,0,0,0,0,,,,,261,864,,,,,PSMA4___EPB41_unrelaxed_rank_004_alphafold2_multimer_v3_model_1_seed_000.pdb
PSMA4___EPB41,5,2,A,B,0.0000,0.0,0.0,0.0000,0.2423,0.0000,0.0000,0.0,0.0,0.2100,79.3,47.0,0.390,0,0,0,0,,,,,261,864,,,,,PSMA4___EPB41_unrelaxed_rank_005_alphafold2_multimer_v3_model_2_seed_000.pdb
PSMA4___PPP1R10,1,2,A,B,0.2511,850.3,213.5,0.2716,0.8264,0.1943,0.3245,8507.0,85.0,0.6800,87.3,33.8,0.340,237,40,21,16,89.2,46.3,80.9,46.6,261,940,"[5-54,56-58,61-244]",[470-509],"[7-11,99-103,106,109,112,116,119-120,123-126,141]","[476-477,480-483,485-486,493,496,498-499,504-507]",PSMA4___PPP1R10_unrelaxed_rank_001_alphafold2_multimer_v3_model_2_seed_000.pdb
PSMA4___PPP1R10,2,3,A,B,0.1010,277.8,28.1,0.0136,0.5922,0.0835,0.1222,1029.0,75.0,0.5200,83.9,31.0,0.320,121,19,11,13,91.0,45.5,83.5,45.9,261,940,"[28,33-34,37-39,43-46,65-77,79-122,130-153,156,158-165,171-172,175,186,189-190,192-193,212-218,222-227]",[475-493],"[97-98,100-106,109,141]","[476-477,480-490]",PSMA4___PPP1R10_unrelaxed_rank_002_alphafold2_multimer_v3_model_3_seed_000.pdb
PSMA4___PPP1R10,3,5,A,B,0.1097,240.9,26.4,0.0145,0.6177,0.0841,0.1431,1209.0,48.0,0.5200,82.8,31.9,0.310,155,17,10,9,90.9,49.8,86.1,50.1,261,940,"[33-46,65-77,79-122,130,132-165,170-179,186-198,211-230,232-237]",[476-492],"[101-106,109,140-142]","[477,480-486,489]",PSMA4___PPP1R10_unrelaxed_rank_003_alphafold2_multimer_v3_model_5_seed_000.pdb
PSMA4___PPP1R10,4,4,A,B,0.0000,0.0,0.0,0.0000,0.3983,0.0000,0.0000,0.0,0.0,0.3500,83.0,32.2,0.310,0,0,0,0,,,,,261,940,,,,,PSMA4___PPP1R10_unrelaxed_rank_004_alphafold2_multimer_v3_model_4_seed_000.pdb
PSMA4___PPP1R10,5,1,A,B,0.0000,0.0,0.0,0.0000,0.2014,0.0000,0.0000,0.0,0.0,0.2000,85.4,32.4,0.310,0,0,0,0,,,,,261,940,,,,,PSMA4___PPP1R10_unrelaxed_rank_005_alphafold2_multimer_v3_model_1_seed_000.pdb
SAFB___NUP107,1,1,A,B,0.3143,879.9,276.6,0.1401,0.9199,0.2338,0.4225,9216.0,84.0,0.4500,27.4,76.2,0.480,22,443,15,25,57.3,90.1,59.4,87.6,915,925,[560-581],"[147-165,169-194,201-237,239,246-281,297-306,319-389,395-469,478-482,487-536,542-610,616-643,673,676-678,687-692,694-696,699,710-711]","[560-562,564,566,568-575,577,579]","[171,224,227-228,231-232,234-235,250,253-254,257-258,264,267-268,270-271,357,359-360,382-383,399,457]",SAFB___NUP107_unrelaxed_rank_001_alphafold2_multimer_v3_model_1_seed_000.pdb
SAFB___NUP107,2,5,A,B,0.1170,492.1,57.6,0.0157,0.7524,0.1002,0.1368,4570.0,53.0,0.4000,26.9,76.4,0.490,18,390,10,19,52.5,91.7,54.4,91.2,915,925,[561-578],"[152-164,170-192,204-234,248-281,297-305,320,322,324,326-331,335-388,397-468,478-479,487-499,501-536,543-562,564-583,585-610,618-628,630-641,643,687-688,690,695]","[564,566,569-575,577]","[224,228,250,253-254,257-258,264,267-268,270-271,357-360,382-383,457]",SAFB___NUP107_unrelaxed_rank_002_alphafold2_multimer_v3_model_5_seed_000.pdb
SAFB___NUP107,3,3,A,B,0.2552,435.1,111.0,0.0350,0.8964,0.1915,0.3401,4115.0,46.0,0.3600,26.2,76.8,0.490,11,476,7,16,50.4,91.9,55.4,94.0,915,925,[905-915],"[148-165,170-194,203-234,247-281,296-306,319-388,395-469,477-482,487-536,542-612,616-644,669-678,681,685-700,706-712,723,743-755,845-850]","[908,910-915]","[220,223-224,227-228,253,257,267-268,271-272,274-275,357,457,461]",SAFB___NUP107_unrelaxed_rank_003_alphafold2_multimer_v3_model_3_seed_000.pdb
SAFB___NUP107,4,2,A,B,0.1257,522.9,65.7,0.0148,0.7383,0.1015,0.1557,4882.0,56.0,0.3300,28.0,76.4,0.490,16,400,10,21,49.5,91.5,47.6,90.4,915,925,"[422,563-577]","[149-164,170-194,202-234,247-281,297-304,322,327-331,333,335-388,396-468,478-479,481,487-499,501-536,542-562,564-610,617-628,630-641,643,677,688,691,696]","[564,566,569-575,577]","[224,228,250,253-254,257-258,264,267-268,270-271,274,357-360,381-383,457]",SAFB___NUP107_unrelaxed_rank_004_alphafold2_multimer_v3_model_2_seed_000.pdb
SAFB___NUP107,5,4,A,B,0.0320,161.0,5.2,0.0127,0.6222,0.0374,0.0274,1365.0,19.0,0.3100,24.2,74.4,0.470,14,251,7,16,45.6,91.4,47.7,91.0,915,925,[564-577],"[155-159,161-162,171-185,187-188,208,210-233,249-280,342-369,371-384,402-416,422-441,444-467,488-497,504,511-535,546-559,568-573,575-577,579-581,590-593,601,604,639]",[569-575],"[224,228,253-254,257,264,267-268,270-271,274,357-358,360,381,457]",SAFB___NUP107_unrelaxed_rank_005_alphafold2_multimer_v3_model_4_seed_000.pdb
SNRPC___ALDH1L2,1,2,A,B,0.0000,0.0,0.0,0.0000,0.2510,0.0000,0.0000,0.0,0.0,0.2200,25.9,90.3,0.560,0,0,0,0,,,,,159,923,,,,,SNRPC___ALDH1L2_unrelaxed_rank_001_alphafold2_multimer_v3_model_2_seed_000.pdb
SNRPC___ALDH1L2,2,4,A,B,0.0000,0.0,0.0,0.0000,0.2969,0.0000,0.0000,0.0,0.0,0.2000,24.4,89.2,0.550,0,0,0,0,,,,,159,923,,,,,SNRPC___ALDH1L2_unrelaxed_rank_002_alphafold2_multimer_v3_model_4_seed_000.pdb
SNRPC___ALDH1L2,3,1,A,B,0.0000,0.0,0.0,0.0000,0.3140,0.0000,0.0000,0.0,0.0,0.1900,24.7,90.1,0.540,0,0,0,0,,,,,159,923,,,,,SNRPC___ALDH1L2_unrelaxed_rank_003_alphafold2_multimer_v3_model_1_seed_000.pdb
SNRPC___ALDH1L2,4,3,A,B,0.0000,0.0,0.0,0.0000,0.2361,0.0000,0.0000,0.0,0.0,0.1800,26.3,89.2,0.550,0,0,0,0,,,,,159,923,,,,,SNRPC___ALDH1L2_unrelaxed_rank_004_alphafold2_multimer_v3_model_3_seed_000.pdb
SNRPC___ALDH1L2,5,5,A,B,0.0000,0.0,0.0,0.0000,0.2113,0.0000,0.0000,0.0,0.0,0.1600,26.5,89.8,0.560,0,0,0,0,,,,,159,923,,,,,SNRPC___ALDH1L2_unrelaxed_rank_005_alphafold2_multimer_v3_model_5_seed_000.pdb
SNRPC___TXLNA,1,3,A,B,0.0000,0.0,0.0,0.0000,0.0864,0.0000,0.0000,0.0,0.0,0.1200,36.6,63.2,0.270,0,0,0,0,,,,,159,546,,,,,SNRPC___TXLNA_unrelaxed_rank_001_alphafold2_multimer_v3_model_3_seed_000.pdb
SNRPC___TXLNA,2,4,A,B,0.0000,0.0,0.0,0.0000,0.1016,0.0000,0.0000,0.0,0.0,0.1200,32.8,52.1,0.200,0,0,0,0,,,,,159,546,,,,,SNRPC___TXLNA_unrelaxed_rank_002_alphafold2_multimer_v3_model_4_seed_000.pdb
SNRPC___TXLNA,3,2,A,B,0.0000,0.0,0.0,0.0000,0.0837,0.0000,0.0000,0.0,0.0,0.1100,34.2,60.6,0.240,0,0,0,0,,,,,159,546,,,,,SNRPC___TXLNA_unrelaxed_rank_003_alphafold2_multimer_v3_model_2_seed_000.pdb
SNRPC___TXLNA,4,1,A,B,0.0000,0.0,0.0,0.0000,0.0000,0.0000,0.0000,0.0,0.0,0.0900,34.7,59.5,0.230,0,0,0,0,,,,,159,546,,,,,SNRPC___TXLNA_unrelaxed_rank_004_alphafold2_multimer_v3_model_1_seed_000.pdb
SNRPC___TXLNA,5,5,A,B,0.0000,0.0,0.0,0.0000,0.0000,0.0000,0.0000,0.0,0.0,0.0900,34.8,59.3,0.240,0,0,0,0,,,,,159,546,,,,,SNRPC___TXLNA_unrelaxed_rank_005_alphafold2_multimer_v3_model_5_seed_000.pdb
SNRPC___XPNPEP1,1,4,A,B,0.1385,426.4,59.1,0.0189,0.6063,0.1333,0.1440,4546.0,40.0,0.2700,28.7,94.7,0.790,9,604,7,23,38.9,95.4,40.9,88.8,159,623,[151-159],"[3-238,241-252,263-283,285-619]","[152,154-159]","[34,41,59-61,75,77,127,293,395,485-486,488-490,497-500,503,505,507-508]",SNRPC___XPNPEP1_unrelaxed_rank_001_alphafold2_multimer_v3_model_4_seed_000.pdb
SNRPC___XPNPEP1,2,1,A,B,0.1232,395.1,48.7,0.0190,0.6438,0.1112,0.1365,3807.0,41.0,0.2300,29.6,95.3,0.790,9,606,9,26,36.0,96.0,36.0,89.9,159,623,[151-159],"[3-238,241-252,262-619]",[151-159],"[34,41,59-62,75,77,102,128,131,485-486,488-490,498-500,503,505,507-508,510,521,523]",SNRPC___XPNPEP1_unrelaxed_rank_002_alphafold2_multimer_v3_model_1_seed_000.pdb
SNRPC___XPNPEP1,3,3,A,B,0.1376,321.6,44.2,0.0183,0.6466,0.1315,0.1438,3042.0,34.0,0.2100,29.3,95.4,0.790,6,604,5,22,36.0,96.0,37.0,90.7,159,623,[154-159],"[3-238,241-252,263-280,282-619]",[155-159],"[34,39,41,59-61,75,77,125,127-128,293,485-486,488-489,498,503,505,507-508,511]",SNRPC___XPNPEP1_unrelaxed_rank_003_alphafold2_multimer_v3_model_3_seed_000.pdb
SNRPC___XPNPEP1,4,2,A,B,0.1045,354.8,37.1,0.0168,0.6165,0.0948,0.1152,3313.0,38.0,0.2100,28.8,94.8,0.790,7,601,6,23,35.7,95.5,37.0,88.9,159,623,[153-159],"[3-238,241-252,263-280,282-283,285-354,356-509,511-619]",[154-159],"[41,59-60,62,75,77,128,395,485-486,488-490,496,498-500,503,505,507-508,521,523]",SNRPC___XPNPEP1_unrelaxed_rank_004_alphafold2_multimer_v3_model_2_seed_000.pdb
SNRPC___XPNPEP1,5,5,A,B,0.0887,299.8,26.6,0.0164,0.5613,0.0914,0.0861,2997.0,30.0,0.2000,29.0,95.5,0.790,6,596,6,21,34.4,96.3,34.4,90.6,159,623,[154-159],"[3-19,21-230,232-238,241-251,263-280,282,286-508,511-619]",[154-159],"[33-35,39,41,59-60,62,77,128,395,485-486,488-489,498,500,503,505,507-508]",SNRPC___XPNPEP1_unrelaxed_rank_005_alphafold2_multimer_v3_model_5_seed_000.pdb
TXLNA___SAFB,1,3,A,B,0.2058,793.1,163.2,0.0608,0.7604,0.1550,0.2732,5470.0,115.0,0.2700,60.6,32.7,0.270,92,72,27,25,85.8,78.5,82.5,80.0,546,915,"[290-291,294-380,382,384,386]","[636,638-708]","[316,320,323,326-327,330-331,333-334,337-338,340-341,344-345,347-348,351-352,354-355,358-359,362,365-366,369]","[648,652,655,658-659,662-663,665-666,669-670,672-673,676-677,679-680,683-684,687,690-691,694,698,701]",TXLNA___SAFB_unrelaxed_rank_001_alphafold2_multimer_v3_model_3_seed_000.pdb
TXLNA___SAFB,2,1,A,B,0.0000,0.0,0.0,0.0000,0.4183,0.0000,0.0000,0.0,0.0,0.2100,55.7,31.8,0.240,0,0,0,0,,,,,546,915,,,,,TXLNA___SAFB_unrelaxed_rank_002_alphafold2_multimer_v3_model_1_seed_000.pdb
TXLNA___SAFB,3,5,A,B,0.0000,0.0,0.0,0.0000,0.3366,0.0000,0.0000,0.0,0.0,0.2000,57.6,31.9,0.240,0,0,0,0,,,,,546,915,,,,,TXLNA___SAFB_unrelaxed_rank_003_alphafold2_multimer_v3_model_5_seed_000.pdb
TXLNA___SAFB,4,2,A,B,0.0000,0.0,0.0,0.0000,0.1566,0.0000,0.0000,0.0,0.0,0.1600,54.2,32.3,0.200,0,0,0,0,,,,,546,915,,,,,TXLNA___SAFB_unrelaxed_rank_004_alphafold2_multimer_v3_model_2_seed_000.pdb
TXLNA___SAFB,5,4,A,B,0.0000,0.0,0.0,0.0000,0.1533,0.0000,0.0000,0.0,0.0,0.1400,47.5,29.3,0.190,0,0,0,0,,,,,546,915,,,,,TXLNA___SAFB_unrelaxed_rank_005_alphafold2_multimer_v3_model_4_seed_000.pdb
XPNPEP1___ACTR2,1,4,A,B,0.0000,0.0,0.0,0.0000,0.1384,0.0000,0.0000,0.0,0.0,0.1700,92.6,86.5,0.640,0,0,0,0,,,,,623,394,,,,,XPNPEP1___ACTR2_unrelaxed_rank_001_alphafold2_multimer_v3_model_4_seed_000.pdb
XPNPEP1___ACTR2,2,5,A,B,0.0000,0.0,0.0,0.0000,0.1320,0.0000,0.0000,0.0,0.0,0.1600,93.1,87.8,0.630,0,0,0,0,,,,,623,394,,,,,XPNPEP1___ACTR2_unrelaxed_rank_002_alphafold2_multimer_v3_model_5_seed_000.pdb
XPNPEP1___ACTR2,3,2,A,B,0.0000,0.0,0.0,0.0000,0.1325,0.0000,0.0000,0.0,0.0,0.1500,93.0,87.3,0.630,0,0,0,0,,,,,623,394,,,,,XPNPEP1___ACTR2_unrelaxed_rank_003_alphafold2_multimer_v3_model_2_seed_000.pdb
XPNPEP1___ACTR2,4,1,A,B,0.0000,0.0,0.0,0.0000,0.1323,0.0000,0.0000,0.0,0.0,0.1400,92.8,85.5,0.630,0,0,0,0,,,,,623,394,,,,,XPNPEP1___ACTR2_unrelaxed_rank_004_alphafold2_multimer_v3_model_1_seed_000.pdb
XPNPEP1___ACTR2,5,3,A,B,0.0000,0.0,0.0,0.0000,0.1203,0.0000,0.0000,0.0,0.0,0.1300,92.3,88.2,0.620,0,0,0,0,,,,,623,394,,,,,XPNPEP1___ACTR2_unrelaxed_rank_005_alphafold2_multimer_v3_model_3_seed_000.pdb
XPNPEP1___ASPH,1,4,A,B,0.0000,0.0,0.0,0.0000,0.1944,0.0000,0.0000,0.0,0.0,0.1800,91.8,57.0,0.510,0,0,0,0,,,,,623,758,,,,,XPNPEP1___ASPH_unrelaxed_rank_001_alphafold2_multimer_v3_model_4_seed_000.pdb
XPNPEP1___ASPH,2,1,A,B,0.0000,0.0,0.0,0.0000,0.2063,0.0000,0.0000,0.0,0.0,0.1700,92.0,58.6,0.510,0,0,0,0,,,,,623,758,,,,,XPNPEP1___ASPH_unrelaxed_rank_002_alphafold2_multimer_v3_model_1_seed_000.pdb
XPNPEP1___ASPH,3,2,A,B,0.0000,0.0,0.0,0.0000,0.1832,0.0000,0.0000,0.0,0.0,0.1700,92.3,59.7,0.500,0,0,0,0,,,,,623,758,,,,,XPNPEP1___ASPH_unrelaxed_rank_003_alphafold2_multimer_v3_model_2_seed_000.pdb
XPNPEP1___ASPH,4,5,A,B,0.0000,0.0,0.0,0.0000,0.1617,0.0000,0.0000,0.0,0.0,0.1600,93.1,58.2,0.510,0,0,0,0,,,,,623,758,,,,,XPNPEP1___ASPH_unrelaxed_rank_004_alphafold2_multimer_v3_model_5_seed_000.pdb
XPNPEP1___ASPH,5,3,A,B,0.0000,0.0,0.0,0.0000,0.1507,0.0000,0.0000,0.0,0.0,0.1600,92.3,58.4,0.510,0,0,0,0,,,,,623,758,,,,,XPNPEP1___ASPH_unrelaxed_rank_005_alphafold2_multimer_v3_model_3_seed_000.pdb
XPNPEP1___GFP,1,3,A,B,0.0000,0.0,0.0,0.0000,0.1557,0.0000,0.0000,0.0,0.0,0.2100,94.1,87.4,0.730,0,0,0,0,,,,,623,238,,,,,XPNPEP1___GFP_unrelaxed_rank_001_alphafold2_multimer_v3_model_3_seed_000.pdb
XPNPEP1___GFP,2,4,A,B,0.0000,0.0,0.0,0.0000,0.1537,0.0000,0.0000,0.0,0.0,0.1700,92.5,84.0,0.720,0,0,0,0,,,,,623,238,,,,,XPNPEP1___GFP_unrelaxed_rank_002_alphafold2_multimer_v3_model_4_seed_000.pdb
XPNPEP1___GFP,3,5,A,B,0.0000,0.0,0.0,0.0000,0.1511,0.0000,0.0000,0.0,0.0,0.1700,93.4,86.8,0.720,0,0,0,0,,,,,623,238,,,,,XPNPEP1___GFP_unrelaxed_rank_003_alphafold2_multimer_v3_model_5_seed_000.pdb
XPNPEP1___GFP,4,2,A,B,0.0000,0.0,0.0,0.0000,0.1615,0.0000,0.0000,0.0,0.0,0.1600,93.7,86.6,0.710,0,0,0,0,,,,,623,238,,,,,XPNPEP1___GFP_unrelaxed_rank_004_alphafold2_multimer_v3_model_2_seed_000.pdb
XPNPEP1___GFP,5,1,A,B,0.0000,0.0,0.0,0.0000,0.2014,0.0000,0.0000,0.0,0.0,0.1500,94.0,86.7,0.710,0,0,0,0,,,,,623,238,,,,,XPNPEP1___GFP_unrelaxed_rank_005_alphafold2_multimer_v3_model_1_seed_000.pdb
ALDH1L2___NUP107,1,4,A,B,0.0000,0.0,0.0,0.0000,0.2241,0.0000,0.0000,0.0,0.0,0.2000,87.1,73.8,0.470,0,0,0,0,,,,,923,925,,,,,ALDH1L2___NUP107_unrelaxed_rank_001_alphafold2_multimer_v3_model_4_seed_000.pdb
ALDH1L2___NUP107,2,1,A,B,0.0000,0.0,0.0,0.0000,0.1794,0.0000,0.0000,0.0,0.0,0.1900,85.9,74.3,0.460,0,0,0,0,,,,,923,925,,,,,ALDH1L2___NUP107_unrelaxed_rank_002_alphafold2_multimer_v3_model_1_seed_000.pdb
ALDH1L2___NUP107,3,3,A,B,0.0000,0.0,0.0,0.0000,0.1897,0.0000,0.0000,0.0,0.0,0.1900,86.4,73.2,0.460,0,0,0,0,,,,,923,925,,,,,ALDH1L2___NUP107_unrelaxed_rank_003_alphafold2_multimer_v3_model_3_seed_000.pdb
ALDH1L2___NUP107,4,2,A,B,0.0000,0.0,0.0,0.0000,0.0000,0.0000,0.0000,0.0,0.0,0.1800,87.9,74.8,0.460,0,0,0,0,,,,,923,925,,,,,ALDH1L2___NUP107_unrelaxed_rank_004_alphafold2_multimer_v3_model_2_seed_000.pdb
ALDH1L2___NUP107,5,5,A,B,0.0000,0.0,0.0,0.0000,0.1698,0.0000,0.0000,0.0,0.0,0.1800,86.3,73.0,0.460,0,0,0,0,,,,,923,925,,,,,ALDH1L2___NUP107_unrelaxed_rank_005_alphafold2_multimer_v3_model_5_seed_000.pdb
ATXN2L___GFP,1,3,A,B,0.2159,934.1,201.7,0.1104,0.8312,0.1724,0.2704,8232.0,106.0,0.6500,26.3,89.1,0.320,39,228,21,23,60.6,91.4,60.6,87.6,1075,238,[512-550],[2-229],"[514-515,517-518,523,526-534,538-539,541-542,545-546,549]","[3,6-7,9-13,15,32-34,88-90,114-118,120,122,191]",ATXN2L___GFP_unrelaxed_rank_001_alphafold2_multimer_v3_model_3_seed_000.pdb
ATXN2L___GFP,2,5,A,B,0.0000,0.0,0.0,0.0000,0.2361,0.0000,0.0000,0.0,0.0,0.2200,24.8,90.9,0.290,0,0,0,0,,,,,1075,238,,,,,ATXN2L___GFP_unrelaxed_rank_002_alphafold2_multimer_v3_model_5_seed_000.pdb
ATXN2L___GFP,3,1,A,B,0.0000,0.0,0.0,0.0000,0.1768,0.0000,0.0000,0.0,0.0,0.1800,24.5,89.9,0.290,0,0,0,0,,,,,1075,238,,,,,ATXN2L___GFP_unrelaxed_rank_003_alphafold2_multimer_v3_model_1_seed_000.pdb
ATXN2L___GFP,4,4,A,B,0.0000,0.0,0.0,0.0000,0.2009,0.0000,0.0000,0.0,0.0,0.1800,22.9,88.0,0.290,0,0,0,0,,,,,1075,238,,,,,ATXN2L___GFP_unrelaxed_rank_004_alphafold2_multimer_v3_model_4_seed_000.pdb
ATXN2L___GFP,5,2,A,B,0.0000,0.0,0.0,0.0000,0.2178,0.0000,0.0000,0.0,0.0,0.1700,23.2,91.5,0.300,0,0,0,0,,,,,1075,238,,,,,ATXN2L___GFP_unrelaxed_rank_005_alphafold2_multimer_v3_model_2_seed_000.pdb
CIP2A___XPNPEP1,1,4,A,B,0.0000,0.0,0.0,0.0000,0.2004,0.0000,0.0000,0.0,0.0,0.2100,64.9,93.0,0.490,0,0,0,0,,,,,905,623,,,,,CIP2A___XPNPEP1_unrelaxed_rank_001_alphafold2_multimer_v3_model_4_seed_000.pdb
CIP2A___XPNPEP1,2,1,A,B,0.0000,0.0,0.0,0.0000,0.0000,0.0000,0.0000,0.0,0.0,0.1900,67.3,93.3,0.490,0,0,0,0,,,,,905,623,,,,,CIP2A___XPNPEP1_unrelaxed_rank_002_alphafold2_multimer_v3_model_1_seed_000.pdb
CIP2A___XPNPEP1,3,5,A,B,0.0000,0.0,0.0,0.0000,0.1663,0.0000,0.0000,0.0,0.0,0.1800,65.9,93.7,0.480,0,0,0,0,,,,,905,623,,,,,CIP2A___XPNPEP1_unrelaxed_rank_003_alphafold2_multimer_v3_model_5_seed_000.pdb
CIP2A___XPNPEP1,4,3,A,B,0.0000,0.0,0.0,0.0000,0.1582,0.0000,0.0000,0.0,0.0,0.1700,65.9,93.2,0.480,0,0,0,0,,,,,905,623,,,,,CIP2A___XPNPEP1_unrelaxed_rank_004_alphafold2_multimer_v3_model_3_seed_000.pdb
CIP2A___XPNPEP1,5,2,A,B,0.0000,0.0,0.0,0.0000,0.1551,0.0000,0.0000,0.0,0.0,0.1600,68.8,93.2,0.480,0,0,0,0,,,,,905,623,,,,,CIP2A___XPNPEP1_unrelaxed_rank_005_alphafold2_multimer_v3_model_2_seed_000.pdb
GNAI3___GFP,1,1,A,B,0.0000,0.0,0.0,0.0000,0.2584,0.0194,0.0000,764.0,0.0,0.3700,85.8,88.0,0.650,15,145,0,0,96.2,91.4,,,354,238,"[38-40,44-46,221-226,267-269]","[11-19,21-22,25-29,34-49,52-53,55-63,71-73,77,79,81,83-87,92,95-103,105-108,112,114-115,118-127,130,134-137,139-143,150-154,156,161-172,174-186,195-199,201,203-209,211,216-224]",,,GNAI3___GFP_unrelaxed_rank_001_alphafold2_multimer_v3_model_1_seed_000.pdb
GNAI3___GFP,2,2,A,B,0.0000,0.0,0.0,0.0000,0.1850,0.0102,0.0000,43.0,0.0,0.2300,85.4,86.8,0.610,4,31,0,0,96.8,85.7,,,354,238,"[40,46,224,269]","[27,41-42,49,59,99,120,122-123,142,150,152-153,165,167,169,171,177-181,197-198,201,203,205,207,219,221,224]",,,GNAI3___GFP_unrelaxed_rank_002_alphafold2_multimer_v3_model_2_seed_000.pdb
GNAI3___GFP,3,4,A,B,0.0000,0.0,0.0,0.0000,0.1346,0.0000,0.0000,0.0,0.0,0.1600,84.1,86.9,0.570,0,0,0,0,,,,,354,238,,,,,GNAI3___GFP_unrelaxed_rank_003_alphafold2_multimer_v3_model_4_seed_000.pdb
GNAI3___GFP,4,5,A,B,0.0000,0.0,0.0,0.0000,0.1231,0.0000,0.0000,0.0,0.0,0.1400,86.2,87.5,0.580,0,0,0,0,,,,,354,238,,,,,GNAI3___GFP_unrelaxed_rank_004_alphafold2_multimer_v3_model_5_seed_000.pdb
GNAI3___GFP,5,3,A,B,0.0000,0.0,0.0,0.0000,0.1013,0.0000,0.0000,0.0,0.0,0.1300,86.2,87.5,0.570,0,0,0,0,,,,,354,238,,,,,GNAI3___GFP_unrelaxed_rank_005_alphafold2_multimer_v3_model_3_seed_000.pdb
GNAI3___IBA57,1,1,A,B,0.0826,360.8,29.8,0.0137,0.4533,0.0703,0.0970,2712.0,48.0,0.2700,81.8,74.5,0.540,200,206,12,15,85.6,88.6,51.1,69.7,354,356,"[34-41,43-56,61-78,80-87,89-91,107-108,120,123-124,127,151-152,154-156,161,167-171,173-178,180-191,194-204,206-233,241-278,281-290,296,298-313,316,318-323,325,328-329]","[49-53,55-79,94-114,124-144,147-155,157-163,186-200,213,216-284,297-301,305-312,314,317-326,331,342-345,347-348,350-351]","[183-184,201-203,207-212,214]","[68-69,71-73,102,257-264,267]",GNAI3___IBA57_unrelaxed_rank_001_alphafold2_multimer_v3_model_1_seed_000.pdb
GNAI3___IBA57,2,4,A,B,0.0000,0.0,0.0,0.0119,0.2779,0.0268,0.0000,699.0,0.0,0.2400,80.7,76.0,0.530,16,166,0,0,84.9,89.4,,,354,356,"[36-40,44,46,49,199,201,221-225,267]","[50-53,55-79,94-101,103-113,124-142,148-153,157-162,185-194,196-200,216-239,241-258,260-261,264-271,276-277,279-282,298-299,309-311,317-323,347,350]",,,GNAI3___IBA57_unrelaxed_rank_002_alphafold2_multimer_v3_model_4_seed_000.pdb
GNAI3___IBA57,3,5,A,B,0.0000,0.0,0.0,0.0110,0.3000,0.0253,0.0000,583.0,0.0,0.2300,82.5,75.4,0.530,9,163,0,0,85.8,89.1,,,354,356,"[37-40,46,201,222-224]","[50-53,55-79,96-113,124-130,132-142,148-153,159-162,186-194,196-199,218-230,232-260,262-271,276-283,298-299,309-311,317-325,350]",,,GNAI3___IBA57_unrelaxed_rank_003_alphafold2_multimer_v3_model_5_seed_000.pdb
GNAI3___IBA57,4,3,A,B,0.0000,0.0,0.0,0.0000,0.2279,0.0124,0.0000,77.0,0.0,0.2100,82.2,76.0,0.520,5,33,0,0,89.8,84.5,,,354,356,"[38-39,222-224]","[58,61,63-67,69-70,74,99-101,105,127,135-141,148-151,224,252,254,260,265,268-269]",,,GNAI3___IBA57_unrelaxed_rank_004_alphafold2_multimer_v3_model_3_seed_000.pdb
GNAI3___IBA57,5,2,A,B,0.0000,0.0,0.0,0.0000,0.3110,0.0187,0.0000,101.0,0.0,0.2100,85.7,76.1,0.520,5,81,0,0,91.3,89.6,,,354,356,"[38-40,201,224]","[58-61,63-71,73-75,96-101,103-106,108,110-111,113,125-127,135-142,148-151,220,224,226,228,234-236,239-246,248-252,254,256-257,260,265-266,269-270,276-277,279-280,310,321-323]",,,GNAI3___IBA57_unrelaxed_rank_005_alphafold2_multimer_v3_model_2_seed_000.pdb
GNAS___IBA57,1,2,A,B,0.0477,78.6,3.8,0.0111,0.5313,0.0335,0.0680,386.0,16.0,0.3200,41.2,75.7,0.400,26,139,5,8,80.3,89.9,51.3,73.7,1037,356,"[688-690,864,867,873-878,885,888,890,908,913-914,917,919-921,931,941,982,988-989]","[50-53,55,57-61,63-76,78,96-113,124-129,132,135-143,148-152,159,161-162,189,194,196-197,219-220,222-224,226-229,232-273,275-277,279-283,311,317-322,325,350]","[873,875-878]","[72,258-264]",GNAS___IBA57_unrelaxed_rank_001_alphafold2_multimer_v3_model_2_seed_000.pdb
GNAS___IBA57,2,1,A,B,0.0212,15.2,0.3,0.0000,0.4798,0.0155,0.0290,29.0,8.0,0.3200,39.7,74.3,0.390,4,23,3,5,60.1,82.4,52.7,74.1,1037,356,"[690,874,876-877]","[65-68,70-72,76,78,97-98,100-102,252,259-261,263-265,267-268]","[874,876-877]","[72,259,261,263-264]",GNAS___IBA57_unrelaxed_rank_002_alphafold2_multimer_v3_model_1_seed_000.pdb
GNAS___IBA57,3,3,A,B,0.0000,0.0,0.0,0.0000,0.4791,0.0133,0.0000,12.0,0.0,0.2700,40.3,75.8,0.380,4,7,0,0,59.9,76.3,,,1037,356,"[689,876-878]","[67,103,105,264-265,267-268]",,,GNAS___IBA57_unrelaxed_rank_003_alphafold2_multimer_v3_model_3_seed_000.pdb
GNAS___IBA57,4,5,A,B,0.0000,0.0,0.0,0.0000,0.3994,0.0000,0.0000,0.0,0.0,0.2500,40.5,75.4,0.370,0,0,0,0,,,,,1037,356,,,,,GNAS___IBA57_unrelaxed_rank_004_alphafold2_multimer_v3_model_5_seed_000.pdb
GNAS___IBA57,5,4,A,B,0.0000,0.0,0.0,0.0000,0.3141,0.0058,0.0000,3.0,0.0,0.2100,38.6,74.0,0.360,2,2,0,0,92.1,78.3,,,1037,356,[888-889],[64-65],,,GNAS___IBA57_unrelaxed_rank_005_alphafold2_multimer_v3_model_4_seed_000.pdb
MARS2___IBA57,1,2,A,B,0.0000,0.0,0.0,0.0000,0.2607,0.0000,0.0000,0.0,0.0,0.2400,85.5,75.1,0.640,0,0,0,0,,,,,593,356,,,,,MARS2___IBA57_unrelaxed_rank_001_alphafold2_multimer_v3_model_2_seed_000.pdb
MARS2___IBA57,2,3,A,B,0.0000,0.0,0.0,0.0000,0.2766,0.0000,0.0000,0.0,0.0,0.2300,85.0,74.9,0.630,0,0,0,0,,,,,593,356,,,,,MARS2___IBA57_unrelaxed_rank_002_alphafold2_multimer_v3_model_3_seed_000.pdb
MARS2___IBA57,3,4,A,B,0.0000,0.0,0.0,0.0000,0.2277,0.0000,0.0000,0.0,0.0,0.2200,84.9,72.4,0.630,0,0,0,0,,,,,593,356,,,,,MARS2___IBA57_unrelaxed_rank_003_alphafold2_multimer_v3_model_4_seed_000.pdb
MARS2___IBA57,4,5,A,B,0.0000,0.0,0.0,0.0000,0.2108,0.0000,0.0000,0.0,0.0,0.2000,85.4,73.8,0.630,0,0,0,0,,,,,593,356,,,,,MARS2___IBA57_unrelaxed_rank_004_alphafold2_multimer_v3_model_5_seed_000.pdb
MARS2___IBA57,5,1,A,B,0.0000,0.0,0.0,0.0000,0.1898,0.0000,0.0000,0.0,0.0,0.1800,85.2,72.5,0.620,0,0,0,0,,,,,593,356,,,,,MARS2___IBA57_unrelaxed_rank_005_alphafold2_multimer_v3_model_1_seed_000.pdb
MRPL12___ATXN2L,1,1,A,B,0.0000,0.0,0.0,0.0000,0.2201,0.0000,0.0000,0.0,0.0,0.1800,47.6,26.7,0.220,0,0,0,0,,,,,198,1075,,,,,MRPL12___ATXN2L_unrelaxed_rank_001_alphafold2_multimer_v3_model_1_seed_000.pdb
MRPL12___ATXN2L,2,3,A,B,0.0000,0.0,0.0,0.0000,0.2218,0.0000,0.0000,0.0,0.0,0.1700,47.5,28.1,0.230,0,0,0,0,,,,,198,1075,,,,,MRPL12___ATXN2L_unrelaxed_rank_002_alphafold2_multimer_v3_model_3_seed_000.pdb
MRPL12___ATXN2L,3,5,A,B,0.0000,0.0,0.0,0.0000,0.2168,0.0000,0.0000,0.0,0.0,0.1600,47.1,28.9,0.230,0,0,0,0,,,,,198,1075,,,,,MRPL12___ATXN2L_unrelaxed_rank_003_alphafold2_multimer_v3_model_5_seed_000.pdb
MRPL12___ATXN2L,4,4,A,B,0.0000,0.0,0.0,0.0000,0.2582,0.0000,0.0000,0.0,0.0,0.1600,49.6,27.0,0.220,0,0,0,0,,,,,198,1075,,,,,MRPL12___ATXN2L_unrelaxed_rank_004_alphafold2_multimer_v3_model_4_seed_000.pdb
MRPL12___ATXN2L,5,2,A,B,0.0000,0.0,0.0,0.0000,0.2141,0.0000,0.0000,0.0,0.0,0.1600,53.6,26.9,0.220,0,0,0,0,,,,,198,1075,,,,,MRPL12___ATXN2L_unrelaxed_rank_005_alphafold2_multimer_v3_model_2_seed_000.pdb
NUP107___STIP1,1,1,A,B,0.0000,0.0,0.0,0.0000,0.2312,0.0000,0.0000,0.0,0.0,0.2000,75.5,69.2,0.550,0,0,0,0,,,,,925,543,,,,,NUP107___STIP1_unrelaxed_rank_001_alphafold2_multimer_v3_model_1_seed_000.pdb
NUP107___STIP1,2,4,A,B,0.0000,0.0,0.0,0.0000,0.2016,0.0000,0.0000,0.0,0.0,0.1800,73.7,66.9,0.540,0,0,0,0,,,,,925,543,,,,,NUP107___STIP1_unrelaxed_rank_002_alphafold2_multimer_v3_model_4_seed_000.pdb
NUP107___STIP1,3,3,A,B,0.0000,0.0,0.0,0.0000,0.1877,0.0000,0.0000,0.0,0.0,0.1800,73.6,67.4,0.540,0,0,0,0,,,,,925,543,,,,,NUP107___STIP1_unrelaxed_rank_003_alphafold2_multimer_v3_model_3_seed_000.pdb
NUP107___STIP1,4,2,A,B,0.0000,0.0,0.0,0.0000,0.1465,0.0000,0.0000,0.0,0.0,0.1700,75.4,73.3,0.530,0,0,0,0,,,,,925,543,,,,,NUP107___STIP1_unrelaxed_rank_004_alphafold2_multimer_v3_model_2_seed_000.pdb
NUP107___STIP1,5,5,A,B,0.0000,0.0,0.0,0.0000,0.1808,0.0000,0.0000,0.0,0.0,0.1600,74.4,71.9,0.540,0,0,0,0,,,,,925,543,,,,,NUP107___STIP1_unrelaxed_rank_005_alphafold2_multimer_v3_model_5_seed_000.pdb
PDXDC1___NUP107,1,4,A,B,0.0000,0.0,0.0,0.0000,0.1989,0.0000,0.0000,0.0,0.0,0.2100,66.4,74.0,0.500,0,0,0,0,,,,,788,925,,,,,PDXDC1___NUP107_unrelaxed_rank_001_alphafold2_multimer_v3_model_4_seed_000.pdb
PDXDC1___NUP107,2,3,A,B,0.0000,0.0,0.0,0.0000,0.2091,0.0000,0.0000,0.0,0.0,0.2000,66.4,73.7,0.490,0,0,0,0,,,,,788,925,,,,,PDXDC1___NUP107_unrelaxed_rank_002_alphafold2_multimer_v3_model_3_seed_000.pdb
PDXDC1___NUP107,3,2,A,B,0.0000,0.0,0.0,0.0000,0.1942,0.0000,0.0000,0.0,0.0,0.1900,68.2,74.2,0.480,0,0,0,0,,,,,788,925,,,,,PDXDC1___NUP107_unrelaxed_rank_003_alphafold2_multimer_v3_model_2_seed_000.pdb
PDXDC1___NUP107,4,5,A,B,0.0000,0.0,0.0,0.0000,0.1829,0.0000,0.0000,0.0,0.0,0.1900,66.4,73.8,0.490,0,0,0,0,,,,,788,925,,,,,PDXDC1___NUP107_unrelaxed_rank_004_alphafold2_multimer_v3_model_5_seed_000.pdb
PDXDC1___NUP107,5,1,A,B,0.0000,0.0,0.0,0.0000,0.1854,0.0000,0.0000,0.0,0.0,0.1900,66.4,73.9,0.480,0,0,0,0,,,,,788,925,,,,,PDXDC1___NUP107_unrelaxed_rank_005_alphafold2_multimer_v3_model_1_seed_000.pdb
PSMA2___GFP,1,2,A,B,0.0000,0.0,0.0,0.0000,0.2098,0.0067,0.0000,1.0,0.0,0.2100,81.4,87.9,0.560,1,1,0,0,95.9,81.9,,,234,238,[134],[152],,,PSMA2___GFP_unrelaxed_rank_001_alphafold2_multimer_v3_model_2_seed_000.pdb
PSMA2___GFP,2,4,A,B,0.0000,0.0,0.0,0.0000,0.1756,0.0085,0.0000,22.0,0.0,0.2000,79.1,87.0,0.560,3,12,0,0,94.3,87.9,,,234,238,"[74,134-135]","[42-43,57,59,162,171,177,207-209,219,221]",,,PSMA2___GFP_unrelaxed_rank_002_alphafold2_multimer_v3_model_4_seed_000.pdb
PSMA2___GFP,3,5,A,B,0.0000,0.0,0.0,0.0000,0.1368,0.0117,0.0000,1.0,0.0,0.1900,76.3,86.6,0.550,1,1,0,0,88.9,88.2,,,234,238,[134],[219],,,PSMA2___GFP_unrelaxed_rank_003_alphafold2_multimer_v3_model_5_seed_000.pdb
PSMA2___GFP,4,1,A,B,0.0000,0.0,0.0,0.0000,0.1567,0.0000,0.0000,0.0,0.0,0.1800,79.2,86.6,0.550,0,0,0,0,,,,,234,238,,,,,PSMA2___GFP_unrelaxed_rank_004_alphafold2_multimer_v3_model_1_seed_000.pdb
PSMA2___GFP,5,3,A,B,0.0000,0.0,0.0,0.0000,0.0937,0.0000,0.0000,0.0,0.0,0.1000,80.5,87.9,0.510,0,0,0,0,,,,,234,238,,,,,PSMA2___GFP_unrelaxed_rank_005_alphafold2_multimer_v3_model_3_seed_000.pdb
PSMA4___XRN2,1,5,A,B,0.1553,1881.3,292.2,0.2638,0.7269,0.1089,0.2215,48485.0,73.0,0.6100,72.2,71.7,0.710,187,617,17,23,80.7,90.5,72.0,73.6,261,950,"[30-49,63-123,129-204,207-230,232-237]","[1-25,36-126,129,156-263,271,297-422,424,507,509-526,529,533-586,588-607,609-620,623-630,633-663,665-701,706-724,726,729-731,733-739,742,744-746,748-789,795-797,799-801]","[100-103,106,108-109,112,119,123,140-142,151,153-155]","[11-13,15-16,18,312,315-316,409-410,413-414,416-417,781-784,786,795,797,799]",PSMA4___XRN2_unrelaxed_rank_001_alphafold2_multimer_v3_model_5_seed_000.pdb
PSMA4___XRN2,2,3,A,B,0.0000,0.0,0.0,0.0000,0.3457,0.0462,0.0000,1.0,0.0,0.4200,70.2,69.8,0.650,1,1,0,0,75.6,95.1,,,261,950,[104],[310],,,PSMA4___XRN2_unrelaxed_rank_002_alphafold2_multimer_v3_model_3_seed_000.pdb
PSMA4___XRN2,3,2,A,B,0.0000,0.0,0.0,0.0000,0.2884,0.0000,0.0000,0.0,0.0,0.3100,72.8,71.3,0.650,0,0,0,0,,,,,261,950,,,,,PSMA4___XRN2_unrelaxed_rank_003_alphafold2_multimer_v3_model_2_seed_000.pdb
PSMA4___XRN2,4,4,A,B,0.0000,0.0,0.0,0.0000,0.2483,0.0000,0.0000,0.0,0.0,0.2800,59.6,71.0,0.650,0,0,0,0,,,,,261,950,,,,,PSMA4___XRN2_unrelaxed_rank_004_alphafold2_multimer_v3_model_4_seed_000.pdb
PSMA4___XRN2,5,1,A,B,0.0000,0.0,0.0,0.0000,0.2487,0.0000,0.0000,0.0,0.0,0.2100,61.9,70.9,0.630,0,0,0,0,,,,,261,950,,,,,PSMA4___XRN2_unrelaxed_rank_005_alphafold2_multimer_v3_model_1_seed_000.pdb
SAFB___PPIB,1,1,A,B,0.0000,0.0,0.0,0.0000,0.4046,0.0000,0.0000,0.0,0.0,0.2800,34.3,86.4,0.290,0,0,0,0,,,,,915,216,,,,,SAFB___PPIB_unrelaxed_rank_001_alphafold2_multimer_v3_model_1_seed_000.pdb
SAFB___PPIB,2,4,A,B,0.0000,0.0,0.0,0.0000,0.2500,0.0000,0.0000,0.0,0.0,0.2100,32.0,83.9,0.270,0,0,0,0,,,,,915,216,,,,,SAFB___PPIB_unrelaxed_rank_002_alphafold2_multimer_v3_model_4_seed_000.pdb
SAFB___PPIB,3,3,A,B,0.0000,0.0,0.0,0.0000,0.1962,0.0000,0.0000,0.0,0.0,0.1700,33.4,84.6,0.280,0,0,0,0,,,,,915,216,,,,,SAFB___PPIB_unrelaxed_rank_003_alphafold2_multimer_v3_model_3_seed_000.pdb
SAFB___PPIB,4,2,A,B,0.0000,0.0,0.0,0.0000,0.1302,0.0000,0.0000,0.0,0.0,0.1600,34.5,87.4,0.280,0,0,0,0,,,,,915,216,,,,,SAFB___PPIB_unrelaxed_rank_004_alphafold2_multimer_v3_model_2_seed_000.pdb
SAFB___PPIB,5,5,A,B,0.0000,0.0,0.0,0.0000,0.1795,0.0000,0.0000,0.0,0.0,0.1600,33.0,83.0,0.270,0,0,0,0,,,,,915,216,,,,,SAFB___PPIB_unrelaxed_rank_005_alphafold2_multimer_v3_model_5_seed_000.pdb
SGPL1___ATXN2L,1,2,A,B,0.0000,0.0,0.0,0.0000,0.3062,0.0000,0.0000,0.0,0.0,0.2200,87.9,22.8,0.410,0,0,0,0,,,,,568,1075,,,,,SGPL1___ATXN2L_unrelaxed_rank_001_alphafold2_multimer_v3_model_2_seed_000.pdb
SGPL1___ATXN2L,2,4,A,B,0.0000,0.0,0.0,0.0000,0.2549,0.0000,0.0000,0.0,0.0,0.2200,85.3,21.4,0.400,0,0,0,0,,,,,568,1075,,,,,SGPL1___ATXN2L_unrelaxed_rank_002_alphafold2_multimer_v3_model_4_seed_000.pdb
SGPL1___ATXN2L,3,3,A,B,0.0000,0.0,0.0,0.0000,0.2325,0.0000,0.0000,0.0,0.0,0.2100,86.1,23.0,0.400,0,0,0,0,,,,,568,1075,,,,,SGPL1___ATXN2L_unrelaxed_rank_003_alphafold2_multimer_v3_model_3_seed_000.pdb
SGPL1___ATXN2L,4,1,A,B,0.0000,0.0,0.0,0.0000,0.2253,0.0000,0.0000,0.0,0.0,0.1900,86.9,23.9,0.410,0,0,0,0,,,,,568,1075,,,,,SGPL1___ATXN2L_unrelaxed_rank_004_alphafold2_multimer_v3_model_1_seed_000.pdb
SGPL1___ATXN2L,5,5,A,B,0.0000,0.0,0.0,0.0000,0.1810,0.0000,0.0000,0.0,0.0,0.1700,86.3,23.6,0.400,0,0,0,0,,,,,568,1075,,,,,SGPL1___ATXN2L_unrelaxed_rank_005_alphafold2_multimer_v3_model_5_seed_000.pdb
SGPL1___MARS2,1,4,A,B,0.0000,0.0,0.0,0.0000,0.1361,0.0000,0.0000,0.0,0.0,0.1500,83.0,84.6,0.530,0,0,0,0,,,,,568,593,,,,,SGPL1___MARS2_unrelaxed_rank_001_alphafold2_multimer_v3_model_4_seed_000.pdb
SGPL1___MARS2,2,2,A,B,0.0000,0.0,0.0,0.0000,0.1346,0.0000,0.0000,0.0,0.0,0.1500,84.9,84.5,0.520,0,0,0,0,,,,,568,593,,,,,SGPL1___MARS2_unrelaxed_rank_002_alphafold2_multimer_v3_model_2_seed_000.pdb
SGPL1___MARS2,3,5,A,B,0.0000,0.0,0.0,0.0000,0.1375,0.0000,0.0000,0.0,0.0,0.1500,82.6,84.8,0.520,0,0,0,0,,,,,568,593,,,,,SGPL1___MARS2_unrelaxed_rank_003_alphafold2_multimer_v3_model_5_seed_000.pdb
SGPL1___MARS2,4,3,A,B,0.0000,0.0,0.0,0.0000,0.1435,0.0000,0.0000,0.0,0.0,0.1500,83.5,84.0,0.520,0,0,0,0,,,,,568,593,,,,,SGPL1___MARS2_unrelaxed_rank_004_alphafold2_multimer_v3_model_3_seed_000.pdb
SGPL1___MARS2,5,1,A,B,0.0000,0.0,0.0,0.0000,0.1369,0.0000,0.0000,0.0,0.0,0.1400,82.9,84.7,0.520,0,0,0,0,,,,,568,593,,,,,SGPL1___MARS2_unrelaxed_rank_005_alphafold2_multimer_v3_model_1_seed_000.pdb
SGPL1___PPIB,1,2,A,B,0.0000,0.0,0.0,0.0000,0.2751,0.0000,0.0000,0.0,0.0,0.1400,85.8,81.2,0.650,0,0,0,0,,,,,568,216,,,,,SGPL1___PPIB_unrelaxed_rank_001_alphafold2_multimer_v3_model_2_seed_000.pdb
SGPL1___PPIB,2,1,A,B,0.0000,0.0,0.0,0.0000,0.2170,0.0000,0.0000,0.0,0.0,0.1300,86.2,80.6,0.640,0,0,0,0,,,,,568,216,,,,,SGPL1___PPIB_unrelaxed_rank_002_alphafold2_multimer_v3_model_1_seed_000.pdb
SGPL1___PPIB,3,5,A,B,0.0000,0.0,0.0,0.0000,0.1113,0.0000,0.0000,0.0,0.0,0.1400,84.3,79.7,0.630,0,0,0,0,,,,,568,216,,,,,SGPL1___PPIB_unrelaxed_rank_003_alphafold2_multimer_v3_model_5_seed_000.pdb
SGPL1___PPIB,4,4,A,B,0.0000,0.0,0.0,0.0000,0.1130,0.0000,0.0000,0.0,0.0,0.1400,85.4,79.5,0.640,0,0,0,0,,,,,568,216,,,,,SGPL1___PPIB_unrelaxed_rank_004_alphafold2_multimer_v3_model_4_seed_000.pdb
SGPL1___PPIB,5,3,A,B,0.0000,0.0,0.0,0.0000,0.1513,0.0000,0.0000,0.0,0.0,0.1300,84.9,80.1,0.640,0,0,0,0,,,,,568,216,,,,,SGPL1___PPIB_unrelaxed_rank_005_alphafold2_multimer_v3_model_3_seed_000.pdb
SNRPC___NUP107,1,2,A,B,0.0000,0.0,0.0,0.0000,0.2424,0.0000,0.0000,0.0,0.0,0.1700,29.4,76.6,0.660,0,0,0,0,,,,,159,925,,,,,SNRPC___NUP107_unrelaxed_rank_001_alphafold2_multimer_v3_model_2_seed_000.pdb
SNRPC___NUP107,2,4,A,B,0.0000,0.0,0.0,0.0000,0.1978,0.0000,0.0000,0.0,0.0,0.1700,25.3,75.8,0.670,0,0,0,0,,,,,159,925,,,,,SNRPC___NUP107_unrelaxed_rank_002_alphafold2_multimer_v3_model_4_seed_000.pdb
SNRPC___NUP107,3,1,A,B,0.0000,0.0,0.0,0.0000,0.1976,0.0000,0.0000,0.0,0.0,0.1600,25.5,76.5,0.660,0,0,0,0,,,,,159,925,,,,,SNRPC___NUP107_unrelaxed_rank_003_alphafold2_multimer_v3_model_1_seed_000.pdb
SNRPC___NUP107,4,3,A,B,0.0000,0.0,0.0,0.0000,0.2006,0.0000,0.0000,0.0,0.0,0.1600,25.2,75.3,0.660,0,0,0,0,,,,,159,925,,,,,SNRPC___NUP107_unrelaxed_rank_004_alphafold2_multimer_v3_model_3_seed_000.pdb
SNRPC___NUP107,5,5,A,B,0.0000,0.0,0.0,0.0000,0.1501,0.0000,0.0000,0.0,0.0,0.1400,26.7,76.9,0.670,0,0,0,0,,,,,159,925,,,,,SNRPC___NUP107_unrelaxed_rank_005_alphafold2_multimer_v3_model_5_seed_000.pdb
TXN___ASPH,1,4,A,B,0.0000,0.0,0.0,0.0000,0.1898,0.0000,0.0000,0.0,0.0,0.2600,71.6,58.6,0.530,0,0,0,0,,,,,105,758,,,,,TXN___ASPH_unrelaxed_rank_001_alphafold2_multimer_v3_model_4_seed_000.pdb
TXN___ASPH,2,2,A,B,0.0000,0.0,0.0,0.0000,0.2183,0.0000,0.0000,0.0,0.0,0.2600,77.5,61.4,0.530,0,0,0,0,,,,,105,758,,,,,TXN___ASPH_unrelaxed_rank_002_alphafold2_multimer_v3_model_2_seed_000.pdb
TXN___ASPH,3,1,A,B,0.0000,0.0,0.0,0.0000,0.1945,0.0000,0.0000,0.0,0.0,0.2300,74.4,61.2,0.530,0,0,0,0,,,,,105,758,,,,,TXN___ASPH_unrelaxed_rank_003_alphafold2_multimer_v3_model_1_seed_000.pdb
TXN___ASPH,4,3,A,B,0.0000,0.0,0.0,0.0000,0.1681,0.0000,0.0000,0.0,0.0,0.2200,81.1,60.0,0.520,0,0,0,0,,,,,105,758,,,,,TXN___ASPH_unrelaxed_rank_004_alphafold2_multimer_v3_model_3_seed_000.pdb
TXN___ASPH,5,5,A,B,0.0000,0.0,0.0,0.0000,0.1398,0.0000,0.0000,0.0,0.0,0.1500,83.7,60.1,0.510,0,0,0,0,,,,,105,758,,,,,TXN___ASPH_unrelaxed_rank_005_alphafold2_multimer_v3_model_5_seed_000.pdb
TXN___MRPL12,1,4,A,B,0.0000,0.0,0.0,0.0000,0.1707,0.0000,0.0000,0.0,0.0,0.1300,90.2,53.4,0.400,0,0,0,0,,,,,105,198,,,,,TXN___MRPL12_unrelaxed_rank_001_alphafold2_multimer_v3_model_4_seed_000.pdb
TXN___MRPL12,2,1,A,B,0.0000,0.0,0.0,0.0000,0.1180,0.0000,0.0000,0.0,0.0,0.1100,89.5,51.3,0.390,0,0,0,0,,,,,105,198,,,,,TXN___MRPL12_unrelaxed_rank_002_alphafold2_multimer_v3_model_1_seed_000.pdb
TXN___MRPL12,3,2,A,B,0.0000,0.0,0.0,0.0000,0.0709,0.0000,0.0000,0.0,0.0,0.1000,91.3,54.2,0.380,0,0,0,0,,,,,105,198,,,,,TXN___MRPL12_unrelaxed_rank_003_alphafold2_multimer_v3_model_2_seed_000.pdb
TXN___MRPL12,4,5,A,B,0.0000,0.0,0.0,0.0000,0.0888,0.0000,0.0000,0.0,0.0,0.1000,89.7,49.7,0.380,0,0,0,0,,,,,105,198,,,,,TXN___MRPL12_unrelaxed_rank_004_alphafold2_multimer_v3_model_5_seed_000.pdb
TXN___MRPL12,5,3,A,B,0.0000,0.0,0.0,0.0000,0.0715,0.0000,0.0000,0.0,0.0,0.0800,90.6,51.8,0.380,0,0,0,0,,,,,105,198,,,,,TXN___MRPL12_unrelaxed_rank_005_alphafold2_multimer_v3_model_3_seed_000.pdb
TXN___SAFB,1,1,A,B,0.0000,0.0,0.0,0.0000,0.2576,0.0000,0.0000,0.0,0.0,0.2500,91.8,33.7,0.230,0,0,0,0,,,,,105,915,,,,,TXN___SAFB_unrelaxed_rank_001_alphafold2_multimer_v3_model_1_seed_000.pdb
TXN___SAFB,2,2,A,B,0.0000,0.0,0.0,0.0000,0.2219,0.0000,0.0000,0.0,0.0,0.1900,92.5,34.0,0.220,0,0,0,0,,,,,105,915,,,,,TXN___SAFB_unrelaxed_rank_002_alphafold2_multimer_v3_model_2_seed_000.pdb
TXN___SAFB,3,4,A,B,0.0000,0.0,0.0,0.0000,0.1845,0.0000,0.0000,0.0,0.0,0.1900,91.8,33.8,0.210,0,0,0,0,,,,,105,915,,,,,TXN___SAFB_unrelaxed_rank_003_alphafold2_multimer_v3_model_4_seed_000.pdb
TXN___SAFB,4,5,A,B,0.0000,0.0,0.0,0.0000,0.1730,0.0000,0.0000,0.0,0.0,0.1700,93.2,34.4,0.210,0,0,0,0,,,,,105,915,,,,,TXN___SAFB_unrelaxed_rank_004_alphafold2_multimer_v3_model_5_seed_000.pdb
TXN___SAFB,5,3,A,B,0.0000,0.0,0.0,0.0000,0.1595,0.0000,0.0000,0.0,0.0,0.1600,92.6,35.0,0.210,0,0,0,0,,,,,105,915,,,,,TXN___SAFB_unrelaxed_rank_005_alphafold2_multimer_v3_model_3_seed_000.pdb
ALDH1L2___ACTR2,1,2,A,B,0.0000,0.0,0.0,0.0000,0.1446,0.0000,0.0000,0.0,0.0,0.1500,88.6,84.8,0.480,0,0,0,0,,,,,923,394,,,,,ALDH1L2___ACTR2_unrelaxed_rank_001_alphafold2_multimer_v3_model_2_seed_000.pdb
ALDH1L2___ACTR2,2,1,A,B,0.0000,0.0,0.0,0.0000,0.1480,0.0000,0.0000,0.0,0.0,0.1500,87.7,83.6,0.480,0,0,0,0,,,,,923,394,,,,,ALDH1L2___ACTR2_unrelaxed_rank_002_alphafold2_multimer_v3_model_1_seed_000.pdb
ALDH1L2___ACTR2,3,5,A,B,0.0000,0.0,0.0,0.0000,0.1404,0.0000,0.0000,0.0,0.0,0.1400,86.1,86.5,0.480,0,0,0,0,,,,,923,394,,,,,ALDH1L2___ACTR2_unrelaxed_rank_003_alphafold2_multimer_v3_model_5_seed_000.pdb
ALDH1L2___ACTR2,4,3,A,B,0.0000,0.0,0.0,0.0000,0.1414,0.0000,0.0000,0.0,0.0,0.1400,86.4,85.3,0.480,0,0,0,0,,,,,923,394,,,,,ALDH1L2___ACTR2_unrelaxed_rank_004_alphafold2_multimer_v3_model_3_seed_000.pdb
ALDH1L2___ACTR2,5,4,A,B,0.0000,0.0,0.0,0.0000,0.1369,0.0000,0.0000,0.0,0.0,0.1400,87.7,86.2,0.470,0,0,0,0,,,,,923,394,,,,,ALDH1L2___ACTR2_unrelaxed_rank_005_alphafold2_multimer_v3_model_4_seed_000.pdb
ALDH1L2___GFP,1,4,A,B,0.0000,0.0,0.0,0.0000,0.2103,0.0000,0.0000,0.0,0.0,0.1900,89.1,83.5,0.540,0,0,0,0,,,,,923,238,,,,,ALDH1L2___GFP_unrelaxed_rank_001_alphafold2_multimer_v3_model_4_seed_000.pdb
ALDH1L2___GFP,2,5,A,B,0.0000,0.0,0.0,0.0000,0.1467,0.0000,0.0000,0.0,0.0,0.1700,89.2,85.1,0.520,0,0,0,0,,,,,923,238,,,,,ALDH1L2___GFP_unrelaxed_rank_002_alphafold2_multimer_v3_model_5_seed_000.pdb
ALDH1L2___GFP,3,2,A,B,0.0000,0.0,0.0,0.0000,0.1359,0.0000,0.0000,0.0,0.0,0.1500,90.1,87.3,0.520,0,0,0,0,,,,,923,238,,,,,ALDH1L2___GFP_unrelaxed_rank_003_alphafold2_multimer_v3_model_2_seed_000.pdb
ALDH1L2___GFP,4,1,A,B,0.0000,0.0,0.0,0.0000,0.0000,0.0000,0.0000,0.0,0.0,0.1400,89.8,86.1,0.520,0,0,0,0,,,,,923,238,,,,,ALDH1L2___GFP_unrelaxed_rank_004_alphafold2_multimer_v3_model_1_seed_000.pdb
ALDH1L2___GFP,5,3,A,B,0.0000,0.0,0.0,0.0000,0.0000,0.0000,0.0000,0.0,0.0,0.1400,89.1,85.9,0.530,0,0,0,0,,,,,923,238,,,,,ALDH1L2___GFP_unrelaxed_rank_005_alphafold2_multimer_v3_model_3_seed_000.pdb
ALDH1L2___TXLNA,1,2,A,B,0.0000,0.0,0.0,0.0000,0.2389,0.0000,0.0000,0.0,0.0,0.1700,91.1,41.7,0.460,0,0,0,0,,,,,923,546,,,,,ALDH1L2___TXLNA_unrelaxed_rank_001_alphafold2_multimer_v3_model_2_seed_000.pdb
ALDH1L2___TXLNA,2,1,A,B,0.0000,0.0,0.0,0.0000,0.0000,0.0000,0.0000,0.0,0.0,0.1600,90.1,38.9,0.460,0,0,0,0,,,,,923,546,,,,,ALDH1L2___TXLNA_unrelaxed_rank_002_alphafold2_multimer_v3_model_1_seed_000.pdb
ALDH1L2___TXLNA,3,4,A,B,0.0000,0.0,0.0,0.0000,0.0000,0.0000,0.0000,0.0,0.0,0.1600,90.3,34.3,0.460,0,0,0,0,,,,,923,546,,,,,ALDH1L2___TXLNA_unrelaxed_rank_003_alphafold2_multimer_v3_model_4_seed_000.pdb
ALDH1L2___TXLNA,4,3,A,B,0.0000,0.0,0.0,0.0000,0.1655,0.0000,0.0000,0.0,0.0,0.1500,90.0,40.0,0.460,0,0,0,0,,,,,923,546,,,,,ALDH1L2___TXLNA_unrelaxed_rank_004_alphafold2_multimer_v3_model_3_seed_000.pdb
ALDH1L2___TXLNA,5,5,A,B,0.0000,0.0,0.0,0.0000,0.1454,0.0000,0.0000,0.0,0.0,0.1500,89.9,40.5,0.460,0,0,0,0,,,,,923,546,,,,,ALDH1L2___TXLNA_unrelaxed_rank_005_alphafold2_multimer_v3_model_5_seed_000.pdb
EDC3___IBA57,1,2,A,B,0.0000,0.0,0.0,0.0000,0.2199,0.0000,0.0000,0.0,0.0,0.2000,61.3,76.9,0.440,0,0,0,0,,,,,508,356,,,,,EDC3___IBA57_unrelaxed_rank_001_alphafold2_multimer_v3_model_2_seed_000.pdb
EDC3___IBA57,2,1,A,B,0.0000,0.0,0.0,0.0000,0.1770,0.0000,0.0000,0.0,0.0,0.1800,61.3,76.3,0.430,0,0,0,0,,,,,508,356,,,,,EDC3___IBA57_unrelaxed_rank_002_alphafold2_multimer_v3_model_1_seed_000.pdb
EDC3___IBA57,3,5,A,B,0.0000,0.0,0.0,0.0000,0.1441,0.0000,0.0000,0.0,0.0,0.1600,60.4,77.2,0.430,0,0,0,0,,,,,508,356,,,,,EDC3___IBA57_unrelaxed_rank_003_alphafold2_multimer_v3_model_5_seed_000.pdb
EDC3___IBA57,4,4,A,B,0.0000,0.0,0.0,0.0000,0.1319,0.0000,0.0000,0.0,0.0,0.1400,59.4,76.6,0.430,0,0,0,0,,,,,508,356,,,,,EDC3___IBA57_unrelaxed_rank_004_alphafold2_multimer_v3_model_4_seed_000.pdb
EDC3___IBA57,5,3,A,B,0.0000,0.0,0.0,0.0000,0.1541,0.0000,0.0000,0.0,0.0,0.1400,61.6,78.3,0.420,0,0,0,0,,,,,508,356,,,,,EDC3___IBA57_unrelaxed_rank_005_alphafold2_multimer_v3_model_3_seed_000.pdb
EDC3___PPIB,1,3,A,B,0.3609,2279.3,822.6,0.3192,0.9315,0.2428,0.5364,68361.0,76.0,0.5900,63.2,83.3,0.540,245,180,14,23,92.4,94.0,81.2,86.0,508,216,"[259-265,267-327,330,332-507]",[37-216],"[370,372-376,379,382-383,386,392,418,422-423]","[95,97,100-101,103,111-113,139,141-144,147,151,153,161-162,165-166,189-191]",EDC3___PPIB_unrelaxed_rank_001_alphafold2_multimer_v3_model_3_seed_000.pdb
EDC3___PPIB,2,5,A,B,0.3428,2211.5,758.2,0.3121,0.9145,0.2298,0.5114,67929.0,72.0,0.5900,62.5,83.0,0.540,247,181,16,23,91.5,93.3,80.0,85.0,508,216,"[259-265,267-327,330-508]",[36-216],"[370,372-376,379,382-383,386,392,394,418,421-423]","[95,97,100-101,103,111-113,139,141-144,147,151,153,161-162,165-166,189-191]",EDC3___PPIB_unrelaxed_rank_002_alphafold2_multimer_v3_model_5_seed_000.pdb
EDC3___PPIB,3,4,A,B,0.2881,1861.5,536.3,0.2237,0.9167,0.1909,0.4346,52505.0,66.0,0.5500,63.4,84.4,0.530,232,179,17,20,92.4,93.9,78.1,84.3,508,216,"[260-264,269-322,334-506]",[38-216],"[370,372-376,379,382-383,386,392,394,418,421-424]","[97,100-101,103,112-113,139,141-144,147,151,153,161-162,165-166,189-190]",EDC3___PPIB_unrelaxed_rank_003_alphafold2_multimer_v3_model_4_seed_000.pdb
EDC3___PPIB,4,2,A,B,0.2324,1585.0,368.4,0.1542,0.8558,0.1518,0.3559,35384.0,71.0,0.5100,62.9,84.0,0.520,221,176,17,22,92.9,93.5,78.2,84.0,508,216,"[260-263,270-274,277-320,335-446,449,451-468,470-506]",[40-215],"[370,372-376,379,382-383,386,392,394,418,421-424]","[95,97,100-101,103,112-113,139,141-144,147,151,153,161-162,165-166,189-191]",EDC3___PPIB_unrelaxed_rank_004_alphafold2_multimer_v3_model_2_seed_000.pdb
EDC3___PPIB,5,1,A,B,0.0000,0.0,0.0,0.0000,0.1737,0.0000,0.0000,0.0,0.0,0.2200,60.9,80.6,0.430,0,0,0,0,,,,,508,216,,,,,EDC3___PPIB_unrelaxed_rank_005_alphafold2_multimer_v3_model_1_seed_000.pdb
EPB41___STIP1,1,2,A,B,0.2434,331.5,80.7,0.0507,0.8799,0.1958,0.3027,1831.0,60.0,0.3300,48.0,79.0,0.340,18,177,11,25,40.4,90.4,45.3,91.3,864,543,"[115-128,666-669]","[219-356,359,363-364,367,371-372,376-380,384,388-389,394,398-399,403-404,409,411-412,415,418-419,422,432,434,436,441,443,446,448-454]","[117,119-126,128,668]","[226,229,233,236,258-260,263-264,266-268,270-271,278,295,297-298,301-302,305,308,371-372,399]",EPB41___STIP1_unrelaxed_rank_001_alphafold2_multimer_v3_model_2_seed_000.pdb
EPB41___STIP1,2,3,A,B,0.0071,4.7,0.0,0.0000,0.5019,0.0171,0.0029,22.0,1.0,0.3100,47.7,79.3,0.400,11,14,1,1,69.3,90.1,78.9,78.9,864,543,"[432,438,448,453-457,460-461,484]","[279,300,307,310,316,319-321,323-326,328-329]",[438],[328],EPB41___STIP1_unrelaxed_rank_002_alphafold2_multimer_v3_model_3_seed_000.pdb
EPB41___STIP1,3,5,A,B,0.0000,0.0,0.0,0.0000,0.4454,0.0000,0.0000,0.0,0.0,0.2800,46.7,78.8,0.390,0,0,0,0,,,,,864,543,,,,,EPB41___STIP1_unrelaxed_rank_003_alphafold2_multimer_v3_model_5_seed_000.pdb
EPB41___STIP1,4,1,A,B,0.0000,0.0,0.0,0.0000,0.4053,0.0000,0.0000,0.0,0.0,0.2500,47.9,75.8,0.380,0,0,0,0,,,,,864,543,,,,,EPB41___STIP1_unrelaxed_rank_004_alphafold2_multimer_v3_model_1_seed_000.pdb
EPB41___STIP1,5,4,A,B,0.0000,0.0,0.0,0.0000,0.3600,0.0000,0.0000,0.0,0.0,0.2300,44.8,76.0,0.350,0,0,0,0,,,,,864,543,,,,,EPB41___STIP1_unrelaxed_rank_005_alphafold2_multimer_v3_model_4_seed_000.pdb
GNAS___GFP,1,4,A,B,0.0000,0.0,0.0,0.0000,0.2889,0.0000,0.0000,0.0,0.0,0.2200,39.6,85.0,0.370,0,0,0,0,,,,,1037,238,,,,,GNAS___GFP_unrelaxed_rank_001_alphafold2_multimer_v3_model_4_seed_000.pdb
GNAS___GFP,2,1,A,B,0.0000,0.0,0.0,0.0000,0.3077,0.0000,0.0000,0.0,0.0,0.2100,40.6,86.0,0.380,0,0,0,0,,,,,1037,238,,,,,GNAS___GFP_unrelaxed_rank_002_alphafold2_multimer_v3_model_1_seed_000.pdb
GNAS___GFP,3,5,A,B,0.0000,0.0,0.0,0.0000,0.2690,0.0000,0.0000,0.0,0.0,0.2100,41.2,87.3,0.380,0,0,0,0,,,,,1037,238,,,,,GNAS___GFP_unrelaxed_rank_003_alphafold2_multimer_v3_model_5_seed_000.pdb
GNAS___GFP,4,2,A,B,0.0000,0.0,0.0,0.0000,0.2117,0.0000,0.0000,0.0,0.0,0.2000,41.5,88.2,0.380,0,0,0,0,,,,,1037,238,,,,,GNAS___GFP_unrelaxed_rank_004_alphafold2_multimer_v3_model_2_seed_000.pdb
GNAS___GFP,5,3,A,B,0.0000,0.0,0.0,0.0000,0.2606,0.0000,0.0000,0.0,0.0,0.2000,41.0,86.4,0.380,0,0,0,0,,,,,1037,238,,,,,GNAS___GFP_unrelaxed_rank_005_alphafold2_multimer_v3_model_3_seed_000.pdb
IBA57___GFP,1,1,A,B,0.1007,472.2,47.5,0.0132,0.4567,0.0874,0.1160,4645.0,48.0,0.3300,76.1,87.5,0.620,184,220,13,12,90.0,90.4,70.3,72.1,356,238,"[50-53,55-79,94-114,124-143,147-162,186-199,216,218-269,275-283,298-299,306,309-312,317-326,345,347-348,350-351]","[5-64,66,69-189,192-229]","[68-69,71-72,102,143,258-264]","[146-149,165-168,178,200,202,227]",IBA57___GFP_unrelaxed_rank_001_alphafold2_multimer_v3_model_1_seed_000.pdb
IBA57___GFP,2,2,A,B,0.0310,124.9,3.9,0.0000,0.3538,0.0366,0.0262,1114.0,14.0,0.2500,76.3,88.8,0.590,106,196,3,9,90.3,91.6,72.1,73.0,356,238,"[58-62,64-68,71,73-76,78,97-100,105-106,108,110-111,113,125-126,128-142,148-152,187-189,191-194,219,224,226,228-229,233-240,242-246,249-252,254,257-269,276-282,309,319-322,324-325,350]","[7-8,11-19,21-22,25-30,32-49,52-64,70-88,90-115,117-126,128-131,133-188,193-211,216-227]","[259,263-264]","[146-149,199-200,202-204]",IBA57___GFP_unrelaxed_rank_002_alphafold2_multimer_v3_model_2_seed_000.pdb
IBA57___GFP,3,3,A,B,0.0000,0.0,0.0,0.0000,0.1392,0.0000,0.0000,0.0,0.0,0.2100,76.6,88.2,0.570,0,0,0,0,,,,,356,238,,,,,IBA57___GFP_unrelaxed_rank_003_alphafold2_multimer_v3_model_3_seed_000.pdb
IBA57___GFP,4,5,A,B,0.0000,0.0,0.0,0.0000,0.1978,0.0000,0.0000,0.0,0.0,0.2100,75.7,86.8,0.580,0,0,0,0,,,,,356,238,,,,,IBA57___GFP_unrelaxed_rank_004_alphafold2_multimer_v3_model_5_seed_000.pdb
IBA57___GFP,5,4,A,B,0.0000,0.0,0.0,0.0000,0.1662,0.0000,0.0000,0.0,0.0,0.1900,76.7,86.9,0.570,0,0,0,0,,,,,356,238,,,,,IBA57___GFP_unrelaxed_rank_005_alphafold2_multimer_v3_model_4_seed_000.pdb
MARS2___MRPL12,1,3,A,B,0.0000,0.0,0.0,0.0000,0.1421,0.0000,0.0000,0.0,0.0,0.1400,87.2,40.7,0.690,0,0,0,0,,,,,593,198,,,,,MARS2___MRPL12_unrelaxed_rank_001_alphafold2_multimer_v3_model_3_seed_000.pdb
MARS2___MRPL12,2,2,A,B,0.0000,0.0,0.0,0.0000,0.0000,0.0000,0.0000,0.0,0.0,0.1300,86.9,39.3,0.690,0,0,0,0,,,,,593,198,,,,,MARS2___MRPL12_unrelaxed_rank_002_alphafold2_multimer_v3_model_2_seed_000.pdb
MARS2___MRPL12,3,5,A,B,0.0000,0.0,0.0,0.0000,0.0975,0.0000,0.0000,0.0,0.0,0.1200,87.8,39.4,0.700,0,0,0,0,,,,,593,198,,,,,MARS2___MRPL12_unrelaxed_rank_003_alphafold2_multimer_v3_model_5_seed_000.pdb
MARS2___MRPL12,4,4,A,B,0.0000,0.0,0.0,0.0000,0.1187,0.0000,0.0000,0.0,0.0,0.1300,87.3,39.5,0.690,0,0,0,0,,,,,593,198,,,,,MARS2___MRPL12_unrelaxed_rank_004_alphafold2_multimer_v3_model_4_seed_000.pdb
MARS2___MRPL12,5,1,A,B,0.0000,0.0,0.0,0.0000,0.1179,0.0000,0.0000,0.0,0.0,0.1300,87.4,38.6,0.690,0,0,0,0,,,,,593,198,,,,,MARS2___MRPL12_unrelaxed_rank_005_alphafold2_multimer_v3_model_1_seed_000.pdb
MARS2___PPP1R10,1,1,A,B,0.0376,74.4,2.8,0.0131,0.5688,0.0445,0.0318,615.0,9.0,0.3700,86.1,28.8,0.460,263,12,6,5,95.4,40.2,90.1,41.6,593,940,"[46-48,52,57-77,87,89,91-93,114,117-118,120-130,132-138,141,144-146,149,155,213,218,221,225,238-239,241-242,246,280,284-289,291,304,306-309,311-321,323-324,326-329,332,335-342,357,359-380,383-401,404,406-407,410-420,423-425,428,430,446-450,452-461,463-467,469-482,484-495,497,501,503-542,545-546,553,555-556,564,567-568,577]",[503-514],"[393-394,397-398,401,487]","[506-507,509-510,512]",MARS2___PPP1R10_unrelaxed_rank_001_alphafold2_multimer_v3_model_1_seed_000.pdb
MARS2___PPP1R10,2,2,A,B,0.0000,0.0,0.0,0.0000,0.3507,0.0000,0.0000,0.0,0.0,0.2600,86.1,30.7,0.460,0,0,0,0,,,,,593,940,,,,,MARS2___PPP1R10_unrelaxed_rank_002_alphafold2_multimer_v3_model_2_seed_000.pdb
MARS2___PPP1R10,3,3,A,B,0.0000,0.0,0.0,0.0000,0.2426,0.0000,0.0000,0.0,0.0,0.1900,86.1,29.9,0.450,0,0,0,0,,,,,593,940,,,,,MARS2___PPP1R10_unrelaxed_rank_003_alphafold2_multimer_v3_model_3_seed_000.pdb
MARS2___PPP1R10,4,5,A,B,0.0000,0.0,0.0,0.0000,0.2239,0.0000,0.0000,0.0,0.0,0.1800,87.1,29.1,0.450,0,0,0,0,,,,,593,940,,,,,MARS2___PPP1R10_unrelaxed_rank_004_alphafold2_multimer_v3_model_5_seed_000.pdb
MARS2___PPP1R10,5,4,A,B,0.0000,0.0,0.0,0.0000,0.2385,0.0000,0.0000,0.0,0.0,0.1800,85.2,29.2,0.450,0,0,0,0,,,,,593,940,,,,,MARS2___PPP1R10_unrelaxed_rank_005_alphafold2_multimer_v3_model_4_seed_000.pdb
MARS2___STIP1,1,1,A,B,0.3706,2058.8,763.0,0.5203,0.9107,0.2577,0.5329,128447.0,33.0,0.6900,86.7,81.2,0.670,543,217,13,8,92.2,92.6,87.0,78.4,593,543,"[40-187,192-586]","[215-372,375-403,405-407,409-411,413-429,431-433,435,439,451,455]","[346-347,349,377-379,381-382,384-385,390,393,470]","[217-218,257,291-293,295-296]",MARS2___STIP1_unrelaxed_rank_001_alphafold2_multimer_v3_model_1_seed_000.pdb
MARS2___STIP1,2,5,A,B,0.0000,0.0,0.0,0.0000,0.1863,0.0000,0.0000,0.0,0.0,0.1800,85.3,78.5,0.550,0,0,0,0,,,,,593,543,,,,,MARS2___STIP1_unrelaxed_rank_002_alphafold2_multimer_v3_model_5_seed_000.pdb
MARS2___STIP1,3,3,A,B,0.0000,0.0,0.0,0.0000,0.2079,0.0000,0.0000,0.0,0.0,0.1700,84.7,78.1,0.540,0,0,0,0,,,,,593,543,,,,,MARS2___STIP1_unrelaxed_rank_003_alphafold2_multimer_v3_model_3_seed_000.pdb
MARS2___STIP1,4,4,A,B,0.0000,0.0,0.0,0.0000,0.1788,0.0000,0.0000,0.0,0.0,0.1600,85.2,71.9,0.540,0,0,0,0,,,,,593,543,,,,,MARS2___STIP1_unrelaxed_rank_004_alphafold2_multimer_v3_model_4_seed_000.pdb
MARS2___STIP1,5,2,A,B,0.0000,0.0,0.0,0.0000,0.1513,0.0000,0.0000,0.0,0.0,0.1500,85.2,77.4,0.540,0,0,0,0,,,,,593,543,,,,,MARS2___STIP1_unrelaxed_rank_005_alphafold2_multimer_v3_model_2_seed_000.pdb
MRPL12___NBN,1,3,A,B,0.0233,36.1,0.8,0.0112,0.4519,0.0269,0.0203,261.0,5.0,0.2300,41.5,48.7,0.410,7,121,4,5,36.8,93.2,39.2,88.6,198,754,[49-55],"[19,23,25-26,46-49,90,93,98,108,110-122,124-144,146-159,161-167,169-179,181-183,194,196,198,218-219,221-222,225-229,232-233,236,238-239,241-245,249,251,294,303-317]",[51-54],"[118-121,141]",MRPL12___NBN_unrelaxed_rank_001_alphafold2_multimer_v3_model_3_seed_000.pdb
MRPL12___NBN,2,5,A,B,0.0000,0.0,0.0,0.0000,0.3743,0.0308,0.0000,1.0,0.0,0.2100,40.7,48.8,0.410,1,1,0,0,35.3,90.6,,,198,754,[54],[140],,,MRPL12___NBN_unrelaxed_rank_002_alphafold2_multimer_v3_model_5_seed_000.pdb
MRPL12___NBN,3,4,A,B,0.0000,0.0,0.0,0.0000,0.2612,0.0000,0.0000,0.0,0.0,0.1600,45.6,49.2,0.400,0,0,0,0,,,,,198,754,,,,,MRPL12___NBN_unrelaxed_rank_003_alphafold2_multimer_v3_model_4_seed_000.pdb
MRPL12___NBN,4,2,A,B,0.0000,0.0,0.0,0.0000,0.0000,0.0000,0.0000,0.0,0.0,0.1400,46.5,50.7,0.410,0,0,0,0,,,,,198,754,,,,,MRPL12___NBN_unrelaxed_rank_004_alphafold2_multimer_v3_model_2_seed_000.pdb
MRPL12___NBN,5,1,A,B,0.0000,0.0,0.0,0.0000,0.1169,0.0000,0.0000,0.0,0.0,0.1300,42.0,50.0,0.400,0,0,0,0,,,,,198,754,,,,,MRPL12___NBN_unrelaxed_rank_005_alphafold2_multimer_v3_model_1_seed_000.pdb
PDXDC1___EPB41,1,3,A,B,0.0933,15.7,1.5,0.0114,0.5829,0.0952,0.0914,19.0,13.0,0.2700,70.2,44.4,0.470,7,7,4,6,53.3,49.2,53.9,50.4,788,864,"[613,661-666]",[850-856],"[661-663,665]",[850-855],PDXDC1___EPB41_unrelaxed_rank_001_alphafold2_multimer_v3_model_3_seed_000.pdb
PDXDC1___EPB41,2,1,A,B,0.0857,11.7,1.0,0.0111,0.5249,0.0834,0.0880,17.0,8.0,0.2100,69.2,45.4,0.430,6,5,5,3,51.3,49.7,52.1,50.0,788,864,[661-666],"[850-851,853-855]",[661-665],"[851,853-854]",PDXDC1___EPB41_unrelaxed_rank_002_alphafold2_multimer_v3_model_1_seed_000.pdb
PDXDC1___EPB41,3,5,A,B,0.0000,0.0,0.0,0.0000,0.2676,0.0000,0.0000,0.0,0.0,0.2000,69.4,45.2,0.440,0,0,0,0,,,,,788,864,,,,,PDXDC1___EPB41_unrelaxed_rank_003_alphafold2_multimer_v3_model_5_seed_000.pdb
PDXDC1___EPB41,4,4,A,B,0.0000,0.0,0.0,0.0000,0.4102,0.0000,0.0000,0.0,0.0,0.2000,69.1,44.4,0.450,0,0,0,0,,,,,788,864,,,,,PDXDC1___EPB41_unrelaxed_rank_004_alphafold2_multimer_v3_model_4_seed_000.pdb
PDXDC1___EPB41,5,2,A,B,0.0000,0.0,0.0,0.0000,0.4132,0.0000,0.0000,0.0,0.0,0.1800,70.5,45.4,0.440,0,0,0,0,,,,,788,864,,,,,PDXDC1___EPB41_unrelaxed_rank_005_alphafold2_multimer_v3_model_2_seed_000.pdb
PDXDC1___PPP1R10,1,5,A,B,0.0000,0.0,0.0,0.0000,0.2510,0.0000,0.0000,0.0,0.0,0.1900,72.0,29.0,0.440,0,0,0,0,,,,,788,940,,,,,PDXDC1___PPP1R10_unrelaxed_rank_001_alphafold2_multimer_v3_model_5_seed_000.pdb
PDXDC1___PPP1R10,2,3,A,B,0.0000,0.0,0.0,0.0000,0.2300,0.0000,0.0000,0.0,0.0,0.1900,72.2,29.8,0.440,0,0,0,0,,,,,788,940,,,,,PDXDC1___PPP1R10_unrelaxed_rank_002_alphafold2_multimer_v3_model_3_seed_000.pdb
PDXDC1___PPP1R10,3,4,A,B,0.0000,0.0,0.0,0.0000,0.2089,0.0000,0.0000,0.0,0.0,0.1900,72.3,29.6,0.430,0,0,0,0,,,,,788,940,,,,,PDXDC1___PPP1R10_unrelaxed_rank_003_alphafold2_multimer_v3_model_4_seed_000.pdb
PDXDC1___PPP1R10,4,1,A,B,0.0000,0.0,0.0,0.0000,0.1957,0.0000,0.0000,0.0,0.0,0.1800,72.4,28.9,0.430,0,0,0,0,,,,,788,940,,,,,PDXDC1___PPP1R10_unrelaxed_rank_004_alphafold2_multimer_v3_model_1_seed_000.pdb
PDXDC1___PPP1R10,5,2,A,B,0.0000,0.0,0.0,0.0000,0.0000,0.0000,0.0000,0.0,0.0,0.1700,73.4,29.7,0.440,0,0,0,0,,,,,788,940,,,,,PDXDC1___PPP1R10_unrelaxed_rank_005_alphafold2_multimer_v3_model_2_seed_000.pdb
PDXDC1___PSMA2,1,4,A,B,0.0000,0.0,0.0,0.0000,0.2400,0.0000,0.0000,0.0,0.0,0.3300,70.5,77.2,0.620,0,0,0,0,,,,,788,234,,,,,PDXDC1___PSMA2_unrelaxed_rank_001_alphafold2_multimer_v3_model_4_seed_000.pdb
PDXDC1___PSMA2,2,2,A,B,0.0000,0.0,0.0,0.0000,0.2676,0.0000,0.0000,0.0,0.0,0.3100,72.0,84.0,0.610,0,0,0,0,,,,,788,234,,,,,PDXDC1___PSMA2_unrelaxed_rank_002_alphafold2_multimer_v3_model_2_seed_000.pdb
PDXDC1___PSMA2,3,3,A,B,0.0000,0.0,0.0,0.0000,0.1676,0.0000,0.0000,0.0,0.0,0.2100,70.1,78.1,0.590,0,0,0,0,,,,,788,234,,,,,PDXDC1___PSMA2_unrelaxed_rank_003_alphafold2_multimer_v3_model_3_seed_000.pdb
PDXDC1___PSMA2,4,5,A,B,0.0000,0.0,0.0,0.0000,0.1524,0.0000,0.0000,0.0,0.0,0.1500,70.0,81.2,0.580,0,0,0,0,,,,,788,234,,,,,PDXDC1___PSMA2_unrelaxed_rank_004_alphafold2_multimer_v3_model_5_seed_000.pdb
PDXDC1___PSMA2,5,1,A,B,0.0000,0.0,0.0,0.0000,0.1277,0.0000,0.0000,0.0,0.0,0.1500,70.6,80.3,0.570,0,0,0,0,,,,,788,234,,,,,PDXDC1___PSMA2_unrelaxed_rank_005_alphafold2_multimer_v3_model_1_seed_000.pdb
PSMA4___PPIB,1,4,A,B,0.0000,0.0,0.0,0.0120,0.2267,0.0382,0.0000,361.0,0.0,0.2100,73.8,80.3,0.510,10,156,0,0,84.3,90.6,,,261,216,"[72-74,105,107,109-110,136-138]","[41-53,57,59-82,84,86-109,111-140,143-202,204-205,212]",,,PSMA4___PPIB_unrelaxed_rank_001_alphafold2_multimer_v3_model_4_seed_000.pdb
PSMA4___PPIB,2,1,A,B,0.0000,0.0,0.0,0.0000,0.2145,0.0110,0.0000,44.0,0.0,0.2000,72.9,80.8,0.500,4,31,0,0,82.1,90.7,,,261,216,"[74,110,114,136]","[42,64,68-69,72-73,75,79-80,88,107,117,123-124,130,132,145-147,163,167-169,181-182,187,192-195,197]",,,PSMA4___PPIB_unrelaxed_rank_002_alphafold2_multimer_v3_model_1_seed_000.pdb
PSMA4___PPIB,3,5,A,B,0.0000,0.0,0.0,0.0000,0.1665,0.0093,0.0000,5.0,0.0,0.2000,67.7,78.8,0.470,2,4,0,0,78.7,77.9,,,261,216,"[134,136]","[145-146,192,194]",,,PSMA4___PPIB_unrelaxed_rank_003_alphafold2_multimer_v3_model_5_seed_000.pdb
PSMA4___PPIB,4,2,A,B,0.0000,0.0,0.0,0.0000,0.2332,0.0106,0.0000,3.0,0.0,0.1900,71.4,80.7,0.470,1,3,0,0,81.4,98.5,,,261,216,[134],"[64,73,169]",,,PSMA4___PPIB_unrelaxed_rank_004_alphafold2_multimer_v3_model_2_seed_000.pdb
PSMA4___PPIB,5,3,A,B,0.0000,0.0,0.0,0.0000,0.1743,0.0000,0.0000,0.0,0.0,0.1700,71.5,79.7,0.480,0,0,0,0,,,,,261,216,,,,,PSMA4___PPIB_unrelaxed_rank_005_alphafold2_multimer_v3_model_3_seed_000.pdb
SAFB___MRPL15,1,1,A,B,0.0000,0.0,0.0,0.0000,0.1390,0.0000,0.0000,0.0,0.0,0.1600,32.7,77.0,0.280,0,0,0,0,,,,,915,296,,,,,SAFB___MRPL15_unrelaxed_rank_001_alphafold2_multimer_v3_model_1_seed_000.pdb
SAFB___MRPL15,2,3,A,B,0.0000,0.0,0.0,0.0000,0.1851,0.0000,0.0000,0.0,0.0,0.1600,32.3,75.1,0.290,0,0,0,0,,,,,915,296,,,,,SAFB___MRPL15_unrelaxed_rank_002_alphafold2_multimer_v3_model_3_seed_000.pdb
SAFB___MRPL15,3,4,A,B,0.0000,0.0,0.0,0.0000,0.1225,0.0000,0.0000,0.0,0.0,0.1500,29.0,71.9,0.270,0,0,0,0,,,,,915,296,,,,,SAFB___MRPL15_unrelaxed_rank_003_alphafold2_multimer_v3_model_4_seed_000.pdb
SAFB___MRPL15,4,5,A,B,0.0000,0.0,0.0,0.0000,0.0000,0.0000,0.0000,0.0,0.0,0.1500,32.4,75.3,0.280,0,0,0,0,,,,,915,296,,,,,SAFB___MRPL15_unrelaxed_rank_004_alphafold2_multimer_v3_model_5_seed_000.pdb
SAFB___MRPL15,5,2,A,B,0.0000,0.0,0.0,0.0000,0.1270,0.0000,0.0000,0.0,0.0,0.1500,33.7,76.1,0.280,0,0,0,0,,,,,915,296,,,,,SAFB___MRPL15_unrelaxed_rank_005_alphafold2_multimer_v3_model_2_seed_000.pdb
SAFB___PPP1R10,1,3,A,B,0.1537,157.8,24.3,0.0178,0.7631,0.1223,0.1932,479.0,52.0,0.2100,29.7,31.1,0.240,77,10,13,9,77.3,38.5,67.3,38.9,915,940,[406-482],[417-426],"[415,418-420,436-442,444,448]",[417-425],SAFB___PPP1R10_unrelaxed_rank_001_alphafold2_multimer_v3_model_3_seed_000.pdb
SAFB___PPP1R10,2,5,A,B,0.0432,87.7,3.8,0.0125,0.6449,0.0420,0.0444,591.0,13.0,0.2100,30.9,31.0,0.240,8,133,3,9,40.5,93.9,42.7,92.7,915,940,[215-222],"[8-16,18-19,23-25,27-123,125-146]","[217-218,221]","[108-109,114-115,118,137,140-141,144]",SAFB___PPP1R10_unrelaxed_rank_002_alphafold2_multimer_v3_model_5_seed_000.pdb
SAFB___PPP1R10,3,2,A,B,0.0000,0.0,0.0,0.0000,0.1814,0.0000,0.0000,0.0,0.0,0.1900,31.9,33.0,0.240,0,0,0,0,,,,,915,940,,,,,SAFB___PPP1R10_unrelaxed_rank_003_alphafold2_multimer_v3_model_2_seed_000.pdb
SAFB___PPP1R10,4,1,A,B,0.0000,0.0,0.0,0.0000,0.2270,0.0000,0.0000,0.0,0.0,0.1800,29.3,31.8,0.240,0,0,0,0,,,,,915,940,,,,,SAFB___PPP1R10_unrelaxed_rank_004_alphafold2_multimer_v3_model_1_seed_000.pdb
SAFB___PPP1R10,5,4,A,B,0.0000,0.0,0.0,0.0000,0.3331,0.0000,0.0000,0.0,0.0,0.1700,29.8,32.0,0.230,0,0,0,0,,,,,915,940,,,,,SAFB___PPP1R10_unrelaxed_rank_005_alphafold2_multimer_v3_model_4_seed_000.pdb
TXLNA___STIP1,1,5,A,B,0.0000,0.0,0.0,0.0000,0.1087,0.0000,0.0000,0.0,0.0,0.1400,50.1,80.8,0.320,0,0,0,0,,,,,546,543,,,,,TXLNA___STIP1_unrelaxed_rank_001_alphafold2_multimer_v3_model_5_seed_000.pdb
TXLNA___STIP1,2,4,A,B,0.0000,0.0,0.0,0.0000,0.1247,0.0000,0.0000,0.0,0.0,0.1400,36.4,81.1,0.320,0,0,0,0,,,,,546,543,,,,,TXLNA___STIP1_unrelaxed_rank_002_alphafold2_multimer_v3_model_4_seed_000.pdb
TXLNA___STIP1,3,3,A,B,0.0000,0.0,0.0,0.0000,0.1109,0.0000,0.0000,0.0,0.0,0.1400,53.0,80.6,0.320,0,0,0,0,,,,,546,543,,,,,TXLNA___STIP1_unrelaxed_rank_003_alphafold2_multimer_v3_model_3_seed_000.pdb
TXLNA___STIP1,4,2,A,B,0.0000,0.0,0.0,0.0000,0.0000,0.0000,0.0000,0.0,0.0,0.1400,45.8,82.2,0.300,0,0,0,0,,,,,546,543,,,,,TXLNA___STIP1_unrelaxed_rank_004_alphafold2_multimer_v3_model_2_seed_000.pdb
TXLNA___STIP1,5,1,A,B,0.0000,0.0,0.0,0.0000,0.1236,0.0000,0.0000,0.0,0.0,0.1400,48.2,80.5,0.290,0,0,0,0,,,,,546,543,,,,,TXLNA___STIP1_unrelaxed_rank_005_alphafold2_multimer_v3_model_1_seed_000.pdb
TXN___PPIB,1,2,A,B,0.1706,596.1,101.7,0.0157,0.4146,0.1488,0.1956,6968.0,51.0,0.3500,91.2,83.3,0.650,102,176,12,13,91.2,94.5,75.0,77.5,105,216,"[2-18,20-104]",[40-215],"[30-37,73,90-92]","[97,99-101,157,159-162,165,189-191]",TXN___PPIB_unrelaxed_rank_001_alphafold2_multimer_v3_model_2_seed_000.pdb
TXN___PPIB,2,3,A,B,0.1218,638.4,77.8,0.0139,0.3482,0.1218,0.1218,6573.0,62.0,0.3300,89.7,82.3,0.650,103,175,13,15,89.7,94.0,72.0,78.6,105,216,[2-104],"[40-207,209-215]","[30-37,73,90-93]","[95,97,99-101,144,159,161-162,164-166,189-191]",TXN___PPIB_unrelaxed_rank_002_alphafold2_multimer_v3_model_3_seed_000.pdb
TXN___PPIB,3,5,A,B,0.0992,568.0,56.3,0.0133,0.2995,0.0952,0.1033,4676.0,69.0,0.3000,89.1,82.5,0.640,100,173,13,15,88.9,94.0,72.2,76.4,105,216,"[2-17,21-104]","[40-206,210-215]","[29,31-37,73,90-93]","[95,97-100,157-163,189-191]",TXN___PPIB_unrelaxed_rank_003_alphafold2_multimer_v3_model_5_seed_000.pdb
TXN___PPIB,4,1,A,B,0.0619,257.7,15.9,0.0125,0.2956,0.0614,0.0623,2142.0,31.0,0.2600,87.4,82.3,0.630,77,172,10,8,85.8,93.3,72.9,73.9,105,216,"[4,11-12,14-16,22-46,52-62,64-66,68-81,85-102]","[40-205,210-215]","[28-29,32,34-35,73-74,90-92]","[97-100,159,161-162,191]",TXN___PPIB_unrelaxed_rank_004_alphafold2_multimer_v3_model_1_seed_000.pdb
TXN___PPIB,5,4,A,B,0.0000,0.0,0.0,0.0111,0.2076,0.0306,0.0000,806.0,0.0,0.2400,85.5,82.4,0.630,14,153,0,0,89.0,92.6,,,105,216,"[24-28,42,55-57,75-78,90]","[41-53,57,59-61,63-81,84-141,143-188,190-200,202,204]",,,TXN___PPIB_unrelaxed_rank_005_alphafold2_multimer_v3_model_4_seed_000.pdb
ACTR2___ATXN2L,1,3,A,B,0.0000,0.0,0.0,0.0000,0.3866,0.0000,0.0000,0.0,0.0,0.3900,82.4,23.3,0.390,0,0,0,0,,,,,394,1075,,,,,ACTR2___ATXN2L_unrelaxed_rank_001_alphafold2_multimer_v3_model_3_seed_000.pdb
ACTR2___ATXN2L,2,4,A,B,0.0000,0.0,0.0,0.0000,0.3901,0.0000,0.0000,0.0,0.0,0.3900,82.9,22.2,0.380,0,0,0,0,,,,,394,1075,,,,,ACTR2___ATXN2L_unrelaxed_rank_002_alphafold2_multimer_v3_model_4_seed_000.pdb
ACTR2___ATXN2L,3,2,A,B,0.0216,22.6,0.5,0.0000,0.5455,0.0168,0.0278,171.0,3.0,0.3900,86.6,24.2,0.380,124,7,2,2,93.3,46.5,78.2,47.8,394,1075,"[7-11,15,17-20,22,29-32,36,74,79,82,84-86,88-93,98-100,102-109,121-123,125-133,135-136,138,140,143-144,147,149-150,153,157,159,163-164,178,181-182,184-187,189-191,193-194,213-214,216,218,223,258,265,278-285,288,295,300,302,306-308,313-314,316-321,325,344,352,354,356,358-359,362-364,366,372,374-375,377-379]","[542,544-549]","[147,150]",[545-546],ACTR2___ATXN2L_unrelaxed_rank_003_alphafold2_multimer_v3_model_2_seed_000.pdb
ACTR2___ATXN2L,4,1,A,B,0.0162,6.2,0.1,0.0000,0.5526,0.0115,0.0228,13.0,3.0,0.3900,86.6,23.9,0.380,12,4,3,2,87.5,46.7,78.9,44.8,394,1075,"[22,32,129,147-148,150,153,321,360,362,371-372]","[542,545-546,548]","[147,150,360]","[545,548]",ACTR2___ATXN2L_unrelaxed_rank_004_alphafold2_multimer_v3_model_1_seed_000.pdb
ACTR2___ATXN2L,5,5,A,B,0.0000,0.0,0.0,0.0000,0.4827,0.0000,0.0000,0.0,0.0,0.3700,86.7,23.5,0.380,0,0,0,0,,,,,394,1075,,,,,ACTR2___ATXN2L_unrelaxed_rank_005_alphafold2_multimer_v3_model_5_seed_000.pdb
CIP2A___NBN,1,4,A,B,0.0000,0.0,0.0,0.0000,0.4833,0.0000,0.0000,0.0,0.0,0.2500,66.8,45.2,0.420,0,0,0,0,,,,,905,754,,,,,CIP2A___NBN_unrelaxed_rank_001_alphafold2_multimer_v3_model_4_seed_000.pdb
CIP2A___NBN,2,3,A,B,0.0000,0.0,0.0,0.0000,0.4034,0.0000,0.0000,0.0,0.0,0.2200,69.0,44.8,0.420,0,0,0,0,,,,,905,754,,,,,CIP2A___NBN_unrelaxed_rank_002_alphafold2_multimer_v3_model_3_seed_000.pdb
CIP2A___NBN,3,1,A,B,0.0000,0.0,0.0,0.0000,0.3708,0.0000,0.0000,0.0,0.0,0.2100,69.9,45.6,0.420,0,0,0,0,,,,,905,754,,,,,CIP2A___NBN_unrelaxed_rank_003_alphafold2_multimer_v3_model_1_seed_000.pdb
CIP2A___NBN,4,2,A,B,0.0000,0.0,0.0,0.0000,0.4153,0.0000,0.0000,0.0,0.0,0.2000,70.5,46.8,0.420,0,0,0,0,,,,,905,754,,,,,CIP2A___NBN_unrelaxed_rank_004_alphafold2_multimer_v3_model_2_seed_000.pdb
CIP2A___NBN,5,5,A,B,0.0000,0.0,0.0,0.0000,0.2993,0.0000,0.0000,0.0,0.0,0.1900,70.8,45.6,0.420,0,0,0,0,,,,,905,754,,,,,CIP2A___NBN_unrelaxed_rank_005_alphafold2_multimer_v3_model_5_seed_000.pdb
CIP2A___XRN2,1,2,A,B,0.0000,0.0,0.0,0.0000,0.1878,0.0000,0.0000,0.0,0.0,0.1900,66.0,69.2,0.480,0,0,0,0,,,,,905,950,,,,,CIP2A___XRN2_unrelaxed_rank_001_alphafold2_multimer_v3_model_2_seed_000.pdb
CIP2A___XRN2,2,3,A,B,0.0000,0.0,0.0,0.0000,0.1862,0.0000,0.0000,0.0,0.0,0.1900,62.6,67.0,0.470,0,0,0,0,,,,,905,950,,,,,CIP2A___XRN2_unrelaxed_rank_002_alphafold2_multimer_v3_model_3_seed_000.pdb
CIP2A___XRN2,3,4,A,B,0.0000,0.0,0.0,0.0000,0.2039,0.0000,0.0000,0.0,0.0,0.1800,62.1,68.2,0.470,0,0,0,0,,,,,905,950,,,,,CIP2A___XRN2_unrelaxed_rank_003_alphafold2_multimer_v3_model_4_seed_000.pdb
CIP2A___XRN2,4,1,A,B,0.0000,0.0,0.0,0.0000,0.1937,0.0000,0.0000,0.0,0.0,0.1800,63.7,67.0,0.460,0,0,0,0,,,,,905,950,,,,,CIP2A___XRN2_unrelaxed_rank_004_alphafold2_multimer_v3_model_1_seed_000.pdb
CIP2A___XRN2,5,5,A,B,0.0000,0.0,0.0,0.0000,0.1886,0.0000,0.0000,0.0,0.0,0.1800,64.5,67.9,0.470,0,0,0,0,,,,,905,950,,,,,CIP2A___XRN2_unrelaxed_rank_005_alphafold2_multimer_v3_model_5_seed_000.pdb
EPB41___PSMA2,1,1,A,B,0.1553,208.4,32.4,0.0212,0.6413,0.1166,0.2068,1010.0,43.0,0.6100,48.1,79.1,0.400,8,183,6,12,41.9,86.8,44.4,87.9,864,234,[663-670],"[25-49,64-73,75-122,129-199,203,205-232]",[664-669],"[39,146,156-161,171,174-175,178]",EPB41___PSMA2_unrelaxed_rank_001_alphafold2_multimer_v3_model_1_seed_000.pdb
EPB41___PSMA2,2,4,A,B,0.1565,167.8,26.3,0.0209,0.6999,0.1073,0.2283,853.0,33.0,0.6100,45.6,76.4,0.400,7,178,5,11,46.8,85.1,50.0,88.3,864,234,[663-669],"[25,27-29,31-50,63-121,128-132,134-197,199,205,207-230]",[664-668],"[39,146,156-161,171,175,178]",EPB41___PSMA2_unrelaxed_rank_002_alphafold2_multimer_v3_model_4_seed_000.pdb
EPB41___PSMA2,3,5,A,B,0.1440,185.8,26.7,0.0187,0.7134,0.1076,0.1925,986.0,35.0,0.6000,47.8,81.4,0.390,7,179,6,12,47.2,88.4,49.0,91.6,864,234,[663-669],"[25,27-30,33-49,64-124,128-140,142-196,203,205,207-232]",[664-669],"[39,146,156-161,171,174-175,178]",EPB41___PSMA2_unrelaxed_rank_003_alphafold2_multimer_v3_model_5_seed_000.pdb
EPB41___PSMA2,4,2,A,B,0.1262,127.4,16.1,0.0268,0.6141,0.0882,0.1805,624.0,26.0,0.5800,47.7,84.2,0.410,8,168,5,10,47.3,91.4,53.6,92.3,864,234,[662-669],"[21-23,25-30,33-49,64-73,75,77-82,84-120,130,132-139,142-164,166-196,207-231]",[664-668],"[39,146,156-159,161,171,174-175]",EPB41___PSMA2_unrelaxed_rank_004_alphafold2_multimer_v3_model_2_seed_000.pdb
EPB41___PSMA2,5,3,A,B,0.0000,0.0,0.0,0.0000,0.2133,0.0000,0.0000,0.0,0.0,0.2200,47.8,79.3,0.390,0,0,0,0,,,,,864,234,,,,,EPB41___PSMA2_unrelaxed_rank_005_alphafold2_multimer_v3_model_3_seed_000.pdb
GNAI3___ALDH1L2,1,4,A,B,0.0000,0.0,0.0,0.0000,0.1612,0.0000,0.0000,0.0,0.0,0.1800,76.6,87.5,0.490,0,0,0,0,,,,,354,923,,,,,GNAI3___ALDH1L2_unrelaxed_rank_001_alphafold2_multimer_v3_model_4_seed_000.pdb
GNAI3___ALDH1L2,2,2,A,B,0.0000,0.0,0.0,0.0000,0.1473,0.0000,0.0000,0.0,0.0,0.1600,73.6,87.4,0.490,0,0,0,0,,,,,354,923,,,,,GNAI3___ALDH1L2_unrelaxed_rank_002_alphafold2_multimer_v3_model_2_seed_000.pdb
GNAI3___ALDH1L2,3,1,A,B,0.0000,0.0,0.0,0.0000,0.1607,0.0000,0.0000,0.0,0.0,0.1600,75.7,87.5,0.480,0,0,0,0,,,,,354,923,,,,,GNAI3___ALDH1L2_unrelaxed_rank_003_alphafold2_multimer_v3_model_1_seed_000.pdb
GNAI3___ALDH1L2,4,3,A,B,0.0000,0.0,0.0,0.0000,0.1386,0.0000,0.0000,0.0,0.0,0.1400,81.0,87.6,0.490,0,0,0,0,,,,,354,923,,,,,GNAI3___ALDH1L2_unrelaxed_rank_004_alphafold2_multimer_v3_model_3_seed_000.pdb
GNAI3___ALDH1L2,5,5,A,B,0.0000,0.0,0.0,0.0000,0.1410,0.0000,0.0000,0.0,0.0,0.1400,80.6,87.4,0.490,0,0,0,0,,,,,354,923,,,,,GNAI3___ALDH1L2_unrelaxed_rank_005_alphafold2_multimer_v3_model_5_seed_000.pdb
MARS2___XPNPEP1,1,3,A,B,0.0000,0.0,0.0,0.0000,0.1535,0.0000,0.0000,0.0,0.0,0.1700,83.4,92.8,0.560,0,0,0,0,,,,,593,623,,,,,MARS2___XPNPEP1_unrelaxed_rank_001_alphafold2_multimer_v3_model_3_seed_000.pdb
MARS2___XPNPEP1,2,5,A,B,0.0000,0.0,0.0,0.0000,0.1491,0.0000,0.0000,0.0,0.0,0.1700,83.6,93.0,0.560,0,0,0,0,,,,,593,623,,,,,MARS2___XPNPEP1_unrelaxed_rank_002_alphafold2_multimer_v3_model_5_seed_000.pdb
MARS2___XPNPEP1,3,4,A,B,0.0000,0.0,0.0,0.0000,0.1559,0.0000,0.0000,0.0,0.0,0.1700,83.3,92.3,0.560,0,0,0,0,,,,,593,623,,,,,MARS2___XPNPEP1_unrelaxed_rank_003_alphafold2_multimer_v3_model_4_seed_000.pdb
MARS2___XPNPEP1,4,1,A,B,0.0000,0.0,0.0,0.0000,0.1467,0.0000,0.0000,0.0,0.0,0.1600,83.4,92.9,0.550,0,0,0,0,,,,,593,623,,,,,MARS2___XPNPEP1_unrelaxed_rank_004_alphafold2_multimer_v3_model_1_seed_000.pdb
MARS2___XPNPEP1,5,2,A,B,0.0000,0.0,0.0,0.0000,0.1375,0.0000,0.0000,0.0,0.0,0.1500,83.3,93.0,0.540,0,0,0,0,,,,,593,623,,,,,MARS2___XPNPEP1_unrelaxed_rank_005_alphafold2_multimer_v3_model_2_seed_000.pdb
MRPL12___ASPH,1,3,A,B,0.0000,0.0,0.0,0.0000,0.3355,0.0000,0.0000,0.0,0.0,0.2200,39.8,61.6,0.500,0,0,0,0,,,,,198,758,,,,,MRPL12___ASPH_unrelaxed_rank_001_alphafold2_multimer_v3_model_3_seed_000.pdb
MRPL12___ASPH,2,4,A,B,0.0000,0.0,0.0,0.0000,0.3454,0.0000,0.0000,0.0,0.0,0.2000,39.2,62.0,0.500,0,0,0,0,,,,,198,758,,,,,MRPL12___ASPH_unrelaxed_rank_002_alphafold2_multimer_v3_model_4_seed_000.pdb
MRPL12___ASPH,3,5,A,B,0.0000,0.0,0.0,0.0000,0.3206,0.0000,0.0000,0.0,0.0,0.2000,38.5,61.8,0.490,0,0,0,0,,,,,198,758,,,,,MRPL12___ASPH_unrelaxed_rank_003_alphafold2_multimer_v3_model_5_seed_000.pdb
MRPL12___ASPH,4,1,A,B,0.0000,0.0,0.0,0.0000,0.3551,0.0000,0.0000,0.0,0.0,0.1900,38.3,63.2,0.490,0,0,0,0,,,,,198,758,,,,,MRPL12___ASPH_unrelaxed_rank_004_alphafold2_multimer_v3_model_1_seed_000.pdb
MRPL12___ASPH,5,2,A,B,0.0000,0.0,0.0,0.0000,0.1859,0.0000,0.0000,0.0,0.0,0.1600,42.5,63.6,0.490,0,0,0,0,,,,,198,758,,,,,MRPL12___ASPH_unrelaxed_rank_005_alphafold2_multimer_v3_model_2_seed_000.pdb
MRPL12___MRPL15,1,4,A,B,0.0000,0.0,0.0,0.0000,0.1147,0.0000,0.0000,0.0,0.0,0.1000,49.9,74.4,0.430,0,0,0,0,,,,,198,296,,,,,MRPL12___MRPL15_unrelaxed_rank_001_alphafold2_multimer_v3_model_4_seed_000.pdb
MRPL12___MRPL15,2,3,A,B,0.0000,0.0,0.0,0.0000,0.0922,0.0000,0.0000,0.0,0.0,0.0900,49.4,74.5,0.440,0,0,0,0,,,,,198,296,,,,,MRPL12___MRPL15_unrelaxed_rank_002_alphafold2_multimer_v3_model_3_seed_000.pdb
MRPL12___MRPL15,3,1,A,B,0.0000,0.0,0.0,0.0000,0.0000,0.0000,0.0000,0.0,0.0,0.0800,50.0,79.2,0.440,0,0,0,0,,,,,198,296,,,,,MRPL12___MRPL15_unrelaxed_rank_003_alphafold2_multimer_v3_model_1_seed_000.pdb
MRPL12___MRPL15,4,5,A,B,0.0000,0.0,0.0,0.0000,0.0790,0.0000,0.0000,0.0,0.0,0.0800,45.9,74.0,0.440,0,0,0,0,,,,,198,296,,,,,MRPL12___MRPL15_unrelaxed_rank_004_alphafold2_multimer_v3_model_5_seed_000.pdb
MRPL12___MRPL15,5,2,A,B,0.0000,0.0,0.0,0.0000,0.0876,0.0000,0.0000,0.0,0.0,0.0800,52.2,76.5,0.430,0,0,0,0,,,,,198,296,,,,,MRPL12___MRPL15_unrelaxed_rank_005_alphafold2_multimer_v3_model_2_seed_000.pdb
MRPL12___PPP1R10,1,1,A,B,0.0000,0.0,0.0,0.0000,0.1542,0.0000,0.0000,0.0,0.0,0.1600,46.4,33.8,0.250,0,0,0,0,,,,,198,940,,,,,MRPL12___PPP1R10_unrelaxed_rank_001_alphafold2_multimer_v3_model_1_seed_000.pdb
MRPL12___PPP1R10,2,3,A,B,0.0000,0.0,0.0,0.0000,0.1629,0.0000,0.0000,0.0,0.0,0.1400,49.1,34.5,0.260,0,0,0,0,,,,,198,940,,,,,MRPL12___PPP1R10_unrelaxed_rank_002_alphafold2_multimer_v3_model_3_seed_000.pdb
MRPL12___PPP1R10,3,2,A,B,0.0000,0.0,0.0,0.0000,0.1561,0.0000,0.0000,0.0,0.0,0.1400,52.7,35.5,0.260,0,0,0,0,,,,,198,940,,,,,MRPL12___PPP1R10_unrelaxed_rank_003_alphafold2_multimer_v3_model_2_seed_000.pdb
MRPL12___PPP1R10,4,5,A,B,0.0000,0.0,0.0,0.0000,0.1288,0.0000,0.0000,0.0,0.0,0.1400,47.0,35.6,0.260,0,0,0,0,,,,,198,940,,,,,MRPL12___PPP1R10_unrelaxed_rank_004_alphafold2_multimer_v3_model_5_seed_000.pdb
MRPL12___PPP1R10,5,4,A,B,0.0000,0.0,0.0,0.0000,0.1221,0.0000,0.0000,0.0,0.0,0.1300,49.4,35.6,0.250,0,0,0,0,,,,,198,940,,,,,MRPL12___PPP1R10_unrelaxed_rank_005_alphafold2_multimer_v3_model_4_seed_000.pdb
NUP107___ACTR2,1,4,A,B,0.0000,0.0,0.0,0.0000,0.1907,0.0000,0.0000,0.0,0.0,0.2400,74.9,84.9,0.590,0,0,0,0,,,,,925,394,,,,,NUP107___ACTR2_unrelaxed_rank_001_alphafold2_multimer_v3_model_4_seed_000.pdb
NUP107___ACTR2,2,3,A,B,0.0000,0.0,0.0,0.0000,0.1991,0.0000,0.0000,0.0,0.0,0.2300,74.3,86.3,0.580,0,0,0,0,,,,,925,394,,,,,NUP107___ACTR2_unrelaxed_rank_002_alphafold2_multimer_v3_model_3_seed_000.pdb
NUP107___ACTR2,3,5,A,B,0.0000,0.0,0.0,0.0000,0.1622,0.0000,0.0000,0.0,0.0,0.2000,74.5,86.9,0.590,0,0,0,0,,,,,925,394,,,,,NUP107___ACTR2_unrelaxed_rank_003_alphafold2_multimer_v3_model_5_seed_000.pdb
NUP107___ACTR2,4,2,A,B,0.0000,0.0,0.0,0.0000,0.1599,0.0000,0.0000,0.0,0.0,0.1900,75.6,88.2,0.580,0,0,0,0,,,,,925,394,,,,,NUP107___ACTR2_unrelaxed_rank_004_alphafold2_multimer_v3_model_2_seed_000.pdb
NUP107___ACTR2,5,1,A,B,0.0000,0.0,0.0,0.0000,0.0000,0.0000,0.0000,0.0,0.0,0.1500,75.5,86.5,0.570,0,0,0,0,,,,,925,394,,,,,NUP107___ACTR2_unrelaxed_rank_005_alphafold2_multimer_v3_model_1_seed_000.pdb
NUP107___GFP,1,4,A,B,0.0000,0.0,0.0,0.0000,0.2779,0.0000,0.0000,0.0,0.0,0.3900,74.0,81.2,0.640,0,0,0,0,,,,,925,238,,,,,NUP107___GFP_unrelaxed_rank_001_alphafold2_multimer_v3_model_4_seed_000.pdb
NUP107___GFP,2,3,A,B,0.0000,0.0,0.0,0.0000,0.1698,0.0000,0.0000,0.0,0.0,0.2300,73.3,82.0,0.620,0,0,0,0,,,,,925,238,,,,,NUP107___GFP_unrelaxed_rank_002_alphafold2_multimer_v3_model_3_seed_000.pdb
NUP107___GFP,3,1,A,B,0.0000,0.0,0.0,0.0000,0.1565,0.0000,0.0000,0.0,0.0,0.1700,74.4,82.5,0.610,0,0,0,0,,,,,925,238,,,,,NUP107___GFP_unrelaxed_rank_003_alphafold2_multimer_v3_model_1_seed_000.pdb
NUP107___GFP,4,5,A,B,0.0000,0.0,0.0,0.0000,0.1486,0.0000,0.0000,0.0,0.0,0.1500,74.1,85.2,0.620,0,0,0,0,,,,,925,238,,,,,NUP107___GFP_unrelaxed_rank_004_alphafold2_multimer_v3_model_5_seed_000.pdb
NUP107___GFP,5,2,A,B,0.0000,0.0,0.0,0.0000,0.1253,0.0000,0.0000,0.0,0.0,0.1400,74.8,85.9,0.600,0,0,0,0,,,,,925,238,,,,,NUP107___GFP_unrelaxed_rank_005_alphafold2_multimer_v3_model_2_seed_000.pdb
PDXDC1___XRN2,1,4,A,B,0.0850,139.2,11.8,0.0139,0.6131,0.0822,0.0879,718.0,27.0,0.4300,66.2,67.9,0.490,248,6,11,5,89.2,45.6,81.1,46.3,788,950,"[121-122,124-126,128-129,136-139,143-144,146-155,173-177,179-186,188-197,200,202,204-206,209,211,214-231,233-240,242-279,286,289-290,292-296,299,302-304,311-314,340-342,344-346,348,352-372,376-377,379,389-394,426-451,453,455-468,470-471,473-496,499-501,503,510,512,519-520,522-523,592]",[945-950],"[181,184,244-247,448-451,455]",[946-950],PDXDC1___XRN2_unrelaxed_rank_001_alphafold2_multimer_v3_model_4_seed_000.pdb
PDXDC1___XRN2,2,5,A,B,0.0229,2.0,0.0,0.0000,0.4186,0.0155,0.0338,4.0,1.0,0.3200,66.2,68.3,0.490,4,1,1,1,84.9,29.1,86.3,29.1,788,950,"[183,446,448,450]",[948],[448],[948],PDXDC1___XRN2_unrelaxed_rank_002_alphafold2_multimer_v3_model_5_seed_000.pdb
PDXDC1___XRN2,3,2,A,B,0.0000,0.0,0.0,0.0000,0.1821,0.0000,0.0000,0.0,0.0,0.1800,67.4,68.8,0.490,0,0,0,0,,,,,788,950,,,,,PDXDC1___XRN2_unrelaxed_rank_003_alphafold2_multimer_v3_model_2_seed_000.pdb
PDXDC1___XRN2,4,3,A,B,0.0000,0.0,0.0,0.0000,0.1739,0.0000,0.0000,0.0,0.0,0.1800,66.6,67.4,0.480,0,0,0,0,,,,,788,950,,,,,PDXDC1___XRN2_unrelaxed_rank_004_alphafold2_multimer_v3_model_3_seed_000.pdb
PDXDC1___XRN2,5,1,A,B,0.0000,0.0,0.0,0.0000,0.1836,0.0000,0.0000,0.0,0.0,0.1700,65.8,67.2,0.470,0,0,0,0,,,,,788,950,,,,,PDXDC1___XRN2_unrelaxed_rank_005_alphafold2_multimer_v3_model_1_seed_000.pdb
PPIB___ACTR2,1,2,A,B,0.0000,0.0,0.0,0.0000,0.1625,0.0000,0.0000,0.0,0.0,0.2100,78.7,89.9,0.640,0,0,0,0,,,,,216,394,,,,,PPIB___ACTR2_unrelaxed_rank_001_alphafold2_multimer_v3_model_2_seed_000.pdb
PPIB___ACTR2,2,5,A,B,0.0000,0.0,0.0,0.0000,0.1355,0.0000,0.0000,0.0,0.0,0.1800,77.7,89.6,0.640,0,0,0,0,,,,,216,394,,,,,PPIB___ACTR2_unrelaxed_rank_002_alphafold2_multimer_v3_model_5_seed_000.pdb
PPIB___ACTR2,3,3,A,B,0.0000,0.0,0.0,0.0000,0.1325,0.0000,0.0000,0.0,0.0,0.1700,77.6,89.4,0.640,0,0,0,0,,,,,216,394,,,,,PPIB___ACTR2_unrelaxed_rank_003_alphafold2_multimer_v3_model_3_seed_000.pdb
PPIB___ACTR2,4,4,A,B,0.0000,0.0,0.0,0.0000,0.1353,0.0000,0.0000,0.0,0.0,0.1700,78.8,89.4,0.630,0,0,0,0,,,,,216,394,,,,,PPIB___ACTR2_unrelaxed_rank_004_alphafold2_multimer_v3_model_4_seed_000.pdb
PPIB___ACTR2,5,1,A,B,0.0000,0.0,0.0,0.0000,0.1023,0.0000,0.0000,0.0,0.0,0.1600,78.8,85.6,0.600,0,0,0,0,,,,,216,394,,,,,PPIB___ACTR2_unrelaxed_rank_005_alphafold2_multimer_v3_model_1_seed_000.pdb
SGPL1___MRPL15,1,3,A,B,0.0000,0.0,0.0,0.0000,0.0000,0.0000,0.0000,0.0,0.0,0.1200,85.8,67.8,0.590,0,0,0,0,,,,,568,296,,,,,SGPL1___MRPL15_unrelaxed_rank_001_alphafold2_multimer_v3_model_3_seed_000.pdb
SGPL1___MRPL15,2,2,A,B,0.0000,0.0,0.0,0.0000,0.1019,0.0000,0.0000,0.0,0.0,0.1200,86.6,68.2,0.600,0,0,0,0,,,,,568,296,,,,,SGPL1___MRPL15_unrelaxed_rank_002_alphafold2_multimer_v3_model_2_seed_000.pdb
SGPL1___MRPL15,3,1,A,B,0.0000,0.0,0.0,0.0000,0.1077,0.0000,0.0000,0.0,0.0,0.1200,87.4,70.2,0.600,0,0,0,0,,,,,568,296,,,,,SGPL1___MRPL15_unrelaxed_rank_003_alphafold2_multimer_v3_model_1_seed_000.pdb
SGPL1___MRPL15,4,4,A,B,0.0000,0.0,0.0,0.0000,0.0000,0.0000,0.0000,0.0,0.0,0.1200,86.3,69.3,0.590,0,0,0,0,,,,,568,296,,,,,SGPL1___MRPL15_unrelaxed_rank_004_alphafold2_multimer_v3_model_4_seed_000.pdb
SGPL1___MRPL15,5,5,A,B,0.0000,0.0,0.0,0.0000,0.1056,0.0000,0.0000,0.0,0.0,0.1100,84.7,68.9,0.580,0,0,0,0,,,,,568,296,,,,,SGPL1___MRPL15_unrelaxed_rank_005_alphafold2_multimer_v3_model_5_seed_000.pdb
SGPL1___PSMA2,1,1,A,B,0.0000,0.0,0.0,0.0000,0.1350,0.0000,0.0000,0.0,0.0,0.1500,87.2,82.6,0.640,0,0,0,0,,,,,568,234,,,,,SGPL1___PSMA2_unrelaxed_rank_001_alphafold2_multimer_v3_model_1_seed_000.pdb
SGPL1___PSMA2,2,2,A,B,0.0000,0.0,0.0,0.0000,0.1145,0.0000,0.0000,0.0,0.0,0.1300,87.0,85.4,0.630,0,0,0,0,,,,,568,234,,,,,SGPL1___PSMA2_unrelaxed_rank_002_alphafold2_multimer_v3_model_2_seed_000.pdb
SGPL1___PSMA2,3,4,A,B,0.0000,0.0,0.0,0.0000,0.0000,0.0000,0.0000,0.0,0.0,0.1300,85.9,80.4,0.640,0,0,0,0,,,,,568,234,,,,,SGPL1___PSMA2_unrelaxed_rank_003_alphafold2_multimer_v3_model_4_seed_000.pdb
SGPL1___PSMA2,4,3,A,B,0.0000,0.0,0.0,0.0000,0.0000,0.0000,0.0000,0.0,0.0,0.1200,85.5,81.6,0.630,0,0,0,0,,,,,568,234,,,,,SGPL1___PSMA2_unrelaxed_rank_004_alphafold2_multimer_v3_model_3_seed_000.pdb
SGPL1___PSMA2,5,5,A,B,0.0000,0.0,0.0,0.0000,0.1047,0.0000,0.0000,0.0,0.0,0.1200,85.0,81.1,0.620,0,0,0,0,,,,,568,234,,,,,SGPL1___PSMA2_unrelaxed_rank_005_alphafold2_multimer_v3_model_5_seed_000.pdb
SGPL1___SNRPC,1,3,A,B,0.0000,0.0,0.0,0.0000,0.1574,0.0000,0.0000,0.0,0.0,0.1900,87.0,33.0,0.690,0,0,0,0,,,,,568,159,,,,,SGPL1___SNRPC_unrelaxed_rank_001_alphafold2_multimer_v3_model_3_seed_000.pdb
SGPL1___SNRPC,2,1,A,B,0.0000,0.0,0.0,0.0000,0.1571,0.0000,0.0000,0.0,0.0,0.1700,87.9,31.7,0.690,0,0,0,0,,,,,568,159,,,,,SGPL1___SNRPC_unrelaxed_rank_002_alphafold2_multimer_v3_model_1_seed_000.pdb
SGPL1___SNRPC,3,4,A,B,0.0000,0.0,0.0,0.0000,0.1307,0.0000,0.0000,0.0,0.0,0.1300,87.5,28.2,0.690,0,0,0,0,,,,,568,159,,,,,SGPL1___SNRPC_unrelaxed_rank_003_alphafold2_multimer_v3_model_4_seed_000.pdb
SGPL1___SNRPC,4,2,A,B,0.0000,0.0,0.0,0.0000,0.1182,0.0000,0.0000,0.0,0.0,0.1300,87.7,30.3,0.690,0,0,0,0,,,,,568,159,,,,,SGPL1___SNRPC_unrelaxed_rank_004_alphafold2_multimer_v3_model_2_seed_000.pdb
SGPL1___SNRPC,5,5,A,B,0.0000,0.0,0.0,0.0000,0.1158,0.0000,0.0000,0.0,0.0,0.1300,86.2,28.5,0.680,0,0,0,0,,,,,568,159,,,,,SGPL1___SNRPC_unrelaxed_rank_005_alphafold2_multimer_v3_model_5_seed_000.pdb
SNRPC___EPB41,1,3,A,B,0.0857,61.0,5.2,0.0142,0.4871,0.0700,0.1049,143.0,26.0,0.2600,28.8,50.4,0.410,30,13,9,7,50.6,46.2,51.2,46.3,159,864,"[4-11,13,20-25,28-42]","[659-668,671,689,692]","[4,7-8,25,30-31,34-35,38]","[660-661,663-664,667-668,692]",SNRPC___EPB41_unrelaxed_rank_001_alphafold2_multimer_v3_model_3_seed_000.pdb
SNRPC___EPB41,2,1,A,B,0.0000,0.0,0.0,0.0000,0.2633,0.0000,0.0000,0.0,0.0,0.1700,26.4,50.2,0.410,0,0,0,0,,,,,159,864,,,,,SNRPC___EPB41_unrelaxed_rank_002_alphafold2_multimer_v3_model_1_seed_000.pdb
SNRPC___EPB41,3,4,A,B,0.0000,0.0,0.0,0.0000,0.2465,0.0000,0.0000,0.0,0.0,0.1700,29.2,48.7,0.410,0,0,0,0,,,,,159,864,,,,,SNRPC___EPB41_unrelaxed_rank_003_alphafold2_multimer_v3_model_4_seed_000.pdb
SNRPC___EPB41,4,5,A,B,0.0000,0.0,0.0,0.0000,0.2114,0.0000,0.0000,0.0,0.0,0.1700,29.1,49.1,0.410,0,0,0,0,,,,,159,864,,,,,SNRPC___EPB41_unrelaxed_rank_004_alphafold2_multimer_v3_model_5_seed_000.pdb
SNRPC___EPB41,5,2,A,B,0.0000,0.0,0.0,0.0000,0.2117,0.0000,0.0000,0.0,0.0,0.1700,28.8,48.5,0.410,0,0,0,0,,,,,159,864,,,,,SNRPC___EPB41_unrelaxed_rank_005_alphafold2_multimer_v3_model_2_seed_000.pdb
TXLNA___EPB41,1,1,A,B,0.0000,0.0,0.0,0.0000,0.1461,0.0000,0.0000,0.0,0.0,0.1600,39.6,49.9,0.350,0,0,0,0,,,,,546,864,,,,,TXLNA___EPB41_unrelaxed_rank_001_alphafold2_multimer_v3_model_1_seed_000.pdb
TXLNA___EPB41,2,5,A,B,0.0000,0.0,0.0,0.0000,0.1314,0.0000,0.0000,0.0,0.0,0.1600,51.9,48.6,0.350,0,0,0,0,,,,,546,864,,,,,TXLNA___EPB41_unrelaxed_rank_002_alphafold2_multimer_v3_model_5_seed_000.pdb
TXLNA___EPB41,3,2,A,B,0.0000,0.0,0.0,0.0000,0.1522,0.0000,0.0000,0.0,0.0,0.1500,43.8,50.4,0.350,0,0,0,0,,,,,546,864,,,,,TXLNA___EPB41_unrelaxed_rank_003_alphafold2_multimer_v3_model_2_seed_000.pdb
TXLNA___EPB41,4,3,A,B,0.0000,0.0,0.0,0.0000,0.1404,0.0000,0.0000,0.0,0.0,0.1500,54.0,49.3,0.340,0,0,0,0,,,,,546,864,,,,,TXLNA___EPB41_unrelaxed_rank_004_alphafold2_multimer_v3_model_3_seed_000.pdb
TXLNA___EPB41,5,4,A,B,0.0000,0.0,0.0,0.0000,0.1414,0.0000,0.0000,0.0,0.0,0.1500,39.0,47.9,0.340,0,0,0,0,,,,,546,864,,,,,TXLNA___EPB41_unrelaxed_rank_005_alphafold2_multimer_v3_model_4_seed_000.pdb
TXN___PSMA2,1,3,A,B,0.0000,0.0,0.0,0.0000,0.1708,0.0127,0.0000,11.0,0.0,0.1700,84.0,79.1,0.620,8,3,0,0,86.6,91.2,,,105,234,"[25,27,37,55,57,76-77,79]",[133-135],,,TXN___PSMA2_unrelaxed_rank_001_alphafold2_multimer_v3_model_3_seed_000.pdb
TXN___PSMA2,2,4,A,B,0.0000,0.0,0.0,0.0000,0.1174,0.0192,0.0000,80.0,0.0,0.1600,81.9,79.5,0.620,45,4,0,0,82.1,95.3,,,105,234,"[11,23-27,30,36-38,40-44,53-58,60-61,64-65,67-70,76-79,87-90,94-101]","[75,134-136]",,,TXN___PSMA2_unrelaxed_rank_002_alphafold2_multimer_v3_model_4_seed_000.pdb
TXN___PSMA2,3,5,A,B,0.0000,0.0,0.0,0.0000,0.1228,0.0103,0.0000,19.0,0.0,0.1500,82.9,76.1,0.600,16,2,0,0,83.2,90.4,,,105,234,"[25,27-28,30,37,40-41,54-55,57-58,61,77,79,94-95]",[134-135],,,TXN___PSMA2_unrelaxed_rank_003_alphafold2_multimer_v3_model_5_seed_000.pdb
TXN___PSMA2,4,1,A,B,0.0000,0.0,0.0,0.0000,0.1211,0.0000,0.0000,0.0,0.0,0.1500,81.2,79.8,0.620,0,0,0,0,,,,,105,234,,,,,TXN___PSMA2_unrelaxed_rank_004_alphafold2_multimer_v3_model_1_seed_000.pdb
TXN___PSMA2,5,2,A,B,0.0000,0.0,0.0,0.0000,0.1094,0.0000,0.0000,0.0,0.0,0.1400,82.7,79.1,0.610,0,0,0,0,,,,,105,234,,,,,TXN___PSMA2_unrelaxed_rank_005_alphafold2_multimer_v3_model_2_seed_000.pdb
XPNPEP1___SAFB,1,1,A,B,0.0000,0.0,0.0,0.0000,0.3828,0.0000,0.0000,0.0,0.0,0.2200,94.7,27.1,0.480,0,0,0,0,,,,,623,915,,,,,XPNPEP1___SAFB_unrelaxed_rank_001_alphafold2_multimer_v3_model_1_seed_000.pdb
XPNPEP1___SAFB,2,5,A,B,0.0000,0.0,0.0,0.0000,0.2669,0.0000,0.0000,0.0,0.0,0.2200,95.1,27.5,0.480,0,0,0,0,,,,,623,915,,,,,XPNPEP1___SAFB_unrelaxed_rank_002_alphafold2_multimer_v3_model_5_seed_000.pdb
XPNPEP1___SAFB,3,4,A,B,0.0000,0.0,0.0,0.0000,0.1857,0.0000,0.0000,0.0,0.0,0.2000,94.0,25.2,0.480,0,0,0,0,,,,,623,915,,,,,XPNPEP1___SAFB_unrelaxed_rank_003_alphafold2_multimer_v3_model_4_seed_000.pdb
XPNPEP1___SAFB,4,2,A,B,0.0000,0.0,0.0,0.0000,0.2277,0.0000,0.0000,0.0,0.0,0.1900,95.2,28.4,0.480,0,0,0,0,,,,,623,915,,,,,XPNPEP1___SAFB_unrelaxed_rank_004_alphafold2_multimer_v3_model_2_seed_000.pdb
XPNPEP1___SAFB,5,3,A,B,0.0000,0.0,0.0,0.0000,0.1883,0.0000,0.0000,0.0,0.0,0.1900,95.1,27.6,0.480,0,0,0,0,,,,,623,915,,,,,XPNPEP1___SAFB_unrelaxed_rank_005_alphafold2_multimer_v3_model_3_seed_000.pdb
ALDH1L2___PPP1R10,1,1,A,B,0.0000,0.0,0.0,0.0000,0.4054,0.0000,0.0000,0.0,0.0,0.2400,88.8,28.9,0.410,0,0,0,0,,,,,923,940,,,,,ALDH1L2___PPP1R10_unrelaxed_rank_001_alphafold2_multimer_v3_model_1_seed_000.pdb
ALDH1L2___PPP1R10,2,5,A,B,0.0000,0.0,0.0,0.0000,0.3948,0.0000,0.0000,0.0,0.0,0.2300,89.3,28.4,0.410,0,0,0,0,,,,,923,940,,,,,ALDH1L2___PPP1R10_unrelaxed_rank_002_alphafold2_multimer_v3_model_5_seed_000.pdb
ALDH1L2___PPP1R10,3,4,A,B,0.0000,0.0,0.0,0.0000,0.2300,0.0000,0.0000,0.0,0.0,0.1900,88.4,29.2,0.410,0,0,0,0,,,,,923,940,,,,,ALDH1L2___PPP1R10_unrelaxed_rank_003_alphafold2_multimer_v3_model_4_seed_000.pdb
ALDH1L2___PPP1R10,4,3,A,B,0.0000,0.0,0.0,0.0000,0.2020,0.0000,0.0000,0.0,0.0,0.1900,88.8,29.9,0.420,0,0,0,0,,,,,923,940,,,,,ALDH1L2___PPP1R10_unrelaxed_rank_004_alphafold2_multimer_v3_model_3_seed_000.pdb
ALDH1L2___PPP1R10,5,2,A,B,0.0000,0.0,0.0,0.0000,0.2221,0.0000,0.0000,0.0,0.0,0.1800,90.5,29.0,0.420,0,0,0,0,,,,,923,940,,,,,ALDH1L2___PPP1R10_unrelaxed_rank_005_alphafold2_multimer_v3_model_2_seed_000.pdb
CIP2A___EPB41,1,2,A,B,0.0397,58.1,2.3,0.0000,0.6122,0.0393,0.0402,337.0,10.0,0.3100,69.2,46.6,0.410,127,9,8,4,90.3,45.4,82.9,45.1,905,864,"[76,120,122-128,143-148,161-163,165-170,173-174,176-179,181,186-199,202-206,208-209,211-213,215-216,230-243,249-250,252-273,276,278-285,287-288,297-307,309-317,369]","[658-665,667]","[194-195,197-198,230,233-234,237]","[659-661,664]",CIP2A___EPB41_unrelaxed_rank_001_alphafold2_multimer_v3_model_2_seed_000.pdb
CIP2A___EPB41,2,4,A,B,0.0359,55.4,2.0,0.0115,0.5876,0.0320,0.0404,384.0,8.0,0.2500,67.7,44.5,0.420,174,6,7,3,89.8,35.0,81.5,37.2,905,864,"[76-77,103-104,119-124,126-128,141,143-151,160-170,173-182,186-187,189-198,201-215,231-243,249-274,276-278,280-281,283-285,294,296-317,344-348,360-366,368-374,414-417,419-423,425-426,482,484-485]",[659-664],"[198,205,233,236-237,240-241]","[661,663-664]",CIP2A___EPB41_unrelaxed_rank_002_alphafold2_multimer_v3_model_4_seed_000.pdb
CIP2A___EPB41,3,1,A,B,0.0133,3.5,0.0,0.0000,0.5647,0.0120,0.0147,4.0,3.0,0.2400,68.2,45.2,0.410,4,1,3,1,82.8,35.4,80.4,35.4,905,864,"[194,233,237,285]",[660],"[194,233,237]",[660],CIP2A___EPB41_unrelaxed_rank_003_alphafold2_multimer_v3_model_1_seed_000.pdb
CIP2A___EPB41,4,3,A,B,0.0000,0.0,0.0,0.0000,0.4420,0.0000,0.0000,0.0,0.0,0.2200,68.2,46.2,0.410,0,0,0,0,,,,,905,864,,,,,CIP2A___EPB41_unrelaxed_rank_004_alphafold2_multimer_v3_model_3_seed_000.pdb
CIP2A___EPB41,5,5,A,B,0.0000,0.0,0.0,0.0000,0.5372,0.0000,0.0000,0.0,0.0,0.2200,71.0,45.2,0.410,0,0,0,0,,,,,905,864,,,,,CIP2A___EPB41_unrelaxed_rank_005_alphafold2_multimer_v3_model_5_seed_000.pdb
CIP2A___PSMA4,1,1,A,B,0.0000,0.0,0.0,0.0000,0.1856,0.0000,0.0000,0.0,0.0,0.2100,72.2,72.8,0.510,0,0,0,0,,,,,905,261,,,,,CIP2A___PSMA4_unrelaxed_rank_001_alphafold2_multimer_v3_model_1_seed_000.pdb
CIP2A___PSMA4,2,3,A,B,0.0000,0.0,0.0,0.0000,0.1713,0.0000,0.0000,0.0,0.0,0.2000,68.8,70.8,0.510,0,0,0,0,,,,,905,261,,,,,CIP2A___PSMA4_unrelaxed_rank_002_alphafold2_multimer_v3_model_3_seed_000.pdb
CIP2A___PSMA4,3,4,A,B,0.0000,0.0,0.0,0.0000,0.1702,0.0000,0.0000,0.0,0.0,0.1900,67.3,72.1,0.510,0,0,0,0,,,,,905,261,,,,,CIP2A___PSMA4_unrelaxed_rank_003_alphafold2_multimer_v3_model_4_seed_000.pdb
CIP2A___PSMA4,4,5,A,B,0.0000,0.0,0.0,0.0000,0.1472,0.0000,0.0000,0.0,0.0,0.1600,72.0,71.7,0.510,0,0,0,0,,,,,905,261,,,,,CIP2A___PSMA4_unrelaxed_rank_004_alphafold2_multimer_v3_model_5_seed_000.pdb
CIP2A___PSMA4,5,2,A,B,0.0000,0.0,0.0,0.0000,0.0000,0.0000,0.0000,0.0,0.0,0.1600,72.6,81.3,0.500,0,0,0,0,,,,,905,261,,,,,CIP2A___PSMA4_unrelaxed_rank_005_alphafold2_multimer_v3_model_2_seed_000.pdb
EDC3___MRPL15,1,5,A,B,0.1126,658.7,74.2,0.1011,0.5583,0.0838,0.1515,12398.0,35.0,0.4700,63.7,72.5,0.510,237,185,11,9,92.0,91.8,80.0,85.2,508,296,"[261-262,269-414,417-447,450-507]","[92-197,199-207,209-224,228-278,282-284]","[321-322,324-325,332-333,402-403,405,436-437]","[99,103,106-109,123-125]",EDC3___MRPL15_unrelaxed_rank_001_alphafold2_multimer_v3_model_5_seed_000.pdb
EDC3___MRPL15,2,4,A,B,0.0000,0.0,0.0,0.0000,0.2898,0.0000,0.0000,0.0,0.0,0.2300,62.8,71.3,0.380,0,0,0,0,,,,,508,296,,,,,EDC3___MRPL15_unrelaxed_rank_002_alphafold2_multimer_v3_model_4_seed_000.pdb
EDC3___MRPL15,3,2,A,B,0.0000,0.0,0.0,0.0000,0.1939,0.0000,0.0000,0.0,0.0,0.1400,62.6,70.6,0.380,0,0,0,0,,,,,508,296,,,,,EDC3___MRPL15_unrelaxed_rank_003_alphafold2_multimer_v3_model_2_seed_000.pdb
EDC3___MRPL15,4,1,A,B,0.0000,0.0,0.0,0.0000,0.1203,0.0000,0.0000,0.0,0.0,0.1300,63.3,72.8,0.380,0,0,0,0,,,,,508,296,,,,,EDC3___MRPL15_unrelaxed_rank_004_alphafold2_multimer_v3_model_1_seed_000.pdb
EDC3___MRPL15,5,3,A,B,0.0000,0.0,0.0,0.0000,0.1282,0.0000,0.0000,0.0,0.0,0.1100,61.1,70.7,0.380,0,0,0,0,,,,,508,296,,,,,EDC3___MRPL15_unrelaxed_rank_005_alphafold2_multimer_v3_model_3_seed_000.pdb
GNAI3___EPB41,1,1,A,B,0.2485,684.0,170.0,0.1963,0.8060,0.1612,0.3831,7427.0,63.0,0.6400,80.5,47.3,0.410,316,50,14,12,84.7,58.2,72.4,61.9,354,864,"[30-112,115-347]","[692,785-786,794-807,813-824,834,836-838,840-848,850-857]","[54,58,182-189,209-210,213-214]","[786,796-803,805,816,844]",GNAI3___EPB41_unrelaxed_rank_001_alphafold2_multimer_v3_model_1_seed_000.pdb
GNAI3___EPB41,2,2,A,B,0.0000,0.0,0.0,0.0000,0.3419,0.0000,0.0000,0.0,0.0,0.3100,84.4,45.6,0.390,0,0,0,0,,,,,354,864,,,,,GNAI3___EPB41_unrelaxed_rank_002_alphafold2_multimer_v3_model_2_seed_000.pdb
GNAI3___EPB41,3,3,A,B,0.0000,0.0,0.0,0.0000,0.2905,0.0000,0.0000,0.0,0.0,0.2800,81.9,46.6,0.380,0,0,0,0,,,,,354,864,,,,,GNAI3___EPB41_unrelaxed_rank_003_alphafold2_multimer_v3_model_3_seed_000.pdb
GNAI3___EPB41,4,4,A,B,0.0000,0.0,0.0,0.0000,0.2610,0.0000,0.0000,0.0,0.0,0.2200,77.8,44.0,0.380,0,0,0,0,,,,,354,864,,,,,GNAI3___EPB41_unrelaxed_rank_004_alphafold2_multimer_v3_model_4_seed_000.pdb
GNAI3___EPB41,5,5,A,B,0.0000,0.0,0.0,0.0000,0.1910,0.0000,0.0000,0.0,0.0,0.2200,81.3,45.5,0.390,0,0,0,0,,,,,354,864,,,,,GNAI3___EPB41_unrelaxed_rank_005_alphafold2_multimer_v3_model_5_seed_000.pdb
GNAI3___NUP107,1,1,A,B,0.0000,0.0,0.0,0.0000,0.2972,0.0000,0.0000,0.0,0.0,0.2400,77.4,75.6,0.610,0,0,0,0,,,,,354,925,,,,,GNAI3___NUP107_unrelaxed_rank_001_alphafold2_multimer_v3_model_1_seed_000.pdb
GNAI3___NUP107,2,2,A,B,0.0000,0.0,0.0,0.0000,0.1920,0.0000,0.0000,0.0,0.0,0.2100,83.3,75.5,0.590,0,0,0,0,,,,,354,925,,,,,GNAI3___NUP107_unrelaxed_rank_002_alphafold2_multimer_v3_model_2_seed_000.pdb
GNAI3___NUP107,3,3,A,B,0.0000,0.0,0.0,0.0000,0.1613,0.0000,0.0000,0.0,0.0,0.2000,82.2,73.9,0.580,0,0,0,0,,,,,354,925,,,,,GNAI3___NUP107_unrelaxed_rank_003_alphafold2_multimer_v3_model_3_seed_000.pdb
GNAI3___NUP107,4,5,A,B,0.0000,0.0,0.0,0.0000,0.1711,0.0000,0.0000,0.0,0.0,0.2000,82.9,74.5,0.590,0,0,0,0,,,,,354,925,,,,,GNAI3___NUP107_unrelaxed_rank_004_alphafold2_multimer_v3_model_5_seed_000.pdb
GNAI3___NUP107,5,4,A,B,0.0000,0.0,0.0,0.0000,0.1484,0.0000,0.0000,0.0,0.0,0.1900,77.3,74.0,0.580,0,0,0,0,,,,,354,925,,,,,GNAI3___NUP107_unrelaxed_rank_005_alphafold2_multimer_v3_model_4_seed_000.pdb
GNAS___XPNPEP1,1,5,A,B,0.0000,0.0,0.0,0.0000,0.5097,0.0124,0.0000,55.0,0.0,0.3000,39.6,93.5,0.480,2,54,0,0,28.0,94.5,,,1037,623,"[534,536]","[16,108,134-135,151,171,176-180,183-184,206,208,211,222-223,247,250,271,274-275,278,302,322-325,328,332,335,375,421,441,458-459,478,489,491,520,542-544,559-560,562,592,595,599,603,608,611-612]",,,GNAS___XPNPEP1_unrelaxed_rank_001_alphafold2_multimer_v3_model_5_seed_000.pdb
GNAS___XPNPEP1,2,2,A,B,0.0000,0.0,0.0,0.0000,0.4063,0.0000,0.0000,0.0,0.0,0.2700,38.5,92.8,0.460,0,0,0,0,,,,,1037,623,,,,,GNAS___XPNPEP1_unrelaxed_rank_002_alphafold2_multimer_v3_model_2_seed_000.pdb
GNAS___XPNPEP1,3,3,A,B,0.0000,0.0,0.0,0.0000,0.4022,0.0000,0.0000,0.0,0.0,0.2400,38.5,93.0,0.470,0,0,0,0,,,,,1037,623,,,,,GNAS___XPNPEP1_unrelaxed_rank_003_alphafold2_multimer_v3_model_3_seed_000.pdb
GNAS___XPNPEP1,4,4,A,B,0.0000,0.0,0.0,0.0000,0.3741,0.0000,0.0000,0.0,0.0,0.2400,36.6,92.7,0.470,0,0,0,0,,,,,1037,623,,,,,GNAS___XPNPEP1_unrelaxed_rank_004_alphafold2_multimer_v3_model_4_seed_000.pdb
GNAS___XPNPEP1,5,1,A,B,0.0000,0.0,0.0,0.0000,0.1914,0.0000,0.0000,0.0,0.0,0.1800,35.9,92.9,0.460,0,0,0,0,,,,,1037,623,,,,,GNAS___XPNPEP1_unrelaxed_rank_005_alphafold2_multimer_v3_model_1_seed_000.pdb
MARS2___TXLNA,1,4,A,B,0.0000,0.0,0.0,0.0000,0.2057,0.0000,0.0000,0.0,0.0,0.1500,87.6,35.4,0.530,0,0,0,0,,,,,593,546,,,,,MARS2___TXLNA_unrelaxed_rank_001_alphafold2_multimer_v3_model_4_seed_000.pdb
MARS2___TXLNA,2,5,A,B,0.0000,0.0,0.0,0.0000,0.0000,0.0000,0.0000,0.0,0.0,0.1500,87.4,44.4,0.530,0,0,0,0,,,,,593,546,,,,,MARS2___TXLNA_unrelaxed_rank_002_alphafold2_multimer_v3_model_5_seed_000.pdb
MARS2___TXLNA,3,3,A,B,0.0000,0.0,0.0,0.0000,0.0000,0.0000,0.0000,0.0,0.0,0.1500,87.5,46.1,0.520,0,0,0,0,,,,,593,546,,,,,MARS2___TXLNA_unrelaxed_rank_003_alphafold2_multimer_v3_model_3_seed_000.pdb
MARS2___TXLNA,4,1,A,B,0.0000,0.0,0.0,0.0000,0.1503,0.0000,0.0000,0.0,0.0,0.1400,87.4,39.2,0.530,0,0,0,0,,,,,593,546,,,,,MARS2___TXLNA_unrelaxed_rank_004_alphafold2_multimer_v3_model_1_seed_000.pdb
MARS2___TXLNA,5,2,A,B,0.0000,0.0,0.0,0.0000,0.0000,0.0000,0.0000,0.0,0.0,0.1400,87.5,42.4,0.520,0,0,0,0,,,,,593,546,,,,,MARS2___TXLNA_unrelaxed_rank_005_alphafold2_multimer_v3_model_2_seed_000.pdb
NBN___PDXDC1,1,1,A,B,0.0259,33.2,0.9,0.0000,0.5490,0.0195,0.0343,220.0,5.0,0.2900,46.1,70.0,0.450,11,85,4,5,40.8,91.6,42.2,86.3,754,788,[692-702],"[117-130,138-139,149,219,224,239,250,253,259-260,266-267,269,272-273,275-276,278-280,283,286,289,296,302-303,311-312,340-341,343-346,348-357,359-370,389-391,457-458,462-463,465,470,474-476,478-480]","[695,697,699-700]","[279-280,351,354,361]",NBN___PDXDC1_unrelaxed_rank_001_alphafold2_multimer_v3_model_1_seed_000.pdb
NBN___PDXDC1,2,2,A,B,0.1606,343.2,55.1,0.0187,0.7482,0.1396,0.1848,1931.0,61.0,0.2900,46.4,72.6,0.450,244,9,19,9,88.2,50.2,84.5,50.2,754,788,"[2-6,16-27,33,44,46-51,64-70,76-78,89-93,95-99,105-205,210-213,215-254,262-273,283,286-326]",[780-788],"[117-122,125,156-160,162,237-238,307-308,310-311]",[780-788],NBN___PDXDC1_unrelaxed_rank_002_alphafold2_multimer_v3_model_2_seed_000.pdb
NBN___PDXDC1,3,5,A,B,0.0000,0.0,0.0,0.0000,0.2141,0.0000,0.0000,0.0,0.0,0.1900,45.6,70.2,0.450,0,0,0,0,,,,,754,788,,,,,NBN___PDXDC1_unrelaxed_rank_003_alphafold2_multimer_v3_model_5_seed_000.pdb
NBN___PDXDC1,4,3,A,B,0.0000,0.0,0.0,0.0000,0.2130,0.0000,0.0000,0.0,0.0,0.1800,45.0,70.8,0.450,0,0,0,0,,,,,754,788,,,,,NBN___PDXDC1_unrelaxed_rank_004_alphafold2_multimer_v3_model_3_seed_000.pdb
NBN___PDXDC1,5,4,A,B,0.0000,0.0,0.0,0.0000,0.1533,0.0000,0.0000,0.0,0.0,0.1700,45.1,70.3,0.450,0,0,0,0,,,,,754,788,,,,,NBN___PDXDC1_unrelaxed_rank_005_alphafold2_multimer_v3_model_4_seed_000.pdb
PDXDC1___GFP,1,2,A,B,0.0000,0.0,0.0,0.0000,0.1576,0.0000,0.0000,0.0,0.0,0.1800,70.5,85.7,0.580,0,0,0,0,,,,,788,238,,,,,PDXDC1___GFP_unrelaxed_rank_001_alphafold2_multimer_v3_model_2_seed_000.pdb
PDXDC1___GFP,2,3,A,B,0.0000,0.0,0.0,0.0000,0.1440,0.0000,0.0000,0.0,0.0,0.1700,69.6,85.2,0.580,0,0,0,0,,,,,788,238,,,,,PDXDC1___GFP_unrelaxed_rank_002_alphafold2_multimer_v3_model_3_seed_000.pdb
PDXDC1___GFP,3,1,A,B,0.0000,0.0,0.0,0.0000,0.1616,0.0000,0.0000,0.0,0.0,0.1700,69.4,84.1,0.560,0,0,0,0,,,,,788,238,,,,,PDXDC1___GFP_unrelaxed_rank_003_alphafold2_multimer_v3_model_1_seed_000.pdb
PDXDC1___GFP,4,4,A,B,0.0000,0.0,0.0,0.0000,0.1481,0.0000,0.0000,0.0,0.0,0.1500,69.8,85.2,0.580,0,0,0,0,,,,,788,238,,,,,PDXDC1___GFP_unrelaxed_rank_004_alphafold2_multimer_v3_model_4_seed_000.pdb
PDXDC1___GFP,5,5,A,B,0.0000,0.0,0.0,0.0000,0.1380,0.0000,0.0000,0.0,0.0,0.1500,69.6,86.8,0.580,0,0,0,0,,,,,788,238,,,,,PDXDC1___GFP_unrelaxed_rank_005_alphafold2_multimer_v3_model_5_seed_000.pdb
PDXDC1___XPNPEP1,1,2,A,B,0.0000,0.0,0.0,0.0000,0.2946,0.0000,0.0000,0.0,0.0,0.1900,68.9,92.7,0.500,0,0,0,0,,,,,788,623,,,,,PDXDC1___XPNPEP1_unrelaxed_rank_001_alphafold2_multimer_v3_model_2_seed_000.pdb
PDXDC1___XPNPEP1,2,1,A,B,0.0000,0.0,0.0,0.0000,0.1549,0.0000,0.0000,0.0,0.0,0.1600,67.4,93.3,0.500,0,0,0,0,,,,,788,623,,,,,PDXDC1___XPNPEP1_unrelaxed_rank_002_alphafold2_multimer_v3_model_1_seed_000.pdb
PDXDC1___XPNPEP1,3,4,A,B,0.0000,0.0,0.0,0.0000,0.1605,0.0000,0.0000,0.0,0.0,0.1600,68.5,92.9,0.500,0,0,0,0,,,,,788,623,,,,,PDXDC1___XPNPEP1_unrelaxed_rank_003_alphafold2_multimer_v3_model_4_seed_000.pdb
PDXDC1___XPNPEP1,4,5,A,B,0.0000,0.0,0.0,0.0000,0.1528,0.0000,0.0000,0.0,0.0,0.1500,67.1,93.1,0.500,0,0,0,0,,,,,788,623,,,,,PDXDC1___XPNPEP1_unrelaxed_rank_004_alphafold2_multimer_v3_model_5_seed_000.pdb
PDXDC1___XPNPEP1,5,3,A,B,0.0000,0.0,0.0,0.0000,0.1460,0.0000,0.0000,0.0,0.0,0.1500,68.0,92.9,0.500,0,0,0,0,,,,,788,623,,,,,PDXDC1___XPNPEP1_unrelaxed_rank_005_alphafold2_multimer_v3_model_3_seed_000.pdb
PSMA4___PSMA2,1,2,A,B,0.1192,922.2,109.9,0.0170,0.5107,0.0906,0.1567,7029.0,121.0,0.5300,81.1,85.3,0.700,203,207,36,28,84.1,87.9,78.6,77.0,261,234,"[3-30,33-48,65-69,71-101,103-200,210-219,222-230,232-237]","[7-9,19-41,43-139,143-178,184-197,199-232]","[9-17,108,112,115-116,118-120,122-126,147-148,153-155,157-162,172,176,179,181]","[7,21,24,27-28,31,54-58,61-62,79-82,84-85,88,121,125-131]",PSMA4___PSMA2_unrelaxed_rank_001_alphafold2_multimer_v3_model_2_seed_000.pdb
PSMA4___PSMA2,2,5,A,B,0.1311,674.2,88.4,0.0183,0.5544,0.1103,0.1557,4371.0,104.0,0.5100,80.6,83.8,0.670,180,213,27,32,82.3,86.4,67.3,79.0,261,234,"[4,6-9,18-39,42-70,72-94,96-101,105-139,145-166,168-177,186,188-194,196-199,207,209-217,225,227,233-234,236-237]","[4-50,63-197,199,203-232]","[6-8,19-20,23,26-27,51,54-57,59-60,62,79-82,84,125-129,131]","[10-16,18-19,39,108,112,115,119,122-126,146,153-154,156-161,171,174-175,178]",PSMA4___PSMA2_unrelaxed_rank_002_alphafold2_multimer_v3_model_5_seed_000.pdb
PSMA4___PSMA2,3,1,A,B,0.0802,217.3,17.4,0.0167,0.4140,0.0851,0.0755,2249.0,21.0,0.4800,85.9,86.9,0.670,190,183,10,10,87.7,90.8,76.6,75.1,261,234,"[7-10,12-40,42-46,50,52-98,100-122,124-139,143-165,167-178,186-198,210,213-217,223-225,227-228,232-234,236-238]","[8-48,64-73,75-139,144-177,181,183-195,208-215,217-218,220-223,225-229]","[20,22-23,55,57,125-128,131]","[10,12-14,19,124-126,158-159]",PSMA4___PSMA2_unrelaxed_rank_003_alphafold2_multimer_v3_model_1_seed_000.pdb
PSMA4___PSMA2,4,3,A,B,0.0878,199.5,17.5,0.0141,0.4418,0.0776,0.0993,1137.0,35.0,0.4300,82.3,85.5,0.660,143,178,15,15,85.3,88.2,72.5,75.8,261,234,"[7-20,22-23,25-30,34-35,37-40,42-43,45-46,66-68,72-99,105-139,145-153,155-165,170-171,173-175,177,184,186,188-197,213-217,224-225]","[5,8-10,20-30,33-41,43-48,51-60,64-70,72-94,96-101,104-139,144-176,184-196,207-214,217-218,220-223,225-230]","[9-10,12-13,18,122-127,157-160]","[21,24,27-28,57-58,82,121,124-128,130-131]",PSMA4___PSMA2_unrelaxed_rank_004_alphafold2_multimer_v3_model_3_seed_000.pdb
PSMA4___PSMA2,5,4,A,B,0.0621,76.0,4.7,0.0113,0.3549,0.0505,0.0764,481.0,12.0,0.3900,84.8,85.7,0.620,112,131,6,5,88.0,88.2,72.3,64.2,261,234,"[7-9,14,17,20-21,23,25-26,28-29,34,37,39-40,45-46,68,70-72,75-77,82-83,85-87,89-90,94,97-98,101,105-109,111-118,120-128,130-135,137,139,145-146,148,150-151,154-160,171-175,177-178,186-194,196-198,213-217,223-225,227-228,232-234,236-237]","[6,9,11-13,15-17,19,21,24-36,38,40,43-44,46,48,66-68,70,72-73,76-95,97-99,102,105-107,110-111,113-117,120-121,123-137,144-151,154-162,164-165,169-176,184,186-188,190-192,194,209-210,218,220-221,223,225-227,229]","[23,121,124-126,128]","[6,12,124-126]",PSMA4___PSMA2_unrelaxed_rank_005_alphafold2_multimer_v3_model_4_seed_000.pdb
PSMA4___XPNPEP1,1,3,A,B,0.0069,23.5,0.2,0.0000,0.3941,0.0164,0.0029,551.0,1.0,0.2700,71.8,93.9,0.720,6,246,1,1,32.2,95.5,32.7,92.9,261,623,[2-7],"[6,9-10,12-13,16-17,23,27-33,38,44,46-47,50,52-54,56,62-67,69-73,79-80,83-87,89-94,97-98,100-101,103-111,115-117,119-122,128,133-137,139,141-144,146,149,151-155,166,173,178,181,184-185,188-190,195-200,203-208,210-211,215,221-226,232-234,236-237,247,250,263,268,270-277,279,287-290,294,296-302,306,312-313,315-316,318,321,323,325-326,329-330,332-334,336-337,340-341,344-345,348-349,351-352,357,359,363,366-368,370,373,376,393,404,406,410,413,420,422,424,433,436,440-441,450,454,459,463,468-469,472-474,476-477,481,483,486,489-490,492-494,498-499,501-502,515-520,527-529,533,540,542-543,557-558,571,581,584,588,592-593,596,599,601,603,605,608,611-612,615-616]",[5],[498],PSMA4___XPNPEP1_unrelaxed_rank_001_alphafold2_multimer_v3_model_3_seed_000.pdb
PSMA4___XPNPEP1,2,4,A,B,0.0000,0.0,0.0,0.0000,0.2032,0.0000,0.0000,0.0,0.0,0.2300,70.1,93.3,0.730,0,0,0,0,,,,,261,623,,,,,PSMA4___XPNPEP1_unrelaxed_rank_002_alphafold2_multimer_v3_model_4_seed_000.pdb
PSMA4___XPNPEP1,3,5,A,B,0.0000,0.0,0.0,0.0000,0.1564,0.0000,0.0000,0.0,0.0,0.2100,70.3,93.8,0.720,0,0,0,0,,,,,261,623,,,,,PSMA4___XPNPEP1_unrelaxed_rank_003_alphafold2_multimer_v3_model_5_seed_000.pdb
PSMA4___XPNPEP1,4,1,A,B,0.0000,0.0,0.0,0.0000,0.1947,0.0000,0.0000,0.0,0.0,0.2000,72.2,94.0,0.720,0,0,0,0,,,,,261,623,,,,,PSMA4___XPNPEP1_unrelaxed_rank_004_alphafold2_multimer_v3_model_1_seed_000.pdb
PSMA4___XPNPEP1,5,2,A,B,0.0000,0.0,0.0,0.0000,0.1361,0.0000,0.0000,0.0,0.0,0.1700,77.0,93.9,0.700,0,0,0,0,,,,,261,623,,,,,PSMA4___XPNPEP1_unrelaxed_rank_005_alphafold2_multimer_v3_model_2_seed_000.pdb
SGPL1___ACTR2,1,4,A,B,0.0000,0.0,0.0,0.0000,0.1440,0.0000,0.0000,0.0,0.0,0.1600,80.9,86.9,0.540,0,0,0,0,,,,,568,394,,,,,SGPL1___ACTR2_unrelaxed_rank_001_alphafold2_multimer_v3_model_4_seed_000.pdb
SGPL1___ACTR2,2,3,A,B,0.0000,0.0,0.0,0.0000,0.1285,0.0000,0.0000,0.0,0.0,0.1400,83.6,88.7,0.550,0,0,0,0,,,,,568,394,,,,,SGPL1___ACTR2_unrelaxed_rank_002_alphafold2_multimer_v3_model_3_seed_000.pdb
SGPL1___ACTR2,3,2,A,B,0.0000,0.0,0.0,0.0000,0.1264,0.0000,0.0000,0.0,0.0,0.1300,84.0,88.2,0.550,0,0,0,0,,,,,568,394,,,,,SGPL1___ACTR2_unrelaxed_rank_003_alphafold2_multimer_v3_model_2_seed_000.pdb
SGPL1___ACTR2,4,1,A,B,0.0000,0.0,0.0,0.0000,0.1154,0.0000,0.0000,0.0,0.0,0.1300,84.9,86.0,0.550,0,0,0,0,,,,,568,394,,,,,SGPL1___ACTR2_unrelaxed_rank_004_alphafold2_multimer_v3_model_1_seed_000.pdb
SGPL1___ACTR2,5,5,A,B,0.0000,0.0,0.0,0.0000,0.1223,0.0000,0.0000,0.0,0.0,0.1200,82.7,88.7,0.540,0,0,0,0,,,,,568,394,,,,,SGPL1___ACTR2_unrelaxed_rank_005_alphafold2_multimer_v3_model_5_seed_000.pdb
SGPL1___NBN,1,2,A,B,0.0000,0.0,0.0,0.0000,0.3200,0.0000,0.0000,0.0,0.0,0.2200,88.1,47.4,0.460,0,0,0,0,,,,,568,754,,,,,SGPL1___NBN_unrelaxed_rank_001_alphafold2_multimer_v3_model_2_seed_000.pdb
SGPL1___NBN,2,4,A,B,0.0000,0.0,0.0,0.0000,0.2912,0.0000,0.0000,0.0,0.0,0.2100,86.5,45.2,0.460,0,0,0,0,,,,,568,754,,,,,SGPL1___NBN_unrelaxed_rank_002_alphafold2_multimer_v3_model_4_seed_000.pdb
SGPL1___NBN,3,1,A,B,0.0000,0.0,0.0,0.0000,0.1431,0.0000,0.0000,0.0,0.0,0.1800,86.8,45.7,0.450,0,0,0,0,,,,,568,754,,,,,SGPL1___NBN_unrelaxed_rank_003_alphafold2_multimer_v3_model_1_seed_000.pdb
SGPL1___NBN,4,3,A,B,0.0000,0.0,0.0,0.0000,0.1398,0.0000,0.0000,0.0,0.0,0.1500,86.7,45.6,0.450,0,0,0,0,,,,,568,754,,,,,SGPL1___NBN_unrelaxed_rank_004_alphafold2_multimer_v3_model_3_seed_000.pdb
SGPL1___NBN,5,5,A,B,0.0000,0.0,0.0,0.0000,0.1405,0.0000,0.0000,0.0,0.0,0.1400,85.9,45.9,0.450,0,0,0,0,,,,,568,754,,,,,SGPL1___NBN_unrelaxed_rank_005_alphafold2_multimer_v3_model_5_seed_000.pdb
SNRPC___PPP1R10,1,2,A,B,0.0000,0.0,0.0,0.0000,0.2632,0.0000,0.0000,0.0,0.0,0.1800,35.4,35.3,0.270,0,0,0,0,,,,,159,940,,,,,SNRPC___PPP1R10_unrelaxed_rank_001_alphafold2_multimer_v3_model_2_seed_000.pdb
SNRPC___PPP1R10,2,1,A,B,0.0000,0.0,0.0,0.0000,0.1824,0.0000,0.0000,0.0,0.0,0.1700,32.1,33.7,0.250,0,0,0,0,,,,,159,940,,,,,SNRPC___PPP1R10_unrelaxed_rank_002_alphafold2_multimer_v3_model_1_seed_000.pdb
SNRPC___PPP1R10,3,3,A,B,0.0000,0.0,0.0,0.0000,0.1994,0.0000,0.0000,0.0,0.0,0.1600,33.0,34.0,0.270,0,0,0,0,,,,,159,940,,,,,SNRPC___PPP1R10_unrelaxed_rank_003_alphafold2_multimer_v3_model_3_seed_000.pdb
SNRPC___PPP1R10,4,4,A,B,0.0000,0.0,0.0,0.0000,0.2027,0.0000,0.0000,0.0,0.0,0.1500,35.3,35.3,0.260,0,0,0,0,,,,,159,940,,,,,SNRPC___PPP1R10_unrelaxed_rank_004_alphafold2_multimer_v3_model_4_seed_000.pdb
SNRPC___PPP1R10,5,5,A,B,0.0000,0.0,0.0,0.0000,0.1189,0.0000,0.0000,0.0,0.0,0.1400,37.2,35.2,0.260,0,0,0,0,,,,,159,940,,,,,SNRPC___PPP1R10_unrelaxed_rank_005_alphafold2_multimer_v3_model_5_seed_000.pdb
TXLNA___NUP107,1,5,A,B,0.0000,0.0,0.0,0.0000,0.2686,0.0000,0.0000,0.0,0.0,0.1800,37.3,75.5,0.540,0,0,0,0,,,,,546,925,,,,,TXLNA___NUP107_unrelaxed_rank_001_alphafold2_multimer_v3_model_5_seed_000.pdb
TXLNA___NUP107,2,3,A,B,0.0000,0.0,0.0,0.0000,0.2331,0.0000,0.0000,0.0,0.0,0.1700,36.1,75.3,0.530,0,0,0,0,,,,,546,925,,,,,TXLNA___NUP107_unrelaxed_rank_002_alphafold2_multimer_v3_model_3_seed_000.pdb
TXLNA___NUP107,3,4,A,B,0.0000,0.0,0.0,0.0000,0.2190,0.0000,0.0000,0.0,0.0,0.1600,31.2,75.6,0.530,0,0,0,0,,,,,546,925,,,,,TXLNA___NUP107_unrelaxed_rank_003_alphafold2_multimer_v3_model_4_seed_000.pdb
TXLNA___NUP107,4,2,A,B,0.0000,0.0,0.0,0.0000,0.2042,0.0000,0.0000,0.0,0.0,0.1600,35.3,75.6,0.530,0,0,0,0,,,,,546,925,,,,,TXLNA___NUP107_unrelaxed_rank_004_alphafold2_multimer_v3_model_2_seed_000.pdb
TXLNA___NUP107,5,1,A,B,0.0000,0.0,0.0,0.0000,0.1564,0.0000,0.0000,0.0,0.0,0.1600,38.1,75.6,0.530,0,0,0,0,,,,,546,925,,,,,TXLNA___NUP107_unrelaxed_rank_005_alphafold2_multimer_v3_model_1_seed_000.pdb
TXN___EDC3,1,3,A,B,0.0000,0.0,0.0,0.0000,0.1583,0.0000,0.0000,0.0,0.0,0.2000,84.8,61.4,0.470,0,0,0,0,,,,,105,508,,,,,TXN___EDC3_unrelaxed_rank_001_alphafold2_multimer_v3_model_3_seed_000.pdb
TXN___EDC3,2,1,A,B,0.0000,0.0,0.0,0.0000,0.1439,0.0000,0.0000,0.0,0.0,0.1700,82.1,60.5,0.450,0,0,0,0,,,,,105,508,,,,,TXN___EDC3_unrelaxed_rank_002_alphafold2_multimer_v3_model_1_seed_000.pdb
TXN___EDC3,3,2,A,B,0.0000,0.0,0.0,0.0000,0.1472,0.0000,0.0000,0.0,0.0,0.1700,83.9,60.3,0.460,0,0,0,0,,,,,105,508,,,,,TXN___EDC3_unrelaxed_rank_003_alphafold2_multimer_v3_model_2_seed_000.pdb
TXN___EDC3,4,4,A,B,0.0000,0.0,0.0,0.0000,0.1565,0.0000,0.0000,0.0,0.0,0.1600,82.8,60.8,0.460,0,0,0,0,,,,,105,508,,,,,TXN___EDC3_unrelaxed_rank_004_alphafold2_multimer_v3_model_4_seed_000.pdb
TXN___EDC3,5,5,A,B,0.0000,0.0,0.0,0.0000,0.1244,0.0000,0.0000,0.0,0.0,0.1300,84.0,60.3,0.460,0,0,0,0,,,,,105,508,,,,,TXN___EDC3_unrelaxed_rank_005_alphafold2_multimer_v3_model_5_seed_000.pdb
TXN___GFP,1,2,A,B,0.0000,0.0,0.0,0.0000,0.1398,0.0000,0.0000,0.0,0.0,0.1700,85.2,89.2,0.670,0,0,0,0,,,,,105,238,,,,,TXN___GFP_unrelaxed_rank_001_alphafold2_multimer_v3_model_2_seed_000.pdb
TXN___GFP,2,4,A,B,0.0000,0.0,0.0,0.0000,0.1621,0.0000,0.0000,0.0,0.0,0.1700,85.1,88.4,0.680,0,0,0,0,,,,,105,238,,,,,TXN___GFP_unrelaxed_rank_002_alphafold2_multimer_v3_model_4_seed_000.pdb
TXN___GFP,3,1,A,B,0.0000,0.0,0.0,0.0000,0.1162,0.0000,0.0000,0.0,0.0,0.1600,82.7,88.6,0.670,0,0,0,0,,,,,105,238,,,,,TXN___GFP_unrelaxed_rank_003_alphafold2_multimer_v3_model_1_seed_000.pdb
TXN___GFP,4,5,A,B,0.0000,0.0,0.0,0.0000,0.0983,0.0000,0.0000,0.0,0.0,0.1500,83.8,87.3,0.660,0,0,0,0,,,,,105,238,,,,,TXN___GFP_unrelaxed_rank_004_alphafold2_multimer_v3_model_5_seed_000.pdb
TXN___GFP,5,3,A,B,0.0000,0.0,0.0,0.0000,0.0928,0.0000,0.0000,0.0,0.0,0.1400,84.9,87.9,0.660,0,0,0,0,,,,,105,238,,,,,TXN___GFP_unrelaxed_rank_005_alphafold2_multimer_v3_model_3_seed_000.pdb
TXN___XPNPEP1,1,1,A,B,0.0000,0.0,0.0,0.0000,0.1634,0.0000,0.0000,0.0,0.0,0.2000,76.1,93.3,0.830,0,0,0,0,,,,,105,623,,,,,TXN___XPNPEP1_unrelaxed_rank_001_alphafold2_multimer_v3_model_1_seed_000.pdb
TXN___XPNPEP1,2,4,A,B,0.0000,0.0,0.0,0.0000,0.1603,0.0000,0.0000,0.0,0.0,0.1700,74.5,93.4,0.830,0,0,0,0,,,,,105,623,,,,,TXN___XPNPEP1_unrelaxed_rank_002_alphafold2_multimer_v3_model_4_seed_000.pdb
TXN___XPNPEP1,3,3,A,B,0.0000,0.0,0.0,0.0000,0.1606,0.0000,0.0000,0.0,0.0,0.1700,79.5,93.5,0.820,0,0,0,0,,,,,105,623,,,,,TXN___XPNPEP1_unrelaxed_rank_003_alphafold2_multimer_v3_model_3_seed_000.pdb
TXN___XPNPEP1,4,2,A,B,0.0000,0.0,0.0,0.0000,0.1405,0.0000,0.0000,0.0,0.0,0.1700,76.5,93.0,0.820,0,0,0,0,,,,,105,623,,,,,TXN___XPNPEP1_unrelaxed_rank_004_alphafold2_multimer_v3_model_2_seed_000.pdb
TXN___XPNPEP1,5,5,A,B,0.0000,0.0,0.0,0.0000,0.1403,0.0000,0.0000,0.0,0.0,0.1400,82.6,93.6,0.820,0,0,0,0,,,,,105,623,,,,,TXN___XPNPEP1_unrelaxed_rank_005_alphafold2_multimer_v3_model_5_seed_000.pdb
ALDH1L2___IBA57,1,3,A,B,0.0000,0.0,0.0,0.0000,0.2196,0.0000,0.0000,0.0,0.0,0.1600,89.9,75.8,0.500,0,0,0,0,,,,,923,356,,,,,ALDH1L2___IBA57_unrelaxed_rank_001_alphafold2_multimer_v3_model_3_seed_000.pdb
ALDH1L2___IBA57,2,2,A,B,0.0000,0.0,0.0,0.0000,0.0000,0.0000,0.0000,0.0,0.0,0.1600,89.8,74.6,0.490,0,0,0,0,,,,,923,356,,,,,ALDH1L2___IBA57_unrelaxed_rank_002_alphafold2_multimer_v3_model_2_seed_000.pdb
ALDH1L2___IBA57,3,4,A,B,0.0000,0.0,0.0,0.0000,0.1238,0.0000,0.0000,0.0,0.0,0.1500,89.4,75.2,0.490,0,0,0,0,,,,,923,356,,,,,ALDH1L2___IBA57_unrelaxed_rank_003_alphafold2_multimer_v3_model_4_seed_000.pdb
ALDH1L2___IBA57,4,5,A,B,0.0000,0.0,0.0,0.0000,0.1481,0.0000,0.0000,0.0,0.0,0.1500,88.2,73.8,0.480,0,0,0,0,,,,,923,356,,,,,ALDH1L2___IBA57_unrelaxed_rank_004_alphafold2_multimer_v3_model_5_seed_000.pdb
ALDH1L2___IBA57,5,1,A,B,0.0000,0.0,0.0,0.0000,0.1875,0.0000,0.0000,0.0,0.0,0.1500,89.4,74.0,0.480,0,0,0,0,,,,,923,356,,,,,ALDH1L2___IBA57_unrelaxed_rank_005_alphafold2_multimer_v3_model_1_seed_000.pdb
ALDH1L2___MRPL15,1,1,A,B,0.0000,0.0,0.0,0.0000,0.2165,0.0000,0.0000,0.0,0.0,0.2200,89.8,71.1,0.510,0,0,0,0,,,,,923,296,,,,,ALDH1L2___MRPL15_unrelaxed_rank_001_alphafold2_multimer_v3_model_1_seed_000.pdb
ALDH1L2___MRPL15,2,4,A,B,0.0000,0.0,0.0,0.0000,0.0000,0.0000,0.0000,0.0,0.0,0.1600,89.4,72.0,0.510,0,0,0,0,,,,,923,296,,,,,ALDH1L2___MRPL15_unrelaxed_rank_002_alphafold2_multimer_v3_model_4_seed_000.pdb
ALDH1L2___MRPL15,3,3,A,B,0.0000,0.0,0.0,0.0000,0.0000,0.0000,0.0000,0.0,0.0,0.1500,89.4,69.4,0.510,0,0,0,0,,,,,923,296,,,,,ALDH1L2___MRPL15_unrelaxed_rank_003_alphafold2_multimer_v3_model_3_seed_000.pdb
ALDH1L2___MRPL15,4,5,A,B,0.0000,0.0,0.0,0.0000,0.1438,0.0000,0.0000,0.0,0.0,0.1500,89.1,68.4,0.500,0,0,0,0,,,,,923,296,,,,,ALDH1L2___MRPL15_unrelaxed_rank_004_alphafold2_multimer_v3_model_5_seed_000.pdb
ALDH1L2___MRPL15,5,2,A,B,0.0000,0.0,0.0,0.0000,0.1506,0.0000,0.0000,0.0,0.0,0.1400,89.7,69.1,0.510,0,0,0,0,,,,,923,296,,,,,ALDH1L2___MRPL15_unrelaxed_rank_005_alphafold2_multimer_v3_model_2_seed_000.pdb
CIP2A___ASPH,1,2,A,B,0.2238,875.3,195.9,0.0675,0.8824,0.1828,0.2739,7029.0,109.0,0.3800,68.8,61.7,0.430,376,27,23,18,88.9,49.5,80.6,51.1,905,758,"[10-11,13-14,17,28-33,54-64,69-108,115-131,139-153,157-245,248-290,292-321,340-350,358-376,385-397,407-429,431-438,442-453,471,473-490,492,499-501,503-504,509,511,513-515,524,530-532]",[53-79],"[187-188,190-191,194-195,197-198,202,205,212,220-221,224-225,230,233-234,236-237,240-241,244]","[55-56,59-64,66-68,70-71,74-78]",CIP2A___ASPH_unrelaxed_rank_001_alphafold2_multimer_v3_model_2_seed_000.pdb
CIP2A___ASPH,2,3,A,B,0.0289,77.9,2.3,0.0115,0.5761,0.0290,0.0289,289.0,21.0,0.3000,65.0,59.3,0.430,130,9,15,5,86.0,44.0,77.5,44.3,905,758,"[104,120,122-126,128,141,143-151,161-170,176-182,185-199,201-216,221,224-227,231-239,241-243,249-250,252-274,278,280-283,285,297-301,304-305,307,309,311-315,362,368]",[63-71],"[190,193-195,197-199,205,209,212,216,225,233-234,237]","[64-65,67-68,71]",CIP2A___ASPH_unrelaxed_rank_002_alphafold2_multimer_v3_model_3_seed_000.pdb
CIP2A___ASPH,3,1,A,B,0.0717,417.6,29.9,0.0126,0.6117,0.0606,0.0849,2295.0,76.0,0.2800,66.2,59.7,0.420,167,321,31,23,80.9,88.2,65.4,57.4,905,758,"[120-128,143-152,159-170,173,175-182,185-217,220-221,224-227,229-243,249-273,276,278,280-285,288,294,297-307,309,311-317,345,347,361-362,364,617-630]","[57-76,378,407,417-421,423-424,426-427,430,437,439-449,453-517,519-540,542-578,580-581,583-602,614,619-622,624-642,644-652,654-658,660-662,664-696,699-730,733-757]","[187,190-191,193-195,197-199,202,205,209,212,221,224-225,230,233-234,236-237,240-241,620-622,624-627,629]","[60-68,70-72,75-76,462,465-466,468,500,526,564-565,682]",CIP2A___ASPH_unrelaxed_rank_003_alphafold2_multimer_v3_model_1_seed_000.pdb
CIP2A___ASPH,4,4,A,B,0.0165,6.9,0.1,0.0000,0.5299,0.0104,0.0263,24.0,2.0,0.2600,64.1,58.0,0.420,4,18,1,2,35.0,91.5,38.4,82.2,905,758,"[622-624,626]","[492,497,507-508,511-512,526-527,533,549,558-559,564-565,587,680,708,725]",[624],"[526,564]",CIP2A___ASPH_unrelaxed_rank_004_alphafold2_multimer_v3_model_4_seed_000.pdb
CIP2A___ASPH,5,5,A,B,0.0000,0.0,0.0,0.0000,0.2892,0.0000,0.0000,0.0,0.0,0.1900,67.4,58.8,0.420,0,0,0,0,,,,,905,758,,,,,CIP2A___ASPH_unrelaxed_rank_005_alphafold2_multimer_v3_model_5_seed_000.pdb
CIP2A___EDC3,1,4,A,B,0.0000,0.0,0.0,0.0000,0.4681,0.0125,0.0000,1.0,0.0,0.2800,68.6,57.7,0.460,1,1,0,0,85.8,76.6,,,905,508,[55],[53],,,CIP2A___EDC3_unrelaxed_rank_001_alphafold2_multimer_v3_model_4_seed_000.pdb
CIP2A___EDC3,2,1,A,B,0.0000,0.0,0.0,0.0000,0.4578,0.0185,0.0000,3.0,0.0,0.2000,71.3,58.6,0.450,3,1,0,0,86.9,30.5,,,905,508,"[146,194,197]",[206],,,CIP2A___EDC3_unrelaxed_rank_002_alphafold2_multimer_v3_model_1_seed_000.pdb
CIP2A___EDC3,3,2,A,B,0.0078,3.0,0.0,0.0000,0.4455,0.0104,0.0058,9.0,1.0,0.1900,70.8,59.4,0.460,8,3,1,1,88.6,34.4,85.6,33.6,905,508,"[146,162,189-190,194,233,236,270]","[206,209-210]",[194],[206],CIP2A___EDC3_unrelaxed_rank_003_alphafold2_multimer_v3_model_2_seed_000.pdb
CIP2A___EDC3,4,3,A,B,0.0000,0.0,0.0,0.0000,0.3791,0.0000,0.0000,0.0,0.0,0.1800,69.6,57.7,0.470,0,0,0,0,,,,,905,508,,,,,CIP2A___EDC3_unrelaxed_rank_004_alphafold2_multimer_v3_model_3_seed_000.pdb
CIP2A___EDC3,5,5,A,B,0.0000,0.0,0.0,0.0000,0.3424,0.0000,0.0000,0.0,0.0,0.1700,72.6,58.1,0.460,0,0,0,0,,,,,905,508,,,,,CIP2A___EDC3_unrelaxed_rank_005_alphafold2_multimer_v3_model_5_seed_000.pdb
CIP2A___PSMA2,1,1,A,B,0.0000,0.0,0.0,0.0000,0.1964,0.0000,0.0000,0.0,0.0,0.2300,72.9,78.4,0.520,0,0,0,0,,,,,905,234,,,,,CIP2A___PSMA2_unrelaxed_rank_001_alphafold2_multimer_v3_model_1_seed_000.pdb
CIP2A___PSMA2,2,4,A,B,0.0000,0.0,0.0,0.0000,0.2531,0.0000,0.0000,0.0,0.0,0.2100,68.7,75.7,0.520,0,0,0,0,,,,,905,234,,,,,CIP2A___PSMA2_unrelaxed_rank_002_alphafold2_multimer_v3_model_4_seed_000.pdb
CIP2A___PSMA2,3,2,A,B,0.0000,0.0,0.0,0.0000,0.1543,0.0000,0.0000,0.0,0.0,0.1800,72.3,84.1,0.520,0,0,0,0,,,,,905,234,,,,,CIP2A___PSMA2_unrelaxed_rank_003_alphafold2_multimer_v3_model_2_seed_000.pdb
CIP2A___PSMA2,4,5,A,B,0.0000,0.0,0.0,0.0000,0.1483,0.0000,0.0000,0.0,0.0,0.1700,73.5,78.6,0.520,0,0,0,0,,,,,905,234,,,,,CIP2A___PSMA2_unrelaxed_rank_004_alphafold2_multimer_v3_model_5_seed_000.pdb
CIP2A___PSMA2,5,3,A,B,0.0000,0.0,0.0,0.0000,0.1370,0.0000,0.0000,0.0,0.0,0.1500,69.6,79.3,0.510,0,0,0,0,,,,,905,234,,,,,CIP2A___PSMA2_unrelaxed_rank_005_alphafold2_multimer_v3_model_3_seed_000.pdb
EPB41___SAFB,1,3,A,B,0.1367,329.4,45.0,0.0164,0.7696,0.1131,0.1651,1644.0,66.0,0.2900,48.6,30.1,0.330,304,21,24,13,87.6,42.8,78.9,46.4,864,915,"[211-226,229-256,262-275,280-319,321-338,350,352-355,360-373,377-424,427-453,462-491,509,512-524,798-805,813-823,829-859]","[129-137,560-567,571-574]","[434-435,437-441,474,477,481,485,488,834-835,838,849-857]","[130-135,561-566,573]",EPB41___SAFB_unrelaxed_rank_001_alphafold2_multimer_v3_model_3_seed_000.pdb
EPB41___SAFB,2,4,A,B,0.1707,879.4,150.1,0.0834,0.8112,0.1307,0.2229,6445.0,120.0,0.2600,48.3,29.0,0.320,306,96,30,27,85.0,72.9,78.5,64.7,864,915,"[213-218,220-223,230-255,263-272,274,281-337,339-340,350,353,362-372,377-405,407,409-424,427-452,462-491,512-523,781-807,813-858]","[129-145,405-483]","[434-435,437-442,452,480-481,484-485,488-491,513,515,783-792,796]","[129-134,137-140,418-420,422-423,431-442]",EPB41___SAFB_unrelaxed_rank_002_alphafold2_multimer_v3_model_4_seed_000.pdb
EPB41___SAFB,3,2,A,B,0.0750,154.3,11.6,0.0119,0.5904,0.0740,0.0761,821.0,29.0,0.2400,48.4,31.5,0.340,232,12,14,9,93.3,34.0,81.8,35.0,864,915,"[212-218,220-223,229-256,263-266,268-274,280-296,298-319,321-338,353,362-371,378-405,407,409-424,427-451,462-490,512-522,853-856]","[129-134,561-565,567]","[434,438-441,477,481,484-485,488-489,853-855]","[129-133,562-565]",EPB41___SAFB_unrelaxed_rank_003_alphafold2_multimer_v3_model_2_seed_000.pdb
EPB41___SAFB,4,1,A,B,0.0423,3.5,0.1,0.0000,0.5440,0.0405,0.0442,6.0,2.0,0.2200,48.8,29.5,0.330,4,4,2,2,58.9,36.9,59.4,37.6,864,915,"[834,853,855-856]",[562-565],"[853,855]","[562,564]",EPB41___SAFB_unrelaxed_rank_004_alphafold2_multimer_v3_model_1_seed_000.pdb
EPB41___SAFB,5,5,A,B,0.0000,0.0,0.0,0.0000,0.3750,0.0000,0.0000,0.0,0.0,0.2100,47.5,29.7,0.330,0,0,0,0,,,,,864,915,,,,,EPB41___SAFB_unrelaxed_rank_005_alphafold2_multimer_v3_model_5_seed_000.pdb
GNAI3___PSMA4,1,4,A,B,0.0000,0.0,0.0,0.0000,0.2180,0.0000,0.0000,0.0,0.0,0.1900,84.1,69.0,0.570,0,0,0,0,,,,,354,261,,,,,GNAI3___PSMA4_unrelaxed_rank_001_alphafold2_multimer_v3_model_4_seed_000.pdb
GNAI3___PSMA4,2,2,A,B,0.0000,0.0,0.0,0.0000,0.1346,0.0000,0.0000,0.0,0.0,0.1700,84.5,71.4,0.570,0,0,0,0,,,,,354,261,,,,,GNAI3___PSMA4_unrelaxed_rank_002_alphafold2_multimer_v3_model_2_seed_000.pdb
GNAI3___PSMA4,3,1,A,B,0.0000,0.0,0.0,0.0000,0.1535,0.0000,0.0000,0.0,0.0,0.1700,83.3,70.4,0.570,0,0,0,0,,,,,354,261,,,,,GNAI3___PSMA4_unrelaxed_rank_003_alphafold2_multimer_v3_model_1_seed_000.pdb
GNAI3___PSMA4,4,3,A,B,0.0000,0.0,0.0,0.0000,0.1163,0.0000,0.0000,0.0,0.0,0.1500,84.7,73.9,0.560,0,0,0,0,,,,,354,261,,,,,GNAI3___PSMA4_unrelaxed_rank_004_alphafold2_multimer_v3_model_3_seed_000.pdb
GNAI3___PSMA4,5,5,A,B,0.0000,0.0,0.0,0.0000,0.1104,0.0000,0.0000,0.0,0.0,0.1400,84.4,68.2,0.550,0,0,0,0,,,,,354,261,,,,,GNAI3___PSMA4_unrelaxed_rank_005_alphafold2_multimer_v3_model_5_seed_000.pdb
MARS2___EDC3,1,4,A,B,0.0000,0.0,0.0,0.0000,0.1731,0.0000,0.0000,0.0,0.0,0.1800,85.6,56.1,0.560,0,0,0,0,,,,,593,508,,,,,MARS2___EDC3_unrelaxed_rank_001_alphafold2_multimer_v3_model_4_seed_000.pdb
MARS2___EDC3,2,1,A,B,0.0000,0.0,0.0,0.0000,0.1780,0.0000,0.0000,0.0,0.0,0.1700,86.2,58.2,0.560,0,0,0,0,,,,,593,508,,,,,MARS2___EDC3_unrelaxed_rank_002_alphafold2_multimer_v3_model_1_seed_000.pdb
MARS2___EDC3,3,3,A,B,0.0000,0.0,0.0,0.0000,0.1601,0.0000,0.0000,0.0,0.0,0.1700,85.9,57.9,0.550,0,0,0,0,,,,,593,508,,,,,MARS2___EDC3_unrelaxed_rank_003_alphafold2_multimer_v3_model_3_seed_000.pdb
MARS2___EDC3,4,5,A,B,0.0000,0.0,0.0,0.0000,0.1446,0.0000,0.0000,0.0,0.0,0.1600,86.6,58.2,0.550,0,0,0,0,,,,,593,508,,,,,MARS2___EDC3_unrelaxed_rank_004_alphafold2_multimer_v3_model_5_seed_000.pdb
MARS2___EDC3,5,2,A,B,0.0000,0.0,0.0,0.0000,0.1522,0.0000,0.0000,0.0,0.0,0.1600,86.3,59.4,0.550,0,0,0,0,,,,,593,508,,,,,MARS2___EDC3_unrelaxed_rank_005_alphafold2_multimer_v3_model_2_seed_000.pdb
MARS2___MRPL15,1,2,A,B,0.0000,0.0,0.0,0.0000,0.2808,0.0000,0.0000,0.0,0.0,0.2400,85.8,68.0,0.660,0,0,0,0,,,,,593,296,,,,,MARS2___MRPL15_unrelaxed_rank_001_alphafold2_multimer_v3_model_2_seed_000.pdb
MARS2___MRPL15,2,5,A,B,0.0000,0.0,0.0,0.0000,0.2176,0.0000,0.0000,0.0,0.0,0.2200,85.3,66.9,0.660,0,0,0,0,,,,,593,296,,,,,MARS2___MRPL15_unrelaxed_rank_002_alphafold2_multimer_v3_model_5_seed_000.pdb
MARS2___MRPL15,3,4,A,B,0.0000,0.0,0.0,0.0000,0.1926,0.0000,0.0000,0.0,0.0,0.2100,85.0,63.7,0.650,0,0,0,0,,,,,593,296,,,,,MARS2___MRPL15_unrelaxed_rank_003_alphafold2_multimer_v3_model_4_seed_000.pdb
MARS2___MRPL15,4,3,A,B,0.0000,0.0,0.0,0.0000,0.2179,0.0000,0.0000,0.0,0.0,0.2100,84.7,66.6,0.650,0,0,0,0,,,,,593,296,,,,,MARS2___MRPL15_unrelaxed_rank_004_alphafold2_multimer_v3_model_3_seed_000.pdb
MARS2___MRPL15,5,1,A,B,0.0000,0.0,0.0,0.0000,0.2130,0.0000,0.0000,0.0,0.0,0.2000,85.5,65.4,0.650,0,0,0,0,,,,,593,296,,,,,MARS2___MRPL15_unrelaxed_rank_005_alphafold2_multimer_v3_model_1_seed_000.pdb
MARS2___XRN2,1,4,A,B,0.0993,495.8,49.2,0.0171,0.7156,0.0998,0.0988,4029.0,61.0,0.3900,83.5,68.3,0.520,447,12,36,11,91.1,31.6,85.9,32.0,593,950,"[44-78,86-164,167-168,170-173,176-179,182,184,194-195,201-203,205,208-350,355-413,421-422,424,444-495,503-543,545-548,553-557,565,567-569,576-577,579-580]",[939-950],"[50,52-56,59-62,64-65,93,96-99,172-173,254,257,277-279,309,311-312,314-315,319,340-342,348-350]","[939,941-950]",MARS2___XRN2_unrelaxed_rank_001_alphafold2_multimer_v3_model_4_seed_000.pdb
MARS2___XRN2,2,5,A,B,0.0000,0.0,0.0,0.0000,0.1900,0.0000,0.0000,0.0,0.0,0.1900,83.8,68.7,0.520,0,0,0,0,,,,,593,950,,,,,MARS2___XRN2_unrelaxed_rank_002_alphafold2_multimer_v3_model_5_seed_000.pdb
MARS2___XRN2,3,1,A,B,0.0000,0.0,0.0,0.0000,0.1758,0.0000,0.0000,0.0,0.0,0.1800,83.3,67.7,0.510,0,0,0,0,,,,,593,950,,,,,MARS2___XRN2_unrelaxed_rank_003_alphafold2_multimer_v3_model_1_seed_000.pdb
MARS2___XRN2,4,2,A,B,0.0000,0.0,0.0,0.0000,0.1841,0.0000,0.0000,0.0,0.0,0.1700,83.6,69.5,0.520,0,0,0,0,,,,,593,950,,,,,MARS2___XRN2_unrelaxed_rank_004_alphafold2_multimer_v3_model_2_seed_000.pdb
MARS2___XRN2,5,3,A,B,0.0000,0.0,0.0,0.0000,0.1659,0.0000,0.0000,0.0,0.0,0.1700,83.2,67.2,0.510,0,0,0,0,,,,,593,950,,,,,MARS2___XRN2_unrelaxed_rank_005_alphafold2_multimer_v3_model_3_seed_000.pdb
MRPL12___STIP1,1,5,A,B,0.0904,107.5,9.7,0.0166,0.4707,0.0967,0.0844,608.0,19.0,0.2300,40.2,84.1,0.410,9,145,5,16,28.5,92.5,31.3,94.0,198,543,[111-119],"[310-311,313-314,316,319-321,323-325,339-340,342-345,347-474]","[113,115-118]","[364,367-368,379,383,394-396,398-399,401-402,405,429,436,463]",MRPL12___STIP1_unrelaxed_rank_001_alphafold2_multimer_v3_model_5_seed_000.pdb
MRPL12___STIP1,2,2,A,B,0.0919,140.9,13.0,0.0173,0.5056,0.0837,0.1009,709.0,28.0,0.2300,40.7,84.2,0.400,15,166,6,17,31.0,91.4,33.8,92.6,198,543,"[47-52,112-120]","[8,11-12,16-17,20,22,27-28,37-38,41,49,53-56,58,69-71,80,83-85,87,90,93-95,97,100-101,110,310,319,321,323,339,345-346,348-444,446-473]","[113,115-119]","[364-365,367-368,371,379,383,395-396,398-399,402-403,405,429,433,463]",MRPL12___STIP1_unrelaxed_rank_002_alphafold2_multimer_v3_model_2_seed_000.pdb
MRPL12___STIP1,3,3,A,B,0.0154,15.3,0.2,0.0108,0.3698,0.0283,0.0083,117.0,2.0,0.1700,40.9,82.9,0.400,5,75,2,2,29.1,91.3,28.4,90.7,198,543,[115-119],"[323,350,354,357-374,376-377,379-389,392-394,396-397,401-405,407,409-412,414-420,422-423,425-428,431,434,436-438,441,450-451,453-454,456,464,467]",[115-116],"[368,402]",MRPL12___STIP1_unrelaxed_rank_003_alphafold2_multimer_v3_model_3_seed_000.pdb
MRPL12___STIP1,4,4,A,B,0.0000,0.0,0.0,0.0000,0.2467,0.0000,0.0000,0.0,0.0,0.1700,41.5,83.3,0.400,0,0,0,0,,,,,198,543,,,,,MRPL12___STIP1_unrelaxed_rank_004_alphafold2_multimer_v3_model_4_seed_000.pdb
MRPL12___STIP1,5,1,A,B,0.0000,0.0,0.0,0.0000,0.3110,0.0000,0.0000,0.0,0.0,0.1700,34.7,82.8,0.390,0,0,0,0,,,,,198,543,,,,,MRPL12___STIP1_unrelaxed_rank_005_alphafold2_multimer_v3_model_1_seed_000.pdb
PDXDC1___ATXN2L,1,4,A,B,0.0000,0.0,0.0,0.0000,0.2118,0.0000,0.0000,0.0,0.0,0.1900,71.5,21.8,0.420,0,0,0,0,,,,,788,1075,,,,,PDXDC1___ATXN2L_unrelaxed_rank_001_alphafold2_multimer_v3_model_4_seed_000.pdb
PDXDC1___ATXN2L,2,3,A,B,0.0000,0.0,0.0,0.0000,0.2078,0.0000,0.0000,0.0,0.0,0.1800,72.3,22.9,0.420,0,0,0,0,,,,,788,1075,,,,,PDXDC1___ATXN2L_unrelaxed_rank_002_alphafold2_multimer_v3_model_3_seed_000.pdb
PDXDC1___ATXN2L,3,1,A,B,0.0000,0.0,0.0,0.0000,0.1793,0.0000,0.0000,0.0,0.0,0.1800,71.7,23.0,0.410,0,0,0,0,,,,,788,1075,,,,,PDXDC1___ATXN2L_unrelaxed_rank_003_alphafold2_multimer_v3_model_1_seed_000.pdb
PDXDC1___ATXN2L,4,2,A,B,0.0000,0.0,0.0,0.0000,0.1914,0.0000,0.0000,0.0,0.0,0.1700,73.1,23.1,0.420,0,0,0,0,,,,,788,1075,,,,,PDXDC1___ATXN2L_unrelaxed_rank_004_alphafold2_multimer_v3_model_2_seed_000.pdb
PDXDC1___ATXN2L,5,5,A,B,0.0000,0.0,0.0,0.0000,0.1907,0.0000,0.0000,0.0,0.0,0.1700,72.0,22.2,0.420,0,0,0,0,,,,,788,1075,,,,,PDXDC1___ATXN2L_unrelaxed_rank_005_alphafold2_multimer_v3_model_5_seed_000.pdb
PSMA4___GFP,1,2,A,B,0.0000,0.0,0.0,0.0000,0.2293,0.0158,0.0000,138.0,0.0,0.2000,75.9,86.2,0.540,6,105,0,0,79.5,88.0,,,261,238,"[86,132-134,150,152]","[12-15,29,36-38,40-47,55-61,63,71-77,79,83-86,92,97-102,106-107,119-121,123,134-137,139-143,150-154,156,160-162,164,169-172,174-184,186,195,197-199,201,203,205-209,211,216-224]",,,PSMA4___GFP_unrelaxed_rank_001_alphafold2_multimer_v3_model_2_seed_000.pdb
PSMA4___GFP,2,5,A,B,0.0000,0.0,0.0,0.0000,0.1877,0.0000,0.0000,0.0,0.0,0.2000,74.0,87.1,0.540,0,0,0,0,,,,,261,238,,,,,PSMA4___GFP_unrelaxed_rank_002_alphafold2_multimer_v3_model_5_seed_000.pdb
PSMA4___GFP,3,1,A,B,0.0000,0.0,0.0,0.0000,0.1925,0.0000,0.0000,0.0,0.0,0.1900,72.7,86.7,0.540,0,0,0,0,,,,,261,238,,,,,PSMA4___GFP_unrelaxed_rank_003_alphafold2_multimer_v3_model_1_seed_000.pdb
PSMA4___GFP,4,4,A,B,0.0000,0.0,0.0,0.0000,0.1743,0.0000,0.0000,0.0,0.0,0.1800,76.8,87.1,0.530,0,0,0,0,,,,,261,238,,,,,PSMA4___GFP_unrelaxed_rank_004_alphafold2_multimer_v3_model_4_seed_000.pdb
PSMA4___GFP,5,3,A,B,0.0000,0.0,0.0,0.0000,0.1185,0.0000,0.0000,0.0,0.0,0.1300,74.9,87.1,0.500,0,0,0,0,,,,,261,238,,,,,PSMA4___GFP_unrelaxed_rank_005_alphafold2_multimer_v3_model_3_seed_000.pdb
PSMA4___STIP1,1,4,A,B,0.0000,0.0,0.0,0.0000,0.1570,0.0000,0.0000,0.0,0.0,0.2100,73.8,79.6,0.390,0,0,0,0,,,,,261,543,,,,,PSMA4___STIP1_unrelaxed_rank_001_alphafold2_multimer_v3_model_4_seed_000.pdb
PSMA4___STIP1,2,1,A,B,0.0000,0.0,0.0,0.0000,0.1388,0.0000,0.0000,0.0,0.0,0.1700,73.9,79.3,0.350,0,0,0,0,,,,,261,543,,,,,PSMA4___STIP1_unrelaxed_rank_002_alphafold2_multimer_v3_model_1_seed_000.pdb
PSMA4___STIP1,3,5,A,B,0.0000,0.0,0.0,0.0000,0.1078,0.0000,0.0000,0.0,0.0,0.1600,68.5,80.5,0.380,0,0,0,0,,,,,261,543,,,,,PSMA4___STIP1_unrelaxed_rank_003_alphafold2_multimer_v3_model_5_seed_000.pdb
PSMA4___STIP1,4,3,A,B,0.0000,0.0,0.0,0.0000,0.1289,0.0000,0.0000,0.0,0.0,0.1600,70.9,78.9,0.370,0,0,0,0,,,,,261,543,,,,,PSMA4___STIP1_unrelaxed_rank_004_alphafold2_multimer_v3_model_3_seed_000.pdb
PSMA4___STIP1,5,2,A,B,0.0000,0.0,0.0,0.0000,0.0000,0.0000,0.0000,0.0,0.0,0.1400,76.0,82.0,0.360,0,0,0,0,,,,,261,543,,,,,PSMA4___STIP1_unrelaxed_rank_005_alphafold2_multimer_v3_model_2_seed_000.pdb
SGPL1___ASPH,1,4,A,B,0.3295,634.4,209.0,0.2224,0.9105,0.2547,0.4263,5589.0,72.0,0.4100,83.0,58.4,0.480,15,414,12,25,50.0,88.9,51.4,82.3,568,758,[554-568],"[334-353,357-411,414-605,612-758]","[556,558-568]","[465-466,468,496,525-526,529-530,562-565,616-617,619,632-633,635,664,679-682,756,758]",SGPL1___ASPH_unrelaxed_rank_001_alphafold2_multimer_v3_model_4_seed_000.pdb
SGPL1___ASPH,2,2,A,B,0.2167,535.3,116.0,0.0263,0.8304,0.1732,0.2713,3925.0,73.0,0.3500,85.3,60.8,0.470,12,404,10,27,43.9,91.3,45.4,85.3,568,758,[557-568],"[335,337-339,341-342,344-352,357-358,360-365,367-369,371-372,374-411,414-604,612-758]",[559-568],"[431,465-466,468,470,496,500,525-526,529-530,562-565,616-617,633,662-664,679-682,756,758]",SGPL1___ASPH_unrelaxed_rank_002_alphafold2_multimer_v3_model_2_seed_000.pdb
SGPL1___ASPH,3,1,A,B,0.1996,436.8,87.2,0.0237,0.7790,0.1604,0.2484,3600.0,53.0,0.3500,84.7,59.8,0.460,12,372,9,20,43.6,89.6,45.8,81.3,568,758,[557-568],"[369,375-376,378-392,394-408,410-411,415-604,612-758]",[559-567],"[431,434,436,465-466,468,496,526,529-530,562-564,616-617,679-682,758]",SGPL1___ASPH_unrelaxed_rank_003_alphafold2_multimer_v3_model_1_seed_000.pdb
SGPL1___ASPH,4,5,A,B,0.1944,375.7,73.0,0.0217,0.7751,0.1557,0.2427,3137.0,45.0,0.3300,82.9,58.1,0.460,12,371,8,16,38.7,89.9,41.0,83.9,568,758,[557-568],"[345,348,364,367,375-387,389-391,395-397,399,401-408,410,414-604,612-758]","[559-565,567]","[462,465-466,468,526,529-530,562-564,617,679-682,758]",SGPL1___ASPH_unrelaxed_rank_004_alphafold2_multimer_v3_model_5_seed_000.pdb
SGPL1___ASPH,5,3,A,B,0.0000,0.0,0.0,0.0000,0.2083,0.0000,0.0000,0.0,0.0,0.1600,83.6,59.1,0.450,0,0,0,0,,,,,568,758,,,,,SGPL1___ASPH_unrelaxed_rank_005_alphafold2_multimer_v3_model_3_seed_000.pdb
SGPL1___CIP2A,1,4,A,B,0.0000,0.0,0.0,0.0000,0.1733,0.0000,0.0000,0.0,0.0,0.1700,83.7,64.2,0.440,0,0,0,0,,,,,568,905,,,,,SGPL1___CIP2A_unrelaxed_rank_001_alphafold2_multimer_v3_model_4_seed_000.pdb
SGPL1___CIP2A,2,5,A,B,0.0000,0.0,0.0,0.0000,0.1531,0.0000,0.0000,0.0,0.0,0.1700,83.3,67.2,0.440,0,0,0,0,,,,,568,905,,,,,SGPL1___CIP2A_unrelaxed_rank_002_alphafold2_multimer_v3_model_5_seed_000.pdb
SGPL1___CIP2A,3,3,A,B,0.0000,0.0,0.0,0.0000,0.1419,0.0000,0.0000,0.0,0.0,0.1700,82.4,63.1,0.440,0,0,0,0,,,,,568,905,,,,,SGPL1___CIP2A_unrelaxed_rank_003_alphafold2_multimer_v3_model_3_seed_000.pdb
SGPL1___CIP2A,4,2,A,B,0.0000,0.0,0.0,0.0000,0.1635,0.0000,0.0000,0.0,0.0,0.1600,85.3,67.1,0.430,0,0,0,0,,,,,568,905,,,,,SGPL1___CIP2A_unrelaxed_rank_004_alphafold2_multimer_v3_model_2_seed_000.pdb
SGPL1___CIP2A,5,1,A,B,0.0000,0.0,0.0,0.0000,0.1570,0.0000,0.0000,0.0,0.0,0.1600,85.2,67.4,0.430,0,0,0,0,,,,,568,905,,,,,SGPL1___CIP2A_unrelaxed_rank_005_alphafold2_multimer_v3_model_1_seed_000.pdb
SNRPC___MRPL12,1,4,A,B,0.0000,0.0,0.0,0.0000,0.2235,0.0000,0.0000,0.0,0.0,0.1200,40.8,52.2,0.240,0,0,0,0,,,,,159,198,,,,,SNRPC___MRPL12_unrelaxed_rank_001_alphafold2_multimer_v3_model_4_seed_000.pdb
SNRPC___MRPL12,2,5,A,B,0.0000,0.0,0.0,0.0000,0.1799,0.0000,0.0000,0.0,0.0,0.1100,39.7,48.4,0.240,0,0,0,0,,,,,159,198,,,,,SNRPC___MRPL12_unrelaxed_rank_002_alphafold2_multimer_v3_model_5_seed_000.pdb
SNRPC___MRPL12,3,2,A,B,0.0000,0.0,0.0,0.0000,0.2038,0.0000,0.0000,0.0,0.0,0.1000,37.2,51.7,0.240,0,0,0,0,,,,,159,198,,,,,SNRPC___MRPL12_unrelaxed_rank_003_alphafold2_multimer_v3_model_2_seed_000.pdb
SNRPC___MRPL12,4,3,A,B,0.0000,0.0,0.0,0.0000,0.0837,0.0000,0.0000,0.0,0.0,0.1000,40.8,50.1,0.240,0,0,0,0,,,,,159,198,,,,,SNRPC___MRPL12_unrelaxed_rank_004_alphafold2_multimer_v3_model_3_seed_000.pdb
SNRPC___MRPL12,5,1,A,B,0.0000,0.0,0.0,0.0000,0.1086,0.0000,0.0000,0.0,0.0,0.0900,42.1,53.2,0.240,0,0,0,0,,,,,159,198,,,,,SNRPC___MRPL12_unrelaxed_rank_005_alphafold2_multimer_v3_model_1_seed_000.pdb
TXN___ALDH1L2,1,1,A,B,0.0000,0.0,0.0,0.0000,0.1983,0.0000,0.0000,0.0,0.0,0.2400,72.7,89.3,0.550,0,0,0,0,,,,,105,923,,,,,TXN___ALDH1L2_unrelaxed_rank_001_alphafold2_multimer_v3_model_1_seed_000.pdb
TXN___ALDH1L2,2,4,A,B,0.0000,0.0,0.0,0.0000,0.1714,0.0000,0.0000,0.0,0.0,0.2100,70.3,88.7,0.580,0,0,0,0,,,,,105,923,,,,,TXN___ALDH1L2_unrelaxed_rank_002_alphafold2_multimer_v3_model_4_seed_000.pdb
TXN___ALDH1L2,3,3,A,B,0.0000,0.0,0.0,0.0000,0.1520,0.0000,0.0000,0.0,0.0,0.2000,77.6,89.5,0.570,0,0,0,0,,,,,105,923,,,,,TXN___ALDH1L2_unrelaxed_rank_003_alphafold2_multimer_v3_model_3_seed_000.pdb
TXN___ALDH1L2,4,2,A,B,0.0000,0.0,0.0,0.0000,0.1583,0.0000,0.0000,0.0,0.0,0.2000,74.0,89.2,0.570,0,0,0,0,,,,,105,923,,,,,TXN___ALDH1L2_unrelaxed_rank_004_alphafold2_multimer_v3_model_2_seed_000.pdb
TXN___ALDH1L2,5,5,A,B,0.0000,0.0,0.0,0.0000,0.1667,0.0000,0.0000,0.0,0.0,0.1900,80.5,89.2,0.580,0,0,0,0,,,,,105,923,,,,,TXN___ALDH1L2_unrelaxed_rank_005_alphafold2_multimer_v3_model_5_seed_000.pdb
TXN___EPB41,1,2,A,B,0.0000,0.0,0.0,0.0000,0.2293,0.0000,0.0000,0.0,0.0,0.2200,84.6,48.3,0.430,0,0,0,0,,,,,105,864,,,,,TXN___EPB41_unrelaxed_rank_001_alphafold2_multimer_v3_model_2_seed_000.pdb
TXN___EPB41,2,1,A,B,0.0000,0.0,0.0,0.0000,0.1932,0.0000,0.0000,0.0,0.0,0.2200,82.0,48.3,0.430,0,0,0,0,,,,,105,864,,,,,TXN___EPB41_unrelaxed_rank_002_alphafold2_multimer_v3_model_1_seed_000.pdb
TXN___EPB41,3,3,A,B,0.0000,0.0,0.0,0.0000,0.1620,0.0000,0.0000,0.0,0.0,0.1800,84.7,48.2,0.420,0,0,0,0,,,,,105,864,,,,,TXN___EPB41_unrelaxed_rank_003_alphafold2_multimer_v3_model_3_seed_000.pdb
TXN___EPB41,4,4,A,B,0.0000,0.0,0.0,0.0000,0.1757,0.0000,0.0000,0.0,0.0,0.1700,82.0,46.5,0.400,0,0,0,0,,,,,105,864,,,,,TXN___EPB41_unrelaxed_rank_004_alphafold2_multimer_v3_model_4_seed_000.pdb
TXN___EPB41,5,5,A,B,0.0000,0.0,0.0,0.0000,0.1605,0.0000,0.0000,0.0,0.0,0.1600,85.1,47.9,0.420,0,0,0,0,,,,,105,864,,,,,TXN___EPB41_unrelaxed_rank_005_alphafold2_multimer_v3_model_5_seed_000.pdb
XPNPEP1___STIP1,1,1,A,B,0.0000,0.0,0.0,0.0000,0.1770,0.0000,0.0000,0.0,0.0,0.1700,93.0,71.3,0.580,0,0,0,0,,,,,623,543,,,,,XPNPEP1___STIP1_unrelaxed_rank_001_alphafold2_multimer_v3_model_1_seed_000.pdb
XPNPEP1___STIP1,2,2,A,B,0.0000,0.0,0.0,0.0000,0.1495,0.0000,0.0000,0.0,0.0,0.1600,92.8,77.2,0.560,0,0,0,0,,,,,623,543,,,,,XPNPEP1___STIP1_unrelaxed_rank_002_alphafold2_multimer_v3_model_2_seed_000.pdb
XPNPEP1___STIP1,3,4,A,B,0.0000,0.0,0.0,0.0000,0.1582,0.0000,0.0000,0.0,0.0,0.1600,92.5,71.7,0.580,0,0,0,0,,,,,623,543,,,,,XPNPEP1___STIP1_unrelaxed_rank_003_alphafold2_multimer_v3_model_4_seed_000.pdb
XPNPEP1___STIP1,4,3,A,B,0.0000,0.0,0.0,0.0000,0.1523,0.0000,0.0000,0.0,0.0,0.1500,93.5,76.7,0.570,0,0,0,0,,,,,623,543,,,,,XPNPEP1___STIP1_unrelaxed_rank_004_alphafold2_multimer_v3_model_3_seed_000.pdb
XPNPEP1___STIP1,5,5,A,B,0.0000,0.0,0.0,0.0000,0.1276,0.0000,0.0000,0.0,0.0,0.1500,93.5,76.9,0.570,0,0,0,0,,,,,623,543,,,,,XPNPEP1___STIP1_unrelaxed_rank_005_alphafold2_multimer_v3_model_5_seed_000.pdb
ALDH1L2___EPB41,1,4,A,B,0.0000,0.0,0.0,0.0000,0.3599,0.0000,0.0000,0.0,0.0,0.2400,87.4,43.6,0.410,0,0,0,0,,,,,923,864,,,,,ALDH1L2___EPB41_unrelaxed_rank_001_alphafold2_multimer_v3_model_4_seed_000.pdb
ALDH1L2___EPB41,2,2,A,B,0.0000,0.0,0.0,0.0000,0.4203,0.0000,0.0000,0.0,0.0,0.2100,88.9,44.5,0.410,0,0,0,0,,,,,923,864,,,,,ALDH1L2___EPB41_unrelaxed_rank_002_alphafold2_multimer_v3_model_2_seed_000.pdb
ALDH1L2___EPB41,3,3,A,B,0.0000,0.0,0.0,0.0000,0.2453,0.0000,0.0000,0.0,0.0,0.2000,88.4,44.6,0.420,0,0,0,0,,,,,923,864,,,,,ALDH1L2___EPB41_unrelaxed_rank_003_alphafold2_multimer_v3_model_3_seed_000.pdb
ALDH1L2___EPB41,4,1,A,B,0.0000,0.0,0.0,0.0000,0.1874,0.0000,0.0000,0.0,0.0,0.1800,86.9,44.8,0.410,0,0,0,0,,,,,923,864,,,,,ALDH1L2___EPB41_unrelaxed_rank_004_alphafold2_multimer_v3_model_1_seed_000.pdb
ALDH1L2___EPB41,5,5,A,B,0.0000,0.0,0.0,0.0000,0.1758,0.0000,0.0000,0.0,0.0,0.1800,88.2,43.6,0.410,0,0,0,0,,,,,923,864,,,,,ALDH1L2___EPB41_unrelaxed_rank_005_alphafold2_multimer_v3_model_5_seed_000.pdb
ALDH1L2___PPIB,1,4,A,B,0.0000,0.0,0.0,0.0000,0.1728,0.0000,0.0000,0.0,0.0,0.1700,88.9,74.8,0.540,0,0,0,0,,,,,923,216,,,,,ALDH1L2___PPIB_unrelaxed_rank_001_alphafold2_multimer_v3_model_4_seed_000.pdb
ALDH1L2___PPIB,2,1,A,B,0.0000,0.0,0.0,0.0000,0.1583,0.0000,0.0000,0.0,0.0,0.1700,89.5,75.6,0.520,0,0,0,0,,,,,923,216,,,,,ALDH1L2___PPIB_unrelaxed_rank_002_alphafold2_multimer_v3_model_1_seed_000.pdb
ALDH1L2___PPIB,3,2,A,B,0.0000,0.0,0.0,0.0000,0.1486,0.0000,0.0000,0.0,0.0,0.1600,89.6,76.5,0.520,0,0,0,0,,,,,923,216,,,,,ALDH1L2___PPIB_unrelaxed_rank_003_alphafold2_multimer_v3_model_2_seed_000.pdb
ALDH1L2___PPIB,4,5,A,B,0.0000,0.0,0.0,0.0000,0.1431,0.0000,0.0000,0.0,0.0,0.1600,89.1,76.3,0.530,0,0,0,0,,,,,923,216,,,,,ALDH1L2___PPIB_unrelaxed_rank_004_alphafold2_multimer_v3_model_5_seed_000.pdb
ALDH1L2___PPIB,5,3,A,B,0.0000,0.0,0.0,0.0000,0.0000,0.0000,0.0000,0.0,0.0,0.1500,89.6,76.6,0.540,0,0,0,0,,,,,923,216,,,,,ALDH1L2___PPIB_unrelaxed_rank_005_alphafold2_multimer_v3_model_3_seed_000.pdb
EDC3___PSMA2,1,2,A,B,0.0000,0.0,0.0,0.0000,0.2161,0.0000,0.0000,0.0,0.0,0.2300,63.5,85.8,0.430,0,0,0,0,,,,,508,234,,,,,EDC3___PSMA2_unrelaxed_rank_001_alphafold2_multimer_v3_model_2_seed_000.pdb
EDC3___PSMA2,2,1,A,B,0.0000,0.0,0.0,0.0000,0.1549,0.0000,0.0000,0.0,0.0,0.2200,62.7,81.1,0.430,0,0,0,0,,,,,508,234,,,,,EDC3___PSMA2_unrelaxed_rank_002_alphafold2_multimer_v3_model_1_seed_000.pdb
EDC3___PSMA2,3,4,A,B,0.0000,0.0,0.0,0.0000,0.1432,0.0000,0.0000,0.0,0.0,0.2100,61.0,77.8,0.430,0,0,0,0,,,,,508,234,,,,,EDC3___PSMA2_unrelaxed_rank_003_alphafold2_multimer_v3_model_4_seed_000.pdb
EDC3___PSMA2,4,5,A,B,0.0000,0.0,0.0,0.0000,0.1562,0.0000,0.0000,0.0,0.0,0.2100,62.1,80.8,0.420,0,0,0,0,,,,,508,234,,,,,EDC3___PSMA2_unrelaxed_rank_004_alphafold2_multimer_v3_model_5_seed_000.pdb
EDC3___PSMA2,5,3,A,B,0.0000,0.0,0.0,0.0000,0.1452,0.0000,0.0000,0.0,0.0,0.1900,62.3,81.1,0.420,0,0,0,0,,,,,508,234,,,,,EDC3___PSMA2_unrelaxed_rank_005_alphafold2_multimer_v3_model_3_seed_000.pdb
EDC3___SAFB,1,1,A,B,0.0000,0.0,0.0,0.0000,0.2474,0.0000,0.0000,0.0,0.0,0.1900,64.3,30.0,0.300,0,0,0,0,,,,,508,915,,,,,EDC3___SAFB_unrelaxed_rank_001_alphafold2_multimer_v3_model_1_seed_000.pdb
EDC3___SAFB,2,4,A,B,0.0000,0.0,0.0,0.0000,0.2720,0.0000,0.0000,0.0,0.0,0.1900,63.5,28.7,0.300,0,0,0,0,,,,,508,915,,,,,EDC3___SAFB_unrelaxed_rank_002_alphafold2_multimer_v3_model_4_seed_000.pdb
EDC3___SAFB,3,3,A,B,0.0000,0.0,0.0,0.0000,0.2716,0.0000,0.0000,0.0,0.0,0.1800,63.6,30.6,0.310,0,0,0,0,,,,,508,915,,,,,EDC3___SAFB_unrelaxed_rank_003_alphafold2_multimer_v3_model_3_seed_000.pdb
EDC3___SAFB,4,2,A,B,0.0000,0.0,0.0,0.0000,0.3572,0.0000,0.0000,0.0,0.0,0.1800,64.8,31.1,0.310,0,0,0,0,,,,,508,915,,,,,EDC3___SAFB_unrelaxed_rank_004_alphafold2_multimer_v3_model_2_seed_000.pdb
EDC3___SAFB,5,5,A,B,0.0000,0.0,0.0,0.0000,0.2291,0.0000,0.0000,0.0,0.0,0.1700,63.7,31.0,0.300,0,0,0,0,,,,,508,915,,,,,EDC3___SAFB_unrelaxed_rank_005_alphafold2_multimer_v3_model_5_seed_000.pdb
EPB41___GFP,1,3,A,B,0.0000,0.0,0.0,0.0000,0.2373,0.0000,0.0000,0.0,0.0,0.2700,47.1,85.8,0.410,0,0,0,0,,,,,864,238,,,,,EPB41___GFP_unrelaxed_rank_001_alphafold2_multimer_v3_model_3_seed_000.pdb
EPB41___GFP,2,1,A,B,0.0000,0.0,0.0,0.0000,0.2578,0.0000,0.0000,0.0,0.0,0.2700,47.5,85.3,0.400,0,0,0,0,,,,,864,238,,,,,EPB41___GFP_unrelaxed_rank_002_alphafold2_multimer_v3_model_1_seed_000.pdb
EPB41___GFP,3,4,A,B,0.0000,0.0,0.0,0.0000,0.2052,0.0000,0.0000,0.0,0.0,0.2600,45.7,84.6,0.400,0,0,0,0,,,,,864,238,,,,,EPB41___GFP_unrelaxed_rank_003_alphafold2_multimer_v3_model_4_seed_000.pdb
EPB41___GFP,4,5,A,B,0.0000,0.0,0.0,0.0000,0.1592,0.0000,0.0000,0.0,0.0,0.2200,46.2,86.6,0.400,0,0,0,0,,,,,864,238,,,,,EPB41___GFP_unrelaxed_rank_004_alphafold2_multimer_v3_model_5_seed_000.pdb
EPB41___GFP,5,2,A,B,0.0000,0.0,0.0,0.0000,0.1850,0.0000,0.0000,0.0,0.0,0.2000,46.7,88.2,0.400,0,0,0,0,,,,,864,238,,,,,EPB41___GFP_unrelaxed_rank_005_alphafold2_multimer_v3_model_2_seed_000.pdb
EPB41___IBA57,1,1,A,B,0.0000,0.0,0.0,0.0000,0.2550,0.0000,0.0000,0.0,0.0,0.2400,47.0,74.8,0.390,0,0,0,0,,,,,864,356,,,,,EPB41___IBA57_unrelaxed_rank_001_alphafold2_multimer_v3_model_1_seed_000.pdb
EPB41___IBA57,2,2,A,B,0.0000,0.0,0.0,0.0000,0.2901,0.0000,0.0000,0.0,0.0,0.2300,47.3,76.3,0.390,0,0,0,0,,,,,864,356,,,,,EPB41___IBA57_unrelaxed_rank_002_alphafold2_multimer_v3_model_2_seed_000.pdb
EPB41___IBA57,3,4,A,B,0.0000,0.0,0.0,0.0000,0.2557,0.0000,0.0000,0.0,0.0,0.2200,45.3,75.3,0.380,0,0,0,0,,,,,864,356,,,,,EPB41___IBA57_unrelaxed_rank_003_alphafold2_multimer_v3_model_4_seed_000.pdb
EPB41___IBA57,4,5,A,B,0.0000,0.0,0.0,0.0000,0.2246,0.0000,0.0000,0.0,0.0,0.2000,45.9,75.0,0.380,0,0,0,0,,,,,864,356,,,,,EPB41___IBA57_unrelaxed_rank_004_alphafold2_multimer_v3_model_5_seed_000.pdb
EPB41___IBA57,5,3,A,B,0.0000,0.0,0.0,0.0000,0.1933,0.0000,0.0000,0.0,0.0,0.1900,46.5,76.2,0.370,0,0,0,0,,,,,864,356,,,,,EPB41___IBA57_unrelaxed_rank_005_alphafold2_multimer_v3_model_3_seed_000.pdb
GNAS___EDC3,1,3,A,B,0.0896,161.1,14.4,0.0152,0.6997,0.0748,0.1074,998.0,26.0,0.2800,41.0,60.5,0.380,271,11,14,7,91.0,36.5,78.2,37.8,1037,508,"[684-706,735-753,755-756,759-760,762-765,767-775,785-830,833-848,850-855,860-946,949-959,961-963,974-993,1001-1022,1025]",[243-253],"[871-872,874-875,877-878,902,914-915,918-919,922-924]","[243-244,248-251,253]",GNAS___EDC3_unrelaxed_rank_001_alphafold2_multimer_v3_model_3_seed_000.pdb
GNAS___EDC3,2,2,A,B,0.0000,0.0,0.0,0.0000,0.4481,0.0000,0.0000,0.0,0.0,0.2200,40.7,60.8,0.360,0,0,0,0,,,,,1037,508,,,,,GNAS___EDC3_unrelaxed_rank_002_alphafold2_multimer_v3_model_2_seed_000.pdb
GNAS___EDC3,3,1,A,B,0.0000,0.0,0.0,0.0000,0.3382,0.0000,0.0000,0.0,0.0,0.2200,38.2,59.3,0.350,0,0,0,0,,,,,1037,508,,,,,GNAS___EDC3_unrelaxed_rank_003_alphafold2_multimer_v3_model_1_seed_000.pdb
GNAS___EDC3,4,5,A,B,0.0000,0.0,0.0,0.0000,0.2404,0.0000,0.0000,0.0,0.0,0.2100,40.0,59.3,0.350,0,0,0,0,,,,,1037,508,,,,,GNAS___EDC3_unrelaxed_rank_004_alphafold2_multimer_v3_model_5_seed_000.pdb
GNAS___EDC3,5,4,A,B,0.0000,0.0,0.0,0.0000,0.3006,0.0000,0.0000,0.0,0.0,0.1900,38.3,57.8,0.340,0,0,0,0,,,,,1037,508,,,,,GNAS___EDC3_unrelaxed_rank_005_alphafold2_multimer_v3_model_4_seed_000.pdb
MARS2___ATXN2L,1,2,A,B,0.1103,548.2,60.5,0.0157,0.7639,0.0972,0.1252,5671.0,53.0,0.3800,86.5,23.5,0.450,464,28,25,12,94.8,41.1,91.4,42.8,593,1075,"[44-79,86-162,211-248,250-259,261-262,264-271,273-352,355-431,440-549,551-569,574-580]","[228-236,240-257,260]","[376-379,382-385,389-390,393-394,397-398,401-402,405,470-471,474,481,484-485,487-488]","[229,231,233-234,245-247,249-252,255]",MARS2___ATXN2L_unrelaxed_rank_001_alphafold2_multimer_v3_model_2_seed_000.pdb
MARS2___ATXN2L,2,1,A,B,0.0000,0.0,0.0,0.0000,0.5103,0.0074,0.0000,8.0,0.0,0.2800,86.2,23.7,0.440,8,2,0,0,93.4,39.5,,,593,1075,"[238,365,371,377,383-384,397,527]",[247-248],,,MARS2___ATXN2L_unrelaxed_rank_002_alphafold2_multimer_v3_model_1_seed_000.pdb
MARS2___ATXN2L,3,4,A,B,0.0000,0.0,0.0,0.0000,0.2400,0.0000,0.0000,0.0,0.0,0.1900,85.9,20.9,0.430,0,0,0,0,,,,,593,1075,,,,,MARS2___ATXN2L_unrelaxed_rank_003_alphafold2_multimer_v3_model_4_seed_000.pdb
MARS2___ATXN2L,4,3,A,B,0.0000,0.0,0.0,0.0000,0.2034,0.0000,0.0000,0.0,0.0,0.1800,86.6,22.8,0.430,0,0,0,0,,,,,593,1075,,,,,MARS2___ATXN2L_unrelaxed_rank_004_alphafold2_multimer_v3_model_3_seed_000.pdb
MARS2___ATXN2L,5,5,A,B,0.0000,0.0,0.0,0.0000,0.2008,0.0000,0.0000,0.0,0.0,0.1700,87.2,22.6,0.430,0,0,0,0,,,,,593,1075,,,,,MARS2___ATXN2L_unrelaxed_rank_005_alphafold2_multimer_v3_model_5_seed_000.pdb
NBN___PPIB,1,1,A,B,0.1626,282.1,45.9,0.0278,0.6340,0.1340,0.1973,1530.0,52.0,0.5000,48.5,80.9,0.390,12,175,9,19,45.5,91.4,44.3,82.7,754,216,[737-748],[40-214],"[739-741,743-748]","[95,97,100-101,103,111-113,141-144,151,153,159,161-162,165-166]",NBN___PPIB_unrelaxed_rank_001_alphafold2_multimer_v3_model_1_seed_000.pdb
NBN___PPIB,2,2,A,B,0.2246,269.3,60.5,0.0449,0.7650,0.1868,0.2699,1908.0,38.0,0.4900,49.0,83.0,0.400,12,176,8,13,44.2,93.2,42.8,84.7,754,216,[737-748],[40-215],"[739-741,744-748]","[111-114,141-144,151,161-162,165-166]",NBN___PPIB_unrelaxed_rank_002_alphafold2_multimer_v3_model_2_seed_000.pdb
NBN___PPIB,3,4,A,B,0.1597,210.6,33.6,0.0185,0.5695,0.1410,0.1809,1199.0,37.0,0.4900,47.3,80.6,0.390,9,175,8,14,42.5,92.3,43.0,85.5,754,216,[739-747],"[40-207,209-215]",[740-747],"[103,111-113,141-145,147,151,162,165-166]",NBN___PPIB_unrelaxed_rank_003_alphafold2_multimer_v3_model_4_seed_000.pdb
NBN___PPIB,4,3,A,B,0.0484,57.9,2.8,0.0138,0.5389,0.0449,0.0522,372.0,9.0,0.3000,47.3,79.9,0.400,5,166,3,7,32.0,92.3,31.4,84.5,754,216,[741-745],"[40-53,56-113,115-133,135,137-205,207,210-213]",[743-745],"[103,112-113,141-143,151]",NBN___PPIB_unrelaxed_rank_004_alphafold2_multimer_v3_model_3_seed_000.pdb
NBN___PPIB,5,5,A,B,0.0000,0.0,0.0,0.0000,0.2357,0.0000,0.0000,0.0,0.0,0.2200,47.2,80.2,0.400,0,0,0,0,,,,,754,216,,,,,NBN___PPIB_unrelaxed_rank_005_alphafold2_multimer_v3_model_5_seed_000.pdb
NUP107___IBA57,1,1,A,B,0.0000,0.0,0.0,0.0000,0.1979,0.0000,0.0000,0.0,0.0,0.2200,75.0,72.5,0.590,0,0,0,0,,,,,925,356,,,,,NUP107___IBA57_unrelaxed_rank_001_alphafold2_multimer_v3_model_1_seed_000.pdb
NUP107___IBA57,2,3,A,B,0.0000,0.0,0.0,0.0000,0.2000,0.0000,0.0000,0.0,0.0,0.2100,74.4,72.9,0.580,0,0,0,0,,,,,925,356,,,,,NUP107___IBA57_unrelaxed_rank_002_alphafold2_multimer_v3_model_3_seed_000.pdb
NUP107___IBA57,3,4,A,B,0.0000,0.0,0.0,0.0000,0.1881,0.0000,0.0000,0.0,0.0,0.2000,73.6,71.6,0.590,0,0,0,0,,,,,925,356,,,,,NUP107___IBA57_unrelaxed_rank_003_alphafold2_multimer_v3_model_4_seed_000.pdb
NUP107___IBA57,4,2,A,B,0.0000,0.0,0.0,0.0000,0.3707,0.0000,0.0000,0.0,0.0,0.2000,75.2,74.7,0.570,0,0,0,0,,,,,925,356,,,,,NUP107___IBA57_unrelaxed_rank_004_alphafold2_multimer_v3_model_2_seed_000.pdb
NUP107___IBA57,5,5,A,B,0.0000,0.0,0.0,0.0000,0.1726,0.0000,0.0000,0.0,0.0,0.1800,73.8,71.5,0.580,0,0,0,0,,,,,925,356,,,,,NUP107___IBA57_unrelaxed_rank_005_alphafold2_multimer_v3_model_5_seed_000.pdb
NUP107___PPP1R10,1,4,A,B,0.0000,0.0,0.0,0.0000,0.5276,0.0000,0.0000,0.0,0.0,0.2900,75.3,28.5,0.500,0,0,0,0,,,,,925,940,,,,,NUP107___PPP1R10_unrelaxed_rank_001_alphafold2_multimer_v3_model_4_seed_000.pdb
NUP107___PPP1R10,2,3,A,B,0.0796,217.4,17.3,0.0132,0.6736,0.0785,0.0807,1891.0,25.0,0.2800,75.5,29.1,0.490,341,15,14,8,90.6,34.4,90.8,33.4,925,940,"[154-164,170-192,205-231,247-280,300-301,303,328-331,339-388,395-417,420-468,479,487-497,503-535,544-560,562,568-583,585,588-593,595-597,600-608,610,619-625,627-628,630-632,634-639]",[202-216],"[224,250,253-254,267-268,270-272,274,357,359,382-383]","[205-207,209-213]",NUP107___PPP1R10_unrelaxed_rank_002_alphafold2_multimer_v3_model_3_seed_000.pdb
NUP107___PPP1R10,3,2,A,B,0.0904,285.7,25.8,0.0132,0.6721,0.0794,0.1029,1814.0,45.0,0.2800,75.8,29.6,0.480,336,13,20,10,91.9,34.2,92.5,34.7,925,940,"[154-164,170-192,204-233,248-281,300,328,338,340-388,397-417,420-468,488-498,503-535,543-562,567-583,585,587-597,600-607,609,620-625,627,634-640]","[201-212,214]","[220,223-224,227-228,253-254,257,267-268,270-272,274-275,357,359,382-383,457]","[202-203,205-212]",NUP107___PPP1R10_unrelaxed_rank_003_alphafold2_multimer_v3_model_2_seed_000.pdb
NUP107___PPP1R10,4,5,A,B,0.0000,0.0,0.0,0.0000,0.3260,0.0000,0.0000,0.0,0.0,0.2400,75.8,28.9,0.490,0,0,0,0,,,,,925,940,,,,,NUP107___PPP1R10_unrelaxed_rank_004_alphafold2_multimer_v3_model_5_seed_000.pdb
NUP107___PPP1R10,5,1,A,B,0.0000,0.0,0.0,0.0000,0.4739,0.0217,0.0000,4.0,0.0,0.2200,75.6,28.4,0.480,4,1,0,0,86.8,29.0,,,925,940,"[253-254,257-258]",[208],,,NUP107___PPP1R10_unrelaxed_rank_005_alphafold2_multimer_v3_model_1_seed_000.pdb
PDXDC1___STIP1,1,4,A,B,0.0000,0.0,0.0,0.0000,0.1854,0.0000,0.0000,0.0,0.0,0.2000,68.8,75.1,0.500,0,0,0,0,,,,,788,543,,,,,PDXDC1___STIP1_unrelaxed_rank_001_alphafold2_multimer_v3_model_4_seed_000.pdb
PDXDC1___STIP1,2,5,A,B,0.0000,0.0,0.0,0.0000,0.1813,0.0000,0.0000,0.0,0.0,0.1900,69.3,76.3,0.500,0,0,0,0,,,,,788,543,,,,,PDXDC1___STIP1_unrelaxed_rank_002_alphafold2_multimer_v3_model_5_seed_000.pdb
PDXDC1___STIP1,3,3,A,B,0.0000,0.0,0.0,0.0000,0.2069,0.0000,0.0000,0.0,0.0,0.1800,68.9,75.5,0.490,0,0,0,0,,,,,788,543,,,,,PDXDC1___STIP1_unrelaxed_rank_003_alphafold2_multimer_v3_model_3_seed_000.pdb
PDXDC1___STIP1,4,1,A,B,0.0000,0.0,0.0,0.0000,0.1779,0.0000,0.0000,0.0,0.0,0.1700,70.3,72.1,0.490,0,0,0,0,,,,,788,543,,,,,PDXDC1___STIP1_unrelaxed_rank_004_alphafold2_multimer_v3_model_1_seed_000.pdb
PDXDC1___STIP1,5,2,A,B,0.0000,0.0,0.0,0.0000,0.1379,0.0000,0.0000,0.0,0.0,0.1500,70.3,76.2,0.490,0,0,0,0,,,,,788,543,,,,,PDXDC1___STIP1_unrelaxed_rank_005_alphafold2_multimer_v3_model_2_seed_000.pdb
PPIB___XRN2,1,5,A,B,0.2514,2137.3,537.2,0.2419,0.8641,0.1385,0.4561,69213.0,66.0,0.6200,80.9,72.7,0.720,180,519,20,11,92.3,92.8,84.2,74.2,216,950,[37-216],"[2-123,155-262,295-317,325-341,346-348,350,353,359-369,377-397,520,525,534-575,589-620,625-626,628-629,633,649-663,665-679,681-703,707-761,764-781,798-802]","[95,97,99-101,103,112,141-144,151,160-166,191]","[27,29-35,37,184,743]",PPIB___XRN2_unrelaxed_rank_001_alphafold2_multimer_v3_model_5_seed_000.pdb
PPIB___XRN2,2,2,A,B,0.0554,49.7,2.8,0.0111,0.5662,0.0416,0.0738,206.0,12.0,0.4000,79.3,72.5,0.680,115,36,9,4,90.4,83.2,85.0,53.0,216,950,"[42,44-52,56,59-65,68-79,86-88,90-91,93-94,96,98-103,106-109,111,113,118-121,123-132,137-148,150-163,165-167,169-183,186,188,190,194-195,200,202]","[25,27-30,32-41,78,80-82,86-87,89-90,92-94,176,179-182,187-188,735,744,753]","[94,100,103,141-143,151,153,166]","[29,32-34]",PPIB___XRN2_unrelaxed_rank_002_alphafold2_multimer_v3_model_2_seed_000.pdb
PPIB___XRN2,3,3,A,B,0.0000,0.0,0.0,0.0000,0.2245,0.0000,0.0000,0.0,0.0,0.2100,78.0,69.3,0.630,0,0,0,0,,,,,216,950,,,,,PPIB___XRN2_unrelaxed_rank_003_alphafold2_multimer_v3_model_3_seed_000.pdb
PPIB___XRN2,4,4,A,B,0.0000,0.0,0.0,0.0000,0.1729,0.0000,0.0000,0.0,0.0,0.1800,74.9,70.3,0.630,0,0,0,0,,,,,216,950,,,,,PPIB___XRN2_unrelaxed_rank_004_alphafold2_multimer_v3_model_4_seed_000.pdb
PPIB___XRN2,5,1,A,B,0.0000,0.0,0.0,0.0000,0.1848,0.0000,0.0000,0.0,0.0,0.1800,76.8,70.8,0.630,0,0,0,0,,,,,216,950,,,,,PPIB___XRN2_unrelaxed_rank_005_alphafold2_multimer_v3_model_1_seed_000.pdb
PSMA4___IBA57,1,3,A,B,0.0513,183.7,9.4,0.0121,0.3730,0.0456,0.0577,1467.0,23.0,0.3100,71.9,76.6,0.600,31,192,8,9,70.4,90.5,58.1,69.7,261,356,"[34,75-78,121-122,127-136,146-155,159,162,164-165]","[49-53,55-79,94-113,124-143,147-155,157-163,185-200,216-270,277-285,297-301,305-306,309-311,314,317-326,344-345,347-348,350]","[121-122,129-130,151-154]","[72,102,258-264]",PSMA4___IBA57_unrelaxed_rank_001_alphafold2_multimer_v3_model_3_seed_000.pdb
PSMA4___IBA57,2,5,A,B,0.0098,3.0,0.0,0.0000,0.2420,0.0089,0.0108,9.0,1.0,0.2300,70.6,76.1,0.570,2,6,1,1,57.5,82.5,53.1,63.4,261,356,"[130,132]","[67,70,98,105,254,259]",[130],[259],PSMA4___IBA57_unrelaxed_rank_002_alphafold2_multimer_v3_model_5_seed_000.pdb
PSMA4___IBA57,3,2,A,B,0.0000,0.0,0.0,0.0000,0.3147,0.0097,0.0000,44.0,0.0,0.2200,80.9,77.6,0.560,4,36,0,0,62.3,90.4,,,261,356,"[9,20,128-129]","[61,64-65,67-71,75,96-97,100-101,103,105,126,189-190,219-221,224,228,234,243-244,249,251,258,260,265,268-269,276,317,321]",,,PSMA4___IBA57_unrelaxed_rank_003_alphafold2_multimer_v3_model_2_seed_000.pdb
PSMA4___IBA57,4,4,A,B,0.0000,0.0,0.0,0.0000,0.2383,0.0000,0.0000,0.0,0.0,0.2100,72.9,76.4,0.560,0,0,0,0,,,,,261,356,,,,,PSMA4___IBA57_unrelaxed_rank_004_alphafold2_multimer_v3_model_4_seed_000.pdb
PSMA4___IBA57,5,1,A,B,0.0000,0.0,0.0,0.0000,0.2093,0.0000,0.0000,0.0,0.0,0.2100,75.1,76.7,0.560,0,0,0,0,,,,,261,356,,,,,PSMA4___IBA57_unrelaxed_rank_005_alphafold2_multimer_v3_model_1_seed_000.pdb
SGPL1___GFP,1,4,A,B,0.0000,0.0,0.0,0.0000,0.1247,0.0000,0.0000,0.0,0.0,0.1500,85.1,86.2,0.630,0,0,0,0,,,,,568,238,,,,,SGPL1___GFP_unrelaxed_rank_001_alphafold2_multimer_v3_model_4_seed_000.pdb
SGPL1___GFP,2,2,A,B,0.0000,0.0,0.0,0.0000,0.1037,0.0000,0.0000,0.0,0.0,0.1200,86.1,87.9,0.620,0,0,0,0,,,,,568,238,,,,,SGPL1___GFP_unrelaxed_rank_002_alphafold2_multimer_v3_model_2_seed_000.pdb
SGPL1___GFP,3,5,A,B,0.0000,0.0,0.0,0.0000,0.1219,0.0000,0.0000,0.0,0.0,0.1200,83.7,89.2,0.610,0,0,0,0,,,,,568,238,,,,,SGPL1___GFP_unrelaxed_rank_003_alphafold2_multimer_v3_model_5_seed_000.pdb
SGPL1___GFP,4,3,A,B,0.0000,0.0,0.0,0.0000,0.1032,0.0000,0.0000,0.0,0.0,0.1100,85.4,88.3,0.620,0,0,0,0,,,,,568,238,,,,,SGPL1___GFP_unrelaxed_rank_004_alphafold2_multimer_v3_model_3_seed_000.pdb
SGPL1___GFP,5,1,A,B,0.0000,0.0,0.0,0.0000,0.1037,0.0000,0.0000,0.0,0.0,0.1100,84.7,87.9,0.610,0,0,0,0,,,,,568,238,,,,,SGPL1___GFP_unrelaxed_rank_005_alphafold2_multimer_v3_model_1_seed_000.pdb
STIP1___PPP1R10,1,3,A,B,0.2604,297.0,77.3,0.0261,0.8603,0.1626,0.4171,3042.0,29.0,0.3400,81.0,31.7,0.310,230,22,6,7,91.8,52.1,87.5,55.4,543,940,"[222-425,427,429-441,443-444,446-455]",[412-433],"[324-325,327-329,331]","[417,420-425]",STIP1___PPP1R10_unrelaxed_rank_001_alphafold2_multimer_v3_model_3_seed_000.pdb
STIP1___PPP1R10,2,5,A,B,0.1995,230.1,45.9,0.0190,0.7682,0.1316,0.3025,2118.0,25.0,0.3200,81.9,31.4,0.310,224,16,6,6,92.8,48.2,89.0,50.2,543,940,"[222-425,429,431-441,443-444,446-449,451-452]",[414-429],"[324-325,327-329,331]",[420-425],STIP1___PPP1R10_unrelaxed_rank_002_alphafold2_multimer_v3_model_5_seed_000.pdb
STIP1___PPP1R10,3,4,A,B,0.1210,116.3,14.1,0.0201,0.6322,0.0942,0.1556,795.0,17.0,0.2700,79.8,31.0,0.300,123,12,5,5,91.8,47.9,86.7,48.3,543,940,"[225-226,229,234-236,241-253,255-272,274-352,364,366,370,376-378,389]",[416-427],"[324,327-329,331]","[420-422,424-425]",STIP1___PPP1R10_unrelaxed_rank_003_alphafold2_multimer_v3_model_4_seed_000.pdb
STIP1___PPP1R10,4,2,A,B,0.0000,0.0,0.0,0.0000,0.2146,0.0000,0.0000,0.0,0.0,0.1700,84.3,31.3,0.300,0,0,0,0,,,,,543,940,,,,,STIP1___PPP1R10_unrelaxed_rank_004_alphafold2_multimer_v3_model_2_seed_000.pdb
STIP1___PPP1R10,5,1,A,B,0.0000,0.0,0.0,0.0000,0.1643,0.0000,0.0000,0.0,0.0,0.1700,82.6,30.7,0.300,0,0,0,0,,,,,543,940,,,,,STIP1___PPP1R10_unrelaxed_rank_005_alphafold2_multimer_v3_model_1_seed_000.pdb
TXN___ACTR2,1,5,A,B,0.0000,0.0,0.0,0.0000,0.1530,0.0000,0.0000,0.0,0.0,0.1900,84.7,90.4,0.750,0,0,0,0,,,,,105,394,,,,,TXN___ACTR2_unrelaxed_rank_001_alphafold2_multimer_v3_model_5_seed_000.pdb
TXN___ACTR2,2,3,A,B,0.0000,0.0,0.0,0.0000,0.1610,0.0000,0.0000,0.0,0.0,0.1800,84.2,90.3,0.750,0,0,0,0,,,,,105,394,,,,,TXN___ACTR2_unrelaxed_rank_002_alphafold2_multimer_v3_model_3_seed_000.pdb
TXN___ACTR2,3,4,A,B,0.0000,0.0,0.0,0.0000,0.1484,0.0000,0.0000,0.0,0.0,0.1700,81.0,89.6,0.750,0,0,0,0,,,,,105,394,,,,,TXN___ACTR2_unrelaxed_rank_003_alphafold2_multimer_v3_model_4_seed_000.pdb
TXN___ACTR2,4,2,A,B,0.0000,0.0,0.0,0.0000,0.1506,0.0000,0.0000,0.0,0.0,0.1700,82.6,89.6,0.750,0,0,0,0,,,,,105,394,,,,,TXN___ACTR2_unrelaxed_rank_004_alphafold2_multimer_v3_model_2_seed_000.pdb
TXN___ACTR2,5,1,A,B,0.0000,0.0,0.0,0.0000,0.1181,0.0000,0.0000,0.0,0.0,0.1600,79.9,87.5,0.720,0,0,0,0,,,,,105,394,,,,,TXN___ACTR2_unrelaxed_rank_005_alphafold2_multimer_v3_model_1_seed_000.pdb
TXN___NUP107,1,4,A,B,0.0000,0.0,0.0,0.0000,0.1540,0.0000,0.0000,0.0,0.0,0.1600,71.3,73.4,0.670,0,0,0,0,,,,,105,925,,,,,TXN___NUP107_unrelaxed_rank_001_alphafold2_multimer_v3_model_4_seed_000.pdb
TXN___NUP107,2,5,A,B,0.0000,0.0,0.0,0.0000,0.1579,0.0000,0.0000,0.0,0.0,0.1600,77.8,74.2,0.680,0,0,0,0,,,,,105,925,,,,,TXN___NUP107_unrelaxed_rank_002_alphafold2_multimer_v3_model_5_seed_000.pdb
TXN___NUP107,3,3,A,B,0.0000,0.0,0.0,0.0000,0.1191,0.0000,0.0000,0.0,0.0,0.1600,75.8,73.6,0.670,0,0,0,0,,,,,105,925,,,,,TXN___NUP107_unrelaxed_rank_003_alphafold2_multimer_v3_model_3_seed_000.pdb
TXN___NUP107,4,2,A,B,0.0000,0.0,0.0,0.0000,0.1362,0.0000,0.0000,0.0,0.0,0.1500,72.8,74.7,0.670,0,0,0,0,,,,,105,925,,,,,TXN___NUP107_unrelaxed_rank_004_alphafold2_multimer_v3_model_2_seed_000.pdb
TXN___NUP107,5,1,A,B,0.0000,0.0,0.0,0.0000,0.1507,0.0000,0.0000,0.0,0.0,0.1400,72.3,74.4,0.670,0,0,0,0,,,,,105,925,,,,,TXN___NUP107_unrelaxed_rank_005_alphafold2_multimer_v3_model_1_seed_000.pdb
TXN___PDXDC1,1,1,A,B,0.0000,0.0,0.0,0.0000,0.1853,0.0000,0.0000,0.0,0.0,0.2000,75.9,70.6,0.640,0,0,0,0,,,,,105,788,,,,,TXN___PDXDC1_unrelaxed_rank_001_alphafold2_multimer_v3_model_1_seed_000.pdb
TXN___PDXDC1,2,5,A,B,0.0000,0.0,0.0,0.0000,0.1861,0.0000,0.0000,0.0,0.0,0.1900,82.4,70.3,0.650,0,0,0,0,,,,,105,788,,,,,TXN___PDXDC1_unrelaxed_rank_002_alphafold2_multimer_v3_model_5_seed_000.pdb
TXN___PDXDC1,3,4,A,B,0.0000,0.0,0.0,0.0000,0.1597,0.0000,0.0000,0.0,0.0,0.1900,78.0,70.5,0.650,0,0,0,0,,,,,105,788,,,,,TXN___PDXDC1_unrelaxed_rank_003_alphafold2_multimer_v3_model_4_seed_000.pdb
TXN___PDXDC1,4,2,A,B,0.0000,0.0,0.0,0.0000,0.1552,0.0000,0.0000,0.0,0.0,0.1800,80.0,71.6,0.650,0,0,0,0,,,,,105,788,,,,,TXN___PDXDC1_unrelaxed_rank_004_alphafold2_multimer_v3_model_2_seed_000.pdb
TXN___PDXDC1,5,3,A,B,0.0000,0.0,0.0,0.0000,0.1736,0.0000,0.0000,0.0,0.0,0.1600,81.8,70.0,0.640,0,0,0,0,,,,,105,788,,,,,TXN___PDXDC1_unrelaxed_rank_005_alphafold2_multimer_v3_model_3_seed_000.pdb
TXN___PSMA4,1,4,A,B,0.0000,0.0,0.0,0.0000,0.1349,0.0107,0.0000,32.0,0.0,0.1500,82.9,71.5,0.580,30,2,0,0,85.9,87.2,,,105,261,"[11,23,25,27,37,40-41,43,55-57,61,67,69-70,76-80,86-89,95,97-101]",[135-136],,,TXN___PSMA4_unrelaxed_rank_001_alphafold2_multimer_v3_model_4_seed_000.pdb
TXN___PSMA4,2,1,A,B,0.0000,0.0,0.0,0.0000,0.1477,0.0126,0.0000,5.0,0.0,0.1500,81.3,72.3,0.590,5,1,0,0,87.0,88.2,,,105,261,"[61,77,79-80,98]",[136],,,TXN___PSMA4_unrelaxed_rank_002_alphafold2_multimer_v3_model_1_seed_000.pdb
TXN___PSMA4,3,2,A,B,0.0000,0.0,0.0,0.0000,0.1473,0.0000,0.0000,0.0,0.0,0.1500,83.0,71.0,0.570,0,0,0,0,,,,,105,261,,,,,TXN___PSMA4_unrelaxed_rank_003_alphafold2_multimer_v3_model_2_seed_000.pdb
TXN___PSMA4,4,5,A,B,0.0000,0.0,0.0,0.0000,0.1735,0.0109,0.0000,11.0,0.0,0.1600,83.8,64.0,0.530,11,1,0,0,86.1,71.1,,,105,261,"[40,61,67,77,79,94-95,98-101]",[136],,,TXN___PSMA4_unrelaxed_rank_004_alphafold2_multimer_v3_model_5_seed_000.pdb
TXN___PSMA4,5,3,A,B,0.0000,0.0,0.0,0.0000,0.1398,0.0000,0.0000,0.0,0.0,0.1500,84.1,70.2,0.560,0,0,0,0,,,,,105,261,,,,,TXN___PSMA4_unrelaxed_rank_005_alphafold2_multimer_v3_model_3_seed_000.pdb
ACTR2___PSMA2,1,4,A,B,0.0000,0.0,0.0,0.0000,0.1452,0.0000,0.0000,0.0,0.0,0.1800,89.4,76.7,0.640,0,0,0,0,,,,,394,234,,,,,ACTR2___PSMA2_unrelaxed_rank_001_alphafold2_multimer_v3_model_4_seed_000.pdb
ACTR2___PSMA2,2,2,A,B,0.0000,0.0,0.0,0.0000,0.1450,0.0000,0.0000,0.0,0.0,0.1600,90.0,86.6,0.610,0,0,0,0,,,,,394,234,,,,,ACTR2___PSMA2_unrelaxed_rank_002_alphafold2_multimer_v3_model_2_seed_000.pdb
ACTR2___PSMA2,3,1,A,B,0.0000,0.0,0.0,0.0000,0.1365,0.0000,0.0000,0.0,0.0,0.1400,87.6,79.8,0.610,0,0,0,0,,,,,394,234,,,,,ACTR2___PSMA2_unrelaxed_rank_003_alphafold2_multimer_v3_model_1_seed_000.pdb
ACTR2___PSMA2,4,3,A,B,0.0000,0.0,0.0,0.0000,0.1105,0.0000,0.0000,0.0,0.0,0.1300,89.9,78.9,0.630,0,0,0,0,,,,,394,234,,,,,ACTR2___PSMA2_unrelaxed_rank_004_alphafold2_multimer_v3_model_3_seed_000.pdb
ACTR2___PSMA2,5,5,A,B,0.0000,0.0,0.0,0.0000,0.1168,0.0000,0.0000,0.0,0.0,0.1200,89.9,79.2,0.620,0,0,0,0,,,,,394,234,,,,,ACTR2___PSMA2_unrelaxed_rank_005_alphafold2_multimer_v3_model_5_seed_000.pdb
ALDH1L2___XPNPEP1,1,3,A,B,0.0000,0.0,0.0,0.0000,0.0000,0.0000,0.0000,0.0,0.0,0.1700,89.4,92.9,0.470,0,0,0,0,,,,,923,623,,,,,ALDH1L2___XPNPEP1_unrelaxed_rank_001_alphafold2_multimer_v3_model_3_seed_000.pdb
ALDH1L2___XPNPEP1,2,1,A,B,0.0000,0.0,0.0,0.0000,0.1655,0.0000,0.0000,0.0,0.0,0.1600,87.6,92.7,0.470,0,0,0,0,,,,,923,623,,,,,ALDH1L2___XPNPEP1_unrelaxed_rank_002_alphafold2_multimer_v3_model_1_seed_000.pdb
ALDH1L2___XPNPEP1,3,5,A,B,0.0000,0.0,0.0,0.0000,0.1458,0.0000,0.0000,0.0,0.0,0.1600,87.5,92.3,0.470,0,0,0,0,,,,,923,623,,,,,ALDH1L2___XPNPEP1_unrelaxed_rank_003_alphafold2_multimer_v3_model_5_seed_000.pdb
ALDH1L2___XPNPEP1,4,2,A,B,0.0000,0.0,0.0,0.0000,0.1593,0.0000,0.0000,0.0,0.0,0.1600,88.7,92.4,0.470,0,0,0,0,,,,,923,623,,,,,ALDH1L2___XPNPEP1_unrelaxed_rank_004_alphafold2_multimer_v3_model_2_seed_000.pdb
ALDH1L2___XPNPEP1,5,4,A,B,0.0000,0.0,0.0,0.0000,0.0000,0.0000,0.0000,0.0,0.0,0.1600,88.3,92.7,0.470,0,0,0,0,,,,,923,623,,,,,ALDH1L2___XPNPEP1_unrelaxed_rank_005_alphafold2_multimer_v3_model_4_seed_000.pdb
CIP2A___MRPL12,1,4,A,B,0.0246,42.0,1.0,0.0000,0.4871,0.0192,0.0317,221.0,8.0,0.2000,70.8,38.9,0.530,113,5,5,3,90.7,42.9,76.0,42.9,905,198,"[122,124,126,128,142-151,160-162,164-170,173,176,178-179,189-192,194-198,203-204,207,211,214,232-237,239-240,251-265,268-273,277-286,298-309,311-317,345,361-362,364-366,368-370,419,423,479,486]","[79,82-83,85-86]","[197-198,233,236-237]","[82-83,86]",CIP2A___MRPL12_unrelaxed_rank_001_alphafold2_multimer_v3_model_4_seed_000.pdb
CIP2A___MRPL12,2,1,A,B,0.0057,3.0,0.0,0.0000,0.4151,0.0099,0.0033,9.0,1.0,0.2000,76.5,36.7,0.530,9,1,1,1,90.4,39.9,85.5,39.9,905,198,"[190,192-194,196-197,285,304,307]",[82],[197],[82],CIP2A___MRPL12_unrelaxed_rank_002_alphafold2_multimer_v3_model_1_seed_000.pdb
CIP2A___MRPL12,3,3,A,B,0.0000,0.0,0.0,0.0000,0.2869,0.0000,0.0000,0.0,0.0,0.2000,75.1,39.0,0.530,0,0,0,0,,,,,905,198,,,,,CIP2A___MRPL12_unrelaxed_rank_003_alphafold2_multimer_v3_model_3_seed_000.pdb
CIP2A___MRPL12,4,5,A,B,0.0000,0.0,0.0,0.0000,0.1575,0.0000,0.0000,0.0,0.0,0.1600,76.5,38.4,0.540,0,0,0,0,,,,,905,198,,,,,CIP2A___MRPL12_unrelaxed_rank_004_alphafold2_multimer_v3_model_5_seed_000.pdb
CIP2A___MRPL12,5,2,A,B,0.0000,0.0,0.0,0.0000,0.1546,0.0000,0.0000,0.0,0.0,0.1500,76.7,41.5,0.530,0,0,0,0,,,,,905,198,,,,,CIP2A___MRPL12_unrelaxed_rank_005_alphafold2_multimer_v3_model_2_seed_000.pdb
EPB41___NUP107,1,3,A,B,0.1122,420.8,47.2,0.0143,0.6990,0.0803,0.1567,5712.0,31.0,0.3700,46.5,75.0,0.540,134,339,10,11,84.4,89.9,69.8,78.5,864,925,"[236,239-240,250-251,253-254,264,284-286,288-289,301-304,306-310,312-313,324,331,367,380,382-383,385-389,392-393,395,398,400-401,403-405,410-423,428,430-444,446-467,470-491,508-509,511-513,516-519,703-709]","[154-163,171-192,205-231,248-281,287-307,319-385,402-467,488-497,501,503-535,545-560,567-583,588-593,595-596,600-602,604-605,624-625]","[433,435-436,438,452-455,460,706]","[250,254,289,291,299,338,341-342,344-345,383]",EPB41___NUP107_unrelaxed_rank_001_alphafold2_multimer_v3_model_3_seed_000.pdb
EPB41___NUP107,2,2,A,B,0.0211,58.8,1.2,0.0000,0.5761,0.0199,0.0223,384.0,9.0,0.2400,44.1,75.0,0.490,7,173,4,7,35.4,92.0,35.7,89.8,864,925,[703-709],"[157-159,174,178,180-181,187,210-219,221-226,228-231,249-278,346-360,363,365-366,368-369,371-373,375,378-379,381-383,385,404,406-409,411-412,422-427,429-435,437-438,444-466,489-492,494,504,507,512-517,519-521,523-525,527-528,546-548,550-555,558-560,572,574,577,579-581,593]","[703-705,707]","[250,254,257,270-271,357,461]",EPB41___NUP107_unrelaxed_rank_002_alphafold2_multimer_v3_model_2_seed_000.pdb
EPB41___NUP107,3,1,A,B,0.0048,2.6,0.0,0.0000,0.5404,0.0051,0.0046,7.0,1.0,0.2400,43.8,74.3,0.480,3,7,1,1,32.0,91.5,35.5,94.1,864,925,"[704,706-707]","[263,266,271,355,369,411,426]",[706],[271],EPB41___NUP107_unrelaxed_rank_003_alphafold2_multimer_v3_model_1_seed_000.pdb
EPB41___NUP107,4,4,A,B,0.0000,0.0,0.0,0.0000,0.3691,0.0000,0.0000,0.0,0.0,0.2200,42.5,73.2,0.490,0,0,0,0,,,,,864,925,,,,,EPB41___NUP107_unrelaxed_rank_004_alphafold2_multimer_v3_model_4_seed_000.pdb
EPB41___NUP107,5,5,A,B,0.0000,0.0,0.0,0.0000,0.3008,0.0000,0.0000,0.0,0.0,0.2100,43.9,73.7,0.490,0,0,0,0,,,,,864,925,,,,,EPB41___NUP107_unrelaxed_rank_005_alphafold2_multimer_v3_model_5_seed_000.pdb
GNAI3___ATXN2L,1,1,A,B,0.0570,48.7,2.8,0.0145,0.5305,0.0449,0.0723,158.0,15.0,0.4900,85.3,24.4,0.350,93,11,7,5,90.5,49.6,79.2,44.1,354,1075,"[52,55,62,66,70,81,83,86,95,104,107-108,123-124,127,130-131,135-137,139-140,146,153-157,167,169,182-190,195-196,198-199,204-207,209-210,212,219,222,227,232-233,236,243,247,251,253-255,264-266,268,270-271,273-275,278-279,282-285,289,295,298-307,310,321,323,328]","[312-318,330-333]","[183-186,199,204,236]","[316,330-333]",GNAI3___ATXN2L_unrelaxed_rank_001_alphafold2_multimer_v3_model_1_seed_000.pdb
GNAI3___ATXN2L,2,5,A,B,0.0000,0.0,0.0,0.0000,0.2989,0.0000,0.0000,0.0,0.0,0.2700,85.8,23.6,0.350,0,0,0,0,,,,,354,1075,,,,,GNAI3___ATXN2L_unrelaxed_rank_002_alphafold2_multimer_v3_model_5_seed_000.pdb
GNAI3___ATXN2L,3,2,A,B,0.0000,0.0,0.0,0.0000,0.3842,0.0000,0.0000,0.0,0.0,0.2600,81.6,23.3,0.340,0,0,0,0,,,,,354,1075,,,,,GNAI3___ATXN2L_unrelaxed_rank_003_alphafold2_multimer_v3_model_2_seed_000.pdb
GNAI3___ATXN2L,4,4,A,B,0.0000,0.0,0.0,0.0000,0.2654,0.0000,0.0000,0.0,0.0,0.2600,78.5,21.4,0.340,0,0,0,0,,,,,354,1075,,,,,GNAI3___ATXN2L_unrelaxed_rank_004_alphafold2_multimer_v3_model_4_seed_000.pdb
GNAI3___ATXN2L,5,3,A,B,0.0000,0.0,0.0,0.0000,0.2595,0.0000,0.0000,0.0,0.0,0.2200,82.1,24.1,0.350,0,0,0,0,,,,,354,1075,,,,,GNAI3___ATXN2L_unrelaxed_rank_005_alphafold2_multimer_v3_model_3_seed_000.pdb
GNAI3___STIP1,1,5,A,B,0.0000,0.0,0.0,0.0000,0.2097,0.0000,0.0000,0.0,0.0,0.2000,84.9,79.1,0.430,0,0,0,0,,,,,354,543,,,,,GNAI3___STIP1_unrelaxed_rank_001_alphafold2_multimer_v3_model_5_seed_000.pdb
GNAI3___STIP1,2,1,A,B,0.0000,0.0,0.0,0.0000,0.2099,0.0000,0.0000,0.0,0.0,0.1900,82.3,76.6,0.430,0,0,0,0,,,,,354,543,,,,,GNAI3___STIP1_unrelaxed_rank_002_alphafold2_multimer_v3_model_1_seed_000.pdb
GNAI3___STIP1,3,4,A,B,0.0000,0.0,0.0,0.0000,0.1385,0.0000,0.0000,0.0,0.0,0.1600,81.9,75.4,0.430,0,0,0,0,,,,,354,543,,,,,GNAI3___STIP1_unrelaxed_rank_003_alphafold2_multimer_v3_model_4_seed_000.pdb
GNAI3___STIP1,4,3,A,B,0.0000,0.0,0.0,0.0000,0.1840,0.0000,0.0000,0.0,0.0,0.1600,84.6,77.0,0.430,0,0,0,0,,,,,354,543,,,,,GNAI3___STIP1_unrelaxed_rank_004_alphafold2_multimer_v3_model_3_seed_000.pdb
GNAI3___STIP1,5,2,A,B,0.0000,0.0,0.0,0.0000,0.1849,0.0000,0.0000,0.0,0.0,0.1600,82.0,78.3,0.420,0,0,0,0,,,,,354,543,,,,,GNAI3___STIP1_unrelaxed_rank_005_alphafold2_multimer_v3_model_2_seed_000.pdb
GNAS___MRPL15,1,5,A,B,0.0000,0.0,0.0,0.0000,0.2922,0.0000,0.0000,0.0,0.0,0.2100,40.9,70.3,0.370,0,0,0,0,,,,,1037,296,,,,,GNAS___MRPL15_unrelaxed_rank_001_alphafold2_multimer_v3_model_5_seed_000.pdb
GNAS___MRPL15,2,3,A,B,0.0000,0.0,0.0,0.0000,0.3850,0.0000,0.0000,0.0,0.0,0.2100,41.2,69.6,0.370,0,0,0,0,,,,,1037,296,,,,,GNAS___MRPL15_unrelaxed_rank_002_alphafold2_multimer_v3_model_3_seed_000.pdb
GNAS___MRPL15,3,4,A,B,0.0000,0.0,0.0,0.0000,0.1885,0.0000,0.0000,0.0,0.0,0.1900,39.1,65.9,0.360,0,0,0,0,,,,,1037,296,,,,,GNAS___MRPL15_unrelaxed_rank_003_alphafold2_multimer_v3_model_4_seed_000.pdb
GNAS___MRPL15,4,1,A,B,0.0000,0.0,0.0,0.0000,0.1903,0.0000,0.0000,0.0,0.0,0.1900,39.9,70.7,0.360,0,0,0,0,,,,,1037,296,,,,,GNAS___MRPL15_unrelaxed_rank_004_alphafold2_multimer_v3_model_1_seed_000.pdb
GNAS___MRPL15,5,2,A,B,0.0000,0.0,0.0,0.0000,0.1685,0.0000,0.0000,0.0,0.0,0.1700,40.9,70.0,0.370,0,0,0,0,,,,,1037,296,,,,,GNAS___MRPL15_unrelaxed_rank_005_alphafold2_multimer_v3_model_2_seed_000.pdb
MRPL12___TXLNA,1,5,A,B,0.0000,0.0,0.0,0.0000,0.2408,0.0000,0.0000,0.0,0.0,0.1500,47.0,60.0,0.240,0,0,0,0,,,,,198,546,,,,,MRPL12___TXLNA_unrelaxed_rank_001_alphafold2_multimer_v3_model_5_seed_000.pdb
MRPL12___TXLNA,2,3,A,B,0.0000,0.0,0.0,0.0000,0.2063,0.0000,0.0000,0.0,0.0,0.1400,47.2,63.0,0.260,0,0,0,0,,,,,198,546,,,,,MRPL12___TXLNA_unrelaxed_rank_002_alphafold2_multimer_v3_model_3_seed_000.pdb
MRPL12___TXLNA,3,1,A,B,0.0000,0.0,0.0,0.0000,0.2595,0.0000,0.0000,0.0,0.0,0.1400,45.6,60.9,0.230,0,0,0,0,,,,,198,546,,,,,MRPL12___TXLNA_unrelaxed_rank_003_alphafold2_multimer_v3_model_1_seed_000.pdb
MRPL12___TXLNA,4,2,A,B,0.0000,0.0,0.0,0.0000,0.1882,0.0000,0.0000,0.0,0.0,0.1300,49.5,58.3,0.210,0,0,0,0,,,,,198,546,,,,,MRPL12___TXLNA_unrelaxed_rank_004_alphafold2_multimer_v3_model_2_seed_000.pdb
MRPL12___TXLNA,5,4,A,B,0.0000,0.0,0.0,0.0000,0.2033,0.0000,0.0000,0.0,0.0,0.1300,48.7,54.9,0.200,0,0,0,0,,,,,198,546,,,,,MRPL12___TXLNA_unrelaxed_rank_005_alphafold2_multimer_v3_model_4_seed_000.pdb
NBN___SAFB,1,3,A,B,0.3256,880.1,286.6,0.1464,0.9244,0.2602,0.4075,6052.0,128.0,0.3800,48.4,30.6,0.330,305,22,30,18,89.7,50.3,87.2,54.1,754,915,"[1-6,15-36,38,40-52,54-100,104-255,260-276,282-328]",[205-226],"[117-122,125-126,129,139-142,156-160,162,202-205,306-312]","[206-222,224]",NBN___SAFB_unrelaxed_rank_001_alphafold2_multimer_v3_model_3_seed_000.pdb
NBN___SAFB,2,5,A,B,0.3316,968.3,321.1,0.1272,0.9280,0.2636,0.4173,7213.0,130.0,0.3800,48.9,31.2,0.330,312,24,32,19,89.9,54.9,88.1,56.0,754,915,"[1-6,15-36,38,40-100,104-255,259-276,279,282-331,333]",[205-228],"[117-122,125-126,129,138-142,156-160,162,202-204,237,274,306-312]","[206-213,215-221,223,225,227-228]",NBN___SAFB_unrelaxed_rank_002_alphafold2_multimer_v3_model_5_seed_000.pdb
NBN___SAFB,3,1,A,B,0.3330,711.4,236.9,0.1233,0.9383,0.2559,0.4333,4820.0,105.0,0.3600,49.2,30.7,0.330,297,20,33,14,90.3,46.7,87.9,50.3,754,915,"[1-6,15-28,30-35,38,40-52,63-83,87-100,104-255,260-277,280,282-332]",[206-225],"[117-122,125-126,129,139-142,156-162,202-205,237-238,274,306-308,310-312]","[206,208-210,212-218,220-222]",NBN___SAFB_unrelaxed_rank_003_alphafold2_multimer_v3_model_1_seed_000.pdb
NBN___SAFB,4,2,A,B,0.3065,908.5,278.4,0.0662,0.9138,0.2425,0.3873,6206.0,133.0,0.3500,50.1,31.2,0.340,297,23,33,18,92.0,47.2,88.4,49.0,754,915,"[1-7,15-28,30-36,38,40-52,57,59-60,63-84,87-100,104-206,210-255,258-276,282-329]",[205-227],"[117-122,125-126,129,139-142,156-160,162,201-205,237-238,306-312]","[206,208-213,215-222,224-225,227]",NBN___SAFB_unrelaxed_rank_004_alphafold2_multimer_v3_model_2_seed_000.pdb
NBN___SAFB,5,4,A,B,0.2799,711.8,199.2,0.0478,0.8948,0.2229,0.3514,4872.0,104.0,0.3400,48.4,29.9,0.320,285,20,30,16,91.1,47.7,87.2,50.4,754,915,"[1-6,15-28,30-35,38,40-52,63-83,87-100,104-206,210-255,262-275,282-328]",[205-224],"[117-122,125-126,129,139-142,156-160,162,202-205,237-238,306-308,310-311]","[206-218,220-222]",NBN___SAFB_unrelaxed_rank_005_alphafold2_multimer_v3_model_4_seed_000.pdb
NUP107___MRPL15,1,1,A,B,0.0902,227.7,20.5,0.0126,0.6055,0.0689,0.1182,1852.0,28.0,0.4600,76.1,70.7,0.630,87,100,6,9,90.1,85.1,65.9,79.2,925,296,"[743-767,769-774,780-818,820,848,852,854-865,867,902]","[92-95,104-105,115-120,135-140,154-160,167,174-188,190,192,196,199-226,228-229,233,258-274,283,290-296]","[782-783,786-787,789-790]","[205,208,211,215,223-225,262,296]",NUP107___MRPL15_unrelaxed_rank_001_alphafold2_multimer_v3_model_1_seed_000.pdb
NUP107___MRPL15,2,2,A,B,0.0546,95.1,5.2,0.0122,0.5785,0.0464,0.0641,603.0,15.0,0.4100,75.6,67.0,0.610,34,56,6,7,81.7,83.8,61.6,77.4,925,296,"[754,758,761-762,764-766,769,781-805,809]","[104,137-138,155-157,159,167,175-184,186-187,200-202,204-224,226,259-267,270-271]","[782-783,786-787,789-790]","[205,207-208,211,215,223,262]",NUP107___MRPL15_unrelaxed_rank_002_alphafold2_multimer_v3_model_2_seed_000.pdb
NUP107___MRPL15,3,3,A,B,0.0000,0.0,0.0,0.0000,0.1730,0.0000,0.0000,0.0,0.0,0.1800,73.9,64.2,0.600,0,0,0,0,,,,,925,296,,,,,NUP107___MRPL15_unrelaxed_rank_003_alphafold2_multimer_v3_model_3_seed_000.pdb
NUP107___MRPL15,4,4,A,B,0.0000,0.0,0.0,0.0000,0.1220,0.0000,0.0000,0.0,0.0,0.1600,73.8,64.7,0.580,0,0,0,0,,,,,925,296,,,,,NUP107___MRPL15_unrelaxed_rank_004_alphafold2_multimer_v3_model_4_seed_000.pdb
NUP107___MRPL15,5,5,A,B,0.0000,0.0,0.0,0.0000,0.2286,0.0000,0.0000,0.0,0.0,0.1500,74.7,66.4,0.590,0,0,0,0,,,,,925,296,,,,,NUP107___MRPL15_unrelaxed_rank_005_alphafold2_multimer_v3_model_5_seed_000.pdb
PPIB___ASPH,1,5,A,B,0.0000,0.0,0.0,0.0000,0.2156,0.0000,0.0000,0.0,0.0,0.2400,79.4,60.4,0.500,0,0,0,0,,,,,216,758,,,,,PPIB___ASPH_unrelaxed_rank_001_alphafold2_multimer_v3_model_5_seed_000.pdb
PPIB___ASPH,2,4,A,B,0.0000,0.0,0.0,0.0000,0.2389,0.0000,0.0000,0.0,0.0,0.2300,73.0,59.3,0.500,0,0,0,0,,,,,216,758,,,,,PPIB___ASPH_unrelaxed_rank_002_alphafold2_multimer_v3_model_4_seed_000.pdb
PPIB___ASPH,3,2,A,B,0.0000,0.0,0.0,0.0000,0.1753,0.0000,0.0000,0.0,0.0,0.2000,79.5,61.3,0.480,0,0,0,0,,,,,216,758,,,,,PPIB___ASPH_unrelaxed_rank_003_alphafold2_multimer_v3_model_2_seed_000.pdb
PPIB___ASPH,4,3,A,B,0.0000,0.0,0.0,0.0000,0.1523,0.0000,0.0000,0.0,0.0,0.1700,78.1,59.8,0.480,0,0,0,0,,,,,216,758,,,,,PPIB___ASPH_unrelaxed_rank_004_alphafold2_multimer_v3_model_3_seed_000.pdb
PPIB___ASPH,5,1,A,B,0.0000,0.0,0.0,0.0000,0.1822,0.0000,0.0000,0.0,0.0,0.1500,78.3,60.5,0.480,0,0,0,0,,,,,216,758,,,,,PPIB___ASPH_unrelaxed_rank_005_alphafold2_multimer_v3_model_1_seed_000.pdb
PPIB___ATXN2L,1,4,A,B,0.1242,310.0,38.5,0.0156,0.6612,0.1312,0.1175,1434.0,67.0,0.4600,82.5,23.5,0.270,176,12,25,10,93.4,32.1,87.7,32.8,216,1075,[40-215],"[1059,1061-1071]","[94-95,97,100,103,105-106,109,111-115,141-143,149-151,153,161-162,165-166,191]","[1061-1068,1070-1071]",PPIB___ATXN2L_unrelaxed_rank_001_alphafold2_multimer_v3_model_4_seed_000.pdb
PPIB___ATXN2L,2,3,A,B,0.0000,0.0,0.0,0.0000,0.1878,0.0000,0.0000,0.0,0.0,0.1700,83.5,26.7,0.260,0,0,0,0,,,,,216,1075,,,,,PPIB___ATXN2L_unrelaxed_rank_002_alphafold2_multimer_v3_model_3_seed_000.pdb
PPIB___ATXN2L,3,1,A,B,0.0000,0.0,0.0,0.0000,0.1760,0.0000,0.0000,0.0,0.0,0.1600,86.8,25.6,0.270,0,0,0,0,,,,,216,1075,,,,,PPIB___ATXN2L_unrelaxed_rank_003_alphafold2_multimer_v3_model_1_seed_000.pdb
PPIB___ATXN2L,4,2,A,B,0.0000,0.0,0.0,0.0000,0.1757,0.0000,0.0000,0.0,0.0,0.1500,87.5,24.8,0.270,0,0,0,0,,,,,216,1075,,,,,PPIB___ATXN2L_unrelaxed_rank_004_alphafold2_multimer_v3_model_2_seed_000.pdb
PPIB___ATXN2L,5,5,A,B,0.0000,0.0,0.0,0.0000,0.1470,0.0000,0.0000,0.0,0.0,0.1500,85.3,26.7,0.260,0,0,0,0,,,,,216,1075,,,,,PPIB___ATXN2L_unrelaxed_rank_005_alphafold2_multimer_v3_model_5_seed_000.pdb
PPIB___MRPL15,1,5,A,B,0.0000,0.0,0.0,0.0000,0.1244,0.0000,0.0000,0.0,0.0,0.1400,79.1,67.8,0.430,0,0,0,0,,,,,216,296,,,,,PPIB___MRPL15_unrelaxed_rank_001_alphafold2_multimer_v3_model_5_seed_000.pdb
PPIB___MRPL15,2,4,A,B,0.0000,0.0,0.0,0.0000,0.1131,0.0000,0.0000,0.0,0.0,0.1400,80.3,68.6,0.430,0,0,0,0,,,,,216,296,,,,,PPIB___MRPL15_unrelaxed_rank_002_alphafold2_multimer_v3_model_4_seed_000.pdb
PPIB___MRPL15,3,3,A,B,0.0000,0.0,0.0,0.0000,0.1169,0.0000,0.0000,0.0,0.0,0.1200,79.6,71.0,0.420,0,0,0,0,,,,,216,296,,,,,PPIB___MRPL15_unrelaxed_rank_003_alphafold2_multimer_v3_model_3_seed_000.pdb
PPIB___MRPL15,4,1,A,B,0.0000,0.0,0.0,0.0000,0.0000,0.0000,0.0000,0.0,0.0,0.1000,77.7,73.2,0.420,0,0,0,0,,,,,216,296,,,,,PPIB___MRPL15_unrelaxed_rank_004_alphafold2_multimer_v3_model_1_seed_000.pdb
PPIB___MRPL15,5,2,A,B,0.0000,0.0,0.0,0.0000,0.0000,0.0000,0.0000,0.0,0.0,0.0900,76.8,72.6,0.410,0,0,0,0,,,,,216,296,,,,,PPIB___MRPL15_unrelaxed_rank_005_alphafold2_multimer_v3_model_2_seed_000.pdb
PPIB___NUP107,1,3,A,B,0.0000,0.0,0.0,0.0000,0.1596,0.0000,0.0000,0.0,0.0,0.1800,73.1,73.3,0.620,0,0,0,0,,,,,216,925,,,,,PPIB___NUP107_unrelaxed_rank_001_alphafold2_multimer_v3_model_3_seed_000.pdb
PPIB___NUP107,2,4,A,B,0.0000,0.0,0.0,0.0000,0.1520,0.0000,0.0000,0.0,0.0,0.1600,74.3,73.5,0.620,0,0,0,0,,,,,216,925,,,,,PPIB___NUP107_unrelaxed_rank_002_alphafold2_multimer_v3_model_4_seed_000.pdb
PPIB___NUP107,3,1,A,B,0.0000,0.0,0.0,0.0000,0.1596,0.0000,0.0000,0.0,0.0,0.1600,72.4,74.6,0.620,0,0,0,0,,,,,216,925,,,,,PPIB___NUP107_unrelaxed_rank_003_alphafold2_multimer_v3_model_1_seed_000.pdb
PPIB___NUP107,4,2,A,B,0.0000,0.0,0.0,0.0000,0.1460,0.0000,0.0000,0.0,0.0,0.1600,76.0,74.8,0.620,0,0,0,0,,,,,216,925,,,,,PPIB___NUP107_unrelaxed_rank_004_alphafold2_multimer_v3_model_2_seed_000.pdb
PPIB___NUP107,5,5,A,B,0.0000,0.0,0.0,0.0000,0.1447,0.0000,0.0000,0.0,0.0,0.1500,76.3,74.2,0.630,0,0,0,0,,,,,216,925,,,,,PPIB___NUP107_unrelaxed_rank_005_alphafold2_multimer_v3_model_5_seed_000.pdb
PSMA4___TXLNA,1,1,A,B,0.0000,0.0,0.0,0.0000,0.0000,0.0000,0.0000,0.0,0.0,0.1400,83.1,54.7,0.350,0,0,0,0,,,,,261,546,,,,,PSMA4___TXLNA_unrelaxed_rank_001_alphafold2_multimer_v3_model_1_seed_000.pdb
PSMA4___TXLNA,2,2,A,B,0.0000,0.0,0.0,0.0000,0.0000,0.0000,0.0000,0.0,0.0,0.1400,83.2,54.1,0.350,0,0,0,0,,,,,261,546,,,,,PSMA4___TXLNA_unrelaxed_rank_002_alphafold2_multimer_v3_model_2_seed_000.pdb
PSMA4___TXLNA,3,3,A,B,0.0000,0.0,0.0,0.0000,0.0000,0.0000,0.0000,0.0,0.0,0.1200,79.7,58.6,0.340,0,0,0,0,,,,,261,546,,,,,PSMA4___TXLNA_unrelaxed_rank_003_alphafold2_multimer_v3_model_3_seed_000.pdb
PSMA4___TXLNA,4,4,A,B,0.0000,0.0,0.0,0.0000,0.0000,0.0000,0.0000,0.0,0.0,0.1100,82.9,44.6,0.340,0,0,0,0,,,,,261,546,,,,,PSMA4___TXLNA_unrelaxed_rank_004_alphafold2_multimer_v3_model_4_seed_000.pdb
PSMA4___TXLNA,5,5,A,B,0.0000,0.0,0.0,0.0000,0.0000,0.0000,0.0000,0.0,0.0,0.1200,78.1,54.9,0.330,0,0,0,0,,,,,261,546,,,,,PSMA4___TXLNA_unrelaxed_rank_005_alphafold2_multimer_v3_model_5_seed_000.pdb
SAFB___XRN2,1,4,A,B,0.2288,955.3,218.6,0.0256,0.8325,0.1749,0.2994,9312.0,98.0,0.4400,25.3,71.0,0.480,19,570,13,20,58.1,92.1,59.1,86.4,915,950,[560-578],"[5-23,39-44,46-65,71-140,155-188,190-231,233-253,301-318,324-373,376-414,509-582,584-680,682-701,707-714,716-725,727-731,733-740,742,744-746,748-762,764-772,774]","[560-564,566,568,571-575,577]","[525-527,565-567,621,626-634,649-652]",SAFB___XRN2_unrelaxed_rank_001_alphafold2_multimer_v3_model_4_seed_000.pdb
SAFB___XRN2,2,1,A,B,0.1583,800.2,126.7,0.0187,0.7871,0.1331,0.1884,7114.0,90.0,0.4200,26.7,70.7,0.480,18,513,13,20,56.4,91.7,58.4,87.1,915,950,[560-577],"[6-14,16-19,21,47-63,74-135,157-183,185,187-188,191-230,235-251,301-317,324-372,376-410,509-579,581,584-640,642-679,682-687,690,692-701,709-711,717-725,728-731,733-739,744-745,750-762,764-772,774]","[561-564,566-568,571-575,577]","[525-527,565-567,621,626-634,649-652]",SAFB___XRN2_unrelaxed_rank_002_alphafold2_multimer_v3_model_1_seed_000.pdb
SAFB___XRN2,3,5,A,B,0.1066,573.4,61.1,0.0154,0.7164,0.0887,0.1280,5573.0,59.0,0.3700,26.0,71.5,0.490,16,513,12,15,52.7,93.3,53.9,86.5,915,950,[561-576],"[6-14,16-22,41-42,47-63,74-132,156-183,185,187-188,191-230,234,236-251,301-317,324,326-342,344-370,377-411,413,509-579,581,584-587,589-640,642-679,682-688,690-701,708-713,717-724,728-731,734-739,744-745,750-761,764-772,774]","[562-564,566-568,570-575]","[525-527,565-567,627,630,632-634,649-652]",SAFB___XRN2_unrelaxed_rank_003_alphafold2_multimer_v3_model_5_seed_000.pdb
SAFB___XRN2,4,3,A,B,0.0000,0.0,0.0,0.0000,0.5069,0.0071,0.0000,1.0,0.0,0.3200,26.7,71.3,0.480,1,1,0,0,40.5,95.4,,,915,950,[571],[562],,,SAFB___XRN2_unrelaxed_rank_004_alphafold2_multimer_v3_model_3_seed_000.pdb
SAFB___XRN2,5,2,A,B,0.0000,0.0,0.0,0.0000,0.2782,0.0000,0.0000,0.0,0.0,0.2000,26.6,72.1,0.480,0,0,0,0,,,,,915,950,,,,,SAFB___XRN2_unrelaxed_rank_005_alphafold2_multimer_v3_model_2_seed_000.pdb
SGPL1___SAFB,1,3,A,B,0.0000,0.0,0.0,0.0000,0.2001,0.0000,0.0000,0.0,0.0,0.2000,86.8,28.2,0.430,0,0,0,0,,,,,568,915,,,,,SGPL1___SAFB_unrelaxed_rank_001_alphafold2_multimer_v3_model_3_seed_000.pdb
SGPL1___SAFB,2,2,A,B,0.0000,0.0,0.0,0.0000,0.2294,0.0000,0.0000,0.0,0.0,0.1800,88.4,29.4,0.430,0,0,0,0,,,,,568,915,,,,,SGPL1___SAFB_unrelaxed_rank_002_alphafold2_multimer_v3_model_2_seed_000.pdb
SGPL1___SAFB,3,4,A,B,0.0000,0.0,0.0,0.0000,0.1692,0.0000,0.0000,0.0,0.0,0.1800,86.5,25.7,0.420,0,0,0,0,,,,,568,915,,,,,SGPL1___SAFB_unrelaxed_rank_003_alphafold2_multimer_v3_model_4_seed_000.pdb
SGPL1___SAFB,4,5,A,B,0.0000,0.0,0.0,0.0000,0.1683,0.0000,0.0000,0.0,0.0,0.1700,86.4,27.7,0.420,0,0,0,0,,,,,568,915,,,,,SGPL1___SAFB_unrelaxed_rank_004_alphafold2_multimer_v3_model_5_seed_000.pdb
SGPL1___SAFB,5,1,A,B,0.0000,0.0,0.0,0.0000,0.1613,0.0000,0.0000,0.0,0.0,0.1700,87.4,28.8,0.420,0,0,0,0,,,,,568,915,,,,,SGPL1___SAFB_unrelaxed_rank_005_alphafold2_multimer_v3_model_1_seed_000.pdb
SNRPC___PPIB,1,1,A,B,0.5066,566.4,287.0,0.3556,0.9318,0.4159,0.6171,4167.0,77.0,0.5600,42.1,86.8,0.560,20,180,12,21,51.8,96.1,61.6,94.1,159,216,[67-86],[37-216],[70-81],"[95,97,100-101,103,112-114,140-144,147,149,151,153,159,161-162,166]",SNRPC___PPIB_unrelaxed_rank_001_alphafold2_multimer_v3_model_1_seed_000.pdb
SNRPC___PPIB,2,2,A,B,0.3289,501.4,164.9,0.0659,0.8307,0.2747,0.3939,2763.0,91.0,0.3800,40.4,85.8,0.540,15,176,11,25,45.5,95.9,47.7,93.2,159,216,[69-83],[40-215],"[70-77,79-81]","[95,97,100-101,103,106,112-115,140-144,147-149,151,153,159,161-162,166,191]",SNRPC___PPIB_unrelaxed_rank_002_alphafold2_multimer_v3_model_2_seed_000.pdb
SNRPC___PPIB,3,4,A,B,0.0000,0.0,0.0,0.0000,0.1787,0.0000,0.0000,0.0,0.0,0.1900,36.8,86.3,0.520,0,0,0,0,,,,,159,216,,,,,SNRPC___PPIB_unrelaxed_rank_003_alphafold2_multimer_v3_model_4_seed_000.pdb
SNRPC___PPIB,4,5,A,B,0.0217,58.2,1.3,0.0116,0.2674,0.0294,0.0160,423.0,8.0,0.1400,36.2,84.6,0.520,5,148,3,7,31.9,95.6,32.6,88.4,159,216,[146-150],"[40-82,84-90,92,94,96-102,106-113,116-119,121-125,127-133,135,137,140,142-148,150-151,153-165,167-182,184-205,210-211]",[146-148],"[112-113,143-144,147,153,191]",SNRPC___PPIB_unrelaxed_rank_004_alphafold2_multimer_v3_model_5_seed_000.pdb
SNRPC___PPIB,5,3,A,B,0.0000,0.0,0.0,0.0000,0.2149,0.0070,0.0000,14.0,0.0,0.1400,36.1,85.0,0.520,2,13,0,0,59.5,96.4,,,159,216,[6-7],"[59,92,106-107,109,121,146,181,192-193,195-197]",,,SNRPC___PPIB_unrelaxed_rank_005_alphafold2_multimer_v3_model_3_seed_000.pdb
TXLNA___XPNPEP1,1,1,A,B,0.0000,0.0,0.0,0.0000,0.1424,0.0000,0.0000,0.0,0.0,0.1600,40.0,95.1,0.570,0,0,0,0,,,,,546,623,,,,,TXLNA___XPNPEP1_unrelaxed_rank_001_alphafold2_multimer_v3_model_1_seed_000.pdb
TXLNA___XPNPEP1,2,4,A,B,0.0000,0.0,0.0,0.0000,0.2003,0.0000,0.0000,0.0,0.0,0.1600,33.5,95.3,0.570,0,0,0,0,,,,,546,623,,,,,TXLNA___XPNPEP1_unrelaxed_rank_002_alphafold2_multimer_v3_model_4_seed_000.pdb
TXLNA___XPNPEP1,3,3,A,B,0.0000,0.0,0.0,0.0000,0.1148,0.0000,0.0000,0.0,0.0,0.1500,42.3,95.2,0.570,0,0,0,0,,,,,546,623,,,,,TXLNA___XPNPEP1_unrelaxed_rank_003_alphafold2_multimer_v3_model_3_seed_000.pdb
TXLNA___XPNPEP1,4,2,A,B,0.0000,0.0,0.0,0.0000,0.0000,0.0000,0.0000,0.0,0.0,0.1500,42.1,95.0,0.560,0,0,0,0,,,,,546,623,,,,,TXLNA___XPNPEP1_unrelaxed_rank_004_alphafold2_multimer_v3_model_2_seed_000.pdb
TXLNA___XPNPEP1,5,5,A,B,0.0000,0.0,0.0,0.0000,0.0000,0.0000,0.0000,0.0,0.0,0.1400,39.5,95.1,0.560,0,0,0,0,,,,,546,623,,,,,TXLNA___XPNPEP1_unrelaxed_rank_005_alphafold2_multimer_v3_model_5_seed_000.pdb
TXN___PPP1R10,1,5,A,B,0.0000,0.0,0.0,0.0000,0.1818,0.0000,0.0000,0.0,0.0,0.1800,91.7,34.7,0.260,0,0,0,0,,,,,105,940,,,,,TXN___PPP1R10_unrelaxed_rank_001_alphafold2_multimer_v3_model_5_seed_000.pdb
TXN___PPP1R10,2,4,A,B,0.0000,0.0,0.0,0.0000,0.1866,0.0000,0.0000,0.0,0.0,0.1800,89.0,31.8,0.240,0,0,0,0,,,,,105,940,,,,,TXN___PPP1R10_unrelaxed_rank_002_alphafold2_multimer_v3_model_4_seed_000.pdb
TXN___PPP1R10,3,1,A,B,0.0000,0.0,0.0,0.0000,0.1785,0.0000,0.0000,0.0,0.0,0.1800,89.8,32.5,0.250,0,0,0,0,,,,,105,940,,,,,TXN___PPP1R10_unrelaxed_rank_003_alphafold2_multimer_v3_model_1_seed_000.pdb
TXN___PPP1R10,4,3,A,B,0.0000,0.0,0.0,0.0000,0.0000,0.0000,0.0000,0.0,0.0,0.1500,91.0,35.0,0.270,0,0,0,0,,,,,105,940,,,,,TXN___PPP1R10_unrelaxed_rank_004_alphafold2_multimer_v3_model_3_seed_000.pdb
TXN___PPP1R10,5,2,A,B,0.0000,0.0,0.0,0.0000,0.1442,0.0000,0.0000,0.0,0.0,0.1400,90.9,33.9,0.270,0,0,0,0,,,,,105,940,,,,,TXN___PPP1R10_unrelaxed_rank_005_alphafold2_multimer_v3_model_2_seed_000.pdb
ACTR2___GFP,1,2,A,B,0.0000,0.0,0.0,0.0000,0.1703,0.0000,0.0000,0.0,0.0,0.1800,88.6,86.2,0.620,0,0,0,0,,,,,394,238,,,,,ACTR2___GFP_unrelaxed_rank_001_alphafold2_multimer_v3_model_2_seed_000.pdb
ACTR2___GFP,2,4,A,B,0.0000,0.0,0.0,0.0000,0.1698,0.0000,0.0000,0.0,0.0,0.1700,87.3,87.2,0.620,0,0,0,0,,,,,394,238,,,,,ACTR2___GFP_unrelaxed_rank_002_alphafold2_multimer_v3_model_4_seed_000.pdb
ACTR2___GFP,3,5,A,B,0.0000,0.0,0.0,0.0000,0.1330,0.0000,0.0000,0.0,0.0,0.1600,87.9,86.9,0.620,0,0,0,0,,,,,394,238,,,,,ACTR2___GFP_unrelaxed_rank_003_alphafold2_multimer_v3_model_5_seed_000.pdb
ACTR2___GFP,4,1,A,B,0.0000,0.0,0.0,0.0000,0.1505,0.0000,0.0000,0.0,0.0,0.1600,85.6,85.4,0.590,0,0,0,0,,,,,394,238,,,,,ACTR2___GFP_unrelaxed_rank_004_alphafold2_multimer_v3_model_1_seed_000.pdb
ACTR2___GFP,5,3,A,B,0.0000,0.0,0.0,0.0000,0.1197,0.0000,0.0000,0.0,0.0,0.1500,88.7,86.0,0.620,0,0,0,0,,,,,394,238,,,,,ACTR2___GFP_unrelaxed_rank_005_alphafold2_multimer_v3_model_3_seed_000.pdb
ACTR2___PPP1R10,1,3,A,B,0.0384,17.5,0.7,0.0000,0.4753,0.0366,0.0403,34.0,9.0,0.3600,85.4,30.8,0.400,28,4,7,3,80.1,37.7,73.5,39.8,394,940,"[186,197,200-204,210-211,214-216,218-219,222,237,239-241,245,250-253,258-259,266,314]","[419-420,422-423]","[200-203,251-253]","[419-420,423]",ACTR2___PPP1R10_unrelaxed_rank_001_alphafold2_multimer_v3_model_3_seed_000.pdb
ACTR2___PPP1R10,2,5,A,B,0.0000,0.0,0.0,0.0000,0.2992,0.0000,0.0000,0.0,0.0,0.2900,86.6,29.0,0.390,0,0,0,0,,,,,394,940,,,,,ACTR2___PPP1R10_unrelaxed_rank_002_alphafold2_multimer_v3_model_5_seed_000.pdb
ACTR2___PPP1R10,3,2,A,B,0.0000,0.0,0.0,0.0000,0.3200,0.0000,0.0000,0.0,0.0,0.2700,87.0,29.6,0.390,0,0,0,0,,,,,394,940,,,,,ACTR2___PPP1R10_unrelaxed_rank_003_alphafold2_multimer_v3_model_2_seed_000.pdb
ACTR2___PPP1R10,4,1,A,B,0.0000,0.0,0.0,0.0000,0.3001,0.0000,0.0000,0.0,0.0,0.2600,85.3,30.0,0.390,0,0,0,0,,,,,394,940,,,,,ACTR2___PPP1R10_unrelaxed_rank_004_alphafold2_multimer_v3_model_1_seed_000.pdb
ACTR2___PPP1R10,5,4,A,B,0.0000,0.0,0.0,0.0000,0.2207,0.0000,0.0000,0.0,0.0,0.2300,84.3,30.3,0.390,0,0,0,0,,,,,394,940,,,,,ACTR2___PPP1R10_unrelaxed_rank_005_alphafold2_multimer_v3_model_4_seed_000.pdb
ALDH1L2___XRN2,1,4,A,B,0.0000,0.0,0.0,0.0000,0.1864,0.0000,0.0000,0.0,0.0,0.1900,85.5,67.1,0.470,0,0,0,0,,,,,923,950,,,,,ALDH1L2___XRN2_unrelaxed_rank_001_alphafold2_multimer_v3_model_4_seed_000.pdb
ALDH1L2___XRN2,2,2,A,B,0.0000,0.0,0.0,0.0000,0.1778,0.0000,0.0000,0.0,0.0,0.1800,86.4,66.9,0.470,0,0,0,0,,,,,923,950,,,,,ALDH1L2___XRN2_unrelaxed_rank_002_alphafold2_multimer_v3_model_2_seed_000.pdb
ALDH1L2___XRN2,3,1,A,B,0.0000,0.0,0.0,0.0000,0.2310,0.0000,0.0000,0.0,0.0,0.1900,84.3,66.8,0.460,0,0,0,0,,,,,923,950,,,,,ALDH1L2___XRN2_unrelaxed_rank_003_alphafold2_multimer_v3_model_1_seed_000.pdb
ALDH1L2___XRN2,4,5,A,B,0.0000,0.0,0.0,0.0000,0.1777,0.0000,0.0000,0.0,0.0,0.1800,85.0,66.5,0.460,0,0,0,0,,,,,923,950,,,,,ALDH1L2___XRN2_unrelaxed_rank_004_alphafold2_multimer_v3_model_5_seed_000.pdb
ALDH1L2___XRN2,5,3,A,B,0.0000,0.0,0.0,0.0000,0.1741,0.0000,0.0000,0.0,0.0,0.1800,86.6,66.0,0.460,0,0,0,0,,,,,923,950,,,,,ALDH1L2___XRN2_unrelaxed_rank_005_alphafold2_multimer_v3_model_3_seed_000.pdb
EDC3___GFP,1,4,A,B,0.0000,0.0,0.0,0.0000,0.1333,0.0000,0.0000,0.0,0.0,0.1900,59.1,86.4,0.420,0,0,0,0,,,,,508,238,,,,,EDC3___GFP_unrelaxed_rank_001_alphafold2_multimer_v3_model_4_seed_000.pdb
EDC3___GFP,2,5,A,B,0.0000,0.0,0.0,0.0000,0.1299,0.0000,0.0000,0.0,0.0,0.1800,60.6,87.5,0.420,0,0,0,0,,,,,508,238,,,,,EDC3___GFP_unrelaxed_rank_002_alphafold2_multimer_v3_model_5_seed_000.pdb
EDC3___GFP,3,1,A,B,0.0000,0.0,0.0,0.0000,0.1400,0.0000,0.0000,0.0,0.0,0.1600,59.2,86.1,0.410,0,0,0,0,,,,,508,238,,,,,EDC3___GFP_unrelaxed_rank_003_alphafold2_multimer_v3_model_1_seed_000.pdb
EDC3___GFP,4,2,A,B,0.0000,0.0,0.0,0.0000,0.1514,0.0000,0.0000,0.0,0.0,0.1500,58.7,86.4,0.400,0,0,0,0,,,,,508,238,,,,,EDC3___GFP_unrelaxed_rank_004_alphafold2_multimer_v3_model_2_seed_000.pdb
EDC3___GFP,5,3,A,B,0.0000,0.0,0.0,0.0000,0.1190,0.0000,0.0000,0.0,0.0,0.1400,60.3,87.6,0.400,0,0,0,0,,,,,508,238,,,,,EDC3___GFP_unrelaxed_rank_005_alphafold2_multimer_v3_model_3_seed_000.pdb
GNAI3___NBN,1,5,A,B,0.2489,1195.1,297.5,0.2319,0.8103,0.1402,0.4418,42005.0,34.0,0.6100,89.2,48.7,0.530,311,195,10,7,93.0,89.9,91.8,84.3,354,754,"[31-58,60-111,120-350]","[1-118,121-154,158-198,243,313]","[292,297-298,301-302,304-305,308-309,321]","[39-40,73-74,100-102]",GNAI3___NBN_unrelaxed_rank_001_alphafold2_multimer_v3_model_5_seed_000.pdb
GNAI3___NBN,2,4,A,B,0.0847,235.8,20.0,0.0166,0.6261,0.0667,0.1076,1737.0,32.0,0.4500,83.2,46.9,0.390,267,14,9,8,88.4,50.4,77.2,51.5,354,754,"[34-57,61,63-91,95,101,103-109,111,121-133,135-140,142-148,151-163,167-179,181-190,194-292,294-313,319-329,331-340,342]",[718-731],"[205-206,208-209,211-212,252,256,258]","[719-720,722-724,726-727,730]",GNAI3___NBN_unrelaxed_rank_002_alphafold2_multimer_v3_model_4_seed_000.pdb
GNAI3___NBN,3,2,A,B,0.0728,345.9,25.2,0.0129,0.5930,0.0595,0.0891,2493.0,48.0,0.4000,85.3,47.2,0.390,279,26,20,16,91.6,41.4,85.7,42.7,354,754,"[34-56,61,63-95,99-111,119-133,135-164,167-179,181-190,194-291,294-313,319-335,337-340,342-343]","[719-738,740-745]","[75-76,79,82-83,147,204-206,208-209,211-212,235-237,249,252,256,258]","[719-720,722-724,726-727,729-731,733-734,737,740,743-744]",GNAI3___NBN_unrelaxed_rank_003_alphafold2_multimer_v3_model_2_seed_000.pdb
GNAI3___NBN,4,3,A,B,0.0000,0.0,0.0,0.0000,0.3023,0.0000,0.0000,0.0,0.0,0.2900,85.1,46.4,0.390,0,0,0,0,,,,,354,754,,,,,GNAI3___NBN_unrelaxed_rank_004_alphafold2_multimer_v3_model_3_seed_000.pdb
GNAI3___NBN,5,1,A,B,0.0000,0.0,0.0,0.0000,0.3808,0.0000,0.0000,0.0,0.0,0.2700,83.4,46.6,0.390,0,0,0,0,,,,,354,754,,,,,GNAI3___NBN_unrelaxed_rank_005_alphafold2_multimer_v3_model_1_seed_000.pdb
GNAI3___PPP1R10,1,2,A,B,0.3239,4533.8,1468.3,0.5584,0.9765,0.2621,0.4001,79058.0,260.0,0.7200,87.0,32.9,0.460,341,202,57,48,88.1,80.0,83.8,61.1,354,940,[14-354],"[1-153,288-299,411-447]","[27-28,31,47,50,54,65,68-69,71-72,75,79,86,116,179-180,182-188,192-193,200,205,208-214,237,239-240,244-245,248-249,251-253,256-258,340,343-344,347-348,350-353]","[105-106,108-109,112,114-115,118,137,140-141,144-145,147-152,290-299,413,415-416,419-424,426,429-430,432-434,436-437,440,444]",GNAI3___PPP1R10_unrelaxed_rank_001_alphafold2_multimer_v3_model_2_seed_000.pdb
GNAI3___PPP1R10,2,3,A,B,0.2974,2828.9,841.2,0.4050,0.9561,0.1994,0.4436,54812.0,146.0,0.6700,87.1,33.0,0.460,336,178,39,34,88.2,83.0,79.7,64.0,354,940,"[12-97,99-112,119-354]","[1-152,288-299,412-425]","[28,31,47,72,179-185,192-193,202,205-206,208-213,240,248-249,252-253,256-258,340,343-344,347-348,350-353]","[105-106,108-109,112,114-115,118,137,140-141,144-145,148-152,291-292,294-296,298-299,413,415-416,418-423]",GNAI3___PPP1R10_unrelaxed_rank_002_alphafold2_multimer_v3_model_3_seed_000.pdb
GNAI3___PPP1R10,3,1,A,B,0.3226,2284.3,736.8,0.4080,0.9527,0.2051,0.5074,48314.0,108.0,0.6500,85.6,31.7,0.440,326,159,26,24,87.7,86.5,77.8,69.7,354,940,"[21-97,99-111,119-354]","[3-152,290-298]","[24,27-28,31,192-193,205,208-209,211-212,248-249,251-252,256,258,340,343-344,347-348,350-353]","[105-106,108-109,112,114-115,118,137,140-141,144-145,147-151,291-292,294-297]",GNAI3___PPP1R10_unrelaxed_rank_003_alphafold2_multimer_v3_model_1_seed_000.pdb
GNAI3___PPP1R10,4,4,A,B,0.0827,228.8,18.9,0.0139,0.6202,0.0722,0.0947,1587.0,33.0,0.4000,80.7,29.5,0.370,284,11,13,8,86.1,40.9,76.0,41.1,354,940,"[34-57,61-96,100-101,103-111,121-164,167-191,194-292,294-314,319-340,342-343]",[289-299],"[205,208-209,211-212,240,248-249,252-253,256-258]","[291-292,294-299]",GNAI3___PPP1R10_unrelaxed_rank_004_alphafold2_multimer_v3_model_4_seed_000.pdb
GNAI3___PPP1R10,5,5,A,B,0.0536,155.5,8.3,0.0136,0.5985,0.0457,0.0628,1422.0,17.0,0.3300,87.0,31.4,0.380,282,9,11,6,90.8,37.0,79.4,37.7,354,940,"[33-56,62-96,100-110,121-164,167-191,194-292,294-315,319-340]","[290-297,420]","[181,205,208-209,211-212,249,252-253,256,258]","[291-292,294-296,420]",GNAI3___PPP1R10_unrelaxed_rank_005_alphafold2_multimer_v3_model_5_seed_000.pdb
GNAI3___XPNPEP1,1,3,A,B,0.0000,0.0,0.0,0.0000,0.1747,0.0000,0.0000,0.0,0.0,0.1900,81.3,93.3,0.670,0,0,0,0,,,,,354,623,,,,,GNAI3___XPNPEP1_unrelaxed_rank_001_alphafold2_multimer_v3_model_3_seed_000.pdb
GNAI3___XPNPEP1,2,4,A,B,0.0000,0.0,0.0,0.0000,0.1507,0.0000,0.0000,0.0,0.0,0.1800,81.0,93.2,0.660,0,0,0,0,,,,,354,623,,,,,GNAI3___XPNPEP1_unrelaxed_rank_002_alphafold2_multimer_v3_model_4_seed_000.pdb
GNAI3___XPNPEP1,3,2,A,B,0.0000,0.0,0.0,0.0000,0.1389,0.0000,0.0000,0.0,0.0,0.1600,80.4,92.9,0.650,0,0,0,0,,,,,354,623,,,,,GNAI3___XPNPEP1_unrelaxed_rank_003_alphafold2_multimer_v3_model_2_seed_000.pdb
GNAI3___XPNPEP1,4,1,A,B,0.0000,0.0,0.0,0.0000,0.1339,0.0000,0.0000,0.0,0.0,0.1400,78.7,93.2,0.650,0,0,0,0,,,,,354,623,,,,,GNAI3___XPNPEP1_unrelaxed_rank_004_alphafold2_multimer_v3_model_1_seed_000.pdb
GNAI3___XPNPEP1,5,5,A,B,0.0000,0.0,0.0,0.0000,0.1289,0.0000,0.0000,0.0,0.0,0.1300,84.3,93.6,0.650,0,0,0,0,,,,,354,623,,,,,GNAI3___XPNPEP1_unrelaxed_rank_005_alphafold2_multimer_v3_model_5_seed_000.pdb
GNAS___ACTR2,1,3,A,B,0.0000,0.0,0.0,0.0000,0.3107,0.0000,0.0000,0.0,0.0,0.3000,40.4,89.1,0.380,0,0,0,0,,,,,1037,394,,,,,GNAS___ACTR2_unrelaxed_rank_001_alphafold2_multimer_v3_model_3_seed_000.pdb
GNAS___ACTR2,2,1,A,B,0.0000,0.0,0.0,0.0000,0.2847,0.0000,0.0000,0.0,0.0,0.2800,39.6,86.5,0.370,0,0,0,0,,,,,1037,394,,,,,GNAS___ACTR2_unrelaxed_rank_002_alphafold2_multimer_v3_model_1_seed_000.pdb
GNAS___ACTR2,3,5,A,B,0.0000,0.0,0.0,0.0000,0.2426,0.0000,0.0000,0.0,0.0,0.2500,41.0,88.6,0.370,0,0,0,0,,,,,1037,394,,,,,GNAS___ACTR2_unrelaxed_rank_003_alphafold2_multimer_v3_model_5_seed_000.pdb
GNAS___ACTR2,4,2,A,B,0.0000,0.0,0.0,0.0000,0.2549,0.0000,0.0000,0.0,0.0,0.2400,40.5,89.2,0.380,0,0,0,0,,,,,1037,394,,,,,GNAS___ACTR2_unrelaxed_rank_004_alphafold2_multimer_v3_model_2_seed_000.pdb
GNAS___ACTR2,5,4,A,B,0.0000,0.0,0.0,0.0000,0.1942,0.0000,0.0000,0.0,0.0,0.2000,38.5,86.7,0.360,0,0,0,0,,,,,1037,394,,,,,GNAS___ACTR2_unrelaxed_rank_005_alphafold2_multimer_v3_model_4_seed_000.pdb
GNAS___NBN,1,2,A,B,0.1312,439.6,57.7,0.0162,0.7471,0.1069,0.1610,2647.0,73.0,0.3100,39.4,48.5,0.340,290,18,25,14,85.5,40.7,77.7,42.1,1037,754,"[683-691,693-707,734-754,756,759-777,785-847,849-856,860-867,884-902,905-1030,1033]","[683-691,707-715]","[702,705-706,820,837-838,841-842,929,938,989,992-993,1001-1004,1008-1012,1017,1020,1024]","[684-691,708-713]",GNAS___NBN_unrelaxed_rank_001_alphafold2_multimer_v3_model_2_seed_000.pdb
GNAS___NBN,2,4,A,B,0.1929,380.5,73.4,0.0195,0.7956,0.1411,0.2637,2784.0,52.0,0.3000,38.2,45.9,0.330,283,14,13,9,86.6,53.2,81.7,54.2,1037,754,"[684-707,735-756,759-764,767-777,785-830,833-857,860-964,967,973-993,1001-1022]",[734-747],"[871-872,874-875,877-878,915,917-919,921-923]","[736-737,739-741,743-746]",GNAS___NBN_unrelaxed_rank_002_alphafold2_multimer_v3_model_4_seed_000.pdb
GNAS___NBN,3,5,A,B,0.0628,126.6,8.0,0.0135,0.6387,0.0637,0.0620,844.0,19.0,0.2800,40.3,46.5,0.340,254,8,10,5,91.4,49.3,85.8,48.7,1037,754,"[685-706,735,737-753,759-763,765,767-776,786-809,811-815,817-830,833-845,847,850-856,860-894,896-902,906-946,949-959,961,963,973-991,1001-1012,1014-1018,1022,1025]",[738-745],"[874-875,877-878,915,917-918,921-923]","[740-741,743-745]",GNAS___NBN_unrelaxed_rank_003_alphafold2_multimer_v3_model_5_seed_000.pdb
GNAS___NBN,4,1,A,B,0.1410,177.6,25.0,0.0178,0.7564,0.1077,0.1847,1051.0,30.0,0.2800,38.7,45.9,0.340,260,9,12,7,86.6,44.5,77.6,44.1,1037,754,"[685-706,735-753,755-756,759-760,762-763,767-775,785-829,834-847,850-856,860-903,905-946,949-964,974-992,1001-1012,1014-1018]","[737,739-746]","[871,874-875,877-878,914-915,917-919,921-922]","[737,739-740,743-746]",GNAS___NBN_unrelaxed_rank_004_alphafold2_multimer_v3_model_1_seed_000.pdb
GNAS___NBN,5,3,A,B,0.0000,0.0,0.0,0.0000,0.3863,0.0000,0.0000,0.0,0.0,0.2200,39.5,45.5,0.330,0,0,0,0,,,,,1037,754,,,,,GNAS___NBN_unrelaxed_rank_005_alphafold2_multimer_v3_model_3_seed_000.pdb
IBA57___STIP1,1,1,A,B,0.0000,0.0,0.0,0.0000,0.1396,0.0000,0.0000,0.0,0.0,0.1500,74.3,78.0,0.410,0,0,0,0,,,,,356,543,,,,,IBA57___STIP1_unrelaxed_rank_001_alphafold2_multimer_v3_model_1_seed_000.pdb
IBA57___STIP1,2,4,A,B,0.0000,0.0,0.0,0.0000,0.1598,0.0000,0.0000,0.0,0.0,0.1400,76.7,77.2,0.420,0,0,0,0,,,,,356,543,,,,,IBA57___STIP1_unrelaxed_rank_002_alphafold2_multimer_v3_model_4_seed_000.pdb
IBA57___STIP1,3,3,A,B,0.0000,0.0,0.0,0.0000,0.1482,0.0000,0.0000,0.0,0.0,0.1400,74.8,78.1,0.410,0,0,0,0,,,,,356,543,,,,,IBA57___STIP1_unrelaxed_rank_003_alphafold2_multimer_v3_model_3_seed_000.pdb
IBA57___STIP1,4,5,A,B,0.0000,0.0,0.0,0.0000,0.1355,0.0000,0.0000,0.0,0.0,0.1400,74.4,79.3,0.410,0,0,0,0,,,,,356,543,,,,,IBA57___STIP1_unrelaxed_rank_004_alphafold2_multimer_v3_model_5_seed_000.pdb
IBA57___STIP1,5,2,A,B,0.0000,0.0,0.0,0.0000,0.1211,0.0000,0.0000,0.0,0.0,0.1300,76.9,81.0,0.410,0,0,0,0,,,,,356,543,,,,,IBA57___STIP1_unrelaxed_rank_005_alphafold2_multimer_v3_model_2_seed_000.pdb
MARS2___PPIB,1,3,A,B,0.0000,0.0,0.0,0.0000,0.2046,0.0000,0.0000,0.0,0.0,0.2300,85.1,78.1,0.700,0,0,0,0,,,,,593,216,,,,,MARS2___PPIB_unrelaxed_rank_001_alphafold2_multimer_v3_model_3_seed_000.pdb
MARS2___PPIB,2,2,A,B,0.0000,0.0,0.0,0.0000,0.1374,0.0000,0.0000,0.0,0.0,0.1600,84.0,78.2,0.680,0,0,0,0,,,,,593,216,,,,,MARS2___PPIB_unrelaxed_rank_002_alphafold2_multimer_v3_model_2_seed_000.pdb
MARS2___PPIB,3,4,A,B,0.0000,0.0,0.0,0.0000,0.1480,0.0000,0.0000,0.0,0.0,0.1600,84.0,76.2,0.680,0,0,0,0,,,,,593,216,,,,,MARS2___PPIB_unrelaxed_rank_003_alphafold2_multimer_v3_model_4_seed_000.pdb
MARS2___PPIB,4,5,A,B,0.0000,0.0,0.0,0.0000,0.1420,0.0000,0.0000,0.0,0.0,0.1500,85.2,77.9,0.680,0,0,0,0,,,,,593,216,,,,,MARS2___PPIB_unrelaxed_rank_004_alphafold2_multimer_v3_model_5_seed_000.pdb
MARS2___PPIB,5,1,A,B,0.0000,0.0,0.0,0.0000,0.1313,0.0000,0.0000,0.0,0.0,0.1500,84.4,77.6,0.670,0,0,0,0,,,,,593,216,,,,,MARS2___PPIB_unrelaxed_rank_005_alphafold2_multimer_v3_model_1_seed_000.pdb
PDXDC1___ASPH,1,4,A,B,0.0915,264.0,24.1,0.0150,0.6171,0.0618,0.1353,2112.0,33.0,0.3500,66.7,57.8,0.450,34,373,9,20,63.0,88.9,33.2,80.9,788,758,"[122,126,268,296,298,302,310,312,338-341,360-361,367,463,474,635-651]","[102-107,338,344-345,348-349,357-359,361-369,374-408,410,414-435,438-604,628-631,633-662,664-696,699-731,733-757]","[637,639-642,644,649-651]","[393,395,398,433,462,465-466,492,496,500,521,524-527,529-530,564-565,682]",PDXDC1___ASPH_unrelaxed_rank_001_alphafold2_multimer_v3_model_4_seed_000.pdb
PDXDC1___ASPH,2,1,A,B,0.0000,0.0,0.0,0.0000,0.4507,0.0000,0.0000,0.0,0.0,0.2200,66.2,58.6,0.430,0,0,0,0,,,,,788,758,,,,,PDXDC1___ASPH_unrelaxed_rank_002_alphafold2_multimer_v3_model_1_seed_000.pdb
PDXDC1___ASPH,3,5,A,B,0.0000,0.0,0.0,0.0000,0.1898,0.0000,0.0000,0.0,0.0,0.1700,67.4,58.4,0.450,0,0,0,0,,,,,788,758,,,,,PDXDC1___ASPH_unrelaxed_rank_003_alphafold2_multimer_v3_model_5_seed_000.pdb
PDXDC1___ASPH,4,2,A,B,0.0000,0.0,0.0,0.0000,0.1834,0.0000,0.0000,0.0,0.0,0.1700,69.2,60.2,0.440,0,0,0,0,,,,,788,758,,,,,PDXDC1___ASPH_unrelaxed_rank_004_alphafold2_multimer_v3_model_2_seed_000.pdb
PDXDC1___ASPH,5,3,A,B,0.0000,0.0,0.0,0.0000,0.1654,0.0000,0.0000,0.0,0.0,0.1600,67.5,58.2,0.440,0,0,0,0,,,,,788,758,,,,,PDXDC1___ASPH_unrelaxed_rank_005_alphafold2_multimer_v3_model_3_seed_000.pdb
PPP1R10___PSMA2,1,1,A,B,0.2024,467.6,94.6,0.1789,0.7921,0.1510,0.2712,4463.0,49.0,0.6700,34.5,89.0,0.310,27,207,14,14,62.5,91.2,61.0,88.5,940,234,"[472-497,499]","[7-14,16-50,62-196,204-232]","[472,476-477,480,482-483,486-487,490-491,494-495,497,499]","[101-103,106,108-109,112-113,115-117,119-120,123]",PPP1R10___PSMA2_unrelaxed_rank_001_alphafold2_multimer_v3_model_1_seed_000.pdb
PPP1R10___PSMA2,2,2,A,B,0.0902,327.0,29.5,0.0134,0.5570,0.0854,0.0952,1812.0,59.0,0.5300,33.6,89.2,0.310,26,174,15,18,53.4,93.1,50.6,88.1,940,234,[474-499],"[19,21-49,64-125,127-139,143-162,164-165,167-175,178,183-196,207-227,229-230]","[476-477,480,482-483,486-487,490-491,494-499]","[101-103,105-106,108-109,112-121,127]",PPP1R10___PSMA2_unrelaxed_rank_002_alphafold2_multimer_v3_model_2_seed_000.pdb
PPP1R10___PSMA2,3,5,A,B,0.0000,0.0,0.0,0.0000,0.2935,0.0000,0.0000,0.0,0.0,0.2900,33.5,87.9,0.300,0,0,0,0,,,,,940,234,,,,,PPP1R10___PSMA2_unrelaxed_rank_003_alphafold2_multimer_v3_model_5_seed_000.pdb
PPP1R10___PSMA2,4,3,A,B,0.0000,0.0,0.0,0.0000,0.2667,0.0000,0.0000,0.0,0.0,0.2800,33.2,87.3,0.300,0,0,0,0,,,,,940,234,,,,,PPP1R10___PSMA2_unrelaxed_rank_004_alphafold2_multimer_v3_model_3_seed_000.pdb
PPP1R10___PSMA2,5,4,A,B,0.0000,0.0,0.0,0.0000,0.2490,0.0000,0.0000,0.0,0.0,0.2400,34.0,86.7,0.300,0,0,0,0,,,,,940,234,,,,,PPP1R10___PSMA2_unrelaxed_rank_005_alphafold2_multimer_v3_model_4_seed_000.pdb
PSMA4___PDXDC1,1,4,A,B,0.0000,0.0,0.0,0.0000,0.1747,0.0000,0.0000,0.0,0.0,0.2200,68.6,69.4,0.590,0,0,0,0,,,,,261,788,,,,,PSMA4___PDXDC1_unrelaxed_rank_001_alphafold2_multimer_v3_model_4_seed_000.pdb
PSMA4___PDXDC1,2,3,A,B,0.0000,0.0,0.0,0.0000,0.1871,0.0000,0.0000,0.0,0.0,0.2200,72.8,69.5,0.570,0,0,0,0,,,,,261,788,,,,,PSMA4___PDXDC1_unrelaxed_rank_002_alphafold2_multimer_v3_model_3_seed_000.pdb
PSMA4___PDXDC1,3,5,A,B,0.0000,0.0,0.0,0.0000,0.1887,0.0000,0.0000,0.0,0.0,0.2100,73.2,69.3,0.580,0,0,0,0,,,,,261,788,,,,,PSMA4___PDXDC1_unrelaxed_rank_003_alphafold2_multimer_v3_model_5_seed_000.pdb
PSMA4___PDXDC1,4,2,A,B,0.0000,0.0,0.0,0.0000,0.1602,0.0000,0.0000,0.0,0.0,0.1900,78.7,70.8,0.570,0,0,0,0,,,,,261,788,,,,,PSMA4___PDXDC1_unrelaxed_rank_004_alphafold2_multimer_v3_model_2_seed_000.pdb
PSMA4___PDXDC1,5,1,A,B,0.0000,0.0,0.0,0.0000,0.1555,0.0000,0.0000,0.0,0.0,0.1800,74.1,70.0,0.560,0,0,0,0,,,,,261,788,,,,,PSMA4___PDXDC1_unrelaxed_rank_005_alphafold2_multimer_v3_model_1_seed_000.pdb
SAFB___ASPH,1,5,A,B,0.2458,249.1,61.2,0.0284,0.8811,0.1731,0.3492,2001.0,31.0,0.3700,28.4,61.5,0.370,8,401,5,12,45.8,95.2,50.1,87.3,915,758,[908-915],"[333-539,542-602,617,619-620,624-696,701-731,733-758]","[910,912-915]","[389-390,392-395,398,431-434,466]",SAFB___ASPH_unrelaxed_rank_001_alphafold2_multimer_v3_model_5_seed_000.pdb
SAFB___ASPH,2,4,A,B,0.1675,58.1,9.7,0.0203,0.7613,0.1382,0.2030,241.0,14.0,0.3100,26.3,60.6,0.370,6,149,2,7,34.5,92.6,39.2,83.9,915,758,[910-915],"[334,337-338,341-342,344-352,356-394,396-411,414-450,453-461,463,465-470,473-474,480,487,489,492-493,496-497,522,526-527,529-530,533,565,576,581,586-587,590,598,657,680,683,752-753]",[914-915],"[389-390,392-394,398,433]",SAFB___ASPH_unrelaxed_rank_002_alphafold2_multimer_v3_model_4_seed_000.pdb
SAFB___ASPH,3,3,A,B,0.1251,32.9,4.1,0.0156,0.6533,0.1060,0.1476,155.0,7.0,0.2600,27.8,60.9,0.370,2,135,1,6,34.9,93.3,36.9,83.8,915,758,[914-915],"[338,341-342,344-350,352,356-369,372,374-376,380-382,384-394,396-402,404-408,411,414,416-425,427-428,431-440,442,444-447,450,453-458,460-461,464-466,468-470,473,476,487,489-490,492,496,514,522,527,546,550,576,581,583,586-587,590-591,597-598,629,647-648,657,680,683,692,694-695,704,711,716,718,736,755]",[915],"[389-390,392-394,398]",SAFB___ASPH_unrelaxed_rank_003_alphafold2_multimer_v3_model_3_seed_000.pdb
SAFB___ASPH,4,1,A,B,0.0000,0.0,0.0,0.0000,0.4918,0.0000,0.0000,0.0,0.0,0.2200,27.6,62.4,0.370,0,0,0,0,,,,,915,758,,,,,SAFB___ASPH_unrelaxed_rank_004_alphafold2_multimer_v3_model_1_seed_000.pdb
SAFB___ASPH,5,2,A,B,0.0000,0.0,0.0,0.0000,0.3456,0.0000,0.0000,0.0,0.0,0.1900,28.9,63.6,0.370,0,0,0,0,,,,,915,758,,,,,SAFB___ASPH_unrelaxed_rank_005_alphafold2_multimer_v3_model_2_seed_000.pdb
SNRPC___ATXN2L,1,3,A,B,0.0919,48.7,4.5,0.0140,0.5967,0.0764,0.1106,95.0,25.0,0.2700,32.9,27.6,0.220,34,12,12,9,60.1,51.2,60.6,51.2,159,1075,"[1-9,11-13,17-27,29-36,40-42]","[275-281,657,659-661,663]","[1-9,13,21,41]","[277-281,657,659-660,663]",SNRPC___ATXN2L_unrelaxed_rank_001_alphafold2_multimer_v3_model_3_seed_000.pdb
SNRPC___ATXN2L,2,1,A,B,0.0000,0.0,0.0,0.0000,0.2640,0.0000,0.0000,0.0,0.0,0.1900,31.5,26.2,0.220,0,0,0,0,,,,,159,1075,,,,,SNRPC___ATXN2L_unrelaxed_rank_002_alphafold2_multimer_v3_model_1_seed_000.pdb
SNRPC___ATXN2L,3,4,A,B,0.0000,0.0,0.0,0.0000,0.2732,0.0000,0.0000,0.0,0.0,0.1900,33.3,26.7,0.210,0,0,0,0,,,,,159,1075,,,,,SNRPC___ATXN2L_unrelaxed_rank_003_alphafold2_multimer_v3_model_4_seed_000.pdb
SNRPC___ATXN2L,4,5,A,B,0.0000,0.0,0.0,0.0000,0.2324,0.0000,0.0000,0.0,0.0,0.1700,35.0,28.0,0.220,0,0,0,0,,,,,159,1075,,,,,SNRPC___ATXN2L_unrelaxed_rank_004_alphafold2_multimer_v3_model_5_seed_000.pdb
SNRPC___ATXN2L,5,2,A,B,0.0000,0.0,0.0,0.0000,0.2257,0.0000,0.0000,0.0,0.0,0.1700,38.4,26.7,0.220,0,0,0,0,,,,,159,1075,,,,,SNRPC___ATXN2L_unrelaxed_rank_005_alphafold2_multimer_v3_model_2_seed_000.pdb
SNRPC___GNAI3,1,4,A,B,0.0000,0.0,0.0,0.0000,0.1958,0.0000,0.0000,0.0,0.0,0.1600,31.3,85.3,0.630,0,0,0,0,,,,,159,354,,,,,SNRPC___GNAI3_unrelaxed_rank_001_alphafold2_multimer_v3_model_4_seed_000.pdb
SNRPC___GNAI3,2,1,A,B,0.0000,0.0,0.0,0.0000,0.1561,0.0000,0.0000,0.0,0.0,0.1400,29.6,86.4,0.630,0,0,0,0,,,,,159,354,,,,,SNRPC___GNAI3_unrelaxed_rank_002_alphafold2_multimer_v3_model_1_seed_000.pdb
SNRPC___GNAI3,3,5,A,B,0.0000,0.0,0.0,0.0000,0.1405,0.0000,0.0000,0.0,0.0,0.1400,30.4,85.9,0.630,0,0,0,0,,,,,159,354,,,,,SNRPC___GNAI3_unrelaxed_rank_003_alphafold2_multimer_v3_model_5_seed_000.pdb
SNRPC___GNAI3,4,3,A,B,0.0000,0.0,0.0,0.0000,0.1244,0.0000,0.0000,0.0,0.0,0.1400,30.5,86.8,0.630,0,0,0,0,,,,,159,354,,,,,SNRPC___GNAI3_unrelaxed_rank_004_alphafold2_multimer_v3_model_3_seed_000.pdb
SNRPC___GNAI3,5,2,A,B,0.0000,0.0,0.0,0.0000,0.1215,0.0000,0.0000,0.0,0.0,0.1200,30.5,88.9,0.640,0,0,0,0,,,,,159,354,,,,,SNRPC___GNAI3_unrelaxed_rank_005_alphafold2_multimer_v3_model_2_seed_000.pdb
SNRPC___PSMA2,1,3,A,B,0.0000,0.0,0.0,0.0000,0.2018,0.0000,0.0000,0.0,0.0,0.2000,34.7,83.8,0.560,0,0,0,0,,,,,159,234,,,,,SNRPC___PSMA2_unrelaxed_rank_001_alphafold2_multimer_v3_model_3_seed_000.pdb
SNRPC___PSMA2,2,4,A,B,0.0000,0.0,0.0,0.0000,0.2039,0.0000,0.0000,0.0,0.0,0.1800,35.7,83.9,0.560,0,0,0,0,,,,,159,234,,,,,SNRPC___PSMA2_unrelaxed_rank_002_alphafold2_multimer_v3_model_4_seed_000.pdb
SNRPC___PSMA2,3,1,A,B,0.0000,0.0,0.0,0.0000,0.1113,0.0000,0.0000,0.0,0.0,0.1500,35.8,87.9,0.570,0,0,0,0,,,,,159,234,,,,,SNRPC___PSMA2_unrelaxed_rank_003_alphafold2_multimer_v3_model_1_seed_000.pdb
SNRPC___PSMA2,4,5,A,B,0.0000,0.0,0.0,0.0000,0.1098,0.0000,0.0000,0.0,0.0,0.1500,33.4,81.2,0.540,0,0,0,0,,,,,159,234,,,,,SNRPC___PSMA2_unrelaxed_rank_004_alphafold2_multimer_v3_model_5_seed_000.pdb
SNRPC___PSMA2,5,2,A,B,0.0000,0.0,0.0,0.0000,0.1243,0.0000,0.0000,0.0,0.0,0.1400,34.8,83.5,0.550,0,0,0,0,,,,,159,234,,,,,SNRPC___PSMA2_unrelaxed_rank_005_alphafold2_multimer_v3_model_2_seed_000.pdb
TXLNA___PPP1R10,1,2,A,B,0.0109,3.7,0.0,0.0000,0.4587,0.0095,0.0125,14.0,1.0,0.1800,51.6,33.3,0.240,1,14,1,1,49.3,92.2,49.3,85.7,546,940,[79],"[37,57,59,62,69,76,84-85,104,108,129,140,144-145]",[79],[144],TXLNA___PPP1R10_unrelaxed_rank_001_alphafold2_multimer_v3_model_2_seed_000.pdb
TXLNA___PPP1R10,2,3,A,B,0.0000,0.0,0.0,0.0000,0.1654,0.0000,0.0000,0.0,0.0,0.1600,55.7,32.4,0.250,0,0,0,0,,,,,546,940,,,,,TXLNA___PPP1R10_unrelaxed_rank_002_alphafold2_multimer_v3_model_3_seed_000.pdb
TXLNA___PPP1R10,3,1,A,B,0.0000,0.0,0.0,0.0000,0.1653,0.0000,0.0000,0.0,0.0,0.1600,47.1,32.8,0.240,0,0,0,0,,,,,546,940,,,,,TXLNA___PPP1R10_unrelaxed_rank_003_alphafold2_multimer_v3_model_1_seed_000.pdb
TXLNA___PPP1R10,4,5,A,B,0.0000,0.0,0.0,0.0000,0.0000,0.0000,0.0000,0.0,0.0,0.1500,55.9,33.5,0.230,0,0,0,0,,,,,546,940,,,,,TXLNA___PPP1R10_unrelaxed_rank_004_alphafold2_multimer_v3_model_5_seed_000.pdb
TXLNA___PPP1R10,5,4,A,B,0.0000,0.0,0.0,0.0000,0.1446,0.0000,0.0000,0.0,0.0,0.1400,41.5,33.2,0.240,0,0,0,0,,,,,546,940,,,,,TXLNA___PPP1R10_unrelaxed_rank_005_alphafold2_multimer_v3_model_4_seed_000.pdb
TXN___GNAS,1,4,A,B,0.0000,0.0,0.0,0.0000,0.2547,0.0000,0.0000,0.0,0.0,0.2700,80.9,40.3,0.390,0,0,0,0,,,,,105,1037,,,,,TXN___GNAS_unrelaxed_rank_001_alphafold2_multimer_v3_model_4_seed_000.pdb
TXN___GNAS,2,3,A,B,0.0000,0.0,0.0,0.0000,0.2406,0.0000,0.0000,0.0,0.0,0.2400,83.9,41.7,0.400,0,0,0,0,,,,,105,1037,,,,,TXN___GNAS_unrelaxed_rank_002_alphafold2_multimer_v3_model_3_seed_000.pdb
TXN___GNAS,3,1,A,B,0.0000,0.0,0.0,0.0000,0.2487,0.0000,0.0000,0.0,0.0,0.2300,79.9,40.7,0.390,0,0,0,0,,,,,105,1037,,,,,TXN___GNAS_unrelaxed_rank_003_alphafold2_multimer_v3_model_1_seed_000.pdb
TXN___GNAS,4,5,A,B,0.0000,0.0,0.0,0.0000,0.2495,0.0000,0.0000,0.0,0.0,0.2200,84.2,41.8,0.390,0,0,0,0,,,,,105,1037,,,,,TXN___GNAS_unrelaxed_rank_004_alphafold2_multimer_v3_model_5_seed_000.pdb
TXN___GNAS,5,2,A,B,0.0000,0.0,0.0,0.0000,0.2239,0.0000,0.0000,0.0,0.0,0.2100,82.2,41.8,0.400,0,0,0,0,,,,,105,1037,,,,,TXN___GNAS_unrelaxed_rank_005_alphafold2_multimer_v3_model_2_seed_000.pdb
